brand,lens_type,model,raw_category,focal_length_mm,magnification,working_distance_mm,aperture,max_sensor_format_mm,image_circle_mm,fov_mm,numerical_aperture,resolution_um,mtf30_lpmm,dof_mm,distortion_pct,telecentricity_deg,mount,weight_g,coaxial,wavelength_range,_source_url,_raw_target
Basler,fixed_focal,Basler Lens C10-0814-2M-S,Fixed Focal Lenses (Basler),8.25,,1.0 m,F1.4–F16,16,16,,,"Designed for 64 LP/mm (7.5 µm pixel size, see Measured Resolution versus Image Height )",,,Typical -7.07 % (see Simulated Distortion versus Image Height ),,C,220,,Visible (400–700 nm),https://docs.baslerweb.com/c10-0814-2m-s,basler_lens_fixed_focal
Basler,fixed_focal,Basler Lens C10-1214-2M-S,Fixed Focal Lenses (Basler),12.7,,1.0 m,F1.4–F16,16,16,,,"Designed for 64 LP/mm (7.5 µm pixel size, see Measured Resolution versus Image Height )",,,Typical -5.93 % (see Simulated Distortion versus Image Height ),,C,175,,Visible (400–700 nm),https://docs.baslerweb.com/c10-1214-2m-s,basler_lens_fixed_focal
Basler,fixed_focal,Basler Lens C10-1614-3M-S,Fixed Focal Lenses (Basler),16.2,,1.0 m,F1.4–F16,16,16,,,"Designed for 100 LP/mm (5.0 µm pixel size, see Measured Resolution versus Image Height )",,,Typical -3.84 % (see Simulated Distortion versus Image Height ),,C,170,,Visible (400–700 nm),https://docs.baslerweb.com/c10-1614-3m-s,basler_lens_fixed_focal
Basler,fixed_focal,Basler Lens C10-2514-3M-S,Fixed Focal Lenses (Basler),25,,1.0 m,F1.4–F16,16,16,,,"Designed for 100 LP/mm (5.0 µm pixel size, see Measured Resolution versus Image Height )",,,Typical -3.14 % (see Simulated Distortion versus Image Height ),,C,150,,Visible (400–700 nm),https://docs.baslerweb.com/c10-2514-3m-s,basler_lens_fixed_focal
Basler,fixed_focal,Basler Lens C10-3514-8M-S,Fixed Focal Lenses (Basler),35,,0.5 m,F1.4–F16,16,16,,,"Designed for 120 LP/mm (4.0 µm pixel size, see Measured Resolution versus Image Height )",,,Typical -0.39 % (see Simulated Distortion versus Image Height ),,C,120,,Visible (400–700 nm),https://docs.baslerweb.com/c10-3514-8m-s,basler_lens_fixed_focal
Basler,fixed_focal,Basler Lens C10-5014-2M-S,Fixed Focal Lenses (Basler),50,,1.0 m,F1.4–F16,16,16,,,"Designed for 64 LP/mm (7.5 µm pixel size, see Measured Resolution versus Image Height )",,,Typical 0.82 % (see Simulated Distortion versus Image Height ),,C,200,,Visible (400–700 nm),https://docs.baslerweb.com/c10-5014-2m-s,basler_lens_fixed_focal
Basler,fixed_focal,Basler Lens C11-0824-12M-P,Fixed Focal Lenses (Basler),8.46,,0.4 m,F2.4–F16,17.6,17.6,,,,,,Typical -9.5 %,,C,264.4,,Visible (400–700 nm),https://docs.baslerweb.com/c11-0824-12m-p,basler_lens_fixed_focal
Basler,fixed_focal,Basler Lens C11-1220-12M-P,Fixed Focal Lenses (Basler),12.39,,0.4 m,F2.0–F16,17.6,17.6,,,,,,Typical -3.10 %,,C,211.2,,Visible (400–700 nm),https://docs.baslerweb.com/c11-1220-12m-p,basler_lens_fixed_focal
Basler,fixed_focal,Basler Lens C11-1620-12M-P,Fixed Focal Lenses (Basler),16.36,,0.4 m,F2.0–F16,17.6,17.6,,,,,,Typical -3.26 %,,C,200.4,,Visible (400–700 nm),https://docs.baslerweb.com/c11-1620-12m-p,basler_lens_fixed_focal
Basler,fixed_focal,Basler Lens C11-2520-12M-P,Fixed Focal Lenses (Basler),25.4,,0.5 m,F2.0–F16,17.6,17.6,,,,,,Typical -0.24 %,,C,215,,Visible (400–700 nm),https://docs.baslerweb.com/c11-2520-12m-p,basler_lens_fixed_focal
Basler,fixed_focal,Basler Lens C11-3520-12M-P,Fixed Focal Lenses (Basler),35,,0.5 m,F2.0–F16,17.6,17.6,,,,,,Typical -0.10 %,,C,240,,Visible (400–700 nm),https://docs.baslerweb.com/c11-3520-12m-p,basler_lens_fixed_focal
Basler,fixed_focal,Basler Lens C11-5020-12M-P,Fixed Focal Lenses (Basler),49.7,,0.5 m,F2.0–F16,17.6,17.6,,,,,,Typical 0.06 %,,C,277.5,,Visible (400–700 nm),https://docs.baslerweb.com/c11-5020-12m-p,basler_lens_fixed_focal
Basler,fixed_focal,Basler Lens C12-1224-25M,Fixed Focal Lenses (Basler),12,,0.5 m,F2.4–F16,19.3,19.3,,,,,,-1.15 % / -0.29 %,,C,243,,Visible (400–700 nm),https://docs.baslerweb.com/c12-1224-25m,basler_lens_fixed_focal
Basler,fixed_focal,Basler Lens C12-1624-25M,Fixed Focal Lenses (Basler),16,,0.5 m,F2.4–F16,19.3,19.3,,,,,,-0.98 % / -0.25 %,,C,215,,Visible (400–700 nm),https://docs.baslerweb.com/c12-1624-25m,basler_lens_fixed_focal
Basler,fixed_focal,Basler Lens C12-2524-25M,Fixed Focal Lenses (Basler),25.4,,0.7 m,F2.4–F16,19.3,19.3,,,,,,-0.24% / -0.08%,,C,215,,Visible (400–700 nm),https://docs.baslerweb.com/c12-2524-25m,basler_lens_fixed_focal
Basler,fixed_focal,Basler Lens C12-3524-25M,Fixed Focal Lenses (Basler),35,,0.7 m,F2.4–F16,19.3,19.3,,,,,,-0.10%/-0.07%,,C,240,,Visible (400–700 nm),https://docs.baslerweb.com/c12-3524-25m,basler_lens_fixed_focal
Basler,fixed_focal,Basler Lens C12-5024-25M,Fixed Focal Lenses (Basler),49.8,,0.7 m,F2.4–F16,19.3,19.3,,,,,,0.06 % / 0.03 %,,C,277.5,,Visible (400–700 nm),https://docs.baslerweb.com/c12-5024-25m,basler_lens_fixed_focal
Basler,fixed_focal,Basler Lens C125-0418-5M-P,Fixed Focal Lenses (Basler),4.09,,0.5 m,F1.8–F22,7.2,7.2,,,"Designed for 230 LP/mm (2.2 µm pixel size, see Resolution versus Image Height )",,,"Typical -18 % (barrel distortion, see Distortion versus Image Height )",,C,55,,"Visible (400–700 nm, see Transmittance )",https://docs.baslerweb.com/c125-0418-5m-p,basler_lens_fixed_focal
Basler,fixed_focal,Basler Lens C125-0618-5M-P,Fixed Focal Lenses (Basler),6.05,,0.5 m,F1.8–F22,7.2,7.2,,,"Designed for 230 LP/mm (2.2 µm pixel size, see Resolution versus Image Height )",,,"Typical -9.9 % (barrel distortion, see Distortion versus Image Height )",,C,55,,"Visible (400–700 nm, see Transmittance )",https://docs.baslerweb.com/c125-0618-5m-p,basler_lens_fixed_focal
Basler,fixed_focal,Basler Lens C125-0818-5M-P,Fixed Focal Lenses (Basler),8.11,,0.5 m,F1.8–F22,7.2,7.2,,,"Designed for 230 LP/mm (2.2 µm pixel size, see Resolution versus Image Height )",,,"Typical -5 % (barrel distortion, see Distortion versus Image Height )",,C,65,,"Visible (400–700 nm, see Transmittance )",https://docs.baslerweb.com/c125-0818-5m-p,basler_lens_fixed_focal
Basler,fixed_focal,Basler Lens C125-1218-5M-P,Fixed Focal Lenses (Basler),12.05,,0.5 m,F1.8–F22,7.2,7.2,,,"Designed for 230 LP/mm (2.2 µm pixel size, see Resolution versus Image Height )",,,"Typical -2.2 % (barrel distortion, see Distortion versus Image Height )",,C,65,,"Visible (400–700 nm, see Transmittance )",https://docs.baslerweb.com/c125-1218-5m-p,basler_lens_fixed_focal
Basler,fixed_focal,Basler Lens C125-1620-5M-P,Fixed Focal Lenses (Basler),16,,0.5 m,F2.0–F22,7.2,7.2,,,"Designed for 230 LP/mm (2.2 µm pixel size, see Resolution versus Image Height )",,,"Typical -1 % (barrel distortion, see Distortion versus Image Height )",,C,60,,"Visible (400–700 nm, see Transmittance )",https://docs.baslerweb.com/c125-1620-5m-p,basler_lens_fixed_focal
Basler,fixed_focal,Basler Lens C125-2522-5M-P,Fixed Focal Lenses (Basler),25,,0.5 m,F2.2–F22,7.2,7.2,,,"Designed for 230 LP/mm (2.2 µm pixel size, see Resolution versus Image Height )",,,"Typical -0.5 % (barrel distortion, see Distortion versus Image Height )",,C,60,,"Visible (400–700 nm, see Transmittance )",https://docs.baslerweb.com/c125-2522-5m-p,basler_lens_fixed_focal
Basler,fixed_focal,Basler Lens C23-0816-2M-S,Fixed Focal Lenses (Basler),8.6,,0.5 m,F1.6–F16,11.0,11.0,,,"Designed for 90 LP/mm (5.5 µm pixel size, see Resolution versus Image Height )",,,"Typical -4.8 % (barrel distortion, see Distortion versus Image Height )",,C,136,,Visible (400–700 nm),https://docs.baslerweb.com/c23-0816-2m-s,basler_lens_fixed_focal
Basler,fixed_focal,Basler Lens C23-0824-5M-P,Fixed Focal Lenses (Basler),8.06,,0.3 m,F2.4–F16,11.0,11.0,,,,,,Typical 1.87 %,,C,89.5,,Visible (400–700 nm),https://docs.baslerweb.com/c23-0824-5m-p,basler_lens_fixed_focal
Basler,fixed_focal,Basler Lens C23-0828-16M,Fixed Focal Lenses (Basler),8,,0.3 m,F2.8–F16,11.0,11.0,,,,,,0.07 % / -0.02%,,C,89,,Visible (400–700 nm),https://docs.baslerweb.com/c23-0828-16m,basler_lens_fixed_focal
Basler,fixed_focal,Basler Lens C23-1216-2M-S,Fixed Focal Lenses (Basler),12.3,,0.5 m,F1.6–F16,11.0,11.0,,,"Designed for 90 LP/mm (5.5 µm pixel size, see Resolution versus Image Height )",,,"Typical -1.0 % (barrel distortion, see Distortion versus Image Height )",,C,97,,Visible (400–700 nm),https://docs.baslerweb.com/c23-1216-2m-s,basler_lens_fixed_focal
Basler,fixed_focal,Basler Lens C23-1224-5M-P,Fixed Focal Lenses (Basler),12.01,,0.3 m,F2.4–F16,11.0,11.0,,,,,,Typical -0.25 %,,C,71.1,,Visible (400–700 nm),https://docs.baslerweb.com/c23-1224-5m-p,basler_lens_fixed_focal
Basler,fixed_focal,Basler Lens C23-1228-16M,Fixed Focal Lenses (Basler),12,,0.3 m,F2.8–F16,11.0,11.0,,,,,,0.07 % / 0.01 %,,C,78,,Visible (400–700 nm),https://docs.baslerweb.com/c23-1228-16m,basler_lens_fixed_focal
Basler,fixed_focal,Basler Lens C23-1616-2M-S,Fixed Focal Lenses (Basler),16.5,,0.9 m,F1.6–F22,11.0,11.0,,,"Designed for 90 LP/mm (5.5 µm pixel size, see Resolution versus Image Height )",,,"Typical -1.1 % (barrel distortion, see Distortion versus Image Height )",,C,104,,Visible (400–700 nm),https://docs.baslerweb.com/c23-1616-2m-s,basler_lens_fixed_focal
Basler,fixed_focal,Basler Lens C23-1620-5M-P,Fixed Focal Lenses (Basler),16.09,,0.5 m,F2.0–F16,11.0,11.0,,,,,,Typical -1.00 %,,C,74.4,,Visible (400–700 nm),https://docs.baslerweb.com/c23-1620-5m-p,basler_lens_fixed_focal
Basler,fixed_focal,Basler Lens C23-1628-16M,Fixed Focal Lenses (Basler),16,,0.3 m,F2.8–F16,11.0,11.0,,,,,,0.07 % / 0.014 %,,C,74,,Visible (400–700 nm),https://docs.baslerweb.com/c23-1628-16m,basler_lens_fixed_focal
Basler,fixed_focal,Basler Lens C23-2518-2M-S,Fixed Focal Lenses (Basler),25.8,,0.9 m,F1.8–F16,11.0,11.0,,,"Designed for 90 LP/mm (5.5 µm pixel size, see Resolution versus Image Height )",,,"Typical -0.5 % (barrel distortion, see Distortion versus Image Height )",,C,83,,Visible (400–700 nm),https://docs.baslerweb.com/c23-2518-2m-s,basler_lens_fixed_focal
Basler,fixed_focal,Basler Lens C23-2518-5M-P,Fixed Focal Lenses (Basler),24.9,,0.5 m,F1.8–F16,11.0,11.0,,,,,,Typical 0.92 %,,C,62,,Visible (400–700 nm),https://docs.baslerweb.com/c23-2518-5m-p,basler_lens_fixed_focal
Basler,fixed_focal,Basler Lens C23-2528-16M,Fixed Focal Lenses (Basler),25,,1.0 m,F2.8–F16,11.0,11.0,,,,,,0.07 % / 0.04 %,,C,83,,Visible (400–700 nm),https://docs.baslerweb.com/c23-2528-16m,basler_lens_fixed_focal
Basler,fixed_focal,Basler Lens C23-3520-2M-S,Fixed Focal Lenses (Basler),34.3,,1.0 m,F2.0–F16,11.0,11.0,,,"Designed for 90 LP/mm (5.5 µm pixel size, see Resolution versus Image Height )",,,"Typical -0.5 % (barrel distortion, see Distortion versus Image Height )",,C,81,,Visible (400–700 nm),https://docs.baslerweb.com/c23-3520-2m-s,basler_lens_fixed_focal
Basler,fixed_focal,Basler Lens C23-3520-5M-P,Fixed Focal Lenses (Basler),35.09,,0.3 m,F2.0–F16,11.0,11.0,,,,,,Typical 0.14 %,,C,71,,Visible (400–700 nm),https://docs.baslerweb.com/c23-3520-5m-p,basler_lens_fixed_focal
Basler,fixed_focal,Basler Lens C23-3528-16M,Fixed Focal Lenses (Basler),35,,1.0 m,F2.8–F16,11.0,11.0,,,,,,"0.07 % / 0,01 %",,C,82,,Visible (400–700 nm),https://docs.baslerweb.com/c23-3528-16m,basler_lens_fixed_focal
Basler,fixed_focal,Basler Lens C23-5026-2M-S,Fixed Focal Lenses (Basler),49.5,,1.3 m,F2.6–F32,11.0,11.0,,,"Designed for 90 LP/mm (5.5 µm pixel size, see Resolution versus Image Height )",,,"Typical 0.2 % (pincushion distortion, see Distortion versus Image Height )",,C,110,,Visible (400–700 nm),https://docs.baslerweb.com/c23-5026-2m-s,basler_lens_fixed_focal
Basler,fixed_focal,Basler Lens C23-5028-16M,Fixed Focal Lenses (Basler),50,,0.5 m,F2.8–F16,11.0,11.0,,,,,,0.07 % / 0.01 %,,C,85,,Visible (400–700 nm),https://docs.baslerweb.com/c23-5028-16m,basler_lens_fixed_focal
Basler,fixed_focal,Basler Lens C23-5028-5M-P,Fixed Focal Lenses (Basler),48,,0.4 m,F2.8–F16,11.0,11.0,,,,,,Typical -0.12 %,,C,83.7,,Visible (400–700 nm),https://docs.baslerweb.com/c23-5028-5m-p,basler_lens_fixed_focal
Basler,fixed_focal,Basler Lens C23-7538-16M,Fixed Focal Lenses (Basler),75,,INF,F3.8–F16,11.0,11.0,,,,,,0.07 % / -0.05%,,C,89,,Visible (400–700 nm),https://docs.baslerweb.com/c23-7538-16m,basler_lens_fixed_focal
Basler,fixed_focal,Basler Lens F-S35-2528-45M-S-SD,Fixed Focal Lenses (Basler),24.5,,0.22 m,F2.8–F22,32,32,,,,,,"Typical -1.35 % (barrel distortion, see Distortion versus Image Height )",,F,580,,Visible (400–700 nm),https://docs.baslerweb.com/f-s35-2528-45m-s-sd,basler_lens_fixed_focal
Basler,fixed_focal,Basler Lens F-S35-3528-45M-S-SD,Fixed Focal Lenses (Basler),35.3,,0.32 m,F2.8–F22,32,32,,,,,,Typical -0.73 % (see Distortion versus Image Height ),,F,780,,Visible (400–700 nm),https://docs.baslerweb.com/f-s35-3528-45m-s-sd,basler_lens_fixed_focal
Basler,fixed_focal,Basler Lens F-S35-5028-45M-S-SD,Fixed Focal Lenses (Basler),50.5,,0.46 m,F2.8–F22,32,32,,,,,,Typical -0.44 % (see Distortion versus Image Height ),,F,625,,Visible (400–700 nm),https://docs.baslerweb.com/f-s35-5028-45m-s-sd,basler_lens_fixed_focal
Basler,fixed_focal,Basler Lens F-S35-7528-45M-S-SD,Fixed Focal Lenses (Basler),75,,0.78 m,F2.8–F22,32,32,,,,,,Typical -0.27 % (see Distortion versus Image Height ),,F,560,,Visible (400–700 nm),https://docs.baslerweb.com/f-s35-7528-45m-s-sd,basler_lens_fixed_focal
Basler,telecentric,Basler Lens C11T-05-110-VI-C,Telecentric Lenses (Basler),,0.5,110,F7–F32,18.2,18.2,,0.036–0.0078,10.1–45.9,129–31,2.2–10.2,0.05,0.02,C,,Y,Visible (400–700 nm),https://docs.baslerweb.com/c11t-05-110-vi-c,basler_lens_telecentric
Basler,telecentric,Basler Lens C11T-05-110-VI,Telecentric Lenses (Basler),,0.5,110,F7–F32,18.4,18.4,,0.036–0.0078,9.4–43.0,124–32,2.2–10.2,0.1,0.08,C,,N,Visible (400–700 nm),https://docs.baslerweb.com/c11t-05-110-vi,basler_lens_telecentric
Basler,telecentric,Basler Lens C11T-08-110-VI-C,Telecentric Lenses (Basler),,0.8,110 ±2,F6.6–F32,18.4,18.4,,0.061–0.013,5.9–28.7,131–31,0.8–4,0.16,0.08,C,,Y,Visible (400–700 nm),https://docs.baslerweb.com/c11t-08-110-vi-c,basler_lens_telecentric
Basler,telecentric,Basler Lens C11T-08-110-VI,Telecentric Lenses (Basler),,0.8,110 ±2,F6.6,18.0,18.0,,0.061,4.9,128,±0.4 @ F6.6,0.08,0.06,C,,N,Visible (400–700 nm),https://docs.baslerweb.com/c11t-08-110-vi,basler_lens_telecentric
Basler,telecentric,Basler Lens C11T-1-110-VI-C,Telecentric Lenses (Basler),,1.0,110 ±2,F7–F32,18.4,18.4,,0.071–0.016,4.7–21.5,128–31,0.6–2.6,0.1,0.06,C,,Y,Visible (400–700 nm),https://docs.baslerweb.com/c11t-1-110-vi-c,basler_lens_telecentric
Basler,telecentric,Basler Lens C11T-1-110-VI,Telecentric Lenses (Basler),,1.0,110 ±2,F7–F32,18.4,18.4,,0.071–0.016,4.7–21.5,128–31,0.6–2.6,0.1,0.06,C,,N,Visible (400–700 nm),https://docs.baslerweb.com/c11t-1-110-vi,basler_lens_telecentric
Basler,telecentric,Basler Lens C11T-2-110-VI-C,Telecentric Lenses (Basler),,2.0,110 ±2,F13.5–F32,18.0,18.0,,0.074–0.031,4.6–10.8,60–31,0.3–0.6,0.07,0.07,C,,Y,Visible (400–700 nm),https://docs.baslerweb.com/c11t-2-110-vi-c,basler_lens_telecentric
Basler,telecentric,Basler Lens C11T-2-110-VI,Telecentric Lenses (Basler),,2.0,110,F13.5–F32,18.0,18.0,,0.074–0.031,4.6–10.8,60–31,0.3–0.6,0.07,0.07,C,,N,Visible (400–700 nm),https://docs.baslerweb.com/c11t-2-110-vi,basler_lens_telecentric
Basler,telecentric,Basler Lens C11T-4-110-VI-C,Telecentric Lenses (Basler),,4.0,108,F20.2–F64,18.4,18.4,,0.099–0.031,3.6–11.5,43–15,0.1–0.3,0.07,0.04,C,,Y,Visible (400–700 nm),https://docs.baslerweb.com/c11t-4-110-vi-c,basler_lens_telecentric
Basler,telecentric,Basler Lens C11T-4-110-VI,Telecentric Lenses (Basler),,4.0,108,F20–F64,18.4,18.4,,0.1–0.03,3.4–11.2,40–15,0.1–0.3,0.06,0.07,C,,N,Visible (400–700 nm),https://docs.baslerweb.com/c11t-4-110-vi,basler_lens_telecentric
Basler,telecentric,Basler Lens C12T-1-80-VI-C,Telecentric Lenses (Basler),,1.0,80,F5.3–F32,20,20,,0.095–0.016,3.5–21.5,171–33,0.4–2.6,0.045,0.1,C,,Y,Visible (420–660 nm),https://docs.baslerweb.com/c12t-1-80-vi-c,basler_lens_telecentric
Basler,telecentric,Basler Lens C12T-1-80-VI,Telecentric Lenses (Basler),,1.0,80,F5.3–F32,20,20,,0.095–0.016,3.5–21.5,171–33,0.4–2.6,0.045,0.1,C,,N,Visible (420–660 nm),https://docs.baslerweb.com/c12t-1-80-vi,basler_lens_telecentric
Basler,telecentric,Basler Lens C12T-2-63-VI-C,Telecentric Lenses (Basler),,2.0,63,F6.6–F32,20,20,,0.15–0.031,2.2–10.7,142–33,0.1–0.6,0.02,0.03,C,,Y,Visible (420–660 nm),https://docs.baslerweb.com/c12t-2-63-vi-c,basler_lens_telecentric
Basler,telecentric,Basler Lens C12T-2-63-VI,Telecentric Lenses (Basler),,2.0,63,F6.6–F32,20,20,,0.15–0.031,2.2–10.7,142–33,0.1–0.6,0.02,0.03,C,,N,Visible (420–660 nm),https://docs.baslerweb.com/c12t-2-63-vi,basler_lens_telecentric
Basler,telecentric,Basler Lens C12T-4-63-VI-C,Telecentric Lenses (Basler),,4.0,60,F9.9–F32,20.0,20.0,,0.2–0.062,1.7–5.4,95–31,0.1–0.2,0.05,0.12,C,,Y,Visible (420–660 nm),https://docs.baslerweb.com/c12t-4-63-vi-c,basler_lens_telecentric
Basler,telecentric,Basler Lens C12T-4-63-VI,Telecentric Lenses (Basler),,4.0,60,F9.9–F32,20.0,20.0,,0.2,1.7,95–31,0.1–0.2,0.05,0.12,C,,N,Visible (400–700 nm),https://docs.baslerweb.com/c12t-4-63-vi,basler_lens_telecentric
Basler,telecentric,Basler Lens C23T-03-110-VI-C,Telecentric Lenses (Basler),,0.3,110,F5.6–F32,11.0,11.0,,0.027–0.0047,12.5–71.4,170–32,5–28.4,0.04,0.03,C,,Y,Visible (400–700 nm),https://docs.baslerweb.com/c23t-03-110-vi-c,basler_lens_telecentric
Basler,telecentric,Basler Lens C23T-03-110-VI,Telecentric Lenses (Basler),,0.3,110,F5.6–F32,11.0,11.0,,0.027–0.0047,12.5–71.4,170–32,5–28.4,0.04,0.03,C,,N,Visible (400–700 nm),https://docs.baslerweb.com/c23t-03-110-vi,basler_lens_telecentric
Basler,telecentric,Basler Lens C23T-1-110-VI-C,Telecentric Lenses (Basler),,1.0,108 ±2,F7.1–F32,11.0,11.0,,0.071–0.016,5.0–23.0,86–31,0.6–2.6,0.15,0.05,C,,Y,Visible (400–700 nm),https://docs.baslerweb.com/c23t-1-110-vi-c,basler_lens_telecentric
Basler,telecentric,Basler Lens C23T-1-110-VI,Telecentric Lenses (Basler),,1.0,108 ±2,F7–F32,11.0,11.0,,0.071–0.016,4.7–21.0,113–31,0.6–2.6,0.035,0.04,C,,N,Visible (400–700 nm),https://docs.baslerweb.com/c23t-1-110-vi,basler_lens_telecentric
Basler,telecentric,Basler Lens C23T-2-110-VI-C,Telecentric Lenses (Basler),,2.0,108,F10.6–F45,11.0,11.0,,0.094–0.022,3.8–16.2,62–22,0.2–0.9,0.08,0.01,C,,Y,Visible (400–700 nm),https://docs.baslerweb.com/c23t-2-110-vi-c,basler_lens_telecentric
Basler,telecentric,Basler Lens C23T-2-110-VI,Telecentric Lenses (Basler),,2.0,108,F10.6–F45,11.0,11.0,,0.095–0.022,3.8–16.1,83–22,0.2–0.9,0.03,0.04,C,,N,Visible (400–700 nm),https://docs.baslerweb.com/c23t-2-110-vi,basler_lens_telecentric
Schneider-Kreuznach,fixed_focal,CITRINE F1.8/4.8 mm C-Mount lens,C-Mount Lenses (CITRINE/TURQUOISE/AQUAMARINE/OPAL/JADE/TOURMALINE/TOPAZ),4.8,,34,F/1.8 ... F/11,11,,,- | 0.26,,,,,,C,105,,,https://schneiderkreuznach.com/en/industrial-optics/lenses/c-mount-lenses/citrine/f1-8-4-8mm-c,schneider_cmount
Schneider-Kreuznach,fixed_focal,CITRINE F1.8/4.8 mm C-Mount Motorized lens,C-Mount Lenses (CITRINE/TURQUOISE/AQUAMARINE/OPAL/JADE/TOURMALINE/TOPAZ),4.8,,34,F/1.8 ... F/11,11,,,- | 0.26,,,,,,C,149,,,https://schneiderkreuznach.com/en/industrial-optics/lenses/c-mount-lenses/citrine/f1-8-4-8mm-c-motorized-iris,schneider_cmount
Schneider-Kreuznach,fixed_focal,CITRINE F1.8/4.8 mm C-Mount Ruggedized lens,C-Mount Lenses (CITRINE/TURQUOISE/AQUAMARINE/OPAL/JADE/TOURMALINE/TOPAZ),4.8,,34,F/1.8 ... F/11,11,,,- | 0.26,,,,,,C,105,,,https://schneiderkreuznach.com/en/industrial-optics/lenses/c-mount-lenses/citrine/f1-8-4-8mm-c-ruggedized,schneider_cmount
Schneider-Kreuznach,fixed_focal,CITRINE F1.8/4.8 mm C-Mount Stabilized lens,C-Mount Lenses (CITRINE/TURQUOISE/AQUAMARINE/OPAL/JADE/TOURMALINE/TOPAZ),4.8,,34,F/1.8 ... F/11,11,,,- | 0.26,,,,,,C,105,,,https://schneiderkreuznach.com/en/industrial-optics/lenses/c-mount-lenses/citrine/f1-8-4-8mm-c-stabilized,schneider_cmount
Schneider-Kreuznach,fixed_focal,CITRINE F1.4/8 mm C-Mount lens,C-Mount Lenses (CITRINE/TURQUOISE/AQUAMARINE/OPAL/JADE/TOURMALINE/TOPAZ),8,,70,F/1.4 ... F/11,11,,,- | 0.34,,,,,,C,90,,,https://schneiderkreuznach.com/en/industrial-optics/lenses/c-mount-lenses/citrine/f1-4-8mm-c,schneider_cmount
Schneider-Kreuznach,fixed_focal,CITRINE F1.4/8 mm C-Mount Motorized lens,C-Mount Lenses (CITRINE/TURQUOISE/AQUAMARINE/OPAL/JADE/TOURMALINE/TOPAZ),8,,70,F/1.4 ... F/11,11,,,- | 0.34,,,,,,C,134,,,https://schneiderkreuznach.com/en/industrial-optics/lenses/c-mount-lenses/citrine/f1-4-8mm-c-motorized-iris,schneider_cmount
Schneider-Kreuznach,fixed_focal,CITRINE F1.4/8 mm C-Mount Ruggedized lens,C-Mount Lenses (CITRINE/TURQUOISE/AQUAMARINE/OPAL/JADE/TOURMALINE/TOPAZ),8,,70,F/1.4 ... F/11,11,,,- | 0.34,,,,,,C,90,,,https://schneiderkreuznach.com/en/industrial-optics/lenses/c-mount-lenses/citrine/f1-4-8mm-c-ruggedized,schneider_cmount
Schneider-Kreuznach,fixed_focal,CITRINE F1.4/8 mm C-Mount Stabilized lens,C-Mount Lenses (CITRINE/TURQUOISE/AQUAMARINE/OPAL/JADE/TOURMALINE/TOPAZ),8,,70,F/1.4 ... F/11,11,,,- | 0.34,,,,,,C,90,,,https://schneiderkreuznach.com/en/industrial-optics/lenses/c-mount-lenses/citrine/f1-4-8mm-c-stabilized,schneider_cmount
Schneider-Kreuznach,fixed_focal,CITRINE F1.4/12 mm C-Mount lens,C-Mount Lenses (CITRINE/TURQUOISE/AQUAMARINE/OPAL/JADE/TOURMALINE/TOPAZ),12,,106,F/1.4 ... F/11,11,,,- | 0.32,,,,,,C,99,,,https://schneiderkreuznach.com/en/industrial-optics/lenses/c-mount-lenses/citrine/f1-4-12mm-c,schneider_cmount
Schneider-Kreuznach,fixed_focal,CITRINE F1.4/12 mm C-Mount Motorized lens,C-Mount Lenses (CITRINE/TURQUOISE/AQUAMARINE/OPAL/JADE/TOURMALINE/TOPAZ),12,,105,F/1.4 ... F/11,11,,,- | 0.32,,,,,,C,143,,,https://schneiderkreuznach.com/en/industrial-optics/lenses/c-mount-lenses/citrine/f1-4-12mm-c-motorized-iris,schneider_cmount
Schneider-Kreuznach,fixed_focal,CITRINE F1.4/12 mm C-Mount Ruggedized lens,C-Mount Lenses (CITRINE/TURQUOISE/AQUAMARINE/OPAL/JADE/TOURMALINE/TOPAZ),12,,106,F/1.4 ... F/11,11,,,- | 0.32,,,,,,C,99,,,https://schneiderkreuznach.com/en/industrial-optics/lenses/c-mount-lenses/citrine/f1-4-12mm-c-ruggedized,schneider_cmount
Schneider-Kreuznach,fixed_focal,CITRINE F1.4/12 mm C-Mount Stabilized lens,C-Mount Lenses (CITRINE/TURQUOISE/AQUAMARINE/OPAL/JADE/TOURMALINE/TOPAZ),12,,106,F/1.4 ... F/11,11,,,- | 0.32,,,,,,C,99,,,https://schneiderkreuznach.com/en/industrial-optics/lenses/c-mount-lenses/citrine/f1-4-12mm-c-stabilized,schneider_cmount
Schneider-Kreuznach,fixed_focal,CITRINE F1.4/17 mm C-Mount lens,C-Mount Lenses (CITRINE/TURQUOISE/AQUAMARINE/OPAL/JADE/TOURMALINE/TOPAZ),17,,157,F/1.4 ... F/11,11,,,- | 0.33,,,,,,C,85,,,https://schneiderkreuznach.com/en/industrial-optics/lenses/c-mount-lenses/citrine/f1-4-17mm-c,schneider_cmount
Schneider-Kreuznach,fixed_focal,CITRINE F1.4/17 mm C-Mount Motorized lens,C-Mount Lenses (CITRINE/TURQUOISE/AQUAMARINE/OPAL/JADE/TOURMALINE/TOPAZ),17,,157,F/1.4 ... F/11,11,,,- | 0.33,,,,,,C,129,,,https://schneiderkreuznach.com/en/industrial-optics/lenses/c-mount-lenses/citrine/f1-4-17mm-c-motorized-iris,schneider_cmount
Schneider-Kreuznach,fixed_focal,CITRINE F1.4/17 mm C-Mount Ruggedized lens,C-Mount Lenses (CITRINE/TURQUOISE/AQUAMARINE/OPAL/JADE/TOURMALINE/TOPAZ),17,,157,F/1.4 ... F/11,11,,,- | 0.33,,,,,,C,85,,,https://schneiderkreuznach.com/en/industrial-optics/lenses/c-mount-lenses/citrine/f1-4-17mm-c-ruggedized,schneider_cmount
Schneider-Kreuznach,fixed_focal,CITRINE F1.4/17 mm C-Mount Stabilized lens,C-Mount Lenses (CITRINE/TURQUOISE/AQUAMARINE/OPAL/JADE/TOURMALINE/TOPAZ),17,,157,F/1.4 ... F/11,11,,,- | 0.33,,,,,,C,85,,,https://schneiderkreuznach.com/en/industrial-optics/lenses/c-mount-lenses/citrine/f1-4-17mm-c-stabilized,schneider_cmount
Schneider-Kreuznach,fixed_focal,CITRINE F1.4/23 mm C-Mount lens,C-Mount Lenses (CITRINE/TURQUOISE/AQUAMARINE/OPAL/JADE/TOURMALINE/TOPAZ),23,,207,F/1.4 ... F/11,11,,,- | 0.35,,,,,,C,95,,,https://schneiderkreuznach.com/en/industrial-optics/lenses/c-mount-lenses/citrine/f1-4-23mm-c,schneider_cmount
Schneider-Kreuznach,fixed_focal,CITRINE F1.4/23 mm C-Mount Motorized lens,C-Mount Lenses (CITRINE/TURQUOISE/AQUAMARINE/OPAL/JADE/TOURMALINE/TOPAZ),23,,207,F/1.4 ... F/11,11,,,- | 0.35,,,,,,C,139,,,https://schneiderkreuznach.com/en/industrial-optics/lenses/c-mount-lenses/citrine/f1-4-23mm-c-motorized-iris,schneider_cmount
Schneider-Kreuznach,fixed_focal,CITRINE F1.4/23 mm C-Mount Ruggedized lens,C-Mount Lenses (CITRINE/TURQUOISE/AQUAMARINE/OPAL/JADE/TOURMALINE/TOPAZ),23,,207,F/1.4 ... F/11,11,,,- | 0.35,,,,,,C,95,,,https://schneiderkreuznach.com/en/industrial-optics/lenses/c-mount-lenses/citrine/f1-4-23mm-c-ruggedized,schneider_cmount
Schneider-Kreuznach,fixed_focal,CITRINE F1.9/35 mm C-Mount lens,C-Mount Lenses (CITRINE/TURQUOISE/AQUAMARINE/OPAL/JADE/TOURMALINE/TOPAZ),35,,354,F/1.9 ... F/16,11,,,- | 0.26,,,,,,C,92,,,https://schneiderkreuznach.com/en/industrial-optics/lenses/c-mount-lenses/citrine/f1-9-35mm-c,schneider_cmount
Schneider-Kreuznach,fixed_focal,CITRINE F1.9/35 mm C-Mount Motorized lens,C-Mount Lenses (CITRINE/TURQUOISE/AQUAMARINE/OPAL/JADE/TOURMALINE/TOPAZ),35,,354,F/1.9 ... F/16,11,,,- | 0.26,,,,,,C,136,,,https://schneiderkreuznach.com/en/industrial-optics/lenses/c-mount-lenses/citrine/f1-9-35mm-c-motorized-iris,schneider_cmount
Schneider-Kreuznach,fixed_focal,CITRINE F1.9/35 mm C-Mount Ruggedized lens,C-Mount Lenses (CITRINE/TURQUOISE/AQUAMARINE/OPAL/JADE/TOURMALINE/TOPAZ),35,,354,F/1.9 ... F/16,11,,,- | 0.26,,,,,,C,92,,,https://schneiderkreuznach.com/en/industrial-optics/lenses/c-mount-lenses/citrine/f1-9-35mm-c-ruggedized,schneider_cmount
Schneider-Kreuznach,fixed_focal,TURQUOISE F1.9/10 mm C-Mount lens,C-Mount Lenses (CITRINE/TURQUOISE/AQUAMARINE/OPAL/JADE/TOURMALINE/TOPAZ),10,,89,F/1.9 ... F/16,16,,,- | 0.26,,,,,,C,136,,,https://schneiderkreuznach.com/en/industrial-optics/lenses/c-mount-lenses/turquoise/f1-9-10mm-c,schneider_cmount
Schneider-Kreuznach,fixed_focal,TURQUOISE F1.9/10 mm C-Mount motorized lens,C-Mount Lenses (CITRINE/TURQUOISE/AQUAMARINE/OPAL/JADE/TOURMALINE/TOPAZ),10,,89,F/1.9 ... F/16,16,,,- | 0.26,,,,,,C,180,,,https://schneiderkreuznach.com/en/industrial-optics/lenses/c-mount-lenses/turquoise/f1-9-10mm-c-motorized-iris,schneider_cmount
Schneider-Kreuznach,fixed_focal,TURQUOISE F1.9/10 mm C-Mount ruggedized lens,C-Mount Lenses (CITRINE/TURQUOISE/AQUAMARINE/OPAL/JADE/TOURMALINE/TOPAZ),10,,89,F/1.9 ... F/16,16,,,- | 0.26,,,,,,C,136,,,https://schneiderkreuznach.com/en/industrial-optics/lenses/c-mount-lenses/turquoise/f1-9-10mm-c-ruggedized,schneider_cmount
Schneider-Kreuznach,fixed_focal,TURQUOISE F1.8/16 mm C-Mount lens,C-Mount Lenses (CITRINE/TURQUOISE/AQUAMARINE/OPAL/JADE/TOURMALINE/TOPAZ),16,,151,F/1.8 ... F/11,16,,,- | 0.27,,,,,,C,102,,,https://schneiderkreuznach.com/en/industrial-optics/lenses/c-mount-lenses/turquoise/f1-8-16mm-c,schneider_cmount
Schneider-Kreuznach,fixed_focal,TURQUOISE F1.8/16 mm C-Mount motorized lens,C-Mount Lenses (CITRINE/TURQUOISE/AQUAMARINE/OPAL/JADE/TOURMALINE/TOPAZ),16,,151,F/1.8 ... F/11,16,,,- | 0.27,,,,,,C,146,,,https://schneiderkreuznach.com/en/industrial-optics/lenses/c-mount-lenses/turquoise/f1-8-16mm-c-motorized-iris,schneider_cmount
Schneider-Kreuznach,fixed_focal,TURQUOISE F1.8/16 mm C-Mount ruggedized lens,C-Mount Lenses (CITRINE/TURQUOISE/AQUAMARINE/OPAL/JADE/TOURMALINE/TOPAZ),16,,151,F/1.8 ... F/11,16,,,- | 0.27,,,,,,C,102,,,https://schneiderkreuznach.com/en/industrial-optics/lenses/c-mount-lenses/turquoise/f1-8-16mm-c-ruggedized,schneider_cmount
Schneider-Kreuznach,fixed_focal,TURQUOISE F2.2/70 mm C-Mount lens,C-Mount Lenses (CITRINE/TURQUOISE/AQUAMARINE/OPAL/JADE/TOURMALINE/TOPAZ),70,,729,F/2.2 ... F/32,16,,,- | 0.22,,,,,,C,200,,,https://schneiderkreuznach.com/en/industrial-optics/lenses/c-mount-lenses/turquoise/f2-2-70mm-c,schneider_cmount
Schneider-Kreuznach,fixed_focal,TURQUOISE F2.2/70 mm C-Mount motorized lens,C-Mount Lenses (CITRINE/TURQUOISE/AQUAMARINE/OPAL/JADE/TOURMALINE/TOPAZ),70,,729,F/2.2 ... F/32,16,,,- | 0.22,,,,,,C,244,,,https://schneiderkreuznach.com/en/industrial-optics/lenses/c-mount-lenses/turquoise/f2-2-70mm-c-motorized-iris,schneider_cmount
Schneider-Kreuznach,fixed_focal,TURQUOISE F2.2/70 mm C-Mount ruggedized lens,C-Mount Lenses (CITRINE/TURQUOISE/AQUAMARINE/OPAL/JADE/TOURMALINE/TOPAZ),70,,729,F/2.2 ... F/32,16,,,- | 0.22,,,,,,C,200,,,https://schneiderkreuznach.com/en/industrial-optics/lenses/c-mount-lenses/turquoise/f2-2-70mm-c-ruggedized,schneider_cmount
Schneider-Kreuznach,fixed_focal,AQUAMARINE F2.0/28 mm C-Mount lens,C-Mount Lenses (CITRINE/TURQUOISE/AQUAMARINE/OPAL/JADE/TOURMALINE/TOPAZ),28,,150,F/2 ... F/16,24,,,- | 0.24,,,,,,C,78,,,https://schneiderkreuznach.com/en/industrial-optics/lenses/c-mount-lenses/aquamarine/f2-0-28mm-c,schneider_cmount
Schneider-Kreuznach,fixed_focal,AQUAMARINE F2.0/28 mm C-Mount motorized lens,C-Mount Lenses (CITRINE/TURQUOISE/AQUAMARINE/OPAL/JADE/TOURMALINE/TOPAZ),28,,150,F/2 ... F/16,24,,,- | 0.24,,,,,,C,122,,,https://schneiderkreuznach.com/en/industrial-optics/lenses/c-mount-lenses/aquamarine/f2-0-28mm-c-motorized-iris,schneider_cmount
Schneider-Kreuznach,fixed_focal,AQUAMARINE F2.0/28 mm C-Mount ruggedized lens,C-Mount Lenses (CITRINE/TURQUOISE/AQUAMARINE/OPAL/JADE/TOURMALINE/TOPAZ),28,,150,F/2 ... F/16,24,,,- | 0.24,,,,,,C,78,,,https://schneiderkreuznach.com/en/industrial-optics/lenses/c-mount-lenses/aquamarine/f2-0-28mm-c-ruggedized,schneider_cmount
Schneider-Kreuznach,fixed_focal,AQUAMARINE F2.0/28 mm TFL-Mount lens,C-Mount Lenses (CITRINE/TURQUOISE/AQUAMARINE/OPAL/JADE/TOURMALINE/TOPAZ),28,,150,F/2 ... F/16,24,,,- | 0.24,,,,,,TFL-Mount,78,,,https://schneiderkreuznach.com/en/industrial-optics/lenses/c-mount-lenses/aquamarine/f2-0-28mm-tfl,schneider_cmount
Schneider-Kreuznach,fixed_focal,AQUAMARINE F2.0/35 mm C-Mount lens,C-Mount Lenses (CITRINE/TURQUOISE/AQUAMARINE/OPAL/JADE/TOURMALINE/TOPAZ),35,,183,F/2 ... F/22,24,,,- | 0.25,,,,,,C,90,,,https://schneiderkreuznach.com/en/industrial-optics/lenses/c-mount-lenses/aquamarine/f2-0-35mm-c,schneider_cmount
Schneider-Kreuznach,fixed_focal,AQUAMARINE F2.0/35 mm TFL-Mount lens,C-Mount Lenses (CITRINE/TURQUOISE/AQUAMARINE/OPAL/JADE/TOURMALINE/TOPAZ),35,,183,F/2 ... F/22,24,,,- | 0.25,,,,,,TFL-Mount,90,,,https://schneiderkreuznach.com/en/industrial-optics/lenses/c-mount-lenses/aquamarine/f2-0-35mm-tfl,schneider_cmount
Schneider-Kreuznach,fixed_focal,OPAL F2.8/12 mm C-Mount lens,C-Mount Lenses (CITRINE/TURQUOISE/AQUAMARINE/OPAL/JADE/TOURMALINE/TOPAZ),12,,104,F/2.8 ... F/22,17.6,,,- | 0.17,,,,,,C,145,,,https://schneiderkreuznach.com/en/industrial-optics/lenses/c-mount-lenses/opal/f2-8-12mm-c,schneider_cmount
Schneider-Kreuznach,fixed_focal,JADE F2.8/12 mm C-Mount lens,C-Mount Lenses (CITRINE/TURQUOISE/AQUAMARINE/OPAL/JADE/TOURMALINE/TOPAZ),12,,230,F/2.8 ... F/22,19.3,,,- | 0.18,,,,,,C,167,,,https://schneiderkreuznach.com/en/industrial-optics/lenses/c-mount-lenses/jade/f2-8-12mm-c,schneider_cmount
Schneider-Kreuznach,fixed_focal,JADE F2.8/12 mm C-Mount Ruggedized lens,C-Mount Lenses (CITRINE/TURQUOISE/AQUAMARINE/OPAL/JADE/TOURMALINE/TOPAZ),12,,230,F/2.8 ... F/22,19.3,,,- | 0.18,,,,,,C,167,,,https://schneiderkreuznach.com/en/industrial-optics/lenses/c-mount-lenses/jade/f2-8-12mm-c-ruggedized,schneider_cmount
Schneider-Kreuznach,fixed_focal,JADE F2.8/16 mm C-Mount lens,C-Mount Lenses (CITRINE/TURQUOISE/AQUAMARINE/OPAL/JADE/TOURMALINE/TOPAZ),16,,150,F/2.8 ... F/22,19.3,,,- | 0.18,,,,,,C,154,,,https://schneiderkreuznach.com/en/industrial-optics/lenses/c-mount-lenses/jade/f2-8-16mm-c,schneider_cmount
Schneider-Kreuznach,fixed_focal,JADE F2.8/16 mm C-Mount Ruggedized lens,C-Mount Lenses (CITRINE/TURQUOISE/AQUAMARINE/OPAL/JADE/TOURMALINE/TOPAZ),16,,150,F/2.8 ... F/22,19.3,,,- | 0.18,,,,,,C,154,,,https://schneiderkreuznach.com/en/industrial-optics/lenses/c-mount-lenses/jade/f2-8-16mm-c-ruggedized,schneider_cmount
Schneider-Kreuznach,fixed_focal,JADE F2.8/25 mm C-Mount lens,C-Mount Lenses (CITRINE/TURQUOISE/AQUAMARINE/OPAL/JADE/TOURMALINE/TOPAZ),25,,120,F/2.8 ... F/16,19.3,,,- | 0.17,,,,,,C,76,,,https://schneiderkreuznach.com/en/industrial-optics/lenses/c-mount-lenses/jade/f2-8-25mm-c,schneider_cmount
Schneider-Kreuznach,fixed_focal,JADE F2.8/25 mm C-Mount Ruggedized lens,C-Mount Lenses (CITRINE/TURQUOISE/AQUAMARINE/OPAL/JADE/TOURMALINE/TOPAZ),25,,120,F/2.8 ... F/16,19.3,,,- | 0.17,,,,,,C,76,,,https://schneiderkreuznach.com/en/industrial-optics/lenses/c-mount-lenses/jade/f2-8-25mm-c-ruggedized,schneider_cmount
Schneider-Kreuznach,fixed_focal,JADE F2.8/35 mm C-Mount lens,C-Mount Lenses (CITRINE/TURQUOISE/AQUAMARINE/OPAL/JADE/TOURMALINE/TOPAZ),35,,175,F/2.8 ... F/22,19.3,,,- | 0.17,,,,,,C,124,,,https://schneiderkreuznach.com/en/industrial-optics/lenses/c-mount-lenses/jade/f2-8-35mm-c,schneider_cmount
Schneider-Kreuznach,fixed_focal,JADE F2.8/35 mm C-Mount ruggedized lens,C-Mount Lenses (CITRINE/TURQUOISE/AQUAMARINE/OPAL/JADE/TOURMALINE/TOPAZ),35,,175,F/2.8 ... F/22,19.3,,,- | 0.17,,,,,,C,124,,,https://schneiderkreuznach.com/en/industrial-optics/lenses/c-mount-lenses/jade/f2-8-35mm-c-ruggedized,schneider_cmount
Schneider-Kreuznach,fixed_focal,JADE F2.8/50 mm C-Mount lens,C-Mount Lenses (CITRINE/TURQUOISE/AQUAMARINE/OPAL/JADE/TOURMALINE/TOPAZ),50,,270,F/2.8 ... F/22,19.3,,,- | 0.17,,,,,,C,169,,,https://schneiderkreuznach.com/en/industrial-optics/lenses/c-mount-lenses/jade/f2-8-50mm-c,schneider_cmount
Schneider-Kreuznach,fixed_focal,JADE F2.8/50 mm C-Mount ruggedized lens,C-Mount Lenses (CITRINE/TURQUOISE/AQUAMARINE/OPAL/JADE/TOURMALINE/TOPAZ),50,,270,F/2.8 ... F/22,19.3,,,- | 0.17,,,,,,C,169,,,https://schneiderkreuznach.com/en/industrial-optics/lenses/c-mount-lenses/jade/f2-8-50mm-c-ruggedized,schneider_cmount
Schneider-Kreuznach,fixed_focal,TOURMALINE F2.8/16 mm C-Mount lens,C-Mount Lenses (CITRINE/TURQUOISE/AQUAMARINE/OPAL/JADE/TOURMALINE/TOPAZ),16,,150,F/2.8 ... F/16,24,,,- | 0.17,,,,,,C,204,,,https://schneiderkreuznach.com/en/industrial-optics/lenses/c-mount-lenses/tourmaline/f2-8-16mm-c,schneider_cmount
Schneider-Kreuznach,fixed_focal,TOURMALINE F2.8/16 mm TFL-Mount lens,C-Mount Lenses (CITRINE/TURQUOISE/AQUAMARINE/OPAL/JADE/TOURMALINE/TOPAZ),16,,150,F/2.8 ... F/16,24,,,- | 0.17,,,,,,TFL-Mount,204,,,https://schneiderkreuznach.com/en/industrial-optics/lenses/c-mount-lenses/tourmaline/f2-8-16mm-tfl,schneider_cmount
Schneider-Kreuznach,fixed_focal,TOURMALINE F2.0/20 mm C-Mount lens,C-Mount Lenses (CITRINE/TURQUOISE/AQUAMARINE/OPAL/JADE/TOURMALINE/TOPAZ),20,,194,F/2 ... F/16,24,,,- | 0.24,,,,,,C,450,,,https://schneiderkreuznach.com/en/industrial-optics/lenses/c-mount-lenses/tourmaline/f2-0-20mm-c,schneider_cmount
Schneider-Kreuznach,fixed_focal,TOURMALINE F2.0/20 mm TFL-Mount lens,C-Mount Lenses (CITRINE/TURQUOISE/AQUAMARINE/OPAL/JADE/TOURMALINE/TOPAZ),20,,194,F/2 ... F/16,24,,,- | 0.24,,,,,,TFL-Mount,450,,,https://schneiderkreuznach.com/en/industrial-optics/lenses/c-mount-lenses/tourmaline/f2-0-20mm-tfl,schneider_cmount
Schneider-Kreuznach,fixed_focal,TOURMALINE F2.8/20 mm C-Mount LD lens,C-Mount Lenses (CITRINE/TURQUOISE/AQUAMARINE/OPAL/JADE/TOURMALINE/TOPAZ),20,,396,F/2.8 ... F/22,24,,,- | 0.17,,,,,,C,154,,,https://schneiderkreuznach.com/en/industrial-optics/lenses/c-mount-lenses/tourmaline/f2-8-20mm-c-ld,schneider_cmount
Schneider-Kreuznach,fixed_focal,TOURMALINE F2.8/20 mm C-Mount SD lens,C-Mount Lenses (CITRINE/TURQUOISE/AQUAMARINE/OPAL/JADE/TOURMALINE/TOPAZ),20,,191,F/2.8 ... F/22,24,,,- | 0.17,,,,,,C,154,,,https://schneiderkreuznach.com/en/industrial-optics/lenses/c-mount-lenses/tourmaline/f2-8-20mm-c-sd,schneider_cmount
Schneider-Kreuznach,fixed_focal,TOURMALINE F2.0/24 mm C-Mount lens,C-Mount Lenses (CITRINE/TURQUOISE/AQUAMARINE/OPAL/JADE/TOURMALINE/TOPAZ),24,,111,F/2 ... F/16,24,,,- | 0.24,,,,,,C,120,,,https://schneiderkreuznach.com/en/industrial-optics/lenses/c-mount-lenses/tourmaline/f2-0-24mm-c,schneider_cmount
Schneider-Kreuznach,fixed_focal,TOURMALINE F2.0/24 mm TFL-Mount lens,C-Mount Lenses (CITRINE/TURQUOISE/AQUAMARINE/OPAL/JADE/TOURMALINE/TOPAZ),24,,111,F/2 ... F/16,24,,,- | 0.24,,,,,,TFL-Mount,120,,,https://schneiderkreuznach.com/en/industrial-optics/lenses/c-mount-lenses/tourmaline/f2-0-24mm-tfl,schneider_cmount
Schneider-Kreuznach,fixed_focal,TOURMALINE F2.0/24 mm C-Mount lens with motorized iris,C-Mount Lenses (CITRINE/TURQUOISE/AQUAMARINE/OPAL/JADE/TOURMALINE/TOPAZ),24,,111,F/2 ... F/16,24,,,- | 0.24,,,,,,C,164,,,https://schneiderkreuznach.com/en/industrial-optics/lenses/c-mount-lenses/tourmaline/f2-0-24mm-c-motorized-iris,schneider_cmount
Schneider-Kreuznach,fixed_focal,TOURMALINE F2.0/35 mm C-Mount lens,C-Mount Lenses (CITRINE/TURQUOISE/AQUAMARINE/OPAL/JADE/TOURMALINE/TOPAZ),35,,168,F/2 ... F/22,24,,,- | 0.24,,,,,,C,160,,,https://schneiderkreuznach.com/en/industrial-optics/lenses/c-mount-lenses/tourmaline/f2-0-35mm-c,schneider_cmount
Schneider-Kreuznach,fixed_focal,TOURMALINE F2.0/35 mm C-Mount lens with motorized iris,C-Mount Lenses (CITRINE/TURQUOISE/AQUAMARINE/OPAL/JADE/TOURMALINE/TOPAZ),35,,168,F/2 ... F/22,24,,,- | 0.24,,,,,,C,204,,,https://schneiderkreuznach.com/en/industrial-optics/lenses/c-mount-lenses/tourmaline/f2-0-35mm-c-motorized-iris,schneider_cmount
Schneider-Kreuznach,fixed_focal,TOURMALINE F2.0/35 mm TFL-Mount lens,C-Mount Lenses (CITRINE/TURQUOISE/AQUAMARINE/OPAL/JADE/TOURMALINE/TOPAZ),35,,168,F/2 ... F/22,24,,,- | 0.24,,,,,,TFL-Mount,160,,,https://schneiderkreuznach.com/en/industrial-optics/lenses/c-mount-lenses/tourmaline/f2-0-35mm-tfl,schneider_cmount
Schneider-Kreuznach,fixed_focal,TOURMALINE F2.8/40 mm C-Mount lens,C-Mount Lenses (CITRINE/TURQUOISE/AQUAMARINE/OPAL/JADE/TOURMALINE/TOPAZ),40,,103,F/2.8 ... F/22,24,,,- | 0.17,,,,,,C,103,,,https://schneiderkreuznach.com/en/industrial-optics/lenses/c-mount-lenses/tourmaline/f2-8-40mm-c,schneider_cmount
Schneider-Kreuznach,fixed_focal,TOURMALINE F4.0/45 mm C-Mount lens,C-Mount Lenses (CITRINE/TURQUOISE/AQUAMARINE/OPAL/JADE/TOURMALINE/TOPAZ),45,,120,F/4 ... F/22,24,,,- | 0.12,,,,,,C,100,,,https://schneiderkreuznach.com/en/industrial-optics/lenses/c-mount-lenses/tourmaline/f4-0-45mm-c,schneider_cmount
Schneider-Kreuznach,fixed_focal,TOURMALINE F2.8/50 mm C-Mount lens,C-Mount Lenses (CITRINE/TURQUOISE/AQUAMARINE/OPAL/JADE/TOURMALINE/TOPAZ),50,,131,F/2.8 ... F/32,24,,,- | 0.17,,,,,,C,111,,,https://schneiderkreuznach.com/en/industrial-optics/lenses/c-mount-lenses/tourmaline/f2-8-50mm-c,schneider_cmount
Schneider-Kreuznach,fixed_focal,TOURMALINE F2.8/50 mm C-Mount ruggedized lens,C-Mount Lenses (CITRINE/TURQUOISE/AQUAMARINE/OPAL/JADE/TOURMALINE/TOPAZ),50,,131,F/2.8 ... F/32,24,,,- | 0.17,,,,,,C,135,,,https://schneiderkreuznach.com/en/industrial-optics/lenses/c-mount-lenses/tourmaline/f2-8-50mm-c-ruggedized,schneider_cmount
Schneider-Kreuznach,fixed_focal,TOURMALINE F2.8/50 mm C-Mount lens with motorized iris,C-Mount Lenses (CITRINE/TURQUOISE/AQUAMARINE/OPAL/JADE/TOURMALINE/TOPAZ),50,,131,F/2.8 ... F/32,24,,,- | 0.17,,,,,,C,179,,,https://schneiderkreuznach.com/en/industrial-optics/lenses/c-mount-lenses/tourmaline/f2-8-50mm-c-motorized-iris,schneider_cmount
Schneider-Kreuznach,fixed_focal,TOURMALINE F2.8/50 mm TFL-Mount lens,C-Mount Lenses (CITRINE/TURQUOISE/AQUAMARINE/OPAL/JADE/TOURMALINE/TOPAZ),50,,131,F/2.8 ... F/32,24,,,- | 0.17,,,,,,TFL-Mount,135,,,https://schneiderkreuznach.com/en/industrial-optics/lenses/c-mount-lenses/tourmaline/f2-8-50mm-tfl,schneider_cmount
Schneider-Kreuznach,fixed_focal,TOURMALINE F4.0/60 mm C-Mount lens,C-Mount Lenses (CITRINE/TURQUOISE/AQUAMARINE/OPAL/JADE/TOURMALINE/TOPAZ),60,,162,F/4 ... F/22,24,,,- | 0.12,,,,,,C,135,,,https://schneiderkreuznach.com/en/industrial-optics/lenses/c-mount-lenses/tourmaline/f4-0-60mm-c,schneider_cmount
Schneider-Kreuznach,fixed_focal,TOPAZ 2.4/6.5 C-Mount lens,C-Mount Lenses (CITRINE/TURQUOISE/AQUAMARINE/OPAL/JADE/TOURMALINE/TOPAZ),6.5,,51,F/2.4 ... F/16,17.6,,,- | 0.20,,,,,,C,165,,,https://schneiderkreuznach.com/en/industrial-optics/lenses/c-mount-lenses/topaz/f2-4-6-5mm-c,schneider_cmount
Schneider-Kreuznach,fixed_focal,TOPAZ 2.4/6.5 C-Mount motorized lens,C-Mount Lenses (CITRINE/TURQUOISE/AQUAMARINE/OPAL/JADE/TOURMALINE/TOPAZ),6.5,,51,F/2.4 ... F/16,17.6,,,- | 0.20,,,,,,C,225,,,https://schneiderkreuznach.com/en/industrial-optics/lenses/c-mount-lenses/topaz/f2-4-6-5mm-c-motorized-iris,schneider_cmount
Schneider-Kreuznach,fixed_focal,TOPAZ 2.4/6.5 C-Mount ruggedized lens,C-Mount Lenses (CITRINE/TURQUOISE/AQUAMARINE/OPAL/JADE/TOURMALINE/TOPAZ),6.5,,51,F/2.4 ... F/16,17.6,,,- | 0.20,,,,,,C,165,,,https://schneiderkreuznach.com/en/industrial-optics/lenses/c-mount-lenses/topaz/f2-4-6-5mm-c-ruggedized,schneider_cmount
Schneider-Kreuznach,fixed_focal,TOPAZ 2.8/12 C-Mount lens,C-Mount Lenses (CITRINE/TURQUOISE/AQUAMARINE/OPAL/JADE/TOURMALINE/TOPAZ),12,,610,F/2.8 ... F/22,19.3,,,- | 0.18,,,,,,C,167,,,https://schneiderkreuznach.com/en/industrial-optics/lenses/c-mount-lenses/topaz/f2-8-12mm-c,schneider_cmount
Schneider-Kreuznach,fixed_focal,TOPAZ 2.8/12 C-Mount ruggedized lens,C-Mount Lenses (CITRINE/TURQUOISE/AQUAMARINE/OPAL/JADE/TOURMALINE/TOPAZ),12,,610,F/2.8 ... F/22,19.3,,,- | 0.18,,,,,,C,167,,,https://schneiderkreuznach.com/en/industrial-optics/lenses/c-mount-lenses/topaz/f2-8-12mm-c-ruggedized,schneider_cmount
Schneider-Kreuznach,fixed_focal,TOPAZ 2.0/25 C-Mount lens,C-Mount Lenses (CITRINE/TURQUOISE/AQUAMARINE/OPAL/JADE/TOURMALINE/TOPAZ),25,,237,F/2 ... F/16,19.3,,,- | 0.25,,,,,,C,86,,,https://schneiderkreuznach.com/en/industrial-optics/lenses/c-mount-lenses/topaz/f2-0-25mm-c,schneider_cmount
Schneider-Kreuznach,fixed_focal,TOPAZ 2.0/25 C-Mount motorized lens,C-Mount Lenses (CITRINE/TURQUOISE/AQUAMARINE/OPAL/JADE/TOURMALINE/TOPAZ),25,,237,F/2 ... F/16,19.3,,,- | 0.25,,,,,,C,146,,,https://schneiderkreuznach.com/en/industrial-optics/lenses/c-mount-lenses/topaz/f2-0-25mm-c-motorized-iris,schneider_cmount
Schneider-Kreuznach,fixed_focal,TOPAZ 2.0/25 C-Mount ruggedized lens,C-Mount Lenses (CITRINE/TURQUOISE/AQUAMARINE/OPAL/JADE/TOURMALINE/TOPAZ),25,,237,F/2 ... F/16,19.3,,,- | 0.25,,,,,,C,86,,,https://schneiderkreuznach.com/en/industrial-optics/lenses/c-mount-lenses/topaz/f2-0-25mm-c-ruggedized,schneider_cmount
Schneider-Kreuznach,fixed_focal,TOPAZ 2.0/30 C-Mount lens,C-Mount Lenses (CITRINE/TURQUOISE/AQUAMARINE/OPAL/JADE/TOURMALINE/TOPAZ),30,,295,F/2 ... F/16,19.3,,,- | 0.25,,,,,,C,87,,,https://schneiderkreuznach.com/en/industrial-optics/lenses/c-mount-lenses/topaz/f2-0-30mm-c,schneider_cmount
Schneider-Kreuznach,fixed_focal,TOPAZ 2.0/30 C-Mount motorized lens,C-Mount Lenses (CITRINE/TURQUOISE/AQUAMARINE/OPAL/JADE/TOURMALINE/TOPAZ),30,,295,F/2 ... F/16,19.3,,,- | 0.25,,,,,,C,147,,,https://schneiderkreuznach.com/en/industrial-optics/lenses/c-mount-lenses/topaz/f2-0-30mm-c-motorized-iris,schneider_cmount
Schneider-Kreuznach,fixed_focal,TOPAZ 2.0/30 C-Mount ruggedized lens,C-Mount Lenses (CITRINE/TURQUOISE/AQUAMARINE/OPAL/JADE/TOURMALINE/TOPAZ),30,,295,F/2 ... F/16,19.3,,,- | 0.25,,,,,,C,87,,,https://schneiderkreuznach.com/en/industrial-optics/lenses/c-mount-lenses/topaz/f2-0-30mm-c-ruggedized,schneider_cmount
Schneider-Kreuznach,fixed_focal,TOPAZ 2.0/38 C-Mount lens,C-Mount Lenses (CITRINE/TURQUOISE/AQUAMARINE/OPAL/JADE/TOURMALINE/TOPAZ),38,,374,F/2 ... F/16,19.3,,,- | 0.25,,,,,,C,133,,,https://schneiderkreuznach.com/en/industrial-optics/lenses/c-mount-lenses/topaz/f2-0-38mm-c,schneider_cmount
Schneider-Kreuznach,fixed_focal,TOPAZ 2.0/38 C-Mount motorized lens,C-Mount Lenses (CITRINE/TURQUOISE/AQUAMARINE/OPAL/JADE/TOURMALINE/TOPAZ),38,,374,F/2 ... F/16,19.3,,,- | 0.25,,,,,,C,193,,,https://schneiderkreuznach.com/en/industrial-optics/lenses/c-mount-lenses/topaz/f2-0-38mm-c-motorized-iris,schneider_cmount
Schneider-Kreuznach,fixed_focal,TOPAZ 2.0/38 C-Mount ruggedized lens,C-Mount Lenses (CITRINE/TURQUOISE/AQUAMARINE/OPAL/JADE/TOURMALINE/TOPAZ),38,,374,F/2 ... F/16,19.3,,,- | 0.25,,,,,,C,133,,,https://schneiderkreuznach.com/en/industrial-optics/lenses/c-mount-lenses/topaz/f2-0-38mm-c-ruggedized,schneider_cmount
Schneider-Kreuznach,fixed_focal,TOPAZ 2.0/50 C-Mount lens,C-Mount Lenses (CITRINE/TURQUOISE/AQUAMARINE/OPAL/JADE/TOURMALINE/TOPAZ),50,,505,F/2 ... F/16,19.3,,,- | 0.24,,,,,,C,156,,,https://schneiderkreuznach.com/en/industrial-optics/lenses/c-mount-lenses/topaz/f2-0-50mm-c,schneider_cmount
Schneider-Kreuznach,fixed_focal,TOPAZ 2.0/50 C-Mount motorized lens,C-Mount Lenses (CITRINE/TURQUOISE/AQUAMARINE/OPAL/JADE/TOURMALINE/TOPAZ),50,,505,F/2 ... F/16,19.3,,,- | 0.24,,,,,,C,216,,,https://schneiderkreuznach.com/en/industrial-optics/lenses/c-mount-lenses/topaz/f2-0-50mm-c-motorized-iris,schneider_cmount
Schneider-Kreuznach,fixed_focal,TOPAZ 2.0/50 C-Mount ruggedized lens,C-Mount Lenses (CITRINE/TURQUOISE/AQUAMARINE/OPAL/JADE/TOURMALINE/TOPAZ),50,,505,F/2 ... F/16,19.3,,,- | 0.24,,,,,,C,156,,,https://schneiderkreuznach.com/en/industrial-optics/lenses/c-mount-lenses/topaz/f2-0-50mm-c-ruggedized,schneider_cmount
Schneider-Kreuznach,fixed_focal,ONYX F0.95/25 mm C-Mount fast lens,"Fast Lenses (ONYX, F0.95)",25,,234,F/0.95 ... F/11,16,,,- | 0.5,,,,,,C,240,,,https://schneiderkreuznach.com/en/industrial-optics/lenses/fast-lenses/onyx/f0-95-25mm-c,schneider_fast
Schneider-Kreuznach,fixed_focal,ONYX F0.95/25 mm C-Mount fixed iris fast lens,"Fast Lenses (ONYX, F0.95)",25,,234,F/0.95,16,,,- | 0.5,,,,,,C,155,,,https://schneiderkreuznach.com/en/industrial-optics/lenses/fast-lenses/onyx/f0-95-25mm-c-fixed-iris,schneider_fast
Schneider-Kreuznach,fixed_focal,PYRITE F2.8/28 mm large format lens,Large Format Lenses (PYRITE/AMBER/THULITE/EMERALD/TITANITE),28,,61,F/2.8 ... F/16,30,,,- | 0.18,,,,,,V38-Mount,99,,,https://schneiderkreuznach.com/en/industrial-optics/lenses/large-format-lenses/pyrite/f2-8-28mm-v38,schneider_large_format
Schneider-Kreuznach,fixed_focal,PYRITE F2.8/35 mm large format lens,Large Format Lenses (PYRITE/AMBER/THULITE/EMERALD/TITANITE),35,,77,F/2.8 ... F/22,30,,,- | 0.18,,,,,,V38-Mount,108,,,https://schneiderkreuznach.com/en/industrial-optics/lenses/large-format-lenses/pyrite/f2-8-35mm-v38,schneider_large_format
Schneider-Kreuznach,fixed_focal,PYRITE F2.8/40 mm large format lens,Large Format Lenses (PYRITE/AMBER/THULITE/EMERALD/TITANITE),40,,97,F/2.8 ... F/22,43.2,,,- | 0.17,,,,,,V38-Mount,102,,,https://schneiderkreuznach.com/en/industrial-optics/lenses/large-format-lenses/pyrite/f2-8-40mm-v38,schneider_large_format
Schneider-Kreuznach,fixed_focal,PYRITE F2.8/50 mm large format lens,Large Format Lenses (PYRITE/AMBER/THULITE/EMERALD/TITANITE),50,,127,F/2.8 ... F/32,43.2,,,- | 0.17,,,,,,V38-Mount,107,,,https://schneiderkreuznach.com/en/industrial-optics/lenses/large-format-lenses/pyrite/f2-8-50mm-v38,schneider_large_format
Schneider-Kreuznach,fixed_focal,PYRITE F4.0/45 mm large format lens,Large Format Lenses (PYRITE/AMBER/THULITE/EMERALD/TITANITE),45,,114,F/4 ... F/32,43.2,,,- | 0.12,,,,,,V38-Mount,94,,,https://schneiderkreuznach.com/en/industrial-optics/lenses/large-format-lenses/pyrite/f4-0-45mm-v38,schneider_large_format
Schneider-Kreuznach,fixed_focal,PYRITE F4.0/60 mm large format lens,Large Format Lenses (PYRITE/AMBER/THULITE/EMERALD/TITANITE),60,,156,F/4 ... F/32,62.5,,,- | 0.12,,,,,,V38-Mount,114,,,https://schneiderkreuznach.com/en/industrial-optics/lenses/large-format-lenses/pyrite/f4-0-60mm-v38,schneider_large_format
Schneider-Kreuznach,fixed_focal,PYRITE F4.0/80 mm large format lens,Large Format Lenses (PYRITE/AMBER/THULITE/EMERALD/TITANITE),80,,214,F/4 ... F/45,82,,,- | 0.12,,,,,,V38-Mount,109,,,https://schneiderkreuznach.com/en/industrial-optics/lenses/large-format-lenses/pyrite/f4-0-80mm-v38,schneider_large_format
Schneider-Kreuznach,fixed_focal,PYRITE F5.6/80/1.0x mm large format lens,Large Format Lenses (PYRITE/AMBER/THULITE/EMERALD/TITANITE),80,,98,F/5.6 ... F/45,100,,,0.06 | 0.06,,,,,,V38-Mount,130,,,https://schneiderkreuznach.com/en/industrial-optics/lenses/large-format-lenses/pyrite/f5-6-80mm-1-0x-v38,schneider_large_format
Schneider-Kreuznach,fixed_focal,PYRITE F4.5/85/0.5x-2.0x mm large format lens,Large Format Lenses (PYRITE/AMBER/THULITE/EMERALD/TITANITE),85,,100,F/4.5 ... F/8,62.5,,,0.06 | 0.06,,,,,,V38-Mount,270,,,https://schneiderkreuznach.com/en/industrial-optics/lenses/large-format-lenses/pyrite/f4-5-85mm-0-5x-2-0x-v38,schneider_large_format
Schneider-Kreuznach,fixed_focal,PYRITE F4.5/90 mm/0.3x large format lens,Large Format Lenses (PYRITE/AMBER/THULITE/EMERALD/TITANITE),90,,240,F/4.5 ... F/64,90,,,0.03 | 0.10,,,,,,V38-Mount,129,,,https://schneiderkreuznach.com/en/industrial-optics/lenses/large-format-lenses/pyrite/f4-5-90mm-0-3x-v38,schneider_large_format
Schneider-Kreuznach,fixed_focal,PYRITE F4.5/90 mm large format lens,Large Format Lenses (PYRITE/AMBER/THULITE/EMERALD/TITANITE),90,,246,F/4.5 ... F/64,90,,,0.03 | 0.10,,,,,,V38-Mount,134,,,https://schneiderkreuznach.com/en/industrial-optics/lenses/large-format-lenses/pyrite/f4-5-90mm-v38,schneider_large_format
Schneider-Kreuznach,fixed_focal,PYRITE F5.6/100 mm large format lens,Large Format Lenses (PYRITE/AMBER/THULITE/EMERALD/TITANITE),100,,283,F/5.6 ... F/64,100,,,- | 0.09,,,,,,V38-Mount,174,,,https://schneiderkreuznach.com/en/industrial-optics/lenses/large-format-lenses/pyrite/f5-6-100mm-v38,schneider_large_format
Schneider-Kreuznach,fixed_focal,PYRITE F5.6/120/0.5x mm large format lens,Large Format Lenses (PYRITE/AMBER/THULITE/EMERALD/TITANITE),120,,269,F/5.6 ... F/64,90,,,0.04 | 0.06,,,,,,V38-Mount,164,,,https://schneiderkreuznach.com/en/industrial-optics/lenses/large-format-lenses/pyrite/f5-6-120mm-0-5x-v38,schneider_large_format
Schneider-Kreuznach,fixed_focal,PYRITE F5.6/120/1.0x mm large format lens,Large Format Lenses (PYRITE/AMBER/THULITE/EMERALD/TITANITE),120,,198,F/5.6 ... F/64,90,,,0.05 | 0.05,,,,,,V38-Mount,164,,,https://schneiderkreuznach.com/en/industrial-optics/lenses/large-format-lenses/pyrite/f5-6-120mm-1-0x-v38,schneider_large_format
Schneider-Kreuznach,fixed_focal,PYRITE F5.6/120/0.33x mm large format lens,Large Format Lenses (PYRITE/AMBER/THULITE/EMERALD/TITANITE),120,,409,F/5.6 ... F/64,90,,,0.02 | 0.07,,,,,,V38-Mount,164,,,https://schneiderkreuznach.com/en/industrial-optics/lenses/large-format-lenses/pyrite/f5-6-120mm-0-33x-v38,schneider_large_format
Schneider-Kreuznach,fixed_focal,PYRITE F5.6/120/0.75x mm large format lens,Large Format Lenses (PYRITE/AMBER/THULITE/EMERALD/TITANITE),120,,228,F/5.6 ... F/64,90,,,0.04 | 0.05,,,,,,V38-Mount,164,,,https://schneiderkreuznach.com/en/industrial-optics/lenses/large-format-lenses/pyrite/f5-6-120mm-0-75x-v38,schneider_large_format
Schneider-Kreuznach,fixed_focal,AMBER F2.8/40 mm large format lens,Large Format Lenses (PYRITE/AMBER/THULITE/EMERALD/TITANITE),40,,175,F/2.8 ... F/22,43.2,,,- | 0.16,,,,,,V38-Mount,105,,,https://schneiderkreuznach.com/en/industrial-optics/lenses/large-format-lenses/amber/f2-8-40mm-v38,schneider_large_format
Schneider-Kreuznach,fixed_focal,AMBER 4.0/60 mm large format lens,Large Format Lenses (PYRITE/AMBER/THULITE/EMERALD/TITANITE),60,,274,F/4.0 ... F/32,62.5,,,- | 0.11,,,,,,V38-Mount,114,,,https://schneiderkreuznach.com/en/industrial-optics/lenses/large-format-lenses/amber/f4-0-60mm-v38,schneider_large_format
Schneider-Kreuznach,fixed_focal,AMBER 4.0/80 mm large format lens,Large Format Lenses (PYRITE/AMBER/THULITE/EMERALD/TITANITE),80,,376,F/4.0 ... F/32,82,,,- | 0.11,,,,,,V38-Mount,133,,,https://schneiderkreuznach.com/en/industrial-optics/lenses/large-format-lenses/amber/f4-0-80mm-v38,schneider_large_format
Schneider-Kreuznach,fixed_focal,AMBER 5.6/100 mm large format lens,Large Format Lenses (PYRITE/AMBER/THULITE/EMERALD/TITANITE),100,,469,F/5.6 ... F/22,82,,,- | 0.08,,,,,,V38-Mount,146,,,https://schneiderkreuznach.com/en/industrial-optics/lenses/large-format-lenses/amber/f5-6-100mm-v38,schneider_large_format
Schneider-Kreuznach,fixed_focal,THULITE F2.8/35 mm M42x1 large format lens,Large Format Lenses (PYRITE/AMBER/THULITE/EMERALD/TITANITE),35,,242,F/2.8 ... F/16,32,,,- | 0.17,,,,,,M42,209,,,https://schneiderkreuznach.com/en/industrial-optics/lenses/large-format-lenses/thulite/f2-8-35mm-m42x1,schneider_large_format
Schneider-Kreuznach,fixed_focal,THULITE F2.8/35 mm M42x0.75 large format lens,Large Format Lenses (PYRITE/AMBER/THULITE/EMERALD/TITANITE),35,,242,F/2.8 ... F/16,32,,,- | 0.17,,,,,,M42,209,,,https://schneiderkreuznach.com/en/industrial-optics/lenses/large-format-lenses/thulite/f2-8-35mm-m42x0-75,schneider_large_format
Schneider-Kreuznach,fixed_focal,THULITE F2.8/35 mm TFL-Mount large format lens,Large Format Lenses (PYRITE/AMBER/THULITE/EMERALD/TITANITE),35,,242,F/2.8 ... F/16,32,,,- | 0.17,,,,,,TFL-Mount,211,,,https://schneiderkreuznach.com/en/industrial-optics/lenses/large-format-lenses/thulite/f2-8-35mm-tfl,schneider_large_format
Schneider-Kreuznach,fixed_focal,THULITE F2.8/50 mm M42x1-LD large format lens,Large Format Lenses (PYRITE/AMBER/THULITE/EMERALD/TITANITE),50,,510,F/2.8 ... F/16,32,,,- | 0.18,,,,,,M42,358,,,https://schneiderkreuznach.com/en/industrial-optics/lenses/large-format-lenses/thulite/f2-8-50mm-m42x1-ld,schneider_large_format
Schneider-Kreuznach,fixed_focal,THULITE F2.8/50 mm M42x1-SD large format lens,Large Format Lenses (PYRITE/AMBER/THULITE/EMERALD/TITANITE),50,,260,F/2.8 ... F/16,32,,,- | 0.17,,,,,,M42,345,,,https://schneiderkreuznach.com/en/industrial-optics/lenses/large-format-lenses/thulite/f2-8-50mm-m42x1-sd,schneider_large_format
Schneider-Kreuznach,fixed_focal,THULITE F2.8/50 mm M42x0.75-LD large format lens,Large Format Lenses (PYRITE/AMBER/THULITE/EMERALD/TITANITE),50,,510,F/2.8 ... F/16,32,,,- | 0.18,,,,,,M42,358,,,https://schneiderkreuznach.com/en/industrial-optics/lenses/large-format-lenses/thulite/f2-8-50mm-m42x0-75-ld,schneider_large_format
Schneider-Kreuznach,fixed_focal,THULITE F2.8/50 mm M42x0.75-SD large format lens,Large Format Lenses (PYRITE/AMBER/THULITE/EMERALD/TITANITE),50,,260,F/2.8 ... F/16,32,,,- | 0.17,,,,,,M42,345,,,https://schneiderkreuznach.com/en/industrial-optics/lenses/large-format-lenses/thulite/f2-8-50mm-m42x0-75-sd,schneider_large_format
Schneider-Kreuznach,fixed_focal,THULITE F2.8/50 mm TFL-LD Mount large format lens,Large Format Lenses (PYRITE/AMBER/THULITE/EMERALD/TITANITE),50,,510,F/2.8 ... F/16,32,,,- | 0.18,,,,,,TFL-Mount,358,,,https://schneiderkreuznach.com/en/industrial-optics/lenses/large-format-lenses/thulite/f2-8-50mm-tfl-ld,schneider_large_format
Schneider-Kreuznach,fixed_focal,THULITE F2.8/50 mm TFL-Mount large format lens,Large Format Lenses (PYRITE/AMBER/THULITE/EMERALD/TITANITE),50,,260,F/2.8 ... F/16,32,,,- | 0.17,,,,,,TFL-Mount,358,,,https://schneiderkreuznach.com/en/industrial-optics/lenses/large-format-lenses/thulite/f2-8-50mm-tfl-sd,schneider_large_format
Schneider-Kreuznach,fixed_focal,THULITE F2.8/75 mm M42x1-LD large format lens,Large Format Lenses (PYRITE/AMBER/THULITE/EMERALD/TITANITE),75,,770,F/2.8 ... F/16,32,,,- | 0.17,,,,,,M42,430,,,https://schneiderkreuznach.com/en/industrial-optics/lenses/large-format-lenses/thulite/f2-8-75mm-m42x1-ld,schneider_large_format
Schneider-Kreuznach,fixed_focal,THULITE F2.8/75 mm M42x1-SD large format lens,Large Format Lenses (PYRITE/AMBER/THULITE/EMERALD/TITANITE),75,,397,F/2.8 ... F/16,32,,,- | 0.18,,,,,,M42,430,,,https://schneiderkreuznach.com/en/industrial-optics/lenses/large-format-lenses/thulite/f2-8-75mm-m42x1-sd,schneider_large_format
Schneider-Kreuznach,fixed_focal,THULITE F2.8/75 mm M42x0.75-LD large format lens,Large Format Lenses (PYRITE/AMBER/THULITE/EMERALD/TITANITE),75,,770,F/2.8 ... F/16,32,,,- | 0.17,,,,,,M42,430,,,https://schneiderkreuznach.com/en/industrial-optics/lenses/large-format-lenses/thulite/f2-8-75mm-m42x0-75-ld,schneider_large_format
Schneider-Kreuznach,fixed_focal,THULITE F2.8/75 mm M42x0.75-SD large format lens,Large Format Lenses (PYRITE/AMBER/THULITE/EMERALD/TITANITE),75,,397,F/2.8 ... F/16,32,,,- | 0.18,,,,,,M42,430,,,https://schneiderkreuznach.com/en/industrial-optics/lenses/large-format-lenses/thulite/f2-8-75mm-m42x0-75-sd,schneider_large_format
Schneider-Kreuznach,fixed_focal,THULITE F2.8/75 mm TFL-LD Mount large format lens,Large Format Lenses (PYRITE/AMBER/THULITE/EMERALD/TITANITE),75,,770,F/2.8 ... F/16,32,,,- | 0.17,,,,,,TFL-Mount,443,,,https://schneiderkreuznach.com/en/industrial-optics/lenses/large-format-lenses/thulite/f2-8-75mm-tfl-ld,schneider_large_format
Schneider-Kreuznach,fixed_focal,THULITE F2.8/75 mm TFL-Mount large format lens,Large Format Lenses (PYRITE/AMBER/THULITE/EMERALD/TITANITE),75,,397,F/2.8 ... F/16,32,,,- | 0.18,,,,,,TFL-Mount,443,,,https://schneiderkreuznach.com/en/industrial-optics/lenses/large-format-lenses/thulite/f2-8-75mm-tfl-sd,schneider_large_format
Schneider-Kreuznach,fixed_focal,EMERALD F2.8/28 mm F-LD Mount large format lens,Large Format Lenses (PYRITE/AMBER/THULITE/EMERALD/TITANITE),28,,553,F/2.8 ... F/22,43.2,,,- | 0.17,,,,,,F,510,,,https://schneiderkreuznach.com/en/industrial-optics/lenses/large-format-lenses/emerald/f2-8-28mm-f-mount-ld,schneider_large_format
Schneider-Kreuznach,fixed_focal,EMERALD F2.8/28 mm F-Mount large format lens,Large Format Lenses (PYRITE/AMBER/THULITE/EMERALD/TITANITE),28,,265,F/2.8 ... F/22,43.2,,,- | 0.17,,,,,,F,517,,,https://schneiderkreuznach.com/en/industrial-optics/lenses/large-format-lenses/emerald/f2-8-28mm-f-mount-sd,schneider_large_format
Schneider-Kreuznach,fixed_focal,EMERALD F2.8/28 mm V-Mount large format lens,Large Format Lenses (PYRITE/AMBER/THULITE/EMERALD/TITANITE),28,,553,F/2.8 ... F/22,43.2,,,- | 0.17,,,,,,V48-Mount,522,,,https://schneiderkreuznach.com/en/industrial-optics/lenses/large-format-lenses/emerald/f2-8-28mm-v48-ld,schneider_large_format
Schneider-Kreuznach,fixed_focal,EMERALD F2.8/28 mm V48-Mount large format lens,Large Format Lenses (PYRITE/AMBER/THULITE/EMERALD/TITANITE),28,,265,F/2.8 ... F/22,43.2,,,- | 0.17,,,,,,V48-Mount,523,,,https://schneiderkreuznach.com/en/industrial-optics/lenses/large-format-lenses/emerald/f2-8-28mm-v48-sd,schneider_large_format
Schneider-Kreuznach,fixed_focal,EMERALD F2.2/50 mm F-Mount large format lens,Large Format Lenses (PYRITE/AMBER/THULITE/EMERALD/TITANITE),50,,327,F/2.2 ... F/16,43.2,,,- | 0.21,,,,,,F,196,,,https://schneiderkreuznach.com/en/industrial-optics/lenses/large-format-lenses/emerald/f2-2-50mm-f-mount,schneider_large_format
Schneider-Kreuznach,fixed_focal,EMERALD F2.2/50 mm V-Mount large format lens,Large Format Lenses (PYRITE/AMBER/THULITE/EMERALD/TITANITE),50,,327,F/2.2 ... F/16,43.2,,,- | 0.21,,,,,,V48-Mount,202,,,https://schneiderkreuznach.com/en/industrial-optics/lenses/large-format-lenses/emerald/f2-2-50mm-v48,schneider_large_format
Schneider-Kreuznach,fixed_focal,EMERALD F4.0/60 mm F-Mount large format lens,Large Format Lenses (PYRITE/AMBER/THULITE/EMERALD/TITANITE),60,,230,F/4 ... F/16,62.5,,,- | 0.12,,,,,,F,262,,,https://schneiderkreuznach.com/en/industrial-optics/lenses/large-format-lenses/emerald/f4-0-60mm-f-mount,schneider_large_format
Schneider-Kreuznach,fixed_focal,EMERALD F4.0/60 mm V48-Mount large format lens,Large Format Lenses (PYRITE/AMBER/THULITE/EMERALD/TITANITE),60,,230,F/4 ... F/16,62.5,,,- | 0.12,,,,,,V48-Mount,197,,,https://schneiderkreuznach.com/en/industrial-optics/lenses/large-format-lenses/emerald/f4-0-60mm-v48,schneider_large_format
Schneider-Kreuznach,fixed_focal,EMERALD F4.0/80 mm F-Mount large format lens,Large Format Lenses (PYRITE/AMBER/THULITE/EMERALD/TITANITE),80,,380,F/4 ... F/16,43.2,,,- | 0.12,,,,,,F,439,,,https://schneiderkreuznach.com/en/industrial-optics/lenses/large-format-lenses/emerald/f4-0-80mm-f-mount,schneider_large_format
Schneider-Kreuznach,fixed_focal,EMERALD F4.0/80 mm V48-Mount large format lens,Large Format Lenses (PYRITE/AMBER/THULITE/EMERALD/TITANITE),80,,380,F/4 ... F/16,82,,,- | 0.12,,,,,,V48-Mount,204,,,https://schneiderkreuznach.com/en/industrial-optics/lenses/large-format-lenses/emerald/f4-0-80mm-v48,schneider_large_format
Schneider-Kreuznach,fixed_focal,EMERALD F2.8/100 mm F-Mount large format lens,Large Format Lenses (PYRITE/AMBER/THULITE/EMERALD/TITANITE),100,,633,F/2.8 ... F/22,43.2,,,- | 0.17,,,,,,F,441,,,https://schneiderkreuznach.com/en/industrial-optics/lenses/large-format-lenses/emerald/f2-8-100mm-f-mount-sd,schneider_large_format
Schneider-Kreuznach,fixed_focal,EMERALD F2.8/100 mm V48-Mount large format lens,Large Format Lenses (PYRITE/AMBER/THULITE/EMERALD/TITANITE),100,,633,F/2.8 ... F/22,43.2,,,- | 0.17,,,,,,V48-Mount,317,,,https://schneiderkreuznach.com/en/industrial-optics/lenses/large-format-lenses/emerald/f2-8-100mm-v48-sd,schneider_large_format
Schneider-Kreuznach,fixed_focal,EMERALD F2.9/100 mm F-Mount large format lens,Large Format Lenses (PYRITE/AMBER/THULITE/EMERALD/TITANITE),100,,2062,F/2.9 ... F/22,43.2,,,- | 0.17,,,,,,F,442,,,https://schneiderkreuznach.com/en/industrial-optics/lenses/large-format-lenses/emerald/f2-9-100mm-f-mount-ld,schneider_large_format
Schneider-Kreuznach,fixed_focal,EMERALD F2.9/100 mm V-Mount large format lens,Large Format Lenses (PYRITE/AMBER/THULITE/EMERALD/TITANITE),100,,2062,F/2.9 ... F/22,43.2,,,- | 0.17,,,,,,V48-Mount,318,,,https://schneiderkreuznach.com/en/industrial-optics/lenses/large-format-lenses/emerald/f2-9-100mm-v48-ld,schneider_large_format
Schneider-Kreuznach,fixed_focal,EMERALD F5.6/135 mm V48-Mount large format lens,Large Format Lenses (PYRITE/AMBER/THULITE/EMERALD/TITANITE),135,,379,F/5.6 ... F/22,90,,,- | 0.09,,,,,,V48-Mount,260,,,https://schneiderkreuznach.com/en/industrial-optics/lenses/large-format-lenses/emerald/f5-6-135mm-v48,schneider_large_format
Schneider-Kreuznach,fixed_focal,TITANITE 5.0x/0.27 V-Mount lens,Large Format Lenses (PYRITE/AMBER/THULITE/EMERALD/TITANITE),100,,21.8 (21.28 ... 22.35),,82,,,0.27 | 0.05,,,,,,V110-Mount,3460,,,https://schneiderkreuznach.com/en/industrial-optics/lenses/large-format-lenses/titanite/5-0x-0-27,schneider_large_format
Schneider-Kreuznach,linescan_telecentric,ZIRCONIA 0.01/0.1x V48 line scan lens,Line Scan Lenses (ZIRCONIA/SAPPHIRE/DIAMOND),90,,644,F/3.3 ... F/11,62.5,,,0.01 | 0.14,,,,,,V48-Mount,246,,,https://schneiderkreuznach.com/en/industrial-optics/lenses/line-scan-lenses/zirconia/0-01-0-1x-v48,schneider_linescan
Schneider-Kreuznach,linescan_telecentric,ZIRCONIA 0.03/0.2x V48 line scan lens,Line Scan Lenses (ZIRCONIA/SAPPHIRE/DIAMOND),92,,429,F/3.3 ... F/11,62.5,,,0.03 | 0.13,,,,,,V48-Mount,246,,,https://schneiderkreuznach.com/en/industrial-optics/lenses/line-scan-lenses/zirconia/0-03-0-2x-v48,schneider_linescan
Schneider-Kreuznach,linescan_telecentric,ZIRCONIA 0.05/0.5x V48 line scan lens,Line Scan Lenses (ZIRCONIA/SAPPHIRE/DIAMOND),91,,206,F/3.2 ... F/11,62.5,,,0.05 | 0.10,,,,,,V48-Mount,250,,,https://schneiderkreuznach.com/en/industrial-optics/lenses/line-scan-lenses/zirconia/0-05-0-5x-v48,schneider_linescan
Schneider-Kreuznach,linescan_telecentric,ZIRCONIA 0.07/0.7x V48 line scan lens,Line Scan Lenses (ZIRCONIA/SAPPHIRE/DIAMOND),91,,159,F/3.1 ... F/11,62.5,,,0.07 | 0.09,,,,,,V48-Mount,250,,,https://schneiderkreuznach.com/en/industrial-optics/lenses/line-scan-lenses/zirconia/0-07-0-7x-v48,schneider_linescan
Schneider-Kreuznach,linescan_telecentric,ZIRCONIA 0.09/1.0x V48 line scan lens,Line Scan Lenses (ZIRCONIA/SAPPHIRE/DIAMOND),89,,125,F/2.8 ... F/11,62.5,,,0.09 | 0.09,,,,,,V48-Mount,250,,,https://schneiderkreuznach.com/en/industrial-optics/lenses/line-scan-lenses/zirconia/0-09-1-0x-v48,schneider_linescan
Schneider-Kreuznach,linescan_telecentric,ZIRCONIA XL 0.03/0.33x V48 line scan lens,Line Scan Lenses (ZIRCONIA/SAPPHIRE/DIAMOND),104,,334,F/4 ... F/11,82,,,0.03 | 0.09,,,,,,V48-Mount,242,,,https://schneiderkreuznach.com/en/industrial-optics/lenses/line-scan-lenses/zirconia/0-03-0-33x-v48,schneider_linescan
Schneider-Kreuznach,linescan_telecentric,ZIRCONIA XL 0.10/2.0x V48 line scan lens,Line Scan Lenses (ZIRCONIA/SAPPHIRE/DIAMOND),92,,95,F/3.2 ... F/11,82,,,0.1 | 0.05,,,,,,V48-Mount,250,,,https://schneiderkreuznach.com/en/industrial-optics/lenses/line-scan-lenses/zirconia/0-10-2-0x-v48,schneider_linescan
Schneider-Kreuznach,linescan_telecentric,ZIRCONIA XL 0.10/2.0x V48 beamsplitter line scan lens,Line Scan Lenses (ZIRCONIA/SAPPHIRE/DIAMOND),92,,62,F/3.2 ... F/11,82,,,0.10 | 0.05,,,,,,V48-Mount,560,,,https://schneiderkreuznach.com/en/industrial-optics/lenses/line-scan-lenses/zirconia/0-10-2-0x-v48-beamsplitter,schneider_linescan
Schneider-Kreuznach,linescan_telecentric,SAPPHIRE 0.02/0.23x V70 line scan lens,Line Scan Lenses (ZIRCONIA/SAPPHIRE/DIAMOND),95,,379,F/3.9 ... F/8,62.5,,,0.02 | 0.11,,,,,,V70-Mount,700,,,https://schneiderkreuznach.com/en/industrial-optics/lenses/line-scan-lenses/sapphire/0-02-0-23x-v70,schneider_linescan
Schneider-Kreuznach,linescan_telecentric,SAPPHIRE 0.03/0.29x V70 line scan lens,Line Scan Lenses (ZIRCONIA/SAPPHIRE/DIAMOND),96,,330,F/3.7 ... F/8,62.5,,,0.03 | 0.11,,,,,,V70-Mount,700,,,https://schneiderkreuznach.com/en/industrial-optics/lenses/line-scan-lenses/sapphire/0-03-0-29x-v70,schneider_linescan
Schneider-Kreuznach,linescan_telecentric,SAPPHIRE 0.04/0.35x V70 line scan lens,Line Scan Lenses (ZIRCONIA/SAPPHIRE/DIAMOND),96,,287,F/3.5 ... F/8,62.5,,,0.04 | 0.11,,,,,,V70-Mount,830,,,https://schneiderkreuznach.com/en/industrial-optics/lenses/line-scan-lenses/sapphire/0-04-0-35x-v70,schneider_linescan
Schneider-Kreuznach,linescan_telecentric,SAPPHIRE 0.05/0.5x V70 line scan lens,Line Scan Lenses (ZIRCONIA/SAPPHIRE/DIAMOND),96,,215,F/3.2 ... F/11.3,62.5,,,0.05 | 0.11,,,,,,V70-Mount,700,,,https://schneiderkreuznach.com/en/industrial-optics/lenses/line-scan-lenses/sapphire/0-05-0-5x-v70,schneider_linescan
Schneider-Kreuznach,linescan_telecentric,SAPPHIRE 0.06/0.7x V70 line scan lens,Line Scan Lenses (ZIRCONIA/SAPPHIRE/DIAMOND),97,,169,F/3.2 ... F/11.3,62.5,,,0.06 | 0.09,,,,,,V70-Mount,810,,,https://schneiderkreuznach.com/en/industrial-optics/lenses/line-scan-lenses/sapphire/0-06-0-7x-v70,schneider_linescan
Schneider-Kreuznach,linescan_telecentric,SAPPHIRE 0.007/0.07x V70 line scan lens,Line Scan Lenses (ZIRCONIA/SAPPHIRE/DIAMOND),95,,601,F/4.5 ... F/8,62.5,,,0.007 | 0.10,,,,,,V70-Mount,735,,,https://schneiderkreuznach.com/en/industrial-optics/lenses/line-scan-lenses/sapphire/0-007-0-07x-v70,schneider_linescan
Schneider-Kreuznach,linescan_telecentric,SAPPHIRE 0.08/0.875x V70 line scan lens,Line Scan Lenses (ZIRCONIA/SAPPHIRE/DIAMOND),98,,148,F/2.8 ... F/8,62.5,,,0.08 | 0.10,,,,,,V70-Mount,720,,,https://schneiderkreuznach.com/en/industrial-optics/lenses/line-scan-lenses/sapphire/0-08-0-875x-v70,schneider_linescan
Schneider-Kreuznach,linescan_telecentric,SAPPHIRE 0.09/1.143x V70 line scan lens,Line Scan Lenses (ZIRCONIA/SAPPHIRE/DIAMOND),98,,123,F/2.8 ... F/8,62.5,,,0.09 | 0.08,,,,,,V70-Mount,750,,,https://schneiderkreuznach.com/en/industrial-optics/lenses/line-scan-lenses/sapphire/0-09-1-143x-v70,schneider_linescan
Schneider-Kreuznach,linescan_telecentric,SAPPHIRE 0.10/1.75x V70 line scan lens,Line Scan Lenses (ZIRCONIA/SAPPHIRE/DIAMOND),88,,81,F/3.2 ... F/8,62.5,,,0.10 | 0.06,,,,,,V70-Mount,688,,,https://schneiderkreuznach.com/en/industrial-optics/lenses/line-scan-lenses/sapphire/0-10-1-75x-v70,schneider_linescan
Schneider-Kreuznach,linescan_telecentric,SAPPHIRE 0.10/1.75x V70 beamsplitter line scan lens,Line Scan Lenses (ZIRCONIA/SAPPHIRE/DIAMOND),88,,59,F/3.2 ... F/8,62.5,,,0.10 | 0.06,,,,,,V70-Mount,935,,,https://schneiderkreuznach.com/en/industrial-optics/lenses/line-scan-lenses/sapphire/0-10-1-75x-v70-beamsplitter,schneider_linescan
Schneider-Kreuznach,linescan_telecentric,SAPPHIRE XL 0.09/1.43x V70 line scan lens,Line Scan Lenses (ZIRCONIA/SAPPHIRE/DIAMOND),97,,105,F/3.2 ... F/8,82,,,0.09 | 0.07,,,,,,V70-Mount,840,,,https://schneiderkreuznach.com/en/industrial-optics/lenses/line-scan-lenses/sapphire/0-09-1-43x-v70,schneider_linescan
Schneider-Kreuznach,linescan_telecentric,SAPPHIRE XL 0.10/2.0x V70 line scan lens,Line Scan Lenses (ZIRCONIA/SAPPHIRE/DIAMOND),96,,88,F/3.2 ... F/8,82,,,0.10 | 0.05,,,,,,V70-Mount,840,,,https://schneiderkreuznach.com/en/industrial-optics/lenses/line-scan-lenses/sapphire/0-10-2-0x-v70,schneider_linescan
Schneider-Kreuznach,linescan_telecentric,DIAMOND 0.12/2.6x V70 beamsplitter line scan lens,Line Scan Lenses (ZIRCONIA/SAPPHIRE/DIAMOND),106,,61,F/2.9 ... F/8,62.5,,,0.12 | 0.05,,,,,,V70-Mount,1350,,,https://schneiderkreuznach.com/en/industrial-optics/lenses/line-scan-lenses/diamond/0-12-2-6x-v70-beamsplitter,schneider_linescan
Schneider-Kreuznach,linescan_telecentric,DIAMOND 0.13/2.6x V70 line scan lens,Line Scan Lenses (ZIRCONIA/SAPPHIRE/DIAMOND),111,,82,F/2.7 ... F/8,62.5,,,0.13 | 0.05,,,,,,V70-Mount,1140,,,https://schneiderkreuznach.com/en/industrial-optics/lenses/line-scan-lenses/diamond/0-13-2-6x-v70,schneider_linescan
Schneider-Kreuznach,linescan_telecentric,DIAMOND 0.16/3.5x V90 beamsplitter line scan lens,Line Scan Lenses (ZIRCONIA/SAPPHIRE/DIAMOND),116,,52,F/2.3 ... F/11.3,62.5,,,0.16 | 0.05,,,,,,V90-Mount,2260,,,https://schneiderkreuznach.com/en/industrial-optics/lenses/line-scan-lenses/diamond/0-16-3-5x-v90-beamsplitter,schneider_linescan
Schneider-Kreuznach,linescan_telecentric,DIAMOND 0.17/3.5x V90 line scan lens,Line Scan Lenses (ZIRCONIA/SAPPHIRE/DIAMOND),117,,71,F/2.2 ... F/11.3,62.5,,,0.17 | 0.06,,,,,,V90-Mount,2008,,,https://schneiderkreuznach.com/en/industrial-optics/lenses/line-scan-lenses/diamond/0-17-3-5x-v90,schneider_linescan
Schneider-Kreuznach,linescan_telecentric,DIAMOND 0.22/5.2x V70 line scan lens,Line Scan Lenses (ZIRCONIA/SAPPHIRE/DIAMOND),82,,55,F/1.5 ... F/11,62.5,,,0.22 | 0.04,,,,,,V70-Mount,1030,,,https://schneiderkreuznach.com/en/industrial-optics/lenses/line-scan-lenses/diamond/0-22-5-2x-v70,schneider_linescan
Schneider-Kreuznach,linescan_telecentric,DIAMOND 0.22/5.2x V70 beamsplitter line scan lens,Line Scan Lenses (ZIRCONIA/SAPPHIRE/DIAMOND),80,,33,F/1.6 ... F/11,62.5,,,0.22 | 0.04,,,,,,V70-Mount,1252,,,https://schneiderkreuznach.com/en/industrial-optics/lenses/line-scan-lenses/diamond/0-22-5-2x-v70-beamsplitter,schneider_linescan
Schneider-Kreuznach,linescan_telecentric,DIAMOND XL 0.16/3.33x V90 beamsplitter line scan lens,Line Scan Lenses (ZIRCONIA/SAPPHIRE/DIAMOND),116,,48,F/2.3 ... F/11,82,,,0.16 | 0.05,,,,,,V90-Mount,1900,,,https://schneiderkreuznach.com/en/industrial-optics/lenses/line-scan-lenses/diamond/0-16-3-33x-v90-beamsplitter,schneider_linescan
Schneider-Kreuznach,linescan_telecentric,DIAMOND XL 0.21/5.0x V70 beamsplitter line scan lens,Line Scan Lenses (ZIRCONIA/SAPPHIRE/DIAMOND),82,,34.0 (33.6,F/1.6 ... F/11,82,,,0.21 | 0.04,,,,,,V70-Mount,1170,,,https://schneiderkreuznach.com/en/industrial-optics/lenses/line-scan-lenses/diamond/0-21-5-0x-v70-beamsplitter,schneider_linescan
Schneider-Kreuznach,fixed_focal,PYRITE F4.0/60 mm C-Mount liquid lens,"Liquid Lenses (PYRITE LF, Optotune EL-16-40-TC-5D 기반 액체렌즈)",60,,325,F/4 ... F/32,24,,,- | 0.09,,,,,,C,,,,https://schneiderkreuznach.com/en/industrial-optics/lenses/liquid-lenses/pyrite-lf/f4-0-60mm-c-lf,schneider_liquid
Schneider-Kreuznach,fixed_focal,PYRITE F4.0/60 mm TFL-Mount liquid lens,"Liquid Lenses (PYRITE LF, Optotune EL-16-40-TC-5D 기반 액체렌즈)",60,,325,F/4 ... F/32,32,,,- | 0.09,,,,,,TFL-Mount,,,,https://schneiderkreuznach.com/en/industrial-optics/lenses/liquid-lenses/pyrite-lf/f4-0-60mm-tfl-lf,schneider_liquid
Schneider-Kreuznach,fixed_focal,PYRITE F4.0/80 mm C-Mount liquid lens,"Liquid Lenses (PYRITE LF, Optotune EL-16-40-TC-5D 기반 액체렌즈)",80,,493,F/4 ... F/45,24,,,- | 0.13,,,,,,C,,,,https://schneiderkreuznach.com/en/industrial-optics/lenses/liquid-lenses/pyrite-lf/f4-0-80mm-c-lf,schneider_liquid
Schneider-Kreuznach,fixed_focal,PYRITE F4.0/80 mm TFL-Mount liquid lens,"Liquid Lenses (PYRITE LF, Optotune EL-16-40-TC-5D 기반 액체렌즈)",80,,493,F/4 ... F/45,36,,,- | 0.13,,,,,,TFL-Mount,,,,https://schneiderkreuznach.com/en/industrial-optics/lenses/liquid-lenses/pyrite-lf/f4-0-80mm-tfl-lf,schneider_liquid
Schneider-Kreuznach,fixed_focal,CHAROITE F1.4/23 mm C-Mount SWIR lens,SWIR Lenses (CHAROITE/CUPRITE/CRYOLITE),23,,98,F/1.4 ... F/11,11,,,- | 0.33,,,,,,C,115,,,https://schneiderkreuznach.com/en/industrial-optics/lenses/swir-lenses/charoite/f1-4-23mm-c,schneider_swir
Schneider-Kreuznach,fixed_focal,CUPRITE F2.8/50 mm C-Mount SWIR lens,SWIR Lenses (CHAROITE/CUPRITE/CRYOLITE),50,,262,F/2.8 ... F/16,25.4,,,- | 0.09,,,,,,C,418,,,https://schneiderkreuznach.com/en/industrial-optics/lenses/swir-lenses/cuprite/f2-8-50mm-c,schneider_swir
Schneider-Kreuznach,fixed_focal,CUPRITE F2.8/50 mm V48-Mount SWIR lens,SWIR Lenses (CHAROITE/CUPRITE/CRYOLITE),50,,262,F/2.8 ... F/16,25.4,,,- | 0.09,,,,,,V48-Mount,297,,,https://schneiderkreuznach.com/en/industrial-optics/lenses/swir-lenses/cuprite/f2-8-50mm-v48,schneider_swir
Schneider-Kreuznach,fixed_focal,CRYOLITE F2.8/40 mm V-Mount SWIR lens,SWIR Lenses (CHAROITE/CUPRITE/CRYOLITE),40,,225,F/2.8 ... F/16,43.2,,,- | 0.17,,,,,,V38-Mount,108,,,https://schneiderkreuznach.com/en/industrial-optics/lenses/swir-lenses/cryolite/f2-8-40mm-v38,schneider_swir
Schneider-Kreuznach,telecentric,SYLVINE 0.03/0.2x C-Mount telecentric lens,Telecentric Lenses (SYLVINE),∞,,269 (194 ... 344),,11,,,0.03 | 0.13,,,,,,C,2600,,,https://schneiderkreuznach.com/en/industrial-optics/lenses/telecentric-lenses/sylvine/0-03-0-2x-c,schneider_telecentric
Schneider-Kreuznach,telecentric,SYLVINE 0.03/0.25x C-Mount telecentric lens,Telecentric Lenses (SYLVINE),∞,,176 (128 ... 224),,11,,,0.03 | 0.13,,,,,,C,2000,,,https://schneiderkreuznach.com/en/industrial-optics/lenses/telecentric-lenses/sylvine/0-03-0-25x-c,schneider_telecentric
Schneider-Kreuznach,telecentric,SYLVINE 0.05/0.33x C-Mount telecentric lens,Telecentric Lenses (SYLVINE),∞,,161 (134 ... 188),,11,,,0.05 | 0.14,,,,,,C,1600,,,https://schneiderkreuznach.com/en/industrial-optics/lenses/telecentric-lenses/sylvine/0-05-0-33x-c,schneider_telecentric
Schneider-Kreuznach,telecentric,SYLVINE 0.07/0.5x C-Mount telecentric lens,Telecentric Lenses (SYLVINE),∞,,195 (183 ... 207),,11,,,0.07 | 0.13,,,,,,C,2150,,,https://schneiderkreuznach.com/en/industrial-optics/lenses/telecentric-lenses/sylvine/0-07-0-5x-c,schneider_telecentric
Schneider-Kreuznach,telecentric,SYLVINE 0.14/1.0x C-Mount telecentric lens,Telecentric Lenses (SYLVINE),∞,,47 (44 ... 50),,11,,,0.14 | 0.14,,,,,,C,1490,,,https://schneiderkreuznach.com/en/industrial-optics/lenses/telecentric-lenses/sylvine/0-14-1-0x-c,schneider_telecentric
T-Optics,fixed_focal,MCL0.063X-240-9,Non-Telecentric Lenses (MCL),,0.063,240,5,9,,,0.0063,53.2,,100mm,0.05,,C,,N,,http://www.toptics.co.kr/design/subpage/sub2-1.asp?mode=view&id=61,toptics_fa_lens
T-Optics,fixed_focal,MCL0.063X-300-9,Non-Telecentric Lenses (MCL),,0.063,300,5,9,,,0.063,53.2,,100mm,0.05,,C,,N,,http://www.toptics.co.kr/design/subpage/sub2-1.asp?mode=view&id=61,toptics_fa_lens
T-Optics,fixed_focal,MCL0.2X-255-9,Non-Telecentric Lenses (MCL),,0.2X,255,7,9,,,0.0142,23.5,,14mm,0.06,,C,,N,,http://www.toptics.co.kr/design/subpage/sub2-1.asp?mode=view&id=61,toptics_fa_lens
T-Optics,fixed_focal,MCL0.228X-220-8,Non-Telecentric Lenses (MCL),,0.228X,220,6.25,8,,,0.0182,18.4,,1.48mm,0.03,,C,,N,,http://www.toptics.co.kr/design/subpage/sub2-1.asp?mode=view&id=61,toptics_fa_lens
T-Optics,fixed_focal,MCL0.3X-195-9,Non-Telecentric Lenses (MCL),,0.3X,195,13,9,,,0.0115,29,,9.8mm,0.03,,C,,N,,http://www.toptics.co.kr/design/subpage/sub2-1.asp?mode=view&id=61,toptics_fa_lens
T-Optics,fixed_focal,MCL0.22X-310-11,Non-Telecentric Lenses (MCL),,0.22X,310,7.4,11,,,0.0148,22.6,,12.2mm,0.05,,C,,N,,http://www.toptics.co.kr/design/subpage/sub2-1.asp?mode=view&id=61,toptics_fa_lens
T-Optics,fixed_focal,MCL0.25X-279-11,Non-Telecentric Lenses (MCL),,0.25X,279,7.7,11,,,0.0162,20.6,,9.6mm,0.05,,C,,N,,http://www.toptics.co.kr/design/subpage/sub2-1.asp?mode=view&id=61,toptics_fa_lens
T-Optics,fixed_focal,MCL0.3X-240-11,Non-Telecentric Lenses (MCL),,0.3X,240,7.8,11,,,0.0192,17.4,,11.5mm,0.04,,C,,N,,http://www.toptics.co.kr/design/subpage/sub2-1.asp?mode=view&id=61,toptics_fa_lens
T-Optics,fixed_focal,MCL0.32X-225-11,Non-Telecentric Lenses (MCL),,0.32X,225,8,11,,,0.02,16.8,,6.9mm,0.03,,C,,N,,http://www.toptics.co.kr/design/subpage/sub2-1.asp?mode=view&id=61,toptics_fa_lens
T-Optics,fixed_focal,MCL0.35X-210-11,Non-Telecentric Lenses (MCL),,0.35X,210,8,11,,,0.0218,15.3,,6.25mm,0.03,,C,,N,,http://www.toptics.co.kr/design/subpage/sub2-1.asp?mode=view&id=61,toptics_fa_lens
T-Optics,fixed_focal,MCL0.37X-200-11,Non-Telecentric Lenses (MCL),,0.37X,200,8,11,,,0.0231,14.5,,4.6mm,0.03,,C,,N,,http://www.toptics.co.kr/design/subpage/sub2-1.asp?mode=view&id=61,toptics_fa_lens
T-Optics,fixed_focal,MCL0.43X-135-14,Non-Telecentric Lenses (MCL),,0.43X,135,13,14,,,0.0165,20.3,,5.6mm,0.03,,C,,N,,http://www.toptics.co.kr/design/subpage/sub2-1.asp?mode=view&id=61,toptics_fa_lens
T-Optics,fixed_focal,MCL0.4X-190-18,Non-Telecentric Lenses (MCL),,0.4X,190,10,18,,,0.02,16.8,,2.7mm,0.05,,C,,N,,http://www.toptics.co.kr/design/subpage/sub2-1.asp?mode=view&id=61,toptics_fa_lens
T-Optics,fixed_focal,MCL0.5X-160-18,Non-Telecentric Lenses (MCL),,0.5X,160,10,18,,,0.025,13.4,,1.7mm,0.03,,C,,N,,http://www.toptics.co.kr/design/subpage/sub2-1.asp?mode=view&id=61,toptics_fa_lens
T-Optics,fixed_focal,MCL0.55X-107-18,Non-Telecentric Lenses (MCL),,0.55X,107,16,18,,,0.0172,18.3,,2.3mm,0.03,,C,,N,,http://www.toptics.co.kr/design/subpage/sub2-1.asp?mode=view&id=61,toptics_fa_lens
T-Optics,fixed_focal,MCL0.568X-145-18,Non-Telecentric Lenses (MCL),,0.568X,145,10,18,,,0.0284,11.8,,1.36mm,0.03,,C,,N,,http://www.toptics.co.kr/design/subpage/sub2-1.asp?mode=view&id=61,toptics_fa_lens
T-Optics,fixed_focal,MCL0.67X-128-18,Non-Telecentric Lenses (MCL),,0.67X,128,15,18,,,0.022,15.2,,2.67mm,0.02,,C,,N,,http://www.toptics.co.kr/design/subpage/sub2-1.asp?mode=view&id=61,toptics_fa_lens
T-Optics,telecentric,OTC0.4X-85-8,Telecentric Lenses,,0.4X,85,13,8,,,0.0153,21.9,,6.5mm,0.03,0.03,C,,N,,http://www.toptics.co.kr/design/subpage/sub2-1.asp?mode=view&id=49,toptics_telecentric
T-Optics,telecentric,OTC0.5X-65/C-9,Telecentric Lenses,,0.5X,65,14,9,,,0.0178,18.8,,4.48mm,0.04,0.03,C,,Y,,http://www.toptics.co.kr/design/subpage/sub2-1.asp?mode=view&id=49,toptics_telecentric
T-Optics,telecentric,OTC0.8X-65/C-9,Telecentric Lenses,,0.8X,65,14.9,9,,,0.0268,12.5,,1.86mm,0.03,0.03,C,,Y,,http://www.toptics.co.kr/design/subpage/sub2-1.asp?mode=view&id=49,toptics_telecentric
T-Optics,telecentric,OTC1.0X-65/C-9,Telecentric Lenses,,1.0X,65,18.6,9,,,0.0268,12.5,,1.48mm,0.03,0.03,C,,Y,,http://www.toptics.co.kr/design/subpage/sub2-1.asp?mode=view&id=49,toptics_telecentric
T-Optics,telecentric,OTC1.5X-65/C-9,Telecentric Lenses,,1.5X,65,15.7,9,,,0.0477,7,,558,0.06,0.05,C,,Y,,http://www.toptics.co.kr/design/subpage/sub2-1.asp?mode=view&id=49,toptics_telecentric
T-Optics,telecentric,OTC2.0X-65/C-9,Telecentric Lenses,,2.0X,65,15.5,9,,,0.0645,5.2,,310,0.03,0.02,C,,Y,,http://www.toptics.co.kr/design/subpage/sub2-1.asp?mode=view&id=49,toptics_telecentric
T-Optics,telecentric,OTC3.0X-65/C-9,Telecentric Lenses,,3.0X,65,21.5,9,,,0.0697,4.8,,191,0.03,0.05,C,,Y,,http://www.toptics.co.kr/design/subpage/sub2-1.asp?mode=view&id=49,toptics_telecentric
T-Optics,telecentric,OTC4.0X-65/C-9,Telecentric Lenses,,4.0X,65,26.2,9,,,0.0763,4.4,,131,0.03,0.04,C,,Y,,http://www.toptics.co.kr/design/subpage/sub2-1.asp?mode=view&id=49,toptics_telecentric
T-Optics,telecentric,OTC5.0X-65/C-9,Telecentric Lenses,,5.0X,65,33,9,,,0.0757,4.4,,105,0.04,0.04,C,,Y,,http://www.toptics.co.kr/design/subpage/sub2-1.asp?mode=view&id=49,toptics_telecentric
T-Optics,telecentric,OTC6.0X-65/C-9,Telecentric Lenses,,6.0X,65,39.5,9,,,0.0759,4.4,,87,0.05,0.04,C,,Y,,http://www.toptics.co.kr/design/subpage/sub2-1.asp?mode=view&id=49,toptics_telecentric
T-Optics,telecentric,OTC8.0X-65/C-9,Telecentric Lenses,,8.0X,65,52.5,9,,,0.0761,4.4,,65,0.04,0.03,C,,Y,,http://www.toptics.co.kr/design/subpage/sub2-1.asp?mode=view&id=49,toptics_telecentric
T-Optics,telecentric,OTC0.35X-110/C-8,Telecentric Lenses,,0.35X,110,11.1,8,,,0.0157,21.3,,7.24mm,0.05,0.03,C,,Y,,http://www.toptics.co.kr/design/subpage/sub2-1.asp?mode=view&id=49,toptics_telecentric
T-Optics,telecentric,OTC0.37X-110/C-9,Telecentric Lenses,,0.37X,110,14.9,9,,,0.0124,27,,8.7mm,0.09,0.05,C,,Y,,http://www.toptics.co.kr/design/subpage/sub2-1.asp?mode=view&id=49,toptics_telecentric
T-Optics,telecentric,OTC0.5X-110/C-9,Telecentric Lenses,,0.5X,110,14.5,9,,,0.0172,19.5,,4.6mm,0.04,0.03,C,,Y,,http://www.toptics.co.kr/design/subpage/sub2-1.asp?mode=view&id=49,toptics_telecentric
T-Optics,telecentric,OTC0.8X-110/C-9,Telecentric Lenses,,0.8X,110,14.9,9,,,0.0268,12.5,,1.86mm,0.05,0.05,C,,Y,,http://www.toptics.co.kr/design/subpage/sub2-1.asp?mode=view&id=49,toptics_telecentric
T-Optics,telecentric,OTC1.0X-112/C-9,Telecentric Lenses,,1.0X,112,20.7,9,,,0.0241,13.9,,1.65mm,0.03,0.03,C,,Y,,http://www.toptics.co.kr/design/subpage/sub2-1.asp?mode=view&id=49,toptics_telecentric
T-Optics,telecentric,OTC2.0X-110/C-9,Telecentric Lenses,,2.0X,110,22.3,9,,,0.0448,7.5,,446,0.03,0.03,C,,Y,,http://www.toptics.co.kr/design/subpage/sub2-1.asp?mode=view&id=49,toptics_telecentric
T-Optics,telecentric,OTC2.4X-109/C-9,Telecentric Lenses,,2.4X,109,26.6,9,,,0.045,7.5,,369,0.05,0.04,C,,Y,,http://www.toptics.co.kr/design/subpage/sub2-1.asp?mode=view&id=49,toptics_telecentric
T-Optics,telecentric,OTC3.0X-110/C-9,Telecentric Lenses,,3.0X,110,27.4,9,,,0.0547,6.1,,243,0.14,0.03,C,,Y,,http://www.toptics.co.kr/design/subpage/sub2-1.asp?mode=view&id=49,toptics_telecentric
T-Optics,telecentric,OTC4.0X-110/C-9,Telecentric Lenses,,4.0X,110,33.2,9,,,0.0602,5.6,,166,0.23,0.03,C,,Y,,http://www.toptics.co.kr/design/subpage/sub2-1.asp?mode=view&id=49,toptics_telecentric
T-Optics,telecentric,OTC5.0X-110/C-9,Telecentric Lenses,,5.0X,110,41.6,9,,,0.06,5.6,,133,0.1,0.01,C,,Y,,http://www.toptics.co.kr/design/subpage/sub2-1.asp?mode=view&id=49,toptics_telecentric
T-Optics,telecentric,OTC6.0X-110/C-9,Telecentric Lenses,,6.0X,110,49.9,9,,,0.0601,5.6,,110,0.05,0.03,C,,Y,,http://www.toptics.co.kr/design/subpage/sub2-1.asp?mode=view&id=49,toptics_telecentric
T-Optics,telecentric,OTC8.0X-110/C-9,Telecentric Lenses,,8.0X,110,65,9,,,0.061,5.5,,81,0.02,0.03,C,,Y,,http://www.toptics.co.kr/design/subpage/sub2-1.asp?mode=view&id=49,toptics_telecentric
T-Optics,telecentric,OTC0.45X-80/C-11,Telecentric Lenses,,0.45X,80,10,11,,,0.0225,14.9,,3.95mm,0.14,0.04,C,,Y,,http://www.toptics.co.kr/design/subpage/sub2-1.asp?mode=view&id=59,toptics_telecentric
T-Optics,telecentric,OTC0.47X-75/C-11,Telecentric Lenses,,0.47X,75,8.3,11,,,0.0283,11.8,,3mm,0.25,0.04,C,,Y,,http://www.toptics.co.kr/design/subpage/sub2-1.asp?mode=view&id=59,toptics_telecentric
T-Optics,telecentric,OTC0.5X-65/C-11,Telecentric Lenses,,0.5X,65,8.2,11,,,0.0304,11,,2.62mm,0.03,0.04,C,,Y,,http://www.toptics.co.kr/design/subpage/sub2-1.asp?mode=view&id=59,toptics_telecentric
T-Optics,telecentric,OTC0.8X-65/C-11,Telecentric Lenses,,0.8X,65,8.1,11,,,0.0493,6.8,,1.01mm,0.09,0.03,C,,Y,,http://www.toptics.co.kr/design/subpage/sub2-1.asp?mode=view&id=59,toptics_telecentric
T-Optics,telecentric,OTC1.0X-65/C-11,Telecentric Lenses,,1.0X,65,10.1,11,,,0.0495,6.8,,808,0.16,0.02,C,,Y,,http://www.toptics.co.kr/design/subpage/sub2-1.asp?mode=view&id=59,toptics_telecentric
T-Optics,telecentric,OTC1.5X-65/C-11,Telecentric Lenses,,1.5X,65,10.7,11,,,0.07,4.8,,380,0.07,0.03,C,,Y,,http://www.toptics.co.kr/design/subpage/sub2-1.asp?mode=view&id=59,toptics_telecentric
T-Optics,telecentric,OTC1.7X-70/C-11,Telecentric Lenses,,1.7X,70,15,11,,,0.0566,5.9,,414,0.12,0.04,C,,Y,,http://www.toptics.co.kr/design/subpage/sub2-1.asp?mode=view&id=59,toptics_telecentric
T-Optics,telecentric,OTC2.0X-65/C-11,Telecentric Lenses,,2.0X,65,13.6,11,,,0.0735,4.6,,272,0.03,0.05,C,,Y,,http://www.toptics.co.kr/design/subpage/sub2-1.asp?mode=view&id=59,toptics_telecentric
T-Optics,telecentric,OTC2.4X-63/C-11,Telecentric Lenses,,2.4X,63,17.2,11,,,0.07,4.8,,238,0.1,0.015,C,,Y,,http://www.toptics.co.kr/design/subpage/sub2-1.asp?mode=view&id=59,toptics_telecentric
T-Optics,telecentric,OTC3.0X-65/C-11,Telecentric Lenses,,3.0X,65,21.3,11,,,0.07,4.8,,189,0.23,0.04,C,,Y,,http://www.toptics.co.kr/design/subpage/sub2-1.asp?mode=view&id=59,toptics_telecentric
T-Optics,telecentric,OTC4.0X-65/C-11,Telecentric Lenses,,4.0X,65,18.1,11,,,0.1104,3,,90,0.03,0.05,C,,Y,,http://www.toptics.co.kr/design/subpage/sub2-1.asp?mode=view&id=59,toptics_telecentric
T-Optics,telecentric,OTC5.0X-65/C-11,Telecentric Lenses,,5.0X,65,33.5,11,,,0.074,4.5,,107,0.22,0.04,C,,Y,,http://www.toptics.co.kr/design/subpage/sub2-1.asp?mode=view&id=59,toptics_telecentric
T-Optics,telecentric,OTC6.0X-65/C-11,Telecentric Lenses,,6.0X,65,27.1,11,,,0.1107,3,,60,0.03,0.05,C,,Y,,http://www.toptics.co.kr/design/subpage/sub2-1.asp?mode=view&id=59,toptics_telecentric
T-Optics,telecentric,OTC8.0X-65/C-11,Telecentric Lenses,,8.0X,65,38,11,,,0.105,3.2,,47,0.22,0.02,C,,Y,,http://www.toptics.co.kr/design/subpage/sub2-1.asp?mode=view&id=59,toptics_telecentric
T-Optics,telecentric,OTC10.0X-45/C-11,Telecentric Lenses,,10.0X,45,35.7,11,,,0.14,2.4,,28,0.13,0.05,C,,Y,,http://www.toptics.co.kr/design/subpage/sub2-1.asp?mode=view&id=59,toptics_telecentric
T-Optics,telecentric,OTC12.0X-45/C-11,Telecentric Lenses,,12.0X,45,40,11,,,0.15,2.23,,22,0.11,0.05,C,,Y,,http://www.toptics.co.kr/design/subpage/sub2-1.asp?mode=view&id=59,toptics_telecentric
T-Optics,telecentric,OTC0.479X-120/C-11,Telecentric Lenses,,0.479X,120,15,11,,,0.016,11,,5.23mm,0.25,0.05,C,,Y,,http://www.toptics.co.kr/design/subpage/sub2-1.asp?mode=view&id=59,toptics_telecentric
T-Optics,telecentric,OTC0.5X-110/C-11,Telecentric Lenses,,0.5X,110,11,11,,,0.0227,14.8,,3.52mm,0.03,0.03,C,,Y,,http://www.toptics.co.kr/design/subpage/sub2-1.asp?mode=view&id=59,toptics_telecentric
T-Optics,telecentric,OTC0.55X-96/C-11,Telecentric Lenses,,0.55X,96,12,11,,,0.0229,14.6,,3.17mm,0.22,0.04,C,,Y,,http://www.toptics.co.kr/design/subpage/sub2-1.asp?mode=view&id=59,toptics_telecentric
T-Optics,telecentric,OTC0.65X-117/C-11,Telecentric Lenses,,0.65X,117,10,11,,,0.0325,10.3,,1.88mm,0.05,0.05,C,,Y,,http://www.toptics.co.kr/design/subpage/sub2-1.asp?mode=view&id=59,toptics_telecentric
T-Optics,telecentric,OTC0.67X-115/C-11,Telecentric Lenses,,0.67X,115,10,11,,,0.0334,10,,1.78mm,0.05,0.06,C,,Y,,http://www.toptics.co.kr/design/subpage/sub2-1.asp?mode=view&id=59,toptics_telecentric
T-Optics,telecentric,OTC0.7X-110/C-11,Telecentric Lenses,,0.7X,110,10,11,,,0.035,9.6,,1.6mm,0.03,0.03,C,,Y,,http://www.toptics.co.kr/design/subpage/sub2-1.asp?mode=view&id=59,toptics_telecentric
T-Optics,telecentric,OTC0.73X-110/C-11,Telecentric Lenses,,0.73X,104,10,11,,,0.0288,9.2,,1.6mm,0.03,0.03,C,,Y,,http://www.toptics.co.kr/design/subpage/sub2-1.asp?mode=view&id=59,toptics_telecentric
T-Optics,telecentric,OTC0.75X-100/C-11,Telecentric Lenses,,0.75X,100,13,11,,,0.0288,11.6,,1.84mm,0.03,0.04,C,,Y,,http://www.toptics.co.kr/design/subpage/sub2-1.asp?mode=view&id=59,toptics_telecentric
T-Optics,telecentric,OTC0.8X-110/C-11,Telecentric Lenses,,0.8X,110,13.2,11,,,0.0303,11.1,,1.65mm,0.05,0.02,C,,Y,,http://www.toptics.co.kr/design/subpage/sub2-1.asp?mode=view&id=59,toptics_telecentric
T-Optics,telecentric,OTC0.84X-110/C-11,Telecentric Lenses,,0.84X,110,16,11,,,0.0262,12.8,,1.81mm,0.08,0.08,C,,Y,,http://www.toptics.co.kr/design/subpage/sub2-1.asp?mode=view&id=59,toptics_telecentric
T-Optics,telecentric,OTC1.0X-110/C-11,Telecentric Lenses,,1.0X,110,10.1,11,,,0.0495,6.8,,808,0.05,0.03,C,,Y,,http://www.toptics.co.kr/design/subpage/sub2-1.asp?mode=view&id=59,toptics_telecentric
T-Optics,telecentric,OTC1.2X-100/C-11,Telecentric Lenses,,1.2X,100,15,11,,,0.04,8.4,,833,0.05,0.03,C,,Y,,http://www.toptics.co.kr/design/subpage/sub2-1.asp?mode=view&id=59,toptics_telecentric
T-Optics,telecentric,OTC1.5X-110/C-11,Telecentric Lenses,,1.5X,110,15.7,11,,,0.0477,7,,558,0.03,0.03,C,,Y,,http://www.toptics.co.kr/design/subpage/sub2-1.asp?mode=view&id=59,toptics_telecentric
T-Optics,telecentric,OTC1.76X-106/C-11,Telecentric Lenses,,1.76X,106,20,11,,,0.044,7.6,,516,0.05,0.03,C,,Y,,http://www.toptics.co.kr/design/subpage/sub2-1.asp?mode=view&id=59,toptics_telecentric
T-Optics,telecentric,OTC2.0X-110/C-11,Telecentric Lenses,,2.0X,110,13.1,11,,,0.0763,4.4,,262,0.03,0.03,C,,Y,,http://www.toptics.co.kr/design/subpage/sub2-1.asp?mode=view&id=59,toptics_telecentric
T-Optics,telecentric,OTC3.0X-110/C-11,Telecentric Lenses,,3.0X,110,17,11,,,0.088,3.8,,151,0.22,0.04,C,,Y,,http://www.toptics.co.kr/design/subpage/sub2-1.asp?mode=view&id=59,toptics_telecentric
T-Optics,telecentric,OTC4.0X-110/C-11,Telecentric Lenses,,4.0X,110,22.3,11,,,0.0896,3.7,,111,0.03,0.03,C,,Y,,http://www.toptics.co.kr/design/subpage/sub2-1.asp?mode=view&id=59,toptics_telecentric
T-Optics,telecentric,OTC5.0X-110/C-11,Telecentric Lenses,,5.0X,110,27.8,11,,,0.09,3.7,,88,0.18,0.03,C,,Y,,http://www.toptics.co.kr/design/subpage/sub2-1.asp?mode=view&id=59,toptics_telecentric
T-Optics,telecentric,OTC6.0X-110/C-11,Telecentric Lenses,,6.0X,110,33.4,11,,,0.0898,3.7,,74,0.03,0.03,C,,Y,,http://www.toptics.co.kr/design/subpage/sub2-1.asp?mode=view&id=59,toptics_telecentric
T-Optics,telecentric,OTC8.0X-110/C-11,Telecentric Lenses,,8.0X,110,44.5,11,,,0.0898,3.7,,55,0.19,0.03,C,,Y,,http://www.toptics.co.kr/design/subpage/sub2-1.asp?mode=view&id=59,toptics_telecentric
T-Optics,telecentric,OTC0.5X-65/C-HRP-11,Telecentric Lenses,,0.5X,65,6.3,11,,,0.0396,8.4,,1mm,0.03,0.04,C,,Y,,http://www.toptics.co.kr/design/subpage/sub2-1.asp?mode=view&id=54,toptics_telecentric
T-Optics,telecentric,OTC0.8X-65/C-HRP-11,Telecentric Lenses,,0.8X,65,6.3,11,,,0.0634,5.3,,393,0.09,0.03,C,,Y,,http://www.toptics.co.kr/design/subpage/sub2-1.asp?mode=view&id=54,toptics_telecentric
T-Optics,telecentric,OTC1.0X-65/C-HRP-11,Telecentric Lenses,,1.0X,65,7.2,11,,,0.0694,4.8,,288,0.16,0.02,C,,Y,,http://www.toptics.co.kr/design/subpage/sub2-1.asp?mode=view&id=54,toptics_telecentric
T-Optics,telecentric,OTC2.0X-65/C-HRP-11,Telecentric Lenses,,2.0X,65,8.4,11,,,0.119,2.8,,84,0.02,0.03,C,,Y,,http://www.toptics.co.kr/design/subpage/sub2-1.asp?mode=view&id=54,toptics_telecentric
T-Optics,telecentric,OTC4.0X-45/C-HRP-11,Telecentric Lenses,,4.0X,45,13.3,11,,,0.15,2.2,,33,0.03,0.05,C,,Y,,http://www.toptics.co.kr/design/subpage/sub2-1.asp?mode=view&id=54,toptics_telecentric
T-Optics,telecentric,BSTC0.157X-160-HRP-11,Telecentric Lenses,,0.157X,160,7.5,11,,,0.0104,32.3,,12.1mm,0.03,0.05,C,,N,,http://www.toptics.co.kr/design/subpage/sub2-1.asp?mode=view&id=54,toptics_telecentric
T-Optics,telecentric,OTC0.23X-130-HRP-11,Telecentric Lenses,,0.23X,130,7.35,11,,,0.0156,21.5,,5.5mm,0.13,0.03,C,,N,,http://www.toptics.co.kr/design/subpage/sub2-1.asp?mode=view&id=54,toptics_telecentric
T-Optics,telecentric,OTC0.3X-110/C-HRP-11,Telecentric Lenses,,0.3X,110,7,11,,,0.0214,15.6,,3.1mm,0.02,0.04,C,,Y,,http://www.toptics.co.kr/design/subpage/sub2-1.asp?mode=view&id=54,toptics_telecentric
T-Optics,telecentric,OTC0.3X-130/C-HRP-11,Telecentric Lenses,,0.3X,130,6.9,11,,,0.0217,15.4,,3mm,0.05,0.05,C,,Y,,http://www.toptics.co.kr/design/subpage/sub2-1.asp?mode=view&id=54,toptics_telecentric
T-Optics,telecentric,OTC0.3X-153/C-HRP-11,Telecentric Lenses,,0.3X,153,7.5,11,,,0.02,16.8,,3.3mm,0.05,0.05,C,,Y,,http://www.toptics.co.kr/design/subpage/sub2-1.asp?mode=view&id=54,toptics_telecentric
T-Optics,telecentric,OTC0.35X-120/C-HRP-11,Telecentric Lenses,,0.35X,120,7.5,11,,,0.0233,14.4,,2.4mm,0.03,0.05,C,,Y,,http://www.toptics.co.kr/design/subpage/sub2-1.asp?mode=view&id=54,toptics_telecentric
T-Optics,telecentric,OTC0.5X-110/C-HRP-11,Telecentric Lenses,,0.5X,110,5.4,11,,,0.0462,7.2,,864,0.02,0.02,C,,Y,,http://www.toptics.co.kr/design/subpage/sub2-1.asp?mode=view&id=54,toptics_telecentric
T-Optics,telecentric,OTC0.7X-110/C-HRP-11,Telecentric Lenses,,0.7X,110,5.4,11,,,0.0648,5.2,,440,0.02,0.02,C,,Y,,http://www.toptics.co.kr/design/subpage/sub2-1.asp?mode=view&id=54,toptics_telecentric
T-Optics,telecentric,OTC1.0X-110/C-HRP-11,Telecentric Lenses,,1.0X,110,6.6,11,,,0.0757,4.4,,264,0.03,0.03,C,,Y,,http://www.toptics.co.kr/design/subpage/sub2-1.asp?mode=view&id=54,toptics_telecentric
T-Optics,telecentric,OTC2.0X-110/C-HRP-11,Telecentric Lenses,,2.0X,110,11.1,11,,,0.09,3.7,,111,0.03,0.03,C,,Y,,http://www.toptics.co.kr/design/subpage/sub2-1.asp?mode=view&id=54,toptics_telecentric
T-Optics,telecentric,OTC5.0X-110/C-HRP-11,Telecentric Lenses,,5.0X,110,24,11,,,0.104,3.2,,38,0.03,0.03,C,,Y,,http://www.toptics.co.kr/design/subpage/sub2-1.asp?mode=view&id=54,toptics_telecentric
T-Optics,telecentric,OTC0.4X-140C-11,Telecentric Lenses,,0.4X,140,10,11,,,0.02,16.8,,5mm,0.05,0.03,C,,Y,,http://www.toptics.co.kr/design/subpage/sub2-1.asp?mode=view&id=56,toptics_telecentric
T-Optics,telecentric,OTC0.44X-162/C-8,Telecentric Lenses,,0.44X,162,13,8,,,0.0169,19.8,,5.37mm,0.04,0.03,C,,Y,,http://www.toptics.co.kr/design/subpage/sub2-1.asp?mode=view&id=56,toptics_telecentric
T-Optics,telecentric,OTC0.5X-156/C-9,Telecentric Lenses,,0.5X,156,13,9,,,0.0192,17.5,,4.16mm,0.03,0.03,C,,Y,,http://www.toptics.co.kr/design/subpage/sub2-1.asp?mode=view&id=56,toptics_telecentric
T-Optics,telecentric,OTC0.8X-173/C-9,Telecentric Lenses,,0.8X,173,13.4,9,,,0.0298,11.2,,1.67mm,0.07,0.04,C,,Y,,http://www.toptics.co.kr/design/subpage/sub2-1.asp?mode=view&id=56,toptics_telecentric
T-Optics,telecentric,OTC1.0X-156/C-9,Telecentric Lenses,,1.0X,156,13.1,9,,,0.0381,8.8,,1.04mm,0.07,0.04,C,,Y,,http://www.toptics.co.kr/design/subpage/sub2-1.asp?mode=view&id=56,toptics_telecentric
T-Optics,telecentric,OTC1.2X-173/C-9,Telecentric Lenses,,1.2X,173,20.1,9,,,0.0298,11.2,,1.11mm,0.13,0.04,C,,Y,,http://www.toptics.co.kr/design/subpage/sub2-1.asp?mode=view&id=56,toptics_telecentric
T-Optics,telecentric,OTC1.5X-156/C-9,Telecentric Lenses,,1.5X,156,19.8,9,,,0.0378,8.9,,704,0.016,0.04,C,,Y,,http://www.toptics.co.kr/design/subpage/sub2-1.asp?mode=view&id=56,toptics_telecentric
T-Optics,telecentric,OTC1.6X-173/C-9,Telecentric Lenses,,1.6X,173,26.8,9,,,0.0298,11.2,,837,0.18,0.04,C,,Y,,http://www.toptics.co.kr/design/subpage/sub2-1.asp?mode=view&id=56,toptics_telecentric
T-Optics,telecentric,OTC2.0X-156/C-9,Telecentric Lenses,,2.0X,156,26.4,9,,,0.0378,8.8,,528,0.19,0.04,C,,Y,,http://www.toptics.co.kr/design/subpage/sub2-1.asp?mode=view&id=56,toptics_telecentric
T-Optics,telecentric,OTC3.0X-156/C-9,Telecentric Lenses,,3.0X,156,33,9,,,0.045,7.45,,293,0.16,0.03,C,,Y,,http://www.toptics.co.kr/design/subpage/sub2-1.asp?mode=view&id=56,toptics_telecentric
T-Optics,telecentric,OTC0.58X-275/C-9,Telecentric Lenses,,0.58X,275,12,9,,,0.0241,13.9,,2.85mm,0.06,0.03,C,,Y,,http://www.toptics.co.kr/design/subpage/sub2-1.asp?mode=view&id=56,toptics_telecentric
T-Optics,telecentric,OTC0.7X-233/C-11,Telecentric Lenses,,0.7X,223,10,11,,,0.0371,9,,1.43mm,0.02,0.03,C,,Y,,http://www.toptics.co.kr/design/subpage/sub2-1.asp?mode=view&id=56,toptics_telecentric
T-Optics,telecentric,OTC0.75X-220/C-11,Telecentric Lenses,,0.75X,220,10.1,11,,,0.0371,9.0,,1.43mm,0.02,0.03,C,,Y,,http://www.toptics.co.kr/design/subpage/sub2-1.asp?mode=view&id=56,toptics_telecentric
T-Optics,telecentric,OTC1.0X-220/C-11,Telecentric Lenses,,1.0X,220,11.2,11,,,0.0446,7.5,,886,0.01,0.03,C,,Y,,http://www.toptics.co.kr/design/subpage/sub2-1.asp?mode=view&id=56,toptics_telecentric
T-Optics,telecentric,OTC1.5X-220/C-9,Telecentric Lenses,,1.5X,220,16.7,9,,,0.0449,7.5,,593,0.12,0.03,C,,Y,,http://www.toptics.co.kr/design/subpage/sub2-1.asp?mode=view&id=56,toptics_telecentric
T-Optics,telecentric,OTC2.0X-220/C-9,Telecentric Lenses,,2.0X,220,22,9,,,0.0454,7.4,,440,0.14,0.03,C,,Y,,http://www.toptics.co.kr/design/subpage/sub2-1.asp?mode=view&id=56,toptics_telecentric
T-Optics,telecentric,OTC0.44X-335/C-9,Telecentric Lenses,,0.44X,335,10,9,,,0.022,15.3,,4.13mm,0.07,0.03,C,,Y,,http://www.toptics.co.kr/design/subpage/sub2-1.asp?mode=view&id=56,toptics_telecentric
T-Optics,telecentric,OTC0.5X-300/C-11,Telecentric Lenses,,0.5,300,14,11,,,0.0178,18.9,,4.48mm,0.06,0.03,C,,Y,,http://www.toptics.co.kr/design/subpage/sub2-1.asp?mode=view&id=56,toptics_telecentric
T-Optics,telecentric,OTC0.6X-356/C-9,Telecentric Lenses,,0.6,356,13,9,,,0.023,14.5,,2.88mm,0.04,0.03,C,,Y,,http://www.toptics.co.kr/design/subpage/sub2-1.asp?mode=view&id=56,toptics_telecentric
T-Optics,telecentric,OTC0.8X-320/C-8,Telecentric Lenses,,0.8X,320,14.1,8,,,0.0283,11.8,,1.76mm,0.03,0.03,C,,Y,,http://www.toptics.co.kr/design/subpage/sub2-1.asp?mode=view&id=56,toptics_telecentric
T-Optics,telecentric,OTC1.0X-300/C-9,Telecentric Lenses,,1.0X,300,14,9,,,0.0357,9.4,,1.12mm,0.03,0.02,C,,Y,,http://www.toptics.co.kr/design/subpage/sub2-1.asp?mode=view&id=56,toptics_telecentric
T-Optics,telecentric,OTC1.5X-300/C-9,Telecentric Lenses,,1.5X,300,20.3,9,,,0.0369,9.0,,721,0.13,0.02,C,,Y,,http://www.toptics.co.kr/design/subpage/sub2-1.asp?mode=view&id=56,toptics_telecentric
T-Optics,telecentric,OTC1.6X-320/C-9,Telecentric Lenses,,1.6X,320,28.6,9,,,0.0279,12.0,,893,0.2,0.02,C,,Y,,http://www.toptics.co.kr/design/subpage/sub2-1.asp?mode=view&id=56,toptics_telecentric
T-Optics,telecentric,OTC2.0X-300/C-9,Telecentric Lenses,,2.0X,300,27,9,,,0.037,9.1,,540,0.16,0.01,C,,Y,,http://www.toptics.co.kr/design/subpage/sub2-1.asp?mode=view&id=56,toptics_telecentric
T-Optics,telecentric,OTC0.383X-500/C-9,Telecentric Lenses,,0.383X,500,15,9,,,0.0127,26.3,,8.18mm,0.05,0.05,C,,Y,,http://www.toptics.co.kr/design/subpage/sub2-1.asp?mode=view&id=56,toptics_telecentric
T-Optics,telecentric,OTC0.4X-478/C-9,Telecentric Lenses,,0.4X,478,13,9,,,0.0153,21.9,,6.5mm,0.02,0.05,C,,Y,,http://www.toptics.co.kr/design/subpage/sub2-1.asp?mode=view&id=56,toptics_telecentric
T-Optics,telecentric,OTC0.5X-400/C-9,Telecentric Lenses,,0.5X,400,9.7,9,,,0.0257,13,,3.1mm,0.06,0.03,C,,Y,,http://www.toptics.co.kr/design/subpage/sub2-1.asp?mode=view&id=56,toptics_telecentric
T-Optics,telecentric,OTC0.5X-400/C-11,Telecentric Lenses,,0.5X,400,14,11,,,0.0178,18.8,,4.48mm,0.06,0.03,C,,Y,,http://www.toptics.co.kr/design/subpage/sub2-1.asp?mode=view&id=56,toptics_telecentric
T-Optics,telecentric,OTC0.7X-400/C-9,Telecentric Lenses,,0.7X,400,13.6,9,,,0.0257,13,,2.22mm,0.17,0.03,C,,Y,,http://www.toptics.co.kr/design/subpage/sub2-1.asp?mode=view&id=56,toptics_telecentric
T-Optics,telecentric,OTC0.75X-400/C-9,Telecentric Lenses,,0.75X,400,13.6,9,,,00.257,12.2,,1.9mm,0.18,0.03,C,,Y,,http://www.toptics.co.kr/design/subpage/sub2-1.asp?mode=view&id=56,toptics_telecentric
T-Optics,telecentric,OTC1.0X-400/C-9,Telecentric Lenses,,1.0X,400,17.2,9,,,0.029,11.5,,1.37mm,0.15,0.03,C,,Y,,http://www.toptics.co.kr/design/subpage/sub2-1.asp?mode=view&id=56,toptics_telecentric
T-Optics,telecentric,OTC0.26X-130-25M18,Telecentric Lenses,,0.26X,130,7,18.1,,,0.0185,18.1,,4.5mm,0.04,0.03,C,,N,,http://www.toptics.co.kr/design/subpage/sub2-1.asp?mode=view&id=57,toptics_telecentric
T-Optics,telecentric,OTC0.3X-150-25M18,Telecentric Lenses,,0.3X,150,9,18.1,,,0.0166,20.2,,4.4mm,0.04,0.05,C,,N,,http://www.toptics.co.kr/design/subpage/sub2-1.asp?mode=view&id=57,toptics_telecentric
T-Optics,telecentric,OTC0.32X-142-25M18,Telecentric Lenses,,0.32X,142,8,18.1,,,0.02,16.8,,3.3mm,0.04,0.05,C,,N,,http://www.toptics.co.kr/design/subpage/sub2-1.asp?mode=view&id=57,toptics_telecentric
T-Optics,telecentric,OTC0.35X-120-25M18,Telecentric Lenses,,0.35X,120,8,18.1,,,0.028,15.4,,2.8mm,0.03,0.04,C,,N,,http://www.toptics.co.kr/design/subpage/sub2-1.asp?mode=view&id=57,toptics_telecentric
T-Optics,telecentric,OTC0.35X-130-23,Telecentric Lenses,,0.35X,130,6,23,,,0.0291,11.5,,2.1mm,0.03,0.05,C,,N,,http://www.toptics.co.kr/design/subpage/sub2-1.asp?mode=view&id=57,toptics_telecentric
T-Optics,telecentric,OTC0.4X-128-25M18,Telecentric Lenses,,0.4X,128,8,18.1,,,0.025,14.2,,2.2mm,0.05,0.03,C,,N,,http://www.toptics.co.kr/design/subpage/sub2-1.asp?mode=view&id=57,toptics_telecentric
T-Optics,telecentric,OTC0.46X-153-25M18,Telecentric Lenses,,0.46X,153,8.5,18.1,,,0.027,12.4,,1.7mm,0.05,0.06,C,,N,,http://www.toptics.co.kr/design/subpage/sub2-1.asp?mode=view&id=57,toptics_telecentric
T-Optics,telecentric,OTC0.5X-65/C-25M18,Telecentric Lenses,,0.5X,65,8,18.1,,,0.031,10.7,,1.4mm,0.03,0.04,C,,Y,,http://www.toptics.co.kr/design/subpage/sub2-1.asp?mode=view&id=57,toptics_telecentric
T-Optics,telecentric,OTC0.5X-110/C-25M18,Telecentric Lenses,,0.5X,110,7,18.1,,,0.0357,9.4,,1.2mm,0.03,0.04,C,,Y,,http://www.toptics.co.kr/design/subpage/sub2-1.asp?mode=view&id=57,toptics_telecentric
T-Optics,telecentric,OTC0.5X-130-23,Telecentric Lenses,,0.5X,130,7,23,,,0.0357,9.4,,1.2mm,0.03,0.04,C,,N,,http://www.toptics.co.kr/design/subpage/sub2-1.asp?mode=view&id=57,toptics_telecentric
T-Optics,telecentric,OTC0.6X-130-25M18,Telecentric Lenses,,0.6X,130,10.3,18.1,,,0.0291,11.6,,1.25mm,0.09,0.03,C,,N,,http://www.toptics.co.kr/design/subpage/sub2-1.asp?mode=view&id=57,toptics_telecentric
T-Optics,telecentric,OTC0.6X-150-25M18,Telecentric Lenses,,0.6X,150,8,18.1,,,0.0375,9,,977,0.08,0.033,C,,N,,http://www.toptics.co.kr/design/subpage/sub2-1.asp?mode=view&id=57,toptics_telecentric
T-Optics,telecentric,OTC0.65X-122/C-25M18,Telecentric Lenses,,0.65X,122,9,18.1,,,0.036,9.3,,937,0.08,0.07,C,,Y,,http://www.toptics.co.kr/design/subpage/sub2-1.asp?mode=view&id=57,toptics_telecentric
T-Optics,telecentric,OTC0.7X-65/C-25M18,Telecentric Lenses,,0.7X,65,8,18.1,,,0.0437,7.7,,718,0.03,0.03,C,,Y,,http://www.toptics.co.kr/design/subpage/sub2-1.asp?mode=view&id=57,toptics_telecentric
T-Optics,telecentric,OTC0.7X-110/C-23,Telecentric Lenses,,0.7X,110,8,23,,,0.0437,7.7,,718,0.07,0.04,C,,Y,,http://www.toptics.co.kr/design/subpage/sub2-1.asp?mode=view&id=57,toptics_telecentric
T-Optics,telecentric,OTC0.7X-145/C-25M18,Telecentric Lenses,,0.7X,145,9,18.1,,,0.0383,8.8,,808,0.05,0.04,C,,Y,,http://www.toptics.co.kr/design/subpage/sub2-1.asp?mode=view&id=57,toptics_telecentric
T-Optics,telecentric,OTC0.75X-110/C-25M18,Telecentric Lenses,,0.75X,110,10,18.1,,,0.0375,8.9,,782,0.07,0.04,C,,Y,,http://www.toptics.co.kr/design/subpage/sub2-1.asp?mode=view&id=57,toptics_telecentric
T-Optics,telecentric,OTC0.8X-150/C-25M18,Telecentric Lenses,,0.8X,150,7.5,18.1,,,0.0533,6.3,,515,0.05,0.04,C,,Y,,http://www.toptics.co.kr/design/subpage/sub2-1.asp?mode=view&id=57,toptics_telecentric
T-Optics,telecentric,OTC0.85X-115/C-25M18,Telecentric Lenses,,0.85X,115,7,18.1,,,0.0607,5.5,,426,0.06,0.06,C,,Y,,http://www.toptics.co.kr/design/subpage/sub2-1.asp?mode=view&id=57,toptics_telecentric
T-Optics,telecentric,OTC0.9X-123/C-25M18,Telecentric Lenses,,0.9X,123,7,18.1,,,0.0642,5.2,,380,0.04,0.06,C,,Y,,http://www.toptics.co.kr/design/subpage/sub2-1.asp?mode=view&id=57,toptics_telecentric
T-Optics,telecentric,OTC0.95X-115/C-25M18,Telecentric Lenses,,0.95X,115,8,18.1,,,0.0593,5.7,,390,0.05,0.06,C,,Y,,http://www.toptics.co.kr/design/subpage/sub2-1.asp?mode=view&id=57,toptics_telecentric
T-Optics,telecentric,OTC1.0X-65/C-25M18,Telecentric Lenses,,1.0X,65,8,18.1,,,0.062,5.4,,352,0.03,0.04,C,,Y,,http://www.toptics.co.kr/design/subpage/sub2-1.asp?mode=view&id=57,toptics_telecentric
T-Optics,telecentric,OTC1.0X-110/C-25M18,Telecentric Lenses,,1.0X,110,8,18.1,,,0.062,5.4,,352,0.03,0.04,C,,Y,,http://www.toptics.co.kr/design/subpage/sub2-1.asp?mode=view&id=57,toptics_telecentric
T-Optics,telecentric,OTC1.0X-150/C-25M18,Telecentric Lenses,,1.0X,150,7.5,18.1,,,0.066,5,,330,0.04,0.05,C,,Y,,http://www.toptics.co.kr/design/subpage/sub2-1.asp?mode=view&id=57,toptics_telecentric
T-Optics,telecentric,OTC1.5X-65/C-25M18,Telecentric Lenses,,1.5X,65,8,18.1,,,0.094,3.6,,156,0.03,0.03,C,,Y,,http://www.toptics.co.kr/design/subpage/sub2-1.asp?mode=view&id=57,toptics_telecentric
T-Optics,telecentric,OTC1.5X-114/C-23,Telecentric Lenses,,1.5X,114,10,23,,,0.075,4.5,,195,0.05,0.04,C,,Y,,http://www.toptics.co.kr/design/subpage/sub2-1.asp?mode=view&id=57,toptics_telecentric
T-Optics,telecentric,OTC1.8X-108/C-25M18,Telecentric Lenses,,1.8X,108,10,18.1,,,0.09,3.7,,135,0.03,0.03,C,,Y,,http://www.toptics.co.kr/design/subpage/sub2-1.asp?mode=view&id=57,toptics_telecentric
T-Optics,telecentric,OTC2.0X-110/C-25M18,Telecentric Lenses,,2.0X,110,10,18.1,,,0.1,3.4,,110,0.03,0.04,C,,Y,,http://www.toptics.co.kr/design/subpage/sub2-1.asp?mode=view&id=57,toptics_telecentric
T-Optics,telecentric,OTC3.5X-108/C-25M18,Telecentric Lenses,,3.5X,108,19.4,18.1,,,0.09,3.72,,43,0.16,0.04,C,,Y,,http://www.toptics.co.kr/design/subpage/sub2-1.asp?mode=view&id=57,toptics_telecentric
T-Optics,telecentric,OTC4.0X-107/C-25M18,Telecentric Lenses,,4.0X,107,20,18.1,,,0.1,3.36,,55,0.2,0.04,C,,Y,,http://www.toptics.co.kr/design/subpage/sub2-1.asp?mode=view&id=57,toptics_telecentric
T-Optics,telecentric,OTC5.0X-107/C-25M18,Telecentric Lenses,,5.0X,107,25,18.1,,,0.1,3.36,,44,0.15,0.04,C,,Y,,http://www.toptics.co.kr/design/subpage/sub2-1.asp?mode=view&id=57,toptics_telecentric
T-Optics,telecentric,OTC6.0X-107/C-25M18,Telecentric Lenses,,6.0X,107,30,18.1,,,0.1,3.36,,36,0.12,0.04,C,,Y,,http://www.toptics.co.kr/design/subpage/sub2-1.asp?mode=view&id=57,toptics_telecentric
T-Optics,telecentric,OTC0.7X-110/C-16,Telecentric Lenses,,0.7X,110,8,16,,,0.0437,7.7,,718,0.03,0.04,C,,Y,,http://www.toptics.co.kr/design/subpage/sub2-1.asp?mode=view&id=1049,toptics_telecentric
T-Optics,telecentric,OTC0.763X-107/C-16,Telecentric Lenses,,0.763X,107,8.5,16,,,0.0448,7.5,,642,0.04,0.04,C,,Y,,http://www.toptics.co.kr/design/subpage/sub2-1.asp?mode=view&id=1049,toptics_telecentric
T-Optics,telecentric,OTC3.0X-110/C-16,Telecentric Lenses,,3.0X,110,18.3,16,,,0.082,4.1,,89,0.44,0.04,C,,Y,,http://www.toptics.co.kr/design/subpage/sub2-1.asp?mode=view&id=1049,toptics_telecentric
T-Optics,telecentric,OTC0.26X-130-12M18,Telecentric Lenses,,0.26X,130,7,18.1,,,0.0185,18.1,,4.5mm,0.04,0.03,C,,N,,http://www.toptics.co.kr/design/subpage/sub2-1.asp?mode=view&id=1049,toptics_telecentric
T-Optics,telecentric,OTC0.3X-150-12M18,Telecentric Lenses,,0.3X,150,9,18.1,,,0.0166,20.2,,4.4mm,0.04,0.05,C,,N,,http://www.toptics.co.kr/design/subpage/sub2-1.asp?mode=view&id=1049,toptics_telecentric
T-Optics,telecentric,OTC0.32X-142-12M18,Telecentric Lenses,,0.32X,142,8,18.1,,,0.02,16.8,,3.3mm,0.04,0.05,C,,N,,http://www.toptics.co.kr/design/subpage/sub2-1.asp?mode=view&id=1049,toptics_telecentric
T-Optics,telecentric,OTC0.35X120-12M18,Telecentric Lenses,,0.35X,120,8,18.1,,,0.028,15.4,,2.8mm,0.03,0.04,C,,N,,http://www.toptics.co.kr/design/subpage/sub2-1.asp?mode=view&id=1049,toptics_telecentric
T-Optics,telecentric,OTC0.35X130-23,Telecentric Lenses,,0.35X,130,6,23,,,0.0291,11.5,,2.1mm,0.03,0.05,C,,N,,http://www.toptics.co.kr/design/subpage/sub2-1.asp?mode=view&id=1049,toptics_telecentric
T-Optics,telecentric,OTC0.4X-128-12M18,Telecentric Lenses,,0.4X,128,8,18.1,,,0.025,14.2,,2.2mm,0.05,0.03,C,,N,,http://www.toptics.co.kr/design/subpage/sub2-1.asp?mode=view&id=1049,toptics_telecentric
T-Optics,telecentric,OTC0.46X153-12M18,Telecentric Lenses,,0.46X,153,8.5,18.1,,,0.027,12.4,,1.7mm,0.05,0.06,C,,N,,http://www.toptics.co.kr/design/subpage/sub2-1.asp?mode=view&id=1049,toptics_telecentric
T-Optics,telecentric,OTC0.5X-65/C-12M18,Telecentric Lenses,,0.5X,65,8,18.1,,,0.031,10.7,,1.4mm,0.03,0.04,C,,Y,,http://www.toptics.co.kr/design/subpage/sub2-1.asp?mode=view&id=1049,toptics_telecentric
T-Optics,telecentric,OTC0.5X-110/C-12M18,Telecentric Lenses,,0.5X,110,7,18.1,,,0.0357,9.4,,1.2mm,0.03,0.04,C,,Y,,http://www.toptics.co.kr/design/subpage/sub2-1.asp?mode=view&id=1049,toptics_telecentric
T-Optics,telecentric,OTC0.5X-130-23,Telecentric Lenses,,0.5X,130,7,23,,,0.0357,9.4,,1.2mm,0.03,0.04,C,,N,,http://www.toptics.co.kr/design/subpage/sub2-1.asp?mode=view&id=1049,toptics_telecentric
T-Optics,telecentric,OTC0.6X-130-12M18,Telecentric Lenses,,0.6X,130,10.3,18.1,,,0.0291,11.6,,1.25mm,0.09,0.03,C,,N,,http://www.toptics.co.kr/design/subpage/sub2-1.asp?mode=view&id=1049,toptics_telecentric
T-Optics,telecentric,OTC0.6X-150-12M18,Telecentric Lenses,,0.6X,150,8,18.1,,,0.0375,9,,977,0.08,0.033,C,,N,,http://www.toptics.co.kr/design/subpage/sub2-1.asp?mode=view&id=1049,toptics_telecentric
T-Optics,telecentric,OTC0.65X-122/C-12M18,Telecentric Lenses,,0.65X,122,9,18.1,,,0.036,9.3,,937,0.08,0.07,C,,Y,,http://www.toptics.co.kr/design/subpage/sub2-1.asp?mode=view&id=1049,toptics_telecentric
T-Optics,telecentric,OTC0.7X-65/C-12M18,Telecentric Lenses,,0.7X,65,8,18.1,,,0.0437,7.7,,718,0.03,0.03,C,,Y,,http://www.toptics.co.kr/design/subpage/sub2-1.asp?mode=view&id=1049,toptics_telecentric
T-Optics,telecentric,OTC0.7X-110/C-23,Telecentric Lenses,,0.7X,110,8,23,,,0.0437,7.7,,718,0.07,0.04,C,,Y,,http://www.toptics.co.kr/design/subpage/sub2-1.asp?mode=view&id=1049,toptics_telecentric
T-Optics,telecentric,OTC0.7X-145/C-12M18,Telecentric Lenses,,0.7X,145,9,18.1,,,0.0383,8.8,,808,0.05,0.04,C,,Y,,http://www.toptics.co.kr/design/subpage/sub2-1.asp?mode=view&id=1049,toptics_telecentric
T-Optics,telecentric,OTC0.75X-110/C-12M18,Telecentric Lenses,,0.75X,110,10,18.1,,,0.0375,8.9,,782,0.07,0.04,C,,Y,,http://www.toptics.co.kr/design/subpage/sub2-1.asp?mode=view&id=1049,toptics_telecentric
T-Optics,telecentric,OTC0.8X-150/C-12M18,Telecentric Lenses,,0.8X,150,7.5,18.1,,,0.0533,6.3,,515,0.05,0.04,C,,Y,,http://www.toptics.co.kr/design/subpage/sub2-1.asp?mode=view&id=1049,toptics_telecentric
T-Optics,telecentric,OTC0.85X-115/C-12M18,Telecentric Lenses,,0.85X,115,7,18.1,,,0.0607,5.5,,426,0.06,0.06,C,,Y,,http://www.toptics.co.kr/design/subpage/sub2-1.asp?mode=view&id=1049,toptics_telecentric
T-Optics,telecentric,OTC0.9X-123/C-12M18,Telecentric Lenses,,0.9X,123,7,18.1,,,0.0642,5.2,,380,0.04,0.06,C,,Y,,http://www.toptics.co.kr/design/subpage/sub2-1.asp?mode=view&id=1049,toptics_telecentric
T-Optics,telecentric,OTC0.95X-115/C-12M18,Telecentric Lenses,,0.95X,115,8,18.1,,,0.0593,5.7,,390,0.05,0.06,C,,Y,,http://www.toptics.co.kr/design/subpage/sub2-1.asp?mode=view&id=1049,toptics_telecentric
T-Optics,telecentric,OTC1.0X-65/C-12M18,Telecentric Lenses,,1.0X,65,8,18.1,,,0.062,5.4,,352,0.03,0.04,C,,Y,,http://www.toptics.co.kr/design/subpage/sub2-1.asp?mode=view&id=1049,toptics_telecentric
T-Optics,telecentric,OTC1.0X-110/C-12M18,Telecentric Lenses,,1.0X,110,8,18.1,,,0.062,5.4,,352,0.03,0.04,C,,Y,,http://www.toptics.co.kr/design/subpage/sub2-1.asp?mode=view&id=1049,toptics_telecentric
T-Optics,telecentric,OTC1.0X-150/C-12M18,Telecentric Lenses,,1.0X,150,7.5,18.1,,,0.066,5,,330,0.04,0.05,C,,Y,,http://www.toptics.co.kr/design/subpage/sub2-1.asp?mode=view&id=1049,toptics_telecentric
T-Optics,telecentric,OTC1.5X-65/C-12M18,Telecentric Lenses,,1.5X,65,8,18.1,,,0.094,3.6,,156,0.03,0.03,C,,Y,,http://www.toptics.co.kr/design/subpage/sub2-1.asp?mode=view&id=1049,toptics_telecentric
T-Optics,telecentric,OTC1.5X-114/C-23,Telecentric Lenses,,1.5X,114,10,23,,,0.075,4.5,,195,0.05,0.04,C,,Y,,http://www.toptics.co.kr/design/subpage/sub2-1.asp?mode=view&id=1049,toptics_telecentric
T-Optics,telecentric,OTC1.8X-108/C-12M18,Telecentric Lenses,,1.8X,108,10,18.1,,,0.09,3.7,,135,0.03,0.03,C,,Y,,http://www.toptics.co.kr/design/subpage/sub2-1.asp?mode=view&id=1049,toptics_telecentric
T-Optics,telecentric,OTC2.0X-110/C-12M18,Telecentric Lenses,,2.0X,110,10,18.1,,,0.1,3.4,,110,0.03,0.04,C,,Y,,http://www.toptics.co.kr/design/subpage/sub2-1.asp?mode=view&id=1049,toptics_telecentric
T-Optics,telecentric,OTC3.5X-108/C-12M18,Telecentric Lenses,,3.5X,108,18.4,18.1,,,0.09,3.72,,43,0.16,0.04,C,,Y,,http://www.toptics.co.kr/design/subpage/sub2-1.asp?mode=view&id=1049,toptics_telecentric
T-Optics,telecentric,OTC4.0X-107/C-12M18,Telecentric Lenses,,4.0X,107,20,18.1,,,0.1,3.36,,55,0.2,0.04,C,,Y,,http://www.toptics.co.kr/design/subpage/sub2-1.asp?mode=view&id=1049,toptics_telecentric
T-Optics,telecentric,OTC5.0X-107/C-12M18,Telecentric Lenses,,5.0X,107,25,18.1,,,0.1,3.36,,44,0.15,0.04,C,,Y,,http://www.toptics.co.kr/design/subpage/sub2-1.asp?mode=view&id=1049,toptics_telecentric
T-Optics,telecentric,OTC6.0X-107/C-12M18,Telecentric Lenses,,6.0X,107,30,18.1,,,0.1,3.36,,36,0.12,0.04,C,,Y,,http://www.toptics.co.kr/design/subpage/sub2-1.asp?mode=view&id=1049,toptics_telecentric
T-Optics,telecentric,OTC0.155X-216-25M32,Telecentric Lenses,,0.155X,216,8,32,,,0.0096,35,,14.6mm,0.06,0.05,F,,N,,http://www.toptics.co.kr/design/subpage/sub2-1.asp?mode=view&id=58,toptics_telecentric
T-Optics,telecentric,OTC0.46X-150-25M32,Telecentric Lenses,,0.46X,150,6.5,32,,,0.0353,9.5,,1.35m,0.07,0.03,M48,,N,,http://www.toptics.co.kr/design/subpage/sub2-1.asp?mode=view&id=58,toptics_telecentric
T-Optics,telecentric,OTC0.5X-158-25M32,Telecentric Lenses,,0.5X,158,8,32,,,0.0312,10.8,,1.4mm,0.04,0.03,F,,N,,http://www.toptics.co.kr/design/subpage/sub2-1.asp?mode=view&id=58,toptics_telecentric
T-Optics,telecentric,OTC0.5X-238-25M32,Telecentric Lenses,,0.5X,235,6.25,32,,,0.04,8.4,,1.1mm,0.08,0.03,F,,N,,http://www.toptics.co.kr/design/subpage/sub2-1.asp?mode=view&id=58,toptics_telecentric
T-Optics,telecentric,OTC0.6X-135-25M32,Telecentric Lenses,,0.6X,135,6.2,32,,,0.048,8.3,,757,0.04,0.03,F,,N,,http://www.toptics.co.kr/design/subpage/sub2-1.asp?mode=view&id=58,toptics_telecentric
T-Optics,telecentric,OTC0.63X-130-25M32,Telecentric Lenses,,0.63X,130,7.5,32,,,0.042,8,,831,0.04,0.03,F,,N,,http://www.toptics.co.kr/design/subpage/sub2-1.asp?mode=view&id=58,toptics_telecentric
T-Optics,telecentric,OTC1.0X-114/C-25M32,Telecentric Lenses,,1.0X,114,10,32,,,0.05,6.7,,440,0.05,0.04,F,,Y,,http://www.toptics.co.kr/design/subpage/sub2-1.asp?mode=view&id=58,toptics_telecentric
T-Optics,telecentric,OTC1.4X-118/C-25M32,Telecentric Lenses,,1.4X,118,10,32,,,0.07,4.8,,224,0.03,0.05,F,,Y,,http://www.toptics.co.kr/design/subpage/sub2-1.asp?mode=view&id=58,toptics_telecentric
T-Optics,telecentric,OTC1.43X-110-25M32,Telecentric Lenses,,1.43X,110,10,32,,,0.0715,4.7,,215,0.03,0.03,F,,N,,http://www.toptics.co.kr/design/subpage/sub2-1.asp?mode=view&id=58,toptics_telecentric
T-Optics,telecentric,OTC1.5X-110/C-25M32,Telecentric Lenses,,1.5X,110,9,32,,,0.083,4,,176,0.03,0.04,F,,Y,,http://www.toptics.co.kr/design/subpage/sub2-1.asp?mode=view&id=58,toptics_telecentric
T-Optics,telecentric,OTC1.75X-110-25M32,Telecentric Lenses,,1.75X,110,11,32,,,0.0795,4.2,,158,0.04,0.03,F,,N,,http://www.toptics.co.kr/design/subpage/sub2-1.asp?mode=view&id=58,toptics_telecentric
T-Optics,telecentric,OTC2.0X-80/C-25M32,Telecentric Lenses,,2.0X,80,8,32,,,0.125,2.7,,88,0.04,0.04,F,,Y,,http://www.toptics.co.kr/design/subpage/sub2-1.asp?mode=view&id=58,toptics_telecentric
T-Optics,telecentric,OTC3.0X-78/C-25M32,Telecentric Lenses,,3.0X,78,15,32,,,0.1,3.4,,66,0.09,0.04,F,,Y,,http://www.toptics.co.kr/design/subpage/sub2-1.asp?mode=view&id=58,toptics_telecentric
T-Optics,telecentric,OTC3.5X-78/C-25M32,Telecentric Lenses,,3.5X,78,15.9,32,,,0.11,3,,57,0.05,0.04,F,,Y,,http://www.toptics.co.kr/design/subpage/sub2-1.asp?mode=view&id=58,toptics_telecentric
T-Optics,telecentric,OTC5.0X-78/C-25M32,Telecentric Lenses,,5.0X,78,19.3,32,,,0.13,2.6,,33,0.07,0.03,F,,Y,,http://www.toptics.co.kr/design/subpage/sub2-1.asp?mode=view&id=58,toptics_telecentric
T-Optics,telecentric,OTC5.0X-78/C-50M46,Telecentric Lenses,,5.0X,78,19.3,46,,,0.13,2.6,,33,0.07,0.03,F,,Y,,http://www.toptics.co.kr/design/subpage/sub2-1.asp?mode=view&id=58,toptics_telecentric
T-Optics,telecentric,OTC0.64X-170-12K62,Telecentric Lenses,,0.64,170,8,62.37,,,0.04,8.4,,406,0.06,0.04,M72,,N,,http://www.toptics.co.kr/design/subpage/sub2-1.asp?mode=view&id=60,toptics_telecentric
T-Optics,telecentric,OTC0.7X-143/C-12K62,Telecentric Lenses,,0.7X,143,10.7,62.37,,,0.0326,10.3,,454,0.04,0.04,M72,,Y,,http://www.toptics.co.kr/design/subpage/sub2-1.asp?mode=view&id=60,toptics_telecentric
T-Optics,telecentric,OTC2.0X-93/C-12K62,Telecentric Lenses,,2.0X,93,11.8,62.37,,,0.085,3.9,,61,0.03,0.03,M72,,Y,,http://www.toptics.co.kr/design/subpage/sub2-1.asp?mode=view&id=60,toptics_telecentric
T-Optics,telecentric,OTC2.0X-115IA-12K62,Telecentric Lenses,,2.0X,115,11.9,62.37,,,0.084,4,,61,0.04,0.04,M72,,N,,http://www.toptics.co.kr/design/subpage/sub2-1.asp?mode=view&id=60,toptics_telecentric
T-Optics,telecentric,OTC3.5X-78/C-12K62,Telecentric Lenses,,3.5X,78,15.9,62.37,,,0.11,3,,25.9,0.04,0.04,M72,,Y,,http://www.toptics.co.kr/design/subpage/sub2-1.asp?mode=view&id=60,toptics_telecentric
T-Optics,telecentric,OTC5.0X-78/C-12K62,Telecentric Lenses,,5.0X,78,19.2,62.37,,,0.13,2.6,,15,0.03,0.04,M72,,Y,,http://www.toptics.co.kr/design/subpage/sub2-1.asp?mode=view&id=60,toptics_telecentric
T-Optics,telecentric,OTC1.0X-140IA-16K82,Telecentric Lenses,,1.0X,140,10,81.92,,,0.05,6.7,,200,0.04,0.04,M95,,N,,http://www.toptics.co.kr/design/subpage/sub2-1.asp?mode=view&id=60,toptics_telecentric
T-Optics,telecentric,OTC7.5X-10/CIA-16K82,Telecentric Lenses,,7.5X,10.8,16.3,81.92,,,0.23,1.5,,5.7,0.04,0.03,M95,,Y,,http://www.toptics.co.kr/design/subpage/sub2-1.asp?mode=view&id=60,toptics_telecentric
T-Optics,telecentric,OTC10.0X-10/CIA-16K82,Telecentric Lenses,,10.0X,10.8,16.7,81.92,,,0.3,1.12,,3.3,0.03,0.04,M95,,Y,,http://www.toptics.co.kr/design/subpage/sub2-1.asp?mode=view&id=60,toptics_telecentric
T-Optics,telecentric,OTC0.63X-130-4K28,Telecentric Lenses,,0.63X,130,7.5,28.67,,,0.042,8,,529,0.04,0.03,F,,N,,http://www.toptics.co.kr/design/subpage/sub2-1.asp?mode=view&id=63,toptics_telecentric
T-Optics,telecentric,OTC1.0X-114/C-4K28,Telecentric Lenses,,1.0X,114,8,28.67,,,0.062,5.4,,224,0.03,0.04,M42,,Y,,http://www.toptics.co.kr/design/subpage/sub2-1.asp?mode=view&id=63,toptics_telecentric
T-Optics,telecentric,OTC1.4X-110-4K28,Telecentric Lenses,,1.4X,110,11.5,28.67,,,0.061,5.5,,164,0.05,0.04,F,,N,,http://www.toptics.co.kr/design/subpage/sub2-1.asp?mode=view&id=63,toptics_telecentric
T-Optics,telecentric,OTC1.43X-110-4K28,Telecentric Lenses,,1.43X,110,10,28.67,,,0.0715,4.7,,136,0.03,0.03,F,,N,,http://www.toptics.co.kr/design/subpage/sub2-1.asp?mode=view&id=63,toptics_telecentric
T-Optics,telecentric,OTC1.75X-110-4K28,Telecentric Lenses,,1.75X,110,11,28.67,,,0.079,4.25,,100,0.04,0.03,F,,N,,http://www.toptics.co.kr/design/subpage/sub2-1.asp?mode=view&id=63,toptics_telecentric
T-Optics,telecentric,OTC0.26X-130-4K14,Telecentric Lenses,,0.26X,130,7,14.13,,,0.0185,18.1,,1.42mm,0.04,0.03,C,,N,,http://www.toptics.co.kr/design/subpage/sub2-1.asp?mode=view&id=63,toptics_telecentric
T-Optics,telecentric,OTC0.5X-65/C-4K14,Telecentric Lenses,,0.5X,65,8,14.13,,,0.031,10.7,,441,0.03,0.04,C,,Y,,http://www.toptics.co.kr/design/subpage/sub2-1.asp?mode=view&id=63,toptics_telecentric
T-Optics,telecentric,OTC0.5X-130-4K14,Telecentric Lenses,,0.5X,130,7,14.13,,,0.0357,9.4,,386,0.03,0.04,C,,N,,http://www.toptics.co.kr/design/subpage/sub2-1.asp?mode=view&id=63,toptics_telecentric
T-Optics,telecentric,OTC0.6X-130-4K14,Telecentric Lenses,,0.6X,130,10.3,14.13,,,0.0291,11.6,,394,0.09,0.03,C,,N,,http://www.toptics.co.kr/design/subpage/sub2-1.asp?mode=view&id=63,toptics_telecentric
T-Optics,telecentric,OTC0.7X-65/C-4K14,Telecentric Lenses,,0.7X,65,8,14.13,,,0.0437,7.7,,225,0.03,0.03,C,,Y,,http://www.toptics.co.kr/design/subpage/sub2-1.asp?mode=view&id=63,toptics_telecentric
T-Optics,telecentric,OTC0.7X-110/C-4K14,Telecentric Lenses,,0.7X,110,8,14.13,,,0.0437,7.7,,225,0.03,0.04,C,,Y,,http://www.toptics.co.kr/design/subpage/sub2-1.asp?mode=view&id=63,toptics_telecentric
T-Optics,telecentric,OTC0.75X-110/C-4K14,Telecentric Lenses,,0.75X,110,10,14.13,,,0.0375,8.9,,245,0.07,0.04,C,,Y,,http://www.toptics.co.kr/design/subpage/sub2-1.asp?mode=view&id=63,toptics_telecentric
T-Optics,telecentric,OTC1.0X-65/C4K14,Telecentric Lenses,,1.0X,65,8,14.13,,,0.062,5.4,,110,0.03,0.04,C,,Y,,http://www.toptics.co.kr/design/subpage/sub2-1.asp?mode=view&id=63,toptics_telecentric
T-Optics,telecentric,OTC1.0X-110/C-4K14,Telecentric Lenses,,1.0X,110,8,14.13,,,0.062,5.4,,110,0.03,0.04,C,,Y,,http://www.toptics.co.kr/design/subpage/sub2-1.asp?mode=view&id=63,toptics_telecentric
T-Optics,telecentric,OTC1.5X-65/C-4K14,Telecentric Lenses,,1.5X,65,8,14.13,,,0.094,3.6,,49,0.03,0.03,C,,Y,,http://www.toptics.co.kr/design/subpage/sub2-1.asp?mode=view&id=63,toptics_telecentric
T-Optics,telecentric,OTC1.5X-114/C-4K14,Telecentric Lenses,,1.5X,114,10,14.13,,,0.075,4.5,,61,0.05,0.04,C,,Y,,http://www.toptics.co.kr/design/subpage/sub2-1.asp?mode=view&id=63,toptics_telecentric
T-Optics,telecentric,OC2.0X-110/C-4K14,Telecentric Lenses,,2.0X,110,10,14.13,,,0.1,3.4,,34,0.03,0.04,C,,Y,,http://www.toptics.co.kr/design/subpage/sub2-1.asp?mode=view&id=63,toptics_telecentric
Vico,telecentric,WWH075-63ATV3,C-Mount High Resolution Telecentric Lenses,,0.75,63±1,6,11.0,,,0.0625,5.4,,0.9,0.05,0.22,C,,N,,https://vicoimaging.com/product-category/c-mount-high-resolution-telecentric-lenses/,vico_cmount_telecentric
Vico,telecentric,WWH075-63CTLV3,C-Mount High Resolution Telecentric Lenses,,0.75,63±1,6,11.0,,,0.06,5.4,,0.9,0.05,0.22,C,,Y,,https://vicoimaging.com/product-category/c-mount-high-resolution-telecentric-lenses/,vico_cmount_telecentric
Vico,telecentric,WWH10-63ATV3,C-Mount High Resolution Telecentric Lenses,,1,63±1,8,11.0,,,0.0625,5.4,,0.6,0.07,0.1,C,,N,,https://vicoimaging.com/product-category/c-mount-high-resolution-telecentric-lenses/,vico_cmount_telecentric
Vico,telecentric,WWH10-63CTLV3,C-Mount High Resolution Telecentric Lenses,,1,63±1,8,11.0,,,0.0625,5.4,,0.6,0.07,0.1,C,,Y,,https://vicoimaging.com/product-category/c-mount-high-resolution-telecentric-lenses/,vico_cmount_telecentric
Vico,telecentric,WWH15-63ATV3,C-Mount High Resolution Telecentric Lenses,,1.5,63±1,7.5,11.0,,,0.1,3.4,,0.3,0.04,0.03,C,,N,,https://vicoimaging.com/product-category/c-mount-high-resolution-telecentric-lenses/,vico_cmount_telecentric
Vico,fixed_focal,MFA118-S06,C-Mount Fixed Focal Length Lenses (FA),6,,100,1-2.0,9.0,,,,,,,< 0.1 %,,C,,,,https://vicoimaging.com/product-category/c-mount-fixed-focal-length-lenses/,vico_fa_lens
Vico,fixed_focal,MFA118-S08,C-Mount Fixed Focal Length Lenses (FA),8,,100,2.8-16,9.0,,,,,,,< 0.12 %,,C,,,,https://vicoimaging.com/product-category/c-mount-fixed-focal-length-lenses/,vico_fa_lens
Vico,fixed_focal,MFA118-S12V2,C-Mount Fixed Focal Length Lenses (FA),12,,100,2.8-16,9.0,,,,,,,-0.20 %,,C,,,,https://vicoimaging.com/product-category/c-mount-fixed-focal-length-lenses/,vico_fa_lens
Vico,fixed_focal,MFA118-S16V2,C-Mount Fixed Focal Length Lenses (FA),16,,100,2.8-16,9.0,,,,,,,-0.40 %,,C,,,,https://vicoimaging.com/product-category/c-mount-fixed-focal-length-lenses/,vico_fa_lens
Vico,fixed_focal,MFA118-S25V2,C-Mount Fixed Focal Length Lenses (FA),25,,100,2.8-16,9.0,,,,,,,-0.02 %,,C,,,,https://vicoimaging.com/product-category/c-mount-fixed-focal-length-lenses/,vico_fa_lens
Vico,linescan_telecentric,DTCA230-22L,Ultra Resolution Bi-Telecentric Lenses (DTCA/라인스캔),,0.5,65±1,5,11.0,,22,,,>160,±0.8@F5.0,<0.1,<0.1,C,200,N,,https://vicoimaging.com/product-category/ultra-resolution-bi-telecentric-lenses/,vico_linescan_telecentric
Vico,linescan_telecentric,DTCA230-22C,Ultra Resolution Bi-Telecentric Lenses (DTCA/라인스캔),,0.5,65±1,5,11.0,,22,,,>160,±0.8@F5.0,<0.1,<0.1,C,200,Y,,https://vicoimaging.com/product-category/ultra-resolution-bi-telecentric-lenses/,vico_linescan_telecentric
Vico,linescan_telecentric,DTCA230-27.5,Ultra Resolution Bi-Telecentric Lenses (DTCA/라인스캔),,0.4,85±2,4.5,11.0,,27.5,,,>205,±1.1@F4.5,<0.03,<0.1,C,300,N,,https://vicoimaging.com/product-category/ultra-resolution-bi-telecentric-lenses/,vico_linescan_telecentric
Vico,linescan_telecentric,DTCA230-27.5C,Ultra Resolution Bi-Telecentric Lenses (DTCA/라인스캔),,0.4,85±2,4.5,11.0,,27.5,,,>205,±1.1@F4.5,<0.03,<0.1,C,300,Y,,https://vicoimaging.com/product-category/ultra-resolution-bi-telecentric-lenses/,vico_linescan_telecentric
Vico,linescan_telecentric,DTCA230-37,Ultra Resolution Bi-Telecentric Lenses (DTCA/라인스캔),,0.3,110±2,3.75,11.0,,37,,,>220,±1.7@F3.75,<0.1,<0.1,C,400,N,,https://vicoimaging.com/product-category/ultra-resolution-bi-telecentric-lenses/,vico_linescan_telecentric
