brand,subseries,모델,제품 시리즈,상태,센서 유형,크로마,스펙트럼,스펙트럼 범위,해상도,센서 모델,센서 아키텍처 (소재),셔터 유형,센서 크기,픽셀 크기,센서 비트 심도,모노크롬 픽셀 형식,최대 프레임 속도,비절연 라인,광절연 라인,전원 공급 장치,전력 소비,작동 온도 (하우징),본체 치수 (L x W x H mm),렌즈 마운트,무게,이미지 버퍼 (RAM),비휘발성 메모리 (플래시),디지털 인터페이스,YUV 픽셀 형식,RGB 픽셀 형식,베이어 픽셀 형식,양자 효율 @ 529 nm,비전 표준,양자 효율 @ 850 nm,노출 시간,게인,I/O 커넥터,특정 비절연 라인,제품 코드,필터/보호 유리,IP 등급,인터페이스 커넥터,노출 모드,게인 모드,이미지 제어 기능,트리거 모드/동기화,카메라 제어 기능,화이트 밸런스 모드,다이나믹 레인지,SNR,최대 프레임 속도 (버스트),최대 프레임 속도 ROI 모드,데이터 형식,최대 라인 속도 (트리리니어),최대 라인 속도 (단일 라인),최대 라인 속도 (쿼드리니어),사용자 데이터 메모리
Allied Vision,alvium-g1,Alvium G1-030 VSWIR,Alvium G1,Available,Area scan,Mono,"SWIR, Visible SWIR",400 nm to 1700 nm,656 × 520 (0.30 MP),Sony IMX991 | InGaAs,InGaAs,Global Shutter,4.61 mm ø (Type 1/4),5.00 µm × 5.00 µm,"8-bit, 10-bit, 12-bit; Adaptive (10-bit, 12-bit)","Mono8 (default), Mono10, Mono10p, Mono12, Mono12p, Mono12Packed",249 fps,2 GPIOs (LVTTL),"1 input, 1 output","10.8 to 26.4 VDC AUX | IEEE 802.3af, Power Class 0 PoE",External power: 2.8 W at 12 VDC (typical) | Power over Ethernet: 3.1 W (typical),-20 °C to 65 °C (housing),41 × 29 × 29,"C-Mount, CS-Mount",70 g,32 MByte,1024 KByte,"IEEE 802.3 1000BASE-T, IEEE 802.3af (PoE)",,,,,,,,,,,,,,,,,,,,,,,,,,,,,
Allied Vision,alvium-g1,Alvium G1-040,Alvium G1,Available,Area scan,Mono or Color,Visible,300 nm to 1100 nm,728 × 544 (0.40 MP),Sony IMX287,CMOS,Global Shutter,6.3 mm ø (Type 1/2.9),6.90 µm × 6.90 µm,"8-bit, 10-bit, 12-bit; Adaptive (10-bit, 12-bit)","Mono8, Mono10, Mono10p, Mono12, Mono12p, Mono12Packed",298 fps,2 GPIOs (LVTTL),"1 input, 1 output","10.8 to 26.4 VDC AUX | IEEE 802.3af, Power Class 0 PoE",External power: 3.1 W at 12 VDC (typical) | Power over Ethernet: 3.4 W (typical),-20 °C to 65 °C (housing),41 × 29 × 29,"C-Mount, CS-Mount, S-Mount",70 g,32 MByte,1024 KByte,"IEEE 802.3 1000BASE-T, IEEE 802.3af (PoE)","YCbCr411_8_CbYYCrYY, YCbCr422_8_CbYCrY, YCbCr8_CbYCr","RGB8 (default), BGR8","BayerRG8, BayerRG10, BayerRG10p, BayerRG12, BayerRG12p, BayerRG12Packed",64 %,,,,,,,,,,,,,,,,,,,,,,,,,
Allied Vision,alvium-g1,Alvium G1-1236,Alvium G1,Available,Area scan,Mono or Color,Visible,300 nm to 1100 nm,"4,112 × 3,008 (12.40 MP)",Sony IMX304,CMOS,Global Shutter,17.6 mm ø (Type 1.1),3.45 µm × 3.45 µm,12-bit,"Mono8, Mono10, Mono10p, Mono12, Mono12p, Mono12Packed",9 fps,2 GPIOs (LVTTL),"1 input, 1 output","10.8 to 26.4 VDC AUX | IEEE 802.3af, Power Class 0 PoE",External power: 3.8 W at 12 VDC (typical) | Power over Ethernet: 4.0 W (typical),-20 °C to 65 °C (housing),41 × 29 × 29,"C-Mount, CS-Mount",70 g,32 MByte,1024 KByte,"IEEE 802.3 1000BASE-T, IEEE 802.3af (PoE)","YCbCr411_8_CbYYCrYY, YCbCr422_8_CbYCrY, YCbCr8_CbYCr","RGB8 (default), BGR8","BayerRG8, BayerRG10, BayerRG10p, BayerRG12, BayerRG12p, BayerRG12Packed",64 %,,,,,,,,,,,,,,,,,,,,,,,,,
Allied Vision,alvium-g1,Alvium G1-1240,Alvium G1,Available,Area scan,Mono or Color,Visible,300 nm to 1100 nm,"4,024 × 3,036 (12.20 MP)",Sony IMX226,CMOS,"Global Reset Shutter, Rolling Shutter",9.33 mm ø (Type 1/1.7),1.85 µm × 1.85 µm,10-bit,"Mono8, Mono10, Mono10p, Mono12, Mono12p, Mono12Packed",9 fps,2 GPIOs (LVTTL),"1 input, 1 output","10.8 to 26.4 VDC AUX | IEEE 802.3af, Power Class 0 PoE",External power: 3.6 W at 12 VDC (typical) | Power over Ethernet: 4.0 W (typical),-20 °C to 65 °C (housing),41 × 29 × 29,"C-Mount, CS-Mount, S-Mount",70 g,32 MByte,1024 KByte,"IEEE 802.3 1000BASE-T, IEEE 802.3af (PoE)","YCbCr411_8_CbYYCrYY, YCbCr422_8_CbYCrY, YCbCr8_CbYCr","RGB8 (default), BGR8","BayerRG8, BayerRG10, BayerRG10p, BayerRG12, BayerRG12p, BayerRG12Packed",74 %,,,,,,,,,,,,,,,,,,,,,,,,,
Allied Vision,alvium-g1,Alvium G1-1242,Alvium G1,Available,Area scan,Mono or Color,Visible,300 nm to 1100 nm,"4,128 × 3,008 (12.40 MP)",Sony IMX545,CMOS,Global Shutter,14 mm ø (Type 1/1.1),2.74 µm × 2.74 µm,12-bit,"Mono8, Mono10, Mono10p, Mono12, Mono12p, Mono12Packed",9 fps,2 GPIOs (LVTTL),"1 input, 1 output","10.8 to 26.4 VDC AUX | IEEE 802.3af, Power Class 0 PoE",External power: 3.8 W at 12 VDC (typical) | Power over Ethernet: 4.0 W (typical),-20 °C to 65 °C (housing),41 × 29 × 29,"C-Mount, CS-Mount",70 g,32 MByte,1024 KByte,"IEEE 802.3 1000BASE-T, IEEE 802.3af (PoE)","YCbCr411_8_CbYYCrYY, YCbCr422_8_CbYCrY, YCbCr8_CbYCr","RGB8 (default), BGR8","BayerRG8, BayerRG10, BayerRG10p, BayerRG12, BayerRG12p, BayerRG12Packed",68 %,,,,,,,,,,,,,,,,,,,,,,,,,
Allied Vision,alvium-g1,Alvium G1-130 VSWIR,Alvium G1,Available,Area scan,Mono,"SWIR, Visible SWIR",400 nm to 1700 nm,"1,296 × 1,032 (1.30 MP)",Sony IMX990 | InGaAs,InGaAs,Global Shutter,8.15 mm ø (Type 1/2),5.00 µm × 5.00 µm,"8-bit, 10-bit, 12-bit; Adaptive (10-bit, 12-bit)","Mono8 (default), Mono10, Mono10p, Mono12, Mono12p, Mono12Packed",88 fps,2 GPIOs (LVTTL),"1 input, 1 output","10.8 to 26.4 VDC AUX | IEEE 802.3af, Power Class 0 PoE",External power: 2.9 W at 12 VDC (typical) | Power over Ethernet: 3.2 W (typical),-20 °C to 65 °C (housing),41 × 29 × 29,"C-Mount, CS-Mount",70 g,32 MByte,1024 KByte,"IEEE 802.3 1000BASE-T, IEEE 802.3af (PoE)",,,,,,,,,,,,,,,,,,,,,,,,,,,,,
Allied Vision,alvium-g1,Alvium G1-131,Alvium G1,Available,Area scan,Mono or Color,Visible,300 nm to 1100 nm,"1,280 × 1,024 (1.30 MP)",Teledyne e2v EV76C560,CMOS,Global Shutter,9 mm ø (Type 1/1.8),5.30 µm × 5.30 µm,10-bit,"Mono8, Mono10, Mono10p, Mono12, Mono12p, Mono12Packed",60 fps,2 GPIOs (LVTTL),"1 input, 1 output","10.8 to 26.4 VDC AUX or IEEE 802.3af, Power Class 0 PoE",External power: 2.2 W (typical) | Power over Ethernet: 2.5 W (typical),-20 °C to 65 °C (housing),41 × 29 × 29,"C-Mount, CS-Mount, S-Mount",70 g,32 MByte,1024 KByte,"IEEE 802.3 1000BASE-T, IEEE 802.3af (PoE)","YCbCr411_8_CbYYCrYY, YCbCr422_8_CbYCrY, YCbCr8_CbYCr","RGB8 (default), BGR8","BayerRG8, BayerRG10, BayerRG10p, BayerRG12, BayerRG12p, BayerRG12Packed",,,,,,,,,,,,,,,,,,,,,,,,,,
Allied Vision,alvium-g1,Alvium G1-158,Alvium G1,Available,Area scan,Mono or Color,Visible,300 nm to 1100 nm,"1,456 × 1,088 (1.60 MP)",Sony IMX273,CMOS,Global Shutter,6.3 mm ø (Type 1/2.9),3.45 µm × 3.45 µm,"8-bit, 10-bit, 12-bit; Adaptive (10-bit, 12-bit)","Mono8, Mono10, Mono10p, Mono12, Mono12p, Mono12Packed",74 fps,2 GPIOs (LVTTL),"1 input, 1 output","10.8 to 26.4 VDC AUX or IEEE 802.3af, Power Class 0 PoE",External power: 3.6 W at 12 VDC (typical) | Power over Ethernet: 3.9 W (typical),-20 °C to 65 °C (housing),41 × 29 × 29,"C-Mount, CS-Mount, S-Mount",70 g,32 MByte,1024 KByte,"IEEE 802.3 1000BASE-T, IEEE 802.3af (PoE)","YCbCr411_8_CbYYCrYY, YCbCr422_8_CbYCrY, YCbCr8_CbYCr","RGB8 (default), BGR8","BayerRG8, BayerRG10, BayerRG10p, BayerRG12, BayerRG12p, BayerRG12Packed",64 %,,,,,,,,,,,,,,,,,,,,,,,,,
Allied Vision,alvium-g1,Alvium G1-1620,Alvium G1,Available,Area scan,Mono or Color,Visible,300 nm to 1100 nm,"5,328 × 3,040 (16.20 MP)",Sony IMX542,CMOS,Global Shutter,17.6 mm ø (Type 1.1),2.74 µm × 2.74 µm,12-bit,"Mono8, Mono10, Mono10p, Mono12, Mono12p, Mono12Packed",7 fps,2 GPIOs (LVTTL),"1 input, 1 output","10.8 to 26.4 VDC AUX | IEEE 802.3af, Power Class 0 PoE",External power: 3.7 W at 12 VDC (typical) | Power over Ethernet: 4.1 W (typical),-20 °C to 65 °C (housing),41 × 29 × 29,"C-Mount, CS-Mount",70 g,32 MByte,1024 KByte,"IEEE 802.3 1000BASE-T, IEEE 802.3af (PoE)","YCbCr411_8_CbYYCrYY, YCbCr422_8_CbYCrY, YCbCr8_CbYCr","RGB8 (default), BGR8","BayerRG8, BayerRG10, BayerRG10p, BayerRG12, BayerRG12p, BayerRG12Packed",68 %,,,,,,,,,,,,,,,,,,,,,,,,,
Allied Vision,alvium-g1,Alvium G1-192,Alvium G1,Available,Area scan,Mono or Color,Visible,300 nm to 1100 nm,"1,600 × 1,200 (1.90 MP)",Teledyne e2v EV76C570,CMOS,Global Shutter,9 mm ø (Type 1/1.8),4.50 µm × 4.50 µm,10-bit,"Mono8, Mono10, Mono10p, Mono12, Mono12p, Mono12Packed",59 fps,2 GPIOs (LVTTL),"1 input, 1 output","10.8 to 26.4 VDC AUX or IEEE 802.3af, Power Class 0 PoE",External power: 2.3 W (typical) | Power over Ethernet: 2.6 W (typical),-20 °C to 65 °C (housing),41 × 29 × 29,"C-Mount, CS-Mount, S-Mount",70 g,32 MByte,1024 KByte,"IEEE 802.3 1000BASE-T, IEEE 802.3af (PoE)","YCbCr411_8_CbYYCrYY, YCbCr422_8_CbYCrY, YCbCr8_CbYCr","RGB8 (default), BGR8","BayerRG8, BayerRG10, BayerRG10p, BayerRG12, BayerRG12p, BayerRG12Packed",,,,,,,,,,,,,,,,,,,,,,,,,,
Allied Vision,alvium-g1,Alvium G1-2040,Alvium G1,Available,Area scan,Mono or Color,Visible,300 nm to 1100 nm,"4,512 × 4,512 (20.40 MP)",Sony IMX541,CMOS,Global Shutter,17.6 mm ø (Type 1.1),2.74 µm × 2.74 µm,12-bit,"Mono8, Mono10, Mono10p, Mono12, Mono12p, Mono12Packed",5 fps,2 GPIOs (LVTTL),"1 input, 1 output","10.8 to 26.4 VDC AUX | IEEE 802.3af, Power Class 0 PoE",External power: 3.8 W at 12 VDC (typical) | Power over Ethernet: 4.2 (typical),-20 °C to 65 °C (housing),41 × 29 × 29,"C-Mount, CS-Mount",70 g,32 MByte,1024 KByte,"IEEE 802.3 1000BASE-T, IEEE 802.3af (PoE)","YCbCr411_8_CbYYCrYY, YCbCr422_8_CbYCrY, YCbCr8_CbYCr","RGB8 (default), BGR8","BayerRG8, BayerRG10, BayerRG10p, BayerRG12, BayerRG12p, BayerRG12Packed",68 %,,,,,,,,,,,,,,,,,,,,,,,,,
Allied Vision,alvium-g1,Alvium G1-2050,Alvium G1,Available,Area scan,Mono or Color,,300 nm to 1100 nm,"5,496 × 3,672 (20.20 MP)",Sony IMX183,,"Global Reset Shutter, Rolling Shutter",16.3 mm ø (Type 1),2.40 µm × 2.40 µm,,,5 fps,2 GPIOs (LVTTL),"1 input, 1 output","10.8 to 26.4 VDC AUX | IEEE 802.3af, Power Class 0 PoE",External power: 3.6 W at 12 VDC (typical) | Power over Ethernet: 3.9 W (typical),-20 °C to 65 °C (housing),41 × 29 × 29,"C-Mount, CS-Mount",70 g,32 MByte,1024 KByte,"IEEE 802.3 1000BASE-T, IEEE 802.3af (PoE)","YCbCr411_8_CbYYCrYY, YCbCr422_8_CbYCrY, YCbCr8_CbYCr","BGR8, RGB8 (default)",BayerRG12,80 %,,,,,,,,,,,,,,,,,,,,,,,,,
Allied Vision,alvium-g1,Alvium G1-234,Alvium G1,Available,Area scan,Mono or Color,Visible,300 nm to 1100 nm,"1,936 × 1,216 (2.40 MP)",Sony IMX249,CMOS,Global Shutter,13.4 mm ø (Type 1/1.2),5.86 µm × 5.86 µm,"10-bit, 12-bit; Adaptive (10-bit, 12-bit)","Mono8, Mono10, Mono10p, Mono12, Mono12p, Mono12Packed",40 fps,2 GPIOs (LVTTL),"1 input, 1 output","10.8 to 26.4 VDC AUX | IEEE 802.3af, Power Class 0 PoE",External power: 3.0 W at 12 VDC (typical) | Power over Ethernet: 3.3 W (typical),-20 °C to 65 °C (housing),41 × 29 × 29,"C-Mount, CS-Mount",70 g,32 MByte,1024 KByte,"IEEE 802.3 1000BASE-T, IEEE 802.3af (PoE)","YCbCr411_8_CbYYCrYY, YCbCr422_8_CbYCrY, YCbCr8_CbYCr","RGB8 (default), BGR8","BayerRG8, BayerRG10, BayerRG10p, BayerRG12, BayerRG12p, BayerRG12Packed",,,,,,,,,,,,,,,,,,,,,,,,,,
Allied Vision,alvium-g1,Alvium G1-240,Alvium G1,Available,Area scan,Mono or Color,Visible,300 nm to 1100 nm,"1,936 × 1,216 (2.40 MP)",Sony IMX392,CMOS,Global Shutter,7.9 mm ø (Type 1/2.3),3.45 µm × 3.45 µm,"8-bit, 10-bit, 12-bit; Adaptive (10-bit, 12-bit)","Mono8, Mono10, Mono10p, Mono12, Mono12p, Mono12Packed",50 fps,2 GPIOs (LVTTL),"1 input, 1 output","10.8 to 26.4 VDC AUX | IEEE 802.3af, Power Class 0 PoE",External power: 3.6 W at 12 VDC (typical) | Power over Ethernet: 4.0 W (typical),-20 °C to 65 °C (housing),41 × 29 × 29,"C-Mount, CS-Mount, S-Mount",70 g,32 MByte,1024 KByte,"IEEE 802.3 1000BASE-T, IEEE 802.3af (PoE)","YCbCr411_8_CbYYCrYY, YCbCr422_8_CbYCrY, YCbCr8_CbYCr","RGB8 (default), BGR8","BayerRG8, BayerRG10, BayerRG10p, BayerRG12, BayerRG12p, BayerRG12Packed",64 %,,,,,,,,,,,,,,,,,,,,,,,,,
Allied Vision,alvium-g1,Alvium G1-2460,Alvium G1,Available,Area scan,Mono or Color,Visible,300 nm to 1100 nm,"5,328 × 4,608 (24.60 MP)",Sony IMX540,CMOS,Global Shutter,21.43 mm ø (Type 1.2),2.74 µm × 2.74 µm,12-bit,"Mono8, Mono10, Mono10p, Mono12, Mono12p, Mono12Packed",4 fps,2 GPIOs (LVTTL),"1 input, 1 output","10.8 to 26.4 VDC AUX | IEEE 802.3af, Power Class 0 PoE",External power: 4.0 W at 12 VDC (typical) | Power over Ethernet: 4.4 W (typical),-20 °C to 65 °C (housing),41 × 29 × 29,"C-Mount, CS-Mount",70 g,32 MByte,1024 KByte,"IEEE 802.3 1000BASE-T, IEEE 802.3af (PoE)","YCbCr411_8_CbYYCrYY, YCbCr422_8_CbYCrY, YCbCr8_CbYCr","RGB8 (default), BGR8","BayerRG8, BayerRG10, BayerRG10p, BayerRG12, BayerRG12p, BayerRG12Packed",68 %,,,,,,,,,,,,,,,,,,,,,,,,,
Allied Vision,alvium-g1,Alvium G1-319,Alvium G1,Available,Area scan,Mono or Color,Visible,300 nm to 1100 nm,"2,064 × 1,544 (3.20 MP)",Sony IMX265,CMOS,Global Shutter,9 mm ø (Type 1/1.8),3.45 µm × 3.45 µm,12-bit,"Mono8, Mono10, Mono10p, Mono12, Mono12p, Mono12Packed",37 fps,2 GPIOs (LVTTL),"1 input, 1 output","10.8 to 26.4 VDC AUX | IEEE 802.3af, Power Class 0 PoE",External power: 3.0 W at 12 VDC (typical) | Power over Ethernet: 3.3 W (typical),-20 °C to 65 °C (housing),41 × 29 × 29,"C-Mount, CS-Mount, S-Mount",70 g,32 MByte,1024 KByte,"IEEE 802.3 1000BASE-T, IEEE 802.3af (PoE)","YCbCr411_8_CbYYCrYY, YCbCr422_8_CbYCrY, YCbCr8_CbYCr","RGB8 (default), BGR8","BayerRG8, BayerRG10, BayerRG10p, BayerRG12, BayerRG12p, BayerRG12Packed",64 %,,,,,,,,,,,,,,,,,,,,,,,,,
Allied Vision,alvium-g1,Alvium G1-500,Alvium G1,Available,Area scan,Mono or Color,Visible,300 nm to 1100 nm,"2,592 × 1,944 (5.00 MP)",ON Semi AR0521SR,CMOS,Rolling Shutter,7.13 mm ø (Type 1/2.5),2.20 µm × 2.20 µm,10-bit,"Mono8, Mono10, Mono10p, Mono12, Mono12p, Mono12Packed",23 fps,2 GPIOs (LVTTL),"1 input, 1 output","10.8 to 26.4 VDC AUX | IEEE 802.3af, Power Class 0 PoE",External power: 2.9 W at 12 VDC (typical) | Power over Ethernet: 3.2 W (typical),-20 °C to 65 °C (housing),41 × 29 × 29,"C-Mount, CS-Mount, S-Mount",70 g,32 MByte,1024 KByte,"IEEE 802.3 1000BASE-T, IEEE 802.3af (PoE)","YCbCr411_8_CbYYCrYY, YCbCr422_8_CbYCrY, YCbCr8_CbYCr","RGB8 (default), BGR8","BayerGR8, BayerGR10, BayerGR10p, BayerGR12, BayerGR12p, BayerGR12Packed",79 %,,,,,,,,,,,,,,,,,,,,,,,,,
Allied Vision,alvium-g1,Alvium G1-507,Alvium G1,Available,Area scan,Mono or Color,Visible,300 nm to 1100 nm,"2,464 × 2,056 (5.10 MP)",Sony IMX264,CMOS,Global Shutter,12.75 mm ø (Type 2/3),3.45 µm × 3.45 µm,12-bit,"Mono8, Mono10, Mono10p, Mono12, Mono12p, Mono12Packed",23 fps,2 GPIOs (LVTTL),"1 input, 1 output","10.8 to 26.4 VDC AUX | IEEE 802.3af, Power Class 0 PoE",External power: 3.1 W at 12 VDC (typical) | Power over Ethernet: 3.4 W (typical),-20 °C to 65 °C (housing),41 × 29 × 29,"C-Mount, CS-Mount",70 g,32 MByte,1024 KByte,"IEEE 802.3 1000BASE-T, IEEE 802.3af (PoE)","YCbCr411_8_CbYYCrYY, YCbCr422_8_CbYCrY, YCbCr8_CbYCr","RGB8 (default), BGR8","BayerRG8, BayerRG10, BayerRG10p, BayerRG12, BayerRG12p, BayerRG12Packed",64 %,,,,,,,,,,,,,,,,,,,,,,,,,
Allied Vision,alvium-g1,Alvium G1-507 Pol,Alvium G1,Available,Area scan,Mono or Color,Visible,300 nm to 1100 nm,"2,464 × 2,056 (5.10 MP)",Sony IMX264 Polarizer,CMOS,Global Shutter,12.75 mm ø (Type 2/3),3.45 µm × 3.45 µm,12-bit,"Mono8, Mono10, Mono10p, Mono12, Mono12p, Mono12Packed",23 fps,2 GPIOs (LVTTL),"1 input, 1 output","10.8 to 26.4 VDC AUX | IEEE 802.3af, Power Class 0 PoE",External power: 3.1 W at 12 VDC (typical) | Power over Ethernet: 3.4 W (typical),-20 °C to 65 °C (housing),41 × 29 × 29,"C-Mount, CS-Mount",70 g,32 MByte,1024 KByte,"IEEE 802.3 1000BASE-T, IEEE 802.3af (PoE)",,,"BayerRG8, BayerRG10, BayerRG10p, BayerRG12, BayerRG12p, BayerRG12Packed",,,,,,,,,,,,,,,,,,,,,,,,,,
Allied Vision,alvium-g1,Alvium G1-510,Alvium G1,Available,Area scan,Mono or Color,Visible,300 nm to 1100 nm,"2,464 × 2,064 (5.10 MP)",Sony IMX548,CMOS,Global Shutter,9 mm ø (Type 1/1.8),2.74 µm × 2.74 µm,12-bit,"Mono8, Mono10, Mono10p, Mono12, Mono12p, Mono12Packed",23 fps,2 GPIOs (LVTTL),"1 input, 1 output","10.8 to 26.4 VDC AUX | IEEE 802.3af, Power Class 0 PoE",External power: 3.2 W at 12 VDC (typical) | Power over Ethernet: 3.6 W (typical),-20 °C to 65 °C (housing),41 × 29 × 29,"C-Mount, CS-Mount, S-Mount",70 g,32 MByte,1024 KByte,"IEEE 802.3 1000BASE-T, IEEE 802.3af (PoE)","YCbCr411_8_CbYYCrYY, YCbCr422_8_CbYCrY, YCbCr8_CbYCr","RGB8 (default), BGR8","BayerRG8, BayerRG10, BayerRG10p, BayerRG12, BayerRG12p, BayerRG12Packed",68 %,,,,,,,,,,,,,,,,,,,,,,,,,
Allied Vision,alvium-g1,Alvium G1-811,Alvium G1,Available,Area scan,Mono or Color,Visible,300 nm to 1100 nm,"2,848 × 2,848 (8.10 MP)",Sony IMX546,CMOS,Global Shutter,12.75 mm ø (Type 2/3),2.74 µm × 2.74 µm,12-bit,"Mono8, Mono10, Mono10p, Mono12, Mono12p, Mono12Packed",14 fps,2 GPIOs (LVTTL),"1 input, 1 output","10.8 to 26.4 VDC AUX | IEEE 802.3af, Power Class 0 PoE",External power: 3.7 W at 12 VDC (typical) | Power over Ethernet: 4.0 W (typical),-20 °C to 65 °C (housing),41 × 29 × 29,"C-Mount, CS-Mount",70 g,32 MByte,1024 KByte,"IEEE 802.3 1000BASE-T, IEEE 802.3af (PoE)","YCbCr411_8_CbYYCrYY, YCbCr422_8_CbYCrY, YCbCr8_CbYCr","RGB8 (default), BGR8","BayerRG8, BayerRG10, BayerRG10p, BayerRG12, BayerRG12p, BayerRG12Packed",68 %,,,,,,,,,,,,,,,,,,,,,,,,,
Allied Vision,alvium-g1,Alvium G1-812 UV,Alvium G1,Available,Area scan,Mono,UV,200 nm to 1000 nm,"2,848 × 2,848 (8.10 MP)",Sony IMX487,CMOS,Global Shutter,12.75 mm ø (Type 2/3),2.74 µm × 2.74 µm,12-bit,"Mono8 (default), Mono10, Mono10p, Mono12, Mono12p, Mono12Packed",14 fps,2 GPIOs (LVTTL),"1 input, 1 output","10.8 to 26.4 VDC AUX | IEEE 802.3af, Power Class 0 PoE",External power: 4.0 W at 12 VDC (typical) | Power over Ethernet: 4.6 W (typical),-20 °C to 65 °C (housing),41 × 29 × 29,"C-Mount, CS-Mount",70 g,32 MByte,1024 KByte,"IEEE 802.3 1000BASE-T, IEEE 802.3af (PoE)",,,,,,,,,,,,,,,,,,,,,,,,,,,,,
Allied Vision,alvium-g1,Alvium G1-895,Alvium G1,Available,Area scan,Mono or Color,Visible,300 nm to 1100 nm,"4,112 × 2,176 (8.90 MP)",Sony IMX267,CMOS,Global Shutter,16.3 mm ø (Type 1),3.45 µm × 3.45 µm,12-bit,"Mono8, Mono10, Mono10p, Mono12, Mono12p, Mono12Packed",13 fps,2 GPIOs (LVTTL),"1 input, 1 output","10.8 to 26.4 VDC AUX | IEEE 802.3af, Power Class 0 PoE",External power: 3.5 W at 12 VDC (typical) | Power over Ethernet: 3.9 W (typical),-20 °C to 65 °C (housing),41 × 29 × 29,"C-Mount, CS-Mount",70 g,32 MByte,1024 KByte,"IEEE 802.3 1000BASE-T, IEEE 802.3af (PoE)","YCbCr411_8_CbYYCrYY, YCbCr422_8_CbYCrY, YCbCr8_CbYCr","RGB8 (default), BGR8","BayerRG8, BayerRG10, BayerRG10p, BayerRG12, BayerRG12p, BayerRG12Packed",,,,,,,,,,,,,,,,,,,,,,,,,,
Allied Vision,alvium-g5,Alvium G5-052,Alvium G5,Available,Area scan,Mono or Color,Visible,300 nm to 1100 nm,816 × 624 (0.50 MP),Sony IMX426,CMOS,Global Shutter,9.33 mm ø (Type 1/1.7),9.00 µm × 9.00 µm,"8-bit, 10-bit, 12-bit; Adaptive (10-bit, 12-bit)","Mono8, Mono10, Mono10p, Mono12, Mono12p, Mono12Packed",688 fps,2 GPIOs (LVTTL),"1 input, 1 output","10.8 to 26.4 VDC AUX | IEEE 802.3af, Power Class 0 PoE",External power: 6.6 W at 12 VDC (typical) | Power over Ethernet: 7.2 W (typical),-20 °C to 60 °C housing temperature,60 × 29 × 29,"C-Mount, CS-Mount",100 g,512 MByte,1024 KByte,"IEEE 802.3: 5GBASE-T or 2.5GBASE-T (NBASE-T) and 1000BASE-T, IEEE 802.3af Power Class 0 PoE","YCbCr411_8_CbYYCrYY, YCbCr422_8_CbYCrY, YCbCr8_CbYCr","RGB8 (default), BGR8","BayerRG8, BayerRG10, BayerRG10p, BayerRG12, BayerRG12p, BayerRG12Packed",73 %,,,,,,,,,,,,,,,,,,,,,,,,,
Allied Vision,alvium-g5,Alvium G5-1240,Alvium G5,Available,Area scan,Mono or Color,Visible,300 nm to 1100 nm,"4,024 × 3,036 (12.20 MP)",Sony IMX226,CMOS,"Global Reset Shutter, Rolling Shutter",9.33 mm ø (Type 1/1.7),1.85 µm × 1.85 µm,10-bit,"Mono8, Mono10, Mono10p, Mono12, Mono12p, Mono12Packed",42 fps,2 GPIOs (LVTTL),"1 input, 1 output","10.8 to 26.4 VDC AUX | IEEE 802.3af, Power Class 0 PoE",External power: 6.1 W at 12 VDC (typical) | Power over Ethernet: 6.8 W (typical),-20 °C to 60 °C housing temperature,60 × 29 × 29,"C-Mount, CS-Mount",100 g,512 MByte,1024 KByte,"IEEE 802.3: 5GBASE-T or 2.5GBASE-T (NBASE-T) and 1000BASE-T, IEEE 802.3af Power Class 0 PoE","YCbCr411_8_CbYYCrYY, YCbCr422_8_CbYCrY, YCbCr8_CbYCr","RGB8 (default), BGR8","BayerRG8, BayerRG10, BayerRG10p, BayerRG12, BayerRG12p, BayerRG12Packed",74 %,,,,,,,,,,,,,,,,,,,,,,,,,
Allied Vision,alvium-g5,Alvium G5-1242,Alvium G5,Available,Area scan,Mono or Color,Visible,300 nm to 1100 nm,"4,128 × 3,008 (12.40 MP)",Sony IMX545,CMOS,Global Shutter,14 mm ø (Type 1/1.1),2.74 µm × 2.74 µm,12-bit,"Mono8, Mono10, Mono10p, Mono12, Mono12p, Mono12Packed",41 fps,2 GPIOs (LVTTL),"1 input, 1 output","10.8 to 26.4 VDC AUX | IEEE 802.3af, Power Class 0 PoE",External power: 6.5 W at 12 VDC (typical) | Power over Ethernet: 7.1 W (typical),-20 °C to 60 °C housing temperature,60 × 29 × 29,"C-Mount, CS-Mount",100 g,512 MByte,1024 KByte,"IEEE 802.3: 5GBASE-T or 2.5GBASE-T (NBASE-T) and 1000BASE-T, IEEE 802.3af Power Class 0 PoE","YCbCr411_8_CbYYCrYY, YCbCr422_8_CbYCrY, YCbCr8_CbYCr","RGB8 (default), BGR8","BayerRG8, BayerRG10, BayerRG10p, BayerRG12, BayerRG12p, BayerRG12Packed",68 %,,,,,,,,,,,,,,,,,,,,,,,,,
Allied Vision,alvium-g5,Alvium G5-130 VSWIR,Alvium G5,Available,Area scan,Mono,"SWIR, Visible SWIR",400 nm to 1700 nm,"1,296 × 1,032 (1.30 MP)",Sony IMX990 | InGaAs,InGaAs,Global Shutter,8.15 mm ø (Type 1/2),5.00 µm × 5.00 µm,"8-bit, 10-bit, 12-bit; Adaptive (10-bit, 12-bit)","Mono8 (default), Mono10, Mono10p, Mono12, Mono12p, Mono12Packed",130 fps,2 GPIOs (LVTTL),"1 input, 1 output","10.8 to 26.4 VDC AUX | IEEE 802.3af, Power Class 0 PoE",External power: 4.9 W at 12 VDC (typical) | Power over Ethernet: 5.7 W (typical),-20 °C to 60 °C housing temperature,60 × 29 × 29,"C-Mount, CS-Mount, S-Mount",100 g,512 MByte,1024 KByte,"IEEE 802.3: 5GBASE-T or 2.5GBASE-T (NBASE-T) and 1000BASE-T, IEEE 802.3af Power Class 0 PoE",,,,,,,,,,,,,,,,,,,,,,,,,,,,,
Allied Vision,alvium-g5,Alvium G5-1620,Alvium G5,Available,Area scan,Mono or Color,Visible,300 nm to 1100 nm,"5,328 × 3,040 (16.20 MP)",Sony IMX542,CMOS,Global Shutter,17.6 mm ø (Type 1.1),2.74 µm × 2.74 µm,12-bit,"Mono8, Mono10, Mono10p, Mono12, Mono12p, Mono12Packed",32 fps,2 GPIOs (LVTTL),"1 input, 1 output","10.8 to 26.4 VDC AUX | IEEE 802.3af, Power Class 0 PoE",External power: 7.0 W at 12 VDC (typical) | Power over Ethernet: 7.5 W (typical),-20 °C to 60 °C housing temperature,60 × 29 × 29,"C-Mount, CS-Mount",100 g,512 MByte,1024 KByte,"IEEE 802.3: 5GBASE-T or 2.5GBASE-T (NBASE-T) and 1000BASE-T, IEEE 802.3af Power Class 0 PoE","YCbCr411_8_CbYYCrYY, YCbCr422_8_CbYCrY, YCbCr8_CbYCr","RGB8 (default), BGR8","BayerRG8, BayerRG10, BayerRG10p, BayerRG12, BayerRG12p, BayerRG12Packed",68 %,,,,,,,,,,,,,,,,,,,,,,,,,
Allied Vision,alvium-g5,Alvium G5-203,Alvium G5,Available,Area scan,Mono or Color,Visible,300 nm to 1100 nm,"1,632 × 1,248 (2.00 MP)",Sony IMX422,CMOS,Global Shutter,9.33 mm ø (Type 1/1.7),4.50 µm × 4.50 µm,"8-bit, 10-bit, 12-bit; Adaptive (10-bit, 12-bit)","Mono8, Mono10, Mono10p, Mono12, Mono12p, Mono12Packed",225 fps,2 GPIOs (LVTTL),"1 input, 1 output","10.8 to 26.4 VDC AUX | IEEE 802.3af, Power Class 0 PoE",External power: 6.3 W at 12 VDC (typical) | Power over Ethernet: 6.9 W (typical),-20 °C to 60 °C (housing),60 × 29 × 29,"C-Mount, CS-Mount",100 g,512 MByte,1024 KByte,"IEEE 802.3: 5GBASE-T or 2.5GBASE-T (NBASE-T) and 1000BASE-T, IEEE 802.3af Power Class 0 PoE","YCbCr411_8_CbYYCrYY, YCbCr422_8_CbYCrY, YCbCr8_CbYCr","RGB8 (default), BGR8","BayerRG8, BayerRG10, BayerRG10p, BayerRG12, BayerRG12p, BayerRG12Packed",,,,,,,,,,,,,,,,,,,,,,,,,,
Allied Vision,alvium-g5,Alvium G5-2040,Alvium G5,Available,Area scan,Mono or Color,Visible,300 nm to 1100 nm,"4,512 × 4,512 (20.40 MP)",Sony IMX541,CMOS,Global Shutter,17.6 mm ø (Type 1.1),2.74 µm × 2.74 µm,12-bit,"Mono8, Mono10, Mono10p, Mono12, Mono12p, Mono12Packed",25 fps,2 GPIOs (LVTTL),"1 input, 1 output","10.8 to 26.4 VDC AUX | IEEE 802.3af, Power Class 0 PoE",External power: 6.9 W at 12 VDC (typical) | Power over Ethernet: 7.6 (typical),-20 °C to 55 °C housing temperature,60 × 29 × 29,"C-Mount, CS-Mount",100 g,512 MByte,1024 KByte,"IEEE 802.3: 5GBASE-T or 2.5GBASE-T (NBASE-T) and 1000BASE-T, IEEE 802.3af Power Class 0 PoE","YCbCr411_8_CbYYCrYY, YCbCr422_8_CbYCrY, YCbCr8_CbYCr","RGB8 (default), BGR8","BayerRG8, BayerRG10, BayerRG10p, BayerRG12, BayerRG12p, BayerRG12Packed",68 %,,,,,,,,,,,,,,,,,,,,,,,,,
Allied Vision,alvium-g5,Alvium G5-2050,Alvium G5,Available,Area scan,Mono or Color,,300 nm to 1100 nm,"5,496 × 3,672 (20.20 MP)",Sony IMX183,,"Global Reset Shutter, Rolling Shutter",16.3 mm ø (Type 1),2.40 µm × 2.40 µm,,,26 fps,2 GPIOs (LVTTL),"1 input, 1 output","10.8 to 26.4 VDC AUX | IEEE 802.3af, Power Class 0 PoE",External power: 6.5 W at 12 VDC (typical) | Power over Ethernet: 7.0 W (typical),-20 °C to 60 °C housing temperature,60 × 29 × 29,"C-Mount, CS-Mount",100 g,512 MByte,1024 KByte,"IEEE 802.3: 5GBASE-T or 2.5GBASE-T (NBASE-T) and 1000BASE-T, IEEE 802.3af Power Class 0 PoE","YCbCr411_8_CbYYCrYY, YCbCr422_8_CbYCrY, YCbCr8_CbYCr","BGR8, RGB8 (default)",BayerRG12,80 %,,,,,,,,,,,,,,,,,,,,,,,,,
Allied Vision,alvium-g5,Alvium G5-240,Alvium G5,Available,Area scan,Mono or Color,Visible,300 nm to 1100 nm,"1,936 × 1,216 (2.40 MP)",Sony IMX392,CMOS,Global Shutter,7.9 mm ø (Type 1/2.3),3.45 µm × 3.45 µm,"8-bit, 10-bit, 12-bit; Adaptive (10-bit, 12-bit)","Mono8, Mono10, Mono10p, Mono12, Mono12p, Mono12Packed",191 fps,2 GPIOs (LVTTL),"1 input, 1 output","10.8 to 26.4 VDC AUX | IEEE 802.3af, Power Class 0 PoE",External power: 6.0 W at 12 VDC (typical) | Power over Ethernet: 6.5 W (typical),-20 °C to 60 °C (housing),60 × 29 × 29,"C-Mount, CS-Mount, S-Mount",100 g,512 MByte,1024 KByte,"IEEE 802.3: 5GBASE-T or 2.5GBASE-T (NBASE-T) and 1000BASE-T, IEEE 802.3af Power Class 0 PoE","YCbCr411_8_CbYYCrYY, YCbCr422_8_CbYCrY, YCbCr8_CbYCr","RGB8 (default), BGR8","BayerRG8, BayerRG10, BayerRG10p, BayerRG12, BayerRG12p, BayerRG12Packed",64 %,,,,,,,,,,,,,,,,,,,,,,,,,
Allied Vision,alvium-g5,Alvium G5-2460,Alvium G5,Available,Area scan,Mono or Color,Visible,300 nm to 1100 nm,"5,328 × 4,608 (24.60 MP)",Sony IMX540,CMOS,Global Shutter,21.43 mm ø (Type 1.2),2.74 µm × 2.74 µm,12-bit,"Mono8, Mono10, Mono10p, Mono12, Mono12p, Mono12Packed",21 fps,2 GPIOs (LVTTL),"1 input, 1 output","10.8 to 26.4 VDC AUX | IEEE 802.3af, Power Class 0 PoE",External power: 6.9 W at 12 VDC (typical) | Power over Ethernet: 7.7 W (typical),-20 °C to 60 °C housing temperature,60 × 29 × 29,"C-Mount, CS-Mount",100 g,512 MByte,1024 KByte,"IEEE 802.3: 5GBASE-T or 2.5GBASE-T (NBASE-T) and 1000BASE-T, IEEE 802.3af Power Class 0 PoE","YCbCr411_8_CbYYCrYY, YCbCr422_8_CbYCrY, YCbCr8_CbYCr","RGB8 (default), BGR8","BayerRG8, BayerRG10, BayerRG10p, BayerRG12, BayerRG12p, BayerRG12Packed",68 %,,,,,,,,,,,,,,,,,,,,,,,,,
Allied Vision,alvium-g5,Alvium G5-291,Alvium G5,Available,Area scan,Mono or Color,Visible,300 nm to 1100 nm,"1,944 × 1,472 (2.90 MP)",Sony IMX421,CMOS,Global Shutter,12.75 mm ø (Type 2/3),4.50 µm × 4.50 µm,"8-bit, 10-bit, 12-bit; Adaptive (10-bit, 12-bit)","Mono8, Mono10, Mono10p, Mono12, Mono12p, Mono12Packed",166 fps,2 GPIOs (LVTTL),"1 input, 1 output","10.8 to 26.4 VDC AUX | IEEE 802.3af, Power Class 0 PoE",External power: 6.6 W at 12 VDC (typical) | Power over Ethernet: 7.2 W (typical),-20 °C to 60 °C housing temperature,60 × 29 × 29,"C-Mount, CS-Mount",100 g,512 MByte,1024 KByte,"IEEE 802.3: 5GBASE-T or 2.5GBASE-T (NBASE-T) and 1000BASE-T, IEEE 802.3af Power Class 0 PoE","YCbCr411_8_CbYYCrYY, YCbCr422_8_CbYCrY, YCbCr8_CbYCr","RGB8 (default), BGR8","BayerRG8, BayerRG10, BayerRG10p, BayerRG12, BayerRG12p, BayerRG12Packed",73 %,,,,,,,,,,,,,,,,,,,,,,,,,
Allied Vision,alvium-g5,Alvium G5-320 VSWIR,Alvium G5,Available,Area scan,Mono,"SWIR, Visible SWIR",400 nm to 1700 nm,"2,080 × 1,544 (3.20 MP)",Sony IMX993 | InGaAs,InGaAs,Global Shutter,9 mm ø (Type 1/1.8),3.45 µm × 3.45 µm,"8-bit, 10-bit, 12-bit; Adaptive (10-bit, 12-bit)","Mono8 (default), Mono10, Mono10p, Mono12, Mono12p, Mono12Packed",131 fps,2 GPIOs (LVTTL),"1 input, 1 output","10.8 to 26.4 VDC AUX | IEEE 802.3af, Power Class 0 PoE",External power: 6.0 W at 12 VDC (typical) | Power over Ethernet: 6.4 W (typical),-20 °C to 60 °C housing temperature,60 × 29 × 29,"C-Mount, CS-Mount",100 g,512 MByte,1024 KByte,"IEEE 802.3: 5GBASE-T or 2.5GBASE-T (NBASE-T) and 1000BASE-T, IEEE 802.3af Power Class 0 PoE",,,,,,,,,,,,,,,,,,,,,,,,,,,,,
Allied Vision,alvium-g5,Alvium G5-500,Alvium G5,Available,Area scan,Mono or Color,Visible,300 nm to 1100 nm,"2,592 × 1,944 (5.00 MP)",ON Semi AR0521SR,CMOS,Rolling Shutter,7.13 mm ø (Type 1/2.5),2.20 µm × 2.20 µm,10-bit,"Mono8, Mono10, Mono10p, Mono12, Mono12p, Mono12Packed",68 fps,2 GPIOs (LVTTL),"1 input, 1 output","10.8 to 26.4 VDC AUX | IEEE 802.3af, Power Class 0 PoE",External power: 5.5 W at 12 VDC (typical) | Power over Ethernet: 6.3 W (typical),-20 °C to 60 °C housing temperature,60 × 29 × 29,"C-Mount, CS-Mount, S-Mount",100 g,512 MByte,1024 KByte,"IEEE 802.3: 5GBASE-T or 2.5GBASE-T (NBASE-T) and 1000BASE-T, IEEE 802.3af Power Class 0 PoE","YCbCr411_8_CbYYCrYY, YCbCr422_8_CbYCrY, YCbCr8_CbYCr","RGB8 (default), BGR","BayerGR8, BayerGR10, BayerGR10p, BayerGR12, BayerGR12p, BayerGR12Packed",79 %,,,,,,,,,,,,,,,,,,,,,,,,,
Allied Vision,alvium-g5,Alvium G5-507 Pol,Alvium G5,Available,Area scan,Mono or Color,Visible,300 nm to 1100 nm,"2,464 × 2,056 (5.10 MP)",Sony IMX264 Polarizer,CMOS,Global Shutter,12.75 mm ø (Type 2/3),3.45 µm × 3.45 µm,"8-bit, 10-bit, 12-bit; Adaptive (10-bit, 12-bit)","Mono8, Mono10, Mono10p, Mono12, Mono12p, Mono12Packed",34 fps,2 GPIOs (LVTTL),"1 input, 1 output","10.8 to 26.4 VDC AUX | IEEE 802.3af, Power Class 0 PoE",External power: 5.5 W at 12 VDC (typical) | Power over Ethernet: 5.9 W (typical),-20 °C to 60 °C housing temperature,60 × 29 × 29,"C-Mount, CS-Mount",100 g,512 MByte,1024 KByte,"IEEE 802.3: 5GBASE-T or 2.5GBASE-T (NBASE-T) and 1000BASE-T, IEEE 802.3af Power Class 0 PoE",,,"BayerRG8, BayerRG10, BayerRG10p, BayerRG12, BayerRG12p, BayerRG12Packed",,,,,,,,,,,,,,,,,,,,,,,,,,
Allied Vision,alvium-g5,Alvium G5-508,Alvium G5,Available,Area scan,Mono or Color,Visible,300 nm to 1100 nm,"2,464 × 2,056 (5.10 MP)",Sony IMX250,CMOS,Global Shutter,12.75 mm ø (Type 2/3),3.45 µm × 3.45 µm,"8-bit, 10-bit, 12-bit; Adaptive (10-bit, 12-bit)","Mono8, Mono10, Mono10p, Mono12, Mono12p, Mono12Packed",95 fps,2 GPIOs (LVTTL),"1 input, 1 output","10.8 to 26.4 VDC AUX | IEEE 802.3af, Power Class 0 PoE",External power: 6.1 W at 12 VDC (typical) | Power over Ethernet: 7.0 W (typical),-20 °C to 60 °C housing temperature,60 × 29 × 29,"C-Mount, CS-Mount",100 g,512 MByte,1024 KByte,"IEEE 802.3: 5GBASE-T or 2.5GBASE-T (NBASE-T) and 1000BASE-T, IEEE 802.3af Power Class 0 PoE","YCbCr411_8_CbYYCrYY, YCbCr422_8_CbYCrY, YCbCr8_CbYCr","RGB8 (default), BGR8","BayerRG8, BayerRG10, BayerRG10p, BayerRG12, BayerRG12p, BayerRG12Packed",64 %,,,,,,,,,,,,,,,,,,,,,,,,,
Allied Vision,alvium-g5,Alvium G5-508 Pol,Alvium G5,Available,Area scan,Mono or Color,Visible,300 nm to 1100 nm,"2,464 × 2,056 (5.10 MP)",Sony IMX250 Polarizer,CMOS,Global Shutter,12.75 mm ø (Type 2/3),3.45 µm × 3.45 µm,"8-bit, 10-bit, 12-bit; Adaptive (10-bit, 12-bit)","Mono8, Mono10, Mono10p, Mono12, Mono12p, Mono12Packed",95 fps,2 GPIOs (LVTTL),"1 input, 1 output","10.8 to 26.4 VDC AUX | IEEE 802.3af, Power Class 0 PoE",External power: 6.1 W at 12 VDC (typical) | Power over Ethernet: 7.0 W (typical),-20 °C to 60 °C housing temperature,60 × 29 × 29,"C-Mount, CS-Mount",100 g,512 MByte,1024 KByte,"IEEE 802.3: 5GBASE-T or 2.5GBASE-T (NBASE-T) and 1000BASE-T, IEEE 802.3af Power Class 0 PoE",,,"BayerRG8, BayerRG10, BayerRG10p, BayerRG12, BayerRG12p, BayerRG12Packed",,,,,,,,,,,,,,,,,,,,,,,,,,
Allied Vision,alvium-g5,Alvium G5-510,Alvium G5,Available,Area scan,Mono or Color,Visible,300 nm to 1100 nm,"2,464 × 2,064 (5.10 MP)",Sony IMX548,CMOS,Global Shutter,9 mm ø (Type 1/1.8),2.74 µm × 2.74 µm,12-bit,"Mono8, Mono10, Mono10p, Mono12, Mono12p, Mono12Packed",81 fps,2 GPIOs (LVTTL),"1 input, 1 output","10.8 to 26.4 VDC AUX | IEEE 802.3af, Power Class 0 PoE",External power: 6.2 W at 12 VDC (typical) | Power over Ethernet: 6.9 W (typical),-20 °C to 60 °C housing temperature,60 × 29 × 29,"C-Mount, CS-Mount, S-Mount",100 g,512 MByte,1024 KByte,"IEEE 802.3: 5GBASE-T or 2.5GBASE-T (NBASE-T) and 1000BASE-T, IEEE 802.3af Power Class 0 PoE","YCbCr411_8_CbYYCrYY, YCbCr422_8_CbYCrY, YCbCr8_CbYCr","RGB8 (default), BGR8","BayerRG8, BayerRG10, BayerRG10p, BayerRG12, BayerRG12p, BayerRG12Packed",68 %,,,,,,,,,,,,,,,,,,,,,,,,,
Allied Vision,alvium-g5,Alvium G5-511,Alvium G5,Available,Area scan,Mono or Color,Visible,300 nm to 1100 nm,"2,464 × 2,064 (5.10 MP)",Sony IMX547,CMOS,Global Shutter,9 mm ø (Type 1/1.8),2.74 µm × 2.74 µm,12-bit,"Mono8, Mono10, Mono10p, Mono12, Mono12p, Mono12Packed",79 fps,2 GPIOs (LVTTL),"1 input, 1 output","10.8 to 26.4 VDC AUX | IEEE 802.3af, Power Class 0 PoE",External power: 6.5 W at 12 VDC (typical) | Power over Ethernet: 7.1 W (typical),-20 °C to 60 °C housing temperature,60 × 29 × 29,"C-Mount, CS-Mount, S-Mount",100 g,512 MByte,1024 KByte,"IEEE 802.3: 5GBASE-T or 2.5GBASE-T (NBASE-T) and 1000BASE-T, IEEE 802.3af Power Class 0 PoE","YCbCr411_8_CbYYCrYY, YCbCr422_8_CbYCrY, YCbCr8_CbYCr","RGB8 (default), BGR8","BayerRG8, BayerRG10, BayerRG10p, BayerRG12, BayerRG12p, BayerRG12Packed",68 %,,,,,,,,,,,,,,,,,,,,,,,,,
Allied Vision,alvium-g5,Alvium G5-530 VSWIR,Alvium G5,Available,Area scan,Mono,"SWIR, Visible SWIR",400 nm to 1700 nm,"2,592 × 2,056 (5.30 MP)",Sony IMX992 | InGaAs,InGaAs,Global Shutter,11.4 mm ø (Type 1/1.4),3.45 µm × 3.45 µm,"8-bit, 10-bit, 12-bit; Adaptive (10-bit, 12-bit)","Mono8 (default), Mono10, Mono10p, Mono12, Mono12p, Mono12Packed",84 fps,2 GPIOs (LVTTL),"1 input, 1 output","10.8 to 26.4 VDC AUX | IEEE 802.3af, Power Class 0 PoE",External power: 6.2 W at 12 VDC (typical) | Power over Ethernet: 6.7 W (typical),-20 °C to 60 °C housing temperature,60 × 29 × 29,"C-Mount, CS-Mount",100 g,512 MByte,1024 KByte,"IEEE 802.3: 5GBASE-T or 2.5GBASE-T (NBASE-T) and 1000BASE-T, IEEE 802.3af Power Class 0 PoE",,,,,,,,,,,,,,,,,,,,,,,,,,,,,
Allied Vision,alvium-g5,Alvium G5-811,Alvium G5,Available,Area scan,Mono or Color,Visible,300 nm to 1100 nm,"2,848 × 2,848 (8.10 MP)",Sony IMX546,CMOS,Global Shutter,12.75 mm ø (Type 2/3),2.74 µm × 2.74 µm,12-bit,"Mono8, Mono10, Mono10p, Mono12, Mono12p, Mono12Packed",59 fps,2 GPIOs (LVTTL),"1 input, 1 output","10.8 to 26.4 VDC AUX | IEEE 802.3af, Power Class 0 PoE",External power: 6.5 W at 12 VDC (typical) | Power over Ethernet: 7.1 W (typical),-20 °C to 60 °C housing temperature,60 × 29 × 29,"C-Mount, CS-Mount",100 g,512 MByte,1024 KByte,"IEEE 802.3: 5GBASE-T or 2.5GBASE-T (NBASE-T) and 1000BASE-T, IEEE 802.3af Power Class 0 PoE","YCbCr411_8_CbYYCrYY, YCbCr422_8_CbYCrY, YCbCr8_CbYCr","RGB8 (default), BGR8","BayerRG8, BayerRG10, BayerRG10p, BayerRG12, BayerRG12p, BayerRG12Packed",68 %,,,,,,,,,,,,,,,,,,,,,,,,,
Allied Vision,alvium-g5,Alvium G5-812 UV,Alvium G5,Available,Area scan,Mono,UV,200 nm to 1000 nm,"2,848 × 2,848 (8.10 MP)",Sony IMX487,CMOS,Global Shutter,12.75 mm ø (Type 2/3),2.74 µm × 2.74 µm,12-bit,"Mono8 (default), Mono10, Mono10p, Mono12, Mono12p, Mono12Packed",58 fps,2 GPIOs (LVTTL),"1 input, 1 output","10.8 to 26.4 VDC AUX | IEEE 802.3af, Power Class 0 PoE",External power: 7.2 W at 12 VDC (typical) | Power over Ethernet: 7.6 W (typical),-20 °C to 60 °C housing temperature,60 × 29 × 29,"C-Mount, CS-Mount",100 g,512 MByte,1024 KByte,"IEEE 802.3: 5GBASE-T or 2.5GBASE-T (NBASE-T) and 1000BASE-T, IEEE 802.3af Power Class 0 PoE",,,,,,,,,,,,,,,,,,,,,,,,,,,,,
Allied Vision,alvium-1800-u,Alvium 1800 U-030 VSWIR,Alvium 1800 U,Available,Area scan,Mono,"SWIR, Visible SWIR",400 nm to 1700 nm,656 × 520 (0.30 MP),Sony IMX991 | InGaAs,InGaAs,Global Shutter,4.61 mm ø (Type 1/4),5.00 µm × 5.00 µm,"8-bit, 10-bit, 12-bit; Adaptive (10-bit, 12-bit)","Mono8 (default), Mono10, Mono10p, Mono12, Mono12p",249 fps,4 programmable GPIOs,,Power over USB 3.1 Gen 1 | External power 5.0 V,USB power: 2.0 W (typical) | Ext. power: 2.2 W (typical),-20 °C to 65 °C (housing),38 × 29 × 29,"C-Mount, CS-Mount, S-Mount",65 g,256 KByte,1024 KByte,usb3.0,,,,,USB3 Vision,,,,,,,,,,,,,,,,,,,,,,,,
Allied Vision,alvium-1800-u,Alvium 1800 U-040,Alvium 1800 U,Available,Area scan,Mono or Color,Visible,300 nm to 1100 nm,728 × 544 (0.40 MP),Sony IMX287,CMOS,Global Shutter,6.3 mm ø (Type 1/2.9),6.90 µm × 6.90 µm,"8-bit, 10-bit, 12-bit; Adaptive (10-bit, 12-bit)","Mono8, Mono10, Mono10p, Mono12, Mono12p",494 fps,4 programmable GPIOs,,Power over USB 3.1 Gen 1 | External power 5.0 V,USB power: 1.9 W (typical) | Ext. power: 2.1 W (typical),-20 °C to 65 °C (housing),38 × 29 × 29,"C-Mount, CS-Mount, S-Mount",60 g,256 KByte,1024 KByte,usb3.0,"YCbCr411_8_CbYYCrYY, YCbCr422_8_CbYCrY, YCbCr8_CbYCr","RGB8 (default), BGR8","BayerRG8, BayerRG10, BayerRG10p, BayerRG12, BayerRG12p",64 %,USB3 Vision,,,,,,,,,,,,,,,,,,,,,,,,
Allied Vision,alvium-1800-u,Alvium 1800 U-050,Alvium 1800 U,Available,Area scan,Mono or Color,Visible,300 nm to 1100 nm,808 × 608 (0.50 MP),ON Semi PYTHON 480,CMOS,Global Shutter,4.9 mm ø (Type 1/3.6),4.80 µm × 4.80 µm,10-bit,"Mono8, Mono10, Mono10p, Mono12, Mono12p",117 fps,4 programmable GPIOs,,Power over USB 3.1 Gen 1 | External power 5.0 V,USB power: 1.5 W (typical) | Ext. power:1.7 W (typical),-20 °C to 65 °C (housing),38 × 29 × 29,"C-Mount, CS-Mount, S-Mount",60 g,256 KByte,1024 KByte,usb3.0,"YCbCr411_8_CbYYCrYY, YCbCr422_8_CbYCrY, YCbCr8_CbYCr","RGB8 (default), BGR8","BayerRG8, BayerRG10, BayerRG10p, BayerRG12, BayerRG12p",53 %,USB3 Vision,,,,,,,,,,,,,,,,,,,,,,,,
Allied Vision,alvium-1800-u,Alvium 1800 U-052,Alvium 1800 U,Available,Area scan,Mono or Color,Visible,300 nm to 1100 nm,816 × 624 (0.50 MP),Sony IMX426,CMOS,Global Shutter,9.33 mm ø (Type 1/1.7),9.00 µm × 9.00 µm,"8-bit, 10-bit, 12-bit; Adaptive (10-bit, 12-bit)","Mono8, Mono10, Mono10p, Mono12, Mono12p",688 fps,4 programmable GPIOs,,Power over USB 3.1 Gen 1 | External power 5.0 V,USB power: 1.9 W (typical) | Ext. power: 2.1 W (typical),-20 °C to 65 °C (housing),38 × 29 × 29,"C-Mount, CS-Mount",60 g,256 KByte,1024 KByte,usb3.0,"YCbCr411_8_CbYYCrYY, YCbCr422_8_CbYCrY, YCbCr8_CbYCr","RGB8 (default), BGR8","BayerRG8, BayerRG10, BayerRG10p, BayerRG12, BayerRG12p",73 %,USB3 Vision,,,,,,,,,,,,,,,,,,,,,,,,
Allied Vision,alvium-1800-u,Alvium 1800 U-120,Alvium 1800 U,Available,Area scan,Mono or Color,Visible,300 nm to 1100 nm,"1,280 × 960 (1.20 MP)",ON Semi AR0135CS,CMOS,Global Shutter,6.09 mm ø (Type 1/3),3.75 µm × 3.75 µm,12-bit,"Mono8, Mono10, Mono10p, Mono12, Mono12p",52 fps,4 programmable GPIOs,,Power over USB 3.1 Gen 1 | External power 5.0 V,USB power: 1.3 W (typical) | Ext. power: 1.5 W (typical),-20 °C to 65 °C (housing),38 × 29 × 29,"C-Mount, CS-Mount, S-Mount",60 g,256 KByte,1024 KByte,usb3.0,"YCbCr411_8_CbYYCrYY, YCbCr422_8_CbYCrY, YCbCr8_CbYCr","RGB8 (default), BGR8","BayerRG8, BayerRG10, BayerRG10p, BayerRG12, BayerRG12p",69 %,USB3 Vision,,,,,,,,,,,,,,,,,,,,,,,,
Allied Vision,alvium-1800-u,Alvium 1800 U-1236,Alvium 1800 U,Available,Area scan,Mono or Color,Visible,300 nm to 1100 nm,"4,112 × 3,008 (12.40 MP)",Sony IMX304,CMOS,Global Shutter,17.6 mm ø (Type 1.1),3.45 µm × 3.45 µm,12-bit,"Mono8, Mono10, Mono10p, Mono12, Mono12p",23 fps,4 programmable GPIOs,,Power over USB 3.1 Gen 1 | External power 5.0 V,USB power: 2.9 W (typical) | Ext. power: 3.1 W (typical),-20 °C to 65 °C (housing),38 × 29 × 29,C-Mount,65 g,256 KByte,1024 KByte,usb3.0,"YCbCr411_8_CbYYCrYY, YCbCr422_8_CbYCrY, YCbCr8_CbYCr","RGB8 (default), BGR8","BayerRG8, BayerRG10, BayerRG10p, BayerRG12, BayerRG12p",64 %,USB3 Vision,,,,,,,,,,,,,,,,,,,,,,,,
Allied Vision,alvium-1800-u,Alvium 1800 U-1240,Alvium 1800 U,Available,Area scan,Mono or Color,Visible,300 nm to 1100 nm,"4,024 × 3,036 (12.20 MP)",Sony IMX226,CMOS,"Global Reset Shutter, Rolling Shutter",9.33 mm ø (Type 1/1.7),1.85 µm × 1.85 µm,10-bit,"Mono8, Mono10, Mono10p, Mono12, Mono12p",35 fps,4 programmable GPIOs,,Power over USB 3.1 Gen 1 | External power 5.0 V,USB power: 3.1 W (typical) | Ext. power: 3.3 W (typical),-20 °C to 65 °C (housing),38 × 29 × 29,"C-Mount, CS-Mount, S-Mount",65 g,256 KByte,1024 KByte,usb3.0,"YCbCr411_8_CbYYCrYY, YCbCr422_8_CbYCrY, YCbCr8_CbYCr","RGB8 (default), BGR8","BayerRG8, BayerRG10, BayerRG10p, BayerRG12, BayerRG12p",74 %,USB3 Vision,,,,,,,,,,,,,,,,,,,,,,,,
Allied Vision,alvium-1800-u,Alvium 1800 U-1242,Alvium 1800 U,Available,Area scan,Mono or Color,Visible,300 nm to 1100 nm,"4,128 × 3,008 (12.40 MP)",Sony IMX545,CMOS,Global Shutter,14 mm ø (Type 1/1.1),2.74 µm × 2.74 µm,12-bit,"Mono8, Mono10, Mono10p, Mono12, Mono12p",33 fps,4 programmable GPIOs,,Power over USB 3.1 Gen 1 | External power 5.0 V,USB power: 3.4 W (typical) | Ext. power: 3.6 W (typical),-20 °C to 65 °C (housing),38 × 29 × 29,"C-Mount, CS-Mount",65 g,256 KByte,1024 KByte,usb3.0,"YCbCr411_8_CbYYCrYY, YCbCr422_8_CbYCrY, YCbCr8_CbYCr","RGB8 (default), BGR8","BayerRG8, BayerRG10, BayerRG10p, BayerRG12, BayerRG12p",68 %,USB3 Vision,,,,,,,,,,,,,,,,,,,,,,,,
Allied Vision,alvium-1800-u,Alvium 1800 U-130 VSWIR,Alvium 1800 U,Available,Area scan,Mono,"SWIR, Visible SWIR",400 nm to 1700 nm,"1,296 × 1,032 (1.30 MP)",Sony IMX990 | InGaAs,InGaAs,Global Shutter,8.15 mm ø (Type 1/2),5.00 µm × 5.00 µm,"8-bit, 10-bit, 12-bit; Adaptive (10-bit, 12-bit)","Mono8 (default), Mono10, Mono10p, Mono12, Mono12p",130 fps,4 programmable GPIOs,,Power over USB 3.1 Gen 1 | External power 5.0 V,USB power: 2.1 W (typical) | Ext. power: 2.3 W (typical),-20 °C to 65 °C (housing),38 × 29 × 29,"C-Mount, CS-Mount, S-Mount",65 g,256 KByte,1024 KByte,usb3.0,,,,,USB3 Vision,,,,,,,,,,,,,,,,,,,,,,,,
Allied Vision,alvium-1800-u,Alvium 1800 U-131,Alvium 1800 U,Available,Area scan,Mono or Color,Visible,300 nm to 1100 nm,"1,280 × 1,024 (1.30 MP)",Teledyne e2v EV76C560,CMOS,Global Shutter,9 mm ø (Type 1/1.8),5.30 µm × 5.30 µm,10-bit,"Mono8, Mono10, Mono10p, Mono12, Mono12p",60 fps,4 programmable GPIOs,,Power over USB 3.1 Gen 1 | External power 5.0 V,USB power: 1.5 W (typical) | Ext. power: 1.5 W (typical),-20 °C to 65 °C (housing),38 × 29 × 29,"C-Mount, CS-Mount, S-Mount",60 g,256 KByte,1024 KByte,usb3.0,"YCbCr411_8_CbYYCrYY, YCbCr422_8_CbYCrY, YCbCr8_CbYCr","RGB8 (default), BGR8","BayerRG8, BayerRG10, BayerRG10p, BayerRG12, BayerRG12p",,USB3 Vision,,,,,,,,,,,,,,,,,,,,,,,,
Allied Vision,alvium-1800-u,Alvium 1800 U-158,Alvium 1800 U,Available,Area scan,Mono or Color,Visible,300 nm to 1100 nm,"1,456 × 1,088 (1.60 MP)",Sony IMX273,CMOS,Global Shutter,6.3 mm ø (Type 1/2.9),3.45 µm × 3.45 µm,"8-bit, 10-bit, 12-bit; Adaptive (10-bit, 12-bit)","Mono8, Mono10, Mono10p, Mono12, Mono12p",257 fps,4 programmable GPIOs,,Power over USB 3.1 Gen 1 | External power 5.0 V,USB power: 2.5 W (typical) | Ext. power: 2.6 W (typical),-20 °C to 65 °C (housing),38 × 29 × 29,"C-Mount, CS-Mount, S-Mount",65 g,256 KByte,1024 KByte,usb3.0,"YCbCr411_8_CbYYCrYY, YCbCr422_8_CbYCrY, YCbCr8_CbYCr","RGB8 (default), BGR8","BayerRG8, BayerRG10, BayerRG10p, BayerRG12, BayerRG12p",64 %,USB3 Vision,,,,,,,,,,,,,,,,,,,,,,,,
Allied Vision,alvium-1800-u,Alvium 1800 U-1620,Alvium 1800 U,Available,Area scan,Mono or Color,Visible,300 nm to 1100 nm,"5,328 × 3,040 (16.20 MP)",Sony IMX542,CMOS,Global Shutter,17.6 mm ø (Type 1.1),2.74 µm × 2.74 µm,12-bit,"Mono8, Mono10, Mono10p, Mono12, Mono12p",26 fps,4 programmable GPIOs,,Power over USB 3.1 Gen 1 | External power 5.0 V,USB power: 4.0 W (typical) | Ext. power: 4.2 W (typical),-20 °C to 65 °C (housing),38 × 29 × 29,"C-Mount, CS-Mount",65 g,256 KByte,1024 KByte,usb3.0,"YCbCr411_8_CbYYCrYY, YCbCr422_8_CbYCrY, YCbCr8_CbYCr","RGB8 (default), BGR8","BayerRG8, BayerRG10, BayerRG10p, BayerRG12, BayerRG12p",68 %,USB3 Vision,,,,,,,,,,,,,,,,,,,,,,,,
Allied Vision,alvium-1800-u,Alvium 1800 U-192,Alvium 1800 U,Available,Area scan,Mono or Color,Visible,300 nm to 1100 nm,"1,600 × 1,200 (1.90 MP)",Teledyne e2v EV76C570,CMOS,Global Shutter,9 mm ø (Type 1/1.8),4.50 µm × 4.50 µm,10-bit,"Mono8, Mono10, Mono10p, Mono12, Mono12p",59 fps,4 programmable GPIOs,,Power over USB 3.1 Gen 1 | External power 5.0 V,USB power: 1.6 W (typical) | Ext. power: 1.6 W (typical),-20 °C to 65 °C (housing),38 × 29 × 29,"C-Mount, CS-Mount, S-Mount",60 g,256 KByte,1024 KByte,usb3.0,"YCbCr411_8_CbYYCrYY, YCbCr422_8_CbYCrY, YCbCr8_CbYCr","RGB8 (default), BGR8","BayerRG8, BayerRG10, BayerRG10p, BayerRG12, BayerRG12p",,USB3 Vision,,,,,,,,,,,,,,,,,,,,,,,,
Allied Vision,alvium-1800-u,Alvium 1800 U-203,Alvium 1800 U,Available,Area scan,Mono or Color,Visible,300 nm to 1100 nm,"1,632 × 1,248 (2.00 MP)",Sony IMX422,CMOS,Global Shutter,9.33 mm ø (Type 1/1.7),4.50 µm × 4.50 µm,"8-bit, 10-bit, 12-bit; Adaptive (10-bit, 12-bit)","Mono8, Mono10, Mono10p, Mono12, Mono12p",200 fps,4 programmable GPIOs,,Power over USB 3.1 Gen 1 | External power 5.0 V,USB power: 3.3 W (typical) | Ext. power: 3.3 W (typical),-20 °C to 65 °C (housing),38 × 29 × 29,"C-Mount, CS-Mount",65 g,256 KByte,1024 KByte,usb3.0,"YCbCr411_8_CbYYCrYY, YCbCr422_8_CbYCrY, YCbCr8_CbYCr","RGB8 (default), BGR8","BayerRG8, BayerRG10, BayerRG10p, BayerRG12, BayerRG12p",,USB3 Vision,,,,,,,,,,,,,,,,,,,,,,,,
Allied Vision,alvium-1800-u,Alvium 1800 U-2040,Alvium 1800 U,Available,Area scan,Mono or Color,Visible,300 nm to 1100 nm,"4,512 × 4,512 (20.40 MP)",Sony IMX541,CMOS,Global Shutter,17.6 mm ø (Type 1.1),2.74 µm × 2.74 µm,12-bit,"Mono8, Mono10, Mono10p, Mono12, Mono12p",21 fps,4 programmable GPIOs,,Power over USB 3.1 Gen 1 | External power 5.0 V,USB power: 3.9 W (typical) | Ext. power: 4.1 W (typical),-20 °C to 65 °C (housing),38 × 29 × 29,"C-Mount, CS-Mount",65 g,256 KByte,1024 KByte,usb3.0,"YCbCr411_8_CbYYCrYY, YCbCr422_8_CbYCrY, YCbCr8_CbYCr","RGB8 (default), BGR8","BayerRG8, BayerRG10, BayerRG10p, BayerRG12, BayerRG12p",68 %,USB3 Vision,,,,,,,,,,,,,,,,,,,,,,,,
Allied Vision,alvium-1800-u,Alvium 1800 U-2050,Alvium 1800 U,Available,Area scan,Mono or Color,Visible,300 nm to 1100 nm,"5,496 × 3,672 (20.20 MP)",Sony IMX183,CMOS,"Global Reset Shutter, Rolling Shutter",16.3 mm ø (Type 1),2.40 µm × 2.40 µm,10-bit,"Mono8, Mono10, Mono10p, Mono12, Mono12p",21 fps,4 programmable GPIOs,,Power over USB 3.1 Gen 1 | External power 5.0 V,USB power: 3.2 W (typical) | Ext. power: 3.4 W (typical),-20 °C to 65 °C (housing),38 × 29 × 29,C-Mount,65 g,256 KByte,1024 KByte,usb3.0,"YCbCr411_8_CbYYCrYY, YCbCr422_8_CbYCrY, YCbCr8_CbYCr","RGB8 (default), BGR8","BayerRG8, BayerRG10, BayerRG10p, BayerRG12, BayerRG12p",80 %,USB3 Vision,,,,,,,,,,,,,,,,,,,,,,,,
Allied Vision,alvium-1800-u,Alvium 1800 U-234,Alvium 1800 U,Available,Area scan,Mono or Color,Visible,300 nm to 1100 nm,"1,936 × 1,216 (2.40 MP)",Sony IMX249,CMOS,Global Shutter,13.4 mm ø (Type 1/1.2),5.86 µm × 5.86 µm,"10-bit, 12-bit; Adaptive (10-bit, 12-bit)","Mono8, Mono10, Mono10p, Mono12, Mono12p",40 fps,4 programmable GPIOs,,Power over USB 3.1 Gen 1 | External power 5.0 V,USB power: 2.1 W (typical) | Ext. power: 2.3 W (typical),-20 °C to 65 °C (housing),38 × 29 × 29,"C-Mount, CS-Mount",65 g,256 KByte,1024 KByte,usb3.0,"YCbCr411_8_CbYYCrYY, YCbCr422_8_CbYCrY, YCbCr8_CbYCr","RGB8 (default), BGR8","BayerRG8, BayerRG10, BayerRG10p, BayerRG12, BayerRG12p",,USB3 Vision,,,,,,,,,,,,,,,,,,,,,,,,
Allied Vision,alvium-1800-u,Alvium 1800 U-235,Alvium 1800 U,Available,Area scan,Mono or Color,Visible,300 nm to 1100 nm,"1,936 × 1,216 (2.40 MP)",Sony IMX174,CMOS,Global Shutter,13.4 mm ø (Type 1/1.2),5.86 µm × 5.86 µm,"10-bit, 12-bit; Adaptive (10-bit, 12-bit)","Mono8, Mono10, Mono10p, Mono12, Mono12p",155 fps,4 programmable GPIOs,,Power over USB 3.1 Gen 1 | External power 5.0 V,USB power: 2.8 W (typical) | Ext. power: 3.0 W (typical),-20 °C to 65 °C (housing),38 × 29 × 29,"C-Mount, CS-Mount",65 g,256 KByte,1024 KByte,usb3.0,"YCbCr411_8_CbYYCrYY, YCbCr422_8_CbYCrY, YCbCr8_CbYCr","RGB8 (default), BGR8","BayerRG8, BayerRG10, BayerRG10p, BayerRG12, BayerRG12p",,USB3 Vision,,,,,,,,,,,,,,,,,,,,,,,,
Allied Vision,alvium-1800-u,Alvium 1800 U-240,Alvium 1800 U,Available,Area scan,Mono or Color,Visible,300 nm to 1100 nm,"1,936 × 1,216 (2.40 MP)",Sony IMX392,CMOS,Global Shutter,7.9 mm ø (Type 1/2.3),3.45 µm × 3.45 µm,"8-bit, 10-bit, 12-bit; Adaptive (10-bit, 12-bit)","Mono8, Mono10, Mono10p, Mono12, Mono12p",176 fps,4 programmable GPIOs,,Power over USB 3.1 Gen 1 | External power 5.0 V,USB power: 2.8 W (typical) | Ext. power: 3.0 W (typical),-20 °C to 65 °C (housing),38 × 29 × 29,"C-Mount, CS-Mount, S-Mount",65 g,256 KByte,1024 KByte,usb3.0,"YCbCr411_8_CbYYCrYY, YCbCr422_8_CbYCrY, YCbCr8_CbYCr","RGB8 (default), BGR8","BayerRG8, BayerRG10, BayerRG10p, BayerRG12, BayerRG12p",64 %,USB3 Vision,,,,,,,,,,,,,,,,,,,,,,,,
Allied Vision,alvium-1800-u,Alvium 1800 U-2460,Alvium 1800 U,Available,Area scan,Mono or Color,Visible,300 nm to 1100 nm,"5,328 × 4,608 (24.60 MP)",Sony IMX540,CMOS,Global Shutter,21.43 mm ø (Type 1.2),2.74 µm × 2.74 µm,12-bit,"Mono8, Mono10, Mono10p, Mono12, Mono12p",17 fps,4 programmable GPIOs,,Power over USB 3.1 Gen 1 | External power 5.0 V,USB power: 4.0 W (typical) | Ext. power: 4.2 W (typical),-20 °C to 65 °C (housing),38 × 29 × 29,"C-Mount, CS-Mount",65 g,256 KByte,1024 KByte,usb3.0,"YCbCr411_8_CbYYCrYY, YCbCr422_8_CbYCrY, YCbCr8_CbYCr","RGB8 (default), BGR8","BayerRG8, BayerRG10, BayerRG10p, BayerRG12, BayerRG12p",68 %,USB3 Vision,,,,,,,,,,,,,,,,,,,,,,,,
Allied Vision,alvium-1800-u,Alvium 1800 U-291,Alvium 1800 U,Available,Area scan,Mono or Color,Visible,300 nm to 1100 nm,"1,944 × 1,472 (2.90 MP)",Sony IMX421,CMOS,Global Shutter,12.75 mm ø (Type 2/3),4.50 µm × 4.50 µm,"8-bit, 10-bit, 12-bit; Adaptive (10-bit, 12-bit)","Mono8, Mono10, Mono10p, Mono12, Mono12p",144 fps,4 programmable GPIOs,,Power over USB 3.1 Gen 1 | External power 5.0 V,USB power: 1.9 W (typical) | Ext. power: 2.1 W (typical),-20 °C to 65 °C (housing),38 × 29 × 29,"C-Mount, CS-Mount",60 g,256 KByte,1024 KByte,usb3.0,"YCbCr411_8_CbYYCrYY, YCbCr422_8_CbYCrY, YCbCr8_CbYCr","RGB8 (default), BGR8","BayerRG8, BayerRG10, BayerRG10p, BayerRG12, BayerRG12p",73 %,USB3 Vision,,,,,,,,,,,,,,,,,,,,,,,,
Allied Vision,alvium-1800-u,Alvium 1800 U-319,Alvium 1800 U,Available,Area scan,Mono or Color,Visible,300 nm to 1100 nm,"2,064 × 1,544 (3.20 MP)",Sony IMX265,CMOS,Global Shutter,9 mm ø (Type 1/1.8),3.45 µm × 3.45 µm,12-bit,"Mono8, Mono10, Mono10p, Mono12, Mono12p",54 fps,4 programmable GPIOs,,Power over USB 3.1 Gen 1 | External power 5.0 V,USB power: 2.2 W (typical) | Ext. power: 2.4 W (typical),-20 °C to 65 °C (housing),38 × 29 × 29,"C-Mount, CS-Mount, S-Mount",60 g,256 KByte,1024 KByte,usb3.0,"YCbCr411_8_CbYYCrYY, YCbCr422_8_CbYCrY, YCbCr8_CbYCr","RGB8 (default), BGR8","BayerRG8, BayerRG10, BayerRG10p, BayerRG12, BayerRG12p",64 %,USB3 Vision,,,,,,,,,,,,,,,,,,,,,,,,
Allied Vision,alvium-1800-u,Alvium 1800 U-320 VSWIR,Alvium 1800 U,Available,Area scan,Mono,"SWIR, Visible SWIR",400 nm to 1700 nm,"2,080 × 1,544 (3.20 MP)",Sony IMX993 | InGaAs,InGaAs,Global Shutter,9 mm ø (Type 1/1.8),3.45 µm × 3.45 µm,"8-bit, 10-bit, 12-bit; Adaptive (10-bit, 12-bit)","Mono8 (default), Mono10, Mono10p, Mono12, Mono12p",123 fps,4 programmable GPIOs,,Power over USB 3.1 Gen 1 | External power 5.0 V,USB power: 2.8 W (typical) | External power: 2.8 W (typical),-20 °C to 65 °C (housing),38 × 29 × 29,"C-Mount, CS-Mount",65 g,256 KByte,1024 KByte,usb3.0,,,,,USB3 Vision,,,,,,,,,,,,,,,,,,,,,,,,
Allied Vision,alvium-1800-u,Alvium 1800 U-500,Alvium 1800 U,Available,Area scan,Mono or Color,Visible,300 nm to 1100 nm,"2,592 × 1,944 (5.00 MP)",ON Semi AR0521SR,CMOS,Rolling Shutter,7.13 mm ø (Type 1/2.5),2.20 µm × 2.20 µm,10-bit,"Mono8, Mono10, Mono10p, Mono12, Mono12p",68 fps,4 programmable GPIOs,,Power over USB 3.1 Gen 1 | External power 5.0 V,USB power: 2.2 W (typical) | Ext. power: 2.4 W (typical),-20 °C to 65 °C (housing),38 × 29 × 29,"C-Mount, CS-Mount, S-Mount",60 g,256 KByte,1024 KByte,usb3.0,"YCbCr411_8_CbYYCrYY, YCbCr422_8_CbYCrY, YCbCr8_CbYCr","RGB8 (default), BGR8","BayerGR8, BayerGR10, BayerGR10p, BayerGR12, BayerGR12p",79 %,USB3 Vision,,,,,,,,,,,,,,,,,,,,,,,,
Allied Vision,alvium-1800-u,Alvium 1800 U-501 NIR,Alvium 1800 U,Available,Area scan,Mono or Color,Visible-NIR,300 nm to 1100 nm,"2,592 × 1,944 (5.00 MP)",ON Semi AR0522,CMOS,Rolling Shutter,7.13 mm ø (Type 1/2.5),2.20 µm × 2.20 µm,10-bit,"Mono8, Mono10, Mono10p, Mono12, Mono12p",68 fps,4 programmable GPIOs,,Power over USB 3.1 Gen 1 | External power 5.0 V,USB power: 2.2 W (typical) | Ext. power: 2.4 W (typical),-20 °C to 65 °C (housing),38 × 29 × 29,"C-Mount, CS-Mount, S-Mount",60 g,256 KByte,1024 KByte,usb3.0,"YCbCr411_8_CbYYCrYY, YCbCr422_8_CbYCrY, YCbCr8_CbYCr","RGB8 (default), BGR8","BayerGR8, BayerGR10, BayerGR10p, BayerGR12, BayerGR12p",84 %,USB3 Vision,30 %,,,,,,,,,,,,,,,,,,,,,,,
Allied Vision,alvium-1800-u,Alvium 1800 U-507,Alvium 1800 U,Available,Area scan,Mono or Color,Visible,300 nm to 1100 nm,"2,464 × 2,056 (5.10 MP)",Sony IMX264,CMOS,Global Shutter,12.75 mm ø (Type 2/3),3.45 µm × 3.45 µm,12-bit,"Mono8, Mono10, Mono10p, Mono12, Mono12p",34 fps,4 programmable GPIOs,,Power over USB 3.1 Gen 1 | External power 5.0 V,USB power: 2.0 W (typical) | Ext. power: 2.2 W (typical),-20 °C to 65 °C (housing),38 × 29 × 29,"C-Mount, CS-Mount",60 g,256 KByte,1024 KByte,usb3.0,"YCbCr411_8_CbYYCrYY, YCbCr422_8_CbYCrY, YCbCr8_CbYCr","RGB8 (default), BGR8","BayerRG8, BayerRG10, BayerRG10p, BayerRG12, BayerRG12p",64 %,USB3 Vision,,,,,,,,,,,,,,,,,,,,,,,,
Allied Vision,alvium-1800-u,Alvium 1800 U-507 Pol,Alvium 1800 U,Available,Area scan,Mono or Color,Visible,300 nm to 1100 nm,"2,464 × 2,056 (5.10 MP)",Sony IMX264 Polarizer,CMOS,Global Shutter,12.75 mm ø (Type 2/3),3.45 µm × 3.45 µm,12-bit,"Mono8, Mono10, Mono10p, Mono12, Mono12p",34 fps,4 programmable GPIOs,,Power over USB 3.1 Gen 1 | External power 5.0 V,USB power: 2.0 W (typical) | Ext. power: 2.2 W (typical),-20 °C to 65 °C (housing),38 × 29 × 29,"C-Mount, CS-Mount",60 g,256 KByte,1024 KByte,usb3.0,,,"BayerRG8, BayerRG10, BayerRG10p, BayerRG12, BayerRG12p",,USB3 Vision,,,,,,,,,,,,,,,,,,,,,,,,
Allied Vision,alvium-1800-u,Alvium 1800 U-508,Alvium 1800 U,Available,Area scan,Mono or Color,Visible,300 nm to 1100 nm,"2,464 × 2,056 (5.10 MP)",Sony IMX250,CMOS,Global Shutter,12.75 mm ø (Type 2/3),3.45 µm × 3.45 µm,"8-bit, 10-bit, 12-bit; Adaptive (10-bit, 12-bit)","Mono8, Mono10, Mono10p, Mono12, Mono12p",84 fps,4 programmable GPIOs,,Power over USB 3.1 Gen 1 | External power 5.0 V,USB power: 2.9 W (typical) | Ext. power: 3.1 W (typical),-20 °C to 65 °C (housing),38 × 29 × 29,"C-Mount, CS-Mount",65 g,256 KByte,1024 KByte,usb3.0,"YCbCr411_8_CbYYCrYY, YCbCr422_8_CbYCrY, YCbCr8_CbYCr","RGB8 (default), BGR8","BayerRG8, BayerRG10, BayerRG10p, BayerRG12, BayerRG12p",64 %,USB3 Vision,,,,,,,,,,,,,,,,,,,,,,,,
Allied Vision,alvium-1800-u,Alvium 1800 U-508 Pol,Alvium 1800 U,Available,Area scan,Mono or Color,Visible,300 nm to 1100 nm,"2,464 × 2,056 (5.10 MP)",Sony IMX250 Polarizer,CMOS,Global Shutter,12.75 mm ø (Type 2/3),3.45 µm × 3.45 µm,"8-bit, 10-bit, 12-bit; Adaptive (10-bit, 12-bit)","Mono8, Mono10, Mono10p, Mono12, Mono12p",84 fps,4 programmable GPIOs,,Power over USB 3.1 Gen 1 | External power 5.0 V,USB power: 2.9 W (typical) | Ext. power: 3.1 W (typical),-20 °C to 65 °C (housing),38 × 29 × 29,"C-Mount, CS-Mount",65 g,256 KByte,1024 KByte,usb3.0,,,"BayerRG8, BayerRG10, BayerRG10p, BayerRG12, BayerRG12p",,USB3 Vision,,,,,,,,,,,,,,,,,,,,,,,,
Allied Vision,alvium-1800-u,Alvium 1800 U-510,Alvium 1800 U,Available,Area scan,Mono or Color,Visible,300 nm to 1100 nm,"2,464 × 2,064 (5.10 MP)",Sony IMX548,CMOS,Global Shutter,9 mm ø (Type 1/1.8),2.74 µm × 2.74 µm,12-bit,"Mono8, Mono10, Mono10p, Mono12, Mono12p",79 fps,4 programmable GPIOs,,Power over USB 3.1 Gen 1 | External power 5.0 V,USB power: 3.0 W (typical) | Ext. power: 3.2 W (typical),-20 °C to 65 °C (housing),38 × 29 × 29,"C-Mount, CS-Mount, S-Mount",65 g,256 KByte,1024 KByte,usb3.0,"YCbCr411_8_CbYYCrYY, YCbCr422_8_CbYCrY, YCbCr8_CbYCr","RGB8 (default), BGR8","BayerRG8, BayerRG10, BayerRG10p, BayerRG12, BayerRG12p",68 %,USB3 Vision,,,,,,,,,,,,,,,,,,,,,,,,
Allied Vision,alvium-1800-u,Alvium 1800 U-511,Alvium 1800 U,Available,Area scan,Mono or Color,Visible,300 nm to 1100 nm,"2,464 × 2,064 (5.10 MP)",Sony IMX547,CMOS,Global Shutter,9 mm ø (Type 1/1.8),2.74 µm × 2.74 µm,12-bit,"Mono8, Mono10, Mono10p, Mono12, Mono12p",79 fps,4 programmable GPIOs,,Power over USB 3.1 Gen 1 | External power 5.0 V,USB power: 3.2 W (typical) | Ext. power: 3.4 W (typical),-20 °C to 65 °C (housing),38 × 29 × 29,"C-Mount, CS-Mount, S-Mount",65 g,256 KByte,1024 KByte,usb3.0,"YCbCr411_8_CbYYCrYY, YCbCr422_8_CbYCrY, YCbCr8_CbYCr","RGB8 (default), BGR8","BayerRG8, BayerRG10, BayerRG10p, BayerRG12, BayerRG12p",68 %,USB3 Vision,,,,,,,,,,,,,,,,,,,,,,,,
Allied Vision,alvium-1800-u,Alvium 1800 U-530 VSWIR,Alvium 1800 U,Available,Area scan,Mono,"SWIR, Visible SWIR",400 nm to 1700 nm,"2,592 × 2,056 (5.30 MP)",Sony IMX992 | InGaAs,InGaAs,Global Shutter,11.4 mm ø (Type 1/1.4),3.45 µm × 3.45 µm,"8-bit, 10-bit, 12-bit; Adaptive (10-bit, 12-bit)","Mono8 (default), Mono10, Mono10p, Mono12, Mono12p",77 fps,4 programmable GPIOs,,Power over USB 3.1 Gen 1 | External power 5.0 V,USB power: 2.9 W (typical) | External power: 2.9 W (typical),-20 °C to 65 °C (housing),38 × 29 × 29,"C-Mount, CS-Mount",65 g,256 KByte,1024 KByte,usb3.0,,,,,USB3 Vision,,,,,,,,,,,,,,,,,,,,,,,,
Allied Vision,alvium-1800-u,Alvium 1800 U-811,Alvium 1800 U,Available,Area scan,Mono or Color,Visible,300 nm to 1100 nm,"2,848 × 2,848 (8.10 MP)",Sony IMX546,CMOS,Global Shutter,12.75 mm ø (Type 2/3),2.74 µm × 2.74 µm,12-bit,"Mono8, Mono10, Mono10p, Mono12, Mono12p",51 fps,4 programmable GPIOs,,Power over USB 3.1 Gen 1 | External power 5.0 V,USB power: 3.3 W (typical) | Ext. power: 3.5 W (typical),-20 °C to 65 °C (housing),38 × 29 × 29,"C-Mount, CS-Mount",65 g,256 KByte,1024 KByte,usb3.0,"YCbCr411_8_CbYYCrYY, YCbCr422_8_CbYCrY, YCbCr8_CbYCr","RGB8 (default), BGR8","BayerRG8, BayerRG10, BayerRG10p, BayerRG12, BayerRG12p",68 %,USB3 Vision,,,,,,,,,,,,,,,,,,,,,,,,
Allied Vision,alvium-1800-u,Alvium 1800 U-812 UV,Alvium 1800 U,Available,Area scan,Mono,UV,200 nm to 1100 nm,"2,848 × 2,848 (8.10 MP)",Sony IMX487,CMOS,Global Shutter,12.75 mm ø (Type 2/3),2.74 µm × 2.74 µm,12-bit,"Mono8 (default), Mono10, Mono10p, Mono12, Mono12p",51 fps,4 programmable GPIOs,,Power over USB 3.1 Gen 1 | External power 5.0 V,USB power: 3.9 W (typical) | Ext. power: 4.1 W (typical),-20 °C to 65 °C (housing),38 × 29 × 29,"C-Mount, CS-Mount",65 g,256 KByte,1024 KByte,usb3.0,,,,,USB3 Vision,,,,,,,,,,,,,,,,,,,,,,,,
Allied Vision,alvium-1800-u,Alvium 1800 U-895,Alvium 1800 U,Available,Area scan,Mono or Color,Visible,300 nm to 1100 nm,"4,112 × 2,176 (8.90 MP)",Sony IMX267,CMOS,Global Shutter,16.3 mm ø (Type 1),3.45 µm × 3.45 µm,12-bit,"Mono8, Mono10, Mono10p, Mono12, Mono12p",31 fps,4 programmable GPIOs,,Power over USB 3.1 Gen 1 | External power 5.0 V,USB power: 2.8 W (typical) | Ext. power: 2.8 W (typical),-20 °C to 65 °C (housing),38 × 29 × 29,"C-Mount, CS-Mount",65 g,256 KByte,1024 KByte,usb3.0,"YCbCr411_8_CbYYCrYY, YCbCr422_8_CbYCrY, YCbCr8_CbYCr","RGB8 (default), BGR8","BayerRG8, BayerRG10, BayerRG10p, BayerRG12, BayerRG12p",,USB3 Vision,,,,,,,,,,,,,,,,,,,,,,,,
Allied Vision,alvium-1800-c,Alvium 1800 C-030 VSWIR,Alvium 1800 C,Available,Area scan,,"SWIR, Visible SWIR",400 nm to 1700 nm,656 × 520 (0.30 MP),Sony IMX991 | InGaAs,InGaAs,Global Shutter,4.61 mm ø (Type 1/4),5.00 µm × 5.00 µm,,"GREY, Mono8 (default), RAW10, RAW12, RAW8 (default), Y10, Y12",249 fps,2 programmable GPIOs,,5 VDC over MIPI CSI-2,Typical: 1.8 W,-20 °C to 65 °C (housing),26 × 29 × 29,"C-Mount, CS-Mount, S-Mount",40 g,256 KByte,1024 KByte,"MIPI CSI-2, up to 4 lanes",,,,,,,15 µs to 10 s,0.0 dB to 42.0 dB,,,,,,,,,,,,,,,,,,,,,
Allied Vision,alvium-1800-c,Alvium 1800 C-040,Alvium 1800 C,Available,Area scan,Mono or Color,Visible,300 nm to 1100 nm,728 × 544 (0.40 MP),Sony IMX287,,Global Shutter,6.3 mm ø (Type 1/2.9),6.90 µm × 6.90 µm,,"GREY, RAW10, RAW12, RAW8, Y10, Y12",494 fps,2 programmable GPIOs,,5 VDC over MIPI CSI-2,Typical: 1.7 W,-20 °C to 65 °C (housing),26 × 29 × 29,"C-Mount, CS-Mount, S-Mount",40 g,256 KByte,1024 KByte,"MIPI CSI-2, up to 4 lanes","UYVY, YCbCr411_8_CbYYCrYY, YCbCr422_8_CbYCrY, YCbCr8_CbYCr, YUV422 8-bit","BGR8, RGB3, RGB8 (default), RGB888 (default)","BayerGR10, BayerGR10p, BayerGR12, BayerGR12p, BayerGR8",64 %,,,28 µs to 10 s,0.0 dB to 48.0 dB,,,,,,,,,,,,,,,,,,,,,
Allied Vision,alvium-1800-c,Alvium 1800 C-052,Alvium 1800 C,Available,Area scan,Mono or Color,Visible,300 nm to 1100 nm,816 × 624 (0.50 MP),Sony IMX426,,Global Shutter,9.33 mm ø (Type 1/1.7),9.00 µm × 9.00 µm,,"GREY, RAW10, RAW12, RAW8, Y10, Y12",689 fps,2 programmable GPIOs,,5 VDC over MIPI CSI-2,Typical: 3.8 W,-20 °C to 65 °C (housing),26 × 29 × 29,"C-Mount, CS-Mount",40 g,256 KByte,1024 KByte,"MIPI CSI-2, up to 4 lanes","UYVY, YCbCr411_8_CbYYCrYY, YCbCr422_8_CbYCrY, YCbCr8_CbYCr, YUV422 8-bit","BGR8, RGB3, RGB8 (default), RGB888 (default)","BayerGR10, BayerGR10p, BayerGR12, BayerGR12p, BayerGR8",73 %,,,24 µs to 10 s,0.0 dB to 48.0 dB,,,,,,,,,,,,,,,,,,,,,
Allied Vision,alvium-1800-c,Alvium 1800 C-1236,Alvium 1800 C,Available,Area scan,Mono or Color,Visible,300 nm to 1100 nm,"4,112 × 3,008 (12.40 MP)",Sony IMX304,,Global Shutter,17.6 mm ø (Type 1.1),3.45 µm × 3.45 µm,,"GREY, RAW10, RAW12, RAW8, Y10, Y12",22 fps,2 programmable GPIOs,,5 VDC over MIPI CSI-2,Typical: 2.6 W,-20 °C to 65 °C (housing),26 × 29 × 29,C-Mount,40 g,256 KByte,1024 KByte,"MIPI CSI-2, up to 4 lanes","UYVY, YCbCr411_8_CbYYCrYY, YCbCr422_8_CbYCrY, YCbCr8_CbYCr, YUV422 8-bit","BGR8, RGB3, RGB8 (default), RGB888 (default)","BayerGR10, BayerGR10p, BayerGR12, BayerGR12p, BayerGR8",64 %,,,29 µs to 10 s,0.0 dB to 48.0 dB,,,,,,,,,,,,,,,,,,,,,
Allied Vision,alvium-1800-c,Alvium 1800 C-1240,Alvium 1800 C,Available,Area scan,Mono or Color,Visible,300 nm to 1100 nm,"4,024 × 3,032 (12.20 MP)",Sony IMX226,,"Global Reset Shutter, Rolling Shutter",9.33 mm ø (Type 1/1.7),1.85 µm × 1.85 µm,,"GREY, RAW10, RAW12, RAW8, Y10, Y12",41 fps,2 programmable GPIOs,,5 VDC over MIPI CSI-2,Typical: 2.9 W,-20 °C to 65 °C (housing),26 × 29 × 29,"C-Mount, CS-Mount, S-Mount",40 g,256 KByte,1024 KByte,"MIPI CSI-2, up to 4 lanes","UYVY, YCbCr411_8_CbYYCrYY, YCbCr422_8_CbYCrY, YCbCr8_CbYCr, YUV422 8-bit","BGR8, RGB3, RGB8 (default), RGB888 (default)","BayerGR10, BayerGR10p, BayerGR12, BayerGR12p, BayerGR8",74 %,,,10 µs to 10 s,0.0 dB to 27.0 dB,,,,,,,,,,,,,,,,,,,,,
Allied Vision,alvium-1800-c,Alvium 1800 C-1242,Alvium 1800 C,Available,Area scan,Mono or Color,Visible,300 nm to 1100 nm,"4,128 × 3,008 (12.40 MP)",Sony IMX545,,Global Shutter,14 mm ø (Type 1/1.1),2.74 µm × 2.74 µm,,"GREY, RAW10, RAW12, RAW8, Y10, Y12",40 fps,2 programmable GPIOs,,5 VDC over MIPI CSI-2,Typical: 3.2 W,-20 °C to 65 °C (housing),26 × 29 × 29,"C-Mount, CS-Mount",40 g,256 KByte,1024 KByte,"MIPI CSI-2, up to 4 lanes","UYVY, YCbCr411_8_CbYYCrYY, YCbCr422_8_CbYCrY, YCbCr8_CbYCr, YUV422 8-bit","BGR8, RGB3, RGB8 (default), RGB888 (default)","BayerGR10, BayerGR10p, BayerGR12, BayerGR12p, BayerGR8",68 %,,,11 µs to 10 s,0.0 dB to 48.0 dB,,,,,,,,,,,,,,,,,,,,,
Allied Vision,alvium-1800-c,Alvium 1800 C-130 VSWIR,Alvium 1800 C,Available,Area scan,,"SWIR, Visible SWIR",400 nm to 1700 nm,"1,296 × 1,032 (1.30 MP)",Sony IMX990 | InGaAs,InGaAs,Global Shutter,8.15 mm ø (Type 1/2),5.00 µm × 5.00 µm,,"GREY, Mono8 (default), RAW10, RAW12, RAW8 (default), Y10, Y12",130 fps,2 programmable GPIOs,,5 VDC over MIPI CSI-2,Typical: 1.9 W,-20 °C to 65 °C (housing),26 × 29 × 29,"C-Mount, CS-Mount, S-Mount",40 g,256 KByte,1024 KByte,"MIPI CSI-2, up to 4 lanes",,,,,,,15 µs to 10 s,0.0 dB to 42.0 dB,,,,,,,,,,,,,,,,,,,,,
Allied Vision,alvium-1800-c,Alvium 1800 C-158,Alvium 1800 C,Available,Area scan,Mono or Color,Visible,300 nm to 1100 nm,"1,456 × 1,088 (1.60 MP)",Sony IMX273,,Global Shutter,6.3 mm ø (Type 1/2.9),3.45 µm × 3.45 µm,,"GREY, RAW10, RAW12, RAW8, Y10, Y12",262 fps,2 programmable GPIOs,,5 VDC over MIPI CSI-2,Typical: 2.4 W,-20 °C to 65 °C (housing),26 × 29 × 29,"C-Mount, CS-Mount, S-Mount",40 g,256 KByte,1024 KByte,"MIPI CSI-2, up to 4 lanes","UYVY, YCbCr411_8_CbYYCrYY, YCbCr422_8_CbYCrY, YCbCr8_CbYCr, YUV422 8-bit","BGR8, RGB3, RGB8 (default), RGB888 (default)","BayerGR10, BayerGR10p, BayerGR12, BayerGR12p, BayerGR8",64 %,,,28 µs to 10 s,0.0 dB to 48.0 dB,,,,,,,,,,,,,,,,,,,,,
Allied Vision,alvium-1800-c,Alvium 1800 C-1620,Alvium 1800 C,Available,Area scan,Mono or Color,Visible,300 nm to 1100 nm,"5,328 × 3,040 (16.20 MP)",Sony IMX542,,Global Shutter,17.6 mm ø (Type 1.1),2.74 µm × 2.74 µm,,"GREY, RAW10, RAW12, RAW8, Y10, Y12",32 fps,2 programmable GPIOs,,5 VDC over MIPI CSI-2,Typical: 3.8 W,-20 °C to 65 °C (housing),26 × 29 × 29,"C-Mount, CS-Mount",40 g,256 KByte,1024 KByte,"MIPI CSI-2, up to 4 lanes","UYVY, YCbCr411_8_CbYYCrYY, YCbCr422_8_CbYCrY, YCbCr8_CbYCr, YUV422 8-bit","BGR8, RGB3, RGB8 (default), RGB888 (default)","BayerGR10, BayerGR10p, BayerGR12, BayerGR12p, BayerGR8",68 %,,,13 µs to 10 s,0.0 dB to 48.0 dB,,,,,,,,,,,,,,,,,,,,,
Allied Vision,alvium-1800-c,Alvium 1800 C-203,Alvium 1800 C,Available,Area scan,Mono or Color,Visible,300 nm to 1100 nm,"1,632 × 1,248 (2.00 MP)",Sony IMX422,,Global Shutter,9.33 mm ø (Type 1/1.7),4.50 µm × 4.50 µm,,"GREY, RAW10, RAW12, RAW8, Y10, Y12",225 fps,2 programmable GPIOs,,5 VDC over MIPI CSI-2,Typical: 3.1 W,-20 °C to 65 °C (housing),26 × 29 × 29,"C-Mount, CS-Mount",40 g,256 KByte,1024 KByte,"MIPI CSI-2, up to 4 lanes","UYVY, YCbCr411_8_CbYYCrYY, YCbCr422_8_CbYCrY, YCbCr8_CbYCr, YUV422 8-bit","BGR8, RGB3, RGB8 (default), RGB888 (default)","BayerGR10, BayerGR10p, BayerGR12, BayerGR12p, BayerGR8",,,,18 µs to 10 s,0.0 dB to 48.0 dB,,,,,,,,,,,,,,,,,,,,,
Allied Vision,alvium-1800-c,Alvium 1800 C-2040,Alvium 1800 C,Available,Area scan,Mono or Color,Visible,300 nm to 1100 nm,"4,512 × 4,512 (20.40 MP)",Sony IMX541,,Global Shutter,17.6 mm ø (Type 1.1),2.74 µm × 2.74 µm,,"GREY, RAW10, RAW12, RAW8, Y10, Y12",25 fps,2 programmable GPIOs,,5 VDC over MIPI CSI-2,Typical: 3.7 W,-20 °C to 65 °C (housing),26 × 29 × 29,"C-Mount, CS-Mount",40 g,256 KByte,1024 KByte,"MIPI CSI-2, up to 4 lanes","UYVY, YCbCr411_8_CbYYCrYY, YCbCr422_8_CbYCrY, YCbCr8_CbYCr, YUV422 8-bit","BGR8, RGB3, RGB8 (default), RGB888 (default)","BayerGR10, BayerGR10p, BayerGR12, BayerGR12p, BayerGR8",68 %,,,11 µs to 10 s,0.0 dB to 48.0 dB,,,,,,,,,,,,,,,,,,,,,
Allied Vision,alvium-1800-c,Alvium 1800 C-2050,Alvium 1800 C,Available,Area scan,Mono or Color,Visible,300 nm to 1100 nm,"5,376 × 3,672 (19.70 MP)",Sony IMX183,,"Global Reset Shutter, Rolling Shutter",16.3 mm ø (Type 1),2.40 µm × 2.40 µm,,"GREY, RAW10, RAW12, RAW8, Y10, Y12",26 fps,2 programmable GPIOs,,5 VDC over MIPI CSI-2,Typical: 2.9 W,-20 °C to 65 °C (housing),26 × 29 × 29,C-Mount,40 g,256 KByte,1024 KByte,"MIPI CSI-2, up to 4 lanes","UYVY, YCbCr411_8_CbYYCrYY, YCbCr422_8_CbYCrY, YCbCr8_CbYCr, YUV422 8-bit","BGR8, RGB3, RGB8 (default), RGB888 (default)","BayerGR10, BayerGR10p, BayerGR12, BayerGR12p, BayerGR8",80 %,,,13 µs to 10 s,0.0 dB to 27.0 dB,,,,,,,,,,,,,,,,,,,,,
Allied Vision,alvium-1800-c,Alvium 1800 C-234,Alvium 1800 C,Available,Area scan,Mono or Color,Visible,300 nm to 1100 nm,"1,936 × 1,216 (2.40 MP)",Sony IMX249,,Global Shutter,13.4 mm ø (Type 1/1.2),5.86 µm × 5.86 µm,,"GREY, RAW10, RAW12, RAW8, Y10, Y12",40 fps,2 programmable GPIOs,,5 VDC over MIPI CSI-2,Typical: 1.9 W,-20 °C to 65 °C (housing),26 × 29 × 29,"C-Mount, CS-Mount",40 g,256 KByte,1024 KByte,"MIPI CSI-2, up to 4 lanes","UYVY, YCbCr411_8_CbYYCrYY, YCbCr422_8_CbYCrY, YCbCr8_CbYCr, YUV422 8-bit","BGR8, RGB3, RGB8 (default), RGB888 (default)","BayerGR10, BayerGR10p, BayerGR12, BayerGR12p, BayerGR8",,,,34 µs to 10 s,0.0 dB to 48.0 dB,,,,,,,,,,,,,,,,,,,,,
Allied Vision,alvium-1800-c,Alvium 1800 C-235,Alvium 1800 C,Available,Area scan,Mono or Color,Visible,300 nm to 1100 nm,"1,936 × 1,216 (2.40 MP)",Sony IMX174,,Global Shutter,13.4 mm ø (Type 1/1.2),5.86 µm × 5.86 µm,,"GREY, RAW10, RAW12, RAW8, Y10, Y12",155 fps,2 programmable GPIOs,,5 VDC over MIPI CSI-2,Typical: 1.9 W,-20 °C to 65 °C (housing),26 × 29 × 29,"C-Mount, CS-Mount",40 g,256 KByte,1024 KByte,"MIPI CSI-2, up to 4 lanes","UYVY, YCbCr411_8_CbYYCrYY, YCbCr422_8_CbYCrY, YCbCr8_CbYCr, YUV422 8-bit","BGR8, RGB3, RGB8 (default), RGB888 (default)","BayerGR10, BayerGR10p, BayerGR12, BayerGR12p, BayerGR8",,,,19 µs to 10 s,0.0 dB to 48.0 dB,,,,,,,,,,,,,,,,,,,,,
Allied Vision,alvium-1800-c,Alvium 1800 C-240,Alvium 1800 C,Available,Area scan,Mono or Color,Visible,300 nm to 1100 nm,"1,936 × 1,216 (2.40 MP)",Sony IMX392,,Global Shutter,7.9 mm ø (Type 1/2.3),3.45 µm × 3.45 µm,,"GREY, RAW10, RAW12, RAW8, Y10, Y12",192 fps,2 programmable GPIOs,,5 VDC over MIPI CSI-2,Typical: 2.7 W,-20 °C to 65 °C (housing),26 × 29 × 29,"C-Mount, CS-Mount, S-Mount",40 g,256 KByte,1024 KByte,"MIPI CSI-2, up to 4 lanes","UYVY, YCbCr411_8_CbYYCrYY, YCbCr422_8_CbYCrY, YCbCr8_CbYCr, YUV422 8-bit","BGR8, RGB3, RGB8 (default), RGB888 (default)","BayerGR10, BayerGR10p, BayerGR12, BayerGR12p, BayerGR8",64 %,,,26 µs to 10 s,0.0 dB to 48.0 dB,,,,,,,,,,,,,,,,,,,,,
Allied Vision,alvium-1800-c,Alvium 1800 C-2460,Alvium 1800 C,Available,Area scan,Mono or Color,Visible,300 nm to 1100 nm,"5,328 × 4,608 (24.60 MP)",Sony IMX540,,Global Shutter,21.43 mm ø (Type 1.2),2.74 µm × 2.74 µm,,"GREY, RAW10, RAW12, RAW8, Y10, Y12",21 fps,2 programmable GPIOs,,5 VDC over MIPI CSI-2,Typical: 3.8 W,-20 °C to 65 °C (housing),26 × 29 × 29,"C-Mount, CS-Mount",40 g,256 KByte,1024 KByte,"MIPI CSI-2, up to 4 lanes","UYVY, YCbCr411_8_CbYYCrYY, YCbCr422_8_CbYCrY, YCbCr8_CbYCr, YUV422 8-bit","BGR8, RGB3, RGB8 (default), RGB888 (default)","BayerGR10, BayerGR10p, BayerGR12, BayerGR12p, BayerGR8",68 %,,,13 µs to 10 s,0.0 dB to 48.0 dB,,,,,,,,,,,,,,,,,,,,,
Allied Vision,alvium-1800-c,Alvium 1800 C-291,Alvium 1800 C,Available,Area scan,Mono or Color,Visible,300 nm to 1100 nm,"1,944 × 1,472 (2.90 MP)",Sony IMX421,,Global Shutter,12.75 mm ø (Type 2/3),4.50 µm × 4.50 µm,,"GREY, RAW10, RAW12, RAW8, Y10, Y12",166 fps,2 programmable GPIOs,,5 VDC over MIPI CSI-2,Typical: 3.8 W,-20 °C to 65 °C (housing),26 × 29 × 29,"C-Mount, CS-Mount",40 g,256 KByte,1024 KByte,"MIPI CSI-2, up to 4 lanes","UYVY, YCbCr411_8_CbYYCrYY, YCbCr422_8_CbYCrY, YCbCr8_CbYCr, YUV422 8-bit","BGR8, RGB3, RGB8 (default), RGB888 (default)","BayerGR10, BayerGR10p, BayerGR12, BayerGR12p, BayerGR8",73 %,,,17 µs to 10 s,0.0 dB to 48.0 dB,,,,,,,,,,,,,,,,,,,,,
Allied Vision,alvium-1800-c,Alvium 1800 C-319,Alvium 1800 C,Available,Area scan,Mono or Color,Visible,300 nm to 1100 nm,"2,064 × 1,544 (3.20 MP)",Sony IMX265,,Global Shutter,9 mm ø (Type 1/1.8),3.45 µm × 3.45 µm,,"GREY, RAW10, RAW12, RAW8, Y10, Y12",54 fps,2 programmable GPIOs,,5 VDC over MIPI CSI-2,Typical: 1.9 W,-20 °C to 65 °C (housing),26 × 29 × 29,"C-Mount, CS-Mount, S-Mount",40 g,256 KByte,1024 KByte,"MIPI CSI-2, up to 4 lanes","UYVY, YCbCr411_8_CbYYCrYY, YCbCr422_8_CbYCrY, YCbCr8_CbYCr, YUV422 8-bit","BGR8, RGB3, RGB8 (default), RGB888 (default)","BayerGR10, BayerGR10p, BayerGR12, BayerGR12p, BayerGR8",64 %,,,26 µs to 10 s,0.0 dB to 48.0 dB,,,,,,,,,,,,,,,,,,,,,
Allied Vision,alvium-1800-c,Alvium 1800 C-320 VSWIR,Alvium 1800 C,Available,Area scan,,"SWIR, Visible SWIR",400 nm to 1700 nm,"2,080 × 1,544 (3.20 MP)",Sony IMX993 | InGaAs,InGaAs,Global Shutter,9 mm ø (Type 1/1.8),3.45 µm × 3.45 µm,,"GREY, RAW10, RAW12, RAW8, Y10, Y12",131 fps,2 programmable GPIOs,,5 VDC over MIPI CSI-2,Typical: 2.6 W,-20 °C to 65 °C (housing),26 × 29 × 29,"C-Mount, CS-Mount",40 g,256 KByte,1024 KByte,"MIPI CSI-2, up to 4 lanes",,,,,,,33 µs to 10 s,0.0 dB to 42.0 dB,,,,,,,,,,,,,,,,,,,,,
Allied Vision,alvium-1800-c,Alvium 1800 C-500,Alvium 1800 C,Available,Area scan,Mono or Color,Visible,300 nm to 1100 nm,"2,592 × 1,944 (5.00 MP)",ON Semi AR0521SR,,Rolling Shutter,7.13 mm ø (Type 1/2.5),2.20 µm × 2.20 µm,,"GREY, RAW10, RAW12, RAW8, Y10, Y12",68 fps,2 programmable GPIOs,,5 VDC over MIPI CSI-2,Typical: 1.9 W,-20 °C to 65 °C (housing),26 × 29 × 29,"C-Mount, CS-Mount, S-Mount",40 g,256 KByte,1024 KByte,"MIPI CSI-2, up to 4 lanes","UYVY, YCbCr411_8_CbYYCrYY, YCbCr422_8_CbYCrY, YCbCr8_CbYCr, YUV422 8-bit","BGR8, RGB3, RGB8 (default), RGB888 (default)","BayerGR10, BayerGR10p, BayerGR12, BayerGR12p, BayerGR8",79 %,,,8 µs to 480.00 ms,0.0 dB to 24.0 dB,,,,,,,,,,,,,,,,,,,,,
Allied Vision,alvium-1800-c,Alvium 1800 C-507,Alvium 1800 C,Available,Area scan,Mono or Color,Visible,300 nm to 1100 nm,"2,464 × 2,056 (5.10 MP)",Sony IMX264,,Global Shutter,12.75 mm ø (Type 2/3),3.45 µm × 3.45 µm,,"GREY, RAW10, RAW12, RAW8, Y10, Y12",34 fps,2 programmable GPIOs,,5 VDC over MIPI CSI-2,Typical: 1.9 W,-20 °C to 65 °C (housing),26 × 29 × 29,"C-Mount, CS-Mount",40 g,256 KByte,1024 KByte,"MIPI CSI-2, up to 4 lanes","UYVY, YCbCr411_8_CbYYCrYY, YCbCr422_8_CbYCrY, YCbCr8_CbYCr, YUV422 8-bit","BGR8, RGB3, RGB8 (default), RGB888 (default)","BayerGR10, BayerGR10p, BayerGR12, BayerGR12p, BayerGR8",64 %,,,28 µs to 10 s,0.0 dB to 48.0 dB,,,,,,,,,,,,,,,,,,,,,
Allied Vision,alvium-1800-c,Alvium 1800 C-507 Pol,Alvium 1800 C,Available,Area scan,Mono or Color,Visible,300 nm to 1100 nm,"2,464 × 2,056 (5.10 MP)",Sony IMX264 Polarizer,,Global Shutter,12.75 mm ø (Type 2/3),3.45 µm × 3.45 µm,,"GREY, RAW10, RAW12, RAW8, Y10, Y12",34 fps,2 programmable GPIOs,,5 VDC over MIPI CSI-2,Typical: 1.9 W,-20 °C to 65 °C (housing),26 × 29 × 29,"C-Mount, CS-Mount",40 g,256 KByte,1024 KByte,"MIPI CSI-2, up to 4 lanes",,,"BayerGR10, BayerGR10p, BayerGR12, BayerGR12p, BayerGR8",,,,28 µs to 10 s,0.0 dB to 48.0 dB,,,,,,,,,,,,,,,,,,,,,
Allied Vision,alvium-1800-c,Alvium 1800 C-508,Alvium 1800 C,Available,Area scan,Mono or Color,Visible,300 nm to 1100 nm,"2,464 × 2,056 (5.10 MP)",Sony IMX250,,Global Shutter,12.75 mm ø (Type 2/3),3.45 µm × 3.45 µm,,"GREY, RAW10, RAW12, RAW8, Y10, Y12",95 fps,2 programmable GPIOs,,5 VDC over MIPI CSI-2,Typical: 2.8 W,-20 °C to 65 °C (housing),26 × 29 × 29,"C-Mount, CS-Mount",40 g,256 KByte,1024 KByte,"MIPI CSI-2, up to 4 lanes","UYVY, YCbCr411_8_CbYYCrYY, YCbCr422_8_CbYCrY, YCbCr8_CbYCr, YUV422 8-bit","BGR8, RGB3, RGB8 (default), RGB888 (default)","BayerGR10, BayerGR10p, BayerGR12, BayerGR12p, BayerGR8",64 %,,,19 µs to 10 s,0.0 dB to 48.0 dB,,,,,,,,,,,,,,,,,,,,,
Allied Vision,alvium-1800-c,Alvium 1800 C-508 Pol,Alvium 1800 C,Available,Area scan,Mono or Color,Visible,300 nm to 1100 nm,"2,464 × 2,056 (5.10 MP)",Sony IMX250 Polarizer,,Global Shutter,12.75 mm ø (Type 2/3),3.45 µm × 3.45 µm,,"GREY, RAW10, RAW12, RAW8, Y10, Y12",95 fps,2 programmable GPIOs,,5 VDC over MIPI CSI-2,Typical: 2.8 W,-20 °C to 65 °C (housing),26 × 29 × 29,"C-Mount, CS-Mount",40 g,256 KByte,1024 KByte,"MIPI CSI-2, up to 4 lanes",,,"BayerGR10, BayerGR10p, BayerGR12, BayerGR12p, BayerGR8",,,,19 µs to 10 s,0.0 dB to 48.0 dB,,,,,,,,,,,,,,,,,,,,,
Allied Vision,alvium-1800-c,Alvium 1800 C-510,Alvium 1800 C,Available,Area scan,Mono or Color,Visible,300 nm to 1100 nm,"2,464 × 2,064 (5.10 MP)",Sony IMX548,,Global Shutter,9 mm ø (Type 1/1.8),2.74 µm × 2.74 µm,,"GREY, RAW10, RAW12, RAW8, Y10, Y12",81 fps,2 programmable GPIOs,,5 VDC over MIPI CSI-2,Typical: 2.8 W,-20 °C to 65 °C (housing),26 × 29 × 29,"C-Mount, CS-Mount, S-Mount",40 g,256 KByte,1024 KByte,"MIPI CSI-2, up to 4 lanes","UYVY, YCbCr411_8_CbYYCrYY, YCbCr422_8_CbYCrY, YCbCr8_CbYCr, YUV422 8-bit","BGR8, RGB3, RGB8 (default), RGB888 (default)","BayerGR10, BayerGR10p, BayerGR12, BayerGR12p, BayerGR8",68 %,,,8 µs to 10 s,0.0 dB to 48.0 dB,,,,,,,,,,,,,,,,,,,,,
Allied Vision,alvium-1800-c,Alvium 1800 C-511,Alvium 1800 C,Available,Area scan,Mono or Color,Visible,300 nm to 1100 nm,"2,464 × 2,064 (5.10 MP)",Sony IMX547,,Global Shutter,9 mm ø (Type 1/1.8),2.74 µm × 2.74 µm,,"GREY, RAW10, RAW12, RAW8, Y10, Y12",79 fps,2 programmable GPIOs,,5 VDC over MIPI CSI-2,Typical: 3.0 W,-20 °C to 65 °C (housing),26 × 29 × 29,"C-Mount, CS-Mount, S-Mount",40 g,256 KByte,1024 KByte,"MIPI CSI-2, up to 4 lanes","UYVY, YCbCr411_8_CbYYCrYY, YCbCr422_8_CbYCrY, YCbCr8_CbYCr, YUV422 8-bit","BGR8, RGB3, RGB8 (default), RGB888 (default)","BayerGR10, BayerGR10p, BayerGR12, BayerGR12p, BayerGR8",68 %,,,8 µs to 10 s,0.0 dB to 48.0 dB,,,,,,,,,,,,,,,,,,,,,
Allied Vision,alvium-1800-c,Alvium 1800 C-530 VSWIR,Alvium 1800 C,Available,Area scan,,"SWIR, Visible SWIR",400 nm to 1700 nm,"2,592 × 2,056 (5.30 MP)",Sony IMX992 | InGaAs,InGaAs,Global Shutter,11.4 mm ø (Type 1/1.4),3.45 µm × 3.45 µm,,"GREY, RAW10, RAW12, RAW8, Y10, Y12",84 fps,2 programmable GPIOs,,5 VDC over MIPI CSI-2,Typical: 2.7 W,-20 °C to 65 °C (housing),26 × 29 × 29,"C-Mount, CS-Mount",40 g,256 KByte,1024 KByte,"MIPI CSI-2, up to 4 lanes",,,"BayerGR10, BayerGR10p, BayerGR12, BayerGR12p, BayerGR8",,,,36 µs to 10 s,0.0 dB to 42.0 dB,,,,,,,,,,,,,,,,,,,,,
Allied Vision,alvium-1800-c,Alvium 1800 C-811,Alvium 1800 C,Available,Area scan,Mono or Color,Visible,300 nm to 1100 nm,"2,848 × 2,848 (8.10 MP)",Sony IMX546,,Global Shutter,12.75 mm ø (Type 2/3),2.74 µm × 2.74 µm,,"GREY, RAW10, RAW12, RAW8, Y10, Y12",59 fps,2 programmable GPIOs,,5 VDC over MIPI CSI-2,Typical: 3.1 W,-20 °C to 65 °C (housing),26 × 29 × 29,"C-Mount, CS-Mount",40 g,256 KByte,1024 KByte,"MIPI CSI-2, up to 4 lanes","UYVY, YCbCr411_8_CbYYCrYY, YCbCr422_8_CbYCrY, YCbCr8_CbYCr, YUV422 8-bit","BGR8, RGB3, RGB8 (default), RGB888 (default)","BayerGR10, BayerGR10p, BayerGR12, BayerGR12p, BayerGR8",68 %,,,8 µs to 10 s,0.0 dB to 48.0 dB,,,,,,,,,,,,,,,,,,,,,
Allied Vision,alvium-1800-c,Alvium 1800 C-812 UV,Alvium 1800 C,Available,Area scan,,UV,200 nm to 1000 nm,"2,848 × 2,848 (8.10 MP)",Sony IMX487,,Global Shutter,12.75 mm ø (Type 2/3),2.74 µm × 2.74 µm,,"GREY, RAW10, RAW12, RAW8, Y10, Y12",58 fps,2 programmable GPIOs,,5 VDC over MIPI CSI-2,Typical: 3.7 W,-20 °C to 65 °C (housing),26 × 29 × 29,"C-Mount, CS-Mount",40 g,256 KByte,1024 KByte,"MIPI CSI-2, up to 4 lanes",,,,,,,8 µs to 10 s,0.0 dB to 48.0 dB,,,,,,,,,,,,,,,,,,,,,
Allied Vision,alvium-1800-c,Alvium 1800 C-895,Alvium 1800 C,Available,Area scan,Mono or Color,Visible,300 nm to 1100 nm,"4,112 × 2,176 (8.90 MP)",Sony IMX267,,Global Shutter,16.3 mm ø (Type 1),3.45 µm × 3.45 µm,,"GREY, RAW10, RAW12, RAW8, Y10, Y12",31 fps,2 programmable GPIOs,,5 VDC over MIPI CSI-2,Typical: 2.6 W,-20 °C to 65 °C (housing),26 × 29 × 29,"C-Mount, CS-Mount",40 g,256 KByte,1024 KByte,"MIPI CSI-2, up to 4 lanes","UYVY, YCbCr411_8_CbYYCrYY, YCbCr422_8_CbYCrY, YCbCr8_CbYCr, YUV422 8-bit","BGR8, RGB3, RGB8 (default), RGB888 (default)","BayerGR10, BayerGR10p, BayerGR12, BayerGR12p, BayerGR8",,,,29 µs to 10 s,0.0 dB to 48.0 dB,,,,,,,,,,,,,,,,,,,,,
Allied Vision,alvium-gm2,Alvium GM2-030 VSWIR,Alvium GM2,Available,Area scan,Mono,"SWIR, Visible SWIR",400 nm to 1700 nm,656 × 520 (0.30 MP),Sony IMX991 | InGaAs,InGaAs,Global Shutter,4.61 mm ø (Type 1/4),5.00 µm × 5.00 µm,"8-bit, 10-bit, 12-bit; Adaptive (10-bit, 12-bit)","Mono8 (default), Mono10, Mono10p, Mono12, Mono12p, RAW8 (default), RAW10, RAW12, GREY, Y10, Y12",Mainly depends on hardware and register settings.,2 programmable GPIOs,,5 VDC over MIPI CSI-2,Value for the integrated serializer adds to CSI-2 model value.,-20 °C to 65 °C (housing),41 × 29 × 29,"C-Mount, CS-Mount, S-Mount",70 g,256 KByte,1024 KByte,"GMSL2, based on MIPI CSI-2, up to 4 lanes",,,,,,,,,"Coax, STP",,,,,,,,,,,,,,,,,,,,
Allied Vision,alvium-gm2,Alvium GM2-040,Alvium GM2,Available,Area scan,Mono or Color,Visible,300 nm to 1100 nm,728 × 544 (0.40 MP),Sony IMX287,CMOS,Global Shutter,6.3 mm ø (Type 1/2.9),6.90 µm × 6.90 µm,"8-bit, 10-bit, 12-bit; Adaptive (10-bit, 12-bit)","Mono8, Mono10, Mono10p, Mono12, Mono12p, RAW8, RAW10, RAW12, GREY, Y10, Y12",Mainly depends on hardware and register settings.,2 programmable GPIOs,,5 VDC over MIPI CSI-2,Value for the integrated serializer adds to CSI-2 model value.,-20 °C to 65 °C (housing),41 × 29 × 29,"C-Mount, CS-Mount, S-Mount",70 g,256 KByte,1024 KByte,"GMSL2, based on MIPI CSI-2, up to 4 lanes","YCbCr411_8_CbYYCrYY, YCbCr422_8_CbYCrY, YCbCr8_CbYCr, YUV422 8-bit, UYVY","RGB8 (default), BGR8, RGB888 (default), RGB3","BayerGR8, BayerGR10, BayerGR10p, BayerGR12, BayerGR12p",64 %,,,,,"Coax, STP",,,,,,,,,,,,,,,,,,,,
Allied Vision,alvium-gm2,Alvium GM2-050,Alvium GM2,Available,Area scan,Mono or Color,Visible,300 nm to 1100 nm,800 × 600 (0.50 MP),ON Semi PYTHON 480,CMOS,Global Shutter,4.9 mm ø (Type 1/3.6),4.80 µm × 4.80 µm,10,"RAW8, RAW10, RAW12, GREY, Y10, Y12",,2 programmable GPIOs,,5 VDC over MIPI CSI-2,Value for the integrated serializer adds to CSI-2 model value.,-20 °C to 65 °C (housing),41 × 29 × 29,"C-Mount, CS-Mount, S-Mount",70 g,256 MByte,1024 KByte,"GMSL2, based on MIPI CSI-2, up to 4 lanes","YUV422 8-bit, UYVY","RGB888 (default), RGB3",,53 %,,,,,"Coax, STP",,,,,,,,,,,,,,,,,,,,
Allied Vision,alvium-gm2,Alvium GM2-052,Alvium GM2,Available,Area scan,Mono or Color,Visible,300 nm to 1100 nm,816 × 624 (0.50 MP),Sony IMX426,CMOS,Global Shutter,9.33 mm ø (Type 1/1.7),9.00 µm × 9.00 µm,"8-bit, 10-bit, 12-bit; Adaptive (10-bit, 12-bit)","Mono8, Mono10, Mono10p, Mono12, Mono12p, RAW8, RAW10, RAW12, GREY, Y10, Y12",Mainly depends on hardware and register settings.,2 programmable GPIOs,,5 VDC over MIPI CSI-2,Value for the integrated serializer adds to CSI-2 model value.,-20 °C to 65 °C (housing),41 × 29 × 29,"C-Mount, CS-Mount",70 g,256 KByte,1024 KByte,"GMSL2, based on MIPI CSI-2, up to 4 lanes","YCbCr411_8_CbYYCrYY, YCbCr422_8_CbYCrY, YCbCr8_CbYCr, YUV422 8-bit, UYVY","RGB8 (default), BGR8, RGB888 (default), RGB3","BayerGR8, BayerGR10, BayerGR10p, BayerGR12, BayerGR12p",73 %,,,,,"Coax, STP",,,,,,,,,,,,,,,,,,,,
Allied Vision,alvium-gm2,Alvium GM2-120,Alvium GM2,Available,Area scan,Mono or Color,Visible,300 nm to 1100 nm,"1,280 × 960 (1.20 MP)",ON Semi AR0135CS,CMOS,Global Shutter,6.09 mm ø (Type 1/3),3.75 µm × 3.75 µm,12,"RAW8, RAW10, RAW12, GREY, Y10, Y12",,2 programmable GPIOs,,5 VDC over MIPI CSI-2,Value for the integrated serializer adds to CSI-2 model value.,-20 °C to 65 °C (housing),41 × 29 × 29,"C-Mount, CS-Mount, S-Mount",70 g,256 MByte,1024 KByte,"FPD-Link III, based on MIPI CSI-2, up to 4 lanes","YUV422 8-bit, UYVY","RGB888 (default), RGB3",,69 %,,,,,"Coax, STP",,,,,,,,,,,,,,,,,,,,
Allied Vision,alvium-gm2,Alvium GM2-1236,Alvium GM2,Available,Area scan,Mono or Color,Visible,300 nm to 1100 nm,"4,112 × 3,008 (12.40 MP)",Sony IMX304,CMOS,Global Shutter,17.6 mm ø (Type 1.1),3.45 µm × 3.45 µm,12-bit,"Mono8, Mono10, Mono10p, Mono12, Mono12p, RAW8, RAW10, RAW12, GREY, Y10, Y12",Mainly depends on hardware and register settings.,2 programmable GPIOs,,5 VDC over MIPI CSI-2,Value for the integrated serializer adds to CSI-2 model value.,-20 °C to 65 °C (housing),41 × 29 × 29,C-Mount,70 g,256 KByte,1024 KByte,"GMSL2, based on MIPI CSI-2, up to 4 lanes","YCbCr411_8_CbYYCrYY, YCbCr422_8_CbYCrY, YCbCr8_CbYCr, YUV422 8-bit, UYVY","RGB8 (default), BGR8, RGB888 (default), RGB3","BayerGR8, BayerGR10, BayerGR10p, BayerGR12, BayerGR12p",64 %,,,,,"Coax, STP",,,,,,,,,,,,,,,,,,,,
Allied Vision,alvium-gm2,Alvium GM2-1240,Alvium GM2,Available,Area scan,Mono or Color,Visible,300 nm to 1100 nm,"4,024 × 3,032 (12.20 MP)",Sony IMX226,CMOS,"Global Reset Shutter, Rolling Shutter",9.33 mm ø (Type 1/1.7),1.85 µm × 1.85 µm,10-bit,"Mono8, Mono10, Mono10p, Mono12, Mono12p, RAW8, RAW10, RAW12, GREY, Y10, Y12",Mainly depends on hardware and register settings.,2 programmable GPIOs,,5 VDC over MIPI CSI-2,Value for the integrated serializer adds to CSI-2 model value.,-20 °C to 65 °C (housing),26 × 29 × 29,"C-Mount, CS-Mount, S-Mount",70 g,256 KByte,1024 KByte,"GMSL2, based on MIPI CSI-2, up to 4 lanes","YCbCr411_8_CbYYCrYY, YCbCr422_8_CbYCrY, YCbCr8_CbYCr, YUV422 8-bit, UYVY","RGB8 (default), BGR8, RGB888 (default), RGB3","BayerGR8, BayerGR10, BayerGR10p, BayerGR12, BayerGR12p",74 %,,,,,"Coax, STP",,,,,,,,,,,,,,,,,,,,
Allied Vision,alvium-gm2,Alvium GM2-1242,Alvium GM2,Available,Area scan,Mono or Color,Visible,300 nm to 1100 nm,"4,128 × 3,008 (12.40 MP)",Sony IMX545,CMOS,Global Shutter,14 mm ø (Type 1/1.1),2.74 µm × 2.74 µm,12-bit,"Mono8, Mono10, Mono10p, Mono12, Mono12p, RAW8, RAW10, RAW12, GREY, Y10, Y12",Mainly depends on hardware and register settings.,2 programmable GPIOs,,5 VDC over MIPI CSI-2,Value for the integrated serializer adds to CSI-2 model value.,-20 °C to 65 °C (housing),41 × 29 × 29,"C-Mount, CS-Mount",70 g,256 KByte,1024 KByte,"GMSL2, based on MIPI CSI-2, up to 4 lanes","YCbCr411_8_CbYYCrYY, YCbCr422_8_CbYCrY, YCbCr8_CbYCr, YUV422 8-bit, UYVY","RGB8 (default), BGR8, RGB888 (default), RGB3","BayerGR8, BayerGR10, BayerGR10p, BayerGR12, BayerGR12p",68 %,,,,,"Coax, STP",,,,,,,,,,,,,,,,,,,,
Allied Vision,alvium-gm2,Alvium GM2-130 VSWIR,Alvium GM2,Available,Area scan,Mono,"SWIR, Visible SWIR",400 nm to 1700 nm,"1,296 × 1,032 (1.30 MP)",Sony IMX990 | InGaAs,InGaAs,Global Shutter,8.15 mm ø (Type 1/2),5.00 µm × 5.00 µm,"8-bit, 10-bit, 12-bit; Adaptive (10-bit, 12-bit)","Mono8 (default), Mono10, Mono10p, Mono12, Mono12p, RAW8 (default), RAW10, RAW12, GREY, Y10, Y12",Mainly depends on hardware and register settings.,2 programmable GPIOs,,5 VDC over MIPI CSI-2,Value for the integrated serializer adds to CSI-2 model value.,-20 °C to 65 °C (housing),41 × 29 × 29,"C-Mount, CS-Mount, S-Mount",70 g,256 KByte,1024 KByte,"GMSL2, based on MIPI CSI-2, up to 4 lanes",,,,,,,,,"Coax, STP",,,,,,,,,,,,,,,,,,,,
Allied Vision,alvium-gm2,Alvium GM2-158,Alvium GM2,Available,Area scan,Mono or Color,Visible,300 nm to 1100 nm,"1,456 × 1,088 (1.60 MP)",Sony IMX273,CMOS,Global Shutter,6.3 mm ø (Type 1/2.9),3.45 µm × 3.45 µm,"8-bit, 10-bit, 12-bit; Adaptive (10-bit, 12-bit)","Mono8, Mono10, Mono10p, Mono12, Mono12p, RAW8, RAW10, RAW12, GREY, Y10, Y12",Mainly depends on hardware and register settings.,2 programmable GPIOs,,5 VDC over MIPI CSI-2,Value for the integrated serializer adds to CSI-2 model value.,-20 °C to 65 °C (housing),41 × 29 × 29,"C-Mount, CS-Mount, S-Mount",70 g,256 KByte,1024 KByte,"GMSL2, based on MIPI CSI-2, up to 4 lanes","YCbCr411_8_CbYYCrYY, YCbCr422_8_CbYCrY, YCbCr8_CbYCr, YUV422 8-bit, UYVY","RGB8 (default), BGR8, RGB888 (default), RGB3","BayerGR8, BayerGR10, BayerGR10p, BayerGR12, BayerGR12p",64 %,,,,,"Coax, STP",,,,,,,,,,,,,,,,,,,,
Allied Vision,alvium-gm2,Alvium GM2-1620,Alvium GM2,Available,Area scan,Mono or Color,Visible,300 nm to 1100 nm,"5,328 × 3,040 (16.20 MP)",Sony IMX542,CMOS,Global Shutter,17.6 mm ø (Type 1.1),2.74 µm × 2.74 µm,12-bit,"Mono8, Mono10, Mono10p, Mono12, Mono12p, RAW8, RAW10, RAW12, GREY, Y10, Y12",Mainly depends on hardware and register settings.,2 programmable GPIOs,,5 VDC over MIPI CSI-2,Value for the integrated serializer adds to CSI-2 model value.,-20 °C to 65 °C (housing),41 × 29 × 29,"C-Mount, CS-Mount",70 g,256 KByte,1024 KByte,"GMSL2, based on MIPI CSI-2, up to 4 lanes","YCbCr411_8_CbYYCrYY, YCbCr422_8_CbYCrY, YCbCr8_CbYCr, YUV422 8-bit, UYVY","RGB8 (default), BGR8, RGB888 (default), RGB3","BayerGR8, BayerGR10, BayerGR10p, BayerGR12, BayerGR12p",68 %,,,,,"Coax, STP",,,,,,,,,,,,,,,,,,,,
Allied Vision,alvium-gm2,Alvium GM2-203,Alvium GM2,Available,Area scan,Mono or Color,Visible,300 nm to 1100 nm,"1,632 × 1,248 (2.00 MP)",Sony IMX422,CMOS,Global Shutter,9.33 mm ø (Type 1/1.7),4.50 µm × 4.50 µm,"8-bit, 10-bit, 12-bit; Adaptive (10-bit, 12-bit)","Mono8, Mono10, Mono10p, Mono12, Mono12p, RAW8, RAW10, RAW12, GREY, Y10, Y12",Mainly depends on hardware and register settings.,2 programmable GPIOs,,5 VDC over MIPI CSI-2,Value for the integrated serializer adds to CSI-2 model value.,-20 °C to 65 °C (housing),41 × 29 × 29,"C-Mount, CS-Mount",70 g,256 KByte,1024 KByte,"GMSL2, based on MIPI CSI-2, up to 4 lanes","YCbCr411_8_CbYYCrYY, YCbCr422_8_CbYCrY, YCbCr8_CbYCr, YUV422 8-bit, UYVY","RGB8 (default), BGR8, RGB888 (default), RGB3","BayerGR8, BayerGR10, BayerGR10p, BayerGR12, BayerGR12p",,,,,,"Coax, STP",,,,,,,,,,,,,,,,,,,,
Allied Vision,alvium-gm2,Alvium GM2-2040,Alvium GM2,Available,Area scan,Mono or Color,Visible,300 nm to 1100 nm,"4,512 × 4,512 (20.40 MP)",Sony IMX541,CMOS,Global Shutter,17.6 mm ø (Type 1.1),2.74 µm × 2.74 µm,12-bit,"Mono8, Mono10, Mono10p, Mono12, Mono12p, RAW8, RAW10, RAW12, GREY, Y10, Y12",Mainly depends on hardware and register settings.,2 programmable GPIOs,,5 VDC over MIPI CSI-2,Value for the integrated serializer adds to CSI-2 model value.,-20 °C to 65 °C (housing),41 × 29 × 29,"C-Mount, CS-Mount",70 g,256 KByte,1024 KByte,"GMSL2, based on MIPI CSI-2, up to 4 lanes","YCbCr411_8_CbYYCrYY, YCbCr422_8_CbYCrY, YCbCr8_CbYCr, YUV422 8-bit, UYVY","RGB8 (default), BGR8, RGB888 (default), RGB3","BayerGR8, BayerGR10, BayerGR10p, BayerGR12, BayerGR12p",68 %,,,,,"Coax, STP",,,,,,,,,,,,,,,,,,,,
Allied Vision,alvium-gm2,Alvium GM2-2050,Alvium GM2,Available,Area scan,Mono or Color,Visible,300 nm to 1100 nm,"5,376 × 3,672 (19.70 MP)",Sony IMX183,CMOS,"Global Reset Shutter, Rolling Shutter",16.3 mm ø (Type 1),2.40 µm × 2.40 µm,10-bit,"Mono8, Mono10, Mono10p, Mono12, Mono12p, RAW8, RAW10, RAW12, GREY, Y10, Y12",Mainly depends on hardware and register settings.,2 programmable GPIOs,,5 VDC over MIPI CSI-2,Value for the integrated serializer adds to CSI-2 model value.,-20 °C to 65 °C (housing),41 × 29 × 29,C-Mount,70 g,256 KByte,1024 KByte,"GMSL2, based on MIPI CSI-2, up to 4 lanes","YCbCr411_8_CbYYCrYY, YCbCr422_8_CbYCrY, YCbCr8_CbYCr, YUV422 8-bit, UYVY","RGB8 (default), BGR8, RGB888 (default), RGB3","BayerGR8, BayerGR10, BayerGR10p, BayerGR12, BayerGR12p",80 %,,,,,"Coax, STP",,,,,,,,,,,,,,,,,,,,
Allied Vision,alvium-gm2,Alvium GM2-210,Alvium GM2,Available,Area scan,Mono or Color,Visible,300 nm to 1100 nm,"1,928 × 1,088 (2.10 MP)",ON Semi AR0521SR (HD mode),CMOS,Rolling Shutter,4.9 mm ø (Type 1/3.6),2.20 µm × 2.20 µm,10-bit,"RAW8, RAW10, RAW12, GREY, Y10, Y12",Mainly depends on hardware and register settings.,2 programmable GPIOs,,5 VDC over MIPI CSI-2,Value for the integrated serializer adds to CSI-2 model value.,-20 °C to 65 °C (housing),41 × 29 × 29,"C-Mount, CS-Mount, S-Mount",70 g,256 KByte,1024 KByte,"GMSL2, based on MIPI CSI-2, up to 4 lanes","YUV422 8-bit, UYVY","RGB888 (default), RGB3",,79 %,,,,,"Coax, STP",,,,,,,,,,,,,,,,,,,,
Allied Vision,alvium-gm2,Alvium GM2-234,Alvium GM2,Available,Area scan,Mono or Color,Visible,300 nm to 1100 nm,"1,936 × 1,216 (2.40 MP)",Sony IMX249,CMOS,Global Shutter,13.4 mm ø (Type 1/1.2),5.86 µm × 5.86 µm,"10-bit, 12-bit; Adaptive (10-bit, 12-bit)","Mono8, Mono10, Mono10p, Mono12, Mono12p, RAW8, RAW10, RAW12, GREY, Y10, Y12",Mainly depends on hardware and register settings.,2 programmable GPIOs,,5 VDC over MIPI CSI-2,Value for the integrated serializer adds to CSI-2 model value.,-20 °C to 65 °C (housing),41 × 29 × 29,"C-Mount, CS-Mount",70 g,256 KByte,1024 KByte,"GMSL2, based on MIPI CSI-2, up to 4 lanes","YCbCr411_8_CbYYCrYY, YCbCr422_8_CbYCrY, YCbCr8_CbYCr, YUV422 8-bit, UYVY","RGB8 (default), BGR8, RGB888 (default), RGB3","BayerGR8, BayerGR10, BayerGR10p, BayerGR12, BayerGR12p",,,,,,"Coax, STP",,,,,,,,,,,,,,,,,,,,
Allied Vision,alvium-gm2,Alvium GM2-235,Alvium GM2,Available,Area scan,Mono or Color,Visible,300 nm to 1100 nm,"1,936 × 1,216 (2.40 MP)",Sony IMX174,CMOS,Global Shutter,13.4 mm ø (Type 1/1.2),5.86 µm × 5.86 µm,"10-bit, 12-bit; Adaptive (10-bit, 12-bit)","Mono8, Mono10, Mono10p, Mono12, Mono12p, RAW8, RAW10, RAW12, GREY, Y10, Y12",Mainly depends on hardware and register settings.,2 programmable GPIOs,,5 VDC over MIPI CSI-2,Value for the integrated serializer adds to CSI-2 model value.,-20 °C to 65 °C (housing),41 × 29 × 29,"C-Mount, CS-Mount",70 g,256 KByte,1024 KByte,"GMSL2, based on MIPI CSI-2, up to 4 lanes","YCbCr411_8_CbYYCrYY, YCbCr422_8_CbYCrY, YCbCr8_CbYCr, YUV422 8-bit, UYVY","RGB8 (default), BGR8, RGB888 (default), RGB3","BayerGR8, BayerGR10, BayerGR10p, BayerGR12, BayerGR12p",,,,,,"Coax, STP",,,,,,,,,,,,,,,,,,,,
Allied Vision,alvium-gm2,Alvium GM2-240,Alvium GM2,Available,Area scan,Mono or Color,Visible,300 nm to 1100 nm,"1,936 × 1,216 (2.40 MP)",Sony IMX392,CMOS,Global Shutter,7.9 mm ø (Type 1/2.3),3.45 µm × 3.45 µm,"8-bit, 10-bit, 12-bit; Adaptive (10-bit, 12-bit)","Mono8, Mono10, Mono10p, Mono12, Mono12p, RAW8, RAW10, RAW12, GREY, Y10, Y12",Mainly depends on hardware and register settings.,2 programmable GPIOs,,5 VDC over MIPI CSI-2,Value for the integrated serializer adds to CSI-2 model value.,-20 °C to 65 °C (housing),41 × 29 × 29,"C-Mount, CS-Mount, S-Mount",70 g,256 KByte,1024 KByte,"GMSL2, based on MIPI CSI-2, up to 4 lanes","YCbCr411_8_CbYYCrYY, YCbCr422_8_CbYCrY, YCbCr8_CbYCr, YUV422 8-bit, UYVY","RGB8 (default), BGR8, RGB888 (default), RGB3","BayerGR8, BayerGR10, BayerGR10p, BayerGR12, BayerGR12p",64 %,,,,,"Coax, STP",,,,,,,,,,,,,,,,,,,,
Allied Vision,alvium-gm2,Alvium GM2-2460,Alvium GM2,Available,Area scan,Mono or Color,Visible,300 nm to 1100 nm,"5,328 × 4,608 (24.60 MP)",Sony IMX540,CMOS,Global Shutter,21.43 mm ø (Type 1.2),2.74 µm × 2.74 µm,12-bit,"Mono8, Mono10, Mono10p, Mono12, Mono12p, RAW8, RAW10, RAW12, GREY, Y10, Y12",Mainly depends on hardware and register settings.,2 programmable GPIOs,,5 VDC over MIPI CSI-2,Value for the integrated serializer adds to CSI-2 model value.,-20 °C to 65 °C (housing),41 × 29 × 29,"C-Mount, CS-Mount",70 g,256 KByte,1024 KByte,"GMSL2, based on MIPI CSI-2, up to 4 lanes","YCbCr411_8_CbYYCrYY, YCbCr422_8_CbYCrY, YCbCr8_CbYCr, YUV422 8-bit, UYVY","RGB8 (default), BGR8, RGB888 (default), RGB3","BayerGR8, BayerGR10, BayerGR10p, BayerGR12, BayerGR12p",68 %,,,,,"Coax, STP",,,,,,,,,,,,,,,,,,,,
Allied Vision,alvium-gm2,Alvium GM2-291,Alvium GM2,Available,Area scan,Mono or Color,Visible,300 nm to 1100 nm,"1,944 × 1,472 (2.90 MP)",Sony IMX421,CMOS,Global Shutter,12.75 mm ø (Type 2/3),4.50 µm × 4.50 µm,"8-bit, 10-bit, 12-bit; Adaptive (10-bit, 12-bit)","Mono8, Mono10, Mono10p, Mono12, Mono12p, RAW8, RAW10, RAW12, GREY, Y10, Y12",Mainly depends on hardware and register settings.,2 programmable GPIOs,,5 VDC over MIPI CSI-2,Value for the integrated serializer adds to CSI-2 model value.,-20 °C to 65 °C (housing),41 × 29 × 29,"C-Mount, CS-Mount",70 g,256 KByte,1024 KByte,"GMSL2, based on MIPI CSI-2, up to 4 lanes","YCbCr411_8_CbYYCrYY, YCbCr422_8_CbYCrY, YCbCr8_CbYCr, YUV422 8-bit, UYVY","RGB8 (default), BGR8, RGB888 (default), RGB3","BayerGR8, BayerGR10, BayerGR10p, BayerGR12, BayerGR12p",73 %,,,,,"Coax, STP",,,,,,,,,,,,,,,,,,,,
Allied Vision,alvium-gm2,Alvium GM2-319,Alvium GM2,Available,Area scan,Mono or Color,Visible,300 nm to 1100 nm,"2,064 × 1,544 (3.20 MP)",Sony IMX265,CMOS,Global Shutter,9 mm ø (Type 1/1.8),3.45 µm × 3.45 µm,12-bit,"Mono8, Mono10, Mono10p, Mono12, Mono12p, RAW8, RAW10, RAW12, GREY, Y10, Y12",Mainly depends on hardware and register settings.,2 programmable GPIOs,,5 VDC over MIPI CSI-2,Value for the integrated serializer adds to CSI-2 model value.,-20 °C to 65 °C (housing),41 × 29 × 29,"C-Mount, CS-Mount, S-Mount",70 g,256 KByte,1024 KByte,"GMSL2, based on MIPI CSI-2, up to 4 lanes","YCbCr411_8_CbYYCrYY, YCbCr422_8_CbYCrY, YCbCr8_CbYCr, YUV422 8-bit, UYVY","RGB8 (default), BGR8, RGB888 (default), RGB3","BayerGR8, BayerGR10, BayerGR10p, BayerGR12, BayerGR12p",64 %,,,,,"Coax, STP",,,,,,,,,,,,,,,,,,,,
Allied Vision,alvium-gm2,Alvium GM2-320 VSWIR,Alvium GM2,Prototype/engineering sample,Area scan,Mono,"SWIR, Visible SWIR",400 nm to 1700 nm,"2,080 × 1,544 (3.20 MP)",Sony IMX993 | InGaAs,InGaAs,Global Shutter,9 mm ø (Type 1/1.8),3.45 µm × 3.45 µm,"8-bit, 10-bit, 12-bit; Adaptive (10-bit, 12-bit)","Mono8, Mono10, Mono10p, Mono12, Mono12p, RAW8, RAW10, RAW12, GREY, Y10, Y12",Mainly depends on hardware and register settings.,2 programmable GPIOs,,5 VDC over MIPI CSI-2,Value for the integrated serializer adds to CSI-2 model value.,-20 °C to 65 °C (housing),41 × 29 × 29,"C-Mount, CS-Mount",70 g,256 KByte,1024 KByte,"GMSL2, based on MIPI CSI-2, up to 4 lanes",,,,,,,,,"Coax, STP",,,,,,,,,,,,,,,,,,,,
Allied Vision,alvium-gm2,Alvium GM2-500,Alvium GM2,Available,Area scan,Mono or Color,Visible,300 nm to 1100 nm,"2,592 × 1,944 (5.00 MP)",ON Semi AR0521SR,CMOS,Rolling Shutter,7.13 mm ø (Type 1/2.5),2.20 µm × 2.20 µm,10-bit,"Mono8, Mono10, Mono10p, Mono12, Mono12p, RAW8, RAW10, RAW12, GREY, Y10, Y12",Mainly depends on hardware and register settings.,2 programmable GPIOs,,5 VDC over MIPI CSI-2,Value for the integrated serializer adds to CSI-2 model value.,-20 °C to 65 °C (housing),41 × 29 × 29,"C-Mount, CS-Mount, S-Mount",70 g,256 KByte,1024 KByte,"GMSL2, based on MIPI CSI-2, up to 4 lanes","YCbCr411_8_CbYYCrYY, YCbCr422_8_CbYCrY, YCbCr8_CbYCr, YUV422 8-bit, UYVY","RGB8 (default), BGR8, RGB888 (default), RGB3","BayerGR8, BayerGR10, BayerGR10p, BayerGR12, BayerGR12p",79 %,,,,,"Coax, STP",,,,,,,,,,,,,,,,,,,,
Allied Vision,alvium-gm2,Alvium GM2-501 NIR,Alvium GM2,Available,Area scan,Mono or Color,Visible-NIR,300 nm to 1100 nm,"2,592 × 1,944 (5.00 MP)",ON Semi AR0522,CMOS,Rolling Shutter,7.13 mm ø (Type 1/2.5),2.20 µm × 2.20 µm,10-bit,"RAW8, RAW10, RAW12, GREY, Y10, Y12",Mainly depends on hardware and register settings.,2 programmable GPIOs,,5 VDC over MIPI CSI-2,Value for the integrated serializer adds to CSI-2 model value.,-20 °C to 65 °C (housing),41 × 29 × 29,"C-Mount, CS-Mount, S-Mount",70 g,256 KByte,1024 KByte,"GMSL2, based on MIPI CSI-2, up to 4 lanes","YUV422 8-bit, UYVY","RGB888 (default), RGB3",,84 %,,,,,"Coax, STP",,,,,,,,,,,,,,,,,,,,
Allied Vision,alvium-gm2,Alvium GM2-507,Alvium GM2,Available,Area scan,Mono or Color,Visible,300 nm to 1100 nm,"2,464 × 2,056 (5.10 MP)",Sony IMX264,CMOS,Global Shutter,12.75 mm ø (Type 2/3),3.45 µm × 3.45 µm,12-bit,"Mono8, Mono10, Mono10p, Mono12, Mono12p, RAW8, RAW10, RAW12, GREY, Y10, Y12",Mainly depends on hardware and register settings.,2 programmable GPIOs,,5 VDC over MIPI CSI-2,Value for the integrated serializer adds to CSI-2 model value.,-20 °C to 65 °C (housing),41 × 29 × 29,"C-Mount, CS-Mount",70 g,256 KByte,1024 KByte,"GMSL2, based on MIPI CSI-2, up to 4 lanes","YCbCr411_8_CbYYCrYY, YCbCr422_8_CbYCrY, YCbCr8_CbYCr, YUV422 8-bit, UYVY","RGB8 (default), BGR8, RGB888 (default), RGB3","BayerGR8, BayerGR10, BayerGR10p, BayerGR12, BayerGR12p",64 %,,,,,"Coax, STP",,,,,,,,,,,,,,,,,,,,
Allied Vision,alvium-gm2,Alvium GM2-507 Pol,Alvium GM2,Available,Area scan,Mono or Color,Visible,300 nm to 1100 nm,"2,464 × 2,056 (5.10 MP)",Sony IMX264 Polarizer,CMOS,Global Shutter,12.75 mm ø (Type 2/3),3.45 µm × 3.45 µm,12-bit,"Mono8, Mono10, Mono10p, Mono12, Mono12p, RAW8, RAW10, RAW12, GREY, Y10, Y12",Mainly depends on hardware and register settings.,2 programmable GPIOs,,5 VDC over MIPI CSI-2,Value for the integrated serializer adds to CSI-2 model value.,-20 °C to 65 °C (housing),41 × 29 × 29,"C-Mount, CS-Mount",70 g,256 KByte,1024 KByte,"GMSL2, based on MIPI CSI-2, up to 4 lanes",,,"BayerGR8, BayerGR10, BayerGR10p, BayerGR12, BayerGR12p",,,,,,"Coax, STP",,,,,,,,,,,,,,,,,,,,
Allied Vision,alvium-gm2,Alvium GM2-508,Alvium GM2,Available,Area scan,Mono or Color,Visible,300 nm to 1100 nm,"2,464 × 2,056 (5.10 MP)",Sony IMX250,CMOS,Global Shutter,12.75 mm ø (Type 2/3),3.45 µm × 3.45 µm,"8-bit, 10-bit, 12-bit; Adaptive (10-bit, 12-bit)","Mono8, Mono10, Mono10p, Mono12, Mono12p, RAW8, RAW10, RAW12, GREY, Y10, Y12",Mainly depends on hardware and register settings.,2 programmable GPIOs,,5 VDC over MIPI CSI-2,Value for the integrated serializer adds to CSI-2 model value.,-20 °C to 65 °C (housing),41 × 29 × 29,"C-Mount, CS-Mount",70 g,256 KByte,1024 KByte,"GMSL2, based on MIPI CSI-2, up to 4 lanes","YCbCr411_8_CbYYCrYY, YCbCr422_8_CbYCrY, YCbCr8_CbYCr, YUV422 8-bit, UYVY","RGB8 (default), BGR8, RGB888 (default), RGB3","BayerGR8, BayerGR10, BayerGR10p, BayerGR12, BayerGR12p",64 %,,,,,"Coax, STP",,,,,,,,,,,,,,,,,,,,
Allied Vision,alvium-gm2,Alvium GM2-508 Pol,Alvium GM2,Available,Area scan,Mono or Color,Visible,300 nm to 1100 nm,"2,464 × 2,056 (5.10 MP)",Sony IMX250 Polarizer,CMOS,Global Shutter,12.75 mm ø (Type 2/3),3.45 µm × 3.45 µm,"8-bit, 10-bit, 12-bit; Adaptive (10-bit, 12-bit)","Mono8, Mono10, Mono10p, Mono12, Mono12p, RAW8, RAW10, RAW12, GREY, Y10, Y12",Mainly depends on hardware and register settings.,2 programmable GPIOs,,5 VDC over MIPI CSI-2,Value for the integrated serializer adds to CSI-2 model value.,-20 °C to 65 °C (housing),41 × 29 × 29,"C-Mount, CS-Mount",70 g,256 KByte,1024 KByte,"GMSL2, based on MIPI CSI-2, up to 4 lanes",,,"BayerGR8, BayerGR10, BayerGR10p, BayerGR12, BayerGR12p",,,,,,"Coax, STP",,,,,,,,,,,,,,,,,,,,
Allied Vision,alvium-gm2,Alvium GM2-510,Alvium GM2,Available,Area scan,Mono or Color,Visible,300 nm to 1100 nm,"2,464 × 2,064 (5.10 MP)",Sony IMX548,CMOS,Global Shutter,9 mm ø (Type 1/1.8),2.74 µm × 2.74 µm,12-bit,"Mono8, Mono10, Mono10p, Mono12, Mono12p, RAW8, RAW10, RAW12, GREY, Y10, Y12",Mainly depends on hardware and register settings.,2 programmable GPIOs,,5 VDC over MIPI CSI-2,Value for the integrated serializer adds to CSI-2 model value.,-20 °C to 65 °C (housing),41 × 29 × 29,"C-Mount, CS-Mount, S-Mount",70 g,256 KByte,1024 KByte,"GMSL2, based on MIPI CSI-2, up to 4 lanes","YCbCr411_8_CbYYCrYY, YCbCr422_8_CbYCrY, YCbCr8_CbYCr, YUV422 8-bit, UYVY","RGB8 (default), BGR8, RGB888 (default), RGB3","BayerGR8, BayerGR10, BayerGR10p, BayerGR12, BayerGR12p",68 %,,,,,"Coax, STP",,,,,,,,,,,,,,,,,,,,
Allied Vision,alvium-gm2,Alvium GM2-511,Alvium GM2,Available,Area scan,Mono or Color,Visible,300 nm to 1100 nm,"2,464 × 2,064 (5.10 MP)",Sony IMX547,CMOS,Global Shutter,9 mm ø (Type 1/1.8),2.74 µm × 2.74 µm,12-bit,"Mono8, Mono10, Mono10p, Mono12, Mono12p, RAW8, RAW10, RAW12, GREY, Y10, Y12",Mainly depends on hardware and register settings.,2 programmable GPIOs,,5 VDC over MIPI CSI-2,Value for the integrated serializer adds to CSI-2 model value.,-20 °C to 65 °C (housing),41 × 29 × 29,"C-Mount, CS-Mount, S-Mount",70 g,256 KByte,1024 KByte,"GMSL2, based on MIPI CSI-2, up to 4 lanes","YCbCr411_8_CbYYCrYY, YCbCr422_8_CbYCrY, YCbCr8_CbYCr, YUV422 8-bit, UYVY","RGB8 (default), BGR8, RGB888 (default), RGB3","BayerGR8, BayerGR10, BayerGR10p, BayerGR12, BayerGR12p",68 %,,,,,"Coax, STP",,,,,,,,,,,,,,,,,,,,
Allied Vision,alvium-gm2,Alvium GM2-530 VSWIR,Alvium GM2,Prototype/engineering sample,Area scan,Mono,"SWIR, Visible SWIR",400 nm to 1700 nm,"2,592 × 2,056 (5.30 MP)",Sony IMX992 | InGaAs,InGaAs,Global Shutter,11.4 mm ø (Type 1/1.4),3.45 µm × 3.45 µm,"8-bit, 10-bit, 12-bit; Adaptive (10-bit, 12-bit)","Mono8, Mono10, Mono10p, Mono12, Mono12p, RAW8, RAW10, RAW12, GREY, Y10, Y12",Mainly depends on hardware and register settings.,2 programmable GPIOs,,5 VDC over MIPI CSI-2,Value for the integrated serializer adds to CSI-2 model value.,-20 °C to 65 °C (housing),41 × 29 × 29,"C-Mount, CS-Mount",70 g,256 KByte,1024 KByte,"GMSL2, based on MIPI CSI-2, up to 4 lanes",,,"BayerGR8, BayerGR10, BayerGR10p, BayerGR12, BayerGR12p",,,,,,"Coax, STP",,,,,,,,,,,,,,,,,,,,
Allied Vision,alvium-gm2,Alvium GM2-811,Alvium GM2,Available,Area scan,Mono or Color,Visible,300 nm to 1100 nm,"2,848 × 2,848 (8.10 MP)",Sony IMX546,CMOS,Global Shutter,12.75 mm ø (Type 2/3),2.74 µm × 2.74 µm,12-bit,"Mono8, Mono10, Mono10p, Mono12, Mono12p, RAW8, RAW10, RAW12, GREY, Y10, Y12",Mainly depends on hardware and register settings.,2 programmable GPIOs,,5 VDC over MIPI CSI-2,Value for the integrated serializer adds to CSI-2 model value.,-20 °C to 65 °C (housing),41 × 29 × 29,"C-Mount, CS-Mount",40 g,256 KByte,1024 KByte,"GMSL2, based on MIPI CSI-2, up to 4 lanes","YCbCr411_8_CbYYCrYY, YCbCr422_8_CbYCrY, YCbCr8_CbYCr, YUV422 8-bit, UYVY","RGB8 (default), BGR8, RGB888 (default), RGB3","BayerGR8, BayerGR10, BayerGR10p, BayerGR12, BayerGR12p",68 %,,,,,"Coax, STP",,,,,,,,,,,,,,,,,,,,
Allied Vision,alvium-gm2,Alvium GM2-812 UV,Alvium GM2,Available,Area scan,Mono,UV,200 nm to 1000 nm,"2,848 × 2,848 (8.10 MP)",Sony IMX487,CMOS,Global Shutter,12.75 mm ø (Type 2/3),2.74 µm × 2.74 µm,12-bit,"Mono8, Mono10, Mono10p, Mono12, Mono12p, RAW8, RAW10, RAW12, GREY, Y10, Y12",Mainly depends on hardware and register settings.,2 programmable GPIOs,,5 VDC over MIPI CSI-2,Value for the integrated serializer adds to CSI-2 model value.,-20 °C to 65 °C (housing),41 × 29 × 29,"C-Mount, CS-Mount",70 g,256 KByte,1024 KByte,"GMSL2, based on MIPI CSI-2, up to 4 lanes",,,,,,,,,"Coax, STP",,,,,,,,,,,,,,,,,,,,
Allied Vision,alvium-gm2,Alvium GM2-895,Alvium GM2,Available,Area scan,Mono or Color,Visible,300 nm to 1100 nm,"4,112 × 2,176 (8.90 MP)",Sony IMX267,CMOS,Global Shutter,16.3 mm ø (Type 1),3.45 µm × 3.45 µm,12-bit,"Mono8, Mono10, Mono10p, Mono12, Mono12p, RAW8, RAW10, RAW12, GREY, Y10, Y12",Mainly depends on hardware and register settings.,2 programmable GPIOs,,5 VDC over MIPI CSI-2,Value for the integrated serializer adds to CSI-2 model value.,-20 °C to 65 °C (housing),41 × 29 × 29,"C-Mount, CS-Mount",70 g,256 KByte,1024 KByte,"GMSL2, based on MIPI CSI-2, up to 4 lanes","YCbCr411_8_CbYYCrYY, YCbCr422_8_CbYCrY, YCbCr8_CbYCr, YUV422 8-bit, UYVY","RGB8 (default), BGR8, RGB888 (default), RGB3","BayerGR8, BayerGR10, BayerGR10p, BayerGR12, BayerGR12p",,,,,,"Coax, STP",,,,,,,,,,,,,,,,,,,,
Allied Vision,alvium-fp3,Alvium FP3-030 VSWIR,Alvium FP3,Available,Area scan,,"SWIR, Visible SWIR",400 nm to 1700 nm,656 × 520 (0.30 MP),Sony IMX991 | InGaAs,InGaAs,Global Shutter,4.61 mm ø (Type 1/4),5.00 µm × 5.00 µm,,"GREY, Mono8 (default), RAW10, RAW12, RAW8 (default), Y10, Y12",Mainly depends on hardware and register settings.,2 programmable GPIOs,,5 VDC over MIPI CSI-2,Value for the integrated serializer adds to CSI-2 model value.,-20 °C to 65 °C (housing),41 × 29 × 29,"C-Mount, CS-Mount, S-Mount",70 g,256 KByte,1024 KByte,"FPD-Link III, based on MIPI CSI-2, up to 4 lanes",,,,,,,15 µs to 10 s,0.0 dB to 42.0 dB,"Coax, STP",,,,,,,,,,,,,,,,,,,,
Allied Vision,alvium-fp3,Alvium FP3-040,Alvium FP3,Available,Area scan,Mono or Color,Visible,300 nm to 1100 nm,728 × 544 (0.40 MP),Sony IMX287,,Global Shutter,6.3 mm ø (Type 1/2.9),6.90 µm × 6.90 µm,,"GREY, RAW10, RAW12, RAW8, Y10, Y12",Mainly depends on hardware and register settings.,2 programmable GPIOs,,5 VDC over MIPI CSI-2,Value for the integrated serializer adds to CSI-2 model value.,-20 °C to 65 °C (housing),41 × 29 × 29,"C-Mount, CS-Mount, S-Mount",70 g,256 KByte,1024 KByte,"FPD-Link III, based on MIPI CSI-2, up to 4 lanes","UYVY, YCbCr411_8_CbYYCrYY, YCbCr422_8_CbYCrY, YCbCr8_CbYCr, YUV422 8-bit","BGR8, RGB3, RGB8 (default), RGB888 (default)","BayerGR10, BayerGR10p, BayerGR12, BayerGR12p, BayerGR8",64 %,,,28 µs to 10 s,0.0 dB to 48.0 dB,"Coax, STP",,,,,,,,,,,,,,,,,,,,
Allied Vision,alvium-fp3,Alvium FP3-050,Alvium FP3,Available,Area scan,Mono or Color,Visible,300 nm to 1100 nm,800 × 600 (0.50 MP),ON Semi PYTHON 480,,Global Shutter,4.9 mm ø (Type 1/3.6),4.80 µm × 4.80 µm,,"GREY, RAW10, RAW12, RAW8, Y10, Y12",,2 programmable GPIOs,,5 VDC over MIPI CSI-2,Value for the integrated serializer adds to CSI-2 model value.,-20 °C to 65 °C (housing),41 × 29 × 29,"C-Mount, CS-Mount, S-Mount",70 g,256 MByte,1024 KByte,"FPD-Link III, based on MIPI CSI-2, up to 4 lanes","UYVY, YUV422 8-bit","RGB3, RGB888 (default)",,53 %,,,64 µs to 10 s,0.0 dB to 11.3 dB,"Coax, STP",,,,,,,,,,,,,,,,,,,,
Allied Vision,alvium-fp3,Alvium FP3-052,Alvium FP3,Available,Area scan,Mono or Color,Visible,300 nm to 1100 nm,816 × 624 (0.50 MP),Sony IMX426,,Global Shutter,9.33 mm ø (Type 1/1.7),9.00 µm × 9.00 µm,,"GREY, RAW10, RAW12, RAW8, Y10, Y12",Mainly depends on hardware and register settings.,2 programmable GPIOs,,5 VDC over MIPI CSI-2,Value for the integrated serializer adds to CSI-2 model value.,-20 °C to 65 °C (housing),41 × 29 × 29,"C-Mount, CS-Mount",70 g,256 KByte,1024 KByte,"FPD-Link III, based on MIPI CSI-2, up to 4 lanes","UYVY, YCbCr411_8_CbYYCrYY, YCbCr422_8_CbYCrY, YCbCr8_CbYCr, YUV422 8-bit","BGR8, RGB3, RGB8 (default), RGB888 (default)","BayerGR10, BayerGR10p, BayerGR12, BayerGR12p, BayerGR8",73 %,,,24 µs to 10 s,0.0 dB to 48.0 dB,"Coax, STP",,,,,,,,,,,,,,,,,,,,
Allied Vision,alvium-fp3,Alvium FP3-120,Alvium FP3,Available,Area scan,Mono or Color,Visible,300 nm to 1100 nm,"1,280 × 960 (1.20 MP)",ON Semi AR0135CS,,Global Shutter,6.09 mm ø (Type 1/3),3.75 µm × 3.75 µm,,"GREY, RAW10, RAW12, RAW8, Y10, Y12",,2 programmable GPIOs,,5 VDC over MIPI CSI-2,Value for the integrated serializer adds to CSI-2 model value.,-20 °C to 65 °C (housing),41 × 29 × 29,"C-Mount, CS-Mount, S-Mount",70 g,256 MByte,1024 KByte,"FPD-Link III, based on MIPI CSI-2, up to 4 lanes","UYVY, YUV422 8-bit","RGB3, RGB888 (default)",,69 %,,,57 µs to 8 s,0.0 dB to 17.7 dB,"Coax, STP",,,,,,,,,,,,,,,,,,,,
Allied Vision,alvium-fp3,Alvium FP3-1236,Alvium FP3,Available,Area scan,Mono or Color,Visible,300 nm to 1100 nm,"4,112 × 3,008 (12.40 MP)",Sony IMX304,,Global Shutter,17.6 mm ø (Type 1.1),3.45 µm × 3.45 µm,,"GREY, RAW10, RAW12, RAW8, Y10, Y12",Mainly depends on hardware and register settings.,2 programmable GPIOs,,5 VDC over MIPI CSI-2,Value for the integrated serializer adds to CSI-2 model value.,-20 °C to 65 °C (housing),41 × 29 × 29,C-Mount,70 g,256 KByte,1024 KByte,"FPD-Link III, based on MIPI CSI-2, up to 4 lanes","UYVY, YCbCr411_8_CbYYCrYY, YCbCr422_8_CbYCrY, YCbCr8_CbYCr, YUV422 8-bit","BGR8, RGB3, RGB8 (default), RGB888 (default)","BayerGR10, BayerGR10p, BayerGR12, BayerGR12p, BayerGR8",64 %,,,29 µs to 10 s,0.0 dB to 48.0 dB,"Coax, STP",,,,,,,,,,,,,,,,,,,,
Allied Vision,alvium-fp3,Alvium FP3-1240,Alvium FP3,Available,Area scan,Mono or Color,Visible,300 nm to 1100 nm,"4,024 × 3,032 (12.20 MP)",Sony IMX226,,"Global Reset Shutter, Rolling Shutter",9.33 mm ø (Type 1/1.7),1.85 µm × 1.85 µm,,"GREY, RAW10, RAW12, RAW8, Y10, Y12",Mainly depends on hardware and register settings.,2 programmable GPIOs,,5 VDC over MIPI CSI-2,Value for the integrated serializer adds to CSI-2 model value.,-20 °C to 65 °C (housing),26 × 29 × 29,"C-Mount, CS-Mount, S-Mount",70 g,256 KByte,1024 KByte,"FPD-Link III, based on MIPI CSI-2, up to 4 lanes","UYVY, YCbCr411_8_CbYYCrYY, YCbCr422_8_CbYCrY, YCbCr8_CbYCr, YUV422 8-bit","BGR8, RGB3, RGB8 (default), RGB888 (default)","BayerGR10, BayerGR10p, BayerGR12, BayerGR12p, BayerGR8",74 %,,,10 µs to 10 s,0.0 dB to 27.0 dB,"Coax, STP",,,,,,,,,,,,,,,,,,,,
Allied Vision,alvium-fp3,Alvium FP3-1242,Alvium FP3,Available,Area scan,Mono or Color,Visible,300 nm to 1100 nm,"4,128 × 3,008 (12.40 MP)",Sony IMX545,,Global Shutter,14 mm ø (Type 1/1.1),2.74 µm × 2.74 µm,,"GREY, RAW10, RAW12, RAW8, Y10, Y12",Mainly depends on hardware and register settings.,2 programmable GPIOs,,5 VDC over MIPI CSI-2,Value for the integrated serializer adds to CSI-2 model value.,-20 °C to 65 °C (housing),41 × 29 × 29,"C-Mount, CS-Mount",70 g,256 KByte,1024 KByte,"FPD-Link III, based on MIPI CSI-2, up to 4 lanes","UYVY, YCbCr411_8_CbYYCrYY, YCbCr422_8_CbYCrY, YCbCr8_CbYCr, YUV422 8-bit","BGR8, RGB3, RGB8 (default), RGB888 (default)","BayerGR10, BayerGR10p, BayerGR12, BayerGR12p, BayerGR8",68 %,,,11 µs to 10 s,0.0 dB to 48.0 dB,"Coax, STP",,,,,,,,,,,,,,,,,,,,
Allied Vision,alvium-fp3,Alvium FP3-130 VSWIR,Alvium FP3,Available,Area scan,,"SWIR, Visible SWIR",400 nm to 1700 nm,"1,296 × 1,032 (1.30 MP)",Sony IMX990 | InGaAs,InGaAs,Global Shutter,8.15 mm ø (Type 1/2),5.00 µm × 5.00 µm,,"GREY, Mono8 (default), RAW10, RAW12, RAW8 (default), Y10, Y12",Mainly depends on hardware and register settings.,2 programmable GPIOs,,5 VDC over MIPI CSI-2,Value for the integrated serializer adds to CSI-2 model value.,-20 °C to 65 °C (housing),41 × 29 × 29,"C-Mount, CS-Mount, S-Mount",70 g,256 KByte,1024 KByte,"FPD-Link III, based on MIPI CSI-2, up to 4 lanes",,,,,,,15 µs to 10 s,0.0 dB to 42.0 dB,"Coax, STP",,,,,,,,,,,,,,,,,,,,
Allied Vision,alvium-fp3,Alvium FP3-158,Alvium FP3,Available,Area scan,Mono or Color,Visible,300 nm to 1100 nm,"1,456 × 1,088 (1.60 MP)",Sony IMX273,,Global Shutter,6.3 mm ø (Type 1/2.9),3.45 µm × 3.45 µm,,"GREY, RAW10, RAW12, RAW8, Y10, Y12",Mainly depends on hardware and register settings.,2 programmable GPIOs,,5 VDC over MIPI CSI-2,Value for the integrated serializer adds to CSI-2 model value.,-20 °C to 65 °C (housing),41 × 29 × 29,"C-Mount, CS-Mount, S-Mount",70 g,256 KByte,1024 KByte,"FPD-Link III, based on MIPI CSI-2, up to 4 lanes","UYVY, YCbCr411_8_CbYYCrYY, YCbCr422_8_CbYCrY, YCbCr8_CbYCr, YUV422 8-bit","BGR8, RGB3, RGB8 (default), RGB888 (default)","BayerGR10, BayerGR10p, BayerGR12, BayerGR12p, BayerGR8",64 %,,,28 µs to 10 s,0.0 dB to 48.0 dB,"Coax, STP",,,,,,,,,,,,,,,,,,,,
Allied Vision,alvium-fp3,Alvium FP3-1620,Alvium FP3,Available,Area scan,Mono or Color,Visible,300 nm to 1100 nm,"5,328 × 3,040 (16.20 MP)",Sony IMX542,,Global Shutter,17.6 mm ø (Type 1.1),2.74 µm × 2.74 µm,,"GREY, RAW10, RAW12, RAW8, Y10, Y12",Mainly depends on hardware and register settings.,2 programmable GPIOs,,5 VDC over MIPI CSI-2,Value for the integrated serializer adds to CSI-2 model value.,-20 °C to 65 °C (housing),41 × 29 × 29,"C-Mount, CS-Mount",70 g,256 KByte,1024 KByte,"FPD-Link III, based on MIPI CSI-2, up to 4 lanes","UYVY, YCbCr411_8_CbYYCrYY, YCbCr422_8_CbYCrY, YCbCr8_CbYCr, YUV422 8-bit","BGR8, RGB3, RGB8 (default), RGB888 (default)","BayerGR10, BayerGR10p, BayerGR12, BayerGR12p, BayerGR8",68 %,,,13 µs to 10 s,0.0 dB to 48.0 dB,"Coax, STP",,,,,,,,,,,,,,,,,,,,
Allied Vision,alvium-fp3,Alvium FP3-203,Alvium FP3,Available,Area scan,Mono or Color,Visible,300 nm to 1100 nm,"1,632 × 1,248 (2.00 MP)",Sony IMX422,,Global Shutter,9.33 mm ø (Type 1/1.7),4.50 µm × 4.50 µm,,"GREY, RAW10, RAW12, RAW8, Y10, Y12",Mainly depends on hardware and register settings.,2 programmable GPIOs,,5 VDC over MIPI CSI-2,Value for the integrated serializer adds to CSI-2 model value.,-20 °C to 65 °C (housing),41 × 29 × 29,"C-Mount, CS-Mount",70 g,256 KByte,1024 KByte,"FPD-Link III, based on MIPI CSI-2, up to 4 lanes","UYVY, YCbCr411_8_CbYYCrYY, YCbCr422_8_CbYCrY, YCbCr8_CbYCr, YUV422 8-bit","BGR8, RGB3, RGB8 (default), RGB888 (default)","BayerGR10, BayerGR10p, BayerGR12, BayerGR12p, BayerGR8",,,,18 µs to 10 s,0.0 dB to 48.0 dB,"Coax, STP",,,,,,,,,,,,,,,,,,,,
Allied Vision,alvium-fp3,Alvium FP3-2040,Alvium FP3,Available,Area scan,Mono or Color,Visible,300 nm to 1100 nm,"4,512 × 4,512 (20.40 MP)",Sony IMX541,,Global Shutter,17.6 mm ø (Type 1.1),2.74 µm × 2.74 µm,,"GREY, RAW10, RAW12, RAW8, Y10, Y12",Mainly depends on hardware and register settings.,2 programmable GPIOs,,5 VDC over MIPI CSI-2,Value for the integrated serializer adds to CSI-2 model value.,-20 °C to 65 °C (housing),41 × 29 × 29,"C-Mount, CS-Mount",70 g,256 KByte,1024 KByte,"FPD-Link III, based on MIPI CSI-2, up to 4 lanes","UYVY, YCbCr411_8_CbYYCrYY, YCbCr422_8_CbYCrY, YCbCr8_CbYCr, YUV422 8-bit","BGR8, RGB3, RGB8 (default), RGB888 (default)","BayerGR10, BayerGR10p, BayerGR12, BayerGR12p, BayerGR8",68 %,,,11 µs to 10 s,0.0 dB to 48.0 dB,"Coax, STP",,,,,,,,,,,,,,,,,,,,
Allied Vision,alvium-fp3,Alvium FP3-2050,Alvium FP3,Available,Area scan,Mono or Color,Visible,300 nm to 1100 nm,"5,376 × 3,672 (19.70 MP)",Sony IMX183,,"Global Reset Shutter, Rolling Shutter",16.3 mm ø (Type 1),2.40 µm × 2.40 µm,,"GREY, RAW10, RAW12, RAW8, Y10, Y12",Mainly depends on hardware and register settings.,2 programmable GPIOs,,5 VDC over MIPI CSI-2,Value for the integrated serializer adds to CSI-2 model value.,-20 °C to 65 °C (housing),41 × 29 × 29,C-Mount,70 g,256 KByte,1024 KByte,"FPD-Link III, based on MIPI CSI-2, up to 4 lanes","UYVY, YCbCr411_8_CbYYCrYY, YCbCr422_8_CbYCrY, YCbCr8_CbYCr, YUV422 8-bit","BGR8, RGB3, RGB8 (default), RGB888 (default)","BayerGR10, BayerGR10p, BayerGR12, BayerGR12p, BayerGR8",80 %,,,13 µs to 10 s,0.0 dB to 27.0 dB,"Coax, STP",,,,,,,,,,,,,,,,,,,,
Allied Vision,alvium-fp3,Alvium FP3-210,Alvium FP3,Available,Area scan,Mono or Color,Visible,300 nm to 1100 nm,"1,928 × 1,088 (2.10 MP)",ON Semi AR0521SR (HD mode),,Rolling Shutter,4.9 mm ø (Type 1/3.6),2.20 µm × 2.20 µm,,"GREY, RAW10, RAW12, RAW8, Y10, Y12",Mainly depends on hardware and register settings.,2 programmable GPIOs,,5 VDC over MIPI CSI-2,Value for the integrated serializer adds to CSI-2 model value.,-20 °C to 65 °C (housing),41 × 29 × 29,"C-Mount, CS-Mount, S-Mount",70 g,256 KByte,1024 KByte,"FPD-Link III, based on MIPI CSI-2, up to 4 lanes","UYVY, YUV422 8-bit","RGB3, RGB888 (default)",,79 %,,,8 µs to 10 s,0.0 dB to 24.1 dB,"Coax, STP",,,,,,,,,,,,,,,,,,,,
Allied Vision,alvium-fp3,Alvium FP3-234,Alvium FP3,Available,Area scan,Mono or Color,Visible,300 nm to 1100 nm,"1,936 × 1,216 (2.40 MP)",Sony IMX249,,Global Shutter,13.4 mm ø (Type 1/1.2),5.86 µm × 5.86 µm,,"GREY, RAW10, RAW12, RAW8, Y10, Y12",Mainly depends on hardware and register settings.,2 programmable GPIOs,,5 VDC over MIPI CSI-2,Value for the integrated serializer adds to CSI-2 model value.,-20 °C to 65 °C (housing),41 × 29 × 29,"C-Mount, CS-Mount",70 g,256 KByte,1024 KByte,"FPD-Link III, based on MIPI CSI-2, up to 4 lanes","UYVY, YCbCr411_8_CbYYCrYY, YCbCr422_8_CbYCrY, YCbCr8_CbYCr, YUV422 8-bit","BGR8, RGB3, RGB8 (default), RGB888 (default)","BayerGR10, BayerGR10p, BayerGR12, BayerGR12p, BayerGR8",,,,34 µs to 10 s,0.0 dB to 48.0 dB,"Coax, STP",,,,,,,,,,,,,,,,,,,,
Allied Vision,alvium-fp3,Alvium FP3-235,Alvium FP3,Available,Area scan,Mono or Color,Visible,300 nm to 1100 nm,"1,936 × 1,216 (2.40 MP)",Sony IMX174,,Global Shutter,13.4 mm ø (Type 1/1.2),5.86 µm × 5.86 µm,,"GREY, RAW10, RAW12, RAW8, Y10, Y12",Mainly depends on hardware and register settings.,2 programmable GPIOs,,5 VDC over MIPI CSI-2,Value for the integrated serializer adds to CSI-2 model value.,-20 °C to 65 °C (housing),41 × 29 × 29,"C-Mount, CS-Mount",70 g,256 KByte,1024 KByte,"FPD-Link III, based on MIPI CSI-2, up to 4 lanes","UYVY, YCbCr411_8_CbYYCrYY, YCbCr422_8_CbYCrY, YCbCr8_CbYCr, YUV422 8-bit","BGR8, RGB3, RGB8 (default), RGB888 (default)","BayerGR10, BayerGR10p, BayerGR12, BayerGR12p, BayerGR8",,,,19 µs to 10 s,0.0 dB to 48.0 dB,"Coax, STP",,,,,,,,,,,,,,,,,,,,
Allied Vision,alvium-fp3,Alvium FP3-240,Alvium FP3,Available,Area scan,Mono or Color,Visible,300 nm to 1100 nm,"1,936 × 1,216 (2.40 MP)",Sony IMX392,,Global Shutter,7.9 mm ø (Type 1/2.3),3.45 µm × 3.45 µm,,"GREY, RAW10, RAW12, RAW8, Y10, Y12",Mainly depends on hardware and register settings.,2 programmable GPIOs,,5 VDC over MIPI CSI-2,Value for the integrated serializer adds to CSI-2 model value.,-20 °C to 65 °C (housing),41 × 29 × 29,"C-Mount, CS-Mount, S-Mount",70 g,256 KByte,1024 KByte,"FPD-Link III, based on MIPI CSI-2, up to 4 lanes","UYVY, YCbCr411_8_CbYYCrYY, YCbCr422_8_CbYCrY, YCbCr8_CbYCr, YUV422 8-bit","BGR8, RGB3, RGB8 (default), RGB888 (default)","BayerGR10, BayerGR10p, BayerGR12, BayerGR12p, BayerGR8",64 %,,,26 µs to 10 s,0.0 dB to 48.0 dB,"Coax, STP",,,,,,,,,,,,,,,,,,,,
Allied Vision,alvium-fp3,Alvium FP3-2460,Alvium FP3,Available,Area scan,Mono or Color,Visible,300 nm to 1100 nm,"5,328 × 4,608 (24.60 MP)",Sony IMX540,,Global Shutter,21.43 mm ø (Type 1.2),2.74 µm × 2.74 µm,,"GREY, RAW10, RAW12, RAW8, Y10, Y12",Mainly depends on hardware and register settings.,2 programmable GPIOs,,5 VDC over MIPI CSI-2,Value for the integrated serializer adds to CSI-2 model value.,-20 °C to 65 °C (housing),41 × 29 × 29,"C-Mount, CS-Mount",70 g,256 KByte,1024 KByte,"FPD-Link III, based on MIPI CSI-2, up to 4 lanes","UYVY, YCbCr411_8_CbYYCrYY, YCbCr422_8_CbYCrY, YCbCr8_CbYCr, YUV422 8-bit","BGR8, RGB3, RGB8 (default), RGB888 (default)","BayerGR10, BayerGR10p, BayerGR12, BayerGR12p, BayerGR8",68 %,,,13 µs to 10 s,0.0 dB to 48.0 dB,"Coax, STP",,,,,,,,,,,,,,,,,,,,
Allied Vision,alvium-fp3,Alvium FP3-291,Alvium FP3,Available,Area scan,Mono or Color,Visible,300 nm to 1100 nm,"1,944 × 1,472 (2.90 MP)",Sony IMX421,,Global Shutter,12.75 mm ø (Type 2/3),4.50 µm × 4.50 µm,,"GREY, RAW10, RAW12, RAW8, Y10, Y12",Mainly depends on hardware and register settings.,2 programmable GPIOs,,5 VDC over MIPI CSI-2,Value for the integrated serializer adds to CSI-2 model value.,-20 °C to 65 °C (housing),41 × 29 × 29,"C-Mount, CS-Mount",70 g,256 KByte,1024 KByte,"FPD-Link III, based on MIPI CSI-2, up to 4 lanes","UYVY, YCbCr411_8_CbYYCrYY, YCbCr422_8_CbYCrY, YCbCr8_CbYCr, YUV422 8-bit","BGR8, RGB3, RGB8 (default), RGB888 (default)","BayerGR10, BayerGR10p, BayerGR12, BayerGR12p, BayerGR8",73 %,,,17 µs to 10 s,0.0 dB to 48.0 dB,"Coax, STP",,,,,,,,,,,,,,,,,,,,
Allied Vision,alvium-fp3,Alvium FP3-319,Alvium FP3,Available,Area scan,Mono or Color,Visible,300 nm to 1100 nm,"2,064 × 1,544 (3.20 MP)",Sony IMX265,,Global Shutter,9 mm ø (Type 1/1.8),3.45 µm × 3.45 µm,,"GREY, RAW10, RAW12, RAW8, Y10, Y12",Mainly depends on hardware and register settings.,2 programmable GPIOs,,5 VDC over MIPI CSI-2,Value for the integrated serializer adds to CSI-2 model value.,-20 °C to 65 °C (housing),41 × 29 × 29,"C-Mount, CS-Mount, S-Mount",70 g,256 KByte,1024 KByte,"FPD-Link III, based on MIPI CSI-2, up to 4 lanes","UYVY, YCbCr411_8_CbYYCrYY, YCbCr422_8_CbYCrY, YCbCr8_CbYCr, YUV422 8-bit","BGR8, RGB3, RGB8 (default), RGB888 (default)","BayerGR10, BayerGR10p, BayerGR12, BayerGR12p, BayerGR8",64 %,,,26 µs to 10 s,0.0 dB to 48.0 dB,"Coax, STP",,,,,,,,,,,,,,,,,,,,
Allied Vision,alvium-fp3,Alvium FP3-320 VSWIR,Alvium FP3,Prototype/engineering sample,Area scan,,"SWIR, Visible SWIR",400 nm to 1700 nm,"2,080 × 1,544 (3.20 MP)",Sony IMX993 | InGaAs,InGaAs,Global Shutter,9 mm ø (Type 1/1.8),3.45 µm × 3.45 µm,,"GREY, RAW10, RAW12, RAW8, Y10, Y12",Mainly depends on hardware and register settings.,2 programmable GPIOs,,5 VDC over MIPI CSI-2,Value for the integrated serializer adds to CSI-2 model value.,-20 °C to 65 °C (housing),41 × 29 × 29,"C-Mount, CS-Mount",70 g,256 KByte,1024 KByte,"FPD-Link III, based on MIPI CSI-2, up to 4 lanes",,,,,,,33 µs to 10 s,0.0 dB to 42.0 dB,"Coax, STP",,,,,,,,,,,,,,,,,,,,
Allied Vision,alvium-fp3,Alvium FP3-500,Alvium FP3,Available,Area scan,Mono or Color,Visible,300 nm to 1100 nm,"2,592 × 1,944 (5.00 MP)",ON Semi AR0521SR,,Rolling Shutter,7.13 mm ø (Type 1/2.5),2.20 µm × 2.20 µm,,"GREY, RAW10, RAW12, RAW8, Y10, Y12",Mainly depends on hardware and register settings.,2 programmable GPIOs,,5 VDC over MIPI CSI-2,Value for the integrated serializer adds to CSI-2 model value.,-20 °C to 65 °C (housing),41 × 29 × 29,"C-Mount, CS-Mount, S-Mount",70 g,256 KByte,1024 KByte,"FPD-Link III, based on MIPI CSI-2, up to 4 lanes","UYVY, YCbCr411_8_CbYYCrYY, YCbCr422_8_CbYCrY, YCbCr8_CbYCr, YUV422 8-bit","BGR8, RGB3, RGB8 (default), RGB888 (default)","BayerGR10, BayerGR10p, BayerGR12, BayerGR12p, BayerGR8",79 %,,,8 µs to 480.00 ms,0.0 dB to 24.0 dB,"Coax, STP",,,,,,,,,,,,,,,,,,,,
Allied Vision,alvium-fp3,Alvium FP3-501 NIR,Alvium FP3,Available,Area scan,Mono or Color,Visible-NIR,300 nm to 1100 nm,"2,592 × 1,944 (5.00 MP)",ON Semi AR0522,,Rolling Shutter,7.13 mm ø (Type 1/2.5),2.20 µm × 2.20 µm,,"GREY, RAW10, RAW12, RAW8, Y10, Y12",Mainly depends on hardware and register settings.,2 programmable GPIOs,,5 VDC over MIPI CSI-2,Value for the integrated serializer adds to CSI-2 model value.,-20 °C to 65 °C (housing),41 × 29 × 29,"C-Mount, CS-Mount, S-Mount",70 g,256 KByte,1024 KByte,"FPD-Link III, based on MIPI CSI-2, up to 4 lanes","UYVY, YUV422 8-bit","RGB3, RGB888 (default)",,84 %,,,8 µs to 480.00 ms,0.0 dB to 24.1 dB,"Coax, STP",,,,,,,,,,,,,,,,,,,,
Allied Vision,alvium-fp3,Alvium FP3-507,Alvium FP3,Available,Area scan,Mono or Color,Visible,300 nm to 1100 nm,"2,464 × 2,056 (5.10 MP)",Sony IMX264,,Global Shutter,12.75 mm ø (Type 2/3),3.45 µm × 3.45 µm,,"GREY, RAW10, RAW12, RAW8, Y10, Y12",Mainly depends on hardware and register settings.,2 programmable GPIOs,,5 VDC over MIPI CSI-2,Value for the integrated serializer adds to CSI-2 model value.,-20 °C to 65 °C (housing),41 × 29 × 29,"C-Mount, CS-Mount",70 g,256 KByte,1024 KByte,"FPD-Link III, based on MIPI CSI-2, up to 4 lanes","UYVY, YCbCr411_8_CbYYCrYY, YCbCr422_8_CbYCrY, YCbCr8_CbYCr, YUV422 8-bit","BGR8, RGB3, RGB8 (default), RGB888 (default)","BayerGR10, BayerGR10p, BayerGR12, BayerGR12p, BayerGR8",64 %,,,28 µs to 10 s,0.0 dB to 48.0 dB,"Coax, STP",,,,,,,,,,,,,,,,,,,,
Allied Vision,alvium-fp3,Alvium FP3-507 Pol,Alvium FP3,Available,Area scan,Mono or Color,Visible,300 nm to 1100 nm,"2,464 × 2,056 (5.10 MP)",Sony IMX264 Polarizer,,Global Shutter,12.75 mm ø (Type 2/3),3.45 µm × 3.45 µm,,"GREY, RAW10, RAW12, RAW8, Y10, Y12",Mainly depends on hardware and register settings.,2 programmable GPIOs,,5 VDC over MIPI CSI-2,Value for the integrated serializer adds to CSI-2 model value.,-20 °C to 65 °C (housing),41 × 29 × 29,"C-Mount, CS-Mount",70 g,256 KByte,1024 KByte,"FPD-Link III, based on MIPI CSI-2, up to 4 lanes",,,"BayerGR10, BayerGR10p, BayerGR12, BayerGR12p, BayerGR8",,,,28 µs to 10 s,0.0 dB to 48.0 dB,"Coax, STP",,,,,,,,,,,,,,,,,,,,
Allied Vision,alvium-fp3,Alvium FP3-508,Alvium FP3,Available,Area scan,Mono or Color,Visible,300 nm to 1100 nm,"2,464 × 2,056 (5.10 MP)",Sony IMX250,,Global Shutter,12.75 mm ø (Type 2/3),3.45 µm × 3.45 µm,,"GREY, RAW10, RAW12, RAW8, Y10, Y12",Mainly depends on hardware and register settings.,2 programmable GPIOs,,5 VDC over MIPI CSI-2,Value for the integrated serializer adds to CSI-2 model value.,-20 °C to 65 °C (housing),41 × 29 × 29,"C-Mount, CS-Mount",70 g,256 KByte,1024 KByte,"FPD-Link III, based on MIPI CSI-2, up to 4 lanes","UYVY, YCbCr411_8_CbYYCrYY, YCbCr422_8_CbYCrY, YCbCr8_CbYCr, YUV422 8-bit","BGR8, RGB3, RGB8 (default), RGB888 (default)","BayerGR10, BayerGR10p, BayerGR12, BayerGR12p, BayerGR8",64 %,,,19 µs to 10 s,0.0 dB to 48.0 dB,"Coax, STP",,,,,,,,,,,,,,,,,,,,
Allied Vision,alvium-fp3,Alvium FP3-508 Pol,Alvium FP3,Available,Area scan,Mono or Color,Visible,300 nm to 1100 nm,"2,464 × 2,056 (5.10 MP)",Sony IMX250 Polarizer,,Global Shutter,12.75 mm ø (Type 2/3),3.45 µm × 3.45 µm,,"GREY, RAW10, RAW12, RAW8, Y10, Y12",Mainly depends on hardware and register settings.,2 programmable GPIOs,,5 VDC over MIPI CSI-2,Value for the integrated serializer adds to CSI-2 model value.,-20 °C to 65 °C (housing),41 × 29 × 29,"C-Mount, CS-Mount",70 g,256 KByte,1024 KByte,"FPD-Link III, based on MIPI CSI-2, up to 4 lanes",,,"BayerGR10, BayerGR10p, BayerGR12, BayerGR12p, BayerGR8",,,,19 µs to 10 s,0.0 dB to 48.0 dB,"Coax, STP",,,,,,,,,,,,,,,,,,,,
Allied Vision,alvium-fp3,Alvium FP3-510,Alvium FP3,Available,Area scan,Mono or Color,Visible,300 nm to 1100 nm,"2,464 × 2,064 (5.10 MP)",Sony IMX548,,Global Shutter,9 mm ø (Type 1/1.8),2.74 µm × 2.74 µm,,"GREY, RAW10, RAW12, RAW8, Y10, Y12",Mainly depends on hardware and register settings.,2 programmable GPIOs,,5 VDC over MIPI CSI-2,Value for the integrated serializer adds to CSI-2 model value.,-20 °C to 65 °C (housing),41 × 29 × 29,"C-Mount, CS-Mount, S-Mount",70 g,256 KByte,1024 KByte,"FPD-Link III, based on MIPI CSI-2, up to 4 lanes","UYVY, YCbCr411_8_CbYYCrYY, YCbCr422_8_CbYCrY, YCbCr8_CbYCr, YUV422 8-bit","BGR8, RGB3, RGB8 (default), RGB888 (default)","BayerGR10, BayerGR10p, BayerGR12, BayerGR12p, BayerGR8",68 %,,,8 µs to 10 s,0.0 dB to 48.0 dB,"Coax, STP",,,,,,,,,,,,,,,,,,,,
Allied Vision,alvium-fp3,Alvium FP3-511,Alvium FP3,Available,Area scan,Mono or Color,Visible,300 nm to 1100 nm,"2,464 × 2,064 (5.10 MP)",Sony IMX547,,Global Shutter,9 mm ø (Type 1/1.8),2.74 µm × 2.74 µm,,"GREY, RAW10, RAW12, RAW8, Y10, Y12",Mainly depends on hardware and register settings.,2 programmable GPIOs,,5 VDC over MIPI CSI-2,Value for the integrated serializer adds to CSI-2 model value.,-20 °C to 65 °C (housing),41 × 29 × 29,"C-Mount, CS-Mount, S-Mount",70 g,256 KByte,1024 KByte,"FPD-Link III, based on MIPI CSI-2, up to 4 lanes","UYVY, YCbCr411_8_CbYYCrYY, YCbCr422_8_CbYCrY, YCbCr8_CbYCr, YUV422 8-bit","BGR8, RGB3, RGB8 (default), RGB888 (default)","BayerGR10, BayerGR10p, BayerGR12, BayerGR12p, BayerGR8",68 %,,,8 µs to 10 s,0.0 dB to 48.0 dB,"Coax, STP",,,,,,,,,,,,,,,,,,,,
Allied Vision,alvium-fp3,Alvium FP3-530 VSWIR,Alvium FP3,Prototype/engineering sample,Area scan,,"SWIR, Visible SWIR",400 nm to 1700 nm,"2,592 × 2,056 (5.30 MP)",Sony IMX992 | InGaAs,InGaAs,Global Shutter,11.4 mm ø (Type 1/1.4),3.45 µm × 3.45 µm,,"GREY, RAW10, RAW12, RAW8, Y10, Y12",Mainly depends on hardware and register settings.,2 programmable GPIOs,,5 VDC over MIPI CSI-2,Value for the integrated serializer adds to CSI-2 model value.,-20 °C to 65 °C (housing),41 × 29 × 29,"C-Mount, CS-Mount",70 g,256 KByte,1024 KByte,"FPD-Link III, based on MIPI CSI-2, up to 4 lanes",,,"BayerGR10, BayerGR10p, BayerGR12, BayerGR12p, BayerGR8",,,,36 µs to 10 s,0.0 dB to 42.0 dB,"Coax, STP",,,,,,,,,,,,,,,,,,,,
Allied Vision,alvium-fp3,Alvium FP3-811,Alvium FP3,Available,Area scan,Mono or Color,Visible,300 nm to 1100 nm,"2,848 × 2,848 (8.10 MP)",Sony IMX546,,Global Shutter,12.75 mm ø (Type 2/3),2.74 µm × 2.74 µm,,"GREY, RAW10, RAW12, RAW8, Y10, Y12",Mainly depends on hardware and register settings.,2 programmable GPIOs,,5 VDC over MIPI CSI-2,Value for the integrated serializer adds to CSI-2 model value.,-20 °C to 65 °C (housing),41 × 29 × 29,"C-Mount, CS-Mount",40 g,256 KByte,1024 KByte,"FPD-Link III, based on MIPI CSI-2, up to 4 lanes","UYVY, YCbCr411_8_CbYYCrYY, YCbCr422_8_CbYCrY, YCbCr8_CbYCr, YUV422 8-bit","BGR8, RGB3, RGB8 (default), RGB888 (default)","BayerGR10, BayerGR10p, BayerGR12, BayerGR12p, BayerGR8",68 %,,,8 µs to 10 s,0.0 dB to 48.0 dB,"Coax, STP",,,,,,,,,,,,,,,,,,,,
Allied Vision,alvium-fp3,Alvium FP3-812 UV,Alvium FP3,Available,Area scan,,UV,200 nm to 1000 nm,"2,848 × 2,848 (8.10 MP)",Sony IMX487,,Global Shutter,12.75 mm ø (Type 2/3),2.74 µm × 2.74 µm,,"GREY, RAW10, RAW12, RAW8, Y10, Y12",Mainly depends on hardware and register settings.,2 programmable GPIOs,,5 VDC over MIPI CSI-2,Value for the integrated serializer adds to CSI-2 model value.,-20 °C to 65 °C (housing),41 × 29 × 29,"C-Mount, CS-Mount",70 g,256 KByte,1024 KByte,"FPD-Link III, based on MIPI CSI-2, up to 4 lanes",,,,,,,8 µs to 10 s,0.0 dB to 48.0 dB,"Coax, STP",,,,,,,,,,,,,,,,,,,,
Allied Vision,alvium-fp3,Alvium FP3-895,Alvium FP3,Available,Area scan,Mono or Color,Visible,300 nm to 1100 nm,"4,112 × 2,176 (8.90 MP)",Sony IMX267,,Global Shutter,16.3 mm ø (Type 1),3.45 µm × 3.45 µm,,"GREY, RAW10, RAW12, RAW8, Y10, Y12",Mainly depends on hardware and register settings.,2 programmable GPIOs,,5 VDC over MIPI CSI-2,Value for the integrated serializer adds to CSI-2 model value.,-20 °C to 65 °C (housing),41 × 29 × 29,"C-Mount, CS-Mount",70 g,256 KByte,1024 KByte,"FPD-Link III, based on MIPI CSI-2, up to 4 lanes","UYVY, YCbCr411_8_CbYYCrYY, YCbCr422_8_CbYCrY, YCbCr8_CbYCr, YUV422 8-bit","BGR8, RGB3, RGB8 (default), RGB888 (default)","BayerGR10, BayerGR10p, BayerGR12, BayerGR12p, BayerGR8",,,,29 µs to 10 s,0.0 dB to 48.0 dB,"Coax, STP",,,,,,,,,,,,,,,,,,,,
Allied Vision,goldeye-pro,Goldeye Pro G5-130 VSWIR TEC1,Goldeye Pro,Available,Area scan,,"SWIR, Visible SWIR",400 nm to 1700 nm,"1,296 × 1,032 (1.30 MP)",Sony IMX990 | InGaAs,InGaAs,Global Shutter,8.15 mm ø (Type 1/2),5.00 µm × 5.00 µm,,Mono12 (default),125 fps,4 biderectional I/O lines,"1 input, 3 outputs",12 VDC to 24 VDC (±10%) or via PoE,Max: 10 W (12 to 24 VDC); 11 W (PoE),55 °C (max) (housing),78 × 55 × 55,,350 g,256 MByte,4 KByte,"IEEE 802.3: 5GBASE-T or 2.5GBASE-T (NBASE-T) and 1000BASE-T, IEEE 802.3af Power Class 0 PoE",,,,,,,,,,,,,,,,,,,,,,,,,,,,,
Allied Vision,goldeye-pro,Goldeye Pro G5-320 VSWIR TEC1,Goldeye Pro,Available,Area scan,Mono,"SWIR, Visible SWIR",400 nm to 1700 nm,"2,080 × 1,544 (3.20 MP)",Sony IMX993 | InGaAs,InGaAs,Global Shutter,9 mm ø (Type 1/1.8),3.45 µm × 3.45 µm,10-bit; 12-bit,"Mono8, Mono10, Mono10p, Mono10Packed, Mono12 (default), Mono12p, Mono12Packed, Mono14, Mono16",159 fps,4 biderectional I/O lines,"1 input, 3 outputs",12 VDC to 24 VDC (±10%) or via PoE,Max: 11 W (12 to 24 VDC); 12.9 W (PoE),55 °C (max) (housing),78 × 55 × 55,,350 g,256 MByte,4 KByte,"IEEE 802.3: 5GBASE-T or 2.5GBASE-T (NBASE-T) and 1000BASE-T, IEEE 802.3af Power Class 0 PoE",,,,,,,,,,,,,,,,,,,,,,,,,,,,,
Allied Vision,goldeye-pro,Goldeye Pro G5-530 VSWIR TEC1,Goldeye Pro,Available,Area scan,Mono,"SWIR, Visible SWIR",400 nm to 1700 nm,"2,592 × 2,056 (5.30 MP)",Sony IMX992 | InGaAs,InGaAs,Global Shutter,11.4 mm ø (Type 1/1.4),3.45 µm × 3.45 µm,10-bit; 12-bit,"Mono8, Mono10, Mono10p, Mono10Packed, Mono12 (default), Mono12p, Mono12Packed, Mono14, Mono16",115 fps,4 biderectional I/O lines,"1 input, 3 outputs",12 VDC to 24 VDC (±10%) or via PoE,Max: 11 W (12 to 24 VDC); 12.9 W (PoE),-20 °C to 55 °C (housing),78 × 55 × 55,,350 g,256 MByte,4 KByte,"IEEE 802.3: 5GBASE-T or 2.5GBASE-T (NBASE-T) and 1000BASE-T, IEEE 802.3af Power Class 0 PoE",,,,,,,,,,,,,,,,,,,,,,,,,,,,,
Allied Vision,goldeye-cl,Goldeye CL-008 SWIR Cool TEC1,Goldeye CL,Available,Area scan,Mono,SWIR,900 nm to 1700 nm,320 × 256 (0.10 MP),FPA 320 × 256 | 30 µm | InGaAs,InGaAs,,12.3 mm ø (12.3mm (diagonal)),30.00 µm × 30.00 µm,8-bit to 14-bit,"Tap geometry 1X 1Y: Mono8, Mono10, Mono12, Mono14, Mono16, Tap geometry 1X2 1Y: Mono8",344 fps,"LVTTL I/Os: 1 input, 1 output","1 input, 2 outputs",10.8 V to 30.0 V,10.5 W (at 12 VDC),-20 °C to 55 °C (housing),90 × 80 × 80,,760 g,256 MByte,,Camera Link Base,,,,,,,,,,"115 200 Baud, 8N1 (adjustable)",,,,,,,,,,,,,,,,,,,
Allied Vision,goldeye-cl,Goldeye CL-008 SWIR TEC1,Goldeye CL,Available,Area scan,Mono,SWIR,900 nm to 1700 nm,320 × 256 (0.10 MP),FPA 320 × 256 | 30 µm | InGaAs,InGaAs,,12.3 mm ø (12.3mm (diagonal)),30.00 µm × 30.00 µm,8-bit to 14-bit,"Tap geometry 1X 1Y: Mono8, Mono10, Mono12, Mono14, Mono16, Tap geometry 1X2 1Y: Mono8",344 fps,"LVTTL I/Os: 1 input, 1 output","1 input, 2 outputs",10.8 V to 30.0 V,10.5 W (at 12 VDC),-20 °C to 55 °C (housing),78 × 55 × 55,,320 g,256 MByte,,Camera Link Base,,,,,,,,,,"115 200 Baud, 8N1 (adjustable)",,,,,,,,,,,,,,,,,,,
Allied Vision,goldeye-cl,Goldeye CL-008 XSWIR 1.9 TEC2,Goldeye CL,Prototype/engineering sample,Area scan,Mono,"eXtended SWIR, SWIR",1100 nm to 1900 nm,320 × 256 (0.10 MP),FPA 320 × 256 | 30 µm | Extended Range InGaAs,InGaAs,,12.3 mm ø (12.3mm (diagonal)),30.00 µm × 30.00 µm,8-bit to 14-bit,"Tap geometry 1X 1Y: Mono8, Mono10, Mono12, Mono14, Mono16, Tap geometry 1X2 1Y: Mono8",344 fps,"LVTTL I/Os: 1 input, 1 output","1 input, 2 outputs",10.8 V to 30.0 V,20 W (at 12 VDC),-20 °C to 55 °C (housing),90 × 80 × 80,,730 g,256 MByte,,Camera Link Base,,,,,,,,,,"115 200 Baud, 8N1 (adjustable)",,,,,,,,,,,,,,,,,,,
Allied Vision,goldeye-cl,Goldeye CL-008 XSWIR 2.2 TEC2,Goldeye CL,Prototype/engineering sample,Area scan,Mono,"eXtended SWIR, SWIR",1200 nm to 2200 nm,320 × 256 (0.10 MP),FPA 320 × 256 | 30 µm | Extended Range InGaAs,InGaAs,,12.3 mm ø (12.3mm (diagonal)),30.00 µm × 30.00 µm,8-bit to 14-bit,"Tap geometry 1X 1Y: Mono8, Mono10, Mono12, Mono14, Mono16, Tap geometry 1X2 1Y: Mono8",344 fps,"LVTTL I/Os: 1 input, 1 output","1 input, 2 outputs",10.8 V to 30.0 V,20 W (at 12 VDC),-20 °C to 55 °C (housing),90 × 80 × 80,,730 g,256 MByte,,Camera Link Base,,,,,,,,,,"115 200 Baud, 8N1 (adjustable)",,,,,,,,,,,,,,,,,,,
Allied Vision,goldeye-cl,Goldeye CL-030 VSWIR TEC1,Goldeye CL,Available,Area scan,Mono,"SWIR, Visible SWIR",400 nm to 1700 nm,656 × 520 (0.30 MP),Sony IMX991 | InGaAs,InGaAs,Global Shutter,4.61 mm ø (Type 1/4),5.00 µm × 5.00 µm,8-bit to 12-bit,"Tap Geometry 1X 1Y: Mono8, Mono12, Tap Geometry 1X2 1Y: Mono8",234 fps,"1 input, 1 output","1 input, 2 outputs",10.8 V to 30.0 V,Maximum: 11.8 W (at 12 VDC),-20 °C to 55 °C (housing),78 × 55 × 55,,330 g,256 MByte,,Camera Link Base,,,,,,,,,,"115 200 Baud, 8N1 (adjustable)",,,,,,,,,,,,,,,,,,,
Allied Vision,goldeye-cl,Goldeye CL-032 SWIR Cool TEC2,Goldeye CL,Available,Area scan,Mono,SWIR,900 nm to 1700 nm,636 × 508 (0.30 MP),FPA 636 × 508 | 25 µm | InGaAs,InGaAs,,20.3 mm ø (20.3 mm (diagonal)),25.00 µm × 25.00 µm,8-bit to 14-bit,"Tap Geometry 1X 1Y: Mono8, Mono12, Mono14, Tap Geometry 1X2 1Y: Mono8",100 fps,"LVTTL I/Os: 1 Input, 1 Output","1 Input, 2 Outputs",10.8 V to 30.0 V,19 W (at 12 VDC),-20 °C to 55 °C (housing),90 × 80 × 80,,780 g,256 MByte,,Camera Link Base,,,,,,,,,,"115 200 Baud, 8N1 (adjustable)",,,,,,,,,,,,,,,,,,,
Allied Vision,goldeye-cl,Goldeye CL-032 SWIR TEC1,Goldeye CL,Available,Area scan,Mono,SWIR,900 nm to 1700 nm,636 × 508 (0.30 MP),FPA 636 × 508 | 25 µm | InGaAs,InGaAs,,20.3 mm ø (20.3 mm (diagonal)),25.00 µm × 25.00 µm,8-bit to 14-bit,"Tap Geometry 1X 1Y: Mono8, Mono12, Mono14, Tap Geometry 1X2 1Y: Mono8",100 fps,"LVTTL I/Os: 1 input, 1 output","1 input, 2 outputs",10.8 V to 30.0 V,10 W at 12 VDC,-20 °C to 55 °C (housing),78 × 55 × 55,,340 g,256 MByte,,Camera Link Base,,,,,,,,,,"115 200 Baud, 8N1 (adjustable)",,,,,,,,,,,,,,,,,,,
Allied Vision,goldeye-cl,Goldeye CL-033 SWIR TEC1,Goldeye CL,Available,Area scan,Mono,SWIR,900 nm to 1700 nm,640 × 512 (0.30 MP),FPA 640 × 512 | 15 µm | InGaAs,InGaAs,,12.3 mm ø (12.3mm (diagonal)),15.00 µm × 15.00 µm,8-bit to 14-bit,"Tap Geometry 1X 1Y: Mono8, Mono12, Mono14; Tap Geometry 1X2 1Y: Mono8",301 fps,"LVTTL I/Os: 1 input, 1 output","1 input, 2 outputs",10.8 V to 30.0 V,11.8 W at 12 VDC,-20 °C to 55 °C (housing),78 × 55 × 55,,350 g,256 MByte,,Camera Link Base,,,,,,,,,,"115 200 Baud, 8N1 (adjustable)",,,,,,,,,,,,,,,,,,,
Allied Vision,goldeye-cl,Goldeye CL-033 SWIR TECless,Goldeye CL,Available,Area scan,Mono,SWIR,900 nm to 1700 nm,640 × 512 (0.30 MP),FPA 640 × 512 | 15 µm | InGaAs,InGaAs,,12.3 mm ø (12.3mm (diagonal)),15.00 µm × 15.00 µm,8-bit to 14-bit,"Tap Geometry 1X 1Y: Mono8, Mono12, Mono14, Tap Geometry 1X2 1Y: Mono8",301 fps,"LVTTL I/Os: 1 input, 1 output","1 Input, 2 Outputs",10.8 V DC to 30.0 V,6.0 W (at 12 VDC),-20 °C to 55 °C (Case),78 × 55 × 55,,320 g,256 MByte,,Camera Link Base,,,,,,,,,,"115 200 Baud, 8N1 (adjustable)",,,,,,,,,,,,,,,,,,,
Allied Vision,goldeye-cl,Goldeye CL-034 SWIR TEC1,Goldeye CL,Available,Area scan,Mono,SWIR,900 nm to 1700 nm,636 × 508 (0.30 MP),FPA 636 × 508 | 15 µm | InGaAs,InGaAs,,12.2 mm ø (12.2 mm (diagonal)),15.00 µm × 15.00 µm,8-bit to 14-bit,"Tap geometry 1X 1Y: Mono8, Mono10, Mono12, Mono14, Mono16, Tap geometry 1X2 1Y: Mono8",303 fps,"LVTTL I/Os: 1 input, 1 output","1 input, 2 outputs",10.8 V to 30.0 V,11.8 W at 12 VDC,-20 °C to 55 °C (housing),78 × 55 × 55,,350 g,256 MByte,,Camera Link Base,,,,,,,,,,"115 200 Baud, 8N1 (adjustable)",,,,,,,,,,,,,,,,,,,
Allied Vision,goldeye-cl,Goldeye CL-034 SWIR TEC2,Goldeye CL,Prototype/engineering sample,Area scan,Mono,SWIR,900 nm to 1700 nm,636 × 508 (0.30 MP),FPA 636 × 508 | 15 µm | InGaAs,InGaAs,,12.2 mm ø (12.2 mm (diagonal)),15.00 µm × 15.00 µm,8-bit to 16-bit,"Tap Geometry 1X 1Y: Mono8, Mono10, Mono12, Mono14, Mono16, Tap Geometry 1X2 1Y: Mono8",303 fps,"LVTTL I/Os: 1 input, 1 output","1 input, 2 outputs",10.8 V to 30.0 V,21 W at 12 VDC,-20 °C to 55 °C (housing),90 × 80 × 80,,740 g,256 MByte,,Camera Link Base,,,,,,,,,,"115 200 Baud, 8N1 (adjustable)",,,,,,,,,,,,,,,,,,,
Allied Vision,goldeye-cl,Goldeye CL-034 XSWIR 1.9 TEC2,Goldeye CL,Available,Area scan,Mono,"eXtended SWIR, SWIR",1100 nm to 1900 nm,636 × 508 (0.30 MP),FPA 636 × 508 | 15 µm | Extended Range InGaAs,InGaAs,,12.2 mm ø (12.2 mm (diagonal)),15.00 µm × 15.00 µm,8-bit to 14-bit,"Tap geometry 1X 1Y: Mono8, Mono10, Mono12, Mono14, Mono16, Tap geometry 1X2 1Y: Mono8",303 fps,"LVTTL I/Os: 1 input, 1 output","1 input, 2 outputs",10.8 V to 30.0 V,21 W at 12 VDC,-20 °C to 55 °C (housing),90 × 80 × 80,,740 g,256 MByte,,Camera Link Base,,,,,,,,,,"115 200 Baud, 8N1 (adjustable)",,,,,,,,,,,,,,,,,,,
Allied Vision,goldeye-cl,Goldeye CL-034 XSWIR 2.2 TEC2,Goldeye CL,Available,Area scan,Mono,"eXtended SWIR, SWIR",1200 nm to 2200 nm,636 × 508 (0.30 MP),FPA 636 × 508 | 15 µm | Extended Range InGaAs,InGaAs,,12.2 mm ø (12.2 mm (diagonal)),15.00 µm × 15.00 µm,8-bit to 14-bit,"Tap geometry 1X 1Y: Mono8, Mono10, Mono12, Mono14, Mono16, Tap geometry 1X2 1Y: Mono8",303 fps,"LVTTL I/Os: 1 input, 1 output","1 input, 2 outputs",10.8 V to 30.0 V,21 W at 12 VDC,-20 °C to 55 °C (housing),90 × 80 × 80,,740 g,256 MByte,,Camera Link Base,,,,,,,,,,"115 200 Baud, 8N1 (adjustable)",,,,,,,,,,,,,,,,,,,
Allied Vision,goldeye-cl,Goldeye CL-130 VSWIR TEC1,Goldeye CL,Available,Area scan,Mono,"SWIR, Visible SWIR",400 nm to 1700 nm,"1,280 × 1,024 (1.30 MP)",Sony IMX990 | InGaAs,InGaAs,Global Shutter,8.15 mm ø (Type 1/2),5.00 µm × 5.00 µm,8-bit to 12-bit,"Tap Geometry 1X 1Y: Mono8, Mono12, Tap Geometry 1X2 1Y: Mono8",94 fps,"1 input, 1 output","1 input, 2 outputs",10.8 V to 30.0 V,Maximum: 11.8 W (at 12 VDC),-20 °C to 55 °C (housing),78 × 55 × 55,,330 g,256 MByte,,Camera Link Base,,,,,,,,,,"115 200 Baud, 8N1 (adjustable)",,,,,,,,,,,,,,,,,,,
Allied Vision,goldeye,Goldeye G-008 SWIR Cool TEC1,Goldeye G,Available,Area scan,Mono,SWIR,900 nm to 1700 nm,320 × 256 (0.10 MP),FPA 320 × 256 | 30 µm | InGaAs,InGaAs,,12.3 mm ø (12.3mm (diagonal)),30.00 µm × 30.00 µm,8-bit to 14-bit,"Mono8, Mono10, Mono10p, Mono10Packed, Mono12, Mono12p, Mono12Packed, Mono14, Mono16",344 fps,"LVTTL I/Os: 1 Input, 1 Output","1 Input, 2 Outputs",10.8 V to 30.0 V or via PoE,"10.7 W (at 12 VDC), <12.95 W (PoE)",-20 °C to 55 °C (housing),90 × 80 × 80,,790 g,256 MByte,262 MByte,"IEEE 802.3 1000BASE-T, IEEE 802.3af (PoE)",,,,,,,,,,"115 000 Baud, 8N1 (adjustable)",,,,,,,,,,,,,,,,,,,
Allied Vision,goldeye,Goldeye G-008 SWIR TEC1,Goldeye G,Available,Area scan,Mono,SWIR,900 nm to 1700 nm,320 × 256 (0.10 MP),FPA 320 × 256 | 30 µm | InGaAs,InGaAs,,12.3 mm ø (12.3mm (diagonal)),30.00 µm × 30.00 µm,8-bit to 14-bit,"Mono8, Mono10, Mono10p, Mono10Packed, Mono12, Mono12p, Mono12Packed, Mono14, Mono16",344 fps,"LVTTL I/Os: 1 Input, 1 Output","1 Input, 2 Outputs",10.8 V to 30.0 V or via PoE,"10.8 W (at 12 VDC), <12.95 W (PoE)",-20 °C to 55 °C (housing),78 × 55 × 55,,340 g,256 MByte,262 MByte,"IEEE 802.3 1000BASE-T, IEEE 802.3af (PoE)",,,,,,,,,,"115 000 Baud, 8N1 (adjustable)",,,,,,,,,,,,,,,,,,,
Allied Vision,goldeye,Goldeye G-008 XSWIR 1.9 TEC2,Goldeye G,Available,Area scan,Mono,"eXtended SWIR, SWIR",1100 nm to 1900 nm,320 × 256 (0.10 MP),FPA 320 × 256 | 30 µm | Extended Range InGaAs,InGaAs,,12.3 mm ø (12.3mm (diagonal)),30.00 µm × 30.00 µm,8-bit to 14-bit,"Mono8, Mono10, Mono10p, Mono10Packed, Mono12, Mono12p, Mono12Packed, Mono14, Mono16",344 fps,"LVTTL I/Os: 1 Input, 1 Output","1 Input, 2 Outputs",10.8 V to 30.0 V or via PoE,"20 W (at 12 VDC), <21 W (PoE)",-20 °C to 55 °C (housing),90 × 80 × 80,,740 g,256 MByte,262 MByte,"IEEE 802.3 1000BASE-T, IEEE 802.3af (PoE)",,,,,,,,,,"115 000 Baud, 8N1 (adjustable)",,,,,,,,,,,,,,,,,,,
Allied Vision,goldeye,Goldeye G-008 XSWIR 2.2 TEC2,Goldeye G,Available,Area scan,Mono,"eXtended SWIR, SWIR",1200 nm to 2200 nm,320 × 256 (0.10 MP),FPA 320 × 256 | 30 µm | Extended Range InGaAs,InGaAs,,12.3 mm ø (12.3mm (diagonal)),30.00 µm × 30.00 µm,8-bit to 14-bit,"Mono8, Mono10, Mono10p, Mono10Packed, Mono12, Mono12p, Mono12Packed, Mono14, Mono16",344 fps,"LVTTL I/Os: 1 Input, 1 Output","1 Input, 2 Outputs",10.8 V to 30.0 V or via PoE,"20 W (at 12 VDC), <21 W (PoE)",-20 °C to 55 °C (housing),90 × 80 × 80,,740 g,256 MByte,262 MByte,"IEEE 802.3 1000BASE-T, IEEE 802.3af (PoE)",,,,,,,,,,"115 000 Baud, 8N1 (adjustable)",,,,,,,,,,,,,,,,,,,
Allied Vision,goldeye,Goldeye G-030 VSWIR TEC1,Goldeye G,Available,Area scan,Mono,"SWIR, Visible SWIR",400 nm to 1700 nm,656 × 520 (0.30 MP),Sony IMX991 | InGaAs,InGaAs,Global Shutter,4.61 mm ø (Type 1/4),5.00 µm × 5.00 µm,8-bit to 12-bit,"Mono8, Mono12, Mono12Packed",234 fps,"1 input, 1 output","1 input, 2 outputs",10.8 V DC to 30.0 V or via PoE,"Maximum: 10.8 W (at 12 VDC), <12.95 W (PoE)",-20 °C to 55 °C (housing),78 × 55 × 55,,340 g,256 MByte,262 MByte,"IEEE 802.3 1000BASE-T, IEEE 802.3af (PoE)",,,,,,,,,,"115 200 Baud, 8N1 (adjustable)",,,,,,,,,,,,,,,,,,,
Allied Vision,goldeye,Goldeye G-032 SWIR Cool TEC2,Goldeye G,Available,Area scan,Mono,SWIR,900 nm to 1700 nm,636 × 508 (0.30 MP),FPA 636 × 508 | 25 µm | InGaAs,InGaAs,,20.3 mm ø (20.3 mm (diagonal)),25.00 µm × 25.00 µm,8-bit to 14-bit,"Mono8, Mono12, Mono12Packed, Mono14",100 fps,"LVTTL I/Os: 1 Input, 1 Output","1 Input, 2 Outputs",10.8 V to 30.0 V or via PoE+,"19 W (at 12 VDC), 22 W (PoE+)",-20 °C to 55 °C (housing),90 × 80 × 80,,810 g,256 MByte,262 MByte,"IEEE 802.3 1000BASE-T, IEEE 802.3at (PoE+)",,,,,,,,,,"115 200 Baud, 8N1 (adjustable)",,,,,,,,,,,,,,,,,,,
Allied Vision,goldeye,Goldeye G-032 SWIR TEC1,Goldeye G,Available,Area scan,Mono,SWIR,900 nm to 1700 nm,636 × 508 (0.30 MP),FPA 636 × 508 | 25 µm | InGaAs,InGaAs,,20.3 mm ø (20.3 mm (diagonal)),25.00 µm × 25.00 µm,8-bit to 14-bit,"Mono8, Mono12, Mono12Packed, Mono14",100 fps,"LVTTL I/Os: 1 Input, 1 Output","1 Input, 2 Outputs",10.8 V to 30.0 V or via PoE,10.8 W at 12 VDC; <12.95 W PoE,-20 °C to 55 °C (housing),78 × 55 × 55,,370 g,256 MByte,262 MByte,"IEEE 802.3 1000BASE-T, IEEE 802.3af (PoE)",,,,,,,,,,"115 200 Baud, 8N1 (adjustable)",,,,,,,,,,,,,,,,,,,
Allied Vision,goldeye,Goldeye G-033 SWIR TEC1,Goldeye G,Available,Area scan,Mono,SWIR,900 nm to 1700 nm,640 × 512 (0.30 MP),FPA 640 × 512 | 15 µm | InGaAs,InGaAs,,12.3 mm ø (12.3mm (diagonal)),15.00 µm × 15.00 µm,8-bit to 14-bit,"Mono8, Mono12, Mono12Packed, Mono14",301 fps,"LVTTL I/Os: 1 input, 1 output","1 Input, 2 Outputs",10.8 V DC to 30.0 V or via PoE,"10.8 W (at 12 VDC), <12.95 W (PoE)",-20 °C to 55 °C (housing),78 × 55 × 55,,370 g,256 MByte,,"IEEE 802.3 1000BASE-T, IEEE 802.3af (PoE)",,,,,,,,,,"115 200 Baud, 8N1 (adjustable)",,,,,,,,,,,,,,,,,,,
Allied Vision,goldeye,Goldeye G-033 SWIR TECless,Goldeye G,Available,Area scan,Mono,SWIR,900 nm to 1700 nm,640 × 512 (0.30 MP),FPA 640 × 512 | 15 µm | InGaAs,InGaAs,,12.3 mm ø (12.3mm (diagonal)),15.00 µm × 15.00 µm,8-bit to 14-bit,"Mono8, Mono12, Mono12Packed, Mono14",301 fps,"LVTTL I/Os: 1 input, 1 output","1 Input, 2 Outputs",10.8 V DC to 30.0 V or via PoE,"6.0 W (at 12 VDC), <7.5 W (PoE)",-20 °C to 55 °C (housing),78 × 55 × 55,,370 g,256 MByte,262 MByte,"IEEE 802.3 1000BASE-T, IEEE 802.3af (PoE)",,,,,,,,,,"115 200 Baud, 8N1 (adjustable)",,,,,,,,,,,,,,,,,,,
Allied Vision,goldeye,Goldeye G-034 SWIR TEC1,Goldeye G,Available,Area scan,Mono,SWIR,900 nm to 1700 nm,636 × 508 (0.30 MP),FPA 636 × 508 | 15 µm | InGaAs,InGaAs,,12.2 mm ø (12.2 mm (diagonal)),15.00 µm × 15.00 µm,8-bit to 14-bit,"Mono8, Mono10, Mono10p, Mono10Packed, Mono12, Mono12p, Mono12Packed, Mono14, Mono16",303 fps,"LVTTL I/Os: 1 input, 1 output","1 Input, 2 Outputs",10.8 V DC to 30.0 V or via PoE,"10.8 W (at 12 VDC), <12.95 W (PoE)",-20 °C to 55 °C (housing),78 × 55 × 55,,370 g,256 MByte,262 MByte,"IEEE 802.3 1000BASE-T, IEEE 802.3af (PoE)",,,,,,,,,,"115 200 Baud, 8N1 (adjustable)",,,,,,,,,,,,,,,,,,,
Allied Vision,goldeye,Goldeye G-034 SWIR TEC2,Goldeye G,Prototype/engineering sample,Area scan,Mono,SWIR,900 nm to 1700 nm,636 × 508 (0.30 MP),FPA 636 × 508 | 15 µm | InGaAs,InGaAs,,12.2 mm ø (12.2 mm (diagonal)),15.00 µm × 15.00 µm,8-bit to 16-bit,"Mono8, Mono10, Mono10p, Mono10Packed, Mono12, Mono12p, Mono12Packed, Mono14, Mono16",303 fps,"LVTTL I/Os: 1 input, 1 output","1 Input, 2 Outputs",10.8 V DC to 30.0 V or via PoE,"21 W (at 12 VDC), <23 W (PoE)",-20 °C to 55 °C (housing),90 × 80 × 80,,740 g,256 MByte,262 MByte,"IEEE 802.3 1000BASE-T, IEEE 802.3af (PoE)",,,,,,,,,,"115 200 Baud, 8N1 (adjustable)",,,,,,,,,,,,,,,,,,,
Allied Vision,goldeye,Goldeye G-034 XSWIR 1.9 TEC2,Goldeye G,Available,Area scan,Mono,"eXtended SWIR, SWIR",1100 nm to 1900 nm,636 × 508 (0.30 MP),FPA 636 × 508 | 15 µm | Extended Range InGaAs,InGaAs,,12.2 mm ø (12.2 mm (diagonal)),15.00 µm × 15.00 µm,8-bit to 14-bit,"Mono8, Mono10, Mono10p, Mono10Packed, Mono12, Mono12p, Mono12Packed, Mono14, Mono16",303 fps,"LVTTL I/Os: 1 input, 1 output","1 Input, 2 Outputs",10.8 V DC to 30.0 V or via PoE,"21 W (at 12 VDC), <23 W (PoE)",-20 °C to 55 °C (housing),90 × 80 × 80,,740 g,256 MByte,262 MByte,"IEEE 802.3 1000BASE-T, IEEE 802.3af (PoE)",,,,,,,,,,"115 200 Baud, 8N1 (adjustable)",,,,,,,,,,,,,,,,,,,
Allied Vision,goldeye,Goldeye G-034 XSWIR 2.2 TEC2,Goldeye G,Available,Area scan,Mono,"eXtended SWIR, SWIR",1200 nm to 2200 nm,636 × 508 (0.30 MP),FPA 636 × 508 | 15 µm | Extended Range InGaAs,InGaAs,,12.2 mm ø (12.2 mm (diagonal)),15.00 µm × 15.00 µm,8-bit to 14-bit,"Mono8, Mono10, Mono10p, Mono10Packed, Mono12, Mono12p, Mono12Packed, Mono14, Mono16",303 fps,"LVTTL I/Os: 1 input, 1 output","1 Input, 2 Outputs",10.8 V DC to 30.0 V or via PoE,"21 W (at 12 VDC), <23 W (PoE)",-20 °C to 55 °C (housing),90 × 80 × 80,,740 g,256 MByte,262 MByte,"IEEE 802.3 1000BASE-T, IEEE 802.3af (PoE)",,,,,,,,,,"115 200 Baud, 8N1 (adjustable)",,,,,,,,,,,,,,,,,,,
Allied Vision,goldeye,Goldeye G-130 VSWIR TEC1,Goldeye G,Available,Area scan,Mono,"SWIR, Visible SWIR",400 nm to 1700 nm,"1,280 × 1,024 (1.30 MP)",Sony IMX990 | InGaAs,InGaAs,Global Shutter,8.15 mm ø (Type 1/2),5.00 µm × 5.00 µm,8-bit to 12-bit,"Mono8, Mono12, Mono12Packed",94 fps,"1 input, 1 output","1 input, 2 outputs",10.8 V DC to 30.0 V or via PoE,"Maximum: 10.8 W (at 12 VDC), <12.95 W (PoE)",-20 °C to 55 °C (housing),78 × 55 × 55,,340 g,256 MByte,262 MByte,"IEEE 802.3 1000BASE-T, IEEE 802.3af (PoE)",,,,,,,,,,"115 200 Baud, 8N1 (adjustable)",,,,,,,,,,,,,,,,,,,
Allied Vision,fxo-10gige,fxo530CXGE,FXO 10GigE,Prototype/engineering sample,Area scan,Mono,Visible,400 nm to 1000 nm,"5,328 × 4,608 (24.60 MP)",Sony IMX530,cmos,global-shutter,"14.6 × 12.63 mm (19.3 mm, 19.3mm (Type 1.2))",2.74 µm × 2.74 µm,"8-Bit,12-Bit","mono8, mono12",47.2 fps,"0 x LVDS input, 0 x LVDS output, 0 x TTL input, 0 x TTL output, 2 x 24V input, 4 x Open drain output,","1 x Optical isolated input, 0 x Optical isolated input,",10 to 25VDC,External: 12 W (typical),-10 °C to 60 °C,76 × 50 × 50,C-Mount,240 g,896 MByte,32 MByte,10gige,,,,,,,5 µs to 60 s,0.0 dB to 48.0 dB,,"1 x RS232 input, 1 x RS232 output, 0 x RS422 input, 0 x RS422 output,",F002444,K9 - AR coating - 400-850nm,IP30,(RJ-45),"Manual, Auto, External","Auto, Manual",FW Features - Image Control,"INTERNAL,SOFTWARE,EXTERNAL","PTP, RDMA support, User Sets, PWM(4), Sequencer,",,,,,,,,,,
Allied Vision,fxo-10gige,fxo530MXGE,FXO 10GigE,Prototype/engineering sample,Area scan,Color,Visible,400 nm to 1000 nm,"5,328 × 4,608 (24.60 MP)",Sony IMX530,cmos,global-shutter,"14.6 × 12.63 mm (19.3 mm, 19.3mm (Type 1.2))",2.74 µm × 2.74 µm,"8-Bit,12-Bit",,47.2 fps,"0 x LVDS input, 0 x LVDS output, 0 x TTL input, 0 x TTL output, 2 x 24V input, 4 x Open drain output,","1 x Optical isolated input, 0 x Optical isolated input,",10 to 25VDC,External: 12 W (typical),-10 °C to 60 °C,76 × 50 × 50,C-Mount,240 g,896 MByte,32 MByte,10gige,,"bayer8, bayer12",,,,,5 µs to 60 s,0.0 dB to 48.0 dB,,"1 x RS232 input, 1 x RS232 output, 0 x RS422 input, 0 x RS422 output,",F002443,IR-Cut 680,IP30,(RJ-45),"Manual, Auto, External","Auto, Manual",FW Features - Image Control,"INTERNAL,SOFTWARE,EXTERNAL","PTP, RDMA support, User Sets, PWM(4), Sequencer,","auto, manual",,,,,,,,,
Allied Vision,fxo-10gige,fxo531CXGE,FXO 10GigE,Prototype/engineering sample,Area scan,Mono,Visible,400 nm to 1000 nm,"4,512 × 4,512 (20.40 MP)",Sony IMX531,cmos,global-shutter,"12.36 × 12.36 mm (17.48 mm, 17.5mm (Type 1.1))",2.74 µm × 2.74 µm,"8-Bit,12-Bit","mono8, mono12",58.8 fps,"0 x LVDS input, 0 x LVDS output, 0 x TTL input, 0 x TTL output, 2 x 24V input, 4 x Open drain output,","1 x Optical isolated input, 0 x Optical isolated input,",10 to 25VDC,External: 12 W (typical),-10 °C to 60 °C,76 × 50 × 50,C-Mount,240 g,896 MByte,32 MByte,10gige,,,,,,,5 µs to 60 s,0.0 dB to 48.0 dB,,"1 x RS232 input, 1 x RS232 output, 0 x RS422 input, 0 x RS422 output,",F002446,K9 - AR coating - 400-850nm,IP30,(RJ-45),"Manual, Auto, External","Auto, Manual",FW Features - Image Control,"INTERNAL,SOFTWARE,EXTERNAL","PTP, RDMA support, User Sets, PWM(4), Sequencer,",,,,,,,,,,
Allied Vision,fxo-10gige,fxo531MXGE,FXO 10GigE,Prototype/engineering sample,Area scan,Color,Visible,400 nm to 1000 nm,"4,512 × 4,512 (20.40 MP)",Sony IMX531,cmos,global-shutter,"12.36 × 12.36 mm (17.48 mm, 17.5mm (Type 1.1))",2.74 µm × 2.74 µm,"8-Bit,12-Bit",,58.8 fps,"0 x LVDS input, 0 x LVDS output, 0 x TTL input, 0 x TTL output, 2 x 24V input, 4 x Open drain output,","1 x Optical isolated input, 0 x Optical isolated input,",10 to 25VDC,External: 12 W (typical),-10 °C to 60 °C,76 × 50 × 50,C-Mount,240 g,896 MByte,32 MByte,10gige,,"bayer8, bayer12",,,,,5 µs to 60 s,0.0 dB to 48.0 dB,,"1 x RS232 input, 1 x RS232 output, 0 x RS422 input, 0 x RS422 output,",F002445,IR-Cut 680,IP30,(RJ-45),"Manual, Auto, External","Auto, Manual",FW Features - Image Control,"INTERNAL,SOFTWARE,EXTERNAL","PTP, RDMA support, User Sets, PWM(4), Sequencer,","auto, manual",,,,,,,,,
Allied Vision,fxo-10gige,fxo532CXGE,FXO 10GigE,Prototype/engineering sample,Area scan,Mono,Visible,400 nm to 1000 nm,"5,328 × 3,040 (16.20 MP)",Sony IMX532,cmos,global-shutter,"14.6 × 8.33 mm (16.81 mm, 16.8mm (Type 1.1))",2.74 µm × 2.74 µm,"8-Bit,12-Bit","mono8, mono12",75 fps,"0 x LVDS input, 0 x LVDS output, 0 x TTL input, 0 x TTL output, 2 x 24V input, 4 x Open drain output,","1 x Optical isolated input, 0 x Optical isolated input,",10 to 25VDC,External: 12 W (typical),-10 °C to 60 °C,76 × 50 × 50,C-Mount,240 g,896 MByte,32 MByte,10gige,,,,,,,5 µs to 60 s,0.0 dB to 48.0 dB,,"1 x RS232 input, 1 x RS232 output, 0 x RS422 input, 0 x RS422 output,",F002448,K9 - AR coating - 400-850nm,IP30,(RJ-45),"Manual, Auto, External","Auto, Manual",FW Features - Image Control,"INTERNAL,SOFTWARE,EXTERNAL","PTP, RDMA support, User Sets, PWM(4), Sequencer,",,,,,,,,,,
Allied Vision,fxo-10gige,fxo532MXGE,FXO 10GigE,Prototype/engineering sample,Area scan,Color,Visible,400 nm to 1000 nm,"5,328 × 3,040 (16.20 MP)",Sony IMX532,cmos,global-shutter,"14.6 × 8.33 mm (16.81 mm, 16.8mm (Type 1.1))",2.74 µm × 2.74 µm,"8-Bit,12-Bit",,75 fps,"0 x LVDS input, 0 x LVDS output, 0 x TTL input, 0 x TTL output, 2 x 24V input, 4 x Open drain output,","1 x Optical isolated input, 0 x Optical isolated input,",10 to 25VDC,External: 12 W (typical),-10 °C to 60 °C,76 × 50 × 50,C-Mount,240 g,896 MByte,32 MByte,10gige,,"bayer8, bayer12",,,,,5 µs to 60 s,0.0 dB to 48.0 dB,,"1 x RS232 input, 1 x RS232 output, 0 x RS422 input, 0 x RS422 output,",F002447,IR-Cut 680,IP30,(RJ-45),"Manual, Auto, External","Auto, Manual",FW Features - Image Control,"INTERNAL,SOFTWARE,EXTERNAL","PTP, RDMA support, User Sets, PWM(4), Sequencer,","auto, manual",,,,,,,,,
Allied Vision,fxo-10gige,fxo535CXGE,FXO 10GigE,Prototype/engineering sample,Area scan,Mono,Visible,400 nm to 1000 nm,"4,096 × 3,008 (12.30 MP)",Sony IMX535,cmos,global-shutter,"11.22 × 8.24 mm (13.92 mm, 14mm (Type 1/1.1))",2.74 µm × 2.74 µm,"8-Bit,12-Bit","mono8, mono12",89.1 fps,"0 x LVDS input, 0 x LVDS output, 0 x TTL input, 0 x TTL output, 2 x 24V input, 4 x Open drain output,","1 x Optical isolated input, 0 x Optical isolated input,",10 to 25VDC,External: 12 W (typical),-10 °C to 60 °C,76 × 50 × 50,C-Mount,240 g,896 MByte,32 MByte,10gige,,,,,,,5 µs to 60 s,0.0 dB to 48.0 dB,,"1 x RS232 input, 1 x RS232 output, 0 x RS422 input, 0 x RS422 output,",F002450,K9 - AR coating - 400-850nm,IP30,(RJ-45),"Manual, Auto, External","Auto, Manual",FW Features - Image Control,"INTERNAL,SOFTWARE,EXTERNAL","PTP, RDMA support, User Sets, PWM(4), Sequencer,",,,,,,,,,,
Allied Vision,fxo-10gige,fxo535MXGE,FXO 10GigE,Prototype/engineering sample,Area scan,Color,Visible,400 nm to 1000 nm,"4,096 × 3,008 (12.30 MP)",Sony IMX535,cmos,global-shutter,"11.22 × 8.24 mm (13.92 mm, 14mm (Type 1/1.1))",2.74 µm × 2.74 µm,"8-Bit,12-Bit",,89.1 fps,"0 x LVDS input, 0 x LVDS output, 0 x TTL input, 0 x TTL output, 2 x 24V input, 4 x Open drain output,","1 x Optical isolated input, 0 x Optical isolated input,",10 to 25VDC,External: 12 W (typical),-10 °C to 60 °C,76 × 50 × 50,C-Mount,240 g,896 MByte,32 MByte,10gige,,"bayer8, bayer12",,,,,5 µs to 60 s,0.0 dB to 48.0 dB,,"1 x RS232 input, 1 x RS232 output, 0 x RS422 input, 0 x RS422 output,",F002449,IR-Cut 680,IP30,(RJ-45),"Manual, Auto, External","Auto, Manual",FW Features - Image Control,"INTERNAL,SOFTWARE,EXTERNAL","PTP, RDMA support, User Sets, PWM(4), Sequencer,","auto, manual",,,,,,,,,
Allied Vision,fxo-10gige,fxo536CXGE,FXO 10GigE,Prototype/engineering sample,Area scan,Mono,Visible,400 nm to 1000 nm,"2,848 × 2,848 (8.10 MP)",Sony IMX536,cmos,global-shutter,"7.8 × 7.8 mm (11.04 mm, 11.1mm (Type 2/3))",2.74 µm × 2.74 µm,"8-Bit,12-Bit","mono8, mono12",135.5 fps,"0 x LVDS input, 0 x LVDS output, 0 x TTL input, 0 x TTL output, 2 x 24V input, 4 x Open drain output,","1 x Optical isolated input, 0 x Optical isolated input,",10 to 25VDC,External: 12 W (typical),-10 °C to 60 °C,76 × 50 × 50,C-Mount,240 g,896 MByte,32 MByte,10gige,,,,,,,5 µs to 60 s,0.0 dB to 48.0 dB,,"1 x RS232 input, 1 x RS232 output, 0 x RS422 input, 0 x RS422 output,",F002452,K9 - AR coating - 400-850nm,IP30,(RJ-45),"Manual, Auto, External","Auto, Manual",FW Features - Image Control,"INTERNAL,SOFTWARE,EXTERNAL","PTP, RDMA support, User Sets, PWM(4), Sequencer,",,,,,,,,,,
Allied Vision,fxo-10gige,fxo536MXGE,FXO 10GigE,Prototype/engineering sample,Area scan,Color,Visible,400 nm to 1000 nm,"2,848 × 2,848 (8.10 MP)",Sony IMX536,cmos,global-shutter,"7.8 × 7.8 mm (11.04 mm, 11.1mm (Type 2/3))",2.74 µm × 2.74 µm,"8-Bit,12-Bit",,135.5 fps,"0 x LVDS input, 0 x LVDS output, 0 x TTL input, 0 x TTL output, 2 x 24V input, 4 x Open drain output,","1 x Optical isolated input, 0 x Optical isolated input,",10 to 25VDC,External: 12 W (typical),-10 °C to 60 °C,76 × 50 × 50,C-Mount,240 g,896 MByte,32 MByte,10gige,,"bayer8, bayer12",,,,,5 µs to 60 s,0.0 dB to 48.0 dB,,"1 x RS232 input, 1 x RS232 output, 0 x RS422 input, 0 x RS422 output,",F002451,IR-Cut 680,IP30,(RJ-45),"Manual, Auto, External","Auto, Manual",FW Features - Image Control,"INTERNAL,SOFTWARE,EXTERNAL","PTP, RDMA support, User Sets, PWM(4), Sequencer,","auto, manual",,,,,,,,,
Allied Vision,fxo-10gige,fxo537CXGE,FXO 10GigE,Prototype/engineering sample,Area scan,Mono,Visible,400 nm to 1000 nm,"2,448 × 2,048 (5.00 MP)",Sony IMX537,cmos,global-shutter,"6.71 × 5.61 mm (8.75 mm, 8.8mm (Type 1/1.8))",2.74 µm × 2.74 µm,"8-Bit,12-Bit","mono8, mono12",217.6 fps,"0 x LVDS input, 0 x LVDS output, 0 x TTL input, 0 x TTL output, 2 x 24V input, 4 x Open drain output,","1 x Optical isolated input, 0 x Optical isolated input,",10 to 25VDC,External: 12 W (typical),-10 °C to 60 °C,76 × 50 × 50,C-Mount,240 g,896 MByte,32 MByte,10gige,,,,,,,5 µs to 60 s,0.0 dB to 48.0 dB,,"1 x RS232 input, 1 x RS232 output, 0 x RS422 input, 0 x RS422 output,",F002359,K9 - AR coating - 400-850nm,IP30,(RJ-45),"Manual, Auto, External","Auto, Manual",FW Features - Image Control,"INTERNAL,SOFTWARE,EXTERNAL","PTP, RDMA support, User Sets, PWM(4), Sequencer,",,,,,,,,,,
Allied Vision,fxo-10gige,fxo537MXGE,FXO 10GigE,Prototype/engineering sample,Area scan,Color,Visible,400 nm to 1000 nm,"2,448 × 2,048 (5.00 MP)",Sony IMX537,cmos,global-shutter,"6.71 × 5.61 mm (8.75 mm, 8.8mm (Type 1/1.8))",2.74 µm × 2.74 µm,"8-Bit,12-Bit",,217.6 fps,"0 x LVDS input, 0 x LVDS output, 0 x TTL input, 0 x TTL output, 2 x 24V input, 4 x Open drain output,","1 x Optical isolated input, 0 x Optical isolated input,",10 to 25VDC,External: 12 W (typical),-10 °C to 60 °C,76 × 50 × 50,C-Mount,240 g,896 MByte,32 MByte,10gige,,"bayer8, bayer12",,,,,5 µs to 60 s,0.0 dB to 48.0 dB,,"1 x RS232 input, 1 x RS232 output, 0 x RS422 input, 0 x RS422 output,",F002358,IR-Cut 680,IP30,(RJ-45),"Manual, Auto, External","Auto, Manual",FW Features - Image Control,"INTERNAL,SOFTWARE,EXTERNAL","PTP, RDMA support, User Sets, PWM(4), Sequencer,","auto, manual",,,,,,,,,
Allied Vision,fxo-10gige,fxo540CXGE,FXO 10GigE,Available,Area scan,Color,Visible,400 nm to 1000 nm,"5,320 × 4,600 (24.50 MP)",Sony IMX540,cmos,global-shutter,"14.58 × 12.6 mm (19.27 mm, 19.3mm (Type 1.2))",2.74 µm × 2.74 µm,"8-Bit,12-Bit",,30.4 fps,"0 x LVDS input, 0 x LVDS output, 0 x TTL input, 0 x TTL output, 2 x 24V input, 4 x Open drain output,","1 x Optical isolated input, 0 x Optical isolated input,","10 to 25VDC, Power over Ethernet",External: 9 W (typical),-10 °C to 60 °C,76 × 50 × 50,C-Mount,240 g,896 MByte,32 MByte,10gige,,"bayer8, bayer12",,,,,9 µs to 60 s,0.0 dB to 48.0 dB,,"1 x RS232 input, 1 x RS232 output, 0 x RS422 input, 0 x RS422 output,",F002091,IR-Cut 680,IP30,(RJ-45),"Manual, Auto, External","Auto, Manual",FW Features - Image Control,"INTERNAL,SOFTWARE,EXTERNAL","PTP, User Sets, POE, PWM(4), Sequencer,","auto, manual",72 dB,39.12 dB,,,,,,,
Allied Vision,fxo-10gige,fxo540MXGE,FXO 10GigE,Available,Area scan,Mono,Visible,400 nm to 1000 nm,"5,320 × 4,600 (24.50 MP)",Sony IMX540,cmos,global-shutter,"14.58 × 12.6 mm (19.27 mm, 19.3mm (Type 1.2))",2.74 µm × 2.74 µm,"8-Bit,12-Bit","mono8, mono12",30.4 fps,"0 x LVDS input, 0 x LVDS output, 0 x TTL input, 0 x TTL output, 2 x 24V input, 4 x Open drain output,","1 x Optical isolated input, 0 x Optical isolated input,","10 to 25VDC, Power over Ethernet",External: 9 W (typical),-10 °C to 60 °C,76 × 50 × 50,C-Mount,240 g,896 MByte,32 MByte,10gige,,,,,,,9 µs to 60 s,0.0 dB to 48.0 dB,,"1 x RS232 input, 1 x RS232 output, 0 x RS422 input, 0 x RS422 output,",F002090,K9 - AR coating - 400-850nm,IP30,(RJ-45),"Manual, Auto, External","Auto, Manual",FW Features - Image Control,"INTERNAL,SOFTWARE,EXTERNAL","PTP, User Sets, POE, PWM(4), Sequencer,",,72 dB,39.11 dB,,,,,,,
Allied Vision,fxo-10gige,fxo541CXGE,FXO 10GigE,Available,Area scan,Color,Visible,400 nm to 1000 nm,"4,504 × 4,504 (20.30 MP)",Sony IMX541,cmos,global-shutter,"12.34 × 12.34 mm (17.45 mm, 17.5mm (Type 1.1))",2.74 µm × 2.74 µm,"8-Bit,12-Bit",,35.7 fps,"0 x LVDS input, 0 x LVDS output, 0 x TTL input, 0 x TTL output, 2 x 24V input, 4 x Open drain output,","1 x Optical isolated input, 0 x Optical isolated input,","10 to 25VDC, Power over Ethernet",External: 9 W (typical),-10 °C to 60 °C,76 × 50 × 50,C-Mount,240 g,896 MByte,32 MByte,10gige,,"bayer8, bayer12",,,,,21 µs to 60 s,0.0 dB to 48.0 dB,,"1 x RS232 input, 1 x RS232 output, 0 x RS422 input, 0 x RS422 output,",F002093,IR-Cut 680,IP30,(RJ-45),"Manual, Auto, External","Auto, Manual",FW Features - Image Control,"INTERNAL,SOFTWARE,EXTERNAL","PTP, User Sets, POE, PWM(4), Sequencer,","auto, manual",72 dB,39.14 dB,,,,,,,
Allied Vision,fxo-10gige,fxo541MXGE,FXO 10GigE,Available,Area scan,Mono,Visible,400 nm to 1000 nm,"4,504 × 4,504 (20.30 MP)",Sony IMX541,cmos,global-shutter,"12.34 × 12.34 mm (17.45 mm, 17.5mm (Type 1.1))",2.74 µm × 2.74 µm,"8-Bit,12-Bit","mono8, mono12",35.7 fps,"0 x LVDS input, 0 x LVDS output, 0 x TTL input, 0 x TTL output, 2 x 24V input, 4 x Open drain output,","1 x Optical isolated input, 0 x Optical isolated input,","10 to 25VDC, Power over Ethernet",External: 9 W (typical),-10 °C to 60 °C,76 × 50 × 50,C-Mount,240 g,896 MByte,32 MByte,10gige,,,,,,,21 µs to 60 s,0.0 dB to 48.0 dB,,"1 x RS232 input, 1 x RS232 output, 0 x RS422 input, 0 x RS422 output,",F002092,K9 - AR coating - 400-850nm,IP30,(RJ-45),"Manual, Auto, External","Auto, Manual",FW Features - Image Control,"INTERNAL,SOFTWARE,EXTERNAL","PTP, User Sets, POE, PWM(4), Sequencer,",,72 dB,39.13 dB,,,,,,,
Allied Vision,fxo-10gige,fxo542CXGE,FXO 10GigE,Available,Area scan,Color,Visible,400 nm to 1000 nm,"5,320 × 3,032 (16.10 MP)",Sony IMX542,cmos,global-shutter,"14.58 × 8.31 mm (16.78 mm, 16.8mm (Type 1.1))",2.74 µm × 2.74 µm,"8-Bit,12-Bit",,45.6 fps,"0 x LVDS input, 0 x LVDS output, 0 x TTL input, 0 x TTL output, 2 x 24V input, 4 x Open drain output,","1 x Optical isolated input, 0 x Optical isolated input,","10 to 25VDC, Power over Ethernet",External: 9 W (typical),-10 °C to 60 °C,76 × 50 × 50,C-Mount,240 g,896 MByte,32 MByte,10gige,,"bayer8, bayer12",,,,,21 µs to 60 s,0.0 dB to 48.0 dB,,"1 x RS232 input, 1 x RS232 output, 0 x RS422 input, 0 x RS422 output,",F002095,IR-Cut 680,IP30,(RJ-45),"Manual, Auto, External","Auto, Manual",FW Features - Image Control,"INTERNAL,SOFTWARE,EXTERNAL","PTP, User Sets, POE, PWM(4), Sequencer,","auto, manual",72 dB,39.16 dB,,,,,,,
Allied Vision,fxo-10gige,fxo542MXGE,FXO 10GigE,Available,Area scan,Mono,Visible,400 nm to 1000 nm,"5,320 × 3,032 (16.10 MP)",Sony IMX542,cmos,global-shutter,"14.58 × 8.31 mm (16.78 mm, 16.8mm (Type 1.1))",2.74 µm × 2.74 µm,"8-Bit,12-Bit","mono8, mono12",45.6 fps,"0 x LVDS input, 0 x LVDS output, 0 x TTL input, 0 x TTL output, 2 x 24V input, 4 x Open drain output,","1 x Optical isolated input, 0 x Optical isolated input,","10 to 25VDC, Power over Ethernet",External: 9 W (typical),-10 °C to 60 °C,76 × 50 × 50,C-Mount,240 g,896 MByte,32 MByte,10gige,,,,,,,21 µs to 60 s,0.0 dB to 48.0 dB,,"1 x RS232 input, 1 x RS232 output, 0 x RS422 input, 0 x RS422 output,",F002094,K9 - AR coating - 400-850nm,IP30,(RJ-45),"Manual, Auto, External","Auto, Manual",FW Features - Image Control,"INTERNAL,SOFTWARE,EXTERNAL","PTP, User Sets, POE, PWM(4), Sequencer,",,72 dB,39.15 dB,,,,,,,
Allied Vision,fxo-10gige,fxo545CXGE,FXO 10GigE,Available,Area scan,Color,Visible,400 nm to 1000 nm,"4,096 × 3,000 (12.30 MP)",Sony IMX545,cmos,global-shutter,"11.22 × 8.22 mm (13.91 mm, 14mm (Type 1/1.1))",2.74 µm × 2.74 µm,"8-Bit,12-Bit",,61 fps,"0 x LVDS input, 0 x LVDS output, 0 x TTL input, 0 x TTL output, 2 x 24V input, 4 x Open drain output,","1 x Optical isolated input, 0 x Optical isolated input,","10 to 25VDC, Power over Ethernet",External: 9 W (typical),-10 °C to 60 °C,76 × 50 × 50,C-Mount,240 g,896 MByte,32 MByte,10gige,,"bayer8, bayer12",,,,,7 µs to 60 s,0.0 dB to 48.0 dB,,"1 x RS232 input, 1 x RS232 output, 0 x RS422 input, 0 x RS422 output,",F002123,IR-Cut 680,IP30,(RJ-45),"Manual, Auto, External","Auto, Manual",FW Features - Image Control,"INTERNAL,SOFTWARE,EXTERNAL","PTP, User Sets, POE, PWM(4), Sequencer,","auto, manual",72 dB,39 dB,,,,,,,
Allied Vision,fxo-10gige,fxo545MXGE,FXO 10GigE,Available,Area scan,Mono,Visible,400 nm to 1000 nm,"4,096 × 3,000 (12.30 MP)",Sony IMX545,cmos,global-shutter,"11.22 × 8.22 mm (13.91 mm, 14mm (Type 1/1.1))",2.74 µm × 2.74 µm,"8-Bit,12-Bit","mono8, mono12",61 fps,"0 x LVDS input, 0 x LVDS output, 0 x TTL input, 0 x TTL output, 2 x 24V input, 4 x Open drain output,","1 x Optical isolated input, 0 x Optical isolated input,","10 to 25VDC, Power over Ethernet",External: 9 W (typical),-10 °C to 60 °C,76 × 50 × 50,C-Mount,240 g,896 MByte,32 MByte,10gige,,,,,,,7 µs to 60 s,0.0 dB to 48.0 dB,,"1 x RS232 input, 1 x RS232 output, 0 x RS422 input, 0 x RS422 output,",F002122,K9 - AR coating - 400-850nm,IP30,(RJ-45),"Manual, Auto, External","Auto, Manual",FW Features - Image Control,"INTERNAL,SOFTWARE,EXTERNAL","PTP, User Sets, POE, PWM(4), Sequencer,",,72 dB,39 dB,,,,,,,
Allied Vision,fxo-10gige,fxo546CXGE,FXO 10GigE,Available,Area scan,Color,Visible,400 nm to 1000 nm,"2,840 × 2,840 (8.10 MP)",Sony IMX546,cmos,global-shutter,"7.78 × 7.78 mm (11 mm, 11.1mm (Type 2/3))",2.74 µm × 2.74 µm,"8-Bit,12-Bit",,88 fps,"0 x LVDS input, 0 x LVDS output, 0 x TTL input, 0 x TTL output, 2 x 24V input, 4 x Open drain output,","1 x Optical isolated input, 0 x Optical isolated input,","10 to 25VDC, Power over Ethernet",External: 9 W (typical),-10 °C to 60 °C,76 × 50 × 50,C-Mount,240 g,896 MByte,32 MByte,10gige,,"bayer8, bayer12",,,,,6 µs to 60 s,0.0 dB to 48.0 dB,,"1 x RS232 input, 1 x RS232 output, 0 x RS422 input, 0 x RS422 output,",F002153,IR-Cut 680,IP30,(RJ-45),"Manual, Auto, External","Auto, Manual",FW Features - Image Control,"INTERNAL,SOFTWARE,EXTERNAL","PTP, User Sets, POE, PWM(4), Sequencer,","auto, manual",,,,,,,,,
Allied Vision,fxo-10gige,fxo546MXGE,FXO 10GigE,Available,Area scan,Mono,Visible,400 nm to 1000 nm,"2,840 × 2,840 (8.10 MP)",Sony IMX546,cmos,global-shutter,"7.78 × 7.78 mm (11 mm, 11.1mm (Type 2/3))",2.74 µm × 2.74 µm,"8-Bit,12-Bit","mono8, mono12",88 fps,"0 x LVDS input, 0 x LVDS output, 0 x TTL input, 0 x TTL output, 2 x 24V input, 4 x Open drain output,","1 x Optical isolated input, 0 x Optical isolated input,","10 to 25VDC, Power over Ethernet",External: 9 W (typical),-10 °C to 60 °C,76 × 50 × 50,C-Mount,240 g,896 MByte,32 MByte,10gige,,,,,,,6 µs to 60 s,0.0 dB to 48.0 dB,,"1 x RS232 input, 1 x RS232 output, 0 x RS422 input, 0 x RS422 output,",F002152,K9 - AR coating - 400-850nm,IP30,(RJ-45),"Manual, Auto, External","Auto, Manual",FW Features - Image Control,"INTERNAL,SOFTWARE,EXTERNAL","PTP, User Sets, POE, PWM(4), Sequencer,",,,,,,,,,,
Allied Vision,fxo-10gige,fxo547CXGE,FXO 10GigE,Available,Area scan,Color,Visible,400 nm to 1000 nm,"2,448 × 2,048 (5.00 MP)",Sony IMX547,cmos,global-shutter,"6.71 × 5.61 mm (8.75 mm, 8.8mm (Type 1/1.8))",2.74 µm × 2.74 µm,"8-Bit,12-Bit",,124 fps,"0 x LVDS input, 0 x LVDS output, 0 x TTL input, 0 x TTL output, 2 x 24V input, 4 x Open drain output,","1 x Optical isolated input, 0 x Optical isolated input,","10 to 25VDC, Power over Ethernet",External: 9 W (typical),-10 °C to 60 °C,76 × 50 × 50,C-Mount,240 g,896 MByte,32 MByte,10gige,,"bayer8, bayer12",,,,,6 µs to 60 s,0.0 dB to 48.0 dB,,"1 x RS232 input, 1 x RS232 output, 0 x RS422 input, 0 x RS422 output,",F002125,IR-Cut 680,IP30,(RJ-45),"Manual, Auto, External","Auto, Manual",FW Features - Image Control,"INTERNAL,SOFTWARE,EXTERNAL","PTP, User Sets, POE, PWM(4), Sequencer,","auto, manual",72 dB,39 dB,,,,,,,
Allied Vision,fxo-10gige,fxo547MXGE,FXO 10GigE,Available,Area scan,Mono,Visible,400 nm to 1000 nm,"2,448 × 2,048 (5.00 MP)",Sony IMX547,cmos,global-shutter,"6.71 × 5.61 mm (8.75 mm, 8.8mm (Type 1/1.8))",2.74 µm × 2.74 µm,"8-Bit,12-Bit","mono8, mono12",124 fps,"0 x LVDS input, 0 x LVDS output, 0 x TTL input, 0 x TTL output, 2 x 24V input, 4 x Open drain output,","1 x Optical isolated input, 0 x Optical isolated input,","10 to 25VDC, Power over Ethernet",External: 9 W (typical),-10 °C to 60 °C,76 × 50 × 50,C-Mount,240 g,896 MByte,32 MByte,10gige,,,,,,,6 µs to 60 s,0.0 dB to 48.0 dB,,"1 x RS232 input, 1 x RS232 output, 0 x RS422 input, 0 x RS422 output,",F002124,K9 - AR coating - 400-850nm,IP30,(RJ-45),"Manual, Auto, External","Auto, Manual",FW Features - Image Control,"INTERNAL,SOFTWARE,EXTERNAL","PTP, User Sets, POE, PWM(4), Sequencer,",,72 dB,39 dB,,,,,,,
Allied Vision,fxo-10gige,fxo901CXGE,FXO 10GigE,Available,Area scan,Color,Visible,400 nm to 1000 nm,"8,016 × 2,048 (16.40 MP)",Sony IMX901,cmos,global-shutter,"21.96 × 5.61 mm (22.67 mm, 22.7mm (Type 1.4))",2.74 µm × 2.74 µm,"8-Bit,12-Bit",,74 fps,"0 x LVDS input, 0 x LVDS output, 0 x TTL input, 0 x TTL output, 2 x 24V input, 4 x Open drain output,","1 x Optical isolated input, 0 x Optical isolated input,","10 to 25VDC, Power over Ethernet",External: 11 W (typical),-10 °C to 60 °C,76 × 50 × 50,C-Mount,240 g,896 MByte,32 MByte,10gige,,"bayer8, bayer12",,,,,9 µs to 60 s,0.0 dB to 48.0 dB,,"1 x RS232 input, 1 x RS232 output, 0 x RS422 input, 0 x RS422 output,",F002365,None,IP30,(RJ-45),"Manual, Auto, External","Auto, Manual",FW Features - Image Control,"INTERNAL,SOFTWARE,EXTERNAL","PTP, User Sets, POE, PWM(4), Sequencer,","auto, manual",,,,,,,,,
Allied Vision,fxo-10gige,fxo901MXGE,FXO 10GigE,Available,Area scan,Mono,Visible,400 nm to 1000 nm,"8,016 × 2,048 (16.40 MP)",Sony IMX901,cmos,global-shutter,"21.96 × 5.61 mm (22.67 mm, 22.7mm (Type 1.4))",2.74 µm × 2.74 µm,"8-Bit,12-Bit","mono8, mono12",74 fps,"0 x LVDS input, 0 x LVDS output, 0 x TTL input, 0 x TTL output, 2 x 24V input, 4 x Open drain output,","1 x Optical isolated input, 0 x Optical isolated input,","10 to 25VDC, Power over Ethernet",External: 11 W (typical),-10 °C to 60 °C,76 × 50 × 50,C-Mount,240 g,896 MByte,32 MByte,10gige,,,,,,,9 µs to 60 s,0.0 dB to 48.0 dB,,"1 x RS232 input, 1 x RS232 output, 0 x RS422 input, 0 x RS422 output,",F002364,None,IP30,(RJ-45),"Manual, Auto, External","Auto, Manual",FW Features - Image Control,"INTERNAL,SOFTWARE,EXTERNAL","PTP, User Sets, POE, PWM(4), Sequencer,",,,,,,,,,,
Allied Vision,fxo-10gige,fxo902CXGE,FXO 10GigE,Available,Area scan,Color,Visible,400 nm to 1000 nm,"6,048 × 2,048 (12.40 MP)",Sony IMX902,cmos,global-shutter,"16.57 × 5.61 mm (17.5 mm, 17.5mm (Type 1.1))",2.74 µm × 2.74 µm,"8-Bit,12-Bit",,98.1 fps,"0 x LVDS input, 0 x LVDS output, 0 x TTL input, 0 x TTL output, 2 x 24V input, 4 x Open drain output,","1 x Optical isolated input, 0 x Optical isolated input,","10 to 25VDC, Power over Ethernet",External: 11 W (typical),-10 °C to 60 °C,76 × 50 × 50,C-Mount,240 g,896 MByte,32 MByte,10gige,,"bayer8, bayer12",,,,,7 µs to 60 s,0.0 dB to 48.0 dB,,"1 x RS232 input, 1 x RS232 output, 0 x RS422 input, 0 x RS422 output,",F002392,None,IP30,(RJ-45),"Manual, Auto, External","Auto, Manual",FW Features - Image Control,"INTERNAL,SOFTWARE,EXTERNAL","PTP, User Sets, POE, PWM(4), Sequencer,","auto, manual",,,,,,,,,
Allied Vision,fxo-10gige,fxo902MXGE,FXO 10GigE,Available,Area scan,Mono,Visible,400 nm to 1000 nm,"6,048 × 2,048 (12.40 MP)",Sony IMX902,cmos,global-shutter,"16.57 × 5.61 mm (17.5 mm, 17.5mm (Type 1.1))",2.74 µm × 2.74 µm,"8-Bit,12-Bit","mono8, mono12",98.1 fps,"0 x LVDS input, 0 x LVDS output, 0 x TTL input, 0 x TTL output, 2 x 24V input, 4 x Open drain output,","1 x Optical isolated input, 0 x Optical isolated input,","10 to 25VDC, Power over Ethernet",External: 11 W (typical),-10 °C to 60 °C,76 × 50 × 50,C-Mount,240 g,896 MByte,32 MByte,10gige,,,,,,,7 µs to 60 s,0.0 dB to 48.0 dB,,"1 x RS232 input, 1 x RS232 output, 0 x RS422 input, 0 x RS422 output,",F002391,None,IP30,(RJ-45),"Manual, Auto, External","Auto, Manual",FW Features - Image Control,"INTERNAL,SOFTWARE,EXTERNAL","PTP, User Sets, POE, PWM(4), Sequencer,",,,,,,,,,,
Allied Vision,fxo-25gige,fxo425C25GE,FXO 25GigE,Available,Area scan,Color,Visible,400 nm to 1000 nm,"1,600 × 1,104 (1.80 MP)",Sony IMX425,cmos,global-shutter,"14.4 × 9.94 mm (17.5 mm, 17.6mm (Type 1.1))",9.00 µm × 9.00 µm,"8-Bit,12-Bit",,671 fps,"0 x LVDS input, 0 x LVDS output, 0 x TTL input, 0 x TTL output, 2 x 24V input, 4 x Open drain output,","1 x Optical isolated input, 0 x Optical isolated input,",10 to 25VDC,External: 17 W (typical),-10 °C to 60 °C,100 × 50 × 50,C-Mount,320 g,4032 MByte,128 MByte,25gige,,"bayer8, bayer12",,,,,6 µs to 60 s,0.0 dB to 48.0 dB,,"1 x RS232 input, 1 x RS232 output, 0 x RS422 input, 0 x RS422 output,",F002297,IR-Cut 680,IP30,(SFP28),"Manual, Auto, External","Auto, Manual",FW Features - Image Control,,"PTP, RDMA support, User Sets, PWM(4), Sequencer,","auto, manual",,,,,,,,,
Allied Vision,fxo-25gige,fxo425M25GE,FXO 25GigE,Available,Area scan,Mono,Visible,400 nm to 1000 nm,"1,600 × 1,104 (1.80 MP)",Sony IMX425,cmos,global-shutter,"14.4 × 9.94 mm (17.5 mm, 17.6mm (Type 1.1))",9.00 µm × 9.00 µm,"8-Bit,12-Bit","mono8, mono12",671 fps,"0 x LVDS input, 0 x LVDS output, 0 x TTL input, 0 x TTL output, 2 x 24V input, 4 x Open drain output,","1 x Optical isolated input, 0 x Optical isolated input,",10 to 25VDC,External: 17 W (typical),-10 °C to 60 °C,100 × 50 × 50,C-Mount,320 g,4032 MByte,128 MByte,25gige,,,,,,,6 µs to 60 s,0.0 dB to 48.0 dB,,"1 x RS232 input, 1 x RS232 output, 0 x RS422 input, 0 x RS422 output,",F002296,K9 - AR coating - 400-850nm,IP30,(SFP28),"Manual, Auto, External","Auto, Manual",FW Features - Image Control,,"PTP, RDMA support, User Sets, PWM(4), Sequencer,",,,,,,,,,,
Allied Vision,fxo-25gige,fxo530C25GE,FXO 25GigE,Available,Area scan,Color,Visible,400 nm to 1000 nm,"5,328 × 4,608 (24.60 MP)",Sony IMX530,cmos,global-shutter,"14.6 × 12.63 mm (19.3 mm, 19.3mm (Type 1.2))",2.74 µm × 2.74 µm,"8-Bit,12-Bit",,96 fps,"0 x LVDS input, 0 x LVDS output, 0 x TTL input, 0 x TTL output, 2 x 24V input, 4 x Open drain output,","1 x Optical isolated input, 0 x Optical isolated input,",10 to 25VDC,External: 17.5 W (typical),-10 °C to 60 °C,100 × 50 × 50,C-Mount,320 g,4032 MByte,128 MByte,25gige,,"bayer8, bayer12",,,,,4 µs to 60 s,0.0 dB to 48.0 dB,,"1 x RS232 input, 1 x RS232 output, 0 x RS422 input, 0 x RS422 output,",F002305,IR-Cut 680,IP30,(SFP28),"Manual, Auto, External","Auto, Manual",FW Features - Image Control,,"PTP, RDMA support, User Sets, PWM(4), Sequencer,","auto, manual",72 dB,39 dB,,,,,,,
Allied Vision,fxo-25gige,fxo530M25GE,FXO 25GigE,Available,Area scan,Mono,Visible,400 nm to 1000 nm,"5,328 × 4,608 (24.60 MP)",Sony IMX530,cmos,global-shutter,"14.6 × 12.63 mm (19.3 mm, 19.3mm (Type 1.2))",2.74 µm × 2.74 µm,"8-Bit,12-Bit","mono8, mono12",96 fps,"0 x LVDS input, 0 x LVDS output, 0 x TTL input, 0 x TTL output, 2 x 24V input, 4 x Open drain output,","1 x Optical isolated input, 0 x Optical isolated input,",10 to 25VDC,External: 17.5 W (typical),-10 °C to 60 °C,100 × 50 × 50,C-Mount,320 g,4032 MByte,128 MByte,25gige,,,,,,,4 µs to 60 s,0.0 dB to 48.0 dB,,"1 x RS232 input, 1 x RS232 output, 0 x RS422 input, 0 x RS422 output,",F002304,K9 - AR coating - 400-850nm,IP30,(SFP28),"Manual, Auto, External","Auto, Manual",FW Features - Image Control,,"PTP, RDMA support, User Sets, PWM(4), Sequencer,",,72 dB,39 dB,,,,,,,
Allied Vision,fxo-25gige,fxo531C25GE,FXO 25GigE,Available,Area scan,Color,Visible,400 nm to 1000 nm,"4,512 × 4,512 (20.40 MP)",Sony IMX531,cmos,global-shutter,"12.36 × 12.36 mm (17.48 mm, 17.5mm (Type 1.1))",2.74 µm × 2.74 µm,"8-Bit,12-Bit",,109.5 fps,"0 x LVDS input, 0 x LVDS output, 0 x TTL input, 0 x TTL output, 2 x 24V input, 4 x Open drain output,","1 x Optical isolated input, 0 x Optical isolated input,",10 to 25VDC,External: 19 W (typical),-10 °C to 60 °C,100 × 50 × 50,C-Mount,320 g,4032 MByte,128 MByte,25gige,,"bayer8, bayer12",,,,,4 µs to 60 s,0.0 dB to 48.0 dB,,"1 x RS232 input, 1 x RS232 output, 0 x RS422 input, 0 x RS422 output,",F002307,IR-Cut 680,IP30,(SFP28),"Manual, Auto, External","Auto, Manual",FW Features - Image Control,,"PTP, RDMA support, User Sets, PWM(4), Sequencer,","auto, manual",72 dB,39 dB,,,,,,,
Allied Vision,fxo-25gige,fxo531M25GE,FXO 25GigE,Available,Area scan,Mono,Visible,400 nm to 1000 nm,"4,512 × 4,512 (20.40 MP)",Sony IMX531,cmos,global-shutter,"12.36 × 12.36 mm (17.48 mm, 17.5mm (Type 1.1))",2.74 µm × 2.74 µm,"8-Bit,12-Bit","mono8, mono12",109.5 fps,"0 x LVDS input, 0 x LVDS output, 0 x TTL input, 0 x TTL output, 2 x 24V input, 4 x Open drain output,","1 x Optical isolated input, 0 x Optical isolated input,",10 to 25VDC,External: 19 W (typical),-10 °C to 60 °C,100 × 50 × 50,C-Mount,320 g,4032 MByte,128 MByte,25gige,,,,,,,4 µs to 60 s,0.0 dB to 48.0 dB,,"1 x RS232 input, 1 x RS232 output, 0 x RS422 input, 0 x RS422 output,",F002306,K9 - AR coating - 400-850nm,IP30,(SFP28),"Manual, Auto, External","Auto, Manual",FW Features - Image Control,,"PTP, RDMA support, User Sets, PWM(4), Sequencer,",,72 dB,39 dB,,,,,,,
Allied Vision,fxo-25gige,fxo532C25GE,FXO 25GigE,Available,Area scan,Color,Visible,400 nm to 1000 nm,"5,328 × 3,040 (16.20 MP)",Sony IMX532,cmos,global-shutter,"14.6 × 8.33 mm (16.81 mm, 16.8mm (Type 1.1))",2.74 µm × 2.74 µm,"8-Bit,12-Bit",,144 fps,"0 x LVDS input, 0 x LVDS output, 0 x TTL input, 0 x TTL output, 2 x 24V input, 4 x Open drain output,","1 x Optical isolated input, 0 x Optical isolated input,",10 to 25VDC,External: 17.5 W (typical),-10 °C to 60 °C,100 × 50 × 50,C-Mount,320 g,4032 MByte,128 MByte,25gige,,"bayer8, bayer12",,,,,4 µs to 60 s,0.0 dB to 48.0 dB,,"1 x RS232 input, 1 x RS232 output, 0 x RS422 input, 0 x RS422 output,",F002309,IR-Cut 680,IP30,(SFP28),"Manual, Auto, External","Auto, Manual",FW Features - Image Control,,"PTP, RDMA support, User Sets, PWM(4), Sequencer,","auto, manual",72 dB,39 dB,,,,,,,
Allied Vision,fxo-25gige,fxo532M25GE,FXO 25GigE,Available,Area scan,Mono,Visible,400 nm to 1000 nm,"5,328 × 3,040 (16.20 MP)",Sony IMX532,cmos,global-shutter,"14.6 × 8.33 mm (16.81 mm, 16.8mm (Type 1.1))",2.74 µm × 2.74 µm,"8-Bit,12-Bit","mono8, mono12",144 fps,"0 x LVDS input, 0 x LVDS output, 0 x TTL input, 0 x TTL output, 2 x 24V input, 4 x Open drain output,","1 x Optical isolated input, 0 x Optical isolated input,",10 to 25VDC,External: 17.5 W (typical),-10 °C to 60 °C,100 × 50 × 50,C-Mount,320 g,4032 MByte,128 MByte,25gige,,,,,,,4 µs to 60 s,0.0 dB to 48.0 dB,,"1 x RS232 input, 1 x RS232 output, 0 x RS422 input, 0 x RS422 output,",F002308,K9 - AR coating - 400-850nm,IP30,(SFP28),"Manual, Auto, External","Auto, Manual",FW Features - Image Control,,"PTP, RDMA support, User Sets, PWM(4), Sequencer,",,72 dB,39 dB,,,,,,,
Allied Vision,fxo-25gige,fxo535C25GE,FXO 25GigE,Available,Area scan,Color,Visible,400 nm to 1000 nm,"4,096 × 3,008 (12.30 MP)",Sony IMX535,cmos,global-shutter,"11.22 × 8.24 mm (13.92 mm, 14mm (Type 1/1.1))",2.74 µm × 2.74 µm,"8-Bit,12-Bit",,182.5 fps,"0 x LVDS input, 0 x LVDS output, 0 x TTL input, 0 x TTL output, 2 x 24V input, 4 x Open drain output,","1 x Optical isolated input, 0 x Optical isolated input,",10 to 25VDC,External: 18 W (typical),-10 °C to 60 °C,100 × 50 × 50,C-Mount,320 g,4032 MByte,128 MByte,25gige,,"bayer8, bayer12",,,,,4 µs to 60 s,0.0 dB to 48.0 dB,,"1 x RS232 input, 1 x RS232 output, 0 x RS422 input, 0 x RS422 output,",F002311,IR-Cut 680,IP30,(SFP28),"Manual, Auto, External","Auto, Manual",FW Features - Image Control,,"PTP, RDMA support, User Sets, PWM(4), Sequencer,","auto, manual",72 dB,39 dB,,,,,,,
Allied Vision,fxo-25gige,fxo535M25GE,FXO 25GigE,Available,Area scan,Mono,Visible,400 nm to 1000 nm,"4,096 × 3,008 (12.30 MP)",Sony IMX535,cmos,global-shutter,"11.22 × 8.24 mm (13.92 mm, 14mm (Type 1/1.1))",2.74 µm × 2.74 µm,"8-Bit,12-Bit","mono8, mono12",182.5 fps,"0 x LVDS input, 0 x LVDS output, 0 x TTL input, 0 x TTL output, 2 x 24V input, 4 x Open drain output,","1 x Optical isolated input, 0 x Optical isolated input,",10 to 25VDC,External: 18 W (typical),-10 °C to 60 °C,100 × 50 × 50,C-Mount,320 g,4032 MByte,128 MByte,25gige,,,,,,,4 µs to 60 s,0.0 dB to 48.0 dB,,"1 x RS232 input, 1 x RS232 output, 0 x RS422 input, 0 x RS422 output,",F002310,K9 - AR coating - 400-850nm,IP30,(SFP28),"Manual, Auto, External","Auto, Manual",FW Features - Image Control,,"PTP, RDMA support, User Sets, PWM(4), Sequencer,",,72 dB,39 dB,,,,,,,
Allied Vision,fxo-25gige,fxo536C25GE,FXO 25GigE,Available,Area scan,Color,Visible,400 nm to 1000 nm,"2,848 × 2,848 (8.10 MP)",Sony IMX536,cmos,global-shutter,"7.8 × 7.8 mm (11.04 mm, 11.1mm (Type 2/3))",2.74 µm × 2.74 µm,"8-Bit,12-Bit",,195 fps,"0 x LVDS input, 0 x LVDS output, 0 x TTL input, 0 x TTL output, 2 x 24V input, 4 x Open drain output,","1 x Optical isolated input, 0 x Optical isolated input,",10 to 25VDC,External: 17.5 W (typical),-10 °C to 60 °C,100 × 50 × 50,C-Mount,320 g,4032 MByte,128 MByte,25gige,,"bayer8, bayer12",,,,,4 µs to 60 s,0.0 dB to 48.0 dB,,"1 x RS232 input, 1 x RS232 output, 0 x RS422 input, 0 x RS422 output,",F002313,IR-Cut 680,IP30,(SFP28),"Manual, Auto, External","Auto, Manual",FW Features - Image Control,,"PTP, RDMA support, User Sets, PWM(4), Sequencer,","auto, manual",72 dB,39 dB,,,,,,,
Allied Vision,fxo-25gige,fxo536M25GE,FXO 25GigE,Available,Area scan,Mono,Visible,400 nm to 1000 nm,"2,848 × 2,848 (8.10 MP)",Sony IMX536,cmos,global-shutter,"7.8 × 7.8 mm (11.04 mm, 11.1mm (Type 2/3))",2.74 µm × 2.74 µm,"8-Bit,12-Bit","mono8, mono12",195 fps,"0 x LVDS input, 0 x LVDS output, 0 x TTL input, 0 x TTL output, 2 x 24V input, 4 x Open drain output,","1 x Optical isolated input, 0 x Optical isolated input,",10 to 25VDC,External: 17.5 W (typical),-10 °C to 60 °C,100 × 50 × 50,C-Mount,320 g,4032 MByte,128 MByte,25gige,,,,,,,4 µs to 60 s,0.0 dB to 48.0 dB,,"1 x RS232 input, 1 x RS232 output, 0 x RS422 input, 0 x RS422 output,",F002312,K9 - AR coating - 400-850nm,IP30,(SFP28),"Manual, Auto, External","Auto, Manual",FW Features - Image Control,,"PTP, RDMA support, User Sets, PWM(4), Sequencer,",,72 dB,39 dB,,,,,,,
Allied Vision,fxo-25gige,fxo537C25GE,FXO 25GigE,Available,Area scan,Color,Visible,400 nm to 1000 nm,"2,448 × 2,048 (5.00 MP)",Sony IMX537,cmos,global-shutter,"6.71 × 5.61 mm (8.75 mm, 8.8mm (Type 1/1.8))",2.74 µm × 2.74 µm,"8-Bit,12-Bit",,262 fps,"0 x LVDS input, 0 x LVDS output, 0 x TTL input, 0 x TTL output, 2 x 24V input, 4 x Open drain output,","1 x Optical isolated input, 0 x Optical isolated input,",10 to 25VDC,External: 17.5 W (typical),-10 °C to 60 °C,100 × 50 × 50,C-Mount,320 g,4032 MByte,128 MByte,25gige,,"bayer8, bayer12",,,,,4 µs to 60 s,0.0 dB to 48.0 dB,,"1 x RS232 input, 1 x RS232 output, 0 x RS422 input, 0 x RS422 output,",F002315,IR-Cut 680,IP30,(SFP28),"Manual, Auto, External","Auto, Manual",FW Features - Image Control,,"PTP, RDMA support, User Sets, PWM(4), Sequencer,","auto, manual",72 dB,39 dB,,,,,,,
Allied Vision,fxo-25gige,fxo537M25GE,FXO 25GigE,Available,Area scan,Mono,Visible,400 nm to 1000 nm,"2,448 × 2,048 (5.00 MP)",Sony IMX537,cmos,global-shutter,"6.71 × 5.61 mm (8.75 mm, 8.8mm (Type 1/1.8))",2.74 µm × 2.74 µm,"8-Bit,12-Bit","mono8, mono12",262 fps,"0 x LVDS input, 0 x LVDS output, 0 x TTL input, 0 x TTL output, 2 x 24V input, 4 x Open drain output,","1 x Optical isolated input, 0 x Optical isolated input,",10 to 25VDC,External: 17.5 W (typical),-10 °C to 60 °C,100 × 50 × 50,C-Mount,320 g,4032 MByte,128 MByte,25gige,,,,,,,4 µs to 60 s,0.0 dB to 48.0 dB,,"1 x RS232 input, 1 x RS232 output, 0 x RS422 input, 0 x RS422 output,",F002314,K9 - AR coating - 400-850nm,IP30,(SFP28),"Manual, Auto, External","Auto, Manual",FW Features - Image Control,,"PTP, RDMA support, User Sets, PWM(4), Sequencer,",,72 dB,39 dB,,,,,,,
Allied Vision,fxo-100gige,fxo925C100GE,FXO 100GigE,Prototype/engineering sample,Area scan,Color,Visible,350 nm to 1000 nm,"5,312 × 4,608 (24.50 MP)",Sony IMX925,cmos,global-shutter,"14.55 × 12.63 mm (19.27 mm, 19.3mm (Type 1.2))",2.74 µm × 2.74 µm,"8-Bit,12-Bit",,442.7 fps,"0 x LVDS input, 0 x LVDS output, 0 x TTL input, 0 x TTL output, 2 x 24V input, 2 x Open drain output,","0 x Optical isolated input, 0 x Optical isolated input,",24 to 25VDC,External: 26 W (typical),-10 °C to 60 °C,101 × 58 × 58,C-Mount,450 g,4032 MByte,32768 MByte,100gige,,"bayer8, bayer12, bayer12packed",,,,,4 µs to 60 s,0.0 dB to 48.0 dB,,"0 x RS232 input, 0 x RS232 output, 1 x RS422 input, 1 x RS422 output,",F002399,IR-Cut 680,IP30,(QSFP28),"Manual, Auto, External","Auto, Manual",FW Features - Image Control,,"PTP, RDMA support, User Sets, PWM(4), Sequencer,","auto, manual",,,,,,,,,
Allied Vision,fxo-100gige,fxo925M100GE,FXO 100GigE,Prototype/engineering sample,Area scan,Mono,Visible,350 nm to 1000 nm,"5,312 × 4,608 (24.50 MP)",Sony IMX925,cmos,global-shutter,"14.55 × 12.63 mm (19.27 mm, 19.3mm (Type 1.2))",2.74 µm × 2.74 µm,"8-Bit,12-Bit","mono8, mono12, mono12packed",442.7 fps,"0 x LVDS input, 0 x LVDS output, 0 x TTL input, 0 x TTL output, 2 x 24V input, 2 x Open drain output,","0 x Optical isolated input, 0 x Optical isolated input,",24 to 25VDC,External: 26 W (typical),-10 °C to 60 °C,101 × 58 × 58,C-Mount,450 g,4032 MByte,32768 MByte,100gige,,,,,,,4 µs to 60 s,0.0 dB to 48.0 dB,,"0 x RS232 input, 0 x RS232 output, 1 x RS422 input, 1 x RS422 output,",F002398,K9 - AR coating - 400-850nm,IP30,(QSFP28),"Manual, Auto, External","Auto, Manual",FW Features - Image Control,,"PTP, RDMA support, User Sets, PWM(4), Sequencer,",,,,,,,,,,
Allied Vision,fxo-100gige,fxo926C100GE,FXO 100GigE,Prototype/engineering sample,Area scan,Color,Visible,350 nm to 1000 nm,"4,096 × 3,008 (12.30 MP)",Sony IMX926,cmos,global-shutter,"11.22 × 8.24 mm (13.92 mm, 14mm (Type 1/1.1))",2.74 µm × 2.74 µm,"8-Bit,12-Bit",,660.8 fps,"0 x LVDS input, 0 x LVDS output, 0 x TTL input, 0 x TTL output, 2 x 24V input, 2 x Open drain output,","0 x Optical isolated input, 0 x Optical isolated input,",24 to 25VDC,External: 26 W (typical),-10 °C to 60 °C,101 × 58 × 58,C-Mount,450 g,4032 MByte,32768 MByte,100gige,,"bayer8, bayer12, bayer12packed",,,,,4 µs to 60 s,0.0 dB to 48.0 dB,,"0 x RS232 input, 0 x RS232 output, 1 x RS422 input, 1 x RS422 output,",F002401,IR-Cut 680,IP30,(QSFP28),"Manual, Auto, External","Auto, Manual",FW Features - Image Control,,"PTP, RDMA support, User Sets, PWM(4), Sequencer,","auto, manual",,,,,,,,,
Allied Vision,fxo-100gige,fxo926M100GE,FXO 100GigE,Prototype/engineering sample,Area scan,Mono,Visible,350 nm to 1000 nm,"4,096 × 3,008 (12.30 MP)",Sony IMX926,cmos,global-shutter,"11.22 × 8.24 mm (13.92 mm, 14mm (Type 1/1.1))",2.74 µm × 2.74 µm,"8-Bit,12-Bit","mono8, mono12, mono12packed",660.8 fps,"0 x LVDS input, 0 x LVDS output, 0 x TTL input, 0 x TTL output, 2 x 24V input, 2 x Open drain output,","0 x Optical isolated input, 0 x Optical isolated input,",24 to 25VDC,External: 26 W (typical),-10 °C to 60 °C,101 × 58 × 58,C-Mount,450 g,4032 MByte,32768 MByte,100gige,,,,,,,4 µs to 60 s,0.0 dB to 48.0 dB,,"0 x RS232 input, 0 x RS232 output, 1 x RS422 input, 1 x RS422 output,",F002400,K9 - AR coating - 400-850nm,IP30,(QSFP28),"Manual, Auto, External","Auto, Manual",FW Features - Image Control,,"PTP, RDMA support, User Sets, PWM(4), Sequencer,",,,,,,,,,,
Allied Vision,fxo-cxp,fxo420CCX12-2C,FXO CoaXPress,Available,Area scan,Color,Visible,400 nm to 1000 nm,"3,216 × 2,208 (7.10 MP)",Sony IMX420,cmos,global-shutter,"14.47 × 9.94 mm (17.55 mm, 17.6mm (Type 1.1))",4.50 µm × 4.50 µm,"8-Bit,12-Bit",,207 fps,"0 x LVDS input, 0 x LVDS output, 0 x TTL input, 0 x TTL output, 2 x 24V input, 4 x Open drain output,","1 x Optical isolated input, 0 x Optical isolated input,","10 to 25VDC, Power over CoaXPress",External: 13 W (typical),-10 °C to 60 °C,73 × 50 × 50,C-Mount,240 g,,32 MByte,cxp-12 with 2 connections,,"bayer8, bayer12",,,,,21 µs to 60 s,0.0 dB to 48.0 dB,,"1 x RS232 input, 1 x RS232 output, 0 x RS422 input, 0 x RS422 output,",F002268,IR-Cut 680,IP30,(micro-BNC),"Manual, Auto, External","Auto, Manual",FW Features - Image Control,"INTERNAL,SOFTWARE,EXTERNAL","PoCxP, User Sets, PWM(4), Sequencer,","auto, manual",,,,,,,,,
Allied Vision,fxo-cxp,fxo420MCX12-2C,FXO CoaXPress,Available,Area scan,Mono,Visible,400 nm to 1000 nm,"3,216 × 2,208 (7.10 MP)",Sony IMX420,cmos,global-shutter,"14.47 × 9.94 mm (17.55 mm, 17.6mm (Type 1.1))",4.50 µm × 4.50 µm,"8-Bit,12-Bit","mono8, mono12",207 fps,"0 x LVDS input, 0 x LVDS output, 0 x TTL input, 0 x TTL output, 2 x 24V input, 4 x Open drain output,","1 x Optical isolated input, 0 x Optical isolated input,","10 to 25VDC, Power over CoaXPress",External: 13 W (typical),-10 °C to 60 °C,73 × 50 × 50,C-Mount,240 g,,32 MByte,cxp-12 with 2 connections,,,,,,,21 µs to 60 s,0.0 dB to 48.0 dB,,"1 x RS232 input, 1 x RS232 output, 0 x RS422 input, 0 x RS422 output,",F002269,K9 - AR coating - 400-850nm,IP30,(micro-BNC),"Manual, Auto, External","Auto, Manual",FW Features - Image Control,"INTERNAL,SOFTWARE,EXTERNAL","PoCxP, User Sets, PWM(4), Sequencer,",,,,,,,,,,
Allied Vision,fxo-cxp,fxo421CCX12-2C,FXO CoaXPress,Available,Area scan,Color,Visible,400 nm to 1000 nm,"1,936 × 1,464 (2.80 MP)",Sony IMX421,cmos,global-shutter,"8.71 × 6.59 mm (10.92 mm, 11.0mm (Type 2/3))",4.50 µm × 4.50 µm,"8-Bit,12-Bit",,413.5 fps,"0 x LVDS input, 0 x LVDS output, 0 x TTL input, 0 x TTL output, 2 x 24V input, 4 x Open drain output,","1 x Optical isolated input, 0 x Optical isolated input,","10 to 25VDC, Power over CoaXPress",External: 13 W (typical),-10 °C to 60 °C,73 × 50 × 50,C-Mount,240 g,,32 MByte,cxp-12 with 2 connections,,"bayer8, bayer12",,,,,7 µs to 60 s,0.0 dB to 48.0 dB,,"1 x RS232 input, 1 x RS232 output, 0 x RS422 input, 0 x RS422 output,",F002266,IR-Cut 680,IP30,(micro-BNC),"Manual, Auto, External","Auto, Manual",FW Features - Image Control,"INTERNAL,SOFTWARE,EXTERNAL","PoCxP, User Sets, PWM(4), Sequencer,","auto, manual",,,,,,,,,
Allied Vision,fxo-cxp,fxo421MCX12-2C,FXO CoaXPress,Available,Area scan,Mono,Visible,400 nm to 1000 nm,"1,936 × 1,464 (2.80 MP)",Sony IMX421,cmos,global-shutter,"8.71 × 6.59 mm (10.92 mm, 11.0mm (Type 2/3))",4.50 µm × 4.50 µm,"8-Bit,12-Bit","mono8, mono12",413.5 fps,"0 x LVDS input, 0 x LVDS output, 0 x TTL input, 0 x TTL output, 2 x 24V input, 4 x Open drain output,","1 x Optical isolated input, 0 x Optical isolated input,","10 to 25VDC, Power over CoaXPress",External: 13 W (typical),-10 °C to 60 °C,73 × 50 × 50,C-Mount,240 g,,32 MByte,cxp-12 with 2 connections,,,,,,,7 µs to 60 s,0.0 dB to 48.0 dB,,"1 x RS232 input, 1 x RS232 output, 0 x RS422 input, 0 x RS422 output,",F002267,K9 - AR coating - 400-850nm,IP30,(micro-BNC),"Manual, Auto, External","Auto, Manual",FW Features - Image Control,"INTERNAL,SOFTWARE,EXTERNAL","PoCxP, User Sets, PWM(4), Sequencer,",,,,,,,,,,
Allied Vision,fxo-cxp,fxo425CCX12-2C,FXO CoaXPress,Available,Area scan,Color,Visible,400 nm to 1000 nm,"1,600 × 1,104 (1.80 MP)",Sony IMX425,cmos,global-shutter,"14.4 × 9.94 mm (17.5 mm, 17.6mm (Type 1.1))",9.00 µm × 9.00 µm,"8-Bit,12-Bit",,671 fps,"0 x LVDS input, 0 x LVDS output, 0 x TTL input, 0 x TTL output, 2 x 24V input, 4 x Open drain output,","1 x Optical isolated input, 0 x Optical isolated input,","10 to 25VDC, Power over CoaXPress",External: 13 W (typical),-10 °C to 60 °C,73 × 50 × 50,C-Mount,240 g,,32 MByte,cxp-12 with 2 connections,,"bayer8, bayer12",,,,,7 µs to 60 s,0.0 dB to 48.0 dB,,"1 x RS232 input, 1 x RS232 output, 0 x RS422 input, 0 x RS422 output,",F002264,IR-Cut 680,IP30,(micro-BNC),"Manual, Auto, External","Auto, Manual",FW Features - Image Control,"INTERNAL,SOFTWARE,EXTERNAL","PoCxP, User Sets, PWM(4), Sequencer,","auto, manual",,,,,,,,,
Allied Vision,fxo-cxp,fxo425MCX12-2C,FXO CoaXPress,Available,Area scan,Mono,Visible,400 nm to 1000 nm,"1,600 × 1,104 (1.80 MP)",Sony IMX425,cmos,global-shutter,"14.4 × 9.94 mm (17.5 mm, 17.6mm (Type 1.1))",9.00 µm × 9.00 µm,"8-Bit,12-Bit","mono8, mono12",671 fps,"0 x LVDS input, 0 x LVDS output, 0 x TTL input, 0 x TTL output, 2 x 24V input, 4 x Open drain output,","1 x Optical isolated input, 0 x Optical isolated input,","10 to 25VDC, Power over CoaXPress",External: 13 W (typical),-10 °C to 60 °C,73 × 50 × 50,C-Mount,240 g,,32 MByte,cxp-12 with 2 connections,,,,,,,7 µs to 60 s,0.0 dB to 48.0 dB,,"1 x RS232 input, 1 x RS232 output, 0 x RS422 input, 0 x RS422 output,",F002265,K9 - AR coating - 400-850nm,IP30,(micro-BNC),"Manual, Auto, External","Auto, Manual",FW Features - Image Control,"INTERNAL,SOFTWARE,EXTERNAL","PoCxP, User Sets, PWM(4), Sequencer,",,,,,,,,,,
Allied Vision,fxo-cxp,fxo530CCX12-2C,FXO CoaXPress,Available,Area scan,Color,Visible,400 nm to 1000 nm,"5,328 × 4,608 (24.60 MP)",Sony IMX530,cmos,global-shutter,"14.6 × 12.63 mm (19.3 mm, 19.3mm (Type 1.2))",2.74 µm × 2.74 µm,"8-Bit,12-Bit",,97.6 fps,"0 x LVDS input, 0 x LVDS output, 0 x TTL input, 0 x TTL output, 2 x 24V input, 4 x Open drain output,","1 x Optical isolated input, 0 x Optical isolated input,","10 to 25VDC, Power over CoaXPress",External: 14 W (typical),-10 °C to 60 °C,73 × 50 × 50,C-Mount,240 g,,32 MByte,cxp-12 with 2 connections,,"bayer8, bayer12",,,,,5 µs to 60 s,0.0 dB to 48.0 dB,,"1 x RS232 input, 1 x RS232 output, 0 x RS422 input, 0 x RS422 output,",F002259,IR-Cut 680,IP30,(micro-BNC),"Manual, Auto, External","Auto, Manual",FW Features - Image Control,"INTERNAL,SOFTWARE,EXTERNAL","PoCxP, User Sets, PWM(4), Sequencer,","auto, manual",72 dB,39 dB,,,,,,,
Allied Vision,fxo-cxp,fxo530MCX12-2C,FXO CoaXPress,Available,Area scan,Mono,Visible,400 nm to 1000 nm,"5,328 × 4,608 (24.60 MP)",Sony IMX530,cmos,global-shutter,"14.6 × 12.63 mm (19.3 mm, 19.3mm (Type 1.2))",2.74 µm × 2.74 µm,"8-Bit,12-Bit","mono8, mono12",97.6 fps,"0 x LVDS input, 0 x LVDS output, 0 x TTL input, 0 x TTL output, 2 x 24V input, 4 x Open drain output,","1 x Optical isolated input, 0 x Optical isolated input,","10 to 25VDC, Power over CoaXPress",External: 14 W (typical),-10 °C to 60 °C,73 × 50 × 50,C-Mount,240 g,,32 MByte,cxp-12 with 2 connections,,,,,,,5 µs to 60 s,0.0 dB to 48.0 dB,,"1 x RS232 input, 1 x RS232 output, 0 x RS422 input, 0 x RS422 output,",F002248,K9 - AR coating - 400-850nm,IP30,(micro-BNC),"Manual, Auto, External","Auto, Manual",FW Features - Image Control,"INTERNAL,SOFTWARE,EXTERNAL","PoCxP, User Sets, PWM(4), Sequencer,",,72 dB,39 dB,,,,,,,
Allied Vision,fxo-cxp,fxo531CCX12-2C,FXO CoaXPress,Available,Area scan,Color,Visible,400 nm to 1000 nm,"4,512 × 4,512 (20.40 MP)",Sony IMX531,cmos,global-shutter,"12.36 × 12.36 mm (17.48 mm, 17.5mm (Type 1.1))",2.74 µm × 2.74 µm,"8-Bit,12-Bit",,109.5 fps,"0 x LVDS input, 0 x LVDS output, 0 x TTL input, 0 x TTL output, 2 x 24V input, 4 x Open drain output,","1 x Optical isolated input, 0 x Optical isolated input,","10 to 25VDC, Power over CoaXPress",External: 14 W (typical),-10 °C to 60 °C,73 × 50 × 50,C-Mount,240 g,,32 MByte,cxp-12 with 2 connections,,"bayer8, bayer12",,,,,21 µs to 60 s,0.0 dB to 48.0 dB,,"1 x RS232 input, 1 x RS232 output, 0 x RS422 input, 0 x RS422 output,",F002258,IR-Cut 680,IP30,(micro-BNC),"Manual, Auto, External","Auto, Manual",FW Features - Image Control,"INTERNAL,SOFTWARE,EXTERNAL","PoCxP, User Sets, PWM(4), Sequencer,","auto, manual",72 dB,39 dB,,,,,,,
Allied Vision,fxo-cxp,fxo531MCX12-2C,FXO CoaXPress,Available,Area scan,Mono,Visible,400 nm to 1000 nm,"4,512 × 4,512 (20.40 MP)",Sony IMX531,cmos,global-shutter,"12.36 × 12.36 mm (17.48 mm, 17.5mm (Type 1.1))",2.74 µm × 2.74 µm,"8-Bit,12-Bit","mono8, mono12",109.5 fps,"0 x LVDS input, 0 x LVDS output, 0 x TTL input, 0 x TTL output, 2 x 24V input, 4 x Open drain output,","1 x Optical isolated input, 0 x Optical isolated input,","10 to 25VDC, Power over CoaXPress",External: 14 W (typical),-10 °C to 60 °C,73 × 50 × 50,C-Mount,240 g,,32 MByte,cxp-12 with 2 connections,,,,,,,21 µs to 60 s,0.0 dB to 48.0 dB,,"1 x RS232 input, 1 x RS232 output, 0 x RS422 input, 0 x RS422 output,",F002249,K9 - AR coating - 400-850nm,IP30,(micro-BNC),"Manual, Auto, External","Auto, Manual",FW Features - Image Control,"INTERNAL,SOFTWARE,EXTERNAL","PoCxP, User Sets, PWM(4), Sequencer,",,72 dB,39 dB,,,,,,,
Allied Vision,fxo-cxp,fxo532CCX12-2C,FXO CoaXPress,Available,Area scan,Color,Visible,400 nm to 1000 nm,"5,328 × 3,040 (16.20 MP)",Sony IMX532,cmos,global-shutter,"14.6 × 8.33 mm (16.81 mm, 16.8mm (Type 1.1))",2.74 µm × 2.74 µm,"8-Bit,12-Bit",,144 fps,"0 x LVDS input, 0 x LVDS output, 0 x TTL input, 0 x TTL output, 2 x 24V input, 4 x Open drain output,","1 x Optical isolated input, 0 x Optical isolated input,","10 to 25VDC, Power over CoaXPress",External: 14 W (typical),-10 °C to 60 °C,73 × 50 × 50,C-Mount,240 g,,32 MByte,cxp-12 with 2 connections,,"bayer8, bayer12",,,,,21 µs to 60 s,0.0 dB to 48.0 dB,,"1 x RS232 input, 1 x RS232 output, 0 x RS422 input, 0 x RS422 output,",F002257,IR-Cut 680,IP30,(micro-BNC),"Manual, Auto, External","Auto, Manual",FW Features - Image Control,"INTERNAL,SOFTWARE,EXTERNAL","PoCxP, User Sets, PWM(4), Sequencer,","auto, manual",72 dB,39 dB,,,,,,,
Allied Vision,fxo-cxp,fxo532MCX12-2C,FXO CoaXPress,Available,Area scan,Mono,Visible,400 nm to 1000 nm,"5,328 × 3,040 (16.20 MP)",Sony IMX532,cmos,global-shutter,"14.6 × 8.33 mm (16.81 mm, 16.8mm (Type 1.1))",2.74 µm × 2.74 µm,"8-Bit,12-Bit","mono8, mono12",144 fps,"0 x LVDS input, 0 x LVDS output, 0 x TTL input, 0 x TTL output, 2 x 24V input, 4 x Open drain output,","1 x Optical isolated input, 0 x Optical isolated input,","10 to 25VDC, Power over CoaXPress",External: 14 W (typical),-10 °C to 60 °C,73 × 50 × 50,C-Mount,240 g,,32 MByte,cxp-12 with 2 connections,,,,,,,21 µs to 60 s,0.0 dB to 48.0 dB,,"1 x RS232 input, 1 x RS232 output, 0 x RS422 input, 0 x RS422 output,",F002250,K9 - AR coating - 400-850nm,IP30,(micro-BNC),"Manual, Auto, External","Auto, Manual",FW Features - Image Control,"INTERNAL,SOFTWARE,EXTERNAL","PoCxP, User Sets, PWM(4), Sequencer,",,72 dB,39 dB,,,,,,,
Allied Vision,fxo-cxp,fxo535CCX12-2C,FXO CoaXPress,Available,Area scan,Color,Visible,400 nm to 1000 nm,"4,096 × 3,008 (12.30 MP)",Sony IMX535,cmos,global-shutter,"11.22 × 8.24 mm (13.92 mm, 14mm (Type 1/1.1))",2.74 µm × 2.74 µm,"8-Bit,12-Bit",,182.5 fps,"0 x LVDS input, 0 x LVDS output, 0 x TTL input, 0 x TTL output, 2 x 24V input, 4 x Open drain output,","1 x Optical isolated input, 0 x Optical isolated input,","10 to 25VDC, Power over CoaXPress",External: 13 W (typical),-10 °C to 60 °C,73 × 50 × 50,C-Mount,240 g,,32 MByte,cxp-12 with 2 connections,,"bayer8, bayer12",,,,,5 µs to 60 s,0.0 dB to 48.0 dB,,"1 x RS232 input, 1 x RS232 output, 0 x RS422 input, 0 x RS422 output,",F002256,IR-Cut 680,IP30,(micro-BNC),"Manual, Auto, External","Auto, Manual",FW Features - Image Control,"INTERNAL,SOFTWARE,EXTERNAL","PoCxP, User Sets, PWM(4), Sequencer,","auto, manual",72 dB,39 dB,,,,,,,
Allied Vision,fxo-cxp,fxo535MCX12-2C,FXO CoaXPress,Available,Area scan,Mono,Visible,400 nm to 1000 nm,"4,096 × 3,008 (12.30 MP)",Sony IMX535,cmos,global-shutter,"11.22 × 8.24 mm (13.92 mm, 14mm (Type 1/1.1))",2.74 µm × 2.74 µm,"8-Bit,12-Bit","mono8, mono12",182.5 fps,"0 x LVDS input, 0 x LVDS output, 0 x TTL input, 0 x TTL output, 2 x 24V input, 4 x Open drain output,","1 x Optical isolated input, 0 x Optical isolated input,","10 to 25VDC, Power over CoaXPress",External: 13 W (typical),-10 °C to 60 °C,73 × 50 × 50,C-Mount,240 g,,32 MByte,cxp-12 with 2 connections,,,,,,,5 µs to 60 s,0.0 dB to 48.0 dB,,"1 x RS232 input, 1 x RS232 output, 0 x RS422 input, 0 x RS422 output,",F002251,K9 - AR coating - 400-850nm,IP30,(micro-BNC),"Manual, Auto, External","Auto, Manual",FW Features - Image Control,"INTERNAL,SOFTWARE,EXTERNAL","PoCxP, User Sets, PWM(4), Sequencer,",,72 dB,39 dB,,,,,,,
Allied Vision,fxo-cxp,fxo536CCX12-2C,FXO CoaXPress,Available,Area scan,Color,Visible,400 nm to 1000 nm,"2,848 × 2,848 (8.10 MP)",Sony IMX536,cmos,global-shutter,"7.8 × 7.8 mm (11.04 mm, 11.1mm (Type 2/3))",2.74 µm × 2.74 µm,"8-Bit,12-Bit",,195 fps,"0 x LVDS input, 0 x LVDS output, 0 x TTL input, 0 x TTL output, 2 x 24V input, 4 x Open drain output,","1 x Optical isolated input, 0 x Optical isolated input,","10 to 25VDC, Power over CoaXPress",External: 13 W (typical),-10 °C to 60 °C,73 × 50 × 50,C-Mount,240 g,,32 MByte,cxp-12 with 2 connections,,"bayer8, bayer12",,,,,21 µs to 60 s,0.0 dB to 48.0 dB,,"1 x RS232 input, 1 x RS232 output, 0 x RS422 input, 0 x RS422 output,",F002254,IR-Cut 680,IP30,(micro-BNC),"Manual, Auto, External","Auto, Manual",FW Features - Image Control,"INTERNAL,SOFTWARE,EXTERNAL","PoCxP, User Sets, PWM(4), Sequencer,","auto, manual",72 dB,39 dB,,,,,,,
Allied Vision,fxo-cxp,fxo536MCX12-2C,FXO CoaXPress,Available,Area scan,Mono,Visible,400 nm to 1000 nm,"2,848 × 2,848 (8.10 MP)",Sony IMX536,cmos,global-shutter,"7.8 × 7.8 mm (11.04 mm, 11.1mm (Type 2/3))",2.74 µm × 2.74 µm,"8-Bit,12-Bit","mono8, mono12",195 fps,"0 x LVDS input, 0 x LVDS output, 0 x TTL input, 0 x TTL output, 2 x 24V input, 4 x Open drain output,","1 x Optical isolated input, 0 x Optical isolated input,","10 to 25VDC, Power over CoaXPress",External: 13 W (typical),-10 °C to 60 °C,73 × 50 × 50,C-Mount,240 g,,32 MByte,cxp-12 with 2 connections,,,,,,,21 µs to 60 s,0.0 dB to 48.0 dB,,"1 x RS232 input, 1 x RS232 output, 0 x RS422 input, 0 x RS422 output,",F002253,K9 - AR coating - 400-850nm,IP30,(micro-BNC),"Manual, Auto, External","Auto, Manual",FW Features - Image Control,"INTERNAL,SOFTWARE,EXTERNAL","PoCxP, User Sets, PWM(4), Sequencer,",,72 dB,39 dB,,,,,,,
Allied Vision,fxo-cxp,fxo537CCX12-2C,FXO CoaXPress,Available,Area scan,Color,Visible,400 nm to 1000 nm,"2,448 × 2,048 (5.00 MP)",Sony IMX537,cmos,global-shutter,"6.71 × 5.61 mm (8.75 mm, 8.8mm (Type 1/1.8))",2.74 µm × 2.74 µm,"8-Bit,12-Bit",,262 fps,"0 x LVDS input, 0 x LVDS output, 0 x TTL input, 0 x TTL output, 2 x 24V input, 4 x Open drain output,","1 x Optical isolated input, 0 x Optical isolated input,","10 to 25VDC, Power over CoaXPress",External: 13 W (typical),-10 °C to 60 °C,73 × 50 × 50,C-Mount,240 g,,32 MByte,cxp-12 with 2 connections,,"bayer8, bayer12",,,,,5 µs to 60 s,0.0 dB to 48.0 dB,,"1 x RS232 input, 1 x RS232 output, 0 x RS422 input, 0 x RS422 output,",F002255,IR-Cut 680,IP30,(micro-BNC),"Manual, Auto, External","Auto, Manual",FW Features - Image Control,"INTERNAL,SOFTWARE,EXTERNAL","PoCxP, User Sets, PWM(4), Sequencer,","auto, manual",72 dB,39 dB,,,,,,,
Allied Vision,fxo-cxp,fxo537MCX12-2C,FXO CoaXPress,Available,Area scan,Mono,Visible,400 nm to 1000 nm,"2,448 × 2,048 (5.00 MP)",Sony IMX537,cmos,global-shutter,"6.71 × 5.61 mm (8.75 mm, 8.8mm (Type 1/1.8))",2.74 µm × 2.74 µm,"8-Bit,12-Bit","mono8, mono12",262 fps,"0 x LVDS input, 0 x LVDS output, 0 x TTL input, 0 x TTL output, 2 x 24V input, 4 x Open drain output,","1 x Optical isolated input, 0 x Optical isolated input,","10 to 25VDC, Power over CoaXPress",External: 13 W (typical),-10 °C to 60 °C,73 × 50 × 50,C-Mount,240 g,,32 MByte,cxp-12 with 2 connections,,,,,,,5 µs to 60 s,0.0 dB to 48.0 dB,,"1 x RS232 input, 1 x RS232 output, 0 x RS422 input, 0 x RS422 output,",F002252,K9 - AR coating - 400-850nm,IP30,(micro-BNC),"Manual, Auto, External","Auto, Manual",FW Features - Image Control,"INTERNAL,SOFTWARE,EXTERNAL","PoCxP, User Sets, PWM(4), Sequencer,",,72 dB,39 dB,,,,,,,
Allied Vision,fxo-cxp,fxo540CCX,FXO CoaXPress,Available,Area scan,Color,Visible,400 nm to 1000 nm,"5,312 × 4,600 (24.40 MP)",Sony IMX540,cmos,global-shutter,"14.55 × 12.6 mm (19.25 mm, 19.3mm (Type 1.2))",2.74 µm × 2.74 µm,"8-Bit,12-Bit",,30.4 fps,"0 x LVDS input, 0 x LVDS output, 0 x TTL input, 0 x TTL output, 2 x 24V input, 4 x Open drain output,","1 x Optical isolated input, 0 x Optical isolated input,","10 to 25VDC, Power over CoaXPress",External: 8 W (typical),-10 °C to 65 °C,70 × 50 × 50,C-Mount,240 g,,32 MByte,cxp-12 with 1 connection,,"bayer8, bayer12",,,,,21 µs to 60 s,0.0 dB to 48.0 dB,,"1 x RS232 input, 1 x RS232 output, 0 x RS422 input, 0 x RS422 output,",F002085,,IP30,(micro-BNC),"Manual, Auto, External","Auto, Manual",FW Features - Image Control,"INTERNAL,SOFTWARE,EXTERNAL","PoCxP, User Sets, PWM(4), Sequencer,","auto, manual",72 dB,39.6 dB,,,,,,,
Allied Vision,fxo-cxp,fxo540MCX,FXO CoaXPress,Available,Area scan,Mono,Visible,400 nm to 1000 nm,"5,312 × 4,600 (24.40 MP)",Sony IMX540,cmos,global-shutter,"14.55 × 12.6 mm (19.25 mm, 19.3mm (Type 1.2))",2.74 µm × 2.74 µm,"8-Bit,12-Bit","mono8, mono12",30.4 fps,"0 x LVDS input, 0 x LVDS output, 0 x TTL input, 0 x TTL output, 2 x 24V input, 4 x Open drain output,","1 x Optical isolated input, 0 x Optical isolated input,","10 to 25VDC, Power over CoaXPress",External: 8 W (typical),-10 °C to 65 °C,70 × 50 × 50,C-Mount,240 g,,32 MByte,cxp-12 with 1 connection,,,,,,,10 µs to 60 s,0.0 dB to 48.0 dB,,"1 x RS232 input, 1 x RS232 output, 0 x RS422 input, 0 x RS422 output,",F002084,K9 - AR coating - 400-850nm,IP30,(micro-BNC),"Manual, Auto, External","Auto, Manual",FW Features - Image Control,"INTERNAL,SOFTWARE,EXTERNAL","PoCxP, User Sets, PWM(4), Sequencer,",,72 dB,39.5 dB,,,,,,,
Allied Vision,fxo-cxp,fxo541CCX,FXO CoaXPress,Available,Area scan,Color,Visible,400 nm to 1000 nm,"4,480 × 4,504 (20.20 MP)",Sony IMX541,cmos,global-shutter,"12.28 × 12.34 mm (17.41 mm, 17.5mm (Type 1.1))",2.74 µm × 2.74 µm,"8-Bit,12-Bit",,35.7 fps,"0 x LVDS input, 0 x LVDS output, 0 x TTL input, 0 x TTL output, 2 x 24V input, 4 x Open drain output,","1 x Optical isolated input, 0 x Optical isolated input,","10 to 25VDC, Power over CoaXPress",External: 8 W (typical),-10 °C to 65 °C,70 × 50 × 50,C-Mount,240 g,,32 MByte,cxp-12 with 1 connection,,"bayer8, bayer12",,,,,21 µs to 60 s,0.0 dB to 48.0 dB,,"1 x RS232 input, 1 x RS232 output, 0 x RS422 input, 0 x RS422 output,",F002087,,IP30,(micro-BNC),"Manual, Auto, External","Auto, Manual",FW Features - Image Control,"INTERNAL,SOFTWARE,EXTERNAL","PoCxP, User Sets, PWM(4), Sequencer,","auto, manual",72 dB,39.8 dB,,,,,,,
Allied Vision,fxo-cxp,fxo541MCX,FXO CoaXPress,Available,Area scan,Mono,Visible,400 nm to 1000 nm,"4,480 × 4,504 (20.20 MP)",Sony IMX541,cmos,global-shutter,"12.28 × 12.34 mm (17.41 mm, 17.5mm (Type 1.1))",2.74 µm × 2.74 µm,"8-Bit,12-Bit","mono8, mono12",35.7 fps,"0 x LVDS input, 0 x LVDS output, 0 x TTL input, 0 x TTL output, 2 x 24V input, 4 x Open drain output,","1 x Optical isolated input, 0 x Optical isolated input,","10 to 25VDC, Power over CoaXPress",External: 8 W (typical),-10 °C to 65 °C,70 × 50 × 50,C-Mount,240 g,,32 MByte,cxp-12 with 1 connection,,,,,,,21 µs to 60 s,0.0 dB to 48.0 dB,,"1 x RS232 input, 1 x RS232 output, 0 x RS422 input, 0 x RS422 output,",F002086,K9 - AR coating - 400-850nm,IP30,(micro-BNC),"Manual, Auto, External","Auto, Manual",FW Features - Image Control,"INTERNAL,SOFTWARE,EXTERNAL","PoCxP, User Sets, PWM(4), Sequencer,",,72 dB,39.7 dB,,,,,,,
Allied Vision,fxo-cxp,fxo542CCX,FXO CoaXPress,Available,Area scan,Color,Visible,400 nm to 1000 nm,"5,312 × 3,032 (16.10 MP)",Sony IMX542,cmos,global-shutter,"14.55 × 8.31 mm (16.76 mm, 16.8mm (Type 1.1))",2.74 µm × 2.74 µm,"8-Bit,12-Bit",,45.6 fps,"0 x LVDS input, 0 x LVDS output, 0 x TTL input, 0 x TTL output, 2 x 24V input, 4 x Open drain output,","1 x Optical isolated input, 0 x Optical isolated input,","10 to 25VDC, Power over CoaXPress",External: 9 W (typical),-10 °C to 65 °C,70 × 50 × 50,C-Mount,240 g,,32 MByte,cxp-12 with 1 connection,,"bayer8, bayer12",,,,,10 µs to 60 s,0.0 dB to 48.0 dB,,"1 x RS232 input, 1 x RS232 output, 0 x RS422 input, 0 x RS422 output,",F002089,IR-Cut 680,IP30,(micro-BNC),"Manual, Auto, External","Auto, Manual",FW Features - Image Control,"INTERNAL,SOFTWARE,EXTERNAL","PoCxP, User Sets, PWM(4), Sequencer,","auto, manual",72 dB,39.1 dB,,,,,,,
Allied Vision,fxo-cxp,fxo542MCX,FXO CoaXPress,Available,Area scan,Mono,Visible,400 nm to 1000 nm,"5,312 × 3,032 (16.10 MP)",Sony IMX542,cmos,global-shutter,"14.55 × 8.31 mm (16.76 mm, 16.8mm (Type 1.1))",2.74 µm × 2.74 µm,"8-Bit,12-Bit","mono8, mono12",45.6 fps,"0 x LVDS input, 0 x LVDS output, 0 x TTL input, 0 x TTL output, 2 x 24V input, 4 x Open drain output,","1 x Optical isolated input, 0 x Optical isolated input,","10 to 25VDC, Power over CoaXPress",External: 9 W (typical),-10 °C to 65 °C,70 × 50 × 50,C-Mount,240 g,,32 MByte,cxp-12 with 1 connection,,,,,,,10 µs to 60 s,0.0 dB to 48.0 dB,,"1 x RS232 input, 1 x RS232 output, 0 x RS422 input, 0 x RS422 output,",F002088,K9 - AR coating - 400-850nm,IP30,(micro-BNC),"Manual, Auto, External","Auto, Manual",FW Features - Image Control,"INTERNAL,SOFTWARE,EXTERNAL","PoCxP, User Sets, PWM(4), Sequencer,",,72 dB,39.9 dB,,,,,,,
Allied Vision,fxo-cxp,fxo545CCX,FXO CoaXPress,Available,Area scan,Color,Visible,400 nm to 1000 nm,"4,096 × 3,000 (12.30 MP)",Sony IMX545,cmos,global-shutter,"11.22 × 8.22 mm (13.91 mm, 14mm (Type 1/1.1))",2.74 µm × 2.74 µm,"8-Bit,12-Bit",,61 fps,"0 x LVDS input, 0 x LVDS output, 0 x TTL input, 0 x TTL output, 2 x 24V input, 4 x Open drain output,","1 x Optical isolated input, 0 x Optical isolated input,","10 to 25VDC, Power over CoaXPress",External: 8 W (typical),-10 °C to 65 °C,70 × 50 × 50,C-Mount,240 g,,32 MByte,cxp-12 with 1 connection,,"bayer8, bayer12",,,,,8 µs to 60 s,0.0 dB to 48.0 dB,,"1 x RS232 input, 1 x RS232 output, 0 x RS422 input, 0 x RS422 output,",F002127,IR-Cut 680,IP30,(micro-BNC),"Manual, Auto, External","Auto, Manual",FW Features - Image Control,"INTERNAL,SOFTWARE,EXTERNAL","PoCxP, User Sets, PWM(4), Sequencer,","auto, manual",72 dB,39 dB,,,,,,,
Allied Vision,fxo-cxp,fxo545MCX,FXO CoaXPress,Available,Area scan,Mono,Visible,400 nm to 1000 nm,"4,096 × 3,000 (12.30 MP)",Sony IMX545,cmos,global-shutter,"11.22 × 8.22 mm (13.91 mm, 14mm (Type 1/1.1))",2.74 µm × 2.74 µm,"8-Bit,12-Bit","mono8, mono12",61 fps,"0 x LVDS input, 0 x LVDS output, 0 x TTL input, 0 x TTL output, 2 x 24V input, 4 x Open drain output,","1 x Optical isolated input, 0 x Optical isolated input,","10 to 25VDC, Power over CoaXPress",External: 8 W (typical),-10 °C to 65 °C,70 × 50 × 50,C-Mount,240 g,,32 MByte,cxp-12 with 1 connection,,,,,,,5 µs to 60 s,0.0 dB to 48.0 dB,,"1 x RS232 input, 1 x RS232 output, 0 x RS422 input, 0 x RS422 output,",F002126,K9 - AR coating - 400-850nm,IP30,(micro-BNC),"Manual, Auto, External","Auto, Manual",FW Features - Image Control,"INTERNAL,SOFTWARE,EXTERNAL","PoCxP, User Sets, PWM(4), Sequencer,",,72 dB,39 dB,,,,,,,
Allied Vision,fxo-cxp,fxo546CCX,FXO CoaXPress,Available,Area scan,Color,Visible,400 nm to 1000 nm,"2,832 × 2,840 (8.00 MP)",Sony IMX546,cmos,global-shutter,"7.76 × 7.78 mm (10.99 mm, 11.1mm (Type 2/3))",2.74 µm × 2.74 µm,"8-Bit,12-Bit",,88 fps,"0 x LVDS input, 0 x LVDS output, 0 x TTL input, 0 x TTL output, 2 x 24V input, 4 x Open drain output,","1 x Optical isolated input, 0 x Optical isolated input,","10 to 25VDC, Power over CoaXPress",External: 8 W (typical),-10 °C to 65 °C,70 × 50 × 50,C-Mount,240 g,,32 MByte,cxp-12 with 1 connection,,"bayer8, bayer12",,,,,7 µs to 60 s,0.0 dB to 48.0 dB,,"1 x RS232 input, 1 x RS232 output, 0 x RS422 input, 0 x RS422 output,",F002155,IR-Cut 680,IP30,(micro-BNC),"Manual, Auto, External","Auto, Manual",FW Features - Image Control,"INTERNAL,SOFTWARE,EXTERNAL","PoCxP, User Sets, PWM(4), Sequencer,","auto, manual",,,,,,,,,
Allied Vision,fxo-cxp,fxo546MCX,FXO CoaXPress,Available,Area scan,Mono,Visible,400 nm to 1000 nm,"2,832 × 2,840 (8.00 MP)",Sony IMX546,cmos,global-shutter,"7.76 × 7.78 mm (10.99 mm, 11.1mm (Type 2/3))",2.74 µm × 2.74 µm,"8-Bit,12-Bit","mono8, mono12",88 fps,"0 x LVDS input, 0 x LVDS output, 0 x TTL input, 0 x TTL output, 2 x 24V input, 4 x Open drain output,","1 x Optical isolated input, 0 x Optical isolated input,","10 to 25VDC, Power over CoaXPress",External: 8 W (typical),-10 °C to 65 °C,70 × 50 × 50,C-Mount,240 g,,32 MByte,cxp-12 with 1 connection,,,,,,,7 µs to 60 s,0.0 dB to 48.0 dB,,"1 x RS232 input, 1 x RS232 output, 0 x RS422 input, 0 x RS422 output,",F002154,K9 - AR coating - 400-850nm,IP30,(micro-BNC),"Manual, Auto, External","Auto, Manual",FW Features - Image Control,"INTERNAL,SOFTWARE,EXTERNAL","PoCxP, User Sets, PWM(4), Sequencer,",,,,,,,,,,
Allied Vision,fxo-cxp,fxo547CCX,FXO CoaXPress,Available,Area scan,Color,Visible,400 nm to 1000 nm,"2,448 × 2,048 (5.00 MP)",Sony IMX547,cmos,global-shutter,"6.71 × 5.61 mm (8.75 mm, 8.8mm (Type 1/1.8))",2.74 µm × 2.74 µm,"8-Bit,12-Bit",,124 fps,"0 x LVDS input, 0 x LVDS output, 0 x TTL input, 0 x TTL output, 2 x 24V input, 4 x Open drain output,","1 x Optical isolated input, 0 x Optical isolated input,","10 to 25VDC, Power over CoaXPress",External: 8 W (typical),-10 °C to 65 °C,70 × 50 × 50,C-Mount,240 g,,32 MByte,cxp-12 with 1 connection,,"bayer8, bayer12",,,,,7 µs to 60 s,0.0 dB to 48.0 dB,,"1 x RS232 input, 1 x RS232 output, 0 x RS422 input, 0 x RS422 output,",F002129,IR-Cut 680,IP30,(micro-BNC),"Manual, Auto, External","Auto, Manual",FW Features - Image Control,"INTERNAL,SOFTWARE,EXTERNAL","PoCxP, User Sets, PWM(4), Sequencer,","auto, manual",72 dB,39 dB,,,,,,,
Allied Vision,fxo-cxp,fxo547MCX,FXO CoaXPress,Available,Area scan,Mono,Visible,400 nm to 1000 nm,"2,448 × 2,048 (5.00 MP)",Sony IMX547,cmos,global-shutter,"6.71 × 5.61 mm (8.75 mm, 8.8mm (Type 1/1.8))",2.74 µm × 2.74 µm,"8-Bit,12-Bit","mono8, mono12",124 fps,"0 x LVDS input, 0 x LVDS output, 0 x TTL input, 0 x TTL output, 2 x 24V input, 4 x Open drain output,","1 x Optical isolated input, 0 x Optical isolated input,","10 to 25VDC, Power over CoaXPress",External: 8 W (typical),-10 °C to 65 °C,70 × 50 × 50,C-Mount,240 g,,32 MByte,cxp-12 with 1 connection,,,,,,,7 µs to 60 s,0.0 dB to 48.0 dB,,"1 x RS232 input, 1 x RS232 output, 0 x RS422 input, 0 x RS422 output,",F002128,K9 - AR coating - 400-850nm,IP30,(micro-BNC),"Manual, Auto, External","Auto, Manual",FW Features - Image Control,"INTERNAL,SOFTWARE,EXTERNAL","PoCxP, User Sets, PWM(4), Sequencer,",,72 dB,39 dB,,,,,,,
Allied Vision,fxo-cxp,fxo901CCX12-2C,FXO CoaXPress,Available,Area scan,Color,Visible,400 nm to 1000 nm,"8,016 × 2,048 (16.40 MP)",Sony IMX901,cmos,global-shutter,"21.96 × 5.61 mm (22.67 mm, 22.7mm (Type 1.4))",2.74 µm × 2.74 µm,"8-Bit,12-Bit",,135.4 fps,"0 x LVDS input, 0 x LVDS output, 0 x TTL input, 0 x TTL output, 2 x 24V input, 4 x Open drain output,","1 x Optical isolated input, 0 x Optical isolated input,","10 to 25VDC, Power over CoaXPress",External: 12 W (typical),-10 °C to 60 °C,72 × 50 × 50,C-Mount,240 g,,32 MByte,cxp-12 with 2 connections,,"bayer8, bayer12",,,,,7 µs to 60 s,0.0 dB to 48.0 dB,,"1 x RS232 input, 1 x RS232 output, 0 x RS422 input, 0 x RS422 output,",F002363,None,IP30,(micro-BNC),"Manual, Auto, External","Auto, Manual",FW Features - Image Control,"INTERNAL,SOFTWARE,EXTERNAL","PoCxP, User Sets, PWM(4), Sequencer,","auto, manual",,,,,,,,,
Allied Vision,fxo-cxp,fxo901MCX12-2C,FXO CoaXPress,Available,Area scan,Mono,Visible,400 nm to 1000 nm,"8,016 × 2,048 (16.40 MP)",Sony IMX901,cmos,global-shutter,"21.96 × 5.61 mm (22.67 mm, 22.7mm (Type 1.4))",2.74 µm × 2.74 µm,"8-Bit,12-Bit","mono8, mono12",135.4 fps,"0 x LVDS input, 0 x LVDS output, 0 x TTL input, 0 x TTL output, 2 x 24V input, 4 x Open drain output,","1 x Optical isolated input, 0 x Optical isolated input,","10 to 25VDC, Power over CoaXPress",External: 12 W (typical),-10 °C to 60 °C,72 × 50 × 50,C-Mount,240 g,,32 MByte,cxp-12 with 2 connections,,,,,,,7 µs to 60 s,0.0 dB to 48.0 dB,,"1 x RS232 input, 1 x RS232 output, 0 x RS422 input, 0 x RS422 output,",F002362,None,IP30,(micro-BNC),"Manual, Auto, External","Auto, Manual",FW Features - Image Control,"INTERNAL,SOFTWARE,EXTERNAL","PoCxP, User Sets, PWM(4), Sequencer,",,,,,,,,,,
Allied Vision,fxo-cxp,fxo902CCX12-2C,FXO CoaXPress,Available,Area scan,Color,Visible,400 nm to 1000 nm,"6,048 × 2,048 (12.40 MP)",Sony IMX902,cmos,global-shutter,"16.57 × 5.61 mm (17.5 mm, 17.5mm (Type 1.1))",2.74 µm × 2.74 µm,"8-Bit,12-Bit",,135.4 fps,"0 x LVDS input, 0 x LVDS output, 0 x TTL input, 0 x TTL output, 2 x 24V input, 4 x Open drain output,","1 x Optical isolated input, 0 x Optical isolated input,","10 to 25VDC, Power over CoaXPress",External: 12 W (typical),-10 °C to 60 °C,72 × 50 × 50,C-Mount,240 g,,32 MByte,cxp-12 with 2 connections,,"bayer8, bayer12",,,,,7 µs to 60 s,0.0 dB to 48.0 dB,,"1 x RS232 input, 1 x RS232 output, 0 x RS422 input, 0 x RS422 output,",F002426,None,IP30,(micro-BNC),"Manual, Auto, External","Auto, Manual",FW Features - Image Control,"INTERNAL,SOFTWARE,EXTERNAL","PoCxP, User Sets, PWM(4), Sequencer,","auto, manual",,,,,,,,,
Allied Vision,fxo-cxp,fxo902MCX12-2C,FXO CoaXPress,Available,Area scan,Mono,Visible,400 nm to 1000 nm,"6,048 × 2,048 (12.40 MP)",Sony IMX902,cmos,global-shutter,"16.57 × 5.61 mm (17.5 mm, 17.5mm (Type 1.1))",2.74 µm × 2.74 µm,"8-Bit,12-Bit","mono8, mono12",135.4 fps,"0 x LVDS input, 0 x LVDS output, 0 x TTL input, 0 x TTL output, 2 x 24V input, 4 x Open drain output,","1 x Optical isolated input, 0 x Optical isolated input,","10 to 25VDC, Power over CoaXPress",External: 12 W (typical),-10 °C to 60 °C,72 × 50 × 50,C-Mount,240 g,,32 MByte,cxp-12 with 2 connections,,,,,,,7 µs to 60 s,0.0 dB to 48.0 dB,,"1 x RS232 input, 1 x RS232 output, 0 x RS422 input, 0 x RS422 output,",F002425,None,IP30,(micro-BNC),"Manual, Auto, External","Auto, Manual",FW Features - Image Control,"INTERNAL,SOFTWARE,EXTERNAL","PoCxP, User Sets, PWM(4), Sequencer,",,,,,,,,,,
Allied Vision,fxo-cxp-4-connections,fxo935CCX12-4C,FXO CXP (4 Connections),Available,Area scan,Color,Visible,400 nm to 1000 nm,"5,328 × 4,608 (24.60 MP)",Sony IMX935,cmos,global-shutter,"14.6 × 12.63 mm (19.3 mm, 19.3mm (Type 1.2))",2.74 µm × 2.74 µm,"8-Bit,12-Bit",,192 fps,"0 x LVDS input, 0 x LVDS output, 0 x TTL input, 0 x TTL output, 0 x 24V input, 1 x Open drain output,","1 x Optical isolated input, 0 x Optical isolated input,",Power over CoaXPress,9 W (typical),-10 °C to 60 °C,34 × 50 × 50,C-Mount,130 g,,32 MByte,cxp-12 with 4 connections,,"bayer8, bayer12",,,,,7 µs to 60 s,0.0 dB to 48.0 dB,,"0 x RS232 input, 0 x RS232 output, 0 x RS422 input, 0 x RS422 output,",F002434,,IP30,(micro-BNC),"Manual, Auto, External","Auto, Manual",FW Features - Image Control,"INTERNAL,SOFTWARE,EXTERNAL","PoCxP, User Sets, PWM(4), Sequencer,","auto, manual",,,,,,,,,
Allied Vision,fxo-cxp-4-connections,fxo935CCX12-4C-FF,FXO CXP (4 Connections),Available,Area scan,Color,Visible,400 nm to 1000 nm,"5,328 × 4,608 (24.60 MP)",Sony IMX935,cmos,global-shutter,"14.6 × 12.63 mm (19.3 mm, 19.3mm (Type 1.2))",2.74 µm × 2.74 µm,"8-Bit,12-Bit",,192 fps,"0 x LVDS input, 0 x LVDS output, 0 x TTL input, 0 x TTL output, 0 x 24V input, 1 x Open drain output,","1 x Optical isolated input, 0 x Optical isolated input,",Power over CoaXPress,9 W (typical),-10 °C to 60 °C,19 × 50 × 50,Flat Front,120 g,,32 MByte,cxp-12 with 4 connections,,"bayer8, bayer12",,,,,7 µs to 60 s,0.0 dB to 48.0 dB,,"0 x RS232 input, 0 x RS232 output, 0 x RS422 input, 0 x RS422 output,",F002433,,IP30,(micro-BNC),"Manual, Auto, External","Auto, Manual",FW Features - Image Control,"INTERNAL,SOFTWARE,EXTERNAL","PoCxP, User Sets, PWM(4), Sequencer,","auto, manual",,,,,,,,,
Allied Vision,fxo-cxp-4-connections,fxo935MCX12-4C,FXO CXP (4 Connections),Available,Area scan,Mono,Visible,400 nm to 1000 nm,"5,328 × 4,608 (24.60 MP)",Sony IMX935,cmos,global-shutter,"14.6 × 12.63 mm (19.3 mm, 19.3mm (Type 1.2))",2.74 µm × 2.74 µm,"8-Bit,12-Bit","mono8, mono12",192 fps,"0 x LVDS input, 0 x LVDS output, 0 x TTL input, 0 x TTL output, 0 x 24V input, 1 x Open drain output,","1 x Optical isolated input, 0 x Optical isolated input,",Power over CoaXPress,9 W (typical),-10 °C to 60 °C,34 × 50 × 50,C-Mount,130 g,,32 MByte,cxp-12 with 4 connections,,,,,,,7 µs to 60 s,0.0 dB to 48.0 dB,,"0 x RS232 input, 0 x RS232 output, 0 x RS422 input, 0 x RS422 output,",F002432,,IP30,(micro-BNC),"Manual, Auto, External","Auto, Manual",FW Features - Image Control,"INTERNAL,SOFTWARE,EXTERNAL","PoCxP, User Sets, PWM(4), Sequencer,",,,,,,,,,,
Allied Vision,fxo-cxp-4-connections,fxo935MCX12-4C-FF,FXO CXP (4 Connections),Available,Area scan,Mono,Visible,400 nm to 1000 nm,"5,328 × 4,608 (24.60 MP)",Sony IMX935,cmos,global-shutter,"14.6 × 12.63 mm (19.3 mm, 19.3mm (Type 1.2))",2.74 µm × 2.74 µm,"8-Bit,12-Bit","mono8, mono12",192 fps,"0 x LVDS input, 0 x LVDS output, 0 x TTL input, 0 x TTL output, 0 x 24V input, 1 x Open drain output,","1 x Optical isolated input, 0 x Optical isolated input,",Power over CoaXPress,9 W (typical),-10 °C to 60 °C,19 × 50 × 50,Flat Front,120 g,,32 MByte,cxp-12 with 4 connections,,,,,,,7 µs to 60 s,0.0 dB to 48.0 dB,,"0 x RS232 input, 0 x RS232 output, 0 x RS422 input, 0 x RS422 output,",F002431,,IP30,(micro-BNC),"Manual, Auto, External","Auto, Manual",FW Features - Image Control,"INTERNAL,SOFTWARE,EXTERNAL","PoCxP, User Sets, PWM(4), Sequencer,",,,,,,,,,,
Allied Vision,fxo-cxp-4-connections,fxo936CCX12-4C,FXO CXP (4 Connections),Available,Area scan,Color,Visible,400 nm to 1000 nm,"4,128 × 3,008 (12.40 MP)",Sony IMX936,cmos,global-shutter,"11.31 × 8.24 mm (14 mm, 14mm (Type 1/1.1))",2.74 µm × 2.74 µm,"8-Bit,12-Bit",,339.6 fps,"0 x LVDS input, 0 x LVDS output, 0 x TTL input, 0 x TTL output, 0 x 24V input, 1 x Open drain output,","1 x Optical isolated input, 0 x Optical isolated input,",Power over CoaXPress,9 W (typical),-10 °C to 60 °C Housing,34 × 50 × 50,C-Mount,130 g,,32 MByte,cxp-12 with 4 connections,,"bayer8, bayer12",,,,,7 µs to 60 s,0.0 dB to 48.0 dB,,"0 x RS232 input, 0 x RS232 output, 0 x RS422 input, 0 x RS422 output,",F002438,,IP30,(micro-BNC),"Manual, Auto, External","Auto, Manual",FW Features - Image Control,"INTERNAL,SOFTWARE,EXTERNAL","PoCxP, User Sets, PWM(4), Sequencer,","auto, manual",,,,,,,,,
Allied Vision,fxo-cxp-4-connections,fxo936CCX12-4C-FF,FXO CXP (4 Connections),Available,Area scan,Color,Visible,400 nm to 1000 nm,"4,128 × 3,008 (12.40 MP)",Sony IMX936,cmos,global-shutter,"11.31 × 8.24 mm (14 mm, 14mm (Type 1/1.1))",2.74 µm × 2.74 µm,"8-Bit,12-Bit",,339.6 fps,"0 x LVDS input, 0 x LVDS output, 0 x TTL input, 0 x TTL output, 0 x 24V input, 1 x Open drain output,","1 x Optical isolated input, 0 x Optical isolated input,",Power over CoaXPress,9 W (typical),-10 °C to 60 °C,19 × 50 × 50,Flat Front,120 g,,32 MByte,cxp-12 with 4 connections,,"bayer8, bayer12",,,,,7 µs to 60 s,0.0 dB to 48.0 dB,,"0 x RS232 input, 0 x RS232 output, 0 x RS422 input, 0 x RS422 output,",F002437,,IP30,(micro-BNC),"Manual, Auto, External","Auto, Manual",FW Features - Image Control,"INTERNAL,SOFTWARE,EXTERNAL","PoCxP, User Sets, PWM(4), Sequencer,","auto, manual",,,,,,,,,
Allied Vision,fxo-cxp-4-connections,fxo936MCX12-4C,FXO CXP (4 Connections),Available,Area scan,Mono,Visible,400 nm to 1000 nm,"4,128 × 3,008 (12.40 MP)",Sony IMX936,cmos,global-shutter,"11.31 × 8.24 mm (14 mm, 14mm (Type 1/1.1))",2.74 µm × 2.74 µm,"8-Bit,12-Bit","mono8, mono12",339.6 fps,"0 x LVDS input, 0 x LVDS output, 0 x TTL input, 0 x TTL output, 0 x 24V input, 1 x Open drain output,","1 x Optical isolated input, 0 x Optical isolated input,",Power over CoaXPress,9 W (typical),-10 °C to 60 °C,34 × 50 × 50,C-Mount,130 g,,32 MByte,cxp-12 with 4 connections,,,,,,,7 µs to 60 s,0.0 dB to 48.0 dB,,"0 x RS232 input, 0 x RS232 output, 0 x RS422 input, 0 x RS422 output,",F002436,,IP30,(micro-BNC),"Manual, Auto, External","Auto, Manual",FW Features - Image Control,"INTERNAL,SOFTWARE,EXTERNAL","PoCxP, User Sets, PWM(4), Sequencer,","auto, manual",,,,,,,,,
Allied Vision,fxo-cxp-4-connections,fxo936MCX12-4C-FF,FXO CXP (4 Connections),Available,Area scan,Mono,Visible,400 nm to 1000 nm,"4,128 × 3,008 (12.40 MP)",Sony IMX936,cmos,global-shutter,"11.31 × 8.24 mm (14 mm, 14mm (Type 1/1.1))",2.74 µm × 2.74 µm,"8-Bit,12-Bit","mono8, mono12",339.6 fps,"0 x LVDS input, 0 x LVDS output, 0 x TTL input, 0 x TTL output, 0 x 24V input, 1 x Open drain output,","1 x Optical isolated input, 0 x Optical isolated input,",Power over CoaXPress,9 W (typical),-10 °C to 60 °C,19 × 50 × 50,Flat Front,120 g,,32 MByte,cxp-12 with 4 connections,,,,,,,7 µs to 60 s,0.0 dB to 48.0 dB,,"0 x RS232 input, 0 x RS232 output, 0 x RS422 input, 0 x RS422 output,",F002435,,IP30,(micro-BNC),"Manual, Auto, External","Auto, Manual",FW Features - Image Control,"INTERNAL,SOFTWARE,EXTERNAL","PoCxP, User Sets, PWM(4), Sequencer,",,,,,,,,,,
Allied Vision,hr-10gige,hr342CXGE,HR 10GigE,Available,Area scan,Color,Visible,400 nm to 1000 nm,"6,464 × 4,852 (31.40 MP)",Sony IMX342,cmos,global-shutter,"22.3 × 16.74 mm (27.88 mm, 27.9mm (APS-C))",3.45 µm × 3.45 µm,"8-Bit,12-Bit",,35.4 fps,"0 x LVDS input, 0 x LVDS output, 0 x TTL input, 0 x TTL output, 2 x 24V input, 4 x Open drain output,","1 x Optical isolated input, 0 x Optical isolated input,","10 to 25VDC, Power over Ethernet (POE+, in option -P)",External: 16 W (typical),,80 × 70 × 70,M58x0.75,400 g,448 MByte,32 MByte,10gige,,"bayer8, bayer12",,,,,19 µs to 60 s,0.0 dB to 48.0 dB,,"1 x RS232 input, 1 x RS232 output, 0 x RS422 input, 0 x RS422 output,",F004071,N-BK7 - AR coating,IP30,(RJ-45),"Manual, Auto, External","Auto, Manual",FW Features - Image Control,"INTERNAL,SOFTWARE,EXTERNAL","User Sets, POE, PWM(4), Sequencer,","auto, manual",70.5 dB,39.9 dB,,,,,,,
Allied Vision,hr-10gige,hr342MXGE,HR 10GigE,Available,Area scan,Mono,Visible,400 nm to 1000 nm,"6,464 × 4,852 (31.40 MP)",Sony IMX342,cmos,global-shutter,"22.3 × 16.74 mm (27.88 mm, 27.9mm (APS-C))",3.45 µm × 3.45 µm,"8-Bit,12-Bit","mono8, mono12",35.4 fps,"0 x LVDS input, 0 x LVDS output, 0 x TTL input, 0 x TTL output, 2 x 24V input, 4 x Open drain output,","1 x Optical isolated input, 0 x Optical isolated input,","10 to 25VDC, Power over Ethernet (POE+, in option -P)",External: 16 W (typical),,80 × 70 × 70,M58x0.75,400 g,448 MByte,32 MByte,10gige,,,,,,,19 µs to 60 s,0.0 dB to 48.0 dB,,"1 x RS232 input, 1 x RS232 output, 0 x RS422 input, 0 x RS422 output,",F004070,N-BK7 - AR coating,IP30,(RJ-45),"Manual, Auto, External","Auto, Manual",FW Features - Image Control,"INTERNAL,SOFTWARE,EXTERNAL","User Sets, POE, PWM(4), Sequencer,",,70.5 dB,39.9 dB,,,,,,,
Allied Vision,hr-10gige,hr387CXGE,HR 10GigE,Available,Area scan,Color,Visible,400 nm to 1000 nm,"5,440 × 3,076 (16.70 MP)",Sony IMX387,cmos,global-shutter,"18.77 × 10.61 mm (21.56 mm, 21.7mm (Type 4/3))",3.45 µm × 3.45 µm,"8-Bit,12-Bit",,56.4 fps,"0 x LVDS input, 0 x LVDS output, 0 x TTL input, 0 x TTL output, 2 x 24V input, 4 x Open drain output,","1 x Optical isolated input, 0 x Optical isolated input,","10 to 25VDC, Power over Ethernet (POE+, in option -P)",External: 15.5 W (typical),,80 × 70 × 70,M58x0.75,400 g,448 MByte,32 MByte,10gige,,"bayer8, bayer12",,,,,21 µs to 60 s,0.0 dB to 48.0 dB,,"1 x RS232 input, 1 x RS232 output, 0 x RS422 input, 0 x RS422 output,",F004076,N-BK7 - AR coating,IP30,(RJ-45),"Manual, Auto, External","Auto, Manual",FW Features - Image Control,"INTERNAL,SOFTWARE,EXTERNAL","User Sets, POE, PWM(4), Sequencer,","auto, manual",,,,,,,,,
Allied Vision,hr-10gige,hr387MXGE,HR 10GigE,Available,Area scan,Mono,Visible,400 nm to 1000 nm,"5,440 × 3,076 (16.70 MP)",Sony IMX387,cmos,global-shutter,"18.77 × 10.61 mm (21.56 mm, 21.7mm (Type 4/3))",3.45 µm × 3.45 µm,"8-Bit,12-Bit","mono8, mono12",56.4 fps,"0 x LVDS input, 0 x LVDS output, 0 x TTL input, 0 x TTL output, 2 x 24V input, 4 x Open drain output,","1 x Optical isolated input, 0 x Optical isolated input,","10 to 25VDC, Power over Ethernet (POE+, in option -P)",External: 15.5 W (typical),,80 × 70 × 70,M58x0.75,400 g,448 MByte,32 MByte,10gige,,,,,,,21 µs to 60 s,0.0 dB to 48.0 dB,,"1 x RS232 input, 1 x RS232 output, 0 x RS422 input, 0 x RS422 output,",F004075,N-BK7 - AR coating 380-850nm,IP30,(RJ-45),"Manual, Auto, External","Auto, Manual",FW Features - Image Control,"INTERNAL,SOFTWARE,EXTERNAL","User Sets, POE, PWM(4), Sequencer,",,,,,,,,,,
Allied Vision,hr-10gige,hr455CXGE,HR 10GigE,Available,Area scan,Color,Visible,400 nm to 1000 nm,"9,568 × 6,380 (61.00 MP)",Sony IMX455,cmos,rolling-shutter,"35.98 × 23.99 mm (43.24 mm, 43.3mm (Type 2.7))",3.76 µm × 3.76 µm,"8-Bit,12-Bit,16-Bit",,18 fps,"0 x LVDS input, 0 x LVDS output, 0 x TTL input, 0 x TTL output, 2 x 24V input, 4 x Open drain output,","1 x Optical isolated input, 0 x Optical isolated input,","10 to 25VDC, Power over Ethernet (POE+, in option -P)",External: 18 W (typical),-10 °C to 60 °C,78 × 70 × 70,M58x0.75,420 g,448 MByte,,10gige,,"bayer8, bayer12, bayer16",,,,,34 µs to 60 s,0.0 dB to 36.0 dB,,"1 x RS232 input, 1 x RS232 output, 0 x RS422 input, 0 x RS422 output,",F004099,N-BK7 - AR coating,IP30,(RJ-45),"Manual, Auto, External","Auto, Manual",FW Features - Image Control,"INTERNAL,SOFTWARE,EXTERNAL","User Sets, POE, PWM(4), Sequencer,","auto, manual",81.4 dB,47 dB,,,,,,,
Allied Vision,hr-10gige,hr455CXGE-T,HR 10GigE,Available,Area scan,Color,Visible,400 nm to 1000 nm,"9,568 × 6,380 (61.00 MP)",Sony IMX455,cmos,rolling-shutter,"35.98 × 23.99 mm (43.24 mm, 43.3mm (Type 2.7))",3.76 µm × 3.76 µm,"8-Bit,12-Bit,16-Bit",,18 fps,"0 x LVDS input, 0 x LVDS output, 0 x TTL input, 0 x TTL output, 2 x 24V input, 4 x Open drain output,","1 x Optical isolated input, 0 x Optical isolated input,","21 to 25VDC, Power over Ethernet (POE+)",External: 30 W (typical),-10 °C to 70 °C,94 × 70 × 70,M58x0.75,590 g,448 MByte,,10gige,,"bayer8, bayer12, bayer16",,,,,34 µs to 60 s,0.0 dB to 36.0 dB,,"1 x RS232 input, 1 x RS232 output, 0 x RS422 input, 0 x RS422 output,",F004215,,IP30,(RJ-45),"Manual, Auto, External","Auto, Manual",FW Features - Image Control,"INTERNAL,SOFTWARE,EXTERNAL","User Sets, POE, PWM(4), Sequencer,","auto, manual",81.4 dB,47 dB,,,,,,,
Allied Vision,hr-10gige,hr455MXGE,HR 10GigE,Available,Area scan,Mono,Visible,400 nm to 1000 nm,"9,568 × 6,380 (61.00 MP)",Sony IMX455,cmos,rolling-shutter,"35.98 × 23.99 mm (43.24 mm, 43.3mm (Type 2.7))",3.76 µm × 3.76 µm,"8-Bit,12-Bit,16-Bit","mono8, mono12, mono16",18 fps,"0 x LVDS input, 0 x LVDS output, 0 x TTL input, 0 x TTL output, 2 x 24V input, 4 x Open drain output,","1 x Optical isolated input, 0 x Optical isolated input,","10 to 25VDC, Power over Ethernet (POE+, in option -P)",External: 18 W (typical),-10 °C to 60 °C,78 × 70 × 70,M58x0.75,420 g,448 MByte,,10gige,,,,,,,34 µs to 60 s,0.0 dB to 36.0 dB,,"1 x RS232 input, 1 x RS232 output, 0 x RS422 input, 0 x RS422 output,",F004098,N-BK7 - AR coating,IP30,(RJ-45),"Manual, Auto, External","Auto, Manual",FW Features - Image Control,"INTERNAL,SOFTWARE,EXTERNAL","User Sets, POE, PWM(4), Sequencer,",,81.4 dB,47 dB,,,,,,,
Allied Vision,hr-10gige,hr455MXGE-T,HR 10GigE,Available,Area scan,Mono,Visible,400 nm to 1000 nm,"9,568 × 6,380 (61.00 MP)",Sony IMX455,cmos,rolling-shutter,"35.98 × 23.99 mm (43.24 mm, 43.3mm (Type 2.7))",3.76 µm × 3.76 µm,"8-Bit,12-Bit,16-Bit","mono8, mono12, mono16",18 fps,"0 x LVDS input, 0 x LVDS output, 0 x TTL input, 0 x TTL output, 2 x 24V input, 4 x Open drain output,","1 x Optical isolated input, 0 x Optical isolated input,","21 to 25VDC, Power over Ethernet (POE+)",External: 30 W (typical),-10 °C to 70 °C,94 × 70 × 70,M58x0.75,590 g,448 MByte,,10gige,,,,,,,34 µs to 60 s,0.0 dB to 36.0 dB,,"1 x RS232 input, 1 x RS232 output, 0 x RS422 input, 0 x RS422 output,",F004217,,IP30,(RJ-45),"Manual, Auto, External","Auto, Manual",FW Features - Image Control,"INTERNAL,SOFTWARE,EXTERNAL","User Sets, POE, PWM(4), Sequencer,",,81.4 dB,47 dB,,,,,,,
Allied Vision,hr-10gige,hr51CXGE,HR 10GigE,Available,Area scan,Color,Visible,400 nm to 1000 nm,"8,424 × 6,032 (51.00 MP)",Gpixel GMAX4651,cmos,global-shutter,"38.75 × 27.75 mm (47.66 mm, 35mm Full Frame)",4.60 µm × 4.60 µm,"8-Bit,12-Bit",,23.7 fps,"0 x LVDS input, 0 x LVDS output, 0 x TTL input, 0 x TTL output, 2 x 24V input, 4 x Open drain output,","1 x Optical isolated input, 0 x Optical isolated input,","10 to 25VDC, Power over Ethernet (POE+, in option -P)",External: 17 W (typical),,77 × 70 × 70,M58x0.75,380 g,448 MByte,,10gige,,"bayer8, bayer12",,,,,17 µs to 60 s,0.0 dB to 40.0 dB,,"1 x RS232 input, 1 x RS232 output, 0 x RS422 input, 0 x RS422 output,",F004101,IR-Cut 680,IP30,(RJ-45),"Manual, Auto","Auto, Manual",FW Features - Image Control,"INTERNAL,SOFTWARE,EXTERNAL","User Sets, POE, PWM(4), Sequencer,","auto, manual",65 dB,42.6 dB,,,,,,,
Allied Vision,hr-10gige,hr51MXGE,HR 10GigE,Available,Area scan,Mono,Visible,400 nm to 1000 nm,"8,424 × 6,032 (51.00 MP)",Gpixel GMAX4651,cmos,global-shutter,"38.75 × 27.75 mm (47.66 mm, 35mm Full Frame)",4.60 µm × 4.60 µm,"8-Bit,12-Bit","mono8, mono12",23.7 fps,"0 x LVDS input, 0 x LVDS output, 0 x TTL input, 0 x TTL output, 2 x 24V input, 4 x Open drain output,","1 x Optical isolated input, 0 x Optical isolated input,","10 to 25VDC, Power over Ethernet (POE+, in option -P)",External: 17 W (typical),,77 × 70 × 70,M58x0.75,380 g,448 MByte,,10gige,,,,,,,17 µs to 60 s,0.0 dB to 40.0 dB,,"1 x RS232 input, 1 x RS232 output, 0 x RS422 input, 0 x RS422 output,",F004100,N-BK7 - AR coating 380-850nm,IP30,(RJ-45),"Manual, Auto","Auto, Manual",FW Features - Image Control,"INTERNAL,SOFTWARE,EXTERNAL","User Sets, POE, PWM(4), Sequencer,",,65 dB,42.6 dB,,,,,,,
Allied Vision,hr-10gige,hr65CXGE,HR 10GigE,Available,Area scan,Color,Visible,400 nm to 1000 nm,"9,344 × 7,000 (65.00 MP)",Gpixel GMAX3265,cmos,global-shutter,"29.9 × 22.4 mm (37.36 mm, 37.4mm)",3.20 µm × 3.20 µm,"8-Bit,12-Bit",,17.4 fps,"0 x LVDS input, 0 x LVDS output, 0 x TTL input, 0 x TTL output, 2 x 24V input, 4 x Open drain output,","1 x Optical isolated input, 0 x Optical isolated input,","10 to 25VDC, Power over Ethernet (POE+, in option -P)",External: 14 W (typical),-10 °C to 65 °C,76 × 70 × 70,M58x0.75,420 g,448 MByte,32 MByte,10gige,,"bayer8, bayer12",,,,,62 µs to 60 s,0.0 dB to 18.0 dB,,"1 x RS232 input, 1 x RS232 output, 0 x RS422 input, 0 x RS422 output,",F004122,IR-Cut 680,IP30,(RJ-45),"Manual, Auto, External","Auto, Manual",FW Features - Image Control,"INTERNAL,SOFTWARE,EXTERNAL","User Sets, POE, PWM(4), Sequencer,","auto, manual",65.6 dB,40 dB,,,,,,,
Allied Vision,hr-10gige,hr65MXGE,HR 10GigE,Available,Area scan,Mono,Visible,400 nm to 1000 nm,"9,344 × 7,000 (65.00 MP)",Gpixel GMAX3265,cmos,global-shutter,"29.9 × 22.4 mm (37.36 mm, 37.4mm)",3.20 µm × 3.20 µm,"8-Bit,12-Bit","mono8, mono12",17.4 fps,"0 x LVDS input, 0 x LVDS output, 0 x TTL input, 0 x TTL output, 2 x 24V input, 4 x Open drain output,","1 x Optical isolated input, 0 x Optical isolated input,","10 to 25VDC, Power over Ethernet (POE+, in option -P)",External: 14 W (typical),,76 × 70 × 70,M58x0.75,420 g,448 MByte,32 MByte,10gige,,,,,,,62 µs to 60 s,0.0 dB to 18.0 dB,,"1 x RS232 input, 1 x RS232 output, 0 x RS422 input, 0 x RS422 output,",F004121,N-BK7 - AR coating,IP30,(RJ-45),"Manual, Auto, External","Auto, Manual",FW Features - Image Control,"INTERNAL,SOFTWARE,EXTERNAL","User Sets, POE, PWM(4), Sequencer,",,65.6 dB,40 dB,,,,,,,
Allied Vision,hr-100gige,hr927C100GE,HR 100GigE,Coming soon,Area scan,Color,Visible,400 nm to 1000 nm,"10,248 × 10,248 (105.00 MP)",Sony IMX927,cmos,global-shutter,"28.08 × 28.08 mm (39.71 mm, 39.7mm (Type 2.5))",2.74 µm × 2.74 µm,"8-Bit,10-Bit,12-Bit",,112 fps,"0 x LVDS input, 0 x LVDS output, 0 x TTL input, 0 x TTL output, 2 x 24V input, 2 x Open drain output,","0 x Optical isolated input, 0 x Optical isolated input,",24 to 25VDC,External: 28 W (typical),-10 °C to 60 °C,101 × 70 × 70,M58x0.75,550 g,4032 MByte,32768 MByte,100gige,,"bayer8, bayer10, bayer12",,,,,4 µs to 60 s,0.0 dB to 48.0 dB,,"0 x RS232 input, 0 x RS232 output, 1 x RS422 input, 1 x RS422 output,",F004275,,IP30,(QSFP28),"Manual, Auto, External","Auto, Manual",FW Features - Image Control,,"PTP, RDMA support, User Sets, PWM(4), Sequencer,","auto, manual",,,,,,,,,
Allied Vision,hr-100gige,hr927M100GE,HR 100GigE,Coming soon,Area scan,Mono,Visible,400 nm to 1000 nm,"10,248 × 10,248 (105.00 MP)",Sony IMX927,cmos,global-shutter,"28.08 × 28.08 mm (39.71 mm, 39.7mm (Type 2.5))",2.74 µm × 2.74 µm,"8-Bit,10-Bit,12-Bit","mono8, mono10, mono12",112 fps,"0 x LVDS input, 0 x LVDS output, 0 x TTL input, 0 x TTL output, 2 x 24V input, 2 x Open drain output,","0 x Optical isolated input, 0 x Optical isolated input,",24 to 25VDC,External: 28 W (typical),-10 °C to 60 °C,101 × 70 × 70,M58x0.75,550 g,4032 MByte,32768 MByte,100gige,,,,,,,4 µs to 60 s,0.0 dB to 48.0 dB,,"0 x RS232 input, 0 x RS232 output, 1 x RS422 input, 1 x RS422 output,",F004274,,IP30,(QSFP28),"Manual, Auto, External","Auto, Manual",FW Features - Image Control,,"PTP, RDMA support, User Sets, PWM(4), Sequencer,",,,,,,,,,,
Allied Vision,hr-100gige,hr928C100GE,HR 100GigE,Coming soon,Area scan,Color,Visible,400 nm to 1000 nm,"8,256 × 8,256 (68.20 MP)",Sony IMX928,cmos,global-shutter,"22.62 × 22.62 mm (31.99 mm, 31.9mm (Type 2.0))",2.74 µm × 2.74 µm,"8-Bit,10-Bit,12-Bit",,138 fps,"0 x LVDS input, 0 x LVDS output, 0 x TTL input, 0 x TTL output, 2 x 24V input, 2 x Open drain output,","0 x Optical isolated input, 0 x Optical isolated input,",24 to 25VDC,External: 28 W (typical),-10 °C to 60 °C,101 × 70 × 70,M58x0.75,550 g,4032 MByte,32768 MByte,100gige,,"bayer8, bayer10, bayer12",,,,,4 µs to 60 s,0.0 dB to 48.0 dB,,"0 x RS232 input, 0 x RS232 output, 1 x RS422 input, 1 x RS422 output,",F004277,,IP30,(QSFP28),"Manual, Auto, External","Auto, Manual",FW Features - Image Control,,"PTP, RDMA support, User Sets, PWM(4), Sequencer,","auto, manual",,,,,,,,,
Allied Vision,hr-100gige,hr928M100GE,HR 100GigE,Coming soon,Area scan,Mono,Visible,400 nm to 1000 nm,"8,256 × 8,256 (68.20 MP)",Sony IMX928,cmos,global-shutter,"22.62 × 22.62 mm (31.99 mm, 31.9mm (Type 2.0))",2.74 µm × 2.74 µm,"8-Bit,10-Bit,12-Bit","mono8, mono10, mono12",138 fps,"0 x LVDS input, 0 x LVDS output, 0 x TTL input, 0 x TTL output, 2 x 24V input, 2 x Open drain output,","0 x Optical isolated input, 0 x Optical isolated input,",24 to 25VDC,External: 28 W (typical),-10 °C to 60 °C,101 × 70 × 70,M58x0.75,550 g,4032 MByte,32768 MByte,100gige,,,,,,,4 µs to 60 s,0.0 dB to 48.0 dB,,"0 x RS232 input, 0 x RS232 output, 1 x RS422 input, 1 x RS422 output,",F004276,,IP30,(QSFP28),"Manual, Auto, External","Auto, Manual",FW Features - Image Control,,"PTP, RDMA support, User Sets, PWM(4), Sequencer,",,,,,,,,,,
Allied Vision,hr-100gige,hr929C100GE,HR 100GigE,Coming soon,Area scan,Color,Visible,400 nm to 1000 nm,"8,200 × 6,152 (50.40 MP)",Sony IMX929,cmos,global-shutter,"22.47 × 16.86 mm (28.09 mm, 28.1mm (Type 1.8))",2.74 µm × 2.74 µm,"8-Bit,10-Bit,12-Bit",,225 fps,"0 x LVDS input, 0 x LVDS output, 0 x TTL input, 0 x TTL output, 2 x 24V input, 2 x Open drain output,","0 x Optical isolated input, 0 x Optical isolated input,",24 to 25VDC,External: 28 W (typical),-10 °C to 60 °C,101 × 70 × 70,M58x0.75,550 g,4032 MByte,32768 MByte,100gige,,"bayer8, bayer10, bayer12",,,,,4 µs to 60 s,0.0 dB to 48.0 dB,,"0 x RS232 input, 0 x RS232 output, 1 x RS422 input, 1 x RS422 output,",F004279,,IP30,(QSFP28),"Manual, Auto, External","Auto, Manual",FW Features - Image Control,,"PTP, RDMA support, User Sets, PWM(4), Sequencer,","auto, manual",,,,,,,,,
Allied Vision,hr-100gige,hr929M100GE,HR 100GigE,Coming soon,Area scan,Mono,Visible,400 nm to 1000 nm,"8,200 × 6,152 (50.40 MP)",Sony IMX929,cmos,global-shutter,"22.47 × 16.86 mm (28.09 mm, 28.1mm (Type 1.8))",2.74 µm × 2.74 µm,"8-Bit,10-Bit,12-Bit","mono8, mono10, mono12",225 fps,"0 x LVDS input, 0 x LVDS output, 0 x TTL input, 0 x TTL output, 2 x 24V input, 2 x Open drain output,","0 x Optical isolated input, 0 x Optical isolated input,",24 to 25VDC,External: 28 W (typical),-10 °C to 60 °C,101 × 70 × 70,M58x0.75,550 g,4032 MByte,32768 MByte,100gige,,,,,,,4 µs to 60 s,0.0 dB to 48.0 dB,,"0 x RS232 input, 0 x RS232 output, 1 x RS422 input, 1 x RS422 output,",F004278,,IP30,(QSFP28),"Manual, Auto, External","Auto, Manual",FW Features - Image Control,,"PTP, RDMA support, User Sets, PWM(4), Sequencer,",,,,,,,,,,
Allied Vision,hr-camera-link-80-bit,hr25CCL,HR Camera Link,Available,Area scan,Color,Visible,400 nm to 1000 nm,"5,120 × 5,120 (25.00 MP)",ON Semi PYTHON 25K,cmos,global-shutter,"23.04 × 23.04 mm (32.58 mm, 32.58mm (APS-H))",4.50 µm × 4.50 µm,"8-Bit,10-Bit",,31.8 fps,"0 x LVDS input, 0 x LVDS output, 0 x TTL input, 0 x TTL output, 2 x 24V input, 4 x Open drain output,","1 x Optical isolated input, 0 x Optical isolated input,",10 to 25VDC,External: 10 W (typical),-10 °C to 65 °C,56 × 70 × 70,M58x0.75,420 g,,32 MByte,camera link 80-bit,,"bayer8, bayer10",,,,,21 µs to 60 s,0.0 dB to 18.0 dB,,"1 x RS232 input, 1 x RS232 output, 0 x RS422 input, 0 x RS422 output,",F004052,,IP40,SDR,"Manual, Auto, External","Auto, Manual",FW Features - Image Control,"INTERNAL,SOFTWARE,EXTERNAL","User Sets, PWM(4), Sequencer,","auto, manual",,,,,,,,,
Allied Vision,hr-camera-link-80-bit,hr25MCL,HR Camera Link,Available,Area scan,Mono,Visible,400 nm to 1000 nm,"5,120 × 5,120 (25.00 MP)",ON Semi PYTHON 25K,cmos,global-shutter,"23.04 × 23.04 mm (32.58 mm, 32.58mm (APS-H))",4.50 µm × 4.50 µm,"8-Bit,10-Bit","bayer8, bayer10",31.8 fps,"0 x LVDS input, 0 x LVDS output, 0 x TTL input, 0 x TTL output, 2 x 24V input, 4 x Open drain output,","1 x Optical isolated input, 0 x Optical isolated input,",10 to 25VDC,External: 10 W (typical),-10 °C to 65 °C,56 × 70 × 70,M58x0.75,420 g,,32 MByte,camera link 80-bit,,,,,,,21 µs to 60 s,0.0 dB to 18.0 dB,,"1 x RS232 input, 1 x RS232 output, 0 x RS422 input, 0 x RS422 output,",F004051,,IP40,SDR,"Manual, Auto, External","Auto, Manual",FW Features - Image Control,"INTERNAL,SOFTWARE,EXTERNAL","User Sets, PWM(4), Sequencer,",,,,,,,,,,
Allied Vision,hr-camera-link-80-bit,hr49CCL,HR Camera Link,Available,Area scan,Color,Visible,400 nm to 1000 nm,"7,008 × 7,000 (49.00 MP)",Gpixel GMAX3265-49,cmos,global-shutter,"22.43 × 22.4 mm (31.7 mm, 37.4mm (2.3""))",3.20 µm × 3.20 µm,"8-Bit,10-Bit",,17 fps,"0 x LVDS input, 0 x LVDS output, 0 x TTL input, 0 x TTL output, 2 x 24V input, 4 x Open drain output,","1 x Optical isolated input, 0 x Optical isolated input,",10 to 25VDC,External: 9 W (typical),,76 × 70 × 70,M58x0.75,420 g,,32 MByte,camera link 80-bit,,"bayer8, bayer10",,,,,21 µs to 60 s,0.0 dB to 18.0 dB,,"1 x RS232 input, 1 x RS232 output, 0 x RS422 input, 0 x RS422 output,",F004155,,IP30,SDR,"Manual, Auto, External","Auto, Manual",FW Features - Image Control,"INTERNAL,SOFTWARE,EXTERNAL","User Sets, PWM(4), Sequencer,","auto, manual",,,,,,,,,
Allied Vision,hr-camera-link-80-bit,hr49MCL,HR Camera Link,Available,Area scan,Mono,Visible,400 nm to 1000 nm,"7,008 × 7,000 (49.00 MP)",Gpixel GMAX3265-49,cmos,global-shutter,"22.43 × 22.4 mm (31.7 mm, 37.4mm (2.3""))",3.20 µm × 3.20 µm,"8-Bit,10-Bit","mono8, mono10",17 fps,"0 x LVDS input, 0 x LVDS output, 0 x TTL input, 0 x TTL output, 2 x 24V input, 4 x Open drain output,","1 x Optical isolated input, 0 x Optical isolated input,",10 to 25VDC,External: 9 W (typical),,76 × 70 × 70,M58x0.75,420 g,,32 MByte,camera link 80-bit,,,,,,,21 µs to 60 s,0.0 dB to 18.0 dB,,"1 x RS232 input, 1 x RS232 output, 0 x RS422 input, 0 x RS422 output,",F004136,,IP30,SDR,"Manual, Auto, External","Auto, Manual",FW Features - Image Control,"INTERNAL,SOFTWARE,EXTERNAL","User Sets, PWM(4), Sequencer,",,,,,,,,,,
Allied Vision,hr-camera-link-80-bit,hr65CCL,HR Camera Link,Prototype/engineering sample,Area scan,Color,Visible,400 nm to 1000 nm,"9,344 × 7,000 (65.00 MP)",Gpixel GMAX3265,cmos,global-shutter,"29.9 × 22.4 mm (37.36 mm, 37.4mm)",3.20 µm × 3.20 µm,"8-Bit,10-Bit",,13 fps,"0 x LVDS input, 0 x LVDS output, 0 x TTL input, 0 x TTL output, 2 x 24V input, 4 x Open drain output,","1 x Optical isolated input, 0 x Optical isolated input,",10 to 25VDC,External: 9 W (typical),,76 × 70 × 70,M58x0.75,420 g,,32 MByte,camera link 80-bit,,"bayer8, bayer10",,,,,21 µs to 60 s,0.0 dB to 18.0 dB,,"1 x RS232 input, 1 x RS232 output, 0 x RS422 input, 0 x RS422 output,",F004145,IR-Cut 680,IP30,SDR,"Manual, Auto, External","Auto, Manual",FW Features - Image Control,"INTERNAL,SOFTWARE,EXTERNAL","User Sets, PWM(4), Sequencer,","auto, manual",65.6 dB,40 dB,,,,,,,
Allied Vision,hr-camera-link-80-bit,hr65MCL,HR Camera Link,Available,Area scan,Mono,Visible,400 nm to 1000 nm,"9,344 × 7,000 (65.00 MP)",Gpixel GMAX3265,cmos,global-shutter,"29.9 × 22.4 mm (37.36 mm, 37.4mm)",3.20 µm × 3.20 µm,"8-Bit,10-Bit","mono8, mono10",13 fps,"0 x LVDS input, 0 x LVDS output, 0 x TTL input, 0 x TTL output, 2 x 24V input, 4 x Open drain output,","1 x Optical isolated input, 0 x Optical isolated input,",10 to 25VDC,External: 9 W (typical),,76 × 70 × 70,M58x0.75,420 g,,32 MByte,camera link 80-bit,,,,,,,21 µs to 60 s,0.0 dB to 18.0 dB,,"1 x RS232 input, 1 x RS232 output, 0 x RS422 input, 0 x RS422 output,",F004133,N-BK7 - AR coating,IP30,SDR,"Manual, Auto, External","Auto, Manual",FW Features - Image Control,"INTERNAL,SOFTWARE,EXTERNAL","User Sets, PWM(4), Sequencer,",,65.6 dB,40 dB,,,,,,,
Allied Vision,hr-cxp,hr25CCX,HR CoaXPress,Available,Area scan,Color,Visible,400 nm to 1000 nm,"5,120 × 5,120 (25.00 MP)",ON Semi PYTHON 25K,cmos,global-shutter,"23.04 × 23.04 mm (32.58 mm, 32.58mm (APS-H))",4.50 µm × 4.50 µm,"8-Bit,10-Bit",,81 fps,"0 x LVDS input, 0 x LVDS output, 0 x TTL input, 0 x TTL output, 2 x 24V input, 4 x Open drain output,","1 x Optical isolated input, 0 x Optical isolated input,","10 to 25VDC, Power over CoaXPress",External: 15 W (typical),-10 °C to 60 °C,56 × 70 × 70,M58x0.75,420 g,,160 MByte,cxp-6 with 4 connections,,"bayer8, bayer10",,,,,35 µs to 60 s,0.0 dB to 18.0 dB,,"1 x RS232 input, 1 x RS232 output, 0 x RS422 input, 0 x RS422 output,",F004054,,IP30,(Din1.0/2.3),"Manual, Auto, External","Auto, Manual",FW Features - Image Control,"INTERNAL,SOFTWARE,EXTERNAL","PoCxP, User Sets, PWM(4), Sequencer,","auto, manual",,,,,,,,,
Allied Vision,hr-cxp,hr25MCX,HR CoaXPress,Available,Area scan,Mono,Visible,400 nm to 1000 nm,"5,120 × 5,120 (25.00 MP)",ON Semi PYTHON 25K,cmos,global-shutter,"23.04 × 23.04 mm (32.58 mm, 32.58mm (APS-H))",4.50 µm × 4.50 µm,"8-Bit,10-Bit","mono8, mono10",81 fps,"0 x LVDS input, 0 x LVDS output, 0 x TTL input, 0 x TTL output, 2 x 24V input, 4 x Open drain output,","1 x Optical isolated input, 0 x Optical isolated input,","10 to 25VDC, Power over CoaXPress",External: 15 W (typical),-10 °C to 60 °C,56 × 70 × 70,M58x0.75,420 g,,160 MByte,cxp-6 with 4 connections,,,,,,,35 µs to 60 s,0.0 dB to 18.0 dB,,"1 x RS232 input, 1 x RS232 output, 0 x RS422 input, 0 x RS422 output,",F004053,,IP30,(Din1.0/2.3),"Manual, Auto, External","Auto, Manual",FW Features - Image Control,"INTERNAL,SOFTWARE,EXTERNAL","PoCxP, User Sets, PWM(4), Sequencer,",,,,,,,,,,
Allied Vision,hr-cxp,hr342CCX,HR CoaXPress,Available,Area scan,Color,Visible,400 nm to 1000 nm,"6,464 × 4,852 (31.40 MP)",Sony IMX342,cmos,global-shutter,"22.3 × 16.74 mm (27.88 mm, 27.9mm (APS-C))",3.45 µm × 3.45 µm,"8-Bit,12-Bit",,35.7 fps,"0 x LVDS input, 0 x LVDS output, 0 x TTL input, 0 x TTL output, 2 x 24V input, 4 x Open drain output,","1 x Optical isolated input, 0 x Optical isolated input,","10 to 25VDC, Power over CoaXPress",External: 12 W (typical),-10 °C to 65 °C,78 × 70 × 70,M58x0.75,400 g,,160 MByte,cxp-6 with 4 connections,,"bayer8, bayer12",,,,,19 µs to 60 s,0.0 dB to 48.0 dB,,"1 x RS232 input, 1 x RS232 output, 0 x RS422 input, 0 x RS422 output,",F004073,N-BK7 - AR coating,IP30,(Din1.0/2.3),"Manual, Auto","Auto, Manual",FW Features - Image Control,"INTERNAL,SOFTWARE,EXTERNAL","PoCxP, User Sets, PWM(4), Sequencer,","auto, manual",70.5 dB,39.9 dB,,,,,,,
Allied Vision,hr-cxp,hr342MCX,HR CoaXPress,Available,Area scan,Mono,Visible,400 nm to 1000 nm,"6,464 × 4,852 (31.40 MP)",Sony IMX342,cmos,global-shutter,"22.3 × 16.74 mm (27.88 mm, 27.9mm (APS-C))",3.45 µm × 3.45 µm,"8-Bit,12-Bit","mono8, mono12",35.7 fps,"0 x LVDS input, 0 x LVDS output, 0 x TTL input, 0 x TTL output, 2 x 24V input, 4 x Open drain output,","1 x Optical isolated input, 0 x Optical isolated input,","10 to 25VDC, Power over CoaXPress",External: 12 W (typical),-10 °C to 65 °C,78 × 70 × 70,M58x0.75,400 g,,160 MByte,cxp-6 with 4 connections,,,,,,,19 µs to 60 s,0.0 dB to 48.0 dB,,"1 x RS232 input, 1 x RS232 output, 0 x RS422 input, 0 x RS422 output,",F004072,N-BK7 - AR coating,IP30,(Din1.0/2.3),"Manual, Auto","Auto, Manual",FW Features - Image Control,"INTERNAL,SOFTWARE,EXTERNAL","PoCxP, User Sets, PWM(4), Sequencer,",,70.5 dB,39.9 dB,,,,,,,
Allied Vision,hr-cxp,hr455CCX,HR CoaXPress,Available,Area scan,Color,Visible,400 nm to 1000 nm,"9,568 × 6,380 (61.00 MP)",Sony IMX455,cmos,rolling-shutter,"35.98 × 23.99 mm (43.24 mm, 43.3mm (Type 2.7))",3.76 µm × 3.76 µm,"8-Bit,10-Bit,12-Bit,16-Bit",,18 fps,"0 x LVDS input, 0 x LVDS output, 0 x TTL input, 0 x TTL output, 2 x 24V input, 4 x Open drain output,","1 x Optical isolated input, 0 x Optical isolated input,","10 to 25VDC, Power over CoaXPress",External: 14 W (typical),,78 × 70 × 70,M58x0.75,420 g,,160 MByte,cxp-6 with 4 connections,,"bayer8, bayer10, bayer12, bayer16",,,,,34 µs to 60 s,0.0 dB to 36.0 dB,,"1 x RS232 input, 1 x RS232 output, 0 x RS422 input, 0 x RS422 output,",F004097,N-BK7 - AR coating,IP30,(Din1.0/2.3),"Manual, Auto","Auto, Manual",FW Features - Image Control,"INTERNAL,SOFTWARE,EXTERNAL","PoCxP, User Sets, PWM(4), Sequencer,","auto, manual",81.4 dB,47 dB,,,,,,,
Allied Vision,hr-cxp,hr455MCX,HR CoaXPress,Available,Area scan,Mono,Visible,400 nm to 1000 nm,"9,568 × 6,380 (61.00 MP)",Sony IMX455,cmos,rolling-shutter,"35.98 × 23.99 mm (43.24 mm, 43.3mm (Type 2.7))",3.76 µm × 3.76 µm,"8-Bit,10-Bit,12-Bit,16-Bit","mono8, mono10, mono12, mono16",18 fps,"0 x LVDS input, 0 x LVDS output, 0 x TTL input, 0 x TTL output, 2 x 24V input, 4 x Open drain output,","1 x Optical isolated input, 0 x Optical isolated input,","10 to 25VDC, Power over CoaXPress",External: 14 W (typical),,78 × 70 × 70,M58x0.75,420 g,,160 MByte,cxp-6 with 4 connections,,,,,,,34 µs to 60 s,0.0 dB to 36.0 dB,,"1 x RS232 input, 1 x RS232 output, 0 x RS422 input, 0 x RS422 output,",F004096,N-BK7 - AR coating,IP30,(Din1.0/2.3),"Manual, Auto","Auto, Manual",FW Features - Image Control,"INTERNAL,SOFTWARE,EXTERNAL","PoCxP, User Sets, PWM(4), Sequencer,",,81.4 dB,47 dB,,,,,,,
Allied Vision,hr-cxp,hr49CCX12,HR CoaXPress,Available,Area scan,Color,Visible,400 nm to 1000 nm,"7,008 × 7,000 (49.00 MP)",Gpixel GMAX3265-49,cmos,global-shutter,"22.43 × 22.4 mm (31.7 mm, 37.4mm (2.3""))",3.20 µm × 3.20 µm,"8-Bit,10-Bit",,71 fps,"0 x LVDS input, 0 x LVDS output, 0 x TTL input, 0 x TTL output, 2 x 24V input, 4 x Open drain output,","1 x Optical isolated input, 0 x Optical isolated input,",10 to 25VDC,External: 18 W (typical),-10 °C to 60 °C,76 × 70 × 70,M58x0.75,420 g,,32 MByte,cxp-12 with 4 connections,,"bayer8, bayer10",,,,,12 µs to 60 s,0.0 dB to 18.0 dB,,"1 x RS232 input, 1 x RS232 output, 0 x RS422 input, 0 x RS422 output,",F004184,,IP30,(micro-BNC),"Manual, Auto, External","Auto, Manual",FW Features - Image Control,"INTERNAL,SOFTWARE,EXTERNAL","User Sets, PWM(4), Sequencer,","auto, manual",,,,,,,,,
Allied Vision,hr-cxp,hr49MCX12,HR CoaXPress,Available,Area scan,Mono,Visible,400 nm to 1000 nm,"7,008 × 7,000 (49.00 MP)",Gpixel GMAX3265-49,cmos,global-shutter,"22.43 × 22.4 mm (31.7 mm, 37.4mm (2.3""))",3.20 µm × 3.20 µm,"8-Bit,10-Bit","mono8, mono10",71 fps,"0 x LVDS input, 0 x LVDS output, 0 x TTL input, 0 x TTL output, 2 x 24V input, 4 x Open drain output,","1 x Optical isolated input, 0 x Optical isolated input,",10 to 25VDC,External: 18 W (typical),-10 °C to 60 °C,76 × 70 × 70,M58x0.75,420 g,,32 MByte,cxp-12 with 4 connections,,,,,,,12 µs to 60 s,0.0 dB to 18.0 dB,,"1 x RS232 input, 1 x RS232 output, 0 x RS422 input, 0 x RS422 output,",F004183,,IP30,(micro-BNC),"Manual, Auto, External","Auto, Manual",FW Features - Image Control,"INTERNAL,SOFTWARE,EXTERNAL","User Sets, PWM(4), Sequencer,",,,,,,,,,,
Allied Vision,hr-cxp,hr51CCX,HR CoaXPress,Available,Area scan,Color,Visible,400 nm to 1000 nm,"8,416 × 6,032 (51.00 MP)",Gpixel GMAX4651,cmos,global-shutter,"38.71 × 27.75 mm (47.63 mm, 35mm Full Frame)",4.60 µm × 4.60 µm,"8-Bit,12-Bit",,30 fps,"0 x LVDS input, 0 x LVDS output, 0 x TTL input, 0 x TTL output, 2 x 24V input, 4 x Open drain output,","1 x Optical isolated input, 0 x Optical isolated input,","10 to 25VDC, Power over CoaXPress",External: 13 W (typical),,76 × 70 × 70,M58x0.75,380 g,,160 MByte,cxp-6 with 4 connections,,"bayer8, bayer12",,,,,16 µs to 60 s,0.0 dB to 40.0 dB,,"1 x RS232 input, 1 x RS232 output, 0 x RS422 input, 0 x RS422 output,",F004103,IR-Cut 680,IP30,(Din1.0/2.3),"Manual, Auto","Auto, Manual",FW Features - Image Control,"INTERNAL,SOFTWARE,EXTERNAL","PoCxP, User Sets, PWM(4), Sequencer,","auto, manual",65 dB,42.6 dB,,,,,,,
Allied Vision,hr-cxp,hr51MCX,HR CoaXPress,Available,Area scan,Mono,Visible,400 nm to 1000 nm,"8,416 × 6,032 (51.00 MP)",Gpixel GMAX4651,cmos,global-shutter,"38.71 × 27.75 mm (47.63 mm, 35mm Full Frame)",4.60 µm × 4.60 µm,"8-Bit,12-Bit","mono8, mono12",30 fps,"0 x LVDS input, 0 x LVDS output, 0 x TTL input, 0 x TTL output, 2 x 24V input, 4 x Open drain output,","1 x Optical isolated input, 0 x Optical isolated input,","10 to 25VDC, Power over CoaXPress",External: 13 W (typical),,76 × 70 × 70,M58x0.75,380 g,,160 MByte,cxp-6 with 4 connections,,,,,,,16 µs to 60 s,0.0 dB to 40.0 dB,,"1 x RS232 input, 1 x RS232 output, 0 x RS422 input, 0 x RS422 output,",F004102,N-BK7 - AR coating 380-850nm,IP30,(Din1.0/2.3),"Manual, Auto","Auto, Manual",FW Features - Image Control,"INTERNAL,SOFTWARE,EXTERNAL","PoCxP, User Sets, PWM(4), Sequencer,",,65 dB,42.6 dB,,,,,,,
Allied Vision,hr-cxp,hr65CCX,HR CoaXPress,Available,Area scan,Color,Visible,400 nm to 1000 nm,"9,344 × 7,000 (65.00 MP)",Gpixel GMAX3265,cmos,global-shutter,"29.9 × 22.4 mm (37.36 mm, 37.4mm)",3.20 µm × 3.20 µm,"8-Bit,10-Bit",,35.5 fps,"0 x LVDS input, 0 x LVDS output, 0 x TTL input, 0 x TTL output, 2 x 24V input, 4 x Open drain output,","1 x Optical isolated input, 0 x Optical isolated input,","10 to 25VDC, Power over CoaXPress",External: 10.5 W (typical),-10 °C to 65 °C,76 × 70 × 70,M58x0.75,420 g,,160 MByte,cxp-6 with 4 connections,,"bayer8, bayer10",,,,,12 µs to 60 s,0.0 dB to 18.0 dB,,"1 x RS232 input, 1 x RS232 output, 0 x RS422 input, 0 x RS422 output,",F004149,IR-Cut 680,IP30,(Din1.0/2.3),"Manual, Auto, External","Auto, Manual",FW Features - Image Control,"INTERNAL,SOFTWARE,EXTERNAL","PoCxP, User Sets, PWM(4), Sequencer,","auto, manual",65.6 dB,40 dB,,,,,,,
Allied Vision,hr-cxp,hr65CCX-12,HR CoaXPress,Coming soon,Area scan,Color,Visible,400 nm to 1000 nm,"9,344 × 7,000 (65.00 MP)",Gpixel GMAX3265,cmos,global-shutter,"29.9 × 22.4 mm (37.36 mm, 37.4mm)",3.20 µm × 3.20 µm,"8-Bit,12-Bit",,31.5 fps,"0 x LVDS input, 0 x LVDS output, 0 x TTL input, 0 x TTL output, 2 x 24V input, 4 x Open drain output,","1 x Optical isolated input, 0 x Optical isolated input,","10 to 25VDC, Power over CoaXPress",External: 10.5 W (typical),-10 °C to 65 °C,76 × 70 × 70,M58x0.75,420 g,,160 MByte,cxp-6 with 4 connections,,"bayer8, bayer12",,,,,14 µs to 60 s,0.0 dB to 18.0 dB,,"1 x RS232 input, 1 x RS232 output, 0 x RS422 input, 0 x RS422 output,",F004161,IR-Cut 680,IP30,(Din1.0/2.3),"Manual, Auto","Auto, Manual",FW Features - Image Control,"INTERNAL,SOFTWARE,EXTERNAL","PoCxP, User Sets, PWM(4), Sequencer,","auto, manual",65.6 dB,40 dB,,,,,,,
Allied Vision,hr-cxp,hr65CCX12,HR CoaXPress,Available,Area scan,Color,Visible,400 nm to 1000 nm,"9,344 × 7,000 (65.00 MP)",Gpixel GMAX3265,cmos,global-shutter,"29.9 × 22.4 mm (37.36 mm, 37.4mm)",3.20 µm × 3.20 µm,"8-Bit,10-Bit",,71 fps,"0 x LVDS input, 0 x LVDS output, 0 x TTL input, 0 x TTL output, 2 x 24V input, 4 x Open drain output,","1 x Optical isolated input, 0 x Optical isolated input,",10 to 25VDC,External: 18 W (typical),-10 °C to 60 °C,76 × 70 × 70,M58x0.75,420 g,,32 MByte,cxp-12 with 4 connections,,"bayer8, bayer10",,,,,12 µs to 60 s,0.0 dB to 18.0 dB,,"1 x RS232 input, 1 x RS232 output, 0 x RS422 input, 0 x RS422 output,",F004174,IR-Cut 680,IP30,(micro-BNC),"Manual, Auto, External","Auto, Manual",FW Features - Image Control,"INTERNAL,SOFTWARE,EXTERNAL","User Sets, PWM(4), Sequencer,","auto, manual",65.6 dB,40 dB,,,,,,,
Allied Vision,hr-cxp,hr65MCX,HR CoaXPress,Available,Area scan,Mono,Visible,400 nm to 1000 nm,"9,344 × 7,000 (65.00 MP)",Gpixel GMAX3265,cmos,global-shutter,"29.9 × 22.4 mm (37.36 mm, 37.4mm)",3.20 µm × 3.20 µm,"8-Bit,10-Bit","mono8, mono10",35.5 fps,"0 x LVDS input, 0 x LVDS output, 0 x TTL input, 0 x TTL output, 2 x 24V input, 4 x Open drain output,","1 x Optical isolated input, 0 x Optical isolated input,","10 to 25VDC, Power over CoaXPress",External: 10.5 W (typical),-10 °C to 65 °C,76 × 70 × 70,M58x0.75,420 g,,160 MByte,cxp-6 with 4 connections,,,,,,,12 µs to 60 s,0.0 dB to 18.0 dB,,"1 x RS232 input, 1 x RS232 output, 0 x RS422 input, 0 x RS422 output,",F004137,N-BK7 - AR coating,IP30,(Din1.0/2.3),"Manual, Auto, External","Auto, Manual",FW Features - Image Control,"INTERNAL,SOFTWARE,EXTERNAL","PoCxP, User Sets, PWM(4), Sequencer,",,65.6 dB,40 dB,,,,,,,
Allied Vision,hr-cxp,hr65MCX-12,HR CoaXPress,Coming soon,Area scan,Mono,Visible,400 nm to 1000 nm,"9,344 × 7,000 (65.00 MP)",Gpixel GMAX3265,cmos,global-shutter,"29.9 × 22.4 mm (37.36 mm, 37.4mm)",3.20 µm × 3.20 µm,"8-Bit,12-Bit","mono8, mono12",31.5 fps,"0 x LVDS input, 0 x LVDS output, 0 x TTL input, 0 x TTL output, 2 x 24V input, 4 x Open drain output,","1 x Optical isolated input, 0 x Optical isolated input,","10 to 25VDC, Power over CoaXPress",External: 10.5 W (typical),-10 °C to 65 °C,76 × 70 × 70,M58x0.75,420 g,,160 MByte,cxp-6 with 4 connections,,,,,,,14 µs to 60 s,0.0 dB to 18.0 dB,,"1 x RS232 input, 1 x RS232 output, 0 x RS422 input, 0 x RS422 output,",F004159,N-BK7 - AR coating,IP30,(Din1.0/2.3),"Manual, Auto","Auto, Manual",FW Features - Image Control,"INTERNAL,SOFTWARE,EXTERNAL","PoCxP, User Sets, PWM(4), Sequencer,",,65.6 dB,40 dB,,,,,,,
Allied Vision,hr-cxp,hr65MCX12,HR CoaXPress,Available,Area scan,Mono,Visible,400 nm to 1000 nm,"9,344 × 7,000 (65.00 MP)",Gpixel GMAX3265,cmos,global-shutter,"29.9 × 22.4 mm (37.36 mm, 37.4mm)",3.20 µm × 3.20 µm,"8-Bit,10-Bit","mono8, mono10",71 fps,"0 x LVDS input, 0 x LVDS output, 0 x TTL input, 0 x TTL output, 2 x 24V input, 4 x Open drain output,","1 x Optical isolated input, 0 x Optical isolated input,",10 to 25VDC,External: 18 W (typical),-10 °C to 60 °C,76 × 70 × 70,M58x0.75,420 g,,32 MByte,cxp-12 with 4 connections,,,,,,,12 µs to 60 s,0.0 dB to 18.0 dB,,"1 x RS232 input, 1 x RS232 output, 0 x RS422 input, 0 x RS422 output,",F004173,N-BK7 - AR coating,IP30,(micro-BNC),"Manual, Auto, External","Auto, Manual",FW Features - Image Control,"INTERNAL,SOFTWARE,EXTERNAL","User Sets, PWM(4), Sequencer,",,65.6 dB,40 dB,,,,,,,
Allied Vision,shr-10gige,shr411CXGE,SHR 10GigE,Available,Area scan,Color,Visible,400 nm to 1000 nm,"14,192 × 10,640 (151.00 MP)",Sony IMX411,cmos,rolling-shutter,"53.36 × 40.01 mm (66.69 mm, 66.7mm (Type 4.2))",3.76 µm × 3.76 µm,"8-Bit,12-Bit,16-Bit",,6.2 fps,"0 x LVDS input, 0 x LVDS output, 0 x TTL input, 0 x TTL output, 2 x 24V input, 4 x Open drain output,","1 x Optical isolated input, 0 x Optical isolated input,","10 to 25VDC, Power over Ethernet (POE+, in option -P)",External: 19 W (typical),-10 °C to 65 °C,83 × 80 × 80,M72x0.75,580 g,,,10gige,,"bayer8, bayer12, bayer16",,,,,60 µs to 60 s,0.0 dB to 36.0 dB,,"1 x RS232 input, 1 x RS232 output, 0 x RS422 input, 0 x RS422 output,",F004085,IR-Cut - 680nm,IP30,(RJ-45),"Manual, Auto, External","Auto, Manual",FW Features - Image Control,"INTERNAL,SOFTWARE,EXTERNAL","User Sets, POE, PWM(4), Sequencer,","auto, manual",78 dB,46.9 dB,,,,,,,
Allied Vision,shr-10gige,shr411CXGE-T,SHR 10GigE,Available,Area scan,Color,Visible,400 nm to 1000 nm,"14,192 × 10,640 (151.00 MP)",Sony IMX411,cmos,rolling-shutter,"53.36 × 40.01 mm (66.69 mm, 66.7mm (Type 4.2))",3.76 µm × 3.76 µm,"8-Bit,10-Bit,12-Bit,16-Bit",,6.2 fps,"0 x LVDS input, 0 x LVDS output, 0 x TTL input, 0 x TTL output, 2 x 24V input, 4 x Open drain output,","1 x Optical isolated input, 0 x Optical isolated input,","21 to 25VDC, Power over Ethernet (POE+)",External: 30 W (typical),-10 °C to 70 °C,107 × 80 × 80,M72x0.75,810 g,,,10gige,,"bayer8, bayer10, bayer12, bayer16",,,,,60 µs to 60 s,0.0 dB to 36.0 dB,,"1 x RS232 input, 1 x RS232 output, 0 x RS422 input, 0 x RS422 output,",F004241,IR-Cut - 680nm,IP30,(RJ-45),"Manual, Auto","Auto, Manual",FW Features - Image Control,"INTERNAL,SOFTWARE,EXTERNAL","User Sets, POE, PWM(4), Sequencer,","auto, manual",78 dB,46.9 dB,,,,,,,
Allied Vision,shr-10gige,shr411MXGE,SHR 10GigE,Available,Area scan,Mono,Visible,400 nm to 1000 nm,"14,192 × 10,640 (151.00 MP)",Sony IMX411,cmos,rolling-shutter,"53.36 × 40.01 mm (66.69 mm, 66.7mm (Type 4.2))",3.76 µm × 3.76 µm,"8-Bit,12-Bit,16-Bit","mono8, mono12, mono16",6.2 fps,"0 x LVDS input, 0 x LVDS output, 0 x TTL input, 0 x TTL output, 2 x 24V input, 4 x Open drain output,","1 x Optical isolated input, 0 x Optical isolated input,","10 to 25VDC, Power over Ethernet (POE+, in option -P)",External: 19 W (typical),-10 °C to 65 °C,83 × 80 × 80,M72x0.75,580 g,,,10gige,,,,,,,60 µs to 60 s,0.0 dB to 36.0 dB,,"1 x RS232 input, 1 x RS232 output, 0 x RS422 input, 0 x RS422 output,",F004092,Borofloat B270i - AR coating,IP30,(RJ-45),"Manual, Auto, External","Auto, Manual",FW Features - Image Control,"INTERNAL,SOFTWARE,EXTERNAL","User Sets, POE, PWM(4), Sequencer,",,78 dB,46.9 dB,,,,,,,
Allied Vision,shr-10gige,shr411MXGE-T,SHR 10GigE,Available,Area scan,Mono,Visible,400 nm to 1000 nm,"14,192 × 10,640 (151.00 MP)",Sony IMX411,cmos,rolling-shutter,"53.36 × 40.01 mm (66.69 mm, 66.7mm (Type 4.2))",3.76 µm × 3.76 µm,"8-Bit,10-Bit,12-Bit,16-Bit","mono8, mono10, mono12, mono16",6.2 fps,"0 x LVDS input, 0 x LVDS output, 0 x TTL input, 0 x TTL output, 2 x 24V input, 4 x Open drain output,","1 x Optical isolated input, 0 x Optical isolated input,","21 to 25VDC, Power over Ethernet (POE+)",External: 30 W (typical),-10 °C to 70 °C,107 × 80 × 80,M72x0.75,810 g,,,10gige,,,,,,,60 µs to 60 s,0.0 dB to 36.0 dB,,"1 x RS232 input, 1 x RS232 output, 0 x RS422 input, 0 x RS422 output,",F004240,Borofloat B270i - AR coating,IP30,(RJ-45),"Manual, Auto","Auto, Manual",FW Features - Image Control,"INTERNAL,SOFTWARE,EXTERNAL","User Sets, POE, PWM(4), Sequencer,",,78 dB,46.9 dB,,,,,,,
Allied Vision,shr-10gige,shr461CXGE,SHR 10GigE,Available,Area scan,Color,Visible,400 nm to 1000 nm,"11,648 × 8,742 (101.80 MP)",Sony IMX461,cmos,rolling-shutter,"43.8 × 32.87 mm (54.76 mm, 55mm (Type 3.4))",3.76 µm × 3.76 µm,"8-Bit,12-Bit,16-Bit",,8.7 fps,"0 x LVDS input, 0 x LVDS output, 0 x TTL input, 0 x TTL output, 2 x 24V input, 4 x Open drain output,","1 x Optical isolated input, 0 x Optical isolated input,","10 to 25VDC, Power over Ethernet (POE+, in option -P)",External: 17 W (typical),,83 × 80 × 80,M72x0.75,580 g,,,10gige,,"bayer8, bayer12, bayer16",,,,,60 µs to 60 s,0.0 dB to 36.0 dB,,"1 x RS232 input, 1 x RS232 output, 0 x RS422 input, 0 x RS422 output,",F004108,Borofloat B270i - AR coating,IP30,(RJ-45),"Manual, Auto, External","Auto, Manual",FW Features - Image Control,"INTERNAL,SOFTWARE,EXTERNAL","User Sets, POE, PWM(4), Sequencer,","auto, manual",81.3 dB,46.8 dB,,,,,,,
Allied Vision,shr-10gige,shr461MXGE,SHR 10GigE,Available,Area scan,Mono,Visible,400 nm to 1000 nm,"11,648 × 8,742 (101.80 MP)",Sony IMX461,cmos,rolling-shutter,"43.8 × 32.87 mm (54.76 mm, 55mm (Type 3.4))",3.76 µm × 3.76 µm,"8-Bit,12-Bit,16-Bit","mono8, mono12, mono16",8.7 fps,"0 x LVDS input, 0 x LVDS output, 0 x TTL input, 0 x TTL output, 2 x 24V input, 4 x Open drain output,","1 x Optical isolated input, 0 x Optical isolated input,","10 to 25VDC, Power over Ethernet (POE+, in option -P)",External: 17 W (typical),,83 × 80 × 80,M72x0.75,580 g,,,10gige,,,,,,,60 µs to 60 s,0.0 dB to 36.0 dB,,"1 x RS232 input, 1 x RS232 output, 0 x RS422 input, 0 x RS422 output,",F004109,Borofloat B270i - AR coating,IP30,(RJ-45),"Manual, Auto, External","Auto, Manual",FW Features - Image Control,"INTERNAL,SOFTWARE,EXTERNAL","User Sets, POE, PWM(4), Sequencer,",,81.3 dB,46.8 dB,,,,,,,
Allied Vision,shr-10gige,shr661CXGE,SHR 10GigE,Available,Area scan,Color,Visible,400 nm to 1000 nm,"13,392 × 9,528 (127.60 MP)",Sony IMX661,cmos,global-shutter,"46.2 × 32.87 mm (56.7 mm, 56.73mm  (Type 3.6))",3.45 µm × 3.45 µm,"8-Bit,12-Bit,12-Bit",,8.2 fps,"0 x LVDS input, 0 x LVDS output, 0 x TTL input, 0 x TTL output, 2 x 24V input, 4 x Open drain output,","1 x Optical isolated input, 0 x Optical isolated input,","10 to 25VDC, Power over Ethernet (POE+, in option -P)",External: 18 W (typical),-10 °C to 60 °C,83 × 80 × 80,M72x0.75,580 g,,32 MByte,10gige,,"bayer8, bayer12packed",,,,,163 µs to 60 s,0.0 dB to 36.0 dB,,"1 x RS232 input, 1 x RS232 output, 0 x RS422 input, 0 x RS422 output,",F004144,IR-Cut 680,IP30,(RJ-45),"Manual, Auto, External","Auto, Manual",FW Features - Image Control,"INTERNAL,SOFTWARE,EXTERNAL","User Sets, POE, PWM(4), Sequencer,","auto, manual",74.4 dB,41.5 dB,,,,,,,
Allied Vision,shr-10gige,shr661MXGE,SHR 10GigE,Available,Area scan,Mono,Visible,400 nm to 1000 nm,"13,392 × 9,528 (127.60 MP)",Sony IMX661,cmos,global-shutter,"46.2 × 32.87 mm (56.7 mm, 56.73mm  (Type 3.6))",3.45 µm × 3.45 µm,"8-Bit,12-Bit,12-Bit","mono8, mono12packed",8.2 fps,"0 x LVDS input, 0 x LVDS output, 0 x TTL input, 0 x TTL output, 2 x 24V input, 4 x Open drain output,","1 x Optical isolated input, 0 x Optical isolated input,","10 to 25VDC, Power over Ethernet (POE+, in option -P)",External: 18 W (typical),-10 °C to 60 °C,83 × 80 × 80,M72x0.75,580 g,,32 MByte,10gige,,,,,,,163 µs to 60 s,0.0 dB to 36.0 dB,,"1 x RS232 input, 1 x RS232 output, 0 x RS422 input, 0 x RS422 output,",F004143,Borofloat B270i - AR coating,IP30,(RJ-45),"Manual, Auto, External","Auto, Manual",FW Features - Image Control,"INTERNAL,SOFTWARE,EXTERNAL","User Sets, POE, PWM(4), Sequencer,",,74.4 dB,41.5 dB,,,,,,,
Allied Vision,shr-cxp,shr411CCX,SHR CoaXPress,Available,Area scan,Color,Visible,400 nm to 1000 nm,"14,192 × 10,640 (151.00 MP)",Sony IMX411,cmos,rolling-shutter,"53.36 × 40.01 mm (66.69 mm, 66.7mm (Type 4.2))",3.76 µm × 3.76 µm,"8-Bit,10-Bit,12-Bit,16-Bit",,6.2 fps,"0 x LVDS input, 0 x LVDS output, 0 x TTL input, 0 x TTL output, 2 x 24V input, 4 x Open drain output,","1 x Optical isolated input, 0 x Optical isolated input,","10 to 25VDC, Power over CoaXPress",External: 14 W (typical),-10 °C to 65 °C,83 × 80 × 80,M72x0.75,600 g,,160 MByte,cxp-6 with 4 connections,,"bayer8, bayer10, bayer12, bayer16",,,,,60 µs to 60 s,0.0 dB to 36.0 dB,,"1 x RS232 input, 1 x RS232 output, 0 x RS422 input, 0 x RS422 output,",F004074,IR-Cut - 680nm,IP30,(Din1.0/2.3),"Manual, Auto","Auto, Manual",FW Features - Image Control,"INTERNAL,SOFTWARE,EXTERNAL","PoCxP, User Sets, PWM(4), Sequencer,","auto, manual",78 dB,46.9 dB,,,,,,,
Allied Vision,shr-cxp,shr411MCX,SHR CoaXPress,Available,Area scan,Mono,Visible,400 nm to 1000 nm,"14,192 × 10,640 (151.00 MP)",Sony IMX411,cmos,rolling-shutter,"53.36 × 40.01 mm (66.69 mm, 66.7mm (Type 4.2))",3.76 µm × 3.76 µm,"8-Bit,10-Bit,12-Bit,16-Bit","mono8, mono10, mono12, mono16",6.2 fps,"0 x LVDS input, 0 x LVDS output, 0 x TTL input, 0 x TTL output, 2 x 24V input, 4 x Open drain output,","1 x Optical isolated input, 0 x Optical isolated input,","10 to 25VDC, Power over CoaXPress",External: 14 W (typical),-10 °C to 65 °C,83 × 80 × 80,M72x0.75,600 g,,160 MByte,cxp-6 with 4 connections,,,,,,,60 µs to 60 s,0.0 dB to 36.0 dB,,"1 x RS232 input, 1 x RS232 output, 0 x RS422 input, 0 x RS422 output,",F004080,Borofloat B270i - AR coating,IP30,(Din1.0/2.3),"Manual, Auto","Auto, Manual",FW Features - Image Control,"INTERNAL,SOFTWARE,EXTERNAL","PoCxP, User Sets, PWM(4), Sequencer,",,78 dB,46.9 dB,,,,,,,
Allied Vision,shr-cxp,shr461CCX,SHR CoaXPress,Available,Area scan,Color,Visible,400 nm to 1000 nm,"11,648 × 8,742 (101.80 MP)",Sony IMX461,cmos,rolling-shutter,"43.8 × 32.87 mm (54.76 mm, 55mm (Type 3.4))",3.76 µm × 3.76 µm,"8-Bit,10-Bit,12-Bit,16-Bit",,8.7 fps,"0 x LVDS input, 0 x LVDS output, 0 x TTL input, 0 x TTL output, 2 x 24V input, 4 x Open drain output,","1 x Optical isolated input, 0 x Optical isolated input,","10 to 25VDC, Power over CoaXPress",External: 14 W (typical),-10 °C to 70 °C,83 × 80 × 80,M72x0.75,580 g,,160 MByte,cxp-6 with 4 connections,,"bayer8, bayer10, bayer12, bayer16",,,,,60 µs to 60 s,0.0 dB to 36.0 dB,,"1 x RS232 input, 1 x RS232 output, 0 x RS422 input, 0 x RS422 output,",F004087,Borofloat B270i - AR coating,IP30,(Din1.0/2.3),"Manual, Auto","Auto, Manual",FW Features - Image Control,"INTERNAL,SOFTWARE,EXTERNAL","PoCxP, User Sets, PWM(4), Sequencer,","auto, manual",81.3 dB,46.8 dB,,,,,,,
Allied Vision,shr-cxp,shr461MCX,SHR CoaXPress,Available,Area scan,Mono,Visible,400 nm to 1000 nm,"11,648 × 8,742 (101.80 MP)",Sony IMX461,cmos,rolling-shutter,"43.8 × 32.87 mm (54.76 mm, 55mm (Type 3.4))",3.76 µm × 3.76 µm,"8-Bit,10-Bit,12-Bit,16-Bit","mono8, mono10, mono12, mono16",8.7 fps,"0 x LVDS input, 0 x LVDS output, 0 x TTL input, 0 x TTL output, 2 x 24V input, 4 x Open drain output,","1 x Optical isolated input, 0 x Optical isolated input,","10 to 25VDC, Power over CoaXPress",External: 14 W (typical),-10 °C to 70 °C,83 × 80 × 80,M72x0.75,580 g,,160 MByte,cxp-6 with 4 connections,,,,,,,60 µs to 60 s,0.0 dB to 36.0 dB,,"1 x RS232 input, 1 x RS232 output, 0 x RS422 input, 0 x RS422 output,",F004086,Borofloat B270i - AR coating,IP30,(Din1.0/2.3),"Manual, Auto","Auto, Manual",FW Features - Image Control,"INTERNAL,SOFTWARE,EXTERNAL","PoCxP, User Sets, PWM(4), Sequencer,",,81.3 dB,46.8 dB,,,,,,,
Allied Vision,shr-cxp,shr661CCX12,SHR CoaXPress,Available,Area scan,Color,Visible,400 nm to 1000 nm,"13,392 × 9,528 (127.60 MP)",Sony IMX661,cmos,global-shutter,"46.2 × 32.87 mm (56.7 mm, 56.73mm  (Type 3.6))",3.45 µm × 3.45 µm,"8-Bit,10-Bit,12-Bit,16-Bit",,20.3 fps,"0 x LVDS input, 0 x LVDS output, 0 x TTL input, 0 x TTL output, 2 x 24V input, 4 x Open drain output,","1 x Optical isolated input, 0 x Optical isolated input,","10 to 25VDC, Power over CoaXPress",External: 17 W (typical),-10 °C to 60 °C,83 × 80 × 80,M72x0.75,580 g,,160 MByte,cxp-12 with 4 connections,,"bayer8, bayer10, bayer12, bayer16",,,,,1 µs to 60 s,0.0 dB to 36.0 dB,,"1 x RS232 input, 1 x RS232 output, 0 x RS422 input, 0 x RS422 output,",F004142,IR-Cut 680,IP30,(micro-BNC),"Manual, Auto, External","Auto, Manual",FW Features - Image Control,"INTERNAL,SOFTWARE,EXTERNAL","PoCxP, User Sets, PWM(4), Sequencer,","auto, manual",74.4 dB,41.5 dB,,,,,,,
Allied Vision,shr-cxp,shr661MCX12,SHR CoaXPress,Available,Area scan,Mono,Visible,400 nm to 1000 nm,"13,392 × 9,528 (127.60 MP)",Sony IMX661,cmos,global-shutter,"46.2 × 32.87 mm (56.7 mm, 56.73mm  (Type 3.6))",3.45 µm × 3.45 µm,"8-Bit,10-Bit,12-Bit,16-Bit","mono8, mono10, mono12, mono16",20.3 fps,"0 x LVDS input, 0 x LVDS output, 0 x TTL input, 0 x TTL output, 2 x 24V input, 4 x Open drain output,","1 x Optical isolated input, 0 x Optical isolated input,","10 to 25VDC, Power over CoaXPress",External: 17 W (typical),-10 °C to 60 °C,83 × 80 × 80,M72x0.75,580 g,,160 MByte,cxp-12 with 4 connections,,,,,,,1 µs to 60 s,0.0 dB to 36.0 dB,,"1 x RS232 input, 1 x RS232 output, 0 x RS422 input, 0 x RS422 output,",F004141,Borofloat B270i - AR coating,IP30,(micro-BNC),"Manual, Auto, External","Auto, Manual",FW Features - Image Control,"INTERNAL,SOFTWARE,EXTERNAL","PoCxP, User Sets, PWM(4), Sequencer,",,74.4 dB,41.5 dB,,,,,,,
Allied Vision,shr-cxp,shr811CCX12,SHR CoaXPress,Available,Area scan,Color,Visible,400 nm to 1000 nm,"19,200 × 12,800 (245.80 MP)",Sony IMX811,cmos,rolling-shutter,"53.95 × 35.97 mm (64.84 mm, 64.84mm (Type 4.1))",2.81 µm × 2.81 µm,"12-Bit,14-Bit,16-Bit",,12.4 fps,"0 x LVDS input, 0 x LVDS output, 0 x TTL input, 0 x TTL output, 2 x 24V input, 4 x Open drain output,","1 x Optical isolated input, 0 x Optical isolated input,","10 to 25VDC, Power over CoaXPress",External: 17 W (typical),-10 °C to 60 °C,86 × 80 × 80,M72x0.75,600 g,,160 MByte,cxp-12 with 4 connections,,"bayer12, bayer14, bayer16",,,,,60 µs to 60 s,0.0 dB to 24.0 dB,,"1 x RS232 input, 1 x RS232 output, 0 x RS422 input, 0 x RS422 output,",F004228,,IP30,(micro-BNC),"Manual, Auto","Auto, Manual",FW Features - Image Control,"INTERNAL,SOFTWARE,EXTERNAL","PoCxP, User Sets, PWM(4), Sequencer,","auto, manual",77.8 dB,44.4 dB,,,,,,,
Allied Vision,shr-cxp,shr811MCX12,SHR CoaXPress,Available,Area scan,Mono,Visible,400 nm to 1000 nm,"19,200 × 12,800 (245.80 MP)",Sony IMX811,cmos,rolling-shutter,"53.95 × 35.97 mm (64.84 mm, 64.84mm (Type 4.1))",2.81 µm × 2.81 µm,"12-Bit,14-Bit,16-Bit","mono12, mono14, mono16",12.4 fps,"0 x LVDS input, 0 x LVDS output, 0 x TTL input, 0 x TTL output, 2 x 24V input, 4 x Open drain output,","1 x Optical isolated input, 0 x Optical isolated input,","10 to 25VDC, Power over CoaXPress",External: 17 W (typical),-10 °C to 60 °C,86 × 80 × 80,M72x0.75,600 g,,160 MByte,cxp-12 with 4 connections,,,,,,,60 µs to 60 s,0.0 dB to 24.0 dB,,"1 x RS232 input, 1 x RS232 output, 0 x RS422 input, 0 x RS422 output,",F004227,,IP30,(micro-BNC),"Manual, Auto","Auto, Manual",FW Features - Image Control,"INTERNAL,SOFTWARE,EXTERNAL","PoCxP, User Sets, PWM(4), Sequencer,",,77.8 dB,44.4 dB,,,,,,,
Allied Vision,exo-camera-link-base,exo174CCL,EXO Camera Link,Available,Area scan,Color,Visible,400 nm to 1000 nm,"1,920 × 1,200 (2.30 MP)",Sony IMX174,cmos,global-shutter,"11.25 × 7.03 mm (13.27 mm, 13.4mm (Type 1/1.2))",5.86 µm × 5.86 µm,"8-Bit,12-Bit",,105 fps,"0 x LVDS input, 0 x LVDS output, 0 x TTL input, 0 x TTL output, 2 x 24V input, 4 x Open drain output,","1 x Optical isolated input, 0 x Optical isolated input,",10 to 25VDC,External: 4 W (typical),-10 °C to 60 °C,43 × 50 × 50,C-Mount,138 g,192 MByte,32 MByte,Camera Link Base,,"bayer8, bayer12",,,,,25 µs to 60 s,0.0 dB to 18.0 dB,,"1 x RS232 input, 1 x RS232 output, 0 x RS422 input, 0 x RS422 output,",F001594,IR-Cut - 680nm,IP40,(MDR),"Manual, Auto, External","Auto, Manual",FW Features - Image Control,"INTERNAL,SOFTWARE,EXTERNAL","User Sets, PWM(4), Sequencer,","auto, manual",72 dB,44 dB,,,,,,,
Allied Vision,exo-camera-link-base,exo174MCL,EXO Camera Link,Available,Area scan,Mono,Visible,400 nm to 1000 nm,"1,920 × 1,200 (2.30 MP)",Sony IMX174,cmos,global-shutter,"11.25 × 7.03 mm (13.27 mm, 13.4mm (Type 1/1.2))",5.86 µm × 5.86 µm,"8-Bit,12-Bit","mono8, mono12",105 fps,"0 x LVDS input, 0 x LVDS output, 0 x TTL input, 0 x TTL output, 2 x 24V input, 4 x Open drain output,","1 x Optical isolated input, 0 x Optical isolated input,",10 to 25VDC,External: 4 W (typical),-10 °C to 60 °C,43 × 50 × 50,C-Mount,138 g,192 MByte,32 MByte,Camera Link Base,,,,,,,25 µs to 60 s,0.0 dB to 18.0 dB,,"1 x RS232 input, 1 x RS232 output, 0 x RS422 input, 0 x RS422 output,",F001593,K9 - AR coating - 400-850nm,IP40,(MDR),"Manual, Auto, External","Auto, Manual",FW Features - Image Control,"INTERNAL,SOFTWARE,EXTERNAL","User Sets, PWM(4), Sequencer,",,72 dB,44 dB,,,,,,,
Allied Vision,exo-camera-link-base,exo183CCL,EXO Camera Link,Available,Area scan,Color,Visible,400 nm to 1000 nm,"5,488 × 3,672 (20.20 MP)",Sony IMX183,cmos,rolling-shutter,"13.17 × 8.81 mm (15.85 mm, 15.86mm (Type 1))",2.40 µm × 2.40 µm,"8-Bit,12-Bit",,12 fps,"0 x LVDS input, 0 x LVDS output, 0 x TTL input, 0 x TTL output, 2 x 24V input, 4 x Open drain output,","1 x Optical isolated input, 0 x Optical isolated input,",10 to 25VDC,External: 4 W (typical),-10 °C to 60 °C,43 × 50 × 50,C-Mount,140 g,192 MByte,32 MByte,Camera Link Base,,"bayer8, bayer12",,,,,228 µs to 60 s,0.0 dB to 27.0 dB,,"1 x RS232 input, 1 x RS232 output, 0 x RS422 input, 0 x RS422 output,",F001901,IR-Cut - 680nm,IP40,(MDR),"Manual, Auto","Auto, Manual",FW Features - Image Control,"INTERNAL,SOFTWARE,EXTERNAL","User Sets, PWM(4), Sequencer,","auto, manual",71.5 dB,40 dB,,,,,,,
Allied Vision,exo-camera-link-base,exo183MCL,EXO Camera Link,Available,Area scan,Mono,Visible,400 nm to 1000 nm,"5,488 × 3,672 (20.20 MP)",Sony IMX183,cmos,rolling-shutter,"13.17 × 8.81 mm (15.85 mm, 15.86mm (Type 1))",2.40 µm × 2.40 µm,"8-Bit,12-Bit","mono8, mono12",12 fps,"0 x LVDS input, 0 x LVDS output, 0 x TTL input, 0 x TTL output, 2 x 24V input, 4 x Open drain output,","1 x Optical isolated input, 0 x Optical isolated input,",10 to 25VDC,External: 4 W (typical),-10 °C to 60 °C,43 × 50 × 50,C-Mount,140 g,192 MByte,32 MByte,Camera Link Base,,,,,,,228 µs to 60 s,0.0 dB to 27.0 dB,,"1 x RS232 input, 1 x RS232 output, 0 x RS422 input, 0 x RS422 output,",F001900,K9 - AR coating - 400-850nm,IP40,(MDR),"Manual, Auto","Auto, Manual",FW Features - Image Control,"INTERNAL,SOFTWARE,EXTERNAL","User Sets, PWM(4), Sequencer,",,71.5 dB,40 dB,,,,,,,
Allied Vision,exo-camera-link-base,exo250CCL,EXO Camera Link,Available,Area scan,Color,Visible,400 nm to 1000 nm,"2,448 × 2,048 (5.00 MP)",Sony IMX250,cmos,global-shutter,"8.45 × 7.07 mm (11.01 mm, 11.1mm (Type 2/3))",3.45 µm × 3.45 µm,"8-Bit,12-Bit",,49 fps,"0 x LVDS input, 0 x LVDS output, 0 x TTL input, 0 x TTL output, 2 x 24V input, 4 x Open drain output,","1 x Optical isolated input, 0 x Optical isolated input,",10 to 25VDC,External: 4 W (typical),-10 °C to 60 °C,43 × 50 × 50,C-Mount,138 g,192 MByte,32 MByte,Camera Link Base,,"bayer8, bayer12",,,,,20 µs to 60 s,0.0 dB to 48.0 dB,,"1 x RS232 input, 1 x RS232 output, 0 x RS422 input, 0 x RS422 output,",F001688,IR-Cut - 680nm,IP40,(MDR),"Manual, Auto, External","Auto, Manual",FW Features - Image Control,"INTERNAL,SOFTWARE,EXTERNAL","User Sets, PWM(4), Sequencer,","auto, manual",72 dB,40 dB,,,,,,,
Allied Vision,exo-camera-link-base,exo250MCL,EXO Camera Link,Available,Area scan,Mono,Visible,400 nm to 1000 nm,"2,448 × 2,048 (5.00 MP)",Sony IMX250,cmos,global-shutter,"8.45 × 7.07 mm (11.01 mm, 11.1mm (Type 2/3))",3.45 µm × 3.45 µm,"8-Bit,12-Bit","mono8, mono12",49 fps,"0 x LVDS input, 0 x LVDS output, 0 x TTL input, 0 x TTL output, 2 x 24V input, 4 x Open drain output,","1 x Optical isolated input, 0 x Optical isolated input,",10 to 25VDC,External: 4 W (typical),-10 °C to 60 °C,43 × 50 × 50,C-Mount,138 g,192 MByte,32 MByte,Camera Link Base,,,,,,,20 µs to 60 s,0.0 dB to 48.0 dB,,"1 x RS232 input, 1 x RS232 output, 0 x RS422 input, 0 x RS422 output,",F001687,K9 - AR coating - 400-850nm,IP40,(MDR),"Manual, Auto, External","Auto, Manual",FW Features - Image Control,"INTERNAL,SOFTWARE,EXTERNAL","User Sets, PWM(4), Sequencer,",,72 dB,40 dB,,,,,,,
Allied Vision,exo-camera-link-base,exo304CCL,EXO Camera Link,Available,Area scan,Color,Visible,400 nm to 1000 nm,"4,096 × 3,000 (12.30 MP)",Sony IMX304,cmos,global-shutter,"14.13 × 10.35 mm (17.52 mm, 17.6mm (Type 1.1))",3.45 µm × 3.45 µm,"8-Bit,12-Bit",,20 fps,"0 x LVDS input, 0 x LVDS output, 0 x TTL input, 0 x TTL output, 2 x 24V input, 4 x Open drain output,","1 x Optical isolated input, 0 x Optical isolated input,",10 to 25VDC,External: 4 W (typical),-10 °C to 60 °C,43 × 50 × 50,C-Mount,140 g,192 MByte,32 MByte,Camera Link Base,,"bayer8, bayer12",,,,,29 µs to 60 s,0.0 dB to 48.0 dB,,"1 x RS232 input, 1 x RS232 output, 0 x RS422 input, 0 x RS422 output,",F001766,IR-Cut - 680nm,IP40,(MDR),"Manual, Auto, External","Auto, Manual",FW Features - Image Control,"INTERNAL,SOFTWARE,EXTERNAL","User Sets, PWM(4), Sequencer,","auto, manual",72 dB,39.5 dB,,,,,,,
Allied Vision,exo-camera-link-base,exo304MCL,EXO Camera Link,Available,Area scan,Mono,Visible,400 nm to 1000 nm,"4,096 × 3,000 (12.30 MP)",Sony IMX304,cmos,global-shutter,"14.13 × 10.35 mm (17.52 mm, 17.6mm (Type 1.1))",3.45 µm × 3.45 µm,"8-Bit,12-Bit","mono8, mono12",20 fps,"0 x LVDS input, 0 x LVDS output, 0 x TTL input, 0 x TTL output, 2 x 24V input, 4 x Open drain output,","1 x Optical isolated input, 0 x Optical isolated input,",10 to 25VDC,External: 4 W (typical),-10 °C to 60 °C,43 × 50 × 50,C-Mount,140 g,192 MByte,32 MByte,Camera Link Base,,,,,,,29 µs to 60 s,0.0 dB to 48.0 dB,,"1 x RS232 input, 1 x RS232 output, 0 x RS422 input, 0 x RS422 output,",F001765,K9 - AR coating - 400-850nm,IP40,(MDR),"Manual, Auto, External","Auto, Manual",FW Features - Image Control,"INTERNAL,SOFTWARE,EXTERNAL","User Sets, PWM(4), Sequencer,",,72 dB,39.5 dB,,,,,,,
Allied Vision,exo-gige,exo174CGE,EXO GigE,Available,Area scan,Color,Visible,400 nm to 1000 nm,"1,920 × 1,200 (2.30 MP)",Sony IMX174,cmos,global-shutter,"11.25 × 7.03 mm (13.27 mm, 13.4mm (Type 1/1.2))",5.86 µm × 5.86 µm,"8-Bit,12-Bit,12-Bit",,53.6 fps,"0 x LVDS input, 0 x LVDS output, 0 x TTL input, 0 x TTL output, 2 x 24V input, 4 x Open drain output,","1 x Optical isolated input, 0 x Optical isolated input,","10 to 25VDC, Power over Ethernet",External: 4.5 W (typical),-10 °C to 60 °C,43 × 50 × 50,C-Mount,140 g,192 MByte,32 MByte,gige,,"bayer8, bayer12packed",,,,,25 µs to 60 s,0.0 dB to 18.0 dB,,"1 x RS232 input, 1 x RS232 output, 0 x RS422 input, 0 x RS422 output,",F001558,IR-Cut - 680nm,IP40,(RJ-45),"Manual, Auto, External","Auto, Manual",FW Features - Image Control,"INTERNAL,SOFTWARE,EXTERNAL","PTP, BurstMode, User Sets, POE, PWM(4), Sequencer,","auto, manual",72 dB,44 dB,71.9 fps,,,,,,
Allied Vision,exo-gige,exo174MGE,EXO GigE,Available,Area scan,Mono,Visible,400 nm to 1000 nm,"1,920 × 1,200 (2.30 MP)",Sony IMX174,cmos,global-shutter,"11.25 × 7.03 mm (13.27 mm, 13.4mm (Type 1/1.2))",5.86 µm × 5.86 µm,"8-Bit,12-Bit,12-Bit","mono8, mono12packed",53.6 fps,"0 x LVDS input, 0 x LVDS output, 0 x TTL input, 0 x TTL output, 2 x 24V input, 4 x Open drain output,","1 x Optical isolated input, 0 x Optical isolated input,","10 to 25VDC, Power over Ethernet",External: 4.5 W (typical),-10 °C to 60 °C,43 × 50 × 50,C-Mount,140 g,192 MByte,32 MByte,gige,,,,,,,25 µs to 60 s,0.0 dB to 18.0 dB,,"1 x RS232 input, 1 x RS232 output, 0 x RS422 input, 0 x RS422 output,",F002176,K9 - AR coating - 400-850nm,IP40,(RJ-45),"Manual, Auto, External","Auto, Manual",FW Features - Image Control,"INTERNAL,SOFTWARE,EXTERNAL","PTP, BurstMode, User Sets, POE, PWM(4), Sequencer,",,72 dB,44 dB,71.9 fps,,,,,,
Allied Vision,exo-gige,exo183CGE,EXO GigE,Available,Area scan,Color,Visible,400 nm to 1000 nm,"5,496 × 3,672 (20.20 MP)",Sony IMX183,cmos,rolling-shutter,"13.19 × 8.81 mm (15.86 mm, 15.86mm (Type 1))",2.40 µm × 2.40 µm,"8-Bit,12-Bit,12-Bit",,6 fps,"0 x LVDS input, 0 x LVDS output, 0 x TTL input, 0 x TTL output, 2 x 24V input, 4 x Open drain output,","1 x Optical isolated input, 0 x Optical isolated input,","10 to 25VDC, Power over Ethernet",External: 5 W (typical),-10 °C to 60 °C,43 × 50 × 50,C-Mount,140 g,192 MByte,32 MByte,gige,,"bayer8, bayer12packed",,,,,117 µs to 60 s,0.0 dB to 27.0 dB,,"1 x RS232 input, 1 x RS232 output, 0 x RS422 input, 0 x RS422 output,",F002191,IR-Cut - 680nm,IP40,(RJ-45),"Manual, Auto","Auto, Manual",FW Features - Image Control,"INTERNAL,SOFTWARE,EXTERNAL","BurstMode, User Sets, POE, PWM(4), Sequencer,","auto, manual",71.5 dB,40 dB,16 fps,,,,,,
Allied Vision,exo-gige,exo183MGE,EXO GigE,Available,Area scan,Mono,Visible,400 nm to 1000 nm,"5,496 × 3,672 (20.20 MP)",Sony IMX183,cmos,rolling-shutter,"13.19 × 8.81 mm (15.86 mm, 15.86mm (Type 1))",2.40 µm × 2.40 µm,"8-Bit,12-Bit,12-Bit","mono8, mono12packed",6 fps,"0 x LVDS input, 0 x LVDS output, 0 x TTL input, 0 x TTL output, 2 x 24V input, 4 x Open drain output,","1 x Optical isolated input, 0 x Optical isolated input,","10 to 25VDC, Power over Ethernet",External: 5 W (typical),-10 °C to 60 °C,43 × 50 × 50,C-Mount,140 g,192 MByte,32 MByte,gige,,,,,,,117 µs to 60 s,0.0 dB to 27.0 dB,,"1 x RS232 input, 1 x RS232 output, 0 x RS422 input, 0 x RS422 output,",F002192,K9 - AR coating - 400-850nm,IP40,(RJ-45),"Manual, Auto","Auto, Manual",FW Features - Image Control,"INTERNAL,SOFTWARE,EXTERNAL","BurstMode, User Sets, POE, PWM(4), Sequencer,",,71.5 dB,40 dB,16 fps,,,,,,
Allied Vision,exo-gige,exo249CGE,EXO GigE,Available,Area scan,Color,Visible,400 nm to 1000 nm,"1,920 × 1,200 (2.30 MP)",Sony IMX249,cmos,global-shutter,"11.25 × 7.03 mm (13.27 mm, 13.4mm (Type 1/1.2))",5.86 µm × 5.86 µm,"8-Bit,12-Bit,12-Bit",,41 fps,"0 x LVDS input, 0 x LVDS output, 0 x TTL input, 0 x TTL output, 2 x 24V input, 4 x Open drain output,","1 x Optical isolated input, 0 x Optical isolated input,","10 to 25VDC, Power over Ethernet",External: 4.5 W (typical),-10 °C to 60 °C,43 × 50 × 50,C-Mount,140 g,192 MByte,32 MByte,gige,,"bayer8, bayer12packed",,,,,34 µs to 60 s,0.0 dB to 48.0 dB,,"1 x RS232 input, 1 x RS232 output, 0 x RS422 input, 0 x RS422 output,",F002181,IR-Cut - 680nm,IP40,(RJ-45),"Manual, Auto, External","Auto, Manual",FW Features - Image Control,"INTERNAL,SOFTWARE,EXTERNAL","PTP, BurstMode, User Sets, POE, PWM(4), Sequencer,","auto, manual",72 dB,44 dB,41.6 fps,,,,,,
Allied Vision,exo-gige,exo249MGE,EXO GigE,Available,Area scan,Mono,Visible,400 nm to 1000 nm,"1,920 × 1,200 (2.30 MP)",Sony IMX249,cmos,global-shutter,"11.25 × 7.03 mm (13.27 mm, 13.4mm (Type 1/1.2))",5.86 µm × 5.86 µm,"8-Bit,12-Bit,12-Bit","mono8, mono12packed",41 fps,"0 x LVDS input, 0 x LVDS output, 0 x TTL input, 0 x TTL output, 2 x 24V input, 4 x Open drain output,","1 x Optical isolated input, 0 x Optical isolated input,","10 to 25VDC, Power over Ethernet",External: 4.5 W (typical),-10 °C to 60 °C,43 × 50 × 50,C-Mount,140 g,192 MByte,32 MByte,gige,,,,,,,34 µs to 60 s,0.0 dB to 48.0 dB,,"1 x RS232 input, 1 x RS232 output, 0 x RS422 input, 0 x RS422 output,",F002180,K9 - AR coating - 400-850nm,IP40,(RJ-45),"Manual, Auto, External","Auto, Manual",FW Features - Image Control,"INTERNAL,SOFTWARE,EXTERNAL","PTP, BurstMode, User Sets, POE, PWM(4), Sequencer,",,72 dB,44 dB,41.6 fps,,,,,,
Allied Vision,exo-gige,exo250CGE,EXO GigE,Available,Area scan,Color,Visible,400 nm to 1000 nm,"2,448 × 2,048 (5.00 MP)",Sony IMX250,cmos,global-shutter,"8.45 × 7.07 mm (11.01 mm, 11.1mm (Type 2/3))",3.45 µm × 3.45 µm,"8-Bit,12-Bit,12-Bit",,24.5 fps,"0 x LVDS input, 0 x LVDS output, 0 x TTL input, 0 x TTL output, 2 x 24V input, 4 x Open drain output,","1 x Optical isolated input, 0 x Optical isolated input,","10 to 25VDC, Power over Ethernet",External: 4.5 W (typical),-10 °C to 60 °C,43 × 50 × 50,C-Mount,138 g,192 MByte,32 MByte,gige,,"bayer8, bayer12packed",,,,,20 µs to 60 s,0.0 dB to 48.0 dB,,"1 x RS232 input, 1 x RS232 output, 0 x RS422 input, 0 x RS422 output,",F002183,IR-Cut - 680nm,IP40,(RJ-45),"Manual, Auto, External","Auto, Manual",FW Features - Image Control,"INTERNAL,SOFTWARE,EXTERNAL","PTP, BurstMode, User Sets, POE, PWM(4), Sequencer,","auto, manual",72 dB,40 dB,42.7 fps,,,,,,
Allied Vision,exo-gige,exo250MGE,EXO GigE,Available,Area scan,Mono,Visible,400 nm to 1000 nm,"2,448 × 2,048 (5.00 MP)",Sony IMX250,cmos,global-shutter,"8.45 × 7.07 mm (11.01 mm, 11.1mm (Type 2/3))",3.45 µm × 3.45 µm,"8-Bit,12-Bit,12-Bit","mono8, mono12packed",24.5 fps,"0 x LVDS input, 0 x LVDS output, 0 x TTL input, 0 x TTL output, 2 x 24V input, 4 x Open drain output,","1 x Optical isolated input, 0 x Optical isolated input,","10 to 25VDC, Power over Ethernet",External: 4.5 W (typical),-10 °C to 60 °C,43 × 50 × 50,C-Mount,138 g,192 MByte,32 MByte,gige,,,,,,,20 µs to 60 s,0.0 dB to 48.0 dB,,"1 x RS232 input, 1 x RS232 output, 0 x RS422 input, 0 x RS422 output,",F002182,K9 - AR coating - 400-850nm,IP40,(RJ-45),"Manual, Auto, External","Auto, Manual",FW Features - Image Control,"INTERNAL,SOFTWARE,EXTERNAL","PTP, BurstMode, User Sets, POE, PWM(4), Sequencer,",,72 dB,40 dB,42.7 fps,,,,,,
Allied Vision,exo-gige,exo264CGE,EXO GigE,Available,Area scan,Color,Visible,400 nm to 1000 nm,"2,448 × 2,048 (5.00 MP)",Sony IMX264,cmos,global-shutter,"8.45 × 7.07 mm (11.01 mm, 11.1mm (Type 2/3))",3.45 µm × 3.45 µm,"8-Bit,12-Bit,12-Bit",,24.5 fps,"0 x LVDS input, 0 x LVDS output, 0 x TTL input, 0 x TTL output, 2 x 24V input, 4 x Open drain output,","1 x Optical isolated input, 0 x Optical isolated input,","10 to 25VDC, Power over Ethernet",External: 4.5 W (typical),-10 °C to 60 °C,43 × 50 × 50,C-Mount,138 g,192 MByte,32 MByte,gige,,"bayer8, bayer12packed",,,,,28 µs to 60 s,0.0 dB to 48.0 dB,,"1 x RS232 input, 1 x RS232 output, 0 x RS422 input, 0 x RS422 output,",F002185,,IP40,(RJ-45),"Manual, Auto, External","Auto, Manual",FW Features - Image Control,"INTERNAL,SOFTWARE,EXTERNAL","PTP, BurstMode, User Sets, POE, PWM(4), Sequencer,","auto, manual",71.5 dB,39.5 dB,36 fps,,,,,,
Allied Vision,exo-gige,exo264MGE,EXO GigE,Available,Area scan,Mono,Visible,400 nm to 1000 nm,"2,448 × 2,048 (5.00 MP)",Sony IMX264,cmos,global-shutter,"8.45 × 7.07 mm (11.01 mm, 11.1mm (Type 2/3))",3.45 µm × 3.45 µm,"8-Bit,12-Bit,12-Bit","mono8, mono12packed",24.5 fps,"0 x LVDS input, 0 x LVDS output, 0 x TTL input, 0 x TTL output, 2 x 24V input, 4 x Open drain output,","1 x Optical isolated input, 0 x Optical isolated input,","10 to 25VDC, Power over Ethernet",External: 4.5 W (typical),-10 °C to 60 °C,43 × 50 × 50,C-Mount,138 g,192 MByte,32 MByte,gige,,,,,,,28 µs to 60 s,0.0 dB to 48.0 dB,,"1 x RS232 input, 1 x RS232 output, 0 x RS422 input, 0 x RS422 output,",F002184,,IP40,(RJ-45),"Manual, Auto, External","Auto, Manual",FW Features - Image Control,"INTERNAL,SOFTWARE,EXTERNAL","PTP, BurstMode, User Sets, POE, PWM(4), Sequencer,",,71.5 dB,39.5 dB,36 fps,,,,,,
Allied Vision,exo-gige,exo265CGE,EXO GigE,Available,Area scan,Color,Visible,400 nm to 1000 nm,"2,048 × 1,536 (3.10 MP)",Sony IMX265,cmos,global-shutter,"7.07 × 5.3 mm (8.83 mm, 8.9mm (Type 1/1.8))",3.45 µm × 3.45 µm,"8-Bit,12-Bit,12-Bit",,39 fps,"0 x LVDS input, 0 x LVDS output, 0 x TTL input, 0 x TTL output, 2 x 24V input, 4 x Open drain output,","1 x Optical isolated input, 0 x Optical isolated input,","10 to 25VDC, Power over Ethernet",External: 4.5 W (typical),-10 °C to 60 °C,43 × 50 × 50,C-Mount,138 g,192 MByte,32 MByte,gige,,"bayer8, bayer12packed",,,,,24 µs to 60 s,0.0 dB to 48.0 dB,,"1 x RS232 input, 1 x RS232 output, 0 x RS422 input, 0 x RS422 output,",F002187,,IP40,(RJ-45),"Manual, Auto, External","Auto, Manual",FW Features - Image Control,"INTERNAL,SOFTWARE,EXTERNAL","PTP, BurstMode, User Sets, POE, PWM(4), Sequencer,","auto, manual",72 dB,40 dB,56 fps,,,,,,
Allied Vision,exo-gige,exo265MGE,EXO GigE,Available,Area scan,Mono,Visible,400 nm to 1000 nm,"2,048 × 1,536 (3.10 MP)",Sony IMX265,cmos,global-shutter,"7.07 × 5.3 mm (8.83 mm, 8.9mm (Type 1/1.8))",3.45 µm × 3.45 µm,"8-Bit,12-Bit,12-Bit","mono8, mono12packed",39 fps,"0 x LVDS input, 0 x LVDS output, 0 x TTL input, 0 x TTL output, 2 x 24V input, 4 x Open drain output,","1 x Optical isolated input, 0 x Optical isolated input,","10 to 25VDC, Power over Ethernet",External: 4.5 W (typical),-10 °C to 60 °C,43 × 50 × 50,C-Mount,138 g,192 MByte,32 MByte,gige,,,,,,,24 µs to 60 s,0.0 dB to 48.0 dB,,"1 x RS232 input, 1 x RS232 output, 0 x RS422 input, 0 x RS422 output,",F002186,,IP40,(RJ-45),"Manual, Auto, External","Auto, Manual",FW Features - Image Control,"INTERNAL,SOFTWARE,EXTERNAL","PTP, BurstMode, User Sets, POE, PWM(4), Sequencer,",,72 dB,40 dB,56 fps,,,,,,
Allied Vision,exo-gige,exo273CGE,EXO GigE,Available,Area scan,Color,Visible,400 nm to 1000 nm,"1,440 × 1,080 (1.60 MP)",Sony IMX273,cmos,global-shutter,"4.97 × 3.73 mm (6.21 mm, 6.3mm (Type 1/2.9))",3.45 µm × 3.45 µm,"8-Bit,12-Bit,12-Bit",,79 fps,"0 x LVDS input, 0 x LVDS output, 0 x TTL input, 0 x TTL output, 2 x 24V input, 4 x Open drain output,","1 x Optical isolated input, 0 x Optical isolated input,","10 to 25VDC, Power over Ethernet",External: 4 W (typical),-10 °C to 60 °C,43 × 50 × 50,C-Mount,138 g,192 MByte,32 MByte,gige,,"bayer8, bayer12packed",,,,,19 µs to 60 s,0.0 dB to 48.0 dB,,"1 x RS232 input, 1 x RS232 output, 0 x RS422 input, 0 x RS422 output,",F002194,IR-Cut - 680nm,IP40,(RJ-45),"Manual, Auto, External","Auto, Manual",FW Features - Image Control,"INTERNAL,SOFTWARE,EXTERNAL","PTP, BurstMode, User Sets, POE, PWM(4), Sequencer,","auto, manual",,,167.3 fps,,,,,,
Allied Vision,exo-gige,exo273MGE,EXO GigE,Available,Area scan,Mono,Visible,400 nm to 1000 nm,"1,440 × 1,080 (1.60 MP)",Sony IMX273,cmos,global-shutter,"4.97 × 3.73 mm (6.21 mm, 6.3mm (Type 1/2.9))",3.45 µm × 3.45 µm,"8-Bit,12-Bit,12-Bit","mono8, mono12packed",79 fps,"0 x LVDS input, 0 x LVDS output, 0 x TTL input, 0 x TTL output, 2 x 24V input, 4 x Open drain output,","1 x Optical isolated input, 0 x Optical isolated input,","10 to 25VDC, Power over Ethernet",External: 4 W (typical),-10 °C to 60 °C,43 × 50 × 50,C-Mount,138 g,192 MByte,32 MByte,gige,,,,,,,19 µs to 60 s,0.0 dB to 48.0 dB,,"1 x RS232 input, 1 x RS232 output, 0 x RS422 input, 0 x RS422 output,",F002193,K9 - AR coating - 400-850nm,IP40,(RJ-45),"Manual, Auto, External","Auto, Manual",FW Features - Image Control,"INTERNAL,SOFTWARE,EXTERNAL","PTP, BurstMode, User Sets, POE, PWM(4), Sequencer,",,,,167.3 fps,,,,,,
Allied Vision,exo-gige,exo304CGE,EXO GigE,Available,Area scan,Color,Visible,400 nm to 1000 nm,"4,096 × 3,000 (12.30 MP)",Sony IMX304,cmos,global-shutter,"14.13 × 10.35 mm (17.52 mm, 17.6mm (Type 1.1))",3.45 µm × 3.45 µm,"8-Bit,12-Bit,12-Bit",,10 fps,"0 x LVDS input, 0 x LVDS output, 0 x TTL input, 0 x TTL output, 2 x 24V input, 4 x Open drain output,","1 x Optical isolated input, 0 x Optical isolated input,","10 to 25VDC, Power over Ethernet",External: 5 W (typical),-10 °C to 60 °C,43 × 50 × 50,C-Mount,140 g,192 MByte,32 MByte,gige,,"bayer8, bayer12packed",,,,,28 µs to 60 s,0.0 dB to 48.0 dB,,"1 x RS232 input, 1 x RS232 output, 0 x RS422 input, 0 x RS422 output,",F002160,IR-Cut - 680nm,IP40,(RJ-45),"Manual, Auto, External","Auto, Manual",FW Features - Image Control,"INTERNAL,SOFTWARE,EXTERNAL","PTP, BurstMode, User Sets, POE, PWM(4), Sequencer,","auto, manual",72 dB,39.5 dB,23.6 fps,,,,,,
Allied Vision,exo-gige,exo304MGE,EXO GigE,Available,Area scan,Mono,Visible,400 nm to 1000 nm,"4,096 × 3,000 (12.30 MP)",Sony IMX304,cmos,global-shutter,"14.13 × 10.35 mm (17.52 mm, 17.6mm (Type 1.1))",3.45 µm × 3.45 µm,"8-Bit,12-Bit,12-Bit","mono8, mono12packed",10 fps,"0 x LVDS input, 0 x LVDS output, 0 x TTL input, 0 x TTL output, 2 x 24V input, 4 x Open drain output,","1 x Optical isolated input, 0 x Optical isolated input,","10 to 25VDC, Power over Ethernet",External: 5 W (typical),-10 °C to 60 °C,43 × 50 × 50,C-Mount,140 g,192 MByte,32 MByte,gige,,,,,,,28 µs to 60 s,0.0 dB to 48.0 dB,,"1 x RS232 input, 1 x RS232 output, 0 x RS422 input, 0 x RS422 output,",F002149,K9 - AR coating - 400-850nm,IP40,(RJ-45),"Manual, Auto, External","Auto, Manual",FW Features - Image Control,"INTERNAL,SOFTWARE,EXTERNAL","PTP, BurstMode, User Sets, POE, PWM(4), Sequencer,",,72 dB,39.5 dB,23.6 fps,,,,,,
Allied Vision,exo-gige,exo342CGE,EXO GigE,Available,Area scan,Color,Visible,400 nm to 1000 nm,"6,464 × 4,852 (31.40 MP)",Sony IMX342,cmos,global-shutter,"22.3 × 16.74 mm (27.88 mm, 27.9mm (APS-C))",3.45 µm × 3.45 µm,"8-Bit,12-Bit,12-Bit",,3.8 fps,"0 x LVDS input, 0 x LVDS output, 0 x TTL input, 0 x TTL output, 2 x 24V input, 4 x Open drain output,","1 x Optical isolated input, 0 x Optical isolated input,","10 to 25VDC, Power over Ethernet",External: 6 W (typical),-10 °C to 65 °C,46 × 58 × 58,M42,400 g,192 MByte,32 MByte,gige,,"bayer8, bayer12packed",,,,,56 µs to 60 s,0.0 dB to 48.0 dB,,"1 x RS232 input, 1 x RS232 output, 0 x RS422 input, 0 x RS422 output,",F002159,K9 - AR coating,IP40,(RJ-45),"Manual, Auto, External","Auto, Manual",FW Features - Image Control,"INTERNAL,SOFTWARE,EXTERNAL","PTP, BurstMode, User Sets, POE, PWM(4), Sequencer,","auto, manual",70.5 dB,39.9 dB,7.6 fps,,,,,,
Allied Vision,exo-gige,exo342MGE,EXO GigE,Available,Area scan,Mono,Visible,400 nm to 1000 nm,"6,464 × 4,852 (31.40 MP)",Sony IMX342,cmos,global-shutter,"22.3 × 16.74 mm (27.88 mm, 27.9mm (APS-C))",3.45 µm × 3.45 µm,"8-Bit,12-Bit,12-Bit","mono8, mono12packed",3.8 fps,"0 x LVDS input, 0 x LVDS output, 0 x TTL input, 0 x TTL output, 2 x 24V input, 4 x Open drain output,","1 x Optical isolated input, 0 x Optical isolated input,","10 to 25VDC, Power over Ethernet",External: 6 W (typical),-10 °C to 65 °C,46 × 58 × 58,M42,400 g,192 MByte,32 MByte,gige,,,,,,,56 µs to 60 s,0.0 dB to 48.0 dB,,"1 x RS232 input, 1 x RS232 output, 0 x RS422 input, 0 x RS422 output,",F002197,K9 - AR coating,IP40,(RJ-45),"Manual, Auto, External","Auto, Manual",FW Features - Image Control,"INTERNAL,SOFTWARE,EXTERNAL","PTP, BurstMode, User Sets, POE, PWM(4), Sequencer,",,70.5 dB,39.9 dB,7.6 fps,,,,,,
Allied Vision,exo-gige,exo367CGE,EXO GigE,Available,Area scan,Color,Visible,400 nm to 1000 nm,"4,416 × 4,428 (19.60 MP)",Sony IMX367,cmos,global-shutter,"15.24 × 15.28 mm (21.58 mm, 21.6mm (Type 4/3))",3.45 µm × 3.45 µm,"8-Bit,12-Bit,12-Bit",,6.2 fps,"0 x LVDS input, 0 x LVDS output, 0 x TTL input, 0 x TTL output, 2 x 24V input, 4 x Open drain output,","1 x Optical isolated input, 0 x Optical isolated input,","10 to 25VDC, Power over Ethernet",External: 5.5 W (typical),-10 °C to 65 °C,46 × 58 × 58,M42,400 g,192 MByte,32 MByte,gige,,"bayer8, bayer12packed",,,,,26 µs to 60 s,0.0 dB to 48.0 dB,,"1 x RS232 input, 1 x RS232 output, 0 x RS422 input, 0 x RS422 output,",F002199,K9 - AR coating,IP40,(RJ-45),"Manual, Auto, External","Auto, Manual",FW Features - Image Control,"INTERNAL,SOFTWARE,EXTERNAL","PTP, User Sets, POE, PWM(4), Sequencer,","auto, manual",,,,,,,,,
Allied Vision,exo-gige,exo367MGE,EXO GigE,Available,Area scan,Mono,Visible,400 nm to 1000 nm,"4,416 × 4,428 (19.60 MP)",Sony IMX367,cmos,global-shutter,"15.24 × 15.28 mm (21.58 mm, 21.6mm (Type 4/3))",3.45 µm × 3.45 µm,"8-Bit,12-Bit,12-Bit","mono8, mono12packed",6.2 fps,"0 x LVDS input, 0 x LVDS output, 0 x TTL input, 0 x TTL output, 2 x 24V input, 4 x Open drain output,","1 x Optical isolated input, 0 x Optical isolated input,","10 to 25VDC, Power over Ethernet",External: 5.5 W (typical),-10 °C to 65 °C,46 × 58 × 58,M42,400 g,192 MByte,32 MByte,gige,,,,,,,26 µs to 60 s,0.0 dB to 48.0 dB,,"1 x RS232 input, 1 x RS232 output, 0 x RS422 input, 0 x RS422 output,",F002200,K9 - AR coating,IP40,(RJ-45),"Manual, Auto, External","Auto, Manual",FW Features - Image Control,"INTERNAL,SOFTWARE,EXTERNAL","PTP, User Sets, POE, PWM(4), Sequencer,",,,,,,,,,,
Allied Vision,exo-gige,exo4000CGE,EXO GigE,Available,Area scan,Color,Visible,400 nm to 1000 nm,"2,048 × 2,048 (4.00 MP)",CMOSIS/ams CMV4000,cmos,global-shutter,"11.26 × 11.26 mm (15.93 mm, 15.9mm (1""))",5.50 µm × 5.50 µm,"8-Bit,12-Bit,12-Bit",,29.5 fps,"0 x LVDS input, 0 x LVDS output, 0 x TTL input, 0 x TTL output, 2 x 24V input, 4 x Open drain output,","1 x Optical isolated input, 0 x Optical isolated input,","10 to 25VDC, Power over Ethernet",External: 4.5 W (typical),,38 × 50 × 50,C-Mount,150 g,192 MByte,32 MByte,gige,,"bayer8, bayer12packed",,,,,27 µs to 60 s,0.0 dB to 11.0 dB,,"1 x RS232 input, 1 x RS232 output, 0 x RS422 input, 0 x RS422 output,",F002179,IR-Cut - 680nm,IP40,(RJ-45),"Manual, Auto, External","Auto, Manual",FW Features - Image Control,"INTERNAL,SOFTWARE,EXTERNAL","PTP, BurstMode, User Sets, POE, PWM(4), Sequencer,","auto, manual",52 dB,38 dB,74 fps,,,,,,
Allied Vision,exo-gige,exo4000MGE,EXO GigE,Available,Area scan,Mono,Visible,400 nm to 1000 nm,"2,048 × 2,048 (4.00 MP)",CMOSIS/ams CMV4000,cmos,global-shutter,"11.26 × 11.26 mm (15.93 mm, 15.9mm (1""))",5.50 µm × 5.50 µm,"8-Bit,12-Bit,12-Bit","mono8, mono12packed",29.5 fps,"0 x LVDS input, 0 x LVDS output, 0 x TTL input, 0 x TTL output, 2 x 24V input, 4 x Open drain output,","1 x Optical isolated input, 0 x Optical isolated input,","10 to 25VDC, Power over Ethernet",External: 4.5 W (typical),,38 × 50 × 50,C-Mount,150 g,192 MByte,32 MByte,gige,,,,,,,27 µs to 60 s,0.0 dB to 11.0 dB,,"1 x RS232 input, 1 x RS232 output, 0 x RS422 input, 0 x RS422 output,",F002178,K9 - AR coating - 400-850nm,IP40,(RJ-45),"Manual, Auto, External","Auto, Manual",FW Features - Image Control,"INTERNAL,SOFTWARE,EXTERNAL","PTP, BurstMode, User Sets, POE, PWM(4), Sequencer,",,52 dB,38 dB,74 fps,,,,,,
Allied Vision,exo-gige,exo428CGE,EXO GigE,Available,Area scan,Color,Visible,400 nm to 1000 nm,"3,208 × 2,200 (7.10 MP)",Sony IMX428,cmos,global-shutter,"14.44 × 9.9 mm (17.5 mm, 17.6mm (Type 1.1))",4.50 µm × 4.50 µm,"8-Bit,12-Bit,12-Bit",,17.4 fps,"0 x LVDS input, 0 x LVDS output, 0 x TTL input, 0 x TTL output, 2 x 24V input, 4 x Open drain output,","1 x Optical isolated input, 0 x Optical isolated input,","10 to 25VDC, Power over Ethernet",External: 5 W (typical),,43 × 50 × 50,C-Mount,140 g,192 MByte,32 MByte,gige,,"bayer8, bayer12packed",,,,,21 µs to 60 s,0.0 dB to 48.0 dB,,"1 x RS232 input, 1 x RS232 output, 0 x RS422 input, 0 x RS422 output,",F002198,IR-Cut - 680nm,IP40,(RJ-45),"Manual, Auto, External","Auto, Manual",FW Features - Image Control,"INTERNAL,SOFTWARE,EXTERNAL","PTP, BurstMode, User Sets, POE, PWM(4), Sequencer,","auto, manual",,,27 fps,,,,,,
Allied Vision,exo-gige,exo428MGE,EXO GigE,Available,Area scan,Mono,Visible,400 nm to 1000 nm,"3,208 × 2,200 (7.10 MP)",Sony IMX428,cmos,global-shutter,"14.44 × 9.9 mm (17.5 mm, 17.6mm (Type 1.1))",4.50 µm × 4.50 µm,"8-Bit,12-Bit,12-Bit","mono8, mono12packed",17.4 fps,"0 x LVDS input, 0 x LVDS output, 0 x TTL input, 0 x TTL output, 2 x 24V input, 4 x Open drain output,","1 x Optical isolated input, 0 x Optical isolated input,","10 to 25VDC, Power over Ethernet",External: 5 W (typical),-10 °C to 60 °C,43 × 50 × 50,C-Mount,140 g,192 MByte,32 MByte,gige,,,,,,,21 µs to 60 s,0.0 dB to 48.0 dB,,"1 x RS232 input, 1 x RS232 output, 0 x RS422 input, 0 x RS422 output,",F002195,K9 - AR coating - 400-850nm,IP40,(RJ-45),"Manual, Auto, External","Auto, Manual",FW Features - Image Control,"INTERNAL,SOFTWARE,EXTERNAL","PTP, BurstMode, User Sets, POE, PWM(4), Sequencer,",,72 dB,39.5 dB,27 fps,,,,,,
Allied Vision,exo-gige,exo540CGE,EXO GigE,Available,Area scan,Color,Visible,400 nm to 1000 nm,"5,320 × 4,600 (24.50 MP)",Sony IMX540,cmos,global-shutter,"14.58 × 12.6 mm (19.27 mm, 19.3mm (Type 1.2))",2.74 µm × 2.74 µm,"8-Bit,12-Bit,12-Bit",,5 fps,"0 x LVDS input, 0 x LVDS output, 0 x TTL input, 0 x TTL output, 2 x 24V input, 4 x Open drain output,","1 x Optical isolated input, 0 x Optical isolated input,","10 to 25VDC, Power over Ethernet",External: 4.5 W (typical),-10 °C to 65 °C,43 × 50 × 50,C-Mount,143 g,192 MByte,32 MByte,gige,,"bayer8, bayer12packed",,,,,20 µs to 60 s,0.0 dB to 48.0 dB,,"1 x RS232 input, 1 x RS232 output, 0 x RS422 input, 0 x RS422 output,",F002165,IR-Cut 680,IP40,(RJ-45),"Manual, Auto, External","Auto, Manual",FW Features - Image Control,"INTERNAL,SOFTWARE,EXTERNAL","PTP, User Sets, POE, PWM(4), Sequencer,","auto, manual",,,,,,,,,
Allied Vision,exo-gige,exo540MGE,EXO GigE,Available,Area scan,Mono,Visible,400 nm to 1000 nm,"5,320 × 4,600 (24.50 MP)",Sony IMX540,cmos,global-shutter,"14.58 × 12.6 mm (19.27 mm, 19.3mm (Type 1.2))",2.74 µm × 2.74 µm,"8-Bit,12-Bit,12-Bit","mono8, mono12packed",5 fps,"0 x LVDS input, 0 x LVDS output, 0 x TTL input, 0 x TTL output, 2 x 24V input, 4 x Open drain output,","1 x Optical isolated input, 0 x Optical isolated input,","10 to 25VDC, Power over Ethernet",External: 4.5 W (typical),-10 °C to 65 °C,43 × 50 × 50,C-Mount,143 g,192 MByte,32 MByte,gige,,,,,,,20 µs to 60 s,0.0 dB to 48.0 dB,,"1 x RS232 input, 1 x RS232 output, 0 x RS422 input, 0 x RS422 output,",F002164,K9 - AR coating - 400-850nm,IP40,(RJ-45),"Manual, Auto, External","Auto, Manual",FW Features - Image Control,"INTERNAL,SOFTWARE,EXTERNAL","PTP, User Sets, POE, PWM(4), Sequencer,",,,,,,,,,,
Allied Vision,exo-gige,exo541CGE,EXO GigE,Available,Area scan,Color,Visible,400 nm to 1000 nm,"4,504 × 4,504 (20.30 MP)",Sony IMX541,cmos,global-shutter,"12.34 × 12.34 mm (17.45 mm, 17.5mm (Type 1.1))",2.74 µm × 2.74 µm,"8-Bit,12-Bit,12-Bit",,6 fps,"0 x LVDS input, 0 x LVDS output, 0 x TTL input, 0 x TTL output, 2 x 24V input, 4 x Open drain output,","1 x Optical isolated input, 0 x Optical isolated input,","10 to 25VDC, Power over Ethernet",External: 4.5 W (typical),-10 °C to 65 °C,43 × 50 × 50,C-Mount,143 g,192 MByte,32 MByte,gige,,"bayer8, bayer12packed",,,,,16 µs to 60 s,0.0 dB to 48.0 dB,,"1 x RS232 input, 1 x RS232 output, 0 x RS422 input, 0 x RS422 output,",F002167,IR-Cut 680,IP40,(RJ-45),"Manual, Auto, External","Auto, Manual",FW Features - Image Control,"INTERNAL,SOFTWARE,EXTERNAL","PTP, BurstMode, User Sets, POE, PWM(4), Sequencer,","auto, manual",72 dB,,15 fps,,,,,,
Allied Vision,exo-gige,exo541MGE,EXO GigE,Available,Area scan,Mono,Visible,400 nm to 1000 nm,"4,504 × 4,504 (20.30 MP)",Sony IMX541,cmos,global-shutter,"12.34 × 12.34 mm (17.45 mm, 17.5mm (Type 1.1))",2.74 µm × 2.74 µm,"8-Bit,12-Bit,12-Bit","mono8, mono12packed",6 fps,"0 x LVDS input, 0 x LVDS output, 0 x TTL input, 0 x TTL output, 2 x 24V input, 4 x Open drain output,","1 x Optical isolated input, 0 x Optical isolated input,","10 to 25VDC, Power over Ethernet",External: 4.5 W (typical),-10 °C to 65 °C,43 × 50 × 50,C-Mount,143 g,192 MByte,32 MByte,gige,,,,,,,16 µs to 60 s,0.0 dB to 48.0 dB,,"1 x RS232 input, 1 x RS232 output, 0 x RS422 input, 0 x RS422 output,",F002166,K9 - AR coating - 400-850nm,IP40,(RJ-45),"Manual, Auto, External","Auto, Manual",FW Features - Image Control,"INTERNAL,SOFTWARE,EXTERNAL","PTP, BurstMode, User Sets, POE, PWM(4), Sequencer,",,72 dB,,15 fps,,,,,,
Allied Vision,exo-gige,exo542CGE,EXO GigE,Available,Area scan,Color,Visible,400 nm to 1000 nm,"5,320 × 3,032 (16.10 MP)",Sony IMX542,cmos,global-shutter,"14.58 × 8.31 mm (16.78 mm, 16.8mm (Type 1.1))",2.74 µm × 2.74 µm,"8-Bit,12-Bit,12-Bit",,7 fps,"0 x LVDS input, 0 x LVDS output, 0 x TTL input, 0 x TTL output, 2 x 24V input, 4 x Open drain output,","1 x Optical isolated input, 0 x Optical isolated input,","10 to 25VDC, Power over Ethernet",External: 4.5 W (typical),-10 °C to 65 °C,43 × 50 × 50,C-Mount,143 g,192 MByte,32 MByte,gige,,"bayer8, bayer12packed",,,,,17 µs to 60 s,0.0 dB to 48.0 dB,,"1 x RS232 input, 1 x RS232 output, 0 x RS422 input, 0 x RS422 output,",F002169,IR-Cut 680,IP40,(RJ-45),"Manual, Auto, External","Auto, Manual",FW Features - Image Control,"INTERNAL,SOFTWARE,EXTERNAL","PTP, User Sets, POE, PWM(4), Sequencer,","auto, manual",,,,,,,,,
Allied Vision,exo-gige,exo542MGE,EXO GigE,Available,Area scan,Mono,Visible,400 nm to 1000 nm,"5,320 × 3,032 (16.10 MP)",Sony IMX542,cmos,global-shutter,"14.58 × 8.31 mm (16.78 mm, 16.8mm (Type 1.1))",2.74 µm × 2.74 µm,"8-Bit,12-Bit,12-Bit","mono8, mono12packed",7 fps,"0 x LVDS input, 0 x LVDS output, 0 x TTL input, 0 x TTL output, 2 x 24V input, 4 x Open drain output,","1 x Optical isolated input, 0 x Optical isolated input,","10 to 25VDC, Power over Ethernet",External: 4.5 W (typical),-10 °C to 65 °C,43 × 50 × 50,C-Mount,143 g,192 MByte,32 MByte,gige,,,,,,,17 µs to 60 s,0.0 dB to 48.0 dB,,"1 x RS232 input, 1 x RS232 output, 0 x RS422 input, 0 x RS422 output,",F002168,K9 - AR coating - 400-850nm,IP40,(RJ-45),"Manual, Auto, External","Auto, Manual",FW Features - Image Control,"INTERNAL,SOFTWARE,EXTERNAL","PTP, User Sets, POE, PWM(4), Sequencer,",,,,,,,,,,
Allied Vision,exo-gige,exo545CGE,EXO GigE,Available,Area scan,Color,Visible,400 nm to 1000 nm,"4,096 × 3,000 (12.30 MP)",Sony IMX545,cmos,global-shutter,"11.22 × 8.22 mm (13.91 mm, 14mm (Type 1/1.1))",2.74 µm × 2.74 µm,"8-Bit,12-Bit,12-Bit",,10 fps,"0 x LVDS input, 0 x LVDS output, 0 x TTL input, 0 x TTL output, 2 x 24V input, 4 x Open drain output,","1 x Optical isolated input, 0 x Optical isolated input,","10 to 25VDC, Power over Ethernet",External: 4.5 W (typical),-10 °C to 60 °C,43 × 50 × 50,C-Mount,143 g,192 MByte,32 MByte,gige,,"bayer8, bayer12packed",,,,,28 µs to 60 s,0.0 dB to 48.0 dB,,"1 x RS232 input, 1 x RS232 output, 0 x RS422 input, 0 x RS422 output,",F002171,IR-Cut 680,IP40,(RJ-45),"Manual, Auto, External","Auto, Manual",FW Features - Image Control,"INTERNAL,SOFTWARE,EXTERNAL","PTP, BurstMode, User Sets, POE, PWM(4), Sequencer,","auto, manual",72 dB,39 dB,23 fps,,,,,,
Allied Vision,exo-gige,exo545MGE,EXO GigE,Available,Area scan,Mono,Visible,400 nm to 1000 nm,"4,096 × 3,000 (12.30 MP)",Sony IMX545,cmos,global-shutter,"11.22 × 8.22 mm (13.91 mm, 14mm (Type 1/1.1))",2.74 µm × 2.74 µm,"8-Bit,12-Bit,12-Bit","mono8, mono12packed",10 fps,"0 x LVDS input, 0 x LVDS output, 0 x TTL input, 0 x TTL output, 2 x 24V input, 4 x Open drain output,","1 x Optical isolated input, 0 x Optical isolated input,","10 to 25VDC, Power over Ethernet",External: 4.5 W (typical),-10 °C to 60 °C,43 × 50 × 50,C-Mount,143 g,192 MByte,32 MByte,gige,,,,,,,28 µs to 60 s,0.0 dB to 48.0 dB,,"1 x RS232 input, 1 x RS232 output, 0 x RS422 input, 0 x RS422 output,",F002170,K9 - AR coating - 400-850nm,IP40,(RJ-45),"Manual, Auto, External","Auto, Manual",FW Features - Image Control,"INTERNAL,SOFTWARE,EXTERNAL","PTP, BurstMode, User Sets, POE, PWM(4), Sequencer,",,72 dB,39 dB,23 fps,,,,,,
Allied Vision,exo-gige,exo546CGE,EXO GigE,Available,Area scan,Color,Visible,400 nm to 1000 nm,"2,840 × 2,840 (8.10 MP)",Sony IMX546,cmos,global-shutter,"7.78 × 7.78 mm (11 mm, 11.1mm (Type 2/3))",2.74 µm × 2.74 µm,"8-Bit,12-Bit,12-Bit",,15 fps,"0 x LVDS input, 0 x LVDS output, 0 x TTL input, 0 x TTL output, 2 x 24V input, 4 x Open drain output,","1 x Optical isolated input, 0 x Optical isolated input,","10 to 25VDC, Power over Ethernet",External: 4.5 W (typical),-10 °C to 60 °C,43 × 50 × 50,C-Mount,143 g,192 MByte,32 MByte,gige,,"bayer8, bayer12packed",,,,,6 µs to 60 s,0.0 dB to 48.0 dB,,"1 x RS232 input, 1 x RS232 output, 0 x RS422 input, 0 x RS422 output,",F002173,IR-Cut 680,IP40,(RJ-45),"Manual, Auto, External","Auto, Manual",FW Features - Image Control,"INTERNAL,SOFTWARE,EXTERNAL","PTP, User Sets, POE, PWM(4), Sequencer,","auto, manual",,,,,,,,,
Allied Vision,exo-gige,exo546MGE,EXO GigE,Available,Area scan,Mono,Visible,400 nm to 1000 nm,"2,840 × 2,840 (8.10 MP)",Sony IMX546,cmos,global-shutter,"7.78 × 7.78 mm (11 mm, 11.1mm (Type 2/3))",2.74 µm × 2.74 µm,"8-Bit,12-Bit,12-Bit","mono8, mono12packed",15 fps,"0 x LVDS input, 0 x LVDS output, 0 x TTL input, 0 x TTL output, 2 x 24V input, 4 x Open drain output,","1 x Optical isolated input, 0 x Optical isolated input,","10 to 25VDC, Power over Ethernet",External: 4.5 W (typical),-10 °C to 60 °C,43 × 50 × 50,C-Mount,143 g,192 MByte,32 MByte,gige,,,,,,,6 µs to 60 s,0.0 dB to 48.0 dB,,"1 x RS232 input, 1 x RS232 output, 0 x RS422 input, 0 x RS422 output,",F002172,K9 - AR coating - 400-850nm,IP40,(RJ-45),"Manual, Auto, External","Auto, Manual",FW Features - Image Control,"INTERNAL,SOFTWARE,EXTERNAL","PTP, User Sets, POE, PWM(4), Sequencer,",,,,,,,,,,
Allied Vision,exo-gige,exo547CGE,EXO GigE,Available,Area scan,Color,Visible,400 nm to 1000 nm,"2,448 × 2,048 (5.00 MP)",Sony IMX547,cmos,global-shutter,"6.71 × 5.61 mm (8.75 mm, 8.8mm (Type 1/1.8))",2.74 µm × 2.74 µm,"8-Bit,12-Bit,12-Bit",,24.5 fps,"0 x LVDS input, 0 x LVDS output, 0 x TTL input, 0 x TTL output, 2 x 24V input, 4 x Open drain output,","1 x Optical isolated input, 0 x Optical isolated input,","10 to 25VDC, Power over Ethernet",External: 4.5 W (typical),-10 °C to 60 °C,43 × 50 × 50,C-Mount,143 g,192 MByte,32 MByte,gige,,"bayer8, bayer12packed",,,,,28 µs to 60 s,0.0 dB to 48.0 dB,,"1 x RS232 input, 1 x RS232 output, 0 x RS422 input, 0 x RS422 output,",F002175,IR-Cut 680,IP40,(RJ-45),"Manual, Auto, External","Auto, Manual",FW Features - Image Control,"INTERNAL,SOFTWARE,EXTERNAL","PTP, User Sets, POE, PWM(4), Sequencer,","auto, manual",72 dB,39 dB,,,,,,,
Allied Vision,exo-gige,exo547MGE,EXO GigE,Available,Area scan,Mono,Visible,400 nm to 1000 nm,"2,448 × 2,048 (5.00 MP)",Sony IMX547,cmos,global-shutter,"6.71 × 5.61 mm (8.75 mm, 8.8mm (Type 1/1.8))",2.74 µm × 2.74 µm,"8-Bit,12-Bit,12-Bit","mono8, mono12packed",24.5 fps,"0 x LVDS input, 0 x LVDS output, 0 x TTL input, 0 x TTL output, 2 x 24V input, 4 x Open drain output,","1 x Optical isolated input, 0 x Optical isolated input,","10 to 25VDC, Power over Ethernet",External: 4.5 W (typical),-10 °C to 60 °C,43 × 50 × 50,C-Mount,143 g,192 MByte,32 MByte,gige,,,,,,,28 µs to 60 s,0.0 dB to 48.0 dB,,"1 x RS232 input, 1 x RS232 output, 0 x RS422 input, 0 x RS422 output,",F002174,K9 - AR coating - 400-850nm,IP40,(RJ-45),"Manual, Auto, External","Auto, Manual",FW Features - Image Control,"INTERNAL,SOFTWARE,EXTERNAL","PTP, User Sets, POE, PWM(4), Sequencer,",,72 dB,39 dB,,,,,,,
Allied Vision,exo-gige,exo901CGE,EXO GigE,Available,Area scan,Color,Visible,400 nm to 1000 nm,"8,016 × 2,048 (16.40 MP)",Sony IMX901,cmos,global-shutter,"21.96 × 5.61 mm (22.67 mm, 22.7mm (Type 1.4))",2.74 µm × 2.74 µm,"8-Bit,12-Bit,12-Bit",,7.5 fps,"0 x LVDS input, 0 x LVDS output, 0 x TTL input, 0 x TTL output, 2 x 24V input, 4 x Open drain output,","1 x Optical isolated input, 0 x Optical isolated input,","10 to 25VDC, Power over Ethernet",External: 5 W (typical),-10 °C to 60 °C,43 × 50 × 50,C-Mount,140 g,192 MByte,32 MByte,gige,,"bayer8, bayer12packed",,,,,24 µs to 60 s,0.0 dB to 48.0 dB,,"1 x RS232 input, 1 x RS232 output, 0 x RS422 input, 0 x RS422 output,",F002367,None,IP40,(RJ-45),"Manual, Auto, External","Auto, Manual",FW Features - Image Control,"INTERNAL,SOFTWARE,EXTERNAL","PTP, BurstMode, User Sets, POE, PWM(4), Sequencer,","auto, manual",,,21.5 fps,,,,,,
Allied Vision,exo-gige,exo901MGE,EXO GigE,Available,Area scan,Mono,Visible,400 nm to 1000 nm,"8,016 × 2,048 (16.40 MP)",Sony IMX901,cmos,global-shutter,"21.96 × 5.61 mm (22.67 mm, 22.7mm (Type 1.4))",2.74 µm × 2.74 µm,"8-Bit,12-Bit,12-Bit","mono8, mono12packed",7.5 fps,"0 x LVDS input, 0 x LVDS output, 0 x TTL input, 0 x TTL output, 2 x 24V input, 4 x Open drain output,","1 x Optical isolated input, 0 x Optical isolated input,","10 to 25VDC, Power over Ethernet",External: 5 W (typical),-10 °C to 60 °C,43 × 50 × 50,C-Mount,140 g,192 MByte,32 MByte,gige,,,,,,,24 µs to 60 s,0.0 dB to 48.0 dB,,"1 x RS232 input, 1 x RS232 output, 0 x RS422 input, 0 x RS422 output,",F002366,None,IP40,(RJ-45),"Manual, Auto, External","Auto, Manual",FW Features - Image Control,"INTERNAL,SOFTWARE,EXTERNAL","PTP, BurstMode, User Sets, POE, PWM(4), Sequencer,",,,,21.5 fps,,,,,,
Allied Vision,exo-gige,exo902CGE,EXO GigE,Available,Area scan,Color,Visible,400 nm to 1000 nm,"6,048 × 2,048 (12.40 MP)",Sony IMX902,cmos,global-shutter,"16.57 × 5.61 mm (17.5 mm, 17.5mm (Type 1.1))",2.74 µm × 2.74 µm,"8-Bit,12-Bit,12-Bit",,10 fps,"0 x LVDS input, 0 x LVDS output, 0 x TTL input, 0 x TTL output, 2 x 24V input, 4 x Open drain output,","1 x Optical isolated input, 0 x Optical isolated input,","10 to 25VDC, Power over Ethernet",External: 5 W (typical),-10 °C to 60 °C,43 × 50 × 50,C-Mount,140 g,192 MByte,32 MByte,gige,,"bayer8, bayer12packed",,,,,19 µs to 60 s,0.0 dB to 48.0 dB,,"1 x RS232 input, 1 x RS232 output, 0 x RS422 input, 0 x RS422 output,",F002428,None,IP40,(RJ-45),"Manual, Auto, External","Auto, Manual",FW Features - Image Control,"INTERNAL,SOFTWARE,EXTERNAL","PTP, BurstMode, User Sets, POE, PWM(4), Sequencer,","auto, manual",,,28 fps,,,,,,
Allied Vision,exo-gige,exo902MGE,EXO GigE,Available,Area scan,Mono,Visible,400 nm to 1000 nm,"6,048 × 2,048 (12.40 MP)",Sony IMX902,cmos,global-shutter,"16.57 × 5.61 mm (17.5 mm, 17.5mm (Type 1.1))",2.74 µm × 2.74 µm,"8-Bit,12-Bit,12-Bit","mono8, mono12packed",10 fps,"0 x LVDS input, 0 x LVDS output, 0 x TTL input, 0 x TTL output, 2 x 24V input, 4 x Open drain output,","1 x Optical isolated input, 0 x Optical isolated input,","10 to 25VDC, Power over Ethernet",External: 5 W (typical),-10 °C to 60 °C,43 × 50 × 50,C-Mount,140 g,192 MByte,32 MByte,gige,,,,,,,19 µs to 60 s,0.0 dB to 48.0 dB,,"1 x RS232 input, 1 x RS232 output, 0 x RS422 input, 0 x RS422 output,",F002427,None,IP40,(RJ-45),"Manual, Auto, External","Auto, Manual",FW Features - Image Control,"INTERNAL,SOFTWARE,EXTERNAL","PTP, BurstMode, User Sets, POE, PWM(4), Sequencer,",,,,28 fps,,,,,,
Allied Vision,exo-usb3-0,exo174CU3,EXO USB3,Available,Area scan,Color,Visible,400 nm to 1000 nm,"1,920 × 1,200 (2.30 MP)",Sony IMX174,cmos,global-shutter,"11.25 × 7.03 mm (13.27 mm, 13.4mm (Type 1/1.2))",5.86 µm × 5.86 µm,"8-Bit,12-Bit,12-Bit",,160 fps,"0 x LVDS input, 0 x LVDS output, 0 x TTL input, 0 x TTL output, 2 x 24V input, 4 x Open drain output,","1 x Optical isolated input, 0 x Optical isolated input,",10 to 25VDC,External: 4.5 W (typical),-10 °C to 60 °C,43 × 50 × 50,C-Mount,140 g,192 MByte,32 MByte,usb3.0,,"bayer8, bayer12packed",,,,,19 µs to 60 s,0.0 dB to 18.0 dB,,"1 x RS232 input, 1 x RS232 output, 0 x RS422 input, 0 x RS422 output,",F001630,IR-Cut - 680nm,IP40,(Micro-B),"Manual, Auto, External","Auto, Manual",FW Features - Image Control,"INTERNAL,SOFTWARE,EXTERNAL","User Sets, PWM(4), Sequencer,","auto, manual",72 dB,44 dB,,,,,,,
Allied Vision,exo-usb3-0,exo174MU3,EXO USB3,Available,Area scan,Mono,Visible,400 nm to 1000 nm,"1,920 × 1,200 (2.30 MP)",Sony IMX174,cmos,global-shutter,"11.25 × 7.03 mm (13.27 mm, 13.4mm (Type 1/1.2))",5.86 µm × 5.86 µm,"8-Bit,12-Bit,12-Bit","mono8, mono12packed",160 fps,"0 x LVDS input, 0 x LVDS output, 0 x TTL input, 0 x TTL output, 2 x 24V input, 4 x Open drain output,","1 x Optical isolated input, 0 x Optical isolated input,",10 to 25VDC,External: 4.5 W (typical),-10 °C to 60 °C,43 × 50 × 50,C-Mount,140 g,192 MByte,32 MByte,usb3.0,,,,,,,19 µs to 60 s,0.0 dB to 18.0 dB,,"1 x RS232 input, 1 x RS232 output, 0 x RS422 input, 0 x RS422 output,",F001629,K9 - AR coating - 400-850nm,IP40,(Micro-B),"Manual, Auto, External","Auto, Manual",FW Features - Image Control,"INTERNAL,SOFTWARE,EXTERNAL","User Sets, PWM(4), Sequencer,",,72 dB,44 dB,,,,,,,
Allied Vision,exo-usb3-0,exo183CU3,EXO USB3,Available,Area scan,Color,Visible,400 nm to 1000 nm,"5,496 × 3,672 (20.20 MP)",Sony IMX183,cmos,rolling-shutter,"13.19 × 8.81 mm (15.86 mm, 15.86mm (Type 1))",2.40 µm × 2.40 µm,"8-Bit,12-Bit,12-Bit",,17 fps,"0 x LVDS input, 0 x LVDS output, 0 x TTL input, 0 x TTL output, 2 x 24V input, 4 x Open drain output,","1 x Optical isolated input, 0 x Optical isolated input,",10 to 25VDC,External: 5 W (typical),-10 °C to 60 °C,43 × 50 × 50,C-Mount,140 g,192 MByte,32 MByte,usb3.0,,"bayer8, bayer12packed",,,,,17 µs to 60 s,0.0 dB to 27.0 dB,,"1 x RS232 input, 1 x RS232 output, 0 x RS422 input, 0 x RS422 output,",F001799,IR-Cut - 680nm,IP40,(Micro-B),"Manual, Auto","Auto, Manual",FW Features - Image Control,"INTERNAL,SOFTWARE,EXTERNAL","User Sets, PWM(4), Sequencer,","auto, manual",,,,,,,,,
Allied Vision,exo-usb3-0,exo183MU3,EXO USB3,Available,Area scan,Mono,Visible,400 nm to 1000 nm,"5,496 × 3,672 (20.20 MP)",Sony IMX183,cmos,rolling-shutter,"13.19 × 8.81 mm (15.86 mm, 15.86mm (Type 1))",2.40 µm × 2.40 µm,"8-Bit,12-Bit,12-Bit","mono8, mono12packed",17 fps,"0 x LVDS input, 0 x LVDS output, 0 x TTL input, 0 x TTL output, 2 x 24V input, 4 x Open drain output,","1 x Optical isolated input, 0 x Optical isolated input,",10 to 25VDC,External: 5 W (typical),-10 °C to 60 °C,43 × 50 × 50,C-Mount,140 g,192 MByte,32 MByte,usb3.0,,,,,,,17 µs to 60 s,0.0 dB to 27.0 dB,,"1 x RS232 input, 1 x RS232 output, 0 x RS422 input, 0 x RS422 output,",F001790,K9 - AR coating - 400-850nm,IP40,(Micro-B),"Manual, Auto","Auto, Manual",FW Features - Image Control,"INTERNAL,SOFTWARE,EXTERNAL","User Sets, PWM(4), Sequencer,",,,,,,,,,,
Allied Vision,exo-usb3-0,exo249CU3,EXO USB3,Available,Area scan,Color,Visible,400 nm to 1000 nm,"1,920 × 1,200 (2.30 MP)",Sony IMX249,cmos,global-shutter,"11.25 × 7.03 mm (13.27 mm, 13.4mm (Type 1/1.2))",5.86 µm × 5.86 µm,"8-Bit,12-Bit,12-Bit",,41 fps,"0 x LVDS input, 0 x LVDS output, 0 x TTL input, 0 x TTL output, 2 x 24V input, 4 x Open drain output,","1 x Optical isolated input, 0 x Optical isolated input,",10 to 25VDC,External: 4.5 W (typical),-10 °C to 60 °C,43 × 50 × 50,C-Mount,140 g,192 MByte,32 MByte,usb3.0,,"bayer8, bayer12packed",,,,,34 µs to 60 s,0.0 dB to 48.0 dB,,"1 x RS232 input, 1 x RS232 output, 0 x RS422 input, 0 x RS422 output,",F001681,IR-Cut - 680nm,IP40,(Micro-B),"Manual, Auto, External","Auto, Manual",FW Features - Image Control,"INTERNAL,SOFTWARE,EXTERNAL","User Sets, PWM(4), Sequencer,","auto, manual",72 dB,44 dB,,,,,,,
Allied Vision,exo-usb3-0,exo249MU3,EXO USB3,Available,Area scan,Mono,Visible,400 nm to 1000 nm,"1,920 × 1,200 (2.30 MP)",Sony IMX249,cmos,global-shutter,"11.25 × 7.03 mm (13.27 mm, 13.4mm (Type 1/1.2))",5.86 µm × 5.86 µm,"8-Bit,12-Bit,12-Bit","mono8, mono12packed",41 fps,"0 x LVDS input, 0 x LVDS output, 0 x TTL input, 0 x TTL output, 2 x 24V input, 4 x Open drain output,","1 x Optical isolated input, 0 x Optical isolated input,",10 to 25VDC,External: 4.5 W (typical),-10 °C to 60 °C,43 × 50 × 50,C-Mount,140 g,192 MByte,32 MByte,usb3.0,,,,,,,34 µs to 60 s,0.0 dB to 48.0 dB,,"1 x RS232 input, 1 x RS232 output, 0 x RS422 input, 0 x RS422 output,",F001680,K9 - AR coating - 400-850nm,IP40,(Micro-B),"Manual, Auto, External","Auto, Manual",FW Features - Image Control,"INTERNAL,SOFTWARE,EXTERNAL","User Sets, PWM(4), Sequencer,",,72 dB,44 dB,,,,,,,
Allied Vision,exo-usb3-0,exo250CU3,EXO USB3,Available,Area scan,Color,Visible,400 nm to 1000 nm,"2,448 × 2,048 (5.00 MP)",Sony IMX250,cmos,global-shutter,"8.45 × 7.07 mm (11.01 mm, 11.1mm (Type 2/3))",3.45 µm × 3.45 µm,"8-Bit,12-Bit,12-Bit",,75 fps,"0 x LVDS input, 0 x LVDS output, 0 x TTL input, 0 x TTL output, 2 x 24V input, 4 x Open drain output,","1 x Optical isolated input, 0 x Optical isolated input,",10 to 25VDC,External: 4.5 W (typical),-10 °C to 60 °C,43 × 50 × 50,C-Mount,138 g,192 MByte,32 MByte,usb3.0,,"bayer8, bayer12packed",,,,,21 µs to 60 s,0.0 dB to 48.0 dB,,"1 x RS232 input, 1 x RS232 output, 0 x RS422 input, 0 x RS422 output,",F001686,IR-Cut - 680nm,IP40,(Micro-B),"Manual, Auto, External","Auto, Manual",FW Features - Image Control,"INTERNAL,SOFTWARE,EXTERNAL","User Sets, PWM(4), Sequencer,","auto, manual",72 dB,40 dB,,,,,,,
Allied Vision,exo-usb3-0,exo250MU3,EXO USB3,Available,Area scan,Mono,Visible,400 nm to 1000 nm,"2,448 × 2,048 (5.00 MP)",Sony IMX250,cmos,global-shutter,"8.45 × 7.07 mm (11.01 mm, 11.1mm (Type 2/3))",3.45 µm × 3.45 µm,"8-Bit,12-Bit,12-Bit","mono8, mono12packed",75 fps,"0 x LVDS input, 0 x LVDS output, 0 x TTL input, 0 x TTL output, 2 x 24V input, 4 x Open drain output,","1 x Optical isolated input, 0 x Optical isolated input,",10 to 25VDC,External: 4.5 W (typical),-10 °C to 60 °C,43 × 50 × 50,C-Mount,138 g,192 MByte,32 MByte,usb3.0,,,,,,,21 µs to 60 s,0.0 dB to 48.0 dB,,"1 x RS232 input, 1 x RS232 output, 0 x RS422 input, 0 x RS422 output,",F001685,K9 - AR coating - 400-850nm,IP40,(Micro-B),"Manual, Auto, External","Auto, Manual",FW Features - Image Control,"INTERNAL,SOFTWARE,EXTERNAL","User Sets, PWM(4), Sequencer,",,72 dB,40 dB,,,,,,,
Allied Vision,exo-usb3-0,exo253CU3,EXO USB3,Available,Area scan,Color,Visible,400 nm to 1000 nm,"4,096 × 3,000 (12.30 MP)",Sony IMX253,cmos,global-shutter,"14.13 × 10.35 mm (17.52 mm, 17.6mm (Type 1.1))",3.45 µm × 3.45 µm,"8-Bit,12-Bit,12-Bit",,30 fps,"0 x LVDS input, 0 x LVDS output, 0 x TTL input, 0 x TTL output, 2 x 24V input, 4 x Open drain output,","1 x Optical isolated input, 0 x Optical isolated input,",10 to 25VDC,External: 4.5 W (typical),-10 °C to 60 °C,43 × 50 × 50,C-Mount,138 g,192 MByte,32 MByte,usb3.0,,"bayer8, bayer12packed",,,,,28 µs to 60 s,0.0 dB to 48.0 dB,,"1 x RS232 input, 1 x RS232 output, 0 x RS422 input, 0 x RS422 output,",F001760,IR-Cut - 680nm,IP40,(Micro-B),"Manual, Auto, External","Auto, Manual",FW Features - Image Control,"INTERNAL,SOFTWARE,EXTERNAL","User Sets, PWM(4), Sequencer,","auto, manual",72 dB,39.6 dB,,,,,,,
Allied Vision,exo-usb3-0,exo253MU3,EXO USB3,Available,Area scan,Mono,Visible,400 nm to 1000 nm,"4,096 × 3,000 (12.30 MP)",Sony IMX253,cmos,global-shutter,"14.13 × 10.35 mm (17.52 mm, 17.6mm (Type 1.1))",3.45 µm × 3.45 µm,"8-Bit,12-Bit,12-Bit","mono8, mono12packed",30 fps,"0 x LVDS input, 0 x LVDS output, 0 x TTL input, 0 x TTL output, 2 x 24V input, 4 x Open drain output,","1 x Optical isolated input, 0 x Optical isolated input,",10 to 25VDC,External: 4.5 W (typical),-10 °C to 60 °C,43 × 50 × 50,C-Mount,138 g,192 MByte,32 MByte,usb3.0,,,,,,,28 µs to 60 s,0.0 dB to 48.0 dB,,"1 x RS232 input, 1 x RS232 output, 0 x RS422 input, 0 x RS422 output,",F001759,K9 - AR coating - 400-850nm,IP40,(Micro-B),"Manual, Auto, External","Auto, Manual",FW Features - Image Control,"INTERNAL,SOFTWARE,EXTERNAL","User Sets, PWM(4), Sequencer,",,72 dB,39.6 dB,,,,,,,
Allied Vision,exo-usb3-0,exo264CU3,EXO USB3,Available,Area scan,Color,Visible,400 nm to 1000 nm,"2,448 × 2,048 (5.00 MP)",Sony IMX264,cmos,global-shutter,"8.45 × 7.07 mm (11.01 mm, 11.1mm (Type 2/3))",3.45 µm × 3.45 µm,"8-Bit,12-Bit,12-Bit",,35 fps,"0 x LVDS input, 0 x LVDS output, 0 x TTL input, 0 x TTL output, 2 x 24V input, 4 x Open drain output,","1 x Optical isolated input, 0 x Optical isolated input,",10 to 25VDC,External: 4.5 W (typical),-10 °C to 60 °C,43 × 50 × 50,C-Mount,138 g,192 MByte,32 MByte,usb3.0,,"bayer8, bayer12packed",,,,,28 µs to 60 s,0.0 dB to 48.0 dB,,"1 x RS232 input, 1 x RS232 output, 0 x RS422 input, 0 x RS422 output,",F001709,,IP40,(Micro-B),"Manual, Auto, External","Auto, Manual",FW Features - Image Control,"INTERNAL,SOFTWARE,EXTERNAL","User Sets, PWM(4), Sequencer,","auto, manual",71.5 dB,39.5 dB,,,,,,,
Allied Vision,exo-usb3-0,exo264MU3,EXO USB3,Available,Area scan,Mono,Visible,400 nm to 1000 nm,"2,448 × 2,048 (5.00 MP)",Sony IMX264,cmos,global-shutter,"8.45 × 7.07 mm (11.01 mm, 11.1mm (Type 2/3))",3.45 µm × 3.45 µm,"8-Bit,12-Bit,12-Bit","mono8, mono12packed",35 fps,"0 x LVDS input, 0 x LVDS output, 0 x TTL input, 0 x TTL output, 2 x 24V input, 4 x Open drain output,","1 x Optical isolated input, 0 x Optical isolated input,",10 to 25VDC,External: 4.5 W (typical),-10 °C to 60 °C,43 × 50 × 50,C-Mount,138 g,192 MByte,32 MByte,usb3.0,,,,,,,28 µs to 60 s,0.0 dB to 48.0 dB,,"1 x RS232 input, 1 x RS232 output, 0 x RS422 input, 0 x RS422 output,",F001710,,IP40,(Micro-B),"Manual, Auto, External","Auto, Manual",FW Features - Image Control,"INTERNAL,SOFTWARE,EXTERNAL","User Sets, PWM(4), Sequencer,",,71.5 dB,39.5 dB,,,,,,,
Allied Vision,exo-usb3-0,exo265CU3,EXO USB3,Available,Area scan,Color,Visible,400 nm to 1000 nm,"2,048 × 1,536 (3.10 MP)",Sony IMX265,cmos,global-shutter,"7.07 × 5.3 mm (8.83 mm, 8.9mm (Type 1/1.8))",3.45 µm × 3.45 µm,"8-Bit,12-Bit,12-Bit",,55 fps,"0 x LVDS input, 0 x LVDS output, 0 x TTL input, 0 x TTL output, 2 x 24V input, 4 x Open drain output,","1 x Optical isolated input, 0 x Optical isolated input,",10 to 25VDC,External: 4.5 W (typical),-10 °C to 60 °C,43 × 50 × 50,C-Mount,138 g,192 MByte,32 MByte,usb3.0,,"bayer8, bayer12packed",,,,,24 µs to 60 s,0.0 dB to 48.0 dB,,"1 x RS232 input, 1 x RS232 output, 0 x RS422 input, 0 x RS422 output,",F001739,,IP40,(Micro-B),"Manual, Auto, External","Auto, Manual",FW Features - Image Control,"INTERNAL,SOFTWARE,EXTERNAL","User Sets, PWM(4), Sequencer,","auto, manual",72 dB,39.95 dB,,,,,,,
Allied Vision,exo-usb3-0,exo265MU3,EXO USB3,Available,Area scan,Mono,Visible,400 nm to 1000 nm,"2,048 × 1,536 (3.10 MP)",Sony IMX265,cmos,global-shutter,"7.07 × 5.3 mm (8.83 mm, 8.9mm (Type 1/1.8))",3.45 µm × 3.45 µm,"8-Bit,12-Bit,12-Bit","mono8, mono12packed",55 fps,"0 x LVDS input, 0 x LVDS output, 0 x TTL input, 0 x TTL output, 2 x 24V input, 4 x Open drain output,","1 x Optical isolated input, 0 x Optical isolated input,",10 to 25VDC,External: 4.5 W (typical),-10 °C to 60 °C,43 × 50 × 50,C-Mount,138 g,192 MByte,32 MByte,usb3.0,,,,,,,24 µs to 60 s,0.0 dB to 48.0 dB,,"1 x RS232 input, 1 x RS232 output, 0 x RS422 input, 0 x RS422 output,",F001738,,IP40,(Micro-B),"Manual, Auto, External","Auto, Manual",FW Features - Image Control,"INTERNAL,SOFTWARE,EXTERNAL","User Sets, PWM(4), Sequencer,",,72 dB,39.95 dB,,,,,,,
Allied Vision,exo-usb3-0,exo304CU3,EXO USB3,Available,Area scan,Color,Visible,400 nm to 1000 nm,"4,096 × 3,000 (12.30 MP)",Sony IMX304,cmos,global-shutter,"14.13 × 10.35 mm (17.52 mm, 17.6mm (Type 1.1))",3.45 µm × 3.45 µm,"8-Bit,12-Bit,12-Bit",,23 fps,"0 x LVDS input, 0 x LVDS output, 0 x TTL input, 0 x TTL output, 2 x 24V input, 4 x Open drain output,","1 x Optical isolated input, 0 x Optical isolated input,",10 to 25VDC,External: 4.5 W (typical),-10 °C to 60 °C,43 × 50 × 50,C-Mount,138 g,192 MByte,32 MByte,usb3.0,,"bayer8, bayer12packed",,,,,28 µs to 60 s,0.0 dB to 48.0 dB,,"1 x RS232 input, 1 x RS232 output, 0 x RS422 input, 0 x RS422 output,",F001762,IR-Cut - 680nm,IP40,(Micro-B),"Manual, Auto, External","Auto, Manual",FW Features - Image Control,"INTERNAL,SOFTWARE,EXTERNAL","User Sets, PWM(4), Sequencer,","auto, manual",72 dB,39.5 dB,,,,,,,
Allied Vision,exo-usb3-0,exo304MU3,EXO USB3,Available,Area scan,Mono,Visible,400 nm to 1000 nm,"4,096 × 3,000 (12.30 MP)",Sony IMX304,cmos,global-shutter,"14.13 × 10.35 mm (17.52 mm, 17.6mm (Type 1.1))",3.45 µm × 3.45 µm,"8-Bit,12-Bit,12-Bit","mono8, mono12packed",23 fps,"0 x LVDS input, 0 x LVDS output, 0 x TTL input, 0 x TTL output, 2 x 24V input, 4 x Open drain output,","1 x Optical isolated input, 0 x Optical isolated input,",10 to 25VDC,External: 4.5 W (typical),-10 °C to 60 °C,43 × 50 × 50,C-Mount,138 g,192 MByte,32 MByte,usb3.0,,,,,,,28 µs to 60 s,0.0 dB to 48.0 dB,,"1 x RS232 input, 1 x RS232 output, 0 x RS422 input, 0 x RS422 output,",F001761,K9 - AR coating - 400-850nm,IP40,(Micro-B),"Manual, Auto, External","Auto, Manual",FW Features - Image Control,"INTERNAL,SOFTWARE,EXTERNAL","User Sets, PWM(4), Sequencer,",,72 dB,39.5 dB,,,,,,,
Allied Vision,exo-usb3-0,exo342CU3,EXO USB3,Available,Area scan,Color,Visible,400 nm to 1000 nm,"6,464 × 4,852 (31.40 MP)",Sony IMX342,cmos,global-shutter,"22.3 × 16.74 mm (27.88 mm, 27.9mm (APS-C))",3.45 µm × 3.45 µm,"8-Bit,12-Bit,12-Bit",,12 fps,"0 x LVDS input, 0 x LVDS output, 0 x TTL input, 0 x TTL output, 2 x 24V input, 4 x Open drain output,","1 x Optical isolated input, 0 x Optical isolated input,",10 to 25VDC,External: 6 W (typical),-10 °C to 65 °C,46 × 58 × 58,M42,320 g,192 MByte,32 MByte,usb3.0,,"bayer8, bayer12packed",,,,,47 µs to 60 s,0.0 dB to 48.0 dB,,"1 x RS232 input, 1 x RS232 output, 0 x RS422 input, 0 x RS422 output,",F001967,K9 - AR coating,IP40,(Micro-B),"Manual, Auto, External","Auto, Manual",FW Features - Image Control,"INTERNAL,SOFTWARE,EXTERNAL","User Sets, PWM(4), Sequencer,","auto, manual",70.5 dB,39.9 dB,,,,,,,
Allied Vision,exo-usb3-0,exo342MU3,EXO USB3,Available,Area scan,Mono,Visible,400 nm to 1000 nm,"6,464 × 4,852 (31.40 MP)",Sony IMX342,cmos,global-shutter,"22.3 × 16.74 mm (27.88 mm, 27.9mm (APS-C))",3.45 µm × 3.45 µm,"8-Bit,12-Bit,12-Bit","mono8, mono12packed",12 fps,"0 x LVDS input, 0 x LVDS output, 0 x TTL input, 0 x TTL output, 2 x 24V input, 4 x Open drain output,","1 x Optical isolated input, 0 x Optical isolated input,",10 to 25VDC,External: 6 W (typical),-10 °C to 65 °C,46 × 58 × 58,M42,320 g,192 MByte,32 MByte,usb3.0,,,,,,,47 µs to 60 s,0.0 dB to 48.0 dB,,"1 x RS232 input, 1 x RS232 output, 0 x RS422 input, 0 x RS422 output,",F001966,K9 - AR coating,IP40,(Micro-B),"Manual, Auto, External","Auto, Manual",FW Features - Image Control,"INTERNAL,SOFTWARE,EXTERNAL","User Sets, PWM(4), Sequencer,",,70.5 dB,39.9 dB,,,,,,,
Allied Vision,exo-usb3-0,exo367CU3,EXO USB3,Available,Area scan,Color,Visible,400 nm to 1000 nm,"4,416 × 4,428 (19.60 MP)",Sony IMX367,cmos,global-shutter,"15.24 × 15.28 mm (21.58 mm, 21.6mm (Type 4/3))",3.45 µm × 3.45 µm,"8-Bit,12-Bit,12-Bit",,19 fps,"0 x LVDS input, 0 x LVDS output, 0 x TTL input, 0 x TTL output, 2 x 24V input, 4 x Open drain output,","1 x Optical isolated input, 0 x Optical isolated input,",10 to 25VDC,External: 5.5 W (typical),-10 °C to 65 °C,46 × 58 × 58,M42,320 g,192 MByte,32 MByte,usb3.0,,"bayer8, bayer12packed",,,,,26 µs to 60 s,0.0 dB to 48.0 dB,,"1 x RS232 input, 1 x RS232 output, 0 x RS422 input, 0 x RS422 output,",F001959,IR-Cut - 680nm,IP40,(Micro-B),"Manual, Auto, External","Auto, Manual",FW Features - Image Control,"INTERNAL,SOFTWARE,EXTERNAL","User Sets, PWM(4), Sequencer,","auto, manual",,,,,,,,,
Allied Vision,exo-usb3-0,exo367MU3,EXO USB3,Available,Area scan,Mono,Visible,400 nm to 1000 nm,"4,416 × 4,428 (19.60 MP)",Sony IMX367,cmos,global-shutter,"15.24 × 15.28 mm (21.58 mm, 21.6mm (Type 4/3))",3.45 µm × 3.45 µm,"8-Bit,12-Bit,12-Bit","mono8, mono12packed",19 fps,"0 x LVDS input, 0 x LVDS output, 0 x TTL input, 0 x TTL output, 2 x 24V input, 4 x Open drain output,","1 x Optical isolated input, 0 x Optical isolated input,",10 to 25VDC,External: 5.5 W (typical),-10 °C to 65 °C,46 × 58 × 58,M42,320 g,192 MByte,32 MByte,usb3.0,,,,,,,26 µs to 60 s,0.0 dB to 48.0 dB,,"1 x RS232 input, 1 x RS232 output, 0 x RS422 input, 0 x RS422 output,",F001958,K9 - AR coating - 400-850nm,IP40,(Micro-B),"Manual, Auto, External","Auto, Manual",FW Features - Image Control,"INTERNAL,SOFTWARE,EXTERNAL","User Sets, PWM(4), Sequencer,",,,,,,,,,,
Allied Vision,exo-usb3-0,exo4000CU3,EXO USB3,Available,Area scan,Color,Visible,400 nm to 1000 nm,"2,048 × 2,048 (4.00 MP)",CMOSIS/ams CMV4000,cmos,global-shutter,"11.26 × 11.26 mm (15.93 mm, 15.9mm (1""))",5.50 µm × 5.50 µm,"8-Bit,12-Bit,12-Bit",,74 fps,"0 x LVDS input, 0 x LVDS output, 0 x TTL input, 0 x TTL output, 2 x 24V input, 4 x Open drain output,","1 x Optical isolated input, 0 x Optical isolated input,",10 to 25VDC,External: 4.5 W (typical),,47 × 50 × 50,C-Mount,138 g,192 MByte,32 MByte,usb3.0,,"bayer8, bayer12packed",,,,,27 µs to 60 s,0.0 dB to 11.0 dB,,"1 x RS232 input, 1 x RS232 output, 0 x RS422 input, 0 x RS422 output,",F001628,IR-Cut - 680nm,IP40,(Micro-B),"Manual, Auto, External","Auto, Manual",FW Features - Image Control,"INTERNAL,SOFTWARE,EXTERNAL","User Sets, PWM(4), Sequencer,","auto, manual",52 dB,38 dB,,,,,,,
Allied Vision,exo-usb3-0,exo4000MU3,EXO USB3,Available,Area scan,Mono,Visible,400 nm to 1000 nm,"2,048 × 2,048 (4.00 MP)",CMOSIS/ams CMV4000,cmos,global-shutter,"11.26 × 11.26 mm (15.93 mm, 15.9mm (1""))",5.50 µm × 5.50 µm,"8-Bit,12-Bit,12-Bit","mono8, mono12packed",74 fps,"0 x LVDS input, 0 x LVDS output, 0 x TTL input, 0 x TTL output, 2 x 24V input, 4 x Open drain output,","1 x Optical isolated input, 0 x Optical isolated input,",10 to 25VDC,External: 4.5 W (typical),,47 × 50 × 50,C-Mount,138 g,192 MByte,32 MByte,usb3.0,,,,,,,27 µs to 10 s,0.0 dB to 11.0 dB,,"1 x RS232 input, 1 x RS232 output, 0 x RS422 input, 0 x RS422 output,",F001627,K9 - AR coating - 400-850nm,IP40,(Micro-B),"Manual, Auto, External","Auto, Manual",FW Features - Image Control,"INTERNAL,SOFTWARE,EXTERNAL","User Sets, PWM(4), Sequencer,",,52 dB,38 dB,,,,,,,
Allied Vision,exo-usb3-0,exo428CU3,EXO USB3,Available,Area scan,Color,Visible,400 nm to 1000 nm,"3,208 × 2,200 (7.10 MP)",Sony IMX428,cmos,global-shutter,"14.44 × 9.9 mm (17.5 mm, 17.6mm (Type 1.1))",4.50 µm × 4.50 µm,"8-Bit,12-Bit,12-Bit",,51.3 fps,"0 x LVDS input, 0 x LVDS output, 0 x TTL input, 0 x TTL output, 2 x 24V input, 4 x Open drain output,","1 x Optical isolated input, 0 x Optical isolated input,",10 to 25VDC,External: 4.5 W (typical),-10 °C to 60 °C,43 × 50 × 50,C-Mount,140 g,192 MByte,32 MByte,usb3.0,,"bayer8, bayer12packed",,,,,14 µs to 60 s,0.0 dB to 48.0 dB,,"1 x RS232 input, 1 x RS232 output, 0 x RS422 input, 0 x RS422 output,",F001930,IR-Cut - 680nm,IP40,(Micro-B),"Manual, Auto, External","Auto, Manual",FW Features - Image Control,"INTERNAL,SOFTWARE,EXTERNAL","User Sets, PWM(4), Sequencer,","auto, manual",,,,,,,,,
Allied Vision,exo-usb3-0,exo428MU3,EXO USB3,Available,Area scan,Mono,Visible,400 nm to 1000 nm,"3,208 × 2,200 (7.10 MP)",Sony IMX428,cmos,global-shutter,"14.44 × 9.9 mm (17.5 mm, 17.6mm (Type 1.1))",4.50 µm × 4.50 µm,"8-Bit,12-Bit,12-Bit","mono8, mono12packed",51.3 fps,"0 x LVDS input, 0 x LVDS output, 0 x TTL input, 0 x TTL output, 2 x 24V input, 4 x Open drain output,","1 x Optical isolated input, 0 x Optical isolated input,",10 to 25VDC,External: 4.5 W (typical),-10 °C to 60 °C,43 × 50 × 50,C-Mount,140 g,192 MByte,32 MByte,usb3.0,,,,,,,14 µs to 60 s,0.0 dB to 48.0 dB,,"1 x RS232 input, 1 x RS232 output, 0 x RS422 input, 0 x RS422 output,",F001994,K9 - AR coating - 400-850nm,IP40,(Micro-B),"Manual, Auto, External","Auto, Manual",FW Features - Image Control,"INTERNAL,SOFTWARE,EXTERNAL","User Sets, PWM(4), Sequencer,",,60.3 dB,39.6 dB,,,,,,,
Allied Vision,exo-usb3-0,exo540CU3,EXO USB3,Available,Area scan,Color,Visible,400 nm to 1000 nm,"5,320 × 4,600 (24.50 MP)",Sony IMX540,cmos,global-shutter,"14.58 × 12.6 mm (19.27 mm, 19.3mm (Type 1.2))",2.74 µm × 2.74 µm,"8-Bit,12-Bit,12-Bit",,15 fps,"0 x LVDS input, 0 x LVDS output, 0 x TTL input, 0 x TTL output, 2 x 24V input, 4 x Open drain output,","1 x Optical isolated input, 0 x Optical isolated input,",10 to 25VDC,External: 4 W (typical),-10 °C to 65 °C,43 × 50 × 50,C-Mount,140 g,192 MByte,32 MByte,usb3.0,,"bayer8, bayer12packed",,,,,28 µs to 60 s,0.0 dB to 48.0 dB,,"1 x RS232 input, 1 x RS232 output, 0 x RS422 input, 0 x RS422 output,",F002078,IR-Cut - 680nm,IP40,(Micro-B),"Manual, Auto, External","Auto, Manual",FW Features - Image Control,"INTERNAL,SOFTWARE,EXTERNAL","User Sets, PWM(4), Sequencer,","auto, manual",72 dB,39.18 dB,,,,,,,
Allied Vision,exo-usb3-0,exo540MU3,EXO USB3,Available,Area scan,Mono,Visible,400 nm to 1000 nm,"5,320 × 4,600 (24.50 MP)",Sony IMX540,cmos,global-shutter,"14.58 × 12.6 mm (19.27 mm, 19.3mm (Type 1.2))",2.74 µm × 2.74 µm,"8-Bit,12-Bit,12-Bit","mono8, mono12packed",15 fps,"0 x LVDS input, 0 x LVDS output, 0 x TTL input, 0 x TTL output, 2 x 24V input, 4 x Open drain output,","1 x Optical isolated input, 0 x Optical isolated input,",10 to 25VDC,External: 4 W (typical),-10 °C to 65 °C,43 × 50 × 50,C-Mount,140 g,192 MByte,32 MByte,usb3.0,,,,,,,28 µs to 60 s,0.0 dB to 48.0 dB,,"1 x RS232 input, 1 x RS232 output, 0 x RS422 input, 0 x RS422 output,",F002077,K9 - AR coating - 400-850nm,IP40,(Micro-B),"Manual, Auto, External","Auto, Manual",FW Features - Image Control,"INTERNAL,SOFTWARE,EXTERNAL","User Sets, PWM(4), Sequencer,",,72 dB,39.17 dB,,,,,,,
Allied Vision,exo-usb3-0,exo541CU3,EXO USB3,Available,Area scan,Color,Visible,400 nm to 1000 nm,"4,504 × 4,504 (20.30 MP)",Sony IMX541,cmos,global-shutter,"12.34 × 12.34 mm (17.45 mm, 17.5mm (Type 1.1))",2.74 µm × 2.74 µm,"8-Bit,12-Bit,12-Bit",,18.4 fps,"0 x LVDS input, 0 x LVDS output, 0 x TTL input, 0 x TTL output, 2 x 24V input, 4 x Open drain output,","1 x Optical isolated input, 0 x Optical isolated input,",10 to 25VDC,External: 4 W (typical),-10 °C to 65 °C,43 × 50 × 50,C-Mount,140 g,192 MByte,32 MByte,usb3.0,,"bayer8, bayer12packed",,,,,15 µs to 60 s,0.0 dB to 48.0 dB,,"1 x RS232 input, 1 x RS232 output, 0 x RS422 input, 0 x RS422 output,",F002079,IR-Cut - 680nm,IP40,(Micro-B),"Manual, Auto, External","Auto, Manual",FW Features - Image Control,"INTERNAL,SOFTWARE,EXTERNAL","User Sets, PWM(4), Sequencer,","auto, manual",72 dB,39.2 dB,,,,,,,
Allied Vision,exo-usb3-0,exo541MU3,EXO USB3,Available,Area scan,Mono,Visible,400 nm to 1000 nm,"4,504 × 4,504 (20.30 MP)",Sony IMX541,cmos,global-shutter,"12.34 × 12.34 mm (17.45 mm, 17.5mm (Type 1.1))",2.74 µm × 2.74 µm,"8-Bit,12-Bit,12-Bit","mono8, mono12packed",18.4 fps,"0 x LVDS input, 0 x LVDS output, 0 x TTL input, 0 x TTL output, 2 x 24V input, 4 x Open drain output,","1 x Optical isolated input, 0 x Optical isolated input,",10 to 25VDC,External: 4 W (typical),-10 °C to 65 °C,43 × 50 × 50,C-Mount,140 g,192 MByte,32 MByte,usb3.0,,,,,,,15 µs to 60 s,0.0 dB to 48.0 dB,,"1 x RS232 input, 1 x RS232 output, 0 x RS422 input, 0 x RS422 output,",F002076,K9 - AR coating - 400-850nm,IP40,(Micro-B),"Manual, Auto, External","Auto, Manual",FW Features - Image Control,"INTERNAL,SOFTWARE,EXTERNAL","User Sets, PWM(4), Sequencer,",,72 dB,39.19 dB,,,,,,,
Allied Vision,exo-usb3-0,exo542CU3,EXO USB3,Available,Area scan,Color,Visible,400 nm to 1000 nm,"5,320 × 3,032 (16.10 MP)",Sony IMX542,cmos,global-shutter,"14.58 × 8.31 mm (16.78 mm, 16.8mm (Type 1.1))",2.74 µm × 2.74 µm,"8-Bit,12-Bit,12-Bit",,23 fps,"0 x LVDS input, 0 x LVDS output, 0 x TTL input, 0 x TTL output, 2 x 24V input, 4 x Open drain output,","1 x Optical isolated input, 0 x Optical isolated input,",10 to 25VDC,External: 4 W (typical),-10 °C to 65 °C,43 × 50 × 50,C-Mount,140 g,192 MByte,32 MByte,usb3.0,,"bayer8, bayer12packed",,,,,17 µs to 60 s,0.0 dB to 48.0 dB,,"1 x RS232 input, 1 x RS232 output, 0 x RS422 input, 0 x RS422 output,",F002112,IR-Cut 680,IP40,(Micro-B),"Manual, Auto, External","Auto, Manual",FW Features - Image Control,"INTERNAL,SOFTWARE,EXTERNAL","User Sets, PWM(4), Sequencer,","auto, manual",,,,,,,,,
Allied Vision,exo-usb3-0,exo542MU3,EXO USB3,Available,Area scan,Mono,Visible,400 nm to 1000 nm,"5,320 × 3,032 (16.10 MP)",Sony IMX542,cmos,global-shutter,"14.58 × 8.31 mm (16.78 mm, 16.8mm (Type 1.1))",2.74 µm × 2.74 µm,"8-Bit,12-Bit,12-Bit","mono8, mono12packed",23 fps,"0 x LVDS input, 0 x LVDS output, 0 x TTL input, 0 x TTL output, 2 x 24V input, 4 x Open drain output,","1 x Optical isolated input, 0 x Optical isolated input,",10 to 25VDC,External: 4 W (typical),-10 °C to 65 °C,43 × 50 × 50,C-Mount,140 g,192 MByte,32 MByte,usb3.0,,,,,,,17 µs to 60 s,0.0 dB to 48.0 dB,,"1 x RS232 input, 1 x RS232 output, 0 x RS422 input, 0 x RS422 output,",F002113,K9 - AR coating - 400-850nm,IP40,(Micro-B),"Manual, Auto, External","Auto, Manual",FW Features - Image Control,"INTERNAL,SOFTWARE,EXTERNAL","User Sets, PWM(4), Sequencer,",,,,,,,,,,
Allied Vision,exo-usb3-0,exo901CU3,EXO USB3,Available,Area scan,Color,Visible,400 nm to 1000 nm,"8,016 × 2,048 (16.40 MP)",Sony IMX901,cmos,global-shutter,"21.96 × 5.61 mm (22.67 mm, 22.7mm (Type 1.4))",2.74 µm × 2.74 µm,"8-Bit,12-Bit,12-Bit",,15 fps,"0 x LVDS input, 0 x LVDS output, 0 x TTL input, 0 x TTL output, 2 x 24V input, 4 x Open drain output,","1 x Optical isolated input, 0 x Optical isolated input,",10 to 25VDC,External: 5 W (typical),-10 °C to 65 °C,43 × 50 × 50,C-Mount,140 g,192 MByte,32 MByte,usb3.0,,"bayer8, bayer12packed",,,,,5 µs to 60 s,0.0 dB to 48.0 dB,,"1 x RS232 input, 1 x RS232 output, 0 x RS422 input, 0 x RS422 output,",F002369,None,IP40,(Micro-B),"Manual, Auto, External","Auto, Manual",FW Features - Image Control,"INTERNAL,SOFTWARE,EXTERNAL","User Sets, PWM(4), Sequencer,","auto, manual",,,,,,,,,
Allied Vision,exo-usb3-0,exo901MU3,EXO USB3,Available,Area scan,Mono,Visible,400 nm to 1000 nm,"8,016 × 2,048 (16.40 MP)",Sony IMX901,cmos,global-shutter,"21.96 × 5.61 mm (22.67 mm, 22.7mm (Type 1.4))",2.74 µm × 2.74 µm,"8-Bit,12-Bit,12-Bit","mono8, mono12packed",15 fps,"0 x LVDS input, 0 x LVDS output, 0 x TTL input, 0 x TTL output, 2 x 24V input, 4 x Open drain output,","1 x Optical isolated input, 0 x Optical isolated input,",10 to 25VDC,External: 5 W (typical),-10 °C to 65 °C,43 × 50 × 50,C-Mount,140 g,192 MByte,32 MByte,usb3.0,,,,,,,5 µs to 60 s,0.0 dB to 48.0 dB,,"1 x RS232 input, 1 x RS232 output, 0 x RS422 input, 0 x RS422 output,",F002368,None,IP40,(Micro-B),"Manual, Auto, External","Auto, Manual",FW Features - Image Control,"INTERNAL,SOFTWARE,EXTERNAL","User Sets, PWM(4), Sequencer,",,,,,,,,,,
Allied Vision,exo-usb3-0,exo902CU3,EXO USB3,Available,Area scan,Color,Visible,400 nm to 1000 nm,"6,048 × 2,048 (12.40 MP)",Sony IMX902,cmos,global-shutter,"16.57 × 5.61 mm (17.5 mm, 17.5mm (Type 1.1))",2.74 µm × 2.74 µm,"8-Bit,12-Bit,12-Bit",,29.6 fps,"0 x LVDS input, 0 x LVDS output, 0 x TTL input, 0 x TTL output, 2 x 24V input, 4 x Open drain output,","1 x Optical isolated input, 0 x Optical isolated input,",10 to 25VDC,External: 5 W (typical),-10 °C to 65 °C,43 × 50 × 50,C-Mount,140 g,192 MByte,32 MByte,usb3.0,,"bayer8, bayer12packed",,,,,19 µs to 60 s,0.0 dB to 48.0 dB,,"1 x RS232 input, 1 x RS232 output, 0 x RS422 input, 0 x RS422 output,",F002405,None,IP40,(Micro-B),"Manual, Auto, External","Auto, Manual",FW Features - Image Control,"INTERNAL,SOFTWARE,EXTERNAL","User Sets, PWM(4), Sequencer,","auto, manual",,,,,,,,,
Allied Vision,exo-usb3-0,exo902MU3,EXO USB3,Available,Area scan,Mono,Visible,400 nm to 1000 nm,"6,048 × 2,048 (12.40 MP)",Sony IMX902,cmos,global-shutter,"16.57 × 5.61 mm (17.5 mm, 17.5mm (Type 1.1))",2.74 µm × 2.74 µm,"8-Bit,12-Bit,12-Bit","mono8, mono12packed",29.6 fps,"0 x LVDS input, 0 x LVDS output, 0 x TTL input, 0 x TTL output, 2 x 24V input, 4 x Open drain output,","1 x Optical isolated input, 0 x Optical isolated input,",10 to 25VDC,External: 5 W (typical),-10 °C to 65 °C,43 × 50 × 50,C-Mount,140 g,192 MByte,32 MByte,usb3.0,,,,,,,19 µs to 60 s,0.0 dB to 48.0 dB,,"1 x RS232 input, 1 x RS232 output, 0 x RS422 input, 0 x RS422 output,",F002404,None,IP40,(Micro-B),"Manual, Auto, External","Auto, Manual",FW Features - Image Control,"INTERNAL,SOFTWARE,EXTERNAL","User Sets, PWM(4), Sequencer,",,,,,,,,,,
Allied Vision,camera-link,EoSens1.3MCL-CM,EoSens Camera Link,Discontinued,Area scan,Mono,Visible,400 nm to 1000 nm,"1,280 × 1,024 (1.30 MP)",ON Semi LUPA1300-2,cmos,global-shutter,"17.92 × 14.34 mm (22.95 mm, 4/3)",14.00 µm × 14.00 µm,"8-Bit,10-Bit","mono8, mono10",506 fps,"0 x LVDS input, 0 x LVDS output, 0 x TTL input, 0 x TTL output, 0 x 24V input, 0 x Open drain output,","1 x Optical isolated input, 0 x Optical isolated input,",8 to 24VDC,External: 5 W (typical),,47 × 63 × 63,C-Mount,300 g,,,camera link full,,,,,,,2 µs to 1 s,0.0 dB to 12.0 dB,,"0 x RS232 input, 0 x RS232 output, 0 x RS422 input, 0 x RS422 output,",F006005,,IP30,(MDR),external,Digital,FW Features - Image Control,"External TTL Signal, CC-Trigger",,true,,,,"1280 x 1024 | 506 fps, 640 x 480 | 1869 fps, 400 x 300 | 4068 fps, 1280 x 64 | 7638 fps, 60 x 60 | 33390 fps, x | 120423 fps,",,,,,
Allied Vision,camera-link,EoSens1.3MCL-FM,EoSens Camera Link,Discontinued,Area scan,Mono,Visible,400 nm to 1000 nm,"1,280 × 1,024 (1.30 MP)",ON Semi LUPA1300-2,cmos,global-shutter,"17.92 × 14.34 mm (22.95 mm, 4/3)",14.00 µm × 14.00 µm,"8-Bit,10-Bit","mono8, mono10",506 fps,"0 x LVDS input, 0 x LVDS output, 0 x TTL input, 0 x TTL output, 0 x 24V input, 0 x Open drain output,","1 x Optical isolated input, 0 x Optical isolated input,",8 to 24VDC,External: 5 W (typical),,75 × 63 × 63,F-Mount,350 g,,,camera link full,,,,,,,2 µs to 1 s,0.0 dB to 12.0 dB,,"0 x RS232 input, 0 x RS232 output, 0 x RS422 input, 0 x RS422 output,",F006006,,IP30,(MDR),external,Digital,FW Features - Image Control,"External TTL Signal, CC-Trigger",,true,,,,"1280 x 1024 | 506 fps, 640 x 480 | 1869 fps, 400 x 300 | 4068 fps, 1280 x 64 | 7638 fps, 60 x 60 | 33390 fps, x | 120423 fps,",,,,,
Allied Vision,camera-link,EoSens3.0MCL-CM,EoSens Camera Link,Discontinued,Area scan,Mono,Visible,400 nm to 1000 nm,"1,690 × 1,710 (3.00 MP)",ON Semi LUPA3000,cmos,global-shutter,"13.52 × 13.68 mm (19.23 mm, 1)",8.00 µm × 8.00 µm,8-Bit,mono8,285 fps,"0 x LVDS input, 0 x LVDS output, 0 x TTL input, 0 x TTL output, 0 x 24V input, 0 x Open drain output,","1 x Optical isolated input, 0 x Optical isolated input,",8 to 24VDC,External: 7 W (typical),,55 × 63 × 63,C-Mount,300 g,,,camera link full,,,,,,,1 µs to 1 s,0.0 dB to 12.0 dB,,"0 x RS232 input, 0 x RS232 output, 0 x RS422 input, 0 x RS422 output,",F006015,,IP30,(MDR),external,Digital,FW Features - Image Control,"External TTL Signal, CC-Trigger",,true,,,,"1690 x 1710 | 285 fps, 1280 x 1024 | 604 fps, 1020 x 768 | 951 fps, 640 x 480 | 2327 fps, 1280 x 64 | 9385 fps, 120 x 60 | 38502 fps, x | 181000 fps,",,,,,
Allied Vision,camera-link,EoSens3.0MCL-FM,EoSens Camera Link,Discontinued,Area scan,Mono,Visible,400 nm to 1000 nm,"1,690 × 1,710 (3.00 MP)",ON Semi LUPA3000,cmos,global-shutter,"13.52 × 13.68 mm (19.23 mm, 1)",8.00 µm × 8.00 µm,8-Bit,mono8,285 fps,"0 x LVDS input, 0 x LVDS output, 0 x TTL input, 0 x TTL output, 0 x 24V input, 0 x Open drain output,","1 x Optical isolated input, 0 x Optical isolated input,",8 to 24VDC,External: 7 W (typical),,84 × 63 × 63,F-Mount,350 g,,,camera link full,,,,,,,1 µs to 1 s,0.0 dB to 12.0 dB,,"0 x RS232 input, 0 x RS232 output, 0 x RS422 input, 0 x RS422 output,",F006016,,IP30,(MDR),external,Digital,FW Features - Image Control,"External TTL Signal, CC-Trigger",,true,,,,"1690 x 1710 | 285 fps, 1280 x 1024 | 604 fps, 1020 x 768 | 951 fps, 640 x 480 | 2327 fps, 1280 x 64 | 9385 fps, 120 x 60 | 38502 fps, x | 181000 fps,",,,,,
Allied Vision,eosens-coaxpress-6,EoSens3.0MCX5-CM,EoSens CoaXPress-6,Discontinued,Area scan,Mono,Visible,400 nm to 1000 nm,"1,696 × 1,710 (3.00 MP)",ON Semi LUPA3000,cmos,global-shutter,"13.57 × 13.68 mm (19.27 mm, 1)",8.00 µm × 8.00 µm,"8-Bit,10-Bit","mono8, mono10",566 fps,"0 x LVDS input, 0 x LVDS output, 0 x TTL input, 0 x TTL output, 2 x 24V input, 0 x Open drain output,","0 x Optical isolated input, 0 x Optical isolated input,","12 to 24VDC, Power over CoaXPress",External: 7 W (typical),,57 × 80 × 80,C-Mount,500 g,,,cxp-6 with 4 connections,,,,,,,1 µs to 1 s,0.0 dB to 12.0 dB,2,"0 x RS232 input, 0 x RS232 output, 0 x RS422 input, 0 x RS422 output,",F006017,,IP30,Din1.0//2.3,external,Analog,FW Features - Image Control,"External TTL Signal, CXP-Trigger",,true,,,,"1696 x 1710 | 566 fps, 1280 x 1024 | 1200 fps, 640 x 480 | 4620 fps, 320 x 240 | 14900 fps, 128 x 128 | 42450 fps, x | 225000 fps,",,,,,
Allied Vision,eosens-coaxpress-6,EoSens3.0MCX5-FM,EoSens CoaXPress-6,Discontinued,Area scan,Mono,Visible,400 nm to 1000 nm,"1,696 × 1,710 (3.00 MP)",ON Semi LUPA3000,cmos,global-shutter,"13.57 × 13.68 mm (19.27 mm, 1)",8.00 µm × 8.00 µm,"8-Bit,10-Bit","mono8, mono10",566 fps,"0 x LVDS input, 0 x LVDS output, 0 x TTL input, 0 x TTL output, 2 x 24V input, 0 x Open drain output,","0 x Optical isolated input, 0 x Optical isolated input,","12 to 24VDC, Power over CoaXPress",External: 7 W (typical),,86 × 80 × 80,F-Mount,550 g,,,cxp-6 with 4 connections,,,,,,,1 µs to 1 s,0.0 dB to 12.0 dB,2,"0 x RS232 input, 0 x RS232 output, 0 x RS422 input, 0 x RS422 output,",F006018,,IP30,Din1.0//2.3,external,Analog,FW Features - Image Control,"External TTL Signal, CXP-Trigger",,true,,,,"1696 x 1710 | 566 fps, 1280 x 1024 | 1200 fps, 640 x 480 | 4620 fps, 320 x 240 | 14900 fps, 128 x 128 | 42450 fps, x | 225000 fps,",,,,,
Allied Vision,eosens-coaxpress-6,EoSens4.0MCX6-CM,EoSens CoaXPress-6,Discontinued,Area scan,Mono,Visible,400 nm to 1000 nm,"2,336 × 1,728 (4.00 MP)",Alexima AM41,cmos,global-shutter,"16.35 × 12.1 mm (20.34 mm, 4/3)",7.00 µm × 7.00 µm,"8-Bit,10-Bit","mono8, mono10",563 fps,"0 x LVDS input, 0 x LVDS output, 0 x TTL input, 0 x TTL output, 2 x 24V input, 0 x Open drain output,","0 x Optical isolated input, 0 x Optical isolated input,","12 to 24VDC, Power over CoaXPress",External: 10 W (typical),,60 × 80 × 80,C-Mount,500 g,,,cxp-6 with 4 connections,,,,,,,1 µs to 1 s,0.0 dB to 20.0 dB,2,"0 x RS232 input, 0 x RS232 output, 0 x RS422 input, 0 x RS422 output,",F006019,,IP30,(Din1.0/2.3),external,Analog,FW Features - Image Control,"External TTL Signal, CXP-Trigger",,true,,,,"2336 x 1920 | 563 fps, 1920 x 1080 | 900 fps, 1024 x 768 | 1264 fps, 640 x 480 | 2020 fps, 128 x 128 | 7492 fps, x | 225000 fps,",,,,,
Allied Vision,eosens-coaxpress-6,EoSens4.0MCX6-FM,EoSens CoaXPress-6,Discontinued,Area scan,Mono,Visible,400 nm to 1000 nm,"2,336 × 1,728 (4.00 MP)",Alexima AM41,cmos,global-shutter,"16.35 × 12.1 mm (20.34 mm, 4/3)",7.00 µm × 7.00 µm,"8-Bit,10-Bit","mono8, mono10",563 fps,"0 x LVDS input, 0 x LVDS output, 0 x TTL input, 0 x TTL output, 2 x 24V input, 0 x Open drain output,","0 x Optical isolated input, 0 x Optical isolated input,","12 to 24VDC, Power over CoaXPress",External: 10 W (typical),,86 × 80 × 80,F-Mount,550 g,,,cxp-6 with 4 connections,,,,,,,1 µs to 1 s,0.0 dB to 20.0 dB,2,"0 x RS232 input, 0 x RS232 output, 0 x RS422 input, 0 x RS422 output,",F006020,,IP30,(Din1.0/2.3),external,Analog,FW Features - Image Control,"External TTL Signal, CXP-Trigger",,true,,,,"2336 x 1920 | 563 fps, 1920 x 1080 | 900 fps, 1024 x 768 | 1264 fps, 640 x 480 | 2020 fps, 128 x 128 | 7492 fps, x | 225000 fps,",,,,,
Allied Vision,coaxpress12,EoSens1.1CCX12-CM,EoSens CoaXPress-12,Available,Area scan,Color,Visible,400 nm to 1000 nm,"1,280 × 864 (1.10 MP)",Luxima LUX13HS,cmos,global-shutter,"17.54 × 11.84 mm (21.16 mm, 4/3)",13.70 µm × 13.70 µm,"8-Bit,10-Bit",,3674 fps,"0 x LVDS input, 0 x LVDS output, 0 x TTL input, 0 x TTL output, 2 x 24V input, 0 x Open drain output,","0 x Optical isolated input, 0 x Optical isolated input,","12 to 24VDC, Power over CoaXPress",External: 14 W (typical),,54 × 80 × 80,C-Mount,500 g,,,cxp-12 with 4 connections,,"bayer8, bayer10",,,,,2 µs to 1 s,0.0 dB to 18.0 dB,2,"0 x RS232 input, 0 x RS232 output, 0 x RS422 input, 0 x RS422 output,",F006003,UV/IR Filter,IP30,(micro-BNC),external,"Digital, Analog",FW Features - Image Control,"External TTL Signal, CXP-Trigger",,true,,,,"1280 x 864 | 3674 fps, 1280 x 768 | 4151 fps, 640 x 480 | 6576 fps, 128 x 128 | 23821 fps, x | 224673 fps,",,,,,
Allied Vision,coaxpress12,EoSens1.1CCX12-FM,EoSens CoaXPress-12,Available,Area scan,Color,Visible,400 nm to 1000 nm,"1,280 × 864 (1.10 MP)",Luxima LUX13HS,cmos,global-shutter,"17.54 × 11.84 mm (21.16 mm, 4/3)",13.70 µm × 13.70 µm,"8-Bit,10-Bit",,3674 fps,"0 x LVDS input, 0 x LVDS output, 0 x TTL input, 0 x TTL output, 2 x 24V input, 0 x Open drain output,","0 x Optical isolated input, 0 x Optical isolated input,","12 to 24VDC, Power over CoaXPress",External: 14 W (typical),,83 × 80 × 80,F-Mount,550 g,,,cxp-12 with 4 connections,,"bayer8, bayer10",,,,,2 µs to 1 s,0.0 dB to 18.0 dB,2,"0 x RS232 input, 0 x RS232 output, 0 x RS422 input, 0 x RS422 output,",F006004,UV/IR Filter,IP30,(micro-BNC),external,"Digital, Analog",FW Features - Image Control,"External TTL Signal, CXP-Trigger",,true,,,,"1280 x 864 | 3674 fps, 1280 x 768 | 4151 fps, 640 x 480 | 6576 fps, 128 x 128 | 23821 fps, x | 224673 fps,",,,,,
Allied Vision,coaxpress12,EoSens1.1MCX12-CM,EoSens CoaXPress-12,Available,Area scan,Mono,Visible,400 nm to 1000 nm,"1,280 × 864 (1.10 MP)",Luxima LUX13HS,cmos,global-shutter,"17.54 × 11.84 mm (21.16 mm, 4/3)",13.70 µm × 13.70 µm,"8-Bit,10-Bit","mono8, mono10",3674 fps,"0 x LVDS input, 0 x LVDS output, 0 x TTL input, 0 x TTL output, 2 x 24V input, 0 x Open drain output,","0 x Optical isolated input, 0 x Optical isolated input,","12 to 24VDC, Power over CoaXPress",External: 14 W (typical),,54 × 80 × 80,C-Mount,500 g,,,cxp-12 with 4 connections,,,,,,,2 µs to 1 s,0.0 dB to 18.0 dB,2,"0 x RS232 input, 0 x RS232 output, 0 x RS422 input, 0 x RS422 output,",F006001,,IP30,(micro-BNC),external,"Digital, Analog",FW Features - Image Control,"External TTL Signal, CXP-Trigger",,true,,,,"1280 x 864 | 3674 fps, 1280 x 768 | 4151 fps, 640 x 480 | 6576 fps, 128 x 128 | 23821 fps, x | 224673 fps,",,,,,
Allied Vision,coaxpress12,EoSens1.1MCX12-FM,EoSens CoaXPress-12,Available,Area scan,Mono,Visible,400 nm to 1000 nm,"1,280 × 864 (1.10 MP)",Luxima LUX13HS,cmos,global-shutter,"17.54 × 11.84 mm (21.16 mm, 4/3)",13.70 µm × 13.70 µm,"8-Bit,10-Bit","mono8, mono10",3674 fps,"0 x LVDS input, 0 x LVDS output, 0 x TTL input, 0 x TTL output, 2 x 24V input, 0 x Open drain output,","0 x Optical isolated input, 0 x Optical isolated input,","12 to 24VDC, Power over CoaXPress",External: 14 W (typical),,83 × 80 × 80,F-Mount,550 g,,,cxp-12 with 4 connections,,,,,,,2 µs to 1 s,0.0 dB to 18.0 dB,2,"0 x RS232 input, 0 x RS232 output, 0 x RS422 input, 0 x RS422 output,",F006002,,IP30,(micro-BNC),external,"Digital, Analog",FW Features - Image Control,"External TTL Signal, CXP-Trigger",,true,,,,"1280 x 864 | 3674 fps, 1280 x 768 | 4151 fps, 640 x 480 | 6576 fps, 128 x 128 | 23821 fps, x | 224673 fps,",,,,,
Allied Vision,coaxpress12,EoSens10CCX12-FM,EoSens CoaXPress-12,Available,Area scan,Color,Visible,350 nm to 1000 nm,"4,608 × 2,176 (10.00 MP)",Gpixel GSPRINT4510,cmos,global-shutter,"20.74 × 9.79 mm (22.93 mm, 4/3)",4.50 µm × 4.50 µm,"8-Bit,12-Bit",,482 fps,"0 x LVDS input, 0 x LVDS output, 0 x TTL input, 0 x TTL output, 2 x 24V input, 0 x Open drain output,","0 x Optical isolated input, 0 x Optical isolated input,","12 to 24VDC, Power over CoaXPress",External: 20 W (typical),,93 × 80 × 80,F-Mount,630 g,,,cxp-12 with 4 connections,,"bayer8, bayer12",,,,,1 µs to 1 s,0.0 dB to 12.0 dB,2,"0 x RS232 input, 0 x RS232 output, 0 x RS422 input, 0 x RS422 output,",F006026,UV/IR Filter,IP30,(micro-BNC),external,"Digital, Analog",FW Features - Image Control,"External TTL Signal, CXP-Trigger",,true,68.8 dB,,,"4608 x 2176 | 478 fps,",,,,,
Allied Vision,coaxpress12,EoSens10CCX12-M42,EoSens CoaXPress-12,Available,Area scan,Color,Visible,350 nm to 1000 nm,"4,608 × 2,176 (10.00 MP)",Gpixel GSPRINT4510,cmos,global-shutter,"20.74 × 9.79 mm (22.93 mm, 4/3)",4.50 µm × 4.50 µm,"8-Bit,12-Bit",,482 fps,"0 x LVDS input, 0 x LVDS output, 0 x TTL input, 0 x TTL output, 2 x 24V input, 0 x Open drain output,","0 x Optical isolated input, 0 x Optical isolated input,","12 to 24VDC, Power over CoaXPress",External: 20 W (typical),,55 × 80 × 80,M42x0.75,630 g,,,cxp-12 with 4 connections,,"bayer8, bayer12",,,,,1 µs to 1 s,0.0 dB to 12.0 dB,2,"0 x RS232 input, 0 x RS232 output, 0 x RS422 input, 0 x RS422 output,",F006232,UV/IR Filter,IP30,(micro-BNC),external,"Digital, Analog",FW Features - Image Control,"External TTL Signal, CXP-Trigger",,true,68.8 dB,,,"4608 x 2176 | 478 fps,",,,,,
Allied Vision,coaxpress12,EoSens10MCX12-FM,EoSens CoaXPress-12,Available,Area scan,Mono,Visible,350 nm to 1000 nm,"4,608 × 2,176 (10.00 MP)",Gpixel GSPRINT4510,cmos,global-shutter,"20.74 × 9.79 mm (22.93 mm, 4/3)",4.50 µm × 4.50 µm,"8-Bit,12-Bit","mono8, mono12",482 fps,"0 x LVDS input, 0 x LVDS output, 0 x TTL input, 0 x TTL output, 2 x 24V input, 0 x Open drain output,","0 x Optical isolated input, 0 x Optical isolated input,","12 to 24VDC, Power over CoaXPress",External: 20 W (typical),,93 × 80 × 80,F-Mount,630 g,,,cxp-12 with 4 connections,,,,,,,1 µs to 1 s,0.0 dB to 12.0 dB,2,"0 x RS232 input, 0 x RS232 output, 0 x RS422 input, 0 x RS422 output,",F006025,,IP30,(micro-BNC),external,"Digital, Analog",FW Features - Image Control,"External TTL Signal, CXP-Trigger",,true,68.8 dB,,,"4608 x 2176 | 478 fps,",,,,,
Allied Vision,coaxpress12,EoSens10MCX12-M42,EoSens CoaXPress-12,Available,Area scan,Mono,Visible,350 nm to 1000 nm,"4,608 × 2,176 (10.00 MP)",Gpixel GSPRINT4510,cmos,global-shutter,"20.74 × 9.79 mm (22.93 mm, 4/3)",4.50 µm × 4.50 µm,"8-Bit,12-Bit","mono8, mono12",482 fps,"0 x LVDS input, 0 x LVDS output, 0 x TTL input, 0 x TTL output, 2 x 24V input, 0 x Open drain output,","0 x Optical isolated input, 0 x Optical isolated input,","12 to 24VDC, Power over CoaXPress",External: 20 W (typical),,55 × 80 × 80,M42x0.75,630 g,,,cxp-12 with 4 connections,,,,,,,1 µs to 1 s,0.0 dB to 12.0 dB,2,"0 x RS232 input, 0 x RS232 output, 0 x RS422 input, 0 x RS422 output,",F006231,,IP30,(micro-BNC),external,"Digital, Analog",FW Features - Image Control,"External TTL Signal, CXP-Trigger",,true,68.8 dB,,,"4608 x 2176 | 478 fps,",,,,,
Allied Vision,coaxpress12,EoSens2.0CCX12-CM,EoSens CoaXPress-12,Available,Area scan,Color,Visible,400 nm to 1000 nm,"1,920 × 1,080 (2.00 MP)",Luxima Lux19HS,cmos,global-shutter,"19.2 × 10.8 mm (22.03 mm, 4/3)",10.00 µm × 10.00 µm,"8-Bit,10-Bit",,2247 fps,"0 x LVDS input, 0 x LVDS output, 0 x TTL input, 0 x TTL output, 2 x 24V input, 0 x Open drain output,","0 x Optical isolated input, 0 x Optical isolated input,","12 to 24VDC, Power over CoaXPress",External: 13 W (typical),-10 °C to 65 °C,55 × 80 × 80,C-Mount,500 g,,,cxp-12 with 4 connections,,"bayer8, bayer10",,,,,2 µs to 1 s,0.0 dB to 18.0 dB,2,"0 x RS232 input, 0 x RS232 output, 0 x RS422 input, 0 x RS422 output,",F006009,UV/IR Filter,IP30,(micro-BNC),external,"Digital, Analog",FW Features - Image Control,"External TTL Signal, CXP-Trigger",,,,,,"1920 x 1080 | 2247 fps, 1024 x 768 | 3152 fps, 640 x 480 | 5020 fps, 128 x 128 | 18177 fps, 1920 x 8 | 170578 fps, x | 170575 fps,",,,,,
Allied Vision,coaxpress12,EoSens2.0CCX12-FM,EoSens CoaXPress-12,Available,Area scan,Color,Visible,400 nm to 1000 nm,"1,920 × 1,080 (2.00 MP)",Luxima Lux19HS,cmos,global-shutter,"19.2 × 10.8 mm (22.03 mm, 4/3)",10.00 µm × 10.00 µm,"8-Bit,10-Bit",,2247 fps,"0 x LVDS input, 0 x LVDS output, 0 x TTL input, 0 x TTL output, 2 x 24V input, 0 x Open drain output,","0 x Optical isolated input, 0 x Optical isolated input,","12 to 24VDC, Power over CoaXPress",External: 13 W (typical),-10 °C to 65 °C,84 × 80 × 80,F-Mount,550 g,,,cxp-12 with 4 connections,,"bayer8, bayer10",,,,,2 µs to 1 s,0.0 dB to 18.0 dB,2,"0 x RS232 input, 0 x RS232 output, 0 x RS422 input, 0 x RS422 output,",F006010,UV/IR Filter,IP30,(micro-BNC),external,"Digital, Analog",FW Features - Image Control,"External TTL Signal, CXP-Trigger",,,,,,"1920 x 1080 | 2247 fps, 1024 x 768 | 3152 fps, 640 x 480 | 5020 fps, 128 x 128 | 18177 fps, 1920 x 8 | 170578 fps, x | 170575 fps,",,,,,
Allied Vision,coaxpress12,EoSens2.0MCX12-CM,EoSens CoaXPress-12,Available,Area scan,Mono,Visible,400 nm to 1000 nm,"1,920 × 1,080 (2.00 MP)",Luxima Lux19HS,cmos,global-shutter,"19.2 × 10.8 mm (22.03 mm, 4/3)",10.00 µm × 10.00 µm,"8-Bit,10-Bit","mono8, mono10",2247 fps,"0 x LVDS input, 0 x LVDS output, 0 x TTL input, 0 x TTL output, 2 x 24V input, 0 x Open drain output,","0 x Optical isolated input, 0 x Optical isolated input,","12 to 24VDC, Power over CoaXPress",External: 13 W (typical),-10 °C to 65 °C,55 × 80 × 80,C-Mount,500 g,,,cxp-12 with 4 connections,,,,,,,2 µs to 1 s,0.0 dB to 18.0 dB,2,"0 x RS232 input, 0 x RS232 output, 0 x RS422 input, 0 x RS422 output,",F006007,,IP30,(micro-BNC),external,"Digital, Analog",FW Features - Image Control,"External TTL Signal, CXP-Trigger",,,,,,"1920 x 1080 | 2247 fps, 1024 x 768 | 3152 fps, 640 x 480 | 5020 fps, 128 x 128 | 18177 fps, 1920 x 8 | 170578 fps, x | 170575 fps,",,,,,
Allied Vision,coaxpress12,EoSens2.0MCX12-FM,EoSens CoaXPress-12,Available,Area scan,Mono,Visible,400 nm to 1000 nm,"1,920 × 1,080 (2.00 MP)",Luxima Lux19HS,cmos,global-shutter,"19.2 × 10.8 mm (22.03 mm, 4/3)",10.00 µm × 10.00 µm,"8-Bit,10-Bit","mono8, mono10",2247 fps,"0 x LVDS input, 0 x LVDS output, 0 x TTL input, 0 x TTL output, 2 x 24V input, 0 x Open drain output,","0 x Optical isolated input, 0 x Optical isolated input,","12 to 24VDC, Power over CoaXPress",External: 13 W (typical),-10 °C to 65 °C,84 × 80 × 80,F-Mount,550 g,,,cxp-12 with 4 connections,,,,,,,2 µs to 1 s,0.0 dB to 18.0 dB,2,"0 x RS232 input, 0 x RS232 output, 0 x RS422 input, 0 x RS422 output,",F006008,,IP30,(micro-BNC),external,"Digital, Analog",FW Features - Image Control,"External TTL Signal, CXP-Trigger",,,,,,"1920 x 1080 | 2247 fps, 1024 x 768 | 3152 fps, 640 x 480 | 5020 fps, 128 x 128 | 18177 fps, 1920 x 8 | 170578 fps, x | 170575 fps,",,,,,
Allied Vision,coaxpress12,EoSens21CCX12-FF,EoSens CoaXPress-12,Available,Area scan,Color,Visible,350 nm to 1000 nm,"5,120 × 4,096 (21.00 MP)",Gpixel GSPRINT4521,cmos,global-shutter,"23.04 × 18.43 mm (29.51 mm, 29.5mm)",4.50 µm × 4.50 µm,"8-Bit,10-Bit,12-Bit",,230 fps,"0 x LVDS input, 0 x LVDS output, 0 x TTL input, 0 x TTL output, 2 x 24V input, 0 x Open drain output,","0 x Optical isolated input, 0 x Optical isolated input,",12 to 24VDC,External: 21 W (typical),-10 °C to 60 °C,47 × 80 × 80,Flat Front,630 g,,,cxp-12 with 4 connections,,"bayer8, bayer10, bayer12",,,,,4 µs to 1 s,0.0 dB to 12.0 dB,2,"0 x RS232 input, 0 x RS232 output, 0 x RS422 input, 0 x RS422 output,",F006225,UV/IR Filter,IP30,(micro-BNC),external,"Digital, Analog",FW Features - Image Control,,,true,,,,"5120 x 4096 | 230 fps, 5120 x 3072 | 305 fps, 5120 x 1024 | 891 fps, 5120 x 128 | 5540 fps, x | 12560 fps,",,,,,
Allied Vision,coaxpress12,EoSens21CCX12-FM,EoSens CoaXPress-12,Available,Area scan,Color,Visible,350 nm to 1000 nm,"5,120 × 4,096 (21.00 MP)",Gpixel GSPRINT4521,cmos,global-shutter,"23.04 × 18.43 mm (29.51 mm, 29.5mm)",4.50 µm × 4.50 µm,"8-Bit,10-Bit,12-Bit",,230 fps,"0 x LVDS input, 0 x LVDS output, 0 x TTL input, 0 x TTL output, 2 x 24V input, 0 x Open drain output,","0 x Optical isolated input, 0 x Optical isolated input,",12 to 24VDC,External: 21 W (typical),,93 × 80 × 80,F-Mount,630 g,,,cxp-12 with 4 connections,,"bayer8, bayer10, bayer12",,,,,4 µs to 1 s,0.0 dB to 12.0 dB,2,"0 x RS232 input, 0 x RS232 output, 0 x RS422 input, 0 x RS422 output,",F006012,UV/IR Filter,IP30,(micro-BNC),external,"Digital, Analog",FW Features - Image Control,,,true,,,,"5120 x 4096 | 230 fps, 5120 x 3072 | 305 fps, 5120 x 1024 | 891 fps, 5120 x 128 | 5540 fps, x | 12560 fps,",,,,,
Allied Vision,coaxpress12,EoSens21CCX12-M58,EoSens CoaXPress-12,Available,Area scan,Color,Visible,350 nm to 1000 nm,"5,120 × 4,096 (21.00 MP)",Gpixel GSPRINT4521,cmos,global-shutter,"23.04 × 18.43 mm (29.51 mm, 29.5mm)",4.50 µm × 4.50 µm,"8-Bit,10-Bit,12-Bit",,230 fps,"0 x LVDS input, 0 x LVDS output, 0 x TTL input, 0 x TTL output, 2 x 24V input, 0 x Open drain output,","0 x Optical isolated input, 0 x Optical isolated input,",12 to 24VDC,External: 21 W (typical),-10 °C to 60 °C,55 × 80 × 80,M58x0.75,630 g,,,cxp-12 with 4 connections,,"bayer8, bayer10, bayer12",,,,,4 µs to 1 s,0.0 dB to 12.0 dB,2,"0 x RS232 input, 0 x RS232 output, 0 x RS422 input, 0 x RS422 output,",F006218,UV/IR Filter,IP30,(micro-BNC),external,"Digital, Analog",FW Features - Image Control,,,true,,,,"5120 x 4096 | 230 fps, 5120 x 3072 | 305 fps, 5120 x 1024 | 891 fps, 5120 x 128 | 5540 fps, x | 12560 fps,",,,,,
Allied Vision,coaxpress12,EoSens21MCX12-FF,EoSens CoaXPress-12,Available,Area scan,Mono,Visible,350 nm to 1000 nm,"5,120 × 4,096 (21.00 MP)",Gpixel GSPRINT4521,cmos,global-shutter,"23.04 × 18.43 mm (29.51 mm, 29.5mm)",4.50 µm × 4.50 µm,"8-Bit,10-Bit,12-Bit","mono8, mono10, mono12",230 fps,"0 x LVDS input, 0 x LVDS output, 0 x TTL input, 0 x TTL output, 2 x 24V input, 0 x Open drain output,","0 x Optical isolated input, 0 x Optical isolated input,",12 to 24VDC,External: 21 W (typical),-10 °C to 60 °C,47 × 80 × 80,Flat Front,630 g,,,cxp-12 with 4 connections,,,,,,,4 µs to 1 s,0.0 dB to 12.0 dB,2,"0 x RS232 input, 0 x RS232 output, 0 x RS422 input, 0 x RS422 output,",F006226,,IP30,(micro-BNC),external,"Digital, Analog",FW Features - Image Control,,,true,,,,"5120 x 4096 | 230 fps, 5120 x 3072 | 305 fps, 5120 x 1024 | 891 fps, 5120 x 128 | 5540 fps, x | 12560 fps,",,,,,
Allied Vision,coaxpress12,EoSens21MCX12-FM,EoSens CoaXPress-12,Available,Area scan,Mono,Visible,350 nm to 1000 nm,"5,120 × 4,096 (21.00 MP)",Gpixel GSPRINT4521,cmos,global-shutter,"23.04 × 18.43 mm (29.51 mm, 29.5mm)",4.50 µm × 4.50 µm,"8-Bit,10-Bit,12-Bit","mono8, mono10, mono12",230 fps,"0 x LVDS input, 0 x LVDS output, 0 x TTL input, 0 x TTL output, 2 x 24V input, 0 x Open drain output,","0 x Optical isolated input, 0 x Optical isolated input,",12 to 24VDC,External: 21 W (typical),,93 × 80 × 80,F-Mount,630 g,,,cxp-12 with 4 connections,,,,,,,4 µs to 1 s,0.0 dB to 12.0 dB,2,"0 x RS232 input, 0 x RS232 output, 0 x RS422 input, 0 x RS422 output,",F006011,,IP30,(micro-BNC),external,"Digital, Analog",FW Features - Image Control,,,true,,,,"5120 x 4096 | 230 fps, 5120 x 3072 | 305 fps, 5120 x 1024 | 891 fps, 5120 x 128 | 5540 fps, x | 12560 fps,",,,,,
Allied Vision,coaxpress12,EoSens21MCX12-M58,EoSens CoaXPress-12,Available,Area scan,Mono,Visible,350 nm to 1000 nm,"5,120 × 4,096 (21.00 MP)",Gpixel GSPRINT4521,cmos,global-shutter,"23.04 × 18.43 mm (29.51 mm, 29.5mm)",4.50 µm × 4.50 µm,"8-Bit,10-Bit,12-Bit","mono8, mono10, mono12",230 fps,"0 x LVDS input, 0 x LVDS output, 0 x TTL input, 0 x TTL output, 2 x 24V input, 0 x Open drain output,","0 x Optical isolated input, 0 x Optical isolated input,",12 to 24VDC,External: 21 W (typical),-10 °C to 60 °C,55 × 80 × 80,M58x0.75,630 g,,,cxp-12 with 4 connections,,,,,,,4 µs to 1 s,0.0 dB to 12.0 dB,2,"0 x RS232 input, 0 x RS232 output, 0 x RS422 input, 0 x RS422 output,",F006217,,IP30,(micro-BNC),external,"Digital, Analog",FW Features - Image Control,,,true,,,,"5120 x 4096 | 230 fps, 5120 x 3072 | 305 fps, 5120 x 1024 | 891 fps, 5120 x 128 | 5540 fps, x | 12560 fps,",,,,,
Allied Vision,coaxpress12,EoSens9.5CCX12-FF,EoSens CoaXPress-12,Prototype/engineering sample,Area scan,Color,Visible,380 nm to 1000 nm,"4,096 × 2,304 (9.50 MP)",Luxima LUX9506,cmos,global-shutter,"26.62 × 14.98 mm (30.55 mm, 2)",6.50 µm × 6.50 µm,"8-Bit,10-Bit,12-Bit",,503 fps,"1 x LVDS input, 1 x LVDS output, 0 x TTL input, 0 x TTL output, 2 x 24V input, 2 x Open drain output,","0 x Optical isolated input, 0 x Optical isolated input,",Power over CoaXPress,21 W (typical),-10 °C to 60 °C,49 × 80 × 80,Flat Front,630 g,,,cxp-12 with 4 connections,,"bayer8, bayer10, bayer12",,,,,2 µs to 40.00 ms,0.0 dB to 12.0 dB,,"1 x RS232 input, 1 x RS232 output, 0 x RS422 input, 0 x RS422 output,",F006221,,IP30,(micro-BNC),external,"Digital, Analog",FW Features - Image Control,"External TTL Signal, CXP-Trigger",,,,,,"4096 x 2304 | 503 fps, 1920 x 1080 | 2243 fps, 1280 x 720 | 4898 fps, 640 x 480 | 13498 fps, 4096 x 100 | 11039 fps, 512 x 512 | 15767 fps, 512 x 8 | 225000 fps,",,,,,
Allied Vision,coaxpress12,EoSens9.5CCX12-M58,EoSens CoaXPress-12,Prototype/engineering sample,Area scan,Color,Visible,380 nm to 1000 nm,"4,096 × 2,304 (9.50 MP)",Luxima LUX9506,cmos,global-shutter,"26.62 × 14.98 mm (30.55 mm, 2)",6.50 µm × 6.50 µm,"8-Bit,10-Bit,12-Bit",,503 fps,"1 x LVDS input, 1 x LVDS output, 0 x TTL input, 0 x TTL output, 2 x 24V input, 2 x Open drain output,","0 x Optical isolated input, 0 x Optical isolated input,",Power over CoaXPress,21 W (typical),-10 °C to 60 °C,57 × 80 × 80,M58x0.75,630 g,,,cxp-12 with 4 connections,,"bayer8, bayer10, bayer12",,,,,2 µs to 40.00 ms,0.0 dB to 12.0 dB,,"1 x RS232 input, 1 x RS232 output, 0 x RS422 input, 0 x RS422 output,",F006224,,IP30,(micro-BNC),external,"Digital, Analog",FW Features - Image Control,"External TTL Signal, CXP-Trigger",,,,,,"4096 x 2304 | 503 fps, 1920 x 1080 | 2243 fps, 1280 x 720 | 4898 fps, 640 x 480 | 13498 fps, 4096 x 100 | 11039 fps, 512 x 512 | 15767 fps, 512 x 8 | 225000 fps,",,,,,
Allied Vision,coaxpress12,EoSens9.5MCX12-FF,EoSens CoaXPress-12,Available,Area scan,Mono,Visible,380 nm to 1000 nm,"4,096 × 2,304 (9.50 MP)",Luxima LUX9506,cmos,global-shutter,"26.62 × 14.98 mm (30.55 mm, 2)",6.50 µm × 6.50 µm,"8-Bit,10-Bit,12-Bit","mono8, mono10, mono12",503 fps,"1 x LVDS input, 1 x LVDS output, 0 x TTL input, 0 x TTL output, 2 x 24V input, 2 x Open drain output,","0 x Optical isolated input, 0 x Optical isolated input,",Power over CoaXPress,21 W (typical),-10 °C to 60 °C,49 × 80 × 80,Flat Front,630 g,,,cxp-12 with 4 connections,,,,,,,2 µs to 40.00 ms,0.0 dB to 12.0 dB,,"1 x RS232 input, 1 x RS232 output, 0 x RS422 input, 0 x RS422 output,",F006220,,IP30,(micro-BNC),external,"Digital, Analog",FW Features - Image Control,"External TTL Signal, CXP-Trigger",,,,,,"4096 x 2304 | 503 fps, 1920 x 1080 | 2243 fps, 1280 x 720 | 4898 fps, 640 x 480 | 13498 fps, 4096 x 100 | 11039 fps, 512 x 512 | 15767 fps, 512 x 8 | 225000 fps,",,,,,
Allied Vision,coaxpress12,EoSens9.5MCX12-M58,EoSens CoaXPress-12,Available,Area scan,Mono,Visible,380 nm to 1000 nm,"4,096 × 2,304 (9.50 MP)",Luxima LUX9506,cmos,global-shutter,"26.62 × 14.98 mm (30.55 mm, 2)",6.50 µm × 6.50 µm,"8-Bit,10-Bit,12-Bit","mono8, mono10, mono12",503 fps,"1 x LVDS input, 1 x LVDS output, 0 x TTL input, 0 x TTL output, 2 x 24V input, 2 x Open drain output,","0 x Optical isolated input, 0 x Optical isolated input,",Power over CoaXPress,21 W (typical),-10 °C to 60 °C,57 × 80 × 80,M58x0.75,630 g,,,cxp-12 with 4 connections,,,,,,,2 µs to 40.00 ms,0.0 dB to 12.0 dB,,"1 x RS232 input, 1 x RS232 output, 0 x RS422 input, 0 x RS422 output,",F006223,,IP30,(micro-BNC),external,"Digital, Analog",FW Features - Image Control,"External TTL Signal, CXP-Trigger",,,,,,"4096 x 2304 | 503 fps, 1920 x 1080 | 2243 fps, 1280 x 720 | 4898 fps, 640 x 480 | 13498 fps, 4096 x 100 | 11039 fps, 512 x 512 | 15767 fps, 512 x 8 | 225000 fps,",,,,,
Allied Vision,cube-gige,Cube2CGE-CM4,Cube GigE,Discontinued,Area scan,Color,Visible,400 nm to 1000 nm,"1,280 × 1,024 (1.30 MP)",Micron MV-13,cmos,global-shutter,"15.36 × 12.29 mm (19.67 mm, 1)",12.00 µm × 12.00 µm,8-Bit,,502 fps,"0 x LVDS input, 0 x LVDS output, 1 x TTL input, 1 x TTL output, 0 x 24V input, 0 x Open drain output,","4 x Optical isolated input, 0 x Optical isolated input,",10.5 to 30VDC,External: 15 W (typical),,111 × 69 × 93,C-Mount,1030 g,,,gige,,bayer8,,,,,3 µs to 1 s,0.0 dB to 12.0 dB,,"0 x RS232 input, 0 x RS232 output, 0 x RS422 input, 0 x RS422 output,",F006107,,IP30,(RJ-45),,"Digital, Analog",FW Features - Image Control,"Manual, External analog Voltage, External TTL, Acc",,true,,,,"1280 x 1024 | 502 fps,",,,,,
Allied Vision,cube-gige,Cube6MGE-CM8,Cube GigE,Available,Area scan,Mono,Visible,400 nm to 1000 nm,"1,280 × 1,024 (1.30 MP)",ON Semi LUPA1300-2,cmos,global-shutter,"17.92 × 14.34 mm (22.95 mm, 4/3)",14.00 µm × 14.00 µm,8-Bit,mono8,506 fps,"0 x LVDS input, 0 x LVDS output, 1 x TTL input, 1 x TTL output, 0 x 24V input, 0 x Open drain output,","4 x Optical isolated input, 0 x Optical isolated input,",10.5 to 30VDC,External: 15 W (typical),,91 × 69 × 93,C-Mount,910 g,,,gige,,,,,,,2 µs to 1 s,0.0 dB to 12.0 dB,,"0 x RS232 input, 0 x RS232 output, 0 x RS422 input, 0 x RS422 output,",F006116,,IP30,(RJ-45),,"Digital, Analog",FW Features - Image Control,"Manual, External analog Voltage, External TTL, Acc",,true,,,,"1280 x 1024 | 506 fps, 1280 x 720 | 719 fps, 1280 x 512 | 1009 fps, 640 x 480 | 1870 fps, 512 x 512 | 2033 fps, 320 x 240 | 5673 fps, 128 x 100 | 18612128 fps, 10 x 79536 | fps,",,,,,
Allied Vision,cube-gige,Cube6MGE-CM8HG,Cube GigE,Available,Area scan,Mono,Visible,400 nm to 1000 nm,"1,280 × 1,024 (1.30 MP)",ON Semi LUPA1300-2,cmos,global-shutter,"17.92 × 14.34 mm (22.95 mm, 4/3)",14.00 µm × 14.00 µm,8-Bit,mono8,506 fps,"0 x LVDS input, 0 x LVDS output, 1 x TTL input, 1 x TTL output, 0 x 24V input, 0 x Open drain output,","4 x Optical isolated input, 0 x Optical isolated input,",10.5 to 30VDC,External: 15 W (typical),,91 × 69 × 93,C-Mount,910 g,,,gige,,,,,,,2 µs to 1 s,0.0 dB to 12.0 dB,,"0 x RS232 input, 0 x RS232 output, 0 x RS422 input, 0 x RS422 output,",F006118,,IP30,(RJ-45),,"Digital, Analog",FW Features - Image Control,"Manual, External analog Voltage, External TTL, Acc",,true,,,,"1280 x 1024 | 506 fps, 1280 x 720 | 719 fps, 1280 x 512 | 1009 fps, 640 x 480 | 1870 fps, 512 x 512 | 2033 fps, 320 x 240 | 5673 fps, 128 x 100 | 18612128 fps, 10 x 79536 | fps,",,,,,
Allied Vision,cube-gige,Cube6MGE-FGM8,Cube GigE,Available,Area scan,Mono,Visible,400 nm to 1000 nm,"1,280 × 1,024 (1.30 MP)",ON Semi LUPA1300-2,cmos,global-shutter,"17.92 × 14.34 mm (22.95 mm, 4/3)",14.00 µm × 14.00 µm,8-Bit,mono8,506 fps,"0 x LVDS input, 0 x LVDS output, 1 x TTL input, 1 x TTL output, 0 x 24V input, 0 x Open drain output,","4 x Optical isolated input, 0 x Optical isolated input,",10.5 to 30VDC,External: 15 W (typical),,119 × 69 × 93,FG-Mount,960 g,,,gige,,,,,,,2 µs to 1 s,0.0 dB to 12.0 dB,,"0 x RS232 input, 0 x RS232 output, 0 x RS422 input, 0 x RS422 output,",F006117,,IP30,(RJ-45),,"Digital, Analog",FW Features - Image Control,"Manual, External analog Voltage, External TTL, Acc",,true,,,,"1280 x 1024 | 506 fps, 1280 x 720 | 719 fps, 1280 x 512 | 1009 fps, 640 x 480 | 1870 fps, 512 x 512 | 2033 fps, 320 x 240 | 5673 fps, 128 x 100 | 18612128 fps, 10 x 79536 | fps,",,,,,
Allied Vision,cube-gige,Cube6MGE-FGM8HG,Cube GigE,Available,Area scan,Mono,Visible,400 nm to 1000 nm,"1,280 × 1,024 (1.30 MP)",ON Semi LUPA1300-2,cmos,global-shutter,"17.92 × 14.34 mm (22.95 mm, 4/3)",14.00 µm × 14.00 µm,8-Bit,mono8,506 fps,"0 x LVDS input, 0 x LVDS output, 1 x TTL input, 1 x TTL output, 0 x 24V input, 0 x Open drain output,","4 x Optical isolated input, 0 x Optical isolated input,",10.5 to 30VDC,External: 15 W (typical),,119 × 69 × 93,FG-Mount,960 g,,,gige,,,,,,,2 µs to 1 s,0.0 dB to 12.0 dB,,"0 x RS232 input, 0 x RS232 output, 0 x RS422 input, 0 x RS422 output,",F006119,,IP30,(RJ-45),,"Digital, Analog",FW Features - Image Control,"Manual, External analog Voltage, External TTL, Acc",,true,,,,"1280 x 1024 | 506 fps, 1280 x 720 | 719 fps, 1280 x 512 | 1009 fps, 640 x 480 | 1870 fps, 512 x 512 | 2033 fps, 320 x 240 | 5673 fps, 128 x 100 | 18612128 fps, 10 x 79536 | fps,",,,,,
Allied Vision,mini-gige,mini1MGE-CM2,Mini GigE,Available,Area scan,Mono,Visible,400 nm to 1000 nm,"1,280 × 1,024 (1.30 MP)",ON Semi LUPA1300-2,cmos,global-shutter,"17.92 × 14.34 mm (22.95 mm, 4/3)",14.00 µm × 14.00 µm,8-Bit,mono8,506 fps,"0 x LVDS input, 0 x LVDS output, 0 x TTL input, 0 x TTL output, 0 x 24V input, 0 x Open drain output,","2 x Optical isolated input, 1 x Optical isolated input,",10.5 to 30VDC,External: 7.5 W (typical),,65 × 63 × 63,C-Mount,280 g,,,gige,,,,,,,2 µs to 1 s,0.0 dB to 12.0 dB,,"0 x RS232 input, 0 x RS232 output, 0 x RS422 input, 0 x RS422 output,",F006091,,IP30,(RJ-45),,"Digital, Analog",FW Features - Image Control,"Manual, External analog Voltage, External TTL, Acc",,,,,,"1280 x 1024 | 506 fps, 1280 x 720 | 718 fps, 1280 x 512 | 1008 fps, 640 x 480 | 1869 fps, 512 x 512 | 2032 fps, 320 x 240 | 5672 fps, 128 x 100 | 18610128 fps, 10 x 79535 | fps,",,,,,
Allied Vision,mini-gige,mini1MGE-CM2HG,Mini GigE,Available,Area scan,Mono,Visible,400 nm to 1000 nm,"1,280 × 1,024 (1.30 MP)",ON Semi LUPA1300-2,cmos,global-shutter,"17.92 × 14.34 mm (22.95 mm, 4/3)",14.00 µm × 14.00 µm,8-Bit,mono8,506 fps,"0 x LVDS input, 0 x LVDS output, 0 x TTL input, 0 x TTL output, 0 x 24V input, 0 x Open drain output,","2 x Optical isolated input, 1 x Optical isolated input,",10.5 to 30VDC,External: 7.5 W (typical),,65 × 63 × 63,C-Mount,280 g,,,gige,,,,,,,2 µs to 1 s,0.0 dB to 12.0 dB,,"0 x RS232 input, 0 x RS232 output, 0 x RS422 input, 0 x RS422 output,",F006095,,IP30,(RJ-45),,"Digital, Analog",FW Features - Image Control,"Manual, External analog Voltage, External TTL, Acc",,,,,,"1280 x 1024 | 506 fps, 1280 x 720 | 718 fps, 1280 x 512 | 1008 fps, 640 x 480 | 1869 fps, 512 x 512 | 2032 fps, 320 x 240 | 5672 fps, 128 x 100 | 18610128 fps, 10 x 79535 | fps,",,,,,
Allied Vision,mini-gige,mini1MGE-CM4,Mini GigE,Available,Area scan,Mono,Visible,400 nm to 1000 nm,"1,280 × 1,024 (1.30 MP)",ON Semi LUPA1300-2,cmos,global-shutter,"17.92 × 14.34 mm (22.95 mm, 4/3)",14.00 µm × 14.00 µm,8-Bit,mono8,506 fps,"0 x LVDS input, 0 x LVDS output, 0 x TTL input, 0 x TTL output, 0 x 24V input, 0 x Open drain output,","2 x Optical isolated input, 1 x Optical isolated input,",10.5 to 30VDC,External: 7.5 W (typical),,70 × 63 × 63,C-Mount,280 g,,,gige,,,,,,,2 µs to 1 s,0.0 dB to 12.0 dB,,"0 x RS232 input, 0 x RS232 output, 0 x RS422 input, 0 x RS422 output,",F006092,,IP30,(RJ-45),,"Digital, Analog",FW Features - Image Control,"Manual, External analog Voltage, External TTL, Acc",,,,,,"1280 x 1024 | 506 fps, 1280 x 720 | 718 fps, 1280 x 512 | 1008 fps, 640 x 480 | 1869 fps, 512 x 512 | 2032 fps, 320 x 240 | 5672 fps, 128 x 100 | 18610128 fps, 10 x 79535 | fps,",,,,,
Allied Vision,mini-gige,mini1MGE-CM4HG,Mini GigE,Available,Area scan,Mono,Visible,400 nm to 1000 nm,"1,280 × 1,024 (1.30 MP)",ON Semi LUPA1300-2,cmos,global-shutter,"17.92 × 14.34 mm (22.95 mm, 4/3)",14.00 µm × 14.00 µm,8-Bit,mono8,506 fps,"0 x LVDS input, 0 x LVDS output, 0 x TTL input, 0 x TTL output, 0 x 24V input, 0 x Open drain output,","2 x Optical isolated input, 1 x Optical isolated input,",10.5 to 30VDC,External: 7.5 W (typical),,70 × 63 × 63,C-Mount,280 g,,,gige,,,,,,,2 µs to 1 s,0.0 dB to 12.0 dB,,"0 x RS232 input, 0 x RS232 output, 0 x RS422 input, 0 x RS422 output,",F006096,,IP30,(RJ-45),,"Digital, Analog",FW Features - Image Control,"Manual, External analog Voltage, External TTL, Acc",,,,,,"1280 x 1024 | 506 fps, 1280 x 720 | 718 fps, 1280 x 512 | 1008 fps, 640 x 480 | 1869 fps, 512 x 512 | 2032 fps, 320 x 240 | 5672 fps, 128 x 100 | 18610128 fps, 10 x 79535 | fps,",,,,,
Allied Vision,mini-gige,mini1MGE-FGM2,Mini GigE,Available,Area scan,Mono,Visible,400 nm to 1000 nm,"1,280 × 1,024 (1.30 MP)",ON Semi LUPA1300-2,cmos,global-shutter,"17.92 × 14.34 mm (22.95 mm, 4/3)",14.00 µm × 14.00 µm,8-Bit,mono8,506 fps,"0 x LVDS input, 0 x LVDS output, 0 x TTL input, 0 x TTL output, 0 x 24V input, 0 x Open drain output,","2 x Optical isolated input, 1 x Optical isolated input,",10.5 to 30VDC,External: 7.5 W (typical),,92 × 63 × 63,FG-Mount,330 g,,,gige,,,,,,,2 µs to 1 s,0.0 dB to 12.0 dB,,"0 x RS232 input, 0 x RS232 output, 0 x RS422 input, 0 x RS422 output,",F006093,,IP30,(RJ-45),,"Digital, Analog",FW Features - Image Control,"Manual, External analog Voltage, External TTL, Acc",,,,,,"1280 x 1024 | 506 fps, 1280 x 720 | 718 fps, 1280 x 512 | 1008 fps, 640 x 480 | 1869 fps, 512 x 512 | 2032 fps, 320 x 240 | 5672 fps, 128 x 100 | 18610128 fps, 10 x 79535 | fps,",,,,,
Allied Vision,mini-gige,mini1MGE-FGM2HG,Mini GigE,Available,Area scan,Mono,Visible,400 nm to 1000 nm,"1,280 × 1,024 (1.30 MP)",ON Semi LUPA1300-2,cmos,global-shutter,"17.92 × 14.34 mm (22.95 mm, 4/3)",14.00 µm × 14.00 µm,8-Bit,mono8,506 fps,"0 x LVDS input, 0 x LVDS output, 0 x TTL input, 0 x TTL output, 0 x 24V input, 0 x Open drain output,","2 x Optical isolated input, 1 x Optical isolated input,",10.5 to 30VDC,External: 7.5 W (typical),,92 × 63 × 63,FG-Mount,330 g,,,gige,,,,,,,2 µs to 1 s,0.0 dB to 12.0 dB,,"0 x RS232 input, 0 x RS232 output, 0 x RS422 input, 0 x RS422 output,",F006097,,IP30,(RJ-45),,"Digital, Analog",FW Features - Image Control,"Manual, External analog Voltage, External TTL, Acc",,,,,,"1280 x 1024 | 506 fps, 1280 x 720 | 718 fps, 1280 x 512 | 1008 fps, 640 x 480 | 1869 fps, 512 x 512 | 2032 fps, 320 x 240 | 5672 fps, 128 x 100 | 18610128 fps, 10 x 79535 | fps,",,,,,
Allied Vision,mini-gige,mini1MGE-FGM4,Mini GigE,Available,Area scan,Mono,Visible,400 nm to 1000 nm,"1,280 × 1,024 (1.30 MP)",ON Semi LUPA1300-2,cmos,global-shutter,"17.92 × 14.34 mm (22.95 mm, 4/3)",14.00 µm × 14.00 µm,8-Bit,mono8,506 fps,"0 x LVDS input, 0 x LVDS output, 0 x TTL input, 0 x TTL output, 0 x 24V input, 0 x Open drain output,","2 x Optical isolated input, 1 x Optical isolated input,",10.5 to 30VDC,External: 7.5 W (typical),,99 × 63 × 63,FG-Mount,330 g,,,gige,,,,,,,2 µs to 1 s,0.0 dB to 12.0 dB,,"0 x RS232 input, 0 x RS232 output, 0 x RS422 input, 0 x RS422 output,",F006094,,IP30,(RJ-45),,"Digital, Analog",FW Features - Image Control,"Manual, External analog Voltage, External TTL, Acc",,,,,,"1280 x 1024 | 506 fps, 1280 x 720 | 718 fps, 1280 x 512 | 1008 fps, 640 x 480 | 1869 fps, 512 x 512 | 2032 fps, 320 x 240 | 5672 fps, 128 x 100 | 18610128 fps, 10 x 79535 | fps,",,,,,
Allied Vision,mini-gige,mini1MGE-FGM4HG,Mini GigE,Available,Area scan,Mono,Visible,400 nm to 1000 nm,"1,280 × 1,024 (1.30 MP)",ON Semi LUPA1300-2,cmos,global-shutter,"17.92 × 14.34 mm (22.95 mm, 4/3)",14.00 µm × 14.00 µm,8-Bit,mono8,506 fps,"0 x LVDS input, 0 x LVDS output, 0 x TTL input, 0 x TTL output, 0 x 24V input, 0 x Open drain output,","2 x Optical isolated input, 1 x Optical isolated input,",10.5 to 30VDC,External: 7.5 W (typical),,99 × 63 × 63,FG-Mount,330 g,,,gige,,,,,,,2 µs to 1 s,0.0 dB to 12.0 dB,,"0 x RS232 input, 0 x RS232 output, 0 x RS422 input, 0 x RS422 output,",F006098,,IP30,(RJ-45),,"Digital, Analog",FW Features - Image Control,"Manual, External analog Voltage, External TTL, Acc",,,,,,"1280 x 1024 | 506 fps, 1280 x 720 | 718 fps, 1280 x 512 | 1008 fps, 640 x 480 | 1869 fps, 512 x 512 | 2032 fps, 320 x 240 | 5672 fps, 128 x 100 | 18610128 fps, 10 x 79535 | fps,",,,,,
Allied Vision,mini-gige,mini2MGE-CM2,Mini GigE,Discontinued,Area scan,Mono,Visible,400 nm to 1000 nm,"1,696 × 1,710 (3.00 MP)",ON Semi LUPA3000,cmos,global-shutter,"13.57 × 13.68 mm (19.27 mm, 1)",8.00 µm × 8.00 µm,8-Bit,mono8,525 fps,"0 x LVDS input, 0 x LVDS output, 0 x TTL input, 0 x TTL output, 0 x 24V input, 0 x Open drain output,","2 x Optical isolated input, 1 x Optical isolated input,",10.5 to 30VDC,External: 7.5 W (typical),,65 × 63 × 63,C-Mount,280 g,,,gige,,,,,,,2 µs to 1 s,0.0 dB to 12.0 dB,,"0 x RS232 input, 0 x RS232 output, 0 x RS422 input, 0 x RS422 output,",F006099,,IP30,(RJ-45),,"Digital, Analog",FW Features - Image Control,"Manual, External analog Voltage, External TTL, Acc",,,,,,"1696 x 1710 | 525 fps, 1280 x 1024 | 1155 fps, 1280 x 720 | 1647 fps, 1024 x 1024 | 1410 fps, 640 x 480 | 4467 fps, 512 x 512 | 5016 fps, 320 x 240 | 14776128 fps, 128 x 43541 | fps,",,,,,
Allied Vision,mini-gige,mini2MGE-CM2HG,Mini GigE,Discontinued,Area scan,Mono,Visible,400 nm to 1000 nm,"1,696 × 1,710 (3.00 MP)",ON Semi LUPA3000,cmos,global-shutter,"13.57 × 13.68 mm (19.27 mm, 1)",8.00 µm × 8.00 µm,8-Bit,mono8,525 fps,"0 x LVDS input, 0 x LVDS output, 0 x TTL input, 0 x TTL output, 0 x 24V input, 0 x Open drain output,","2 x Optical isolated input, 1 x Optical isolated input,",10.5 to 30VDC,External: 7.5 W (typical),,65 × 63 × 63,C-Mount,280 g,,,gige,,,,,,,2 µs to 1 s,0.0 dB to 12.0 dB,,"0 x RS232 input, 0 x RS232 output, 0 x RS422 input, 0 x RS422 output,",F006103,,IP30,(RJ-45),,"Digital, Analog",FW Features - Image Control,"Manual, External analog Voltage, External TTL, Acc",,,,,,"1696 x 1710 | 525 fps, 1280 x 1024 | 1155 fps, 1280 x 720 | 1647 fps, 1024 x 1024 | 1410 fps, 640 x 480 | 4467 fps, 512 x 512 | 5016 fps, 320 x 240 | 14776128 fps, 128 x 43541 | fps,",,,,,
Allied Vision,mini-gige,mini2MGE-CM4,Mini GigE,Discontinued,Area scan,Mono,Visible,400 nm to 1000 nm,"1,696 × 1,710 (3.00 MP)",ON Semi LUPA3000,cmos,global-shutter,"13.57 × 13.68 mm (19.27 mm, 1)",8.00 µm × 8.00 µm,8-Bit,mono8,525 fps,"0 x LVDS input, 0 x LVDS output, 0 x TTL input, 0 x TTL output, 0 x 24V input, 0 x Open drain output,","2 x Optical isolated input, 1 x Optical isolated input,",10.5 to 30VDC,External: 7.5 W (typical),,72 × 63 × 63,C-Mount,280 g,,,gige,,,,,,,2 µs to 1 s,0.0 dB to 12.0 dB,,"0 x RS232 input, 0 x RS232 output, 0 x RS422 input, 0 x RS422 output,",F006100,,IP30,(RJ-45),,"Digital, Analog",FW Features - Image Control,"Manual, External analog Voltage, External TTL, Acc",,,,,,"1696 x 1710 | 525 fps, 1280 x 1024 | 1155 fps, 1280 x 720 | 1647 fps, 1024 x 1024 | 1410 fps, 640 x 480 | 4467 fps, 512 x 512 | 5016 fps, 320 x 240 | 14776128 fps, 128 x 43541 | fps,",,,,,
Allied Vision,mini-gige,mini2MGE-CM4HG,Mini GigE,Discontinued,Area scan,Mono,Visible,400 nm to 1000 nm,"1,696 × 1,710 (3.00 MP)",ON Semi LUPA3000,cmos,global-shutter,"13.57 × 13.68 mm (19.27 mm, 1)",8.00 µm × 8.00 µm,8-Bit,mono8,525 fps,"0 x LVDS input, 0 x LVDS output, 0 x TTL input, 0 x TTL output, 0 x 24V input, 0 x Open drain output,","2 x Optical isolated input, 1 x Optical isolated input,",10.5 to 30VDC,External: 7.5 W (typical),,72 × 63 × 63,C-Mount,280 g,,,gige,,,,,,,2 µs to 1 s,0.0 dB to 12.0 dB,,"0 x RS232 input, 0 x RS232 output, 0 x RS422 input, 0 x RS422 output,",F006104,,IP30,(RJ-45),,"Digital, Analog",FW Features - Image Control,"Manual, External analog Voltage, External TTL, Acc",,,,,,"1696 x 1710 | 525 fps, 1280 x 1024 | 1155 fps, 1280 x 720 | 1647 fps, 1024 x 1024 | 1410 fps, 640 x 480 | 4467 fps, 512 x 512 | 5016 fps, 320 x 240 | 14776128 fps, 128 x 43541 | fps,",,,,,
Allied Vision,mini-gige,mini2MGE-FGM2,Mini GigE,Discontinued,Area scan,Mono,Visible,400 nm to 1000 nm,"1,696 × 1,710 (3.00 MP)",ON Semi LUPA3000,cmos,global-shutter,"13.57 × 13.68 mm (19.27 mm, 1)",8.00 µm × 8.00 µm,8-Bit,mono8,525 fps,"0 x LVDS input, 0 x LVDS output, 0 x TTL input, 0 x TTL output, 0 x 24V input, 0 x Open drain output,","2 x Optical isolated input, 1 x Optical isolated input,",10.5 to 30VDC,External: 7.5 W (typical),,94 × 63 × 63,FG-Mount,330 g,,,gige,,,,,,,2 µs to 1 s,0.0 dB to 12.0 dB,,"0 x RS232 input, 0 x RS232 output, 0 x RS422 input, 0 x RS422 output,",F006101,,IP30,(RJ-45),,"Digital, Analog",FW Features - Image Control,"Manual, External analog Voltage, External TTL, Acc",,,,,,"1696 x 1710 | 525 fps, 1280 x 1024 | 1155 fps, 1280 x 720 | 1647 fps, 1024 x 1024 | 1410 fps, 640 x 480 | 4467 fps, 512 x 512 | 5016 fps, 320 x 240 | 14776128 fps, 128 x 43541 | fps,",,,,,
Allied Vision,mini-gige,mini2MGE-FGM2HG,Mini GigE,Discontinued,Area scan,Mono,Visible,400 nm to 1000 nm,"1,696 × 1,710 (3.00 MP)",ON Semi LUPA3000,cmos,global-shutter,"13.57 × 13.68 mm (19.27 mm, 1)",8.00 µm × 8.00 µm,8-Bit,mono8,525 fps,"0 x LVDS input, 0 x LVDS output, 0 x TTL input, 0 x TTL output, 0 x 24V input, 0 x Open drain output,","2 x Optical isolated input, 1 x Optical isolated input,",10.5 to 30VDC,External: 7.5 W (typical),,94 × 63 × 63,FG-Mount,330 g,,,gige,,,,,,,2 µs to 1 s,0.0 dB to 12.0 dB,,"0 x RS232 input, 0 x RS232 output, 0 x RS422 input, 0 x RS422 output,",F006105,,IP30,(RJ-45),,"Digital, Analog",FW Features - Image Control,"Manual, External analog Voltage, External TTL, Acc",,,,,,"1696 x 1710 | 525 fps, 1280 x 1024 | 1155 fps, 1280 x 720 | 1647 fps, 1024 x 1024 | 1410 fps, 640 x 480 | 4467 fps, 512 x 512 | 5016 fps, 320 x 240 | 14776128 fps, 128 x 43541 | fps,",,,,,
Allied Vision,mini-gige,mini2MGE-FGM4,Mini GigE,Discontinued,Area scan,Mono,Visible,400 nm to 1000 nm,"1,696 × 1,710 (3.00 MP)",ON Semi LUPA3000,cmos,global-shutter,"13.57 × 13.68 mm (19.27 mm, 1)",8.00 µm × 8.00 µm,8-Bit,mono8,525 fps,"0 x LVDS input, 0 x LVDS output, 0 x TTL input, 0 x TTL output, 0 x 24V input, 0 x Open drain output,","2 x Optical isolated input, 1 x Optical isolated input,",10.5 to 30VDC,External: 7.5 W (typical),,100 × 63 × 63,FG-Mount,330 g,,,gige,,,,,,,2 µs to 1 s,0.0 dB to 12.0 dB,,"0 x RS232 input, 0 x RS232 output, 0 x RS422 input, 0 x RS422 output,",F006102,,IP30,(RJ-45),,"Digital, Analog",FW Features - Image Control,"Manual, External analog Voltage, External TTL, Acc",,,,,,"1696 x 1710 | 525 fps, 1280 x 1024 | 1155 fps, 1280 x 720 | 1647 fps, 1024 x 1024 | 1410 fps, 640 x 480 | 4467 fps, 512 x 512 | 5016 fps, 320 x 240 | 14776128 fps, 128 x 43541 | fps,",,,,,
Allied Vision,mini-gige,mini2MGE-FGM4HG,Mini GigE,Discontinued,Area scan,Mono,Visible,400 nm to 1000 nm,"1,696 × 1,710 (3.00 MP)",ON Semi LUPA3000,cmos,global-shutter,"13.57 × 13.68 mm (19.27 mm, 1)",8.00 µm × 8.00 µm,8-Bit,mono8,525 fps,"0 x LVDS input, 0 x LVDS output, 0 x TTL input, 0 x TTL output, 0 x 24V input, 0 x Open drain output,","2 x Optical isolated input, 1 x Optical isolated input,",10.5 to 30VDC,External: 7.5 W (typical),,100 × 63 × 63,FG-Mount,330 g,,,gige,,,,,,,2 µs to 1 s,0.0 dB to 12.0 dB,,"0 x RS232 input, 0 x RS232 output, 0 x RS422 input, 0 x RS422 output,",F006106,,IP30,(RJ-45),,"Digital, Analog",FW Features - Image Control,"Manual, External analog Voltage, External TTL, Acc",,,,,,"1696 x 1710 | 525 fps, 1280 x 1024 | 1155 fps, 1280 x 720 | 1647 fps, 1024 x 1024 | 1410 fps, 640 x 480 | 4467 fps, 512 x 512 | 5016 fps, 320 x 240 | 14776128 fps, 128 x 43541 | fps,",,,,,
Allied Vision,quad-gige,QUAD1.1SCGE-CM16,Quad GigE,Available,Area scan,Color,Visible,400 nm to 1000 nm,"1,280 × 864 (1.10 MP)",Luxima LUX13HS,cmos,global-shutter,"17.54 × 11.84 mm (21.16 mm, 4/3)",13.70 µm × 13.70 µm,8-Bit,,2500 fps,"0 x LVDS input, 0 x LVDS output, 2 x TTL input, 4 x TTL output, 0 x 24V input, 0 x Open drain output,","0 x Optical isolated input, 0 x Optical isolated input,",10 to 30VDC,External: 11 W (typical),,120 × 65 × 65,C-Mount,500 g,,,gige,,bayer8,,,,,1 µs to 1 s,0.0 dB to 18.0 dB,,"0 x RS232 input, 0 x RS232 output, 0 x RS422 input, 0 x RS422 output,",F006131,,IP30,(RJ-45),"Timed, Trigger Width, External","Digital, Analog",FW Features - Image Control,"Manual, External analog Voltage, External TTL, Acc",,true,,,,"1280 x 864 | 2500 fps, 1280 x 720 | 3000 fps, 1024 x 768 | 2813 fps, 640 x 480 | 4501 fps, 512 x 512 | 4219 fps, 320 x 240 | 9002 fps, 128 x 128 | 16879 fps,",,,,,
Allied Vision,quad-gige,QUAD1.1SCGE-CM8,Quad GigE,Available,Area scan,Color,Visible,400 nm to 1000 nm,"1,280 × 864 (1.10 MP)",Luxima LUX13HS,cmos,global-shutter,"17.54 × 11.84 mm (21.16 mm, 4/3)",13.70 µm × 13.70 µm,8-Bit,,2500 fps,"0 x LVDS input, 0 x LVDS output, 2 x TTL input, 4 x TTL output, 0 x 24V input, 0 x Open drain output,","0 x Optical isolated input, 0 x Optical isolated input,",10 to 30VDC,External: 11 W (typical),,120 × 65 × 65,C-Mount,500 g,,,gige,,bayer8,,,,,1 µs to 1 s,0.0 dB to 18.0 dB,,"0 x RS232 input, 0 x RS232 output, 0 x RS422 input, 0 x RS422 output,",F006130,,IP30,(RJ-45),"Timed, Trigger Width, External","Digital, Analog",FW Features - Image Control,"Manual, External analog Voltage, External TTL, Acc",,true,,,,"1280 x 864 | 2500 fps, 1280 x 720 | 3000 fps, 1024 x 768 | 2813 fps, 640 x 480 | 4501 fps, 512 x 512 | 4219 fps, 320 x 240 | 9002 fps, 128 x 128 | 16879 fps,",,,,,
Allied Vision,quad-gige,QUAD1.1SCGE-FGM16,Quad GigE,Available,Area scan,Color,Visible,400 nm to 1000 nm,"1,280 × 864 (1.10 MP)",Luxima LUX13HS,cmos,global-shutter,"17.54 × 11.84 mm (21.16 mm, 4/3)",13.70 µm × 13.70 µm,8-Bit,,2500 fps,"0 x LVDS input, 0 x LVDS output, 2 x TTL input, 4 x TTL output, 0 x 24V input, 0 x Open drain output,","0 x Optical isolated input, 0 x Optical isolated input,",10 to 30VDC,External: 11 W (typical),,120 × 65 × 65,FG-Mount,550 g,,,gige,,bayer8,,,,,1 µs to 1 s,0.0 dB to 18.0 dB,,"0 x RS232 input, 0 x RS232 output, 0 x RS422 input, 0 x RS422 output,",F006135,,IP30,(RJ-45),"Timed, Trigger Width, External","Digital, Analog",FW Features - Image Control,"Manual, External analog Voltage, External TTL, Acc",,true,,,,"1280 x 864 | 2500 fps, 1280 x 720 | 3000 fps, 1024 x 768 | 2813 fps, 640 x 480 | 4501 fps, 512 x 512 | 4219 fps, 320 x 240 | 9002 fps, 128 x 128 | 16879 fps,",,,,,
Allied Vision,quad-gige,QUAD1.1SCGE-FGM8,Quad GigE,Available,Area scan,Color,Visible,400 nm to 1000 nm,"1,280 × 864 (1.10 MP)",Luxima LUX13HS,cmos,global-shutter,"17.54 × 11.84 mm (21.16 mm, 4/3)",13.70 µm × 13.70 µm,8-Bit,,2500 fps,"0 x LVDS input, 0 x LVDS output, 2 x TTL input, 4 x TTL output, 0 x 24V input, 0 x Open drain output,","0 x Optical isolated input, 0 x Optical isolated input,",10 to 30VDC,External: 11 W (typical),,120 × 65 × 65,FG-Mount,550 g,,,gige,,bayer8,,,,,1 µs to 1 s,0.0 dB to 18.0 dB,,"0 x RS232 input, 0 x RS232 output, 0 x RS422 input, 0 x RS422 output,",F006134,,IP30,(RJ-45),"Timed, Trigger Width, External","Digital, Analog",FW Features - Image Control,"Manual, External analog Voltage, External TTL, Acc",,true,,,,"1280 x 864 | 2500 fps, 1280 x 720 | 3000 fps, 1024 x 768 | 2813 fps, 640 x 480 | 4501 fps, 512 x 512 | 4219 fps, 320 x 240 | 9002 fps, 128 x 128 | 16879 fps,",,,,,
Allied Vision,quad-gige,QUAD1.1SMGE-CM16,Quad GigE,Available,Area scan,Mono,Visible,400 nm to 1000 nm,"1,280 × 864 (1.10 MP)",Luxima LUX13HS,cmos,global-shutter,"17.54 × 11.84 mm (21.16 mm, 4/3)",13.70 µm × 13.70 µm,8-Bit,mono8,2500 fps,"0 x LVDS input, 0 x LVDS output, 2 x TTL input, 4 x TTL output, 0 x 24V input, 0 x Open drain output,","0 x Optical isolated input, 0 x Optical isolated input,",10 to 30VDC,External: 11 W (typical),,120 × 65 × 65,C-Mount,500 g,,,gige,,,,,,,1 µs to 1 s,0.0 dB to 18.0 dB,,"0 x RS232 input, 0 x RS232 output, 0 x RS422 input, 0 x RS422 output,",F006129,,IP30,(RJ-45),"Timed, Trigger Width, External","Digital, Analog",FW Features - Image Control,"Manual, External analog Voltage, External TTL, Acc",,true,,,,"1280 x 864 | 2500 fps, 1280 x 720 | 3000 fps, 1024 x 768 | 2813 fps, 640 x 480 | 4501 fps, 512 x 512 | 4219 fps, 320 x 240 | 9002 fps, 128 x 128 | 16879 fps,",,,,,
Allied Vision,quad-gige,QUAD1.1SMGE-CM8,Quad GigE,Available,Area scan,Mono,Visible,400 nm to 1000 nm,"1,280 × 864 (1.10 MP)",Luxima LUX13HS,cmos,global-shutter,"17.54 × 11.84 mm (21.16 mm, 4/3)",13.70 µm × 13.70 µm,8-Bit,mono8,2500 fps,"0 x LVDS input, 0 x LVDS output, 2 x TTL input, 4 x TTL output, 0 x 24V input, 0 x Open drain output,","0 x Optical isolated input, 0 x Optical isolated input,",10 to 30VDC,External: 11 W (typical),,120 × 65 × 65,C-Mount,500 g,,,gige,,,,,,,1 µs to 1 s,0.0 dB to 18.0 dB,,"0 x RS232 input, 0 x RS232 output, 0 x RS422 input, 0 x RS422 output,",F006128,,IP30,(RJ-45),"Timed, Trigger Width, External","Digital, Analog",FW Features - Image Control,"Manual, External analog Voltage, External TTL, Acc",,true,,,,"1280 x 864 | 2500 fps, 1280 x 720 | 3000 fps, 1024 x 768 | 2813 fps, 640 x 480 | 4501 fps, 512 x 512 | 4219 fps, 320 x 240 | 9002 fps, 128 x 128 | 16879 fps,",,,,,
Allied Vision,quad-gige,QUAD1.1SMGE-FGM16,Quad GigE,Available,Area scan,Mono,Visible,400 nm to 1000 nm,"1,280 × 864 (1.10 MP)",Luxima LUX13HS,cmos,global-shutter,"17.54 × 11.84 mm (21.16 mm, 4/3)",13.70 µm × 13.70 µm,8-Bit,mono8,2500 fps,"0 x LVDS input, 0 x LVDS output, 2 x TTL input, 4 x TTL output, 0 x 24V input, 0 x Open drain output,","0 x Optical isolated input, 0 x Optical isolated input,",10 to 30VDC,External: 11 W (typical),,120 × 65 × 65,FG-Mount,550 g,,,gige,,,,,,,1 µs to 1 s,0.0 dB to 18.0 dB,,"0 x RS232 input, 0 x RS232 output, 0 x RS422 input, 0 x RS422 output,",F006133,,IP30,(RJ-45),"Timed, Trigger Width, External","Digital, Analog",FW Features - Image Control,"Manual, External analog Voltage, External TTL, Acc",,true,,,,"1280 x 864 | 2500 fps, 1280 x 720 | 3000 fps, 1024 x 768 | 2813 fps, 640 x 480 | 4501 fps, 512 x 512 | 4219 fps, 320 x 240 | 9002 fps, 128 x 128 | 16879 fps,",,,,,
Allied Vision,quad-gige,QUAD1.1SMGE-FGM8,Quad GigE,Available,Area scan,Mono,Visible,400 nm to 1000 nm,"1,280 × 864 (1.10 MP)",Luxima LUX13HS,cmos,global-shutter,"17.54 × 11.84 mm (21.16 mm, 4/3)",13.70 µm × 13.70 µm,8-Bit,mono8,2500 fps,"0 x LVDS input, 0 x LVDS output, 2 x TTL input, 4 x TTL output, 0 x 24V input, 0 x Open drain output,","0 x Optical isolated input, 0 x Optical isolated input,",10 to 30VDC,External: 11 W (typical),,120 × 65 × 65,FG-Mount,550 g,,,gige,,,,,,,1 µs to 1 s,0.0 dB to 18.0 dB,,"0 x RS232 input, 0 x RS232 output, 0 x RS422 input, 0 x RS422 output,",F006132,,IP30,(RJ-45),"Timed, Trigger Width, External","Digital, Analog",FW Features - Image Control,"Manual, External analog Voltage, External TTL, Acc",,true,,,,"1280 x 864 | 2500 fps, 1280 x 720 | 3000 fps, 1024 x 768 | 2813 fps, 640 x 480 | 4501 fps, 512 x 512 | 4219 fps, 320 x 240 | 9002 fps, 128 x 128 | 16879 fps,",,,,,
Allied Vision,smr-10-gige,SMR2.0SCXGE-CM32,SMR 10GigE,Prototype/engineering sample,Area scan,Color,Visible,400 nm to 1000 nm,"1,920 × 1,080 (2.00 MP)",Luxima Lux19HS,cmos,global-shutter,"19.2 × 10.8 mm (22.03 mm, 4/3)",10.00 µm × 10.00 µm,"8-Bit,10-Bit",,2517 fps,"0 x LVDS input, 0 x LVDS output, 4 x TTL input, 1 x TTL output, 0 x 24V input, 0 x Open drain output,","0 x Optical isolated input, 0 x Optical isolated input,","10 to 30VDC, Power over Ethernet (POE+)",External: 30 W (typical),,98 × 95 × 95,C-Mount,1190 g,,32000 MByte,10gige,,"bayer8, bayer10",,,,,2 µs to 1 s,0.0 dB to 18.0 dB,,"0 x RS232 input, 0 x RS232 output, 0 x RS422 input, 0 x RS422 output,",F006238,,IP30,(RJ-45),external,"Digital, Analog",FW Features - Image Control,"External TTL, Software, In-frame (ImageBLITZ)",,true,,,,"1920 x 1080 | 2517 fps, 1024 x 768 | 3531 fps, 512 x 512 | 5275 fps,",,,,,
Allied Vision,smr-10-gige,SMR2.0SCXGE-FGM32,SMR 10GigE,Prototype/engineering sample,Area scan,Color,Visible,400 nm to 1000 nm,"1,920 × 1,080 (2.00 MP)",Luxima Lux19HS,cmos,global-shutter,"19.2 × 10.8 mm (22.03 mm, 4/3)",10.00 µm × 10.00 µm,"8-Bit,10-Bit",,2517 fps,"0 x LVDS input, 0 x LVDS output, 4 x TTL input, 1 x TTL output, 0 x 24V input, 0 x Open drain output,","0 x Optical isolated input, 0 x Optical isolated input,","10 to 30VDC, Power over Ethernet (POE+)",External: 30 W (typical),,98 × 95 × 95,FG-Mount,1190 g,,32000 MByte,10gige,,"bayer8, bayer10",,,,,2 µs to 1 s,0.0 dB to 18.0 dB,,"0 x RS232 input, 0 x RS232 output, 0 x RS422 input, 0 x RS422 output,",F006240,,IP30,(RJ-45),external,"Digital, Analog",FW Features - Image Control,"External TTL, Software, In-frame (ImageBLITZ)",,true,,,,"1920 x 1080 | 2517 fps, 1024 x 768 | 3531 fps, 512 x 512 | 5275 fps,",,,,,
Allied Vision,smr-10-gige,SMR2.0SMXGE-CM32,SMR 10GigE,Prototype/engineering sample,Area scan,Mono,Visible,400 nm to 1000 nm,"1,920 × 1,080 (2.00 MP)",Luxima Lux19HS,cmos,global-shutter,"19.2 × 10.8 mm (22.03 mm, 4/3)",10.00 µm × 10.00 µm,"8-Bit,10-Bit","mono8, mono10",2517 fps,"0 x LVDS input, 0 x LVDS output, 4 x TTL input, 1 x TTL output, 0 x 24V input, 0 x Open drain output,","0 x Optical isolated input, 0 x Optical isolated input,","10 to 30VDC, Power over Ethernet (POE+)",External: 30 W (typical),,98 × 95 × 95,C-Mount,1190 g,,32000 MByte,10gige,,,,,,,2 µs to 1 s,0.0 dB to 18.0 dB,,"0 x RS232 input, 0 x RS232 output, 0 x RS422 input, 0 x RS422 output,",F006227,,IP30,(RJ-45),external,"Digital, Analog",FW Features - Image Control,"External TTL, Software, In-frame (ImageBLITZ)",,,,,,"1920 x 1080 | 2517 fps, 1024 x 768 | 3531 fps, 512 x 512 | 5275 fps,",,,,,
Allied Vision,smr-10-gige,SMR2.0SMXGE-FGM32,SMR 10GigE,Prototype/engineering sample,Area scan,Mono,Visible,400 nm to 1000 nm,"1,920 × 1,080 (2.00 MP)",Luxima Lux19HS,cmos,global-shutter,"19.2 × 10.8 mm (22.03 mm, 4/3)",10.00 µm × 10.00 µm,"8-Bit,10-Bit","mono8, mono10",2517 fps,"0 x LVDS input, 0 x LVDS output, 4 x TTL input, 1 x TTL output, 0 x 24V input, 0 x Open drain output,","0 x Optical isolated input, 0 x Optical isolated input,","10 to 30VDC, Power over Ethernet (POE+)",External: 30 W (typical),,98 × 95 × 95,FG-Mount,1190 g,,32000 MByte,10gige,,,,,,,2 µs to 1 s,0.0 dB to 18.0 dB,,"0 x RS232 input, 0 x RS232 output, 0 x RS422 input, 0 x RS422 output,",F006239,,IP30,(RJ-45),external,"Digital, Analog",FW Features - Image Control,"External TTL, Software, In-frame (ImageBLITZ)",,,,,,"1920 x 1080 | 2517 fps, 1024 x 768 | 3531 fps, 512 x 512 | 5275 fps,",,,,,
Allied Vision,camera-selector-area-scan,Alecs G1-1242 NA8,Alecs,Available,Area scan,Mono or Color,Visible,300 nm to 1100 nm,"4,128 × 3,008 (12.40 MP)",Sony IMX545,CMOS,Global Shutter,14 mm ø (Type 1/1.1),2.74 µm × 2.74 µm,12-bit,"Mono8, Mono10, Mono10p, Mono12, Mono12p, RAW8, RAW10, RAW12, GREY, Y10, Y12",40 fps,"2 inputs, 2 outputs, 1 trigger input, 1 strobe output",,24 VDC,SoM: Max. 10 W to 25 W | Carrier board: Max. 2.0 W | Camera: Max. 3.2 W || Idle state: 8.5 W,-20 °C to 65 °C (housing),102 × 72 × 112,"C-Mount, CS-Mount",810 g,256 KByte,1024 KByte,IEEE 802.3 1000BASE-T,"YCbCr411_8_CbYYCrYY, YCbCr422_8_CbYCrY, YCbCr8_CbYCr, YUV422 8-bit, UYVY","RGB8 (default), BGR8, RGB888 (default), RGB3","BayerRG8, BayerRG10, BayerRG10p, BayerRG12, BayerRG12p",68 %,,,,,,,,,,,,,,,,,,,,,,,,,
Allied Vision,camera-selector-area-scan,Alecs G1-1242 NX16,Alecs,Available,Area scan,Mono or Color,Visible,300 nm to 1100 nm,"4,128 × 3,008 (12.40 MP)",Sony IMX545,CMOS,Global Shutter,14 mm ø (Type 1/1.1),2.74 µm × 2.74 µm,12-bit,"Mono8, Mono10, Mono10p, Mono12, Mono12p, RAW8, RAW10, RAW12, GREY, Y10, Y12",40 fps,"2 inputs, 2 outputs, 1 trigger input, 1 strobe output",,24 VDC,SoM: Max. 10 W to 25 W | Carrier board: Max. 2.0 W | Camera: Max. 3.2 W || Idle state: 8.5 W,-20 °C to 65 °C (housing),102 × 72 × 112,"C-Mount, CS-Mount",810 g,256 KByte,1024 KByte,IEEE 802.3 1000BASE-T,"YCbCr411_8_CbYYCrYY, YCbCr422_8_CbYCrY, YCbCr8_CbYCr, YUV422 8-bit, UYVY","RGB8 (default), BGR8, RGB888 (default), RGB3","BayerRG8, BayerRG10, BayerRG10p, BayerRG12, BayerRG12p",68 %,,,,,,,,,,,,,,,,,,,,,,,,,
Allied Vision,camera-selector-area-scan,Alecs G1-510 NA8,Alecs,Available,Area scan,Mono or Color,Visible,300 nm to 1100 nm,"2,464 × 2,064 (5.10 MP)",Sony IMX548,CMOS,Global Shutter,9 mm ø (Type 1/1.8),2.74 µm × 2.74 µm,12-bit,"Mono8, Mono10, Mono10p, Mono12, Mono12p, RAW8, RAW10, RAW12, GREY, Y10, Y12",81 fps,,"2 inputs, 2 outputs, 1 trigger input, 1 strobe output",24 VDC,SoM: Max. 10 W to 25 W | Carrier board: Max. 2.0 W | Camera: Max. 2.8 W || Idle state: 8.5 W,-20 °C to 65 °C (housing),102 × 72 × 112,"C-Mount, CS-Mount, S-Mount",810 g,256 KByte,1024 KByte,IEEE 802.3 1000BASE-T,"YCbCr411_8_CbYYCrYY, YCbCr422_8_CbYCrY, YCbCr8_CbYCr, YUV422 8-bit, UYVY","RGB8 (default), BGR8, RGB888 (default), RGB3","BayerRG8, BayerRG10, BayerRG10p, BayerRG12, BayerRG12p",68 %,,,,,,,,,,,,,,,,,,,,,,,,,
Allied Vision,camera-selector-area-scan,Alecs G1-510 NX16,Alecs,Available,Area scan,Mono or Color,Visible,300 nm to 1100 nm,"2,464 × 2,064 (5.10 MP)",Sony IMX548,CMOS,Global Shutter,9 mm ø (Type 1/1.8),2.74 µm × 2.74 µm,12-bit,"Mono8, Mono10, Mono10p, Mono12, Mono12p, RAW8, RAW10, RAW12, GREY, Y10, Y12",81 fps,,"2 inputs, 2 outputs, 1 trigger input, 1 strobe output",24 VDC,SoM: Max. 10 W to 25 W | Carrier board: Max. 2.0 W | Camera: Max. 2.8 W || Idle state: 8.5 W,-20 °C to 65 °C (housing),102 × 72 × 112,"C-Mount, CS-Mount, S-Mount",810 g,256 KByte,1024 KByte,IEEE 802.3 1000BASE-T,"YCbCr411_8_CbYYCrYY, YCbCr422_8_CbYCrY, YCbCr8_CbYCr, YUV422 8-bit, UYVY","RGB8 (default), BGR8, RGB888 (default), RGB3","BayerRG8, BayerRG10, BayerRG10p, BayerRG12, BayerRG12p",68 %,,,,,,,,,,,,,,,,,,,,,,,,,
Allied Vision,camera-selector-area-scan,Alvium 1500 C-050,Alvium 1500 C,Available,Area scan,Mono or Color,Visible,300 nm to 1100 nm,800 × 600 (0.50 MP),ON Semi PYTHON 480,,Global Shutter,4.9 mm ø (Type 1/3.6),4.80 µm × 4.80 µm,,"GREY, RAW10, RAW12, RAW8, Y10, Y12",117 fps,2 programmable GPIOs,,5 VDC over MIPI CSI-2,Typical: 1.3 W,-20 °C to 65 °C (housing),26 × 29 × 29,"C-Mount, CS-Mount, S-Mount",40 g,256 KByte,1024 KByte,"MIPI CSI-2, up to 4 lanes","UYVY, YUV422 8-bit","RGB3, RGB888 (default)",,53 %,,,64 µs to 10 s,0.0 dB to 11.3 dB,,,,,,,,,,,,,,,,,,,,,
Allied Vision,camera-selector-area-scan,Alvium 1500 C-120,Alvium 1500 C,Available,Area scan,Mono or Color,Visible,300 nm to 1100 nm,"1,280 × 960 (1.20 MP)",ON Semi AR0135CS,,Global Shutter,6.09 mm ø (Type 1/3),3.75 µm × 3.75 µm,,"GREY, RAW10, RAW12, RAW8, Y10, Y12",52 fps,2 programmable GPIOs,,5 VDC over MIPI CSI-2,Typical: 1.1 W,-20 °C to 65 °C (housing),26 × 29 × 29,"C-Mount, CS-Mount, S-Mount",40 g,256 KByte,1024 KByte,"MIPI CSI-2, up to 4 lanes","UYVY, YUV422 8-bit","RGB3, RGB888 (default)",,69 %,,,57 µs to 8 s,0.0 dB to 17.7 dB,,,,,,,,,,,,,,,,,,,,,
Allied Vision,camera-selector-area-scan,Alvium 1500 C-210,Alvium 1500 C,Available,Area scan,Mono or Color,Visible,300 nm to 1100 nm,"1,928 × 1,088 (2.10 MP)",ON Semi AR0521SR (HD mode),,Rolling Shutter,4.9 mm ø (Type 1/3.6),2.20 µm × 2.20 µm,,"GREY, RAW10, RAW12, RAW8, Y10, Y12",119 fps,2 programmable GPIOs,,5 VDC over MIPI CSI-2,Typical: 1.9 W,-20 °C to 65 °C (housing),26 × 29 × 29,"C-Mount, CS-Mount, S-Mount",40 g,256 KByte,1024 KByte,"MIPI CSI-2, up to 4 lanes","UYVY, YUV422 8-bit","RGB3, RGB888 (default)",,79 %,,,8 µs to 10 s,0.0 dB to 24.1 dB,,,,,,,,,,,,,,,,,,,,,
Allied Vision,camera-selector-area-scan,Alvium 1500 C-500,Alvium 1500 C,Available,Area scan,Mono or Color,Visible,300 nm to 1100 nm,"2,592 × 1,944 (5.00 MP)",ON Semi AR0521SR,,Rolling Shutter,7.13 mm ø (Type 1/2.5),2.20 µm × 2.20 µm,,"GREY, RAW10, RAW12, RAW8, Y10, Y12",68 fps,2 programmable GPIOs,,5 VDC over MIPI CSI-2,Typical: 1.9 W,-20 °C to 65 °C (housing),26 × 29 × 29,"C-Mount, CS-Mount, S-Mount",40 g,256 KByte,1024 KByte,"MIPI CSI-2, up to 4 lanes","UYVY, YUV422 8-bit","RGB3, RGB888 (default)",,79 %,,,8 µs to 480.00 ms,0.0 dB to 24.1 dB,,,,,,,,,,,,,,,,,,,,,
Allied Vision,camera-selector-area-scan,Alvium 1500 C-501 NIR,Alvium 1500 C,Available,Area scan,Mono or Color,Visible-NIR,300 nm to 1100 nm,"2,592 × 1,944 (5.00 MP)",ON Semi AR0522,,Rolling Shutter,7.13 mm ø (Type 1/2.5),2.20 µm × 2.20 µm,,"GREY, RAW10, RAW12, RAW8, Y10, Y12",68 fps,2 programmable GPIOs,,5 VDC over MIPI CSI-2,Typical: 1.9 W,-20 °C to 65 °C (housing),26 × 29 × 29,"C-Mount, CS-Mount, S-Mount",40 g,256 KByte,1024 KByte,"MIPI CSI-2, up to 4 lanes","UYVY, YUV422 8-bit","RGB3, RGB888 (default)",,84 %,,,8 µs to 480.00 ms,0.0 dB to 24.1 dB,,,,,,,,,,,,,,,,,,,,,
Allied Vision,camera-selector-area-scan,exo183CGETR,EXO Tracer,Available,Area scan,Color,Visible,400 nm to 1000 nm,"5,496 × 3,672 (20.20 MP)",Sony IMX183,cmos,rolling-shutter,"13.19 × 8.81 mm (15.86 mm, 15.86mm (Type 1))",2.40 µm × 2.40 µm,"8-Bit,12-Bit,12-Bit",,6 fps,"0 x LVDS input, 0 x LVDS output, 0 x TTL input, 0 x TTL output, 2 x 24V input, 4 x Open drain output,","1 x Optical isolated input, 0 x Optical isolated input,","10 to 25VDC, Power over Ethernet",External: 7 W (typical),-10 °C to 60 °C,45 × 58 × 58,MFT,320 g,192 MByte,32 MByte,gige,,"bayer8, bayer12packed",,,,,30 µs to 60 s,0.0 dB to 27.0 dB,,"1 x RS232 input, 1 x RS232 output, 0 x RS422 input, 0 x RS422 output,",F002209,IR-Cut - 680nm,IP40,(RJ-45),"Manual, Auto","Auto, Manual",FW Features - Image Control,"INTERNAL,SOFTWARE,EXTERNAL","BurstMode, User Sets, POE, PWM(4), Sequencer,","auto, manual",71.5 dB,40 dB,16 fps,,,,,,
Allied Vision,camera-selector-area-scan,exo183MGETR,EXO Tracer,Available,Area scan,Mono,Visible,400 nm to 1000 nm,"5,496 × 3,672 (20.20 MP)",Sony IMX183,cmos,rolling-shutter,"13.19 × 8.81 mm (15.86 mm, 15.86mm (Type 1))",2.40 µm × 2.40 µm,"8-Bit,12-Bit,12-Bit","mono8, mono12packed",6 fps,"0 x LVDS input, 0 x LVDS output, 0 x TTL input, 0 x TTL output, 2 x 24V input, 4 x Open drain output,","1 x Optical isolated input, 0 x Optical isolated input,","10 to 25VDC, Power over Ethernet",External: 7 W (typical),-10 °C to 60 °C,45 × 58 × 58,MFT,320 g,192 MByte,32 MByte,gige,,,,,,,30 µs to 60 s,0.0 dB to 27.0 dB,,"1 x RS232 input, 1 x RS232 output, 0 x RS422 input, 0 x RS422 output,",F002208,K9 - AR coating - 400-850nm,IP40,(RJ-45),"Manual, Auto","Auto, Manual",FW Features - Image Control,"INTERNAL,SOFTWARE,EXTERNAL","BurstMode, User Sets, POE, PWM(4), Sequencer,",,71.5 dB,40 dB,16 fps,,,,,,
Allied Vision,camera-selector-area-scan,exo250ZGE,EXO Polarized,Available,Area scan,Mono polarized,Visible,400 nm to 1000 nm,"2,448 × 2,048 (5.00 MP)",Sony IMX250 Polarizer,cmos,global-shutter,"8.45 × 7.07 mm (11.01 mm, 11.1mm (Type 2/3))",3.45 µm × 3.45 µm,"8-Bit,12-Bit,12-Bit","mono8, mono12packed",24.5 fps,"0 x LVDS input, 0 x LVDS output, 0 x TTL input, 0 x TTL output, 2 x 24V input, 4 x Open drain output,","1 x Optical isolated input, 0 x Optical isolated input,","10 to 25VDC, Power over Ethernet",External: 4.5 W (typical),-10 °C to 60 °C,43 × 50 × 50,C-Mount,140 g,192 MByte,32 MByte,gige,,,,,,,20 µs to 60 s,0.0 dB to 48.0 dB,,"1 x RS232 input, 1 x RS232 output, 0 x RS422 input, 0 x RS422 output,",F002196,K9 - AR coating - 400-850nm,IP40,(RJ-45),"Manual, Auto, External","Auto, Manual",FW Features - Image Control,"INTERNAL,SOFTWARE,EXTERNAL","PTP, BurstMode, User Sets, POE, PWM(4), Sequencer,",,72 dB,40 dB,42.7 fps,,,,,,
Allied Vision,camera-selector-area-scan,exo250ZU3,EXO Polarized,Available,Area scan,Mono polarized,Visible,400 nm to 1000 nm,"2,448 × 2,048 (5.00 MP)",Sony IMX250 Polarizer,cmos,global-shutter,"8.45 × 7.07 mm (11.01 mm, 11.1mm (Type 2/3))",3.45 µm × 3.45 µm,"8-Bit,12-Bit,12-Bit","mono8, mono12packed",75 fps,"0 x LVDS input, 0 x LVDS output, 0 x TTL input, 0 x TTL output, 2 x 24V input, 4 x Open drain output,","1 x Optical isolated input, 0 x Optical isolated input,",10 to 25VDC,External: 4.5 W (typical),-10 °C to 60 °C,43 × 50 × 50,C-Mount,138 g,192 MByte,32 MByte,usb3.0,,,,,,,21 µs to 60 s,0.0 dB to 48.0 dB,,"1 x RS232 input, 1 x RS232 output, 0 x RS422 input, 0 x RS422 output,",F001926,K9 - AR coating - 400-850nm,IP40,(Micro-B),"Manual, Auto, External","Auto, Manual",FW Features - Image Control,"INTERNAL,SOFTWARE,EXTERNAL","User Sets, PWM(4), Sequencer,",,72 dB,40 dB,,,,,,,
Allied Vision,camera-selector-area-scan,exo253ZGE,EXO Polarized,Available,Area scan,Mono polarized,Visible,400 nm to 1000 nm,"4,096 × 3,000 (12.30 MP)",Sony IMX253 Polarizer,cmos,global-shutter,"14.13 × 10.35 mm (17.52 mm, 17.6 mm (Type 1.1))",3.45 µm × 3.45 µm,"8-Bit,12-Bit,12-Bit","mono8, mono12packed",10 fps,"0 x LVDS input, 0 x LVDS output, 0 x TTL input, 0 x TTL output, 2 x 24V input, 4 x Open drain output,","1 x Optical isolated input, 0 x Optical isolated input,","10 to 25VDC, Power over Ethernet",External: 4.5 W (typical),-10 °C to 60 °C,43 × 50 × 50,C-Mount,140 g,192 MByte,32 MByte,gige,,,,,,,28 µs to 60 s,0.0 dB to 48.0 dB,,"1 x RS232 input, 1 x RS232 output, 0 x RS422 input, 0 x RS422 output,",F002203,K9 - AR coating - 400-850nm,IP40,(RJ-45),"Manual, Auto, External","Auto, Manual",FW Features - Image Control,"INTERNAL,SOFTWARE,EXTERNAL","PTP, BurstMode, User Sets, POE, PWM(4), Sequencer,",,,,23.5 fps,,,,,,
Allied Vision,camera-selector-area-scan,exo253ZU3,EXO Polarized,Available,Area scan,Mono polarized,Visible,400 nm to 1000 nm,"4,096 × 3,000 (12.30 MP)",Sony IMX253 Polarizer,cmos,global-shutter,"14.13 × 10.35 mm (17.52 mm, 17.6 mm (Type 1.1))",3.45 µm × 3.45 µm,"8-Bit,12-Bit,12-Bit","mono8, mono12packed",30 fps,"0 x LVDS input, 0 x LVDS output, 0 x TTL input, 0 x TTL output, 2 x 24V input, 4 x Open drain output,","1 x Optical isolated input, 0 x Optical isolated input,",10 to 25VDC,External: 4.5 W (typical),-10 °C to 60 °C,43 × 50 × 50,C-Mount,138 g,192 MByte,32 MByte,usb3.0,,,,,,,28 µs to 60 s,0.0 dB to 48.0 dB,,"1 x RS232 input, 1 x RS232 output, 0 x RS422 input, 0 x RS422 output,",F001983,K9 - AR coating - 400-850nm,IP40,(Micro-B),"Manual, Auto, External","Auto, Manual",FW Features - Image Control,"INTERNAL,SOFTWARE,EXTERNAL","User Sets, PWM(4), Sequencer,",,,,,,,,,,
Allied Vision,camera-selector-area-scan,exo264ZGE,EXO Polarized,Available,Area scan,Mono polarized,Visible,400 nm to 1000 nm,"2,448 × 2,048 (5.00 MP)",Sony IMX264 Polarizer,cmos,global-shutter,"8.45 × 7.07 mm (11.01 mm, 11.1mm (Type 2/3))",3.45 µm × 3.45 µm,"8-Bit,12-Bit,12-Bit","mono8, mono12packed",24.5 fps,"0 x LVDS input, 0 x LVDS output, 0 x TTL input, 0 x TTL output, 2 x 24V input, 4 x Open drain output,","1 x Optical isolated input, 0 x Optical isolated input,","10 to 25VDC, Power over Ethernet",External: 4.5 W (typical),-10 °C to 60 °C,43 × 50 × 50,C-Mount,140 g,192 MByte,32 MByte,gige,,,,,,,27 µs to 60 s,0.0 dB to 48.0 dB,,"1 x RS232 input, 1 x RS232 output, 0 x RS422 input, 0 x RS422 output,",F002140,,IP40,(RJ-45),"Manual, Auto, External","Auto, Manual",FW Features - Image Control,"INTERNAL,SOFTWARE,EXTERNAL","PTP, User Sets, POE, PWM(4), Sequencer,",,,,,,,,,,
Allied Vision,camera-selector-area-scan,exo264ZU3,EXO Polarized,Available,Area scan,Mono polarized,Visible,400 nm to 1000 nm,"2,448 × 2,048 (5.00 MP)",Sony IMX264 Polarizer,cmos,global-shutter,"8.45 × 7.07 mm (11.01 mm, 11.1mm (Type 2/3))",3.45 µm × 3.45 µm,"8-Bit,12-Bit,12-Bit","mono8, mono12packed",35 fps,"0 x LVDS input, 0 x LVDS output, 0 x TTL input, 0 x TTL output, 2 x 24V input, 4 x Open drain output,","1 x Optical isolated input, 0 x Optical isolated input,",10 to 25VDC,External: 4.5 W (typical),-10 °C to 60 °C,43 × 50 × 50,C-Mount,138 g,192 MByte,32 MByte,usb3.0,,,,,,,21 µs to 60 s,0.0 dB to 48.0 dB,,"1 x RS232 input, 1 x RS232 output, 0 x RS422 input, 0 x RS422 output,",F002135,,IP40,(Micro-B),"Manual, Auto, External","Auto, Manual",FW Features - Image Control,"INTERNAL,SOFTWARE,EXTERNAL","User Sets, PWM(4), Sequencer,",,,,,,,,,,
Allied Vision,camera-selector-area-scan,exo304CGETR,EXO Tracer,Available,Area scan,Color,Visible,400 nm to 1000 nm,"4,096 × 3,000 (12.30 MP)",Sony IMX304,cmos,global-shutter,"14.13 × 10.35 mm (17.52 mm, 17.6mm (Type 1.1))",3.45 µm × 3.45 µm,"8-Bit,12-Bit,12-Bit",,10 fps,"0 x LVDS input, 0 x LVDS output, 0 x TTL input, 0 x TTL output, 2 x 24V input, 4 x Open drain output,","1 x Optical isolated input, 0 x Optical isolated input,","10 to 25VDC, Power over Ethernet",External: 7 W (typical),-10 °C to 60 °C,45 × 58 × 58,MFT,320 g,192 MByte,32 MByte,gige,,"bayer8, bayer12packed",,,,,28 µs to 60 s,0.0 dB to 48.0 dB,,"1 x RS232 input, 1 x RS232 output, 0 x RS422 input, 0 x RS422 output,",F002206,IR-Cut - 680nm,IP40,(RJ-45),"Manual, Auto, External","Auto, Manual",FW Features - Image Control,"INTERNAL,SOFTWARE,EXTERNAL","PTP, BurstMode, User Sets, POE, PWM(4), Sequencer,","auto, manual",72 dB,39.5 dB,23.6 fps,,,,,,
Allied Vision,camera-selector-area-scan,exo304MGETR,EXO Tracer,Available,Area scan,Mono,Visible,400 nm to 1000 nm,"4,096 × 3,000 (12.30 MP)",Sony IMX304,cmos,global-shutter,"14.13 × 10.35 mm (17.52 mm, 17.6mm (Type 1.1))",3.45 µm × 3.45 µm,"8-Bit,12-Bit,12-Bit","mono8, mono12packed",10 fps,"0 x LVDS input, 0 x LVDS output, 0 x TTL input, 0 x TTL output, 2 x 24V input, 4 x Open drain output,","1 x Optical isolated input, 0 x Optical isolated input,","10 to 25VDC, Power over Ethernet",External: 7 W (typical),-10 °C to 60 °C,45 × 58 × 58,MFT,320 g,192 MByte,32 MByte,gige,,,,,,,28 µs to 60 s,0.0 dB to 48.0 dB,,"1 x RS232 input, 1 x RS232 output, 0 x RS422 input, 0 x RS422 output,",F002207,K9 - AR coating - 400-850nm,IP40,(RJ-45),"Manual, Auto, External","Auto, Manual",FW Features - Image Control,"INTERNAL,SOFTWARE,EXTERNAL","PTP, BurstMode, User Sets, POE, PWM(4), Sequencer,",,72 dB,39 dB,23.6 fps,,,,,,
Allied Vision,camera-selector-area-scan,exo367CGETR,EXO Tracer,Available,Area scan,Color,Visible,400 nm to 1000 nm,"4,416 × 4,428 (19.60 MP)",Sony IMX367,cmos,global-shutter,"15.24 × 15.28 mm (21.58 mm, 21.6mm (Type 4/3))",3.45 µm × 3.45 µm,"8-Bit,12-Bit,12-Bit",,6.2 fps,"0 x LVDS input, 0 x LVDS output, 0 x TTL input, 0 x TTL output, 2 x 24V input, 4 x Open drain output,","1 x Optical isolated input, 0 x Optical isolated input,","10 to 25VDC, Power over Ethernet",External: 8 W (typical),-10 °C to 65 °C,54 × 58 × 58,MFT,320 g,192 MByte,32 MByte,gige,,"bayer8, bayer12packed",,,,,26 µs to 60 s,0.0 dB to 48.0 dB,,"1 x RS232 input, 1 x RS232 output, 0 x RS422 input, 0 x RS422 output,",F002210,IR-Cut - 680nm,IP40,(RJ-45),"Manual, Auto, External","Auto, Manual",FW Features - Image Control,"INTERNAL,SOFTWARE,EXTERNAL","User Sets, POE, PWM(4), Sequencer,","auto, manual",,,,,,,,,
Allied Vision,camera-selector-area-scan,exo367CU3TR,EXO Tracer,Available,Area scan,Color,Visible,400 nm to 1000 nm,"4,416 × 4,428 (19.60 MP)",Sony IMX367,cmos,global-shutter,"15.24 × 15.28 mm (21.58 mm, 21.6mm (Type 4/3))",3.45 µm × 3.45 µm,"8-Bit,12-Bit,12-Bit",,19 fps,"0 x LVDS input, 0 x LVDS output, 0 x TTL input, 0 x TTL output, 2 x 24V input, 4 x Open drain output,","1 x Optical isolated input, 0 x Optical isolated input,",10 to 25VDC,External: 8 W (typical),-10 °C to 65 °C,54 × 58 × 58,MFT,320 g,192 MByte,32 MByte,usb3.0,,"bayer8, bayer12packed",,,,,26 µs to 60 s,0.0 dB to 48.0 dB,,"1 x RS232 input, 1 x RS232 output, 0 x RS422 input, 0 x RS422 output,",F001961,IR-Cut - 680nm,IP40,(Micro-B),"Manual, Auto, External","Auto, Manual",FW Features - Image Control,"INTERNAL,SOFTWARE,EXTERNAL","User Sets, PWM(4), Sequencer,","auto, manual",,,,,,,,,
Allied Vision,camera-selector-area-scan,exo367MGETR,EXO Tracer,Available,Area scan,Mono,Visible,400 nm to 1000 nm,"4,416 × 4,428 (19.60 MP)",Sony IMX367,cmos,global-shutter,"15.24 × 15.28 mm (21.58 mm, 21.6mm (Type 4/3))",3.45 µm × 3.45 µm,"8-Bit,12-Bit,12-Bit","mono8, mono12packed",6.2 fps,"0 x LVDS input, 0 x LVDS output, 0 x TTL input, 0 x TTL output, 2 x 24V input, 4 x Open drain output,","1 x Optical isolated input, 0 x Optical isolated input,","10 to 25VDC, Power over Ethernet",External: 8 W (typical),-10 °C to 65 °C,54 × 58 × 58,MFT,320 g,192 MByte,32 MByte,gige,,,,,,,26 µs to 60 s,0.0 dB to 48.0 dB,,"1 x RS232 input, 1 x RS232 output, 0 x RS422 input, 0 x RS422 output,",F002211,K9 - AR coating - 400-850nm,IP40,(RJ-45),"Manual, Auto, External","Auto, Manual",FW Features - Image Control,"INTERNAL,SOFTWARE,EXTERNAL","User Sets, POE, PWM(4), Sequencer,",,,,,,,,,,
Allied Vision,camera-selector-area-scan,exo367MU3TR,EXO Tracer,Available,Area scan,Mono,Visible,400 nm to 1000 nm,"4,416 × 4,428 (19.60 MP)",Sony IMX367,cmos,global-shutter,"15.24 × 15.28 mm (21.58 mm, 21.6mm (Type 4/3))",3.45 µm × 3.45 µm,"8-Bit,12-Bit,12-Bit","mono8, mono12packed",19 fps,"0 x LVDS input, 0 x LVDS output, 0 x TTL input, 0 x TTL output, 2 x 24V input, 4 x Open drain output,","1 x Optical isolated input, 0 x Optical isolated input,",10 to 25VDC,External: 8 W (typical),-10 °C to 65 °C,54 × 58 × 58,MFT,320 g,192 MByte,32 MByte,usb3.0,,,,,,,26 µs to 60 s,0.0 dB to 48.0 dB,,"1 x RS232 input, 1 x RS232 output, 0 x RS422 input, 0 x RS422 output,",F001960,K9 - AR coating - 400-850nm,IP40,(Micro-B),"Manual, Auto, External","Auto, Manual",FW Features - Image Control,"INTERNAL,SOFTWARE,EXTERNAL","User Sets, PWM(4), Sequencer,",,,,,,,,,,
Allied Vision,camera-selector-area-scan,exo387CGETR,EXO Tracer,Available,Area scan,Color,Visible,400 nm to 1000 nm,"5,456 × 3,076 (16.80 MP)",Sony IMX387,cmos,global-shutter,"18.82 × 10.61 mm (21.61 mm, 21.7mm (Type 4/3))",3.45 µm × 3.45 µm,"8-Bit,12-Bit,12-Bit",,7.4 fps,"0 x LVDS input, 0 x LVDS output, 0 x TTL input, 0 x TTL output, 2 x 24V input, 4 x Open drain output,","1 x Optical isolated input, 0 x Optical isolated input,","10 to 25VDC, Power over Ethernet",External: 8 W (typical),-10 °C to 65 °C,54 × 58 × 58,MFT,320 g,192 MByte,32 MByte,gige,,"bayer8, bayer12packed",,,,,41 µs to 60 s,0.0 dB to 48.0 dB,,"1 x RS232 input, 1 x RS232 output, 0 x RS422 input, 0 x RS422 output,",F002213,K9 - AR coating,IP40,(RJ-45),"Manual, Auto, External","Auto, Manual",FW Features - Image Control,"INTERNAL,SOFTWARE,EXTERNAL","BurstMode, User Sets, POE, PWM(4), Sequencer,","auto, manual",70.5 dB,39.9 dB,12 fps,,,,,,
Allied Vision,camera-selector-area-scan,exo387CU3TR,EXO Tracer,Available,Area scan,Color,Visible,400 nm to 1000 nm,"5,456 × 3,076 (16.80 MP)",Sony IMX387,cmos,global-shutter,"18.82 × 10.61 mm (21.61 mm, 21.7mm (Type 4/3))",3.45 µm × 3.45 µm,"8-Bit,12-Bit,12-Bit",,22 fps,"0 x LVDS input, 0 x LVDS output, 0 x TTL input, 0 x TTL output, 2 x 24V input, 4 x Open drain output,","1 x Optical isolated input, 0 x Optical isolated input,",10 to 25VDC,External: 8 W (typical),-10 °C to 65 °C,54 × 58 × 58,MFT,320 g,192 MByte,32 MByte,usb3.0,,"bayer8, bayer12packed",,,,,41 µs to 60 s,0.0 dB to 48.0 dB,,"1 x RS232 input, 1 x RS232 output, 0 x RS422 input, 0 x RS422 output,",F001965,K9 - AR coating,IP40,(Micro-B),"Manual, Auto, External","Auto, Manual",FW Features - Image Control,"INTERNAL,SOFTWARE,EXTERNAL","User Sets, PWM(4), Sequencer,","auto, manual",70.5 dB,39.9 dB,,,,,,,
Allied Vision,camera-selector-area-scan,exo387MGETR,EXO Tracer,Available,Area scan,Mono,Visible,400 nm to 1000 nm,"5,456 × 3,076 (16.80 MP)",Sony IMX387,cmos,global-shutter,"18.82 × 10.61 mm (21.61 mm, 21.7mm (Type 4/3))",3.45 µm × 3.45 µm,"8-Bit,12-Bit,12-Bit","mono8, mono12packed",7.4 fps,"0 x LVDS input, 0 x LVDS output, 0 x TTL input, 0 x TTL output, 2 x 24V input, 4 x Open drain output,","1 x Optical isolated input, 0 x Optical isolated input,","10 to 25VDC, Power over Ethernet",External: 8 W (typical),-10 °C to 65 °C,54 × 58 × 58,MFT,320 g,192 MByte,32 MByte,gige,,,,,,,41 µs to 60 s,0.0 dB to 48.0 dB,,"1 x RS232 input, 1 x RS232 output, 0 x RS422 input, 0 x RS422 output,",F002212,K9 - AR coating,IP40,(RJ-45),"Manual, Auto, External","Auto, Manual",FW Features - Image Control,"INTERNAL,SOFTWARE,EXTERNAL","BurstMode, User Sets, POE, PWM(4), Sequencer,",,70.5 dB,39.9 dB,12 fps,,,,,,
Allied Vision,camera-selector-area-scan,exo387MU3TR,EXO Tracer,Available,Area scan,Mono,Visible,400 nm to 1000 nm,"5,456 × 3,076 (16.80 MP)",Sony IMX387,cmos,global-shutter,"18.82 × 10.61 mm (21.61 mm, 21.7mm (Type 4/3))",3.45 µm × 3.45 µm,"8-Bit,12-Bit,12-Bit","mono8, mono12packed",22 fps,"0 x LVDS input, 0 x LVDS output, 0 x TTL input, 0 x TTL output, 2 x 24V input, 4 x Open drain output,","1 x Optical isolated input, 0 x Optical isolated input,",10 to 25VDC,External: 8 W (typical),-10 °C to 65 °C,54 × 58 × 58,MFT,320 g,192 MByte,32 MByte,usb3.0,,,,,,,41 µs to 60 s,0.0 dB to 48.0 dB,,"1 x RS232 input, 1 x RS232 output, 0 x RS422 input, 0 x RS422 output,",F001964,K9 - AR coating,IP40,(Micro-B),"Manual, Auto, External","Auto, Manual",FW Features - Image Control,"INTERNAL,SOFTWARE,EXTERNAL","User Sets, PWM(4), Sequencer,",,70.5 dB,39.9 dB,,,,,,,
Allied Vision,camera-selector-area-scan,exo990MGE,EXO SWIR,Available,Area scan,Mono,eXtended SWIR,400 nm to 1700 nm,"1,280 × 1,024 (1.30 MP)",Sony IMX990 | InGaAs,cmos,global-shutter,"6.4 × 5.12 mm (8.2 mm, 8.2mm (Type 1/2))",5.00 µm × 5.00 µm,"8-Bit,12-Bit","mono8, mono12",94.4 fps,"0 x LVDS input, 0 x LVDS output, 0 x TTL input, 0 x TTL output, 2 x 24V input, 4 x Open drain output,","1 x Optical isolated input, 0 x Optical isolated input,","10 to 25VDC, Power over Ethernet",External: 4 W (typical),-10 °C to 60 °C,43 × 50 × 50,C-Mount,138 g,192 MByte,32 MByte,gige,,,,,,,15 µs to 500.00 ms,0.0 dB to 42.0 dB,,"1 x RS232 input, 1 x RS232 output, 0 x RS422 input, 0 x RS422 output,",F002190,,IP40,(RJ-45),"Manual, Auto","Auto, Manual",FW Features - Image Control,"INTERNAL,SOFTWARE,EXTERNAL","User Sets, POE, PWM(4), Sequencer,",,57 dB,,,,,,,,
Allied Vision,camera-selector-area-scan,exo990MU3,EXO SWIR,Available,Area scan,Mono,eXtended SWIR,400 nm to 1700 nm,"1,280 × 1,024 (1.30 MP)",Sony IMX990 | InGaAs,cmos,global-shutter,"6.4 × 5.12 mm (8.2 mm, 8.2mm (Type 1/2))",5.00 µm × 5.00 µm,"8-Bit,12-Bit,12-Bit","mono8, mono12packed",125.4 fps,"0 x LVDS input, 0 x LVDS output, 0 x TTL input, 0 x TTL output, 2 x 24V input, 4 x Open drain output,","1 x Optical isolated input, 0 x Optical isolated input,",10 to 25VDC,External: 4 W (typical),-10 °C to 60 °C,43 × 50 × 50,C-Mount,138 g,192 MByte,32 MByte,usb3.0,,,,,,,15 µs to 500.00 ms,0.0 dB to 42.0 dB,,"1 x RS232 input, 1 x RS232 output, 0 x RS422 input, 0 x RS422 output,",F002237,,IP40,(Micro-B),"Manual, Auto","Auto, Manual",FW Features - Image Control,"INTERNAL,SOFTWARE,EXTERNAL","User Sets, PWM(4), Sequencer,",,57 dB,,,,,,,,
Allied Vision,camera-selector-area-scan,exo991MGE,EXO SWIR,Available,Area scan,Mono,eXtended SWIR,400 nm to 1700 nm,640 × 512 (0.30 MP),Sony IMX991 | InGaAs,cmos,global-shutter,"3.2 × 2.56 mm (4.1 mm, 4.1mm (Type 1/4))",5.00 µm × 5.00 µm,"8-Bit,12-Bit","mono8, mono12",260 fps,"0 x LVDS input, 0 x LVDS output, 0 x TTL input, 0 x TTL output, 2 x 24V input, 4 x Open drain output,","1 x Optical isolated input, 0 x Optical isolated input,","10 to 25VDC, Power over Ethernet",External: 3.5 W (typical),-10 °C to 60 °C,43 × 50 × 50,C-Mount,138 g,192 MByte,32 MByte,gige,,,,,,,21 µs to 500.00 ms,0.0 dB to 42.0 dB,,"1 x RS232 input, 1 x RS232 output, 0 x RS422 input, 0 x RS422 output,",F002204,,IP40,(RJ-45),"Manual, Auto","Auto, Manual",FW Features - Image Control,"INTERNAL,SOFTWARE,EXTERNAL","User Sets, POE, PWM(4), Sequencer,",,57 dB,,,,,,,,
Allied Vision,camera-selector-area-scan,fxo487MCX,FXO Ultraviolet,Available,Area scan,Mono,UV,200 nm to 400 nm,"2,832 × 2,840 (8.00 MP)",Sony IMX487,cmos,global-shutter,"7.76 × 7.78 mm (10.99 mm, 11.1mm (Type 2/3))",2.74 µm × 2.74 µm,"8-Bit,12-Bit","mono8, mono12",87 fps,"0 x LVDS input, 0 x LVDS output, 0 x TTL input, 0 x TTL output, 2 x 24V input, 4 x Open drain output,","1 x Optical isolated input, 0 x Optical isolated input,","10 to 25VDC, Power over CoaXPress",External: 8 W (typical),-10 °C to 65 °C,70 × 50 × 50,C-Mount,240 g,,32 MByte,cxp-12 with 1 connection,,,,,,,7 µs to 60 s,0.0 dB to 48.0 dB,,"1 x RS232 input, 1 x RS232 output, 0 x RS422 input, 0 x RS422 output,",F002216,UV Fused Silica 185-800nm,IP30,(micro-BNC),"Manual, Auto, External","Auto, Manual",FW Features - Image Control,"INTERNAL,SOFTWARE,EXTERNAL","PoCxP, User Sets, PWM(4), Sequencer,",,,,,,,,,,
Allied Vision,camera-selector-area-scan,fxo487MCX12-2C,FXO Ultraviolet,Available,Area scan,Mono,UV,200 nm to 400 nm,"2,848 × 2,848 (8.10 MP)",Sony IMX487,cmos,global-shutter,"7.8 × 7.8 mm (11.04 mm, 11.1mm (Type 2/3))",2.74 µm × 2.74 µm,"8-Bit,12-Bit","mono8, mono12",195 fps,"0 x LVDS input, 0 x LVDS output, 0 x TTL input, 0 x TTL output, 2 x 24V input, 4 x Open drain output,","1 x Optical isolated input, 0 x Optical isolated input,","10 to 25VDC, Power over CoaXPress",External: 12 W (typical),-10 °C to 65 °C,73 × 50 × 50,C-Mount,240 g,,32 MByte,cxp-12 with 2 connections,,,,,,,5 µs to 60 s,0.0 dB to 48.0 dB,,"1 x RS232 input, 1 x RS232 output, 0 x RS422 input, 0 x RS422 output,",F002247,UV Fused Silica 185-800nm,IP30,(micro-BNC),"Manual, Auto, External","Auto, Manual",FW Features - Image Control,"INTERNAL,SOFTWARE,EXTERNAL","PoCxP, User Sets, PWM(4), Sequencer,",,,,,,,,,,
Allied Vision,camera-selector-area-scan,fxo487MXGE,FXO Ultraviolet,Available,Area scan,Mono,UV,200 nm to 400 nm,"2,840 × 2,840 (8.10 MP)",Sony IMX487,cmos,global-shutter,"7.78 × 7.78 mm (11 mm, 11.1mm (Type 2/3))",2.74 µm × 2.74 µm,"8-Bit,12-Bit","mono8, mono12",87 fps,"0 x LVDS input, 0 x LVDS output, 0 x TTL input, 0 x TTL output, 2 x 24V input, 4 x Open drain output,","1 x Optical isolated input, 0 x Optical isolated input,","10 to 25VDC, Power over Ethernet",External: 9 W (typical),-10 °C to 60 °C,76 × 50 × 50,C-Mount,240 g,896 MByte,32 MByte,10gige,,,,,,,6 µs to 60 s,0.0 dB to 48.0 dB,,"1 x RS232 input, 1 x RS232 output, 0 x RS422 input, 0 x RS422 output,",F002219,UV Fused Silica 185-800nm,IP30,(RJ-45),"Manual, Auto, External","Auto, Manual",FW Features - Image Control,"INTERNAL,SOFTWARE,EXTERNAL","PTP, User Sets, POE, PWM(4), Sequencer,",,,,,,,,,,
Allied Vision,camera-selector-area-scan,fxo990MCX,FXO SWIR,Available,Area scan,Mono,eXtended SWIR,400 nm to 1700 nm,"1,280 × 1,024 (1.30 MP)",Sony IMX990 | InGaAs,cmos,global-shutter,"6.4 × 5.12 mm (8.2 mm, 8.2mm (Type 1/2))",5.00 µm × 5.00 µm,"8-Bit,12-Bit","mono8, mono12",134 fps,"0 x LVDS input, 0 x LVDS output, 0 x TTL input, 0 x TTL output, 2 x 24V input, 4 x Open drain output,","1 x Optical isolated input, 0 x Optical isolated input,","10 to 25VDC, Power over CoaXPress",External: 7 W (typical),-10 °C to 65 °C,70 × 50 × 50,C-Mount,240 g,,32000 MByte,cxp-12 with 1 connection,,,,,,,15 µs to 500.00 ms,0.0 dB to 42.0 dB,,"1 x RS232 input, 1 x RS232 output, 0 x RS422 input, 0 x RS422 output,",F002134,,IP30,(micro-BNC),"Manual, Auto","Auto, Manual",FW Features - Image Control,"INTERNAL,SOFTWARE,EXTERNAL","PoCxP, User Sets, PWM(4), Sequencer,",,57 dB,,,,,,,,
Allied Vision,camera-selector-area-scan,fxo992MCX,FXO SWIR,Available,Area scan,Mono,eXtended SWIR,400 nm to 1700 nm,"2,560 × 2,048 (5.20 MP)",Sony IMX992 | InGaAs,cmos,global-shutter,"8.83 × 7.07 mm (11.31 mm, 11.4mm (Type 1/1.4))",3.45 µm × 3.45 µm,"8-Bit,10-Bit,12-Bit","mono8, mono10, mono12",132.6 fps,"0 x LVDS input, 0 x LVDS output, 0 x TTL input, 0 x TTL output, 2 x 24V input, 4 x Open drain output,","1 x Optical isolated input, 0 x Optical isolated input,",10 to 25VDC,External: 7 W (typical),-10 °C to 60 °C,70 × 50 × 50,C-Mount,240 g,,32000 MByte,cxp-12 with 1 connection,,,,,,,,0.0 dB to 42.0 dB,,"1 x RS232 input, 1 x RS232 output, 0 x RS422 input, 0 x RS422 output,",F002337,,IP30,(micro-BNC),"Manual, Auto","Auto, Manual",FW Features - Image Control,"INTERNAL,SOFTWARE,EXTERNAL","User Sets, PWM(4), Sequencer,",,,,,,,,,,
Allied Vision,camera-selector-area-scan,fxo992MCX-T,FXO SWIR,Available,Area scan,Mono,eXtended SWIR,400 nm to 1700 nm,"2,560 × 2,048 (5.20 MP)",Sony IMX992 | InGaAs | TEC,cmos,global-shutter,"8.83 × 7.07 mm (11.31 mm, 11.4mm (Type 1/1.4))",3.45 µm × 3.45 µm,"8-Bit,10-Bit,12-Bit","mono8, mono10, mono12",132.6 fps,"0 x LVDS input, 0 x LVDS output, 0 x TTL input, 0 x TTL output, 2 x 24V input, 4 x Open drain output,","1 x Optical isolated input, 0 x Optical isolated input,",10 to 25VDC,External: 12 W (typical),-10 °C to 60 °C,76 × 50 × 50,C-Mount,240 g,,32000 MByte,cxp-12 with 1 connection,,,,,,,,0.0 dB to 42.0 dB,,"1 x RS232 input, 1 x RS232 output, 0 x RS422 input, 0 x RS422 output,",F002321,,IP30,(micro-BNC),"Manual, Auto","Auto, Manual",FW Features - Image Control,"INTERNAL,SOFTWARE,EXTERNAL","User Sets, PWM(4), Sequencer,",,,,,,,,,,
Allied Vision,camera-selector-area-scan,fxo992MXGE,FXO SWIR,Available,Area scan,Mono,eXtended SWIR,400 nm to 1700 nm,"2,560 × 2,048 (5.20 MP)",Sony IMX992 | InGaAs,cmos,global-shutter,"8.83 × 7.07 mm (11.31 mm, 11.4mm (Type 1/1.4))",3.45 µm × 3.45 µm,"8-Bit,10-Bit,12-Bit","mono8, mono10, mono12",132.6 fps,"0 x LVDS input, 0 x LVDS output, 0 x TTL input, 0 x TTL output, 2 x 24V input, 4 x Open drain output,","1 x Optical isolated input, 0 x Optical isolated input,",10 to 25VDC,External: 10 W (typical),-10 °C to 60 °C,76 × 50 × 50,C-Mount,240 g,896 MByte,32000 MByte,10gige,,,,,,,,0.0 dB to 42.0 dB,,"1 x RS232 input, 1 x RS232 output, 0 x RS422 input, 0 x RS422 output,",F002338,,IP30,(RJ-45),"Manual, Auto","Auto, Manual",FW Features - Image Control,"INTERNAL,SOFTWARE,EXTERNAL","User Sets, PWM(4), Sequencer,",,,,,,,,,,
Allied Vision,camera-selector-area-scan,fxo992MXGE-T,FXO SWIR,Available,Area scan,Mono,eXtended SWIR,400 nm to 1700 nm,"2,560 × 2,048 (5.20 MP)",Sony IMX992 | InGaAs | TEC,cmos,global-shutter,"8.83 × 7.07 mm (11.31 mm, 11.4mm (Type 1/1.4))",3.45 µm × 3.45 µm,"8-Bit,10-Bit,12-Bit","mono8, mono10, mono12",132.6 fps,"0 x LVDS input, 0 x LVDS output, 0 x TTL input, 0 x TTL output, 2 x 24V input, 4 x Open drain output,","1 x Optical isolated input, 0 x Optical isolated input,",10 to 25VDC,External: 13 W (typical),-10 °C to 60 °C,82 × 50 × 50,C-Mount,240 g,896 MByte,32000 MByte,10gige,,,,,,,,0.0 dB to 42.0 dB,,"1 x RS232 input, 1 x RS232 output, 0 x RS422 input, 0 x RS422 output,",F002317,,IP30,(RJ-45),"Manual, Auto","Auto, Manual",FW Features - Image Control,"INTERNAL,SOFTWARE,EXTERNAL","User Sets, PWM(4), Sequencer,",,,,,,,,,,
Allied Vision,camera-selector-area-scan,fxo993MCX,FXO SWIR,Available,Area scan,Mono,eXtended SWIR,400 nm to 1700 nm,"2,048 × 1,536 (3.10 MP)",Sony IMX993 | InGaAs,cmos,global-shutter,"7.07 × 5.3 mm (8.83 mm, 8.9mm (Type 1/1.8))",3.45 µm × 3.45 µm,"8-Bit,12-Bit","mono8, mono12",173.4 fps,"0 x LVDS input, 0 x LVDS output, 0 x TTL input, 0 x TTL output, 2 x 24V input, 4 x Open drain output,","1 x Optical isolated input, 0 x Optical isolated input,",10 to 25VDC,External: 7 W (typical),-10 °C to 60 °C,70 × 50 × 50,C-Mount,240 g,,32000 MByte,cxp-12 with 1 connection,,,,,,,,0.0 dB to 42.0 dB,,"1 x RS232 input, 1 x RS232 output, 0 x RS422 input, 0 x RS422 output,",F002322,,IP30,(micro-BNC),"Manual, Auto","Auto, Manual",FW Features - Image Control,"INTERNAL,SOFTWARE,EXTERNAL","User Sets, PWM(4), Sequencer,",,,,,,,,,,
Allied Vision,camera-selector-area-scan,fxo993MCX-T,FXO SWIR,Available,Area scan,Mono,eXtended SWIR,400 nm to 1700 nm,"2,048 × 1,536 (3.10 MP)",Sony IMX993 | InGaAs | TEC,cmos,global-shutter,"7.07 × 5.3 mm (8.83 mm, 8.9mm (Type 1/1.8))",3.45 µm × 3.45 µm,"8-Bit,12-Bit","mono8, mono12",173.4 fps,"0 x LVDS input, 0 x LVDS output, 0 x TTL input, 0 x TTL output, 2 x 24V input, 4 x Open drain output,","1 x Optical isolated input, 0 x Optical isolated input,",10 to 25VDC,External: 12 W (typical),-10 °C to 60 °C,76 × 50 × 50,C-Mount,240 g,,32000 MByte,cxp-12 with 1 connection,,,,,,,,0.0 dB to 42.0 dB,,"1 x RS232 input, 1 x RS232 output, 0 x RS422 input, 0 x RS422 output,",F002323,,IP30,(micro-BNC),"Manual, Auto","Auto, Manual",FW Features - Image Control,"INTERNAL,SOFTWARE,EXTERNAL","User Sets, PWM(4), Sequencer,",,,,,,,,,,
Allied Vision,camera-selector-area-scan,fxo993MXGE,FXO SWIR,Available,Area scan,Mono,eXtended SWIR,400 nm to 1700 nm,"2,048 × 1,536 (3.10 MP)",Sony IMX993 | InGaAs,cmos,global-shutter,"7.07 × 5.3 mm (8.83 mm, 8.9mm (Type 1/1.8))",3.45 µm × 3.45 µm,"8-Bit,12-Bit","mono8, mono12",173.4 fps,"0 x LVDS input, 0 x LVDS output, 0 x TTL input, 0 x TTL output, 2 x 24V input, 4 x Open drain output,","1 x Optical isolated input, 0 x Optical isolated input,",10 to 25VDC,External: 9 W (typical),-10 °C to 60 °C,76 × 50 × 50,C-Mount,240 g,896 MByte,32000 MByte,10gige,,,,,,,,0.0 dB to 42.0 dB,,"1 x RS232 input, 1 x RS232 output, 0 x RS422 input, 0 x RS422 output,",F002318,,IP30,(RJ-45),"Manual, Auto","Auto, Manual",FW Features - Image Control,"INTERNAL,SOFTWARE,EXTERNAL","User Sets, PWM(4), Sequencer,",,,,,,,,,,
Allied Vision,camera-selector-area-scan,fxo993MXGE-T,FXO SWIR,Available,Area scan,Mono,eXtended SWIR,400 nm to 1700 nm,"2,048 × 1,536 (3.10 MP)",Sony IMX993 | InGaAs | TEC,cmos,global-shutter,"7.07 × 5.3 mm (8.83 mm, 8.9mm (Type 1/1.8))",3.45 µm × 3.45 µm,"8-Bit,12-Bit","mono8, mono12",173.4 fps,"0 x LVDS input, 0 x LVDS output, 0 x TTL input, 0 x TTL output, 2 x 24V input, 4 x Open drain output,","1 x Optical isolated input, 0 x Optical isolated input,",10 to 25VDC,External: 12 W (typical),-10 °C to 60 °C,82 × 50 × 50,C-Mount,240 g,896 MByte,32000 MByte,10gige,,,,,,,,0.0 dB to 42.0 dB,,"1 x RS232 input, 1 x RS232 output, 0 x RS422 input, 0 x RS422 output,",F002319,,IP30,(RJ-45),"Manual, Auto","Auto, Manual",FW Features - Image Control,"INTERNAL,SOFTWARE,EXTERNAL","User Sets, PWM(4), Sequencer,",,,,,,,,,,
Allied Vision,camera-selector-area-scan,Mako G-040,Mako,Available,Area scan,Mono or Color,Visible,,728 × 544 (0.40 MP),Sony IMX287,CMOS,Global Shutter,6.3 mm ø (Type 1/2.9),6.90 µm × 6.90 µm,12-bit,"Mono8, Mono12, Mono12Packed",286 fps,,"1 input, 3 outputs",10.8 to 26.4 VDC AUX or 802.3at Type 1 PoE,2.43 W at 12 VDC; 2.69 W PoE,5 °C to 45 °C housing temperature,61 × 29 × 29,,80 g,64 MByte,1024 KByte,"IEEE 802.3 1000BASE-T, IEEE 802.3af (PoE)","YUV411Packed, YUV422Packed, YUV444Packed","RGB8Packed, BGR8Packed","BayerRG8, BayerRG12, BayerRG12Packed",64 %,,,,,,,,,,,,,,,,,,,,,,,,,
Allied Vision,camera-selector-area-scan,Mako G-1242,Mako,Available,Area scan,Mono or Color,Visible,,"4,128 × 3,008 (12.40 MP)",Sony IMX545,CMOS,Global Shutter,14 mm ø (Type 1/1.1),2.74 µm × 2.74 µm,12-bit,"Mono8, Mono12, Mono12Packed",9 fps,,"1 input, 3 outputs",10.8 to 26.4 VDC AUX or 802.3at Type 1 PoE,3.3 W at 12 VDC; 2.9 W PoE,5 °C to 45 °C housing temperature,61 × 29 × 29,,80 g,64 MByte,1024 KByte,"IEEE 802.3 1000BASE-T, IEEE 802.3af (PoE)","YUV411Packed, YUV422Packed, YUV444Packed","RGB8Packed, BGR8Packed","BayerRG8, BayerRG12, BayerRG12Packed",66 %,,,,,,,,,,,,,,,,,,,,,,,,,
Allied Vision,camera-selector-area-scan,Mako G-131,Mako,Available,Area scan,Mono or Color,Visible,,"1,280 × 1,024 (1.30 MP)",Teledyne e2v EV76C560,CMOS,"Global Reset Shutter, Rolling Shutter",9 mm ø (Type 1/1.8),5.30 µm × 5.30 µm,8-bit or 10-bit,"Mono8, Mono10",62 fps,,"1 input, 3 outputs",10.8 to 26.4 VDC AUX or 802.3at Type 1 PoE,2.0 W at 12 VDC; 2.2 W PoE,5 °C to 45 °C housing temperature,61 × 29 × 29,,80 g,64 MByte,1024 KByte,"IEEE 802.3 1000BASE-T, IEEE 802.3af (PoE)","YUV411Packed, YUV422Packed, YUV444Packed","RGB8Packed, BGR8Packed","BayerBG8, BayerBG10",58 %,,,,,,,,,,,,,,,,,,,,,,,,,
Allied Vision,camera-selector-area-scan,Mako G-158,Mako,Available,Area scan,Mono or Color,Visible,,"1,456 × 1,088 (1.60 MP)",Sony IMX273,CMOS,Global Shutter,6.3 mm ø (Type 1/2.9),3.45 µm × 3.45 µm,12-bit,"Mono8, Mono12, Mono12Packed",75 fps,,"1 input, 3 outputs",10.8 to 26.4 VDC AUX or 802.3at Type 1 PoE,2.43 W at 12 VDC; 2.68 W PoE,5 °C to 45 °C housing temperature,61 × 29 × 29,,80 g,64 MByte,1024 KByte,"IEEE 802.3 1000BASE-T, IEEE 802.3af (PoE)","YUV411Packed, YUV422Packed, YUV444Packed","RGB8Packed, BGR8Packed","BayerRG8, BayerRG12, BayerRG12Packed",64 %,,,,,,,,,,,,,,,,,,,,,,,,,
Allied Vision,camera-selector-area-scan,Mako G-192,Mako,Available,Area scan,Mono or Color,Visible,,"1,600 × 1,200 (1.90 MP)",Teledyne e2v EV76C570,CMOS,"Global Reset Shutter, Rolling Shutter",9 mm ø (Type 1/1.8),4.50 µm × 4.50 µm,8-bit or 10-bit,"Mono8, Mono10",60 fps,,"1 input, 3 outputs",10.8 to 26.4 VDC AUX or 802.3at Type 1 PoE,2.1 W at 12 VDC; 2.4 W PoE,5 °C to 45 °C housing temperature,61 × 29 × 29,,80 g,64 MByte,1024 KByte,"IEEE 802.3 1000BASE-T, IEEE 802.3af (PoE)","YUV411Packed, YUV422Packed, YUV444Packed","RGB8Packed, BGR8Packed","BayerGB8, BayerGB10",43 %,,,,,,,,,,,,,,,,,,,,,,,,,
Allied Vision,camera-selector-area-scan,Mako G-223,Mako,Available,Area scan,Mono or Color,Visible,,"2,048 × 1,088 (2.20 MP)",CMOSIS/ams CMV2000,CMOS,Global Shutter,12.75 mm ø (Type 2/3),5.50 µm × 5.50 µm,8-bit or 12-bit,"Mono8, Mono12, Mono12Packed",49 fps,,"1 input, 3 outputs",10.8 to 26.4 VDC AUX or 802.3at Type 1 PoE,2.4 W at 12 VDC; 2.8 W PoE,5 °C to 45 °C housing temperature,61 × 29 × 29,,80 g,64 MByte,1024 KByte,"IEEE 802.3 1000BASE-T, IEEE 802.3af (PoE)","YUV411Packed, YUV422Packed, YUV444Packed","RGB8Packed, BGR8Packed","BayerGB8, BayerGB12, BayerGB12Packed",77 %,,,,,,,,,,,,,,,,,,,,,,,,,
Allied Vision,camera-selector-area-scan,Mako G-234,Mako,Available,Area scan,Mono or Color,Visible,,"1,936 × 1,216 (2.40 MP)",Sony IMX249,CMOS,Global Shutter,13.4 mm ø (Type 1/1.2),5.86 µm × 5.86 µm,10-bit or 12-bit,"Mono8, Mono12, Mono12Packed",41 fps,,"1 input, 3 outputs",10.8 to 26.4 VDC AUX or 802.3at Type 1 PoE,2.4 W at 12 VDC; 2.8 W PoE,5 °C to 45 °C housing temperature,61 × 29 × 29,,80 g,64 MByte,1024 KByte,"IEEE 802.3 1000BASE-T, IEEE 802.3af (PoE)","YUV411Packed, YUV422Packed, YUV444Packed","RGB8Packed, BGR8Packed","BayerRG8, BayerRG12, BayerRG12Packed",71 %,,,,,,,,,,,,,,,,,,,,,,,,,
Allied Vision,camera-selector-area-scan,Mako G-319,Mako,Available,Area scan,Mono or Color,Visible,300 nm to 1100 nm,"2,064 × 1,544 (3.20 MP)",Sony IMX265,CMOS,Global Shutter,9 mm ø (Type 1/1.8),3.45 µm × 3.45 µm,8-bit or 12-bit,"Mono8, Mono12, Mono12Packed",37 fps,,"1 input, 3 outputs",10.8 to 26.4 VDC AUX or 802.3at Type 1 PoE,2.3 W at 12 VDC; 2.6 W PoE,5 °C to 45 °C housing temperature,61 × 29 × 29,,80 g,64 MByte,1024 KByte,"IEEE 802.3 1000BASE-T, IEEE 802.3af (PoE)","YUV411Packed, YUV422Packed, YUV444Packed","RGB8Packed, BGR8Packed","BayerRG8, BayerRG12, BayerRG12Packed",63 %,,,,,,,,,,,,,,,,,,,,,,,,,
Allied Vision,camera-selector-area-scan,Mako G-419,Mako,Available,Area scan,Mono or Color,Visible,,"2,048 × 2,048 (4.20 MP)",CMOSIS/ams CMV4000,CMOS,Global Shutter,16.3 mm ø (Type 1),5.50 µm × 5.50 µm,8-bit or 12-bit,"Mono8, Mono12, Mono12Packed",26 fps,,"1 input, 3 outputs",10.8 to 26.4 VDC AUX or 802.3at Type 1 PoE,2.3 W at 12 VDC; 2.7 W PoE,5 °C to 45 °C housing temperature,61 × 29 × 29,,80 g,64 MByte,1024 KByte,"IEEE 802.3 1000BASE-T, IEEE 802.3af (PoE)","YUV411Packed, YUV422Packed, YUV444Packed","RGB8Packed, BGR8Packed","BayerGB8, BayerGB12, BayerGB12Packed",74 %,,,,,,,,,,,,,,,,,,,,,,,,,
Allied Vision,camera-selector-area-scan,Mako G-419 NIR,Mako,Available,Area scan,Mono,Visible-NIR,,"2,048 × 2,048 (4.20 MP)",CMOSIS/ams CMV4000 NIR,CMOS,Global Shutter,16.3 mm ø (Type 1),5.50 µm × 5.50 µm,12,"Mono8, Mono12, Mono12Packed",26 fps,,"1 input, 3 outputs",10.8 to 26.4 VDC AUX or 802.3at Type 1 PoE,2.3 W at 12 VDC; 2.7 W PoE,5 °C to 45 °C housing temperature,61 × 29 × 29,,80 g,64 MByte,,"IEEE 802.3 1000BASE-T, IEEE 802.3af (PoE)",,,,79 %,,44 %,,,,,,,,,,,,,,,,,,,,,,,
Allied Vision,camera-selector-area-scan,Mako G-419B NIR,Mako,Available,Area scan,Mono,Visible-NIR,,"2,048 × 2,048 (4.20 MP)",CMOSIS/ams CMV4000 NIR,CMOS,Global Shutter,16.3 mm ø (Type 1),5.50 µm × 5.50 µm,8-bit or 12-bit,"Mono8, Mono12, Mono12Packed",26 fps,,"1 input, 3 outputs",10.8 to 26.4 VDC AUX or 802.3at Type 1 PoE,2.3 W at 12 VDC; 2.7 W PoE,5 °C to 45 °C housing temperature,61 × 29 × 29,,80 g,64 MByte,1024 KByte,"IEEE 802.3 1000BASE-T, IEEE 802.3af (PoE)",,,,79 %,,44 %,,,,,,,,,,,,,,,,,,,,,,,
Allied Vision,camera-selector-area-scan,Mako G-507,Mako,Available,Area scan,Mono or Color,Visible,,"2,464 × 2,056 (5.10 MP)",Sony IMX264,CMOS,Global Shutter,12.75 mm ø (Type 2/3),3.45 µm × 3.45 µm,12-bit,"Mono8, Mono12, Mono12Packed",23 fps,,"1 input, 3 outputs",10.8 to 26.4 VDC AUX or 802.3at Type 1 PoE,2.3 W at 12 VDC; 2.4 W PoE,5 °C to 45 °C housing temperature,61 × 29 × 29,,80 g,64 MByte,1024 KByte,"IEEE 802.3 1000BASE-T, IEEE 802.3af (PoE)","YUV411Packed, YUV422Packed, YUV444Packed","RGB8Packed, BGR8Packed","BayerRG8, BayerRG12, BayerRG12Packed",64 %,,,,,,,,,,,,,,,,,,,,,,,,,
Allied Vision,camera-selector-area-scan,Mako G-508B POL,Mako,Available,Area scan,Mono,Visible,,"2,464 × 2,056 (5.10 MP)",Sony IMX250 Polarizer,CMOS,Global Shutter,12.75 mm ø (Type 2/3),3.45 µm × 3.45 µm,12-bit,"Mono8, Mono12, Mono12Packed",23 fps,,"1 input, 3 outputs",10.8 to 26.4 VDC AUX or 802.3at Type 1 PoE,2.4 W at 12 VDC; 2.4 W PoE,5 °C to 45 °C housing temperature,61 × 29 × 29,,80 g,64 MByte,1024 KByte,"IEEE 802.3 1000BASE-T, IEEE 802.3af (PoE)",,,,25 %,,,,,,,,,,,,,,,,,,,,,,,,,
Allied Vision,camera-selector-area-scan,Mako G-511,Mako,Available,Area scan,Mono or Color,Visible,,"2,472 × 2,064 (5.10 MP)",Sony IMX547,CMOS,Global Shutter,9 mm ø (Type 1/1.8),2.74 µm × 2.74 µm,12-bit,"Mono8, Mono12, Mono12Packed",23 fps,,"1 input, 3 outputs",10.8 to 26.4 VDC AUX or 802.3at Type 1 PoE,3.2 W at 12 VDC; 2.7 W PoE,5 °C to 45 °C housing temperature,61 × 29 × 29,,80 g,64 MByte,1024 KByte,"IEEE 802.3 1000BASE-T, IEEE 802.3af (PoE)","YUV411Packed, YUV422Packed, YUV444Packed","RGB8Packed, BGR8Packed","BayerRG8, BayerRG12, BayerRG12Packed",70 %,,,,,,,,,,,,,,,,,,,,,,,,,
Allied Vision,camera-selector-area-scan,Mako G-811,Mako,Available,Area scan,Mono or Color,Visible,,"2,856 × 2,848 (8.10 MP)",Sony IMX546,CMOS,Global Shutter,12.75 mm ø (Type 2/3),2.74 µm × 2.74 µm,12-bit,"Mono8, Mono12, Mono12Packed",14 fps,,"1 input, 3 outputs",10.8 to 26.4 VDC AUX or 802.3at Type 1 PoE,3.3 W at 12 VDC; 2.8 W PoE,5 °C to 45 °C housing temperature,61 × 29 × 29,,80 g,64 MByte,1024 KByte,"IEEE 802.3 1000BASE-T, IEEE 802.3af (PoE)","YUV411Packed, YUV422Packed, YUV444Packed","RGB8Packed, BGR8Packed","BayerRG8, BayerRG12, BayerRG12Packed",70 %,,,,,,,,,,,,,,,,,,,,,,,,,
Allied Vision,camera-selector-area-scan,Manta G-040,Manta,Available,Area scan,Mono or Color,Visible,,728 × 544 (0.40 MP),Sony IMX287,CMOS,Global Shutter,6.3 mm ø (Type 1/2.9),6.90 µm × 6.90 µm,8-bit or 12-bit,"Mono8, Mono12Packed, Mono12",286 fps,,"2 inputs, 2 outputs",8 to 30 VDC AUX or IEEE 802.3af PoE,External power: 2.77 W at 12 VDC | Power over Ethernet: 3.23 W,5 °C to 45 °C ambient (without condensation),86 × 44 × 29,,190 g,128 MByte,1024 KByte,"IEEE 802.3 1000BASE-T, IEEE 802.3af (PoE) optional","YUV411Packed, YUV422Packed, YUV444Packed","RGB8Packed, BGR8Packed","BayerRG8, BayerRG12, BayerRG12Packed",64 %,,,,,,1,,,,,,,,,,,,,,,,,,,
Allied Vision,camera-selector-area-scan,Manta G-1236,Manta,Available,Area scan,Mono or Color,Visible,,"4,112 × 3,008 (12.40 MP)",Sony IMX304,CMOS,Global Shutter,17.6 mm ø (Type 1.1),3.45 µm × 3.45 µm,8-bit or 12-bit,"Mono8, Mono12Packed, Mono12",9 fps,,"2 inputs, 2 outputs",8 to 30 VDC AUX or IEEE 802.3af PoE,External power: 3.0 W at 12 VDC | Power over Ethernet: 3.3 W,5 °C to 45 °C ambient (without condensation),86 × 44 × 29,,190 g,128 MByte,1024 KByte,"IEEE 802.3 1000BASE-T, IEEE 802.3af (PoE) optional","YUV411Packed, YUV422Packed, YUV444Packed","RGB8Packed, BGR8Packed","BayerRG8, BayerRG12, BayerRG12Packed",64 %,,,,,,1,,,,,,,,,,,,,,,,,,,
Allied Vision,camera-selector-area-scan,Manta G-158,Manta,Available,Area scan,Mono or Color,Visible,,"1,456 × 1,088 (1.60 MP)",Sony IMX273,CMOS,Global Shutter,6.3 mm ø (Type 1/2.9),3.45 µm × 3.45 µm,8-bit or 12-bit,"Mono8, Mono12Packed, Mono12",75 fps,,"2 inputs, 2 outputs",8 to 30 VDC AUX or IEEE 802.3af PoE,External power: 2.79 W at 12 VDC | Power over Ethernet: 3.26 W,5 °C to 45 °C ambient (without condensation),86 × 44 × 29,,190 g,128 MByte,1024 KByte,"IEEE 802.3 1000BASE-T, IEEE 802.3af (PoE) optional","YUV411Packed, YUV422Packed, YUV444Packed","RGB8Packed, BGR8Packed","BayerRG8, BayerRG12, BayerRG12Packed",64 %,,,,,,1,,,,,,,,,,,,,,,,,,,
Allied Vision,camera-selector-area-scan,Manta G-1620,Manta,Available,Area scan,Mono or Color,Visible,300 nm to 1100 nm,"5,328 × 3,040 (16.20 MP)",Sony IMX542,CMOS,Global Shutter,17.6 mm ø (Type 1.1),2.74 µm × 2.74 µm,8-bit or 12-bit,"Mono8, Mono12Packed, Mono12",7 fps,,"2 inputs, 2 outputs",8 to 30 VDC AUX or IEEE 802.3af PoE,External power: 3.3 W at 12 VDC | Power over Ethernet: 3.9 W,5 °C to 45 °C ambient (without condensation),86 × 44 × 29,,190 g,128 MByte,,"IEEE 802.3 1000BASE-T, IEEE 802.3af (PoE) optional","YUV411Packed, YUV422Packed, YUV444Packed","RGB8Packed, BGR8Packed","BayerRG8, BayerRG12, BayerRG12Packed",69 %,,,,,,1,,,,,,,,,,,,,,,,,,,
Allied Vision,camera-selector-area-scan,Manta G-2040,Manta,Available,Area scan,Mono or Color,Visible,300 nm to 1100 nm,"4,512 × 4,512 (20.40 MP)",Sony IMX541,CMOS,Global Shutter,17.6 mm ø (Type 1.1),2.74 µm × 2.74 µm,8-bit or 12-bit,"Mono8, Mono12Packed, Mono12",5 fps,,"2 inputs, 2 outputs",8 to 30 VDC AUX or IEEE 802.3af PoE,External power: 3.3 W at 12 VDC | Power over Ethernet: 3.9 W,5 °C to 45 °C ambient (without condensation),86 × 44 × 29,,190 g,128 MByte,1024 KByte,"IEEE 802.3 1000BASE-T, IEEE 802.3af (PoE) optional","YUV411Packed, YUV422Packed, YUV444Packed","RGB8Packed, BGR8Packed","BayerRG8, BayerRG12, BayerRG12Packed",70 %,,,,,,1,,,,,,,,,,,,,,,,,,,
Allied Vision,camera-selector-area-scan,Manta G-223,Manta,Available,Area scan,Mono or Color,Visible,,"2,048 × 1,088 (2.20 MP)",CMOSIS/ams CMV2000,CMOS,Global Shutter,12.75 mm ø (Type 2/3),5.50 µm × 5.50 µm,8-bit or 12-bit,"Mono8, Mono12Packed, Mono12",53 fps,,"2 inputs, 2 outputs",8 to 30 VDC AUX or IEEE 802.3af PoE,External power: 2.7 W at 12 VDC | Power over Ethernet: 3.1 W,5 °C to 45 °C ambient (without condensation),86 × 44 × 29,,190 g,128 MByte,1024 KByte,"IEEE 802.3 1000BASE-T, IEEE 802.3af (PoE) optional","YUV411Packed, YUV422Packed, YUV444Packed","RGB8Packed, BGR8Packed, RGBA8Packed, BGRA8Packed","BayerGB8, BayerGB12, BayerGB12Packed",72 %,,,,,,1,,,,,,,,,,,,,,,,,,,
Allied Vision,camera-selector-area-scan,Manta G-235,Manta,Available,Area scan,Mono or Color,Visible,,"1,936 × 1,216 (2.40 MP)",Sony IMX174,CMOS,Global Shutter,13.4 mm ø (Type 1/1.2),5.86 µm × 5.86 µm,8-bit or 12-bit,"Mono8, Mono12Packed, Mono12",50 fps,,"2 inputs, 2 outputs",8 to 30 VDC AUX or IEEE 802.3af PoE,External power: 2.8 W at 12 VDC | Power over Ethernet: 3.3 W,5 °C to 45 °C ambient (without condensation),86 × 44 × 29,,190 g,128 MByte,1024 KByte,"IEEE 802.3 1000BASE-T, IEEE 802.3af (PoE) optional","YUV411Packed, YUV422Packed, YUV444Packed","RGB8Packed, BGR8Packed","BayerRG8, BayerRG12, BayerRG12Packed",70 %,,,,,,1,,,,,,,,,,,,,,,,,,,
Allied Vision,camera-selector-area-scan,Manta G-2460,Manta,Available,Area scan,Mono or Color,Visible,300 nm to 1100 nm,"5,328 × 4,608 (24.60 MP)",Sony IMX540,CMOS,Global Shutter,21.43 mm ø (Type 1.2),2.74 µm × 2.74 µm,8-bit or 12-bit,"Mono8, Mono12Packed, Mono12",4 fps,,"2 inputs, 2 outputs",8 to 30 VDC AUX or IEEE 802.3af PoE,External power: 3.2 W at 12 VDC | Power over Ethernet: 3.9 W,5 °C to 45 °C ambient (without condensation),86 × 44 × 29,,190 g,128 MByte,1024 KByte,"IEEE 802.3 1000BASE-T, IEEE 802.3af (PoE) optional","YUV411Packed, YUV422Packed, YUV444Packed","RGB8Packed, BGR8Packed","BayerRG8, BayerRG12, BayerRG12Packed",70 %,,,,,,1,,,,,,,,,,,,,,,,,,,
Allied Vision,camera-selector-area-scan,Manta G-319,Manta,Available,Area scan,Mono or Color,Visible,,"2,064 × 1,544 (3.20 MP)",Sony IMX265,CMOS,Global Shutter,9 mm ø (Type 1/1.8),3.45 µm × 3.45 µm,8-bit or 12-bit,"Mono8, Mono12Packed, Mono12",37 fps,,"2 inputs, 2 outputs",8 to 30 VDC AUX or IEEE 802.3af PoE,External power: 2.7 W at 12 VDC | Power over Ethernet: 3.1 W,5 °C to 45 °C ambient (without condensation),86 × 44 × 29,,190 g,128 MByte,1024 KByte,"IEEE 802.3 1000BASE-T, IEEE 802.3af (PoE) optional","YUV411Packed, YUV422Packed, YUV444Packed","RGB8Packed, BGR8Packed","BayerRG8, BayerRG12, BayerRG12Packed",64 %,,,,,,1,,,,,,,,,,,,,,,,,,,
Allied Vision,camera-selector-area-scan,Manta G-419,Manta,Available,Area scan,Mono or Color,Visible,,"2,048 × 2,048 (4.20 MP)",CMOSIS/ams CMV4000,CMOS,Global Shutter,16.3 mm ø (Type 1),5.50 µm × 5.50 µm,8-bit or 12-bit,"Mono8, Mono12, Mono12Packed",28 fps,,"2 inputs, 2 outputs",8 to 30 VDC AUX or IEEE 802.3af PoE,External power: 2.7 W at 12 VDC | Power over Ethernet: 3.1 W,5 °C to 45 °C ambient (without condensation),86 × 44 × 29,,190 g,128 MByte,1024 KByte,"IEEE 802.3 1000BASE-T, IEEE 802.3af (PoE) optional","YUV411Packed, YUV422Packed, YUV444Packed","RGB8Packed, BGR8Packed, RGBA8Packed, BGRA8Packed","BayerGB8, BayerGB12, BayerGB12Packed",74 %,,,,,,1,,,,,,,,,,,,,,,,,,,
Allied Vision,camera-selector-area-scan,Manta G-419 NIR,Manta,Available,Area scan,Mono,Visible-NIR,,"2,048 × 2,048 (4.20 MP)",CMOSIS/ams CMV4000 NIR,CMOS,Global Shutter,16.3 mm ø (Type 1),5.50 µm × 5.50 µm,8-bit or 12-bit,"Mono8, Mono12, Mono12Packed",28 fps,,"2 inputs, 2 outputs",8 to 30 VDC AUX or IEEE 802.3af PoE,External power: 2.7 W at 12 VDC Power over Ethernet: 3.1 W,5 °C to 45 °C ambient (without condensation),86 × 44 × 29,,190 g,128 MByte,1024 KByte,"IEEE 802.3 1000BASE-T, IEEE 802.3af (PoE) optional",,,,77 %,,40 %,,,,1,,,,,,,,,,,,,,,,,,,
Allied Vision,camera-selector-area-scan,Manta G-507,Manta,Available,Area scan,Mono or Color,Visible,,"2,464 × 2,056 (5.10 MP)",Sony IMX264,CMOS,Global Shutter,12.75 mm ø (Type 2/3),3.45 µm × 3.45 µm,8-bit or 12-bit,"Mono8, Mono12Packed, Mono12",23 fps,,"2 inputs, 2 outputs",8 to 30 VDC AUX or IEEE 802.3af PoE,External power: 2.8 W at 12 VDC | Power over Ethernet: 3.0 W,5 °C to 45 °C ambient (without condensation),86 × 44 × 29,,190 g,128 MByte,1024 KByte,"IEEE 802.3 1000BASE-T, IEEE 802.3af (PoE) optional","YUV411Packed, YUV422Packed, YUV444Packed","RGB8Packed, BGR8Packed","BayerRG8, BayerRG12, BayerRG12Packed",64 %,,,,,,1,,,,,,,,,,,,,,,,,,,
Allied Vision,camera-selector-area-scan,Manta G-895,Manta,Available,Area scan,Mono or Color,Visible,,"4,112 × 2,176 (8.90 MP)",Sony IMX267,CMOS,Global Shutter,16.3 mm ø (Type 1),3.45 µm × 3.45 µm,8-bit or 12-bit,"Mono8, Mono12Packed, Mono12",13 fps,,"2 inputs, 2 outputs",8 to 30 VDC AUX or IEEE 802.3af PoE,External power: 3.0 W at 12 VDC | Power over Ethernet: 3.3 W,5 °C to 45 °C ambient (without condensation),86 × 44 × 29,,190 g,128 MByte,1024 KByte,"IEEE 802.3 1000BASE-T, IEEE 802.3af (PoE) optional","YUV411Packed, YUV422Packed, YUV444Packed","RGB8Packed, BGR8Packed","BayerRG8, BayerRG12, BayerRG12Packed",63 %,,,,,,1,,,,,,,,,,,,,,,,,,,
Allied Vision,camera-selector-area-scan,Prosilica GT 1930,Prosilica GT,Available,Area scan,Mono or Color,Visible,,"1,936 × 1,216 (2.40 MP)",Sony IMX174,CMOS,Global Shutter,13.4 mm ø (Type 1/1.2),5.86 µm × 5.86 µm,12-bit,"Mono8, Mono12Packed, Mono12",50 fps,"1 input, 2 outputs","1 input, 2 outputs",7 to 25 VDC AUX or 802.3at Type 1 PoE,2.9 W at 12 VDC; 3.5 W PoE,-20 °C to 65 °C ambient (without condensation),86 × 53 × 33,,211 g,128 MByte,1024 KByte,"IEEE 802.3 1000BASE-T, IEEE 802.3af (PoE)","YUV411Packed, YUV422Packed, YUV444Packed","RGB8Packed, BGR8Packed","BayerRG8, BayerRG12, BayerRG12Packed",70 %,,,,,,1,,,,,,,,,,,,,,,,,,,
Allied Vision,camera-selector-area-scan,Prosilica GT 1930L,Prosilica GT,Available,Area scan,Mono or Color,Visible,,"1,936 × 1,216 (2.40 MP)",Sony IMX174,CMOS,Global Shutter,13.4 mm ø (Type 1/1.2),5.86 µm × 5.86 µm,12-bit,"Mono8, Mono12Packed, Mono12",50 fps,"1 input, 2 outputs","1 input, 2 outputs",7 to 25 VDC AUX or 802.3at Type 1 PoE,3.24 W at 12 VDC; 3.88 W PoE,-30 °C to 70 °C housing (without condensation),96 × 66 × 53,,372 g,128 MByte,1024 KByte,"IEEE 802.3 1000BASE-T, IEEE 802.3af (PoE)","YUV411Packed, YUV422Packed, YUV444Packed","RGB8Packed, BGR8Packed","BayerRG8, BayerRG12, BayerRG12Packed",69 %,,,,,,1,,,,,,,,,,,,,,,,,,,
Allied Vision,camera-selector-area-scan,Prosilica GT 2000,Prosilica GT,Available,Area scan,Mono or Color,Visible,,"2,048 × 1,088 (2.20 MP)",CMOSIS/ams CMV2000,,Global Shutter,12.75 mm ø (Type 2/3),5.50 µm × 5.50 µm,,,53 fps,"1 input, 2 outputs","1 input, 2 outputs",7 to 25 VDC AUX or 802.3at Type 1 PoE,3.4 W at 12 VDC; 4.2 W PoE,-20 °C to 65 °C ambient (without condensation),86 × 53 × 33,,210 g,128 MByte,1024 KByte,"IEEE 802.3 1000BASE-T, IEEE 802.3af (PoE)","YUV411Packed, YUV422Packed, YUV444Packed","BGR8Packed, BGRA8Packed, RGB8Packed, RGBA8Packed","BayerGB12, BayerGB12Packed, BayerGB8",75 %,,,,,,1,,,,,,,,,,,,,,,,,,,
Allied Vision,camera-selector-area-scan,Prosilica GT 2000NIR,Prosilica GT,Available,Area scan,Mono,Visible-NIR,,"2,048 × 1,088 (2.20 MP)",CMOSIS/ams CMV2000 NIR,CMOS,Global Shutter,12.75 mm ø (Type 2/3),5.50 µm × 5.50 µm,8-bit or 12-bit,"Mono8, Mono12, Mono12Packed",53 fps,"1 input, 2 outputs","1 input, 2 outputs",7 to 25 VDC AUX or 802.3at Type 1 PoE,3.4 W at 12 VDC; 4.2 W PoE,-20 °C to 65 °C ambient (without condensation),86 × 53 × 33,,210 g,128 MByte,1024 KByte,"IEEE 802.3 1000BASE-T, IEEE 802.3af (PoE)",,,,80 %,,44 %,,,,1,,,,,,,,,,,,,,,,,,,
Allied Vision,camera-selector-area-scan,Prosilica GT 2050,Prosilica GT,Available,Area scan,Mono or Color,Visible,,"2,048 × 2,048 (4.20 MP)",CMOSIS/ams CMV4000,CMOS,Global Shutter,16.3 mm ø (Type 1),5.50 µm × 5.50 µm,8-bit or 12-bit,"Mono8, Mono12, Mono12Packed",28 fps,"1 input, 2 outputs","1 input, 2 outputs",7 to 25 VDC AUX or 802.3at Type 1 PoE,3.5 W at 12 VDC; 4.3 W PoE,-20 °C to 65 °C ambient (without condensation),86 × 53 × 33,,210 g,128 MByte,1024 KByte,"IEEE 802.3 1000BASE-T, IEEE 802.3af (PoE)","YUV411Packed, YUV422Packed, YUV444Packed","RGB8Packed, BGR8Packed, RGBA8Packed, BGRA8Packed","BayerGB8, BayerGB12, BayerGB12Packed",79 %,,,,,,1,,,,,,,,,,,,,,,,,,,
Allied Vision,camera-selector-area-scan,Prosilica GT 2050NIR,Prosilica GT,Available,Area scan,Mono,Visible-NIR,,"2,048 × 2,048 (4.20 MP)",CMOSIS/ams CMV4000 NIR,CMOS,Global Shutter,16.3 mm ø (Type 1),5.50 µm × 5.50 µm,8-bit or 12-bit,"Mono8, Mono12, Mono12Packed",28 fps,"1 input, 2 outputs","1 input, 2 outputs",7 to 25 VDC AUX or 802.3at Type 1 PoE,3.5 W at 12 VDC; 4.3 W PoE,-20 °C to 65 °C ambient (without condensation),86 × 53 × 33,,210 g,128 MByte,1024 KByte,"IEEE 802.3 1000BASE-T, IEEE 802.3af (PoE)",,,,79 %,,42 %,,,,1,,,,,,,,,,,,,,,,,,,
Allied Vision,camera-selector-area-scan,Prosilica GT 2460,Prosilica GT,Available,Area scan,Mono or Color,Visible,,"2,464 × 2,056 (5.10 MP)",Sony IMX264,CMOS,Global Shutter,12.75 mm ø (Type 2/3),3.45 µm × 3.45 µm,12,"Mono8, Mono12, Mono12Packed",23 fps,"1 input, 2 outputs","1 input, 2 outputs",7 to 25 VDC AUX or 802.3at Type 1 PoE,3.4 W at 12 VDC; 4.2 W PoE,-20 °C to 65 °C ambient (without condensation),86 × 53 × 33,,211 g,128 MByte,1024 KByte,"IEEE 802.3 1000BASE-T, IEEE 802.3af (PoE)","YUV411Packed, YUV422Packed, YUV444Packed","RGB8Packed, BGR8Packed","BayerRG8, BayerRG12, BayerRG12Packed",64 %,,,,,,1,,,,,,,,,,,,,,,,,,,
Allied Vision,camera-selector-area-scan,Prosilica GT 4400,Prosilica GT,Available,Area scan,Mono or Color,Visible,,"4,432 × 4,436 (19.70 MP)",Sony IMX367,CMOS,Global Shutter,22.66 mm ø (Type 4/3),3.45 µm × 3.45 µm,12-bit,"Mono8, Mono12Packed, Mono12",6 fps,"1 input, 2 outputs","1 input, 2 outputs",7 to 25 VDC AUX or IEEE 802.3at Type 1 PoE,External power: 5.0 W at 12 VDC | Power over Ethernet: 6.2 W,-20 °C to 50 °C housing (without condensation),96 × 66 × 53,,372 g,128 MByte,1024 KByte,"IEEE 802.3 1000BASE-T, IEEE 802.3af (PoE)","YUV411Packed, YUV422Packed, YUV444Packed","RGB8Packed, BGR8Packed","BayerRG8, BayerRG12, BayerRG12Packed",64 %,,,,,,1,,,,,,,,,,,,,,,,,,,
Allied Vision,camera-selector-area-scan,Prosilica GT 5120,Prosilica GT,Available,Area scan,Mono,Visible,,"5,120 × 5,120 (26.20 MP)",ON Semi PYTHON 25K,CMOS,Global Shutter,32.36 mm ø (Type APS-H),4.50 µm × 4.50 µm,10-bit,"Mono8, Mono10",4 fps,"1 input, 2 outputs","1 input, 2 outputs",7 to 25 VDC AUX or IEEE 802.3at Type 1 PoE,External power: 5.02 W at 12 VDC | Power over Ethernet: 6.3 W,-20 °C to 50 °C ambient (without condensation),96 × 66 × 53,,372 g,128 MByte,1024 KByte,"IEEE 802.3 1000BASE-T, IEEE 802.3af (PoE)",,,,53 %,,,,,,1,,,,,,,,,,,,,,,,,,,
Allied Vision,camera-selector-area-scan,Prosilica GT 5120NIR,Prosilica GT,Available,Area scan,Mono,Visible-NIR,,"5,120 × 5,120 (26.20 MP)",ON Semi PYTHON 25K NIR,CMOS,Global Shutter,32.36 mm ø (Type APS-H),4.50 µm × 4.50 µm,10-bit,"Mono8, Mono10",4 fps,"1 input, 2 outputs","1 input, 2 outputs",7 to 25 VDC AUX or IEEE 802.3at Type 1 PoE,External power: 5.02 W at 12 VDC | Power over Ethernet: 6.3 W,-20 °C to 50 °C ambient (without condensation),96 × 66 × 53,,372 g,128 MByte,1024 KByte,"IEEE 802.3 1000BASE-T, IEEE 802.3af (PoE)",,,,55 %,,33 %,,,,1,,,,,,,,,,,,,,,,,,,
Allied Vision,camera-selector-area-scan,Prosilica GT 5400,Prosilica GT,Available,Area scan,Mono or Color,Visible,,"5,472 × 3,084 (16.90 MP)",Sony IMX387,CMOS,Global Shutter,22.66 mm ø (Type 4/3),3.45 µm × 3.45 µm,12-bit,"Mono8, Mono12Packed, Mono12",7 fps,"1 input, 2 outputs","1 input, 2 outputs",7 to 25 VDC AUX or IEEE 802.3at Type 1 PoE,External power: 5.2 W at 12 VDC | Power over Ethernet: 6.4 W,-20 °C to 50 °C housing (without condensation),96 × 66 × 53,,372 g,128 MByte,1024 KByte,"IEEE 802.3 1000BASE-T, IEEE 802.3af (PoE)","YUV411Packed, YUV422Packed, YUV444Packed","RGB8Packed, BGR8Packed","BayerRG8, BayerRG12, BayerRG12Packed",64 %,,,,,,1,,,,,,,,,,,,,,,,,,,
Allied Vision,camera-selector-area-scan,Prosilica GT 6400,Prosilica GT,Available,Area scan,Mono or Color,Visible,,"6,480 × 4,852 (31.40 MP)",Sony IMX342,CMOS,Global Shutter,28.4 mm ø (Type APS-C),3.45 µm × 3.45 µm,12-bit,"Mono8, Mono12Packed, Mono12",3 fps,"1 input, 2 outputs","1 input, 2 outputs",7 to 25 VDC AUX or IEEE 802.3at Type 1 PoE,External power: 5.4 W at 12 VDC | Power over Ethernet: 6.7 W,-20 °C to 50 °C housing (without condensation),96 × 66 × 53,,372 g,128 MByte,1024 KByte,"IEEE 802.3 1000BASE-T, IEEE 802.3af (PoE)","YUV411Packed, YUV422Packed, YUV444Packed","RGB8Packed, BGR8Packed","BayerRG8, BayerRG12, BayerRG12Packed",64 %,,,,,,1,,,,,,,,,,,,,,,,,,,
Allied Vision,allpixa-evo-dxge,allPIXA evo 10k DXGE Color,allPIXA evo 10GigE,Available,Line scan 2D,Color,Visible,360 nm to 960 nm,"10,240 × 3 lines",,cmos,,,,12-bit,,,,,12 V – 24 V DC ± 10 %; 1 A @ 24 V,External: 24 W,,102 × 76 × 82,M72 × 0.75 mm / F-mount,900 g,,32 KByte,2× 10 gige over fiber,,,,,GigE Vision,,,,"External I/O (15 pin HD D-Sub, fem.)",,CP000620-S-10K-11-F1-C1-X,,IP50,SFP+,manual,"manuel, auto","Binning, Brightness and Contrast, Gamma, Flash (Multi field imaging)",,Yes,"manual, auto",,,,,3 × 8/10/12 Bit color,68 kHz,,,
Allied Vision,allpixa-evo-dxge,allPIXA evo 10k DXGE Mono,allPIXA evo 10GigE,Available,Line scan 2D,Mono,Visible,360 nm to 960 nm,"10,240 × 3 lines",,cmos,,,5.60 µm × 5.60 µm,,,,,,12 V – 24 V DC ± 10 %; 1 A @ 24 V,External: 24 W,,102 × 76 × 82,M72 × 0.75 mm / F-mount,900 g,,32 KByte,2× 10 gige over fiber,,,,,GigE Vision,,,,"External I/O (15 pin HD D-Sub, fem.)",,CP000620-S-10K-11-F1-M-X,,IP50,SFP+,manual,"auto, manuel",,,,"auto, manual",,,,,1 × 8/10/12 Bit mono,,68 kHz,,
Allied Vision,allpixa-evo-dxge,allPIXA evo 15k DXGE Color,allPIXA evo 10GigE,Available,Line scan 2D,Color,Visible,360 nm to 960 nm,"15,360 × 3 lines",,cmos,,,5.60 µm × 5.60 µm,,,,,,12 V – 24 V DC ± 10 %; 1 A @ 24 V,External: 24 W,,102 × 76 × 82,M95 × 1 mm,900 g,,32 KByte,2× 10 gige over fiber,,,,,GigE Vision,,,,"External I/O (15 pin HD D-Sub, fem.)",,CP000620-S-15K-11-F1-C1-X,,IP50,SFP+,manual,"auto, manuel",,,,"auto, manual",,,,,3 × 8/10/12 Bit color,48 kHz,,,
Allied Vision,allpixa-evo-dxge,allPIXA evo 15k DXGE Mono,allPIXA evo 10GigE,Available,Line scan 2D,Mono,Visible,360 nm to 960 nm,"15,360 × 3 lines",,cmos,,,5.60 µm × 5.60 µm,,,,,,12 V – 24 V DC ± 10 %; 1 A @ 24 V,External: 24 W,,102 × 76 × 82,M95 × 1 mm,900 g,,32 KByte,2× 10 gige over fiber,,,,,GigE Vision,,,,"External I/O (15 pin HD D-Sub, fem.)",,CP000620-S-15K-11-F1-M-X,,IP50,SFP+,manual,"auto, manuel",,,,"auto, manual",,,,,1 × 8/10/12 Bit mono,,68 kHz,,
Allied Vision,allpixa-evo-dxge,allPIXA evo 8k DXGE X,allPIXA evo 10GigE,Available,Line scan 2D,Color+Mono+NIR,Visible-NIR,360 nm to 960 nm,"8,192 × 4 lines",,cmos,,,5.00 µm × 5.00 µm,,,,,,12 V – 24 V DC ± 10 %; 1 A @ 24 V,External: 24 W,,102 × 76 × 82,M72 × 0.75 mm / F-mount,900 g,,32 KByte,2× 10 gige over fiber,,,,,GigE Vision,,,,"External I/O (15 pin HD D-Sub, fem.)",,CP000620-S-08K-11-F1-C1-X,,IP50,SFP+,manual,"auto, manua",,,,"auto, manual",,,,,3 × 8/10/12 Bit color  or1 × 8/10/12 Bit mono  or4 × 8/10/12 RGB + NIR,90 kHz,100 kHz,68 kHz,
Allied Vision,allpixa-evo-cxp,allPIXA evo 10k CXP Color,allPIXA evo CXP,Available,Line scan 2D,Color,Visible,360 nm to 960 nm,"10,240 × 3 lines",,cmos,,,5.60 µm × 5.60 µm,,,,,,12 V – 24 V DC ± 10 %; 1 A @ 24 V,External: 24 W,,102 × 76 × 82,M72 × 0.75 mm / F-mount,900 g,,32 KByte,4 × cxp-12 micro-bnc,,,,,CoaxPress,,,,"External I/O (15 pin HD D-Sub, fem.)",,CP000620-S-10K-33-F1-C1,,IP50,Micro-BNC,manual,"auto, manuel",,,,"auto, manual",,,,,3 × 8/10/12 Bit color,68 kHz,,,
Allied Vision,allpixa-evo-cxp,allPIXA evo 10k CXP Mono,allPIXA evo CXP,Available,Line scan 2D,Mono,Visible,360 nm to 960 nm,"10,240 × 3 lines",,cmos,,,5.60 µm × 5.60 µm,,,,,,12 V – 24 V DC ± 10 %; 1 A @ 24 V,External: 24 W,,102 × 76 × 82,M72 × 0.75 mm / F-mount,900 g,,32 KByte,4 × cxp-12 micro-bnc,,,,,CoaxPress,,,,"External I/O (15 pin HD D-Sub, fem.)",,CP000620-S-10K-33-F1-M,,IP50,Micro-BNC,manual,"auto, manuel",,,,"auto, manual",,,,,1 × 8/10/12 Bit mono,,68 kHz,,
Allied Vision,allpixa-evo-cxp,allPIXA evo 15k CXP Color,allPIXA evo CXP,Available,Line scan 2D,Color,Visible,360 nm to 960 nm,"15,360 × 3 lines",,cmos,,,5.60 µm × 5.60 µm,,,,,,12 V – 24 V DC ± 10 %; 1 A @ 24 V,External: 24 W,,102 × 101 × 82,M95 × 1 mm,900 g,,32 KByte,4 × cxp-12 micro-bnc,,,,,CoaxPress,,,,"External I/O (15 pin HD D-Sub, fem.)",,CP000620-S-15K-33-F1-C1,,IP50,Micro-BNC,manual,"auto, manual",,,,"auto, manual",,,,,3 × 8/10/12 Bit color,68 kHz,,,
Allied Vision,allpixa-evo-cxp,allPIXA evo 15k CXP Mono,allPIXA evo CXP,Available,Line scan 2D,Mono,Visible,360 nm to 960 nm,"15,360 × 3 lines",,cmos,,,5.60 µm × 5.60 µm,,,,,,12 V – 24 V DC ± 10 %; 1 A @ 24 V,External: 24 W,,102 × 101 × 82,M95 × 1 mm,900 g,,32 KByte,4 × cxp-12 micro-bnc,,,,,CoaxPress,,,,"External I/O (15 pin HD D-Sub, fem.)",,CP000620-S-15K-33-F1-M,,IP50,Micro-BNC,manual,"auto, manuel",,,,"auto, manual",,,,,1 × 8/10/12 Bit mono,,68 kHz,,
Allied Vision,allpixa-evo-cxp,allPIXA evo 16k CXP Color Y,allPIXA evo CXP,Available,Line scan 2D,Color,Visible,1000 nm to 1000 nm,"16,384 × 4 lines",,cmos,,,5.00 µm × 5.00 µm,,,,,,12 V – 24 V DC ± 20 %; 1 A @ 24 V,External: 24 W,,102 × 113 × 102,M95 × 1 mm,1100 g,,32 KByte,4 × cxp-12 micro-bnc,,,,,CoaXPress,,,,"External I/O (15 pin HD D-Sub, fem.)",,CP000620-S-16K-33-L1-C1-Y,,IP50,Micro-BNC,manual,"auto, manual",,,,"auto, manual",,,,,3 × 8/10/12 Bit color or1 × 8/10/12 Bit mono or,,73 kHz,,
Allied Vision,allpixa-evo-cxp,allPIXA evo 16k CXP Color Z,allPIXA evo CXP,Available,Line scan 2D,Color,Visible,1000 nm to 1000 nm,"16,384 × 4 lines",,cmos,,,5.00 µm × 5.00 µm,,,,,,12 V – 24 V DC ± 20 %; 1 A @ 24 V,External: 24 W,,102 × 113 × 102,M95 × 1 mm,1100 g,,32 KByte,4 × cxp-12 micro-bnc,,,,,CoaXPress,,,,"External I/O (15 pin HD D-Sub, fem.)",,CP000620-S-16K-33-L1-C1-Z,,IP50,Micro-BNC,manual,"auto, manuel",,,,"auto, manual",,,,,3 × 8/10/12 Bit color or1 × 8/10/12 Bit mono or,,73 kHz,,
Allied Vision,allpixa-evo-cxp,allPIXA evo 32K CXP Mono Y,allPIXA evo CXP,Available,Line scan 2D,Mono,Visible-NIR,400 nm to 1000 nm,"32,768 × 1 lines",,cmos,,,5.00 µm × 5.00 µm,,,,,,"12 to 24 VDC, PoCXP",External: 24 W,,102 × 102 × 113,M95 × 1 mm,1100 g,,32 KByte,cxp-12 with 4 connections,,,,,CoaxPress,,,,"External I/O (15 pin HD D-Sub, fem.)",,CP000620-S-32K-33-L1-M-Y,,IP50,Micro-BNC,manual,"auto, manuel",,,,"auto, manual",,,,,1 × 8/10/12 Bit mono,,73 kHz,,
Allied Vision,allpixa-evo-cxp,allPIXA evo 32K CXP Mono Z,allPIXA evo CXP,Available,Line scan 2D,Mono,Visible,400 nm to 1000 nm,"32,768 × 1 lines",,cmos,,,5.00 µm × 5.00 µm,,,,,,"12 to 24 VDC, PoCXP",External: 24 W,,102 × 102 × 113,M95 × 1 mm,1100 g,,32 KByte,cxp-12 with 4 connections,,,,,CoaxPress,,,,"External I/O (15 pin HD D-Sub, fem.)",,CP000620-S-32K-33-L1-M-Z,,IP50,Micro-BNC,manual,"auto, manual",,,,"auto, manual",,,,,1 × 8/10/12 Bit mono,,73 kHz,,
Allied Vision,allpixa-evo-cxp,allPIXA evo 8k CXP Y,allPIXA evo CXP,Available,Line scan 2D,Color+Mono+NIR,Visible-NIR,360 nm to 960 nm,"8,192 × 4 lines",,cmos,,,5.00 µm × 5.00 µm,,,,,,12 V – 24 V DC ± 10 %; 1 A @ 24 V,External: 24 W,,102 × 76 × 82,M72 × 0.75 mm / F-mount,900 g,,32 KByte,4 × cxp-12 micro-bnc,,,,,CoaxPress,,,,"External I/O (15 pin HD D-Sub, fem.)",,CP000620-S-08K-33-F1-C1-Y,,IP50,Micro-BNC,manual,"auto, manuel",,,,"auto, manual",,,,,3 × 8/10/12 Bit color or1 × 8/10/12 Bit mono or4 × 8/10/12 RGB + NIR,100 kHz,100 kHz,100 kHz,
Allied Vision,allpixa-evo-cxp,allPIXA evo 8k CXP Z,allPIXA evo CXP,Available,Line scan 2D,Color+Mono+NIR,Visible-NIR,360 nm to 960 nm,"8,192 × 4 lines",,cmos,,,5.00 µm × 5.00 µm,,,,,,12 V – 24 V DC ± 10 %; 1 A @ 24 V,External: 24 W,,102 × 76 × 82,M72 × 0.75 mm / F-mount,900 g,,32 KByte,4 × cxp-12 micro-bnc,,,,,CoaxPress,,,,"External I/O (15 pin HD D-Sub, fem.)",,CP000620-S-08K-33-F1-C1-Z,,IP50,Micro-BNC,manual,"auto, manual",,,,"auto, manual",,,,,3 × 8/10/12 Bit color or1 × 8/10/12 Bit mono or4 × 8/10/12 RGB + NIR,100 kHz,100 kHz,100 kHz,
Allied Vision,10-gige,allPIXA neo 4k 10GigE Color,allPIXA neo 10GigE,Available,Line scan 2D,Color + Mono,Visible,400 nm to 960 nm,"4,096 × 4 lines",,cmos,,,7.00 µm × 7.00 µm,,,,,,PoE or digital I/O port,External: 12 W,,62 × 62 × 62,"M42 × 1 mm / F-Mount, TFL",350 g,512 MByte,1024 KByte,single 10 gige,,,,,GigE Vision 2.0 compliant,,,,"External I/O (15 pin HD D-Sub, male)",,CP000660-04k-77-C1-A1,,IP50,RJ45 (10GBase-T),manual,"auto, manuel",,,,"auto, manual",,,,,3 × 8/10/12 Bit color or 1 × 8/10/12 Bit mono or 4 × 8/10/12 RGB + Mono,90 kHz,,80 kHz,
Allied Vision,10-gige,allPIXA neo 4k 10GigE Mono,allPIXA neo 10GigE,Available,Line scan 2D,Mono,Visible,400 nm to 960 nm,"4,096 × 1 lines",,cmos,,,7.00 µm × 7.00 µm,,,,,,PoE or digital I/O port,External: 12 W,,62 × 62 × 62,"M42 × 1 mm / F-Mount, TFL",350 g,512 MByte,1024 KByte,single 10 gige,,,,,GigE Vision 2.0 compliant,,,,"External I/O (15 pin HD D-Sub, male)",,CP000660-04k-77-M1-A1,,IP50,RJ45 (10GBase-T),manual,"auto, manual",,,,"auto, manual",,,,,8/10/12 Bit mono,,250 kHz,,
Allied Vision,10-gige,allPIXA neo 6k 10GigE Color,allPIXA neo 10GigE,Available,Line scan 2D,Color + Mono,Visible,400 nm to 960 nm,"6,144 × 4 lines",,cmos,,,5.00 µm × 5.00 µm,,,,,,PoE or digital I/O port,External: 12 W,,62 × 62 × 62,"M42 × 1 mm / F-Mount, TFL",350 g,512 MByte,1024 KByte,single 10 gige,,,,,GigE Vision 2.0 compliant,,,,"External I/O (15 pin HD D-Sub, male)",,CP000660-06K-77-C1-A1,,IP50,RJ45 (10GBase-T),manual,"auto, manual",,,,"auto, manual",,,,,3 × 8/10/12 Bit color or 1 × 8/10/12 Bit mono or 4 × 8/10/12 RGB + Mono,60 kHz,,45 kHz,
Allied Vision,10-gige,allPIXA neo 6k 10GigE Color-NIR,allPIXA neo 10GigE,Available,Line scan 2D,Color + Nir,Visible-NIR,400 nm to 960 nm,"6,144 × 4 lines",,cmos,,,5.00 µm × 5.00 µm,,,,,,PoE or digital I/O port,External: 12 W,,62 × 62 × 62,"M42 × 1 mm / F-Mount, TFL",350 g,512 MByte,1024 KByte,single 10 gige,,,,,GigE Vision 2.0 compliant,,,,"External I/O (15 pin HD D-Sub, male)",,CP000660-06K-77-C2-A1,,IP50,RJ45 (10GBase-T),manual,"auto, manual",,,,"auto, manual",,,,,3 × 8/10/12 Bit color or 1 × 8/10/12 Bit mono or 4 × 8/10/12 RGB + NIR,60 kHz,,45 kHz,
Allied Vision,10-gige,allPIXA neo 6k 10GigE Mono,allPIXA neo 10GigE,Available,Line scan 2D,Mono,Visible,400 nm to 960 nm,"6,144 × 1 lines",,cmos,,,5.00 µm × 5.00 µm,,,,,,PoE or digital I/O port,External: 12 W,,62 × 62 × 62,"M42 × 1 mm / F-Mount, TFL",350 g,512 MByte,1024 KByte,single 10 gige,,,,,GigE Vision 2.0 compliant,,,,"External I/O (15 pin HD D-Sub, male)",,CP000660-06K-77-M1-A1,,IP50,RJ45 (10GBase-T),manual,"auto, manual",,,,"auto, manual",,,,,1 × 8/10/12 Bit mono,,180 kHz,,
Allied Vision,cxp,allPIXA neo 4k CXP Color,allPIXA neo CXP,Available,Line scan 2D,Color + Mono,Visible,400 nm to 960 nm,"4,096 × 4 lines",,cmos,,,7.00 µm × 7.00 µm,,,,,,Power over CXP or digital I/O port,External: 12 W,,62 × 62 × 62,"M42 × 1 mm / F-Mount, TFL",35000 g,512 MByte,1024 KByte,2 x cxp-12 micro-bnc,,,,,CoaxPress,,,,"External I/O (15 pin HD D-Sub, male)",,CP000660-04k-44-C1-A1,,IP50,Micro-BNC,manual,"auto, manuel",,,,"auto, manual",,,,,3 × 8/10/12 Bit color or 1 × 8/10/12 Bit mono or 4 × 8/10/12 RGB + Mono,90 kHz,,80 kHz,
Allied Vision,cxp,allPIXA neo 4k CXP Mono,allPIXA neo CXP,Available,Line scan 2D,Mono,Visible,400 nm to 960 nm,"4,096 × 1 lines",,cmos,,,7.00 µm × 7.00 µm,,,,,,Power over CXP or digital I/O port,External: 12 W,,62 × 62 × 62,"M42 × 1 mm / F-Mount, TFL",350 g,512 MByte,1024 KByte,2 x cxp-12 micro-bnc,,,,,CoaxPress,,,,"External I/O (15 pin HD D-Sub, male)",,CP000660-04k-44-M1-A1,,IP50,Micro-BNC,manual,"auto, manual",,,,"auto, manual",,,,,8/10/12 Bit mono,,250 kHz,,
Allied Vision,cxp,allPIXA neo 6k CXP Color,allPIXA neo CXP,Available,Line scan 2D,Color + Mono,Visible,400 nm to 960 nm,"6,144 × 4 lines",,cmos,,,5.00 µm × 5.00 µm,,,,,,Power over CXP or digital I/O port,External: 12 W,,62 × 62 × 62,"M42 × 1 mm / F-Mount, TFL",350 g,512 MByte,1024 KByte,2 x cxp-12 micro-bnc,,,,,CoaxPress,,,,"External I/O (15 pin HD D-Sub, male)",,CP000660-06K-44-C1-A1,,IP50,Micro-BNC,manual,"auto, manual",,,,"auto, manual",,,,,3 × 8/10/12 Bit color or 1 × 8/10/12 Bit mono or 4 × 8/10/12 RGB + Mono,80 kHz,,60 kHz,
Allied Vision,cxp,allPIXA neo 6k CXP Color-NIR,allPIXA neo CXP,Available,Line scan 2D,Color + Nir,Visible-NIR,400 nm to 960 nm,"6,144 × 4 lines",,cmos,,,5.00 µm × 5.00 µm,,,,,,Power over CXP or digital I/O port,External: 12 W,,62 × 62 × 62,"M42 × 1 mm / F-Mount, TFL",350 g,512 MByte,1024 KByte,2 x cxp-12 micro-bnc,,,,,CoaxPress,,,,"External I/O (15 pin HD D-Sub, male)",,CP000660-06K-44-C2-A1,,IP50,Micro-BNC,manual,"auto, manual",,,,"auto, manual",,,,,3 × 8/10/12 Bit color or 1 × 8/10/12 Bit mono or 4 × 8/10/12 RGB +  NIR,80 kHz,,60 kHz,
Allied Vision,cxp,allPIXA neo 6k CXP Mono,allPIXA neo CXP,Available,Line scan 2D,Mono,Visible,400 nm to 960 nm,"6,144 × 1 lines",,cmos,,,5.00 µm × 5.00 µm,,,,,,Power over CXP or digital I/O port,External: 12 W,,62 × 62 × 62,"M42 × 1 mm / F-Mount, TFL",350 g,512 MByte,1024 KByte,2 x cxp-12 micro-bnc,,,,,CoaxPress,,,,"External I/O (15 pin HD D-Sub, male)",,CP000660-06K-44-M1-A1,,IP50,Micro-BNC,manual,"auto, manual",,,,"auto, manual",,,,,1 × 8/10/12 Bit mono,,240 kHz,,
Allied Vision,3dpixa,3DPIXA evo compact 10µm CXP,3DPIXA,Available,Line scan 3D,Color,Visible,360 nm to 960 nm,,,cmos,,,,,,,,,12 V – 24 V DC ± 10 %; 1 A @ 24 V,External: 24 W,,,-,2500 g,,32 KByte,4 × cxp-12 micro-bnc,,,,,CoaxPress,,,,"External I/O (15 pin HD D-Sub, fem.)",,CP000730-C01-010-0056-33,,IP50,Micro-BNC,manual,"auto, manual",,"encoder, external, external-trigger, frame-trigger, freerun, internal, line-trigger, software, software-trigger, trigger-over-cxp",,"auto, manual",,,,,3 × 8 bit color,68 kHz,,,No separate memory space
Allied Vision,3dpixa,3DPIXA evo compact 12µm CXP,3DPIXA,Available,Line scan 3D,Color,Visible,360 nm to 960 nm,,,cmos,,,,,,,,,12 V – 24 V DC ± 10 %; 1 A @ 24 V,External: 24 W,,,-,2500 g,,32 KByte,4 × cxp-12 micro-bnc,,,,,CoaxPress,,,,"External I/O (15 pin HD D-Sub, fem.)",,CP000730-C01-012-0075-33,,IP50,Micro-BNC,manual,"auto, manual",,"encoder, external, external-trigger, frame-trigger, freerun, internal, line-trigger, software, software-trigger, trigger-over-cxp",,"auto, manual",,,,,3 × 8 bit color,68 kHz,,,No separate memory space
Allied Vision,3dpixa,3DPIXA evo compact 8µm CXP,3DPIXA,Available,Line scan 3D,Color,Visible,360 nm to 960 nm,,,cmos,,,,,,,,,12 V – 24 V DC ± 10 %; 1 A @ 24 V,External: 24 W,,,-,2500 g,,32 KByte,4 × cxp-12 micro-bnc,,,,,CoaxPress,,,,"External I/O (15 pin HD D-Sub, fem.)",,CP000730-C01-008-0036-33,,IP50,Micro-BNC,manual,"auto, manual",,"encoder, external, external-trigger, frame-trigger, freerun, internal, line-trigger, software, software-trigger, trigger-over-cxp",,"auto, manual",,,,,3 × 8 bit color,68 kHz,,,No separate memory space
Allied Vision,3dpixa,3DPIXA pro dual 200µm,3DPIXA,Available,Line scan 3D,Color,Visible,1000 nm to 1000 nm,,,ccd,,,,14-bit,,,,,12 to 24 VDC,External: 38 W,,,-,11000 g,,4 KByte,"camera link @ 85 mhz full, medium, base",,,,,Camera Link,,,,"External IO (15 pin D-Sub, female)",,CP000520-D02-200-1400,,IP50,Camera Link (MDR),manual,"manual, auto","Brightness and Contrast, Gamma, Flash (Multi field imaging)","freerun, internal, software-trigger, software, external-trigger, external, line-trigger, frame-trigger, encoder",Yes,"manual, auto",,,,,3× 8 Bit color,29 kHz,,,No separate memory space
Allied Vision,3dpixa,3DPIXA pro dual 5µm HR,3DPIXA,Available,Line scan 3D,Color,Visible,1000 nm to 1000 nm,,,ccd,,,,14-bit,,,,,12 to 24 VDC,External: 38 W,,,-,12000 g,,4 KByte,"camera link @ 85 mhz full, medium, base",,,,,Camera Link,,,,"External IO (15 pin D-Sub, female)",,CP000520-D02-005-0035,,IP50,Camera Link (MDR),manual,"manual, auto","Brightness and Contrast, Gamma, Flash (Multi field imaging)","freerun, internal, software-trigger, software, external-trigger, external, line-trigger, frame-trigger, encoder",Yes,"manual, auto",,,,,3× 8 Bit color,29 kHz,,,No separate memory space
Allied Vision,3dpixa,3DPIXA pro dual 615µm,3DPIXA,Available,Line scan 3D,Color,Visible,1000 nm to 1000 nm,,,ccd,,,,14-bit,,,,,12 to 24 VDC,External: 38 W,,,-,10000 g,,4 KByte,"camera link @ 85 mhz full, medium, base",,,,,Camera Link,,,,"External IO (15 pin D-Sub, female)",,CP000520-E02-615-4400,,IP50,Camera Link (MDR),manual,"manual, auto","Brightness and Contrast, Gamma, Flash (Multi field imaging)","freerun, internal, software-trigger, software, external-trigger, external, line-trigger, frame-trigger, encoder",Yes,"manual, auto",,,,,3× 8 Bit color,29 kHz,,,No separate memory space
Allied Vision,3dpixa,3DPIXA wave dual,3DPIXA,Available,Line scan 3D,Color,Visible,360 nm to 960 nm,,,cmos,,,,12-bit,,,,,12 V – 24 V DC ± 10 %; 1 A @ 24 V,External: 40 W,,,,11000 g,,16 KByte,"camera link @ 85 mhz full, medium, base",,,,,Camera Link,,,,"External I/O (15 pin D-Sub, fem.)",,CP000600-D02-030-0450,,IP50,Camera Link (MDR),manual,"manual, auto","Brightness and Contrast, Gamma, Flash (Multi field imaging)","freerun, internal, software-trigger, software, external-trigger, external, line-trigger, frame-trigger, encoder",Yes,"manual, auto",,,,,3 × 8 Bit color,18 kHz,,,No separate memory space
Allied Vision,allpixa-pro,allPIXA pro 4k,allPIXA pro Camera Link,Available,Line scan 2D,Color,Visible,400 nm to 1000 nm,"4,096 × 3 lines",,ccd,,,10.00 µm × 10.00 µm,,,,,,12 to 24 VDC,External: 19 W,,102 × 77 × 100,-,1000 g,,4 KByte,"camera link @ 85 mhz full, medium, base",,,,,Camera Link,,,,"External IO (15 pin D-Sub, female)",,CP000476-4096-S,,IP50,Camera Link (MDR),manual,"auto, manual",,,,"auto, manual",,,,,3× 8/10 Bit color,50.8 kHz,,,
Allied Vision,allpixa-pro,allPIXA pro 5k,allPIXA pro Camera Link,Available,Line scan 2D,Color,Visible,400 nm to 1000 nm,"5,120 × 3 lines",,ccd,,,10.00 µm × 10.00 µm,,,,,,12 to 24 VDC,External: 19 W,,102 × 77 × 100,-,1000 g,,4 KByte,"camera link @ 85 mhz full, medium, base",,,,,Camera Link,,,,"External IO (15 pin D-Sub, female)",,CP000476-5120-W,,IP50,Camera Link (MDR),manual,"auto, manual",,,,"auto, manual",,,,,3× 8/10 Bit color,40 kHz,,,
Allied Vision,allpixa-pro,allPIXA pro 6000px,allPIXA pro Camera Link,Available,Line scan 2D,Color,Visible,400 nm to 1000 nm,"6,000 × 3 lines",,ccd,,,10.00 µm × 10.00 µm,,,,,,12 to 24 VDC,External: 19 W,,102 × 77 × 100,-,1000 g,,4 KByte,"camera link @ 85 mhz full, medium, base",,,,,Camera Link,,,,"External IO (15 pin D-Sub, female)",,CP000476-6000-W,,IP50,Camera Link (MDR),manual,"auto, manual",,,,"auto, manual",,,,,3× 8/10 Bit color,34 kHz,,,
Allied Vision,allpixa-pro,allPIXA pro 7.3k,allPIXA pro Camera Link,Available,Line scan 2D,Color,Visible,400 nm to 1000 nm,"7,300 × 3 lines",,ccd,,,10.00 µm × 10.00 µm,,,,,,12 to 24 VDC,External: 19 W,,102 × 77 × 100,-,1000 g,,4 KByte,"camera link @ 85 mhz full, medium, base",,,,,Camera Link,,,,"External IO (15 pin D-Sub, female)",,CP000476-7300-W,,IP50,Camera Link (MDR),manual,"auto, manual",,,,"auto, manual",,,,,3× 8/10 Bit color,29 kHz,,,
Allied Vision,allpixa-swir,allPIXA SWIR 1k GigE C-Mount,allPIXA SWIR GigE,Available,Line scan 2D,Mono,SWIR,950 nm to 1700 nm,"1,024 × 1 lines",,cmos-ingaas,,,12.50 µm × 12.50 µm,,,,,,12 to 24 VDC,External: 6 W,,62 × 52 × 62,C-Mount,170 g,,,single gige,,,,,GigE Vision,,,,,,CP000700-IR-01k-GE-001,,IP40,RJ45,manual,"auto, manual",,,,,,,,,1 × 8/10/12 Bit mono,,40 kHz,,
Allied Vision,allpixa-swir,allPIXA SWIR 512 GigE C-Mount,allPIXA SWIR GigE,Available,Line scan 2D,Mono,SWIR,950 nm to 1700 nm,512 × 1 lines,,cmos-ingaas,,,25.00 µm × 25.00 µm,,,,,,12 to 24 V DC,6 W,,62 × 52 × 62,C-Mount,170 g,,,single gige,,,,,GigE Vision,,,,,,CP000700-IR-512-GE-001,,IP40,RJ45,manual,"auto, manual","gamma, lut",,,,,,,,1 × 8/10/12 Bit mono,,40 kHz,,
Allied Vision,chromapixa,chromaPIXA 4k,chromaPIXA Camera Link,Available,Line scan 2D,Color,Visible,1000 nm to 1000 nm,"4,096 × 3 lines",,ccd,,,,14-bit,,,,,12 to 24 VDC,External: 19 W,,102 × 77 × 100,-,1000 g,,4 KByte,"camera link @ 85 mhz full, medium, base",,,,,Camera Link,,,,"External IO (15 pin D-Sub, female)",,CP000584-4096,,IP50,Camera Link (MDR),manual,"manual, auto","Brightness and Contrast, Gamma, Flash (Multi field imaging)",,Yes,"manual, auto",,,,,3× 8/10 Bit color,50 kHz,,,
Allied Vision,chromapixa,chromaPIXA 7.3k,chromaPIXA Camera Link,Available,Line scan 2D,Color,Visible,1000 nm to 1000 nm,"7,300 × 3 lines",,ccd,,,,14-bit,,,,,12 to 24 VDC,External: 19 W,,102 × 77 × 100,-,1000 g,,4 KByte,"camera link @ 85 mhz full, medium, base",,,,,Camera Link,,,,"External IO (15 pin D-Sub, female)",,CP000584-7300,,IP50,Camera Link (MDR),manual,"manual, auto","Brightness and Contrast, Gamma, Flash (Multi field imaging)",,Yes,"manual, auto",,,,,3× 8/10 Bit color,29 kHz,,,
Allied Vision,allpixa-wave,allPIXA wave 15k CameraLink,allPIXA wave Camera Link,Available,Line scan 2D,Color,Visible,360 nm to 960 nm,"15,360 × 3 lines",,cmos,,,5.60 µm × 5.60 µm,,,,,,12 V – 24 V DC ± 10 %; 1 A @ 24 V,External: 24 W,,102 × 100 × 56,M95 × 1 mm,900 g,,16 KByte,"camera link @ 85 mhz full, medium, base",,,,,Camera Link,,,,"External I/O (15 pin D-Sub, fem.)",,CP000498-15,,IP50,Camera Link (MDR),manual,"auto, manuel",,,,"auto, manual",,,,,3 × 8/10/12 Bit color,18 kHz,,,
Allied Vision,allpixa-wave,allPIXA wave 15k CameraLink Mono,allPIXA wave Camera Link,Available,Line scan 2D,Mono,Visible,360 nm to 960 nm,"15,360 × 3 lines",,cmos,,,5.60 µm × 5.60 µm,,,,,,12 V – 24 V DC ± 10 %; 1 A @ 24 V,External: 24 W,,102 × 100 × 56,M95 × 1 mm,900 g,,16 KByte,"camera link @ 85 mhz full, medium, base",,,,,Camera Link,,,,"External I/O (15 pin D-Sub, fem.)",,CP000498-15k-M,,IP50,Camera Link (MDR),manual,"auto, manual",,,,"auto, manual",,,,,1 × 8/10/12 Bit mono,18 kHz,,,
