brand,model_name,slug,제조 업체,주문 번호,카메라 카테고리,카메라 시리즈,보증 (Warranty),센서 공급업체,센서,셔터,센서 타입,해상도 (HxV),픽셀 사이즈 HxV,라인 속도,모노크롬/컬러,빛스펙트럼,인터페이스,픽셀 비트 깊이,동기화,카메라 I/O 커넥터,전원 공급,하우징 종류,보호 등급,하우징 ‍사이즈 (L x W x H),무게 (Weight),렌즈 마운트,작동 온도,Basler,Conformity,제품군,제품 라인,센서 포맷,센서 대각선 길이,센서 크기,프레임 속도,카메라 데이터 커넥터,이미지 데이터 인터페이스,노출 제어,디지털 입력,범용 I/O,전원 요구사항 (일반적),측정된,양자 효율 (일반/최소),다크 노이즈 (일반/최대),포화 용량 (일반/최소),"다이나믹 레인지 (Dinamic Range, 일반/최소)",신호 대 노이즈비 (Signal to Noise Ratio)(일반/최소),기준,FOV (Field of View),심도(Depth) 이미지 해상도 및 FPS,측정 방식,"에고 모션(Ego-motion, IMU)",작업 범위,운영 체제,양산,소모 전력 PoE,해상도,디지털 출력,작동 중 주변 온도,Compression Beyond 사용시 프레임 속도,비디오 출력 유형,Camera Link ‍Clock,파장 (Wavelength),스트리밍 형식,정확도( Accuracy),템포럴 노이즈,지연 (Latency),조명 (Illumination),햇빛에서의 내구성,데이터 커넥터,전원 공급 장치,구성 요소,표준,프로그래밍 언어,타사 지원,마운팅 포인트,하우징 대체품,‍이미지 처리,양자 효율 - 녹색 (일반/최소),양자 효율 - 파란색 (일반/최소),양자 효율 - 빨간색 (일반/최소),납품 범위,심도(Depth) 해상도,작업 공간,초점 거리,프로세서 제조업체,수평 해상도(X축),높이 해상도 (Z축),배율,광원,이격 거리 (Clearance Distance),Heliotis,반복정밀도 (Z축),레이저 등급,Z축 선형성(+/- % of MR),스캔 속도,데이터포인트/프로파일,측정 거리,LMI,JAI
Basler,r2T16416-500cm,r2t16416-500cm,Basler,109680,라인 스캔 카메라,Basler racer 2 TDI,36개월,Gpixel,GLT5016BSI,Global Shutter,Hybrid CCD/CMOS,16416 px × 256 px,5 μm × 5 μm,500 kHz,Mono,Visible,CoaXPress-over-Fiber,8 bits / 10 bits / 12 bits,free-run / hardware trigger / software trigger,Hirose HR10A 12-pin plug,24V DC,Box,IP30,106 mm x 110 mm x 110 mm,1420 g,M90,0 °C - 50 °C,,"CE (incl. RoHS), GenICam, UKCA",,,,,,,,,,,,,,,,,,,,,,,,,,,,,,,,,,,,,,,,,,,,,,,,,,,,,,,,,,,,,,,,,,,,,,,
Basler,a2A5320-29mgc,a2a5320-29mgc,Basler,109737,에어리어 스캔 카메라,Basler ace 2,36개월,Sony,IMX542,Global Shutter,CMOS,5320 px × 3032 px,2.74 μm × 2.74 μm,,Color,Visible,GMSL2,8 bits / 10 bits / 12 bits,free-run / hardware trigger / software trigger,M8 6-Pin receptacle,PoC or 12-24VDC,Box,IP30,42.8 mm x 29 mm x 29 mm,85 g,C-mount,-10 °C - 60 °C,,"CE (incl. RoHS), FCC, GenICam, KC, UKCA, UL (in preparation)",ace 2 R,ace 2 R Basic,"1.1""",16.78 mm,14.58 mm × 8.31 mm,29 fpsCalculate individual frame rate,FAKRA-Z 50 Ω receptacle (GMSL2),GMSL2 6 Gbit/s,hardware trigger / programmable via the camera API,1,2,4.3 W,,,,,,,,,,,,,,,,,,,,,,,,,,,,,,,,,,,,,,,,,,,,,,,,,,,,,,,,,,,
Basler,a2A3536-37mgm,a2a3536-37mgm,Basler,109740,에어리어 스캔 카메라,Basler ace 2,36개월,Sony,IMX676,Rolling Shutter,CMOS,3536 px × 3536 px,2 μm × 2 μm,,Mono,Visible + NIR,GMSL2,8 bits / 10 bits / 12 bits,free-run / hardware trigger / software trigger,M8 6-Pin receptacle,PoC or 12-24VDC,Box,IP30,42.8 mm x 29 mm x 29 mm,85 g,C-mount,-10 °C - 60 °C,,"CE (incl. RoHS), FCC, GenICam, KC, UKCA, UL (in preparation)",ace 2 R,ace 2 R Basic,1/1.6,10 mm,7.1 mm × 7.1 mm,37 fpsCalculate individual frame rate,FAKRA-Z 50 Ω receptacle (GMSL2),GMSL2 6 Gbit/s,hardware trigger / programmable via the camera API,1,2,3.4 W,541 nm,91.7 % (typical),3.7 e¯ (typical),12.2 ke¯ (typical),68.4 dB (typical),40.5 dB (typical),,,,,,,,,,,,,,,,,,,,,,,,,,,,,,,,,,,,,,,,,,,,,,,,,,,,,
Basler,a2A1920-168mgm,a2a1920-168mgm,Basler,109732,에어리어 스캔 카메라,Basler ace 2,36개월,Sony,IMX392,Global Shutter,CMOS,1920 px × 1200 px,3.45 μm × 3.45 μm,,Mono,Visible,GMSL2,8 bits / 10 bits / 12 bits,free-run / hardware trigger / software trigger,M8 6-Pin receptacle,PoC or 12-24VDC,Box,IP30,42.8 mm x 29 mm x 29 mm,85 g,C-mount,-10 °C - 60 °C,,"CE (incl. RoHS), FCC, GenICam, KC, UKCA, UL (in preparation)",ace 2 R,ace 2 R Basic,"1/2.3""",7.82 mm,6.6 mm × 4.1 mm,168 fpsCalculate individual frame rate,FAKRA-Z 50 Ω receptacle (GMSL2),GMSL2 6 Gbit/s,hardware trigger / programmable via the camera API,1,2,3.4 W,,62.2 % (typical),2.5 e¯ (typical),10.4 ke¯ (typical),71.7 dB (typical),40.2 dB (typical),,,,,,,,,,,,,,,,,,,,,,,,,,,,,,,,,,,,,,,,,,,,,,,,,,,,,
Basler,a2A2448-90mgm,a2a2448-90mgm,Basler,109734,에어리어 스캔 카메라,Basler ace 2,36개월,Sony,IMX547,Global Shutter,CMOS,2448 px × 2048 px,2.74 μm × 2.74 μm,,Mono,Visible,GMSL2,8 bits / 10 bits / 12 bits,free-run / hardware trigger / software trigger,M8 6-Pin receptacle,PoC or 12-24VDC,Box,IP30,42.8 mm x 29 mm x 29 mm,85 g,C-mount,-10 °C - 60 °C,,"CE (incl. RoHS), FCC, GenICam, KC, UKCA, UL (in preparation)",ace 2 R,ace 2 R Basic,"1/1.8""",8.75 mm,6.71 mm × 5.61 mm,90 fpsCalculate individual frame rate,FAKRA-Z 50 Ω receptacle (GMSL2),GMSL2 6 Gbit/s,hardware trigger / programmable via the camera API,1,2,3.4 W,541 nm,65.8 % (typical),2.5 e¯ (typical),9.9 ke¯ (typical),70.1 dB (typical),39.9 dB (typical),,,,,,,,,,,,,,,,,,,,,,,,,,,,,,,,,,,,,,,,,,,,,,,,,,,,,
Basler,a2A5328-19mgm,a2a5328-19mgm,Basler,109739,,Basler ace 2,36개월,Sony,IMX540,Global Shutter,CMOS,5328 px × 4608 px,2.74 μm × 2.74 μm,,Color,Visible,GMSL2,8 bits / 10 bits / 12 bits,free-run / hardware trigger / software trigger,M8 6-Pin receptacle,PoC or 12-24VDC,Box,IP30,42.8 mm x 29 mm x 29 mm,85 g,C-mount,-10 °C - 60 °C,,"CE (incl. RoHS), FCC, GenICam, KC, UKCA, UL (in preparation)",ace 2 R,ace 2 R Basic,"1.2""",19.26 mm,14.57 mm × 12.6 mm,19 fps,FAKRA-Z 50 Ω receptacle (GMSL2),GMSL2 6 Gbit/s,hardware trigger / programmable via the camera API,1,2,4.3 W,541 nm,66.4 % (typical),2.1 e¯ (typical),99.6 ke¯ (typical),70.8 dB (typical),39.8 dB (typical),,,,,,,,,,,,,,,,,,,,,,,,,,,,,,,,,,,,,,,,,,,,,,,,,,,,,
Basler,a2A2448-90mgc,a2a2448-90mgc,Basler,109735,에어리어 스캔 카메라,Basler ace 2,36개월,Sony,IMX547,Global Shutter,CMOS,2448 px × 2048 px,2.74 μm × 2.74 μm,,Color,Visible,GMSL2,8 bits / 10 bits / 12 bits,free-run / hardware trigger / software trigger,M8 6-Pin receptacle,PoC or 12-24VDC,Box,IP30,42.8 mm x 29 mm x 29 mm,85 g,C-mount,-10 °C - 60 °C,,"CE (incl. RoHS), FCC, GenICam, KC, UKCA, UL (in preparation)",ace 2 R,ace 2 R Basic,"1/1.8""",8.75 mm,6.71 mm × 5.61 mm,90 fpsCalculate individual frame rate,FAKRA-Z 50 Ω receptacle (GMSL2),GMSL2 6 Gbit/s,hardware trigger / programmable via the camera API,1,2,3.9 W,,,,,,,,,,,,,,,,,,,,,,,,,,,,,,,,,,,,,,,,,,,,,,,,,,,,,,,,,,,
Basler,a2A1920-168mgc,a2a1920-168mgc,Basler,109733,에어리어 스캔 카메라,Basler ace 2,36개월,Sony,IMX392,Global Shutter,CMOS,1920 px × 1200 px,3.45 μm × 3.45 μm,,Color,Visible,GMSL2,8 bits / 10 bits / 12 bits,free-run / hardware trigger / software trigger,M8 6-Pin receptacle,PoC or 12-24VDC,Box,IP30,42.8 mm x 29 mm x 29 mm,85 g,C-mount,-10 °C - 60 °C,,"CE (incl. RoHS), FCC, GenICam, KC, UKCA, UL (in preparation)",ace 2 R,ace 2 R Basic,"1/2.3""",7.82 mm,6.6 mm × 4.1 mm,168 fpsCalculate individual frame rate,FAKRA-Z 50 Ω receptacle (GMSL2),GMSL2 6 Gbit/s,hardware trigger / programmable via the camera API,1,2,3.8 W,,,,,,,,,,,,,,,,,,,,,,,,,,,,,,,,,,,,,,,,,,,,,,,,,,,,,,,,,,,
Basler,a2A5320-29mgm,a2a5320-29mgm,Basler,109736,에어리어 스캔 카메라,Basler ace 2,36개월,Sony,IMX542,Global Shutter,CMOS,5320 px × 3032 px,2.74 μm × 2.74 μm,,Mono,Visible,GMSL2,8 bits / 10 bits / 12 bits,free-run / hardware trigger / software trigger,M8 6-Pin receptacle,PoC or 12-24VDC,Box,IP30,42.8 mm x 29 mm x 29 mm,85 g,C-mount,-10 °C - 60 °C,,"CE (incl. RoHS), FCC, GenICam, KC, UKCA, UL (in preparation)",ace 2 R,ace 2 R Basic,"1.1""",16.78 mm,14.58 mm × 8.31 mm,29 fpsCalculate individual frame rate,FAKRA-Z 50 Ω receptacle (GMSL2),GMSL2 6 Gbit/s,hardware trigger / programmable via the camera API,1,2,3.9 W,541 nm,65.7 % (typical),2.1 e¯ (typical),9.6 ke¯ (typical),70.9 dB (typical),39.8 dB (typical),,,,,,,,,,,,,,,,,,,,,,,,,,,,,,,,,,,,,,,,,,,,,,,,,,,,,
Basler,a2A5328-19mgc,a2a5328-19mgc,Basler,109738,에어리어 스캔 카메라,Basler ace 2,36개월,Sony,IMX540,Global Shutter,CMOS,5328 px × 4608 px,2.74 μm × 2.74 μm,,Mono,Visible,GMSL2,8 bits / 10 bits / 12 bits,free-run / hardware trigger / software trigger,M8 6-Pin receptacle,PoC or 12-24VDC,Box,IP30,42.8 mm x 29 mm x 29 mm,85 g,C-mount,-10 °C - 60 °C,,"CE (incl. RoHS), FCC, GenICam, KC, UKCA, UL (in preparation)",ace 2 R,ace 2 R Basic,"1.2""",19.26 mm,14.57 mm × 12.6 mm,19 fpsCalculate individual frame rate,FAKRA-Z 50 Ω receptacle (GMSL2),GMSL2 6 Gbit/s,hardware trigger / programmable via the camera API,1,2,3.9 W,541 nm,66.4 % (typical),2.1 e¯ (typical),99.6 ke¯ (typical),70.8 dB (typical),39.8 dB (typical),,,,,,,,,,,,,,,,,,,,,,,,,,,,,,,,,,,,,,,,,,,,,,,,,,,,,
Basler,a2A3536-37mgc,a2a3536-37mgc,Basler,109741,에어리어 스캔 카메라,Basler ace 2,36개월,Sony,IMX676,Rolling Shutter,CMOS,3536 px × 3536 px,2 μm × 2 μm,,Color,Visible,GMSL2,8 bits / 10 bits / 12 bits,free-run / hardware trigger / software trigger,M8 6-Pin receptacle,PoC or 12-24VDC,Box,IP30,42.8 mm x 29 mm x 29 mm,85 g,C-mount,-10 °C - 60 °C,,"CE (incl. RoHS), FCC, GenICam, KC, UKCA, UL (in preparation)",ace 2 R,ace 2 R Basic,1/1.6,10 mm,7.1 mm × 7.1 mm,37 fpsCalculate individual frame rate,FAKRA-Z 50 Ω receptacle (GMSL2),GMSL2 6 Gbit/s,hardware trigger / programmable via the camera API,1,2,3.9 W,,,,,,,,,,,,,,,,,,,,,,,,,,,,,,,,,,,,,,,,,,,,,,,,,,,,,,,,,,,
Basler,STM-955g,stm-955g,Basler,2200002839,3D 카메라,Basler Stereo Camera,36개월,,,Global Shutter,,1280 px × 800 px,,,,,GigE,,,M12 A-coded 8-pin receptacle (power & I/O),PoE (IEEE 802.3af) / DC 9-24V (≥ 2 A),,IP67,90 mm x 25 mm x 30 mm,520 g,,-10 °C - 50 °C,,"CE (incl. RoHS), FCC Class B, KC, REACH, UKCA, WEEE",Stereo mini,,,,,,M12 X-coded 8-pin receptacle (PoE/GigE),,,,,,,,,,,,95 mm,90° x 65° ± 3° @ 2m,1280 x 800 @ 10 fps / 640 x 480 at 20 fps,Stereo Vision,200 Hz. low latency,0.31 m - 10 m,"ARM Linux (AArch64) / Linux (x86_64) / Windows: 10, 11 (64bit)",,,,,,,,,,,,,,,,,,,,,,,,,,,,,,,,,,,,,,,,,,,,,,
Basler,STM-951g,stm-951g,Basler,2200002836,3D 카메라,Basler Stereo Camera,36개월,,,Global Shutter,,1280 px × 800 px,,,,,GigE,,,M8 A-coded 8-pin plug (power & I/O),PoE (IEEE 802.3af) / DC 9–24 V (≥ 1 A),,IP67,90 mm x 25 mm x 30 mm,220 g,,-10 °C - 45 °C,,"CE (incl. RoHS), FCC Class B, KC, REACH, UKCA, WEEE",Stereo mini,,,,,,M12 X-coded 8-pin receptacle (GigE),,,,,,,,,,,,95 mm,90° x 65° ± 3° @ 2m,1280 × 800 @ 30 fps / 848 x 480 @ 60 fps,Stereo Vision,200 Hz. low latency,0.25 m - 6 m,"ARM Linux (AArch64) / Linux (x86_64) / Windows: 10, 11 (64bit)",,,,,,,,,,,,,,,,,,,,,,,,,,,,,,,,,,,,,,,,,,,,,,
Basler,STM-502u,stm-502u,Basler,2200002834,3D 카메라,Basler Stereo Camera,36개월,,,Global Shutter,,1280 px × 800 px,,,,,USB 3.0,,,"8-pin pin header, single-row, 1.00 mm pitch",5 V DC via USB (requires port supporting 1.5 A),,IP5X,90 mm x 25 mm x 30 mm,97 g,,-10 °C - 45 °C,,"CE (incl. RoHS), FCC Class B, KC, REACH, UKCA, WEEE",Stereo mini,,,,,,USB 3.0 Type-C receptacle (lockable),,,,,,,,,,,,50 mm,90° x 65° ± 3° @ 2m,1280 × 800 @ 30 fps / 848 x 480 @ 60 fps,Stereo Vision,200 Hz. low latency,0.26 m - 3 m,"ARM Linux (AArch64) / Linux (x86_64) / Windows: 10, 11 (64bit)",,,,,,,,,,,,,,,,,,,,,,,,,,,,,,,,,,,,,,,,,,,,,,
Basler,STM-952u,stm-952u,Basler,2200002838,3D 카메라,Basler Stereo Camera,36개월,,,Global Shutter,,1280 px × 800 px,,,,,USB 3.0,,,"8-pin pin header, single-row, 1.00 mm pitch",5 V DC via USB (requires port supporting 1.5 A),,IP65,90 mm x 25 mm x 30 mm,135 g,,-10 °C - 45 °C,,"CE (incl. RoHS), FCC Class B, KC, REACH, UKCA, WEEE",Stereo mini,,,,,,USB 3.0 Type-C receptacle (lockable),,,,,,,,,,,,95 mm,90° x 65° ± 3° @ 2m,1280 × 800 @ 30 fps / 848 x 480 @ 60 fps,Stereo Vision,200 Hz. low latency,0.25 m - 6 m,"ARM Linux (AArch64) / Linux (x86_64) / Windows: 10, 11 (64bit)",,,,,,,,,,,,,,,,,,,,,,,,,,,,,,,,,,,,,,,,,,,,,,
Basler,STM-951u,stm-951u,Basler,2200002835,3D 카메라,Basler Stereo Camera,36개월,,,Global Shutter,,1280 px × 800 px,,,,,USB 3.0,,,"8-pin pin header, single-row, 1.00 mm pitch",5 V DC via USB (requires port supporting 1.5 A),,IP65,90 mm x 25 mm x 30 mm,135 g,,-10 °C - 45 °C,,"CE (incl. RoHS), FCC Class B, KC, REACH, UKCA, WEEE",Stereo mini,,,,,,USB 3.0 Type-C receptacle (lockable),,,,,,,,,,,,95 mm,90° x 65° ± 3° @ 2m,1280 × 800 @ 30 fps / 848 x 480 @ 60 fps,Stereo Vision,200 Hz. low latency,0.25 m - 6 m,"ARM Linux (AArch64) / Linux (x86_64) / Windows: 10, 11 (64bit)",,,,,,,,,,,,,,,,,,,,,,,,,,,,,,,,,,,,,,,,,,,,,,
Basler,STM-501u,stm-501u,Basler,2200002833,3D 카메라,Basler Stereo Camera,36개월,,,Global Shutter,,1280 px × 800 px,,,,,USB 3.0,,,"8-pin pin header, single-row, 1.00 mm pitch",5 V DC via USB (requires port supporting 1.5 A),,IP5X,90 mm x 25 mm x 30 mm,97 g,,-10 °C - 45 °C,,"CE (incl. RoHS), FCC Class B, KC, REACH, UKCA, WEEE",Stereo mini,,,,,,USB 3.0 Type-C receptacle (lockable),,,,,,,,,,,,50 mm,90° x 65° ± 3° @ 2m,1280 × 800 @ 30 fps / 848 x 480 @ 60 fps,Stereo Vision,200 Hz. low latency,0.26 m - 3 m,"ARM Linux (AArch64) / Linux (x86_64) / Windows: 10, 11 (64bit)",,,,,,,,,,,,,,,,,,,,,,,,,,,,,,,,,,,,,,,,,,,,,,
Basler,a2A2464-115g5mBAS,a2a2464-115g5mbas,Basler,109774,에어리어 스캔 카메라,Basler ace 2,36개월,OmniVision,OG05C,Global Shutter,CMOS,2448 px × 2048 px,3.45 μm × 3.45 μm,,Mono,Visible + NIR,5GigE,8 bits / 10 bits / 12 bits,free-run / hardware trigger / software trigger,M8 6-Pin receptacle,12-24 VDC,Box,IP30,55.5 mm x 29 mm x 29 mm,100 g,C-mount,-10 °C - 50 °C,,"CE (incl. RoHS), FCC, GenICam, GigE Vision 2.0, IP30, KC, RoHS, UKCA, UL",ace 2 R,ace 2 R Basic,"2/3""",11.02 mm,8.45 mm × 7.07 mm,115 fpsCalculate individual frame rate,RJ45 receptacle (GigE),"Fast Ethernet (100 Mbit/s), Gigabit Ethernet (1000 Mbit/s), 2.5 Gigabit Ethernet (2500 Mbit/s), 5 Gigabit Ethernet (5000 Mbit/s)",hardware trigger / programmable via the camera API,1,2,5.2 W,525 nm,85.1 % (typical),13.1 e¯ (typical),33.8 ke¯ (typical),67.8 dB (typical),45.3 dB (typical),,,,,,,,now,,,,,,,,,,,,,,,,,,,,,,,,,,,,,,,,,,,,,,,,,,,,,
Basler,a2A2464-23gmPRO,a2a2464-23gmpro,Basler,109772,에어리어 스캔 카메라,Basler ace 2,36개월,OmniVision,OG05C,Global Shutter,CMOS,2448 px × 2048 px,3.45 μm × 3.45 μm,,Mono,Visible + NIR,GigE,8 bits / 10 bits / 12 bits,free-run / hardware trigger / software trigger,M8 6-Pin receptacle,PoE or 12-24 VDC,Box,IP30,55.5 mm x 29 mm x 29 mm,100 g,C-mount,-10 °C - 50 °C,,"CE (incl. RoHS), FCC, GenICam, GigE Vision 2.0, IP30, KC, RoHS, UKCA, UL",ace 2 R,ace 2 R Pro,"2/3""",11.02 mm,8.45 mm × 7.07 mm,23 fpsCalculate individual frame rate,RJ45 receptacle (GigE),"Fast Ethernet (100 Mbit/s), Gigabit Ethernet (1000 Mbit/s)",hardware trigger / programmable via the camera API,1,2,2.8 W,525 nm,85.1 % (typical),13.1 e¯ (typical),33.8 ke¯ (typical),67.8 dB (typical),45.3 dB (typical),,,,,,,,now,4 W,,,,,,,,,,,,,,,,,,,,,,,,,,,,,,,,,,,,,,,,,,,,
Basler,a2A2464-23gmBAS,a2a2464-23gmbas,Basler,109770,에어리어 스캔 카메라,Basler ace 2,36개월,OmniVision,OG05C,Global Shutter,CMOS,2448 px × 2048 px,3.45 μm × 3.45 μm,,Mono,Visible + NIR,GigE,8 bits / 10 bits / 12 bits,free-run / hardware trigger / software trigger,M8 6-Pin receptacle,PoE or 12-24 VDC,Box,IP30,55.5 mm x 29 mm x 29 mm,100 g,C-mount,-10 °C - 60 °C,,"CE (incl. RoHS), FCC, GenICam, GigE Vision 2.0, IP30, KC, RoHS, UKCA, UL",ace 2 R,ace 2 R Basic,"2/3""",11.02 mm,8.45 mm × 7.07 mm,23 fpsCalculate individual frame rate,RJ45 receptacle (GigE),"Fast Ethernet (100 Mbit/s), Gigabit Ethernet (1000 Mbit/s)",hardware trigger / programmable via the camera API,1,2,2.7 W,525 nm,85.1 % (typical),13.1 e¯ (typical),33.8 ke¯ (typical),67.8 dB (typical),45.3 dB (typical),,,,,,,,now,3.8 W,,,,,,,,,,,,,,,,,,,,,,,,,,,,,,,,,,,,,,,,,,,,
Basler,a2A2464-23gcBAS,a2a2464-23gcbas,Basler,109771,에어리어 스캔 카메라,Basler ace 2,36개월,OmniVision,OG05C,Global Shutter,CMOS,2448 px × 2048 px,3.45 μm × 3.45 μm,,Color,Visible + NIR,GigE,8 bits / 10 bits / 12 bits,free-run / hardware trigger / software trigger,M8 6-Pin receptacle,PoE or 12-24 VDC,Box,IP30,55.5 mm x 29 mm x 29 mm,100 g,C-mount,-10 °C - 60 °C,,"CE (incl. RoHS), FCC, GenICam, GigE Vision 2.0, IP30, KC, RoHS, UKCA, UL",ace 2 R,ace 2 R Basic,"2/3""",11.02 mm,8.45 mm × 7.07 mm,23 fpsCalculate individual frame rate,RJ45 receptacle (GigE),"Fast Ethernet (100 Mbit/s), Gigabit Ethernet (1000 Mbit/s)",hardware trigger / programmable via the camera API,1,2,2.7 W,,,,,,,,,,,,,,now,3.9 W,,,,,,,,,,,,,,,,,,,,,,,,,,,,,,,,,,,,,,,,,,,,
Basler,a2A2464-23gcPRO,a2a2464-23gcpro,Basler,109773,에어리어 스캔 카메라,Basler ace 2,36개월,OmniVision,OG05C,Global Shutter,CMOS,2448 px × 2048 px,3.45 μm × 3.45 μm,,Color,Visible + NIR,GigE,8 bits / 10 bits / 12 bits,free-run / hardware trigger / software trigger,M8 6-Pin receptacle,PoE or 12-24 VDC,Box,IP30,55.5 mm x 29 mm x 29 mm,100 g,C-mount,-10 °C - 50 °C,,"CE (incl. RoHS), FCC, GenICam, GigE Vision 2.0, IP30, KC, RoHS, UKCA, UL",ace 2 R,ace 2 R Pro,"2/3""",11.02 mm,8.45 mm × 7.07 mm,23 fpsCalculate individual frame rate,RJ45 receptacle (GigE),"Fast Ethernet (100 Mbit/s), Gigabit Ethernet (1000 Mbit/s)",hardware trigger / programmable via the camera API,1,2,3 W,,,,,,,,,,,,,,now,4.2 W,,,,,,,,,,,,,,,,,,,,,,,,,,,,,,,,,,,,,,,,,,,,
Basler,a2A2464-77umBAS,a2a2464-77umbas,Basler,109776,에어리어 스캔 카메라,Basler ace 2,36개월,OmniVision,OG05C,Global Shutter,CMOS,2448 px × 2048 px,3.45 μm × 3.45 μm,,Mono,Visible + NIR,USB 3.0,8 bits / 10 bits / 12 bits,free-run / hardware trigger / software trigger,M8 6-Pin receptacle,Via USB 3.0 interface,Box,IP30,42.8 mm x 29 mm x 29 mm,85 g,C-mount,-10 °C - 60 °C,,"CE (incl. RoHS), FCC, GenICam, IP30, KC, RoHS, UKCA, UL, USB3 Vision",ace 2 R,ace 2 R Basic,"2/3""",11.02 mm,8.45 mm × 7.07 mm,77 fpsCalculate individual frame rate,USB 3.0 Type Micro B receptacle,"USB 3.0, nominal max. 5 Gbit/s (SuperSpeed)",hardware trigger / programmable via the camera API,1,2,2.5 W,525 nm,85.1 % (typical),13.1 e¯ (typical),33.8 ke¯ (typical),67.8 dB (typical),45.3 dB (typical),,,,,,,,now,,,,,,,,,,,,,,,,,,,,,,,,,,,,,,,,,,,,,,,,,,,,,
Basler,a2A2464-77umPRO,a2a2464-77umpro,Basler,109778,에어리어 스캔 카메라,Basler ace 2,36개월,OmniVision,OG05C,Global Shutter,CMOS,2448 px × 2048 px,3.45 μm × 3.45 μm,,Mono,Visible + NIR,USB 3.0,8 bits / 10 bits / 12 bits,free-run / hardware trigger / software trigger,M8 6-Pin receptacle,Via USB 3.0 interface or 12-24 VDC,Box,IP30,42.8 mm x 29 mm x 29 mm,90 g,C-mount,-10 °C - 50 °C,,"CE (incl. RoHS), FCC, GenICam, IP30, KC, RoHS, UKCA, UL, USB3 Vision",ace 2 R,ace 2 R Pro,"2/3""",11.02 mm,8.45 mm × 7.07 mm,77 fpsCalculate individual frame rate,USB 3.0 Type Micro B receptacle,"USB 3.0, nominal max. 5 Gbit/s (SuperSpeed)",hardware trigger / programmable via the camera API,1,2,2.6 W,525 nm,85.1 % (typical),13.1 e¯ (typical),33.8 ke¯ (typical),67.8 dB (typical),45.3 dB (typical),,,,,,,,now,,,,,,,,,,,,,,,,,,,,,,,,,,,,,,,,,,,,,,,,,,,,,
Basler,a2A2464-77ucBAS,a2a2464-77ucbas,Basler,109777,에어리어 스캔 카메라,Basler ace 2,36개월,OmniVision,OG05C,Global Shutter,CMOS,2448 px × 2048 px,3.45 μm × 3.45 μm,,Color,Visible + NIR,USB 3.0,8 bits / 10 bits / 12 bits,free-run / hardware trigger / software trigger,M8 6-Pin receptacle,Via USB 3.0 interface,Box,IP30,42.8 mm x 29 mm x 29 mm,85 g,C-mount,-10 °C - 60 °C,,"CE (incl. RoHS), FCC, GenICam, IP30, KC, RoHS, UKCA, UL, USB3 Vision",ace 2 R,ace 2 R Basic,"2/3""",11.02 mm,8.45 mm × 7.07 mm,77 fpsCalculate individual frame rate,USB 3.0 Type Micro B receptacle,"USB 3.0, nominal max. 5 Gbit/s (SuperSpeed)",hardware trigger / programmable via the camera API,1,2,2.7 W,,,,,,,,,,,,,,now,,,,,,,,,,,,,,,,,,,,,,,,,,,,,,,,,,,,,,,,,,,,,
Basler,a2A2464-77ucPRO,a2a2464-77ucpro,Basler,109779,에어리어 스캔 카메라,Basler ace 2,36개월,OmniVision,OG05C,Global Shutter,CMOS,2448 px × 2048 px,3.45 μm × 3.45 μm,,Color,Visible + NIR,USB 3.0,8 bits / 10 bits / 12 bits,free-run / hardware trigger / software trigger,M8 6-Pin receptacle,Via USB 3.0 interface or 12-24 VDC,Box,IP30,42.8 mm x 29 mm x 29 mm,90 g,C-mount,-10 °C - 50 °C,,"CE (incl. RoHS), FCC, GenICam, IP30, KC, RoHS, UKCA, UL, USB3 Vision",ace 2 R,ace 2 R Pro,"2/3""",11.02 mm,8.45 mm × 7.07 mm,77 fpsCalculate individual frame rate,USB 3.0 Type Micro B receptacle,"USB 3.0, nominal max. 5 Gbit/s (SuperSpeed)",hardware trigger / programmable via the camera API,1,2,3 W,,,,,,,,,,,,,,now,,,,,,,,,,,,,,,,,,,,,,,,,,,,,,,,,,,,,,,,,,,,,
Basler,a2A2464-115g5cBAS,a2a2464-115g5cbas,Basler,109775,에어리어 스캔 카메라,Basler ace 2,36개월,OmniVision,OG05C,Global Shutter,CMOS,2448 px × 2048 px,3.45 μm × 3.45 μm,,Color,Visible + NIR,5GigE,8 bits / 10 bits / 12 bits,free-run / hardware trigger / software trigger,M8 6-Pin receptacle,12-24 VDC,Box,IP30,55.5 mm x 29 mm x 29 mm,100 g,C-mount,-10 °C - 50 °C,,"CE (incl. RoHS), FCC, GenICam, GigE Vision 2.0, IP30, KC, RoHS, UKCA, UL",ace 2 R,ace 2 R Basic,"2/3""",11.02 mm,8.45 mm × 7.07 mm,115 fpsCalculate individual frame rate,RJ45 receptacle (GigE),"Fast Ethernet (100 Mbit/s), Gigabit Ethernet (1000 Mbit/s), 2.5 Gigabit Ethernet (2500 Mbit/s), 5 Gigabit Ethernet (5000 Mbit/s)",hardware trigger / programmable via the camera API,1,2,5.6 W,,,,,,,,,,,,,,now,,,,,,,,,,,,,,,,,,,,,,,,,,,,,,,,,,,,,,,,,,,,,
Basler,boA13440-19ccCST,boa13440-19cccst,Basler,109630,에어리어 스캔 카메라,Basler boost,36개월,Sony,IMX661,Global Shutter,CMOS,13376 px × 9528 px,3.45 μm × 3.45 μm,,Color,Visible,CoaXPress (CXP-12),,,,24V DC (via CoaXPress),,,54 mm x 90 mm x 90 mm,700 g,M72 x 0.75,,,KC,boost R,,"3.6""",56.73 mm,46.14 mm × 32.87 mm,19 fps,,CoaXPress (2.5–12.5 Gbps),,1,2,,,,,,,,,,,,,,,,,,,,,,,,,,,,,,,,,,,,,,,,,,,,,,,,,,,,,,,,,,,,
Basler,dmA2048-37gm (Mono),dma2048-37gm-mono,Basler,109480,에어리어 스캔 카메라,Basler dart,36개월,Sony,IMX900,Global Shutter,CMOS,2048 px × 1536 px,2.25 μm × 2.25 μm,,Mono,Visible + NIR,GigE,8 bits / 10 bits / 12 bits,,,5 VDC (camera module only) / 12 - 24 VDC (when using Interface Board AUX) / PoE (when using Interface Board PoE),Board Level,,27 mm x 27 mm x 13.9 mm,14 g,No-Mount,0 °C - 75 °C,,"CE (incl. RoHS), EAC, GenICam, GigE Vision 2.0, KC, RoHS, UKCA",dart M,,1/3.1'',5.81 mm,4.61 mm × 3.46 mm,37 fpsCalculate individual frame rate,,"Fast Ethernet (100 Mbit/s), Gigabit Ethernet (1000 Mbit/s)",hardware trigger / programmable via the camera API,1,1,,,,,9.9 ke¯ (typical),63.7 dB (typical),40 dB (typical),,,,,,,,,,3.2 MP,1,,,,,,,,,,,,,,,,,,,,,,,,,,,,,,,,,,,,,,,,,,
Basler,dmA2048-37gc (Color),dma2048-37gc-color,Basler,109481,에어리어 스캔 카메라,Basler dart,36개월,Sony,IMX900,Global Shutter,CMOS,2048 px × 1536 px,2.25 μm × 2.25 μm,,Color,Visible + NIR,GigE,8 bits / 10 bits / 12 bits,,,5 VDC (camera module only) / 12 - 24 VDC (when using Interface Board AUX) / PoE (when using Interface Board PoE),Board Level,,27 mm x 27 mm x 13.9 mm,14 g,No-Mount,0 °C - 75 °C,,"CE (incl. RoHS), EAC, GenICam, GigE Vision 2.0, KC, RoHS, UKCA",dart M,,1/3.1'',5.81 mm,4.61 mm × 3.46 mm,37 fpsCalculate individual frame rate,,"Fast Ethernet (100 Mbit/s), Gigabit Ethernet (1000 Mbit/s)",hardware trigger / programmable via the camera API,1,1,,,,,,,,,,,,,,,,,3.2 MP,1,,,,,,,,,,,,,,,,,,,,,,,,,,,,,,,,,,,,,,,,,,
Basler,a2A4096-9gcIP67,a2a4096-9gcip67,Basler,109655,에어리어 스캔 카메라,Basler ace 2,36개월,Sony,IMX545,Global Shutter,CMOS,4096 px × 3000 px,2.74 μm × 2.74 μm,,Color,Visible,GigE,8 bits / 10 bits / 12 bits,,M8 6-Pin receptacle,PoE or 12-24 VDC,Box,IP65/67 (with lens housing and cable),55.5 mm x 31 mm x 31 mm,72 g,C-mount,-10 °C - 60 °C,,"CE (incl. RoHS), EAC, FCC, GenICam, GigE Vision 2.0, IP65, IP67, KC, RoHS, UKCA, UL",ace 2 R,ace 2 R with IP67,"1/1.1""",13.91 mm,11.22 mm × 8.22 mm,9 fps,M12 X-coded 8-pin receptacle (GigE),"Fast Ethernet (100 Mbit/s), Gigabit Ethernet (1000 Mbit/s)",hardware trigger / programmable via the camera API,1,2,3 W,,,,,,,,,,,,,,,,12.3 MP,,-20 °C - 55 °C,,,,,,,,,,,,,,,,,,,,,,,,,,,,,,,,,,,,,,,,,
Basler,a2A2448-23gmIP67,a2a2448-23gmip67,Basler,109658,에어리어 스캔 카메라,Basler ace 2,36개월,Sony,IMX547,Global Shutter,CMOS,2448 px × 2048 px,2.74 μm × 2.74 μm,,Mono,Visible,GigE,8 bits / 10 bits / 12 bits,,M8 6-Pin receptacle,PoE or 12-24 VDC,Box,IP65/67 (with lens housing and cable),55.5 mm x 31 mm x 31 mm,72 g,C-mount,-10 °C - 60 °C,,"CE (incl. RoHS), EAC, FCC, GenICam, GigE Vision 2.0, IP65, IP67, KC, RoHS, UKCA, UL",ace 2 R,ace 2 R with IP67,"1/1.8""",8.75 mm,6.71 mm × 5.61 mm,23 fps,M12 X-coded 8-pin receptacle (GigE),"Fast Ethernet (100 Mbit/s), Gigabit Ethernet (1000 Mbit/s)",hardware trigger / programmable via the camera API,1,2,2.8 W,541 nm,65.8 % (typical),2.5 e¯ (typical),9.9 ke¯ (typical),70.1 dB (typical),39.9 dB (typical),,,,,,,,,,5 MP,,-20 °C - 55 °C,,,,,,,,,,,,,,,,,,,,,,,,,,,,,,,,,,,,,,,,,
Basler,a2A1920-51gmIP67,a2a1920-51gmip67,Basler,109660,에어리어 스캔 카메라,Basler ace 2,36개월,Sony,IMX392,Global Shutter,CMOS,1920 px × 1200 px,3.45 μm × 3.45 μm,,Mono,Visible,GigE,8 bits / 10 bits / 12 bits,,M8 6-Pin receptacle,PoE or 12-24 VDC,Box,IP65/67 (with lens housing and cable),55.5 mm x 31 mm x 31 mm,72 g,C-mount,-10 °C - 60 °C,,"CE (incl. RoHS), EAC, FCC, GenICam, GigE Vision 2.0, IP65, IP67, KC, RoHS, UKCA, UL",ace 2 R,ace 2 R with IP67,"1/2.3""",7.77 mm,6.6 mm × 4.1 mm,51 fps,M12 X-coded 8-pin receptacle (GigE),"Fast Ethernet (100 Mbit/s), Gigabit Ethernet (1000 Mbit/s)",hardware trigger / programmable via the camera API,1,2,3 W,541 nm,62.2 % (typical),2.6 e¯ (typical),10.5 ke¯ (typical),71.7 dB (typical),40.2 dB (typical),,,,,,,,,,2.3 MP,,-20 °C - 55 °C,,,,,,,,,,,,,,,,,,,,,,,,,,,,,,,,,,,,,,,,,
Basler,a2A1920-51gcIP67,a2a1920-51gcip67,Basler,109661,에어리어 스캔 카메라,Basler ace 2,36개월,Sony,IMX392,Global Shutter,CMOS,1920 px × 1200 px,3.45 μm × 3.45 μm,,Color,Visible,GigE,8 bits / 10 bits / 12 bits,,M8 6-Pin receptacle,PoE or 12-24 VDC,Box,IP65/67 (with lens housing and cable),55.5 mm x 31 mm x 31 mm,72 g,C-mount,-10 °C - 60 °C,,"CE (incl. RoHS), EAC, FCC, GenICam, GigE Vision 2.0, IP65, IP67, KC, RoHS, UKCA, UL",ace 2 R,ace 2 R with IP67,"1/2.3""",7.77 mm,6.6 mm × 4.1 mm,51 fps,M12 X-coded 8-pin receptacle (GigE),"Fast Ethernet (100 Mbit/s), Gigabit Ethernet (1000 Mbit/s)",hardware trigger / programmable via the camera API,1,2,3.1 W,,,,,,,,,,,,,,,,2.3 MP,,-20 °C - 55 °C,,,,,,,,,,,,,,,,,,,,,,,,,,,,,,,,,,,,,,,,,
Basler,a2A2448-23gcIP67,a2a2448-23gcip67,Basler,109659,에어리어 스캔 카메라,Basler ace 2,36개월,Sony,IMX547,Global Shutter,CMOS,2448 px × 2048 px,2.74 μm × 2.74 μm,,Color,Visible,GigE,8 bits / 10 bits / 12 bits,,M8 6-Pin receptacle,PoE or 12-24 VDC,Box,IP65/67 (with lens housing and cable),55.5 mm x 31 mm x 31 mm,72 g,C-mount,-10 °C - 60 °C,,"CE (incl. RoHS), EAC, FCC, GenICam, GigE Vision 2.0, IP65, IP67, KC, RoHS, UKCA, UL",ace 2 R,ace 2 R with IP67,"1/1.8""",8.75 mm,6.71 mm × 5.61 mm,23 fps,M12 X-coded 8-pin receptacle (GigE),"Fast Ethernet (100 Mbit/s), Gigabit Ethernet (1000 Mbit/s)",hardware trigger / programmable via the camera API,1,2,2.9 W,,,,,,,,,,,,,,,,5 MP,,-20 °C - 55 °C,,,,,,,,,,,,,,,,,,,,,,,,,,,,,,,,,,,,,,,,,
Basler,a2A4096-9gmIP67,a2a4096-9gmip67,Basler,109654,에어리어 스캔 카메라,Basler ace 2,36개월,Sony,IMX545,Global Shutter,CMOS,4096 px × 3000 px,2.74 μm × 2.74 μm,,Mono,Visible,GigE,8 bits / 10 bits / 12 bits,,M8 6-Pin receptacle,PoE or 12-24 VDC,Box,IP65/67 (with lens housing and cable),55.5 mm x 31 mm x 31 mm,72 g,C-mount,-10 °C - 60 °C,,"CE (incl. RoHS), EAC, FCC, GenICam, GigE Vision 2.0, IP65, IP67, KC, RoHS, UKCA, UL",ace 2 R,ace 2 R with IP67,"1/1.1""",13.91 mm,11.22 mm × 8.22 mm,9 fps,M12 X-coded 8-pin receptacle (GigE),"Fast Ethernet (100 Mbit/s), Gigabit Ethernet (1000 Mbit/s)",hardware trigger / programmable via the camera API,1,2,2.9 W,541 nm,66.8 % (typical),2.5 e¯ (typical),9.9 ke¯ (typical),70.2 dB (typical),40 dB (typical),,,,,,,,,,12.3 MP,,-20 °C - 55 °C,,,,,,,,,,,,,,,,,,,,,,,,,,,,,,,,,,,,,,,,,
Basler,a2A2840-14gmIP67,a2a2840-14gmip67,Basler,109656,에어리어 스캔 카메라,Basler ace 2,36개월,Sony,IMX546,Global Shutter,CMOS,2840 px × 2840 px,2.74 μm × 2.74 μm,,Mono,Visible,GigE,8 bits / 10 bits / 12 bits,,M8 6-Pin receptacle,PoE or 12-24 VDC,Box,IP65/67 (with lens housing and cable),55.5 mm x 31 mm x 31 mm,72 g,C-mount,-10 °C - 60 °C,,"CE (incl. RoHS), EAC, FCC, GenICam, GigE Vision 2.0, IP65, IP67, KC, RoHS, UKCA, UL",ace 2 R,ace 2 R with IP67,"2/3""",11 mm,7.78 mm × 7.78 mm,14 fps,M12 X-coded 8-pin receptacle (GigE),"Fast Ethernet (100 Mbit/s), Gigabit Ethernet (1000 Mbit/s)",hardware trigger / programmable via the camera API,1,2,2.8 W,541 nm,65.7 % (typical),2.4 e¯ (typical),9.8 ke¯ (typical),70.1 dB (typical),39.9 dB (typical),,,,,,,,,,8 MP,,-20 °C - 55 °C,,,,,,,,,,,,,,,,,,,,,,,,,,,,,,,,,,,,,,,,,
Basler,a2A2840-14gcIP67,a2a2840-14gcip67,Basler,109657,에어리어 스캔 카메라,Basler ace 2,36개월,Sony,IMX546,Global Shutter,CMOS,2840 px × 2840 px,2.74 μm × 2.74 μm,,Color,Visible,GigE,8 bits / 10 bits / 12 bits,,M8 6-Pin receptacle,PoE or 12-24 VDC,Box,IP65/67 (with lens housing and cable),55.5 mm x 31 mm x 31 mm,72 g,C-mount,-10 °C - 60 °C,,"CE (incl. RoHS), EAC, FCC, GenICam, GigE Vision 2.0, IP65, IP67, KC, RoHS, UKCA, UL",ace 2 R,ace 2 R with IP67,"2/3""",11 mm,7.78 mm × 7.78 mm,14 fps,M12 X-coded 8-pin receptacle (GigE),"Fast Ethernet (100 Mbit/s), Gigabit Ethernet (1000 Mbit/s)",hardware trigger / programmable via the camera API,1,2,2.9 W,,,,,,,,,,,,,,,,8 MP,,-20 °C - 55 °C,,,,,,,,,,,,,,,,,,,,,,,,,,,,,,,,,,,,,,,,,
Basler,a2A5328-4gmIP67,a2a5328-4gmip67,Basler,109648,에어리어 스캔 카메라,Basler ace 2,36개월,Sony,IMX540,Global Shutter,CMOS,5328 px × 4608 px,2.74 μm × 2.74 μm,,Mono,Visible,GigE,8 bits / 10 bits / 12 bits,,M8 6-Pin receptacle,PoE or 12-24 VDC,Box,IP65/67 (with lens housing and cable),55.5 mm x 31 mm x 31 mm,72 g,C-mount,-10 °C - 60 °C,,"CE (incl. RoHS), EAC, FCC, GenICam, GigE Vision 2.0, IP65, IP67, KC, RoHS, UKCA, UL",ace 2 R,ace 2 R with IP67,"1.2""",19.26 mm,14.57 mm × 12.6 mm,4 fps,M12 X-coded 8-pin receptacle (GigE),"Fast Ethernet (100 Mbit/s), Gigabit Ethernet (1000 Mbit/s)",hardware trigger / programmable via the camera API,1,2,2.9 W,541 nm,66.3 % (typical),2.2 e¯ (typical),9.7 ke¯ (typical),70.7 dB (typical),39.9 dB (typical),,,,,,,,,,24.4 MP,,-20 °C - 55 °C,,,,,,,,,,,,,,,,,,,,,,,,,,,,,,,,,,,,,,,,,
Basler,a2A4504-5gcIP67,a2a4504-5gcip67,Basler,109651,에어리어 스캔 카메라,Basler ace 2,36개월,Sony,IMX541,Global Shutter,CMOS,4504 px × 4504 px,2.74 μm × 2.74 μm,,Color,Visible,GigE,8 bits / 10 bits / 12 bits,,M8 6-Pin receptacle,PoE or 12-24 VDC,Box,IP65/67 (with lens housing and cable),55.5 mm x 31 mm x 31 mm,72 g,C-mount,-10 °C - 60 °C,,"CE (incl. RoHS), EAC, FCC, GenICam, GigE Vision 2.0, IP65, IP67, KC, RoHS, UKCA, UL",ace 2 R,ace 2 R with IP67,"1.1""",17.45 mm,12.34 mm × 12.34 mm,5 fps,M12 X-coded 8-pin receptacle (GigE),"Fast Ethernet (100 Mbit/s), Gigabit Ethernet (1000 Mbit/s)",hardware trigger / programmable via the camera API,1,2,3.2 W,,,,,,,,,,,,,,,,20.2 MP,,-20 °C - 55 °C,,,,,,,,,,,,,,,,,,,,,,,,,,,,,,,,,,,,,,,,,
Basler,a2A5320-7gmIP67,a2a5320-7gmip67,Basler,109652,에어리어 스캔 카메라,Basler ace 2,36개월,Sony,IMX542,Global Shutter,CMOS,5320 px × 3032 px,2.74 μm × 2.74 μm,,Mono,Visible,GigE,8 bits / 10 bits / 12 bits,,M8 6-Pin receptacle,PoE or 12-24 VDC,Box,IP65/67 (with lens housing and cable),55.5 mm x 31 mm x 31 mm,72 g,C-mount,-10 °C - 60 °C,,"CE (incl. RoHS), EAC, FCC, GenICam, GigE Vision 2.0, IP65, IP67, KC, RoHS, UKCA, UL",ace 2 R,ace 2 R with IP67,"1.1""",16.78 mm,14.58 mm × 8.31 mm,7 fps,M12 X-coded 8-pin receptacle (GigE),"Fast Ethernet (100 Mbit/s), Gigabit Ethernet (1000 Mbit/s)",hardware trigger / programmable via the camera API,1,2,2.9 W,541 nm,65.9 % (typical),2.2 e¯ (typical),9.7 ke¯ (typical),70.9 dB (typical),39.9 dB (typical),,,,,,,,,,16.1 MP,,-20 °C - 55 °C,,,,,,,,,,,,,,,,,,,,,,,,,,,,,,,,,,,,,,,,,
Basler,a2A5328-4gcIP67,a2a5328-4gcip67,Basler,109649,에어리어 스캔 카메라,Basler ace 2,36개월,Sony,IMX540,Global Shutter,CMOS,5328 px × 4608 px,2.74 μm × 2.74 μm,,Color,Visible,GigE,8 bits / 10 bits / 12 bits,,M8 6-Pin receptacle,PoE or 12-24 VDC,Box,IP65/67 (with lens housing and cable),55.5 mm x 31 mm x 31 mm,72 g,C-mount,-10 °C - 60 °C,,"CE (incl. RoHS), EAC, FCC, GenICam, GigE Vision 2.0, IP65, IP67, KC, RoHS, UKCA, UL",ace 2 R,ace 2 R with IP67,"1.2""",19.26 mm,14.57 mm × 12.6 mm,4 fps,M12 X-coded 8-pin receptacle (GigE),"Fast Ethernet (100 Mbit/s), Gigabit Ethernet (1000 Mbit/s)",hardware trigger / programmable via the camera API,1,2,3 W,,,,,,,,,,,,,,,,24.4 MP,,-20 °C - 55 °C,,,,,,,,,,,,,,,,,,,,,,,,,,,,,,,,,,,,,,,,,
Basler,a2A5320-7gcIP67,a2a5320-7gcip67,Basler,109653,에어리어 스캔 카메라,Basler ace 2,36개월,Sony,IMX542,Global Shutter,CMOS,5320 px × 3032 px,2.74 μm × 2.74 μm,,Color,Visible,GigE,8 bits / 10 bits / 12 bits,,M8 6-Pin receptacle,PoE or 12-24 VDC,Box,IP65/67 (with lens housing and cable),55.5 mm x 31 mm x 31 mm,72 g,C-mount,-10 °C - 60 °C,,"CE (incl. RoHS), EAC, FCC, GenICam, GigE Vision 2.0, IP65, IP67, KC, RoHS, UKCA, UL",ace 2 R,ace 2 R with IP67,"1.1""",16.78 mm,14.58 mm × 8.31 mm,7 fps,M12 X-coded 8-pin receptacle (GigE),"Fast Ethernet (100 Mbit/s), Gigabit Ethernet (1000 Mbit/s)",hardware trigger / programmable via the camera API,1,2,3.1 W,,,,,,,,,,,,,,,,16.1 MP,,-20 °C - 55 °C,,,,,,,,,,,,,,,,,,,,,,,,,,,,,,,,,,,,,,,,,
Basler,a2A4504-5gmIP67,a2a4504-5gmip67,Basler,109650,에어리어 스캔 카메라,Basler ace 2,36개월,Sony,IMX541,Global Shutter,CMOS,4504 px × 4504 px,2.74 μm × 2.74 μm,,Mono,Visible,GigE,8 bits / 10 bits / 12 bits,,M8 6-Pin receptacle,PoE or 12-24 VDC,Box,IP65/67 (with lens housing and cable),55.5 mm x 31 mm x 31 mm,72 g,C-mount,-10 °C - 60 °C,,"CE (incl. RoHS), EAC, FCC, GenICam, GigE Vision 2.0, IP65, IP67, KC, RoHS, UKCA, UL",ace 2 R,ace 2 R with IP67,"1.1""",17.45 mm,12.34 mm × 12.34 mm,5 fps,M12 X-coded 8-pin receptacle (GigE),"Fast Ethernet (100 Mbit/s), Gigabit Ethernet (1000 Mbit/s)",hardware trigger / programmable via the camera API,1,2,3.1 W,541 nm,66.2 % (typical),2.2 e¯ (typical),9.7 ke¯ (typical),70.9 dB (typical),39.9 dB (typical),,,,,,,,,,20.2 MP,,-20 °C - 55 °C,,,,,,,,,,,,,,,,,,,,,,,,,,,,,,,,,,,,,,,,,
Basler,r2L16384-120cm,r2l16384-120cm,Basler,109592,라인 스캔 카메라,Basler racer 2,36개월,Gpixel,GL3516,Global Shutter,CMOS,16384 px × 2 px,3.5 μm × 3.5 μm,120 kHzCalculate individual frame rate,Mono,Visible,CoaXPress (CXP-12),10 bits,free-run / hardware trigger / software trigger,,,Box,,36 mm x 80 mm x 90 mm,420 g,M72 x 0.75,0 °C - 50 °C,,"CE (incl. RoHS), CoaXPress 2.0, EAC, FCC, GenICam, KC, RoHS, UKCA",,,,,,,,,,3,,,,,,,,,,,,,,,,,,16k,3,,,,,,,,,,,,,,,,,,,,,,,,,,,,,,,,,,,,,,,,,,
Basler,r2L8192-80cc,r2l8192-80cc,Basler,108852,라인 스캔 카메라,Basler racer 2,36개월,Gpixel,GL7008,Global Shutter,CMOS,8192 px × 4 px,7 μm × 7 μm,80 kHzCalculate individual frame rate,Color,Visible,CoaXPress (CXP-12),10 bits / 12 bits,free-run / hardware trigger / software trigger,,,Box,,36 mm x 80 mm x 90 mm,420 g,M72 x 0.75,0 °C - 50 °C,,"CE (incl. RoHS), CoaXPress 2.0, EAC, FCC, GenICam, KC, RoHS, UKCA",,,,,,,,,,3,,,,,,,,,,,,,,,,,,8k,3,,,,,,,,,,,,,,,,,,,,,,,,,,,,,,,,,,,,,,,,,,
Basler,r2L16384-60cc,r2l16384-60cc,Basler,108854,라인 스캔 카메라,Basler racer 2,36개월,Gpixel,GL3516,Global Shutter,CMOS,16384 px × 2 px,3.5 μm × 3.5 μm,60 kHzCalculate individual frame rate,Color,Visible,CoaXPress (CXP-12),10 bits,free-run / hardware trigger / software trigger,,,Box,,36 mm x 80 mm x 90 mm,420 g,M72 x 0.75,0 °C - 50 °C,,"CE (incl. RoHS), CoaXPress 2.0, EAC, FCC, GenICam, KC, RoHS, UKCA",,,,,,,,,,3,,,,,,,,,,,,,,,,,,16k,3,,,,,,,,,,,,,,,,,,,,,,,,,,,,,,,,,,,,,,,,,,
Basler,r2L8192-240cm,r2l8192-240cm,Basler,109541,라인 스캔 카메라,Basler racer 2,36개월,Gpixel,GL7008,Global Shutter,CMOS,8192 px × 4 px,7 μm × 7 μm,240 kHzCalculate individual frame rate,Mono,Visible,CoaXPress (CXP-12),10 bits / 12 bits,free-run / hardware trigger / software trigger,,,Box,,36 mm x 80 mm x 90 mm,420 g,M72 x 0.75,0 °C - 50 °C,,"CE (incl. RoHS), CoaXPress 2.0, EAC, FCC, GenICam, KC, RoHS, UKCA",,,,,,,,,,3,,,,,,,,,,,,,,,,,,8k,3,,,,,,,,,,,,,,,,,,,,,,,,,,,,,,,,,,,,,,,,,,
Basler,a2A2560-131cmSWIR,a2a2560-131cmswir,Basler,109632,에어리어 스캔 카메라,Basler ace 2,36개월,Sony,IMX992,Global Shutter,InGaAs,2560 px × 2048 px,3.45 μm × 3.45 μm,,Mono,Visible + SWIR,CoaXPress (CXP-12),8 bits / 10 bits / 12 bits,free-run / hardware trigger / software trigger,M8 6-Pin receptacle,PoCXP,Box,IP30,42.8 mm x 29 mm x 29 mm,90 g,C-mount,0 °C - 50 °C,,"CE (incl. RoHS), CoaXPress 2.0, EAC, FCC, GenICam, IP30, KC, RoHS, UL",ace 2 X,ace 2 X visSWIR,"1/1,4''",11.4 mm,8.8 mm × 7.1 mm,131 fpsCalculate individual frame rate,HDBNC 75 Ω receptacle (CXP),CoaXPress (2.5–12.5 Gbps),hardware trigger / programmable via the camera API,1,2,,525 nm,,,,,,,,,,,,,,,5.2 MP,,,,,,,,,,,,,,,,,,,,,,,,,,,,,,,,,,,,,,,,,,,
Basler,a2A2048-173cmSWIR,a2a2048-173cmswir,Basler,109633,에어리어 스캔 카메라,Basler ace 2,36개월,Sony,IMX993,Global Shutter,InGaAs,2048 px × 1536 px,3.45 μm × 3.45 μm,,Mono,Visible + SWIR,CoaXPress (CXP-12),8 bits / 10 bits / 12 bits,free-run / hardware trigger / software trigger,M8 6-Pin receptacle,PoCXP,Box,IP30,42.8 mm x 29 mm x 29 mm,90 g,C-mount,0 °C - 50 °C,,"CE (incl. RoHS), CoaXPress 2.0, EAC, FCC, GenICam, IP30, KC, RoHS, UKCA, UL",ace 2 X,ace 2 X visSWIR,"1/1.8""",8.9 mm,7.1 mm × 5.3 mm,173 fpsCalculate individual frame rate,HDBNC 75 Ω receptacle (CXP),CoaXPress (2.5–12.5 Gbps),hardware trigger / programmable via the camera API,1,2,,525 nm,,,,,,,,,,,,,,,3.1 MP,,,,,,,,,,,,,,,,,,,,,,,,,,,,,,,,,,,,,,,,,,,
Basler,acA3800-10gm,aca3800-10gm,Basler,107538,에어리어 스캔 카메라,Basler ace,36개월,onsemi,MT9J003,Rolling Shutter,CMOS,3840 px × 2748 px,1.67 μm × 1.67 μm,,Mono,Visible,GigE,12 bits,,Hirose HR10A 6-pin plug,PoE or 12 VDC,Box,,42 mm x 29 mm x 29 mm,90 g,C-mount,0 °C - 50 °C,,"CE (incl. RoHS), EAC, FCC, GenICam, GigE Vision, IEEE 802.3af (PoE), IP30, KC, RoHS, UKCA, UL",ace Classic,ace Classic,"1/2.3""",7.93 mm,6.44 mm × 4.62 mm,10 fps,RJ45 receptacle (GigE),"Fast Ethernet (100 Mbit/s), Gigabit Ethernet (1000 Mbit/s)",programmable via the camera API,1,,3.3 W,,46 % (typical),6 e¯ (typical),2.8 ke¯ (typical),54 dB (typical),34 dB (typical),,,,,,,,,3.7 W,10 MP,,,,,,,,,,,,,,,,,,,,,,,,,,,,,,,,,,,,,,,,,,,
Basler,a2A2048-37gmPRO,a2a2048-37gmpro,Basler,109472,에어리어 스캔 카메라,Basler ace 2,36개월,Sony,IMX900,Global Shutter,CMOS,2048 px × 1536 px,2.25 μm × 2.25 μm,,Mono,Visible + NIR,GigE,8 bits / 10 bits / 12 bits,free-run / hardware trigger / software trigger,M8 6-Pin receptacle,PoE or 12-24 VDC,Box,IP30,55.5 mm x 29 mm x 29 mm,105 g,C-mount,-10 °C - 50 °C,,"CE (incl. RoHS), EAC, FCC, GenICam, GigE Vision 2.0, IP30, KC, RoHS, UKCA, UL (in preparation)",ace 2 R,ace 2 R Pro,1/3.1'',5.81 mm,4.61 mm × 3.46 mm,37 fpsCalculate individual frame rate,RJ45 receptacle (GigE),"Fast Ethernet (100 Mbit/s), Gigabit Ethernet (1000 Mbit/s)",hardware trigger / programmable via the camera API,1,2,,525 nm,86.8 % (typical),5.3 e¯ (typical),11.3 ke¯ (typical),64.5 dB (typical),39.9 dB (typical),,,,,,,,,,3.2 MP,,,up to 100 fps,,,,,,,,,,,,,,,,,,,,,,,,,,,,,,,,,,,,,,,,
Basler,a2A2048-37gcBAS,a2a2048-37gcbas,Basler,109471,에어리어 스캔 카메라,Basler ace 2,36개월,Sony,IMX900,Global Shutter,CMOS,2048 px × 1536 px,2.25 μm × 2.25 μm,,Color,Visible + NIR,GigE,8 bits / 10 bits / 12 bits,free-run / hardware trigger / software trigger,M8 6-Pin receptacle,PoE or 12-24 VDC,Box,IP30,55.5 mm x 29 mm x 29 mm,100 g,C-mount,-10 °C - 60 °C,,"CE (incl. RoHS), EAC, FCC, GenICam, GigE Vision 2.0, IP30, KC, RoHS, UKCA, UL (in preparation)",ace 2 R,ace 2 R Basic,1/3.1'',5.81 mm,4.61 mm × 3.46 mm,37 fpsCalculate individual frame rate,RJ45 receptacle (GigE),"Fast Ethernet (100 Mbit/s), Gigabit Ethernet (1000 Mbit/s)",hardware trigger / programmable via the camera API,1,2,,,,,,,,,,,,,,,,,3.2 MP,,,,,,,,,,,,,,,,,,,,,,,,,,,,,,,,,,,,,,,,,,,
Basler,a2A2048-114g5cBAS,a2a2048-114g5cbas,Basler,109479,에어리어 스캔 카메라,Basler ace 2,36개월,Sony,IMX900,Global Shutter,CMOS,2048 px × 1536 px,2.25 μm × 2.25 μm,,Color,Visible + NIR,5GigE,8 bits / 10 bits / 12 bits,free-run / hardware trigger / software trigger,M8 6-Pin receptacle,12-24 VDC,Box,IP30,55.5 mm x 29 mm x 29 mm,105 g,C-mount,-10 °C - 50 °C,,"CE (incl. RoHS), EAC, FCC, GenICam, GigE Vision 2.0, IP30, KC, RoHS, UKCA, UL (in preparation)",ace 2 R,ace 2 R Basic,1/3.1'',5.81 mm,4.61 mm × 3.46 mm,114 fpsCalculate individual frame rate,RJ45 receptacle (GigE),"Fast Ethernet (100 Mbit/s), Gigabit Ethernet (1000 Mbit/s), 2.5 Gigabit Ethernet (2500 Mbit/s), 5 Gigabit Ethernet (5000 Mbit/s)",hardware trigger / programmable via the camera API,1,2,,,,,,,,,,,,,,,,,3.2 MP,,,,,,,,,,,,,,,,,,,,,,,,,,,,,,,,,,,,,,,,,,,
Basler,a2A2048-114umPRO,a2a2048-114umpro,Basler,109476,에어리어 스캔 카메라,Basler ace 2,36개월,Sony,IMX900,Global Shutter,CMOS,2048 px × 1536 px,2.25 μm × 2.25 μm,,Mono,Visible + NIR,USB 3.0,8 bits / 10 bits / 12 bits,free-run / hardware trigger / software trigger,M8 6-Pin receptacle,Via USB 3.0 interface or 12-24 VDC,Box,IP30,42.8 mm x 29 mm x 29 mm,90 g,C-mount,-10 °C - 50 °C,,"CE (incl. RoHS), EAC, FCC, GenICam, IP30, KC, RoHS, UKCA, UL (in preparation), USB3 Vision",ace 2 R,ace 2 R Pro,1/3.1'',5.81 mm,4.61 mm × 3.46 mm,114 fpsCalculate individual frame rate,USB 3.0 Type Micro B receptacle,"USB 3.0, nominal max. 5 Gbit/s (SuperSpeed)",hardware trigger / programmable via the camera API,1,2,,525 nm,86.1 % (typical),5.3 e¯ (typical),11.4 ke¯ (typical),64.5 dB (typical),39.9 dB (typical),,,,,,,,,,3.2 MP,,,up to 168 fps,,,,,,,,,,,,,,,,,,,,,,,,,,,,,,,,,,,,,,,,
Basler,a2A2048-37gmBAS,a2a2048-37gmbas,Basler,109470,에어리어 스캔 카메라,Basler ace 2,36개월,Sony,IMX900,Global Shutter,CMOS,2048 px × 1536 px,2.25 μm × 2.25 μm,,Mono,Visible + NIR,GigE,8 bits / 10 bits / 12 bits,free-run / hardware trigger / software trigger,M8 6-Pin receptacle,PoE or 12-24 VDC,Box,IP30,55.5 mm x 29 mm x 29 mm,100 g,C-mount,-10 °C - 60 °C,,"CE (incl. RoHS), EAC, FCC, GenICam, GigE Vision 2.0, IP30, KC, RoHS, UKCA, UL (in preparation)",ace 2 R,ace 2 R Basic,1/3.1'',5.81 mm,4.61 mm × 3.46 mm,37 fpsCalculate individual frame rate,RJ45 receptacle (GigE),"Fast Ethernet (100 Mbit/s), Gigabit Ethernet (1000 Mbit/s)",hardware trigger / programmable via the camera API,1,2,,525 nm,86.8 % (typical),5.3 e¯ (typical),9.8 ke¯ (typical),64.5 dB (typical),40 dB (typical),,,,,,,,,,3.2 MP,,,,,,,,,,,,,,,,,,,,,,,,,,,,,,,,,,,,,,,,,,,
Basler,a2A2048-114ucBAS,a2a2048-114ucbas,Basler,109475,에어리어 스캔 카메라,Basler ace 2,36개월,Sony,IMX900,Global Shutter,CMOS,2048 px × 1536 px,2.25 μm × 2.25 μm,,Color,Visible + NIR,USB 3.0,8 bits / 10 bits / 12 bits,free-run / hardware trigger / software trigger,M8 6-Pin receptacle,Via USB 3.0 interface,Box,IP30,42.8 mm x 29 mm x 29 mm,85 g,C-mount,-10 °C - 60 °C,,"CE (incl. RoHS), EAC, FCC, GenICam, IP30, KC, RoHS, UKCA, UL (in preparation), USB3 Vision",ace 2 R,ace 2 R Basic,1/3.1'',5.81 mm,4.61 mm × 3.46 mm,114 fpsCalculate individual frame rate,USB 3.0 Type Micro B receptacle,"USB 3.0, nominal max. 5 Gbit/s (SuperSpeed)",hardware trigger / programmable via the camera API,1,2,,,,,,,,,,,,,,,,,3.2 MP,,,,,,,,,,,,,,,,,,,,,,,,,,,,,,,,,,,,,,,,,,,
Basler,a2A2048-37gcPRO,a2a2048-37gcpro,Basler,109473,에어리어 스캔 카메라,Basler ace 2,36개월,Sony,IMX900,Global Shutter,CMOS,2048 px × 1536 px,2.25 μm × 2.25 μm,,Color,Visible + NIR,GigE,8 bits / 10 bits / 12 bits,free-run / hardware trigger / software trigger,M8 6-Pin receptacle,PoE or 12-24 VDC,Box,IP30,55.5 mm x 29 mm x 29 mm,105 g,C-mount,-10 °C - 50 °C,,"CE (incl. RoHS), EAC, FCC, GenICam, GigE Vision 2.0, IP30, KC, RoHS, UKCA, UL (in preparation)",ace 2 R,ace 2 R Pro,1/3.1'',5.81 mm,4.61 mm × 3.46 mm,37 fpsCalculate individual frame rate,RJ45 receptacle (GigE),"Fast Ethernet (100 Mbit/s), Gigabit Ethernet (1000 Mbit/s)",hardware trigger / programmable via the camera API,1,2,,,,,,,,,,,,,,,,,3.2 MP,,,up to 100 fps,,,,,,,,,,,,,,,,,,,,,,,,,,,,,,,,,,,,,,,,
Basler,a2A2048-114umBAS,a2a2048-114umbas,Basler,109474,에어리어 스캔 카메라,Basler ace 2,36개월,Sony,IMX900,Global Shutter,CMOS,2048 px × 1536 px,2.25 μm × 2.25 μm,,Mono,Visible + NIR,USB 3.0,8 bits / 10 bits / 12 bits,free-run / hardware trigger / software trigger,M8 6-Pin receptacle,Via USB 3.0 interface,Box,IP30,42.8 mm x 29 mm x 29 mm,85 g,C-mount,-10 °C - 60 °C,,"CE (incl. RoHS), EAC, FCC, GenICam, IP30, KC, RoHS, UKCA, UL (in preparation), USB3 Vision",ace 2 R,ace 2 R Basic,1/3.1'',5.81 mm,4.61 mm × 3.46 mm,114 fpsCalculate individual frame rate,USB 3.0 Type Micro B receptacle,"USB 3.0, nominal max. 5 Gbit/s (SuperSpeed)",hardware trigger / programmable via the camera API,1,2,,525 nm,86.1 % (typical),5.3 e¯ (typical),9.8 ke¯ (typical),65 dB (typical),40 dB (typical),,,,,,,,,,3.2 MP,,,,,,,,,,,,,,,,,,,,,,,,,,,,,,,,,,,,,,,,,,,
Basler,a2A2048-114g5mBAS,a2a2048-114g5mbas,Basler,109478,에어리어 스캔 카메라,Basler ace 2,36개월,Sony,IMX900,Global Shutter,CMOS,2048 px × 1536 px,2.25 μm × 2.25 μm,,Mono,Visible + NIR,5GigE,8 bits / 10 bits / 12 bits,free-run / hardware trigger / software trigger,M8 6-Pin receptacle,12-24 VDC,Box,IP30,55.5 mm x 29 mm x 29 mm,105 g,C-mount,-10 °C - 50 °C,,"CE (incl. RoHS), EAC, FCC, GenICam, GigE Vision 2.0, IP30, KC, RoHS, UKCA, UL (in preparation)",ace 2 R,ace 2 R Basic,1/3.1'',5.81 mm,4.61 mm × 3.46 mm,114 fpsCalculate individual frame rate,RJ45 receptacle (GigE),"Fast Ethernet (100 Mbit/s), Gigabit Ethernet (1000 Mbit/s), 2.5 Gigabit Ethernet (2500 Mbit/s), 5 Gigabit Ethernet (5000 Mbit/s)",hardware trigger / programmable via the camera API,1,2,,525 nm,86.4 % (typical),5.4 e¯ (typical),12 ke¯ (typical),66.2 dB (typical),41 dB (typical),,,,,,,,,,3.2 MP,,,,,,,,,,,,,,,,,,,,,,,,,,,,,,,,,,,,,,,,,,,
Basler,a2A2048-114ucPRO,a2a2048-114ucpro,Basler,109477,에어리어 스캔 카메라,Basler ace 2,36개월,Sony,IMX900,Global Shutter,CMOS,2048 px × 1536 px,2.25 μm × 2.25 μm,,Color,Visible + NIR,USB 3.0,8 bits / 10 bits / 12 bits,free-run / hardware trigger / software trigger,M8 6-Pin receptacle,Via USB 3.0 interface or 12-24 VDC,Box,IP30,42.8 mm x 29 mm x 29 mm,90 g,C-mount,-10 °C - 50 °C,,"CE (incl. RoHS), EAC, FCC, GenICam, IP30, KC, RoHS, UKCA, UL (in preparation), USB3 Vision",ace 2 R,ace 2 R Pro,1/3.1'',5.81 mm,4.61 mm × 3.46 mm,114 fpsCalculate individual frame rate,USB 3.0 Type Micro B receptacle,"USB 3.0, nominal max. 5 Gbit/s (SuperSpeed)",hardware trigger / programmable via the camera API,1,2,,,,,,,,,,,,,,,,,3.2 MP,,,up to 168 fps,,,,,,,,,,,,,,,,,,,,,,,,,,,,,,,,,,,,,,,,
Basler,dmA4096-9gc (Color),dma4096-9gc-color,Basler,109465,에어리어 스캔 카메라,Basler dart,36개월,Sony,IMX545,Global Shutter,CMOS,4096 px × 3000 px,2.74 μm × 2.74 μm,,Color,Visible,GigE,8 bits / 10 bits / 12 bits,,,5 VDC (camera module only) / 12 - 24 VDC (when using Interface Board AUX) / PoE (when using Interface Board PoE),Board Level,,27 mm x 27 mm x 13.9 mm,14 g,No-Mount,0 °C - 75 °C,,"CE (incl. RoHS), EAC, GenICam, GigE Vision 2.0, KC, RoHS, UKCA",dart M,,"1/1.1""",13.91 mm,11.22 mm × 8.22 mm,9 fpsCalculate individual frame rate,,"Fast Ethernet (100 Mbit/s), Gigabit Ethernet (1000 Mbit/s)",hardware trigger / programmable via the camera API,1,1,,,,,,,,,,,,,,,,,12.3 MP,1,,,,,,,,,,,,,,,,,,,,,,,,,,,,,,,,,,,,,,,,,,
Basler,dmA2448-23gm (Mono),dma2448-23gm-mono,Basler,109468,에어리어 스캔 카메라,Basler dart,36개월,Sony,IMX547,Global Shutter,CMOS,2448 px × 2048 px,2.74 μm × 2.74 μm,,Mono,Visible,GigE,8 bits / 10 bits / 12 bits,,,5 VDC (camera module only) / 12 - 24 VDC (when using Interface Board AUX) / PoE (when using Interface Board PoE),Board Level,,27 mm x 27 mm x 13.9 mm,14 g,No-Mount,0 °C - 75 °C,,"CE (incl. RoHS), EAC, GenICam, GigE Vision 2.0, KC, RoHS, UKCA",dart M,,"1/1.8""",8.75 mm,6.71 mm × 5.61 mm,23 fpsCalculate individual frame rate,,"Fast Ethernet (100 Mbit/s), Gigabit Ethernet (1000 Mbit/s)",hardware trigger / programmable via the camera API,1,1,,,,,,,,,,,,,,,,,5.1 MP,1,,,,,,,,,,,,,,,,,,,,,,,,,,,,,,,,,,,,,,,,,,
Basler,dmA4096-9gm (Mono),dma4096-9gm-mono,Basler,109464,에어리어 스캔 카메라,Basler dart,36개월,Sony,IMX545,Global Shutter,CMOS,4096 px × 3000 px,2.74 μm × 2.74 μm,,Mono,Visible,GigE,8 bits / 10 bits / 12 bits,,,5 VDC (camera module only) / 12 - 24 VDC (when using Interface Board AUX) / PoE (when using Interface Board PoE),Board Level,,27 mm x 27 mm x 13.9 mm,14 g,No-Mount,0 °C - 75 °C,,"CE (incl. RoHS), EAC, GenICam, GigE Vision 2.0, KC, RoHS, UKCA",dart M,,"1/1.1""",13.91 mm,11.22 mm × 8.22 mm,9 fpsCalculate individual frame rate,,"Fast Ethernet (100 Mbit/s), Gigabit Ethernet (1000 Mbit/s)",hardware trigger / programmable via the camera API,1,1,,,,,,,,,,,,,,,,,12.3 MP,1,,,,,,,,,,,,,,,,,,,,,,,,,,,,,,,,,,,,,,,,,,
Basler,dmA2840-14gm (Mono),dma2840-14gm-mono,Basler,109466,에어리어 스캔 카메라,Basler dart,36개월,Sony,IMX546,Global Shutter,CMOS,2840 px × 2840 px,2.74 μm × 2.74 μm,,Mono,Visible,GigE,8 bits / 10 bits / 12 bits,,,5 VDC (camera module only) / 12 - 24 VDC (when using Interface Board AUX) / PoE (when using Interface Board PoE),Board Level,,27 mm x 27 mm x 13.9 mm,14 g,No-Mount,0 °C - 75 °C,,"CE (incl. RoHS), EAC, GenICam, GigE Vision 2.0, KC, RoHS, UKCA",dart M,,"2/3""",11 mm,7.78 mm × 7.78 mm,14 fpsCalculate individual frame rate,,"Fast Ethernet (100 Mbit/s), Gigabit Ethernet (1000 Mbit/s)",hardware trigger / programmable via the camera API,1,1,,,,,,,,,,,,,,,,,8.3 MP,1,,,,,,,,,,,,,,,,,,,,,,,,,,,,,,,,,,,,,,,,,,
Basler,dmA2840-14gc (Color),dma2840-14gc-color,Basler,109467,에어리어 스캔 카메라,Basler dart,36개월,Sony,IMX546,Global Shutter,CMOS,2840 px × 2840 px,2.74 μm × 2.74 μm,,Color,Visible,GigE,8 bits / 10 bits / 12 bits,,,5 VDC (camera module only) / 12 - 24 VDC (when using Interface Board AUX) / PoE (when using Interface Board PoE),Board Level,,27 mm x 27 mm x 13.9 mm,14 g,No-Mount,0 °C - 75 °C,,"CE (incl. RoHS), EAC, FCC, GenICam, GigE Vision 2.0, KC, RoHS, UKCA",dart M,,"2/3""",11 mm,7.78 mm × 7.78 mm,14 fpsCalculate individual frame rate,,"Fast Ethernet (100 Mbit/s), Gigabit Ethernet (1000 Mbit/s)",hardware trigger / programmable via the camera API,1,1,,,,,,,,,,,,,,,,,8.3 MP,1,,,,,,,,,,,,,,,,,,,,,,,,,,,,,,,,,,,,,,,,,,
Basler,dmA2448-23gc (Color),dma2448-23gc-color,Basler,109469,에어리어 스캔 카메라,Basler dart,36개월,Sony,IMX547,Global Shutter,CMOS,2448 px × 2048 px,2.74 μm × 2.74 μm,,Color,Visible,GigE,8 bits / 10 bits / 12 bits,,,5 VDC (camera module only) / 12 - 24 VDC (when using Interface Board AUX) / PoE (when using Interface Board PoE),Board Level,,27 mm x 27 mm x 13.9 mm,14 g,No-Mount,0 °C - 75 °C,,"CE (incl. RoHS), EAC, GenICam, GigE Vision 2.0, KC, RoHS, UKCA",dart M,,"1/1.8""",8.75 mm,6.71 mm × 5.61 mm,23 fpsCalculate individual frame rate,,"Fast Ethernet (100 Mbit/s), Gigabit Ethernet (1000 Mbit/s)",hardware trigger / programmable via the camera API,1,1,,,,,,,,,,,,,,,,,5.1 MP,1,,,,,,,,,,,,,,,,,,,,,,,,,,,,,,,,,,,,,,,,,,
Basler,a2A5060-35cc,a2a5060-35cc,Basler,109578,에어리어 스캔 카메라,Basler ace 2,36개월,,E2525A,Global Shutter,CMOS,5064 px × 5064 px,2.5 μm × 2.5 μm,,Color,Visible,CoaXPress (CXP-12),8 bits / 10 bits / 12 bits,free-run / hardware trigger / software trigger,,,Box,IP30,42.8 mm x 29 mm x 29 mm,76 g,C-mount,-10 °C - 50 °C,,"CE (incl. RoHS), CoaXPress 2.0, EAC, GenICam, IP30, RoHS, UKCA, UL",ace 2 V,,"1.1""",17.9 mm,12.65 mm × 12.65 mm,35 fpsCalculate individual frame rate,HDBNC 75 Ω receptacle (CXP),CoaXPress (2.5–12.5 Gbps),hardware trigger / programmable via the camera API,1,2,4.1 W,,,,,,,,,,,,,,,,25 MP,,,,,,,,,,,,,,,,,,,,,,,,,,,,,,,,,,,,,,,,,,,
Basler,a2A5060-35cm,a2a5060-35cm,Basler,109577,에어리어 스캔 카메라,Basler ace 2,36개월,,E2525A,Global Shutter,CMOS,5064 px × 5064 px,2.5 μm × 2.5 μm,,Mono,Visible,CoaXPress (CXP-12),8 bits / 10 bits / 12 bits,free-run / hardware trigger / software trigger,,,Box,IP30,42.8 mm x 29 mm x 29 mm,76 g,C-mount,-10 °C - 50 °C,,"CE (incl. RoHS), CoaXPress 2.0, EAC, GenICam, IP30, KC, UKCA, UL",ace 2 V,,"1.1""",17.9 mm,12.65 mm × 12.65 mm,35 fpsCalculate individual frame rate,HDBNC 75 Ω receptacle (CXP),CoaXPress (2.5–12.5 Gbps),hardware trigger / programmable via the camera API,1,2,3.7 W,541 nm,91.7001 % (typical),2.5 e¯ (typical),12.2001 ke¯ (typical),68.4001 dB (typical),40.5001 dB (typical),,,,,,,,,,25 MP,,,,,,,,,,,,,,,,,,,,,,,,,,,,,,,,,,,,,,,,,,,
Basler,raL4096-80km,ral4096-80km,Basler,105999,라인 스캔 카메라,Basler racer,36개월,Awaiba,DR-4k-7,Global Shutter,CMOS,4096 px × 1 px,7 μm × 7 μm,80 kHz,Mono,Visible,Camera Link,8 bits / 10 bits / 12 bits,free-run / hardware trigger / software trigger,,PoCL or 12-24 VDC,Box,,34 mm x 56 mm x 62 mm,210 g,C-mount / F-mount / M42 x 0.75 / M42 x 1 / M58 x 0.75,0 °C - 50 °C,,"Camera Link, CE (incl. RoHS), EAC, FCC, GenICam, IP30, KC, RoHS, UKCA, UL",,,,,,,,,trigger width or timed,3,,,,42.52 % (typical),8.4 e¯ (typical),24.7 ke¯ (typical),69.4 dB (typical),43.9 dB (typical),,,,,,,,,,4k,2,,,Camera Link (medium),32.5/48/65/83.5,,,,,,,,,,,,,,,,,,,,,,,,,,,,,,,,,,,,,,
Basler,a2A5060-15ucBAS,a2a5060-15ucbas,Basler,109483,에어리어 스캔 카메라,Basler ace 2,36개월,,E2525A,Global Shutter,CMOS,5064 px × 5064 px,2.5 μm × 2.5 μm,,Color,Visible,USB 3.0,8 bits / 10 bits / 12 bits,,M8 6-Pin receptacle,Via USB 3.0 interface,Box,IP30,42.8 mm x 29 mm x 29 mm,85 g,C-mount,-10 °C - 60 °C,,"CE (incl. RoHS), EAC, FCC, GenICam, IP30, KC, RoHS, UL, USB3 Vision",ace 2 R,ace 2 R Basic,"1.1""",17.9 mm,12.65 mm × 12.65 mm,15 fpsCalculate individual frame rate,USB 3.0 Type Micro B receptacle,"USB 3.0, nominal max. 5 Gbit/s (SuperSpeed)",hardware trigger / programmable via the camera API,1,2,4.1 W,,,,,,,,,,,,,,,,25 MP,,,,,,,,,,,,,,,,,,,,,,,,,,,,,,,,,,,,,,,,,,,
Basler,a2A5060-15umBAS,a2a5060-15umbas,Basler,109482,에어리어 스캔 카메라,Basler ace 2,36개월,,E2525A,Global Shutter,CMOS,5064 px × 5064 px,2.5 μm × 2.5 μm,,Mono,Visible,USB 3.0,8 bits / 10 bits / 12 bits,,M8 6-Pin receptacle,Via USB 3.0 interface,Box,IP30,42.8 mm x 29 mm x 29 mm,85 g,C-mount,-10 °C - 60 °C,,"CE (incl. RoHS), EAC, FCC, GenICam, IP30, KC, RoHS, UL, USB3 Vision",ace 2 R,ace 2 R Basic,"1.1""",17.9 mm,12.65 mm × 12.65 mm,15 fpsCalculate individual frame rate,USB 3.0 Type Micro B receptacle,"USB 3.0, nominal max. 5 Gbit/s (SuperSpeed)",hardware trigger / programmable via the camera API,1,2,3.5 W,541 nm,66 % (typical),2.55 e¯ (typical),8.1 ke¯ (typical),68.3 dB (typical),39.07 dB (typical),,,,,,,,,,25 MP,,,,,,,,,,,,,,,,,,,,,,,,,,,,,,,,,,,,,,,,,,,
Basler,a2A5060-21g5cBAS,a2a5060-21g5cbas,Basler,109487,에어리어 스캔 카메라,Basler ace 2,36개월,,E2525A,Global Shutter,CMOS,5064 px × 5064 px,2.5 μm × 2.5 μm,,Color,Visible,5GigE,8 bits / 10 bits / 12 bits,,M8 6-Pin receptacle,12-24 VDC,Box,IP30,55.5 mm x 29 mm x 29 mm,100 g,C-mount,0 °C - 50 °C,,"CE (incl. RoHS), EAC, FCC, GenICam, GigE Vision 2.0, IP30, KC, RoHS, UL",ace 2 R,ace 2 R Basic,"1.1""",17.9 mm,12.65 mm × 12.65 mm,21 fpsCalculate individual frame rate,RJ45 receptacle (GigE),"Fast Ethernet (100 Mbit/s), Gigabit Ethernet (1000 Mbit/s), 2.5 Gigabit Ethernet (2500 Mbit/s), 5 Gigabit Ethernet (5000 Mbit/s)",hardware trigger / programmable via the camera API,1,2,6.3 W,,,,,,,,,,,,,,,,25 MP,,,,,,,,,,,,,,,,,,,,,,,,,,,,,,,,,,,,,,,,,,,
Basler,a2A5060-21g5mBAS,a2a5060-21g5mbas,Basler,109486,에어리어 스캔 카메라,Basler ace 2,36개월,,E2525A,Global Shutter,CMOS,5064 px × 5064 px,2.5 μm × 2.5 μm,,Mono,Visible,5GigE,8 bits / 10 bits / 12 bits,,M8 6-Pin receptacle,12-24 VDC,Box,IP30,55.5 mm x 29 mm x 29 mm,100 g,C-mount,-10 °C - 50 °C,,"CE (incl. RoHS), EAC, FCC, GenICam, GigE Vision 2.0, IP30, KC, RoHS, UL",ace 2 R,ace 2 R Basic,"1.1""",17.9 mm,12.65 mm × 12.65 mm,21 fpsCalculate individual frame rate,RJ45 receptacle (GigE),"Fast Ethernet (100 Mbit/s), Gigabit Ethernet (1000 Mbit/s), 2.5 Gigabit Ethernet (2500 Mbit/s), 5 Gigabit Ethernet (5000 Mbit/s)",hardware trigger / programmable via the camera API,1,2,5.8 W,541 nm,66 % (typical),2.55 e¯ (typical),8.1 ke¯ (typical),68.3 dB (typical),39.07 dB (typical),,,,,,,,,,25 MP,,,,,,,,,,,,,,,,,,,,,,,,,,,,,,,,,,,,,,,,,,,
Basler,a2A5060-4gcBAS,a2a5060-4gcbas,Basler,109485,에어리어 스캔 카메라,Basler ace 2,36개월,,E2525A,Global Shutter,CMOS,5064 px × 5064 px,2.5 μm × 2.5 μm,,Color,Visible,GigE,8 bits / 10 bits / 12 bits,,M8 6-Pin receptacle,PoE or 12-24 VDC,Box,IP30,55.5 mm x 29 mm x 29 mm,100 g,C-mount,-10 °C - 60 °C,,"CE (incl. RoHS), EAC, FCC, GenICam, GigE Vision 2.0, IP30, KC, RoHS, UL",ace 2 R,ace 2 R Basic,"1.1""",17.9 mm,12.65 mm × 12.65 mm,4 fpsCalculate individual frame rate,RJ45 receptacle (GigE),"Fast Ethernet (100 Mbit/s), Gigabit Ethernet (1000 Mbit/s)",hardware trigger / programmable via the camera API,1,2,3.4 W,,,,,,,,,,,,,,,3.1 W,25 MP,,,,,,,,,,,,,,,,,,,,,,,,,,,,,,,,,,,,,,,,,,,
Basler,a2A5060-4gmBAS,a2a5060-4gmbas,Basler,109484,에어리어 스캔 카메라,Basler ace 2,36개월,,E2525A,Global Shutter,CMOS,5064 px × 5064 px,2.5 μm × 2.5 μm,,Mono,Visible,GigE,8 bits / 10 bits / 12 bits,,M8 6-Pin receptacle,PoE or 12-24 VDC,Box,IP30,55.5 mm x 29 mm x 29 mm,100 g,C-mount,-10 °C - 60 °C,,"CE (incl. RoHS), EAC, FCC, GenICam, GigE Vision 2.0, IP30, KC, RoHS, UL",ace 2 R,ace 2 R Basic,"1.1""",17.9 mm,12.65 mm × 12.65 mm,4 fpsCalculate individual frame rate,RJ45 receptacle (GigE),"Fast Ethernet (100 Mbit/s), Gigabit Ethernet (1000 Mbit/s)",hardware trigger / programmable via the camera API,1,2,3.1 W,541 nm,66 % (typical),2.55 e¯ (typical),8.1 ke¯ (typical),68.3 dB (typical),39.07 dB (typical),,,,,,,,,3.1 W,25 MP,,,,,,,,,,,,,,,,,,,,,,,,,,,,,,,,,,,,,,,,,,,
Basler,r2L2048-62g5c,r2l2048-62g5c,Basler,109346,라인 스캔 카메라,Basler racer 2,36개월,Gpixel,GL3504,Global Shutter,Line Sensor,,7 μm × 7 μm,62 kHzCalculate individual frame rate,Color,Visible,5GigE,8 bits / 10 bits / 12 bits,free-run / hardware trigger / software trigger,M8 6-Pin receptacle,,,,55.5 mm x 29 mm x 29 mm,102 g,C-mount,-10 °C - 50 °C,,"CE (incl. RoHS), EAC, FCC, GenICam, GigE Vision 2.0, IP30, KC, UKCA, UL",,,,,,,RJ45 receptacle (GigE),,,,,,,,,,,,,,,,,,,,,2k,,,,,,,,,,,,,,,,,,,,,,,,,,,,,,,,,,,,,,,,,,,
Basler,r2L2048-172g5m,r2l2048-172g5m,Basler,109344,라인 스캔 카메라,Basler racer 2,36개월,Gpixel,GL3504,Global Shutter,Line Sensor,,7 μm × 7 μm,172 kHzCalculate individual frame rate,Mono,Visible,5GigE,8 bits / 10 bits / 12 bits,free-run / hardware trigger / software trigger,M8 6-Pin receptacle,,,,55.5 mm x 29 mm x 29 mm,102 g,C-mount,-10 °C - 50 °C,,"CE (incl. RoHS), EAC, FCC, GenICam, GigE Vision 2.0, IP30, KC, UKCA, UL",,,,,,,RJ45 receptacle (GigE),,,,,,,,,,,,,,,,,,,,,2k,,,,,,,,,,,,,,,,,,,,,,,,,,,,,,,,,,,,,,,,,,,
Basler,r2L4096-84cm,r2l4096-84cm,Basler,109349,라인 스캔 카메라,Basler racer 2,36개월,Gpixel,GL3504,Global Shutter,Line Sensor,,3.5 μm × 3.5 μm,84 kHzCalculate individual frame rate,Mono,Visible,CoaXPress (CXP-12),8 bits / 10 bits / 12 bits,free-run / hardware trigger / software trigger,M8 6-Pin receptacle,,,,55.5 mm x 29 mm x 29 mm,85 g,C-mount,-10 °C - 50 °C,,"CE (incl. RoHS), CoaXPress 2.0, EAC, FCC, GenICam, IP30, KC, UKCA, UL",,,,,,,HDBNC 75 Ω receptacle (CXP),,,,,,,,,,,,,,,,,,,,,4k,,,,,,,,,,,,,,,,,,,,,,,,,,,,,,,,,,,,,,,,,,,
Basler,r2L2048-172cm,r2l2048-172cm,Basler,109348,라인 스캔 카메라,Basler racer 2,36개월,Gpixel,GL3504,Global Shutter,Line Sensor,,7 μm × 7 μm,172 kHzCalculate individual frame rate,Mono,Visible,CoaXPress (CXP-12),8 bits / 10 bits / 12 bits,free-run / hardware trigger / software trigger,M8 6-Pin receptacle,,,,55.5 mm x 29 mm x 29 mm,85 g,C-mount,-10 °C - 50 °C,,"CE (incl. RoHS), CoaXPress 2.0, EAC, FCC, GenICam, IP30, KC, UKCA, UL",,,,,,,HDBNC 75 Ω receptacle (CXP),,,,,,,,,,,,,,,,,,,,,2k,,,,,,,,,,,,,,,,,,,,,,,,,,,,,,,,,,,,,,,,,,,
Basler,r2L2048-62cc,r2l2048-62cc,Basler,109350,라인 스캔 카메라,Basler racer 2,36개월,Gpixel,GL3504,Global Shutter,Line Sensor,,7 μm × 7 μm,62 kHzCalculate individual frame rate,Color,Visible,CoaXPress (CXP-12),8 bits / 10 bits / 12 bits,free-run / hardware trigger / software trigger,M8 6-Pin receptacle,,,,55.5 mm x 29 mm x 29 mm,85 g,C-mount,-10 °C - 50 °C,,"CE (incl. RoHS), CoaXPress 2.0, EAC, FCC, GenICam, IP30, KC, UKCA, UL",,,,,,,HDBNC 75 Ω receptacle (CXP),,,,,,,,,,,,,,,,,,,,,2k,,,,,,,,,,,,,,,,,,,,,,,,,,,,,,,,,,,,,,,,,,,
Basler,r2L4096-84g5m,r2l4096-84g5m,Basler,109345,라인 스캔 카메라,Basler racer 2,36개월,Gpixel,GL3504,Global Shutter,Line Sensor,,3.5 μm × 3.5 μm,84 kHzCalculate individual frame rate,Mono,Visible,5GigE,8 bits / 10 bits / 12 bits,free-run / hardware trigger / software trigger,M8 6-Pin receptacle,,,,55 mm x 29 mm x 29 mm,102 g,C-mount,-10 °C - 50 °C,,"CE (incl. RoHS), EAC, FCC, GenICam, GigE Vision 2.0, IP30, KC, UKCA, UL",,,,,,,RJ45 receptacle (GigE),,,,,,,,,,,,,,,,,,,,,4k,,,,,,,,,,,,,,,,,,,,,,,,,,,,,,,,,,,,,,,,,,,
Basler,r2L4096-42g5c,r2l4096-42g5c,Basler,109347,라인 스캔 카메라,Basler racer 2,36개월,Gpixel,GL3504,Global Shutter,Line Sensor,,3.5 μm × 3.5 μm,42 kHzCalculate individual frame rate,Color,Visible,5GigE,8 bits / 10 bits / 12 bits,free-run / hardware trigger / software trigger,M8 6-Pin receptacle,,,,55 mm x 29 mm x 29 mm,102 g,C-mount,-10 °C - 50 °C,,"CE (incl. RoHS), EAC, FCC, GenICam, GigE Vision 2.0, IP30, KC, UKCA, UL",,,,,,,RJ45 receptacle (GigE),,,,,,,,,,,,,,,,,,,,,4k,,,,,,,,,,,,,,,,,,,,,,,,,,,,,,,,,,,,,,,,,,,
Basler,r2L2048-58gm,r2l2048-58gm,Basler,109340,라인 스캔 카메라,Basler racer 2,36개월,Gpixel,GL3504,Global Shutter,Line Sensor,,7 μm × 7 μm,58 kHzCalculate individual frame rate,Mono,Visible,GigE,8 bits / 10 bits / 12 bits,free-run / hardware trigger / software trigger,M8 6-Pin receptacle,,,,55.5 mm x 29 mm x 29 mm,100 g,C-mount,-10 °C - 50 °C,,"CE (incl. RoHS), EAC, FCC, GenICam, GigE Vision 2.0, IP30, KC, UKCA, UL",,,,,,,RJ45 receptacle (GigE),,,,,,,,,,,,,,,,,,,,,2k,,,,,,,,,,,,,,,,,,,,,,,,,,,,,,,,,,,,,,,,,,,
Basler,r2L2048-29gc,r2l2048-29gc,Basler,109342,라인 스캔 카메라,Basler racer 2,36개월,Gpixel,GL3504,Global Shutter,Line Sensor,,7 μm × 7 μm,29 kHzCalculate individual frame rate,Color,Visible,GigE,8 bits / 10 bits / 12 bits,free-run / hardware trigger / software trigger,M8 6-Pin receptacle,,,,55.5 mm x 29 mm x 29 mm,100 g,C-mount,-10 °C - 50 °C,,"CE (incl. RoHS), EAC, FCC, GenICam, GigE Vision 2.0, IP30, KC, UKCA, UL",,,,,,,RJ45 receptacle (GigE),,,,,,,,,,,,,,,,,,,,,2k,,,,,,,,,,,,,,,,,,,,,,,,,,,,,,,,,,,,,,,,,,,
Basler,r2L4096-42cc,r2l4096-42cc,Basler,109351,라인 스캔 카메라,Basler racer 2,36개월,Gpixel,GL3504,Global Shutter,Line Sensor,,3.5 μm × 3.5 μm,42 kHzCalculate individual frame rate,Color,Visible,CoaXPress (CXP-12),8 bits / 10 bits / 12 bits,free-run / hardware trigger / software trigger,M8 6-Pin receptacle,,,,55.5 mm x 29 mm x 29 mm,85 g,C-mount,-10 °C - 50 °C,,"CE (incl. RoHS), CoaXPress 2.0, EAC, FCC, GenICam, IP30, KC, UKCA, UL",,,,,,,HDBNC 75 Ω receptacle (CXP),,,,,,,,,,,,,,,,,,,,,4k,,,,,,,,,,,,,,,,,,,,,,,,,,,,,,,,,,,,,,,,,,,
Basler,r2L4096-29gm,r2l4096-29gm,Basler,109341,라인 스캔 카메라,Basler racer 2,36개월,Gpixel,GL3504,Global Shutter,Line Sensor,,3.5 μm × 3.5 μm,29 kHzCalculate individual frame rate,Mono,Visible,GigE,8 bits / 10 bits / 12 bits,free-run / hardware trigger / software trigger,M8 6-Pin receptacle,,,,55.5 mm x 29 mm x 29 mm,100 g,C-mount,-10 °C - 50 °C,,"CE (incl. RoHS), EAC, FCC, GenICam, GigE Vision 2.0, IP30, KC, UKCA, UL",,,,,,,RJ45 receptacle (GigE),,,,,,,,,,,,,,,,,,,,,4k,,,,,,,,,,,,,,,,,,,,,,,,,,,,,,,,,,,,,,,,,,,
Basler,r2L4096-14gc,r2l4096-14gc,Basler,109343,라인 스캔 카메라,Basler racer 2,36개월,Gpixel,GL3504,Global Shutter,Line Sensor,,3.5 μm × 3.5 μm,14 kHzCalculate individual frame rate,Color,Visible,GigE,8 bits / 10 bits / 12 bits,free-run / hardware trigger / software trigger,M8 6-Pin receptacle,,,,55.5 mm x 29 mm x 29 mm,100 g,C-mount,-10 °C - 50 °C,,"CE (incl. RoHS), EAC, FCC, GenICam, GigE Vision 2.0, IP30, KC, UKCA, UL",,,,,,,RJ45 receptacle (GigE),,,,,,,,,,,,,,,,,,,,,4k,,,,,,,,,,,,,,,,,,,,,,,,,,,,,,,,,,,,,,,,,,,
Basler,dmA3536-9gc (Color),dma3536-9gc-color,Basler,109499,에어리어 스캔 카메라,Basler dart,36개월,Sony,IMX676,Rolling Shutter,CMOS,3536 px × 3536 px,2 μm × 2 μm,,Color,Visible + NIR,GigE,10 bits / 12 bits,,,5 VDC (camera module only) / 12 - 24 VDC (when using Interface Board AUX) / PoE (when using Interface Board PoE),Board Level,,27 mm x 27 mm x 13.9 mm,14 g,No-Mount,0 °C - 75 °C,,"CE (incl. RoHS), EAC, FCC, GenICam, GigE Vision 2.0, KC, RoHS, UKCA",dart M,,1/1.6,10 mm,7.1 mm × 7.1 mm,9 fpsCalculate individual frame rate,,"Fast Ethernet (100 Mbit/s), Gigabit Ethernet (1000 Mbit/s)",hardware trigger / programmable via the camera API,1,1,,,,,,,,,,,,,,,,,12.5 MP,1,,,,,,,,,,,,,,,,,,,,,,,,,,,,,,,,,,,,,,,,,,
Basler,dmA3536-9gm (Mono),dma3536-9gm-mono,Basler,109498,에어리어 스캔 카메라,Basler dart,36개월,Sony,IMX676,Rolling Shutter,CMOS,3536 px × 3536 px,2 μm × 2 μm,,Mono,Visible + NIR,GigE,10 bits / 12 bits,,,5 VDC (camera module only) / 12 - 24 VDC (when using Interface Board AUX) / PoE (when using Interface Board PoE),Board Level,,27 mm x 27 mm x 13.9 mm,14 g,No-Mount,0 °C - 75 °C,,"CE (incl. RoHS), EAC, FCC, GenICam, GigE Vision 2.0, KC, RoHS, UKCA",dart M,,1/1.6,10 mm,7.1 mm × 7.1 mm,9 fpsCalculate individual frame rate,,"Fast Ethernet (100 Mbit/s), Gigabit Ethernet (1000 Mbit/s)",hardware trigger / programmable via the camera API,1,1,,,,,11.2 ke¯ (typical),68.2 dB (typical),40.48 dB (typical),,,,,,,,,,12.5 MP,1,,,,,,,,,,,,,,,,,,,,,,,,,,,,,,,,,,,,,,,,,,
Basler,a2A3536-42g5mBAS,a2a3536-42g5mbas,Basler,109496,에어리어 스캔 카메라,Basler ace 2,36개월,Sony,IMX676,Rolling Shutter,CMOS,3536 px × 3536 px,2 μm × 2 μm,,Mono,Visible + NIR,5GigE,10 bits / 12 bits,,M8 6-Pin receptacle,12-24 VDC,Box,IP30,55.5 mm x 29 mm x 29 mm,100 g,C-mount,-10 °C - 50 °C,,"CE (incl. RoHS), EAC, FCC, GenICam, GigE Vision 2.0, IP30, KC, RoHS, UL",ace 2 R,ace 2 R Basic,1/1.6,10 mm,7.1 mm × 7.1 mm,42 fpsCalculate individual frame rate,RJ45 receptacle (GigE),"Fast Ethernet (100 Mbit/s), Gigabit Ethernet (1000 Mbit/s), 2.5 Gigabit Ethernet (2500 Mbit/s), 5 Gigabit Ethernet (5000 Mbit/s)",hardware trigger / programmable via the camera API,1,2,5.5 W,541 nm,91.7 % (typical),3.7 e¯ (typical),11.2 ke¯ (typical),68.4 dB (typical),40.49 dB (typical),,,,,,,,,,12.5 MP,,,,,,,,,,,,,,,,,,,,,,,,,,,,,,,,,,,,,,,,,,,
Basler,a2A3536-31umPRO,a2a3536-31umpro,Basler,109490,에어리어 스캔 카메라,Basler ace 2,36개월,Sony,IMX676,Rolling Shutter,CMOS,3536 px × 3536 px,2 μm × 2 μm,,Mono,Visible + NIR,USB 3.0,10 bits / 12 bits,,M8 6-Pin receptacle,Via USB 3.0 interface or 12-24 VDC,Box,IP30,42.8 mm x 29 mm x 29 mm,90 g,C-mount,-10 °C - 50 °C,,"CE (incl. RoHS), EAC, FCC, GenICam, IP30, KC, RoHS, UL, USB3 Vision",ace 2 R,ace 2 R Pro,1/1.6,10 mm,7.1 mm × 7.1 mm,31 fpsCalculate individual frame rate,USB 3.0 Type Micro B receptacle,"USB 3.0, nominal max. 5 Gbit/s (SuperSpeed)",hardware trigger / programmable via the camera API,1,2,3 W,541 nm,91.7 % (typical),3.7 e¯ (typical),12.2 ke¯ (typical),68.4 dB (typical),40.5 dB (typical),,,,,,,,,,12.5 MP,,,,,,,,,,,,,,,,,,,,,,,,,,,,,,,,,,,,,,,,,,,
Basler,a2A3536-9gcBAS,a2a3536-9gcbas,Basler,109493,에어리어 스캔 카메라,Basler ace 2,36개월,Sony,IMX676,Rolling Shutter,CMOS,3536 px × 3536 px,2 μm × 2 μm,,Color,Visible + NIR,GigE,10 bits / 12 bits,,M8 6-Pin receptacle,PoE or 12-24 VDC,Box,IP30,55.5 mm x 29 mm x 29 mm,100 g,C-mount,-10 °C - 60 °C,,"CE (incl. RoHS), EAC, FCC, GenICam, GigE Vision 2.0, IP30, KC, RoHS, UL",ace 2 R,ace 2 R Basic,1/1.6,10 mm,7.1 mm × 7.1 mm,9 fpsCalculate individual frame rate,RJ45 receptacle (GigE),"Fast Ethernet (100 Mbit/s), Gigabit Ethernet (1000 Mbit/s)",hardware trigger / programmable via the camera API,1,2,3 W,,,,,,,,,,,,,,,,12.5 MP,,,,,,,,,,,,,,,,,,,,,,,,,,,,,,,,,,,,,,,,,,,
Basler,a2A3536-42g5cBAS,a2a3536-42g5cbas,Basler,109497,에어리어 스캔 카메라,Basler ace 2,36개월,Sony,IMX676,Rolling Shutter,CMOS,3536 px × 3536 px,2 μm × 2 μm,,Color,Visible + NIR,5GigE,10 bits / 12 bits,,M8 6-Pin receptacle,12-24 VDC,Box,IP30,55.5 mm x 29 mm x 29 mm,100 g,C-mount,-10 °C - 50 °C,,"CE (incl. RoHS), EAC, FCC, GenICam, GigE Vision 2.0, IP30, KC, RoHS, UL",ace 2 R,ace 2 R Basic,1/1.6,10 mm,7.1 mm × 7.1 mm,42 fpsCalculate individual frame rate,RJ45 receptacle (GigE),"Fast Ethernet (100 Mbit/s), Gigabit Ethernet (1000 Mbit/s), 2.5 Gigabit Ethernet (2500 Mbit/s), 5 Gigabit Ethernet (5000 Mbit/s)",hardware trigger / programmable via the camera API,1,2,5.8 W,,,,,,,,,,,,,,,,12.5 MP,,,,,,,,,,,,,,,,,,,,,,,,,,,,,,,,,,,,,,,,,,,
Basler,a2A3536-31umBAS,a2a3536-31umbas,Basler,109488,에어리어 스캔 카메라,Basler ace 2,36개월,Sony,IMX676,Rolling Shutter,CMOS,3536 px × 3536 px,2 μm × 2 μm,,Mono,Visible + NIR,USB 3.0,10 bits / 12 bits,,M8 6-Pin receptacle,Via USB 3.0 interface,Box,IP30,42.8 mm x 29 mm x 29 mm,85 g,C-mount,-10 °C - 60 °C,,"CE (incl. RoHS), EAC, FCC, GenICam, IP30, KC, RoHS, UL, USB3 Vision",ace 2 R,ace 2 R Basic,1/1.6,10 mm,7.1 mm × 7.1 mm,31 fpsCalculate individual frame rate,USB 3.0 Type Micro B receptacle,"USB 3.0, nominal max. 5 Gbit/s (SuperSpeed)",hardware trigger / programmable via the camera API,1,2,3.1 W,541 nm,91.7 % (typical),3.7 e¯ (typical),11.2 ke¯ (typical),68.4 dB (typical),40.49 dB (typical),,,,,,,,,,12.5 MP,,,,,,,,,,,,,,,,,,,,,,,,,,,,,,,,,,,,,,,,,,,
Basler,a2A3536-31ucBAS,a2a3536-31ucbas,Basler,109489,에어리어 스캔 카메라,Basler ace 2,36개월,Sony,IMX676,Rolling Shutter,CMOS,3536 px × 3536 px,2 μm × 2 μm,,Color,Visible + NIR,USB 3.0,10 bits / 12 bits,,M8 6-Pin receptacle,Via USB 3.0 interface,Box,IP30,42.8 mm x 29 mm x 29 mm,85 g,C-mount,-10 °C - 60 °C,,"CE (incl. RoHS), EAC, FCC, GenICam, IP30, KC, RoHS, UL, USB3 Vision",ace 2 R,ace 2 R Basic,1/1.6,10 mm,7.1 mm × 7.1 mm,31 fpsCalculate individual frame rate,USB 3.0 Type Micro B receptacle,"USB 3.0, nominal max. 5 Gbit/s (SuperSpeed)",hardware trigger / programmable via the camera API,1,2,3.2 W,,,,,,,,,,,,,,,,12.5 MP,,,,,,,,,,,,,,,,,,,,,,,,,,,,,,,,,,,,,,,,,,,
Basler,a2A3536-9gcPRO,a2a3536-9gcpro,Basler,109495,에어리어 스캔 카메라,Basler ace 2,36개월,Sony,IMX676,Rolling Shutter,CMOS,3536 px × 3536 px,2 μm × 2 μm,,Color,Visible + NIR,GigE,10 bits / 12 bits,,M8 6-Pin receptacle,PoE or 12-24 VDC,Box,IP30,55.5 mm x 29 mm x 29 mm,100 g,C-mount,-10 °C - 50 °C,,"CE (incl. RoHS), EAC, FCC, GenICam, GigE Vision 2.0, IP30, KC, RoHS, UL",ace 2 R,ace 2 R Pro,1/1.6,10 mm,7.1 mm × 7.1 mm,9 fpsCalculate individual frame rate,RJ45 receptacle (GigE),"Fast Ethernet (100 Mbit/s), Gigabit Ethernet (1000 Mbit/s)",hardware trigger / programmable via the camera API,1,2,3.4 W,,,,,,,,,,,,,,,,12.5 MP,,,,,,,,,,,,,,,,,,,,,,,,,,,,,,,,,,,,,,,,,,,
Basler,a2A3536-9gmBAS,a2a3536-9gmbas,Basler,109492,에어리어 스캔 카메라,Basler ace 2,36개월,Sony,IMX676,Rolling Shutter,CMOS,3536 px × 3536 px,2 μm × 2 μm,,Mono,Visible + NIR,GigE,10 bits / 12 bits,,M8 6-Pin receptacle,PoE or 12-24 VDC,Box,IP30,55.5 mm x 29 mm x 29 mm,100 g,C-mount,-10 °C - 60 °C,,"CE (incl. RoHS), EAC, FCC, GenICam, GigE Vision 2.0, IP30, KC, RoHS, UL",ace 2 R,ace 2 R Basic,1/1.6,10 mm,7.1 mm × 7.1 mm,9 fpsCalculate individual frame rate,RJ45 receptacle (GigE),"Fast Ethernet (100 Mbit/s), Gigabit Ethernet (1000 Mbit/s)",hardware trigger / programmable via the camera API,1,2,2.9 W,541 nm,91.7 % (typical),3.7 e¯ (typical),11.2 ke¯ (typical),68.4 dB (typical),40.49 dB (typical),,,,,,,,,,12.5 MP,,,,,,,,,,,,,,,,,,,,,,,,,,,,,,,,,,,,,,,,,,,
Basler,a2A3536-31ucPRO,a2a3536-31ucpro,Basler,109491,에어리어 스캔 카메라,Basler ace 2,36개월,Sony,IMX676,Rolling Shutter,CMOS,3536 px × 3536 px,2 μm × 2 μm,,Color,Visible + NIR,USB 3.0,10 bits / 12 bits,,M8 6-Pin receptacle,Via USB 3.0 interface or 12-24 VDC,Box,IP30,42.8 mm x 29 mm x 29 mm,90 g,C-mount,-10 °C - 50 °C,,"CE (incl. RoHS), EAC, FCC, GenICam, IP30, KC, RoHS, UL, USB3 Vision",ace 2 R,ace 2 R Pro,1/1.6,10 mm,7.1 mm × 7.1 mm,31 fpsCalculate individual frame rate,USB 3.0 Type Micro B receptacle,"USB 3.0, nominal max. 5 Gbit/s (SuperSpeed)",hardware trigger / programmable via the camera API,1,2,3.5 W,,,,,,,,,,,,,,,,12.5 MP,,,,,,,,,,,,,,,,,,,,,,,,,,,,,,,,,,,,,,,,,,,
Basler,a2A3536-9gmPRO,a2a3536-9gmpro,Basler,109494,에어리어 스캔 카메라,Basler ace 2,36개월,Sony,IMX676,Rolling Shutter,CMOS,3536 px × 3536 px,2 μm × 2 μm,,Mono,Visible + NIR,GigE,10 bits / 12 bits,,M8 6-Pin receptacle,PoE or 12-24 VDC,Box,IP30,55.5 mm x 29 mm x 29 mm,100 g,C-mount,-10 °C - 50 °C,,"CE (incl. RoHS), EAC, FCC, GenICam, GigE Vision 2.0, IP30, KC, RoHS, UL",ace 2 R,ace 2 R Pro,1/1.6,10 mm,7.1 mm × 7.1 mm,9 fpsCalculate individual frame rate,RJ45 receptacle (GigE),"Fast Ethernet (100 Mbit/s), Gigabit Ethernet (1000 Mbit/s)",hardware trigger / programmable via the camera API,1,2,3.1 W,541 nm,91.7 % (typical),3.7 e¯ (typical),12.2 ke¯ (typical),68.4 dB (typical),40.5 dB (typical),,,,,,,,,,12.5 MP,,,,,,,,,,,,,,,,,,,,,,,,,,,,,,,,,,,,,,,,,,,
Basler,blaze-112,blaze-112,Basler,109245,3D 카메라,Basler ToF Camera,36개월,Sony,DepthSense™ IMX556,,,640 px × 480 px,,,Mono,,GigE,,free-run / hardware trigger / PTP IEEE1588 / software trigger,,24 VDC ±10%; <11.5 W mean; <38 W peak,Box,IP67,100 mm x 81 mm x 64 mm,680 g,lens integrated,0 °C - 50 °C,,"CE (incl. RoHS), DIN EN 55022, DIN EN 60068-2-27, DIN EN 60068-2-6, DIN EN 60068-2-64, DIN EN 61000-6-4, EAC, Eye safety: IEC 60825-1:2014 Laser Class 1, FCC, GenICam, GigE Vision, IP67, KC, RoHS, UKCA",,,,,,30 fps,,,programmable via the camera API,,,,,,,,,,,108° x 77°,,,,0.3 m - 10 m,ARM Linux (AArch64) / Linux (x86_64) / Windows,,,VGA,,,,,,850 nm,point cloud (XYZ); range map; intensity image; confidence map,±5 mm (0.5 – 3.5 m); typical,< 1.7 mm (up to 3.5 m); typical,< 85 ms,4 x VCSEL laser diodes; 850 nm; class 1,Max. irradiance 6.8 W/m² @ 830–880 nm,IEC 61076-2-109; M12; 8-pin; x-coded; female,IEC 61076-2-101; M12; 8-pin; female,API / Driver / Samples / User Manual / Viewer,GenApi / GenICam / GenTL / GigE Vision,.Net / C/C++ / Python,Halcon / Isaac / MIL / OpenCV / Point Cloud Library (PCL) / ROS,1/4-20 UNC thread (tripod); multiple M4 threads,,,,,,,,,,,,,,,,,,,,,,,,
Basler,boA13440-17cm,boa13440-17cm,Basler,108998,에어리어 스캔 카메라,Basler boost,36개월,Sony,IMX661,Global Shutter,CMOS,13376 px × 9528 px,3.45 μm × 3.45 μm,,Mono,Visible,CoaXPress (CXP-12),,,,24V DC (via CoaXPress),,,54 mm x 90 mm x 90 mm,700 g,M72 x 0.75,,,"CE (incl. RoHS), EAC, FCC, KC, UKCA, UL",boost R,,"3.6""",56.73 mm,46.14 mm × 32.87 mm,17 fps,,CoaXPress (2.5–12.5 Gbps),,1,2,10.6 W,,,,,,,,,,,,,,,,127 MP,,,,,,,,,,,,,,,,,,,,,,,,,,,,,,,,,,,,,,,,,,,
Basler,dmA1440-73gm (Mono),dma1440-73gm-mono,Basler,109205,에어리어 스캔 카메라,Basler dart,36개월,Sony,IMX273,Global Shutter,CMOS,1440 px × 1080 px,3.45 μm × 3.45 μm,,Mono,Visible,GigE,8 bits / 12 bits,,,5 VDC (camera module only) / 12 - 24 VDC (when using Interface Board AUX) / PoE (when using Interface Board PoE),Board Level,,27 mm x 27 mm x 13.9 mm,14 g,No-Mount,0 °C - 75 °C,,"CE (incl. RoHS), EAC, FCC, GenICam, GigE Vision 2.0, KC, RoHS, UKCA",dart M,,"1/2.9""",6.21 mm,4.97 mm × 3.73 mm,73 fpsCalculate individual frame rate,,"Fast Ethernet (100 Mbit/s), Gigabit Ethernet (1000 Mbit/s)",hardware trigger / programmable via the camera API,1,1,3 W,,,,10.6 ke¯ (typical),71.2 dB (typical),40.26 dB (typical),,,,,,,,,,1.6 MP,1,,,,,,,,,,,,,,,,,,,,,,,,,,,,,,,,,,,,,,,,,,
Basler,dmA720-290gc (Color),dma720-290gc-color,Basler,109208,에어리어 스캔 카메라,Basler dart,36개월,Sony,IMX287,Global Shutter,CMOS,720 px × 540 px,6.9 μm × 6.9 μm,,Color,Visible,GigE,8 bits / 12 bits,,,5 VDC (camera module only) / 12 - 24 VDC (when using Interface Board AUX) / PoE (when using Interface Board PoE),Board Level,,27 mm x 27 mm x 13.9 mm,14 g,No-Mount,0 °C - 75 °C,,"CE (incl. RoHS), EAC, FCC, GenICam, GigE Vision 2.0, KC, RoHS, UKCA",dart M,,"1/2.9""",,4.97 mm × 3.73 mm,290 fpsCalculate individual frame rate,,"Fast Ethernet (100 Mbit/s), Gigabit Ethernet (1000 Mbit/s)",hardware trigger / programmable via the camera API,1,1,3 W,,,,,,,,,,,,,,,,VGA,1,,,,,,,,,,,,,,,,,,,,,,,,,,,,,,,,,,,,,,,,,,
Basler,dmA1920-51gm (Mono),dma1920-51gm-mono,Basler,109209,에어리어 스캔 카메라,Basler dart,36개월,Sony,IMX392,Global Shutter,CMOS,1920 px × 1200 px,3.45 μm × 3.45 μm,,Mono,Visible,GigE,8 bits / 10 bits / 12 bits,,,5 VDC (camera module only) / 12 - 24 VDC (when using Interface Board AUX) / PoE (when using Interface Board PoE),Board Level,,27 mm x 27 mm x 13.9 mm,14 g,No-Mount,0 °C - 75 °C,,"CE (incl. RoHS), EAC, FCC, GenICam, GigE Vision 2.0, KC, RoHS, UKCA",dart M,,"1/2.3""",7.82 mm,6.6 mm × 4.1 mm,51 fpsCalculate individual frame rate,,"Fast Ethernet (100 Mbit/s), Gigabit Ethernet (1000 Mbit/s)",hardware trigger / programmable via the camera API,1,1,3.1 W,,,,10.3 ke¯ (typical),71.3 dB (typical),40.14 dB (typical),,,,,,,,,,2.3 MP,1,,,,,,,,,,,,,,,,,,,,,,,,,,,,,,,,,,,,,,,,,,
Basler,dmA1920-51gc (Color),dma1920-51gc-color,Basler,109204,에어리어 스캔 카메라,Basler dart,36개월,Sony,IMX392,Global Shutter,CMOS,1920 px × 1200 px,3.45 μm × 3.45 μm,,Color,Visible,GigE,8 bits / 10 bits / 12 bits,,,5 VDC (camera module only) / 12 - 24 VDC (when using Interface Board AUX) / PoE (when using Interface Board PoE),Board Level,,27 mm x 27 mm x 13.9 mm,14 g,No-Mount,0 °C - 75 °C,,"CE (incl. RoHS), EAC, FCC, GenICam, GigE Vision 2.0, KC, RoHS, UKCA",dart M,,"1/2.3""",7.82 mm,6.6 mm × 4.1 mm,51 fpsCalculate individual frame rate,,"Fast Ethernet (100 Mbit/s), Gigabit Ethernet (1000 Mbit/s)",hardware trigger / programmable via the camera API,1,1,3.1 W,,,,,,,,,,,,,,,,2.3 MP,1,,,,,,,,,,,,,,,,,,,,,,,,,,,,,,,,,,,,,,,,,,
Basler,dmA1440-73gc (Color),dma1440-73gc-color,Basler,109206,에어리어 스캔 카메라,Basler dart,36개월,Sony,IMX273,Global Shutter,CMOS,1440 px × 1080 px,3.45 μm × 3.45 μm,,Color,Visible,GigE,8 bits / 12 bits,,,5 VDC (camera module only) / 12 - 24 VDC (when using Interface Board AUX) / PoE (when using Interface Board PoE),Board Level,,27 mm x 27 mm x 13.9 mm,14 g,No-Mount,0 °C - 75 °C,,"CE (incl. RoHS), EAC, FCC, GenICam, GigE Vision 2.0, KC, RoHS, UKCA",dart M,,"1/2.9""",6.21 mm,4.97 mm × 3.73 mm,73 fpsCalculate individual frame rate,,"Fast Ethernet (100 Mbit/s), Gigabit Ethernet (1000 Mbit/s)",hardware trigger / programmable via the camera API,1,1,3 W,,,,,,,,,,,,,,,,1.6 MP,1,,,,,,,,,,,,,,,,,,,,,,,,,,,,,,,,,,,,,,,,,,
Basler,dmA720-290gm (Mono),dma720-290gm-mono,Basler,109207,에어리어 스캔 카메라,Basler dart,36개월,Sony,IMX287,Global Shutter,CMOS,720 px × 540 px,6.9 μm × 6.9 μm,,Mono,Visible,GigE,8 bits / 12 bits,,,5 VDC (camera module only) / 12 - 24 VDC (when using Interface Board AUX) / PoE (when using Interface Board PoE),Board Level,,27 mm x 27 mm x 13.9 mm,14 g,No-Mount,0 °C - 75 °C,,"CE (incl. RoHS), EAC, FCC, GenICam, GigE Vision 2.0, KC, RoHS, UKCA",dart M,,"1/2.9""",,4.97 mm × 3.73 mm,290 fpsCalculate individual frame rate,,"Fast Ethernet (100 Mbit/s), Gigabit Ethernet (1000 Mbit/s)",hardware trigger / programmable via the camera API,1,1,3 W,,,,21.2 ke¯ (typical),74 dB (typical),43.26 dB (typical),,,,,,,,,,VGA,1,,,,,,,,,,,,,,,,,,,,,,,,,,,,,,,,,,,,,,,,,,
Basler,a2A2448-210cc,a2a2448-210cc,Basler,109271,에어리어 스캔 카메라,Basler ace 2,36개월,Sony,IMX537,Global Shutter,CMOS,2448 px × 2048 px,2.74 μm × 2.74 μm,,Color,Visible,CoaXPress (CXP-12),8 bits / 10 bits / 12 bits,free-run / hardware trigger / software trigger,,PoCXP,Box,IP30,29 mm x 29 mm,76 g,C-mount,-10 °C - 50 °C,,"CE (incl. RoHS), CoaXPress 2.0, EAC, GenICam, IP30, KC, UKCA, UL",ace 2 V,,"1/1.8""",8.75 mm,6.71 mm × 5.61 mm,212 fpsCalculate individual frame rate,HDBNC 75 Ω receptacle (CXP),CoaXPress (2.5–12.5 Gbps),hardware trigger / programmable via the camera API,1,2,5.5 W,,,,,,,,,,,,,,,,5.1 MP,,,,,,,,,,,,,,,,,,,,,,,,,,,,,,,,,,,,,,,,,,,
Basler,a2A2840-86cm,a2a2840-86cm,Basler,109260,에어리어 스캔 카메라,Basler ace 2,36개월,Sony,IMX546,Global Shutter,CMOS,2840 px × 2840 px,2.74 μm × 2.74 μm,,Mono,Visible,CoaXPress (CXP-12),8 bits / 10 bits / 12 bits,free-run / hardware trigger / software trigger,,PoCXP,Box,IP30,29 mm x 29 mm,76 g,C-mount,-10 °C - 50 °C,,"CE (incl. RoHS), CoaXPress 2.0, EAC, GenICam, IP30, KC, UKCA, UL",ace 2 V,,"2/3""",11 mm,7.78 mm × 7.78 mm,86 fpsCalculate individual frame rate,HDBNC 75 Ω receptacle (CXP),CoaXPress (2.5–12.5 Gbps),hardware trigger / programmable via the camera API,1,2,3.2 W,541 nm,65.4 % (typical),2.5 e¯ (typical),9.9 ke¯ (typical),70.1 dB (typical),39.95 dB (typical),,,,,,,,,,8.1 MP,,,,,,,,,,,,,,,,,,,,,,,,,,,,,,,,,,,,,,,,,,,
Basler,a2A5320-52cc,a2a5320-52cc,Basler,109269,에어리어 스캔 카메라,Basler ace 2,36개월,Sony,IMX542,Global Shutter,CMOS,5320 px × 3032 px,2.74 μm × 2.74 μm,,Color,Visible,CoaXPress (CXP-12),8 bits / 10 bits / 12 bits,free-run / hardware trigger / software trigger,,,Box,IP30,29 mm x 29 mm,76 g,C-mount,-10 °C - 50 °C,,"CE (incl. RoHS), CoaXPress 2.0, EAC, GenICam, IP30, KC, UKCA, UL",ace 2 V,,"1.1""",16.78 mm,14.58 mm × 8.31 mm,52 fpsCalculate individual frame rate,HDBNC 75 Ω receptacle (CXP),CoaXPress (2.5–12.5 Gbps),hardware trigger / programmable via the camera API,1,2,3.9 W,,,,,,,,,,,,,,,,16.1 MP,,,,,,,,,,,,,,,,,,,,,,,,,,,,,,,,,,,,,,,,,,,
Basler,a2A5328-35cm,a2a5328-35cm,Basler,109264,에어리어 스캔 카메라,Basler ace 2,36개월,Sony,IMX540,Global Shutter,CMOS,5328 px × 4608 px,2.74 μm × 2.74 μm,,Mono,Visible,CoaXPress (CXP-12),8 bits / 10 bits / 12 bits,free-run / hardware trigger / software trigger,,PoCXP,Box,IP30,29 mm x 29 mm,76 g,C-mount,-10 °C - 50 °C,,"CE (incl. RoHS), CoaXPress 2.0, EAC, GenICam, IP30, KC, UKCA, UL",ace 2 V,,"1.2""",19.26 mm,14.57 mm × 12.6 mm,35 fpsCalculate individual frame rate,HDBNC 75 Ω receptacle (CXP),CoaXPress (2.5–12.5 Gbps),hardware trigger / programmable via the camera API,1,2,3.7 W,541 nm,67.3 % (typical),2.1 e¯ (typical),9.7 ke¯ (typical),71 dB (typical),39.85 dB (typical),,,,,,,,,,24.4 MP,,,,,,,,,,,,,,,,,,,,,,,,,,,,,,,,,,,,,,,,,,,
Basler,a2A4504-42cc,a2a4504-42cc,Basler,109267,에어리어 스캔 카메라,Basler ace 2,36개월,Sony,IMX541,Global Shutter,CMOS,4504 px × 4504 px,2.74 μm × 2.74 μm,,Color,Visible,CoaXPress (CXP-12),8 bits / 10 bits / 12 bits,free-run / hardware trigger / software trigger,,PoCXP,Box,IP30,29 mm x 29 mm,76 g,C-mount,-10 °C - 50 °C,,"CE (incl. RoHS), CoaXPress 2.0, EAC, GenICam, IP30, KC, UKCA, UL",ace 2 V,,"1.1""",17.45 mm,12.34 mm × 12.34 mm,42 fpsCalculate individual frame rate,HDBNC 75 Ω receptacle (CXP),CoaXPress (2.5–12.5 Gbps),hardware trigger / programmable via the camera API,1,2,4.3 W,,,,,,,,,,,,,,,,20.2 MP,,,,,,,,,,,,,,,,,,,,,,,,,,,,,,,,,,,,,,,,,,,
Basler,a2A2448-120cm,a2a2448-120cm,Basler,109262,에어리어 스캔 카메라,Basler ace 2,36개월,Sony,IMX547,Global Shutter,CMOS,2448 px × 2048 px,2.74 μm × 2.74 μm,,Mono,Visible,CoaXPress (CXP-12),8 bits / 10 bits / 12 bits,free-run / hardware trigger / software trigger,,PoCXP,Box,IP30,29 mm x 29 mm,76 g,C-mount,-10 °C - 50 °C,,"CE (incl. RoHS), CoaXPress 2.0, EAC, GenICam, IP30, KC, UKCA, UL",ace 2 V,,"1/1.8""",8.75 mm,6.71 mm × 5.61 mm,122 fpsCalculate individual frame rate,HDBNC 75 Ω receptacle (CXP),CoaXPress (2.5–12.5 Gbps),hardware trigger / programmable via the camera API,1,2,3.1 W,541 nm,64.8 % (typical),2.45 e¯ (typical),9.8 ke¯ (typical),70.2 dB (typical),39.9 dB (typical),,,,,,,,,,5.1 MP,,,,,,,,,,,,,,,,,,,,,,,,,,,,,,,,,,,,,,,,,,,
Basler,a2A4504-42cm,a2a4504-42cm,Basler,109266,에어리어 스캔 카메라,Basler ace 2,36개월,Sony,IMX541,Global Shutter,CMOS,4504 px × 4504 px,2.74 μm × 2.74 μm,,Mono,Visible,CoaXPress (CXP-12),8 bits / 10 bits / 12 bits,free-run / hardware trigger / software trigger,,PoCXP,Box,IP30,29 mm x 29 mm,76 g,C-mount,-10 °C - 50 °C,,"CE (incl. RoHS), CoaXPress 2.0, EAC, GenICam, IP30, KC, UKCA, UL",ace 2 V,,"1.1""",17.45 mm,12.34 mm × 12.34 mm,42 fpsCalculate individual frame rate,HDBNC 75 Ω receptacle (CXP),CoaXPress (2.5–12.5 Gbps),hardware trigger / programmable via the camera API,1,2,3.8 W,541 nm,66.3 % (typical),2.1 e¯ (typical),9.9 ke¯ (typical),71.1 dB (typical),39.94 dB (typical),,,,,,,,,,20.2 MP,,,,,,,,,,,,,,,,,,,,,,,,,,,,,,,,,,,,,,,,,,,
Basler,a2A2448-120cc,a2a2448-120cc,Basler,109263,에어리어 스캔 카메라,Basler ace 2,36개월,Sony,IMX547,Global Shutter,CMOS,2448 px × 2048 px,2.74 μm × 2.74 μm,,Color,Visible,CoaXPress (CXP-12),8 bits / 10 bits / 12 bits,free-run / hardware trigger / software trigger,,PoCXP,Box,IP30,29 mm x 29 mm,76 g,C-mount,-10 °C - 50 °C,,"CE (incl. RoHS), CoaXPress 2.0, EAC, GenICam, IP30, KC, UKCA, UL",ace 2 V,,"1/1.8""",8.75 mm,6.71 mm × 5.61 mm,122 fpsCalculate individual frame rate,HDBNC 75 Ω receptacle (CXP),CoaXPress (2.5–12.5 Gbps),hardware trigger / programmable via the camera API,1,2,3.5 W,,,,,,,,,,,,,,,,5.1 MP,,,,,,,,,,,,,,,,,,,,,,,,,,,,,,,,,,,,,,,,,,,
Basler,a2A5320-52cm,a2a5320-52cm,Basler,109268,에어리어 스캔 카메라,Basler ace 2,36개월,Sony,IMX542,Global Shutter,CMOS,5320 px × 3032 px,2.74 μm × 2.74 μm,,Mono,Visible,CoaXPress (CXP-12),8 bits / 10 bits / 12 bits,free-run / hardware trigger / software trigger,,,Box,IP30,29 mm x 29 mm,76 g,C-mount,-10 °C - 50 °C,,"CE (incl. RoHS), CoaXPress 2.0, EAC, GenICam, IP30, KC, UKCA, UL",ace 2 V,,"1.1""",16.78 mm,14.58 mm × 8.31 mm,52 fpsCalculate individual frame rate,HDBNC 75 Ω receptacle (CXP),CoaXPress (2.5–12.5 Gbps),hardware trigger / programmable via the camera API,1,2,3.8 W,541 nm,66.8 % (typical),2.2 e¯ (typical),9.9 ke¯ (typical),71 dB (typical),39.95 dB (typical),,,,,,,,,,16.1 MP,,,,,,,,,,,,,,,,,,,,,,,,,,,,,,,,,,,,,,,,,,,
Basler,a2A4096-67cm,a2a4096-67cm,Basler,109258,에어리어 스캔 카메라,Basler ace 2,36개월,Sony,IMX545,Global Shutter,CMOS,4096 px × 3000 px,2.74 μm × 2.74 μm,,Mono,Visible,CoaXPress (CXP-12),8 bits / 10 bits / 12 bits,free-run / hardware trigger / software trigger,,PoCXP,Box,IP30,29 mm x 29 mm,76 g,C-mount,-10 °C - 50 °C,,"CE (incl. RoHS), CoaXPress 2.0, EAC, GenICam, IP30, KC, UKCA, UL",ace 2 V,,"1/1.1""",13.91 mm,11.22 mm × 8.22 mm,67 fpsCalculate individual frame rate,HDBNC 75 Ω receptacle (CXP),CoaXPress (2.5–12.5 Gbps),hardware trigger / programmable via the camera API,1,2,3.3 W,541 nm,65 % (typical),2.4 e¯ (typical),9.8 ke¯ (typical),70.1 dB (typical),39.92 dB (typical),,,,,,,,,,12.3 MP,,,,,,,,,,,,,,,,,,,,,,,,,,,,,,,,,,,,,,,,,,,
Basler,a2A4096-67cc,a2a4096-67cc,Basler,109259,에어리어 스캔 카메라,Basler ace 2,36개월,Sony,IMX545,Global Shutter,CMOS,4096 px × 3000 px,2.74 μm × 2.74 μm,,Color,Visible,CoaXPress (CXP-12),8 bits / 10 bits / 12 bits,free-run / hardware trigger / software trigger,,PoCXP,Box,IP30,29 mm x 29 mm,76 g,C-mount,-10 °C - 50 °C,,"CE (incl. RoHS), CoaXPress 2.0, EAC, GenICam, IP30, KC, UKCA, UL",ace 2 V,,"1/1.1""",13.91 mm,11.22 mm × 8.22 mm,67 fpsCalculate individual frame rate,HDBNC 75 Ω receptacle (CXP),CoaXPress (2.5–12.5 Gbps),hardware trigger / programmable via the camera API,1,2,3.8 W,,,,,,,,,,,,,,,,12.3 MP,,,,,,,,,,,,,,,,,,,,,,,,,,,,,,,,,,,,,,,,,,,
Basler,a2A2840-86cc,a2a2840-86cc,Basler,109261,에어리어 스캔 카메라,Basler ace 2,36개월,Sony,IMX546,Global Shutter,CMOS,2840 px × 2840 px,2.74 μm × 2.74 μm,,Color,Visible,CoaXPress (CXP-12),8 bits / 10 bits / 12 bits,free-run / hardware trigger / software trigger,,PoCXP,Box,IP30,29 mm x 29 mm,76 g,C-mount,-10 °C - 50 °C,,"CE (incl. RoHS), CoaXPress 2.0, EAC, GenICam, IP30, KC, UKCA, UL",ace 2 V,,"2/3""",11 mm,7.78 mm × 7.78 mm,86 fpsCalculate individual frame rate,HDBNC 75 Ω receptacle (CXP),CoaXPress (2.5–12.5 Gbps),hardware trigger / programmable via the camera API,1,2,3.7 W,,,,,,,,,,,,,,,,8.1 MP,,,,,,,,,,,,,,,,,,,,,,,,,,,,,,,,,,,,,,,,,,,
Basler,a2A2448-210cm,a2a2448-210cm,Basler,109270,에어리어 스캔 카메라,Basler ace 2,36개월,Sony,IMX537,Global Shutter,CMOS,2448 px × 2048 px,2.74 μm × 2.74 μm,,Mono,Visible,CoaXPress (CXP-12),8 bits / 10 bits / 12 bits,free-run / hardware trigger / software trigger,,PoCXP,Box,IP30,29 mm x 29 mm,76 g,C-mount,-10 °C - 50 °C,,"CE (incl. RoHS), CoaXPress 2.0, EAC, GenICam, IP30, KC, UKCA, UL",ace 2 V,,"1/1.8""",8.75 mm,6.71 mm × 5.61 mm,212 fpsCalculate individual frame rate,HDBNC 75 Ω receptacle (CXP),CoaXPress (2.5–12.5 Gbps),hardware trigger / programmable via the camera API,1,2,4.6 W,541 nm,65.7 % (typical),2.5 e¯ (typical),9.8 ke¯ (typical),69.9 dB (typical),39.9 dB (typical),,,,,,,,,,5.1 MP,,,,,,,,,,,,,,,,,,,,,,,,,,,,,,,,,,,,,,,,,,,
Basler,a2A5328-35cc,a2a5328-35cc,Basler,109265,에어리어 스캔 카메라,Basler ace 2,36개월,Sony,IMX540,Global Shutter,CMOS,5328 px × 4608 px,2.74 μm × 2.74 μm,,Color,Visible,CoaXPress (CXP-12),8 bits / 10 bits / 12 bits,free-run / hardware trigger / software trigger,,PoCXP,Box,IP30,29 mm x 29 mm,76 g,C-mount,-10 °C - 50 °C,,"CE (incl. RoHS), CoaXPress 2.0, EAC, GenICam, IP30, KC, UKCA, UL",ace 2 V,,"1.2""",19.26 mm,14.57 mm × 12.6 mm,35 fpsCalculate individual frame rate,HDBNC 75 Ω receptacle (CXP),CoaXPress (2.5–12.5 Gbps),hardware trigger / programmable via the camera API,1,2,4.1 W,,,,,,,,,,,,,,,,24.4 MP,,,,,,,,,,,,,,,,,,,,,,,,,,,,,,,,,,,,,,,,,,,
Basler,a2A2048-110umSWIR,a2a2048-110umswir,Basler,109374,에어리어 스캔 카메라,Basler ace 2,36개월,Sony,IMX993,Global Shutter,InGaAs,2048 px × 1536 px,3.45 μm × 3.45 μm,,Mono,Visible + SWIR,USB 3.0,8 bits / 10 bits / 12 bits,free-run / hardware trigger / software trigger,M8 6-Pin receptacle,Via USB 3.0 interface or 12-24 VDC,Box,IP30,42.8 mm x 29 mm x 29 mm,90 g,C-mount,-10 °C - 50 °C,,"CE (incl. RoHS), EAC, FCC, GenICam, IP30, KC, RoHS, UKCA, UL, USB3 Vision",ace 2 X,ace 2 X visSWIR,"1/1.8""",8.9 mm,7.1 mm × 5.3 mm,110 fpsCalculate individual frame rate,USB 3.0 Type Micro B receptacle,"USB 3.0, nominal max. 5 Gbit/s (SuperSpeed)",hardware trigger / programmable via the camera API,1,2,3.4 W,525 nm,,,,,,,,,,,,,,,3.1 MP,,,,,,,,,,,,,,,,,,,,,,,,,,,,,,,,,,,,,,,,,,,
Basler,a2A2560-70umSWIR,a2a2560-70umswir,Basler,109373,에어리어 스캔 카메라,Basler ace 2,36개월,Sony,IMX992,Global Shutter,InGaAs,2560 px × 2048 px,3.45 μm × 3.45 μm,,Mono,Visible + SWIR,USB 3.0,8 bits / 10 bits / 12 bits,free-run / hardware trigger / software trigger,M8 6-Pin receptacle,Via USB 3.0 interface or 12-24 VDC,Box,IP30,42.8 mm x 29 mm x 29 mm,90 g,C-mount,-10 °C - 50 °C,,"CE (incl. RoHS), EAC, FCC, GenICam, IP30, KC, RoHS, UL, USB3 Vision",ace 2 X,ace 2 X visSWIR,"1/1,4''",11.4 mm,8.8 mm × 7.1 mm,70 fpsCalculate individual frame rate,USB 3.0 Type Micro B receptacle,"USB 3.0, nominal max. 5 Gbit/s (SuperSpeed)",hardware trigger / programmable via the camera API,1,2,3.5 W,525 nm,,,,,,,,,,,,,,,5.2 MP,,,,,,,,,,,,,,,,,,,,,,,,,,,,,,,,,,,,,,,,,,,
Basler,a2A2048-35gmSWIR,a2a2048-35gmswir,Basler,109372,에어리어 스캔 카메라,Basler ace 2,36개월,Sony,IMX993,Global Shutter,InGaAs,2048 px × 1536 px,3.45 μm × 3.45 μm,,Mono,Visible + SWIR,GigE,8 bits / 10 bits / 12 bits,free-run / hardware trigger / software trigger,M8 6-Pin receptacle,PoE or 12-24 VDC,Box,IP30,55.5 mm x 29 mm x 29 mm,100 g,C-mount,-10 °C - 50 °C,,"CE (incl. RoHS), EAC, FCC, GenICam, GigE Vision 2.0, IP30, KC, RoHS, UKCA, UL",ace 2 X,ace 2 X visSWIR,"1/1.8""",8.9 mm,7.1 mm × 5.3 mm,35 fpsCalculate individual frame rate,RJ45 receptacle (GigE),"Fast Ethernet (100 Mbit/s), Gigabit Ethernet (1000 Mbit/s)",hardware trigger / programmable via the camera API,1,2,3.4 W,525 nm,,,,,,,,,,,,,,4.5 W,3.1 MP,,,,,,,,,,,,,,,,,,,,,,,,,,,,,,,,,,,,,,,,,,,
Basler,a2A2560-20gmSWIR,a2a2560-20gmswir,Basler,109371,에어리어 스캔 카메라,Basler ace 2,36개월,Sony,IMX992,Global Shutter,InGaAs,2560 px × 2048 px,3.45 μm × 3.45 μm,,Mono,Visible + SWIR,GigE,8 bits / 10 bits / 12 bits,free-run / hardware trigger / software trigger,M8 6-Pin receptacle,PoE or 12-24 VDC,Box,IP30,55.5 mm x 29 mm x 29 mm,100 g,C-mount,-10 °C - 50 °C,,"CE (incl. RoHS), EAC, FCC, GenICam, GigE Vision 2.0, IP30, KC, RoHS, UL",ace 2 X,ace 2 X visSWIR,"1/1,4''",11.4 mm,8.8 mm × 7.1 mm,20 fpsCalculate individual frame rate,RJ45 receptacle (GigE),"Fast Ethernet (100 Mbit/s), Gigabit Ethernet (1000 Mbit/s)",hardware trigger / programmable via the camera API,1,2,3.5 W,525 nm,,,,,,,,,,,,,,4.4 W,5.2 MP,,,,,,,,,,,,,,,,,,,,,,,,,,,,,,,,,,,,,,,,,,,
Basler,a2A2840-48umUV,a2a2840-48umuv,Basler,109236,에어리어 스캔 카메라,Basler ace 2,36개월,Sony,IMX487,Global Shutter,CMOS,2840 px × 2840 px,2.74 μm × 2.74 μm,,Mono,UV,USB 3.0,,free-run / hardware trigger / software trigger,,Via USB 3.0 interface or 12-24 VDC,Box,IP30,42.8 mm x 29 mm x 29 mm,85 g,C-mount,-10 °C - 50 °C,,"CE (incl. RoHS), EAC, FCC, GenICam, IP30, KC, RoHS, UKCA, UL, USB3 Vision",ace 2 X,ace 2 X UV,"2/3""",11 mm,7.78 mm × 7.78 mm,48 fpsCalculate individual frame rate,USB 3.0 Type Micro B receptacle,"USB 3.0, nominal max. 5 Gbit/s (SuperSpeed)",hardware trigger / programmable via the camera API,1,2,3.6 W,541 nm,,,,,,,,,,,,,,,8.1 MP,,,,,,,,,,,,,,,,,,,,none,,,,,,,,,,,,,,,,,,,,,,,
Basler,a2A2840-67g5mUV,a2a2840-67g5muv,Basler,109238,에어리어 스캔 카메라,Basler ace 2,36개월,Sony,IMX487,Global Shutter,CMOS,2840 px × 2840 px,2.74 μm × 2.74 μm,,Mono,UV,5GigE,,free-run / hardware trigger / software trigger,,12-24 VDC,Box,IP30,55.5 mm x 29 mm x 29 mm,102 g,C-mount,-10 °C - 50 °C,,"CE (incl. RoHS), EAC, FCC, GenICam, GigE Vision 2.0, IP30, KC, RoHS, UKCA, UL",ace 2 X,ace 2 X UV,"2/3""",11 mm,7.78 mm × 7.78 mm,67 fpsCalculate individual frame rate,RJ45 receptacle (GigE),"Fast Ethernet (100 Mbit/s), Gigabit Ethernet (1000 Mbit/s), 2.5 Gigabit Ethernet (2500 Mbit/s), 5 Gigabit Ethernet (5000 Mbit/s)",hardware trigger / programmable via the camera API,1,2,5.7 W,541 nm,,,,,,,,,,,,,,,8.1 MP,,,up to 67 fps,,,,,,,,,,,,,,,,,none,,,,,,,,,,,,,,,,,,,,,,,
Basler,a2A2840-14gmUV,a2a2840-14gmuv,Basler,109237,에어리어 스캔 카메라,Basler ace 2,36개월,Sony,IMX487,Global Shutter,CMOS,2840 px × 2840 px,2.74 μm × 2.74 μm,,Mono,UV,GigE,,free-run / hardware trigger / software trigger,,PoE or 12-24 VDC,Box,IP30,55.5 mm x 29 mm x 29 mm,100 g,C-mount,-10 °C - 50 °C,,"CE (incl. RoHS), EAC, FCC, GenICam, GigE Vision 2.0, IP30, KC, RoHS, UKCA, UL",ace 2 X,ace 2 X UV,"2/3""",11 mm,7.78 mm × 7.78 mm,14 fpsCalculate individual frame rate,RJ45 receptacle (GigE),"Fast Ethernet (100 Mbit/s), Gigabit Ethernet (1000 Mbit/s)",hardware trigger / programmable via the camera API,1,2,3.2 W,541 nm,,,,,,,,,,,,,,,8.1 MP,,,,,,,,,,,,,,,,,,,,none,,,,,,,,,,,,,,,,,,,,,,,
Basler,a2A2440-98g5mBAS,a2a2440-98g5mbas,Basler,109234,에어리어 스캔 카메라,Basler ace 2,36개월,Sony,IMX250,Global Shutter,CMOS,2448 px × 2048 px,3.45 μm × 3.45 μm,,Mono,Visible,5GigE,8 bits / 10 bits / 12 bits,free-run / hardware trigger / software trigger,M8 6-Pin receptacle,12-24 VDC,Box,IP30,55.5 mm x 29 mm x 29 mm,102 g,C-mount,-10 °C - 50 °C,,"CE (incl. RoHS), EAC, FCC, GenICam, GigE Vision 2.0, IP30, KC, RoHS, UKCA, UL",ace 2 R,ace 2 R Basic,"2/3""",11.02 mm,8.45 mm × 7.07 mm,98 fpsCalculate individual frame rate,RJ45 receptacle (GigE),"Fast Ethernet (100 Mbit/s), Gigabit Ethernet (1000 Mbit/s), 2.5 Gigabit Ethernet (2500 Mbit/s), 5 Gigabit Ethernet (5000 Mbit/s)",hardware trigger / programmable via the camera API,1,2,5.5 W,541 nm,63 % (typical),2.16 e¯ (typical),10.6 ke¯ (typical),71.6 dB (typical),40.25 dB (typical),,,,,,,,,,5 MP,,,,,,,,,,,,,,,,,,,,none,,,,,,,,,,,,,,,,,,,,,,,
Basler,a2A2440-98g5cBAS,a2a2440-98g5cbas,Basler,109235,에어리어 스캔 카메라,Basler ace 2,36개월,Sony,IMX250,Global Shutter,CMOS,2448 px × 2048 px,3.45 μm × 3.45 μm,,Color,Visible,5GigE,8 bits / 10 bits / 12 bits,free-run / hardware trigger / software trigger,M8 6-Pin receptacle,12-24 VDC,Box,IP30,55.5 mm x 29 mm x 29 mm,102 g,C-mount,-10 °C - 50 °C,,"CE (incl. RoHS), EAC, FCC, GenICam, GigE Vision 2.0, IP30, KC, RoHS, UKCA, UL",ace 2 R,ace 2 R Basic,"2/3""",11.02 mm,8.45 mm × 7.07 mm,98 fpsCalculate individual frame rate,RJ45 receptacle (GigE),"Fast Ethernet (100 Mbit/s), Gigabit Ethernet (1000 Mbit/s), 2.5 Gigabit Ethernet (2500 Mbit/s), 5 Gigabit Ethernet (5000 Mbit/s)",hardware trigger / programmable via the camera API,1,2,5.9 W,,,,,,,,,,,,,,,,5 MP,,,,,,,,,,,,,,,,,,,,none,,,,,,,,,,,,,,,,,,,,,,,
Basler,boA9344-30cc,boa9344-30cc,Basler,2200002032,에어리어 스캔 카메라,Basler boost,36개월,Gpixel,GMAX3265,Global Shutter,CMOS,9344 px × 7000 px,3.2 μm × 3.2 μm,,Color,Visible,CoaXPress (CXP-12),8 bits / 10 bits,hardware trigger / software trigger,,PoCXP or 24 VDC,Box,,66.6 mm x 65 mm x 65 mm,400 g,,max 50 °C,,"CE (incl. RoHS), CoaXPress 2.0, FCC, GenICam, KC, RoHS, UKCA",boost V,,"2.3""",37.4 mm,29.9 mm × 22.4 mm,30 fpsCalculate individual frame rate,,CoaXPress (2.5–12.5 Gbps),,,1,14 W,,,,,,,,,,,,,,,,65 MP,1,,,,,,,,,,,,,,,,,,,,,,,,,,,,,,,,,,,,,,,,,,
Basler,boA9344-30cm,boa9344-30cm,Basler,2200002031,에어리어 스캔 카메라,Basler boost,36개월,Gpixel,GMAX3265,Global Shutter,CMOS,9344 px × 7000 px,3.2 μm × 3.2 μm,,Mono,Visible,CoaXPress (CXP-12),8 bits / 10 bits,hardware trigger / software trigger,,PoCXP or 24 VDC,Box,,66.6 mm x 65 mm x 65 mm,400 g,,max 50 °C,,"CE (incl. RoHS), CoaXPress 2.0, FCC, GenICam, KC, RoHS, UKCA",boost V,,"2.3""",37.4 mm,29.9 mm × 22.4 mm,30 fpsCalculate individual frame rate,,CoaXPress (2.5–12.5 Gbps),,0,1,14 W,,,,,,,,,,,,,,,,65 MP,1,,,,,,,,,,,,,,,,,,,,,,,,,,,,,,,,,,,,,,,,,,
Basler,acA1920-25uc,aca1920-25uc,Basler,106229,에어리어 스캔 카메라,Basler ace,36개월,onsemi,MT9P031,Rolling Shutter,CMOS,1920 px × 1080 px,2.2 μm × 2.2 μm,,Color,Visible,USB 3.0,12 bits,free-run / hardware trigger / software trigger,Hirose HR10A 6-pin plug,Via USB 3.0 interface,Box,,29.3 mm x 29 mm x 29 mm,80 g,C-mount,0 °C - 50 °C,,"CE (incl. RoHS), EAC, FCC, GenICam, IP30, KC, RoHS, UKCA, UL, USB3 Vision",ace Classic,ace Classic,"1/3.7""",4.84 mm,4.22 mm × 2.38 mm,26 fps,USB 3.0 Type Micro B receptacle,"USB 3.0, nominal max. 5 Gbit/s (SuperSpeed)",hardware trigger / programmable via the camera API,1,2,2.2 W,,57.21 % (typical),6.4 e¯ (typical),6.7 ke¯ (typical),60.3 dB (typical),38.3 dB (typical),,,,,,,,,,2 MP,1,,,,,,,,,,,,,,,,,,,,,,,,,,,,,,,,,,,,,,,,,,
Basler,daA2500-60mci (No-Mount),daa2500-60mci-no-mount,Basler,108006,에어리어 스캔 카메라,Basler dart,36개월,onsemi,AR0521,Rolling Shutter,CMOS,2560 px × 1920 px,2.2 μm × 2.2 μm,,Color,Visible,BCON for MIPI,8 bits / 12 bits,free-run / software trigger,,5V DC (via BCON for MIPI interface),Board Level,,5.3 mm x 27 mm x 27 mm,5 g,No-Mount,,,"CE (incl. RoHS), EAC, FCC, GenICam, KC, MIPI CSI-2, RoHS, UKCA, UL",dart E,,"1/2.5""",7.13 mm,5.7 mm × 4.28 mm,60 fps,,,automatic / manual / programmable via the camera API,2,,0.6 W,,,,,,,,,,,,,,,,5 MP,2,,,,,,,,,,,,,,,,,,,,In-camera,,,,,,,,,,,,,,,,,,,,,,
Basler,acA720-290gc,aca720-290gc,Basler,107651,에어리어 스캔 카메라,Basler ace,36개월,Sony,IMX287,Global Shutter,CMOS,720 px × 540 px,6.9 μm × 6.9 μm,,Color,Visible,GigE,8 bits / 12 bits,,Hirose HR10A 6-pin plug,PoE or 12-24 VDC,Box,,42 mm x 29 mm x 29 mm,90 g,C-mount,0 °C - 50 °C,,"CE (incl. RoHS), EAC, FCC Class B, GenICam, GigE Vision, IEEE 802.3af (PoE), IP30, KC, RoHS, UKCA, UL",ace U,ace U,"1/2.9""",6.21 mm,4.97 mm × 3.73 mm,291 fpsCalculate individual frame rate,RJ45 receptacle (GigE),"Fast Ethernet (100 Mbit/s), Gigabit Ethernet (1000 Mbit/s)",hardware trigger / programmable via the camera API,1,,2.9 W,,,,,,,,,,,,,,,3.2 W,VGA,,,,,,,,,,,,,,,,,,,,,,,,,,,,,,,,,,,,,,,,,,,
Basler,daA1600-60um (No-Mount),daa1600-60um-no-mount,Basler,106980,에어리어 스캔 카메라,Basler dart,36개월,e2v,EV76C570,,CMOS,1600 px × 1200 px,4.5 μm × 4.5 μm,,Mono,Visible,USB 3.0,8 bits / 12 bits,free-run / hardware trigger / software trigger,,Via USB 3.0 interface,Board Level,,7.2 mm x 27 mm x 27 mm,5 g,,0 °C - 75 °C,,"CE (incl. RoHS), EAC, FCC, GenICam, KC, RoHS, UKCA, UL, USB3 Vision",dart Classic,,"1/1.8""",9 mm,7.2 mm × 5.4 mm,60 fps,,"USB 3.0, nominal max. 5 Gbit/s (SuperSpeed)",programmable via the camera API,1,2,1.3 W,,,,,,,,,,,,,,,,,2,,,,,,,,,,,,,,,,,,,,,,,,,,,,,,,,,,,,,,,,,,
Basler,acA2040-25gc,aca2040-25gc,Basler,105716,에어리어 스캔 카메라,Basler ace,36개월,ams,CMV4000,Global Shutter,CMOS,2048 px × 2048 px,5.5 μm × 5.5 μm,,Color,Visible,GigE,10 bits / 12 bits,,Hirose HR10A 6-pin plug,PoE or 12 VDC,Box,,42 mm x 29 mm x 29 mm,90 g,C-mount,0 °C - 50 °C,,"CE (incl. RoHS), EAC, FCC, GenICam, GigE Vision, IEEE 802.3af (PoE), IP30, KC, RoHS, UKCA, UL",ace Classic,ace Classic,"1""",15.92 mm,11.26 mm × 11.26 mm,25 fps,RJ45 receptacle (GigE),"Fast Ethernet (100 Mbit/s), Gigabit Ethernet (1000 Mbit/s)",hardware trigger / programmable via the camera API,1,,2.6 W,,62.07 % (typical),13.8 e¯ (typical),11.9 ke¯ (typical),58.7 dB (typical),40.8 dB (typical),,,,,,,,,3.1 W,4 MP,,,,,,,,,,,,,,,,,,,,,,,,,,,,,,,,,,,,,,,,,,,
Basler,boA5120-150cc,boa5120-150cc,Basler,2200001211,에어리어 스캔 카메라,Basler boost,36개월,Gpixel,GMAX0505,Global Shutter,CMOS,5120 px × 5120 px,2.5 μm × 2.5 μm,,Color,Visible,CoaXPress (CXP-12),8 bits / 10 bits,hardware trigger / software trigger,,PoCXP or 24 VDC,Box,,71 mm x 65 mm x 65 mm,400 g,,max 50 °C,,"CE (incl. RoHS), CoaXPress 2.0, FCC, GenICam, KC, RoHS, UKCA",boost V,,"1.1""",18.1 mm,12.8 mm × 12.8 mm,150 fpsCalculate individual frame rate,,CoaXPress (2.5–12.5 Gbps),,,1,12 W,,,,,,,,,,,,,,,,25 MP,1,,,,,,,,,,,,,,,,,,,,,,,,,,,,,,,,,,,,,,,,,,
Basler,daA4200-30mci (No-Mount),daa4200-30mci-no-mount,Basler,108010,에어리어 스캔 카메라,Basler dart,36개월,onsemi,AR1335,Rolling Shutter,CMOS,4208 px × 3120 px,1.1 μm × 1.1 μm,,Color,Visible,BCON for MIPI,10 bits,free-run / software trigger,,5V DC (via BCON for MIPI interface),Board Level,,5.3 mm x 27 mm x 27 mm,5 g,No-Mount,,,"CE (incl. RoHS), EAC, FCC, GenICam, KC, MIPI CSI-2, RoHS, UKCA, UL",dart E,,"1/3""",5.76 mm,4.63 mm × 3.43 mm,30 fps,,,automatic / manual / programmable via the camera API,2,,0.6 W,,,,,,,,,,,,,,,,13 MP,2,,,,,,,,,,,,,,,,,,,,In-camera,,,,,,,,,,,,,,,,,,,,,,
Basler,daA1600-60uc (No-Mount),daa1600-60uc-no-mount,Basler,106983,에어리어 스캔 카메라,Basler dart,36개월,e2v,EV76C570,,CMOS,1600 px × 1200 px,4.5 μm × 4.5 μm,,Color,Visible,USB 3.0,8 bits / 12 bits,free-run / hardware trigger / software trigger,,Via USB 3.0 interface,Board Level,,7.2 mm x 27 mm x 27 mm,5 g,,0 °C - 75 °C,,"CE (incl. RoHS), EAC, FCC, GenICam, KC, RoHS, UKCA, UL, USB3 Vision",dart Classic,,"1/1.8""",9 mm,7.2 mm × 5.4 mm,60 fps,,"USB 3.0, nominal max. 5 Gbit/s (SuperSpeed)",programmable via the camera API,1,2,1.3 W,,,,,,,,,,,,,,,,,2,,,,,,,,,,,,,,,,,,,,,,,,,,,,,,,,,,,,,,,,,,
Basler,acA2040-180kc,aca2040-180kc,Basler,105707,에어리어 스캔 카메라,Basler ace,36개월,ams,CMV4000,Global Shutter,CMOS,2048 px × 2048 px,5.5 μm × 5.5 μm,,Color,Visible,Camera Link,10 bits / 12 bits,,Binder M5 4-pin receptacle,PoCL or 12 VDC,Box,,43.5 mm x 29 mm x 29 mm,100 g,C-mount,0 °C - 50 °C,,"Camera Link, CE (incl. RoHS), EAC, FCC, GenICam, IP30, KC, RoHS, UKCA",ace Classic,ace Classic,"1""",15.92 mm,11.26 mm × 11.26 mm,180 fps,SDR 26-Pin receptacle (CL),,hardware trigger / programmable via the camera API,1,,3 W,,62.07 % (typical),13.8 e¯ (typical),11.9 ke¯ (typical),58.7 dB (typical),40.8 dB (typical),,,,,,,,,,4 MP,,,,,,,,,,,,,,,,,,,,,,,,,,,,,,,,,,,,,,,,,,,
Basler,daA1280-54uc (S-Mount),daa1280-54uc-s-mount,Basler,106685,에어리어 스캔 카메라,Basler dart,36개월,onsemi,AR0134,Global Shutter,CMOS,1280 px × 960 px,3.75 μm × 3.75 μm,,Color,Visible,USB 3.0,8 bits / 12 bits,free-run / hardware trigger / software trigger,,Via USB 3.0 interface,Board Level,,19.9 mm x 29.3 mm x 29 mm,15 g,,0 °C - 50 °C,,"CE (incl. RoHS), EAC, FCC, GenICam, KC, RoHS, UKCA, UL, USB3 Vision",dart Classic,,"1/3""",6 mm,4.8 mm × 3.6 mm,54 fps,,"USB 3.0, nominal max. 5 Gbit/s (SuperSpeed)",programmable via the camera API,1,2,1.3 W,,,,,,,,,,,,,,,,,2,,,,,,,,,,,,,,,,,,,,,,,,,,,,,,,,,,,,,,,,,,
Basler,daA1440-220um (No-Mount),daa1440-220um-no-mount,Basler,108728,에어리어 스캔 카메라,Basler dart,36개월,Sony,IMX273,Global Shutter,CMOS,1440 px × 1080 px,3.45 μm × 3.45 μm,,Mono,Visible,USB 3.0,8 bits / 12 bits,,,,Board Level,,8 mm x 27 mm x 27 mm,5 g,,0 °C - 50 °C,,"CE (incl. RoHS), EAC, GenICam, KC, RoHS, UKCA, UL, USB3 Vision",dart R,,"1/2.9""",6.21 mm,4.97 mm × 3.73 mm,227 fpsCalculate individual frame rate,,"USB 3.0, nominal max. 5 Gbit/s (SuperSpeed)",,0,4,,,,,10.5 ke¯ (typical),71.4 dB (typical),40.22 dB (typical),,,,,,,,,,,0,,,,,,,,,,,,,,,,,,,,,,,,,,,,,,,,,,,,,,,,,,
Basler,boA6500-36cm,boa6500-36cm,Basler,108391,에어리어 스캔 카메라,Basler boost,36개월,onsemi,XGS 32000,Global Shutter,CMOS,6580 px × 4935 px,3.2 μm × 3.2 μm,,Mono,Visible,CoaXPress (CXP-12),10 bits / 12 bits,free-run / hardware trigger / software trigger,,PoCXP or 24 VDC,Box,,49.1 mm x 80 mm x 80 mm,525 g,F-mount / M42 x 0.75 / M42 x 1,0 °C - 50 °C,,"CE (incl. RoHS), CoaXPress 2.0, EAC, GenICam, KC, RoHS, UL",boost R,,APS-C,26.28 mm,21 mm × 15.8 mm,35 fpsCalculate individual frame rate,,CoaXPress (2.5–12.5 Gbps),hardware trigger / programmable via the camera API,1,2,9.8 W,,56.5 % (typical),4.3 e¯ (typical),9.3 ke¯ (typical),65.6 dB (typical),39.7 dB (typical),,,,,,,,,,32.4 MP,,,,,,,,,,,,,,,,,,,,,,,,,,,,,,,,,,,,,,,,,,,
Basler,boA2448-250cm,boa2448-250cm,Basler,108672,에어리어 스캔 카메라,Basler boost,36개월,Sony,IMX537,Global Shutter,CMOS,2448 px × 2048 px,2.74 μm × 2.74 μm,,Mono,Visible,CoaXPress (CXP-12),8 bits / 10 bits / 12 bits,free-run / hardware trigger / software trigger,,PoCXP or 24 VDC,Box,,45 mm x 80 mm x 80 mm,525 g,C-mount / F-mount / M42 x 0.75 / M42 x 1,0 °C - 50 °C,,"CE (incl. RoHS), CoaXPress 2.0, EAC, FCC, GenICam, KC, RoHS, UKCA, UL",boost R,,"1/1.8""",8.8 mm,6.7 mm × 5.6 mm,250 fpsCalculate individual frame rate,,CoaXPress (2.5–12.5 Gbps),hardware trigger / programmable via the camera API,1,2,12 W,,66.2 % (typical),1.9 e¯ (typical),10 ke¯ (typical),71.7 dB (typical),40 dB (typical),,,,,,,,,,5 MP,1,,,,,,,,,,,,,,,,,,,,,,,,,,,,,,,,,,,,,,,,,,
Basler,MED ace 8.9 MP 32 color,med-ace-8-9-mp-32-color,Basler,107815,에어리어 스캔 카메라,Basler MED ace,36개월,Sony,IMX267,Global Shutter,CMOS,4096 px × 2160 px,3.45 μm × 3.45 μm,,Color,Visible,USB 3.0,10 bits / 12 bits,free-run / hardware trigger / software trigger,,Via USB 3.0 interface,Box,,35.8 mm x 40 mm x 30 mm,80 g,C-mount,0 °C - 50 °C,,"CE (incl. RoHS), EAC, FCC Class B, GenICam, IP30, KC, RoHS, UKCA, UL (in preparation), USB3 Vision",,,"1""",15.97 mm,14.13 mm × 7.45 mm,32 fps,,"USB 3.0, nominal max. 5 Gbit/s (SuperSpeed)",hardware trigger / programmable via the camera API,1,2,3.2 W,,,,,,,,,,,,,,,,9 MP,1,,,,,,,,,,,,,,,,,,,,,,,,,,,,,,,,,,,,,,,,,,
Basler,a2A3840-45ucBAS,a2a3840-45ucbas,Basler,108015,에어리어 스캔 카메라,Basler ace 2,36개월,Sony,IMX334,Rolling Shutter,CMOS,3840 px × 2160 px,2 μm × 2 μm,,Color,Visible,USB 3.0,8 bits / 10 bits / 12 bits,,M8 6-Pin receptacle,Via USB 3.0 interface,Box,IP30,42.8 mm x 29 mm x 29 mm,85 g,C-mount,-10 °C - 60 °C,,"CE (incl. RoHS), EAC, FCC, GenICam, IP30, KC, RoHS, UKCA, UL, USB3 Vision",ace 2 R,ace 2 R Basic,"1/1.8""",8.82 mm,7.7 mm × 4.3 mm,45 fpsCalculate individual frame rate,USB 3.0 Type Micro B receptacle,"USB 3.0, nominal max. 5 Gbit/s (SuperSpeed)",hardware trigger / programmable via the camera API,1,2,2.9 W,,,,,,,,,,,,,,,,8.3 MP,,,,,,,,,,,,,,,,,,,,,,,,,,,,,,,,,,,,,,,,,,,
Basler,acA4112-20um,aca4112-20um,Basler,107413,에어리어 스캔 카메라,Basler ace,36개월,Sony,IMX304,Global Shutter,CMOS,4096 px × 3000 px,3.45 μm × 3.45 μm,,Mono,Visible,USB 3.0,10 bits / 12 bits,,Hirose HR10A 6-pin plug,Via USB 3.0 interface,Box,,35.8 mm x 40 mm x 30 mm,136 g,C-mount,0 °C - 50 °C,,"CE (incl. RoHS), EAC, FCC, GenICam, IP30, KC, RoHS, UKCA, UL, USB3 Vision",ace L,ace L,"1.1""",17.52 mm,14.13 mm × 10.35 mm,23 fpsCalculate individual frame rate,USB 3.0 Type Micro B receptacle,"USB 3.0, nominal max. 5 Gbit/s (SuperSpeed)",hardware trigger / programmable via the camera API,1,,3 W,,68 % (typical),2.3 e¯ (typical),10.3 ke¯ (typical),72.9 dB (typical),40.1 dB (typical),,,,,,,,,,12 MP,,,,,,,,,,,,,,,,,,,,,,,,,,,,,,,,,,,,,,,,,,,
Basler,a2A5320-23ucPRO,a2a5320-23ucpro,Basler,108176,에어리어 스캔 카메라,Basler ace 2,36개월,Sony,IMX542,Global Shutter,CMOS,5320 px × 3032 px,2.74 μm × 2.74 μm,,Color,Visible,USB 3.0,8 bits / 10 bits / 12 bits,,M8 6-Pin receptacle,Via USB 3.0 interface or 12-24 VDC,Box,IP30,42.8 mm x 29 mm x 29 mm,90 g,C-mount,-10 °C - 50 °C,,"CE (incl. RoHS), EAC, FCC, GenICam, IP30, KC, RoHS, UKCA, UL, USB3 Vision",ace 2 R,ace 2 R Pro,"1.1""",16.78 mm,14.58 mm × 8.31 mm,23 fpsCalculate individual frame rate,USB 3.0 Type Micro B receptacle,"USB 3.0, nominal max. 5 Gbit/s (SuperSpeed)",hardware trigger / programmable via the camera API,1,2,4.2 W,,,,,,,,,,,,,,,,16.1 MP,,,up to 24 fps,,,,,,,,,,,,,,,,,,,,,,,,,,,,,,,,,,,,,,,,
Basler,daA1600-60um (CS-Mount),daa1600-60um-cs-mount,Basler,106981,에어리어 스캔 카메라,Basler dart,36개월,e2v,EV76C570,,CMOS,1600 px × 1200 px,4.5 μm × 4.5 μm,,Mono,Visible,USB 3.0,8 bits / 12 bits,free-run / hardware trigger / software trigger,,Via USB 3.0 interface,Board Level,,19.9 mm x 29.3 mm x 29 mm,15 g,,0 °C - 50 °C,,"CE (incl. RoHS), EAC, FCC, GenICam, KC, RoHS, UKCA, UL, USB3 Vision",dart Classic,,"1/1.8""",9 mm,7.2 mm × 5.4 mm,60 fps,,"USB 3.0, nominal max. 5 Gbit/s (SuperSpeed)",programmable via the camera API,1,2,1.3 W,,,,,,,,,,,,,,,,,2,,,,,,,,,,,,,,,,,,,,,,,,,,,,,,,,,,,,,,,,,,
Basler,acA2000-340kc,aca2000-340kc,Basler,105703,에어리어 스캔 카메라,Basler ace,36개월,ams,CMV2000,Global Shutter,CMOS,2046 px × 1086 px,5.5 μm × 5.5 μm,,Color,Visible,Camera Link,10 bits / 12 bits,free-run / hardware trigger / software trigger,Binder M5 4-pin receptacle,PoCL or 12 VDC,Box,,43.5 mm x 29 mm x 29 mm,100 g,C-mount,0 °C - 50 °C,,"Camera Link, CE (incl. RoHS), EAC, FCC, GenICam, IP30, KC, RoHS, UKCA",ace Classic,ace Classic,"2/3""",12.75 mm,11.26 mm × 5.98 mm,340 fps,SDR 26-Pin receptacle (CL),,trigger width or timed,,1,3 W,,67.45 % (typical),13.9 e¯ (typical),9.3 ke¯ (typical),56.5 dB (typical),39.7 dB (typical),,,,,,,,,,2 MP,,,,,32.5 / 48 / 65 / 82,,,,,,,,,,,,,,,,,,,,,,,,,,,,,,,,,,,,,,
Basler,acA720-520um,aca720-520um,Basler,107654,에어리어 스캔 카메라,Basler ace,36개월,Sony,IMX287,Global Shutter,CMOS,720 px × 540 px,6.9 μm × 6.9 μm,,Mono,Visible,USB 3.0,8 bits / 12 bits,,Hirose HR10A 6-pin plug,Via USB 3.0 interface,Box,,29.3 mm x 29 mm x 29 mm,80 g,C-mount,0 °C - 50 °C,,"CE (incl. RoHS), EAC, FCC Class B, GenICam, IP30, KC, RoHS, UKCA, UL, USB3 Vision",ace U,ace U,"1/2.9""",6.21 mm,4.97 mm × 3.73 mm,525 fpsCalculate individual frame rate,USB 3.0 Type Micro B receptacle,"USB 3.0, nominal max. 5 Gbit/s (SuperSpeed)",hardware trigger / programmable via the camera API,1,,3 W,,63.2 % (typical),2.9 e¯ (typical),20.7 ke¯ (typical),74.2 dB (typical),43.1 dB (typical),,,,,,,,,,VGA,,,,,,,,,,,,,,,,,,,,,,,,,,,,,,,,,,,,,,,,,,,
Basler,acA2440-75uc,aca2440-75uc,Basler,107205,에어리어 스캔 카메라,Basler ace,36개월,Sony,IMX250,Global Shutter,CMOS,2448 px × 2048 px,3.45 μm × 3.45 μm,,Color,Visible,USB 3.0,10 bits / 12 bits,free-run / hardware trigger / software trigger,Hirose HR10A 6-pin plug,Via USB 3.0 interface,Box,,29.3 mm x 29 mm x 29 mm,80 g,C-mount,0 °C - 50 °C,,"CE (incl. RoHS), EAC, FCC, GenICam, IP30, KC, RoHS, UKCA, UL, USB3 Vision",ace U,ace U,"2/3""",11.02 mm,8.45 mm × 7.07 mm,75 fpsCalculate individual frame rate,USB 3.0 Type Micro B receptacle,"USB 3.0, nominal max. 5 Gbit/s (SuperSpeed)",hardware trigger / programmable via the camera API,1,2,3.4 W,,,,,,,,,,,,,,,,5 MP,1,,,,,,,,,,,,,,,,,,,,,,,,,,,,,,,,,,,,,,,,,,
Basler,acA4112-8gm,aca4112-8gm,Basler,107411,에어리어 스캔 카메라,Basler ace,36개월,Sony,IMX304,Global Shutter,CMOS,4096 px × 3000 px,3.45 μm × 3.45 μm,,Mono,Visible,GigE,10 bits / 12 bits,,Hirose HR10A 6-pin plug,PoE or 12-24 VDC,Box,,50 mm x 40 mm x 30 mm,150 g,C-mount,0 °C - 50 °C,,"CE (incl. RoHS), EAC, FCC, GenICam, GigE Vision, IP30, KC, RoHS, UKCA, UL",ace L,ace L,"1.1""",17.52 mm,14.13 mm × 10.35 mm,8 fpsCalculate individual frame rate,RJ45 receptacle (GigE),"Fast Ethernet (100 Mbit/s), Gigabit Ethernet (1000 Mbit/s)",hardware trigger / programmable via the camera API,1,,2.7 W,,69 % (typical),2.3 e¯ (typical),10.2 ke¯ (typical),72.8 dB (typical),40.1 dB (typical),,,,,,,,,3.3 W,12 MP,,,,,,,,,,,,,,,,,,,,,,,,,,,,,,,,,,,,,,,,,,,
Basler,acA1920-48gc,aca1920-48gc,Basler,107264,에어리어 스캔 카메라,Basler ace,36개월,onsemi,PYTHON 2000,Global Shutter,CMOS,1920 px × 1200 px,4.8 μm × 4.8 μm,,Color,Visible,GigE,10 bits,,Hirose HR10A 6-pin plug,PoE or 12-24 VDC,Box,,42 mm x 29 mm x 29 mm,90 g,C-mount,0 °C - 50 °C,,"CE (incl. RoHS), EAC, GenICam, GigE Vision, IEEE 802.3af (PoE), IP30, KC, RoHS, UKCA, UL",ace U,ace U,"2/3""",10.87 mm,9.22 mm × 5.76 mm,50 fpsCalculate individual frame rate,RJ45 receptacle (GigE),"Fast Ethernet (100 Mbit/s), Gigabit Ethernet (1000 Mbit/s)",hardware trigger / programmable via the camera API,1,,3.4 W,,,,,,,,,,,,,,,3.7 W,2.3 MP,,,,,,,,,,,,,,,,,,,,,,,,,,,,,,,,,,,,,,,,,,,
Basler,a2A4504-5gcPRO,a2a4504-5gcpro,Basler,108168,에어리어 스캔 카메라,Basler ace 2,36개월,Sony,IMX541,Global Shutter,CMOS,4504 px × 4504 px,2.74 μm × 2.74 μm,,Color,Visible,GigE,8 bits / 10 bits / 12 bits,,M8 6-Pin receptacle,PoE or 12-24 VDC,Box,IP30,55.5 mm x 29 mm x 29 mm,105 g,C-mount,-10 °C - 50 °C,,"CE (incl. RoHS), EAC, FCC, GenICam, GigE Vision 2.0, IP30, KC, RoHS, UKCA, UL",ace 2 R,ace 2 R Pro,"1.1""",17.45 mm,12.34 mm × 12.34 mm,5 fpsCalculate individual frame rate,RJ45 receptacle (GigE),"Fast Ethernet (100 Mbit/s), Gigabit Ethernet (1000 Mbit/s)",hardware trigger / programmable via the camera API,1,2,3.6 W,525 nm,,,10 ke¯ (typical),70.9 dB (typical),39.82 dB (typical),,,,,,,,,,20.2 MP,,,up to 13 fps,,,,,,,,,,,,,,,,,,,50.88 % (typical),,,,,,,,,,,,,,,,,,,,,
Basler,acA3088-16gm,aca3088-16gm,Basler,107406,에어리어 스캔 카메라,Basler ace,36개월,Sony,IMX178,Rolling Shutter,CMOS,3088 px × 2064 px,2.4 μm × 2.4 μm,,Mono,Visible,GigE,10 bits / 12 bits,,Hirose HR10A 6-pin plug,PoE or 12-24 VDC,Box,,42 mm x 29 mm x 29 mm,90 g,C-mount,0 °C - 50 °C,,"CE (incl. RoHS), EAC, FCC, GenICam, GigE Vision, IP30, KC, RoHS, UKCA, UL",ace U,ace U,"1/1.8""",8.91 mm,7.41 mm × 4.95 mm,16 fps,RJ45 receptacle (GigE),"Fast Ethernet (100 Mbit/s), Gigabit Ethernet (1000 Mbit/s)",programmable via the camera API,1,,2.5 W,,81 % (typical),3.2 e¯ (typical),14.3 ke¯ (typical),73 dB (typical),41.6 dB (typical),,,,,,,,,2.9 W,6 MP,,,,,,,,,,,,,,,,,,,,,,,,,,,,,,,,,,,,,,,,,,,
Basler,a2A4200-12gcBAS,a2a4200-12gcbas,Basler,108359,에어리어 스캔 카메라,Basler ace 2,36개월,Gpixel,GMAX2509,Global Shutter,CMOS,4200 px × 2160 px,2.5 μm × 2.5 μm,,Color,Visible,GigE,8 bits / 10 bits / 12 bits,,M8 6-Pin receptacle,PoE or 12-24 VDC,Box,IP30,55.5 mm x 29 mm x 29 mm,100 g,C-mount,-10 °C - 60 °C,,"CE (incl. RoHS), EAC, FCC, GenICam, GigE Vision 2.0, IP30, KC, RoHS, UKCA, UL",ace 2 R,ace 2 R Basic,"2/3""",11.8 mm,10.52 mm × 5.42 mm,12 fpsCalculate individual frame rate,RJ45 receptacle (GigE),"Fast Ethernet (100 Mbit/s), Gigabit Ethernet (1000 Mbit/s)",hardware trigger / programmable via the camera API,1,2,3.7 W,,,,,,,,,,,,,,,4.8 W,9.1 MP,,,,,,,,,,,,,,,,,,,,,,,,,,,,,,,,,,,,,,,,,,,
Basler,MED ace 12.3 MP 30 mono,med-ace-12-3-mp-30-mono,Basler,107816,에어리어 스캔 카메라,Basler MED ace,36개월,Sony,IMX253,Global Shutter,CMOS,4096 px × 3000 px,3.45 μm × 3.45 μm,,Mono,Visible,USB 3.0,10 bits / 12 bits,free-run / hardware trigger / software trigger,,Via USB 3.0 interface,Box,,35.8 mm x 40 mm x 30 mm,80 g,C-mount,0 °C - 50 °C,,"CE (incl. RoHS), EAC, FCC Class B, GenICam, IP30, KC, RoHS, UKCA, UL (in preparation), USB3 Vision",,,"1.1""",17.52 mm,14.13 mm × 10.35 mm,30 fps,,"USB 3.0, nominal max. 5 Gbit/s (SuperSpeed)",hardware trigger / programmable via the camera API,1,2,,,,,,,,,,,,,,,,,12 MP,1,,,,,,,,,,,,,,,,,,,,,,,,,,,,,,,,,,,,,,,,,,
Basler,acA1920-150uc,aca1920-150uc,Basler,107262,에어리어 스캔 카메라,Basler ace,36개월,onsemi,PYTHON 2000,Global Shutter,CMOS,1920 px × 1200 px,4.8 μm × 4.8 μm,,Color,Visible,USB 3.0,10 bits,,Hirose HR10A 6-pin plug,Via USB 3.0 interface,Box,,29.3 mm x 29 mm x 29 mm,80 g,C-mount,0 °C - 50 °C,,"CE (incl. RoHS), EAC, FCC, GenICam, IP30, KC, RoHS, UKCA, UL, USB3 Vision",ace U,ace U,"2/3""",10.87 mm,9.22 mm × 5.76 mm,150 fpsCalculate individual frame rate,USB 3.0 Type Micro B receptacle,"USB 3.0, nominal max. 5 Gbit/s (SuperSpeed)",hardware trigger / programmable via the camera API,1,,3 W,,,,,,,,,,,,,,,,2.3 MP,,,,,,,,,,,,,,,,,,,,,,,,,,,,,,,,,,,,,,,,,,,
Basler,a2A2448-75ucPRO,a2a2448-75ucpro,Basler,108429,에어리어 스캔 카메라,Basler ace 2,36개월,Sony,IMX547,Global Shutter,CMOS,2448 px × 2048 px,2.74 μm × 2.74 μm,,Color,Visible,USB 3.0,8 bits / 10 bits / 12 bits,,M8 6-Pin receptacle,Via USB 3.0 interface or 12-24 VDC,Box,IP30,42.8 mm x 29 mm x 29 mm,90 g,C-mount,-10 °C - 50 °C,,"CE (incl. RoHS), EAC, FCC, GenICam, IP30, KC, RoHS, UKCA, UL, USB3 Vision",ace 2 R,ace 2 R Pro,"1/1.8""",8.75 mm,6.71 mm × 5.61 mm,75 fpsCalculate individual frame rate,USB 3.0 Type Micro B receptacle,"USB 3.0, nominal max. 5 Gbit/s (SuperSpeed)",hardware trigger / programmable via the camera API,1,2,3.6 W,,,,,,,,,,,,,,,,5 MP,,,,,,,,,,,,,,,,,,,,,,,,,,,,,,,,,,,,,,,,,,,
Basler,acA1920-25gc,aca1920-25gc,Basler,106494,에어리어 스캔 카메라,Basler ace,36개월,onsemi,MT9P031,Rolling Shutter,CMOS,1920 px × 1080 px,2.2 μm × 2.2 μm,,Color,Visible,GigE,12 bits,Ethernet connection / free-run / hardware trigger,Hirose HR10A 6-pin plug,PoE or 12 VDC,Box,,42 mm x 29 mm x 29 mm,90 g,C-mount,0 °C - 50 °C,,"CE (incl. RoHS), EAC, FCC, GenICam, GigE Vision, IEEE 802.3af (PoE), IP30, KC, RoHS, UKCA, UL",ace Classic,ace Classic,"1/3.7""",4.84 mm,4.22 mm × 2.38 mm,25 fps,RJ45 receptacle (GigE),"Fast Ethernet (100 Mbit/s), Gigabit Ethernet (1000 Mbit/s)",hardware trigger / programmable via the camera API,1,,2.2 W,,,6.7 e¯ (typical),6.8 ke¯ (typical),60 dB (typical),38.3 dB (typical),,,,,,,,,2.7 W,2 MP,1,,,,,,,,,,,,,,,,,,,,,41.09 % (typical),7.21 % (typical),6.72 % (typical),,,,,,,,,,,,,,,,,,,
Basler,a2A2840-48ucBAS,a2a2840-48ucbas,Basler,108413,에어리어 스캔 카메라,Basler ace 2,36개월,Sony,IMX546,Global Shutter,CMOS,2840 px × 2840 px,2.74 μm × 2.74 μm,,Color,Visible,USB 3.0,8 bits / 10 bits / 12 bits,,M8 6-Pin receptacle,Via USB 3.0 interface,Box,IP30,42.8 mm x 29 mm x 29 mm,85 g,C-mount,-10 °C - 60 °C,,"CE (incl. RoHS), EAC, FCC, GenICam, IP30, KC, RoHS, UKCA, UL, USB3 Vision",ace 2 R,ace 2 R Basic,"2/3""",11 mm,7.78 mm × 7.78 mm,48 fpsCalculate individual frame rate,USB 3.0 Type Micro B receptacle,"USB 3.0, nominal max. 5 Gbit/s (SuperSpeed)",hardware trigger / programmable via the camera API,1,2,3.2 W,,,,,,,,,,,,,,,,8 MP,,,,,,,,,,,,,,,,,,,,,,,,,,,,,,,,,,,,,,,,,,,
Basler,alA3800-8gc,ala3800-8gc,Basler,107684,에어리어 스캔 카메라,Basler ace,36개월,onsemi,MT9J003,Rolling Shutter,CMOS,3840 px × 2748 px,1.67 μm × 1.67 μm,,Color,Visible,GigE,12 bits,,Hirose HR10A 6-pin plug,PoE or 12-24 VDC,Box,,42 mm x 29 mm x 29 mm,90 g,C-mount,0 °C - 50 °C,,"CE (incl. RoHS), FCC, GenICam, GigE Vision, IEEE 802.3af (PoE), IP30, RoHS, UKCA, UL",ace Lite,ace Lite,"1/2.3""",7.93 mm,6.44 mm × 4.62 mm,8 fps,RJ45 receptacle (GigE),"Fast Ethernet (100 Mbit/s), Gigabit Ethernet (1000 Mbit/s)",programmable via the camera API,1,,3.3 W,,,,,,,,,,,,,,,3.7 W,10 MP,,,,,,,,,,,,,,,,,,,,,,,,,,,,,,,,,,,,,,,,,,,
Basler,daA720-520uc (No-Mount),daa720-520uc-no-mount,Basler,108725,에어리어 스캔 카메라,Basler dart,36개월,Sony,IMX287,Global Shutter,CMOS,720 px × 540 px,6.9 μm × 6.9 μm,,Color,Visible,USB 3.0,8 bits / 12 bits,,,,Board Level,,8 mm x 27 mm x 27 mm,5 g,,0 °C - 50 °C,,"CE (incl. RoHS), EAC, GenICam, KC, RoHS, UKCA, UL, USB3 Vision",dart R,,"1/2.9""",,4.97 mm × 3.73 mm,523 fpsCalculate individual frame rate,,"USB 3.0, nominal max. 5 Gbit/s (SuperSpeed)",,0,4,,,,,,,,,,,,,,,,,,0,,,,,,,,,,,,,,,,,,,,,,,,,,,,,,,,,,,,,,,,,,
Basler,boA5120-230cm,boa5120-230cm,Basler,2200001214,에어리어 스캔 카메라,Basler boost,36개월,Gpixel,GSPRINT4521,Global Shutter,CMOS,5120 px × 4096 px,4.5 μm × 4.5 μm,,Mono,Visible,CoaXPress (CXP-12),8 bits / 10 bits,hardware trigger / software trigger,,PoCXP or 24 VDC,Box,,76 mm x 65 mm x 65 mm,400 g,,max 50 °C,,"CE (incl. RoHS), CoaXPress 2.0, FCC, GenICam, KC, RoHS, UKCA",boost V,,APS-C,29.5 mm,23 mm × 18.4 mm,230 fpsCalculate individual frame rate,,CoaXPress (2.5–12.5 Gbps),hardware trigger,,1,16 W,,,,31.6 ke¯ (typical),59 dB (typical),45 dB (typical),,,,,,,,,,21 MP,1,,,,,,,,,,,,,,,,,,,,,,,,,,,,,,,,,,,,,,,,,,
Basler,acA1440-73gm,aca1440-73gm,Basler,108863,에어리어 스캔 카메라,Basler ace,36개월,Sony,IMX273,Global Shutter,CMOS,1440 px × 1080 px,3.45 μm × 3.45 μm,,Mono,Visible,GigE,10 bits / 12 bits,,Hirose HR10A 6-pin plug,PoE or 12-24 VDC,Box,,42 mm x 29 mm x 29 mm,90 g,C-mount,0 °C - 50 °C,,"CE (incl. RoHS), EAC, FCC Class B, GenICam, GigE Vision, IEEE 802.3af (PoE), IP30, KC, RoHS, UKCA, UL",ace U,ace U,"1/2.9""",6.21 mm,4.97 mm × 3.73 mm,73 fpsCalculate individual frame rate,RJ45 receptacle (GigE),"Fast Ethernet (100 Mbit/s), Gigabit Ethernet (1000 Mbit/s)",hardware trigger / programmable via the camera API,1,,2.9 W,,63.1 % (typical),2.9 e¯ (typical),10.5 ke¯ (typical),71.4 dB (typical),40.22 dB (typical),,,,,,,,,3.2 W,1.6 MP,,,,,,,,,,,,,,,,,,,,,,,,,,,,,,,,,,,,,,,,,,,
Basler,boA5320-150cc,boa5320-150cc,Basler,108381,에어리어 스캔 카메라,Basler boost,36개월,Sony,IMX532,Global Shutter,CMOS,5320 px × 3032 px,2.74 μm × 2.74 μm,,Color,Visible,CoaXPress (CXP-12),8 bits / 10 bits / 12 bits,,,,Box,,45 mm x 80 mm x 80 mm,525 g,C-mount / F-mount / M42 x 0.75 / M42 x 1,max 50 °C,,"CE (incl. RoHS), CoaXPress 2.0, KC, RoHS, UL",boost R,,"1.1""",,14.6 mm × 8.3 mm,150 fpsCalculate individual frame rate,,CoaXPress (2.5–12.5 Gbps),,1,2,11 W,,,,,,,,,,,,,,,,16.1 MP,,,,,,,,,,,,,,,,,,,,,,,,,,,,,,,,,,,,,,,,,,,
Basler,daA3840-30mc (No-Mount) - Tray (40pcs),daa3840-30mc-no-mount-tray-40pcs,Basler,108219,에어리어 스캔 카메라,Basler dart,36개월,onsemi,AR0821,Rolling Shutter,CMOS,3840 px × 2160 px,2.1 μm × 2.1 μm,,Color,Visible,BCON for MIPI,20 bits,free-run / software trigger,,5V DC (via BCON for MIPI interface),Board Level,,5.3 mm x 27 mm x 27 mm,5 g,No-Mount,,,"CE (incl. RoHS), EAC, FCC, GenICam, KC, MIPI CSI-2, RoHS, UKCA, UL",dart E,,"1/1.8""",,8.1 mm × 4.5 mm,30 fps,,,automatic / manual / programmable via the camera API,2,,0.6 W,,,,,,,,,,,,,,,,8 MP,2,,,,,,,,,,,,,,,,,,,,Host processor (ISP),,,,,,,,,,,,,,,,,,,,,,
Basler,daA720-520uc (S-Mount),daa720-520uc-s-mount,Basler,108726,에어리어 스캔 카메라,Basler dart,36개월,Sony,IMX287,Global Shutter,CMOS,720 px × 540 px,6.9 μm × 6.9 μm,,Color,Visible,USB 3.0,8 bits / 12 bits,,,,Board Level,,19.9 mm x 29.3 mm x 29 mm,15 g,,0 °C - 50 °C,,"CE (incl. RoHS), EAC, GenICam, KC, RoHS, UKCA, UL, USB3 Vision",dart R,,"1/2.9""",,4.97 mm × 3.73 mm,523 fpsCalculate individual frame rate,,"USB 3.0, nominal max. 5 Gbit/s (SuperSpeed)",,0,4,,,,,,,,,,,,,,,,,,0,,,,,,,,,,,,,,,,,,,,,,,,,,,,,,,,,,,,,,,,,,
Basler,acA4112-30um,aca4112-30um,Basler,107416,에어리어 스캔 카메라,Basler ace,36개월,Sony,IMX253,Global Shutter,CMOS,4096 px × 3000 px,3.45 μm × 3.45 μm,,Mono,Visible,USB 3.0,10 bits / 12 bits,free-run / hardware trigger / software trigger,Hirose HR10A 6-pin plug,Via USB 3.0 interface,Box,,35.8 mm x 40 mm x 30 mm,136 g,C-mount,0 °C - 50 °C,,"CE (incl. RoHS), EAC, FCC, GenICam, IP30, KC, RoHS, UKCA, UL, USB3 Vision",ace L,ace L,"1.1""",17.52 mm,14.13 mm × 10.35 mm,30 fpsCalculate individual frame rate,USB 3.0 Type Micro B receptacle,"USB 3.0, nominal max. 5 Gbit/s (SuperSpeed)",hardware trigger / programmable via the camera API,1,2,3.6 W,,70 % (typical),2.4 e¯ (typical),10.5 ke¯ (typical),72.8 dB (typical),40.2 dB (typical),,,,,,,,,,12 MP,1,,,,,,,,,,,,,,,,,,,,,,,,,,,,,,,,,,,,,,,,,,
Basler,acA2440-35uc,aca2440-35uc,Basler,107209,에어리어 스캔 카메라,Basler ace,36개월,Sony,IMX264,Global Shutter,CMOS,2448 px × 2048 px,3.45 μm × 3.45 μm,,Color,Visible,USB 3.0,10 bits / 12 bits,,Hirose HR10A 6-pin plug,Via USB 3.0 interface,Box,,29.3 mm x 29 mm x 29 mm,80 g,C-mount,0 °C - 50 °C,,"CE (incl. RoHS), EAC, FCC, GenICam, IP30, KC, RoHS, UKCA, UL, USB3 Vision",ace U,ace U,"2/3""",11.02 mm,8.45 mm × 7.07 mm,35 fpsCalculate individual frame rate,USB 3.0 Type Micro B receptacle,"USB 3.0, nominal max. 5 Gbit/s (SuperSpeed)",hardware trigger / programmable via the camera API,1,,2.7 W,,,,,,,,,,,,,,,,5 MP,,,,,,,,,,,,,,,,,,,,,,,,,,,,,,,,,,,,,,,,,,,
Basler,acA2040-55um,aca2040-55um,Basler,107210,에어리어 스캔 카메라,Basler ace,36개월,Sony,IMX265,Global Shutter,CMOS,2048 px × 1536 px,3.45 μm × 3.45 μm,,Mono,Visible,USB 3.0,10 bits / 12 bits,,Hirose HR10A 6-pin plug,Via USB 3.0 interface,Box,,29.3 mm x 29 mm x 29 mm,80 g,C-mount,0 °C - 50 °C,,"CE (incl. RoHS), EAC, FCC, GenICam, IP30, KC, RoHS, UKCA, UL, USB3 Vision",ace U,ace U,"1/1.8""",8.84 mm,7.07 mm × 5.3 mm,55 fpsCalculate individual frame rate,USB 3.0 Type Micro B receptacle,"USB 3.0, nominal max. 5 Gbit/s (SuperSpeed)",hardware trigger / programmable via the camera API,1,,2.6 W,,70 % (typical),2.2 e¯ (typical),10.4 ke¯ (typical),73.4 dB (typical),40.1 dB (typical),,,,,,,,,,3 MP,,,,,,,,,,,,,,,,,,,,,,,,,,,,,,,,,,,,,,,,,,,
Basler,a2A4508-6gmBAS,a2a4508-6gmbas,Basler,108452,에어리어 스캔 카메라,Basler ace 2,36개월,Gpixel,GMAX2518,Global Shutter,CMOS,4508 px × 4096 px,2.5 μm × 2.5 μm,,Mono,Visible,GigE,8 bits / 10 bits / 12 bits,,M8 6-Pin receptacle,PoE or 12-24 VDC,Box,IP30,55.5 mm x 29 mm x 29 mm,100 g,C-mount,-10 °C - 60 °C,,"CE (incl. RoHS), EAC, FCC, GenICam, GigE Vision 2.0, IP30, KC, RoHS, UKCA, UL",ace 2 R,ace 2 R Basic,"1""",15.2 mm,11.27 mm × 10.24 mm,6 fpsCalculate individual frame rate,RJ45 receptacle (GigE),"Fast Ethernet (100 Mbit/s), Gigabit Ethernet (1000 Mbit/s)",hardware trigger / programmable via the camera API,1,2,3.7 W,541 nm,56.4 % (typical),3 e¯ (typical),6.7 ke¯ (typical),65.5 dB (typical),38 dB (typical),,,,,,,,,,18.4 MP,,,,,,,,,,,,,,,,,,,,,,,,,,,,,,,,,,,,,,,,,,,
Basler,acA2000-50gc,aca2000-50gc,Basler,105714,에어리어 스캔 카메라,Basler ace,36개월,ams,CMV2000,Global Shutter,CMOS,2046 px × 1086 px,5.5 μm × 5.5 μm,,Color,Visible,GigE,12 bits,Ethernet connection / free-run / hardware trigger,Hirose HR10A 6-pin plug,PoE or 12 VDC,Box,,42 mm x 29 mm x 29 mm,90 g,C-mount,0 °C - 50 °C,,"CE (incl. RoHS), EAC, FCC, GenICam, GigE Vision, IEEE 802.3af (PoE), IP30, KC, RoHS, UKCA, UL",ace Classic,ace Classic,"2/3""",12.75 mm,11.26 mm × 5.98 mm,50 fps,RJ45 receptacle (GigE),"Fast Ethernet (100 Mbit/s), Gigabit Ethernet (1000 Mbit/s)",hardware trigger / programmable via the camera API,1,,2.5 W,,67.45 % (typical),13.9 e¯ (typical),9.3 ke¯ (typical),56.5 dB (typical),39.7 dB (typical),,,,,,,,,3 W,2 MP,1,,,,,,,,,,,,,,,,,,,,,,,,,,,,,,,,,,,,,,,,,,
Basler,a2A4200-40umPRO,a2a4200-40umpro,Basler,108364,에어리어 스캔 카메라,Basler ace 2,36개월,Gpixel,GMAX2509,Global Shutter,CMOS,4200 px × 2160 px,2.5 μm × 2.5 μm,,Mono,Visible,USB 3.0,8 bits / 10 bits / 12 bits,,M8 6-Pin receptacle,Via USB 3.0 interface or 12-24 VDC,Box,IP30,42.8 mm x 29 mm x 29 mm,90 g,C-mount,-10 °C - 50 °C,,"CE (incl. RoHS), EAC, FCC, GenICam, IP30, KC, RoHS, UKCA, UL, USB3 Vision",ace 2 R,ace 2 R Pro,"2/3""",11.8 mm,10.52 mm × 5.42 mm,40 fpsCalculate individual frame rate,USB 3.0 Type Micro B receptacle,"USB 3.0, nominal max. 5 Gbit/s (SuperSpeed)",hardware trigger / programmable via the camera API,1,2,3.2 W,541 nm,50.9 % (typical),1 e¯ (typical),4.5 ke¯ (typical),69.4 dB (typical),36.5 dB (typical),,,,,,,,,,9.1 MP,,,,,,,,,,,,,,,,,,,,,,,,,,,,,,,,,,,,,,,,,,,
Basler,acA4024-8gm,aca4024-8gm,Basler,109276,에어리어 스캔 카메라,Basler ace,36개월,Sony,IMX226,Rolling Shutter,CMOS,4024 px × 3036 px,1.85 μm × 1.85 μm,,Mono,Visible,GigE,,,Hirose HR10A 6-pin plug,PoE or 12-24 VDC,Box,,42 mm x 29 mm x 29 mm,90 g,C-mount,0 °C - 50 °C,,"CE (incl. RoHS), EAC, FCC, GenICam, GigE Vision, IP30, KC, RoHS, UKCA, UL",ace U,ace U,"1/1.7""",9.33 mm,7.44 mm × 5.61 mm,8 fps,RJ45 receptacle (GigE),"Fast Ethernet (100 Mbit/s), Gigabit Ethernet (1000 Mbit/s)",automatic / manual,,,2.5 W,,83 % (typical),3.4 e¯ (typical),11 ke¯ (typical),70.2 dB (typical),40.4 dB (typical),,,,,,,,,2.9 W,12.2 MP,,,,,,,,,,,,,,,,,,,,,,,,,,,,,,,,,,,,,,,,,,,
Basler,a2A4508-20umPRO,a2a4508-20umpro,Basler,108458,에어리어 스캔 카메라,Basler ace 2,36개월,Gpixel,GMAX2518,Global Shutter,CMOS,4508 px × 4096 px,2.5 μm × 2.5 μm,,Mono,Visible,USB 3.0,8 bits / 10 bits / 12 bits,,M8 6-Pin receptacle,Via USB 3.0 interface or 12-24 VDC,Box,IP30,42.8 mm x 29 mm x 29 mm,90 g,C-mount,-10 °C - 50 °C,,"CE (incl. RoHS), EAC, FCC, GenICam, IP30, KC, RoHS, UKCA, UL, USB3 Vision",ace 2 R,ace 2 R Pro,"1""",15.2 mm,11.27 mm × 10.24 mm,20 fpsCalculate individual frame rate,USB 3.0 Type Micro B receptacle,"USB 3.0, nominal max. 5 Gbit/s (SuperSpeed)",hardware trigger / programmable via the camera API,1,2,3.5 W,541 nm,56.3 % (typical),3.2 e¯ (typical),5.7 ke¯ (typical),63.8 dB (typical),37.6 dB (typical),,,,,,,,,,18.4 MP,,,,,,,,,,,,,,,,,,,,,,,,,,,,,,,,,,,,,,,,,,,
Basler,daA1280-54um (S-Mount),daa1280-54um-s-mount,Basler,106682,에어리어 스캔 카메라,Basler dart,36개월,onsemi,AR0134,Global Shutter,CMOS,1280 px × 960 px,3.75 μm × 3.75 μm,,Mono,Visible,USB 3.0,8 bits / 12 bits,free-run / hardware trigger / software trigger,,Via USB 3.0 interface,Board Level,,19.9 mm x 29.3 mm x 29 mm,15 g,,0 °C - 50 °C,,"CE (incl. RoHS), EAC, FCC, GenICam, KC, RoHS, UKCA, UL, USB3 Vision",dart Classic,,"1/3""",6 mm,4.8 mm × 3.6 mm,54 fps,,"USB 3.0, nominal max. 5 Gbit/s (SuperSpeed)",programmable via the camera API,1,2,1.2 W,,,,,,,,,,,,,,,,,2,,,,,,,,,,,,,,,,,,,,,,,,,,,,,,,,,,,,,,,,,,
Basler,a2A2448-105g5cBAS,a2a2448-105g5cbas,Basler,108594,에어리어 스캔 카메라,Basler ace 2,36개월,Sony,IMX547,Global Shutter,CMOS,2448 px × 2048 px,2.74 μm × 2.74 μm,,Color,Visible,5GigE,8 bits / 10 bits / 12 bits,,M8 6-Pin receptacle,12-24 VDC,Box,IP30,55.5 mm x 29 mm x 29 mm,100 g,C-mount,-10 °C - 50 °C,,"CE (incl. RoHS), EAC, FCC, GenICam, GigE Vision 2.0, IP30, KC, RoHS, UKCA, UL",ace 2 R,ace 2 R Basic,"1/1.8""",8.75 mm,6.71 mm × 5.61 mm,106 fpsCalculate individual frame rate,RJ45 receptacle (GigE),"Fast Ethernet (100 Mbit/s), Gigabit Ethernet (1000 Mbit/s), 2.5 Gigabit Ethernet (2500 Mbit/s), 5 Gigabit Ethernet (5000 Mbit/s)",hardware trigger / programmable via the camera API,1,2,5.8 W,,,,,,,,,,,,,,,,5 MP,,,,,,,,,,,,,,,,,,,,,,,,,,,,,,,,,,,,,,,,,,,
Basler,a2A2840-14gmPRO,a2a2840-14gmpro,Basler,108426,에어리어 스캔 카메라,Basler ace 2,36개월,Sony,IMX546,Global Shutter,CMOS,2840 px × 2840 px,2.74 μm × 2.74 μm,,Mono,Visible,GigE,8 bits / 10 bits / 12 bits,,M8 6-Pin receptacle,PoE or 12-24 VDC,Box,IP30,55.5 mm x 29 mm x 29 mm,100 g,C-mount,-10 °C - 50 °C,,"CE (incl. RoHS), EAC, FCC, GenICam, GigE Vision 2.0, IP30, KC, RoHS, UKCA, UL",ace 2 R,ace 2 R Pro,"2/3""",11 mm,7.78 mm × 7.78 mm,14 fpsCalculate individual frame rate,RJ45 receptacle (GigE),"Fast Ethernet (100 Mbit/s), Gigabit Ethernet (1000 Mbit/s)",hardware trigger / programmable via the camera API,1,2,3 W,541 nm,65.7 % (typical),2.4 e¯ (typical),9.8 ke¯ (typical),70.1 dB (typical),39.9 dB (typical),,,,,,,,,,8 MP,,,,,,,,,,,,,,,,,,,,,,,,,,,,,,,,,,,,,,,,,,,
Basler,a2A4200-40umBAS,a2a4200-40umbas,Basler,108362,에어리어 스캔 카메라,Basler ace 2,36개월,Gpixel,GMAX2509,Global Shutter,CMOS,4200 px × 2160 px,2.5 μm × 2.5 μm,,Mono,Visible,USB 3.0,8 bits / 10 bits / 12 bits,,M8 6-Pin receptacle,Via USB 3.0 interface,Box,IP30,42.8 mm x 29 mm x 29 mm,85 g,C-mount,-10 °C - 60 °C,,"CE (incl. RoHS), EAC, FCC, GenICam, IP30, KC, RoHS, UKCA, UL, USB3 Vision",ace 2 R,ace 2 R Basic,"2/3""",11.8 mm,10.52 mm × 5.42 mm,40 fpsCalculate individual frame rate,USB 3.0 Type Micro B receptacle,"USB 3.0, nominal max. 5 Gbit/s (SuperSpeed)",hardware trigger / programmable via the camera API,1,2,3.1 W,541 nm,53.3 % (typical),1.1 e¯ (typical),4.7 ke¯ (typical),68.3 dB (typical),37 dB (typical),,,,,,,,,,9.1 MP,,,,,,,,,,,,,,,,,,,,,,,,,,,,,,,,,,,,,,,,,,,
Basler,MED ace 12.3 MP 30 color,med-ace-12-3-mp-30-color,Basler,107817,에어리어 스캔 카메라,Basler MED ace,36개월,Sony,IMX253,Global Shutter,CMOS,4096 px × 3000 px,3.45 μm × 3.45 μm,,Color,Visible,USB 3.0,10 bits / 12 bits,free-run / hardware trigger / software trigger,,Via USB 3.0 interface,Box,,35.8 mm x 40 mm x 30 mm,80 g,C-mount,0 °C - 50 °C,,"CE (incl. RoHS), EAC, FCC Class B, GenICam, IP30, KC, RoHS, UKCA, UL (in preparation), USB3 Vision",,,"1.1""",17.52 mm,14.13 mm × 10.35 mm,30 fps,,"USB 3.0, nominal max. 5 Gbit/s (SuperSpeed)",hardware trigger / programmable via the camera API,1,2,,,,,,,,,,,,,,,,,12 MP,1,,,,,,,,,,,,,,,,,,,,,,,,,,,,,,,,,,,,,,,,,,
Basler,a2A5328-4gcPRO,a2a5328-4gcpro,Basler,108122,에어리어 스캔 카메라,Basler ace 2,36개월,Sony,IMX540,Global Shutter,CMOS,5328 px × 4608 px,2.74 μm × 2.74 μm,,Color,Visible,GigE,8 bits / 10 bits / 12 bits,,M8 6-Pin receptacle,PoE or 12-24 VDC,Box,IP30,55.5 mm x 29 mm x 29 mm,105 g,C-mount,-10 °C - 50 °C,,"CE (incl. RoHS), EAC, FCC, GenICam, GigE Vision 2.0, IP30, KC, RoHS, UKCA, UL",ace 2 R,ace 2 R Pro,"1.2""",19.26 mm,14.57 mm × 12.6 mm,4 fpsCalculate individual frame rate,RJ45 receptacle (GigE),"Fast Ethernet (100 Mbit/s), Gigabit Ethernet (1000 Mbit/s)",hardware trigger / programmable via the camera API,1,,3.4 W,,,,,,,,,,,,,,,,24.4 MP,,,up to 10 fps,,,,,,,,,,,,,,,,,,,,,,,,,,,,,,,,,,,,,,,,
Basler,MED ace 2.3 MP 164 color,med-ace-2-3-mp-164-color,Basler,107496,에어리어 스캔 카메라,Basler MED ace,36개월,Sony,IMX174,Global Shutter,CMOS,1920 px × 1200 px,5.86 μm × 5.86 μm,,Color,Visible,USB 3.0,10 bits / 12 bits,free-run / hardware trigger / software trigger,,Via USB 3.0 interface,Box,,29.3 mm x 29 mm x 29 mm,80 g,C-mount,0 °C - 50 °C,,"CE (incl. RoHS), EAC, FCC Class B, GenICam, IP30, KC, RoHS, UKCA, UL, USB3 Vision",,,"1/1.2""",13.39 mm,11.3 mm × 7.1 mm,164 fps,,"USB 3.0, nominal max. 5 Gbit/s (SuperSpeed)",hardware trigger / programmable via the camera API,1,2,3.4 W,,,,,,,,,,,,,,,,2.3 MP,1,,,,,,,,,,,,,,,,,,,,,,,,,,,,,,,,,,,,,,,,,,
Basler,MED ace 8.9 MP 42 mono,med-ace-8-9-mp-42-mono,Basler,107812,에어리어 스캔 카메라,Basler MED ace,36개월,Sony,IMX255,Global Shutter,CMOS,4096 px × 2160 px,3.45 μm × 3.45 μm,,Mono,Visible,USB 3.0,10 bits / 12 bits,free-run / hardware trigger / software trigger,,Via USB 3.0 interface,Box,,35.8 mm x 40 mm x 30 mm,80 g,C-mount,0 °C - 50 °C,,"CE (incl. RoHS), EAC, FCC Class B, GenICam, IP30, KC, RoHS, UKCA, UL (in preparation), USB3 Vision",,,"1""",15.97 mm,14.13 mm × 7.45 mm,42 fps,,"USB 3.0, nominal max. 5 Gbit/s (SuperSpeed)",hardware trigger / programmable via the camera API,1,2,3.6 W,,,,,,,,,,,,,,,,9 MP,1,,,,,,,,,,,,,,,,,,,,,,,,,,,,,,,,,,,,,,,,,,
Basler,daA2500-14um (S-Mount),daa2500-14um-s-mount,Basler,106694,에어리어 스캔 카메라,Basler dart,36개월,onsemi,MT9P031,Rolling Shutter,CMOS,2592 px × 1944 px,2.2 μm × 2.2 μm,,Mono,Visible,USB 3.0,8 bits / 12 bits,free-run / hardware trigger / software trigger,,Via USB 3.0 interface,Board Level,,19.9 mm x 29.3 mm x 29 mm,15 g,,0 °C - 50 °C,,"CE (incl. RoHS), EAC, FCC, GenICam, KC, RoHS, UKCA, UL, USB3 Vision",dart Classic,,"1/2.5""",7.13 mm,5.7 mm × 4.28 mm,14 fps,,"USB 3.0, nominal max. 5 Gbit/s (SuperSpeed)",hardware trigger / programmable via the camera API,1,2,1.4 W,,,,,,,,,,,,,,,,,2,,,,,,,,,,,,,,,,,,,,,,,,,,,,,,,,,,,,,,,,,,
Basler,daA3840-45uc (CS-Mount),daa3840-45uc-cs-mount,Basler,108275,에어리어 스캔 카메라,Basler dart,36개월,Sony,IMX334,Rolling Shutter,CMOS,3840 px × 2160 px,2 μm × 2 μm,,Color,Visible,USB 3.0,8 bits / 12 bits,free-run / hardware trigger / software trigger,,Via USB 3.0 interface,Board Level,,19.9 mm x 29.3 mm x 29 mm,5 g,,0 °C - 50 °C,,"CE (incl. RoHS), EAC, FCC, GenICam, KC, RoHS, UKCA, UL, USB3 Vision",dart R,,"1/1.8""",8.81 mm,7.68 mm × 4.32 mm,45 fpsCalculate individual frame rate,,"USB 3.0, nominal max. 5 Gbit/s (SuperSpeed)",hardware trigger / programmable via the camera API,0,4,2 W,,,,,,,,,,,,,,,,,0,,,,,,,,,,,,,,,,,,,,In-camera,,,,,,,,,,,,,,,,,,,,,,
Basler,acA2500-14uc,aca2500-14uc,Basler,106944,에어리어 스캔 카메라,Basler ace,36개월,onsemi,MT9P031,Rolling Shutter,CMOS,2590 px × 1942 px,2.2 μm × 2.2 μm,,Color,Visible,USB 3.0,12 bits,free-run / hardware trigger / software trigger,Hirose HR10A 6-pin plug,Via USB 3.0 interface,Box,,29.3 mm x 29 mm x 29 mm,80 g,C-mount,0 °C - 50 °C,,"CE (incl. RoHS), EAC, FCC, GenICam, IP30, KC, RoHS, UKCA, UL, USB3 Vision",ace Classic,ace Classic,"1/2.5""",7.13 mm,5.7 mm × 4.28 mm,14 fps,USB 3.0 Type Micro B receptacle,"USB 3.0, nominal max. 5 Gbit/s (SuperSpeed)",hardware trigger / programmable via the camera API,1,2,2.2 W,,,6.7 e¯ (typical),6.8 ke¯ (typical),60 dB (typical),38.3 dB (typical),,,,,,,,,,5 MP,1,,,,,,,,,,,,,,,,,,,,,41.09 % (typical),7.21 % (typical),6.72 % (typical),,,,,,,,,,,,,,,,,,,
Basler,a2A5328-15umBAS,a2a5328-15umbas,Basler,108115,에어리어 스캔 카메라,Basler ace 2,36개월,Sony,IMX540,Global Shutter,CMOS,5328 px × 4608 px,2.74 μm × 2.74 μm,,Mono,Visible,USB 3.0,8 bits / 10 bits / 12 bits,,M8 6-Pin receptacle,Via USB 3.0 interface,Box,IP30,42.8 mm x 29 mm x 29 mm,85 g,C-mount,-10 °C - 60 °C,,"CE (incl. RoHS), EAC, FCC, GenICam, IP30, KC, RoHS, UKCA, UL, USB3 Vision",ace 2 R,ace 2 R Basic,"1.2""",19.26 mm,14.57 mm × 12.6 mm,15 fpsCalculate individual frame rate,USB 3.0 Type Micro B receptacle,"USB 3.0, nominal max. 5 Gbit/s (SuperSpeed)",hardware trigger / programmable via the camera API,1,,3.3 W,541 nm,66.4 % (typical),2.1 e¯ (typical),9.59 ke¯ (typical),70.8 dB (typical),39.82 dB (typical),,,,,,,,,,24.4 MP,,,,,,,,,,,,,,,,,,,,,,,,,,,,,,,,,,,,,,,,,,,
Basler,a2A2590-22gcPRO,a2a2590-22gcpro,Basler,108132,에어리어 스캔 카메라,Basler ace 2,36개월,Sony,IMX334ROI,Rolling Shutter,CMOS,2592 px × 1944 px,2 μm × 2 μm,,Color,Visible,GigE,8 bits / 10 bits / 12 bits,,M8 6-Pin receptacle,PoE or 12-24 VDC,Box,IP30,55.5 mm x 29 mm x 29 mm,105 g,C-mount,-10 °C - 50 °C,,"CE (incl. RoHS), EAC, FCC, GenICam, GigE Vision 2.0, IP30, KC, RoHS, UKCA, UL",ace 2 R,ace 2 R Pro,"1/2.8""",6.5 mm,5.2 mm × 3.9 mm,22 fpsCalculate individual frame rate,RJ45 receptacle (GigE),"Fast Ethernet (100 Mbit/s), Gigabit Ethernet (1000 Mbit/s)",hardware trigger / programmable via the camera API,1,2,3 W,,,,,,,,,,,,,,,,5 MP,,,up to 60 fps,,,,,,,,,,,,,,,,,,,,,,,,,,,,,,,,,,,,,,,,
Basler,acA1920-150um,aca1920-150um,Basler,107261,에어리어 스캔 카메라,Basler ace,36개월,onsemi,PYTHON 2000,Global Shutter,CMOS,1920 px × 1200 px,4.8 μm × 4.8 μm,,Mono,Visible,USB 3.0,10 bits,,Hirose HR10A 6-pin plug,Via USB 3.0 interface,Box,,29.3 mm x 29 mm x 29 mm,80 g,C-mount,0 °C - 50 °C,,"CE (incl. RoHS), EAC, FCC, GenICam, IP30, KC, RoHS, UKCA, UL, USB3 Vision",ace U,ace U,"2/3""",10.87 mm,9.22 mm × 5.76 mm,150 fpsCalculate individual frame rate,USB 3.0 Type Micro B receptacle,"USB 3.0, nominal max. 5 Gbit/s (SuperSpeed)",hardware trigger / programmable via the camera API,1,,3 W,,54 % (typical),10.9 e¯ (typical),7.7 ke¯ (typical),56.9 dB (typical),38.9 dB (typical),,,,,,,,,,2.3 MP,,,,,,,,,,,,,,,,,,,,,,,,,,,,,,,,,,,,,,,,,,,
Basler,acA3088-57uc,aca3088-57uc,Basler,107403,에어리어 스캔 카메라,Basler ace,36개월,Sony,IMX178,Rolling Shutter,CMOS,3088 px × 2064 px,2.4 μm × 2.4 μm,,Color,Visible,USB 3.0,10 bits / 12 bits,,Hirose HR10A 6-pin plug,Via USB 3.0 interface,Box,,29.3 mm x 29 mm x 29 mm,80 g,C-mount,0 °C - 50 °C,,"CE (incl. RoHS), EAC, FCC, GenICam, IP30, KC, RoHS, UKCA, UL, USB3 Vision",ace U,ace U,"1/1.8""",8.91 mm,7.41 mm × 4.95 mm,59 fpsCalculate individual frame rate,USB 3.0 Type Micro B receptacle,"USB 3.0, nominal max. 5 Gbit/s (SuperSpeed)",programmable via the camera API,1,,3 W,,,,,,,,,,,,,,,,6 MP,,,,,,,,,,,,,,,,,,,,,,,,,,,,,,,,,,,,,,,,,,,
Basler,a2A4504-27g5mBAS,a2a4504-27g5mbas,Basler,108633,에어리어 스캔 카메라,Basler ace 2,36개월,Sony,IMX541,Global Shutter,CMOS,4504 px × 4504 px,2.74 μm × 2.74 μm,,Mono,Visible,5GigE,8 bits / 10 bits / 12 bits,,M8 6-Pin receptacle,12-24 VDC,Box,IP30,55.5 mm x 29 mm x 29 mm,100 g,C-mount,-10 °C - 50 °C,,"CE (incl. RoHS), EAC, FCC, GenICam, GigE Vision 2.0, IP30, KC, RoHS, UKCA, UL",ace 2 R,ace 2 R Basic,"1.1""",17.45 mm,12.34 mm × 12.34 mm,27 fpsCalculate individual frame rate,RJ45 receptacle (GigE),"Fast Ethernet (100 Mbit/s), Gigabit Ethernet (1000 Mbit/s), 2.5 Gigabit Ethernet (2500 Mbit/s), 5 Gigabit Ethernet (5000 Mbit/s)",hardware trigger / programmable via the camera API,1,2,5.8 W,541 nm,66.1 % (typical),2.1 e¯ (typical),9.4 ke¯ (typical),70.8 dB (typical),40 dB (typical),,,,,,,,,,20.2 MP,,,,,,,,,,,,,,,,,,,,,,,,,,,,,,,,,,,,,,,,,,,
Basler,a2A5320-7gcBAS,a2a5320-7gcbas,Basler,108174,에어리어 스캔 카메라,Basler ace 2,36개월,Sony,IMX542,Global Shutter,CMOS,5320 px × 3032 px,2.74 μm × 2.74 μm,,Color,Visible,GigE,8 bits / 10 bits / 12 bits,,M8 6-Pin receptacle,PoE or 12-24 VDC,Box,IP30,55.5 mm x 29 mm x 29 mm,100 g,C-mount,-10 °C - 60 °C,,"CE (incl. RoHS), EAC, FCC, GenICam, GigE Vision 2.0, IP30, KC, RoHS, UKCA, UL",ace 2 R,ace 2 R Basic,"1.1""",16.78 mm,14.58 mm × 8.31 mm,7 fpsCalculate individual frame rate,RJ45 receptacle (GigE),"Fast Ethernet (100 Mbit/s), Gigabit Ethernet (1000 Mbit/s)",hardware trigger / programmable via the camera API,1,2,3.1 W,,,,,,,,,,,,,,,,16.1 MP,,,,,,,,,,,,,,,,,,,,,,,,,,,,,,,,,,,,,,,,,,,
Basler,a2A5328-4gmPRO,a2a5328-4gmpro,Basler,108121,에어리어 스캔 카메라,Basler ace 2,36개월,Sony,IMX540,Global Shutter,CMOS,5328 px × 4608 px,2.74 μm × 2.74 μm,,Mono,Visible,GigE,8 bits / 10 bits / 12 bits,,M8 6-Pin receptacle,PoE or 12-24 VDC,Box,IP30,55.5 mm x 29 mm x 29 mm,105 g,C-mount,-10 °C - 50 °C,,"CE (incl. RoHS), EAC, FCC, GenICam, GigE Vision 2.0, IP30, KC, RoHS, UKCA, UL",ace 2 R,ace 2 R Pro,"1.2""",19.26 mm,14.57 mm × 12.6 mm,4 fpsCalculate individual frame rate,RJ45 receptacle (GigE),"Fast Ethernet (100 Mbit/s), Gigabit Ethernet (1000 Mbit/s)",hardware trigger / programmable via the camera API,1,,3.1 W,541 nm,66.3 % (typical),2.2 e¯ (typical),9.7 ke¯ (typical),70.7 dB (typical),39.9 dB (typical),,,,,,,,,,24.4 MP,,,up to 10 fps,,,,,,,,,,,,,,,,,,,,,,,,,,,,,,,,,,,,,,,,
Basler,acA1440-220uc,aca1440-220uc,Basler,108867,에어리어 스캔 카메라,Basler ace,36개월,Sony,IMX273,Global Shutter,CMOS,1440 px × 1080 px,3.45 μm × 3.45 μm,,Color,Visible,USB 3.0,10 bits / 12 bits,,Hirose HR10A 6-pin plug,Via USB 3.0 interface,Box,,29.3 mm x 29 mm x 29 mm,80 g,C-mount,0 °C - 50 °C,,"CE (incl. RoHS), EAC, FCC Class B, GenICam, IP30, KC, RoHS, UKCA, UL, USB3 Vision",ace U,ace U,"1/2.9""",6.21 mm,4.97 mm × 3.73 mm,227 fpsCalculate individual frame rate,USB 3.0 Type Micro B receptacle,"USB 3.0, nominal max. 5 Gbit/s (SuperSpeed)",hardware trigger / programmable via the camera API,1,,3.3 W,,,,,,,,,,,,,,,,1.6 MP,,,,,,,,,,,,,,,,,,,,,,,,,,,,,,,,,,,,,,,,,,,
Basler,daA1920-160um (No-Mount),daa1920-160um-no-mount,Basler,108229,에어리어 스캔 카메라,Basler dart,36개월,Sony,IMX392,Global Shutter,CMOS,1920 px × 1200 px,3.45 μm × 3.45 μm,,Mono,Visible,USB 3.0,8 bits / 12 bits,free-run / hardware trigger / software trigger,,Via USB 3.0 interface,Board Level,,8 mm x 27 mm x 27 mm,5 g,,0 °C - 75 °C,,"CE (incl. RoHS), EAC, FCC, GenICam, KC, RoHS, UKCA, UL, USB3 Vision",dart R,,"1/2.3""",7.82 mm,6.6 mm × 4.1 mm,160 fpsCalculate individual frame rate,,"USB 3.0, nominal max. 5 Gbit/s (SuperSpeed)",hardware trigger / programmable via the camera API,0,4,1.8 W,,,,10.2 ke¯ (typical),71.3 dB (typical),40 dB (typical),,,,,,,,,,,0,,,,,,,,,,,,,,,,,,,,In-camera,,,,,,,,,,,,,,,,,,,,,,
Basler,daA2500-14uc (S-Mount),daa2500-14uc-s-mount,Basler,106697,에어리어 스캔 카메라,Basler dart,36개월,onsemi,MT9P031,Rolling Shutter,CMOS,2592 px × 1944 px,2.2 μm × 2.2 μm,,Color,Visible,USB 3.0,8 bits / 12 bits,free-run / hardware trigger / software trigger,,Via USB 3.0 interface,Board Level,,19.9 mm x 29.3 mm x 29 mm,15 g,,0 °C - 50 °C,,"CE (incl. RoHS), EAC, FCC, GenICam, KC, RoHS, UKCA, UL, USB3 Vision",dart Classic,,"1/2.5""",7.13 mm,5.7 mm × 4.28 mm,14 fps,,"USB 3.0, nominal max. 5 Gbit/s (SuperSpeed)",hardware trigger / programmable via the camera API,1,2,1.3 W,,,,,,,,,,,,,,,,,2,,,,,,,,,,,,,,,,,,,,,,,,,,,,,,,,,,,,,,,,,,
Basler,daA1280-54uc (No-Mount),daa1280-54uc-no-mount,Basler,106683,에어리어 스캔 카메라,Basler dart,36개월,onsemi,AR0134,Global Shutter,CMOS,1280 px × 960 px,3.75 μm × 3.75 μm,,Color,Visible,USB 3.0,8 bits / 12 bits,free-run / hardware trigger / software trigger,,Via USB 3.0 interface,Board Level,,7.2 mm x 27 mm x 27 mm,5 g,,0 °C - 75 °C,,"CE (incl. RoHS), EAC, FCC, GenICam, KC, RoHS, UKCA, UL, USB3 Vision",dart Classic,,"1/3""",6 mm,4.8 mm × 3.6 mm,54 fps,,"USB 3.0, nominal max. 5 Gbit/s (SuperSpeed)",programmable via the camera API,1,2,1.3 W,,,,,,,,,,,,,,,,,2,,,,,,,,,,,,,,,,,,,,,,,,,,,,,,,,,,,,,,,,,,
Basler,a2A1920-160umPRO,a2a1920-160umpro,Basler,107961,에어리어 스캔 카메라,Basler ace 2,36개월,Sony,IMX392,Global Shutter,CMOS,1920 px × 1200 px,3.45 μm × 3.45 μm,,Mono,Visible,USB 3.0,8 bits / 10 bits / 12 bits,,M8 6-Pin receptacle,Via USB 3.0 interface or 12-24 VDC,Box,IP30,42.8 mm x 29 mm x 29 mm,90 g,C-mount,-10 °C - 50 °C,,"CE (incl. RoHS), EAC, FCC, GenICam, IP30, KC, RoHS, UKCA, UL, USB3 Vision",ace 2 R,ace 2 R Pro,"1/2.3""",7.77 mm,6.6 mm × 4.1 mm,160 fpsCalculate individual frame rate,USB 3.0 Type Micro B receptacle,"USB 3.0, nominal max. 5 Gbit/s (SuperSpeed)",hardware trigger / programmable via the camera API,1,2,3 W,,62.2 % (typical),2.5 e¯ (typical),10.4 ke¯ (typical),71.7 dB (typical),40.2 dB (typical),,,,,,,,,,2.3 MP,,,up to 168 fps,,,,,,,,,,,,,,,,,,,,,,,,,,,,,,,,,,,,,,,,
Basler,a2A3840-13gmPRO,a2a3840-13gmpro,Basler,108127,에어리어 스캔 카메라,Basler ace 2,36개월,Sony,IMX334,Rolling Shutter,CMOS,3840 px × 2160 px,2 μm × 2 μm,,Mono,Visible,GigE,8 bits / 10 bits / 12 bits,,M8 6-Pin receptacle,PoE or 12-24 VDC,Box,IP30,55.5 mm x 29 mm x 29 mm,105 g,C-mount,-10 °C - 50 °C,,"CE (incl. RoHS), EAC, FCC, GenICam, GigE Vision 2.0, IP30, KC, RoHS, UKCA, UL",ace 2 R,ace 2 R Pro,"1/1.8""",8.82 mm,7.7 mm × 4.3 mm,13 fpsCalculate individual frame rate,RJ45 receptacle (GigE),"Fast Ethernet (100 Mbit/s), Gigabit Ethernet (1000 Mbit/s)",hardware trigger / programmable via the camera API,1,2,2.6 W,541 nm,72.2 % (typical),1.96 e¯ (typical),7.2 ke¯ (typical),69.2 dB (typical),38.6 dB (typical),,,,,,,,,,8.3 MP,,,up to 36 fps,,,,,,,,,,,,,,,,,,,,,,,,,,,,,,,,,,,,,,,,
Basler,daA1600-60um (S-Mount),daa1600-60um-s-mount,Basler,106982,에어리어 스캔 카메라,Basler dart,36개월,e2v,EV76C570,,CMOS,1600 px × 1200 px,4.5 μm × 4.5 μm,,Mono,Visible,USB 3.0,8 bits / 12 bits,free-run / hardware trigger / software trigger,,Via USB 3.0 interface,Board Level,,19.9 mm x 29.3 mm x 29 mm,15 g,,0 °C - 50 °C,,"CE (incl. RoHS), EAC, FCC, GenICam, KC, RoHS, UKCA, UL, USB3 Vision",dart Classic,,"1/1.8""",9 mm,7.2 mm × 5.4 mm,60 fps,,"USB 3.0, nominal max. 5 Gbit/s (SuperSpeed)",programmable via the camera API,1,2,1.3 W,,,,,,,,,,,,,,,,,2,,,,,,,,,,,,,,,,,,,,,,,,,,,,,,,,,,,,,,,,,,
Basler,MED ace 2.3 MP 41 color,med-ace-2-3-mp-41-color,Basler,107610,에어리어 스캔 카메라,Basler MED ace,36개월,Sony,IMX249,Global Shutter,CMOS,1920 px × 1200 px,5.86 μm × 5.86 μm,,Color,Visible,USB 3.0,10 bits / 12 bits,free-run / hardware trigger / software trigger,,Via USB 3.0 interface,Box,,29.3 mm x 29 mm x 29 mm,80 g,C-mount,0 °C - 50 °C,,"CE (incl. RoHS), EAC, FCC Class B, GenICam, IP30, KC, RoHS, UKCA, UL, USB3 Vision",,,"1/1.2""",13.39 mm,11.33 mm × 7.13 mm,41 fps,,"USB 3.0, nominal max. 5 Gbit/s (SuperSpeed)",hardware trigger / programmable via the camera API,1,2,2.7 W,,,,,,,,,,,,,,,,2.3 MP,1,,,,,,,,,,,,,,,,,,,,,,,,,,,,,,,,,,,,,,,,,,
Basler,acA640-300gc,aca640-300gc,Basler,106751,에어리어 스캔 카메라,Basler ace,36개월,onsemi,PYTHON 300,Global Shutter,CMOS,640 px × 480 px,4.8 μm × 4.8 μm,,Color,Visible,GigE,10 bits,,Hirose HR10A 6-pin plug,PoE or 12-24 VDC,Box,,42 mm x 29 mm x 29 mm,90 g,C-mount,0 °C - 50 °C,,"CE (incl. RoHS), EAC, FCC, GenICam, GigE Vision, IEEE 802.3af (PoE), IP30, KC, RoHS, UKCA, UL",ace U,ace U,"1/4""",3.84 mm,3.07 mm × 2.3 mm,376 fpsCalculate individual frame rate,RJ45 receptacle (GigE),"Fast Ethernet (100 Mbit/s), Gigabit Ethernet (1000 Mbit/s)",hardware trigger / programmable via the camera API,1,,3.5 W,,,,,,,,,,,,,,,3.5 W,VGA,,,,,,,,,,,,,,,,,,,,,,,,,,,,,,,,,,,,,,,,,,,
Basler,a2A3840-45umPRO,a2a3840-45umpro,Basler,108125,에어리어 스캔 카메라,Basler ace 2,36개월,Sony,IMX334,Rolling Shutter,CMOS,3840 px × 2160 px,2 μm × 2 μm,,Mono,Visible,USB 3.0,8 bits / 10 bits / 12 bits,,M8 6-Pin receptacle,Via USB 3.0 interface or 12-24 VDC,Box,IP30,42.8 mm x 29 mm x 29 mm,90 g,C-mount,-10 °C - 50 °C,,"CE (incl. RoHS), EAC, FCC, GenICam, IP30, KC, RoHS, UKCA, UL, USB3 Vision",ace 2 R,ace 2 R Pro,"1/1.8""",8.82 mm,7.7 mm × 4.3 mm,45 fpsCalculate individual frame rate,USB 3.0 Type Micro B receptacle,"USB 3.0, nominal max. 5 Gbit/s (SuperSpeed)",hardware trigger / programmable via the camera API,1,2,2.7 W,541 nm,72.2 % (typical),1.96 e¯ (typical),7.3 ke¯ (typical),69.2 dB (typical),38.6 dB (typical),,,,,,,,,,8.3 MP,,,,,,,,,,,,,,,,,,,,,,,,,,,,,,,,,,,,,,,,,,,
Basler,daA1440-220um (CS-Mount),daa1440-220um-cs-mount,Basler,108730,에어리어 스캔 카메라,Basler dart,36개월,Sony,IMX273,Global Shutter,CMOS,1440 px × 1080 px,3.45 μm × 3.45 μm,,Mono,Visible,USB 3.0,8 bits / 12 bits,,,,Board Level,,19.9 mm x 29.3 mm x 29 mm,15 g,,0 °C - 50 °C,,"CE (incl. RoHS), EAC, GenICam, KC, RoHS, UKCA, UL, USB3 Vision",dart R,,"1/2.9""",6.21 mm,4.97 mm × 3.73 mm,227 fpsCalculate individual frame rate,,"USB 3.0, nominal max. 5 Gbit/s (SuperSpeed)",,0,4,,,,,10.5 ke¯ (typical),71.4 dB (typical),40.22 dB (typical),,,,,,,,,,,0,,,,,,,,,,,,,,,,,,,,,,,,,,,,,,,,,,,,,,,,,,
Basler,acA2040-25gm,aca2040-25gm,Basler,105715,에어리어 스캔 카메라,Basler ace,36개월,ams,CMV4000,Global Shutter,CMOS,2048 px × 2048 px,5.5 μm × 5.5 μm,,Mono,Visible,GigE,10 bits / 12 bits,,Hirose HR10A 6-pin plug,PoE or 12 VDC,Box,,42 mm x 29 mm x 29 mm,90 g,C-mount,0 °C - 50 °C,,"CE (incl. RoHS), EAC, FCC, GenICam, GigE Vision, IEEE 802.3af (PoE), IP30, KC, RoHS, UKCA, UL",ace Classic,ace Classic,"1""",15.92 mm,11.26 mm × 11.26 mm,25 fps,RJ45 receptacle (GigE),"Fast Ethernet (100 Mbit/s), Gigabit Ethernet (1000 Mbit/s)",hardware trigger / programmable via the camera API,1,,2.6 W,,62.07 % (typical),13.8 e¯ (typical),11.9 ke¯ (typical),58.7 dB (typical),40.8 dB (typical),,,,,,,,,3.1 W,4 MP,,,,,,,,,,,,,,,,,,,,,,,,,,,,,,,,,,,,,,,,,,,
Basler,boA4096-93cm,boa4096-93cm,Basler,107803,에어리어 스캔 카메라,Basler boost,36개월,Sony,IMX255,Global Shutter,CMOS,4096 px × 2168 px,3.45 μm × 3.45 μm,,Mono,Visible,CoaXPress (CXP-12),,free-run / hardware trigger / software trigger,,PoCXP or 24 VDC,Box,,45 mm x 80 mm x 80 mm,480 g,C-mount / F-mount / M42 x 0.75 / M42 x 1,0 °C - 50 °C,,"CE (incl. RoHS), CoaXPress 2.0, EAC, GenICam, KC, RoHS, UL",boost R,,"1""",15.97 mm,14.1 mm × 7.5 mm,93 fpsCalculate individual frame rate,,CoaXPress (2.5–12.5 Gbps),hardware trigger / programmable via the camera API,1,2,8 W,,60.9 % (typical),2.1 e¯ (typical),10.2 ke¯ (typical),71.4 dB (typical),40.24 dB (typical),,,,,,,,,,9 MP,,,,,,,,,,,,,,,,,,,,,,,,,,,,,,,,,,,,,,,,,,,
Basler,acA1440-73gc,aca1440-73gc,Basler,108865,에어리어 스캔 카메라,Basler ace,36개월,Sony,IMX273,Global Shutter,CMOS,1440 px × 1080 px,3.45 μm × 3.45 μm,,Color,Visible,GigE,10 bits / 12 bits,,Hirose HR10A 6-pin plug,PoE or 12-24 VDC,Box,,42 mm x 29 mm x 29 mm,90 g,C-mount,0 °C - 50 °C,,"CE (incl. RoHS), EAC, FCC Class B, GenICam, GigE Vision, IEEE 802.3af (PoE), IP30, KC, RoHS, UKCA, UL",ace U,ace U,"1/2.9""",6.21 mm,4.97 mm × 3.73 mm,73 fpsCalculate individual frame rate,RJ45 receptacle (GigE),"Fast Ethernet (100 Mbit/s), Gigabit Ethernet (1000 Mbit/s)",hardware trigger / programmable via the camera API,1,,2.9 W,,,,,,,,,,,,,,,3.2 W,1.6 MP,,,,,,,,,,,,,,,,,,,,,,,,,,,,,,,,,,,,,,,,,,,
Basler,a2A4508-20ucBAS,a2a4508-20ucbas,Basler,108457,에어리어 스캔 카메라,Basler ace 2,36개월,Gpixel,GMAX2518,Global Shutter,CMOS,4508 px × 4096 px,2.5 μm × 2.5 μm,,Color,Visible,USB 3.0,8 bits / 10 bits / 12 bits,,M8 6-Pin receptacle,Via USB 3.0 interface,Box,IP30,42.8 mm x 29 mm x 29 mm,85 g,C-mount,-10 °C - 60 °C,,"CE (incl. RoHS), EAC, FCC, GenICam, IP30, KC, RoHS, UKCA, UL, USB3 Vision",ace 2 R,ace 2 R Basic,"1""",15.2 mm,11.27 mm × 10.24 mm,20 fpsCalculate individual frame rate,USB 3.0 Type Micro B receptacle,"USB 3.0, nominal max. 5 Gbit/s (SuperSpeed)",hardware trigger / programmable via the camera API,1,2,3.7 W,,,,,,,,,,,,,,,,18.4 MP,,,,,,,,,,,,,,,,,,,,,,,,,,,,,,,,,,,,,,,,,,,
Basler,daA1920-160uc (CS-Mount),daa1920-160uc-cs-mount,Basler,108234,에어리어 스캔 카메라,Basler dart,36개월,Sony,IMX392,Global Shutter,CMOS,1920 px × 1200 px,3.45 μm × 3.45 μm,,Color,Visible,USB 3.0,8 bits / 12 bits,free-run / hardware trigger / software trigger,,Via USB 3.0 interface,Board Level,,19.9 mm x 29.3 mm x 29 mm,15 g,,0 °C - 50 °C,,"CE (incl. RoHS), EAC, FCC, GenICam, KC, RoHS, UKCA, UL, USB3 Vision",dart R,,"1/2.3""",7.82 mm,6.6 mm × 4.1 mm,160 fpsCalculate individual frame rate,,"USB 3.0, nominal max. 5 Gbit/s (SuperSpeed)",hardware trigger / programmable via the camera API,0,4,2 W,,,,,,,,,,,,,,,,,0,,,,,,,,,,,,,,,,,,,,In-camera,,,,,,,,,,,,,,,,,,,,,,
Basler,daA2500-60mci (No-Mount) - Tray (40pcs),daa2500-60mci-no-mount-tray-40pcs,Basler,108008,에어리어 스캔 카메라,Basler dart,36개월,onsemi,AR0521,Rolling Shutter,CMOS,2560 px × 1920 px,2.2 μm × 2.2 μm,,Color,Visible,BCON for MIPI,8 bits / 12 bits,free-run / software trigger,,5V DC (via BCON for MIPI interface),Board Level,,5.3 mm x 27 mm x 27 mm,5 g,No-Mount,,,"CE (incl. RoHS), EAC, FCC, GenICam, KC, MIPI CSI-2, RoHS, UKCA, UL",dart E,,"1/2.5""",7.13 mm,5.7 mm × 4.28 mm,60 fps,,,automatic / manual / programmable via the camera API,2,,0.6 W,,,,,,,,,,,,,,,,5 MP,2,,,,,,,,,,,,,,,,,,,,In-camera,,,,,,,,,,,,,,,,,,,,,,
Basler,a2A1920-51gmBAS,a2a1920-51gmbas,Basler,109725,에어리어 스캔 카메라,Basler ace 2,36개월,Sony,IMX392,Global Shutter,CMOS,1920 px × 1200 px,3.45 μm × 3.45 μm,,Mono,Visible,GigE,8 bits / 10 bits / 12 bits,,M8 6-Pin receptacle,PoE or 12-24 VDC,Box,IP30,55.5 mm x 29 mm x 29 mm,100 g,C-mount,-10 °C - 60 °C,,"CE (incl. RoHS), EAC, FCC, GenICam, GigE Vision 2.0, IP30, KC, RoHS, UKCA, UL",ace 2 R,ace 2 R Basic,"1/2.3""",7.77 mm,6.6 mm × 4.1 mm,51 fpsCalculate individual frame rate,RJ45 receptacle (GigE),"Fast Ethernet (100 Mbit/s), Gigabit Ethernet (1000 Mbit/s)",hardware trigger / programmable via the camera API,1,2,3 W,541 nm,62.2 % (typical),2.6 e¯ (typical),10.5 ke¯ (typical),71.7 dB (typical),40.2 dB (typical),,,,,,,,,,2.3 MP,,,,,,,,,,,,,,,,,,,,,,,,,,,,,,,,,,,,,,,,,,,
Basler,boA8100-16cm,boa8100-16cm,Basler,108393,에어리어 스캔 카메라,Basler boost,36개월,onsemi,XGS 45000,Global Shutter,CMOS,8192 px × 5460 px,3.2 μm × 3.2 μm,,Mono,Visible,CoaXPress (CXP-12),10 bits / 12 bits,free-run / hardware trigger / software trigger,,PoCXP or 24 VDC,Box,,49.1 mm x 80 mm x 80 mm,525 g,F-mount / M42 x 0.75 / M42 x 1,0 °C - 50 °C,,"CE (incl. RoHS), CoaXPress 2.0, EAC, GenICam, KC, RoHS, UL",boost R,,35 mm,,26.2 mm × 17.4 mm,19 fpsCalculate individual frame rate,,CoaXPress (2.5–12.5 Gbps),hardware trigger / programmable via the camera API,1,2,8.6 W,,55.3 % (typical),4.5 e¯ (typical),9 ke¯ (typical),65.4 dB (typical),39.66 dB (typical),,,,,,,,,,44.7 MP,,,,,,,,,,,,,,,,,,,,,,,,,,,,,,,,,,,,,,,,,,,
Basler,acA2440-20gc,aca2440-20gc,Basler,108005,에어리어 스캔 카메라,Basler ace,36개월,Sony,IMX264,Global Shutter,CMOS,2448 px × 2048 px,3.45 μm × 3.45 μm,,Color,Visible,GigE,10 bits / 12 bits,,Hirose HR10A 6-pin plug,PoE or 12-24 VDC,Box,,42 mm x 29 mm x 29 mm,90 g,C-mount,0 °C - 50 °C,,"CE (incl. RoHS), EAC, FCC, GenICam, GigE Vision, IP30, KC, RoHS, UKCA, UL",ace U,ace U,"2/3""",11.02 mm,8.45 mm × 7.07 mm,23 fpsCalculate individual frame rate,RJ45 receptacle (GigE),"Fast Ethernet (100 Mbit/s), Gigabit Ethernet (1000 Mbit/s)",hardware trigger / programmable via the camera API,1,,2.8 W,,,,,,,,,,,,,,,3.3 W,5 MP,,,,,,,,,,,,,,,,,,,,,,,,,,,,,,,,,,,,,,,,,,,
Basler,boA9344-70cm,boa9344-70cm,Basler,2200001212,에어리어 스캔 카메라,Basler boost,36개월,Gpixel,GMAX3265,Global Shutter,CMOS,9344 px × 7000 px,3.2 μm × 3.2 μm,,Mono,Visible,CoaXPress (CXP-12),8 bits / 10 bits,hardware trigger / software trigger,,PoCXP or 24 VDC,Box,,71 mm x 65 mm x 65 mm,400 g,,max 50 °C,,"CE (incl. RoHS), CoaXPress 2.0, FCC, GenICam, KC, RoHS, UKCA",boost V,,"2.3""",37.4 mm,29.9 mm × 22.4 mm,70 fpsCalculate individual frame rate,,CoaXPress (2.5–12.5 Gbps),,,1,14 W,,,,10.4 ke¯ (typical),61 dB (typical),40.2 dB (typical),,,,,,,,,,65 MP,1,,,,,,,,,,,,,,,,,,,,,,,,,,,,,,,,,,,,,,,,,,
Basler,daA1920-15um (No-Mount),daa1920-15um-no-mount,Basler,106732,에어리어 스캔 카메라,Basler dart,36개월,onsemi,MT9P031,Rolling Shutter,CMOS,1920 px × 1080 px,2.2 μm × 2.2 μm,,Mono,Visible,USB 3.0,8 bits / 12 bits,free-run / hardware trigger / software trigger,,Via USB 3.0 interface,Board Level,,7.2 mm x 27 mm x 27 mm,5 g,No-Mount,0 °C - 75 °C,,"CE (incl. RoHS), EAC, FCC, GenICam, KC, RoHS, UKCA, UL, USB3 Vision",dart Classic,,"1/3.7""",4.84 mm,4.22 mm × 2.38 mm,15 fps,,"USB 3.0, nominal max. 5 Gbit/s (SuperSpeed)",hardware trigger / programmable via the camera API,1,2,1.2 W,,,,,,,,,,,,,,,,2 MP,2,,,,,,,,,,,,,,,,,,,,,,,,,,,,,,,,,,,,,,,,,,
Basler,daA2448-70uc (S-Mount),daa2448-70uc-s-mount,Basler,108623,에어리어 스캔 카메라,Basler dart,36개월,Sony,IMX548,Global Shutter,CMOS,2448 px × 2048 px,2.74 μm × 2.74 μm,,Color,Visible,USB 3.0,8 bits / 10 bits / 12 bits,,,,Board Level,,19.9 mm x 29.3 mm x 29 mm,15 g,,0 °C - 50 °C,,"CE (incl. RoHS), EAC, GenICam, KC, RoHS, UKCA, UL, USB3 Vision",dart R,,"1/1.8""",8.7 mm,6.71 mm × 5.61 mm,72 fpsCalculate individual frame rate,,"USB 3.0, nominal max. 5 Gbit/s (SuperSpeed)",,0,4,,,,,,,,,,,,,,,,,,0,,,,,,,,,,,,,,,,,,,,,,,,,,,,,,,,,,,,,,,,,,
Basler,acA2500-14gm (CS-Mount),aca2500-14gm-cs-mount,Basler,106019,에어리어 스캔 카메라,Basler ace,36개월,onsemi,MT9P031,Rolling Shutter,CMOS,2592 px × 1944 px,2.2 μm × 2.2 μm,,Mono,Visible,GigE,12 bits,Ethernet connection / free-run / hardware trigger,Hirose HR10A 6-pin plug,PoE or 12 VDC,Box,,42 mm x 29 mm x 29 mm,90 g,CS-mount,0 °C - 50 °C,,"CE (incl. RoHS), EAC, FCC, GenICam, GigE Vision, IEEE 802.3af (PoE), IP30, KC, RoHS, UKCA, UL",ace Classic,ace Classic,"1/2.5""",7.13 mm,5.7 mm × 4.28 mm,14 fps,RJ45 receptacle (GigE),"Fast Ethernet (100 Mbit/s), Gigabit Ethernet (1000 Mbit/s)",hardware trigger / programmable via the camera API,1,,2.2 W,,57.21 % (typical),6.4 e¯ (typical),6.7 ke¯ (typical),60.3 dB (typical),38.3 dB (typical),,,,,,,,,2.7 W,5 MP,1,,,,,,,,,,,,,,,,,,,,,,,,,,,,,,,,,,,,,,,,,,
Basler,a2A4200-12gmBAS,a2a4200-12gmbas,Basler,108358,에어리어 스캔 카메라,Basler ace 2,36개월,Gpixel,GMAX2509,Global Shutter,CMOS,4200 px × 2160 px,2.5 μm × 2.5 μm,,Mono,Visible,GigE,8 bits / 10 bits / 12 bits,,M8 6-Pin receptacle,PoE or 12-24 VDC,Box,IP30,55.5 mm x 29 mm x 29 mm,100 g,C-mount,-10 °C - 60 °C,,"CE (incl. RoHS), EAC, FCC, GenICam, GigE Vision 2.0, IP30, KC, RoHS, UKCA, UL",ace 2 R,ace 2 R Basic,"2/3""",11.8 mm,10.52 mm × 5.42 mm,12 fpsCalculate individual frame rate,RJ45 receptacle (GigE),"Fast Ethernet (100 Mbit/s), Gigabit Ethernet (1000 Mbit/s)",hardware trigger / programmable via the camera API,1,2,3.4 W,541 nm,52.7 % (typical),1.1 e¯ (typical),4.6 ke¯ (typical),68.8 dB (typical),37 dB (typical),,,,,,,,,4.8 W,9.1 MP,,,,,,,,,,,,,,,,,,,,,,,,,,,,,,,,,,,,,,,,,,,
Basler,daA4200-30mci (S-Mount) - Tray (40pcs),daa4200-30mci-s-mount-tray-40pcs,Basler,108013,에어리어 스캔 카메라,Basler dart,36개월,onsemi,AR1335,Rolling Shutter,CMOS,4208 px × 3120 px,1.1 μm × 1.1 μm,,Color,Visible,BCON for MIPI,10 bits,free-run / software trigger,,5V DC (via BCON for MIPI interface),Board Level,,17.5 mm x 29 mm x 29 mm,9 g,S-mount,,,"CE (incl. RoHS), EAC, FCC, GenICam, KC, MIPI CSI-2, RoHS, UKCA, UL",dart E,,"1/3""",5.76 mm,4.63 mm × 3.43 mm,30 fps,,,automatic / manual / programmable via the camera API,2,,0.6 W,,,,,,,,,,,,,,,,13 MP,2,,,,,,,,,,,,,,,,,,,,In-camera,,,,,,,,,,,,,,,,,,,,,,
Basler,daA2500-60mci (S-Mount) - Tray (40pcs),daa2500-60mci-s-mount-tray-40pcs,Basler,108009,에어리어 스캔 카메라,Basler dart,36개월,onsemi,AR0521,Rolling Shutter,CMOS,2560 px × 1920 px,2.2 μm × 2.2 μm,,Color,Visible,BCON for MIPI,8 bits / 12 bits,free-run / software trigger,,5V DC (via BCON for MIPI interface),Board Level,,17.5 mm x 29 mm x 29 mm,9 g,S-mount,,,"CE (incl. RoHS), EAC, FCC, GenICam, KC, MIPI CSI-2, RoHS, UKCA, UL",dart E,,"1/2.5""",7.13 mm,5.7 mm × 4.28 mm,60 fps,,,automatic / manual / programmable via the camera API,2,,0.6 W,,,,,,,,,,,,,,,,5 MP,2,,,,,,,,,,,,,,,,,,,,In-camera,,,,,,,,,,,,,,,,,,,,,,
Basler,acA1300-200uc,aca1300-200uc,Basler,106754,에어리어 스캔 카메라,Basler ace,36개월,onsemi,PYTHON 1300,Global Shutter,CMOS,1280 px × 1024 px,4.8 μm × 4.8 μm,,Color,Visible,USB 3.0,10 bits,,Hirose HR10A 6-pin plug,Via USB 3.0 interface,Box,,29.3 mm x 29 mm x 29 mm,80 g,C-mount,0 °C - 50 °C,,"CE (incl. RoHS), EAC, FCC, GenICam, IP30, KC, RoHS, UKCA, UL, USB3 Vision",ace U,ace U,"1/2""",7.87 mm,6.14 mm × 4.92 mm,203 fpsCalculate individual frame rate,USB 3.0 Type Micro B receptacle,"USB 3.0, nominal max. 5 Gbit/s (SuperSpeed)",hardware trigger / programmable via the camera API,1,,3 W,,,,,,,,,,,,,,,,1.3 MP,,,,,,,,,,,,,,,,,,,,,,,,,,,,,,,,,,,,,,,,,,,
Basler,a2A4096-30umBAS,a2a4096-30umbas,Basler,108408,에어리어 스캔 카메라,Basler ace 2,36개월,Sony,IMX545,Global Shutter,CMOS,4096 px × 3000 px,2.74 μm × 2.74 μm,,Mono,Visible,USB 3.0,8 bits / 10 bits / 12 bits,,M8 6-Pin receptacle,Via USB 3.0 interface,Box,IP30,42.8 mm x 29 mm x 29 mm,85 g,C-mount,-10 °C - 60 °C,,"CE (incl. RoHS), EAC, FCC, GenICam, IP30, KC, RoHS, UKCA, UL, USB3 Vision",ace 2 R,ace 2 R Basic,"1/1.1""",13.91 mm,11.22 mm × 8.22 mm,30 fpsCalculate individual frame rate,USB 3.0 Type Micro B receptacle,"USB 3.0, nominal max. 5 Gbit/s (SuperSpeed)",hardware trigger / programmable via the camera API,1,2,3.1 W,541 nm,64.9 % (typical),2.5 e¯ (typical),9.8 ke¯ (typical),70.1 dB (typical),39.9 dB (typical),,,,,,,,,,12.3 MP,,,,,,,,,,,,,,,,,,,,,,,,,,,,,,,,,,,,,,,,,,,
Basler,acA4096-11gm,aca4096-11gm,Basler,107418,에어리어 스캔 카메라,Basler ace,36개월,Sony,IMX267,Global Shutter,CMOS,4096 px × 2160 px,3.45 μm × 3.45 μm,,Mono,Visible,GigE,10 bits / 12 bits,,Hirose HR10A 6-pin plug,PoE or 12-24 VDC,Box,,50 mm x 40 mm x 30 mm,150 g,C-mount,0 °C - 50 °C,,"CE (incl. RoHS), EAC, FCC, GenICam, GigE Vision, IP30, KC, RoHS, UKCA, UL",ace L,ace L,"1""",15.97 mm,14.13 mm × 7.45 mm,12 fpsCalculate individual frame rate,RJ45 receptacle (GigE),"Fast Ethernet (100 Mbit/s), Gigabit Ethernet (1000 Mbit/s)",hardware trigger / programmable via the camera API,1,,2.7 W,,69 % (typical),2.3 e¯ (typical),10.2 ke¯ (typical),72.9 dB (typical),40.1 dB (typical),,,,,,,,,3.3 W,9 MP,,,,,,,,,,,,,,,,,,,,,,,,,,,,,,,,,,,,,,,,,,,
Basler,daA2448-70uc (No-Mount),daa2448-70uc-no-mount,Basler,108622,에어리어 스캔 카메라,Basler dart,36개월,Sony,IMX548,Global Shutter,CMOS,2448 px × 2048 px,2.74 μm × 2.74 μm,,Color,Visible,USB 3.0,8 bits / 10 bits / 12 bits,,,,Board Level,,8 mm x 27 mm x 27 mm,5 g,,0 °C - 50 °C,,"CE (incl. RoHS), EAC, GenICam, KC, RoHS, UKCA, UL, USB3 Vision",dart R,,"1/1.8""",8.7 mm,6.71 mm × 5.61 mm,72 fpsCalculate individual frame rate,,"USB 3.0, nominal max. 5 Gbit/s (SuperSpeed)",,0,4,,,,,,,,,,,,,,,,,,0,,,,,,,,,,,,,,,,,,,,,,,,,,,,,,,,,,,,,,,,,,
Basler,daA2448-70um (No-Mount),daa2448-70um-no-mount,Basler,108619,에어리어 스캔 카메라,Basler dart,36개월,Sony,IMX548,Global Shutter,CMOS,2448 px × 2048 px,2.74 μm × 2.74 μm,,Mono,Visible,USB 3.0,8 bits / 10 bits / 12 bits,,,,Board Level,,8 mm x 27 mm x 27 mm,5 g,,0 °C - 50 °C,,"CE (incl. RoHS), EAC, GenICam, KC, RoHS, UKCA, UL, USB3 Vision",dart R,,"1/1.8""",8.7 mm,6.71 mm × 5.61 mm,72 fpsCalculate individual frame rate,,"USB 3.0, nominal max. 5 Gbit/s (SuperSpeed)",,0,4,,,,,9.6 ke¯ (typical),69.5 dB (typical),39.8 dB (typical),,,,,,,,,,,0,,,,,,,,,,,,,,,,,,,,,,,,,,,,,,,,,,,,,,,,,,
Basler,MED ace 5.1 MP 75 color,med-ace-5-1-mp-75-color,Basler,107498,에어리어 스캔 카메라,Basler MED ace,36개월,Sony,IMX250,Global Shutter,CMOS,2448 px × 2048 px,3.45 μm × 3.45 μm,,Color,Visible,USB 3.0,10 bits / 12 bits,free-run / hardware trigger / software trigger,,Via USB 3.0 interface,Box,,29.3 mm x 29 mm x 29 mm,80 g,C-mount,0 °C - 50 °C,,"CE (incl. RoHS), EAC, FCC Class B, GenICam, IP30, KC, RoHS, UKCA, UL, USB3 Vision",,,"2/3""",11.02 mm,8.45 mm × 7.07 mm,75 fps,,"USB 3.0, nominal max. 5 Gbit/s (SuperSpeed)",hardware trigger / programmable via the camera API,1,2,3.4 W,,,,,,,,,,,,,,,,5 MP,1,,,,,,,,,,,,,,,,,,,,,,,,,,,,,,,,,,,,,,,,,,
Basler,acA2040-180kmNIR,aca2040-180kmnir,Basler,106333,에어리어 스캔 카메라,Basler ace,36개월,ams,CMV4000 NIR-enhanced,Global Shutter,CMOS,2048 px × 2048 px,5.5 μm × 5.5 μm,,Mono,Visible + NIR,Camera Link,10 bits / 12 bits,free-run / hardware trigger / software trigger,Binder M5 4-pin receptacle,PoCL or 12 VDC,Box,,43.5 mm x 29 mm x 29 mm,100 g,C-mount,0 °C - 50 °C,,"Camera Link, CE (incl. RoHS), EAC, FCC, GenICam, IP30, KC, RoHS, UKCA",ace Classic,ace Classic,"1""",15.92 mm,11.26 mm × 11.26 mm,180 fps,SDR 26-Pin receptacle (CL),,trigger width or timed,,1,3 W,,61.89 % (typical),14 e¯ (typical),12.4 ke¯ (typical),59 dB (typical),40.9 dB (typical),,,,,,,,,,4 MP,,,,,32.5 / 48 / 65 / 82,,,,,,,,,,,,,,,,,,,,,,,,,,,,,,,,,,,,,,
Basler,daA1920-30uc (S-Mount),daa1920-30uc-s-mount,Basler,106691,에어리어 스캔 카메라,Basler dart,36개월,onsemi,MT9P031,Rolling Shutter,CMOS,1920 px × 1080 px,2.2 μm × 2.2 μm,,Color,Visible,USB 3.0,8 bits / 12 bits,free-run / hardware trigger / software trigger,,Via USB 3.0 interface,Board Level,,19.9 mm x 29.3 mm x 29 mm,15 g,,0 °C - 50 °C,,"CE (incl. RoHS), EAC, FCC, GenICam, KC, RoHS, UKCA, UL, USB3 Vision",dart Classic,,"1/3.7""",4.84 mm,4.22 mm × 2.38 mm,30 fps,,"USB 3.0, nominal max. 5 Gbit/s (SuperSpeed)",hardware trigger / programmable via the camera API,1,2,1.2 W,,,,,,,,,,,,,,,,,2,,,,,,,,,,,,,,,,,,,,,,,,,,,,,,,,,,,,,,,,,,
Basler,a2A5320-23umPRO,a2a5320-23umpro,Basler,108175,에어리어 스캔 카메라,Basler ace 2,36개월,Sony,IMX542,Global Shutter,CMOS,5320 px × 3032 px,2.74 μm × 2.74 μm,,Mono,Visible,USB 3.0,8 bits / 10 bits / 12 bits,,M8 6-Pin receptacle,Via USB 3.0 interface or 12-24 VDC,Box,IP30,42.8 mm x 29 mm x 29 mm,90 g,C-mount,-10 °C - 50 °C,,"CE (incl. RoHS), EAC, FCC, GenICam, IP30, KC, RoHS, UKCA, UL, USB3 Vision",ace 2 R,ace 2 R Pro,"1.1""",16.78 mm,14.58 mm × 8.31 mm,23 fpsCalculate individual frame rate,USB 3.0 Type Micro B receptacle,"USB 3.0, nominal max. 5 Gbit/s (SuperSpeed)",hardware trigger / programmable via the camera API,1,2,3.5 W,541 nm,65.7 % (typical),2.1 e¯ (typical),9.6 ke¯ (typical),70.9 dB (typical),39.8 dB (typical),,,,,,,,,,16.1 MP,,,up to 24 fps,,,,,,,,,,,,,,,,,,,,,,,,,,,,,,,,,,,,,,,,
Basler,acA4024-29uc,aca4024-29uc,Basler,109275,에어리어 스캔 카메라,Basler ace,36개월,Sony,IMX226,Rolling Shutter,CMOS,4024 px × 3036 px,1.85 μm × 1.85 μm,,Color,Visible,USB 3.0,,,Hirose HR10A 6-pin plug,Via USB 3.0 interface,Box,,29.3 mm x 29 mm x 29 mm,80 g,C-mount,0 °C - 50 °C,,"CE (incl. RoHS), EAC, FCC, GenICam, IP30, KC, RoHS, UKCA, UL, USB3 Vision",ace U,ace U,"1/1.7""",9.33 mm,7.44 mm × 5.61 mm,31 fpsCalculate individual frame rate,USB 3.0 Type Micro B receptacle,"USB 3.0, nominal max. 5 Gbit/s (SuperSpeed)",automatic / manual,,,3 W,,,,,,,,,,,,,,,,12.2 MP,,,,,,,,,,,,,,,,,,,,,,,,,,,,,,,,,,,,,,,,,,,
Basler,a2A4504-18ucBAS,a2a4504-18ucbas,Basler,108162,에어리어 스캔 카메라,Basler ace 2,36개월,Sony,IMX541,Global Shutter,CMOS,4504 px × 4504 px,2.74 μm × 2.74 μm,,Color,Visible,USB 3.0,8 bits / 10 bits / 12 bits,,M8 6-Pin receptacle,Via USB 3.0 interface,Box,IP30,42.8 mm x 29 mm x 29 mm,85 g,C-mount,-10 °C - 60 °C,,"CE (incl. RoHS), EAC, FCC, GenICam, IP30, KC, RoHS, UKCA, UL, USB3 Vision",ace 2 R,ace 2 R Basic,"1.1""",17.45 mm,12.34 mm × 12.34 mm,18 fpsCalculate individual frame rate,USB 3.0 Type Micro B receptacle,"USB 3.0, nominal max. 5 Gbit/s (SuperSpeed)",hardware trigger / programmable via the camera API,1,2,3.7 W,525 nm,,,10 ke¯ (typical),70.9 dB (typical),39.82 dB (typical),,,,,,,,,,20.2 MP,,,,,,,,,,,,,,,,,,,,,,50.88 % (typical),,,,,,,,,,,,,,,,,,,,,
Basler,acA1920-40gc,aca1920-40gc,Basler,107761,에어리어 스캔 카메라,Basler ace,36개월,Sony,IMX249,Global Shutter,CMOS,1920 px × 1200 px,5.86 μm × 5.86 μm,,Color,Visible,GigE,10 bits / 12 bits,,Hirose HR10A 6-pin plug,PoE or 12-24 VDC,Box,,42 mm x 29 mm x 29 mm,90 g,C-mount,0 °C - 50 °C,,"CE (incl. RoHS), EAC, FCC, GenICam, GigE Vision, IEEE 802.3af (PoE), IP30, KC, RoHS, UKCA, UL",ace U,ace U,"1/1.2""",13.39 mm,11.33 mm × 7.13 mm,42 fpsCalculate individual frame rate,RJ45 receptacle (GigE),"Fast Ethernet (100 Mbit/s), Gigabit Ethernet (1000 Mbit/s)",hardware trigger / programmable via the camera API,1,,2.8 W,,,,,,,,,,,,,,,3 W,2.3 MP,,,,,,,,,,,,,,,,,,,,,,,,,,,,,,,,,,,,,,,,,,,
Basler,MED ace 2.3 MP 164 mono,med-ace-2-3-mp-164-mono,Basler,107495,에어리어 스캔 카메라,Basler MED ace,36개월,Sony,IMX174,Global Shutter,CMOS,1920 px × 1200 px,5.86 μm × 5.86 μm,,Mono,Visible,USB 3.0,10 bits / 12 bits,free-run / hardware trigger / software trigger,,Via USB 3.0 interface,Box,,29.3 mm x 29 mm x 29 mm,80 g,C-mount,0 °C - 50 °C,,"CE (incl. RoHS), EAC, FCC Class B, GenICam, IP30, KC, RoHS, UKCA, UL, USB3 Vision",,,"1/1.2""",13.39 mm,11.33 mm × 7.13 mm,164 fps,,"USB 3.0, nominal max. 5 Gbit/s (SuperSpeed)",hardware trigger / programmable via the camera API,1,2,3.4 W,,,,,,,,,,,,,,,,2.3 MP,1,,,,,,,,,,,,,,,,,,,,,,,,,,,,,,,,,,,,,,,,,,
Basler,acA4112-30uc,aca4112-30uc,Basler,107417,에어리어 스캔 카메라,Basler ace,36개월,Sony,IMX253,Global Shutter,CMOS,4096 px × 3000 px,3.45 μm × 3.45 μm,,Color,Visible,USB 3.0,10 bits / 12 bits,free-run / hardware trigger / software trigger,Hirose HR10A 6-pin plug,Via USB 3.0 interface,Box,,35.8 mm x 40 mm x 30 mm,136 g,C-mount,0 °C - 50 °C,,"CE (incl. RoHS), EAC, FCC, GenICam, IP30, KC, RoHS, UKCA, UL, USB3 Vision",ace L,ace L,"1.1""",17.52 mm,14.13 mm × 10.35 mm,30 fpsCalculate individual frame rate,USB 3.0 Type Micro B receptacle,"USB 3.0, nominal max. 5 Gbit/s (SuperSpeed)",hardware trigger / programmable via the camera API,1,2,3.8 W,,,,,,,,,,,,,,,,12 MP,1,,,,,,,,,,,,,,,,,,,,,,,,,,,,,,,,,,,,,,,,,,
Basler,MED ace 6.4 MP 59 color,med-ace-6-4-mp-59-color,Basler,108143,에어리어 스캔 카메라,Basler MED ace,36개월,Sony,IMX178,Rolling Shutter,CMOS,3088 px × 2064 px,2.4 μm × 2.4 μm,,Color,Visible,USB 3.0,10 bits / 12 bits,free-run / hardware trigger / software trigger,,Via USB 3.0 interface,Box,,29.3 mm x 29 mm x 29 mm,80 g,C-mount,0 °C - 50 °C,,"CE (incl. RoHS), EAC, FCC, GenICam, IP30, KC, RoHS, UKCA, UL, USB3 Vision",,,"1/1.8""",8.91 mm,7.41 mm × 4.95 mm,59 fps,,"USB 3.0, nominal max. 5 Gbit/s (SuperSpeed)",programmable via the camera API,1,2,3 W,,,,,,,,,,,,,,,,6 MP,1,,,,,,,,,,,,,,,,,,,,,,,,,,,,,,,,,,,,,,,,,,
Basler,acA4096-40uc,aca4096-40uc,Basler,107423,에어리어 스캔 카메라,Basler ace,36개월,Sony,IMX255,Global Shutter,CMOS,4096 px × 2168 px,3.45 μm × 3.45 μm,,Color,Visible,USB 3.0,10 bits / 12 bits,free-run / hardware trigger / software trigger,Hirose HR10A 6-pin plug,Via USB 3.0 interface,Box,,35.8 mm x 40 mm x 30 mm,136 g,C-mount,0 °C - 50 °C,,"CE (incl. RoHS), EAC, FCC, GenICam, IP30, KC, RoHS, UKCA, UL, USB3 Vision",ace L,ace L,"1""",15.97 mm,14.13 mm × 7.45 mm,42 fpsCalculate individual frame rate,USB 3.0 Type Micro B receptacle,"USB 3.0, nominal max. 5 Gbit/s (SuperSpeed)",hardware trigger / programmable via the camera API,1,2,3.8 W,,,,,,,,,,,,,,,,9 MP,1,,,,,,,,,,,,,,,,,,,,,,,,,,,,,,,,,,,,,,,,,,
Basler,daA720-520um (S-Mount),daa720-520um-s-mount,Basler,108723,에어리어 스캔 카메라,Basler dart,36개월,Sony,IMX287,Global Shutter,CMOS,720 px × 540 px,6.9 μm × 6.9 μm,,Mono,Visible,USB 3.0,8 bits / 12 bits,,,,Board Level,,19.9 mm x 29.3 mm x 29 mm,15 g,,0 °C - 50 °C,,"CE (incl. RoHS), EAC, GenICam, KC, RoHS, UKCA, UL, USB3 Vision",dart R,,"1/2.9""",,4.97 mm × 3.73 mm,523 fpsCalculate individual frame rate,,"USB 3.0, nominal max. 5 Gbit/s (SuperSpeed)",,0,4,,,,,21.2 ke¯ (typical),73.9 dB (typical),43 dB (typical),,,,,,,,,,,0,,,,,,,,,,,,,,,,,,,,,,,,,,,,,,,,,,,,,,,,,,
Basler,acA2500-14uc (CS-Mount),aca2500-14uc-cs-mount,Basler,106459,에어리어 스캔 카메라,Basler ace,36개월,onsemi,MT9P031,Rolling Shutter,CMOS,2590 px × 1942 px,2.2 μm × 2.2 μm,,Color,Visible,USB 3.0,12 bits,free-run / hardware trigger / software trigger,Hirose HR10A 6-pin plug,Via USB 3.0 interface,Box,,29.3 mm x 29 mm x 29 mm,80 g,CS-mount,0 °C - 50 °C,,"CE (incl. RoHS), EAC, FCC, GenICam, IP30, KC, RoHS, UKCA, UL, USB3 Vision",ace Classic,ace Classic,"1/2.5""",7.13 mm,5.7 mm × 4.28 mm,14 fps,USB 3.0 Type Micro B receptacle,"USB 3.0, nominal max. 5 Gbit/s (SuperSpeed)",hardware trigger / programmable via the camera API,1,2,2.2 W,,,6.7 e¯ (typical),6.8 ke¯ (typical),60 dB (typical),38.3 dB (typical),,,,,,,,,,5 MP,1,,,,,,,,,,,,,,,,,,,,,41.09 % (typical),7.21 % (typical),6.72 % (typical),,,,,,,,,,,,,,,,,,,
Basler,boA2448-250cc,boa2448-250cc,Basler,108673,에어리어 스캔 카메라,Basler boost,36개월,Sony,IMX537,Global Shutter,CMOS,2448 px × 2048 px,2.74 μm × 2.74 μm,,Color,Visible,CoaXPress (CXP-12),8 bits / 10 bits / 12 bits,free-run / hardware trigger / software trigger,,PoCXP or 24 VDC,Box,,45 mm x 80 mm x 80 mm,525 g,C-mount / F-mount / M42 x 0.75 / M42 x 1,0 °C - 50 °C,,"CE (incl. RoHS), CoaXPress 2.0, EAC, FCC, GenICam, KC, RoHS, UKCA, UL",boost R,,"1/1.8""",8.8 mm,6.7 mm × 5.6 mm,250 fpsCalculate individual frame rate,,CoaXPress (2.5–12.5 Gbps),hardware trigger / programmable via the camera API,,2,12 W,,,,,,,,,,,,,,,,5 MP,1,,,,,,,,,,,,,,,,,,,,,,,,,,,,,,,,,,,,,,,,,,
Basler,acA3800-10gc,aca3800-10gc,Basler,107757,에어리어 스캔 카메라,Basler ace,36개월,onsemi,MT9J003,Rolling Shutter,CMOS,3840 px × 2748 px,1.67 μm × 1.67 μm,,Color,Visible,GigE,12 bits,,Hirose HR10A 6-pin plug,PoE or 12 VDC,Box,,42 mm x 29 mm x 29 mm,90 g,C-mount,0 °C - 50 °C,,"CE (incl. RoHS), EAC, FCC, GenICam, GigE Vision, IEEE 802.3af (PoE), IP30, KC, RoHS, UKCA, UL",ace Classic,ace Classic,"1/2.3""",7.93 mm,6.44 mm × 4.62 mm,10 fps,RJ45 receptacle (GigE),"Fast Ethernet (100 Mbit/s), Gigabit Ethernet (1000 Mbit/s)",programmable via the camera API,1,,3.3 W,,,,,,,,,,,,,,,3.7 W,10 MP,,,,,,,,,,,,,,,,,,,,,,,,,,,,,,,,,,,,,,,,,,,
Basler,acA2040-90uc,aca2040-90uc,Basler,106542,에어리어 스캔 카메라,Basler ace,36개월,ams,CMV4000,Global Shutter,CMOS,2048 px × 2048 px,5.5 μm × 5.5 μm,,Color,Visible,USB 3.0,10 bits / 12 bits,,Hirose HR10A 6-pin plug,Via USB 3.0 interface,Box,,29.3 mm x 29 mm x 29 mm,80 g,C-mount,0 °C - 60 °C,,"CE (incl. RoHS), EAC, FCC, GenICam, IP30, KC, RoHS, UKCA, UL, USB3 Vision",ace Classic,ace Classic,"1""",15.92 mm,11.26 mm × 11.26 mm,90 fps,USB 3.0 Type Micro B receptacle,"USB 3.0, nominal max. 5 Gbit/s (SuperSpeed)",hardware trigger / programmable via the camera API,1,,3.2 W,,62.07 % (typical),13.8 e¯ (typical),11.9 ke¯ (typical),58.7 dB (typical),40.8 dB (typical),,,,,,,,,,4 MP,,,,,,,,,,,,,,,,,,,,,,,,,,,,,,,,,,,,,,,,,,,
Basler,alA640-300gm,ala640-300gm,Basler,107687,에어리어 스캔 카메라,Basler ace,36개월,onsemi,PYTHON 300,Global Shutter,CMOS,640 px × 480 px,4.8 μm × 4.8 μm,,Mono,Visible,GigE,10 bits,,Hirose HR10A 6-pin plug,PoE or 12-24 VDC,Box,,42 mm x 29 mm x 29 mm,90 g,C-mount,0 °C - 50 °C,,"CE (incl. RoHS), FCC, GenICam, GigE Vision, IEEE 802.3af (PoE), IP30, RoHS, UKCA, UL",ace Lite,ace Lite,"1/4""",3.84 mm,3.07 mm × 2.3 mm,340 fps,RJ45 receptacle (GigE),"Fast Ethernet (100 Mbit/s), Gigabit Ethernet (1000 Mbit/s)",hardware trigger / programmable via the camera API,1,,3.5 W,,54 % (typical),10.6 e¯ (typical),7.7 ke¯ (typical),57.2 dB (typical),38.8 dB (typical),,,,,,,,,3.5 W,VGA,,,,,,,,,,,,,,,,,,,,,,,,,,,,,,,,,,,,,,,,,,,
Basler,daA1440-220um (S-Mount),daa1440-220um-s-mount,Basler,108729,에어리어 스캔 카메라,Basler dart,36개월,Sony,IMX273,Global Shutter,CMOS,1440 px × 1080 px,3.45 μm × 3.45 μm,,Mono,Visible,USB 3.0,8 bits / 12 bits,,,,Board Level,,19.9 mm x 29.3 mm x 29 mm,15 g,,0 °C - 50 °C,,"CE (incl. RoHS), EAC, GenICam, KC, RoHS, UKCA, UL, USB3 Vision",dart R,,"1/2.9""",6.21 mm,4.97 mm × 3.73 mm,227 fpsCalculate individual frame rate,,"USB 3.0, nominal max. 5 Gbit/s (SuperSpeed)",,0,4,,,,,10.5 ke¯ (typical),71.4 dB (typical),40.22 dB (typical),,,,,,,,,,,0,,,,,,,,,,,,,,,,,,,,,,,,,,,,,,,,,,,,,,,,,,
Basler,acA2500-60um,aca2500-60um,Basler,107257,에어리어 스캔 카메라,Basler ace,36개월,onsemi,PYTHON 5000,Global Shutter,CMOS,2590 px × 2048 px,4.8 μm × 4.8 μm,,Mono,Visible,USB 3.0,10 bits,,Hirose HR10A 6-pin plug,Via USB 3.0 interface,Box,,29.3 mm x 29 mm x 29 mm,80 g,C-mount,0 °C - 50 °C,,"CE (incl. RoHS), EAC, FCC, GenICam, IP30, KC, RoHS, UKCA, UL, USB3 Vision",ace U,ace U,"1""",15.86 mm,12.44 mm × 9.83 mm,60 fpsCalculate individual frame rate,USB 3.0 Type Micro B receptacle,"USB 3.0, nominal max. 5 Gbit/s (SuperSpeed)",hardware trigger / programmable via the camera API,1,,3.5 W,,55 % (typical),11.4 e¯ (typical),7.9 ke¯ (typical),56.8 dB (typical),39 dB (typical),,,,,,,,,,5 MP,,,,,,,,,,,,,,,,,,,,,,,,,,,,,,,,,,,,,,,,,,,
Basler,acA1920-48gm,aca1920-48gm,Basler,107263,에어리어 스캔 카메라,Basler ace,36개월,onsemi,PYTHON 2000,Global Shutter,CMOS,1920 px × 1200 px,4.8 μm × 4.8 μm,,Mono,Visible,GigE,10 bits,,Hirose HR10A 6-pin plug,PoE or 12-24 VDC,Box,,42 mm x 29 mm x 29 mm,90 g,C-mount,0 °C - 50 °C,,"CE (incl. RoHS), EAC, GenICam, GigE Vision, IEEE 802.3af (PoE), IP30, KC, RoHS, UKCA, UL",ace U,ace U,"2/3""",10.87 mm,9.22 mm × 5.76 mm,50 fpsCalculate individual frame rate,RJ45 receptacle (GigE),"Fast Ethernet (100 Mbit/s), Gigabit Ethernet (1000 Mbit/s)",hardware trigger / programmable via the camera API,1,,3.3 W,,54 % (typical),10.9 e¯ (typical),7.8 ke¯ (typical),57.1 dB (typical),38.9 dB (typical),,,,,,,,,3.7 W,2.3 MP,,,,,,,,,,,,,,,,,,,,,,,,,,,,,,,,,,,,,,,,,,,
Basler,acA800-200gc,aca800-200gc,Basler,106767,에어리어 스캔 카메라,Basler ace,36개월,onsemi,PYTHON 500,Global Shutter,CMOS,800 px × 600 px,4.8 μm × 4.8 μm,,Color,Visible,GigE,10 bits,,Hirose HR10A 6-pin plug,PoE or 12-24 VDC,Box,,42 mm x 29 mm x 29 mm,90 g,C-mount,0 °C - 50 °C,,"CE (incl. RoHS), EAC, FCC, GenICam, GigE Vision, IEEE 802.3af (PoE), IP30, KC, RoHS, UKCA, UL",ace U,ace U,"1/3.6""",4.8 mm,3.84 mm × 2.88 mm,240 fpsCalculate individual frame rate,RJ45 receptacle (GigE),"Fast Ethernet (100 Mbit/s), Gigabit Ethernet (1000 Mbit/s)",hardware trigger / programmable via the camera API,1,,3.5 W,,,,,,,,,,,,,,,3.5 W,0.48 MP,,,,,,,,,,,,,,,,,,,,,,,,,,,,,,,,,,,,,,,,,,,
Basler,a2A4504-18ucPRO,a2a4504-18ucpro,Basler,108166,에어리어 스캔 카메라,Basler ace 2,36개월,Sony,IMX541,Global Shutter,CMOS,4504 px × 4504 px,2.74 μm × 2.74 μm,,Color,Visible,USB 3.0,8 bits / 10 bits / 12 bits,,M8 6-Pin receptacle,Via USB 3.0 interface or 12-24 VDC,Box,IP30,42.8 mm x 29 mm x 29 mm,90 g,C-mount,-10 °C - 50 °C,,"CE (incl. RoHS), EAC, FCC, GenICam, IP30, KC, RoHS, UKCA, UL, USB3 Vision",ace 2 R,ace 2 R Pro,"1.1""",17.45 mm,12.34 mm × 12.34 mm,18 fpsCalculate individual frame rate,USB 3.0 Type Micro B receptacle,"USB 3.0, nominal max. 5 Gbit/s (SuperSpeed)",hardware trigger / programmable via the camera API,1,2,4.2 W,525 nm,,,10 ke¯ (typical),70.9 dB (typical),39.82 dB (typical),,,,,,,,,,20.2 MP,,,up to 18 fps,,,,,,,,,,,,,,,,,,,50.88 % (typical),,,,,,,,,,,,,,,,,,,,,
Basler,daA1280-54um (No-Mount),daa1280-54um-no-mount,Basler,106680,에어리어 스캔 카메라,Basler dart,36개월,onsemi,AR0134,Global Shutter,CMOS,1280 px × 960 px,3.75 μm × 3.75 μm,,Mono,Visible,USB 3.0,8 bits / 12 bits,free-run / hardware trigger / software trigger,,Via USB 3.0 interface,Board Level,,7.2 mm x 27 mm x 27 mm,5 g,,0 °C - 75 °C,,"CE (incl. RoHS), EAC, FCC, GenICam, KC, RoHS, UKCA, UL, USB3 Vision",dart Classic,,"1/3""",6 mm,4.8 mm × 3.6 mm,54 fps,,"USB 3.0, nominal max. 5 Gbit/s (SuperSpeed)",programmable via the camera API,1,2,1.2 W,,,,,,,,,,,,,,,,,2,,,,,,,,,,,,,,,,,,,,,,,,,,,,,,,,,,,,,,,,,,
Basler,a2A2840-67g5cBAS,a2a2840-67g5cbas,Basler,108592,에어리어 스캔 카메라,Basler ace 2,36개월,Sony,IMX546,Global Shutter,CMOS,2840 px × 2840 px,2.74 μm × 2.74 μm,,Color,Visible,5GigE,8 bits / 10 bits / 12 bits,,M8 6-Pin receptacle,12-24 VDC,Box,IP30,55.5 mm x 29 mm x 29 mm,100 g,C-mount,-10 °C - 50 °C,,"CE (incl. RoHS), EAC, FCC, GenICam, GigE Vision 2.0, IP30, KC, RoHS, UKCA, UL",ace 2 R,ace 2 R Basic,"2/3""",11 mm,7.78 mm × 7.78 mm,67 fpsCalculate individual frame rate,RJ45 receptacle (GigE),"Fast Ethernet (100 Mbit/s), Gigabit Ethernet (1000 Mbit/s), 2.5 Gigabit Ethernet (2500 Mbit/s), 5 Gigabit Ethernet (5000 Mbit/s)",hardware trigger / programmable via the camera API,1,2,5.7 W,,,,,,,,,,,,,,,,8 MP,,,,,,,,,,,,,,,,,,,,,,,,,,,,,,,,,,,,,,,,,,,
Basler,a2A2840-14gcBAS,a2a2840-14gcbas,Basler,108415,에어리어 스캔 카메라,Basler ace 2,36개월,Sony,IMX546,Global Shutter,CMOS,2840 px × 2840 px,2.74 μm × 2.74 μm,,Color,Visible,GigE,8 bits / 10 bits / 12 bits,,M8 6-Pin receptacle,PoE or 12-24 VDC,Box,IP30,55.5 mm x 29 mm x 29 mm,100 g,C-mount,-10 °C - 60 °C,,"CE (incl. RoHS), EAC, FCC, GenICam, GigE Vision 2.0, IP30, KC, RoHS, UKCA, UL",ace 2 R,ace 2 R Basic,"2/3""",11 mm,7.78 mm × 7.78 mm,14 fpsCalculate individual frame rate,RJ45 receptacle (GigE),"Fast Ethernet (100 Mbit/s), Gigabit Ethernet (1000 Mbit/s)",hardware trigger / programmable via the camera API,1,2,2.9 W,,,,,,,,,,,,,,,,8 MP,,,,,,,,,,,,,,,,,,,,,,,,,,,,,,,,,,,,,,,,,,,
Basler,acA2000-50gm,aca2000-50gm,Basler,105713,에어리어 스캔 카메라,Basler ace,36개월,ams,CMV2000,Global Shutter,CMOS,2048 px × 1088 px,5.5 μm × 5.5 μm,,Mono,Visible,GigE,12 bits,Ethernet connection / free-run / hardware trigger,Hirose HR10A 6-pin plug,PoE or 12 VDC,Box,,42 mm x 29 mm x 29 mm,90 g,C-mount,0 °C - 50 °C,,"CE (incl. RoHS), EAC, FCC, GenICam, GigE Vision, IEEE 802.3af (PoE), IP30, KC, RoHS, UKCA, UL",ace Classic,ace Classic,"2/3""",12.75 mm,11.26 mm × 5.98 mm,50 fps,RJ45 receptacle (GigE),"Fast Ethernet (100 Mbit/s), Gigabit Ethernet (1000 Mbit/s)",hardware trigger / programmable via the camera API,1,,2.5 W,,63 % (typical),13.9 e¯ (typical),9.3 ke¯ (typical),56.5 dB (typical),39.7 dB (typical),,,,,,,,,3 W,2 MP,1,,,,,,,,,,,,,,,,,,,,,,,,,,,,,,,,,,,,,,,,,,
Basler,daA720-520um (No-Mount),daa720-520um-no-mount,Basler,108722,에어리어 스캔 카메라,Basler dart,36개월,Sony,IMX287,Global Shutter,CMOS,720 px × 540 px,6.9 μm × 6.9 μm,,Mono,Visible,USB 3.0,8 bits / 12 bits,,,,Board Level,,8 mm x 27 mm x 27 mm,5 g,,0 °C - 50 °C,,"CE (incl. RoHS), EAC, GenICam, KC, RoHS, UKCA, UL, USB3 Vision",dart R,,"1/2.9""",,4.97 mm × 3.73 mm,523 fpsCalculate individual frame rate,,"USB 3.0, nominal max. 5 Gbit/s (SuperSpeed)",,0,4,,,,,21.2 ke¯ (typical),73.9 dB (typical),43 dB (typical),,,,,,,,,,,0,,,,,,,,,,,,,,,,,,,,,,,,,,,,,,,,,,,,,,,,,,
Basler,acA1300-60gc,aca1300-60gc,Basler,106796,에어리어 스캔 카메라,Basler ace,36개월,e2v,EV76C560,Global & Rolling Shutter,CMOS,1280 px × 1024 px,5.3 μm × 5.3 μm,,Color,Visible,GigE,12 bits,Ethernet connection / free-run / hardware trigger,Hirose HR10A 6-pin plug,PoE or 12 VDC,Box,,42 mm x 29 mm x 29 mm,90 g,C-mount,0 °C - 50 °C,,"CE (incl. RoHS), EAC, FCC, GenICam, GigE Vision, IEEE 802.3af (PoE), IP30, KC, RoHS, UKCA, UL",ace Classic,ace Classic,"1/1.8""",8.68 mm,6.8 mm × 5.4 mm,60 fps,RJ45 receptacle (GigE),"Fast Ethernet (100 Mbit/s), Gigabit Ethernet (1000 Mbit/s)",programmable via the camera API,1,,2 W,,,24.6 e¯ (typical),9.4 ke¯ (typical),51.7 dB (typical),39.7 dB (typical),,,,,,,,,2.6 W,1.3 MP,1,,,,,,,,,,,,,,,,,,,,,40.95 % (typical),7.24 % (typical),3.03 % (typical),,,,,,,,,,,,,,,,,,,
Basler,a2A1280-80gmSWIR,a2a1280-80gmswir,Basler,108572,에어리어 스캔 카메라,Basler ace 2,36개월,Sony,IMX990,Global Shutter,InGaAs,1280 px × 1024 px,5 μm × 5 μm,,Mono,Visible + SWIR,GigE,8 bits / 10 bits / 12 bits,free-run / hardware trigger / software trigger,M8 6-Pin receptacle,PoE or 12-24 VDC,Box,IP30,55.5 mm x 29 mm x 29 mm,100 g,C-mount,-10 °C - 50 °C,,"CE (incl. RoHS), EAC, FCC, GenICam, GigE Vision 2.0, IP30, KC, RoHS, UKCA, UL",ace 2 X,ace 2 X visSWIR,"1/2""",,6.4 mm × 5.1 mm,80 fpsCalculate individual frame rate,RJ45 receptacle (GigE),"Fast Ethernet (100 Mbit/s), Gigabit Ethernet (1000 Mbit/s)",hardware trigger / programmable via the camera API,1,2,,541 nm,,,,,,,,,,,,,,,1.3 MP,,,,,,,,,,,,,,,,,,,,,,,,,,,,,,,,,,,,,,,,,,,
Basler,acA2500-60uc,aca2500-60uc,Basler,107258,에어리어 스캔 카메라,Basler ace,36개월,onsemi,PYTHON 5000,Global Shutter,CMOS,2590 px × 2048 px,4.8 μm × 4.8 μm,,Color,Visible,USB 3.0,10 bits,,Hirose HR10A 6-pin plug,Via USB 3.0 interface,Box,,29.3 mm x 29 mm x 29 mm,80 g,C-mount,0 °C - 50 °C,,"CE (incl. RoHS), EAC, FCC, GenICam, IP30, KC, RoHS, UKCA, UL, USB3 Vision",ace U,ace U,"1""",15.86 mm,12.44 mm × 9.83 mm,60 fpsCalculate individual frame rate,USB 3.0 Type Micro B receptacle,"USB 3.0, nominal max. 5 Gbit/s (SuperSpeed)",hardware trigger / programmable via the camera API,1,,3.5 W,,,,,,,,,,,,,,,,5 MP,,,,,,,,,,,,,,,,,,,,,,,,,,,,,,,,,,,,,,,,,,,
Basler,a2A4096-9gmBAS,a2a4096-9gmbas,Basler,108410,에어리어 스캔 카메라,Basler ace 2,36개월,Sony,IMX545,Global Shutter,CMOS,4096 px × 3000 px,2.74 μm × 2.74 μm,,Mono,Visible,GigE,8 bits / 10 bits / 12 bits,,M8 6-Pin receptacle,PoE or 12-24 VDC,Box,IP30,55.5 mm x 29 mm x 29 mm,100 g,C-mount,-10 °C - 60 °C,,"CE (incl. RoHS), EAC, FCC, GenICam, GigE Vision 2.0, IP30, KC, RoHS, UKCA, UL",ace 2 R,ace 2 R Basic,"1/1.1""",13.91 mm,11.22 mm × 8.22 mm,9 fpsCalculate individual frame rate,RJ45 receptacle (GigE),"Fast Ethernet (100 Mbit/s), Gigabit Ethernet (1000 Mbit/s)",hardware trigger / programmable via the camera API,1,2,2.9 W,541 nm,66.8 % (typical),2.5 e¯ (typical),9.97 ke¯ (typical),70.1 dB (typical),39.99 dB (typical),,,,,,,,,,12.3 MP,,,,,,,,,,,,,,,,,,,,,,,,,,,,,,,,,,,,,,,,,,,
Basler,a2A5320-23ucBAS,a2a5320-23ucbas,Basler,108172,에어리어 스캔 카메라,Basler ace 2,36개월,Sony,IMX542,Global Shutter,CMOS,5320 px × 3032 px,2.74 μm × 2.74 μm,,Color,Visible,USB 3.0,8 bits / 10 bits / 12 bits,,M8 6-Pin receptacle,Via USB 3.0 interface,Box,IP30,42.8 mm x 29 mm x 29 mm,85 g,C-mount,-10 °C - 60 °C,,"CE (incl. RoHS), EAC, FCC, GenICam, IP30, KC, RoHS, UKCA, UL, USB3 Vision",ace 2 R,ace 2 R Basic,"1.1""",16.78 mm,14.58 mm × 8.31 mm,23 fpsCalculate individual frame rate,USB 3.0 Type Micro B receptacle,"USB 3.0, nominal max. 5 Gbit/s (SuperSpeed)",hardware trigger / programmable via the camera API,1,2,3.7 W,,,,,,,,,,,,,,,,16.1 MP,,,,,,,,,,,,,,,,,,,,,,,,,,,,,,,,,,,,,,,,,,,
Basler,a2A2840-48ucPRO,a2a2840-48ucpro,Basler,108425,에어리어 스캔 카메라,Basler ace 2,36개월,Sony,IMX546,Global Shutter,CMOS,2840 px × 2840 px,2.74 μm × 2.74 μm,,Color,Visible,USB 3.0,8 bits / 10 bits / 12 bits,,M8 6-Pin receptacle,Via USB 3.0 interface or 12-24 VDC,Box,IP30,42.8 mm x 29 mm x 29 mm,90 g,C-mount,-10 °C - 50 °C,,"CE (incl. RoHS), EAC, FCC, GenICam, IP30, KC, RoHS, UKCA, UL, USB3 Vision",ace 2 R,ace 2 R Pro,"2/3""",11 mm,7.78 mm × 7.78 mm,48 fpsCalculate individual frame rate,USB 3.0 Type Micro B receptacle,"USB 3.0, nominal max. 5 Gbit/s (SuperSpeed)",hardware trigger / programmable via the camera API,1,2,3.6 W,,,,,,,,,,,,,,,,8 MP,,,,,,,,,,,,,,,,,,,,,,,,,,,,,,,,,,,,,,,,,,,
Basler,acA640-300gm,aca640-300gm,Basler,106750,에어리어 스캔 카메라,Basler ace,36개월,onsemi,PYTHON 300,Global Shutter,CMOS,640 px × 480 px,4.8 μm × 4.8 μm,,Mono,Visible,GigE,10 bits,,Hirose HR10A 6-pin plug,PoE or 12-24 VDC,Box,,42 mm x 29 mm x 29 mm,90 g,C-mount,0 °C - 50 °C,,"CE (incl. RoHS), EAC, FCC, GenICam, GigE Vision, IEEE 802.3af (PoE), IP30, KC, RoHS, UKCA, UL",ace U,ace U,"1/4""",3.84 mm,3.07 mm × 2.3 mm,376 fpsCalculate individual frame rate,RJ45 receptacle (GigE),"Fast Ethernet (100 Mbit/s), Gigabit Ethernet (1000 Mbit/s)",hardware trigger / programmable via the camera API,1,,3.5 W,,54 % (typical),10.6 e¯ (typical),7.7 ke¯ (typical),57.1 dB (typical),38.8 dB (typical),,,,,,,,,3.5 W,VGA,,,,,,,,,,,,,,,,,,,,,,,,,,,,,,,,,,,,,,,,,,,
Basler,a2A2600-64ucBAS,a2a2600-64ucbas,Basler,108371,에어리어 스캔 카메라,Basler ace 2,36개월,Gpixel,GMAX2505,Global Shutter,CMOS,2600 px × 2160 px,2.5 μm × 2.5 μm,,Color,Visible,USB 3.0,8 bits / 10 bits / 12 bits,,M8 6-Pin receptacle,Via USB 3.0 interface,Box,IP30,42.8 mm x 29 mm x 29 mm,85 g,C-mount,-10 °C - 60 °C,,"CE (incl. RoHS), EAC, FCC, GenICam, IP30, KC, RoHS, UKCA, UL, USB3 Vision",ace 2 R,ace 2 R Basic,"1/2""",8.5 mm,6.52 mm × 5.42 mm,64 fpsCalculate individual frame rate,USB 3.0 Type Micro B receptacle,"USB 3.0, nominal max. 5 Gbit/s (SuperSpeed)",hardware trigger / programmable via the camera API,1,2,3 W,525 nm,,2.548 e¯ (maximal),,,,,,,,,,,,,5.6 MP,,,,,,,,,,,,,,,,,,,,,,49.63 % (typical),,,,,,,,,,,,,,,,,,,,,
Basler,acA1300-60gm (CS-Mount),aca1300-60gm-cs-mount,Basler,106588,에어리어 스캔 카메라,Basler ace,36개월,e2v,EV76C560,Global & Rolling Shutter,CMOS,1282 px × 1026 px,5.3 μm × 5.3 μm,,Mono,Visible,GigE,12 bits,Ethernet connection / free-run / hardware trigger,Hirose HR10A 6-pin plug,PoE or 12 VDC,Box,,42 mm x 29 mm x 29 mm,90 g,CS-mount,0 °C - 50 °C,,"CE (incl. RoHS), EAC, FCC, GenICam, GigE Vision, IEEE 802.3af (PoE), IP30, KC, RoHS, UKCA, UL",ace Classic,ace Classic,"1/1.8""",8.68 mm,6.8 mm × 5.4 mm,60 fps,RJ45 receptacle (GigE),"Fast Ethernet (100 Mbit/s), Gigabit Ethernet (1000 Mbit/s)",programmable via the camera API,1,,2 W,,54 % (typical),24.7 e¯ (typical),9.5 ke¯ (typical),51.7 dB (typical),39.8 dB (typical),,,,,,,,,2.6 W,1.3 MP,1,,,,,,,,,,,,,,,,,,,,,,,,,,,,,,,,,,,,,,,,,,
Basler,a2A2600-20gmBAS,a2a2600-20gmbas,Basler,108366,에어리어 스캔 카메라,Basler ace 2,36개월,Gpixel,GMAX2505,Global Shutter,CMOS,2600 px × 2160 px,2.5 μm × 2.5 μm,,Mono,Visible,GigE,8 bits / 10 bits / 12 bits,,M8 6-Pin receptacle,PoE or 12-24 VDC,Box,IP30,55.5 mm x 29 mm x 29 mm,100 g,C-mount,-10 °C - 60 °C,,"CE (incl. RoHS), EAC, FCC, GenICam, GigE Vision 2.0, IP30, KC, RoHS, UKCA, UL",ace 2 R,ace 2 R Basic,"1/2""",8.5 mm,6.52 mm × 5.42 mm,20 fpsCalculate individual frame rate,RJ45 receptacle (GigE),"Fast Ethernet (100 Mbit/s), Gigabit Ethernet (1000 Mbit/s)",hardware trigger / programmable via the camera API,1,2,3.1 W,541 nm,53.4 % (typical),1 e¯ (typical),4.8 ke¯ (typical),69.6 dB (typical),37 dB (typical),,,,,,,,,4.4 W,5.6 MP,,,,,,,,,,,,,,,,,,,,,,,,,,,,,,,,,,,,,,,,,,,
Basler,a2A5320-7gcPRO,a2a5320-7gcpro,Basler,108178,에어리어 스캔 카메라,Basler ace 2,36개월,Sony,IMX542,Global Shutter,CMOS,5320 px × 3032 px,2.74 μm × 2.74 μm,,Color,Visible,GigE,8 bits / 10 bits / 12 bits,,M8 6-Pin receptacle,PoE or 12-24 VDC,Box,IP30,55.5 mm x 29 mm x 29 mm,105 g,C-mount,-10 °C - 50 °C,,"CE (incl. RoHS), EAC, FCC, GenICam, GigE Vision 2.0, IP30, KC, RoHS, UKCA, UL",ace 2 R,ace 2 R Pro,"1.1""",16.78 mm,14.58 mm × 8.31 mm,7 fpsCalculate individual frame rate,RJ45 receptacle (GigE),"Fast Ethernet (100 Mbit/s), Gigabit Ethernet (1000 Mbit/s)",hardware trigger / programmable via the camera API,1,2,3.4 W,,,,,,,,,,,,,,,,16.1 MP,,,up to 15 fps,,,,,,,,,,,,,,,,,,,,,,,,,,,,,,,,,,,,,,,,
Basler,a2A2600-20gcPRO,a2a2600-20gcpro,Basler,108369,에어리어 스캔 카메라,Basler ace 2,36개월,Gpixel,GMAX2505,Global Shutter,CMOS,2600 px × 2160 px,2.5 μm × 2.5 μm,,Color,Visible,GigE,8 bits / 10 bits / 12 bits,,M8 6-Pin receptacle,PoE or 12-24 VDC,Box,IP30,55.5 mm x 29 mm x 29 mm,100 g,C-mount,-10 °C - 50 °C,,"CE (incl. RoHS), EAC, FCC, GenICam, GigE Vision 2.0, IP30, KC, RoHS, UKCA, UL",ace 2 R,ace 2 R Pro,"1/2""",8.5 mm,6.52 mm × 5.42 mm,20 fpsCalculate individual frame rate,RJ45 receptacle (GigE),"Fast Ethernet (100 Mbit/s), Gigabit Ethernet (1000 Mbit/s)",hardware trigger / programmable via the camera API,1,2,3.4 W,525 nm,,,,,,,,,,,,,,4.2 W,5.6 MP,,,,,,,,,,,,,,,,,,,,,,49.63 % (typical),,,,,,,,,,,,,,,,,,,,,
Basler,daA1920-30um (S-Mount),daa1920-30um-s-mount,Basler,106688,에어리어 스캔 카메라,Basler dart,36개월,onsemi,MT9P031,Rolling Shutter,CMOS,1920 px × 1080 px,2.2 μm × 2.2 μm,,Mono,Visible,USB 3.0,8 bits / 12 bits,free-run / hardware trigger / software trigger,,Via USB 3.0 interface,Board Level,,19.9 mm x 29.3 mm x 29 mm,15 g,,0 °C - 50 °C,,"CE (incl. RoHS), EAC, FCC, GenICam, KC, RoHS, UKCA, UL, USB3 Vision",dart Classic,,"1/3.7""",4.84 mm,4.22 mm × 2.38 mm,30 fps,,"USB 3.0, nominal max. 5 Gbit/s (SuperSpeed)",hardware trigger / programmable via the camera API,1,2,1.2 W,,,,,,,,,,,,,,,,,2,,,,,,,,,,,,,,,,,,,,,,,,,,,,,,,,,,,,,,,,,,
Basler,acA1600-60gc (CS-Mount),aca1600-60gc-cs-mount,Basler,106587,에어리어 스캔 카메라,Basler ace,36개월,e2v,EV76C570,Global & Rolling Shutter,CMOS,1600 px × 1200 px,4.5 μm × 4.5 μm,,Color,Visible,GigE,12 bits,Ethernet connection / free-run / hardware trigger,Hirose HR10A 6-pin plug,PoE or 12 VDC,Box,,42 mm x 29 mm x 29 mm,90 g,CS-mount,0 °C - 50 °C,,"CE (incl. RoHS), EAC, FCC, GenICam, GigE Vision, IEEE 802.3af (PoE), IP30, KC, RoHS, UKCA, UL",ace Classic,ace Classic,"1/1.8""",9 mm,7.2 mm × 5.4 mm,60 fps,RJ45 receptacle (GigE),"Fast Ethernet (100 Mbit/s), Gigabit Ethernet (1000 Mbit/s)",programmable via the camera API,1,,2.1 W,,,,,,,,,,,,,,,2.7 W,2 MP,1,,,,,,,,,,,,,,,,,,,,,,,,,,,,,,,,,,,,,,,,,,
Basler,acA4024-8gc,aca4024-8gc,Basler,109277,에어리어 스캔 카메라,Basler ace,36개월,Sony,IMX226,Rolling Shutter,CMOS,4024 px × 3036 px,1.85 μm × 1.85 μm,,Color,Visible,GigE,,,Hirose HR10A 6-pin plug,PoE or 12-24 VDC,Box,,42 mm x 29 mm x 29 mm,90 g,C-mount,0 °C - 50 °C,,"CE (incl. RoHS), EAC, FCC, GenICam, GigE Vision, IP30, KC, RoHS, UKCA, UL",ace U,ace U,"1/1.7""",9.33 mm,7.44 mm × 5.61 mm,8 fps,RJ45 receptacle (GigE),"Fast Ethernet (100 Mbit/s), Gigabit Ethernet (1000 Mbit/s)",automatic / manual,,,2.5 W,,,,,,,,,,,,,,,2.9 W,12.2 MP,,,,,,,,,,,,,,,,,,,,,,,,,,,,,,,,,,,,,,,,,,,
Basler,boA1936-400cm,boa1936-400cm,Basler,108674,에어리어 스캔 카메라,Basler boost,36개월,Sony,IMX421,Global Shutter,CMOS,1936 px × 1464 px,4.5 μm × 4.5 μm,,Mono,Visible,CoaXPress (CXP-12),8 bits / 10 bits / 12 bits,free-run / hardware trigger / software trigger,,PoCXP or 24 VDC,Box,,45 mm x 80 mm x 80 mm,480 g,C-mount / F-mount / M42 x 0.75 / M42 x 1,0 °C - 50 °C,,"CE (incl. RoHS), CoaXPress 2.0, EAC, FCC, GenICam, KC, RoHS, UKCA, UL",boost R,,"2/3""",11 mm,8.7 mm × 6.5 mm,400 fpsCalculate individual frame rate,,CoaXPress (2.5–12.5 Gbps),hardware trigger / programmable via the camera API,,2,12 W,,69.3 % (typical),5.5 e¯ (typical),24.6 ke¯ (typical),72 dB (typical),44 dB (typical),,,,,,,,,,3 MP,1,,,,,,,,,,,,,,,,,,,,,,,,,,,,,,,,,,,,,,,,,,
Basler,daA2448-70um (CS-Mount),daa2448-70um-cs-mount,Basler,108621,에어리어 스캔 카메라,Basler dart,36개월,Sony,IMX548,Global Shutter,CMOS,2448 px × 2048 px,2.74 μm × 2.74 μm,,Mono,Visible,USB 3.0,8 bits / 10 bits / 12 bits,,,,Board Level,,19.3 mm x 29.3 mm x 29 mm,15 g,,0 °C - 50 °C,,"CE (incl. RoHS), EAC, GenICam, KC, RoHS, UKCA, UL, USB3 Vision",dart R,,"1/1.8""",8.7 mm,6.71 mm × 5.61 mm,72 fpsCalculate individual frame rate,,"USB 3.0, nominal max. 5 Gbit/s (SuperSpeed)",,0,4,,,,,9.6 ke¯ (typical),69.5 dB (typical),39.8 dB (typical),,,,,,,,,,,0,,,,,,,,,,,,,,,,,,,,,,,,,,,,,,,,,,,,,,,,,,
Basler,daA2500-14um (No-Mount),daa2500-14um-no-mount,Basler,106692,에어리어 스캔 카메라,Basler dart,36개월,onsemi,MT9P031,Rolling Shutter,CMOS,2592 px × 1944 px,2.2 μm × 2.2 μm,,Mono,Visible,USB 3.0,8 bits / 12 bits,free-run / hardware trigger / software trigger,,Via USB 3.0 interface,Board Level,,7.2 mm x 27 mm x 27 mm,5 g,,0 °C - 75 °C,,"CE (incl. RoHS), EAC, FCC, GenICam, KC, RoHS, UKCA, UL, USB3 Vision",dart Classic,,"1/2.5""",7.13 mm,5.7 mm × 4.28 mm,14 fps,,"USB 3.0, nominal max. 5 Gbit/s (SuperSpeed)",hardware trigger / programmable via the camera API,1,2,1.4 W,,,,,,,,,,,,,,,,,2,,,,,,,,,,,,,,,,,,,,,,,,,,,,,,,,,,,,,,,,,,
Basler,acA2500-14gc,aca2500-14gc,Basler,106611,에어리어 스캔 카메라,Basler ace,36개월,onsemi,MT9P031,Rolling Shutter,CMOS,2590 px × 1942 px,2.2 μm × 2.2 μm,,Color,Visible,GigE,12 bits,Ethernet connection / free-run / hardware trigger,Hirose HR10A 6-pin plug,PoE or 12 VDC,Box,,42 mm x 29 mm x 29 mm,90 g,C-mount,0 °C - 50 °C,,"CE (incl. RoHS), EAC, FCC, GenICam, GigE Vision, IEEE 802.3af (PoE), IP30, KC, RoHS, UKCA, UL",ace Classic,ace Classic,"1/2.5""",7.13 mm,5.7 mm × 4.28 mm,14 fps,RJ45 receptacle (GigE),"Fast Ethernet (100 Mbit/s), Gigabit Ethernet (1000 Mbit/s)",hardware trigger / programmable via the camera API,1,,2.2 W,,,6.7 e¯ (typical),6.8 ke¯ (typical),60 dB (typical),38.3 dB (typical),,,,,,,,,2.7 W,5 MP,1,,,,,,,,,,,,,,,,,,,,,41.09 % (typical),7.21 % (typical),6.72 % (typical),,,,,,,,,,,,,,,,,,,
Basler,acA1300-75gm,aca1300-75gm,Basler,106755,에어리어 스캔 카메라,Basler ace,36개월,onsemi,PYTHON 1300,Global Shutter,CMOS,1280 px × 1024 px,4.8 μm × 4.8 μm,,Mono,Visible,GigE,10 bits,,Hirose HR10A 6-pin plug,PoE or 12-24 VDC,Box,,42 mm x 29 mm x 29 mm,90 g,C-mount,0 °C - 50 °C,,"CE (incl. RoHS), EAC, GenICam, GigE Vision, IEEE 802.3af (PoE), IP30, KC, RoHS, UKCA, UL",ace U,ace U,"1/2""",7.87 mm,6.14 mm × 4.92 mm,88 fpsCalculate individual frame rate,RJ45 receptacle (GigE),"Fast Ethernet (100 Mbit/s), Gigabit Ethernet (1000 Mbit/s)",hardware trigger / programmable via the camera API,1,,3.5 W,,55 % (typical),10.7 e¯ (typical),7.8 ke¯ (typical),57.2 dB (typical),38.9 dB (typical),,,,,,,,,3.5 W,1.3 MP,,,,,,,,,,,,,,,,,,,,,,,,,,,,,,,,,,,,,,,,,,,
Basler,a2A4508-6gcBAS,a2a4508-6gcbas,Basler,108453,에어리어 스캔 카메라,Basler ace 2,36개월,Gpixel,GMAX2518,Global Shutter,CMOS,4508 px × 4096 px,2.5 μm × 2.5 μm,,Color,Visible,GigE,8 bits / 10 bits / 12 bits,,M8 6-Pin receptacle,PoE or 12-24 VDC,Box,IP30,55.5 mm x 29 mm x 29 mm,100 g,C-mount,-10 °C - 60 °C,,"CE (incl. RoHS), EAC, FCC, GenICam, GigE Vision 2.0, IP30, KC, RoHS, UKCA, UL",ace 2 R,ace 2 R Basic,"1""",15.2 mm,11.27 mm × 10.24 mm,6 fpsCalculate individual frame rate,RJ45 receptacle (GigE),"Fast Ethernet (100 Mbit/s), Gigabit Ethernet (1000 Mbit/s)",hardware trigger / programmable via the camera API,1,2,3.8 W,,,,,,,,,,,,,,,,18.4 MP,,,,,,,,,,,,,,,,,,,,,,,,,,,,,,,,,,,,,,,,,,,
Basler,boA4096-180cc,boa4096-180cc,Basler,108669,에어리어 스캔 카메라,Basler boost,36개월,Sony,IMX535,Global Shutter,CMOS,4096 px × 3000 px,2.74 μm × 2.74 μm,,Color,Visible,CoaXPress (CXP-12),8 bits / 10 bits / 12 bits,free-run / hardware trigger / software trigger,,PoCXP or 24 VDC,Box,,45 mm x 80 mm x 80 mm,525 g,C-mount / F-mount / M42 x 0.75 / M42 x 1,0 °C - 50 °C,,"CE (incl. RoHS), CoaXPress 2.0, EAC, FCC, GenICam, KC, RoHS, UKCA, UL",boost R,,"1/1.1""",13.9 mm,11.2 mm × 8.2 mm,180 fpsCalculate individual frame rate,,CoaXPress (2.5–12.5 Gbps),programmable via the camera API,,2,12 W,,,,,,,,,,,,,,,,12 MP,1,,,,,,,,,,,,,,,,,,,,,,,,,,,,,,,,,,,,,,,,,,
Basler,boA5328-100cc,boa5328-100cc,Basler,108377,에어리어 스캔 카메라,Basler boost,36개월,Sony,IMX530,Global Shutter,CMOS,5328 px × 4608 px,2.74 μm × 2.74 μm,,Color,Visible,CoaXPress (CXP-12),,,,,Box,,45 mm x 80 mm x 80 mm,525 g,,max 50 °C,,"CE (incl. RoHS), CoaXPress 2.0, KC, RoHS, UL",boost R,,"1.2""",,14.6 mm × 12.6 mm,100 fpsCalculate individual frame rate,,CoaXPress (2.5–12.5 Gbps),,1,2,11.3 W,,,,,,,,,,,,,,,,24.4 MP,,,,,,,,,,,,,,,,,,,,,,,,,,,,,,,,,,,,,,,,,,,
Basler,a2A1920-165g5mBAS,a2a1920-165g5mbas,Basler,108908,에어리어 스캔 카메라,Basler ace 2,36개월,Sony,IMX392,Global Shutter,CMOS,1920 px × 1200 px,3.45 μm × 3.45 μm,,Mono,Visible,5GigE,8 bits / 10 bits / 12 bits,,M8 6-Pin receptacle,,Box,IP30,55.5 mm x 29 mm x 29 mm,100 g,C-mount,-10 °C - 50 °C,,"CE (incl. RoHS), EAC, FCC, GenICam, GigE Vision 2.0, IP30, KC, RoHS, UKCA, UL",ace 2 R,ace 2 R Basic,"1/2.3""",7.77 mm,6.6 mm × 4.1 mm,168 fpsCalculate individual frame rate,RJ45 receptacle (GigE),"Fast Ethernet (100 Mbit/s), Gigabit Ethernet (1000 Mbit/s), 2.5 Gigabit Ethernet (2500 Mbit/s), 5 Gigabit Ethernet (5000 Mbit/s)",hardware trigger / programmable via the camera API,1,2,5.3 W,541 nm,62.2 % (typical),2.6 e¯ (typical),10.4 ke¯ (typical),71.6 dB (typical),40 dB (typical),,,,,,,,,,2.3 MP,,,,,,,,,,,,,,,,,,,,,,,,,,,,,,,,,,,,,,,,,,,
Basler,boA2832-190cc,boa2832-190cc,Basler,108671,에어리어 스캔 카메라,Basler boost,36개월,Sony,IMX536,Global Shutter,CMOS,2832 px × 2840 px,2.74 μm × 2.74 μm,,Color,Visible,CoaXPress (CXP-12),8 bits / 10 bits / 12 bits,free-run / hardware trigger / software trigger,,PoCXP or 24 VDC,Box,,45 mm x 80 mm x 80 mm,525 g,C-mount / F-mount / M42 x 0.75 / M42 x 1,0 °C - 50 °C,,"CE (incl. RoHS), CoaXPress 2.0, EAC, FCC, GenICam, KC, RoHS, UKCA, UL",boost R,,"2/3""",11 mm,7.8 mm × 7.8 mm,190 fpsCalculate individual frame rate,,CoaXPress (2.5–12.5 Gbps),hardware trigger / programmable via the camera API,,2,12 W,,,,,,,,,,,,,,,,8 MP,1,,,,,,,,,,,,,,,,,,,,,,,,,,,,,,,,,,,,,,,,,,
Basler,a2A4096-44g5cBAS,a2a4096-44g5cbas,Basler,108589,에어리어 스캔 카메라,Basler ace 2,36개월,Sony,IMX545,Global Shutter,CMOS,4096 px × 3000 px,2.74 μm × 2.74 μm,,Color,Visible,5GigE,8 bits / 10 bits / 12 bits,,M8 6-Pin receptacle,12-24 VDC,Box,IP30,55.5 mm x 29 mm x 29 mm,100 g,C-mount,-10 °C - 50 °C,,"CE (incl. RoHS), EAC, FCC, GenICam, GigE Vision 2.0, IP30, KC, RoHS, UKCA, UL",ace 2 R,ace 2 R Basic,"1/1.1""",13.91 mm,11.22 mm × 8.22 mm,44 fpsCalculate individual frame rate,RJ45 receptacle (GigE),"Fast Ethernet (100 Mbit/s), Gigabit Ethernet (1000 Mbit/s), 2.5 Gigabit Ethernet (2500 Mbit/s), 5 Gigabit Ethernet (5000 Mbit/s)",hardware trigger / programmable via the camera API,1,2,5.8 W,525 nm,,2.49 e¯ (maximal),12 ke¯ (typical),72.1 dB (typical),40.94 dB (typical),,,,,,,,,,12.3 MP,,,,,,,,,,,,,,,,,,,,,,52.89 % (typical),,,,,,,,,,,,,,,,,,,,,
Basler,acA1300-75gc,aca1300-75gc,Basler,106757,에어리어 스캔 카메라,Basler ace,36개월,onsemi,PYTHON 1300,Global Shutter,CMOS,1280 px × 1024 px,4.8 μm × 4.8 μm,,Color,Visible,GigE,10 bits,,Hirose HR10A 6-pin plug,PoE or 12-24 VDC,Box,,42 mm x 29 mm x 29 mm,90 g,C-mount,0 °C - 50 °C,,"CE (incl. RoHS), EAC, GenICam, GigE Vision, IEEE 802.3af (PoE), IP30, KC, RoHS, UKCA, UL",ace U,ace U,"1/2""",7.87 mm,6.14 mm × 4.92 mm,88 fpsCalculate individual frame rate,RJ45 receptacle (GigE),"Fast Ethernet (100 Mbit/s), Gigabit Ethernet (1000 Mbit/s)",hardware trigger / programmable via the camera API,1,,3.5 W,,,,,,,,,,,,,,,3.5 W,1.3 MP,,,,,,,,,,,,,,,,,,,,,,,,,,,,,,,,,,,,,,,,,,,
Basler,acA1440-220um,aca1440-220um,Basler,108866,에어리어 스캔 카메라,Basler ace,36개월,Sony,IMX273,Global Shutter,CMOS,1440 px × 1080 px,3.45 μm × 3.45 μm,,Mono,Visible,USB 3.0,10 bits / 12 bits,,Hirose HR10A 6-pin plug,Via USB 3.0 interface,Box,,29.3 mm x 29 mm x 29 mm,80 g,C-mount,0 °C - 50 °C,,"CE (incl. RoHS), EAC, FCC Class B, GenICam, IP30, KC, RoHS, UKCA, UL, USB3 Vision",ace U,ace U,"1/2.9""",6.21 mm,4.97 mm × 3.73 mm,227 fpsCalculate individual frame rate,USB 3.0 Type Micro B receptacle,"USB 3.0, nominal max. 5 Gbit/s (SuperSpeed)",hardware trigger / programmable via the camera API,1,,3.3 W,,62.7 % (typical),2.8 e¯ (typical),10.5 ke¯ (typical),71.5 dB (typical),40.2 dB (typical),,,,,,,,,,1.6 MP,,,,,,,,,,,,,,,,,,,,,,,,,,,,,,,,,,,,,,,,,,,
Basler,boA4504-100cc,boa4504-100cc,Basler,108379,에어리어 스캔 카메라,Basler boost,36개월,Sony,IMX531,Global Shutter,CMOS,4504 px × 4504 px,2.74 μm × 2.74 μm,,Color,Visible,CoaXPress (CXP-12),,,,,Box,,45 mm x 80 mm x 80 mm,525 g,,max 50 °C,,"CE (incl. RoHS), CoaXPress 2.0, KC, RoHS, UL",boost R,,"1.1""",,12.3 mm × 12.3 mm,100 fpsCalculate individual frame rate,,CoaXPress (2.5–12.5 Gbps),,1,2,11.2 W,,,,,,,,,,,,,,,,20 MP,,,,,,,,,,,,,,,,,,,,,,,,,,,,,,,,,,,,,,,,,,,
Basler,boA5328-100cm,boa5328-100cm,Basler,108376,에어리어 스캔 카메라,Basler boost,36개월,Sony,IMX530,Global Shutter,CMOS,5328 px × 4608 px,2.74 μm × 2.74 μm,,Mono,Visible,CoaXPress (CXP-12),,,,,Box,,45 mm x 80 mm x 80 mm,525 g,,max 50 °C,,"CE (incl. RoHS), CoaXPress 2.0, KC, RoHS, UL",boost R,,"1.2""",,14.6 mm × 12.6 mm,100 fpsCalculate individual frame rate,,CoaXPress (2.5–12.5 Gbps),,1,2,10.7 W,,65.5 % (typical),2.1 e¯ (typical),9.6 ke¯ (typical),71 dB (typical),40 dB (typical),,,,,,,,,,24.4 MP,,,,,,,,,,,,,,,,,,,,,,,,,,,,,,,,,,,,,,,,,,,
Basler,MED ace 5.1 MP 35 mono,med-ace-5-1-mp-35-mono,Basler,107613,에어리어 스캔 카메라,Basler MED ace,36개월,Sony,IMX264,Global Shutter,CMOS,2448 px × 2048 px,3.45 μm × 3.45 μm,,Mono,Visible,USB 3.0,10 bits / 12 bits,free-run / hardware trigger / software trigger,,Via USB 3.0 interface,Box,,29.3 mm x 29 mm x 29 mm,80 g,C-mount,0 °C - 50 °C,,"CE (incl. RoHS), EAC, FCC Class B, GenICam, IP30, KC, RoHS, UKCA, UL, USB3 Vision",,,"2/3""",11.02 mm,8.45 mm × 7.07 mm,35 fps,,"USB 3.0, nominal max. 5 Gbit/s (SuperSpeed)",hardware trigger / programmable via the camera API,1,2,2.5 W,,,,,,,,,,,,,,,,5 MP,1,,,,,,,,,,,,,,,,,,,,,,,,,,,,,,,,,,,,,,,,,,
Basler,a2A2600-64ucPRO,a2a2600-64ucpro,Basler,108373,에어리어 스캔 카메라,Basler ace 2,36개월,Gpixel,GMAX2505,Global Shutter,CMOS,2600 px × 2160 px,2.5 μm × 2.5 μm,,Color,Visible,USB 3.0,8 bits / 10 bits / 12 bits,,M8 6-Pin receptacle,Via USB 3.0 interface or 12-24 VDC,Box,IP30,42.8 mm x 29 mm x 29 mm,90 g,C-mount,-10 °C - 50 °C,,"CE (incl. RoHS), EAC, FCC, GenICam, IP30, KC, RoHS, UKCA, UL, USB3 Vision",ace 2 R,ace 2 R Pro,"1/2""",8.5 mm,6.52 mm × 5.42 mm,64 fpsCalculate individual frame rate,USB 3.0 Type Micro B receptacle,"USB 3.0, nominal max. 5 Gbit/s (SuperSpeed)",hardware trigger / programmable via the camera API,1,2,3.5 W,525 nm,,,,,,,,,,,,,,,5.6 MP,,,,,,,,,,,,,,,,,,,,,,49.63 % (typical),,,,,,,,,,,,,,,,,,,,,
Basler,daA1440-220uc (No-Mount),daa1440-220uc-no-mount,Basler,108731,에어리어 스캔 카메라,Basler dart,36개월,Sony,IMX273,Global Shutter,CMOS,1440 px × 1080 px,3.45 μm × 3.45 μm,,Color,Visible,USB 3.0,8 bits / 12 bits,,,,Board Level,,8 mm x 27 mm x 27 mm,5 g,,0 °C - 50 °C,,"CE (incl. RoHS), EAC, GenICam, KC, RoHS, UKCA, UL, USB3 Vision",dart R,,"1/2.9""",6.21 mm,4.97 mm × 3.73 mm,227 fpsCalculate individual frame rate,,"USB 3.0, nominal max. 5 Gbit/s (SuperSpeed)",,0,4,,,,,,,,,,,,,,,,,,0,,,,,,,,,,,,,,,,,,,,,,,,,,,,,,,,,,,,,,,,,,
Basler,acA2040-35gc,aca2040-35gc,Basler,108777,에어리어 스캔 카메라,Basler ace,36개월,Sony,IMX265,Global Shutter,CMOS,2048 px × 1536 px,3.45 μm × 3.45 μm,,Color,Visible,GigE,10 bits / 12 bits,,Hirose HR10A 6-pin plug,PoE or 12-24 VDC,Box,,42 mm x 29 mm x 29 mm,90 g,C-mount,0 °C - 50 °C,,"CE (incl. RoHS), EAC, FCC, GenICam, GigE Vision, IP30, KC, RoHS, UKCA, UL",ace U,ace U,"1/1.8""",8.84 mm,7.07 mm × 5.3 mm,36 fpsCalculate individual frame rate,RJ45 receptacle (GigE),"Fast Ethernet (100 Mbit/s), Gigabit Ethernet (1000 Mbit/s)",hardware trigger / programmable via the camera API,1,,2.7 W,,,,,,,,,,,,,,,3.2 W,3 MP,,,,,,,,,,,,,,,,,,,,,,,,,,,,,,,,,,,,,,,,,,,
Basler,MED ace 12.3 MP 23 color,med-ace-12-3-mp-23-color,Basler,107819,에어리어 스캔 카메라,Basler MED ace,36개월,Sony,IMX304,Global Shutter,CMOS,4096 px × 3000 px,3.45 μm × 3.45 μm,,Color,Visible,USB 3.0,10 bits / 12 bits,free-run / hardware trigger / software trigger,,Via USB 3.0 interface,Box,,35.8 mm x 40 mm x 30 mm,80 g,C-mount,0 °C - 50 °C,,"CE (incl. RoHS), EAC, FCC Class B, GenICam, IP30, KC, RoHS, UKCA, UL (in preparation), USB3 Vision",,,"1.1""",17.52 mm,14.13 mm × 10.35 mm,23 fps,,"USB 3.0, nominal max. 5 Gbit/s (SuperSpeed)",hardware trigger / programmable via the camera API,1,2,3.2 W,,,,,,,,,,,,,,,,12 MP,1,,,,,,,,,,,,,,,,,,,,,,,,,,,,,,,,,,,,,,,,,,
Basler,acA2000-50gc (CS-Mount),aca2000-50gc-cs-mount,Basler,106534,에어리어 스캔 카메라,Basler ace,36개월,ams,CMV2000,Global Shutter,CMOS,2046 px × 1086 px,5.5 μm × 5.5 μm,,Color,Visible,GigE,12 bits,Ethernet connection / free-run / hardware trigger,Hirose HR10A 6-pin plug,PoE or 12 VDC,Box,,42 mm x 29 mm x 29 mm,90 g,CS-mount,0 °C - 50 °C,,"CE (incl. RoHS), EAC, FCC, GenICam, GigE Vision, IEEE 802.3af (PoE), IP30, KC, RoHS, UKCA, UL",ace Classic,ace Classic,"2/3""",12.75 mm,11.26 mm × 5.98 mm,50 fps,RJ45 receptacle (GigE),"Fast Ethernet (100 Mbit/s), Gigabit Ethernet (1000 Mbit/s)",hardware trigger / programmable via the camera API,1,,2.5 W,,67.45 % (typical),13.9 e¯ (typical),9.3 ke¯ (typical),56.5 dB (typical),39.7 dB (typical),,,,,,,,,3 W,2 MP,1,,,,,,,,,,,,,,,,,,,,,,,,,,,,,,,,,,,,,,,,,,
Basler,alA640-300gc,ala640-300gc,Basler,107688,에어리어 스캔 카메라,Basler ace,36개월,onsemi,PYTHON 300,Global Shutter,CMOS,640 px × 480 px,4.8 μm × 4.8 μm,,Color,Visible,GigE,10 bits,,Hirose HR10A 6-pin plug,PoE or 12-24 VDC,Box,,42 mm x 29 mm x 29 mm,90 g,C-mount,0 °C - 50 °C,,"CE (incl. RoHS), FCC, GenICam, GigE Vision, IEEE 802.3af (PoE), IP30, RoHS, UKCA, UL",ace Lite,ace Lite,"1/4""",3.84 mm,3.07 mm × 2.3 mm,340 fps,RJ45 receptacle (GigE),"Fast Ethernet (100 Mbit/s), Gigabit Ethernet (1000 Mbit/s)",hardware trigger / programmable via the camera API,1,,3.5 W,,,,,,,,,,,,,,,3.5 W,VGA,,,,,,,,,,,,,,,,,,,,,,,,,,,,,,,,,,,,,,,,,,,
Basler,a2A5328-22g5mBAS,a2a5328-22g5mbas,Basler,108631,에어리어 스캔 카메라,Basler ace 2,36개월,Sony,IMX540,Global Shutter,CMOS,5328 px × 4608 px,2.74 μm × 2.74 μm,,Mono,Visible,5GigE,8 bits / 10 bits / 12 bits,,M8 6-Pin receptacle,12-24 VDC,Box,IP30,55.5 mm x 29 mm x 29 mm,100 g,C-mount,-10 °C - 50 °C,,"CE (incl. RoHS), EAC, FCC, GenICam, GigE Vision 2.0, IP30, KC, RoHS, UKCA, UL",ace 2 R,ace 2 R Basic,"1.2""",19.26 mm,14.57 mm × 12.6 mm,22 fpsCalculate individual frame rate,RJ45 receptacle (GigE),"Fast Ethernet (100 Mbit/s), Gigabit Ethernet (1000 Mbit/s), 2.5 Gigabit Ethernet (2500 Mbit/s), 5 Gigabit Ethernet (5000 Mbit/s)",hardware trigger / programmable via the camera API,1,,5.8 W,541 nm,65.6 % (typical),2.2 e¯ (typical),9.7 ke¯ (typical),70.7 dB (typical),39.85 dB (typical),,,,,,,,,,24.4 MP,,,,,,,,,,,,,,,,,,,,,,,,,,,,,,,,,,,,,,,,,,,
Basler,MED ace 12.3 MP 23 mono,med-ace-12-3-mp-23-mono,Basler,107818,에어리어 스캔 카메라,Basler MED ace,36개월,Sony,IMX304,Global Shutter,CMOS,4096 px × 3000 px,3.45 μm × 3.45 μm,,Mono,Visible,USB 3.0,10 bits / 12 bits,free-run / hardware trigger / software trigger,,Via USB 3.0 interface,Box,,35.8 mm x 40 mm x 30 mm,80 g,C-mount,0 °C - 50 °C,,"CE (incl. RoHS), EAC, FCC Class B, GenICam, IP30, KC, RoHS, UKCA, UL (in preparation), USB3 Vision",,,"1.1""",17.52 mm,14.13 mm × 10.35 mm,23 fps,,"USB 3.0, nominal max. 5 Gbit/s (SuperSpeed)",hardware trigger / programmable via the camera API,1,2,3 W,,,,,,,,,,,,,,,,12 MP,1,,,,,,,,,,,,,,,,,,,,,,,,,,,,,,,,,,,,,,,,,,
Basler,a2A5328-15ucBAS,a2a5328-15ucbas,Basler,108116,에어리어 스캔 카메라,Basler ace 2,36개월,Sony,IMX540,Global Shutter,CMOS,5328 px × 4608 px,2.74 μm × 2.74 μm,,Color,Visible,USB 3.0,8 bits / 10 bits / 12 bits,,M8 6-Pin receptacle,Via USB 3.0 interface,Box,IP30,42.8 mm x 29 mm x 29 mm,85 g,C-mount,-10 °C - 60 °C,,"CE (incl. RoHS), EAC, FCC, GenICam, IP30, KC, RoHS, UKCA, UL, USB3 Vision",ace 2 R,ace 2 R Basic,"1.2""",19.26 mm,14.57 mm × 12.6 mm,15 fpsCalculate individual frame rate,USB 3.0 Type Micro B receptacle,"USB 3.0, nominal max. 5 Gbit/s (SuperSpeed)",hardware trigger / programmable via the camera API,1,,3.7 W,,,,,,,,,,,,,,,,24.4 MP,,,,,,,,,,,,,,,,,,,,,,,,,,,,,,,,,,,,,,,,,,,
Basler,a2A4096-44g5mBAS,a2a4096-44g5mbas,Basler,108590,에어리어 스캔 카메라,Basler ace 2,36개월,Sony,IMX545,Global Shutter,CMOS,4096 px × 3000 px,2.74 μm × 2.74 μm,,Mono,Visible,5GigE,8 bits / 10 bits / 12 bits,,M8 6-Pin receptacle,12-24 VDC,Box,IP30,55.5 mm x 29 mm x 29 mm,100 g,C-mount,-10 °C - 50 °C,,"CE (incl. RoHS), EAC, FCC, GenICam, GigE Vision 2.0, IP30, KC, RoHS, UKCA, UL",ace 2 R,ace 2 R Basic,"1/1.1""",13.91 mm,11.22 mm × 8.22 mm,44 fpsCalculate individual frame rate,RJ45 receptacle (GigE),"Fast Ethernet (100 Mbit/s), Gigabit Ethernet (1000 Mbit/s), 2.5 Gigabit Ethernet (2500 Mbit/s), 5 Gigabit Ethernet (5000 Mbit/s)",hardware trigger / programmable via the camera API,1,2,5.5 W,541 nm,66.6 % (typical),2.5 e¯ (typical),9.8 ke¯ (typical),69.9 dB (typical),40 dB (typical),,,,,,,,,,12.3 MP,,,,,,,,,,,,,,,,,,,,,,,,,,,,,,,,,,,,,,,,,,,
Basler,a2A2600-20gcBAS,a2a2600-20gcbas,Basler,108367,에어리어 스캔 카메라,Basler ace 2,36개월,Gpixel,GMAX2505,Global Shutter,CMOS,2600 px × 2160 px,2.5 μm × 2.5 μm,,Color,Visible,GigE,8 bits / 10 bits / 12 bits,,M8 6-Pin receptacle,PoE or 12-24 VDC,Box,IP30,55.5 mm x 29 mm x 29 mm,100 g,C-mount,-10 °C - 60 °C,,"CE (incl. RoHS), EAC, FCC, GenICam, GigE Vision 2.0, IP30, KC, RoHS, UKCA, UL",ace 2 R,ace 2 R Basic,"1/2""",8.5 mm,6.52 mm × 5.42 mm,20 fpsCalculate individual frame rate,RJ45 receptacle (GigE),"Fast Ethernet (100 Mbit/s), Gigabit Ethernet (1000 Mbit/s)",hardware trigger / programmable via the camera API,1,2,3.2 W,525 nm,,,,,,,,,,,,,,4.4 W,5.6 MP,,,,,,,,,,,,,,,,,,,,,,49.63 % (typical),,,,,,,,,,,,,,,,,,,,,
Basler,a2A4200-40ucPRO,a2a4200-40ucpro,Basler,108365,에어리어 스캔 카메라,Basler ace 2,36개월,Gpixel,GMAX2509,Global Shutter,CMOS,4200 px × 2160 px,2.5 μm × 2.5 μm,,Color,Visible,USB 3.0,8 bits / 10 bits / 12 bits,,M8 6-Pin receptacle,Via USB 3.0 interface or 12-24 VDC,Box,IP30,42.8 mm x 29 mm x 29 mm,90 g,C-mount,-10 °C - 50 °C,,"CE (incl. RoHS), EAC, FCC, GenICam, IP30, KC, RoHS, UKCA, UL, USB3 Vision",ace 2 R,ace 2 R Pro,"2/3""",11.8 mm,10.52 mm × 5.42 mm,40 fpsCalculate individual frame rate,USB 3.0 Type Micro B receptacle,"USB 3.0, nominal max. 5 Gbit/s (SuperSpeed)",hardware trigger / programmable via the camera API,1,2,3.7 W,,,,,,,,,,,,,,,,9.1 MP,,,,,,,,,,,,,,,,,,,,,,,,,,,,,,,,,,,,,,,,,,,
Basler,acA2040-120um,aca2040-120um,Basler,107206,에어리어 스캔 카메라,Basler ace,36개월,Sony,IMX252,Global Shutter,CMOS,2048 px × 1536 px,3.45 μm × 3.45 μm,,Mono,Visible,USB 3.0,10 bits / 12 bits,free-run / hardware trigger / software trigger,Hirose HR10A 6-pin plug,Via USB 3.0 interface,Box,,29.3 mm x 29 mm x 29 mm,80 g,C-mount,0 °C - 50 °C,,"CE (incl. RoHS), EAC, FCC, GenICam, IP30, KC, RoHS, UKCA, UL, USB3 Vision",ace U,ace U,"1/1.8""",8.84 mm,7.07 mm × 5.3 mm,120 fpsCalculate individual frame rate,USB 3.0 Type Micro B receptacle,"USB 3.0, nominal max. 5 Gbit/s (SuperSpeed)",hardware trigger / programmable via the camera API,1,2,3.1 W,,69 % (typical),2.3 e¯ (typical),10.5 ke¯ (typical),73.2 dB (typical),40.2 dB (typical),,,,,,,,,,3 MP,1,,,,,,,,,,,,,,,,,,,,,,,,,,,,,,,,,,,,,,,,,,
Basler,daA1920-30um (No-Mount),daa1920-30um-no-mount,Basler,106686,에어리어 스캔 카메라,Basler dart,36개월,onsemi,MT9P031,Rolling Shutter,CMOS,1920 px × 1080 px,2.2 μm × 2.2 μm,,Mono,Visible,USB 3.0,8 bits / 12 bits,free-run / hardware trigger / software trigger,,Via USB 3.0 interface,Board Level,,7.2 mm x 27 mm x 27 mm,5 g,,0 °C - 75 °C,,"CE (incl. RoHS), EAC, FCC, GenICam, KC, RoHS, UKCA, UL, USB3 Vision",dart Classic,,"1/3.7""",4.84 mm,4.22 mm × 2.38 mm,30 fps,,"USB 3.0, nominal max. 5 Gbit/s (SuperSpeed)",hardware trigger / programmable via the camera API,1,2,1.2 W,,,,,,,,,,,,,,,,,2,,,,,,,,,,,,,,,,,,,,,,,,,,,,,,,,,,,,,,,,,,
Basler,acA5472-5gm,aca5472-5gm,Basler,108861,에어리어 스캔 카메라,Basler ace,36개월,Sony,IMX183,Rolling Shutter,CMOS,5472 px × 3648 px,2.4 μm × 2.4 μm,,Mono,Visible,GigE,10 bits / 12 bits,,Hirose HR10A 6-pin plug,PoE or 12-24 VDC,Box,,42 mm x 29 mm x 29 mm,90 g,C-mount,0 °C - 50 °C,,"CE (incl. RoHS), EAC, FCC Class B, GenICam, GigE Vision, IP30, KC, RoHS, UKCA, UL",ace U,ace U,"1""",15.78 mm,13.13 mm × 8.76 mm,5 fps,RJ45 receptacle (GigE),"Fast Ethernet (100 Mbit/s), Gigabit Ethernet (1000 Mbit/s)",hardware trigger / programmable via the camera API,1,,2.6 W,,75.2 % (typical),3.1 e¯ (typical),13.8 ke¯ (typical),71.2 dB (typical),41.41 dB (typical),,,,,,,,,3.1 W,20 MP,,,,,,,,,,,,,,,,,,,,,,,,,,,,,,,,,,,,,,,,,,,
Basler,a2A1280-125umSWIR,a2a1280-125umswir,Basler,108808,에어리어 스캔 카메라,Basler ace 2,36개월,Sony,IMX990,Global Shutter,InGaAs,1280 px × 1024 px,5 μm × 5 μm,,Mono,Visible + SWIR,USB 3.0,8 bits / 10 bits / 12 bits,free-run / hardware trigger / software trigger,M8 6-Pin receptacle,Via USB 3.0 interface or 12-24 VDC,Box,IP30,42.8 mm x 29 mm x 29 mm,85 g,C-mount,-10 °C - 50 °C,,"CE (incl. RoHS), EAC, FCC, GenICam, IP30, KC, RoHS, UKCA, UL, USB3 Vision",ace 2 X,ace 2 X visSWIR,"1/2""",,6.4 mm × 5.1 mm,125 fpsCalculate individual frame rate,USB 3.0 Type Micro B receptacle,"USB 3.0, nominal max. 5 Gbit/s (SuperSpeed)",hardware trigger / programmable via the camera API,1,2,,,,,,,,,,,,,,,,,1.3 MP,,,,,,,,,,,,,,,,,,,,,,,,,,,,,,,,,,,,,,,,,,,
Basler,acA5472-17um,aca5472-17um,Basler,109709,에어리어 스캔 카메라,Basler ace,36개월,Sony,IMX183,Rolling Shutter,CMOS,5472 px × 3648 px,2.4 μm × 2.4 μm,,Mono,Visible,USB 3.0,10 bits / 12 bits,,Hirose HR10A 6-pin plug,Via USB 3.0 interface,Box,,29.3 mm x 29 mm x 29 mm,80 g,C-mount,0 °C - 50 °C,,"CE (incl. RoHS), EAC, FCC Class B, GenICam, IP30, KC, RoHS, UKCA, UL, USB3 Vision",ace U,ace U,"1""",15.78 mm,13.13 mm × 8.76 mm,17 fpsCalculate individual frame rate,USB 3.0 Type Micro B receptacle,"USB 3.0, nominal max. 5 Gbit/s (SuperSpeed)",hardware trigger / programmable via the camera API,1,,2.9 W,,75.6 % (typical),3 e¯ (typical),14.8 ke¯ (typical),71.8 dB (typical),41.7 dB (typical),,,,,,,,,,20 MP,,,,,,,,,,,,,,,,,,,,,,,,,,,,,,,,,,,,,,,,,,,
Basler,boA4112-68cm,boa4112-68cm,Basler,107801,에어리어 스캔 카메라,Basler boost,36개월,Sony,IMX253,Global Shutter,CMOS,4096 px × 3000 px,3.45 μm × 3.45 μm,,Mono,Visible,CoaXPress (CXP-12),,free-run / hardware trigger / software trigger,,PoCXP or 24 VDC,Box,,45 mm x 80 mm x 80 mm,480 g,C-mount / F-mount / M42 x 0.75 / M42 x 1,0 °C - 50 °C,,"CE (incl. RoHS), CoaXPress 2.0, EAC, GenICam, KC, RoHS, UL",boost R,,"1.1""",17.46 mm,14.1 mm × 10.3 mm,68 fpsCalculate individual frame rate,,CoaXPress (2.5–12.5 Gbps),hardware trigger / programmable via the camera API,1,2,8.4 W,,61.5 % (typical),2.2 e¯ (typical),10.5 ke¯ (typical),71.3 dB (typical),40.2 dB (typical),,,,,,,,,,12 MP,,,,,,,,,,,,,,,,,,,,,,,,,,,,,,,,,,,,,,,,,,,
Basler,acA1920-50gc,aca1920-50gc,Basler,106878,에어리어 스캔 카메라,Basler ace,36개월,Sony,IMX174,Global Shutter,CMOS,1920 px × 1200 px,5.86 μm × 5.86 μm,,Color,Visible,GigE,10 bits / 12 bits,,Hirose HR10A 6-pin plug,PoE or 12-24 VDC,Box,,42 mm x 29 mm x 29 mm,90 g,C-mount,0 °C - 50 °C,,"CE (incl. RoHS), EAC, FCC, GenICam, GigE Vision, IEEE 802.3af (PoE), IP30, KC, RoHS, UKCA, UL",ace U,ace U,"1/1.2""",13.39 mm,11.33 mm × 7.13 mm,50 fpsCalculate individual frame rate,RJ45 receptacle (GigE),"Fast Ethernet (100 Mbit/s), Gigabit Ethernet (1000 Mbit/s)",hardware trigger / programmable via the camera API,1,,2.8 W,,,,,,,,,,,,,,,3 W,2.3 MP,,,,,,,,,,,,,,,,,,,,,,,,,,,,,,,,,,,,,,,,,,,
Basler,acA1300-60gmNIR (CS-Mount),aca1300-60gmnir-cs-mount,Basler,106585,에어리어 스캔 카메라,Basler ace,36개월,e2v,EV76C661,Global & Rolling Shutter,CMOS,1280 px × 1024 px,5.3 μm × 5.3 μm,,Mono,Visible + NIR,GigE,12 bits,Ethernet connection / free-run / hardware trigger,Hirose HR10A 6-pin plug,PoE or 12 VDC,Box,,42 mm x 29 mm x 29 mm,90 g,CS-mount,0 °C - 50 °C,,"CE (incl. RoHS), EAC, FCC, GenICam, GigE Vision, IEEE 802.3af (PoE), IP30, KC, RoHS, UKCA, UL",ace Classic,ace Classic,"1/1.8""",8.68 mm,6.8 mm × 5.4 mm,60 fps,RJ45 receptacle (GigE),"Fast Ethernet (100 Mbit/s), Gigabit Ethernet (1000 Mbit/s)",programmable via the camera API,1,,2 W,,59 % (typical),23.2 e¯ (typical),7.4 ke¯ (typical),50.1 dB (typical),38.7 dB (typical),,,,,,,,,2.6 W,1.3 MP,1,,,,,,,,,,,,,,,,,,,,,,,,,,,,,,,,,,,,,,,,,,
Basler,acA5472-17uc,aca5472-17uc,Basler,109710,에어리어 스캔 카메라,Basler ace,36개월,Sony,IMX183,Rolling Shutter,CMOS,5472 px × 3648 px,2.4 μm × 2.4 μm,,Color,Visible,USB 3.0,10 bits / 12 bits,,Hirose HR10A 6-pin plug,Via USB 3.0 interface,Box,,29.3 mm x 29 mm x 29 mm,80 g,C-mount,0 °C - 50 °C,,"CE (incl. RoHS), EAC, FCC Class B, GenICam, IP30, KC, RoHS, UKCA, UL, USB3 Vision",ace U,ace U,"1""",15.78 mm,13.13 mm × 8.76 mm,17 fpsCalculate individual frame rate,USB 3.0 Type Micro B receptacle,"USB 3.0, nominal max. 5 Gbit/s (SuperSpeed)",hardware trigger / programmable via the camera API,1,,3.1 W,,,,,,,,,,,,,,,,20 MP,,,,,,,,,,,,,,,,,,,,,,,,,,,,,,,,,,,,,,,,,,,
Basler,a2A3840-45umBAS,a2a3840-45umbas,Basler,108014,에어리어 스캔 카메라,Basler ace 2,36개월,Sony,IMX334,Rolling Shutter,CMOS,3840 px × 2160 px,2 μm × 2 μm,,Mono,Visible,USB 3.0,8 bits / 10 bits / 12 bits,,M8 6-Pin receptacle,Via USB 3.0 interface,Box,IP30,42.8 mm x 29 mm x 29 mm,85 g,C-mount,-10 °C - 60 °C,,"CE (incl. RoHS), EAC, FCC, GenICam, IP30, KC, RoHS, UKCA, UL, USB3 Vision",ace 2 R,ace 2 R Basic,"1/1.8""",8.82 mm,7.7 mm × 4.3 mm,45 fpsCalculate individual frame rate,USB 3.0 Type Micro B receptacle,"USB 3.0, nominal max. 5 Gbit/s (SuperSpeed)",hardware trigger / programmable via the camera API,1,2,2.5 W,541 nm,72.2 % (typical),1.96 e¯ (typical),7.3 ke¯ (typical),69 dB (typical),38.8 dB (typical),,,,,,,,,,8.3 MP,,,,,,,,,,,,,,,,,,,,,,,,,,,,,,,,,,,,,,,,,,,
Basler,a2A2600-64umBAS,a2a2600-64umbas,Basler,108370,에어리어 스캔 카메라,Basler ace 2,36개월,Gpixel,GMAX2505,Global Shutter,CMOS,2600 px × 2160 px,2.5 μm × 2.5 μm,,Mono,Visible,USB 3.0,8 bits / 10 bits / 12 bits,,M8 6-Pin receptacle,Via USB 3.0 interface,Box,IP30,42.8 mm x 29 mm x 29 mm,85 g,C-mount,-10 °C - 60 °C,,"CE (incl. RoHS), EAC, FCC, GenICam, IP30, KC, RoHS, UKCA, UL, USB3 Vision",ace 2 R,ace 2 R Basic,"1/2""",8.5 mm,6.52 mm × 5.42 mm,64 fpsCalculate individual frame rate,USB 3.0 Type Micro B receptacle,"USB 3.0, nominal max. 5 Gbit/s (SuperSpeed)",hardware trigger / programmable via the camera API,1,2,2.7 W,541 nm,53.6 % (typical),0.76 e¯ (typical),4.6 ke¯ (typical),70.8 dB (typical),36.66 dB (typical),,,,,,,,,,5.6 MP,,,,,,,,,,,,,,,,,,,,,,,,,,,,,,,,,,,,,,,,,,,
Basler,acA640-750um,aca640-750um,Basler,106748,에어리어 스캔 카메라,Basler ace,36개월,onsemi,PYTHON 300,Global Shutter,CMOS,640 px × 480 px,4.8 μm × 4.8 μm,,Mono,Visible,USB 3.0,10 bits,,Hirose HR10A 6-pin plug,Via USB 3.0 interface,Box,,29.3 mm x 29 mm x 29 mm,80 g,C-mount,0 °C - 50 °C,,"CE (incl. RoHS), EAC, FCC, GenICam, IP30, KC, RoHS, UKCA, UL, USB3 Vision",ace U,ace U,"1/4""",3.84 mm,3.07 mm × 2.3 mm,751 fpsCalculate individual frame rate,USB 3.0 Type Micro B receptacle,"USB 3.0, nominal max. 5 Gbit/s (SuperSpeed)",hardware trigger / programmable via the camera API,1,,3 W,,52 % (typical),10.5 e¯ (typical),7.1 ke¯ (typical),56.5 dB (typical),38.5 dB (typical),,,,,,,,,,VGA,,,,,,,,,,,,,,,,,,,,,,,,,,,,,,,,,,,,,,,,,,,
Basler,a2A5328-4gcBAS,a2a5328-4gcbas,Basler,108118,에어리어 스캔 카메라,Basler ace 2,36개월,Sony,IMX540,Global Shutter,CMOS,5328 px × 4608 px,2.74 μm × 2.74 μm,,Color,Visible,GigE,8 bits / 10 bits / 12 bits,,M8 6-Pin receptacle,PoE or 12-24 VDC,Box,IP30,55.5 mm x 29 mm x 29 mm,100 g,C-mount,-10 °C - 60 °C,,"CE (incl. RoHS), EAC, FCC, GenICam, GigE Vision 2.0, IP30, KC, RoHS, UKCA, UL",ace 2 R,ace 2 R Basic,"1.2""",19.26 mm,14.57 mm × 12.6 mm,4 fpsCalculate individual frame rate,RJ45 receptacle (GigE),"Fast Ethernet (100 Mbit/s), Gigabit Ethernet (1000 Mbit/s)",hardware trigger / programmable via the camera API,1,,3 W,,,,,,,,,,,,,,,,24.4 MP,,,,,,,,,,,,,,,,,,,,,,,,,,,,,,,,,,,,,,,,,,,
Basler,a2A2840-14gmBAS,a2a2840-14gmbas,Basler,108414,에어리어 스캔 카메라,Basler ace 2,36개월,Sony,IMX546,Global Shutter,CMOS,2840 px × 2840 px,2.74 μm × 2.74 μm,,Mono,Visible,GigE,8 bits / 10 bits / 12 bits,,M8 6-Pin receptacle,PoE or 12-24 VDC,Box,IP30,55.5 mm x 29 mm x 29 mm,100 g,C-mount,-10 °C - 60 °C,,"CE (incl. RoHS), EAC, FCC, GenICam, GigE Vision 2.0, IP30, KC, RoHS, UKCA, UL",ace 2 R,ace 2 R Basic,"2/3""",11 mm,7.78 mm × 7.78 mm,14 fpsCalculate individual frame rate,RJ45 receptacle (GigE),"Fast Ethernet (100 Mbit/s), Gigabit Ethernet (1000 Mbit/s)",hardware trigger / programmable via the camera API,1,2,2.8 W,541 nm,65.7 % (typical),2.4 e¯ (typical),9.6 ke¯ (typical),70 dB (typical),39.8 dB (typical),,,,,,,,,,8 MP,,,,,,,,,,,,,,,,,,,,,,,,,,,,,,,,,,,,,,,,,,,
Basler,acA1920-25gm,aca1920-25gm,Basler,106493,에어리어 스캔 카메라,Basler ace,36개월,onsemi,MT9P031,Rolling Shutter,CMOS,1920 px × 1080 px,2.2 μm × 2.2 μm,,Mono,Visible,GigE,12 bits,Ethernet connection / free-run / hardware trigger,Hirose HR10A 6-pin plug,PoE or 12 VDC,Box,,42 mm x 29 mm x 29 mm,90 g,C-mount,0 °C - 50 °C,,"CE (incl. RoHS), EAC, FCC, GenICam, GigE Vision, IEEE 802.3af (PoE), IP30, KC, RoHS, UKCA, UL",ace Classic,ace Classic,"1/3.7""",4.84 mm,4.22 mm × 2.38 mm,25 fps,RJ45 receptacle (GigE),"Fast Ethernet (100 Mbit/s), Gigabit Ethernet (1000 Mbit/s)",hardware trigger / programmable via the camera API,1,,2.2 W,,57.21 % (typical),6.4 e¯ (typical),6.7 ke¯ (typical),60.3 dB (typical),38.3 dB (typical),,,,,,,,,2.7 W,2 MP,1,,,,,,,,,,,,,,,,,,,,,,,,,,,,,,,,,,,,,,,,,,
Basler,a2A2448-75umPRO,a2a2448-75umpro,Basler,108428,에어리어 스캔 카메라,Basler ace 2,36개월,Sony,IMX547,Global Shutter,CMOS,2448 px × 2048 px,2.74 μm × 2.74 μm,,Mono,Visible,USB 3.0,8 bits / 10 bits / 12 bits,,M8 6-Pin receptacle,Via USB 3.0 interface or 12-24 VDC,Box,IP30,42.8 mm x 29 mm x 29 mm,90 g,C-mount,-10 °C - 50 °C,,"CE (incl. RoHS), EAC, FCC, GenICam, IP30, KC, RoHS, UKCA, UL, USB3 Vision",ace 2 R,ace 2 R Pro,"1/1.8""",8.75 mm,6.71 mm × 5.61 mm,75 fpsCalculate individual frame rate,USB 3.0 Type Micro B receptacle,"USB 3.0, nominal max. 5 Gbit/s (SuperSpeed)",hardware trigger / programmable via the camera API,1,2,3.1 W,541 nm,65.7 % (typical),2.4 e¯ (typical),9.7 ke¯ (typical),70.1 dB (typical),39.9 dB (typical),,,,,,,,,,5 MP,,,,,,,,,,,,,,,,,,,,,,,,,,,,,,,,,,,,,,,,,,,
Basler,acA2000-340km,aca2000-340km,Basler,105702,에어리어 스캔 카메라,Basler ace,36개월,ams,CMV2000,Global Shutter,CMOS,2048 px × 1088 px,5.5 μm × 5.5 μm,,Mono,Visible,Camera Link,10 bits / 12 bits,free-run / hardware trigger / software trigger,Binder M5 4-pin receptacle,PoCL or 12 VDC,Box,,43.5 mm x 29 mm x 29 mm,100 g,C-mount,0 °C - 50 °C,,"Camera Link, CE (incl. RoHS), EAC, FCC, GenICam, IP30, KC, RoHS, UKCA",ace Classic,ace Classic,"2/3""",12.75 mm,11.26 mm × 5.98 mm,340 fps,SDR 26-Pin receptacle (CL),,trigger width or timed,,1,3 W,,63 % (typical),13.9 e¯ (typical),9.3 ke¯ (typical),56.5 dB (typical),39.7 dB (typical),,,,,,,,,,2 MP,,,,,32.5 / 48 / 65 / 82,,,,,,,,,,,,,,,,,,,,,,,,,,,,,,,,,,,,,,
Basler,acA720-290gm,aca720-290gm,Basler,107650,에어리어 스캔 카메라,Basler ace,36개월,Sony,IMX287,Global Shutter,CMOS,720 px × 540 px,6.9 μm × 6.9 μm,,Mono,Visible,GigE,8 bits / 12 bits,,Hirose HR10A 6-pin plug,PoE or 12-24 VDC,Box,,42 mm x 29 mm x 29 mm,90 g,C-mount,0 °C - 50 °C,,"CE (incl. RoHS), EAC, FCC Class B, GenICam, GigE Vision, IEEE 802.3af (PoE), IP30, KC, RoHS, UKCA, UL",ace U,ace U,"1/2.9""",6.21 mm,4.97 mm × 3.73 mm,291 fpsCalculate individual frame rate,RJ45 receptacle (GigE),"Fast Ethernet (100 Mbit/s), Gigabit Ethernet (1000 Mbit/s)",hardware trigger / programmable via the camera API,1,,2.9 W,,62.7 % (typical),6.6 e¯ (typical),21 ke¯ (typical),74.2 dB (typical),43.2 dB (typical),,,,,,,,,3.2 W,VGA,,,,,,,,,,,,,,,,,,,,,,,,,,,,,,,,,,,,,,,,,,,
Basler,acA2000-165um,aca2000-165um,Basler,106539,에어리어 스캔 카메라,Basler ace,36개월,ams,CMV2000,Global Shutter,CMOS,2048 px × 1088 px,5.5 μm × 5.5 μm,,Mono,Visible,USB 3.0,10 bits / 12 bits,free-run / hardware trigger / software trigger,Hirose HR10A 6-pin plug,Via USB 3.0 interface,Box,,29.3 mm x 29 mm x 29 mm,80 g,C-mount,0 °C - 60 °C,,"CE (incl. RoHS), EAC, FCC, GenICam, IP30, KC, RoHS, UKCA, UL, USB3 Vision",ace Classic,ace Classic,"2/3""",12.75 mm,11.26 mm × 5.98 mm,165 fps,USB 3.0 Type Micro B receptacle,"USB 3.0, nominal max. 5 Gbit/s (SuperSpeed)",hardware trigger / programmable via the camera API,1,2,3.2 W,,63 % (typical),13.9 e¯ (typical),9.3 ke¯ (typical),56.5 dB (typical),39.7 dB (typical),,,,,,,,,,2 MP,1,,,,,,,,,,,,,,,,,,,,,,,,,,,,,,,,,,,,,,,,,,
Basler,acA1920-25um,aca1920-25um,Basler,106228,에어리어 스캔 카메라,Basler ace,36개월,onsemi,MT9P031,Rolling Shutter,CMOS,1920 px × 1080 px,2.2 μm × 2.2 μm,,Mono,Visible,USB 3.0,12 bits,free-run / hardware trigger / software trigger,Hirose HR10A 6-pin plug,Via USB 3.0 interface,Box,,29.3 mm x 29 mm x 29 mm,80 g,C-mount,0 °C - 50 °C,,"CE (incl. RoHS), EAC, FCC, GenICam, IP30, KC, RoHS, UKCA, UL, USB3 Vision",ace Classic,ace Classic,"1/3.7""",4.84 mm,4.22 mm × 2.38 mm,26 fps,USB 3.0 Type Micro B receptacle,"USB 3.0, nominal max. 5 Gbit/s (SuperSpeed)",hardware trigger / programmable via the camera API,1,2,2.2 W,,56 % (typical),6.4 e¯ (typical),6.7 ke¯ (typical),60.3 dB (typical),38.3 dB (typical),,,,,,,,,,2 MP,1,,,,,,,,,,,,,,,,,,,,,,,,,,,,,,,,,,,,,,,,,,
Basler,acA1920-40um,aca1920-40um,Basler,106909,에어리어 스캔 카메라,Basler ace,36개월,Sony,IMX249,Global Shutter,CMOS,1920 px × 1200 px,5.86 μm × 5.86 μm,,Mono,Visible,USB 3.0,10 bits / 12 bits,,Hirose HR10A 6-pin plug,Via USB 3.0 interface,Box,,29.3 mm x 29 mm x 29 mm,80 g,C-mount,0 °C - 50 °C,,"CE (incl. RoHS), EAC, FCC, GenICam, IP30, KC, RoHS, UKCA, UL, USB3 Vision",ace U,ace U,"1/1.2""",13.39 mm,11.33 mm × 7.13 mm,41 fpsCalculate individual frame rate,USB 3.0 Type Micro B receptacle,"USB 3.0, nominal max. 5 Gbit/s (SuperSpeed)",hardware trigger / programmable via the camera API,1,,2.5 W,,70 % (typical),6.9 e¯ (typical),32.8 ke¯ (typical),73.6 dB (typical),45.2 dB (typical),,,,,,,,,,2.3 MP,,,,,,,,,,,,,,,,,,,,,,,,,,,,,,,,,,,,,,,,,,,
Basler,boA9344-70cc,boa9344-70cc,Basler,2200001213,에어리어 스캔 카메라,Basler boost,36개월,Gpixel,GMAX3265,Global Shutter,CMOS,9344 px × 7000 px,3.2 μm × 3.2 μm,,Color,Visible,CoaXPress (CXP-12),8 bits / 10 bits,hardware trigger / software trigger,,PoCXP or 24 VDC,Box,,71 mm x 65 mm x 65 mm,,,max 50 °C,,"CE (incl. RoHS), CoaXPress 2.0, FCC, GenICam, KC, RoHS, UKCA",boost V,,"2.3""",37.4 mm,29.9 mm × 22.4 mm,70 fpsCalculate individual frame rate,,CoaXPress (2.5–12.5 Gbps),,,1,14 W,,,,,,,,,,,,,,,,65 MP,1,,,,,,,,,,,,,,,,,,,,,,,,,,,,,,,,,,,,,,,,,,
Basler,a2A1920-165g5cBAS,a2a1920-165g5cbas,Basler,108909,에어리어 스캔 카메라,Basler ace 2,36개월,Sony,IMX392,Global Shutter,CMOS,1920 px × 1200 px,3.45 μm × 3.45 μm,,Color,Visible,5GigE,8 bits / 10 bits / 12 bits,,M8 6-Pin receptacle,,Box,IP30,55.5 mm x 29 mm x 29 mm,100 g,C-mount,-10 °C - 50 °C,,"CE (incl. RoHS), EAC, FCC, GenICam, GigE Vision 2.0, IP30, KC, RoHS, UKCA, UL",ace 2 R,ace 2 R Basic,"1/2.3""",7.77 mm,6.6 mm × 4.1 mm,168 fpsCalculate individual frame rate,RJ45 receptacle (GigE),"Fast Ethernet (100 Mbit/s), Gigabit Ethernet (1000 Mbit/s), 2.5 Gigabit Ethernet (2500 Mbit/s), 5 Gigabit Ethernet (5000 Mbit/s)",hardware trigger / programmable via the camera API,1,2,5.9 W,,,,,,,,,,,,,,,,2.3 MP,,,,,,,,,,,,,,,,,,,,,,,,,,,,,,,,,,,,,,,,,,,
Basler,daA720-520um (CS-Mount),daa720-520um-cs-mount,Basler,108724,에어리어 스캔 카메라,Basler dart,36개월,Sony,IMX287,Global Shutter,CMOS,720 px × 540 px,6.9 μm × 6.9 μm,,Mono,Visible,USB 3.0,8 bits / 12 bits,,,,Board Level,,19.9 mm x 29.3 mm x 29 mm,15 g,,0 °C - 50 °C,,"CE (incl. RoHS), EAC, GenICam, KC, RoHS, UKCA, UL, USB3 Vision",dart R,,"1/2.9""",,4.97 mm × 3.73 mm,523 fpsCalculate individual frame rate,,"USB 3.0, nominal max. 5 Gbit/s (SuperSpeed)",,0,4,,,,,21.2 ke¯ (typical),73.9 dB (typical),43 dB (typical),,,,,,,,,,,0,,,,,,,,,,,,,,,,,,,,,,,,,,,,,,,,,,,,,,,,,,
Basler,acA1920-50gm,aca1920-50gm,Basler,107759,에어리어 스캔 카메라,Basler ace,36개월,Sony,IMX174,Global Shutter,CMOS,1920 px × 1200 px,5.86 μm × 5.86 μm,,Mono,Visible,GigE,10 bits / 12 bits,,Hirose HR10A 6-pin plug,PoE or 12-24 VDC,Box,,42 mm x 29 mm x 29 mm,90 g,C-mount,0 °C - 50 °C,,"CE (incl. RoHS), EAC, FCC, GenICam, GigE Vision, IEEE 802.3af (PoE), IP30, KC, RoHS, UKCA, UL",ace U,ace U,"1/1.2""",13.39 mm,11.33 mm × 7.13 mm,50 fpsCalculate individual frame rate,RJ45 receptacle (GigE),"Fast Ethernet (100 Mbit/s), Gigabit Ethernet (1000 Mbit/s)",hardware trigger / programmable via the camera API,1,,2.8 W,,70 % (typical),6.7 e¯ (typical),31.8 ke¯ (typical),73.5 dB (typical),45 dB (typical),,,,,,,,,3 W,2.3 MP,,,,,,,,,,,,,,,,,,,,,,,,,,,,,,,,,,,,,,,,,,,
Basler,a2A4096-30ucBAS,a2a4096-30ucbas,Basler,108409,에어리어 스캔 카메라,Basler ace 2,36개월,Sony,IMX545,Global Shutter,CMOS,4096 px × 3000 px,2.74 μm × 2.74 μm,,Color,Visible,USB 3.0,8 bits / 10 bits / 12 bits,,M8 6-Pin receptacle,Via USB 3.0 interface,Box,IP30,42.8 mm x 29 mm x 29 mm,85 g,C-mount,-10 °C - 60 °C,,"CE (incl. RoHS), EAC, FCC, GenICam, IP30, KC, RoHS, UKCA, UL, USB3 Vision",ace 2 R,ace 2 R Basic,"1/1.1""",13.91 mm,11.22 mm × 8.22 mm,30 fpsCalculate individual frame rate,USB 3.0 Type Micro B receptacle,"USB 3.0, nominal max. 5 Gbit/s (SuperSpeed)",hardware trigger / programmable via the camera API,1,2,3.2 W,525 nm,,2.49 e¯ (typical),12.4 ke¯ (typical),72.1 dB (typical),40.94 dB (typical),,,,,,,,,,12.3 MP,,,,,,,,,,,,,,,,,,,,,,52.89 % (typical),,,,,,,,,,,,,,,,,,,,,
Basler,a2A2840-48umBAS,a2a2840-48umbas,Basler,108412,에어리어 스캔 카메라,Basler ace 2,36개월,Sony,IMX546,Global Shutter,CMOS,2840 px × 2840 px,2.74 μm × 2.74 μm,,Mono,Visible,USB 3.0,8 bits / 10 bits / 12 bits,,M8 6-Pin receptacle,Via USB 3.0 interface,Box,IP30,42.8 mm x 29 mm x 29 mm,85 g,C-mount,-10 °C - 60 °C,,"CE (incl. RoHS), EAC, FCC, GenICam, IP30, KC, RoHS, UKCA, UL, USB3 Vision",ace 2 R,ace 2 R Basic,"2/3""",11 mm,7.78 mm × 7.78 mm,48 fpsCalculate individual frame rate,USB 3.0 Type Micro B receptacle,"USB 3.0, nominal max. 5 Gbit/s (SuperSpeed)",hardware trigger / programmable via the camera API,1,2,2.9 W,541 nm,65.9 % (typical),2.4 e¯ (typical),9.8 ke¯ (typical),70.1 dB (typical),39.9 dB (typical),,,,,,,,,,8 MP,,,,,,,,,,,,,,,,,,,,,,,,,,,,,,,,,,,,,,,,,,,
Basler,a2A2448-75umBAS,a2a2448-75umbas,Basler,109560,에어리어 스캔 카메라,Basler ace 2,36개월,Sony,IMX547,Global Shutter,CMOS,2448 px × 2048 px,2.74 μm × 2.74 μm,,Mono,Visible,USB 3.0,8 bits / 10 bits / 12 bits,,M8 6-Pin receptacle,Via USB 3.0 interface,Box,IP30,42.8 mm x 29 mm x 29 mm,85 g,C-mount,-10 °C - 60 °C,,"CE (incl. RoHS), EAC, FCC, GenICam, IP30, KC, RoHS, UKCA, UL, USB3 Vision",ace 2 R,ace 2 R Basic,"1/1.8""",8.75 mm,6.71 mm × 5.61 mm,75 fpsCalculate individual frame rate,USB 3.0 Type Micro B receptacle,"USB 3.0, nominal max. 5 Gbit/s (SuperSpeed)",hardware trigger / programmable via the camera API,1,2,2.8 W,541 nm,65.7 % (typical),2.4 e¯ (typical),9.8 ke¯ (typical),70 dB (typical),39.9 dB (typical),,,,,,,,,,5 MP,,,,,,,,,,,,,,,,,,,,,,,,,,,,,,,,,,,,,,,,,,,
Basler,a2A2600-20gmPRO,a2a2600-20gmpro,Basler,108368,에어리어 스캔 카메라,Basler ace 2,36개월,Gpixel,GMAX2505,Global Shutter,CMOS,2600 px × 2160 px,2.5 μm × 2.5 μm,,Mono,Visible,GigE,8 bits / 10 bits / 12 bits,,M8 6-Pin receptacle,PoE or 12-24 VDC,Box,IP30,55.5 mm x 29 mm x 29 mm,100 g,C-mount,-10 °C - 50 °C,,"CE (incl. RoHS), EAC, FCC, GenICam, GigE Vision 2.0, IP30, KC, RoHS, UKCA, UL",ace 2 R,ace 2 R Pro,"1/2""",8.5 mm,6.52 mm × 5.42 mm,20 fpsCalculate individual frame rate,RJ45 receptacle (GigE),"Fast Ethernet (100 Mbit/s), Gigabit Ethernet (1000 Mbit/s)",hardware trigger / programmable via the camera API,1,2,3.2 W,541 nm,54.4 % (typical),1 e¯ (typical),4.7 ke¯ (typical),70 dB (typical),36.8 dB (typical),,,,,,,,,4.2 W,5.6 MP,,,,,,,,,,,,,,,,,,,,,,,,,,,,,,,,,,,,,,,,,,,
Basler,a2A1920-160umBAS,a2a1920-160umbas,Basler,109558,에어리어 스캔 카메라,Basler ace 2,36개월,Sony,IMX392,Global Shutter,CMOS,1920 px × 1200 px,3.45 μm × 3.45 μm,,Mono,Visible,USB 3.0,8 bits / 10 bits / 12 bits,,M8 6-Pin receptacle,Via USB 3.0 interface,Box,IP30,42.8 mm x 29 mm x 29 mm,85 g,C-mount,-10 °C - 60 °C,,"CE (incl. RoHS), EAC, FCC, GenICam, IP30, KC, RoHS, UKCA, UL, USB3 Vision",ace 2 R,ace 2 R Basic,"1/2.3""",7.77 mm,6.6 mm × 4.1 mm,160 fpsCalculate individual frame rate,USB 3.0 Type Micro B receptacle,"USB 3.0, nominal max. 5 Gbit/s (SuperSpeed)",hardware trigger / programmable via the camera API,1,2,2.8 W,541 nm,62.2 % (typical),2.5 e¯ (typical),10.5 ke¯ (typical),71.7 dB (typical),40.21 dB (typical),,,,,,,,,,2.3 MP,,,,,,,,,,,,,,,,,,,,,,,,,,,,,,,,,,,,,,,,,,,
Basler,a2A4504-5gmBAS,a2a4504-5gmbas,Basler,108163,에어리어 스캔 카메라,Basler ace 2,36개월,Sony,IMX541,Global Shutter,CMOS,4504 px × 4504 px,2.74 μm × 2.74 μm,,Mono,Visible,GigE,8 bits / 10 bits / 12 bits,,M8 6-Pin receptacle,PoE or 12-24 VDC,Box,IP30,55.5 mm x 29 mm x 29 mm,100 g,C-mount,-10 °C - 60 °C,,"CE (incl. RoHS), EAC, FCC, GenICam, GigE Vision 2.0, IP30, KC, RoHS, UKCA, UL",ace 2 R,ace 2 R Basic,"1.1""",17.45 mm,12.34 mm × 12.34 mm,5 fpsCalculate individual frame rate,RJ45 receptacle (GigE),"Fast Ethernet (100 Mbit/s), Gigabit Ethernet (1000 Mbit/s)",hardware trigger / programmable via the camera API,1,2,3.1 W,541 nm,66.2 % (typical),2.2 e¯ (typical),9.7 ke¯ (typical),70.9 dB (typical),39.87 dB (typical),,,,,,,,,,20.2 MP,,,,,,,,,,,,,,,,,,,,,,,,,,,,,,,,,,,,,,,,,,,
Basler,acA2500-14gm,aca2500-14gm,Basler,106612,에어리어 스캔 카메라,Basler ace,36개월,onsemi,MT9P031,Rolling Shutter,CMOS,2592 px × 1944 px,2.2 μm × 2.2 μm,,Mono,Visible,GigE,12 bits,Ethernet connection / free-run / hardware trigger,Hirose HR10A 6-pin plug,PoE or 12 VDC,Box,,42 mm x 29 mm x 29 mm,90 g,C-mount,0 °C - 50 °C,,"CE (incl. RoHS), EAC, FCC, GenICam, GigE Vision, IEEE 802.3af (PoE), IP30, KC, RoHS, UKCA, UL",ace Classic,ace Classic,"1/2.5""",7.13 mm,5.7 mm × 4.28 mm,14 fps,RJ45 receptacle (GigE),"Fast Ethernet (100 Mbit/s), Gigabit Ethernet (1000 Mbit/s)",hardware trigger / programmable via the camera API,1,,2.2 W,,57.21 % (typical),6.4 e¯ (typical),6.7 ke¯ (typical),60.3 dB (typical),38.3 dB (typical),,,,,,,,,2.7 W,5 MP,1,,,,,,,,,,,,,,,,,,,,,,,,,,,,,,,,,,,,,,,,,,
Basler,daA1920-160uc (No-Mount),daa1920-160uc-no-mount,Basler,108232,에어리어 스캔 카메라,Basler dart,36개월,Sony,IMX392,Global Shutter,CMOS,1920 px × 1200 px,3.45 μm × 3.45 μm,,Color,Visible,USB 3.0,8 bits / 12 bits,free-run / hardware trigger / software trigger,,Via USB 3.0 interface,Board Level,,8 mm x 27 mm x 27 mm,5 g,,0 °C - 75 °C,,"CE (incl. RoHS), EAC, FCC, GenICam, KC, RoHS, UKCA, UL, USB3 Vision",dart R,,"1/2.3""",7.82 mm,6.6 mm × 4.1 mm,160 fpsCalculate individual frame rate,,"USB 3.0, nominal max. 5 Gbit/s (SuperSpeed)",hardware trigger / programmable via the camera API,0,4,2 W,,,,,,,,,,,,,,,,,0,,,,,,,,,,,,,,,,,,,,In-camera,,,,,,,,,,,,,,,,,,,,,,
Basler,a2A2448-75ucBAS,a2a2448-75ucbas,Basler,109561,에어리어 스캔 카메라,Basler ace 2,36개월,Sony,IMX547,Global Shutter,CMOS,2448 px × 2048 px,2.74 μm × 2.74 μm,,Color,Visible,USB 3.0,8 bits / 10 bits / 12 bits,,M8 6-Pin receptacle,Via USB 3.0 interface,Box,IP30,42.8 mm x 29 mm x 29 mm,85 g,C-mount,-10 °C - 60 °C,,"CE (incl. RoHS), EAC, FCC, GenICam, IP30, KC, RoHS, UKCA, UL, USB3 Vision",ace 2 R,ace 2 R Basic,"1/1.8""",8.75 mm,6.71 mm × 5.61 mm,75 fpsCalculate individual frame rate,USB 3.0 Type Micro B receptacle,"USB 3.0, nominal max. 5 Gbit/s (SuperSpeed)",hardware trigger / programmable via the camera API,1,2,3.1 W,,,,,,,,,,,,,,,,5 MP,,,,,,,,,,,,,,,,,,,,,,,,,,,,,,,,,,,,,,,,,,,
Basler,daA1280-54um (CS-Mount),daa1280-54um-cs-mount,Basler,106681,에어리어 스캔 카메라,Basler dart,36개월,onsemi,AR0134,Global Shutter,CMOS,1280 px × 960 px,3.75 μm × 3.75 μm,,Mono,Visible,USB 3.0,8 bits / 12 bits,free-run / hardware trigger / software trigger,,Via USB 3.0 interface,Board Level,,19.2 mm x 29.3 mm x 29 mm,15 g,,0 °C - 50 °C,,"CE (incl. RoHS), EAC, FCC, GenICam, KC, RoHS, UKCA, UL, USB3 Vision",dart Classic,,"1/3""",6 mm,4.8 mm × 3.6 mm,54 fps,,"USB 3.0, nominal max. 5 Gbit/s (SuperSpeed)",programmable via the camera API,1,2,1.2 W,,,,,,,,,,,,,,,,,2,,,,,,,,,,,,,,,,,,,,,,,,,,,,,,,,,,,,,,,,,,
Basler,acA1920-155uc,aca1920-155uc,Basler,106880,에어리어 스캔 카메라,Basler ace,36개월,Sony,IMX174,Global Shutter,CMOS,1920 px × 1200 px,5.86 μm × 5.86 μm,,Color,Visible,USB 3.0,10 bits / 12 bits,,Hirose HR10A 6-pin plug,Via USB 3.0 interface,Box,,29.3 mm x 29 mm x 29 mm,80 g,C-mount,0 °C - 50 °C,,"CE (incl. RoHS), EAC, FCC, GenICam, IP30, KC, RoHS, UKCA, UL, USB3 Vision",ace U,ace U,"1/1.2""",13.39 mm,11.33 mm × 7.13 mm,164 fpsCalculate individual frame rate,USB 3.0 Type Micro B receptacle,"USB 3.0, nominal max. 5 Gbit/s (SuperSpeed)",hardware trigger / programmable via the camera API,1,,3.4 W,,,,,,,,,,,,,,,,2.3 MP,,,,,,,,,,,,,,,,,,,,,,,,,,,,,,,,,,,,,,,,,,,
Basler,MED ace 5.1 MP 35 color,med-ace-5-1-mp-35-color,Basler,107612,에어리어 스캔 카메라,Basler MED ace,36개월,Sony,IMX264,Global Shutter,CMOS,2448 px × 2048 px,3.45 μm × 3.45 μm,,Color,Visible,USB 3.0,10 bits / 12 bits,free-run / hardware trigger / software trigger,,Via USB 3.0 interface,Box,,29.3 mm x 29 mm x 29 mm,80 g,C-mount,0 °C - 50 °C,,"CE (incl. RoHS), EAC, FCC Class B, GenICam, IP30, KC, RoHS, UKCA, UL, USB3 Vision",,,"2/3""",11.02 mm,8.45 mm × 7.07 mm,35 fps,,"USB 3.0, nominal max. 5 Gbit/s (SuperSpeed)",hardware trigger / programmable via the camera API,1,2,2.7 W,,,,,,,,,,,,,,,,5 MP,1,,,,,,,,,,,,,,,,,,,,,,,,,,,,,,,,,,,,,,,,,,
Basler,a2A2590-60umPRO,a2a2590-60umpro,Basler,108129,에어리어 스캔 카메라,Basler ace 2,36개월,Sony,IMX334ROI,Rolling Shutter,CMOS,2592 px × 1944 px,2 μm × 2 μm,,Mono,Visible,USB 3.0,8 bits / 10 bits / 12 bits,,M8 6-Pin receptacle,Via USB 3.0 interface or 12-24 VDC,Box,IP30,42.8 mm x 29 mm x 29 mm,90 g,C-mount,-10 °C - 50 °C,,"CE (incl. RoHS), EAC, FCC, GenICam, IP30, KC, RoHS, UKCA, UL, USB3 Vision",ace 2 R,ace 2 R Pro,"1/2.8""",6.5 mm,5.2 mm × 3.9 mm,60 fpsCalculate individual frame rate,USB 3.0 Type Micro B receptacle,"USB 3.0, nominal max. 5 Gbit/s (SuperSpeed)",hardware trigger / programmable via the camera API,1,2,2.7 W,541 nm,72.3 % (typical),1.96 e¯ (typical),7.4 ke¯ (typical),69.3 dB (typical),38.7 dB (typical),,,,,,,,,,5 MP,,,,,,,,,,,,,,,,,,,,,,,,,,,,,,,,,,,,,,,,,,,
Basler,a2A2590-22gmPRO,a2a2590-22gmpro,Basler,108131,에어리어 스캔 카메라,Basler ace 2,36개월,Sony,IMX334ROI,Rolling Shutter,CMOS,2592 px × 1944 px,2 μm × 2 μm,,Mono,Visible,GigE,8 bits / 10 bits / 12 bits,,M8 6-Pin receptacle,PoE or 12-24 VDC,Box,IP30,55.5 mm x 29 mm x 29 mm,105 g,C-mount,-10 °C - 50 °C,,"CE (incl. RoHS), EAC, FCC, GenICam, GigE Vision 2.0, IP30, KC, RoHS, UKCA, UL",ace 2 R,ace 2 R Pro,"1/2.8""",6.5 mm,5.2 mm × 3.9 mm,22 fpsCalculate individual frame rate,RJ45 receptacle (GigE),"Fast Ethernet (100 Mbit/s), Gigabit Ethernet (1000 Mbit/s)",hardware trigger / programmable via the camera API,1,2,2.7 W,541 nm,72.9 % (typical),1.96 e¯ (typical),7.2 ke¯ (typical),69.2 dB (typical),38.6 dB (typical),,,,,,,,,,5 MP,,,up to 60 fps,,,,,,,,,,,,,,,,,,,,,,,,,,,,,,,,,,,,,,,,
Basler,a2A2448-105g5mBAS,a2a2448-105g5mbas,Basler,108593,에어리어 스캔 카메라,Basler ace 2,36개월,Sony,IMX547,Global Shutter,CMOS,2448 px × 2048 px,2.74 μm × 2.74 μm,,Mono,Visible,5GigE,8 bits / 10 bits / 12 bits,,M8 6-Pin receptacle,12-24 VDC,Box,IP30,55.5 mm x 29 mm x 29 mm,100 g,C-mount,-10 °C - 50 °C,,"CE (incl. RoHS), EAC, FCC, GenICam, GigE Vision 2.0, IP30, KC, RoHS, UKCA, UL",ace 2 R,ace 2 R Basic,"1/1.8""",8.75 mm,6.71 mm × 5.61 mm,106 fpsCalculate individual frame rate,RJ45 receptacle (GigE),"Fast Ethernet (100 Mbit/s), Gigabit Ethernet (1000 Mbit/s), 2.5 Gigabit Ethernet (2500 Mbit/s), 5 Gigabit Ethernet (5000 Mbit/s)",hardware trigger / programmable via the camera API,1,2,5.5 W,541 nm,65.3 % (typical),2.5 e¯ (typical),9.8 ke¯ (typical),70 dB (typical),40 dB (typical),,,,,,,,,,5 MP,,,,,,,,,,,,,,,,,,,,,,,,,,,,,,,,,,,,,,,,,,,
Basler,boA4504-100cm,boa4504-100cm,Basler,108378,에어리어 스캔 카메라,Basler boost,36개월,Sony,IMX531,Global Shutter,CMOS,4504 px × 4504 px,2.74 μm × 2.74 μm,,Mono,Visible,CoaXPress (CXP-12),,,,,Box,,45 mm x 80 mm x 80 mm,525 g,,max 50 °C,,"CE (incl. RoHS), CoaXPress 2.0, KC, RoHS, UL",boost R,,"1.1""",,12.3 mm × 12.3 mm,100 fpsCalculate individual frame rate,,CoaXPress (2.5–12.5 Gbps),,1,2,10.6 W,,67.3 % (typical),39.8 e¯ (typical),9.7 ke¯ (typical),71 dB (typical),40 dB (typical),,,,,,,,,,20 MP,,,,,,,,,,,,,,,,,,,,,,,,,,,,,,,,,,,,,,,,,,,
Basler,a2A5320-34g5mBAS,a2a5320-34g5mbas,Basler,108635,에어리어 스캔 카메라,Basler ace 2,36개월,Sony,IMX542,Global Shutter,CMOS,5320 px × 3032 px,2.74 μm × 2.74 μm,,Mono,Visible,5GigE,8 bits / 10 bits / 12 bits,,M8 6-Pin receptacle,12-24 VDC,Box,IP30,55.5 mm x 29 mm x 29 mm,100 g,C-mount,-10 °C - 50 °C,,"CE (incl. RoHS), EAC, FCC, GenICam, GigE Vision 2.0, IP30, KC, RoHS, UKCA, UL",ace 2 R,ace 2 R Basic,"1.1""",16.78 mm,14.58 mm × 8.31 mm,34 fpsCalculate individual frame rate,RJ45 receptacle (GigE),"Fast Ethernet (100 Mbit/s), Gigabit Ethernet (1000 Mbit/s), 2.5 Gigabit Ethernet (2500 Mbit/s), 5 Gigabit Ethernet (5000 Mbit/s)",hardware trigger / programmable via the camera API,1,2,5.8 W,541 nm,64.3 % (typical),2.2 e¯ (typical),9.8 ke¯ (typical),71 dB (typical),40 dB (typical),,,,,,,,,,16.1 MP,,,,,,,,,,,,,,,,,,,,,,,,,,,,,,,,,,,,,,,,,,,
Basler,a2A1920-160ucBAS,a2a1920-160ucbas,Basler,109559,에어리어 스캔 카메라,Basler ace 2,36개월,Sony,IMX392,Global Shutter,CMOS,1920 px × 1200 px,3.45 μm × 3.45 μm,,Color,Visible,USB 3.0,8 bits / 10 bits / 12 bits,,M8 6-Pin receptacle,Via USB 3.0 interface,Box,IP30,42.8 mm x 29 mm x 29 mm,85 g,C-mount,-10 °C - 60 °C,,"CE (incl. RoHS), EAC, FCC, GenICam, IP30, KC, RoHS, UKCA, UL, USB3 Vision",ace 2 R,ace 2 R Basic,"1/2.3""",7.77 mm,6.6 mm × 4.1 mm,160 fpsCalculate individual frame rate,USB 3.0 Type Micro B receptacle,"USB 3.0, nominal max. 5 Gbit/s (SuperSpeed)",hardware trigger / programmable via the camera API,1,2,3.1 W,,,,,,,,,,,,,,,,2.3 MP,,,,,,,,,,,,,,,,,,,,,,,,,,,,,,,,,,,,,,,,,,,
Basler,a2A2590-22gcBAS,a2a2590-22gcbas,Basler,108031,에어리어 스캔 카메라,Basler ace 2,36개월,Sony,IMX334ROI,Rolling Shutter,CMOS,2592 px × 1944 px,2 μm × 2 μm,,Color,Visible,GigE,8 bits / 10 bits / 12 bits,,M8 6-Pin receptacle,PoE or 12-24 VDC,Box,IP30,55.5 mm x 29 mm x 29 mm,100 g,C-mount,-10 °C - 60 °C,,"CE (incl. RoHS), EAC, FCC, GenICam, GigE Vision 2.0, IP30, KC, RoHS, UKCA, UL",ace 2 R,ace 2 R Basic,"1/2.8""",6.5 mm,5.2 mm × 3.9 mm,22 fpsCalculate individual frame rate,RJ45 receptacle (GigE),"Fast Ethernet (100 Mbit/s), Gigabit Ethernet (1000 Mbit/s)",hardware trigger / programmable via the camera API,1,2,2.7 W,,,,,,,,,,,,,,,,5 MP,,,,,,,,,,,,,,,,,,,,,,,,,,,,,,,,,,,,,,,,,,,
Basler,acA2040-180km,aca2040-180km,Basler,105706,에어리어 스캔 카메라,Basler ace,36개월,ams,CMV4000,Global Shutter,CMOS,2048 px × 2048 px,5.5 μm × 5.5 μm,,Mono,Visible,Camera Link,10 bits / 12 bits,,Binder M5 4-pin receptacle,PoCL or 12 VDC,Box,,43.5 mm x 29 mm x 29 mm,100 g,C-mount,0 °C - 50 °C,,"Camera Link, CE (incl. RoHS), EAC, FCC, GenICam, IP30, KC, RoHS, UKCA",ace Classic,ace Classic,"1""",15.92 mm,11.26 mm × 11.26 mm,180 fps,SDR 26-Pin receptacle (CL),,hardware trigger / programmable via the camera API,1,,3 W,,62.07 % (typical),13.8 e¯ (typical),11.9 ke¯ (typical),58.7 dB (typical),40.8 dB (typical),,,,,,,,,,4 MP,,,,,,,,,,,,,,,,,,,,,,,,,,,,,,,,,,,,,,,,,,,
Basler,daA1920-160um (S-Mount),daa1920-160um-s-mount,Basler,108230,에어리어 스캔 카메라,Basler dart,36개월,Sony,IMX392,Global Shutter,CMOS,1920 px × 1200 px,3.45 μm × 3.45 μm,,Mono,Visible,USB 3.0,8 bits / 12 bits,free-run / hardware trigger / software trigger,,Via USB 3.0 interface,Board Level,,19.9 mm x 29.3 mm x 29 mm,15 g,,0 °C - 50 °C,,"CE (incl. RoHS), EAC, FCC, GenICam, KC, RoHS, UKCA, UL, USB3 Vision",dart R,,"1/2.3""",7.82 mm,6.6 mm × 4.1 mm,160 fpsCalculate individual frame rate,,"USB 3.0, nominal max. 5 Gbit/s (SuperSpeed)",hardware trigger / programmable via the camera API,0,4,1.8 W,,,,10.2 ke¯ (typical),71.3 dB (typical),40 dB (typical),,,,,,,,,,,0,,,,,,,,,,,,,,,,,,,,In-camera,,,,,,,,,,,,,,,,,,,,,,
Basler,a2A2590-60ucPRO,a2a2590-60ucpro,Basler,108130,에어리어 스캔 카메라,Basler ace 2,36개월,Sony,IMX334ROI,Rolling Shutter,CMOS,2592 px × 1944 px,2 μm × 2 μm,,Color,Visible,USB 3.0,8 bits / 10 bits / 12 bits,,M8 6-Pin receptacle,Via USB 3.0 interface or 12-24 VDC,Box,IP30,42.8 mm x 29 mm x 29 mm,90 g,C-mount,-10 °C - 50 °C,,"CE (incl. RoHS), EAC, FCC, GenICam, IP30, KC, RoHS, UKCA, UL, USB3 Vision",ace 2 R,ace 2 R Pro,"1/2.8""",6.5 mm,5.2 mm × 3.9 mm,60 fpsCalculate individual frame rate,USB 3.0 Type Micro B receptacle,"USB 3.0, nominal max. 5 Gbit/s (SuperSpeed)",hardware trigger / programmable via the camera API,1,2,3.2 W,,,,,,,,,,,,,,,,5 MP,,,,,,,,,,,,,,,,,,,,,,,,,,,,,,,,,,,,,,,,,,,
Basler,acA1280-60gc,aca1280-60gc,Basler,106798,에어리어 스캔 카메라,Basler ace,36개월,e2v,EV76C560,Rolling Shutter,CMOS,1280 px × 1024 px,5.3 μm × 5.3 μm,,Color,Visible,GigE,12 bits,Ethernet connection / free-run / hardware trigger,Hirose HR10A 6-pin plug,PoE or 12 VDC,Box,,42 mm x 29 mm x 29 mm,90 g,C-mount,0 °C - 50 °C,,"CE (incl. RoHS), EAC, FCC, GenICam, GigE Vision, IEEE 802.3af (PoE), IP30, KC, RoHS, UKCA, UL",ace Classic,ace Classic,"1/1.8""",8.68 mm,6.8 mm × 5.4 mm,60 fps,RJ45 receptacle (GigE),"Fast Ethernet (100 Mbit/s), Gigabit Ethernet (1000 Mbit/s)",programmable via the camera API,1,,2 W,,,,,,,,,,,,,,,2.6 W,1.3 MP,1,,,,,,,,,,,,,,,,,,,,,,,,,,,,,,,,,,,,,,,,,,
Basler,boA8100-16cc,boa8100-16cc,Basler,108394,에어리어 스캔 카메라,Basler boost,36개월,onsemi,XGS 45000,Global Shutter,CMOS,8192 px × 5460 px,3.2 μm × 3.2 μm,,Color,Visible,CoaXPress (CXP-12),10 bits / 12 bits,free-run / hardware trigger / software trigger,,PoCXP or 24 VDC,Box,,49.1 mm x 80 mm x 80 mm,525 g,F-mount / M42 x 0.75 / M42 x 1,0 °C - 50 °C,,"CE (incl. RoHS), CoaXPress 2.0, EAC, GenICam, KC, RoHS, UL",boost R,,35 mm,,26.2 mm × 17.4 mm,19 fpsCalculate individual frame rate,,CoaXPress (2.5–12.5 Gbps),hardware trigger / programmable via the camera API,1,2,9.2 W,,,,,,,,,,,,,,,,44.7 MP,,,,,,,,,,,,,,,,,,,,,,,,,,,,,,,,,,,,,,,,,,,
Basler,MED ace 8.9 MP 42 color,med-ace-8-9-mp-42-color,Basler,107813,에어리어 스캔 카메라,Basler MED ace,36개월,Sony,IMX255,Global Shutter,CMOS,4096 px × 2160 px,3.45 μm × 3.45 μm,,Color,Visible,USB 3.0,10 bits / 12 bits,free-run / hardware trigger / software trigger,,Via USB 3.0 interface,Box,,35.8 mm x 40 mm x 30 mm,80 g,C-mount,0 °C - 50 °C,,"CE (incl. RoHS), EAC, FCC Class B, GenICam, IP30, KC, RoHS, UKCA, UL (in preparation), USB3 Vision",,,"1""",15.97 mm,14.13 mm × 7.45 mm,42 fps,,"USB 3.0, nominal max. 5 Gbit/s (SuperSpeed)",hardware trigger / programmable via the camera API,1,2,3.8 W,,,,,,,,,,,,,,,,9 MP,1,,,,,,,,,,,,,,,,,,,,,,,,,,,,,,,,,,,,,,,,,,
Basler,acA2500-14um (CS-Mount),aca2500-14um-cs-mount,Basler,106458,에어리어 스캔 카메라,Basler ace,36개월,onsemi,MT9P031,Rolling Shutter,CMOS,2592 px × 1944 px,2.2 μm × 2.2 μm,,Mono,Visible,USB 3.0,12 bits,free-run / hardware trigger / software trigger,Hirose HR10A 6-pin plug,Via USB 3.0 interface,Box,,29.3 mm x 29 mm x 29 mm,80 g,CS-mount,0 °C - 50 °C,,"CE (incl. RoHS), EAC, FCC, GenICam, IP30, KC, RoHS, UKCA, UL, USB3 Vision",ace Classic,ace Classic,"1/2.5""",7.13 mm,5.7 mm × 4.28 mm,14 fps,USB 3.0 Type Micro B receptacle,"USB 3.0, nominal max. 5 Gbit/s (SuperSpeed)",hardware trigger / programmable via the camera API,1,2,2.2 W,,53 % (typical),6 e¯ (typical),6.4 ke¯ (typical),60.6 dB (typical),38.1 dB (typical),,,,,,,,,,5 MP,1,,,,,,,,,,,,,,,,,,,,,,,,,,,,,,,,,,,,,,,,,,
Basler,daA1600-60uc (CS-Mount),daa1600-60uc-cs-mount,Basler,106988,에어리어 스캔 카메라,Basler dart,36개월,e2v,EV76C570,,CMOS,1600 px × 1200 px,4.5 μm × 4.5 μm,,Color,Visible,USB 3.0,8 bits / 12 bits,free-run / hardware trigger / software trigger,,Via USB 3.0 interface,Board Level,,19.9 mm x 29.3 mm x 29 mm,15 g,,0 °C - 50 °C,,"CE (incl. RoHS), EAC, FCC, GenICam, KC, RoHS, UKCA, UL, USB3 Vision",dart Classic,,"1/1.8""",9 mm,7.2 mm × 5.4 mm,60 fps,,"USB 3.0, nominal max. 5 Gbit/s (SuperSpeed)",programmable via the camera API,1,2,1.3 W,,,,,,,,,,,,,,,,,2,,,,,,,,,,,,,,,,,,,,,,,,,,,,,,,,,,,,,,,,,,
Basler,MED ace 5.3 MP 20 color,med-ace-5-3-mp-20-color,Basler,107500,에어리어 스캔 카메라,Basler MED ace,36개월,onsemi,PYTHON 5000,Global Shutter,CMOS,2590 px × 2048 px,4.8 μm × 4.8 μm,,Color,Visible,GigE,10 bits,Ethernet connection / free-run / hardware trigger,,PoE or 12-24 VDC,Box,,42 mm x 29 mm x 29 mm,90 g,C-mount,0 °C - 50 °C,,"CE (incl. RoHS), EAC, FCC Class B, GenICam, GigE Vision, IEEE 802.3af (PoE), IP30, KC, RoHS, UL",,,"1""",15.86 mm,12.44 mm × 9.83 mm,21 fps,,"Fast Ethernet (100 Mbit/s), Gigabit Ethernet (1000 Mbit/s)",hardware trigger / programmable via the camera API,1,1,3.2 W,,,,,,,,,,,,,,,3.2 W,5 MP,1,,,,,,,,,,,,,,,,,,,,,,,,,,,,,,,,,,,,,,,,,,
Basler,MED ace 2.3 MP 41 mono,med-ace-2-3-mp-41-mono,Basler,107611,에어리어 스캔 카메라,Basler MED ace,36개월,Sony,IMX249,Global Shutter,CMOS,1920 px × 1200 px,5.86 μm × 5.86 μm,,Mono,Visible,USB 3.0,10 bits / 12 bits,free-run / hardware trigger / software trigger,,Via USB 3.0 interface,Box,,29.3 mm x 29 mm x 29 mm,80 g,C-mount,0 °C - 50 °C,,"CE (incl. RoHS), EAC, FCC Class B, GenICam, IP30, KC, RoHS, UKCA, UL, USB3 Vision",,,"1/1.2""",13.39 mm,11.33 mm × 7.13 mm,41 fps,,"USB 3.0, nominal max. 5 Gbit/s (SuperSpeed)",hardware trigger / programmable via the camera API,1,2,2.5 W,,,,,,,,,,,,,,,,2.3 MP,1,,,,,,,,,,,,,,,,,,,,,,,,,,,,,,,,,,,,,,,,,,
Basler,daA1440-220uc (CS-Mount),daa1440-220uc-cs-mount,Basler,108733,에어리어 스캔 카메라,Basler dart,36개월,Sony,IMX273,Global Shutter,CMOS,1440 px × 1080 px,3.45 μm × 3.45 μm,,Color,Visible,USB 3.0,8 bits / 12 bits,,,,Board Level,,19.9 mm x 29.3 mm x 29 mm,15 g,,0 °C - 50 °C,,"CE (incl. RoHS), EAC, GenICam, KC, RoHS, UKCA, UL, USB3 Vision",dart R,,"1/2.9""",6.21 mm,4.97 mm × 3.73 mm,227 fpsCalculate individual frame rate,,"USB 3.0, nominal max. 5 Gbit/s (SuperSpeed)",,0,4,,,,,,,,,,,,,,,,,,0,,,,,,,,,,,,,,,,,,,,,,,,,,,,,,,,,,,,,,,,,,
Basler,daA1920-30um (CS-Mount),daa1920-30um-cs-mount,Basler,106687,에어리어 스캔 카메라,Basler dart,36개월,onsemi,MT9P031,Rolling Shutter,CMOS,1920 px × 1080 px,2.2 μm × 2.2 μm,,Mono,Visible,USB 3.0,8 bits / 12 bits,free-run / hardware trigger / software trigger,,Via USB 3.0 interface,Board Level,,19.9 mm x 29.3 mm x 29 mm,15 g,,0 °C - 50 °C,,"CE (incl. RoHS), EAC, FCC, GenICam, KC, RoHS, UKCA, UL, USB3 Vision",dart Classic,,"1/3.7""",4.84 mm,4.22 mm × 2.38 mm,30 fps,,"USB 3.0, nominal max. 5 Gbit/s (SuperSpeed)",hardware trigger / programmable via the camera API,1,2,1.2 W,,,,,,,,,,,,,,,,,2,,,,,,,,,,,,,,,,,,,,,,,,,,,,,,,,,,,,,,,,,,
Basler,a2A2600-64umPRO,a2a2600-64umpro,Basler,108372,에어리어 스캔 카메라,Basler ace 2,36개월,Gpixel,GMAX2505,Global Shutter,CMOS,2600 px × 2160 px,2.5 μm × 2.5 μm,,Mono,Visible,USB 3.0,8 bits / 10 bits / 12 bits,,M8 6-Pin receptacle,Via USB 3.0 interface or 12-24 VDC,Box,IP30,42.8 mm x 29 mm x 29 mm,90 g,C-mount,-10 °C - 50 °C,,"CE (incl. RoHS), EAC, FCC, GenICam, IP30, KC, RoHS, UKCA, UL, USB3 Vision",ace 2 R,ace 2 R Pro,"1/2""",8.5 mm,6.52 mm × 5.42 mm,64 fpsCalculate individual frame rate,USB 3.0 Type Micro B receptacle,"USB 3.0, nominal max. 5 Gbit/s (SuperSpeed)",hardware trigger / programmable via the camera API,1,2,2.8 W,541 nm,53.6 % (typical),0.76 e¯ (typical),4.6 ke¯ (typical),71 dB (typical),36.7 dB (typical),,,,,,,,,,5.6 MP,,,,,,,,,,,,,,,,,,,,,,,,,,,,,,,,,,,,,,,,,,,
Basler,daA3840-45um (CS-Mount),daa3840-45um-cs-mount,Basler,108272,에어리어 스캔 카메라,Basler dart,36개월,Sony,IMX334,Rolling Shutter,CMOS,3840 px × 2160 px,2 μm × 2 μm,,Mono,Visible,USB 3.0,8 bits / 12 bits,free-run / hardware trigger / software trigger,,Via USB 3.0 interface,Board Level,,19.9 mm x 29.3 mm x 29 mm,5 g,,0 °C - 50 °C,,"CE (incl. RoHS), EAC, FCC, GenICam, KC, RoHS, UKCA, UL, USB3 Vision",dart R,,"1/1.8""",8.81 mm,7.68 mm × 4.32 mm,45 fpsCalculate individual frame rate,,"USB 3.0, nominal max. 5 Gbit/s (SuperSpeed)",hardware trigger / programmable via the camera API,0,4,1.8 W,,,,6.9 ke¯ (typical),68.5 dB (typical),38.36 dB (typical),,,,,,,,,,,0,,,,,,,,,,,,,,,,,,,,In-camera,,,,,,,,,,,,,,,,,,,,,,
Basler,acA4096-30um,aca4096-30um,Basler,107420,에어리어 스캔 카메라,Basler ace,36개월,Sony,IMX267,Global Shutter,CMOS,4096 px × 2160 px,3.45 μm × 3.45 μm,,Mono,Visible,USB 3.0,10 bits / 12 bits,,Hirose HR10A 6-pin plug,Via USB 3.0 interface,Box,,35.8 mm x 40 mm x 30 mm,136 g,C-mount,0 °C - 50 °C,,"CE (incl. RoHS), EAC, FCC, GenICam, IP30, KC, RoHS, UKCA, UL, USB3 Vision",ace L,ace L,"1""",15.97 mm,14.13 mm × 7.45 mm,32 fpsCalculate individual frame rate,USB 3.0 Type Micro B receptacle,"USB 3.0, nominal max. 5 Gbit/s (SuperSpeed)",hardware trigger / programmable via the camera API,1,,3 W,,68 % (typical),2.3 e¯ (typical),10.3 ke¯ (typical),72.9 dB (typical),40.1 dB (typical),,,,,,,,,,9 MP,,,,,,,,,,,,,,,,,,,,,,,,,,,,,,,,,,,,,,,,,,,
Basler,a2A3840-13gmBAS,a2a3840-13gmbas,Basler,108016,에어리어 스캔 카메라,Basler ace 2,36개월,Sony,IMX334,Rolling Shutter,CMOS,3840 px × 2160 px,2 μm × 2 μm,,Mono,Visible,GigE,8 bits / 10 bits / 12 bits,,M8 6-Pin receptacle,PoE or 12-24 VDC,Box,IP30,55.5 mm x 29 mm x 29 mm,100 g,C-mount,-10 °C - 60 °C,,"CE (incl. RoHS), EAC, FCC, GenICam, GigE Vision 2.0, IP30, KC, RoHS, UKCA, UL",ace 2 R,ace 2 R Basic,"1/1.8""",8.82 mm,7.7 mm × 4.3 mm,13 fpsCalculate individual frame rate,RJ45 receptacle (GigE),"Fast Ethernet (100 Mbit/s), Gigabit Ethernet (1000 Mbit/s)",hardware trigger / programmable via the camera API,1,2,2.5 W,541 nm,72.2 % (typical),1.96 e¯ (typical),7.3 ke¯ (typical),69.2 dB (typical),38.6 dB (typical),,,,,,,,,,8.3 MP,,,,,,,,,,,,,,,,,,,,,,,,,,,,,,,,,,,,,,,,,,,
Basler,daA3840-45um (S-Mount),daa3840-45um-s-mount,Basler,108271,에어리어 스캔 카메라,Basler dart,36개월,Sony,IMX334,Rolling Shutter,CMOS,3840 px × 2160 px,2 μm × 2 μm,,Mono,Visible,USB 3.0,8 bits / 12 bits,free-run / hardware trigger / software trigger,,Via USB 3.0 interface,Board Level,,19.9 mm x 29.3 mm x 29 mm,5 g,,0 °C - 50 °C,,"CE (incl. RoHS), EAC, FCC, GenICam, KC, RoHS, UKCA, UL, USB3 Vision",dart R,,"1/1.8""",8.81 mm,7.68 mm × 4.32 mm,45 fpsCalculate individual frame rate,,"USB 3.0, nominal max. 5 Gbit/s (SuperSpeed)",hardware trigger / programmable via the camera API,0,4,1.8 W,,,,6.9 ke¯ (typical),68.5 dB (typical),38.36 dB (typical),,,,,,,,,,,0,,,,,,,,,,,,,,,,,,,,In-camera,,,,,,,,,,,,,,,,,,,,,,
Basler,a2A3840-13gcBAS,a2a3840-13gcbas,Basler,108017,에어리어 스캔 카메라,Basler ace 2,36개월,Sony,IMX334,Rolling Shutter,CMOS,3840 px × 2160 px,2 μm × 2 μm,,Color,Visible,GigE,8 bits / 10 bits / 12 bits,,M8 6-Pin receptacle,PoE or 12-24 VDC,Box,IP30,55.5 mm x 29 mm x 29 mm,100 g,C-mount,-10 °C - 60 °C,,"CE (incl. RoHS), EAC, FCC, GenICam, GigE Vision 2.0, IP30, KC, RoHS, UKCA, UL",ace 2 R,ace 2 R Basic,"1/1.8""",8.82 mm,7.7 mm × 4.3 mm,13 fpsCalculate individual frame rate,RJ45 receptacle (GigE),"Fast Ethernet (100 Mbit/s), Gigabit Ethernet (1000 Mbit/s)",hardware trigger / programmable via the camera API,1,2,2.6 W,,,,,,,,,,,,,,,,8.3 MP,,,,,,,,,,,,,,,,,,,,,,,,,,,,,,,,,,,,,,,,,,,
Basler,acA2040-90um,aca2040-90um,Basler,106541,에어리어 스캔 카메라,Basler ace,36개월,ams,CMV4000,Global Shutter,CMOS,2048 px × 2048 px,5.5 μm × 5.5 μm,,Mono,Visible,USB 3.0,10 bits / 12 bits,,Hirose HR10A 6-pin plug,Via USB 3.0 interface,Box,,29.3 mm x 29 mm x 29 mm,80 g,C-mount,0 °C - 60 °C,,"CE (incl. RoHS), EAC, FCC, GenICam, IP30, KC, RoHS, UKCA, UL, USB3 Vision",ace Classic,ace Classic,"1""",15.92 mm,11.26 mm × 11.26 mm,90 fps,USB 3.0 Type Micro B receptacle,"USB 3.0, nominal max. 5 Gbit/s (SuperSpeed)",hardware trigger / programmable via the camera API,1,,3.2 W,,62.07 % (typical),13.8 e¯ (typical),11.9 ke¯ (typical),58.7 dB (typical),40.8 dB (typical),,,,,,,,,,4 MP,,,,,,,,,,,,,,,,,,,,,,,,,,,,,,,,,,,,,,,,,,,
Basler,acA5472-5gc,aca5472-5gc,Basler,108862,에어리어 스캔 카메라,Basler ace,36개월,Sony,IMX183,Rolling Shutter,CMOS,5472 px × 3648 px,2.4 μm × 2.4 μm,,Color,Visible,GigE,10 bits / 12 bits,,Hirose HR10A 6-pin plug,PoE or 12-24 VDC,Box,,42 mm x 29 mm x 29 mm,90 g,C-mount,0 °C - 50 °C,,"CE (incl. RoHS), EAC, FCC Class B, GenICam, GigE Vision, KC, RoHS, UKCA, UL",ace U,ace U,"1""",15.78 mm,13.13 mm × 8.76 mm,5 fps,RJ45 receptacle (GigE),"Fast Ethernet (100 Mbit/s), Gigabit Ethernet (1000 Mbit/s)",hardware trigger / programmable via the camera API,1,,2.8 W,,,,,,,,,,,,,,,3.1 W,20 MP,,,,,,,,,,,,,,,,,,,,,,,,,,,,,,,,,,,,,,,,,,,
Basler,boA1936-400cc,boa1936-400cc,Basler,108675,에어리어 스캔 카메라,Basler boost,36개월,Sony,IMX421,Global Shutter,CMOS,1936 px × 1464 px,4.5 μm × 4.5 μm,,Color,Visible,CoaXPress (CXP-12),8 bits / 10 bits / 12 bits,free-run / hardware trigger / software trigger,,PoCXP or 24 VDC,Box,,45 mm x 80 mm x 80 mm,480 g,F-mount / M42 x 0.75 / M42 x 1 / C-mount,0 °C - 50 °C,,"CE (incl. RoHS), CoaXPress 2.0, EAC, FCC, GenICam, KC, RoHS, UKCA, UL",boost R,,"2/3""",11 mm,8.7 mm × 6.5 mm,400 fpsCalculate individual frame rate,,CoaXPress (2.5–12.5 Gbps),hardware trigger / programmable via the camera API,,2,12 W,,,,,,,,,,,,,,,,3 MP,1,,,,,,,,,,,,,,,,,,,,,,,,,,,,,,,,,,,,,,,,,,
Basler,boA5120-150cm,boa5120-150cm,Basler,2200001210,에어리어 스캔 카메라,Basler boost,36개월,Gpixel,GMAX0505,Global Shutter,CMOS,5120 px × 5120 px,2.5 μm × 2.5 μm,,Mono,Visible,CoaXPress (CXP-12),8 bits / 10 bits,hardware trigger / software trigger,,PoCXP or 24 VDC,Box,,71 mm x 65 mm x 65 mm,400 g,,max 50 °C,,"CE (incl. RoHS), CoaXPress 2.0, FCC, GenICam, KC, RoHS, UKCA",boost V,,"1.1""",18.1 mm,12.8 mm × 12.8 mm,150 fpsCalculate individual frame rate,,CoaXPress (2.5–12.5 Gbps),,,1,12 W,,,,4.2 ke¯ (typical),59.6 dB (typical),36.3 dB (typical),,,,,,,,,,25 MP,1,,,,,,,,,,,,,,,,,,,,,,,,,,,,,,,,,,,,,,,,,,
Basler,acA4112-8gc,aca4112-8gc,Basler,107412,에어리어 스캔 카메라,Basler ace,36개월,Sony,IMX304,Global Shutter,CMOS,4096 px × 3000 px,3.45 μm × 3.45 μm,,Color,Visible,GigE,10 bits / 12 bits,,Hirose HR10A 6-pin plug,PoE or 12-24 VDC,Box,,50 mm x 40 mm x 30 mm,150 g,C-mount,0 °C - 50 °C,,"CE (incl. RoHS), EAC, FCC, GenICam, GigE Vision, IP30, KC, RoHS, UKCA, UL",ace L,ace L,"1.1""",17.52 mm,14.13 mm × 10.35 mm,8 fpsCalculate individual frame rate,RJ45 receptacle (GigE),"Fast Ethernet (100 Mbit/s), Gigabit Ethernet (1000 Mbit/s)",hardware trigger / programmable via the camera API,1,,2.8 W,,,,,,,,,,,,,,,3.3 W,12 MP,,,,,,,,,,,,,,,,,,,,,,,,,,,,,,,,,,,,,,,,,,,
Basler,daA1280-54uc (CS-Mount),daa1280-54uc-cs-mount,Basler,106684,에어리어 스캔 카메라,Basler dart,36개월,onsemi,AR0134,Global Shutter,CMOS,1280 px × 960 px,3.75 μm × 3.75 μm,,Color,Visible,USB 3.0,8 bits / 12 bits,free-run / hardware trigger / software trigger,,Via USB 3.0 interface,Board Level,,19.2 mm x 29.3 mm x 29 mm,15 g,,0 °C - 50 °C,,"CE (incl. RoHS), EAC, FCC, GenICam, KC, RoHS, UKCA, UL, USB3 Vision",dart Classic,,"1/3""",6 mm,4.8 mm × 3.6 mm,54 fps,,"USB 3.0, nominal max. 5 Gbit/s (SuperSpeed)",programmable via the camera API,1,2,1.3 W,,,,,,,,,,,,,,,,,2,,,,,,,,,,,,,,,,,,,,,,,,,,,,,,,,,,,,,,,,,,
Basler,a2A2590-60ucBAS,a2a2590-60ucbas,Basler,108029,에어리어 스캔 카메라,Basler ace 2,36개월,Sony,IMX334ROI,Rolling Shutter,CMOS,2592 px × 1944 px,2 μm × 2 μm,,Color,Visible,USB 3.0,8 bits / 10 bits / 12 bits,,M8 6-Pin receptacle,Via USB 3.0 interface,Box,IP30,42.8 mm x 29 mm x 29 mm,90 g,C-mount,-10 °C - 60 °C,,"CE (incl. RoHS), EAC, FCC, GenICam, IP30, KC, RoHS, UKCA, UL, USB3 Vision",ace 2 R,ace 2 R Basic,"1/2.8""",6.5 mm,5.2 mm × 3.9 mm,60 fpsCalculate individual frame rate,USB 3.0 Type Micro B receptacle,"USB 3.0, nominal max. 5 Gbit/s (SuperSpeed)",hardware trigger / programmable via the camera API,1,2,2.9 W,,,,,,,,,,,,,,,,5 MP,,,,,,,,,,,,,,,,,,,,,,,,,,,,,,,,,,,,,,,,,,,
Basler,acA1600-60gc,aca1600-60gc,Basler,106795,에어리어 스캔 카메라,Basler ace,36개월,e2v,EV76C570,Global & Rolling Shutter,CMOS,1600 px × 1200 px,4.5 μm × 4.5 μm,,Color,Visible,GigE,12 bits,Ethernet connection / free-run / hardware trigger,Hirose HR10A 6-pin plug,PoE or 12 VDC,Box,,42 mm x 29 mm x 29 mm,90 g,C-mount,0 °C - 50 °C,,"CE (incl. RoHS), EAC, FCC, GenICam, GigE Vision, IEEE 802.3af (PoE), IP30, KC, RoHS, UKCA, UL",ace Classic,ace Classic,"1/1.8""",9 mm,7.2 mm × 5.4 mm,60 fps,RJ45 receptacle (GigE),"Fast Ethernet (100 Mbit/s), Gigabit Ethernet (1000 Mbit/s)",programmable via the camera API,1,,2.1 W,,,,,,,,,,,,,,,2.7 W,2 MP,1,,,,,,,,,,,,,,,,,,,,,,,,,,,,,,,,,,,,,,,,,,
Basler,acA1300-60gm,aca1300-60gm,Basler,106793,에어리어 스캔 카메라,Basler ace,36개월,e2v,EV76C560,Global & Rolling Shutter,CMOS,1282 px × 1026 px,5.3 μm × 5.3 μm,,Mono,Visible,GigE,12 bits,Ethernet connection / free-run / hardware trigger,Hirose HR10A 6-pin plug,PoE or 12 VDC,Box,,42 mm x 29 mm x 29 mm,90 g,C-mount,0 °C - 50 °C,,"CE (incl. RoHS), EAC, FCC, GenICam, GigE Vision, IEEE 802.3af (PoE), IP30, KC, RoHS, UKCA, UL",ace Classic,ace Classic,"1/1.8""",8.68 mm,6.8 mm × 5.4 mm,60 fps,RJ45 receptacle (GigE),"Fast Ethernet (100 Mbit/s), Gigabit Ethernet (1000 Mbit/s)",programmable via the camera API,1,,2 W,,54 % (typical),24.7 e¯ (typical),9.5 ke¯ (typical),51.7 dB (typical),39.8 dB (typical),,,,,,,,,2.6 W,1.3 MP,1,,,,,,,,,,,,,,,,,,,,,,,,,,,,,,,,,,,,,,,,,,
Basler,acA1280-60gm,aca1280-60gm,Basler,106791,에어리어 스캔 카메라,Basler ace,36개월,e2v,EV76C560,Rolling Shutter,CMOS,1282 px × 1026 px,5.3 μm × 5.3 μm,,Mono,Visible,GigE,12 bits,Ethernet connection / free-run / hardware trigger,Hirose HR10A 6-pin plug,PoE or 12 VDC,Box,,42 mm x 29 mm x 29 mm,90 g,C-mount,0 °C - 50 °C,,"CE (incl. RoHS), EAC, FCC, GenICam, GigE Vision, IEEE 802.3af (PoE), IP30, KC, RoHS, UKCA, UL",ace Classic,ace Classic,"1/1.8""",8.68 mm,6.8 mm × 5.4 mm,60 fps,RJ45 receptacle (GigE),"Fast Ethernet (100 Mbit/s), Gigabit Ethernet (1000 Mbit/s)",programmable via the camera API,1,,2 W,,55 % (typical),9.5 e¯ (typical),9.5 ke¯ (typical),60 dB (typical),39.8 dB (typical),,,,,,,,,2.6 W,1.3 MP,1,,,,,,,,,,,,,,,,,,,,,,,,,,,,,,,,,,,,,,,,,,
Basler,a2A4096-9gcPRO,a2a4096-9gcpro,Basler,108423,에어리어 스캔 카메라,Basler ace 2,36개월,Sony,IMX545,Global Shutter,CMOS,4096 px × 3000 px,2.74 μm × 2.74 μm,,Color,Visible,GigE,8 bits / 10 bits / 12 bits,,M8 6-Pin receptacle,PoE or 12-24 VDC,Box,IP30,55.5 mm x 29 mm x 29 mm,100 g,C-mount,-10 °C - 50 °C,,"CE (incl. RoHS), EAC, FCC, GenICam, GigE Vision 2.0, IP30, KC, RoHS, UKCA, UL",ace 2 R,ace 2 R Pro,"1/1.1""",13.91 mm,11.22 mm × 8.22 mm,9 fpsCalculate individual frame rate,RJ45 receptacle (GigE),"Fast Ethernet (100 Mbit/s), Gigabit Ethernet (1000 Mbit/s)",hardware trigger / programmable via the camera API,1,2,3.4 W,525 nm,,2.49 e¯ (typical),12.4 ke¯ (typical),72.1 dB (typical),40.94 dB (typical),,,,,,,,,,12.3 MP,,,,,,,,,,,,,,,,,,,,,,52.89 % (typical),,,,,,,,,,,,,,,,,,,,,
Basler,daA4200-30mci (No-Mount) - Tray (40pcs),daa4200-30mci-no-mount-tray-40pcs,Basler,108012,에어리어 스캔 카메라,Basler dart,36개월,onsemi,AR1335,Rolling Shutter,CMOS,4208 px × 3120 px,1.1 μm × 1.1 μm,,Color,Visible,BCON for MIPI,10 bits,free-run / software trigger,,5V DC (via BCON for MIPI interface),Board Level,,5.3 mm x 27 mm x 27 mm,5 g,No-Mount,,,"CE (incl. RoHS), EAC, FCC, GenICam, KC, MIPI CSI-2, RoHS, UKCA, UL",dart E,,"1/3""",5.76 mm,4.63 mm × 3.43 mm,30 fps,,,automatic / manual / programmable via the camera API,2,,0.6 W,,,,,,,,,,,,,,,,13 MP,2,,,,,,,,,,,,,,,,,,,,In-camera,,,,,,,,,,,,,,,,,,,,,,
Basler,acA640-121gm,aca640-121gm,Basler,108868,에어리어 스캔 카메라,Basler ace,36개월,Sony,ICX618 Replacement,Global Shutter,CMOS,659 px × 494 px,5.6 μm × 5.6 μm,,Mono,Visible,GigE,10 bits / 12 bits,Ethernet connection / free-run / hardware trigger,Hirose HR10A 6-pin plug,PoE or 12-24 VDC,Box,,42 mm x 29 mm x 29 mm,90 g,C-mount,0 °C - 50 °C,,"CE (incl. RoHS), EAC, FCC Class B, GenICam, GigE Vision, IEEE 802.3af (PoE), IP30, KC, RoHS, UKCA, UL",ace U,ace U,"1/4""",4.61 mm,3.69 mm × 2.77 mm,134 fps,RJ45 receptacle (GigE),"Fast Ethernet (100 Mbit/s), Gigabit Ethernet (1000 Mbit/s)",hardware trigger / programmable via the camera API,1,1,2.7 W,,63.1 % (typical),4.6 e¯ (typical),27.6 ke¯ (typical),74.4 dB (typical),44.4 dB (typical),,,,,,,,,3.1 W,VGA,1,,,,,,,,,,,,,,,,,,,,,,,,,,,,,,,,,,,,,,,,,,
Basler,boA4112-68cc,boa4112-68cc,Basler,107802,에어리어 스캔 카메라,Basler boost,36개월,Sony,IMX253,Global Shutter,CMOS,4096 px × 3000 px,3.45 μm × 3.45 μm,,Color,Visible,CoaXPress (CXP-12),,free-run / hardware trigger / software trigger,,PoCXP or 24 VDC,Box,,45 mm x 80 mm x 80 mm,480 g,M42 x 0.75 / M42 x 1 / C-mount / F-mount,0 °C - 50 °C,,"CE (incl. RoHS), CoaXPress 2.0, EAC, GenICam, KC, RoHS, UL",boost R,,"1.1""",17.46 mm,14.1 mm × 10.3 mm,68 fpsCalculate individual frame rate,,CoaXPress (2.5–12.5 Gbps),hardware trigger / programmable via the camera API,1,2,8.8 W,,,,,,,,,,,,,,,,12 MP,,,,,,,,,,,,,,,,,,,,,,,,,,,,,,,,,,,,,,,,,,,
Basler,a2A5320-7gmBAS,a2a5320-7gmbas,Basler,108173,에어리어 스캔 카메라,Basler ace 2,36개월,Sony,IMX542,Global Shutter,CMOS,5320 px × 3032 px,2.74 μm × 2.74 μm,,Mono,Visible,GigE,8 bits / 10 bits / 12 bits,,M8 6-Pin receptacle,PoE or 12-24 VDC,Box,IP30,55.5 mm x 29 mm x 29 mm,100 g,C-mount,-10 °C - 60 °C,,"CE (incl. RoHS), EAC, FCC, GenICam, GigE Vision 2.0, IP30, KC, RoHS, UKCA, UL",ace 2 R,ace 2 R Basic,"1.1""",16.78 mm,14.58 mm × 8.31 mm,7 fpsCalculate individual frame rate,RJ45 receptacle (GigE),"Fast Ethernet (100 Mbit/s), Gigabit Ethernet (1000 Mbit/s)",hardware trigger / programmable via the camera API,1,2,2.9 W,541 nm,65.9 % (typical),2.2 e¯ (typical),9.67 ke¯ (typical),70.9 dB (typical),39.85 dB (typical),,,,,,,,,,16.1 MP,,,,,,,,,,,,,,,,,,,,,,,,,,,,,,,,,,,,,,,,,,,
Basler,a2A2448-23gcBAS,a2a2448-23gcbas,Basler,109728,에어리어 스캔 카메라,Basler ace 2,36개월,Sony,IMX547,Global Shutter,CMOS,2448 px × 2048 px,2.74 μm × 2.74 μm,,Color,Visible,GigE,8 bits / 10 bits / 12 bits,,M8 6-Pin receptacle,PoE or 12-24 VDC,Box,IP30,55.5 mm x 29 mm x 29 mm,100 g,C-mount,-10 °C - 60 °C,,"CE (incl. RoHS), EAC, FCC, GenICam, GigE Vision 2.0, IP30, KC, RoHS, UKCA, UL",ace 2 R,ace 2 R Basic,"1/1.8""",8.75 mm,6.71 mm × 5.61 mm,23 fpsCalculate individual frame rate,RJ45 receptacle (GigE),"Fast Ethernet (100 Mbit/s), Gigabit Ethernet (1000 Mbit/s)",hardware trigger / programmable via the camera API,1,2,2.9 W,,,,,,,,,,,,,,,,5 MP,,,,,,,,,,,,,,,,,,,,,,,,,,,,,,,,,,,,,,,,,,,
Basler,acA1920-40uc,aca1920-40uc,Basler,106910,에어리어 스캔 카메라,Basler ace,36개월,Sony,IMX249,Global Shutter,CMOS,1920 px × 1200 px,5.86 μm × 5.86 μm,,Color,Visible,USB 3.0,10 bits / 12 bits,,Hirose HR10A 6-pin plug,Via USB 3.0 interface,Box,,29.3 mm x 29 mm x 29 mm,80 g,C-mount,0 °C - 50 °C,,"CE (incl. RoHS), EAC, FCC, GenICam, IP30, KC, RoHS, UKCA, UL, USB3 Vision",ace U,ace U,"1/1.2""",13.39 mm,11.33 mm × 7.13 mm,41 fpsCalculate individual frame rate,USB 3.0 Type Micro B receptacle,"USB 3.0, nominal max. 5 Gbit/s (SuperSpeed)",hardware trigger / programmable via the camera API,1,,2.7 W,,,,,,,,,,,,,,,,2.3 MP,,,,,,,,,,,,,,,,,,,,,,,,,,,,,,,,,,,,,,,,,,,
Basler,acA2040-35gm,aca2040-35gm,Basler,108778,에어리어 스캔 카메라,Basler ace,36개월,Sony,IMX265,Global Shutter,CMOS,2048 px × 1536 px,3.45 μm × 3.45 μm,,Mono,Visible,GigE,10 bits / 12 bits,,Hirose HR10A 6-pin plug,PoE or 12-24 VDC,Box,,42 mm x 29 mm x 29 mm,90 g,C-mount,0 °C - 50 °C,,"CE (incl. RoHS), EAC, FCC, GenICam, GigE Vision, IP30, KC, RoHS, UKCA, UL",ace U,ace U,"1/1.8""",8.84 mm,7.07 mm × 5.3 mm,36 fpsCalculate individual frame rate,RJ45 receptacle (GigE),"Fast Ethernet (100 Mbit/s), Gigabit Ethernet (1000 Mbit/s)",hardware trigger / programmable via the camera API,1,,2.7 W,,68 % (typical),2.3 e¯ (typical),10.4 ke¯ (typical),73.4 dB (typical),40.2 dB (typical),,,,,,,,,3.2 W,3 MP,,,,,,,,,,,,,,,,,,,,,,,,,,,,,,,,,,,,,,,,,,,
Basler,a2A2840-67g5mBAS,a2a2840-67g5mbas,Basler,108591,에어리어 스캔 카메라,Basler ace 2,36개월,Sony,IMX546,Global Shutter,CMOS,2840 px × 2840 px,2.74 μm × 2.74 μm,,Mono,Visible,5GigE,8 bits / 10 bits / 12 bits,,M8 6-Pin receptacle,12-24 VDC,Box,IP30,55.5 mm x 29 mm x 29 mm,100 g,C-mount,-10 °C - 50 °C,,"CE (incl. RoHS), EAC, FCC, GenICam, GigE Vision 2.0, IP30, KC, RoHS, UKCA, UL",ace 2 R,ace 2 R Basic,"2/3""",11 mm,7.78 mm × 7.78 mm,67 fpsCalculate individual frame rate,RJ45 receptacle (GigE),"Fast Ethernet (100 Mbit/s), Gigabit Ethernet (1000 Mbit/s), 2.5 Gigabit Ethernet (2500 Mbit/s), 5 Gigabit Ethernet (5000 Mbit/s)",hardware trigger / programmable via the camera API,1,2,5.3 W,541 nm,66 % (typical),2.5 e¯ (typical),9.7 ke¯ (typical),70 dB (typical),40 dB (typical),,,,,,,,,,8 MP,,,,,,,,,,,,,,,,,,,,,,,,,,,,,,,,,,,,,,,,,,,
Basler,acA2000-165uc,aca2000-165uc,Basler,106540,에어리어 스캔 카메라,Basler ace,36개월,ams,CMV2000,Global Shutter,CMOS,2040 px × 1086 px,5.5 μm × 5.5 μm,,Color,Visible,USB 3.0,10 bits / 12 bits,free-run / hardware trigger / software trigger,Hirose HR10A 6-pin plug,Via USB 3.0 interface,Box,,29.3 mm x 29 mm x 29 mm,80 g,C-mount,0 °C - 60 °C,,"CE (incl. RoHS), EAC, FCC, GenICam, IP30, KC, RoHS, UKCA, UL, USB3 Vision",ace Classic,ace Classic,"2/3""",12.75 mm,11.26 mm × 5.98 mm,165 fps,USB 3.0 Type Micro B receptacle,"USB 3.0, nominal max. 5 Gbit/s (SuperSpeed)",hardware trigger / programmable via the camera API,1,2,3.2 W,,67.45 % (typical),13.9 e¯ (typical),9.3 ke¯ (typical),56.5 dB (typical),39.7 dB (typical),,,,,,,,,,2 MP,1,,,,,,,,,,,,,,,,,,,,,,,,,,,,,,,,,,,,,,,,,,
Basler,boA5320-150cm,boa5320-150cm,Basler,108380,에어리어 스캔 카메라,Basler boost,36개월,Sony,IMX532,Global Shutter,CMOS,5320 px × 3032 px,2.74 μm × 2.74 μm,,Mono,Visible,CoaXPress (CXP-12),8 bits / 10 bits / 12 bits,,,,Box,,45 mm x 80 mm x 80 mm,525 g,C-mount / F-mount / M42 x 0.75 / M42 x 1,max 50 °C,,"CE (incl. RoHS), CoaXPress 2.0, KC, RoHS, UL",boost R,,"1.1""",,14.6 mm × 8.3 mm,150 fpsCalculate individual frame rate,,CoaXPress (2.5–12.5 Gbps),,1,2,10.4 W,,65.3 % (typical),39.8 e¯ (typical),9.6 ke¯ (typical),71 dB (typical),40 dB (typical),,,,,,,,,,16.1 MP,,,,,,,,,,,,,,,,,,,,,,,,,,,,,,,,,,,,,,,,,,,
Basler,a2A1920-51gmPRO,a2a1920-51gmpro,Basler,107963,에어리어 스캔 카메라,Basler ace 2,36개월,Sony,IMX392,Global Shutter,CMOS,1920 px × 1200 px,3.45 μm × 3.45 μm,,Mono,Visible,GigE,8 bits / 10 bits / 12 bits,,M8 6-Pin receptacle,PoE or 12-24 VDC,Box,IP30,55.5 mm x 29 mm x 29 mm,105 g,C-mount,-10 °C - 50 °C,,"CE (incl. RoHS), EAC, FCC, GenICam, GigE Vision 2.0, IP30, KC, RoHS, UKCA, UL",ace 2 R,ace 2 R Pro,"1/2.3""",7.77 mm,6.6 mm × 4.1 mm,51 fpsCalculate individual frame rate,RJ45 receptacle (GigE),"Fast Ethernet (100 Mbit/s), Gigabit Ethernet (1000 Mbit/s)",hardware trigger / programmable via the camera API,1,2,3.2 W,,62.2 % (typical),2.6 e¯ (typical),10.5 ke¯ (typical),71.7 dB (typical),40.2 dB (typical),,,,,,,,,,2.3 MP,,,up to 100 fps,,,,,,,,,,,,,,,,,,,,,,,,,,,,,,,,,,,,,,,,
Basler,a2A1920-51gcPRO,a2a1920-51gcpro,Basler,107964,에어리어 스캔 카메라,Basler ace 2,36개월,Sony,IMX392,Global Shutter,CMOS,1920 px × 1200 px,3.45 μm × 3.45 μm,,Color,Visible,GigE,8 bits / 10 bits / 12 bits,,M8 6-Pin receptacle,PoE or 12-24 VDC,Box,IP30,55.5 mm x 29 mm x 29 mm,105 g,C-mount,-10 °C - 50 °C,,"CE (incl. RoHS), EAC, FCC, GenICam, GigE Vision 2.0, IP30, KC, RoHS, UKCA, UL",ace 2 R,ace 2 R Pro,"1/2.3""",7.77 mm,6.6 mm × 4.1 mm,51 fpsCalculate individual frame rate,RJ45 receptacle (GigE),"Fast Ethernet (100 Mbit/s), Gigabit Ethernet (1000 Mbit/s)",hardware trigger / programmable via the camera API,1,2,3.4 W,,,,,,,,,,,,,,,,2.3 MP,,,up to 100 fps,,,,,,,,,,,,,,,,,,,,,,,,,,,,,,,,,,,,,,,,
Basler,MED ace 20.0 MP 17 mono,med-ace-20-0-mp-17-mono,Basler,108144,에어리어 스캔 카메라,Basler MED ace,36개월,Sony,IMX183,Rolling Shutter,CMOS,5472 px × 3648 px,2.4 μm × 2.4 μm,,Mono,Visible,USB 3.0,10 bits / 12 bits,free-run / hardware trigger / software trigger,,Via USB 3.0 interface,Box,,29.3 mm x 29 mm x 29 mm,80 g,C-mount,0 °C - 50 °C,,"CE (incl. RoHS), EAC, FCC Class B, GenICam, IP30, KC, RoHS, UKCA, UL (in preparation), USB3 Vision",,,"1""",15.78 mm,13.1 mm × 8.8 mm,17 fps,,"USB 3.0, nominal max. 5 Gbit/s (SuperSpeed)",hardware trigger / programmable via the camera API,1,2,2.9 W,,,,,,,,,,,,,,,,20 MP,1,,,,,,,,,,,,,,,,,,,,,,,,,,,,,,,,,,,,,,,,,,
Basler,acA1600-60gm,aca1600-60gm,Basler,106792,에어리어 스캔 카메라,Basler ace,36개월,e2v,EV76C570,Global & Rolling Shutter,CMOS,1602 px × 1202 px,4.5 μm × 4.5 μm,,Mono,Visible,GigE,12 bits,Ethernet connection / free-run / hardware trigger,Hirose HR10A 6-pin plug,PoE or 12 VDC,Box,,42 mm x 29 mm x 29 mm,90 g,C-mount,0 °C - 50 °C,,"CE (incl. RoHS), EAC, FCC, GenICam, GigE Vision, IEEE 802.3af (PoE), IP30, KC, RoHS, UKCA, UL",ace Classic,ace Classic,"1/1.8""",9 mm,7.2 mm × 5.4 mm,60 fps,RJ45 receptacle (GigE),"Fast Ethernet (100 Mbit/s), Gigabit Ethernet (1000 Mbit/s)",programmable via the camera API,1,,2.1 W,,47 % (typical),22 e¯ (typical),6.8 ke¯ (typical),49.8 dB (typical),38.3 dB (typical),,,,,,,,,2.7 W,2 MP,1,,,,,,,,,,,,,,,,,,,,,,,,,,,,,,,,,,,,,,,,,,
Basler,acA2440-35um,aca2440-35um,Basler,107208,에어리어 스캔 카메라,Basler ace,36개월,Sony,IMX264,Global Shutter,CMOS,2448 px × 2048 px,3.45 μm × 3.45 μm,,Mono,Visible,USB 3.0,10 bits / 12 bits,,Hirose HR10A 6-pin plug,Via USB 3.0 interface,Box,,29.3 mm x 29 mm x 29 mm,80 g,C-mount,0 °C - 50 °C,,"CE (incl. RoHS), EAC, FCC, GenICam, IP30, KC, RoHS, UKCA, UL, USB3 Vision",ace U,ace U,"2/3""",11.02 mm,8.45 mm × 7.07 mm,35 fpsCalculate individual frame rate,USB 3.0 Type Micro B receptacle,"USB 3.0, nominal max. 5 Gbit/s (SuperSpeed)",hardware trigger / programmable via the camera API,1,,2.5 W,,68 % (typical),2.3 e¯ (typical),10.5 ke¯ (typical),73.2 dB (typical),40.2 dB (typical),,,,,,,,,,5 MP,,,,,,,,,,,,,,,,,,,,,,,,,,,,,,,,,,,,,,,,,,,
Basler,a2A5328-22g5cBAS,a2a5328-22g5cbas,Basler,108632,에어리어 스캔 카메라,Basler ace 2,36개월,Sony,IMX540,Global Shutter,CMOS,5328 px × 4608 px,2.74 μm × 2.74 μm,,Color,Visible,5GigE,8 bits / 10 bits / 12 bits,,M8 6-Pin receptacle,12-24 VDC,Box,IP30,55.5 mm x 29 mm x 29 mm,100 g,C-mount,-10 °C - 50 °C,,"CE (incl. RoHS), EAC, FCC, GenICam, GigE Vision 2.0, IP30, KC, RoHS, UKCA, UL",ace 2 R,ace 2 R Basic,"1.2""",19.26 mm,14.57 mm × 12.6 mm,22 fpsCalculate individual frame rate,RJ45 receptacle (GigE),"Fast Ethernet (100 Mbit/s), Gigabit Ethernet (1000 Mbit/s), 2.5 Gigabit Ethernet (2500 Mbit/s), 5 Gigabit Ethernet (5000 Mbit/s)",hardware trigger / programmable via the camera API,1,,6.3 W,,,,,,,,,,,,,,,,24.4 MP,,,,,,,,,,,,,,,,,,,,,,,,,,,,,,,,,,,,,,,,,,,
Basler,acA2440-20gm,aca2440-20gm,Basler,108004,에어리어 스캔 카메라,Basler ace,36개월,Sony,IMX264,Global Shutter,CMOS,2448 px × 2048 px,3.45 μm × 3.45 μm,,Mono,Visible,GigE,10 bits / 12 bits,,Hirose HR10A 6-pin plug,PoE or 12-24 VDC,Box,,42 mm x 29 mm x 29 mm,90 g,C-mount,0 °C - 50 °C,,"CE (incl. RoHS), EAC, FCC, GenICam, GigE Vision, IP30, KC, RoHS, UKCA, UL",ace U,ace U,"2/3""",11.02 mm,8.45 mm × 7.07 mm,23 fpsCalculate individual frame rate,RJ45 receptacle (GigE),"Fast Ethernet (100 Mbit/s), Gigabit Ethernet (1000 Mbit/s)",hardware trigger / programmable via the camera API,1,,2.7 W,,68 % (typical),2.3 e¯ (typical),10.4 ke¯ (typical),73.3 dB (typical),40.2 dB (typical),,,,,,,,,3.3 W,5 MP,,,,,,,,,,,,,,,,,,,,,,,,,,,,,,,,,,,,,,,,,,,
Basler,daA3840-45um (No-Mount),daa3840-45um-no-mount,Basler,108270,에어리어 스캔 카메라,Basler dart,36개월,Sony,IMX334,Rolling Shutter,CMOS,3840 px × 2160 px,2 μm × 2 μm,,Mono,Visible,USB 3.0,8 bits / 12 bits,free-run / hardware trigger / software trigger,,Via USB 3.0 interface,Board Level,,7.9 mm x 27 mm x 27 mm,5 g,,0 °C - 75 °C,,"CE (incl. RoHS), EAC, FCC, GenICam, KC, RoHS, UKCA, UL, USB3 Vision",dart R,,"1/1.8""",8.81 mm,7.68 mm × 4.32 mm,45 fpsCalculate individual frame rate,,"USB 3.0, nominal max. 5 Gbit/s (SuperSpeed)",hardware trigger / programmable via the camera API,0,4,1.8 W,,,,6.9 ke¯ (typical),68.5 dB (typical),38.36 dB (typical),,,,,,,,,,,0,,,,,,,,,,,,,,,,,,,,In-camera,,,,,,,,,,,,,,,,,,,,,,
Basler,acA3800-14uc,aca3800-14uc,Basler,106537,에어리어 스캔 카메라,Basler ace,36개월,onsemi,MT9J003,Rolling Shutter,CMOS,3840 px × 2748 px,1.67 μm × 1.67 μm,,Color,Visible,USB 3.0,12 bits,,Hirose HR10A 6-pin plug,Via USB 3.0 interface,Box,,29.3 mm x 29 mm x 29 mm,80 g,C-mount,0 °C - 50 °C,,"CE (incl. RoHS), EAC, FCC, GenICam, IP30, KC, RoHS, UKCA, UL, USB3 Vision",ace Classic,ace Classic,"1/2.3""",7.93 mm,6.44 mm × 4.62 mm,14 fps,USB 3.0 Type Micro B receptacle,"USB 3.0, nominal max. 5 Gbit/s (SuperSpeed)",programmable via the camera API,1,,2.8 W,,,,,,,,,,,,,,,,10 MP,,,,,,,,,,,,,,,,,,,,,,,,,,,,,,,,,,,,,,,,,,,
Basler,daA3840-45uc (S-Mount),daa3840-45uc-s-mount,Basler,108274,에어리어 스캔 카메라,Basler dart,36개월,Sony,IMX334,Rolling Shutter,CMOS,3840 px × 2160 px,2 μm × 2 μm,,Color,Visible,USB 3.0,8 bits / 12 bits,free-run / hardware trigger / software trigger,,Via USB 3.0 interface,Board Level,,19.9 mm x 29.3 mm x 29 mm,5 g,,0 °C - 50 °C,,"CE (incl. RoHS), EAC, FCC, GenICam, KC, RoHS, UKCA, UL, USB3 Vision",dart R,,"1/1.8""",8.81 mm,7.68 mm × 4.32 mm,45 fpsCalculate individual frame rate,,"USB 3.0, nominal max. 5 Gbit/s (SuperSpeed)",hardware trigger / programmable via the camera API,0,4,2 W,,,,,,,,,,,,,,,,,0,,,,,,,,,,,,,,,,,,,,In-camera,,,,,,,,,,,,,,,,,,,,,,
Basler,a2A2590-22gmBAS,a2a2590-22gmbas,Basler,108030,에어리어 스캔 카메라,Basler ace 2,36개월,Sony,IMX334ROI,Rolling Shutter,CMOS,2592 px × 1944 px,2 μm × 2 μm,,Mono,Visible,GigE,8 bits / 10 bits / 12 bits,,M8 6-Pin receptacle,PoE or 12-24 VDC,Box,IP30,55.5 mm x 29 mm x 29 mm,100 g,C-mount,-10 °C - 60 °C,,"CE (incl. RoHS), EAC, FCC, GenICam, GigE Vision 2.0, IP30, KC, RoHS, UKCA, UL",ace 2 R,ace 2 R Basic,"1/2.8""",6.5 mm,5.2 mm × 3.9 mm,22 fpsCalculate individual frame rate,RJ45 receptacle (GigE),"Fast Ethernet (100 Mbit/s), Gigabit Ethernet (1000 Mbit/s)",hardware trigger / programmable via the camera API,1,2,2.5 W,541 nm,72.9 % (typical),1.96 e¯ (typical),7.2 ke¯ (typical),69.2 dB (typical),39 dB (typical),,,,,,,,,,5 MP,,,,,,,,,,,,,,,,,,,,,,,,,,,,,,,,,,,,,,,,,,,
Basler,a2A4200-12gcPRO,a2a4200-12gcpro,Basler,108361,에어리어 스캔 카메라,Basler ace 2,36개월,Gpixel,GMAX2509,Global Shutter,CMOS,4200 px × 2160 px,2.5 μm × 2.5 μm,,Color,Visible,GigE,8 bits / 10 bits / 12 bits,,M8 6-Pin receptacle,PoE or 12-24 VDC,Box,IP30,55 mm x 29 mm x 29 mm,100 g,C-mount,-10 °C - 50 °C,,"CE (incl. RoHS), EAC, FCC, GenICam, GigE Vision 2.0, IP30, KC, RoHS, UKCA, UL",ace 2 R,ace 2 R Pro,"2/3""",11.8 mm,10.52 mm × 5.42 mm,12 fpsCalculate individual frame rate,RJ45 receptacle (GigE),"Fast Ethernet (100 Mbit/s), Gigabit Ethernet (1000 Mbit/s)",hardware trigger / programmable via the camera API,1,2,3.8 W,,,,,,,,,,,,,,,4.9 W,9.1 MP,,,,,,,,,,,,,,,,,,,,,,,,,,,,,,,,,,,,,,,,,,,
Basler,daA2448-70uc (CS-Mount),daa2448-70uc-cs-mount,Basler,108624,에어리어 스캔 카메라,Basler dart,36개월,Sony,IMX548,Global Shutter,CMOS,2448 px × 2048 px,2.74 μm × 2.74 μm,,Color,Visible,USB 3.0,8 bits / 10 bits / 12 bits,,,,Board Level,,19.3 mm x 29.3 mm x 29 mm,15 g,,0 °C - 50 °C,,"CE (incl. RoHS), EAC, GenICam, KC, RoHS, UKCA, UL, USB3 Vision",dart R,,"1/1.8""",8.7 mm,6.71 mm × 5.61 mm,72 fpsCalculate individual frame rate,,"USB 3.0, nominal max. 5 Gbit/s (SuperSpeed)",,0,4,,,,,,,,,,,,,,,,,,0,,,,,,,,,,,,,,,,,,,,,,,,,,,,,,,,,,,,,,,,,,
Basler,a2A5328-4gmBAS,a2a5328-4gmbas,Basler,108117,에어리어 스캔 카메라,Basler ace 2,36개월,Sony,IMX540,Global Shutter,CMOS,5328 px × 4608 px,2.74 μm × 2.74 μm,,Mono,Visible,GigE,8 bits / 10 bits / 12 bits,,M8 6-Pin receptacle,PoE or 12-24 VDC,Box,IP30,55.5 mm x 29 mm x 29 mm,100 g,C-mount,-10 °C - 60 °C,,"CE (incl. RoHS), EAC, FCC, GenICam, GigE Vision 2.0, IP30, KC, RoHS, UKCA, UL",ace 2 R,ace 2 R Basic,"1.2""",19.26 mm,14.57 mm × 12.6 mm,4 fpsCalculate individual frame rate,RJ45 receptacle (GigE),"Fast Ethernet (100 Mbit/s), Gigabit Ethernet (1000 Mbit/s)",hardware trigger / programmable via the camera API,1,,2.9 W,541 nm,66.3 % (typical),2.2 e¯ (typical),9.661 ke¯ (typical),70.7 dB (typical),39.85 dB (typical),,,,,,,,,,24.4 MP,,,,,,,,,,,,,,,,,,,,,,,,,,,,,,,,,,,,,,,,,,,
Basler,acA2500-20gc,aca2500-20gc,Basler,107260,에어리어 스캔 카메라,Basler ace,36개월,onsemi,PYTHON 5000,Global Shutter,CMOS,2590 px × 2048 px,4.8 μm × 4.8 μm,,Color,Visible,GigE,10 bits,,Hirose HR10A 6-pin plug,PoE or 12-24 VDC,Box,,42 mm x 29 mm x 29 mm,90 g,C-mount,0 °C - 50 °C,,"CE (incl. RoHS), EAC, FCC, GenICam, GigE Vision, IEEE 802.3af (PoE), IP30, KC, RoHS, UKCA, UL",ace U,ace U,"1""",15.86 mm,12.44 mm × 9.83 mm,21 fpsCalculate individual frame rate,RJ45 receptacle (GigE),"Fast Ethernet (100 Mbit/s), Gigabit Ethernet (1000 Mbit/s)",hardware trigger / programmable via the camera API,1,,3.2 W,,,,,,,,,,,,,,,3.2 W,5 MP,,,,,,,,,,,,,,,,,,,,,,,,,,,,,,,,,,,,,,,,,,,
Basler,boA2832-190cm,boa2832-190cm,Basler,108670,에어리어 스캔 카메라,Basler boost,36개월,Sony,IMX536,Global Shutter,CMOS,2832 px × 2840 px,2.74 μm × 2.74 μm,,Mono,Visible,CoaXPress (CXP-12),8 bits / 10 bits / 12 bits,free-run / hardware trigger / software trigger,,PoCXP or 24 VDC,Box,,45 mm x 80 mm x 80 mm,525 g,C-mount / F-mount / M42 x 0.75 / M42 x 1,0 °C - 50 °C,,"CE (incl. RoHS), CoaXPress 2.0, EAC, FCC, GenICam, KC, RoHS, UKCA, UL",boost R,,"2/3""",11 mm,7.8 mm × 7.8 mm,190 fpsCalculate individual frame rate,,CoaXPress (2.5–12.5 Gbps),hardware trigger / programmable via the camera API,,2,12 W,,66.2 % (typical),2.2 e¯ (typical),9.6 ke¯ (typical),70 dB (typical),40 dB (typical),,,,,,,,,,8 MP,1,,,,,,,,,,,,,,,,,,,,,,,,,,,,,,,,,,,,,,,,,,
Basler,a2A1920-160ucPRO,a2a1920-160ucpro,Basler,107962,에어리어 스캔 카메라,Basler ace 2,36개월,Sony,IMX392,Global Shutter,CMOS,1920 px × 1200 px,3.45 μm × 3.45 μm,,Color,Visible,USB 3.0,8 bits / 10 bits / 12 bits,,M8 6-Pin receptacle,Via USB 3.0 interface or 12-24 VDC,Box,IP30,42.8 mm x 29 mm x 29 mm,90 g,C-mount,-10 °C - 50 °C,,"CE (incl. RoHS), EAC, FCC, GenICam, IP30, KC, RoHS, UKCA, UL, USB3 Vision",ace 2 R,ace 2 R Pro,"1/2.3""",7.77 mm,6.6 mm × 4.1 mm,160 fpsCalculate individual frame rate,USB 3.0 Type Micro B receptacle,"USB 3.0, nominal max. 5 Gbit/s (SuperSpeed)",hardware trigger / programmable via the camera API,1,2,3.4 W,,,,,,,,,,,,,,,,2.3 MP,,,up to 168 fps,,,,,,,,,,,,,,,,,,,,,,,,,,,,,,,,,,,,,,,,
Basler,acA1920-155um,aca1920-155um,Basler,106879,에어리어 스캔 카메라,Basler ace,36개월,Sony,IMX174,Global Shutter,CMOS,1920 px × 1200 px,5.86 μm × 5.86 μm,,Mono,Visible,USB 3.0,10 bits / 12 bits,,Hirose HR10A 6-pin plug,Via USB 3.0 interface,Box,,29.3 mm x 29 mm x 29 mm,80 g,C-mount,0 °C - 50 °C,,"CE (incl. RoHS), EAC, FCC, GenICam, IP30, KC, RoHS, UKCA, UL, USB3 Vision",ace U,ace U,"1/1.2""",13.39 mm,11.33 mm × 7.13 mm,164 fpsCalculate individual frame rate,USB 3.0 Type Micro B receptacle,"USB 3.0, nominal max. 5 Gbit/s (SuperSpeed)",hardware trigger / programmable via the camera API,1,,3.4 W,,70 % (typical),6.6 e¯ (typical),32.7 ke¯ (typical),73.6 dB (typical),45.1 dB (typical),,,,,,,,,,2.3 MP,,,,,,,,,,,,,,,,,,,,,,,,,,,,,,,,,,,,,,,,,,,
Basler,a2A5320-23umBAS,a2a5320-23umbas,Basler,108171,에어리어 스캔 카메라,Basler ace 2,36개월,Sony,IMX542,Global Shutter,CMOS,5320 px × 3032 px,2.74 μm × 2.74 μm,,Mono,Visible,USB 3.0,8 bits / 10 bits / 12 bits,,M8 6-Pin receptacle,Via USB 3.0 interface,Box,IP30,42.8 mm x 29 mm x 29 mm,85 g,C-mount,-10 °C - 60 °C,,"CE (incl. RoHS), EAC, FCC, GenICam, IP30, KC, RoHS, UKCA, UL, USB3 Vision",ace 2 R,ace 2 R Basic,"1.1""",16.78 mm,14.58 mm × 8.31 mm,23 fpsCalculate individual frame rate,USB 3.0 Type Micro B receptacle,"USB 3.0, nominal max. 5 Gbit/s (SuperSpeed)",hardware trigger / programmable via the camera API,1,2,3.3 W,541 nm,65.7 % (typical),2.1 e¯ (typical),9.65 ke¯ (typical),70.9 dB (typical),39.84 dB (typical),,,,,,,,,,16.1 MP,,,,,,,,,,,,,,,,,,,,,,,,,,,,,,,,,,,,,,,,,,,
Basler,a2A4504-5gcBAS,a2a4504-5gcbas,Basler,108164,에어리어 스캔 카메라,Basler ace 2,36개월,Sony,IMX541,Global Shutter,CMOS,4504 px × 4504 px,2.74 μm × 2.74 μm,,Color,Visible,GigE,8 bits / 10 bits / 12 bits,,M8 6-Pin receptacle,PoE or 12-24 VDC,Box,IP30,55.5 mm x 29 mm x 29 mm,100 g,C-mount,-10 °C - 60 °C,,"CE (incl. RoHS), EAC, FCC, GenICam, GigE Vision 2.0, IP30, KC, RoHS, UKCA, UL",ace 2 R,ace 2 R Basic,"1.1""",17.45 mm,12.34 mm × 12.34 mm,5 fpsCalculate individual frame rate,RJ45 receptacle (GigE),"Fast Ethernet (100 Mbit/s), Gigabit Ethernet (1000 Mbit/s)",hardware trigger / programmable via the camera API,1,2,3.2 W,525 nm,,,10 ke¯ (typical),70.9 dB (typical),39.82 dB (typical),,,,,,,,,,20.2 MP,,,,,,,,,,,,,,,,,,,,,,50.88 % (typical),,,,,,,,,,,,,,,,,,,,,
Basler,a2A5320-34g5cBAS,a2a5320-34g5cbas,Basler,108636,에어리어 스캔 카메라,Basler ace 2,36개월,Sony,IMX542,Global Shutter,CMOS,5320 px × 3032 px,2.74 μm × 2.74 μm,,Color,Visible,5GigE,8 bits / 10 bits / 12 bits,,M8 6-Pin receptacle,12-24 VDC,Box,IP30,55.5 mm x 29 mm x 29 mm,100 g,C-mount,-10 °C - 50 °C,,"CE (incl. RoHS), EAC, FCC, GenICam, GigE Vision 2.0, IP30, KC, RoHS, UKCA, UL",ace 2 R,ace 2 R Basic,"1.1""",16.78 mm,14.58 mm × 8.31 mm,34 fpsCalculate individual frame rate,RJ45 receptacle (GigE),"Fast Ethernet (100 Mbit/s), Gigabit Ethernet (1000 Mbit/s), 2.5 Gigabit Ethernet (2500 Mbit/s), 5 Gigabit Ethernet (5000 Mbit/s)",hardware trigger / programmable via the camera API,1,2,6.2 W,,,,,,,,,,,,,,,,16.1 MP,,,,,,,,,,,,,,,,,,,,,,,,,,,,,,,,,,,,,,,,,,,
Basler,boA4096-180cm,boa4096-180cm,Basler,108668,에어리어 스캔 카메라,Basler boost,36개월,Sony,IMX535,Global Shutter,CMOS,4096 px × 3000 px,2.74 μm × 2.74 μm,,Mono,Visible,CoaXPress (CXP-12),8 bits / 10 bits / 12 bits,free-run / hardware trigger / software trigger,,PoCXP or 24 VDC,Box,,45 mm x 80 mm x 80 mm,525 g,C-mount / F-mount / M42 x 0.75 / M42 x 1,0 °C - 50 °C,,"CE (incl. RoHS), CoaXPress 2.0, EAC, FCC, GenICam, KC, RoHS, UKCA, UL",boost R,,"1/1.1""",13.9 mm,11.2 mm × 8.2 mm,180 fpsCalculate individual frame rate,,CoaXPress (2.5–12.5 Gbps),hardware trigger / programmable via the camera API,,2,12 W,,65.9 % (typical),2.6 e¯ (typical),9.9 ke¯ (typical),70 dB (typical),40 dB (typical),,,,,,,,,,12 MP,1,,,,,,,,,,,,,,,,,,,,,,,,,,,,,,,,,,,,,,,,,,
Basler,a2A4096-9gmPRO,a2a4096-9gmpro,Basler,108422,에어리어 스캔 카메라,Basler ace 2,36개월,Sony,IMX545,Global Shutter,CMOS,4096 px × 3000 px,2.74 μm × 2.74 μm,,Mono,Visible,GigE,8 bits / 10 bits / 12 bits,,M8 6-Pin receptacle,PoE or 12-24 VDC,Box,IP30,55.5 mm x 29 mm x 29 mm,100 g,C-mount,-10 °C - 50 °C,,"CE (incl. RoHS), EAC, FCC, GenICam, GigE Vision 2.0, IP30, KC, RoHS, UKCA, UL",ace 2 R,ace 2 R Pro,"1/1.1""",13.91 mm,11.22 mm × 8.22 mm,9 fpsCalculate individual frame rate,RJ45 receptacle (GigE),"Fast Ethernet (100 Mbit/s), Gigabit Ethernet (1000 Mbit/s)",hardware trigger / programmable via the camera API,1,2,3.1 W,541 nm,66.8 % (typical),2.5 e¯ (typical),9.9 ke¯ (typical),70.2 dB (typical),40 dB (typical),,,,,,,,,,12.3 MP,,,,,,,,,,,,,,,,,,,,,,,,,,,,,,,,,,,,,,,,,,,
Basler,acA3088-57um,aca3088-57um,Basler,107402,에어리어 스캔 카메라,Basler ace,36개월,Sony,IMX178,Rolling Shutter,CMOS,3088 px × 2064 px,2.4 μm × 2.4 μm,,Mono,Visible,USB 3.0,10 bits / 12 bits,,Hirose HR10A 6-pin plug,Via USB 3.0 interface,Box,,29.3 mm x 29 mm x 29 mm,80 g,C-mount,0 °C - 50 °C,,"CE (incl. RoHS), EAC, FCC, GenICam, IP30, KC, RoHS, UKCA, UL, USB3 Vision",ace U,ace U,"1/1.8""",8.91 mm,7.41 mm × 4.95 mm,59 fpsCalculate individual frame rate,USB 3.0 Type Micro B receptacle,"USB 3.0, nominal max. 5 Gbit/s (SuperSpeed)",programmable via the camera API,1,,3 W,,80 % (typical),3.2 e¯ (typical),14.4 ke¯ (typical),73 dB (typical),41.6 dB (typical),,,,,,,,,,6 MP,,,,,,,,,,,,,,,,,,,,,,,,,,,,,,,,,,,,,,,,,,,
Basler,a2A4504-18umBAS,a2a4504-18umbas,Basler,108161,에어리어 스캔 카메라,Basler ace 2,36개월,Sony,IMX541,Global Shutter,CMOS,4504 px × 4504 px,2.74 μm × 2.74 μm,,Mono,Visible,USB 3.0,8 bits / 10 bits / 12 bits,,M8 6-Pin receptacle,Via USB 3.0 interface,Box,IP30,42.8 mm x 29 mm x 29 mm,85 g,C-mount,-10 °C - 60 °C,,"CE (incl. RoHS), EAC, FCC, GenICam, IP30, KC, RoHS, UKCA, UL, USB3 Vision",ace 2 R,ace 2 R Basic,"1.1""",17.45 mm,12.34 mm × 12.34 mm,18 fpsCalculate individual frame rate,USB 3.0 Type Micro B receptacle,"USB 3.0, nominal max. 5 Gbit/s (SuperSpeed)",hardware trigger / programmable via the camera API,1,2,3.4 W,541 nm,65.9 % (typical),2.1 e¯ (typical),9.4 ke¯ (typical),70.8 dB (typical),39.74 dB (typical),,,,,,,,,,20.2 MP,,,,,,,,,,,,,,,,,,,,,,,,,,,,,,,,,,,,,,,,,,,
Basler,MED ace 20.0 MP 17 color,med-ace-20-0-mp-17-color,Basler,108145,에어리어 스캔 카메라,Basler MED ace,36개월,Sony,IMX183,Rolling Shutter,CMOS,5472 px × 3648 px,2.4 μm × 2.4 μm,,Color,Visible,USB 3.0,10 bits / 12 bits,free-run / hardware trigger / software trigger,,Via USB 3.0 interface,Box,,29.3 mm x 29 mm x 29 mm,80 g,C-mount,0 °C - 50 °C,,"CE (incl. RoHS), EAC, FCC Class B, GenICam, IP30, KC, RoHS, UKCA, UL (in preparation), USB3 Vision",,,"1""",15.78 mm,13.1 mm × 8.8 mm,17 fps,,"USB 3.0, nominal max. 5 Gbit/s (SuperSpeed)",hardware trigger / programmable via the camera API,1,2,3.1 W,,,,,,,,,,,,,,,,20 MP,1,,,,,,,,,,,,,,,,,,,,,,,,,,,,,,,,,,,,,,,,,,
Basler,acA800-510uc,aca800-510uc,Basler,106765,에어리어 스캔 카메라,Basler ace,36개월,onsemi,PYTHON 500,Global Shutter,CMOS,800 px × 600 px,4.8 μm × 4.8 μm,,Color,Visible,USB 3.0,10 bits,,Hirose HR10A 6-pin plug,Via USB 3.0 interface,Box,,29.3 mm x 29 mm x 29 mm,80 g,C-mount,0 °C - 50 °C,,"CE (incl. RoHS), EAC, FCC, GenICam, IP30, KC, RoHS, UKCA, UL, USB3 Vision",ace U,ace U,"1/3.6""",4.8 mm,3.84 mm × 2.88 mm,511 fpsCalculate individual frame rate,USB 3.0 Type Micro B receptacle,"USB 3.0, nominal max. 5 Gbit/s (SuperSpeed)",hardware trigger / programmable via the camera API,1,,3 W,,,,,,,,,,,,,,,,0.48 MP,,,,,,,,,,,,,,,,,,,,,,,,,,,,,,,,,,,,,,,,,,,
Basler,a2A4508-20umBAS,a2a4508-20umbas,Basler,108456,에어리어 스캔 카메라,Basler ace 2,36개월,Gpixel,GMAX2518,Global Shutter,CMOS,4508 px × 4096 px,2.5 μm × 2.5 μm,,Mono,Visible,USB 3.0,8 bits / 10 bits / 12 bits,,M8 6-Pin receptacle,Via USB 3.0 interface,Box,IP30,42.8 mm x 29 mm x 29 mm,85 g,C-mount,-10 °C - 60 °C,,"CE (incl. RoHS), EAC, FCC, GenICam, IP30, KC, RoHS, UKCA, UL, USB3 Vision",ace 2 R,ace 2 R Basic,"1""",15.2 mm,11.27 mm × 10.24 mm,20 fpsCalculate individual frame rate,USB 3.0 Type Micro B receptacle,"USB 3.0, nominal max. 5 Gbit/s (SuperSpeed)",hardware trigger / programmable via the camera API,1,2,3.4 W,541 nm,56.3 % (typical),3.2 e¯ (typical),5.7 ke¯ (typical),63.8 dB (typical),37.6 dB (typical),,,,,,,,,,18.4 MP,,,,,,,,,,,,,,,,,,,,,,,,,,,,,,,,,,,,,,,,,,,
Basler,boA4500-45cm,boa4500-45cm,Basler,108389,에어리어 스캔 카메라,Basler boost,36개월,onsemi,XGS 20000,Global Shutter,CMOS,4500 px × 4500 px,3.2 μm × 3.2 μm,,Mono,Visible,CoaXPress (CXP-12),10 bits / 12 bits,free-run / hardware trigger / software trigger,,PoCXP or 24 VDC,Box,,49.1 mm x 80 mm x 80 mm,525 g,F-mount / M42 x 0.75 / M42 x 1,0 °C - 50 °C,,"CE (incl. RoHS), CoaXPress 2.0, EAC, GenICam, KC, RoHS, UL",boost R,,"1.3""",20.36 mm,14.4 mm × 14.4 mm,45 fpsCalculate individual frame rate,,CoaXPress (2.5–12.5 Gbps),hardware trigger / programmable via the camera API,1,2,9.7 W,,55.3 % (typical),4.3 e¯ (typical),9.2 ke¯ (typical),65.6 dB (typical),39.66 dB (typical),,,,,,,,,,20 MP,,,,,,,,,,,,,,,,,,,,,,,,,,,,,,,,,,,,,,,,,,,
Basler,acA4096-30uc,aca4096-30uc,Basler,107421,에어리어 스캔 카메라,Basler ace,36개월,Sony,IMX267,Global Shutter,CMOS,4096 px × 2160 px,3.45 μm × 3.45 μm,,Color,Visible,USB 3.0,10 bits / 12 bits,,Hirose HR10A 6-pin plug,Via USB 3.0 interface,Box,,35.8 mm x 40 mm x 30 mm,136 g,C-mount,0 °C - 50 °C,,"CE (incl. RoHS), EAC, FCC, GenICam, IP30, KC, RoHS, UKCA, UL, USB3 Vision",ace L,ace L,"1""",15.97 mm,14.13 mm × 7.45 mm,32 fpsCalculate individual frame rate,USB 3.0 Type Micro B receptacle,"USB 3.0, nominal max. 5 Gbit/s (SuperSpeed)",hardware trigger / programmable via the camera API,1,,3.2 W,,,,,,,,,,,,,,,,9 MP,,,,,,,,,,,,,,,,,,,,,,,,,,,,,,,,,,,,,,,,,,,
Basler,acA800-200gm,aca800-200gm,Basler,106766,에어리어 스캔 카메라,Basler ace,36개월,onsemi,PYTHON 500,Global Shutter,CMOS,800 px × 600 px,4.8 μm × 4.8 μm,,Mono,Visible,GigE,10 bits,,Hirose HR10A 6-pin plug,PoE or 12-24 VDC,Box,,42 mm x 29 mm x 29 mm,90 g,C-mount,0 °C - 50 °C,,"CE (incl. RoHS), EAC, FCC, GenICam, GigE Vision, IEEE 802.3af (PoE), IP30, KC, RoHS, UKCA, UL",ace U,ace U,"1/3.6""",4.8 mm,3.84 mm × 2.88 mm,240 fpsCalculate individual frame rate,RJ45 receptacle (GigE),"Fast Ethernet (100 Mbit/s), Gigabit Ethernet (1000 Mbit/s)",hardware trigger / programmable via the camera API,1,,3.5 W,,54 % (typical),10.7 e¯ (typical),7.8 ke¯ (typical),57.3 dB (typical),38.9 dB (typical),,,,,,,,,3.5 W,0.48 MP,,,,,,,,,,,,,,,,,,,,,,,,,,,,,,,,,,,,,,,,,,,
Basler,a2A4096-9gcBAS,a2a4096-9gcbas,Basler,108411,에어리어 스캔 카메라,Basler ace 2,36개월,Sony,IMX545,Global Shutter,CMOS,4096 px × 3000 px,2.74 μm × 2.74 μm,,Color,Visible,GigE,8 bits / 10 bits / 12 bits,,M8 6-Pin receptacle,PoE or 12-24 VDC,Box,IP30,55.5 mm x 29 mm x 29 mm,100 g,C-mount,-10 °C - 60 °C,,"CE (incl. RoHS), EAC, FCC, GenICam, GigE Vision 2.0, IP30, KC, RoHS, UKCA, UL",ace 2 R,ace 2 R Basic,"1/1.1""",13.91 mm,11.22 mm × 8.22 mm,9 fpsCalculate individual frame rate,RJ45 receptacle (GigE),"Fast Ethernet (100 Mbit/s), Gigabit Ethernet (1000 Mbit/s)",hardware trigger / programmable via the camera API,1,2,3 W,525 nm,,2.49 e¯ (typical),12.4 ke¯ (typical),72.1 dB (typical),40.94 dB (typical),,,,,,,,,,12.3 MP,,,,,,,,,,,,,,,,,,,,,,52.89 % (typical),,,,,,,,,,,,,,,,,,,,,
Basler,acA800-510um,aca800-510um,Basler,106764,에어리어 스캔 카메라,Basler ace,36개월,onsemi,PYTHON 500,Global Shutter,CMOS,800 px × 600 px,4.8 μm × 4.8 μm,,Mono,Visible,USB 3.0,10 bits,,Hirose HR10A 6-pin plug,Via USB 3.0 interface,Box,,29.3 mm x 29 mm x 29 mm,80 g,C-mount,0 °C - 50 °C,,"CE (incl. RoHS), EAC, FCC, GenICam, IP30, KC, RoHS, UKCA, UL, USB3 Vision",ace U,ace U,"1/3.6""",4.8 mm,3.84 mm × 2.88 mm,511 fpsCalculate individual frame rate,USB 3.0 Type Micro B receptacle,"USB 3.0, nominal max. 5 Gbit/s (SuperSpeed)",hardware trigger / programmable via the camera API,1,,3 W,,52 % (typical),10.7 e¯ (typical),7 ke¯ (typical),56.4 dB (typical),38.5 dB (typical),,,,,,,,,,0.48 MP,,,,,,,,,,,,,,,,,,,,,,,,,,,,,,,,,,,,,,,,,,,
Basler,a2A2448-23gmBAS,a2a2448-23gmbas,Basler,109727,에어리어 스캔 카메라,Basler ace 2,36개월,Sony,IMX547,Global Shutter,CMOS,2448 px × 2048 px,2.74 μm × 2.74 μm,,Mono,Visible,GigE,8 bits / 10 bits / 12 bits,,M8 6-Pin receptacle,PoE or 12-24 VDC,Box,IP30,55.5 mm x 29 mm x 29 mm,100 g,C-mount,-10 °C - 60 °C,,"CE (incl. RoHS), EAC, FCC, GenICam, GigE Vision 2.0, IP30, KC, RoHS, UKCA, UL",ace 2 R,ace 2 R Basic,"1/1.8""",8.75 mm,6.71 mm × 5.61 mm,23 fpsCalculate individual frame rate,RJ45 receptacle (GigE),"Fast Ethernet (100 Mbit/s), Gigabit Ethernet (1000 Mbit/s)",hardware trigger / programmable via the camera API,1,2,2.8 W,541 nm,65.8 % (typical),2.5 e¯ (typical),9.8 ke¯ (typical),70 dB (typical),39.89 dB (typical),,,,,,,,,,5 MP,,,,,,,,,,,,,,,,,,,,,,,,,,,,,,,,,,,,,,,,,,,
Basler,a2A4200-12gmPRO,a2a4200-12gmpro,Basler,108360,에어리어 스캔 카메라,Basler ace 2,36개월,Gpixel,GMAX2509,Global Shutter,CMOS,4200 px × 2160 px,2.5 μm × 2.5 μm,,Mono,Visible,GigE,8 bits / 10 bits / 12 bits,,M8 6-Pin receptacle,PoE or 12-24 VDC,Box,IP30,55 mm x 29 mm x 29 mm,100 g,C-mount,-10 °C - 50 °C,,"CE (incl. RoHS), EAC, FCC, GenICam, GigE Vision 2.0, IP30, KC, RoHS, UKCA, UL",ace 2 R,ace 2 R Pro,"2/3""",11.8 mm,10.52 mm × 5.42 mm,12 fpsCalculate individual frame rate,RJ45 receptacle (GigE),"Fast Ethernet (100 Mbit/s), Gigabit Ethernet (1000 Mbit/s)",hardware trigger / programmable via the camera API,1,2,3.6 W,541 nm,52.7 % (typical),1.1 e¯ (typical),4.6 ke¯ (typical),68.8 dB (typical),36.7 dB (typical),,,,,,,,,4.9 W,9.1 MP,,,,,,,,,,,,,,,,,,,,,,,,,,,,,,,,,,,,,,,,,,,
Basler,a2A4096-30umPRO,a2a4096-30umpro,Basler,108420,에어리어 스캔 카메라,Basler ace 2,36개월,Sony,IMX545,Global Shutter,CMOS,4096 px × 3000 px,2.74 μm × 2.74 μm,,Mono,Visible,USB 3.0,8 bits / 10 bits / 12 bits,,M8 6-Pin receptacle,Via USB 3.0 interface or 12-24 VDC,Box,IP30,42.8 mm x 29 mm x 29 mm,90 g,C-mount,-10 °C - 50 °C,,"CE (incl. RoHS), EAC, FCC, GenICam, IP30, KC, RoHS, UKCA, UL, USB3 Vision",ace 2 R,ace 2 R Pro,"1/1.1""",13.91 mm,11.22 mm × 8.22 mm,30 fpsCalculate individual frame rate,USB 3.0 Type Micro B receptacle,"USB 3.0, nominal max. 5 Gbit/s (SuperSpeed)",hardware trigger / programmable via the camera API,1,2,3 W,541 nm,64.9 % (typical),2.5 e¯ (typical),9.7 ke¯ (typical),70 dB (typical),39.9 dB (typical),,,,,,,,,,12.3 MP,,,,,,,,,,,,,,,,,,,,,,,,,,,,,,,,,,,,,,,,,,,
Basler,acA1920-25gc (CS-Mount),aca1920-25gc-cs-mount,Basler,106800,에어리어 스캔 카메라,Basler ace,36개월,onsemi,MT9P031,Rolling Shutter,CMOS,1920 px × 1080 px,2.2 μm × 2.2 μm,,Color,Visible,GigE,12 bits,Ethernet connection / free-run / hardware trigger,Hirose HR10A 6-pin plug,PoE or 12 VDC,Box,,42 mm x 29 mm x 29 mm,90 g,CS-mount,0 °C - 50 °C,,"CE (incl. RoHS), EAC, FCC, GenICam, GigE Vision, IEEE 802.3af (PoE), IP30, KC, RoHS, UKCA, UL",ace Classic,ace Classic,"1/3.7""",4.84 mm,4.22 mm × 2.38 mm,25 fps,RJ45 receptacle (GigE),"Fast Ethernet (100 Mbit/s), Gigabit Ethernet (1000 Mbit/s)",hardware trigger / programmable via the camera API,1,,2.2 W,,,6.7 e¯ (typical),6.8 ke¯ (typical),60 dB (typical),38.3 dB (typical),,,,,,,,,2.7 W,2 MP,1,,,,,,,,,,,,,,,,,,,,,41.09 % (typical),7.21 % (typical),6.72 % (typical),,,,,,,,,,,,,,,,,,,
Basler,a2A2840-14gcPRO,a2a2840-14gcpro,Basler,108427,에어리어 스캔 카메라,Basler ace 2,36개월,Sony,IMX546,Global Shutter,CMOS,2840 px × 2840 px,2.74 μm × 2.74 μm,,Color,Visible,GigE,8 bits / 10 bits / 12 bits,,M8 6-Pin receptacle,PoE or 12-24 VDC,Box,IP30,55.5 mm x 29 mm x 29 mm,100 g,C-mount,-10 °C - 50 °C,,"CE (incl. RoHS), EAC, FCC, GenICam, GigE Vision 2.0, IP30, KC, RoHS, UKCA, UL",ace 2 R,ace 2 R Pro,"2/3""",11 mm,7.78 mm × 7.78 mm,14 fpsCalculate individual frame rate,RJ45 receptacle (GigE),"Fast Ethernet (100 Mbit/s), Gigabit Ethernet (1000 Mbit/s)",hardware trigger / programmable via the camera API,1,2,3.2 W,,,,,,,,,,,,,,,,8 MP,,,,,,,,,,,,,,,,,,,,,,,,,,,,,,,,,,,,,,,,,,,
Basler,a2A4096-30ucPRO,a2a4096-30ucpro,Basler,108421,에어리어 스캔 카메라,Basler ace 2,36개월,Sony,IMX545,Global Shutter,CMOS,4096 px × 3000 px,2.74 μm × 2.74 μm,,Color,Visible,USB 3.0,8 bits / 10 bits / 12 bits,,M8 6-Pin receptacle,Via USB 3.0 interface or 12-24 VDC,Box,IP30,42.8 mm x 29 mm x 29 mm,90 g,C-mount,-10 °C - 50 °C,,"CE (incl. RoHS), EAC, FCC, GenICam, IP30, KC, RoHS, UKCA, UL, USB3 Vision",ace 2 R,ace 2 R Pro,"1/1.1""",13.91 mm,11.22 mm × 8.22 mm,30 fpsCalculate individual frame rate,USB 3.0 Type Micro B receptacle,"USB 3.0, nominal max. 5 Gbit/s (SuperSpeed)",hardware trigger / programmable via the camera API,1,2,3.5 W,525 nm,,2.49 e¯ (typical),12.4 ke¯ (typical),72.1 dB (typical),40.94 dB (typical),,,,,,,,,,12.3 MP,,,,,,,,,,,,,,,,,,,,,,52.89 % (typical),,,,,,,,,,,,,,,,,,,,,
Basler,a2A4508-20ucPRO,a2a4508-20ucpro,Basler,108459,에어리어 스캔 카메라,Basler ace 2,36개월,Gpixel,GMAX2518,Global Shutter,CMOS,4508 px × 4096 px,2.5 μm × 2.5 μm,,Color,Visible,USB 3.0,8 bits / 10 bits / 12 bits,,M8 6-Pin receptacle,Via USB 3.0 interface or 12-24 VDC,Box,IP30,42.8 mm x 29 mm x 29 mm,90 g,C-mount,-10 °C - 50 °C,,"CE (incl. RoHS), EAC, FCC, GenICam, IP30, KC, RoHS, UKCA, UL, USB3 Vision",ace 2 R,ace 2 R Pro,"1""",15.2 mm,11.27 mm × 10.24 mm,20 fpsCalculate individual frame rate,USB 3.0 Type Micro B receptacle,"USB 3.0, nominal max. 5 Gbit/s (SuperSpeed)",hardware trigger / programmable via the camera API,1,2,4 W,,65.7 % (typical),2.1 e¯ (typical),9.6 ke¯ (typical),70.9 dB (typical),39.8 dB (typical),,,,,,,,,,18.4 MP,,,,,,,,,,,,,,,,,,,,,,,,,,,,,,,,,,,,,,,,,,,
Basler,acA2040-90umNIR,aca2040-90umnir,Basler,106555,에어리어 스캔 카메라,Basler ace,36개월,ams,CMV4000 NIR-enhanced,Global Shutter,CMOS,2048 px × 2048 px,5.5 μm × 5.5 μm,,Mono,Visible + NIR,USB 3.0,10 bits / 12 bits,free-run / hardware trigger / software trigger,Hirose HR10A 6-pin plug,Via USB 3.0 interface,Box,,29.3 mm x 29 mm x 29 mm,80 g,C-mount,0 °C - 60 °C,,"CE (incl. RoHS), EAC, FCC, GenICam, IP30, KC, RoHS, UKCA, UL, USB3 Vision",ace Classic,ace Classic,"1""",15.92 mm,11.26 mm × 11.26 mm,90 fps,USB 3.0 Type Micro B receptacle,"USB 3.0, nominal max. 5 Gbit/s (SuperSpeed)",hardware trigger / programmable via the camera API,1,2,3.2 W,,61.89 % (typical),14 e¯ (typical),12.4 ke¯ (typical),59 dB (typical),40.9 dB (typical),,,,,,,,,,4 MP,1,,,,,,,,,,,,,,,,,,,,,,,,,,,,,,,,,,,,,,,,,,
Basler,a2A5328-15umPRO,a2a5328-15umpro,Basler,108119,에어리어 스캔 카메라,Basler ace 2,36개월,Sony,IMX540,Global Shutter,CMOS,5328 px × 4608 px,2.74 μm × 2.74 μm,,Mono,Visible,USB 3.0,8 bits / 10 bits / 12 bits,,M8 6-Pin receptacle,Via USB 3.0 interface or 12-24 VDC,Box,IP30,42.8 mm x 29 mm x 29 mm,90 g,C-mount,-10 °C - 50 °C,,"CE (incl. RoHS), EAC, FCC, GenICam, IP30, KC, RoHS, UKCA, UL, USB3 Vision",ace 2 R,ace 2 R Pro,"1.2""",19.26 mm,14.57 mm × 12.6 mm,15 fpsCalculate individual frame rate,USB 3.0 Type Micro B receptacle,"USB 3.0, nominal max. 5 Gbit/s (SuperSpeed)",hardware trigger / programmable via the camera API,1,,3.5 W,541 nm,66.4 % (typical),2.1 e¯ (typical),9.6 ke¯ (typical),70.8 dB (typical),39.8 dB (typical),,,,,,,,,,24.4 MP,,,up to 15 fps,,,,,,,,,,,,,,,,,,,,,,,,,,,,,,,,,,,,,,,,
Basler,acA4096-11gc,aca4096-11gc,Basler,107419,에어리어 스캔 카메라,Basler ace,36개월,Sony,IMX267,Global Shutter,CMOS,4096 px × 2160 px,3.45 μm × 3.45 μm,,Color,Visible,GigE,10 bits / 12 bits,,Hirose HR10A 6-pin plug,PoE or 12-24 VDC,Box,,50 mm x 40 mm x 30 mm,150 g,C-mount,0 °C - 50 °C,,"CE (incl. RoHS), EAC, FCC, GenICam, GigE Vision, IP30, KC, RoHS, UKCA, UL",ace L,ace L,"1""",15.97 mm,14.13 mm × 7.45 mm,12 fpsCalculate individual frame rate,RJ45 receptacle (GigE),"Fast Ethernet (100 Mbit/s), Gigabit Ethernet (1000 Mbit/s)",hardware trigger / programmable via the camera API,1,,2.8 W,,,,,,,,,,,,,,,3.3 W,9 MP,,,,,,,,,,,,,,,,,,,,,,,,,,,,,,,,,,,,,,,,,,,
Basler,daA3840-30mc (S-Mount) - Tray (40pcs),daa3840-30mc-s-mount-tray-40pcs,Basler,108221,에어리어 스캔 카메라,Basler dart,36개월,onsemi,AR0821,Rolling Shutter,CMOS,3840 px × 2160 px,2.1 μm × 2.1 μm,,Color,Visible,BCON for MIPI,20 bits,free-run / software trigger,,5V DC (via BCON for MIPI interface),Board Level,,17.5 mm x 29 mm x 29 mm,9 g,S-mount,,,"CE (incl. RoHS), EAC, FCC, GenICam, KC, MIPI CSI-2, RoHS, UKCA, UL",dart E,,"1/1.8""",,8.1 mm × 4.5 mm,30 fps,,,automatic / manual / programmable via the camera API,2,,0.6 W,,,,,,,,,,,,,,,,8 MP,2,,,,,,,,,,,,,,,,,,,,Host processor (ISP),,,,,,,,,,,,,,,,,,,,,,
Basler,acA4096-40um,aca4096-40um,Basler,107422,에어리어 스캔 카메라,Basler ace,36개월,Sony,IMX255,Global Shutter,CMOS,4096 px × 2168 px,3.45 μm × 3.45 μm,,Mono,Visible,USB 3.0,10 bits / 12 bits,free-run / hardware trigger / software trigger,Hirose HR10A 6-pin plug,Via USB 3.0 interface,Box,,35.8 mm x 40 mm x 30 mm,130 g,C-mount,0 °C - 50 °C,,"CE (incl. RoHS), EAC, FCC, GenICam, IP30, KC, RoHS, UKCA, UL, USB3 Vision",ace L,ace L,"1""",15.97 mm,14.13 mm × 7.45 mm,42 fpsCalculate individual frame rate,USB 3.0 Type Micro B receptacle,"USB 3.0, nominal max. 5 Gbit/s (SuperSpeed)",hardware trigger / programmable via the camera API,1,2,3.6 W,,70 % (typical),2.4 e¯ (typical),10.5 ke¯ (typical),72.8 dB (typical),40.2 dB (typical),,,,,,,,,,9 MP,1,,,,,,,,,,,,,,,,,,,,,,,,,,,,,,,,,,,,,,,,,,
Basler,daA1920-30uc (No-Mount),daa1920-30uc-no-mount,Basler,106689,에어리어 스캔 카메라,Basler dart,36개월,onsemi,MT9P031,Rolling Shutter,CMOS,1920 px × 1080 px,2.2 μm × 2.2 μm,,Color,Visible,USB 3.0,8 bits / 12 bits,free-run / hardware trigger / software trigger,,Via USB 3.0 interface,Board Level,,7.2 mm x 27 mm x 27 mm,5 g,,0 °C - 75 °C,,"CE (incl. RoHS), EAC, FCC, GenICam, KC, RoHS, UKCA, UL, USB3 Vision",dart Classic,,"1/3.7""",4.84 mm,4.22 mm × 2.38 mm,30 fps,,"USB 3.0, nominal max. 5 Gbit/s (SuperSpeed)",hardware trigger / programmable via the camera API,1,2,1.2 W,,,,,,,,,,,,,,,,,2,,,,,,,,,,,,,,,,,,,,,,,,,,,,,,,,,,,,,,,,,,
Basler,a2A1920-51gcBAS,a2a1920-51gcbas,Basler,109726,에어리어 스캔 카메라,Basler ace 2,36개월,Sony,IMX392,Global Shutter,CMOS,1920 px × 1200 px,3.45 μm × 3.45 μm,,Color,Visible,GigE,8 bits / 10 bits / 12 bits,,M8 6-Pin receptacle,PoE or 12-24 VDC,Box,IP30,55.5 mm x 29 mm x 29 mm,100 g,C-mount,-10 °C - 60 °C,,"CE (incl. RoHS), EAC, FCC, GenICam, GigE Vision 2.0, IP30, KC, RoHS, UKCA, UL",ace 2 R,ace 2 R Basic,"1/2.3""",7.77 mm,6.6 mm × 4.1 mm,51 fpsCalculate individual frame rate,RJ45 receptacle (GigE),"Fast Ethernet (100 Mbit/s), Gigabit Ethernet (1000 Mbit/s)",hardware trigger / programmable via the camera API,1,2,3.1 W,,,,,,,,,,,,,,,,2.3 MP,,,,,,,,,,,,,,,,,,,,,,,,,,,,,,,,,,,,,,,,,,,
Basler,acA2440-75um,aca2440-75um,Basler,107204,에어리어 스캔 카메라,Basler ace,36개월,Sony,IMX250,Global Shutter,CMOS,2448 px × 2048 px,3.45 μm × 3.45 μm,,Mono,Visible,USB 3.0,10 bits / 12 bits,free-run / hardware trigger / software trigger,Hirose HR10A 6-pin plug,Via USB 3.0 interface,Box,,29.3 mm x 29 mm x 29 mm,80 g,C-mount,0 °C - 50 °C,,"CE (incl. RoHS), EAC, FCC, GenICam, IP30, KC, RoHS, UKCA, UL, USB3 Vision",ace U,ace U,"2/3""",11.02 mm,8.45 mm × 7.07 mm,75 fpsCalculate individual frame rate,USB 3.0 Type Micro B receptacle,"USB 3.0, nominal max. 5 Gbit/s (SuperSpeed)",hardware trigger / programmable via the camera API,1,2,3.2 W,,68 % (typical),2.4 e¯ (typical),10.7 ke¯ (typical),73.1 dB (typical),40.3 dB (typical),,,,,,,,,,5 MP,1,,,,,,,,,,,,,,,,,,,,,,,,,,,,,,,,,,,,,,,,,,
Basler,a2A640-240umSWIR,a2a640-240umswir,Basler,108807,에어리어 스캔 카메라,Basler ace 2,36개월,Sony,IMX991,Global Shutter,InGaAs,640 px × 512 px,5 μm × 5 μm,,Mono,Visible + SWIR,USB 3.0,8 bits / 10 bits / 12 bits,free-run / hardware trigger / software trigger,M8 6-Pin receptacle,Via USB 3.0 interface or 12-24 VDC,Box,IP30,42.8 mm x 29 mm x 29 mm,85 g,C-mount,-10 °C - 50 °C,,"CE (incl. RoHS), EAC, FCC, GenICam, IP30, KC, RoHS, UKCA, UL, USB3 Vision",ace 2 X,ace 2 X visSWIR,"1/4""",,3.2 mm × 2.6 mm,240 fpsCalculate individual frame rate,USB 3.0 Type Micro B receptacle,"USB 3.0, nominal max. 5 Gbit/s (SuperSpeed)",hardware trigger / programmable via the camera API,1,2,,,,,,,,,,,,,,,,,VGA,,,,,,,,,,,,,,,,,,,,,,,,,,,,,,,,,,,,,,,,,,,
Basler,daA1600-60uc (S-Mount),daa1600-60uc-s-mount,Basler,106989,에어리어 스캔 카메라,Basler dart,36개월,e2v,EV76C570,,CMOS,1600 px × 1200 px,4.5 μm × 4.5 μm,,Color,Visible,USB 3.0,8 bits / 12 bits,free-run / hardware trigger / software trigger,,Via USB 3.0 interface,Board Level,,19.9 mm x 29.3 mm x 29 mm,15 g,,0 °C - 50 °C,,"CE (incl. RoHS), EAC, FCC, GenICam, KC, RoHS, UKCA, UL, USB3 Vision",dart Classic,,"1/1.8""",9 mm,7.2 mm × 5.4 mm,60 fps,,"USB 3.0, nominal max. 5 Gbit/s (SuperSpeed)",programmable via the camera API,1,2,1.3 W,,,,,,,,,,,,,,,,,2,,,,,,,,,,,,,,,,,,,,,,,,,,,,,,,,,,,,,,,,,,
Basler,acA2500-20gm,aca2500-20gm,Basler,107259,에어리어 스캔 카메라,Basler ace,36개월,onsemi,PYTHON 5000,Global Shutter,CMOS,2590 px × 2048 px,4.8 μm × 4.8 μm,,Mono,Visible,GigE,10 bits,,Hirose HR10A 6-pin plug,PoE or 12-24 VDC,Box,,42 mm x 29 mm x 29 mm,90 g,C-mount,0 °C - 50 °C,,"CE (incl. RoHS), EAC, FCC, GenICam, GigE Vision, IEEE 802.3af (PoE), IP30, KC, RoHS, UKCA, UL",ace U,ace U,"1""",15.86 mm,12.44 mm × 9.83 mm,21 fpsCalculate individual frame rate,RJ45 receptacle (GigE),"Fast Ethernet (100 Mbit/s), Gigabit Ethernet (1000 Mbit/s)",hardware trigger / programmable via the camera API,1,,3.2 W,,55 % (typical),11.5 e¯ (typical),8.2 ke¯ (typical),57 dB (typical),39.1 dB (typical),,,,,,,,,3.2 W,5 MP,,,,,,,,,,,,,,,,,,,,,,,,,,,,,,,,,,,,,,,,,,,
Basler,MED ace 8.9 MP 32 mono,med-ace-8-9-mp-32-mono,Basler,107814,에어리어 스캔 카메라,Basler MED ace,36개월,Sony,IMX267,Global Shutter,CMOS,4096 px × 2160 px,3.45 μm × 3.45 μm,,Mono,Visible,USB 3.0,10 bits / 12 bits,free-run / hardware trigger / software trigger,,Via USB 3.0 interface,Box,,35.8 mm x 40 mm x 30 mm,80 g,C-mount,0 °C - 50 °C,,"CE (incl. RoHS), EAC, FCC Class B, GenICam, IP30, KC, RoHS, UKCA, UL (in preparation), USB3 Vision",,,"1""",15.97 mm,14.13 mm × 7.45 mm,32 fps,,"USB 3.0, nominal max. 5 Gbit/s (SuperSpeed)",hardware trigger / programmable via the camera API,1,2,3 W,,,,,,,,,,,,,,,,9 MP,1,,,,,,,,,,,,,,,,,,,,,,,,,,,,,,,,,,,,,,,,,,
Basler,acA1920-40gm,aca1920-40gm,Basler,107760,에어리어 스캔 카메라,Basler ace,36개월,Sony,IMX249,Global Shutter,CMOS,1920 px × 1200 px,5.86 μm × 5.86 μm,,Mono,Visible,GigE,10 bits / 12 bits,,Hirose HR10A 6-pin plug,PoE or 12-24 VDC,Box,,42 mm x 29 mm x 29 mm,90 g,C-mount,0 °C - 50 °C,,"CE (incl. RoHS), EAC, FCC, GenICam, GigE Vision, IEEE 802.3af (PoE), IP30, KC, RoHS, UKCA, UL",ace U,ace U,"1/1.2""",13.39 mm,11.33 mm × 7.13 mm,42 fpsCalculate individual frame rate,RJ45 receptacle (GigE),"Fast Ethernet (100 Mbit/s), Gigabit Ethernet (1000 Mbit/s)",hardware trigger / programmable via the camera API,1,,2.8 W,,70 % (typical),6.7 e¯ (typical),31.9 ke¯ (typical),73.5 dB (typical),45 dB (typical),,,,,,,,,3 W,2.3 MP,,,,,,,,,,,,,,,,,,,,,,,,,,,,,,,,,,,,,,,,,,,
Basler,daA2500-14uc (CS-Mount),daa2500-14uc-cs-mount,Basler,106696,에어리어 스캔 카메라,Basler dart,36개월,onsemi,MT9P031,Rolling Shutter,CMOS,2592 px × 1944 px,2.2 μm × 2.2 μm,,Color,Visible,USB 3.0,8 bits / 12 bits,free-run / hardware trigger / software trigger,,Via USB 3.0 interface,Board Level,,19.2 mm x 29.3 mm x 29 mm,15 g,,0 °C - 50 °C,,"CE (incl. RoHS), EAC, FCC, GenICam, KC, RoHS, UKCA, UL, USB3 Vision",dart Classic,,"1/2.5""",7.13 mm,5.7 mm × 4.28 mm,14 fps,,"USB 3.0, nominal max. 5 Gbit/s (SuperSpeed)",hardware trigger / programmable via the camera API,1,2,1.3 W,,,,,,,,,,,,,,,,,2,,,,,,,,,,,,,,,,,,,,,,,,,,,,,,,,,,,,,,,,,,
Basler,acA2040-55uc,aca2040-55uc,Basler,107211,에어리어 스캔 카메라,Basler ace,36개월,Sony,IMX265,Global Shutter,CMOS,2048 px × 1536 px,3.45 μm × 3.45 μm,,Color,Visible,USB 3.0,10 bits / 12 bits,,Hirose HR10A 6-pin plug,Via USB 3.0 interface,Box,,29.3 mm x 29 mm x 29 mm,80 g,C-mount,0 °C - 50 °C,,"CE (incl. RoHS), EAC, FCC, GenICam, IP30, KC, RoHS, UKCA, UL, USB3 Vision",ace U,ace U,"1/1.8""",8.84 mm,7.07 mm × 5.3 mm,55 fpsCalculate individual frame rate,USB 3.0 Type Micro B receptacle,"USB 3.0, nominal max. 5 Gbit/s (SuperSpeed)",hardware trigger / programmable via the camera API,1,,2.6 W,,,,,,,,,,,,,,,,3 MP,,,,,,,,,,,,,,,,,,,,,,,,,,,,,,,,,,,,,,,,,,,
Basler,boA5120-230cc,boa5120-230cc,Basler,2200001215,에어리어 스캔 카메라,Basler boost,36개월,Gpixel,GSPRINT4521,Global Shutter,CMOS,5120 px × 4096 px,4.5 μm × 4.5 μm,,Color,Visible,CoaXPress (CXP-12),8 bits / 10 bits,hardware trigger / software trigger,,PoCXP or 24 VDC,Box,,76 mm x 65 mm x 65 mm,400 g,,max 50 °C,,"CE (incl. RoHS), CoaXPress 2.0, FCC, GenICam, KC, RoHS, UKCA",boost V,,APS-C,29.5 mm,23 mm × 18.4 mm,230 fpsCalculate individual frame rate,,CoaXPress (2.5–12.5 Gbps),hardware trigger,,1,16 W,,,,,,,,,,,,,,,,21 MP,1,,,,,,,,,,,,,,,,,,,,,,,,,,,,,,,,,,,,,,,,,,
Basler,daA720-520uc (CS-Mount),daa720-520uc-cs-mount,Basler,108727,에어리어 스캔 카메라,Basler dart,36개월,Sony,IMX287,Global Shutter,CMOS,720 px × 540 px,6.9 μm × 6.9 μm,,Color,Visible,USB 3.0,8 bits / 12 bits,,,,Board Level,,19.9 mm x 29.3 mm x 29 mm,15 g,,0 °C - 50 °C,,"CE (incl. RoHS), EAC, GenICam, KC, RoHS, UKCA, UL, USB3 Vision",dart R,,"1/2.9""",,4.97 mm × 3.73 mm,523 fpsCalculate individual frame rate,,"USB 3.0, nominal max. 5 Gbit/s (SuperSpeed)",,0,4,,,,,,,,,,,,,,,,,,0,,,,,,,,,,,,,,,,,,,,,,,,,,,,,,,,,,,,,,,,,,
Basler,daA1920-160um (CS-Mount),daa1920-160um-cs-mount,Basler,108231,에어리어 스캔 카메라,Basler dart,36개월,Sony,IMX392,Global Shutter,CMOS,1920 px × 1200 px,3.45 μm × 3.45 μm,,Mono,Visible,USB 3.0,8 bits / 12 bits,free-run / hardware trigger / software trigger,,Via USB 3.0 interface,Board Level,,19.9 mm x 29.3 mm x 29 mm,15 g,,0 °C - 50 °C,,"CE (incl. RoHS), EAC, FCC, GenICam, KC, RoHS, UKCA, UL, USB3 Vision",dart R,,"1/2.3""",7.82 mm,6.6 mm × 4.1 mm,160 fpsCalculate individual frame rate,,"USB 3.0, nominal max. 5 Gbit/s (SuperSpeed)",hardware trigger / programmable via the camera API,0,4,1.8 W,,,,10.2 ke¯ (typical),71.3 dB (typical),40 dB (typical),,,,,,,,,,,0,,,,,,,,,,,,,,,,,,,,In-camera,,,,,,,,,,,,,,,,,,,,,,
Basler,boA4500-45cc,boa4500-45cc,Basler,108390,에어리어 스캔 카메라,Basler boost,36개월,onsemi,XGS 20000,Global Shutter,CMOS,4500 px × 4500 px,3.2 μm × 3.2 μm,,Color,Visible,CoaXPress (CXP-12),10 bits / 12 bits,free-run / hardware trigger / software trigger,,PoCXP or 24 VDC,Box,,49.1 mm x 80 mm x 80 mm,525 g,F-mount / M42 x 0.75 / M42 x 1,0 °C - 50 °C,,"CE (incl. RoHS), CoaXPress 2.0, EAC, GenICam, KC, RoHS, UL",boost R,,"1.3""",20.36 mm,14.4 mm × 14.4 mm,45 fpsCalculate individual frame rate,,CoaXPress (2.5–12.5 Gbps),hardware trigger / programmable via the camera API,1,2,10.4 W,,,,,,,,,,,,,,,,20 MP,,,,,,,,,,,,,,,,,,,,,,,,,,,,,,,,,,,,,,,,,,,
Basler,acA640-750uc,aca640-750uc,Basler,106749,에어리어 스캔 카메라,Basler ace,36개월,onsemi,PYTHON 300,Global Shutter,CMOS,640 px × 480 px,4.8 μm × 4.8 μm,,Color,Visible,USB 3.0,10 bits,,Hirose HR10A 6-pin plug,Via USB 3.0 interface,Box,,29.3 mm x 29 mm x 29 mm,80 g,C-mount,0 °C - 50 °C,,"CE (incl. RoHS), EAC, FCC, GenICam, IP30, KC, RoHS, UKCA, UL, USB3 Vision",ace U,ace U,"1/4""",3.84 mm,3.07 mm × 2.3 mm,751 fpsCalculate individual frame rate,USB 3.0 Type Micro B receptacle,"USB 3.0, nominal max. 5 Gbit/s (SuperSpeed)",hardware trigger / programmable via the camera API,1,,2.8 W,,,,,,,,,,,,,,,,VGA,,,,,,,,,,,,,,,,,,,,,,,,,,,,,,,,,,,,,,,,,,,
Basler,acA3800-14um,aca3800-14um,Basler,107539,에어리어 스캔 카메라,Basler ace,36개월,onsemi,MT9J003,Rolling Shutter,CMOS,3840 px × 2748 px,1.67 μm × 1.67 μm,,Mono,Visible,USB 3.0,12 bits,,Hirose HR10A 6-pin plug,Via USB 3.0 interface,Box,,29.3 mm x 29 mm x 29 mm,80 g,C-mount,0 °C - 50 °C,,"CE (incl. RoHS), EAC, FCC, GenICam, IP30, KC, RoHS, UKCA, UL, USB3 Vision",ace Classic,ace Classic,"1/2.3""",7.93 mm,6.44 mm × 4.62 mm,14 fps,USB 3.0 Type Micro B receptacle,"USB 3.0, nominal max. 5 Gbit/s (SuperSpeed)",programmable via the camera API,1,,2.8 W,,46 % (typical),6 e¯ (typical),2.8 ke¯ (typical),54 dB (typical),34 dB (typical),,,,,,,,,,10 MP,,,,,,,,,,,,,,,,,,,,,,,,,,,,,,,,,,,,,,,,,,,
Basler,acA4112-20uc,aca4112-20uc,Basler,107414,에어리어 스캔 카메라,Basler ace,36개월,Sony,IMX304,Global Shutter,CMOS,4096 px × 3000 px,3.45 μm × 3.45 μm,,Color,Visible,USB 3.0,10 bits / 12 bits,,Hirose HR10A 6-pin plug,Via USB 3.0 interface,Box,,35.8 mm x 40 mm x 30 mm,136 g,C-mount,0 °C - 50 °C,,"CE (incl. RoHS), EAC, FCC, GenICam, IP30, KC, RoHS, UKCA, UL, USB3 Vision",ace L,ace L,"1.1""",17.52 mm,14.13 mm × 10.35 mm,23 fpsCalculate individual frame rate,USB 3.0 Type Micro B receptacle,"USB 3.0, nominal max. 5 Gbit/s (SuperSpeed)",hardware trigger / programmable via the camera API,1,,3.2 W,,,,,,,,,,,,,,,,12 MP,,,,,,,,,,,,,,,,,,,,,,,,,,,,,,,,,,,,,,,,,,,
Basler,a2A2840-48umPRO,a2a2840-48umpro,Basler,108424,에어리어 스캔 카메라,Basler ace 2,36개월,Sony,IMX546,Global Shutter,CMOS,2840 px × 2840 px,2.74 μm × 2.74 μm,,Mono,Visible,USB 3.0,8 bits / 10 bits / 12 bits,,M8 6-Pin receptacle,Via USB 3.0 interface or 12-24 VDC,Box,IP30,42.8 mm x 29 mm x 29 mm,90 g,C-mount,-10 °C - 50 °C,,"CE (incl. RoHS), EAC, FCC, GenICam, IP30, KC, RoHS, UKCA, UL, USB3 Vision",ace 2 R,ace 2 R Pro,"2/3""",11 mm,7.78 mm × 7.78 mm,48 fpsCalculate individual frame rate,USB 3.0 Type Micro B receptacle,"USB 3.0, nominal max. 5 Gbit/s (SuperSpeed)",hardware trigger / programmable via the camera API,1,2,3 W,541 nm,65.9 % (typical),2.4 e¯ (typical),9.8 ke¯ (typical),70.2 dB (typical),39.9 dB (typical),,,,,,,,,,8 MP,,,,,,,,,,,,,,,,,,,,,,,,,,,,,,,,,,,,,,,,,,,
Basler,daA1920-160uc (S-Mount),daa1920-160uc-s-mount,Basler,108233,에어리어 스캔 카메라,Basler dart,36개월,Sony,IMX392,Global Shutter,CMOS,1920 px × 1200 px,3.45 μm × 3.45 μm,,Color,Visible,USB 3.0,8 bits / 12 bits,free-run / hardware trigger / software trigger,,Via USB 3.0 interface,Board Level,,19.9 mm x 29.3 mm x 29 mm,15 g,,0 °C - 50 °C,,"CE (incl. RoHS), EAC, FCC, GenICam, KC, RoHS, UKCA, UL, USB3 Vision",dart R,,"1/2.3""",7.82 mm,6.6 mm × 4.1 mm,160 fpsCalculate individual frame rate,,"USB 3.0, nominal max. 5 Gbit/s (SuperSpeed)",hardware trigger / programmable via the camera API,0,4,2 W,,,,,,,,,,,,,,,,,0,,,,,,,,,,,,,,,,,,,,In-camera,,,,,,,,,,,,,,,,,,,,,,
Basler,a2A3840-13gcPRO,a2a3840-13gcpro,Basler,108128,에어리어 스캔 카메라,Basler ace 2,36개월,Sony,IMX334,Rolling Shutter,CMOS,3840 px × 2160 px,2 μm × 2 μm,,Color,Visible,GigE,8 bits / 10 bits / 12 bits,,M8 6-Pin receptacle,PoE or 12-24 VDC,Box,IP30,55.5 mm x 29 mm x 29 mm,105 g,C-mount,-10 °C - 50 °C,,"CE (incl. RoHS), EAC, FCC, GenICam, GigE Vision 2.0, IP30, KC, RoHS, UKCA, UL",ace 2 R,ace 2 R Pro,"1/1.8""",8.82 mm,7.7 mm × 4.3 mm,13 fpsCalculate individual frame rate,RJ45 receptacle (GigE),"Fast Ethernet (100 Mbit/s), Gigabit Ethernet (1000 Mbit/s)",hardware trigger / programmable via the camera API,1,2,2.9 W,,,,,,,,,,,,,,,,8.3 MP,,,up to 36 fps,,,,,,,,,,,,,,,,,,,,,,,,,,,,,,,,,,,,,,,,
Basler,acA2500-14um,aca2500-14um,Basler,106943,에어리어 스캔 카메라,Basler ace,36개월,onsemi,MT9P031,Rolling Shutter,CMOS,2592 px × 1944 px,2.2 μm × 2.2 μm,,Mono,Visible,USB 3.0,12 bits,free-run / hardware trigger / software trigger,Hirose HR10A 6-pin plug,Via USB 3.0 interface,Box,,29.3 mm x 29 mm x 29 mm,80 g,C-mount,0 °C - 50 °C,,"CE (incl. RoHS), EAC, FCC, GenICam, IP30, KC, RoHS, UKCA, UL, USB3 Vision",ace Classic,ace Classic,"1/2.5""",7.13 mm,5.7 mm × 4.28 mm,14 fps,USB 3.0 Type Micro B receptacle,"USB 3.0, nominal max. 5 Gbit/s (SuperSpeed)",hardware trigger / programmable via the camera API,1,2,2.2 W,,53 % (typical),6 e¯ (typical),6.4 ke¯ (typical),60.6 dB (typical),38.1 dB (typical),,,,,,,,,,5 MP,1,,,,,,,,,,,,,,,,,,,,,,,,,,,,,,,,,,,,,,,,,,
Basler,MED ace 6.4 MP 59 mono,med-ace-6-4-mp-59-mono,Basler,108142,에어리어 스캔 카메라,Basler MED ace,36개월,Sony,IMX178,Rolling Shutter,CMOS,3088 px × 2064 px,2.4 μm × 2.4 μm,,Mono,Visible,USB 3.0,10 bits / 12 bits,free-run / hardware trigger / software trigger,,Via USB 3.0 interface,Box,,29.3 mm x 29 mm x 29 mm,80 g,C-mount,0 °C - 50 °C,,"CE (incl. RoHS), EAC, FCC Class B, GenICam, IP30, KC, RoHS, UKCA, UL, USB3 Vision",,,"1/1.8""",8.91 mm,7.41 mm × 4.95 mm,59 fps,,"USB 3.0, nominal max. 5 Gbit/s (SuperSpeed)",programmable via the camera API,1,2,3 W,,,,,,,,,,,,,,,,6 MP,1,,,,,,,,,,,,,,,,,,,,,,,,,,,,,,,,,,,,,,,,,,
Basler,acA3088-16gc,aca3088-16gc,Basler,107407,에어리어 스캔 카메라,Basler ace,36개월,Sony,IMX178,Rolling Shutter,CMOS,3088 px × 2064 px,2.4 μm × 2.4 μm,,Color,Visible,GigE,10 bits / 12 bits,,Hirose HR10A 6-pin plug,PoE or 12-24 VDC,Box,,42 mm x 29 mm x 29 mm,90 g,C-mount,0 °C - 50 °C,,"CE (incl. RoHS), EAC, FCC, GenICam, GigE Vision, IP30, KC, RoHS, UKCA, UL",ace U,ace U,"1/1.8""",8.91 mm,7.41 mm × 4.95 mm,16 fps,RJ45 receptacle (GigE),"Fast Ethernet (100 Mbit/s), Gigabit Ethernet (1000 Mbit/s)",programmable via the camera API,1,,2.5 W,,,,,,,,,,,,,,,2.9 W,6 MP,,,,,,,,,,,,,,,,,,,,,,,,,,,,,,,,,,,,,,,,,,,
Basler,daA2500-14um (CS-Mount),daa2500-14um-cs-mount,Basler,106693,에어리어 스캔 카메라,Basler dart,36개월,onsemi,MT9P031,Rolling Shutter,CMOS,2592 px × 1944 px,2.2 μm × 2.2 μm,,Mono,Visible,USB 3.0,8 bits / 12 bits,free-run / hardware trigger / software trigger,,Via USB 3.0 interface,Board Level,,19.2 mm x 29.3 mm x 29 mm,15 g,,0 °C - 50 °C,,"CE (incl. RoHS), EAC, FCC, GenICam, KC, RoHS, UKCA, UL, USB3 Vision",dart Classic,,"1/2.5""",7.13 mm,5.7 mm × 4.28 mm,14 fps,,"USB 3.0, nominal max. 5 Gbit/s (SuperSpeed)",hardware trigger / programmable via the camera API,1,2,1.4 W,,,,,,,,,,,,,,,,,2,,,,,,,,,,,,,,,,,,,,,,,,,,,,,,,,,,,,,,,,,,
Basler,acA2500-14gc (CS-Mount),aca2500-14gc-cs-mount,Basler,106020,에어리어 스캔 카메라,Basler ace,36개월,onsemi,MT9P031,Rolling Shutter,CMOS,2590 px × 1942 px,2.2 μm × 2.2 μm,,Color,Visible,GigE,12 bits,Ethernet connection / free-run / hardware trigger,Hirose HR10A 6-pin plug,PoE or 12 VDC,Box,,42 mm x 29 mm x 29 mm,90 g,CS-mount,0 °C - 50 °C,,"CE (incl. RoHS), EAC, FCC, GenICam, GigE Vision, IEEE 802.3af (PoE), IP30, KC, RoHS, UKCA, UL",ace Classic,ace Classic,"1/2.5""",7.13 mm,5.7 mm × 4.28 mm,14 fps,RJ45 receptacle (GigE),"Fast Ethernet (100 Mbit/s), Gigabit Ethernet (1000 Mbit/s)",hardware trigger / programmable via the camera API,1,,2.2 W,,,6.7 e¯ (typical),6.8 ke¯ (typical),60 dB (typical),38.3 dB (typical),,,,,,,,,2.7 W,5 MP,1,,,,,,,,,,,,,,,,,,,,,41.09 % (typical),7.21 % (typical),6.72 % (typical),,,,,,,,,,,,,,,,,,,
Basler,MED ace 5.3 MP 20 mono,med-ace-5-3-mp-20-mono,Basler,107499,에어리어 스캔 카메라,Basler MED ace,36개월,onsemi,PYTHON 5000,Global Shutter,CMOS,2590 px × 2048 px,4.8 μm × 4.8 μm,,Mono,Visible,GigE,10 bits,Ethernet connection / free-run / hardware trigger,,PoE or 12-24 VDC,Box,,42 mm x 29 mm x 29 mm,90 g,C-mount,0 °C - 50 °C,,"CE (incl. RoHS), EAC, FCC Class B, GenICam, GigE Vision, IEEE 802.3af (PoE), IP30, KC, RoHS, UL",,,"1""",15.86 mm,12.44 mm × 9.83 mm,21 fps,,"Fast Ethernet (100 Mbit/s), Gigabit Ethernet (1000 Mbit/s)",hardware trigger / programmable via the camera API,1,1,3.2 W,,,,,,,,,,,,,,,3.2 W,5 MP,1,,,,,,,,,,,,,,,,,,,,,,,,,,,,,,,,,,,,,,,,,,
Basler,a2A3840-45ucPRO,a2a3840-45ucpro,Basler,108126,에어리어 스캔 카메라,Basler ace 2,36개월,Sony,IMX334,Rolling Shutter,CMOS,3840 px × 2160 px,2 μm × 2 μm,,Color,Visible,USB 3.0,8 bits / 10 bits / 12 bits,,M8 6-Pin receptacle,Via USB 3.0 interface or 12-24 VDC,Box,IP30,42.8 mm x 29 mm x 29 mm,90 g,C-mount,-10 °C - 50 °C,,"CE (incl. RoHS), EAC, FCC, GenICam, IP30, KC, RoHS, UKCA, UL, USB3 Vision",ace 2 R,ace 2 R Pro,"1/1.8""",8.82 mm,7.7 mm × 4.3 mm,45 fpsCalculate individual frame rate,USB 3.0 Type Micro B receptacle,"USB 3.0, nominal max. 5 Gbit/s (SuperSpeed)",hardware trigger / programmable via the camera API,1,2,3.2 W,,,,,,,,,,,,,,,,8.3 MP,,,,,,,,,,,,,,,,,,,,,,,,,,,,,,,,,,,,,,,,,,,
Basler,a2A640-240gmSWIR,a2a640-240gmswir,Basler,108571,에어리어 스캔 카메라,Basler ace 2,36개월,Sony,IMX991,Global Shutter,InGaAs,640 px × 512 px,5 μm × 5 μm,,Mono,Visible + SWIR,GigE,8 bits / 10 bits / 12 bits,free-run / hardware trigger / software trigger,M8 6-Pin receptacle,PoE or 12-24 VDC,Box,IP30,55.5 mm x 29 mm x 29 mm,100 g,C-mount,-10 °C - 50 °C,,"CE (incl. RoHS), EAC, FCC, GenICam, GigE Vision 2.0, IP30, KC, RoHS, UKCA, UL",ace 2 X,ace 2 X visSWIR,"1/4""",,3.2 mm × 2.56 mm,240 fpsCalculate individual frame rate,RJ45 receptacle (GigE),"Fast Ethernet (100 Mbit/s), Gigabit Ethernet (1000 Mbit/s)",hardware trigger / programmable via the camera API,1,2,,541 nm,,,,,,,,,,,,,,,VGA,,,,,,,,,,,,,,,,,,,,,,,,,,,,,,,,,,,,,,,,,,,
Basler,daA3840-30mc (No-Mount),daa3840-30mc-no-mount,Basler,108218,에어리어 스캔 카메라,Basler dart,36개월,onsemi,AR0821,Rolling Shutter,CMOS,3840 px × 2160 px,2.1 μm × 2.1 μm,,Color,Visible,BCON for MIPI,20 bits,free-run / software trigger,,5V DC (via BCON for MIPI interface),Board Level,,5.3 mm x 27 mm x 27 mm,5 g,No-Mount,,,"CE (incl. RoHS), EAC, FCC, GenICam, KC, MIPI CSI-2, RoHS, UKCA, UL",dart E,,"1/1.8""",,8.1 mm × 4.5 mm,30 fps,,,automatic / manual / programmable via the camera API,2,,0.6 W,,,,,,,,,,,,,,,,8 MP,2,,,,,,,,,,,,,,,,,,,,Host processor (ISP),,,,,,,,,,,,,,,,,,,,,,
Basler,a2A4504-27g5cBAS,a2a4504-27g5cbas,Basler,108634,에어리어 스캔 카메라,Basler ace 2,36개월,Sony,IMX541,Global Shutter,CMOS,4504 px × 4504 px,2.74 μm × 2.74 μm,,Color,Visible,5GigE,8 bits / 10 bits / 12 bits,,M8 6-Pin receptacle,12-24 VDC,Box,IP30,55.5 mm x 29 mm x 29 mm,100 g,C-mount,-10 °C - 50 °C,,"CE (incl. RoHS), EAC, FCC, GenICam, GigE Vision 2.0, IP30, KC, RoHS, UKCA, UL",ace 2 R,ace 2 R Basic,"1.1""",17.45 mm,12.34 mm × 12.34 mm,27 fpsCalculate individual frame rate,RJ45 receptacle (GigE),"Fast Ethernet (100 Mbit/s), Gigabit Ethernet (1000 Mbit/s), 2.5 Gigabit Ethernet (2500 Mbit/s), 5 Gigabit Ethernet (5000 Mbit/s)",hardware trigger / programmable via the camera API,1,2,6.3 W,525 nm,,,10 ke¯ (typical),70.9 dB (typical),39.82 dB (typical),,,,,,,,,,20.2 MP,,,,,,,,,,,,,,,,,,,,,,50.88 % (typical),,,,,,,,,,,,,,,,,,,,,
Basler,a2A5320-7gmPRO,a2a5320-7gmpro,Basler,108177,에어리어 스캔 카메라,Basler ace 2,36개월,Sony,IMX542,Global Shutter,CMOS,5320 px × 3032 px,2.74 μm × 2.74 μm,,Mono,Visible,GigE,8 bits / 10 bits / 12 bits,,M8 6-Pin receptacle,PoE or 12-24 VDC,Box,IP30,55.5 mm x 29 mm x 29 mm,105 g,C-mount,-10 °C - 50 °C,,"CE (incl. RoHS), EAC, FCC, GenICam, GigE Vision 2.0, IP30, KC, RoHS, UKCA, UL",ace 2 R,ace 2 R Pro,"1.1""",16.78 mm,14.58 mm × 8.31 mm,7 fpsCalculate individual frame rate,RJ45 receptacle (GigE),"Fast Ethernet (100 Mbit/s), Gigabit Ethernet (1000 Mbit/s)",hardware trigger / programmable via the camera API,1,2,3.1 W,541 nm,65.9 % (typical),2.2 e¯ (typical),9.7 ke¯ (typical),70.9 dB (typical),39.9 dB (typical),,,,,,,,,,16.1 MP,,,up to 15 fps,,,,,,,,,,,,,,,,,,,,,,,,,,,,,,,,,,,,,,,,
Basler,acA720-520uc,aca720-520uc,Basler,107655,에어리어 스캔 카메라,Basler ace,36개월,Sony,IMX287,Global Shutter,CMOS,720 px × 540 px,6.9 μm × 6.9 μm,,Color,Visible,USB 3.0,8 bits / 12 bits,,Hirose HR10A 6-pin plug,Via USB 3.0 interface,Box,,29.3 mm x 29 mm x 29 mm,80 g,C-mount,0 °C - 50 °C,,"CE (incl. RoHS), EAC, FCC Class B, GenICam, IP30, KC, RoHS, UKCA, UL, USB3 Vision",ace U,ace U,"1/2.9""",6.21 mm,4.97 mm × 3.73 mm,525 fpsCalculate individual frame rate,USB 3.0 Type Micro B receptacle,"USB 3.0, nominal max. 5 Gbit/s (SuperSpeed)",hardware trigger / programmable via the camera API,1,,3 W,,,,,,,,,,,,,,,,VGA,,,,,,,,,,,,,,,,,,,,,,,,,,,,,,,,,,,,,,,,,,,
Basler,a2A4508-6gmPRO,a2a4508-6gmpro,Basler,108454,에어리어 스캔 카메라,Basler ace 2,36개월,Gpixel,GMAX2518,Global Shutter,CMOS,4508 px × 4096 px,2.5 μm × 2.5 μm,,Mono,Visible,GigE,8 bits / 10 bits / 12 bits,,M8 6-Pin receptacle,PoE or 12-24 VDC,Box,IP30,42.8 mm x 29 mm x 29 mm,90 g,C-mount,-10 °C - 50 °C,,"CE (incl. RoHS), EAC, FCC, GenICam, GigE Vision 2.0, IP30, KC, RoHS, UKCA, UL",ace 2 R,ace 2 R Pro,"1""",15.2 mm,11.27 mm × 10.24 mm,6 fpsCalculate individual frame rate,RJ45 receptacle (GigE),"Fast Ethernet (100 Mbit/s), Gigabit Ethernet (1000 Mbit/s)",hardware trigger / programmable via the camera API,1,2,3.7 W,541 nm,56.4 % (typical),3 e¯ (typical),6.7 ke¯ (typical),65.5 dB (typical),38.3 dB (typical),,,,,,,,,5 W,18.4 MP,,,,,,,,,,,,,,,,,,,,,,,,,,,,,,,,,,,,,,,,,,,
Basler,daA2448-70um (S-Mount),daa2448-70um-s-mount,Basler,108620,에어리어 스캔 카메라,Basler dart,36개월,Sony,IMX548,Global Shutter,CMOS,2448 px × 2048 px,2.74 μm × 2.74 μm,,Mono,Visible,USB 3.0,8 bits / 10 bits / 12 bits,,,,Board Level,,19.9 mm x 29.3 mm x 29 mm,15 g,,0 °C - 50 °C,,"CE (incl. RoHS), EAC, GenICam, KC, RoHS, UKCA, UL, USB3 Vision",dart R,,"1/1.8""",8.7 mm,6.71 mm × 5.61 mm,72 fpsCalculate individual frame rate,,"USB 3.0, nominal max. 5 Gbit/s (SuperSpeed)",,0,4,,,,,9.6 ke¯ (typical),69.5 dB (typical),39.8 dB (typical),,,,,,,,,,,0,,,,,,,,,,,,,,,,,,,,,,,,,,,,,,,,,,,,,,,,,,
Basler,a2A4504-5gmPRO,a2a4504-5gmpro,Basler,108167,에어리어 스캔 카메라,Basler ace 2,36개월,Sony,IMX541,Global Shutter,CMOS,4504 px × 4504 px,2.74 μm × 2.74 μm,,Mono,Visible,GigE,8 bits / 10 bits / 12 bits,,M8 6-Pin receptacle,PoE or 12-24 VDC,Box,IP30,55.5 mm x 29 mm x 29 mm,105 g,C-mount,-10 °C - 50 °C,,"CE (incl. RoHS), EAC, FCC, GenICam, GigE Vision 2.0, IP30, KC, RoHS, UKCA, UL",ace 2 R,ace 2 R Pro,"1.1""",17.45 mm,12.34 mm × 12.34 mm,5 fpsCalculate individual frame rate,RJ45 receptacle (GigE),"Fast Ethernet (100 Mbit/s), Gigabit Ethernet (1000 Mbit/s)",hardware trigger / programmable via the camera API,1,2,3.2 W,541 nm,66.2 % (typical),2.2 e¯ (typical),9.7 ke¯ (typical),70.9 dB (typical),39.9 dB (typical),,,,,,,,,,20.2 MP,,,up to 13 fps,,,,,,,,,,,,,,,,,,,,,,,,,,,,,,,,,,,,,,,,
Basler,daA1440-220uc (S-Mount),daa1440-220uc-s-mount,Basler,108732,에어리어 스캔 카메라,Basler dart,36개월,Sony,IMX273,Global Shutter,CMOS,1440 px × 1080 px,3.45 μm × 3.45 μm,,Color,Visible,USB 3.0,8 bits / 12 bits,,,,Board Level,,19.9 mm x 29.3 mm x 29 mm,15 g,,0 °C - 50 °C,,"CE (incl. RoHS), EAC, GenICam, KC, RoHS, UKCA, UL, USB3 Vision",dart R,,"1/2.9""",6.21 mm,4.97 mm × 3.73 mm,227 fpsCalculate individual frame rate,,"USB 3.0, nominal max. 5 Gbit/s (SuperSpeed)",,0,4,,,,,,,,,,,,,,,,,,0,,,,,,,,,,,,,,,,,,,,,,,,,,,,,,,,,,,,,,,,,,
Basler,a2A4200-40ucBAS,a2a4200-40ucbas,Basler,108363,에어리어 스캔 카메라,Basler ace 2,36개월,Gpixel,GMAX2509,Global Shutter,CMOS,4200 px × 2160 px,2.5 μm × 2.5 μm,,Color,Visible,USB 3.0,8 bits / 10 bits / 12 bits,,M8 6-Pin receptacle,Via USB 3.0 interface,Box,IP30,42.8 mm x 29 mm x 29 mm,85 g,C-mount,-10 °C - 60 °C,,"CE (incl. RoHS), EAC, FCC, GenICam, IP30, KC, RoHS, UKCA, UL, USB3 Vision",ace 2 R,ace 2 R Basic,"2/3""",11.8 mm,10.52 mm × 5.42 mm,40 fpsCalculate individual frame rate,USB 3.0 Type Micro B receptacle,"USB 3.0, nominal max. 5 Gbit/s (SuperSpeed)",hardware trigger / programmable via the camera API,1,2,3.5 W,,,,,,,,,,,,,,,,9.1 MP,,,,,,,,,,,,,,,,,,,,,,,,,,,,,,,,,,,,,,,,,,,
Basler,a2A2448-23gcPRO,a2a2448-23gcpro,Basler,108431,에어리어 스캔 카메라,Basler ace 2,36개월,Sony,IMX547,Global Shutter,CMOS,2448 px × 2048 px,2.74 μm × 2.74 μm,,Color,Visible,GigE,8 bits / 10 bits / 12 bits,,M8 6-Pin receptacle,PoE or 12-24 VDC,Box,IP30,55.5 mm x 29 mm x 29 mm,100 g,C-mount,-10 °C - 50 °C,,"CE (incl. RoHS), EAC, FCC, GenICam, GigE Vision 2.0, IP30, KC, RoHS, UKCA, UL",ace 2 R,ace 2 R Pro,"1/1.8""",8.75 mm,6.71 mm × 5.61 mm,23 fpsCalculate individual frame rate,RJ45 receptacle (GigE),"Fast Ethernet (100 Mbit/s), Gigabit Ethernet (1000 Mbit/s)",hardware trigger / programmable via the camera API,1,2,3.2 W,,,,,,,,,,,,,,,,5 MP,,,,,,,,,,,,,,,,,,,,,,,,,,,,,,,,,,,,,,,,,,,
Basler,a2A2590-60umBAS,a2a2590-60umbas,Basler,108028,에어리어 스캔 카메라,Basler ace 2,36개월,Sony,IMX334ROI,Rolling Shutter,CMOS,2592 px × 1944 px,2 μm × 2 μm,,Mono,Visible,USB 3.0,8 bits / 10 bits / 12 bits,,M8 6-Pin receptacle,Via USB 3.0 interface,Box,IP30,42.8 mm x 29 mm x 29 mm,90 g,C-mount,-10 °C - 60 °C,,"CE (incl. RoHS), EAC, FCC, GenICam, IP30, KC, RoHS, UKCA, UL, USB3 Vision",ace 2 R,ace 2 R Basic,"1/2.8""",6.5 mm,5.2 mm × 3.9 mm,60 fpsCalculate individual frame rate,USB 3.0 Type Micro B receptacle,"USB 3.0, nominal max. 5 Gbit/s (SuperSpeed)",hardware trigger / programmable via the camera API,1,2,2.6 W,541 nm,72.3 % (typical),1.96 e¯ (typical),7.4 ke¯ (typical),69 dB (typical),39 dB (typical),,,,,,,,,,5 MP,,,,,,,,,,,,,,,,,,,,,,,,,,,,,,,,,,,,,,,,,,,
Basler,beA4000-62kc,bea4000-62kc,Basler,106577,에어리어 스캔 카메라,Basler beat,36개월,ams,CMV12000,Global Shutter,CMOS,4088 px × 3070 px,5.5 μm × 5.5 μm,,Color,Visible,Camera Link,8 bits / 10 bits / 12 bits,free-run / hardware trigger / software trigger,,12-24 VDC,Box,,40 mm x 56 mm x 62 mm,210 g,F-mount / M42 x 0.75 / M42 x 1 / M58 x 0.75,0 °C - 60 °C,,"Camera Link, CE (incl. RoHS), EAC, FCC, GenICam, IP30, KC, RoHS, UKCA, UL",,,"1.75""",28.16 mm,22.52 mm × 16.9 mm,62 fps,,,"trigger width, timed, or off",,,6 W,,,,,,,,,,,,,,,,12 MP,,,,,32.5 / 65 / 84,,,,,,,,,,,,,,,,,,,,,,,,,,,,,,,,,,,,,,
Basler,a2A5328-15ucPRO,a2a5328-15ucpro,Basler,108120,에어리어 스캔 카메라,Basler ace 2,36개월,Sony,IMX540,Global Shutter,CMOS,5328 px × 4608 px,2.74 μm × 2.74 μm,,Color,Visible,USB 3.0,8 bits / 10 bits / 12 bits,,M8 6-Pin receptacle,Via USB 3.0 interface or 12-24 VDC,Box,IP30,42.8 mm x 29 mm x 29 mm,90 g,C-mount,-10 °C - 50 °C,,"CE (incl. RoHS), EAC, FCC, GenICam, IP30, KC, RoHS, UKCA, UL, USB3 Vision",ace 2 R,ace 2 R Pro,"1.2""",19.26 mm,14.57 mm × 12.6 mm,15 fpsCalculate individual frame rate,USB 3.0 Type Micro B receptacle,"USB 3.0, nominal max. 5 Gbit/s (SuperSpeed)",hardware trigger / programmable via the camera API,1,,4.1 W,,,,,,,,,,,,,,,,24.4 MP,,,up to 15 fps,,,,,,,,,,,,,,,,,,,,,,,,,,,,,,,,,,,,,,,,
Basler,a2A4508-6gcPRO,a2a4508-6gcpro,Basler,108455,에어리어 스캔 카메라,Basler ace 2,36개월,Gpixel,GMAX2518,Global Shutter,CMOS,4508 px × 4096 px,2.5 μm × 2.5 μm,,Color,Visible,GigE,8 bits / 10 bits / 12 bits,,M8 6-Pin receptacle,PoE or 12-24 VDC,Box,IP30,42.8 mm x 29 mm x 29 mm,90 g,C-mount,-10 °C - 50 °C,,"CE (incl. RoHS), EAC, FCC, GenICam, GigE Vision 2.0, IP30, KC, RoHS, UKCA, UL",ace 2 R,ace 2 R Pro,"1""",15.2 mm,11.27 mm × 10.24 mm,6 fpsCalculate individual frame rate,RJ45 receptacle (GigE),"Fast Ethernet (100 Mbit/s), Gigabit Ethernet (1000 Mbit/s)",hardware trigger / programmable via the camera API,1,2,4.2 W,,,,,,,,,,,,,,,5.5 W,18.4 MP,,,,,,,,,,,,,,,,,,,,,,,,,,,,,,,,,,,,,,,,,,,
Basler,daA3840-45uc (No-Mount),daa3840-45uc-no-mount,Basler,108273,에어리어 스캔 카메라,Basler dart,36개월,Sony,IMX334,Rolling Shutter,CMOS,3840 px × 2160 px,2 μm × 2 μm,,Color,Visible,USB 3.0,8 bits / 12 bits,free-run / hardware trigger / software trigger,,Via USB 3.0 interface,Board Level,,7.9 mm x 27 mm x 27 mm,5 g,,0 °C - 75 °C,,"CE (incl. RoHS), EAC, FCC, GenICam, KC, RoHS, UKCA, UL, USB3 Vision",dart R,,"1/1.8""",8.81 mm,7.68 mm × 4.32 mm,45 fpsCalculate individual frame rate,,"USB 3.0, nominal max. 5 Gbit/s (SuperSpeed)",hardware trigger / programmable via the camera API,0,4,2 W,,,,,,,,,,,,,,,,,0,,,,,,,,,,,,,,,,,,,,In-camera,,,,,,,,,,,,,,,,,,,,,,
Basler,a2A4504-18umPRO,a2a4504-18umpro,Basler,108165,에어리어 스캔 카메라,Basler ace 2,36개월,Sony,IMX541,Global Shutter,CMOS,4504 px × 4504 px,2.74 μm × 2.74 μm,,Mono,Visible,USB 3.0,8 bits / 10 bits / 12 bits,,M8 6-Pin receptacle,Via USB 3.0 interface or 12-24 VDC,Box,IP30,42.8 mm x 29 mm x 29 mm,90 g,C-mount,-10 °C - 50 °C,,"CE (incl. RoHS), EAC, FCC, GenICam, IP30, KC, RoHS, UKCA, UL, USB3 Vision",ace 2 R,ace 2 R Pro,"1.1""",17.45 mm,12.34 mm × 12.34 mm,18 fpsCalculate individual frame rate,USB 3.0 Type Micro B receptacle,"USB 3.0, nominal max. 5 Gbit/s (SuperSpeed)",hardware trigger / programmable via the camera API,1,2,3.5 W,541 nm,65.9 % (typical),2.1 e¯ (typical),9.4 ke¯ (typical),70.8 dB (typical),39.7 dB (typical),,,,,,,,,,20.2 MP,,,up to 18 fps,,,,,,,,,,,,,,,,,,,,,,,,,,,,,,,,,,,,,,,,
Basler,daA2500-14uc (No-Mount),daa2500-14uc-no-mount,Basler,106695,에어리어 스캔 카메라,Basler dart,36개월,onsemi,MT9P031,Rolling Shutter,CMOS,2592 px × 1944 px,2.2 μm × 2.2 μm,,Color,Visible,USB 3.0,8 bits / 12 bits,free-run / hardware trigger / software trigger,,Via USB 3.0 interface,Board Level,,7.2 mm x 27 mm x 27 mm,5 g,,0 °C - 75 °C,,"CE (incl. RoHS), EAC, FCC, GenICam, KC, RoHS, UKCA, UL, USB3 Vision",dart Classic,,"1/2.5""",7.13 mm,5.7 mm × 4.28 mm,14 fps,,"USB 3.0, nominal max. 5 Gbit/s (SuperSpeed)",hardware trigger / programmable via the camera API,1,2,1.3 W,,,,,,,,,,,,,,,,,2,,,,,,,,,,,,,,,,,,,,,,,,,,,,,,,,,,,,,,,,,,
Basler,acA1300-60gmNIR,aca1300-60gmnir,Basler,106202,에어리어 스캔 카메라,Basler ace,36개월,e2v,EV76C661,Global & Rolling Shutter,CMOS,1280 px × 1024 px,5.3 μm × 5.3 μm,,Mono,Visible + NIR,GigE,12 bits,Ethernet connection / free-run / hardware trigger,Hirose HR10A 6-pin plug,PoE or 12 VDC,Box,,42 mm x 29 mm x 29 mm,90 g,C-mount,0 °C - 50 °C,,"CE (incl. RoHS), EAC, FCC, GenICam, GigE Vision, IEEE 802.3af (PoE), IP30, KC, RoHS, UKCA, UL",ace Classic,ace Classic,"1/1.8""",8.68 mm,6.8 mm × 5.4 mm,60 fps,RJ45 receptacle (GigE),"Fast Ethernet (100 Mbit/s), Gigabit Ethernet (1000 Mbit/s)",programmable via the camera API,1,,2 W,,59 % (typical),23.2 e¯ (typical),7.4 ke¯ (typical),50.1 dB (typical),38.7 dB (typical),,,,,,,,,2.6 W,1.3 MP,1,,,,,,,,,,,,,,,,,,,,,,,,,,,,,,,,,,,,,,,,,,
Basler,MED ace 5.1 MP 75 mono,med-ace-5-1-mp-75-mono,Basler,107497,에어리어 스캔 카메라,Basler MED ace,36개월,Sony,IMX250,Global Shutter,CMOS,2448 px × 2048 px,3.45 μm × 3.45 μm,,Mono,Visible,USB 3.0,10 bits / 12 bits,free-run / hardware trigger / software trigger,,Via USB 3.0 interface,Box,,29.3 mm x 29 mm x 29 mm,80 g,C-mount,0 °C - 50 °C,,"CE (incl. RoHS), EAC, FCC Class B, GenICam, IP30, KC, RoHS, UKCA, UL, USB3 Vision",,,"2/3""",11.02 mm,8.45 mm × 7.07 mm,75 fps,,"USB 3.0, nominal max. 5 Gbit/s (SuperSpeed)",hardware trigger / programmable via the camera API,1,2,3.2 W,,,,,,,,,,,,,,,,5 MP,1,,,,,,,,,,,,,,,,,,,,,,,,,,,,,,,,,,,,,,,,,,
Basler,a2A2448-23gmPRO,a2a2448-23gmpro,Basler,108430,에어리어 스캔 카메라,Basler ace 2,36개월,Sony,IMX547,Global Shutter,CMOS,2448 px × 2048 px,2.74 μm × 2.74 μm,,Mono,Visible,GigE,8 bits / 10 bits / 12 bits,,M8 6-Pin receptacle,PoE or 12-24 VDC,Box,IP30,55.5 mm x 29 mm x 29 mm,100 g,C-mount,-10 °C - 50 °C,,"CE (incl. RoHS), EAC, FCC, GenICam, GigE Vision 2.0, IP30, KC, RoHS, UKCA, UL",ace 2 R,ace 2 R Pro,"1/1.8""",8.75 mm,6.71 mm × 5.61 mm,23 fpsCalculate individual frame rate,RJ45 receptacle (GigE),"Fast Ethernet (100 Mbit/s), Gigabit Ethernet (1000 Mbit/s)",hardware trigger / programmable via the camera API,1,2,2.9 W,541 nm,65.8 % (typical),2.5 e¯ (typical),9.9 ke¯ (typical),70.1 dB (typical),39.9 dB (typical),,,,,,,,,,5 MP,,,,,,,,,,,,,,,,,,,,,,,,,,,,,,,,,,,,,,,,,,,
Basler,acA2040-25gmNIR,aca2040-25gmnir,Basler,106160,에어리어 스캔 카메라,Basler ace,36개월,ams,CMV4000 NIR-enhanced,Global Shutter,CMOS,2048 px × 2048 px,5.5 μm × 5.5 μm,,Mono,Visible + NIR,GigE,,Ethernet connection / free-run / hardware trigger,Hirose HR10A 6-pin plug,PoE or 12 VDC,Box,,42 mm x 29 mm x 29 mm,90 g,C-mount,0 °C - 50 °C,,"CE (incl. RoHS), EAC, FCC, GenICam, GigE Vision, IEEE 802.3af (PoE), IP30, KC, RoHS, UKCA, UL",ace Classic,ace Classic,"1""",15.92 mm,11.26 mm × 11.26 mm,25 fps,RJ45 receptacle (GigE),"Fast Ethernet (100 Mbit/s), Gigabit Ethernet (1000 Mbit/s)",hardware trigger / programmable via the camera API,1,,2.6 W,,61.89 % (typical),14 e¯ (typical),12.4 ke¯ (typical),59 dB (typical),40.9 dB (typical),,,,,,,,,3.1 W,4 MP,1,,,,,,,,,,,,,,,,,,,,,,,,,,,,,,,,,,,,,,,,,,
Basler,acA2040-120uc,aca2040-120uc,Basler,107207,에어리어 스캔 카메라,Basler ace,36개월,Sony,IMX252,Global Shutter,CMOS,2048 px × 1536 px,3.45 μm × 3.45 μm,,Color,Visible,USB 3.0,10 bits / 12 bits,free-run / hardware trigger / software trigger,Hirose HR10A 6-pin plug,Via USB 3.0 interface,Box,,29.3 mm x 29 mm x 29 mm,80 g,C-mount,0 °C - 50 °C,,"CE (incl. RoHS), EAC, FCC, GenICam, IP30, KC, RoHS, UKCA, UL, USB3 Vision",ace U,ace U,"1/1.8""",8.84 mm,7.07 mm × 5.3 mm,120 fpsCalculate individual frame rate,USB 3.0 Type Micro B receptacle,"USB 3.0, nominal max. 5 Gbit/s (SuperSpeed)",hardware trigger / programmable via the camera API,1,2,3.4 W,,,,,,,,,,,,,,,,3 MP,1,,,,,,,,,,,,,,,,,,,,,,,,,,,,,,,,,,,,,,,,,,
Basler,daA1920-30uc (CS-Mount),daa1920-30uc-cs-mount,Basler,106690,에어리어 스캔 카메라,Basler dart,36개월,onsemi,MT9P031,Rolling Shutter,CMOS,1920 px × 1080 px,2.2 μm × 2.2 μm,,Color,Visible,USB 3.0,8 bits / 12 bits,free-run / hardware trigger / software trigger,,Via USB 3.0 interface,Board Level,,19.9 mm x 29.3 mm x 29 mm,15 g,,0 °C - 50 °C,,"CE (incl. RoHS), EAC, FCC, GenICam, KC, RoHS, UKCA, UL, USB3 Vision",dart Classic,,"1/3.7""",4.84 mm,4.22 mm × 2.38 mm,30 fps,,"USB 3.0, nominal max. 5 Gbit/s (SuperSpeed)",hardware trigger / programmable via the camera API,1,2,1.2 W,,,,,,,,,,,,,,,,,2,,,,,,,,,,,,,,,,,,,,,,,,,,,,,,,,,,,,,,,,,,
Basler,acA4024-29um,aca4024-29um,Basler,109274,에어리어 스캔 카메라,Basler ace,36개월,Sony,IMX226,Rolling Shutter,CMOS,4024 px × 3036 px,1.85 μm × 1.85 μm,,Mono,Visible,USB 3.0,,,Hirose HR10A 6-pin plug,Via USB 3.0 interface,Box,,29.3 mm x 29 mm x 29 mm,80 g,C-mount,0 °C - 50 °C,,"CE (incl. RoHS), EAC, FCC, GenICam, IP30, KC, RoHS, UKCA, UL, USB3 Vision",ace U,ace U,"1/1.7""",9.33 mm,7.44 mm × 5.61 mm,31 fpsCalculate individual frame rate,USB 3.0 Type Micro B receptacle,"USB 3.0, nominal max. 5 Gbit/s (SuperSpeed)",automatic / manual,,,3 W,,80 % (typical),3.3 e¯ (typical),11 ke¯ (typical),70.3 dB (typical),40.4 dB (typical),,,,,,,,,,12.2 MP,,,,,,,,,,,,,,,,,,,,,,,,,,,,,,,,,,,,,,,,,,,
Basler,boA6500-36cc,boa6500-36cc,Basler,108392,에어리어 스캔 카메라,Basler boost,36개월,onsemi,XGS 32000,Global Shutter,CMOS,6580 px × 4935 px,3.2 μm × 3.2 μm,,Color,Visible,CoaXPress (CXP-12),10 bits / 12 bits,free-run / hardware trigger / software trigger,,PoCXP or 24 VDC,Box,,49.1 mm x 80 mm x 80 mm,525 g,F-mount / M42 x 0.75 / M42 x 1,0 °C - 50 °C,,"CE (incl. RoHS), CoaXPress 2.0, EAC, GenICam, KC, RoHS, UL",boost R,,APS-C,26.28 mm,21 mm × 15.8 mm,35 fpsCalculate individual frame rate,,CoaXPress (2.5–12.5 Gbps),hardware trigger / programmable via the camera API,1,2,10.4 W,,,,,,,,,,,,,,,,32.4 MP,,,,,,,,,,,,,,,,,,,,,,,,,,,,,,,,,,,,,,,,,,,
Basler,acA1300-200um,aca1300-200um,Basler,106752,에어리어 스캔 카메라,Basler ace,36개월,onsemi,PYTHON 1300,Global Shutter,CMOS,1280 px × 1024 px,4.8 μm × 4.8 μm,,Mono,Visible,USB 3.0,10 bits,,Hirose HR10A 6-pin plug,Via USB 3.0 interface,Box,,29.3 mm x 29 mm x 29 mm,80 g,C-mount,0 °C - 50 °C,,"CE (incl. RoHS), EAC, FCC, GenICam, IP30, KC, RoHS, UKCA, UL, USB3 Vision",ace U,ace U,"1/2""",7.87 mm,6.14 mm × 4.92 mm,203 fpsCalculate individual frame rate,USB 3.0 Type Micro B receptacle,"USB 3.0, nominal max. 5 Gbit/s (SuperSpeed)",hardware trigger / programmable via the camera API,1,,3 W,,53 % (typical),10.6 e¯ (typical),6.9 ke¯ (typical),56.3 dB (typical),38.4 dB (typical),,,,,,,,,,1.3 MP,,,,,,,,,,,,,,,,,,,,,,,,,,,,,,,,,,,,,,,,,,,
Basler,boA4096-93cc,boa4096-93cc,Basler,107804,에어리어 스캔 카메라,Basler boost,36개월,Sony,IMX255,Global Shutter,CMOS,4096 px × 2168 px,3.45 μm × 3.45 μm,,Color,Visible,CoaXPress (CXP-12),,free-run / hardware trigger / software trigger,,PoCXP or 24 VDC,Box,,45 mm x 80 mm x 80 mm,480 g,C-mount / F-mount / M42 x 0.75 / M42 x 1,0 °C - 50 °C,,"CE (incl. RoHS), CoaXPress 2.0, EAC, GenICam, KC, RoHS, UL",boost R,,"1""",15.97 mm,14.1 mm × 7.5 mm,93 fpsCalculate individual frame rate,,CoaXPress (2.5–12.5 Gbps),hardware trigger / programmable via the camera API,1,2,8.6 W,,,,,,,,,,,,,,,,9 MP,,,,,,,,,,,,,,,,,,,,,,,,,,,,,,,,,,,,,,,,,,,
Basler,acA1300-60gc (CS-Mount),aca1300-60gc-cs-mount,Basler,106580,에어리어 스캔 카메라,Basler ace,36개월,e2v,EV76C560,Global & Rolling Shutter,CMOS,1280 px × 1024 px,5.3 μm × 5.3 μm,,Color,Visible,GigE,12 bits,Ethernet connection / free-run / hardware trigger,Hirose HR10A 6-pin plug,PoE or 12 VDC,Box,,42 mm x 29 mm x 29 mm,90 g,CS-mount,0 °C - 50 °C,,"CE (incl. RoHS), EAC, FCC, GenICam, GigE Vision, IEEE 802.3af (PoE), IP30, KC, RoHS, UKCA, UL",ace Classic,ace Classic,"1/1.8""",8.68 mm,6.8 mm × 5.4 mm,60 fps,RJ45 receptacle (GigE),"Fast Ethernet (100 Mbit/s), Gigabit Ethernet (1000 Mbit/s)",programmable via the camera API,1,,2 W,,,24.6 e¯ (typical),9.4 ke¯ (typical),51.7 dB (typical),39.7 dB (typical),,,,,,,,,2.6 W,1.3 MP,1,,,,,,,,,,,,,,,,,,,,,40.95 % (typical),7.24 % (typical),3.03 % (typical),,,,,,,,,,,,,,,,,,,
Basler,raL8192-80km,ral8192-80km,Basler,106001,라인 스캔 카메라,Basler racer,36개월,Awaiba,DR-8k-3.5,Global Shutter,CMOS,8192 px × 1 px,3.5 μm × 3.5 μm,80 kHz,Mono,Visible,Camera Link,8 bits / 10 bits / 12 bits,free-run / hardware trigger / software trigger,,12-24 VDC,Box,,34 mm x 56 mm x 62 mm,210 g,M42 x 1 / M58 x 0.75 / C-mount / F-mount / M42 x 0.75,0 °C - 50 °C,,"Camera Link, CE (incl. RoHS), EAC, FCC, GenICam, IP30, KC, RoHS, UKCA, UL",,,,,,,,,trigger width or timed,,,,,54.65 % (typical),7.3 e¯ (typical),21.4 ke¯ (typical),69.3 dB (typical),43.3 dB (typical),,,,,,,,,,8k,,,,Camera Link (full),32.5/48/65/83.5,,,,,,,,,,,,,,,,,,,,,,,,,,,,,,,,,,,,,,
Basler,raL2048-80km,ral2048-80km,Basler,105998,라인 스캔 카메라,Basler racer,36개월,Awaiba,DR-2k-7,Global Shutter,CMOS,2048 px × 1 px,7 μm × 7 μm,80 kHz,Mono,Visible,Camera Link,8 bits / 10 bits / 12 bits,free-run / hardware trigger / software trigger,,PoCL or 12-24 VDC,Box,,34 mm x 56 mm x 62 mm,210 g,M42 x 1 / M58 x 0.75 / C-mount / F-mount / M42 x 0.75,0 °C - 50 °C,,"Camera Link, CE (incl. RoHS), EAC, FCC, GenICam, IP30, KC, RoHS, UKCA, UL",,,,,,,,,trigger width or timed,,,,,42.4 % (typical),8.7 e¯ (typical),25.1 ke¯ (typical),69.2 dB (typical),44 dB (typical),,,,,,,,,,2k,,,,Camera Link (base),32.5/48/65/83.5,,,,,,,,,,,,,,,,,,,,,,,,,,,,,,,,,,,,,,
Basler,raL12288-8gm,ral12288-8gm,Basler,105997,라인 스캔 카메라,Basler racer,36개월,Awaiba,DR-12k-3.5,Global Shutter,CMOS,12288 px × 1 px,3.5 μm × 3.5 μm,8 kHz,Mono,Visible,GigE,8 bits / 12 bits,free-run / hardware trigger / software trigger,,12-24 VDC,Box,,36 mm x 56 mm x 62 mm,240 g,C-mount / F-mount / M42 x 0.75 / M42 x 1 / M58 x 0.75,0 °C - 50 °C,,"CE (incl. RoHS), EAC, FCC, GenICam, GigE Vision, IP30, KC, RoHS, UKCA, UL",,,,,,,,,trigger width or timed,3,,,,55.22 % (typical),7.2 e¯ (typical),21.3 ke¯ (typical),69.4 dB (typical),43.3 dB (typical),,,,,,,,,,12k,2,,,,,,,,,,,,,,,,,,,,,,,,,,,,,,,,,,,,,,,,,,
Basler,raL6144-16gm,ral6144-16gm,Basler,105995,라인 스캔 카메라,Basler racer,36개월,Awaiba,DR-6k-7,Global Shutter,CMOS,6144 px × 1 px,7 μm × 7 μm,17 kHz,Mono,Visible,GigE,8 bits / 12 bits,free-run / hardware trigger / software trigger,,12-24 VDC,Box,,36 mm x 56 mm x 62 mm,240 g,C-mount / F-mount / M42 x 0.75 / M42 x 1 / M58 x 0.75,0 °C - 50 °C,,"CE (incl. RoHS), EAC, FCC, GenICam, GigE Vision, IP30, KC, RoHS, UKCA, UL",,,,,,,,,trigger width or timed,3,,,,41.52 % (typical),8.2 e¯ (typical),24.9 ke¯ (typical),69.6 dB (typical),43.9 dB (typical),,,,,,,,,,6k,2,,,,,,,,,,,,,,,,,,,,,,,,,,,,,,,,,,,,,,,,,,
Basler,raL4096-24gm,ral4096-24gm,Basler,105994,라인 스캔 카메라,Basler racer,36개월,Awaiba,DR-4k-7,Global Shutter,CMOS,4096 px × 1 px,7 μm × 7 μm,26 kHz,Mono,Visible,GigE,8 bits / 12 bits,free-run / hardware trigger / software trigger,,12-24 VDC,Box,,36 mm x 56 mm x 62 mm,240 g,M58 x 0.75 / C-mount / F-mount / M42 x 0.75 / M42 x 1,0 °C - 50 °C,,"CE (incl. RoHS), EAC, FCC, GenICam, GigE Vision, IP30, KC, RoHS, UKCA, UL",,,,,,,,,trigger width or timed,3,,,,42.67 % (typical),8.6 e¯ (typical),25.1 ke¯ (typical),69.2 dB (typical),44 dB (typical),,,,,,,,,,4k,2,,,,,,,,,,,,,,,,,,,,,,,,,,,,,,,,,,,,,,,,,,
Basler,raL8192-12gm,ral8192-12gm,Basler,105996,라인 스캔 카메라,Basler racer,36개월,Awaiba,DR-8k-3.5,Global Shutter,CMOS,8192 px × 1 px,3.5 μm × 3.5 μm,12 kHz,Mono,Visible,GigE,8 bits / 12 bits,free-run / hardware trigger / software trigger,,12-24 VDC,Box,,36 mm x 56 mm x 62 mm,240 g,C-mount / F-mount / M42 x 0.75 / M42 x 1 / M58 x 0.75,0 °C - 50 °C,,"CE (incl. RoHS), EAC, FCC, GenICam, GigE Vision, IP30, KC, RoHS, UKCA, UL",,,,,,,,,trigger width or timed,3,,,,54.57 % (typical),7.3 e¯ (typical),21.3 ke¯ (typical),69.3 dB (typical),43.3 dB (typical),,,,,,,,,,8k,2,,,,,,,,,,,,,,,,,,,,,,,,,,,,,,,,,,,,,,,,,,
Basler,raL2048-48gm,ral2048-48gm,Basler,105993,라인 스캔 카메라,Basler racer,36개월,Awaiba,DR-2k-7,Global Shutter,CMOS,2048 px × 1 px,7 μm × 7 μm,51 kHz,Mono,Visible,GigE,8 bits / 12 bits,free-run / hardware trigger / software trigger,,12-24 VDC,Box,,36 mm x 56 mm x 62 mm,240 g,C-mount / F-mount / M42 x 0.75 / M42 x 1 / M58 x 0.75,0 °C - 50 °C,,"CE (incl. RoHS), EAC, FCC, GenICam, GigE Vision, IP30, KC, RoHS, UKCA, UL",,,,,,,,,trigger width or timed,3,,,,42.92 % (typical),8.8 e¯ (typical),25.3 ke¯ (typical),69.1 dB (typical),44 dB (typical),,,,,,,,,,2k,2,,,,,,,,,,,,,,,,,,,,,,,,,,,,,,,,,,,,,,,,,,
Basler,raL12288-66km,ral12288-66km,Basler,106002,라인 스캔 카메라,Basler racer,36개월,Awaiba,DR-12k-3.5,Global Shutter,CMOS,12288 px × 1 px,3.5 μm × 3.5 μm,66 kHz,Mono,Visible,Camera Link,8 bits / 10 bits / 12 bits,free-run / hardware trigger / software trigger,,12-24 VDC,Box,,34 mm x 56 mm x 62 mm,210 g,C-mount / F-mount / M42 x 0.75 / M42 x 1 / M58 x 0.75,0 °C - 50 °C,,"Camera Link, CE (incl. RoHS), EAC, FCC, GenICam, IP30, KC, RoHS, UKCA, UL",,,,,,,,,trigger width or timed,,,,,54.96 % (typical),7.2 e¯ (typical),21.2 ke¯ (typical),69.3 dB (typical),43.2 dB (typical),,,,,,,,,,12k,,,,Camera Link (full),32.5/48/65/83.5,,,,,,,,,,,,,,,,,,,,,,,,,,,,,,,,,,,,,,
Basler,raL6144-80km,ral6144-80km,Basler,106000,라인 스캔 카메라,Basler racer,36개월,Awaiba,DR-6k-7,Global Shutter,CMOS,6144 px × 1 px,7 μm × 7 μm,80 kHz,Mono,Visible,Camera Link,8 bits / 10 bits / 12 bits,free-run / hardware trigger / software trigger,,12-24 VDC,Box,,34 mm x 56 mm x 62 mm,210 g,C-mount / F-mount / M42 x 0.75 / M42 x 1 / M58 x 0.75,0 °C - 50 °C,,"Camera Link, CE (incl. RoHS), EAC, FCC, GenICam, IP30, KC, RoHS, UKCA, UL",,,,,,,,,trigger width or timed,,,,,41.38 % (typical),8.2 e¯ (typical),25.6 ke¯ (typical),69.9 dB (typical),44.1 dB (typical),,,,,,,,,,6k,,,,Camera Link (full),32.5/48/65/83.5,,,,,,,,,,,,,,,,,,,,,,,,,,,,,,,,,,,,,,
Basler,blaze-101,blaze-101,Basler,107796,3D 카메라,Basler ToF Camera,36개월,Sony,DepthSense™ IMX556,,,640 px × 480 px,,,Mono,,GigE,,free-run / hardware trigger / PTP IEEE1588 / software trigger,,24 VDC ±10%; <15 W mean; <55 W peak,Box,IP67,100 mm x 81 mm x 64 mm,690 g,lens integrated,0 °C - 50 °C,,"CE (incl. RoHS), DIN EN 55022, DIN EN 60068-2-27, DIN EN 60068-2-6, DIN EN 60068-2-64, DIN EN 61000-6-2, DIN EN 61000-6-4, EAC, Eye safety: IEC 60825-1:2014 Laser Class 1, FCC, GenICam, GigE Vision, IP67, KC, RoHS, UKCA, UL",,,,,,30 fps,,,programmable via the camera API,,,,,,,,,,,67° x 51°,,,,0.3 m - 10 m,ARM Linux (AArch64) / Linux (x86_64) / Windows,,,VGA,,,,,,940 nm,point cloud (XYZ); range map; intensity image; confidence map,±5 mm (0.5 – 5.5 m); typical,< 1 mm (up to 5.5 m); typical,< 85 ms,4 x VCSEL laser diodes; 940 nm; class 1,Max. irradiance 12.8 W/m² @ 920–970 nm,IEC 61076-2-109; M12; 8-pin; x-coded; female,IEC 61076-2-101; M12; 8-pin; female,API / Driver / Samples / User Manual / Viewer,GenApi / GenICam / GenTL / GigE Vision,.Net / C/C++ / Python,Halcon / Isaac / MIL / OpenCV / Point Cloud Library (PCL) / ROS,1/4-20 UNC thread (tripod); multiple M4 threads,,,,,,,,,,,,,,,,,,,,,,,,
Basler,blaze-102,blaze-102,Basler,108711,3D 카메라,Basler ToF Camera,36개월,Sony,DepthSense™ IMX556,,,640 px × 480 px,,,Mono,,GigE,,free-run / hardware trigger / PTP IEEE1588 / software trigger,,24 VDC ±10%; <11.5 W mean; <38 W peak,Box,IP67,100 mm x 81 mm x 64 mm,690 g,lens integrated,0 °C - 50 °C,,"CE (incl. RoHS), DIN EN 55022, DIN EN 60068-2-27, DIN EN 60068-2-6, DIN EN 60068-2-64, DIN EN 61000-6-2, DIN EN 61000-6-4, EAC, Eye safety: IEC 60825-1:2014 Laser Class 1, FCC, GenICam, GigE Vision, IP67, KC, RoHS, UKCA, UL",,,,,,30 fps,,,programmable via the camera API,,,,,,,,,,,67° x 51°,,,,0.3 m - 10 m,ARM Linux (AArch64) / Linux (x86_64) / Windows,,,VGA,,,,,,850 nm,point cloud (XYZ); range map; intensity image; confidence map,±5 mm (0.5 – 5.5 m); typical,< 0.8 mm (up to 5.5 m); typical,< 85 ms,4 x VCSEL laser diodes; 850 nm; class 1,Max. irradiance 6.8 W/m² @ 830–880 nm,IEC 61076-2-109; M12; 8-pin; x-coded; female,IEC 61076-2-101; M12; 8-pin; female,API / Driver / Samples / User Manual / Viewer,GenApi / GenICam / GenTL / GigE Vision,.Net / C/C++ / Python,Halcon / Isaac / MIL / OpenCV / Point Cloud Library (PCL) / ROS,1/4-20 UNC thread (tripod); multiple M4 threads,,,,,,,,,,,,,,,,,,,,,,,,
Basler,STA-200-547M-082616-W,sta-200-547m-082616-w,Basler,109517,3D 카메라,Basler Stereo Camera,36개월,,,Global Shutter,,2472 px × 2064 px,,,Mono,,GigE,,,,24V DC,,IP50,158.5 mm x 245 mm x 70 mm,1700 g,,,,EAC,,,,,,,,,,,,,,,,,,,200 mm,,3 - 10 fps (depends on the configuration of the camera and the hardware of the host system),,,0.71 m - 3 m,ARM Linux (AArch64) / Linux (x86_64) / Windows,,,,,,,,,,,,,,,,2 x RJ45,"M12, 8-pin, female, Type A",,,,,,,,,,,"1 x Camera, Stereo ace2 x Trigger Cable, M8 8-pin to M8 8-pin1 x Mounting Bracket Stereo ace (incl. 3x socket screws M5 x 12)",0.06 mm at 0.75 m / 0.11 mm at 1.0 m / 0.25 mm at 1.5 m / 0.43 mm at 2.0 m / 0.98 mm at 3.0 m,430 x 530 mm at 0.75 m / 630 x 710 mm at 1.0 m / 2305 x 2125 mm at 3.0 m / 1060 x 1060 mm at 1.5 m / 1500 x 1415 mm at 2.0 m,,,,,,,,,,,,,,,,
Basler,Stereo Camera rc_visard 160c,stereo-camera-rc-visard-160c,Basler,2200000972,3D 카메라,Basler Stereo Camera,36개월,,,Global Shutter,,1280 px × 960 px,,,Color,,GigE,,,,18-30 V,,IP54,230 mm x 75 mm x 84 mm,850 g,,0 °C - 50 °C,,"AS/NZS CISPR32, CE (incl. RoHS), CISPR 24 : 2015 +A1:2015, CISPR 32, EAC, EN 55024 : 2010 +A1:2015, EN 55032, EN 61000-6-2 : 2005, EN 61000-6-3 : 2007+A1:2011, GB 9254, GenICam, GigE Vision, KC",Stereo visard,,,,,,,,,,,,,,,,,,160 mm,61° x 48°,"214×160 Pixel @ 25 fps / 320×240 Pixel @ 15 fps / 640×480 Pixel @ 3 fps, with Cube @ 25 fps / 1280×960 Pixel @ 1 fps, with Cube @ 12.5 fps",,200 Hz. low latency,0.5 m - 3 m,,,,,,,,,,,,,,,,,8-pin A-coded M12 socket for GigE,8-pin A-coded M12 plug for GPIO and power,,,,,,,,,,,,0.1 mm @ 0.5 m / 0.4 mm @ 1.0 m / 1.5 mm @ 2.0 m / 3.3 mm @ 3.0 m,0.5 m distance: 0.44 m x 0.45 m / 1.0 m distance: 1.04 m x 0.90 m / 2.0 m distance: 2.24 m x 1.80 m,4 mm,Nvidia Tegra K1,,,,,,,,,,,,,,
Basler,Stereo Camera rc_visard 65c,stereo-camera-rc-visard-65c,Basler,2200000974,3D 카메라,Basler Stereo Camera,36개월,,,Global Shutter,,1280 px × 960 px,,,Color,,GigE,,,,18-30 V,,IP54,135 mm x 75 mm x 96 mm,680 g,,0 °C - 50 °C,,"AS/NZS CISPR32, CE (incl. RoHS), CISPR 24 : 2015 +A1:2015, CISPR 32, EAC, EN 55024 : 2010 +A1:2015, EN 55032, EN 61000-6-2 : 2005, EN 61000-6-3 : 2007+A1:2011, GB 9254, GenICam, GigE Vision, KC",Stereo visard,,,,,,,,,,,,,,,,,,65 mm,61° x 48°,"214×160 Pixel @ 25 fps / 320×240 Pixel @ 15 fps / 640×480 Pixel @ 3 fps, with Cube @ 25 fps / 1280×960 Pixel @ 1 fps, with Cube @ 12.5 fps",,200 Hz. low latency,0.2 m - 1 m,,,,,,,,,,,,,,,,,8-pin A-coded M12 socket for GigE,8-pin A-coded M12 plug for GPIO and power,,,,,,,,,,,,0.04 mm @ 0.2 m / 0.9 mm @ 1.0 m,0.2 m distance: 0.17 m x 0.18 m / 0.5 m distance: 0.54 m x 0.45 m / 1.0 m distance: 1.14 m x 0.90 m,4 mm,Nvidia Tegra K1,,,,,,,,,,,,,,
Basler,STA-200-547C-082616-W,sta-200-547c-082616-w,Basler,109518,3D 카메라,Basler Stereo Camera,36개월,,,Global Shutter,,2472 px × 2064 px,,,Color,,GigE,,,,24V DC,,IP50,158.5 mm x 245 mm x 70 mm,1700 g,,,,EAC,,,,,,,,,,,,,,,,,,,200 mm,,3 - 10 fps (depends on the configuration of the camera and the hardware of the host system),,,0.71 m - 3 m,ARM Linux (AArch64) / Linux (x86_64) / Windows,,,,,,,,,,,,,,,,2 x RJ45,"M12, 8-pin, female, Type A",,,,,,,,,,,"1 x Camera, Stereo ace2 x Trigger Cable, M8 8-pin to M8 8-pin1 x Mounting Bracket Stereo ace (incl. 3x socket screws M5 x 12)",0.06 mm at 0.75 m / 0.11 mm at 1.0 m / 0.25 mm at 1.5 m / 0.43 mm at 2.0 m / 0.98 mm at 3.0 m,430 x 530 mm at 0.75 m / 630 x 710 mm at 1.0 m / 2305 x 2125 mm at 3.0 m / 1060 x 1060 mm at 1.5 m / 1500 x 1415 mm at 2.0 m,,,,,,,,,,,,,,,,
Basler,STA-300-547M-082625-W,sta-300-547m-082625-w,Basler,109523,3D 카메라,Basler Stereo Camera,36개월,,,Global Shutter,,2472 px × 2064 px,,,Mono,,GigE,,,,24V DC,,IP50,158.5 mm x 345 mm x 70 mm,1800 g,,,,EAC,,,,,,,,,,,,,,,,,,,300 mm,,3 - 10 fps (depends on the configuration of the camera and the hardware of the host system),,,1.1 m - 5 m,ARM Linux (AArch64) / Linux (x86_64) / Windows,,,,,,,,,,,,,,,,2 x RJ45,"M12, 8-pin, female, Type A",,,,,,,,,,,"1 x Camera, Stereo ace2 x Trigger Cable, M8 8-pin to M8 8-pin1 x Mounting Bracket Stereo ace (incl. 3x socket screws M5 x 12)",0.072 mm at 1.1 m / 0.29 mm at 2.0 m / 0.65 mm at 3.0 m / 1.2 mm at 4.0 m / 1.8 mm at 5.0 m,836 x 669 mm at 1.1 m / 1470 x 1470 mm at 2.0 m / 2360 x 2210 mm at 3.0 m / 3250 x 2940 mm at 4.0 m / 4140 x 3680 mm at 5.0 m,,,,,,,,,,,,,,,,
Basler,Stereo Camera rc_visard 160m,stereo-camera-rc-visard-160m,Basler,2200000973,3D 카메라,Basler Stereo Camera,36개월,,,Global Shutter,,1280 px × 960 px,,,Mono,,GigE,,,,18-30 V,,IP54,230 mm x 75 mm x 84 mm,850 g,,0 °C - 50 °C,,"AS/NZS CISPR32, CE (incl. RoHS), CISPR 24 : 2015 +A1:2015, CISPR 32, EAC, EN 55024 : 2010 +A1:2015, EN 55032, EN 61000-6-2 : 2005, EN 61000-6-3 : 2007+A1:2011, GB 9254, GenICam, GigE Vision, KC",Stereo visard,,,,,,,,,,,,,,,,,,160 mm,61° x 48°,"214×160 Pixel @ 25 fps / 320×240 Pixel @ 15 fps / 640×480 Pixel @ 3 fps, with Cube @ 25 fps / 1280×960 Pixel @ 1 fps, with Cube @ 12.5 fps",,200 Hz. low latency,0.5 m - 3 m,,,,,,,,,,,,,,,,,8-pin A-coded M12 socket for GigE,8-pin A-coded M12 plug for GPIO and power,,,,,,,,,,,,0.1 mm @ 0.5 m / 0.4 mm @ 1.0 m / 1.5 mm @ 2.0 m / 3.3 mm @ 3.0 m,0.5 m distance: 0.44 m x 0.45 m / 1.0 m distance: 1.04 m x 0.90 m / 2.0 m distance: 2.24 m x 1.80 m,4 mm,Nvidia Tegra K1,,,,,,,,,,,,,,
Basler,STA-100-547M-082609-W,sta-100-547m-082609-w,Basler,109519,3D 카메라,Basler Stereo Camera,36개월,,,Global Shutter,,2472 px × 2064 px,,,Mono,,GigE,,,,24V DC,,IP50,131.9 mm x 145.8 mm x 70 mm,1500 g,,,,EAC,,,,,,,,,,,,,,,,,,,100 mm,,3 - 10 fps (depends on the configuration of the camera and the hardware of the host system),,,0.6 m - 2 m,ARM Linux (AArch64) / Linux (x86_64) / Windows,,,,,,,,,,,,,,,,2 x RJ45,"M12, 8-pin, female, Type A",,,,,,,,,,,"1 x Camera, Stereo ace2 x Trigger Cable, M8 8-pin to M8 8-pin1 x Mounting Bracket Stereo ace (incl. 3x socket screws M5 x 12)",0.10 mm at 0.6 m / 0.28 mm at 1 m / 0.64 mm at 1.5 m / 1.13 mm at 2 m,433 x 442 mm at 0.6 m / 789 x 737 mm at 1.0 m / 1233 x 1106 mm at 1.5 m / 1677 x 1475 mm at 2.0 m,,,,,,,,,,,,,,,,
Basler,Stereo Camera rc_visard 160m-6,stereo-camera-rc-visard-160m-6,Basler,2200000976,3D 카메라,Basler Stereo Camera,36개월,,,Global Shutter,,1280 px × 960 px,,,Mono,,GigE,,,,18-30 V,,IP54,230 mm x 75 mm x 84 mm,850 g,,0 °C - 50 °C,,"AS/NZS CISPR32, CE (incl. RoHS), CISPR 24 : 2015 +A1:2015, CISPR 32, EAC, EN 55024 : 2010 +A1:2015, EN 55032, EN 61000-6-2 : 2005, EN 61000-6-3 : 2007+A1:2011, GB 9254, GenICam, GigE Vision, KC",Stereo visard,,,,,,,,,,,,,,,,,,160 mm,43° x 33°,"214×160 Pixel @ 25 fps / 320×240 Pixel @ 15 fps / 640×480 Pixel @ 3 fps, with Cube @ 25 fps / 1280×960 Pixel @ 1 fps, with Cube @ 12.5 fps",,200 Hz. low latency,0.5 m - 3 m,,,,,,,,,,,,,,,,,8-pin A-coded M12 socket for GigE,8-pin A-coded M12 plug for GPIO and power,API / User Manual / Viewer,GenICam / GigE Vision 2.0 / Rest API / UDP based ego-motion interface / Web GUI,,Halcon / OpenCV / Point Cloud Library (PCL) / ROS,,,,,,,,0.06 mm @ 0.5 m / 0.3 mm @ 1.0 m / 1.0 mm @ 2.0 m / 2.2 mm @ 3.0 m,0.5 m distance: 0.24 m x 0.30 m / 1.0 m distance: 0.64 m x 0.60 m / 2.0 m distance: 1.44 m x 1.20 m,6 mm,Nvidia Tegra K1,,,,,,,,,,,,,,
Basler,STA-300-547C-082625-W,sta-300-547c-082625-w,Basler,109524,3D 카메라,Basler Stereo Camera,36개월,,,Global Shutter,,2472 px × 2064 px,,,Color,,GigE,,,,24V DC,,IP50,158.5 mm x 345 mm x 70 mm,1800 g,,,,EAC,,,,,,,,,,,,,,,,,,,300 mm,,3 - 10 fps (depends on the configuration of the camera and the hardware of the host system),,,1.1 m - 5 m,ARM Linux (AArch64) / Linux (x86_64) / Windows,,,,,,,,,,,,,,,,2 x RJ45,"M12, 8-pin, female, Type A",,,,,,,,,,,"1 x Camera, Stereo ace2 x Trigger Cable, M8 8-pin to M8 8-pin1 x Mounting Bracket Stereo ace (incl. 3x socket screws M5 x 12)",0.072 mm at 1.1 m / 0.29 mm at 2.0 m / 0.65 mm at 3.0 m / 1.2 mm at 4.0 m / 1.8 mm at 5.0 m,836 x 669 mm at 1.1 m / 1470 x 1470 mm at 2.0 m / 2360 x 2210 mm at 3.0 m / 3250 x 2940 mm at 4.0 m / 4140 x 3680 mm at 5.0 m,,,,,,,,,,,,,,,,
Basler,Stereo Camera rc_visard 65m,stereo-camera-rc-visard-65m,Basler,2200000975,3D 카메라,Basler Stereo Camera,36개월,,,Global Shutter,,1280 px × 960 px,,,Mono,,GigE,,,,18-30 V,,IP54,135 mm x 75 mm x 96 mm,680 g,,0 °C - 50 °C,,"AS/NZS CISPR32, CE (incl. RoHS), CISPR 24 : 2015 +A1:2015, CISPR 32, EAC, EN 55024 : 2010 +A1:2015, EN 55032, EN 61000-6-2 : 2005, EN 61000-6-3 : 2007+A1:2011, GB 9254, GenICam, GigE Vision, KC",Stereo visard,,,,,,,,,,,,,,,,,,65 mm,61° x 48°,"214×160 Pixel @ 25 fps / 320×240 Pixel @ 15 fps / 640×480 Pixel @ 3 fps, with Cube @ 25 fps / 1280×960 Pixel @ 1 fps, with Cube @ 12.5 fps",,200 Hz. low latency,0.2 m - 1 m,,,,,,,,,,,,,,,,,8-pin A-coded M12 socket for GigE,8-pin A-coded M12 plug for GPIO and power,,,,,,,,,,,,0.04 mm @ 0.2 m / 0.9 mm @ 1.0 m,0.2 m distance: 0.17 m x 0.18 m / 0.5 m distance: 0.54 m x 0.45 m / 1.0 m distance: 1.14 m x 0.90 m,4 mm,Nvidia Tegra K1,,,,,,,,,,,,,,
Basler,STA-100-547C-082609-W,sta-100-547c-082609-w,Basler,109520,3D 카메라,Basler Stereo Camera,36개월,,,Global Shutter,,2472 px × 2064 px,,,Color,,GigE,,,,24V DC,,IP50,131.9 mm x 145.8 mm x 70 mm,1500 g,,,,EAC,,,,,,,,,,,,,,,,,,,100 mm,,3 - 10 fps (depends on the configuration of the camera and the hardware of the host system),,,0.6 m - 2 m,ARM Linux (AArch64) / Linux (x86_64) / Windows,,,,,,,,,,,,,,,,2 x RJ45,"M12, 8-pin, female, Type A",,,,,,,,,,,"1 x Camera, Stereo ace2 x Trigger Cable, M8 8-pin to M8 8-pin1 x Mounting Bracket Stereo ace (incl. 3x socket screws M5 x 12)",0.10 mm at 0.6 m / 0.28 mm at 1 m / 0.64 mm at 1.5 m / 1.13 mm at 2 m,433 x 442 mm at 0.6 m / 789 x 737 mm at 1.0 m / 1233 x 1106 mm at 1.5 m / 1677 x 1475 mm at 2.0 m,,,,,,,,,,,,,,,,
Basler,HeliotisHeliotis Sensor H9 1.5x,heliotis-sensor-h9-1-5x,Heliotis,1456,3D 카메라,Heliotis heliInspect H9,,Heliotis proprietary,heliSens S4,,Area Sensor,512 px × 542 px,,,Mono,,GigE,,,,,,,299.5 mm x 60 mm x 216 mm,,,,,,,,,,,,,,,,,,,,,,,,,8.19 x 8.70 mm,,,,,,,,,,,,,,,,,,,,,,,,,,,,,,,,,,,,,,16 μm,100 nm,1.5x,Blue LED / Red LED,51.0 nm,,,,,,,,,
Basler,HeliotisHeliotis Sensor H9 0.5x,heliotis-sensor-h9-0-5x,Heliotis,1459,3D 카메라,Heliotis heliInspect H9,,Heliotis proprietary,heliSens S4,,Area Sensor,512 px × 542 px,,,Mono,,GigE,,,,,,,299.5 mm x 60 mm x 216 mm,,,,,,,,,,,,,,,,,,,,,,,,,24.58 x 26.11 mm,,,,,,,,,,,,,,,,,,,,,,,,,,,,,,,,,,,,,,48 μm,100 nm,0.5x,Blue LED / Red LED,51.0 nm,,,,,,,,,
Basler,HeliotisHeliotis Sensor H9 0.8x,heliotis-sensor-h9-0-8x,Heliotis,1458,3D 카메라,Heliotis heliInspect H9,,Heliotis proprietary,heliSens S4,,Area Sensor,512 px × 542 px,,,Mono,,GigE,,,,,,,299.5 mm x 60 mm x 216 mm,,,,,,,,,,,,,,,,,,,,,,,,,15.36 x 16.32 mm,,,,,,,,,,,,,,,,,,,,,,,,,,,,,,,,,,,,,,30 μm,100 nm,0.8x,Blue LED / Red LED,51.0 nm,,,,,,,,,
Basler,HeliotisHeliotis Sensor H9 2x,heliotis-sensor-h9-2x,Heliotis,1455,3D 카메라,Heliotis heliInspect H9,,Heliotis proprietary,heliSens S4,,Area Sensor,512 px × 542 px,,,Mono,,GigE,,,,,,,299.5 mm x 60 mm x 216 mm,,,,,,,,,,,,,,,,,,,,,,,,,6.14 x 6.53 mm,,,,,,,,,,,,,,,,,,,,,,,,,,,,,,,,,,,,,,12 μm,100 nm,2x,Blue LED / Red LED,49.0 nm,,,,,,,,,
Basler,HeliotisHeliotis Sensor H9 3x,heliotis-sensor-h9-3x,Heliotis,1454,3D 카메라,Heliotis heliInspect H9,,Heliotis proprietary,heliSens S4,,Area Sensor,512 px × 542 px,,,Mono,,GigE,,,,,,,299.5 mm x 60 mm x 216 mm,,,,,,,,,,,,,,,,,,,,,,,,,4.10 x 4.35 mm,,,,,,,,,,,,,,,,,,,,,,,,,,,,,,,,,,,,,,8 μm,100 nm,3x,Blue LED / Red LED,49.0 nm,,,,,,,,,
Basler,HeliotisHeliotis Sensor H9 1x,heliotis-sensor-h9-1x,Heliotis,1457,3D 카메라,Heliotis heliInspect H9,,Heliotis proprietary,heliSens S4,,Area Sensor,512 px × 542 px,,,Mono,,GigE,,,,,,,299.5 mm x 60 mm x 216 mm,,,,,,,,,,,,,,,,,,,,,,,,,12.29 x 13.06 mm,,,,,,,,,,,,,,,,,,,,,,,,,,,,,,,,,,,,,,24 μm,100 nm,1x,Blue LED / Red LED,51.0 nm,,,,,,,,,
Basler,LMILMI Sensor Gocator 2610,lmi-sensor-gocator-2610,LMI,2725,3D 카메라,LMI Gocator 2600,,,,,Line Sensor,,,,Mono,,GigE,,,,,,,116 mm x 125 mm x 50 mm,900 g,,,,,,,,,,,,,,,,,,,,,,,,10.2 - 10.8 mm,,,,,,,,,,,,,,,,,,,,,,,,,,,,,,,,,,,,,,2.5 μm,,,Blue laser (405 nm),19.5 mm,,0.22 nm,"2, 3R, 3B",0.015 %,approx. 1.1 kHz - 9 kHz,4192.0000,5 mm,,
Basler,LMILMI Sensor Gocator 2540,lmi-sensor-gocator-2540,LMI,2723,3D 카메라,LMI Gocator 2500,,,,,Line Sensor,,,,Mono,,GigE,,,,,,,105 mm x 195 mm x 55 mm,1480 g,,,,,,,,,,,,,,,,,,,,,,,,120 - 292 mm (diffuse),,,,,,,,,,,,,,,,,,,,,,,,,,,,,,,,,,,,,,64 - 160 μm,,,"Blue laser (405 nm), Red laser (660 nm)",152 mm,,1.2 nm,"2, 3R, 3B",0.05 %,approx. 1.7 kHz - 20 kHz,1920.0000,295 mm,,
Basler,LMILMI Sensor Gocator 5516,lmi-sensor-gocator-5516,LMI,2739,3D 카메라,LMI Gocator 5500,,,,,Line Confocal Sensor,,,,Mono,,GigE,,,,,,,358 mm x 440 mm x 113 mm,21000 g,,,,,,,,,,,,,,,,,,,,,,,,17 mm,,,,,,,,,,,,,,,,,,,,,,,,,,,,,,,,,,,,,,9.9 μm,,,Polychromatic Light Source,61.3 mm,,0.42 nm,,0.42 %,approx. 3.8 kHz - 38 kHz,1792.0000,5.5 mm,,
Basler,LMILMI Sensor Gocator 2629,lmi-sensor-gocator-2629,LMI,2727,3D 카메라,LMI Gocator 2600,,,,,Line Sensor,,,,Mono,,GigE,,,,,,,105 mm x 165 mm x 55 mm,1340 g,,,,,,,,,,,,,,,,,,,,,,,,71 - 93 mm,,,,,,,,,,,,,,,,,,,,,,,,,,,,,,,,,,,,,,18 - 23 μm,,,"Blue laser (405 nm), Red laser (660 nm)",110 mm,,0.3 nm,"2, 3R, 3B",0.03 %,approx. 2.5 kHz - 9 kHz,4192.0000,45 mm,,
Basler,LMILMI Sensor Gocator 4010,lmi-sensor-gocator-4010,LMI,2733,3D 카메라,LMI Gocator 4000,,,,,Area Sensor,,,,Mono,,GigE,,,,,,,82 mm x 459 mm x 183 mm,1040 g,,,,,,,,,,,,,,,,,,,,,,,,3.5 mm,,,,,,,,,,,,,,,,,,,,,,,,,,,,,,,,,,,,,,1.9 μm,,,White LED,9.3 ±0.2 mm,,0.12 nm,,0.04 %,approx. 4.3 kHz - 34 kHz,1920.0000,1.05 mm,,
Basler,LMILMI Sensor Gocator 2640,lmi-sensor-gocator-2640,LMI,2729,3D 카메라,LMI Gocator 2600,,,,,Line Sensor,,,,Mono,,GigE,,,,,,,105 mm x 195 mm x 55 mm,1480 g,,,,,,,,,,,,,,,,,,,,,,,,105 - 198 mm,,,,,,,,,,,,,,,,,,,,,,,,,,,,,,,,,,,,,,28 - 46 μm,,,"Blue laser (405 nm), Red laser (660 nm)",170 mm,,1 nm,"2, 3R, 3B",0.04 %,approx. 0.6 kHz - 9 kHz,4192.0000,190 mm,,
Basler,LMILMI Sensor Gocator 5512,lmi-sensor-gocator-5512,LMI,2738,3D 카메라,LMI Gocator 5500,,,,,Line Confocal Sensor,,,,Mono,,GigE,,,,,,,354 mm x 419 mm x 91 mm,9000 g,,,,,,,,,,,,,,,,,,,,,,,,11.6 mm,,,,,,,,,,,,,,,,,,,,,,,,,,,,,,,,,,,,,,6.5 μm,,,Polychromatic Light Source,19.1 mm,,0.17 nm,,0.17 %,approx. 4.2 kHz - 40 kHz,1792.0000,3 mm,,
Basler,LMILMI Sensor Gocator 2690,lmi-sensor-gocator-2690,LMI,2732,3D 카메라,LMI Gocator 2600,,,,,Line Sensor,,,,Mono,,GigE,,,,,,,105 mm x 280 mm x 55 mm,2120 g,,,,,,,,,,,,,,,,,,,,,,,,385 - 2000 mm,,,,,,,,,,,,,,,,,,,,,,,,,,,,,,,,,,,,,,124 - 550 μm,,,Red laser (660 nm),325 mm,,12 nm,"2, 3R",0.08 %,approx. 0.9 kHz - 10 kHz,3700.0000,1550 mm,,
Basler,LMILMI Sensor Gocator 2618,lmi-sensor-gocator-2618,LMI,2726,3D 카메라,LMI Gocator 2600,,,,,Line Sensor,,,,Mono,,GigE,,,,,,,80 mm x 110 mm x 46 mm,650 g,,,,,,,,,,,,,,,,,,,,,,,,20 - 23 mm,,,,,,,,,,,,,,,,,,,,,,,,,,,,,,,,,,,,,,5.0 - 5.4 μm,,,Blue laser (405 nm),44.5 mm,,0.38 nm,"2, 3R, 3B",0.015 %,approx. 0.7 kHz - 10 kHz,4192.0000,12 mm,,
Basler,LMILMI Sensor Gocator 2630,lmi-sensor-gocator-2630,LMI,2728,3D 카메라,LMI Gocator 2600,,,,,Line Sensor,,,,Mono,,GigE,,,,,,,105 mm x 165 mm x 55 mm,1340 g,,,,,,,,,,,,,,,,,,,,,,,,71 - 135 mm,,,,,,,,,,,,,,,,,,,,,,,,,,,,,,,,,,,,,,18 - 33 μm,,,"Blue laser (405 nm), Red laser (660 nm)",110 mm,,0.3 nm,"2, 3R, 3B",0.03 %,approx. 0.6 kHz - 9 kHz,4192.0000,130 mm,,
Basler,LMILMI Sensor Gocator 2550,lmi-sensor-gocator-2550,LMI,2724,3D 카메라,LMI Gocator 2500,,,,,Line Sensor,,,,Mono,,GigE,,,,,,,105 mm x 195 mm x 55 mm,1480 g,,,,,,,,,,,,,,,,,,,,,,,,154 - 518 mm (diffuse),,,,,,,,,,,,,,,,,,,,,,,,,,,,,,,,,,,,,,90 - 270 μm,,,"Blue laser (405 nm), Red laser (660 nm)",216 mm,,2 nm,"2, 3R, 3B",0.06 %,approx. 1.8 kHz - 20 kHz,1920.0000,595 mm,,
Basler,LMILMI Sensor Gocator 5504,lmi-sensor-gocator-5504,LMI,2737,3D 카메라,LMI Gocator 5500,,,,,Line Confocal Sensor,,,,Mono,,GigE,,,,,,,190 mm x 303 mm x 60 mm,5000 g,,,,,,,,,,,,,,,,,,,,,,,,4.3 mm,,,,,,,,,,,,,,,,,,,,,,,,,,,,,,,,,,,,,,2.5 μm,,,Polychromatic Light Source,7.8 mm,,0.07 nm,,0.07 %,approx. 2.1 kHz - 39 kHz,1792.0000,1.1 mm,,
Basler,LMILMI Sensor Gocator 4020,lmi-sensor-gocator-4020,LMI,2735,3D 카메라,LMI Gocator 4000,,,,,Area Sensor,,,,Mono,,GigE,,,,,,,82 mm x 428 mm x 183 mm,960 g,,,,,,,,,,,,,,,,,,,,,,,,5.0 mm,,,,,,,,,,,,,,,,,,,,,,,,,,,,,,,,,,,,,,2.6 μm,,,White LED,27.8 ±0.3 mm,,0.25 nm,,0.02 %,approx. 4.5 kHz - 36 kHz,1920.0000,2.5 mm,,
Basler,LMILMI Sensor Gocator 4021,lmi-sensor-gocator-4021,LMI,2736,3D 카메라,LMI Gocator 4000,,,,,Area Sensor,,,,Mono,,GigE,,,,,,,82 mm x 428 mm x 183 mm,960 g,,,,,,,,,,,,,,,,,,,,,,,,5.0 mm,,,,,,,,,,,,,,,,,,,,,,,,,,,,,,,,,,,,,,2.6 μm,,,White LED,27.8 ±0.3 mm,,0.2 nm,,0.02 %,approx. 4.5 kHz - 36 kHz,1920.0000,2.5 mm,,
Basler,LMILMI Sensor Gocator 4011,lmi-sensor-gocator-4011,LMI,2734,3D 카메라,LMI Gocator 4000,,,,,Area Sensor,,,,Mono,,GigE,,,,,,,82 mm x 459 mm x 183 mm,1040 g,,,,,,,,,,,,,,,,,,,,,,,,3.5 mm,,,,,,,,,,,,,,,,,,,,,,,,,,,,,,,,,,,,,,1.9 μm,,,White LED,9.3 ±0.2 mm,,0.1 nm,,0.04 %,approx. 4.3 kHz - 34 kHz,1920.0000,1.05 mm,,
Basler,LMILMI Sensor Gocator 2670,lmi-sensor-gocator-2670,LMI,2731,3D 카메라,LMI Gocator 2600,,,,,Line Sensor,,,,Mono,,GigE,,,,,,,105 mm x 280 mm x 55 mm,2120 g,,,,,,,,,,,,,,,,,,,,,,,,272 - 817 mm,,,,,,,,,,,,,,,,,,,,,,,,,,,,,,,,,,,,,,67 - 197 μm,,,Blue laser (405 nm),495 mm,,10 nm,"2, 3R, 3B",0.05 %,approx. 0.6 kHz - 9 kHz,4192.0000,1060 mm,,
Basler,LMILMI Sensor Gocator 2650,lmi-sensor-gocator-2650,LMI,2730,3D 카메라,LMI Gocator 2600,,,,,Line Sensor,,,,Mono,,GigE,,,,,,,105 mm x 280 mm x 55 mm,2120 g,,,,,,,,,,,,,,,,,,,,,,,,190 - 430 mm,,,,,,,,,,,,,,,,,,,,,,,,,,,,,,,,,,,,,,47 - 104 μm,,,Blue laser (405 nm),330 mm,,2.7 nm,"2, 3R, 3B",0.04 %,approx. 0.6 kHz - 9 kHz,4192.0000,475 mm,,
Basler,JAIJAI Camera AP-3200T-PMCL,jai-camera-ap-3200t-pmcl,JAI,1005,에어리어 스캔 카메라,JAI Apex,,Sony,3-CMOS IMX265,Global Shutter,CMOS,2064 px × 1544 px,3.45 μm × 3.45 μm,,Color,Visible,Camera Link,8 bits / 10 bits / 12 bits,free-run / hardware trigger / software trigger,,12V to 24V DC,Box,,44 mm x 44 mm x 84 mm,200 g,C-mount,,,"CE (incl. RoHS), FCC, RoHS",,,"1/1.8""",,7.12 mm × 5.33 mm,55 fps,,,hardware trigger / programmable via the camera API,,,6 W,,,,,,,,,,,,,,,,3.2 MP,,,,,,,,,,,,,,,,,,,,,,,,,,,,,,,,,,,,,,,,,,,
Basler,JAIJAI Camera GO-5100MP-PGE,jai-camera-go-5100mp-pge,JAI,1024,에어리어 스캔 카메라,JAI Go,,Sony,IMX250MZR,Global Shutter,CMOS,2464 px × 2056 px,3.45 μm × 3.45 μm,,Mono,Visible,GigE,8 bits / 10 bits / 12 bits,free-run / hardware trigger / software trigger,,12V to 24V DC,Box,,29 mm x 29 mm x 42 mm,46 g,C-mount,,,"CE (incl. RoHS), FCC, RoHS",,,"2/3""",,8.5 mm × 7.1 mm,22 fps,,"Fast Ethernet (100 Mbit/s), Gigabit Ethernet (1000 Mbit/s)",hardware trigger / programmable via the camera API,,,3.3 W,,,,,,,,,,,,,,,,5.1 MP,,,,,,,,,,,,,,,,,,,,,,,,,,,,,,,,,,,,,,,,,,,
Basler,JAIJAI Camera SP-12401C-USB,jai-camera-sp-12401c-usb,JAI,1035,에어리어 스캔 카메라,JAI Spark,,Sony,IMX304,Global Shutter,CMOS,4088 px × 3000 px,3.45 μm × 3.45 μm,,Color,Visible,USB 3.0,8 bits / 10 bits,free-run / hardware trigger / software trigger,,12V to 24V DC,Box,,44 mm x 44 mm x 44 mm,130 g,C-mount,,,"CE (incl. RoHS), FCC, RoHS",,,"1.1""",,14.2 mm × 10.4 mm,23 fps,,"USB 3.0, nominal max. 5 Gbit/s (SuperSpeed)",hardware trigger / programmable via the camera API,,,3.7 W,,,,,,,,,,,,,,,,12.3 MP,,,,,,,,,,,,,,,,,,,,,,,,,,,,,,,,,,,,,,,,,,,
Basler,JAIJAI Camera GOX-3201M-PGE,jai-camera-gox-3201m-pge,JAI,1200,에어리어 스캔 카메라,JAI Go-X,,Sony,IMX265,Global Shutter,CMOS,2048 px × 1536 px,3.45 μm × 3.45 μm,,Mono,Visible,GigE,8 bits / 10 bits / 12 bits,free-run / hardware trigger / software trigger,,10V to 25V DC,Box,,29 mm x 29 mm x 51.5 mm,62 g,C-mount,,,"CE (incl. RoHS), FCC, RoHS",,,"1/1.8""",8.84 mm,7.07 mm × 5.3 mm,36 fps,,"Fast Ethernet (100 Mbit/s), Gigabit Ethernet (1000 Mbit/s)",hardware trigger / programmable via the camera API,,,2.7 W,,,,,,,,,,,,,,,,3.1 MP,,,,,,,,,,,,,,,,,,,,,,,,,,,,,,,,,,,,,,,,,,,
Basler,JAIJAI Camera GOX-12409C-PGE,jai-camera-gox-12409c-pge,JAI,1183,에어리어 스캔 카메라,JAI Go-X,,Sony,IMX226,Rolling Shutter,CMOS,4024 px × 3036 px,1.85 μm × 1.85 μm,,Color,Visible,GigE,8 bits / 10 bits / 12 bits,free-run / hardware trigger / software trigger,,10V to 25V DC,Box,,29 mm x 29 mm x 51.5 mm,62 g,C-mount,,,"CE (incl. RoHS), FCC, RoHS",,,"1/1.7""",9.33 mm,7.44 mm × 5.61 mm,8 fps,,"Fast Ethernet (100 Mbit/s), Gigabit Ethernet (1000 Mbit/s)",hardware trigger / programmable via the camera API,,,2.7 W,,,,,,,,,,,,,,,,12.2 MP,,,,,,,,,,,,,,,,,,,,,,,,,,,,,,,,,,,,,,,,,,,
Basler,JAIJAI Camera GO-5100C-USB,jai-camera-go-5100c-usb,JAI,1021,에어리어 스캔 카메라,JAI Go,,Sony,IMX250,Global Shutter,CMOS,2448 px × 2048 px,3.45 μm × 3.45 μm,,Color,Visible,USB 3.0,8 bits / 10 bits / 12 bits,free-run / hardware trigger / software trigger,,12V to 24V DC,Box,,29 mm x 29 mm x 42 mm,46 g,C-mount,,,"CE (incl. RoHS), FCC, RoHS",,,"2/3""",11.02 mm,8.45 mm × 7.07 mm,98 fps,,"USB 3.0, nominal max. 5 Gbit/s (SuperSpeed)",hardware trigger / programmable via the camera API,,,4.2 W,,,,,,,,,,,,,,,,5 MP,,,,,,,,,,,,,,,,,,,,,,,,,,,,,,,,,,,,,,,,,,,
Basler,JAIJAI Camera SP-5000M-CXP2,jai-camera-sp-5000m-cxp2,JAI,1049,에어리어 스캔 카메라,JAI Spark,,e2v,Lince5M,Global Shutter,CMOS,2560 px × 2048 px,5 μm × 5 μm,,Mono,Visible,CoaXPress (CXP-12),8 bits / 10 bits / 12 bits,free-run / hardware trigger / software trigger,,12V to 24V DC,Box,,62 mm x 62 mm x 56 mm,215 g,C-mount,,,"CE (incl. RoHS), FCC, RoHS",,,"1""",,12.8 mm × 10.24 mm,211 fps,,CoaXPress (2.5–12.5 Gbps),hardware trigger / programmable via the camera API,,,7.8 W,,,,,,,,,,,,,,,,5.2 MP,,,,,,,,,,,,,,,,,,,,,,,,,,,,,,,,,,,,,,,,,,,
Basler,JAIJAI Camera GOX-5103M-USB,jai-camera-gox-5103m-usb,JAI,1196,에어리어 스캔 카메라,JAI Go-X,,Sony,IMX264,Global Shutter,CMOS,2448 px × 2048 px,3.45 μm × 3.45 μm,,Mono,Visible,USB 3.0,8 bits / 10 bits / 12 bits,free-run / hardware trigger / software trigger,,10V to 25V DC,Box,,29 mm x 29 mm x 51.5 mm,62 g,C-mount,,,"CE (incl. RoHS), FCC, RoHS",,,"2/3""",11.02 mm,8.45 mm × 7.07 mm,35 fps,,"USB 3.0, nominal max. 5 Gbit/s (SuperSpeed)",hardware trigger / programmable via the camera API,,,4.2 W,,,,,,,,,,,,,,,,5 MP,,,,,,,,,,,,,,,,,,,,,,,,,,,,,,,,,,,,,,,,,,,
Basler,JAIJAI Camera GOX-8901C-PGE,jai-camera-gox-8901c-pge,JAI,1189,에어리어 스캔 카메라,JAI Go-X,,Sony,IMX267,Global Shutter,CMOS,4096 px × 2160 px,3.45 μm × 3.45 μm,,Color,Visible,GigE,8 bits / 10 bits / 12 bits,free-run / hardware trigger / software trigger,,10V to 25V DC,Box,,29 mm x 29 mm x 51.5 mm,62 g,C-mount,,,"CE (incl. RoHS), FCC, RoHS",,,"1""",15.97 mm,14.13 mm × 7.45 mm,12 fps,,"Fast Ethernet (100 Mbit/s), Gigabit Ethernet (1000 Mbit/s)",hardware trigger / programmable via the camera API,,,3.3 W,,,,,,,,,,,,,,,,8.8 MP,,,,,,,,,,,,,,,,,,,,,,,,,,,,,,,,,,,,,,,,,,,
Basler,JAIJAI Camera SP-12401C-PGE,jai-camera-sp-12401c-pge,JAI,1034,에어리어 스캔 카메라,JAI Spark,,Sony,IMX304,Global Shutter,CMOS,4088 px × 3000 px,3.45 μm × 3.45 μm,,Color,Visible,GigE,8 bits / 10 bits,free-run / hardware trigger / software trigger,,12V to 24V DC,Box,,44 mm x 44 mm x 54 mm,160 g,C-mount,,,"CE (incl. RoHS), FCC, RoHS",,,"1.1""",,14.2 mm × 10.4 mm,9 fps,,"Fast Ethernet (100 Mbit/s), Gigabit Ethernet (1000 Mbit/s)",hardware trigger / programmable via the camera API,,,4 W,,,,,,,,,,,,,,,,12.3 MP,,,,,,,,,,,,,,,,,,,,,,,,,,,,,,,,,,,,,,,,,,,
Basler,JAIJAI Camera GO-2401C-PGE,jai-camera-go-2401c-pge,JAI,1013,에어리어 스캔 카메라,JAI Go,,Sony,IMX174,Global Shutter,CMOS,1936 px × 1216 px,5.86 μm × 5.86 μm,,Color,Visible,GigE,8 bits / 10 bits / 12 bits,free-run / hardware trigger / software trigger,,12V to 24V DC,Box,,29 mm x 29 mm x 42 mm,46 g,C-mount,,,"CE (incl. RoHS), FCC, RoHS",,,"1/1.2""",13.39 mm,11.34 mm × 7.13 mm,41 fps,,"Fast Ethernet (100 Mbit/s), Gigabit Ethernet (1000 Mbit/s)",hardware trigger / programmable via the camera API,,,2.64 W,,,,,,,,,,,,,,,,2.4 MP,,,,,,,,,,,,,,,,,,,,,,,,,,,,,,,,,,,,,,,,,,,
Basler,JAIJAI Camera SP-20000C-PMCL,jai-camera-sp-20000c-pmcl,JAI,1039,에어리어 스캔 카메라,JAI Spark,,ams,CMV20000,Global Shutter,CMOS,5120 px × 3840 px,6.4 μm × 6.4 μm,,Color,Visible,Camera Link,8 bits / 10 bits / 12 bits,free-run / hardware trigger / software trigger,,12V to 24V DC,Box,,62 mm x 62 mm x 85 mm,320 g,F-mount,,,"CE (incl. RoHS), FCC, RoHS",,,41 mm,,32.77 mm × 24.58 mm,30 fps,,,hardware trigger / programmable via the camera API,,,5.4 W,,,,,,,,,,,,,,,,19.7 MP,,,,,,,,,,,,,,,,,,,,,,,,,,,,,,,,,,,,,,,,,,,
Basler,JAIJAI Camera GOX-3201C-USB,jai-camera-gox-3201c-usb,JAI,1203,에어리어 스캔 카메라,JAI Go-X,,Sony,IMX265,Global Shutter,CMOS,2048 px × 1536 px,3.45 μm × 3.45 μm,,Color,Visible,USB 3.0,8 bits / 10 bits / 12 bits,free-run / hardware trigger / software trigger,,10V to 25V DC,Box,,29 mm x 29 mm x 51.5 mm,62 g,C-mount,,,"CE (incl. RoHS), FCC, RoHS",,,"1/1.8""",8.84 mm,7.07 mm × 5.3 mm,55 fps,,"USB 3.0, nominal max. 5 Gbit/s (SuperSpeed)",hardware trigger / programmable via the camera API,,,4.2 W,,,,,,,,,,,,,,,,3.1 MP,,,,,,,,,,,,,,,,,,,,,,,,,,,,,,,,,,,,,,,,,,,
Basler,JAIJAI Camera SP-12401M-PGE,jai-camera-sp-12401m-pge,JAI,1036,에어리어 스캔 카메라,JAI Spark,,Sony,IMX304,Global Shutter,CMOS,4088 px × 3000 px,3.45 μm × 3.45 μm,,Mono,Visible,GigE,8 bits / 10 bits,free-run / hardware trigger / software trigger,,12V to 24V DC,Box,,44 mm x 44 mm x 54 mm,160 g,C-mount,,,"CE (incl. RoHS), FCC, RoHS",,,"1.1""",,14.2 mm × 10.4 mm,9 fps,,"Fast Ethernet (100 Mbit/s), Gigabit Ethernet (1000 Mbit/s)",hardware trigger / programmable via the camera API,,,4 W,,,,,,,,,,,,,,,,12.3 MP,,,,,,,,,,,,,,,,,,,,,,,,,,,,,,,,,,,,,,,,,,,
Basler,JAIJAI Camera AP-3200T-USB,jai-camera-ap-3200t-usb,JAI,1006,에어리어 스캔 카메라,JAI Apex,,Sony,3-CMOS IMX265,Global Shutter,CMOS,2064 px × 1544 px,3.45 μm × 3.45 μm,,Color,Visible,USB 3.0,8 bits / 10 bits / 12 bits,free-run / hardware trigger / software trigger,,12V to 24V DC,Box,,44 mm x 44 mm x 84 mm,200 g,C-mount,,,"CE (incl. RoHS), FCC, RoHS",,,"1/1.8""",,7.12 mm × 5.33 mm,38 fps,,"USB 3.0, nominal max. 5 Gbit/s (SuperSpeed)",hardware trigger / programmable via the camera API,,,5.3 W,,,,,,,,,,,,,,,,3.2 MP,,,,,,,,,,,,,,,,,,,,,,,,,,,,,,,,,,,,,,,,,,,
Basler,JAIJAI Camera GO-5101M-PMCL,jai-camera-go-5101m-pmcl,JAI,1029,에어리어 스캔 카메라,JAI Go,,Sony,IMX264,Global Shutter,CMOS,2464 px × 2056 px,3.45 μm × 3.45 μm,,Mono,Visible,Camera Link,8 bits / 10 bits / 12 bits,free-run / hardware trigger / software trigger,,12V to 24V DC,Box,,29 mm x 29 mm x 42 mm,46 g,C-mount,,,"CE (incl. RoHS), FCC, RoHS",,,"2/3""",,8.5 mm × 7.1 mm,35 fps,,,hardware trigger / programmable via the camera API,,,2.88 W,,,,,,,,,,,,,,,,5.1 MP,,,,,,,,,,,,,,,,,,,,,,,,,,,,,,,,,,,,,,,,,,,
Basler,JAIJAI Camera GO-2400M-PGE,jai-camera-go-2400m-pge,JAI,1010,에어리어 스캔 카메라,JAI Go,,Sony,IMX174,Global Shutter,CMOS,1936 px × 1216 px,5.86 μm × 5.86 μm,,Mono,Visible,GigE,8 bits / 10 bits / 12 bits,free-run / hardware trigger / software trigger,,12V to 24V DC,Box,,29 mm x 29 mm x 42 mm,46 g,C-mount,,,"CE (incl. RoHS), FCC, RoHS",,,"1/1.2""",13.39 mm,11.34 mm × 7.13 mm,48 fps,,"Fast Ethernet (100 Mbit/s), Gigabit Ethernet (1000 Mbit/s)",hardware trigger / programmable via the camera API,,,2.64 W,,,,,,,,,,,,,,,,2.4 MP,,,,,,,,,,,,,,,,,,,,,,,,,,,,,,,,,,,,,,,,,,,
Basler,JAIJAI Camera GO-5100C-PGE,jai-camera-go-5100c-pge,JAI,1020,에어리어 스캔 카메라,JAI Go,,Sony,IMX250,Global Shutter,CMOS,2448 px × 2048 px,3.45 μm × 3.45 μm,,Color,Visible,GigE,8 bits / 10 bits / 12 bits,free-run / hardware trigger / software trigger,,12V to 24V DC,Box,,29 mm x 29 mm x 42 mm,46 g,C-mount,,,"CE (incl. RoHS), FCC, RoHS",,,"2/3""",11.02 mm,8.45 mm × 7.07 mm,98 fps,,"Fast Ethernet (100 Mbit/s), Gigabit Ethernet (1000 Mbit/s)",hardware trigger / programmable via the camera API,,,3.3 W,,,,,,,,,,,,,,,,5 MP,,,,,,,,,,,,,,,,,,,,,,,,,,,,,,,,,,,,,,,,,,,
Basler,JAIJAI Camera GO-2400C-USB,jai-camera-go-2400c-usb,JAI,1009,에어리어 스캔 카메라,JAI Go,,Sony,IMX174,Global Shutter,CMOS,1936 px × 1216 px,5.86 μm × 5.86 μm,,Color,Visible,USB 3.0,8 bits / 10 bits / 12 bits,free-run / hardware trigger / software trigger,,12V to 24V DC,Box,,29 mm x 29 mm x 42 mm,46 g,C-mount,,,"CE (incl. RoHS), FCC, RoHS",,,"1/1.2""",13.39 mm,11.34 mm × 7.13 mm,159 fps,,"USB 3.0, nominal max. 5 Gbit/s (SuperSpeed)",hardware trigger / programmable via the camera API,,,4.08 W,,,,,,,,,,,,,,,,2.4 MP,,,,,,,,,,,,,,,,,,,,,,,,,,,,,,,,,,,,,,,,,,,
Basler,JAIJAI Camera GOX-8901C-USB,jai-camera-gox-8901c-usb,JAI,1191,에어리어 스캔 카메라,JAI Go-X,,Sony,IMX267,Global Shutter,CMOS,4096 px × 2160 px,3.45 μm × 3.45 μm,,Color,Visible,USB 3.0,8 bits / 10 bits / 12 bits,free-run / hardware trigger / software trigger,,10V to 25V DC,Box,,29 mm x 29 mm x 51.5 mm,62 g,C-mount,,,"CE (incl. RoHS), FCC, RoHS",,,"1""",15.97 mm,14.13 mm × 7.45 mm,32 fps,,"USB 3.0, nominal max. 5 Gbit/s (SuperSpeed)",hardware trigger / programmable via the camera API,,,4.2 W,,,,,,,,,,,,,,,,8.8 MP,,,,,,,,,,,,,,,,,,,,,,,,,,,,,,,,,,,,,,,,,,,
Basler,JAIJAI Camera GOX-3201M-USB,jai-camera-gox-3201m-usb,JAI,1202,에어리어 스캔 카메라,JAI Go-X,,Sony,IMX265,Global Shutter,CMOS,2048 px × 1536 px,3.45 μm × 3.45 μm,,Mono,Visible,USB 3.0,8 bits / 10 bits / 12 bits,free-run / hardware trigger / software trigger,,10V to 25V DC,Box,,29 mm x 29 mm x 51.5 mm,62 g,C-mount,,,"CE (incl. RoHS), FCC, RoHS",,,"1/1.8""",8.84 mm,7.07 mm × 5.3 mm,55 fps,,"USB 3.0, nominal max. 5 Gbit/s (SuperSpeed)",hardware trigger / programmable via the camera API,,,4.2 W,,,,,,,,,,,,,,,,3.1 MP,,,,,,,,,,,,,,,,,,,,,,,,,,,,,,,,,,,,,,,,,,,
Basler,beA4000-62km,bea4000-62km,Basler,106574,에어리어 스캔 카메라,Basler beat,36개월,ams,CMV12000,Global Shutter,CMOS,4096 px × 3072 px,5.5 μm × 5.5 μm,,Mono,Visible,Camera Link,8 bits / 10 bits / 12 bits,free-run / hardware trigger / software trigger,,12-24 VDC,Box,,40 mm x 56 mm x 62 mm,210 g,F-mount / M42 x 0.75 / M42 x 1 / M58 x 0.75,0 °C - 60 °C,,"Camera Link, CE (incl. RoHS), EAC, FCC, GenICam, IP30, KC, RoHS, UKCA, UL",,,"1.75""",28.16 mm,22.52 mm × 16.9 mm,62 fps,,,"trigger width, timed, or off",,,6 W,,45.49 % (typical),13.7 e¯ (typical),11.6 ke¯ (typical),58.6 dB (typical),40.6 dB (typical),,,,,,,,,,12 MP,,,,,32.5 / 65 / 84,,,,,,,,,,,,,,,,,,,,,,,,,,,,,,,,,,,,,,
Basler,JAIJAI Camera GO-5100M-PGE,jai-camera-go-5100m-pge,JAI,1022,에어리어 스캔 카메라,JAI Go,,Sony,IMX250,Global Shutter,CMOS,2448 px × 2048 px,3.45 μm × 3.45 μm,,Mono,Visible,GigE,8 bits / 10 bits / 12 bits,free-run / hardware trigger / software trigger,,12V to 24V DC,Box,,29 mm x 29 mm x 42 mm,46 g,C-mount,,,"CE (incl. RoHS), FCC, RoHS",,,"2/3""",11.02 mm,8.45 mm × 7.07 mm,98 fps,,"Fast Ethernet (100 Mbit/s), Gigabit Ethernet (1000 Mbit/s)",hardware trigger / programmable via the camera API,,,3.3 W,,,,,,,,,,,,,,,,5 MP,,,,,,,,,,,,,,,,,,,,,,,,,,,,,,,,,,,,,,,,,,,
Basler,JAIJAI Camera GOX-12401M-USB,jai-camera-gox-12401m-usb,JAI,1186,에어리어 스캔 카메라,JAI Go-X,,Sony,IMX304,Global Shutter,CMOS,4096 px × 3000 px,3.45 μm × 3.45 μm,,Mono,Visible,USB 3.0,8 bits / 10 bits / 12 bits,free-run / hardware trigger / software trigger,,10V to 25V DC,Box,,29 mm x 29 mm x 51.5 mm,62 g,C-mount,,,"CE (incl. RoHS), FCC, RoHS",,,"1.1""",17.52 mm,14.13 mm × 10.35 mm,23 fps,,"USB 3.0, nominal max. 5 Gbit/s (SuperSpeed)",hardware trigger / programmable via the camera API,,,4.3 W,,,,,,,,,,,,,,,,12.3 MP,,,,,,,,,,,,,,,,,,,,,,,,,,,,,,,,,,,,,,,,,,,
Basler,JAIJAI Camera GOX-3201C-PGE,jai-camera-gox-3201c-pge,JAI,1201,에어리어 스캔 카메라,JAI Go-X,,Sony,IMX265,Global Shutter,CMOS,2048 px × 1536 px,3.45 μm × 3.45 μm,,Color,Visible,GigE,8 bits / 10 bits / 12 bits,free-run / hardware trigger / software trigger,,10V to 25V DC,Box,,29 mm x 29 mm x 51.5 mm,62 g,C-mount,,,"CE (incl. RoHS), FCC, RoHS",,,"1/1.8""",8.84 mm,7.07 mm × 5.3 mm,36 fps,,"Fast Ethernet (100 Mbit/s), Gigabit Ethernet (1000 Mbit/s)",hardware trigger / programmable via the camera API,,,2.7 W,,,,,,,,,,,,,,,,3.1 MP,,,,,,,,,,,,,,,,,,,,,,,,,,,,,,,,,,,,,,,,,,,
Basler,JAIJAI Camera GO-2400M-PMCL,jai-camera-go-2400m-pmcl,JAI,1011,에어리어 스캔 카메라,JAI Go,,Sony,IMX174,Global Shutter,CMOS,1936 px × 1216 px,5.86 μm × 5.86 μm,,Mono,Visible,Camera Link,8 bits / 10 bits / 12 bits,free-run / hardware trigger / software trigger,,12V to 24V DC,Box,,29 mm x 29 mm x 42 mm,46 g,C-mount,,,"CE (incl. RoHS), FCC, RoHS",,,"1/1.2""",13.39 mm,11.34 mm × 7.13 mm,165 fps,,,hardware trigger / programmable via the camera API,,,2.76 W,,,,,,,,,,,,,,,,2.4 MP,,,,,,,,,,,,,,,,,,,,,,,,,,,,,,,,,,,,,,,,,,,
Basler,JAIJAI Camera GOX-5103M-PGE,jai-camera-gox-5103m-pge,JAI,1194,에어리어 스캔 카메라,JAI Go-X,,Sony,IMX264,Global Shutter,CMOS,2448 px × 2048 px,3.45 μm × 3.45 μm,,Mono,Visible,GigE,8 bits / 10 bits / 12 bits,free-run / hardware trigger / software trigger,,10V to 25V DC,Box,,29 mm x 29 mm x 51.5 mm,62 g,C-mount,,,"CE (incl. RoHS), FCC, RoHS",,,"2/3""",11.02 mm,8.45 mm × 7.07 mm,22 fps,,"Fast Ethernet (100 Mbit/s), Gigabit Ethernet (1000 Mbit/s)",hardware trigger / programmable via the camera API,,,2.7 W,,,,,,,,,,,,,,,,5 MP,,,,,,,,,,,,,,,,,,,,,,,,,,,,,,,,,,,,,,,,,,,
Basler,JAIJAI Camera GOX-6409C-PGE,jai-camera-gox-6409c-pge,JAI,1193,에어리어 스캔 카메라,JAI Go-X,,Sony,IMX178,Rolling Shutter,CMOS,3072 px × 2048 px,2.4 μm × 2.4 μm,,Color,Visible,GigE,8 bits,free-run / hardware trigger / software trigger,,10V to 25V DC,Box,,29 mm x 29 mm x 51.5 mm,62 g,C-mount,,,"CE (incl. RoHS), FCC, RoHS",,,"1/1.8""",8.91 mm,7.37 mm × 4.91 mm,16 fps,,"Fast Ethernet (100 Mbit/s), Gigabit Ethernet (1000 Mbit/s)",hardware trigger / programmable via the camera API,,,2.7 W,,,,,,,,,,,,,,,,6.3 MP,,,,,,,,,,,,,,,,,,,,,,,,,,,,,,,,,,,,,,,,,,,
Basler,JAIJAI Camera GO-5101C-PMCL,jai-camera-go-5101c-pmcl,JAI,1027,에어리어 스캔 카메라,JAI Go,,Sony,IMX264,Global Shutter,CMOS,2464 px × 2056 px,3.45 μm × 3.45 μm,,Color,Visible,Camera Link,8 bits / 10 bits / 12 bits,free-run / hardware trigger / software trigger,,12V to 24V DC,Box,,29 mm x 29 mm x 42 mm,46 g,C-mount,,,"CE (incl. RoHS), FCC, RoHS",,,"2/3""",,8.5 mm × 7.1 mm,35 fps,,,hardware trigger / programmable via the camera API,,,2.88 W,,,,,,,,,,,,,,,,5.1 MP,,,,,,,,,,,,,,,,,,,,,,,,,,,,,,,,,,,,,,,,,,,
Basler,JAIJAI Camera SP-20000M-USB,jai-camera-sp-20000m-usb,JAI,1043,에어리어 스캔 카메라,JAI Spark,,ams,CMV20000,Global Shutter,CMOS,5120 px × 3840 px,6.4 μm × 6.4 μm,,Mono,Visible,USB 3.0,8 bits / 10 bits / 12 bits,free-run / hardware trigger / software trigger,,12V to 24V DC,Box,,62 mm x 62 mm x 85 mm,350 g,F-mount,,,"CE (incl. RoHS), FCC, RoHS",,,41 mm,,32.77 mm × 24.58 mm,16 fps,,"USB 3.0, nominal max. 5 Gbit/s (SuperSpeed)",hardware trigger / programmable via the camera API,,,5.4 W,,,,,,,,,,,,,,,,19.7 MP,,,,,,,,,,,,,,,,,,,,,,,,,,,,,,,,,,,,,,,,,,,
Basler,JAIJAI Camera GOX-5103C-PGE,jai-camera-gox-5103c-pge,JAI,1195,에어리어 스캔 카메라,JAI Go-X,,Sony,IMX264,Global Shutter,CMOS,2448 px × 2048 px,3.45 μm × 3.45 μm,,Color,Visible,GigE,8 bits / 10 bits / 12 bits,free-run / hardware trigger / software trigger,,10V to 25V DC,Box,,29 mm x 29 mm x 51.5 mm,62 g,C-mount,,,"CE (incl. RoHS), FCC, RoHS",,,"2/3""",11.02 mm,8.45 mm × 7.07 mm,22 fps,,"Fast Ethernet (100 Mbit/s), Gigabit Ethernet (1000 Mbit/s)",hardware trigger / programmable via the camera API,,,2.7 W,,,,,,,,,,,,,,,,5 MP,,,,,,,,,,,,,,,,,,,,,,,,,,,,,,,,,,,,,,,,,,,
Basler,JAIJAI Camera GO-2400C-PGE,jai-camera-go-2400c-pge,JAI,1007,에어리어 스캔 카메라,JAI Go,,Sony,IMX174,Global Shutter,CMOS,1936 px × 1216 px,5.86 μm × 5.86 μm,,Color,Visible,GigE,8 bits / 10 bits / 12 bits,free-run / hardware trigger / software trigger,,12V to 24V DC,Box,,29 mm x 29 mm x 42 mm,46 g,C-mount,,,"CE (incl. RoHS), FCC, RoHS",,,"1/1.2""",13.39 mm,11.34 mm × 7.13 mm,48 fps,,"Fast Ethernet (100 Mbit/s), Gigabit Ethernet (1000 Mbit/s)",hardware trigger / programmable via the camera API,,,2.64 W,,,,,,,,,,,,,,,,2.4 MP,,,,,,,,,,,,,,,,,,,,,,,,,,,,,,,,,,,,,,,,,,,
Basler,JAIJAI Camera SP-5000C-CXP4,jai-camera-sp-5000c-cxp4,JAI,1045,에어리어 스캔 카메라,JAI Spark,,e2v,Lince5M,Global Shutter,CMOS,2560 px × 2048 px,5 μm × 5 μm,,Color,Visible,CoaXPress (CXP-12),8 bits / 10 bits / 12 bits,free-run / hardware trigger / software trigger,,12V to 24V DC,Box,,62 mm x 62 mm x 56 mm,215 g,C-mount,,,"CE (incl. RoHS), FCC, RoHS",,,"1""",,12.8 mm × 10.24 mm,253 fps,,CoaXPress (2.5–12.5 Gbps),hardware trigger / programmable via the camera API,,,7.8 W,,,,,,,,,,,,,,,,5.2 MP,,,,,,,,,,,,,,,,,,,,,,,,,,,,,,,,,,,,,,,,,,,
Basler,JAIJAI Camera GOX-12401C-USB,jai-camera-gox-12401c-usb,JAI,1187,에어리어 스캔 카메라,JAI Go-X,,Sony,IMX304,Global Shutter,CMOS,4096 px × 3000 px,3.45 μm × 3.45 μm,,Color,Visible,USB 3.0,8 bits / 10 bits / 12 bits,free-run / hardware trigger / software trigger,,10V to 25V DC,Box,,29 mm x 29 mm x 51.5 mm,62 g,C-mount,,,"CE (incl. RoHS), FCC, RoHS",,,"1.1""",17.52 mm,14.13 mm × 10.35 mm,23 fps,,"USB 3.0, nominal max. 5 Gbit/s (SuperSpeed)",hardware trigger / programmable via the camera API,,,4.3 W,,,,,,,,,,,,,,,,12.3 MP,,,,,,,,,,,,,,,,,,,,,,,,,,,,,,,,,,,,,,,,,,,
Basler,JAIJAI Camera GOX-2402M-PGE,jai-camera-gox-2402m-pge,JAI,1206,에어리어 스캔 카메라,JAI Go-X,,Sony,IMX392,Global Shutter,CMOS,1920 px × 1200 px,3.45 μm × 3.45 μm,,Mono,Visible,GigE,8 bits / 10 bits / 12 bits,free-run / hardware trigger / software trigger,,10V to 25V DC,Box,,29 mm x 29 mm x 51.5 mm,62 g,C-mount,,,"CE (incl. RoHS), FCC, RoHS",,,"1/2.3""",,6.62 mm × 4.14 mm,49 fps,,"Fast Ethernet (100 Mbit/s), Gigabit Ethernet (1000 Mbit/s)",hardware trigger / programmable via the camera API,,,2.7 W,,,,,,,,,,,,,,,,2.3 MP,,,,,,,,,,,,,,,,,,,,,,,,,,,,,,,,,,,,,,,,,,,
Basler,JAIJAI Camera GO-5100MP-USB,jai-camera-go-5100mp-usb,JAI,1025,에어리어 스캔 카메라,JAI Go,,Sony,IMX250MZR,Global Shutter,CMOS,2464 px × 2056 px,3.45 μm × 3.45 μm,,Mono,Visible,USB 3.0,8 bits / 10 bits / 12 bits,free-run / hardware trigger / software trigger,,12V to 24V DC,Box,,29 mm x 29 mm x 42 mm,46 g,C-mount,,,"CE (incl. RoHS), FCC, RoHS",,,"2/3""",,8.5 mm × 7.1 mm,74 fps,,"USB 3.0, nominal max. 5 Gbit/s (SuperSpeed)",hardware trigger / programmable via the camera API,,,4.2 W,,,,,,,,,,,,,,,,5.1 MP,,,,,,,,,,,,,,,,,,,,,,,,,,,,,,,,,,,,,,,,,,,
Basler,JAIJAI Camera SP-12400M-PMCL,jai-camera-sp-12400m-pmcl,JAI,1033,에어리어 스캔 카메라,JAI Spark,,Sony,IMX253,Global Shutter,CMOS,4112 px × 3008 px,3.5 μm × 3.5 μm,,Mono,Visible,Camera Link,8 bits / 10 bits,free-run / hardware trigger / software trigger,,12V to 24V DC,Box,,44 mm x 44 mm x 44 mm,135 g,C-mount,,,"CE (incl. RoHS), FCC, RoHS",,,"1.1""",,14.2 mm × 10.4 mm,64 fps,,,hardware trigger / programmable via the camera API,,,5.1 W,,,,,,,,,,,,,,,,12.4 MP,,,,,,,,,,,,,,,,,,,,,,,,,,,,,,,,,,,,,,,,,,,
Basler,JAIJAI Camera GOX-6409M-PGE,jai-camera-gox-6409m-pge,JAI,1192,에어리어 스캔 카메라,JAI Go-X,,Sony,IMX178,Rolling Shutter,CMOS,3072 px × 2048 px,2.4 μm × 2.4 μm,,Mono,Visible,GigE,8 bits,free-run / hardware trigger / software trigger,,10V to 25V DC,Box,,29 mm x 29 mm x 51.5 mm,62 g,C-mount,,,"CE (incl. RoHS), FCC, RoHS",,,"1/1.8""",8.91 mm,7.37 mm × 4.91 mm,16 fps,,"Fast Ethernet (100 Mbit/s), Gigabit Ethernet (1000 Mbit/s)",hardware trigger / programmable via the camera API,,,2.7 W,,,,,,,,,,,,,,,,6.3 MP,,,,,,,,,,,,,,,,,,,,,,,,,,,,,,,,,,,,,,,,,,,
Basler,JAIJAI Camera SP-20000C-CXP2,jai-camera-sp-20000c-cxp2,JAI,1038,에어리어 스캔 카메라,JAI Spark,,ams,CMV20000,Global Shutter,CMOS,5120 px × 3840 px,6.4 μm × 6.4 μm,,Color,Visible,CoaXPress (CXP-12),8 bits / 10 bits / 12 bits,free-run / hardware trigger / software trigger,,12V to 24V DC,Box,,62 mm x 62 mm x 85 mm,350 g,F-mount,,,"CE (incl. RoHS), FCC, RoHS",,,41 mm,,32.77 mm × 24.58 mm,30 fps,,CoaXPress (2.5–12.5 Gbps),hardware trigger / programmable via the camera API,,,7.9 W,,,,,,,,,,,,,,,,19.7 MP,,,,,,,,,,,,,,,,,,,,,,,,,,,,,,,,,,,,,,,,,,,
Basler,JAIJAI Camera SP-12400C-PMCL,jai-camera-sp-12400c-pmcl,JAI,1032,에어리어 스캔 카메라,JAI Spark,,Sony,IMX253,Global Shutter,CMOS,4112 px × 3008 px,3.5 μm × 3.5 μm,,Color,Visible,Camera Link,8 bits / 10 bits,free-run / hardware trigger / software trigger,,12V to 24V DC,Box,,44 mm x 44 mm x 44 mm,135 g,C-mount,,,"CE (incl. RoHS), FCC, RoHS",,,"1.1""",,14.2 mm × 10.4 mm,64 fps,,,hardware trigger / programmable via the camera API,,,5.1 W,,,,,,,,,,,,,,,,12.4 MP,,,,,,,,,,,,,,,,,,,,,,,,,,,,,,,,,,,,,,,,,,,
Basler,JAIJAI Camera GOX-5102C-USB,jai-camera-gox-5102c-usb,JAI,1199,에어리어 스캔 카메라,JAI Go-X,,Sony,IMX250,Global Shutter,CMOS,2448 px × 2048 px,3.45 μm × 3.45 μm,,Color,Visible,USB 3.0,8 bits / 10 bits / 12 bits,free-run / hardware trigger / software trigger,,10V to 25V DC,Box,,29 mm x 29 mm x 51.5 mm,62 g,C-mount,,,"CE (incl. RoHS), FCC, RoHS",,,"2/3""",11.02 mm,8.45 mm × 7.07 mm,98 fps,,"USB 3.0, nominal max. 5 Gbit/s (SuperSpeed)",hardware trigger / programmable via the camera API,,,4.2 W,,,,,,,,,,,,,,,,5 MP,,,,,,,,,,,,,,,,,,,,,,,,,,,,,,,,,,,,,,,,,,,
Basler,JAIJAI Camera SP-5000C-PMCL,jai-camera-sp-5000c-pmcl,JAI,1047,에어리어 스캔 카메라,JAI Spark,,e2v,Lince5M,Global Shutter,CMOS,2560 px × 2048 px,5 μm × 5 μm,,Color,Visible,Camera Link,8 bits / 10 bits / 12 bits,free-run / hardware trigger / software trigger,,12V to 24V DC,Box,,62 mm x 62 mm x 56 mm,215 g,C-mount,,,"CE (incl. RoHS), FCC, RoHS",,,"1""",,12.8 mm × 10.24 mm,137 fps,,,hardware trigger / programmable via the camera API,,,4.5 W,,,,,,,,,,,,,,,,5.2 MP,,,,,,,,,,,,,,,,,,,,,,,,,,,,,,,,,,,,,,,,,,,
Basler,JAIJAI Camera GOX-5103C-USB,jai-camera-gox-5103c-usb,JAI,1197,에어리어 스캔 카메라,JAI Go-X,,Sony,IMX264,Global Shutter,CMOS,2448 px × 2048 px,3.45 μm × 3.45 μm,,Color,Visible,USB 3.0,8 bits / 10 bits / 12 bits,free-run / hardware trigger / software trigger,,10V to 25V DC,Box,,29 mm x 29 mm x 51.5 mm,62 g,C-mount,,,"CE (incl. RoHS), FCC, RoHS",,,"2/3""",11.02 mm,8.45 mm × 7.07 mm,35 fps,,"USB 3.0, nominal max. 5 Gbit/s (SuperSpeed)",hardware trigger / programmable via the camera API,,,4.2 W,,,,,,,,,,,,,,,,5 MP,,,,,,,,,,,,,,,,,,,,,,,,,,,,,,,,,,,,,,,,,,,
Basler,JAIJAI Camera AP-3200T-PGE,jai-camera-ap-3200t-pge,JAI,1004,에어리어 스캔 카메라,JAI Apex,,Sony,3-CMOS IMX265,Global Shutter,CMOS,2064 px × 1544 px,3.45 μm × 3.45 μm,,Color,Visible,GigE,8 bits / 10 bits / 12 bits,free-run / hardware trigger / software trigger,,12V to 24V DC,Box,,44 mm x 44 mm x 84 mm,200 g,C-mount,,,"CE (incl. RoHS), FCC, RoHS",,,"1/1.8""",,7.12 mm × 5.33 mm,12 fps,,"Fast Ethernet (100 Mbit/s), Gigabit Ethernet (1000 Mbit/s)",hardware trigger / programmable via the camera API,,,5.4 W,,,,,,,,,,,,,,,,3.2 MP,,,,,,,,,,,,,,,,,,,,,,,,,,,,,,,,,,,,,,,,,,,
Basler,JAIJAI Camera GOX-8901M-USB,jai-camera-gox-8901m-usb,JAI,1190,에어리어 스캔 카메라,JAI Go-X,,Sony,IMX267,Global Shutter,CMOS,4096 px × 2160 px,3.45 μm × 3.45 μm,,Mono,Visible,USB 3.0,8 bits / 10 bits / 12 bits,free-run / hardware trigger / software trigger,,10V to 25V DC,Box,,29 mm x 29 mm x 51.5 mm,62 g,C-mount,,,"CE (incl. RoHS), FCC, RoHS",,,"1""",15.97 mm,14.13 mm × 7.45 mm,32 fps,,"USB 3.0, nominal max. 5 Gbit/s (SuperSpeed)",hardware trigger / programmable via the camera API,,,4.2 W,,,,,,,,,,,,,,,,8.8 MP,,,,,,,,,,,,,,,,,,,,,,,,,,,,,,,,,,,,,,,,,,,
Basler,JAIJAI Camera SP-20000M-PMCL,jai-camera-sp-20000m-pmcl,JAI,1042,에어리어 스캔 카메라,JAI Spark,,ams,CMV20000,Global Shutter,CMOS,5120 px × 3840 px,6.4 μm × 6.4 μm,,Mono,Visible,Camera Link,8 bits / 10 bits / 12 bits,free-run / hardware trigger / software trigger,,12V to 24V DC,Box,,62 mm x 62 mm x 85 mm,320 g,F-mount,,,"CE (incl. RoHS), FCC, RoHS",,,41 mm,,32.77 mm × 24.58 mm,30 fps,,,hardware trigger / programmable via the camera API,,,5.4 W,,,,,,,,,,,,,,,,19.7 MP,,,,,,,,,,,,,,,,,,,,,,,,,,,,,,,,,,,,,,,,,,,
Basler,JAIJAI Camera GOX-20409C-PGE,jai-camera-gox-20409c-pge,JAI,1181,에어리어 스캔 카메라,JAI Go-X,,Sony,IMX183,Rolling Shutter,CMOS,5472 px × 3648 px,2.4 μm × 2.4 μm,,Color,Visible,GigE,8 bits / 10 bits / 12 bits,free-run / hardware trigger / software trigger,,10V to 25V DC,Box,,29 mm x 29 mm x 51.5 mm,62 g,C-mount,,,"CE (incl. RoHS), FCC, RoHS",,,"1""",15.78 mm,13.13 mm × 8.75 mm,5 fps,,"Fast Ethernet (100 Mbit/s), Gigabit Ethernet (1000 Mbit/s)",hardware trigger / programmable via the camera API,,,2.7 W,,,,,,,,,,,,,,,,20 MP,,,,,,,,,,,,,,,,,,,,,,,,,,,,,,,,,,,,,,,,,,,
Basler,JAIJAI Camera SP-5000C-USB,jai-camera-sp-5000c-usb,JAI,1048,에어리어 스캔 카메라,JAI Spark,,e2v,Lince5M,Global Shutter,CMOS,2560 px × 2048 px,5 μm × 5 μm,,Color,Visible,USB 3.0,8 bits / 10 bits / 12 bits,free-run / hardware trigger / software trigger,,12V to 24V DC,Box,,62 mm x 62 mm x 56 mm,255 g,C-mount,,,"CE (incl. RoHS), FCC, RoHS",,,"1""",,12.8 mm × 10.24 mm,62 fps,,"USB 3.0, nominal max. 5 Gbit/s (SuperSpeed)",hardware trigger / programmable via the camera API,,,6.24 W,,,,,,,,,,,,,,,,5.2 MP,,,,,,,,,,,,,,,,,,,,,,,,,,,,,,,,,,,,,,,,,,,
Basler,JAIJAI Camera SP-12401M-USB,jai-camera-sp-12401m-usb,JAI,1037,에어리어 스캔 카메라,JAI Spark,,Sony,IMX304,Global Shutter,CMOS,4088 px × 3000 px,3.45 μm × 3.45 μm,,Mono,Visible,USB 3.0,8 bits / 10 bits,free-run / hardware trigger / software trigger,,12V to 24V DC,Box,,44 mm x 44 mm x 44 mm,130 g,C-mount,,,"CE (incl. RoHS), FCC, RoHS",,,"1.1""",,14.2 mm × 10.4 mm,23 fps,,"USB 3.0, nominal max. 5 Gbit/s (SuperSpeed)",hardware trigger / programmable via the camera API,,,3.7 W,,,,,,,,,,,,,,,,12.3 MP,,,,,,,,,,,,,,,,,,,,,,,,,,,,,,,,,,,,,,,,,,,
Basler,JAIJAI Camera SP-20000C-USB,jai-camera-sp-20000c-usb,JAI,1040,에어리어 스캔 카메라,JAI Spark,,ams,CMV20000,Global Shutter,CMOS,5120 px × 3840 px,6.4 μm × 6.4 μm,,Color,Visible,USB 3.0,8 bits / 10 bits / 12 bits,free-run / hardware trigger / software trigger,,12V to 24V DC,Box,,62 mm x 62 mm x 85 mm,350 g,F-mount,,,"CE (incl. RoHS), FCC, RoHS",,,41 mm,,32.77 mm × 24.58 mm,16 fps,,"USB 3.0, nominal max. 5 Gbit/s (SuperSpeed)",hardware trigger / programmable via the camera API,,,5.4 W,,,,,,,,,,,,,,,,19.7 MP,,,,,,,,,,,,,,,,,,,,,,,,,,,,,,,,,,,,,,,,,,,
Basler,JAIJAI Camera GO-2400M-USB,jai-camera-go-2400m-usb,JAI,1012,에어리어 스캔 카메라,JAI Go,,Sony,IMX174,Global Shutter,CMOS,1936 px × 1216 px,5.86 μm × 5.86 μm,,Mono,Visible,USB 3.0,8 bits / 10 bits / 12 bits,free-run / hardware trigger / software trigger,,12V to 24V DC,Box,,29 mm x 29 mm x 42 mm,46 g,C-mount,,,"CE (incl. RoHS), FCC, RoHS",,,"1/1.2""",13.39 mm,11.34 mm × 7.13 mm,159 fps,,"USB 3.0, nominal max. 5 Gbit/s (SuperSpeed)",hardware trigger / programmable via the camera API,,,4.08 W,,,,,,,,,,,,,,,,2.4 MP,,,,,,,,,,,,,,,,,,,,,,,,,,,,,,,,,,,,,,,,,,,
Basler,JAIJAI Camera GO-5000M-PMCL-UV,jai-camera-go-5000m-pmcl-uv,JAI,1177,에어리어 스캔 카메라,JAI Go,,e2v,Lince5M,Global Shutter,CMOS,2560 px × 2048 px,5 μm × 5 μm,,Mono UV,Visible,Camera Link,8 bits / 10 bits / 12 bits,free-run / hardware trigger / software trigger,,Power over Mini-CL,Box,,29 mm x 29 mm x 41.5 mm,46 g,C-mount,,,"CE (incl. RoHS), FCC, RoHS",,,"1""",,12.8 mm × 10.24 mm,107 fps,,,hardware trigger / programmable via the camera API,,,3 W,,,,,,,,,,,,,,,,5.2 MP,,,,,,,,,,,,,,,,,,,,,,,,,,,,,,,,,,,,,,,,,,,
Basler,JAIJAI Camera SP-12000C-CXP4,jai-camera-sp-12000c-cxp4,JAI,1030,에어리어 스캔 카메라,JAI Spark,,ams,CMV12000,Global Shutter,CMOS,4096 px × 3072 px,5.5 μm × 5.5 μm,,Color,Visible,CoaXPress (CXP-12),8 bits / 10 bits,free-run / hardware trigger / software trigger,,12V to 24V DC,Box,,62 mm x 62 mm x 127.5 mm,510 g,F-mount,,,"CE (incl. RoHS), FCC, RoHS",,,28.16 mm,28.16 mm,22.5 mm × 16.9 mm,189 fps,,CoaXPress (2.5–12.5 Gbps),hardware trigger / programmable via the camera API,,,12 W,,,,,,,,,,,,,,,,12.6 MP,,,,,,,,,,,,,,,,,,,,,,,,,,,,,,,,,,,,,,,,,,,
Basler,JAIJAI Camera GOX-2402C-PGE,jai-camera-gox-2402c-pge,JAI,1207,에어리어 스캔 카메라,JAI Go-X,,Sony,IMX392,Global Shutter,CMOS,1920 px × 1200 px,3.45 μm × 3.45 μm,,Color,Visible,GigE,8 bits / 10 bits / 12 bits,free-run / hardware trigger / software trigger,,10V to 25V DC,Box,,29 mm x 29 mm x 51.5 mm,62 g,C-mount,,,"CE (incl. RoHS), FCC, RoHS",,,"1/2.3""",,6.62 mm × 4.14 mm,49 fps,,"Fast Ethernet (100 Mbit/s), Gigabit Ethernet (1000 Mbit/s)",hardware trigger / programmable via the camera API,,,2.7 W,,,,,,,,,,,,,,,,2.3 MP,,,,,,,,,,,,,,,,,,,,,,,,,,,,,,,,,,,,,,,,,,,
Basler,JAIJAI Camera SP-5000M-USB,jai-camera-sp-5000m-usb,JAI,1053,에어리어 스캔 카메라,JAI Spark,,e2v,Lince5M,Global Shutter,CMOS,2560 px × 2048 px,5 μm × 5 μm,,Mono,Visible,USB 3.0,8 bits / 10 bits / 12 bits,free-run / hardware trigger / software trigger,,12V to 24V DC,Box,,62 mm x 62 mm x 56 mm,255 g,C-mount,,,"CE (incl. RoHS), FCC, RoHS",,,"1""",,12.8 mm × 10.24 mm,62 fps,,"USB 3.0, nominal max. 5 Gbit/s (SuperSpeed)",hardware trigger / programmable via the camera API,,,6.24 W,,,,,,,,,,,,,,,,5.2 MP,,,,,,,,,,,,,,,,,,,,,,,,,,,,,,,,,,,,,,,,,,,
Basler,JAIJAI Camera GOX-3200C-USB,jai-camera-gox-3200c-usb,JAI,1205,에어리어 스캔 카메라,JAI Go-X,,Sony,IMX252,Global Shutter,CMOS,2048 px × 1536 px,3.45 μm × 3.45 μm,,Mono,Visible,USB 3.0,8 bits / 10 bits / 12 bits,free-run / hardware trigger / software trigger,,10V to 25V DC,Box,,29 mm x 29 mm x 51.5 mm,62 g,C-mount,,,"CE (incl. RoHS), FCC, RoHS",,,"1/1.8""",8.84 mm,7.12 mm × 5.33 mm,119 fps,,"USB 3.0, nominal max. 5 Gbit/s (SuperSpeed)",hardware trigger / programmable via the camera API,,,4.2 W,,,,,,,,,,,,,,,,3.1 MP,,,,,,,,,,,,,,,,,,,,,,,,,,,,,,,,,,,,,,,,,,,
Basler,JAIJAI Camera GO-5000M-PMCL,jai-camera-go-5000m-pmcl,JAI,1018,에어리어 스캔 카메라,JAI Go,,e2v,Lince5M,Global Shutter,CMOS,2560 px × 2048 px,5 μm × 5 μm,,Mono,Visible,Camera Link,8 bits / 10 bits / 12 bits,free-run / hardware trigger / software trigger,,12V to 24V DC,Box,,29 mm x 29 mm x 42 mm,46 g,C-mount,,,"CE (incl. RoHS), FCC, RoHS",,,"1""",,12.8 mm × 10.24 mm,107 fps,,,hardware trigger / programmable via the camera API,,,3 W,,,,,,,,,,,,,,,,5.2 MP,,,,,,,,,,,,,,,,,,,,,,,,,,,,,,,,,,,,,,,,,,,
Basler,JAIJAI Camera GO-5000M-PGE,jai-camera-go-5000m-pge,JAI,1017,에어리어 스캔 카메라,JAI Go,,e2v,Lince5M,Global Shutter,CMOS,2560 px × 2048 px,5 μm × 5 μm,,Mono,Visible,GigE,8 bits / 10 bits / 12 bits,free-run / hardware trigger / software trigger,,12V to 24V DC,Box,,29 mm x 29 mm x 42 mm,46 g,C-mount,,,"CE (incl. RoHS), FCC, RoHS",,,"1""",,12.8 mm × 10.24 mm,22 fps,,"Fast Ethernet (100 Mbit/s), Gigabit Ethernet (1000 Mbit/s)",hardware trigger / programmable via the camera API,,,2.5 W,,,,,,,,,,,,,,,,5.2 MP,,,,,,,,,,,,,,,,,,,,,,,,,,,,,,,,,,,,,,,,,,,
Basler,JAIJAI Camera SP-5000C-GE2,jai-camera-sp-5000c-ge2,JAI,1046,에어리어 스캔 카메라,JAI Spark,,e2v,Lince5M,Global Shutter,CMOS,2560 px × 2048 px,5 μm × 5 μm,,Color,Visible,GigE,8 bits / 10 bits / 12 bits,free-run / hardware trigger / software trigger,,12V to 24V DC,Box,,62 mm x 62 mm x 56 mm,215 g,C-mount,,,"CE (incl. RoHS), FCC, RoHS",,,"1""",,12.8 mm × 10.24 mm,44 fps,,"Fast Ethernet (100 Mbit/s), Gigabit Ethernet (1000 Mbit/s)",hardware trigger / programmable via the camera API,,,6.25 W,,,,,,,,,,,,,,,,5.2 MP,,,,,,,,,,,,,,,,,,,,,,,,,,,,,,,,,,,,,,,,,,,
Basler,JAIJAI Camera SP-5000M-PMCL,jai-camera-sp-5000m-pmcl,JAI,1052,에어리어 스캔 카메라,JAI Spark,,e2v,Lince5M,Global Shutter,CMOS,2560 px × 2048 px,5 μm × 5 μm,,Mono,Visible,Camera Link,8 bits / 10 bits / 12 bits,free-run / hardware trigger / software trigger,,12V to 24V DC,Box,,62 mm x 62 mm x 56 mm,215 g,C-mount,,,"CE (incl. RoHS), FCC, RoHS",,,"1""",,12.8 mm × 10.24 mm,137 fps,,,hardware trigger / programmable via the camera API,,,4.5 W,,,,,,,,,,,,,,,,5.2 MP,,,,,,,,,,,,,,,,,,,,,,,,,,,,,,,,,,,,,,,,,,,
Basler,JAIJAI Camera AP-1600T-USB,jai-camera-ap-1600t-usb,JAI,1003,에어리어 스캔 카메라,JAI Apex,,Sony,3-CMOS IMX273,Global Shutter,CMOS,1456 px × 1088 px,3.45 μm × 3.45 μm,,Color,Visible,USB 3.0,8 bits / 10 bits / 12 bits,free-run / hardware trigger / software trigger,,12V to 24V DC,Box,,44 mm x 44 mm x 84 mm,200 g,C-mount,,,"CE (incl. RoHS), FCC, RoHS",,,"1/2.9""",,5.02 mm × 7.75 mm,79 fps,,"USB 3.0, nominal max. 5 Gbit/s (SuperSpeed)",hardware trigger / programmable via the camera API,,,5.3 W,,,,,,,,,,,,,,,,1.6 MP,,,,,,,,,,,,,,,,,,,,,,,,,,,,,,,,,,,,,,,,,,,
Basler,JAIJAI Camera GO-5100M-USB,jai-camera-go-5100m-usb,JAI,1023,에어리어 스캔 카메라,JAI Go,,Sony,IMX250,Global Shutter,CMOS,2448 px × 2048 px,3.45 μm × 3.45 μm,,Mono,Visible,USB 3.0,8 bits / 10 bits / 12 bits,free-run / hardware trigger / software trigger,,12V to 24V DC,Box,,29 mm x 29 mm x 42 mm,46 g,C-mount,,,"CE (incl. RoHS), FCC, RoHS",,,"2/3""",11.02 mm,8.45 mm × 7.07 mm,98 fps,,"USB 3.0, nominal max. 5 Gbit/s (SuperSpeed)",hardware trigger / programmable via the camera API,,,4.2 W,,,,,,,,,,,,,,,,5 MP,,,,,,,,,,,,,,,,,,,,,,,,,,,,,,,,,,,,,,,,,,,
Basler,JAIJAI Camera GOX-20409M-PGE,jai-camera-gox-20409m-pge,JAI,1180,에어리어 스캔 카메라,JAI Go-X,,Sony,IMX183,Rolling Shutter,CMOS,5472 px × 3648 px,2.4 μm × 2.4 μm,,Mono,Visible,GigE,8 bits / 10 bits / 12 bits,free-run / hardware trigger / software trigger,,10V to 25V DC,Box,,29 mm x 29 mm x 51.5 mm,46 g,C-mount,,,"CE (incl. RoHS), FCC, RoHS",,,"1""",15.78 mm,13.13 mm × 8.75 mm,5 fps,,"Fast Ethernet (100 Mbit/s), Gigabit Ethernet (1000 Mbit/s)",hardware trigger / programmable via the camera API,,,2.7 W,,,,,,,,,,,,,,,,20 MP,,,,,,,,,,,,,,,,,,,,,,,,,,,,,,,,,,,,,,,,,,,
Basler,JAIJAI Camera GOX-8901M-PGE,jai-camera-gox-8901m-pge,JAI,1188,에어리어 스캔 카메라,JAI Go-X,,Sony,IMX267,Global Shutter,CMOS,4096 px × 2160 px,3.45 μm × 3.45 μm,,Mono,Visible,GigE,8 bits / 10 bits / 12 bits,free-run / hardware trigger / software trigger,,10V to 25V DC,Box,,29 mm x 29 mm x 51.5 mm,62 g,C-mount,,,"CE (incl. RoHS), FCC, RoHS",,,"1""",15.97 mm,14.13 mm × 7.45 mm,12 fps,,"Fast Ethernet (100 Mbit/s), Gigabit Ethernet (1000 Mbit/s)",hardware trigger / programmable via the camera API,,,3.3 W,,,,,,,,,,,,,,,,8.8 MP,,,,,,,,,,,,,,,,,,,,,,,,,,,,,,,,,,,,,,,,,,,
Basler,JAIJAI Camera SP-5000C-CXP2,jai-camera-sp-5000c-cxp2,JAI,1044,에어리어 스캔 카메라,JAI Spark,,e2v,Lince5M,Global Shutter,CMOS,2560 px × 2048 px,5 μm × 5 μm,,Color,Visible,CoaXPress (CXP-12),8 bits / 10 bits / 12 bits,free-run / hardware trigger / software trigger,,12V to 24V DC,Box,,62 mm x 62 mm x 56 mm,215 g,C-mount,,,"CE (incl. RoHS), FCC, RoHS",,,"1""",,12.8 mm × 10.24 mm,211 fps,,CoaXPress (2.5–12.5 Gbps),hardware trigger / programmable via the camera API,,,7.8 W,,,,,,,,,,,,,,,,5.2 MP,,,,,,,,,,,,,,,,,,,,,,,,,,,,,,,,,,,,,,,,,,,
Basler,JAIJAI Camera GOX-12401M-PGE,jai-camera-gox-12401m-pge,JAI,1184,에어리어 스캔 카메라,JAI Go-X,,Sony,IMX304,Global Shutter,CMOS,4096 px × 3000 px,3.45 μm × 3.45 μm,,Mono,Visible,GigE,8 bits / 10 bits / 12 bits,free-run / hardware trigger / software trigger,,10V to 25V DC,Box,,29 mm x 29 mm x 51.5 mm,62 g,C-mount,,,"CE (incl. RoHS), FCC, RoHS",,,"1.1""",17.52 mm,14.13 mm × 10.35 mm,9 fps,,"Fast Ethernet (100 Mbit/s), Gigabit Ethernet (1000 Mbit/s)",hardware trigger / programmable via the camera API,,,2.7 W,,,,,,,,,,,,,,,,12.3 MP,,,,,,,,,,,,,,,,,,,,,,,,,,,,,,,,,,,,,,,,,,,
Basler,JAIJAI Camera GO-5000M-USB-UV,jai-camera-go-5000m-usb-uv,JAI,1179,에어리어 스캔 카메라,JAI Go,,e2v,Lince5M,Global Shutter,CMOS,2560 px × 2048 px,5 μm × 5 μm,,Mono UV,Visible,USB 3.0,8 bits / 10 bits / 12 bits,free-run / hardware trigger / software trigger,,12V to 24V DC,Box,,29 mm x 29 mm x 41.5 mm,46 g,C-mount,,,"CE (incl. RoHS), FCC, RoHS",,,"1""",,12.8 mm × 10.24 mm,62 fps,,"USB 3.0, nominal max. 5 Gbit/s (SuperSpeed)",hardware trigger / programmable via the camera API,,,2.8 W,,,,,,,,,,,,,,,,5.2 MP,,,,,,,,,,,,,,,,,,,,,,,,,,,,,,,,,,,,,,,,,,,
Basler,JAIJAI Camera GO-5000C-PGE,jai-camera-go-5000c-pge,JAI,1015,에어리어 스캔 카메라,JAI Go,,e2v,Lince5M,Global Shutter,CMOS,2560 px × 2048 px,5 μm × 5 μm,,Color,Visible,GigE,8 bits / 10 bits / 12 bits,free-run / hardware trigger / software trigger,,12V to 24V DC,Box,,29 mm x 29 mm x 42 mm,46 g,C-mount,,,"CE (incl. RoHS), FCC, RoHS",,,"1""",,12.8 mm × 10.24 mm,22 fps,,"Fast Ethernet (100 Mbit/s), Gigabit Ethernet (1000 Mbit/s)",hardware trigger / programmable via the camera API,,,2.5 W,,,,,,,,,,,,,,,,5.2 MP,,,,,,,,,,,,,,,,,,,,,,,,,,,,,,,,,,,,,,,,,,,
Basler,JAIJAI Camera GO-5101C-PGE,jai-camera-go-5101c-pge,JAI,1026,에어리어 스캔 카메라,JAI Go,,Sony,IMX264,Global Shutter,CMOS,2464 px × 2056 px,3.45 μm × 3.45 μm,,Color,Visible,GigE,8 bits / 10 bits / 12 bits,free-run / hardware trigger / software trigger,,12V to 24V DC,Box,,29 mm x 29 mm x 42 mm,46 g,C-mount,,,"CE (incl. RoHS), FCC, RoHS",,,"2/3""",,8.5 mm × 7.1 mm,22 fps,,"Fast Ethernet (100 Mbit/s), Gigabit Ethernet (1000 Mbit/s)",hardware trigger / programmable via the camera API,,,3.3 W,,,,,,,,,,,,,,,,5.1 MP,,,,,,,,,,,,,,,,,,,,,,,,,,,,,,,,,,,,,,,,,,,
Basler,JAIJAI Camera GO-5000M-PGE-UV,jai-camera-go-5000m-pge-uv,JAI,1178,에어리어 스캔 카메라,JAI Go,,e2v,Lince5M,Global Shutter,CMOS,2560 px × 2048 px,5 μm × 5 μm,,Mono UV,Visible,GigE,8 bits / 10 bits / 12 bits,free-run / hardware trigger / software trigger,,12V to 24V DC,Box,,29 mm x 29 mm x 41.5 mm,46 g,C-mount,,,"CE (incl. RoHS), FCC, RoHS",,,"1""",,12.8 mm × 10.24 mm,22 fps,,"Fast Ethernet (100 Mbit/s), Gigabit Ethernet (1000 Mbit/s)",hardware trigger / programmable via the camera API,,,2.5 W,,,,,,,,,,,,,,,,5.2 MP,,,,,,,,,,,,,,,,,,,,,,,,,,,,,,,,,,,,,,,,,,,
Basler,JAIJAI Camera AP-1600T-PGE,jai-camera-ap-1600t-pge,JAI,1001,에어리어 스캔 카메라,JAI Apex,,Sony,3-CMOS IMX273,Global Shutter,CMOS,1456 px × 1088 px,3.45 μm × 3.45 μm,,Color,Visible,GigE,8 bits / 10 bits / 12 bits,free-run / hardware trigger / software trigger,,12V to 24V DC,Box,,44 mm x 44 mm x 84 mm,200 g,C-mount,,,"CE (incl. RoHS), FCC, RoHS",,,"1/2.9""",,5.02 mm × 7.75 mm,24 fps,,"Fast Ethernet (100 Mbit/s), Gigabit Ethernet (1000 Mbit/s)",hardware trigger / programmable via the camera API,,,5.4 W,,,,,,,,,,,,,,,,1.6 MP,,,,,,,,,,,,,,,,,,,,,,,,,,,,,,,,,,,,,,,,,,,
Basler,JAIJAI Camera GO-5000M-USB,jai-camera-go-5000m-usb,JAI,1019,에어리어 스캔 카메라,JAI Go,,e2v,Lince5M,Global Shutter,CMOS,2560 px × 2048 px,5 μm × 5 μm,,Mono,Visible,USB 3.0,8 bits / 10 bits / 12 bits,free-run / hardware trigger / software trigger,,12V to 24V DC,Box,,29 mm x 29 mm x 42 mm,46 g,C-mount,,,"CE (incl. RoHS), FCC, RoHS",,,"1""",,12.8 mm × 10.24 mm,69 fps,,"USB 3.0, nominal max. 5 Gbit/s (SuperSpeed)",hardware trigger / programmable via the camera API,,,2.8 W,,,,,,,,,,,,,,,,5.2 MP,,,,,,,,,,,,,,,,,,,,,,,,,,,,,,,,,,,,,,,,,,,
Basler,JAIJAI Camera GO-2400C-PMCL,jai-camera-go-2400c-pmcl,JAI,1008,에어리어 스캔 카메라,JAI Go,,Sony,IMX174,Global Shutter,CMOS,1936 px × 1216 px,5.86 μm × 5.86 μm,,Color,Visible,Camera Link,8 bits / 10 bits / 12 bits,free-run / hardware trigger / software trigger,,12V to 24V DC,Box,,29 mm x 29 mm x 42 mm,46 g,C-mount,,,"CE (incl. RoHS), FCC, RoHS",,,"1/1.2""",13.39 mm,11.34 mm × 7.13 mm,165 fps,,,hardware trigger / programmable via the camera API,,,2.76 W,,,,,,,,,,,,,,,,2.4 MP,,,,,,,,,,,,,,,,,,,,,,,,,,,,,,,,,,,,,,,,,,,
Basler,JAIJAI Camera GOX-12401C-PGE,jai-camera-gox-12401c-pge,JAI,1185,에어리어 스캔 카메라,JAI Go-X,,Sony,IMX304,Global Shutter,CMOS,4096 px × 3000 px,3.45 μm × 3.45 μm,,Color,Visible,GigE,8 bits / 10 bits / 12 bits,free-run / hardware trigger / software trigger,,10V to 25V DC,Box,,29 mm x 29 mm x 51.5 mm,62 g,C-mount,,,"CE (incl. RoHS), FCC, RoHS",,,"1.1""",17.52 mm,14.13 mm × 10.35 mm,9 fps,,"Fast Ethernet (100 Mbit/s), Gigabit Ethernet (1000 Mbit/s)",hardware trigger / programmable via the camera API,,,2.7 W,,,,,,,,,,,,,,,,12.3 MP,,,,,,,,,,,,,,,,,,,,,,,,,,,,,,,,,,,,,,,,,,,
Basler,JAIJAI Camera SP-5000M-GE2,jai-camera-sp-5000m-ge2,JAI,1051,에어리어 스캔 카메라,JAI Spark,,e2v,Lince5M,Global Shutter,CMOS,2560 px × 2048 px,5 μm × 5 μm,,Mono,Visible,GigE,8 bits / 10 bits / 12 bits,free-run / hardware trigger / software trigger,,12V to 24V DC,Box,,62 mm x 62 mm x 56 mm,215 g,C-mount,,,"CE (incl. RoHS), FCC, RoHS",,,"1""",,12.8 mm × 10.24 mm,44 fps,,"Fast Ethernet (100 Mbit/s), Gigabit Ethernet (1000 Mbit/s)",hardware trigger / programmable via the camera API,,,6.25 W,,,,,,,,,,,,,,,,5.2 MP,,,,,,,,,,,,,,,,,,,,,,,,,,,,,,,,,,,,,,,,,,,
Basler,JAIJAI Camera SP-20000M-CXP2,jai-camera-sp-20000m-cxp2,JAI,1041,에어리어 스캔 카메라,JAI Spark,,ams,CMV20000,Global Shutter,CMOS,5120 px × 3840 px,6.4 μm × 6.4 μm,,Mono,Visible,CoaXPress (CXP-12),8 bits / 10 bits / 12 bits,free-run / hardware trigger / software trigger,,12V to 24V DC,Box,,62 mm x 62 mm x 85 mm,350 g,F-mount,,,"CE (incl. RoHS), FCC, RoHS",,,41 mm,,32.77 mm × 24.58 mm,30 fps,,CoaXPress (2.5–12.5 Gbps),hardware trigger / programmable via the camera API,,,7.9 W,,,,,,,,,,,,,,,,19.7 MP,,,,,,,,,,,,,,,,,,,,,,,,,,,,,,,,,,,,,,,,,,,
Basler,JAIJAI Camera SP-12000M-CXP4,jai-camera-sp-12000m-cxp4,JAI,1031,에어리어 스캔 카메라,JAI Spark,,ams,CMV12000,Global Shutter,CMOS,4096 px × 3072 px,5.5 μm × 5.5 μm,,Mono,Visible,CoaXPress (CXP-12),8 bits / 10 bits,free-run / hardware trigger / software trigger,,12V to 24V DC,Box,,62 mm x 62 mm x 127.5 mm,510 g,F-mount,,,"CE (incl. RoHS), FCC, RoHS",,,28.16 mm,28.16 mm,22.5 mm × 16.9 mm,189 fps,,CoaXPress (2.5–12.5 Gbps),hardware trigger / programmable via the camera API,,,12 W,,,,,,,,,,,,,,,,12.6 MP,,,,,,,,,,,,,,,,,,,,,,,,,,,,,,,,,,,,,,,,,,,
Basler,JAIJAI Camera AP-1600T-PMCL,jai-camera-ap-1600t-pmcl,JAI,1002,에어리어 스캔 카메라,JAI Apex,,Sony,3-CMOS IMX273,Global Shutter,CMOS,1456 px × 1088 px,3.45 μm × 3.45 μm,,Color,Visible,Camera Link,8 bits / 10 bits / 12 bits,free-run / hardware trigger / software trigger,,12V to 24V DC,Box,,44 mm x 44 mm x 84 mm,200 g,C-mount,,,"CE (incl. RoHS), FCC, RoHS",,,"1/2.9""",,5.02 mm × 7.75 mm,126 fps,,,hardware trigger / programmable via the camera API,,,6 W,,,,,,,,,,,,,,,,1.6 MP,,,,,,,,,,,,,,,,,,,,,,,,,,,,,,,,,,,,,,,,,,,
Basler,JAIJAI Camera GO-5000C-PMCL,jai-camera-go-5000c-pmcl,JAI,1016,에어리어 스캔 카메라,JAI Go,,e2v,Lince5M,Global Shutter,CMOS,2560 px × 2048 px,5 μm × 5 μm,,Color,Visible,Camera Link,8 bits / 10 bits / 12 bits,free-run / hardware trigger / software trigger,,12V to 24V DC,Box,,29 mm x 29 mm x 42 mm,46 g,C-mount,,,"CE (incl. RoHS), FCC, RoHS",,,"1""",,12.8 mm × 10.24 mm,107 fps,,,hardware trigger / programmable via the camera API,,,3 W,,,,,,,,,,,,,,,,5.2 MP,,,,,,,,,,,,,,,,,,,,,,,,,,,,,,,,,,,,,,,,,,,
Basler,JAIJAI Camera GOX-5102M-USB,jai-camera-gox-5102m-usb,JAI,1198,에어리어 스캔 카메라,JAI Go-X,,Sony,IMX250,Global Shutter,CMOS,2448 px × 2048 px,3.45 μm × 3.45 μm,,Mono,Visible,USB 3.0,8 bits / 10 bits / 12 bits,free-run / hardware trigger / software trigger,,10V to 25V DC,Box,,29 mm x 29 mm x 51.5 mm,62 g,C-mount,,,"CE (incl. RoHS), FCC, RoHS",,,"2/3""",11.02 mm,8.45 mm × 7.07 mm,98 fps,,"USB 3.0, nominal max. 5 Gbit/s (SuperSpeed)",hardware trigger / programmable via the camera API,,,4.2 W,,,,,,,,,,,,,,,,5 MP,,,,,,,,,,,,,,,,,,,,,,,,,,,,,,,,,,,,,,,,,,,
Basler,JAIJAI Camera GOX-3200M-USB,jai-camera-gox-3200m-usb,JAI,1204,에어리어 스캔 카메라,JAI Go-X,,Sony,IMX252,Global Shutter,CMOS,2048 px × 1536 px,3.45 μm × 3.45 μm,,Mono,Visible,USB 3.0,8 bits / 10 bits / 12 bits,free-run / hardware trigger / software trigger,,10V to 25V DC,Box,,29 mm x 29 mm x 51.5 mm,62 g,C-mount,,,"CE (incl. RoHS), FCC, RoHS",,,"1/1.8""",8.84 mm,7.12 mm × 5.33 mm,119 fps,,"USB 3.0, nominal max. 5 Gbit/s (SuperSpeed)",hardware trigger / programmable via the camera API,,,4.2 W,,,,,,,,,,,,,,,,3.1 MP,,,,,,,,,,,,,,,,,,,,,,,,,,,,,,,,,,,,,,,,,,,
Basler,JAIJAI Camera GO-2401M-PGE,jai-camera-go-2401m-pge,JAI,1014,에어리어 스캔 카메라,JAI Go,,Sony,IMX174,Global Shutter,CMOS,1936 px × 1216 px,5.86 μm × 5.86 μm,,Mono,Visible,GigE,8 bits / 10 bits / 12 bits,free-run / hardware trigger / software trigger,,12V to 24V DC,Box,,29 mm x 29 mm x 42 mm,46 g,C-mount,,,"CE (incl. RoHS), FCC, RoHS",,,"1/1.2""",13.39 mm,11.34 mm × 7.13 mm,41 fps,,"Fast Ethernet (100 Mbit/s), Gigabit Ethernet (1000 Mbit/s)",hardware trigger / programmable via the camera API,,,2.64 W,,,,,,,,,,,,,,,,2.4 MP,,,,,,,,,,,,,,,,,,,,,,,,,,,,,,,,,,,,,,,,,,,
Basler,JAIJAI Camera SP-5000M-CXP4,jai-camera-sp-5000m-cxp4,JAI,1050,에어리어 스캔 카메라,JAI Spark,,e2v,Lince5M,Global Shutter,CMOS,2560 px × 2048 px,5 μm × 5 μm,,Mono,Visible,CoaXPress (CXP-12),8 bits / 10 bits / 12 bits,free-run / hardware trigger / software trigger,,12V to 24V DC,Box,,62 mm x 62 mm x 56 mm,215 g,C-mount,,,"CE (incl. RoHS), FCC, RoHS",,,"1""",,12.8 mm × 10.24 mm,253 fps,,CoaXPress (2.5–12.5 Gbps),hardware trigger / programmable via the camera API,,,7.8 W,,,,,,,,,,,,,,,,5.2 MP,,,,,,,,,,,,,,,,,,,,,,,,,,,,,,,,,,,,,,,,,,,
Basler,JAIJAI Camera GOX-12409M-PGE,jai-camera-gox-12409m-pge,JAI,1182,에어리어 스캔 카메라,JAI Go-X,,Sony,IMX226,Rolling Shutter,CMOS,4024 px × 3036 px,1.85 μm × 1.85 μm,,Mono,Visible,GigE,8 bits / 10 bits / 12 bits,free-run / hardware trigger / software trigger,,10V to 25V DC,Box,,29 mm x 29 mm x 51.5 mm,62 g,C-mount,,,"CE (incl. RoHS), FCC, RoHS",,,"1/1.7""",9.33 mm,7.44 mm × 5.61 mm,8 fps,,"Fast Ethernet (100 Mbit/s), Gigabit Ethernet (1000 Mbit/s)",hardware trigger / programmable via the camera API,,,2.7 W,,,,,,,,,,,,,,,,12.2 MP,,,,,,,,,,,,,,,,,,,,,,,,,,,,,,,,,,,,,,,,,,,
Basler,JAIJAI Camera GO-5101M-PGE,jai-camera-go-5101m-pge,JAI,1028,에어리어 스캔 카메라,JAI Go,,Sony,IMX264,Global Shutter,CMOS,2464 px × 2056 px,3.45 μm × 3.45 μm,,Mono,Visible,GigE,8 bits / 10 bits / 12 bits,free-run / hardware trigger / software trigger,,12V to 24V DC,Box,,29 mm x 29 mm x 42 mm,46 g,C-mount,,,"CE (incl. RoHS), FCC, RoHS",,,"2/3""",,8.5 mm × 7.1 mm,22 fps,,"Fast Ethernet (100 Mbit/s), Gigabit Ethernet (1000 Mbit/s)",hardware trigger / programmable via the camera API,,,3.3 W,,,,,,,,,,,,,,,,5.1 MP,,,,,,,,,,,,,,,,,,,,,,,,,,,,,,,,,,,,,,,,,,,
Basler,HeliotisHeliotis Sensor H8 20x,heliotis-sensor-h8-20x,Heliotis,1446,3D 카메라,Heliotis heliInspect H8,,Heliotis proprietary,heliSens S4,,Area Sensor,512 px × 542 px,,,Mono,,GigE,,,,,,,254 mm x 58 mm x 100 mm,2500 g,,,,,,,,,,,,,,,,,,,,,,,,650 x 610 μm,,,,,,,,,,,,,,,,,,,,,,,,,,,,,,,,,,,,,,1.2 μm,20 nm,20x,Blue LED / Red LED,4.7 mm (Nikon Mirau) / 3.6 mm (Leica Mirau),,15 nm,,,,,40 mm,,
Basler,LMILMI Sensor Gocator 2510,lmi-sensor-gocator-2510,LMI,1428,3D 카메라,LMI Gocator 2500,,,,,Line Sensor,,,,Mono,,GigE,,,,,,,46 mm x 80 mm x 110 mm,650 g,,,,,,,,,,,,,,,,,,,,,,,,13 - 14.5 mm (diffuse),,,,,,,,2 MP,,,,,,,,,,,,,,,,,,,,,,,,,,,,,,8 μm,,,Blue laser (405 nm),17 mm,,0.2 μm,2,0.015 %,2.4 kHz,1920.0000,6 mm,,
Basler,LMILMI Sensor Gocator 2375,lmi-sensor-gocator-2375,LMI,1420,3D 카메라,LMI Gocator 2300,,,,,Line Sensor,,,,Mono,,GigE,,,,,,,49 mm x 75 mm x 272 mm,1300 g,,,,,,,,,,,,,,,,,,,,,,,,324 - 1010 mm,,,,,,,,1 MP,,,,,,,,,,,,,,,,,,,,,,,,,,,,,,255 - 790 μm,175 - 925 μm,,Red laser (660 nm),650 mm,,12 μm,2 / 3R,0.03 %,approx. 170 Hz - 5 kHz,1280.0000,1350 mm,,
Basler,LMILMI Sensor Gocator 2410,lmi-sensor-gocator-2410,LMI,1422,3D 카메라,LMI Gocator 2400,,,,,Line Sensor,,,,Mono,,GigE,,,,,,,44 mm x 90 mm x 145 mm,880 g,,,,,,,,,,,,,,,,,,,,,,,,10 mm,,,,,,,,2 MP,,,,,,,,,,,,,,,,,,,,,,,,,,,,,,5.8 - 6.2 μm,,,Blue laser (405 nm),19 mm,,0.2 μm,2M / 3R,0.015 %,approx. 200 Hz - 5 kHz,1710.0000,6 mm,,
Basler,LMILMI Sensor Gocator 2880,lmi-sensor-gocator-2880,LMI,1433,3D 카메라,LMI Gocator 2800,,,,,Line Sensor,,,,Mono,,GigE,,,,,,,49 mm x 75 mm x 498 mm,2560 g,,,,,,,,,,,,,,,,,,,,,,,,390 - 1260 mm,,,,,,,,1 MP,,,,,,,,,,,,,,,,,,,,,,,,,,,,,,375 - 1100 μm,92 - 488 μm,,Red laser,350 mm,,,3R,0.04 %,approx. 380 Hz - 5 kHz,1280.0000,800 mm,,
Basler,LMILMI Sensor Gocator 2420,lmi-sensor-gocator-2420,LMI,1423,3D 카메라,LMI Gocator 2400,,,,,Line Sensor,,,,Mono,,GigE,,,,,,,44 mm x 90 mm x 145 mm,880 g,,,,,,,,,,,,,,,,,,,,,,,,27 - 32 mm,,,,,,,,2 MP,,,,,,,,,,,,,,,,,,,,,,,,,,,,,,14 - 16.5 μm,,,Blue laser (405 nm),60 mm,,0.4 μm,2M / 3R,0.006 %,approx. 200 Hz - 5 kHz,1940.0000,25 mm,,
Basler,LMILMI Sensor Gocator 2130,lmi-sensor-gocator-2130,LMI,1409,3D 카메라,LMI Gocator 2100,,,,,Line Sensor,,,,Mono,,GigE,,,,,,,49 mm x 75 mm x 142 mm,740 g,,,,,,,,,,,,,,,,,,,,,,,,47 - 85 mm,,,,,,,,VGA,,,,,,,,,,,,,,,,,,,,,,,,,,,,,,88 - 150 μm,6 - 14 μm,,Red laser (660 nm),90 mm,,0.8 μm,2 / 3R,0.01 %,approx. 170 Hz - 5 kHz,640.0000,80 mm,,
Basler,HeliotisHeliotis Sensor H8 2x,heliotis-sensor-h8-2x,Heliotis,1450,3D 카메라,Heliotis heliInspect H8,,Heliotis proprietary,heliSens S4,,Area Sensor,512 px × 542 px,,,Mono,,GigE,,,,,,,254 mm x 58 mm x 100 mm,2500 g,,,,,,,,,,,,,,,,,,,,,,,,6.5 x 6.1 mm,,,,,,,,,,,,,,,,,,,,,,,,,,,,,,,,,,,,,,12 μm,20 nm,2x,Blue LED / Red LED,43.0 mm,,15 nm,,,,,40 mm,,
Basler,LMILMI Sensor Gocator 2440,lmi-sensor-gocator-2440,LMI,1425,3D 카메라,LMI Gocator 2400,,,,,Line Sensor,,,,Mono,,GigE,,,,,,,44 mm x 90 mm x 190 mm,1200 g,,,,,,,,,,,,,,,,,,,,,,,,96 - 194 mm,,,,,,,,2 MP,,,,,,,,,,,,,,,,,,,,,,,,,,,,,,90 - 130 μm,,,Blue laser (405 nm) / Red laser (660 nm),183 mm,,1.2 μm,2 / 3B / 3R,0.01 %,approx. 200 Hz - 5 kHz,1500.0000,210 mm,,
Basler,LMILMI Sensor Gocator 2140,lmi-sensor-gocator-2140,LMI,1410,3D 카메라,LMI Gocator 2100,,,,,Line Sensor,,,,Mono,,GigE,,,,,,,49 mm x 75 mm x 197 mm,940 g,,,,,,,,,,,,,,,,,,,,,,,,96 - 194 mm,,,,,,,,VGA,,,,,,,,,,,,,,,,,,,,,,,,,,,,,,190 - 340 μm,13 - 37 μm,,Red laser (660 nm),190 mm,,1.2 μm,2 / 3B / 3R,0.01 %,approx. 170 Hz - 5 kHz,640.0000,210 mm,,
Basler,LMILMI Sensor Gocator 1320,lmi-sensor-gocator-1320,LMI,1401,3D 카메라,LMI Gocator 1300,,,,,Point Sensor,,,,Mono,,GigE,,,,,,,30 mm x 120 mm x 149 mm,800 g,,,,,,,,,,,,,,,,,,,,,,,,,,,,,,,,,,,,,,,,,,,,,,,,,,,,,,,,,,,,,,,0.4 μm,,Red laser,40 mm,,,3R,0.05 %,32 kHz,,20 mm,,
Basler,LMILMI Sensor Gocator 2120,lmi-sensor-gocator-2120,LMI,1408,3D 카메라,LMI Gocator 2100,,,,,Line Sensor,,,,Mono,,GigE,,,,,,,35 mm x 120 mm x 149.5 mm,800 g,,,,,,,,,,,,,,,,,,,,,,,,18 - 26 mm,,,,,,,,VGA,,,,,,,,,,,,,,,,,,,,,,,,,,,,,,28 - 42 μm,1.8 - 3 μm,,Red laser (660 nm),40 mm,,0.4 μm,2 / 3R,0.01 %,approx. 170 Hz - 5 kHz,640.0000,25 mm,,
Basler,LMILMI Sensor Gocator 1380,lmi-sensor-gocator-1380,LMI,1406,3D 카메라,LMI Gocator 1300,,,,,Point Sensor,,,,Mono,,GigE,,,,,,,30 mm x 120 mm x 149 mm,800 g,,,,,,,,,,,,,,,,,,,,,,,,,,,,,,,,,,,,,,,,,,,,,,,,,,,,,,,,,,,,,,,10 - 45 μm,,Red laser,127 mm,,,3B,0.18 %,32 kHz,,1651 mm,,
Basler,HeliotisHeliotis Sensor H8 8x,heliotis-sensor-h8-8x,Heliotis,1448,3D 카메라,Heliotis heliInspect H8,,Heliotis proprietary,heliSens S4,,Area Sensor,512 px × 542 px,,,Mono,,GigE,,,,,,,254 mm x 58 mm x 100 mm,2500 g,,,,,,,,,,,,,,,,,,,,,,,,1.6 x 1.5 mm,,,,,,,,,,,,,,,,,,,,,,,,,,,,,,,,,,,,,,3 μm,20 nm,8x,Blue LED / Red LED,12.8 mm,,15 nm,,,,,40 mm,,
Basler,LMILMI Sensor Gocator 3210,lmi-sensor-gocator-3210,LMI,1434,3D 카메라,LMI Gocator 3200,,,,,Area Sensor,,,,Mono,,GigE,,,,,,,49 mm x 146 mm x 190 mm,1700 g,,,,,,,,,,,,,,,,,,,,,,,,71 x 98 mm - 100 x 154 mm,,,,,,,,2 MP,,,,,,,,,,,,,,,,,,,,,,,,,,,,,,60 - 90 μm,,,Blue LED (465 nm),164 mm,,4.7 μm,,,4 Hz,,110 mm,,
Basler,LMILMI Sensor Gocator 2490,lmi-sensor-gocator-2490,LMI,1427,3D 카메라,LMI Gocator 2400,,,,,Line Sensor,,,,Mono,,GigE,,,,,,,49 mm x 85 mm x 272 mm,1500 g,,,,,,,,,,,,,,,,,,,,,,,,390 - 2000 mm,,,,,,,,2 MP,,,,,,,,,,,,,,,,,,,,,,,,,,,,,,250 - 1100 μm,,,Red laser (660 nm),350 mm,,12 μm,2 / 3R,0.04 %,approx. 200 Hz - 5 kHz,1920.0000,1525 mm,,
Basler,LMILMI Sensor Gocator 2350,lmi-sensor-gocator-2350,LMI,1418,3D 카메라,LMI Gocator 2300,,,,,Line Sensor,,,,Mono,,GigE,,,,,,,49 mm x 75 mm x 272 mm,1300 g,,,,,,,,,,,,,,,,,,,,,,,,158 - 365 mm,,,,,,,,1 MP,,,,,,,,,,,,,,,,,,,,,,,,,,,,,,150 - 300 μm,19 - 60 μm,,Red laser (660 nm),300 mm,,2 μm,2 / 3B / 3R,0.01 %,approx. 170 Hz - 5 kHz,1280.0000,400 mm,,
Basler,LMILMI Sensor Gocator 1390,lmi-sensor-gocator-1390,LMI,1407,3D 카메라,LMI Gocator 1300,,,,,Point Sensor,,,,Mono,,GigE,,,,,,,30 mm x 120 mm x 277 mm,1400 g,,,,,,,,,,,,,,,,,,,,,,,,,,,,,,,,,,,,,,,,,,,,,,,,,,,,,,,,,,,,,,,25 - 60 μm,,Red laser,500 mm,,,3B,0.1 %,32 kHz,,2000 mm,,
Basler,LMILMI Sensor Gocator 2430,lmi-sensor-gocator-2430,LMI,1424,3D 카메라,LMI Gocator 2400,,,,,Line Sensor,,,,Mono,,GigE,,,,,,,44 mm x 90 mm x 155 mm,1000 g,,,,,,,,,,,,,,,,,,,,,,,,47 - 85 mm,,,,,,,,2 MP,,,,,,,,,,,,,,,,,,,,,,,,,,,,,,37 - 57  μm,,,Blue laser (405 nm) / Red laser (660 nm),75 mm,,0.8 μm,2 / 3B / 3R,0.01 %,approx. 200 Hz - 5 kHz,1500.0000,80 mm,,
Basler,LMILMI Sensor Gocator 2170,lmi-sensor-gocator-2170,LMI,1412,3D 카메라,LMI Gocator 2100,,,,,Line Sensor,,,,Mono,,GigE,,,,,,,49 mm x 75 mm x 272 mm,1300 g,,,,,,,,,,,,,,,,,,,,,,,,308 - 687 mm,,,,,,,,VGA,,,,,,,,,,,,,,,,,,,,,,,,,,,,,,550 - 1100 μm,55 - 200 μm,,Red laser (660 nm),400 mm,,8 μm,2 / 3R,0.04 %,approx. 170 Hz - 5 kHz,640.0000,500 mm,,
Basler,LMILMI Sensor Gocator 2150,lmi-sensor-gocator-2150,LMI,1411,3D 카메라,LMI Gocator 2100,,,,,Line Sensor,,,,Mono,,GigE,,,,,,,49 mm x 75 mm x 272 mm,1300 g,,,,,,,,,,,,,,,,,,,,,,,,158 - 365 mm,,,,,,,,VGA,,,,,,,,,,,,,,,,,,,,,,,,,,,,,,300 - 600 μm,19 - 60 μm,,Red laser (660 nm),300 mm,,2 μm,2 / 3R,0.01 %,approx. 170 Hz - 5 kHz,640.0000,400 mm,,
Basler,LMILMI Sensor Gocator 1365,lmi-sensor-gocator-1365,LMI,1404,3D 카메라,LMI Gocator 1300,,,,,Point Sensor,,,,Mono,,GigE,,,,,,,30 mm x 120 mm x 220 mm,1100 g,,,,,,,,,,,,,,,,,,,,,,,,,,,,,,,,,,,,,,,,,,,,,,,,,,,,,,,,,,,,,,,2.5 - 4.0 μm,,Red laser,562 mm,,,3B,0.11 %,32 kHz,,375 mm,,
Basler,LMILMI Sensor Gocator 1370,lmi-sensor-gocator-1370,LMI,1405,3D 카메라,LMI Gocator 1300,,,,,Point Sensor,,,,Mono,,GigE,,,,,,,30 mm x 120 mm x 149 mm,800 g,,,,,,,,,,,,,,,,,,,,,,,,,,,,,,,,,,,,,,,,,,,,,,,,,,,,,,,,,,,,,,,2.5 - 7.0 μm,,Red laser,237.5 mm,,,3B,0.07 %,32 kHz,,412.5 mm,,
Basler,LMILMI Sensor Gocator 1340,lmi-sensor-gocator-1340,LMI,1402,3D 카메라,LMI Gocator 1300,,,,,Point Sensor,,,,Mono,,GigE,,,,,,,30 mm x 120 mm x 149 mm,800 g,,,,,,,,,,,,,,,,,,,,,,,,,,,,,,,,,,,,,,,,,,,,,,,,,,,,,,,,,,,,,,,0.5 - 1.0 μm,,Red laser,162.5 mm,,,3B,0.05 %,32 kHz,,95 mm,,
Basler,LMILMI Sensor Gocator 2530,lmi-sensor-gocator-2530,LMI,1432,3D 카메라,LMI Gocator 2500,,,,,Line Sensor,,,,Mono,,GigE,,,,,,,46 mm x 80 mm x 110 mm,650 g,,,,,,,,,,,,,,,,,,,,,,,,48 - 100 mm (diffuse),,,,,,,,2 MP,,,,,,,,,,,,,,,,,,,,,,,,,,,,,,28 - 54 μm,,,Blue laser (405 nm),40 mm,,0.5 μm,2,0.01 %,2.0 kHz,1920.0000,80 mm,,
Basler,LMILMI Sensor Gocator 2380,lmi-sensor-gocator-2380,LMI,1421,3D 카메라,LMI Gocator 2300,,,,,Line Sensor,,,,Mono,,GigE,,,,,,,49 mm x 75 mm x 272 mm,1300 g,,,,,,,,,,,,,,,,,,,,,,,,390 - 1260 mm,,,,,,,,1 MP,,,,,,,,,,,,,,,,,,,,,,,,,,,,,,375 - 1100 μm,92 - 488 μm,,Red laser (660 nm),350 mm,,12 μm,2 / 3R,0.04 %,approx. 170 Hz - 5 kHz,1280.0000,800 mm,,
Basler,LMILMI Sensor Gocator 2450,lmi-sensor-gocator-2450,LMI,1426,3D 카메라,LMI Gocator 2400,,,,,Line Sensor,,,,Mono,,GigE,,,,,,,44 mm x 90 mm x 240 mm,1200 g,,,,,,,,,,,,,,,,,,,,,,,,145 - 425 mm,,,,,,,,2 MP,,,,,,,,,,,,,,,,,,,,,,,,,,,,,,100 - 255 μm,,,Blue laser (405 nm),270 mm,,2 μm,2 / 3B / 3R,0.01 %,approx. 200 Hz - 5 kHz,1800.0000,550 mm,,
Basler,LMILMI Sensor Gocator 2175,lmi-sensor-gocator-2175,LMI,1413,3D 카메라,LMI Gocator 2100,,,,,Line Sensor,,,,Mono,,GigE,,,,,,,49 mm x 75 mm x 272 mm,1300 g,,,,,,,,,,,,,,,,,,,,,,,,324 - 1010 mm,,,,,,,,VGA,,,,,,,,,,,,,,,,,,,,,,,,,,,,,,510 - 1580 μm,175 - 925 μm,,Red laser (660 nm),650 mm,,12 μm,2 / 3R,0.03 %,approx. 170 Hz - 5 kHz,640.0000,1350 mm,,
Basler,LMILMI Sensor Gocator 2180,lmi-sensor-gocator-2180,LMI,1414,3D 카메라,LMI Gocator 2100,,,,,Line Sensor,,,,Mono,,GigE,,,,,,,49 mm x 75 mm x 272 mm,1300 g,,,,,,,,,,,,,,,,,,,,,,,,390 - 1260 mm,,,,,,,,VGA,,,,,,,,,,,,,,,,,,,,,,,,,,,,,,750 - 2200 μm,92 - 488 μm,,Red laser (660 nm),350 mm,,12 μm,2 / 3R,0.04 %,approx. 170 Hz - 5 kHz,640.0000,800 mm,,
Basler,HeliotisHeliotis Sensor H8 10x,heliotis-sensor-h8-10x,Heliotis,1447,3D 카메라,Heliotis heliInspect H8,,Heliotis proprietary,heliSens S4,,Area Sensor,512 px × 542 px,,,Mono,,GigE,,,,,,,254 mm x 58 mm x 100 mm,2500 g,,,,,,,,,,,,,,,,,,,,,,,,1.3 x 1.2 mm,,,,,,,,,,,,,,,,,,,,,,,,,,,,,,,,,,,,,,2.4 μm,20 nm,10x,Blue LED / Red LED,7.4 mm (Nikon Mirau) / 3.6 mm (Leica Mirau),,15 nm,,,,,40 mm,,
Basler,LMILMI Sensor Gocator 2370,lmi-sensor-gocator-2370,LMI,1419,3D 카메라,LMI Gocator 2300,,,,,Line Sensor,,,,Mono,,GigE,,,,,,,49 mm x 75 mm x 272 mm,1300 g,,,,,,,,,,,,,,,,,,,,,,,,308 - 687 mm,,,,,,,,1 MP,,,,,,,,,,,,,,,,,,,,,,,,,,,,,,275 - 550 μm,55 - 200 μm,,Red laser (660 nm),400 mm,,8 μm,2 / 3R,0.04 %,approx. 170 Hz - 5 kHz,1280.0000,500 mm,,
Basler,LMILMI Sensor Gocator 2520,lmi-sensor-gocator-2520,LMI,1430,3D 카메라,LMI Gocator 2500,,,,,Line Sensor,,,,Mono,,GigE,,,,,,,46 mm x 80 mm x 110 mm,650 g,,,,,,,,,,,,,,,,,,,,,,,,"25 - 32.5 mm (diffuse), 25 mm (specular)",,,,,,,,2 MP,,,,,,,,,,,,,,,,,,,,,,,,,,,,,,13 - 17 μm,,,Blue laser (405 nm),47.5 mm,,0.4 μm,2,0.006 %,1.6 kHz,1920.0000,25 mm,,
Basler,LMILMI Sensor Gocator 2320,lmi-sensor-gocator-2320,LMI,1415,3D 카메라,LMI Gocator 2300,,,,,Line Sensor,,,,Mono,,GigE,,,,,,,35 mm x 120 mm x 149.5 mm,800 g,,,,,,,,,,,,,,,,,,,,,,,,18 - 26 mm,,,,,,,,1 MP,,,,,,,,,,,,,,,,,,,,,,,,,,,,,,14 - 21 μm,1.8 - 3 μm,,Red laser (660 nm),40 mm,,0.4 μm,2 / 3R,0.01 %,approx. 170 Hz - 5 kHz,1280.0000,25 mm,,
Basler,LMILMI Sensor Gocator 3506,lmi-sensor-gocator-3506,LMI,1436,3D 카메라,LMI Gocator 3500,,,,,Area Sensor,,,,Mono,,GigE,,,,,,,49 mm x 136 mm x 170 mm,1520 g,,,,,,,,,,,,,,,,,,,,,,,,27 x 45 mm - 30 x 45 mm,,,,,,,,5 MP,,,,,,,,,,,,,,,,,,,,,,,,,,,,,,20 - 25 μm,,,Blue LED (465 nm),87 mm,,2 μm,,,3 Hz,,25 mm,,
Basler,LMILMI Sensor Gocator 3520,lmi-sensor-gocator-3520,LMI,1437,3D 카메라,LMI Gocator 3500,,,,,Area Sensor,,,,Mono,,GigE,,,,,,,55 mm x 167 mm x 260 mm,2600 g,,,,,,,,,,,,,,,,,,,,,,,,179 x 115 mm - 282 x 175 mm,,,,,,,,5 MP,,,,,,,,,,,,,,,,,,,,,,,,,,,,,,74 - 121 μm,,,Blue LED (465 nm),203 mm,,4.6 μm,,,3 Hz,,150 mm,,
Basler,LMILMI Sensor Gocator 1350,lmi-sensor-gocator-1350,LMI,1403,3D 카메라,LMI Gocator 1300,,,,,Point Sensor,,,,Mono,,GigE,,,,,,,30 mm x 120 mm x 149 mm,800 g,,,,,,,,,,,,,,,,,,,,,,,,,,,,,,,,,,,,,,,,,,,,,,,,,,,,,,,,,,,,,,,1.5 -3.5 μm,,Red laser,200 mm,,,3B,0.05 %,32 kHz,,200 mm,,
Basler,LMILMI Sensor Gocator 2512,lmi-sensor-gocator-2512,LMI,1429,3D 카메라,LMI Gocator 2500,,,,,Line Sensor,,,,Mono,,GigE,,,,,,,46 mm x 80 mm x 110 mm,650 g,,,,,,,,,,,,,,,,,,,,,,,,13 - 14.5 mm (diffuse & specular),,,,,,,,2 MP,,,,,,,,,,,,,,,,,,,,,,,,,,,,,,8 μm,,,Blue laser (405 nm),17 mm,,0.2 μm,2,0.015 %,2.4 kHz,1920.0000,6 mm,,
Basler,LMILMI Sensor Gocator 2340,lmi-sensor-gocator-2340,LMI,1417,3D 카메라,LMI Gocator 2300,,,,,Line Sensor,,,,Mono,,GigE,,,,,,,49 mm x 75 mm x 197 mm,940 g,,,,,,,,,,,,,,,,,,,,,,,,96 - 194 mm,,,,,,,,1 MP,,,,,,,,,,,,,,,,,,,,,,,,,,,,,,95 - 170 μm,13 - 37 μm,,Red laser (660 nm),190 mm,,1.2 μm,2 / 3B / 3R,0.01 %,approx. 170 Hz - 5 kHz,1280.0000,210 mm,,
Basler,LMILMI Sensor Gocator 2522,lmi-sensor-gocator-2522,LMI,1431,3D 카메라,LMI Gocator 2500,,,,,Line Sensor,,,,Mono,,GigE,,,,,,,46 mm x 110 mm x 110 mm,650 g,,,,,,,,,,,,,,,,,,,,,,,,"25 - 32.5 mm (diffuse), 25 mm (specular)",,,,,,,,2 MP,,,,,,,,,,,,,,,,,,,,,,,,,,,,,,13 - 17 μm,,,Blue laser (405 nm),17.75 mm,,0.4 μm,2,0.006 %,1.6 kHz,1920.0000,25 mm,,
Basler,HeliotisHeliotis Sensor H8 4x,heliotis-sensor-h8-4x,Heliotis,1449,3D 카메라,Heliotis heliInspect H8,,Heliotis proprietary,heliSens S4,,Area Sensor,512 px × 542 px,,,Mono,,GigE,,,,,,,254 mm x 58 mm x 100 mm,2500 g,,,,,,,,,,,,,,,,,,,,,,,,3.3 x 3.1 mm,,,,,,,,,,,,,,,,,,,,,,,,,,,,,,,,,,,,,,6 μm,20 nm,4x,Blue LED / Red LED,42.9 mm,,15 nm,,,,,40 mm,,
Basler,HeliotisHeliotis Sensor H8 50x,heliotis-sensor-h8-50x,Heliotis,1445,3D 카메라,Heliotis heliInspect H8,,Heliotis proprietary,heliSens S4,,Area Sensor,512 px × 542 px,,,Mono,,GigE,,,,,,,254 mm x 58 mm x 100 mm,2500 g,,,,,,,,,,,,,,,,,,,,,,,,260 x 250 μm,,,,,,,,,,,,,,,,,,,,,,,,,,,,,,,,,,,,,,0.48 μm,20 nm,50x,Blue LED / Red LED,3.4 mm (Nikon Mirau) / 2.5 mm (Leica Mirau),,15 nm,,,,,40 mm,,
Basler,LMILMI Sensor Gocator 2330,lmi-sensor-gocator-2330,LMI,1416,3D 카메라,LMI Gocator 2300,,,,,Line Sensor,,,,Mono,,GigE,,,,,,,49 mm x 75 mm x 142 mm,740 g,,,,,,,,,,,,,,,,,,,,,,,,47 - 85 mm,,,,,,,,1 MP,,,,,,,,,,,,,,,,,,,,,,,,,,,,,,44 - 75 μm,6 - 14 μm,,Red laser (660 nm),90 mm,,0.8 μm,2 / 3B / 3R,0.01 %,approx. 170 Hz - 5 kHz,1280.0000,80 mm,,
Basler,HeliotisHeliotis Sensor H8 100x,heliotis-sensor-h8-100x,Heliotis,1444,3D 카메라,Heliotis heliInspect H8,,Heliotis proprietary,heliSens S4,,Area Sensor,512 px × 542 px,,,Mono,,GigE,,,,,,,254 mm x 58 mm x 100 mm,2500 g,,,,,,,,,,,,,,,,,,,,,,,,130 x 120 μm,,,,,,,,,,,,,,,,,,,,,,,,,,,,,,,,,,,,,,0.24 μm,20 nm,100x,Blue LED / Red LED,2.0 mm (Nikon Mirau),,15 nm,,,,,40 mm,,
