brand,is_variant,모델,메가픽셀,해상도,프레임 레이트,센서,센서 크기,픽셀 크기,셔터,렌즈 마운트,크로마,디지털 인터페이스,프레임 레이트*,제품 사이즈,무게,GPIO인터페이스,Opto-Isolated I/O Ports,Non-Isolated I/O Ports,전원 요구사항,소비 전력,메모리,이미지 처리,픽셀 형식,압축,이미지 모드,ADC,Gain범위,노출 시간,User Sets,File System Size,Chunk Data,Event Data,Counter & Timer,Sequencer,Synchronization,표준,응낙,보관 온도,동작 온도,습도,충격 및 진동,보증,parent_model,이더넷 인터페이스,진입 보호,전송 계층 프로토콜,GPIO 인터페이스,광절연 I/O 포트,비절연 I/O 포트,차동 / 단일 입력 포트,산업용 EMC 내성,10GBASE-T GigE Vision 커넥터,Conversion Gain,2.5GBASE-T GigE Vision 커넥터,포함 된 액세서리,포함 된 액세서리y,전환 이득,냉각,크로마 / 감도 범위,감도 범위,냉각 능력,2.5 GigE Vision 커넥터,데이터 스트림 유형,조정 가능한 바이어스,EVS 관련 기능,이벤트 신호 처리,소프트웨어 호환성,라인 속도,Line Rate,GigE Vision 커넥터,추론 엔진,온센서 메모리,ISP,Supported Models,Input Tensor,Input/Output Tensors,사용 가능한 출력,5GBASE-T GigE Vision 커넥터
Lucid Vision,N,PHX200S,20.0 MP,"5472 x 3648 px, 20 MP",5.6 fps,Sony IMX183 CMOS (BSI Starvis),15.86 mm (Type 1″),2.4 µm (H) x 2.4 µm (V),Rolling shutter with global reset,C-Mount / 렌즈 마운트 없음 / 플랜지가 있는 렌즈 마운트 없음 / C-마운트가 있는 원격 헤드,Mono / Color,"1000BASE-T RJ45, PoEix Industrial, PoEFFC, PoE",5.6 FPS (6 FPS) @ 20 M,28 x 28 x 28.4 mm,39 g,8 핀 JST 커넥터,"1 input, 1 output",2 bi-directional,"PoE (IEEE 802.3af), or 12-24 VDC ±5% external","PoE를 통한 3.1W, 외부 전원 공급시 2.6W",128 MB,"Gain, gamma, black level, white balance, LUT, CCM, pixel correction, color space conversion","Mono8/10/12/16, Bayer8/10/12/16, RGB8, BGR8, YCbCr8, YCbCr411, YUV422, YUV411, QOI_Mono8, QOI_BayerRG8, QOI_RGB8, QOI_BGR8, QOI_YCbCr8",QOI,"수평 및 수직 비닝, ROI, 수직 뒤집기",12 bit,0 dB ~ 27 dB 아날로그 및 디지털,359 μs ~ 2.5 s,1 default and 2 custom user set,16 MB,"Frame counter, offset X/Y, width/height, 노출 시간, gain, black level, line status, sequencer set","Acquisition start/end, exposure start/end, line rise/fall, error",2 counters and 2 timers,"노출 시간, gain","Software trigger, hardware trigger, PTP (IEEE 1588)",GigE Vision v2.0,"CE, KC, FCC, RoHS, REACH, WEEE",-30 to 60°C,-10 to 55°C 주변,"동작: 20% ~ 80%, relative, 비 응축","DIN EN 60068-2-27, DIN EN 60068-2-64,",3 year,,,,,,,,,,,,,,,,,,,,,,,,,,,,,,,,,,,,
Lucid Vision,Y,PHX200S-CC,,"5472 x 3648 px, 20 MP",,Sony IMX183 CMOS (BSI Starvis),15.86 mm (Type 1″),2.4 µm (H) x 2.4 µm (V),Rolling shutter with global reset,C-mount,Color,"1000BASE-T RJ45, PoEix Industrial, PoEFFC, PoE",5.6 FPS (6 FPS) @ 20 M,28 x 28 x 28.4 mm,39 g,8 핀 JST 커넥터,"1 input, 1 output",2 bi-directional,"PoE (IEEE 802.3af), or 12-24 VDC ±5% external","PoE를 통한 3.1W, 외부 전원 공급시 2.6W",128 MB,"Gain, gamma, black level, white balance, LUT, CCM, pixel correction, color space conversion","Mono8/10/12/16, Bayer8/10/12/16, RGB8, BGR8, YCbCr8, YCbCr411, YUV422, YUV411, QOI_Mono8, QOI_BayerRG8, QOI_RGB8, QOI_BGR8, QOI_YCbCr8",QOI,"수평 및 수직 비닝, ROI, 수직 뒤집기",12 bit,0 dB ~ 27 dB 아날로그 및 디지털,359 μs ~ 2.5 s,1 default and 2 custom user set,16 MB,"Frame counter, offset X/Y, width/height, 노출 시간, gain, black level, line status, sequencer set","Acquisition start/end, exposure start/end, line rise/fall, error",2 counters and 2 timers,"노출 시간, gain","Software trigger, hardware trigger, PTP (IEEE 1588)",GigE Vision v2.0,"CE, KC, FCC, RoHS, REACH, WEEE",-30 to 60°C,-10 to 55°C 주변,"동작: 20% ~ 80%, relative, 비 응축","DIN EN 60068-2-27, DIN EN 60068-2-64,",3 year,PHX200S,RJ45,,,,,,,,,,,,,,,,,,,,,,,,,,,,,,,,,,
Lucid Vision,Y,PHX200S-MC,,"5472 x 3648 px, 20 MP",,Sony IMX183 CMOS (BSI Starvis),15.86 mm (Type 1″),2.4 µm (H) x 2.4 µm (V),Rolling shutter with global reset,C-mount,Mono,"1000BASE-T RJ45, PoEix Industrial, PoEFFC, PoE",5.6 FPS (6 FPS) @ 20 M,28 x 28 x 28.4 mm,39 g,8 핀 JST 커넥터,"1 input, 1 output",2 bi-directional,"PoE (IEEE 802.3af), or 12-24 VDC ±5% external","PoE를 통한 3.1W, 외부 전원 공급시 2.6W",128 MB,"Gain, gamma, black level, white balance, LUT, CCM, pixel correction, color space conversion","Mono8/10/12/16, Bayer8/10/12/16, RGB8, BGR8, YCbCr8, YCbCr411, YUV422, YUV411, QOI_Mono8, QOI_BayerRG8, QOI_RGB8, QOI_BGR8, QOI_YCbCr8",QOI,"수평 및 수직 비닝, ROI, 수직 뒤집기",12 bit,0 dB ~ 27 dB 아날로그 및 디지털,359 μs ~ 2.5 s,1 default and 2 custom user set,16 MB,"Frame counter, offset X/Y, width/height, 노출 시간, gain, black level, line status, sequencer set","Acquisition start/end, exposure start/end, line rise/fall, error",2 counters and 2 timers,"노출 시간, gain","Software trigger, hardware trigger, PTP (IEEE 1588)",GigE Vision v2.0,"CE, KC, FCC, RoHS, REACH, WEEE",-30 to 60°C,-10 to 55°C 주변,"동작: 20% ~ 80%, relative, 비 응축","DIN EN 60068-2-27, DIN EN 60068-2-64,",3 year,PHX200S,RJ45,,,,,,,,,,,,,,,,,,,,,,,,,,,,,,,,,,
Lucid Vision,Y,PHX200S-CC-IX,,"5472 x 3648 px, 20 MP",,Sony IMX183 CMOS (BSI Starvis),15.86 mm (Type 1″),2.4 µm (H) x 2.4 µm (V),Rolling shutter with global reset,C-mount,Color,"1000BASE-T RJ45, PoEix Industrial, PoEFFC, PoE",5.6 FPS (6 FPS) @ 20 M,28 x 28 x 28.4 mm,39 g,8 핀 JST 커넥터,"1 input, 1 output",2 bi-directional,"PoE (IEEE 802.3af), or 12-24 VDC ±5% external","PoE를 통한 3.1W, 외부 전원 공급시 2.6W",128 MB,"Gain, gamma, black level, white balance, LUT, CCM, pixel correction, color space conversion","Mono8/10/12/16, Bayer8/10/12/16, RGB8, BGR8, YCbCr8, YCbCr411, YUV422, YUV411, QOI_Mono8, QOI_BayerRG8, QOI_RGB8, QOI_BGR8, QOI_YCbCr8",QOI,"수평 및 수직 비닝, ROI, 수직 뒤집기",12 bit,0 dB ~ 27 dB 아날로그 및 디지털,359 μs ~ 2.5 s,1 default and 2 custom user set,16 MB,"Frame counter, offset X/Y, width/height, 노출 시간, gain, black level, line status, sequencer set","Acquisition start/end, exposure start/end, line rise/fall, error",2 counters and 2 timers,"노출 시간, gain","Software trigger, hardware trigger, PTP (IEEE 1588)",GigE Vision v2.0,"CE, KC, FCC, RoHS, REACH, WEEE",-30 to 60°C,-10 to 55°C 주변,"동작: 20% ~ 80%, relative, 비 응축","DIN EN 60068-2-27, DIN EN 60068-2-64,",3 year,PHX200S,ix Connector,,,,,,,,,,,,,,,,,,,,,,,,,,,,,,,,,,
Lucid Vision,Y,PHX200S-MC-IX,,"5472 x 3648 px, 20 MP",,Sony IMX183 CMOS (BSI Starvis),15.86 mm (Type 1″),2.4 µm (H) x 2.4 µm (V),Rolling shutter with global reset,C-mount,Mono,"1000BASE-T RJ45, PoEix Industrial, PoEFFC, PoE",5.6 FPS (6 FPS) @ 20 M,28 x 28 x 28.4 mm,39 g,8 핀 JST 커넥터,"1 input, 1 output",2 bi-directional,"PoE (IEEE 802.3af), or 12-24 VDC ±5% external","PoE를 통한 3.1W, 외부 전원 공급시 2.6W",128 MB,"Gain, gamma, black level, white balance, LUT, CCM, pixel correction, color space conversion","Mono8/10/12/16, Bayer8/10/12/16, RGB8, BGR8, YCbCr8, YCbCr411, YUV422, YUV411, QOI_Mono8, QOI_BayerRG8, QOI_RGB8, QOI_BGR8, QOI_YCbCr8",QOI,"수평 및 수직 비닝, ROI, 수직 뒤집기",12 bit,0 dB ~ 27 dB 아날로그 및 디지털,359 μs ~ 2.5 s,1 default and 2 custom user set,16 MB,"Frame counter, offset X/Y, width/height, 노출 시간, gain, black level, line status, sequencer set","Acquisition start/end, exposure start/end, line rise/fall, error",2 counters and 2 timers,"노출 시간, gain","Software trigger, hardware trigger, PTP (IEEE 1588)",GigE Vision v2.0,"CE, KC, FCC, RoHS, REACH, WEEE",-30 to 60°C,-10 to 55°C 주변,"동작: 20% ~ 80%, relative, 비 응축","DIN EN 60068-2-27, DIN EN 60068-2-64,",3 year,PHX200S,ix Connector,,,,,,,,,,,,,,,,,,,,,,,,,,,,,,,,,,
Lucid Vision,Y,PHX200S-CC-FFC,,"5472 x 3648 px, 20 MP",,Sony IMX183 CMOS (BSI Starvis),15.86 mm (Type 1″),2.4 µm (H) x 2.4 µm (V),Rolling shutter with global reset,C-mount,Color,"1000BASE-T RJ45, PoEix Industrial, PoEFFC, PoE",5.6 FPS (6 FPS) @ 20 M,28 x 28 x 28.4 mm,39 g,8 핀 JST 커넥터,"1 input, 1 output",2 bi-directional,"PoE (IEEE 802.3af), or 12-24 VDC ±5% external","PoE를 통한 3.1W, 외부 전원 공급시 2.6W",128 MB,"Gain, gamma, black level, white balance, LUT, CCM, pixel correction, color space conversion","Mono8/10/12/16, Bayer8/10/12/16, RGB8, BGR8, YCbCr8, YCbCr411, YUV422, YUV411, QOI_Mono8, QOI_BayerRG8, QOI_RGB8, QOI_BGR8, QOI_YCbCr8",QOI,"수평 및 수직 비닝, ROI, 수직 뒤집기",12 bit,0 dB ~ 27 dB 아날로그 및 디지털,359 μs ~ 2.5 s,1 default and 2 custom user set,16 MB,"Frame counter, offset X/Y, width/height, 노출 시간, gain, black level, line status, sequencer set","Acquisition start/end, exposure start/end, line rise/fall, error",2 counters and 2 timers,"노출 시간, gain","Software trigger, hardware trigger, PTP (IEEE 1588)",GigE Vision v2.0,"CE, KC, FCC, RoHS, REACH, WEEE",-30 to 60°C,-10 to 55°C 주변,"동작: 20% ~ 80%, relative, 비 응축","DIN EN 60068-2-27, DIN EN 60068-2-64,",3 year,PHX200S,FFC (ZIF),,,,,,,,,,,,,,,,,,,,,,,,,,,,,,,,,,
Lucid Vision,Y,PHX200S-MC-FFC,,"5472 x 3648 px, 20 MP",,Sony IMX183 CMOS (BSI Starvis),15.86 mm (Type 1″),2.4 µm (H) x 2.4 µm (V),Rolling shutter with global reset,C-mount,Mono,"1000BASE-T RJ45, PoEix Industrial, PoEFFC, PoE",5.6 FPS (6 FPS) @ 20 M,28 x 28 x 28.4 mm,39 g,8 핀 JST 커넥터,"1 input, 1 output",2 bi-directional,"PoE (IEEE 802.3af), or 12-24 VDC ±5% external","PoE를 통한 3.1W, 외부 전원 공급시 2.6W",128 MB,"Gain, gamma, black level, white balance, LUT, CCM, pixel correction, color space conversion","Mono8/10/12/16, Bayer8/10/12/16, RGB8, BGR8, YCbCr8, YCbCr411, YUV422, YUV411, QOI_Mono8, QOI_BayerRG8, QOI_RGB8, QOI_BGR8, QOI_YCbCr8",QOI,"수평 및 수직 비닝, ROI, 수직 뒤집기",12 bit,0 dB ~ 27 dB 아날로그 및 디지털,359 μs ~ 2.5 s,1 default and 2 custom user set,16 MB,"Frame counter, offset X/Y, width/height, 노출 시간, gain, black level, line status, sequencer set","Acquisition start/end, exposure start/end, line rise/fall, error",2 counters and 2 timers,"노출 시간, gain","Software trigger, hardware trigger, PTP (IEEE 1588)",GigE Vision v2.0,"CE, KC, FCC, RoHS, REACH, WEEE",-30 to 60°C,-10 to 55°C 주변,"동작: 20% ~ 80%, relative, 비 응축","DIN EN 60068-2-27, DIN EN 60068-2-64,",3 year,PHX200S,FFC (ZIF),,,,,,,,,,,,,,,,,,,,,,,,,,,,,,,,,,
Lucid Vision,Y,PHX200S-CNL,,"5472 x 3648 px, 20 MP",,Sony IMX183 CMOS (BSI Starvis),15.86 mm (Type 1″),2.4 µm (H) x 2.4 µm (V),Rolling shutter with global reset,렌즈 마운트 없음,Color,"1000BASE-T RJ45, PoEix Industrial, PoEFFC, PoE",5.6 FPS (6 FPS) @ 20 M,28 x 28 x 28.4 mm,39 g,8 핀 JST 커넥터,"1 input, 1 output",2 bi-directional,"PoE (IEEE 802.3af), or 12-24 VDC ±5% external","PoE를 통한 3.1W, 외부 전원 공급시 2.6W",128 MB,"Gain, gamma, black level, white balance, LUT, CCM, pixel correction, color space conversion","Mono8/10/12/16, Bayer8/10/12/16, RGB8, BGR8, YCbCr8, YCbCr411, YUV422, YUV411, QOI_Mono8, QOI_BayerRG8, QOI_RGB8, QOI_BGR8, QOI_YCbCr8",QOI,"수평 및 수직 비닝, ROI, 수직 뒤집기",12 bit,0 dB ~ 27 dB 아날로그 및 디지털,359 μs ~ 2.5 s,1 default and 2 custom user set,16 MB,"Frame counter, offset X/Y, width/height, 노출 시간, gain, black level, line status, sequencer set","Acquisition start/end, exposure start/end, line rise/fall, error",2 counters and 2 timers,"노출 시간, gain","Software trigger, hardware trigger, PTP (IEEE 1588)",GigE Vision v2.0,"CE, KC, FCC, RoHS, REACH, WEEE",-30 to 60°C,-10 to 55°C 주변,"동작: 20% ~ 80%, relative, 비 응축","DIN EN 60068-2-27, DIN EN 60068-2-64,",3 year,PHX200S,RJ45,,,,,,,,,,,,,,,,,,,,,,,,,,,,,,,,,,
Lucid Vision,Y,PHX200S-MNL,,"5472 x 3648 px, 20 MP",,Sony IMX183 CMOS (BSI Starvis),15.86 mm (Type 1″),2.4 µm (H) x 2.4 µm (V),Rolling shutter with global reset,렌즈 마운트 없음,Mono,"1000BASE-T RJ45, PoEix Industrial, PoEFFC, PoE",5.6 FPS (6 FPS) @ 20 M,28 x 28 x 28.4 mm,39 g,8 핀 JST 커넥터,"1 input, 1 output",2 bi-directional,"PoE (IEEE 802.3af), or 12-24 VDC ±5% external","PoE를 통한 3.1W, 외부 전원 공급시 2.6W",128 MB,"Gain, gamma, black level, white balance, LUT, CCM, pixel correction, color space conversion","Mono8/10/12/16, Bayer8/10/12/16, RGB8, BGR8, YCbCr8, YCbCr411, YUV422, YUV411, QOI_Mono8, QOI_BayerRG8, QOI_RGB8, QOI_BGR8, QOI_YCbCr8",QOI,"수평 및 수직 비닝, ROI, 수직 뒤집기",12 bit,0 dB ~ 27 dB 아날로그 및 디지털,359 μs ~ 2.5 s,1 default and 2 custom user set,16 MB,"Frame counter, offset X/Y, width/height, 노출 시간, gain, black level, line status, sequencer set","Acquisition start/end, exposure start/end, line rise/fall, error",2 counters and 2 timers,"노출 시간, gain","Software trigger, hardware trigger, PTP (IEEE 1588)",GigE Vision v2.0,"CE, KC, FCC, RoHS, REACH, WEEE",-30 to 60°C,-10 to 55°C 주변,"동작: 20% ~ 80%, relative, 비 응축","DIN EN 60068-2-27, DIN EN 60068-2-64,",3 year,PHX200S,RJ45,,,,,,,,,,,,,,,,,,,,,,,,,,,,,,,,,,
Lucid Vision,Y,PHX200S-CNL-IX,,"5472 x 3648 px, 20 MP",,Sony IMX183 CMOS (BSI Starvis),15.86 mm (Type 1″),2.4 µm (H) x 2.4 µm (V),Rolling shutter with global reset,렌즈 마운트 없음,Color,"1000BASE-T RJ45, PoEix Industrial, PoEFFC, PoE",5.6 FPS (6 FPS) @ 20 M,28 x 28 x 28.4 mm,39 g,8 핀 JST 커넥터,"1 input, 1 output",2 bi-directional,"PoE (IEEE 802.3af), or 12-24 VDC ±5% external","PoE를 통한 3.1W, 외부 전원 공급시 2.6W",128 MB,"Gain, gamma, black level, white balance, LUT, CCM, pixel correction, color space conversion","Mono8/10/12/16, Bayer8/10/12/16, RGB8, BGR8, YCbCr8, YCbCr411, YUV422, YUV411, QOI_Mono8, QOI_BayerRG8, QOI_RGB8, QOI_BGR8, QOI_YCbCr8",QOI,"수평 및 수직 비닝, ROI, 수직 뒤집기",12 bit,0 dB ~ 27 dB 아날로그 및 디지털,359 μs ~ 2.5 s,1 default and 2 custom user set,16 MB,"Frame counter, offset X/Y, width/height, 노출 시간, gain, black level, line status, sequencer set","Acquisition start/end, exposure start/end, line rise/fall, error",2 counters and 2 timers,"노출 시간, gain","Software trigger, hardware trigger, PTP (IEEE 1588)",GigE Vision v2.0,"CE, KC, FCC, RoHS, REACH, WEEE",-30 to 60°C,-10 to 55°C 주변,"동작: 20% ~ 80%, relative, 비 응축","DIN EN 60068-2-27, DIN EN 60068-2-64,",3 year,PHX200S,ix Connector,,,,,,,,,,,,,,,,,,,,,,,,,,,,,,,,,,
Lucid Vision,Y,PHX200S-MNL-IX,,"5472 x 3648 px, 20 MP",,Sony IMX183 CMOS (BSI Starvis),15.86 mm (Type 1″),2.4 µm (H) x 2.4 µm (V),Rolling shutter with global reset,렌즈 마운트 없음,Mono,"1000BASE-T RJ45, PoEix Industrial, PoEFFC, PoE",5.6 FPS (6 FPS) @ 20 M,28 x 28 x 28.4 mm,39 g,8 핀 JST 커넥터,"1 input, 1 output",2 bi-directional,"PoE (IEEE 802.3af), or 12-24 VDC ±5% external","PoE를 통한 3.1W, 외부 전원 공급시 2.6W",128 MB,"Gain, gamma, black level, white balance, LUT, CCM, pixel correction, color space conversion","Mono8/10/12/16, Bayer8/10/12/16, RGB8, BGR8, YCbCr8, YCbCr411, YUV422, YUV411, QOI_Mono8, QOI_BayerRG8, QOI_RGB8, QOI_BGR8, QOI_YCbCr8",QOI,"수평 및 수직 비닝, ROI, 수직 뒤집기",12 bit,0 dB ~ 27 dB 아날로그 및 디지털,359 μs ~ 2.5 s,1 default and 2 custom user set,16 MB,"Frame counter, offset X/Y, width/height, 노출 시간, gain, black level, line status, sequencer set","Acquisition start/end, exposure start/end, line rise/fall, error",2 counters and 2 timers,"노출 시간, gain","Software trigger, hardware trigger, PTP (IEEE 1588)",GigE Vision v2.0,"CE, KC, FCC, RoHS, REACH, WEEE",-30 to 60°C,-10 to 55°C 주변,"동작: 20% ~ 80%, relative, 비 응축","DIN EN 60068-2-27, DIN EN 60068-2-64,",3 year,PHX200S,ix Connector,,,,,,,,,,,,,,,,,,,,,,,,,,,,,,,,,,
Lucid Vision,Y,PHX200S-CNL-FFC,,"5472 x 3648 px, 20 MP",,Sony IMX183 CMOS (BSI Starvis),15.86 mm (Type 1″),2.4 µm (H) x 2.4 µm (V),Rolling shutter with global reset,렌즈 마운트 없음,Color,"1000BASE-T RJ45, PoEix Industrial, PoEFFC, PoE",5.6 FPS (6 FPS) @ 20 M,28 x 28 x 28.4 mm,39 g,8 핀 JST 커넥터,"1 input, 1 output",2 bi-directional,"PoE (IEEE 802.3af), or 12-24 VDC ±5% external","PoE를 통한 3.1W, 외부 전원 공급시 2.6W",128 MB,"Gain, gamma, black level, white balance, LUT, CCM, pixel correction, color space conversion","Mono8/10/12/16, Bayer8/10/12/16, RGB8, BGR8, YCbCr8, YCbCr411, YUV422, YUV411, QOI_Mono8, QOI_BayerRG8, QOI_RGB8, QOI_BGR8, QOI_YCbCr8",QOI,"수평 및 수직 비닝, ROI, 수직 뒤집기",12 bit,0 dB ~ 27 dB 아날로그 및 디지털,359 μs ~ 2.5 s,1 default and 2 custom user set,16 MB,"Frame counter, offset X/Y, width/height, 노출 시간, gain, black level, line status, sequencer set","Acquisition start/end, exposure start/end, line rise/fall, error",2 counters and 2 timers,"노출 시간, gain","Software trigger, hardware trigger, PTP (IEEE 1588)",GigE Vision v2.0,"CE, KC, FCC, RoHS, REACH, WEEE",-30 to 60°C,-10 to 55°C 주변,"동작: 20% ~ 80%, relative, 비 응축","DIN EN 60068-2-27, DIN EN 60068-2-64,",3 year,PHX200S,FFC (ZIF),,,,,,,,,,,,,,,,,,,,,,,,,,,,,,,,,,
Lucid Vision,Y,PHX200S-MNL-FFC,,"5472 x 3648 px, 20 MP",,Sony IMX183 CMOS (BSI Starvis),15.86 mm (Type 1″),2.4 µm (H) x 2.4 µm (V),Rolling shutter with global reset,렌즈 마운트 없음,Mono,"1000BASE-T RJ45, PoEix Industrial, PoEFFC, PoE",5.6 FPS (6 FPS) @ 20 M,28 x 28 x 28.4 mm,39 g,8 핀 JST 커넥터,"1 input, 1 output",2 bi-directional,"PoE (IEEE 802.3af), or 12-24 VDC ±5% external","PoE를 통한 3.1W, 외부 전원 공급시 2.6W",128 MB,"Gain, gamma, black level, white balance, LUT, CCM, pixel correction, color space conversion","Mono8/10/12/16, Bayer8/10/12/16, RGB8, BGR8, YCbCr8, YCbCr411, YUV422, YUV411, QOI_Mono8, QOI_BayerRG8, QOI_RGB8, QOI_BGR8, QOI_YCbCr8",QOI,"수평 및 수직 비닝, ROI, 수직 뒤집기",12 bit,0 dB ~ 27 dB 아날로그 및 디지털,359 μs ~ 2.5 s,1 default and 2 custom user set,16 MB,"Frame counter, offset X/Y, width/height, 노출 시간, gain, black level, line status, sequencer set","Acquisition start/end, exposure start/end, line rise/fall, error",2 counters and 2 timers,"노출 시간, gain","Software trigger, hardware trigger, PTP (IEEE 1588)",GigE Vision v2.0,"CE, KC, FCC, RoHS, REACH, WEEE",-30 to 60°C,-10 to 55°C 주변,"동작: 20% ~ 80%, relative, 비 응축","DIN EN 60068-2-27, DIN EN 60068-2-64,",3 year,PHX200S,FFC (ZIF),,,,,,,,,,,,,,,,,,,,,,,,,,,,,,,,,,
Lucid Vision,Y,PHX200S-CNLF,,"5472 x 3648 px, 20 MP",,Sony IMX183 CMOS (BSI Starvis),15.86 mm (Type 1″),2.4 µm (H) x 2.4 µm (V),Rolling shutter with global reset,플랜지가 있는 렌즈 마운트 없음,Color,"1000BASE-T RJ45, PoEix Industrial, PoEFFC, PoE",5.6 FPS (6 FPS) @ 20 M,28 x 28 x 28.4 mm,39 g,8 핀 JST 커넥터,"1 input, 1 output",2 bi-directional,"PoE (IEEE 802.3af), or 12-24 VDC ±5% external","PoE를 통한 3.1W, 외부 전원 공급시 2.6W",128 MB,"Gain, gamma, black level, white balance, LUT, CCM, pixel correction, color space conversion","Mono8/10/12/16, Bayer8/10/12/16, RGB8, BGR8, YCbCr8, YCbCr411, YUV422, YUV411, QOI_Mono8, QOI_BayerRG8, QOI_RGB8, QOI_BGR8, QOI_YCbCr8",QOI,"수평 및 수직 비닝, ROI, 수직 뒤집기",12 bit,0 dB ~ 27 dB 아날로그 및 디지털,359 μs ~ 2.5 s,1 default and 2 custom user set,16 MB,"Frame counter, offset X/Y, width/height, 노출 시간, gain, black level, line status, sequencer set","Acquisition start/end, exposure start/end, line rise/fall, error",2 counters and 2 timers,"노출 시간, gain","Software trigger, hardware trigger, PTP (IEEE 1588)",GigE Vision v2.0,"CE, KC, FCC, RoHS, REACH, WEEE",-30 to 60°C,-10 to 55°C 주변,"동작: 20% ~ 80%, relative, 비 응축","DIN EN 60068-2-27, DIN EN 60068-2-64,",3 year,PHX200S,RJ45,,,,,,,,,,,,,,,,,,,,,,,,,,,,,,,,,,
Lucid Vision,Y,PHX200S-MNLF,,"5472 x 3648 px, 20 MP",,Sony IMX183 CMOS (BSI Starvis),15.86 mm (Type 1″),2.4 µm (H) x 2.4 µm (V),Rolling shutter with global reset,플랜지가 있는 렌즈 마운트 없음,Mono,"1000BASE-T RJ45, PoEix Industrial, PoEFFC, PoE",5.6 FPS (6 FPS) @ 20 M,28 x 28 x 28.4 mm,39 g,8 핀 JST 커넥터,"1 input, 1 output",2 bi-directional,"PoE (IEEE 802.3af), or 12-24 VDC ±5% external","PoE를 통한 3.1W, 외부 전원 공급시 2.6W",128 MB,"Gain, gamma, black level, white balance, LUT, CCM, pixel correction, color space conversion","Mono8/10/12/16, Bayer8/10/12/16, RGB8, BGR8, YCbCr8, YCbCr411, YUV422, YUV411, QOI_Mono8, QOI_BayerRG8, QOI_RGB8, QOI_BGR8, QOI_YCbCr8",QOI,"수평 및 수직 비닝, ROI, 수직 뒤집기",12 bit,0 dB ~ 27 dB 아날로그 및 디지털,359 μs ~ 2.5 s,1 default and 2 custom user set,16 MB,"Frame counter, offset X/Y, width/height, 노출 시간, gain, black level, line status, sequencer set","Acquisition start/end, exposure start/end, line rise/fall, error",2 counters and 2 timers,"노출 시간, gain","Software trigger, hardware trigger, PTP (IEEE 1588)",GigE Vision v2.0,"CE, KC, FCC, RoHS, REACH, WEEE",-30 to 60°C,-10 to 55°C 주변,"동작: 20% ~ 80%, relative, 비 응축","DIN EN 60068-2-27, DIN EN 60068-2-64,",3 year,PHX200S,RJ45,,,,,,,,,,,,,,,,,,,,,,,,,,,,,,,,,,
Lucid Vision,Y,PHXET200S-CC,,"5472 x 3648 px, 20 MP",,Sony IMX183 CMOS (BSI Starvis),15.86 mm (Type 1″),2.4 µm (H) x 2.4 µm (V),Rolling shutter with global reset,C-마운트가 있는 원격 헤드,Color,"1000BASE-T RJ45, PoEix Industrial, PoEFFC, PoE",5.6 FPS (6 FPS) @ 20 M,28 x 28 x 28.4 mm,39 g,8 핀 JST 커넥터,"1 input, 1 output",2 bi-directional,"PoE (IEEE 802.3af), or 12-24 VDC ±5% external","PoE를 통한 3.1W, 외부 전원 공급시 2.6W",128 MB,"Gain, gamma, black level, white balance, LUT, CCM, pixel correction, color space conversion","Mono8/10/12/16, Bayer8/10/12/16, RGB8, BGR8, YCbCr8, YCbCr411, YUV422, YUV411, QOI_Mono8, QOI_BayerRG8, QOI_RGB8, QOI_BGR8, QOI_YCbCr8",QOI,"수평 및 수직 비닝, ROI, 수직 뒤집기",12 bit,0 dB ~ 27 dB 아날로그 및 디지털,359 μs ~ 2.5 s,1 default and 2 custom user set,16 MB,"Frame counter, offset X/Y, width/height, 노출 시간, gain, black level, line status, sequencer set","Acquisition start/end, exposure start/end, line rise/fall, error",2 counters and 2 timers,"노출 시간, gain","Software trigger, hardware trigger, PTP (IEEE 1588)",GigE Vision v2.0,"CE, KC, FCC, RoHS, REACH, WEEE",-30 to 60°C,-10 to 55°C 주변,"동작: 20% ~ 80%, relative, 비 응축","DIN EN 60068-2-27, DIN EN 60068-2-64,",3 year,PHX200S,RJ45,,,,,,,,,,,,,,,,,,,,,,,,,,,,,,,,,,
Lucid Vision,Y,PHXET200S-MC,,"5472 x 3648 px, 20 MP",,Sony IMX183 CMOS (BSI Starvis),15.86 mm (Type 1″),2.4 µm (H) x 2.4 µm (V),Rolling shutter with global reset,C-마운트가 있는 원격 헤드,Mono,"1000BASE-T RJ45, PoEix Industrial, PoEFFC, PoE",5.6 FPS (6 FPS) @ 20 M,28 x 28 x 28.4 mm,39 g,8 핀 JST 커넥터,"1 input, 1 output",2 bi-directional,"PoE (IEEE 802.3af), or 12-24 VDC ±5% external","PoE를 통한 3.1W, 외부 전원 공급시 2.6W",128 MB,"Gain, gamma, black level, white balance, LUT, CCM, pixel correction, color space conversion","Mono8/10/12/16, Bayer8/10/12/16, RGB8, BGR8, YCbCr8, YCbCr411, YUV422, YUV411, QOI_Mono8, QOI_BayerRG8, QOI_RGB8, QOI_BGR8, QOI_YCbCr8",QOI,"수평 및 수직 비닝, ROI, 수직 뒤집기",12 bit,0 dB ~ 27 dB 아날로그 및 디지털,359 μs ~ 2.5 s,1 default and 2 custom user set,16 MB,"Frame counter, offset X/Y, width/height, 노출 시간, gain, black level, line status, sequencer set","Acquisition start/end, exposure start/end, line rise/fall, error",2 counters and 2 timers,"노출 시간, gain","Software trigger, hardware trigger, PTP (IEEE 1588)",GigE Vision v2.0,"CE, KC, FCC, RoHS, REACH, WEEE",-30 to 60°C,-10 to 55°C 주변,"동작: 20% ~ 80%, relative, 비 응축","DIN EN 60068-2-27, DIN EN 60068-2-64,",3 year,PHX200S,RJ45,,,,,,,,,,,,,,,,,,,,,,,,,,,,,,,,,,
Lucid Vision,N,PHX124S,12.3MP,"4096 x 3000 px, 12.3 MP",9.0 fps,Sony IMX565 CMOS,14.0mm (Type 1/1.1″),2.74 µm (H) x 2.74 µm (V),Global Shutter,C-Mount / No lens mount,Mono / Color,"1000BASE-T RJ45, PoEix Industrial, PoEFFC, PoE",9.0 FPS (10 FPS) @ 12.3 MP,28 x 28 x 28.4 mm,39 g,8 핀 JST 커넥터,"1 input, 1 output",2 bi-directional,"PoE (IEEE 802.3af), or 12-24 VDC ±5% external","PoE를 통한 3.5W, 외부 전원 공급시 3W",128 MB,"Gain, gamma, black level, white balance, LUT, CCM, pixel correction, color space conversion","Mono8/10/12/16, Bayer8/10/12/16, RGB8, BGR8, YCbCr8, YCbCr411, YUV422, YUV411, QOI_Mono8, QOI_BayerRG8, QOI_RGB8, QOI_BGR8, QOI_YCbCr8",QOI,"수평 및 수직 비닝, 서브 샘플링, ROI, 수평 및 수직 뒤집기",12 bit,0 dB ~ 48 dB 아날로그 및 디지털,35 μs ~ 10 s (Normal) 2.296 μs ~ 2.464 μs (Short Mode),1 default and 2 custom user set,16 MB,"Frame counter, offset X/Y, width/height, 노출 시간, gain, black level, line status, sequencer set","Acquisition start/end, exposure start/end, line rise/fall, error",2 counters and 2 timers,"노출 시간, gain","Software trigger, hardware trigger, PTP (IEEE 1588)",GigE Vision v2.0,"CE, KC, FCC, RoHS, REACH, WEEE",-30 to 60°C,-10 to 55°C 주변,"동작: 20% ~ 80%, relative, 비 응축","DIN EN 60068-2-27, DIN EN 60068-2-64,",3 year,,,,,,,,,,,,,,,,,,,,,,,,,,,,,,,,,,,,
Lucid Vision,Y,PHX124S-CC,,"4096 x 3000 px, 12.3 MP",,Sony IMX565 CMOS,14.0mm (Type 1/1.1″),2.74 µm (H) x 2.74 µm (V),Global Shutter,C-mount,Color,"1000BASE-T RJ45, PoEix Industrial, PoEFFC, PoE",9.0 FPS (10 FPS) @ 12.3 MP,28 x 28 x 28.4 mm,39 g,8 핀 JST 커넥터,"1 input, 1 output",2 bi-directional,"PoE (IEEE 802.3af), or 12-24 VDC ±5% external","PoE를 통한 3.5W, 외부 전원 공급시 3W",128 MB,"Gain, gamma, black level, white balance, LUT, CCM, pixel correction, color space conversion","Mono8/10/12/16, Bayer8/10/12/16, RGB8, BGR8, YCbCr8, YCbCr411, YUV422, YUV411, QOI_Mono8, QOI_BayerRG8, QOI_RGB8, QOI_BGR8, QOI_YCbCr8",QOI,"수평 및 수직 비닝, 서브 샘플링, ROI, 수평 및 수직 뒤집기",12 bit,0 dB ~ 48 dB 아날로그 및 디지털,35 μs ~ 10 s (Normal) 2.296 μs ~ 2.464 μs (Short Mode),1 default and 2 custom user set,16 MB,"Frame counter, offset X/Y, width/height, 노출 시간, gain, black level, line status, sequencer set","Acquisition start/end, exposure start/end, line rise/fall, error",2 counters and 2 timers,"노출 시간, gain","Software trigger, hardware trigger, PTP (IEEE 1588)",GigE Vision v2.0,"CE, KC, FCC, RoHS, REACH, WEEE",-30 to 60°C,-10 to 55°C 주변,"동작: 20% ~ 80%, relative, 비 응축","DIN EN 60068-2-27, DIN EN 60068-2-64,",3 year,PHX124S,RJ45,,,,,,,,,,,,,,,,,,,,,,,,,,,,,,,,,,
Lucid Vision,Y,PHX124S-MC,,"4096 x 3000 px, 12.3 MP",,Sony IMX565 CMOS,14.0mm (Type 1/1.1″),2.74 µm (H) x 2.74 µm (V),Global Shutter,C-mount,Mono,"1000BASE-T RJ45, PoEix Industrial, PoEFFC, PoE",9.0 FPS (10 FPS) @ 12.3 MP,28 x 28 x 28.4 mm,39 g,8 핀 JST 커넥터,"1 input, 1 output",2 bi-directional,"PoE (IEEE 802.3af), or 12-24 VDC ±5% external","PoE를 통한 3.5W, 외부 전원 공급시 3W",128 MB,"Gain, gamma, black level, white balance, LUT, CCM, pixel correction, color space conversion","Mono8/10/12/16, Bayer8/10/12/16, RGB8, BGR8, YCbCr8, YCbCr411, YUV422, YUV411, QOI_Mono8, QOI_BayerRG8, QOI_RGB8, QOI_BGR8, QOI_YCbCr8",QOI,"수평 및 수직 비닝, 서브 샘플링, ROI, 수평 및 수직 뒤집기",12 bit,0 dB ~ 48 dB 아날로그 및 디지털,35 μs ~ 10 s (Normal) 2.296 μs ~ 2.464 μs (Short Mode),1 default and 2 custom user set,16 MB,"Frame counter, offset X/Y, width/height, 노출 시간, gain, black level, line status, sequencer set","Acquisition start/end, exposure start/end, line rise/fall, error",2 counters and 2 timers,"노출 시간, gain","Software trigger, hardware trigger, PTP (IEEE 1588)",GigE Vision v2.0,"CE, KC, FCC, RoHS, REACH, WEEE",-30 to 60°C,-10 to 55°C 주변,"동작: 20% ~ 80%, relative, 비 응축","DIN EN 60068-2-27, DIN EN 60068-2-64,",3 year,PHX124S,RJ45,,,,,,,,,,,,,,,,,,,,,,,,,,,,,,,,,,
Lucid Vision,Y,PHX124S-CC-IX,,"4096 x 3000 px, 12.3 MP",,Sony IMX565 CMOS,14.0mm (Type 1/1.1″),2.74 µm (H) x 2.74 µm (V),Global Shutter,C-mount,Color,"1000BASE-T RJ45, PoEix Industrial, PoEFFC, PoE",9.0 FPS (10 FPS) @ 12.3 MP,28 x 28 x 28.4 mm,39 g,8 핀 JST 커넥터,"1 input, 1 output",2 bi-directional,"PoE (IEEE 802.3af), or 12-24 VDC ±5% external","PoE를 통한 3.5W, 외부 전원 공급시 3W",128 MB,"Gain, gamma, black level, white balance, LUT, CCM, pixel correction, color space conversion","Mono8/10/12/16, Bayer8/10/12/16, RGB8, BGR8, YCbCr8, YCbCr411, YUV422, YUV411, QOI_Mono8, QOI_BayerRG8, QOI_RGB8, QOI_BGR8, QOI_YCbCr8",QOI,"수평 및 수직 비닝, 서브 샘플링, ROI, 수평 및 수직 뒤집기",12 bit,0 dB ~ 48 dB 아날로그 및 디지털,35 μs ~ 10 s (Normal) 2.296 μs ~ 2.464 μs (Short Mode),1 default and 2 custom user set,16 MB,"Frame counter, offset X/Y, width/height, 노출 시간, gain, black level, line status, sequencer set","Acquisition start/end, exposure start/end, line rise/fall, error",2 counters and 2 timers,"노출 시간, gain","Software trigger, hardware trigger, PTP (IEEE 1588)",GigE Vision v2.0,"CE, KC, FCC, RoHS, REACH, WEEE",-30 to 60°C,-10 to 55°C 주변,"동작: 20% ~ 80%, relative, 비 응축","DIN EN 60068-2-27, DIN EN 60068-2-64,",3 year,PHX124S,ix Connector,,,,,,,,,,,,,,,,,,,,,,,,,,,,,,,,,,
Lucid Vision,Y,PHX124S-MC-IX,,"4096 x 3000 px, 12.3 MP",,Sony IMX565 CMOS,14.0mm (Type 1/1.1″),2.74 µm (H) x 2.74 µm (V),Global Shutter,C-mount,Mono,"1000BASE-T RJ45, PoEix Industrial, PoEFFC, PoE",9.0 FPS (10 FPS) @ 12.3 MP,28 x 28 x 28.4 mm,39 g,8 핀 JST 커넥터,"1 input, 1 output",2 bi-directional,"PoE (IEEE 802.3af), or 12-24 VDC ±5% external","PoE를 통한 3.5W, 외부 전원 공급시 3W",128 MB,"Gain, gamma, black level, white balance, LUT, CCM, pixel correction, color space conversion","Mono8/10/12/16, Bayer8/10/12/16, RGB8, BGR8, YCbCr8, YCbCr411, YUV422, YUV411, QOI_Mono8, QOI_BayerRG8, QOI_RGB8, QOI_BGR8, QOI_YCbCr8",QOI,"수평 및 수직 비닝, 서브 샘플링, ROI, 수평 및 수직 뒤집기",12 bit,0 dB ~ 48 dB 아날로그 및 디지털,35 μs ~ 10 s (Normal) 2.296 μs ~ 2.464 μs (Short Mode),1 default and 2 custom user set,16 MB,"Frame counter, offset X/Y, width/height, 노출 시간, gain, black level, line status, sequencer set","Acquisition start/end, exposure start/end, line rise/fall, error",2 counters and 2 timers,"노출 시간, gain","Software trigger, hardware trigger, PTP (IEEE 1588)",GigE Vision v2.0,"CE, KC, FCC, RoHS, REACH, WEEE",-30 to 60°C,-10 to 55°C 주변,"동작: 20% ~ 80%, relative, 비 응축","DIN EN 60068-2-27, DIN EN 60068-2-64,",3 year,PHX124S,ix Connector,,,,,,,,,,,,,,,,,,,,,,,,,,,,,,,,,,
Lucid Vision,Y,PHX124S-CC-FFC,,"4096 x 3000 px, 12.3 MP",,Sony IMX565 CMOS,14.0mm (Type 1/1.1″),2.74 µm (H) x 2.74 µm (V),Global Shutter,C-mount,Color,"1000BASE-T RJ45, PoEix Industrial, PoEFFC, PoE",9.0 FPS (10 FPS) @ 12.3 MP,28 x 28 x 28.4 mm,39 g,8 핀 JST 커넥터,"1 input, 1 output",2 bi-directional,"PoE (IEEE 802.3af), or 12-24 VDC ±5% external","PoE를 통한 3.5W, 외부 전원 공급시 3W",128 MB,"Gain, gamma, black level, white balance, LUT, CCM, pixel correction, color space conversion","Mono8/10/12/16, Bayer8/10/12/16, RGB8, BGR8, YCbCr8, YCbCr411, YUV422, YUV411, QOI_Mono8, QOI_BayerRG8, QOI_RGB8, QOI_BGR8, QOI_YCbCr8",QOI,"수평 및 수직 비닝, 서브 샘플링, ROI, 수평 및 수직 뒤집기",12 bit,0 dB ~ 48 dB 아날로그 및 디지털,35 μs ~ 10 s (Normal) 2.296 μs ~ 2.464 μs (Short Mode),1 default and 2 custom user set,16 MB,"Frame counter, offset X/Y, width/height, 노출 시간, gain, black level, line status, sequencer set","Acquisition start/end, exposure start/end, line rise/fall, error",2 counters and 2 timers,"노출 시간, gain","Software trigger, hardware trigger, PTP (IEEE 1588)",GigE Vision v2.0,"CE, KC, FCC, RoHS, REACH, WEEE",-30 to 60°C,-10 to 55°C 주변,"동작: 20% ~ 80%, relative, 비 응축","DIN EN 60068-2-27, DIN EN 60068-2-64,",3 year,PHX124S,FFC (ZIF),,,,,,,,,,,,,,,,,,,,,,,,,,,,,,,,,,
Lucid Vision,Y,PHX124S-MC-FFC,,"4096 x 3000 px, 12.3 MP",,Sony IMX565 CMOS,14.0mm (Type 1/1.1″),2.74 µm (H) x 2.74 µm (V),Global Shutter,C-mount,Mono,"1000BASE-T RJ45, PoEix Industrial, PoEFFC, PoE",9.0 FPS (10 FPS) @ 12.3 MP,28 x 28 x 28.4 mm,39 g,8 핀 JST 커넥터,"1 input, 1 output",2 bi-directional,"PoE (IEEE 802.3af), or 12-24 VDC ±5% external","PoE를 통한 3.5W, 외부 전원 공급시 3W",128 MB,"Gain, gamma, black level, white balance, LUT, CCM, pixel correction, color space conversion","Mono8/10/12/16, Bayer8/10/12/16, RGB8, BGR8, YCbCr8, YCbCr411, YUV422, YUV411, QOI_Mono8, QOI_BayerRG8, QOI_RGB8, QOI_BGR8, QOI_YCbCr8",QOI,"수평 및 수직 비닝, 서브 샘플링, ROI, 수평 및 수직 뒤집기",12 bit,0 dB ~ 48 dB 아날로그 및 디지털,35 μs ~ 10 s (Normal) 2.296 μs ~ 2.464 μs (Short Mode),1 default and 2 custom user set,16 MB,"Frame counter, offset X/Y, width/height, 노출 시간, gain, black level, line status, sequencer set","Acquisition start/end, exposure start/end, line rise/fall, error",2 counters and 2 timers,"노출 시간, gain","Software trigger, hardware trigger, PTP (IEEE 1588)",GigE Vision v2.0,"CE, KC, FCC, RoHS, REACH, WEEE",-30 to 60°C,-10 to 55°C 주변,"동작: 20% ~ 80%, relative, 비 응축","DIN EN 60068-2-27, DIN EN 60068-2-64,",3 year,PHX124S,FFC (ZIF),,,,,,,,,,,,,,,,,,,,,,,,,,,,,,,,,,
Lucid Vision,Y,PHX124S-CNL,,"4096 x 3000 px, 12.3 MP",,Sony IMX565 CMOS,14.0mm (Type 1/1.1″),2.74 µm (H) x 2.74 µm (V),Global Shutter,렌즈 마운트 없음,Color,"1000BASE-T RJ45, PoEix Industrial, PoEFFC, PoE",9.0 FPS (10 FPS) @ 12.3 MP,28 x 28 x 28.4 mm,39 g,8 핀 JST 커넥터,"1 input, 1 output",2 bi-directional,"PoE (IEEE 802.3af), or 12-24 VDC ±5% external","PoE를 통한 3.5W, 외부 전원 공급시 3W",128 MB,"Gain, gamma, black level, white balance, LUT, CCM, pixel correction, color space conversion","Mono8/10/12/16, Bayer8/10/12/16, RGB8, BGR8, YCbCr8, YCbCr411, YUV422, YUV411, QOI_Mono8, QOI_BayerRG8, QOI_RGB8, QOI_BGR8, QOI_YCbCr8",QOI,"수평 및 수직 비닝, 서브 샘플링, ROI, 수평 및 수직 뒤집기",12 bit,0 dB ~ 48 dB 아날로그 및 디지털,35 μs ~ 10 s (Normal) 2.296 μs ~ 2.464 μs (Short Mode),1 default and 2 custom user set,16 MB,"Frame counter, offset X/Y, width/height, 노출 시간, gain, black level, line status, sequencer set","Acquisition start/end, exposure start/end, line rise/fall, error",2 counters and 2 timers,"노출 시간, gain","Software trigger, hardware trigger, PTP (IEEE 1588)",GigE Vision v2.0,"CE, KC, FCC, RoHS, REACH, WEEE",-30 to 60°C,-10 to 55°C 주변,"동작: 20% ~ 80%, relative, 비 응축","DIN EN 60068-2-27, DIN EN 60068-2-64,",3 year,PHX124S,RJ45,,,,,,,,,,,,,,,,,,,,,,,,,,,,,,,,,,
Lucid Vision,Y,PHX124S-MNL,,"4096 x 3000 px, 12.3 MP",,Sony IMX565 CMOS,14.0mm (Type 1/1.1″),2.74 µm (H) x 2.74 µm (V),Global Shutter,렌즈 마운트 없음,Mono,"1000BASE-T RJ45, PoEix Industrial, PoEFFC, PoE",9.0 FPS (10 FPS) @ 12.3 MP,28 x 28 x 28.4 mm,39 g,8 핀 JST 커넥터,"1 input, 1 output",2 bi-directional,"PoE (IEEE 802.3af), or 12-24 VDC ±5% external","PoE를 통한 3.5W, 외부 전원 공급시 3W",128 MB,"Gain, gamma, black level, white balance, LUT, CCM, pixel correction, color space conversion","Mono8/10/12/16, Bayer8/10/12/16, RGB8, BGR8, YCbCr8, YCbCr411, YUV422, YUV411, QOI_Mono8, QOI_BayerRG8, QOI_RGB8, QOI_BGR8, QOI_YCbCr8",QOI,"수평 및 수직 비닝, 서브 샘플링, ROI, 수평 및 수직 뒤집기",12 bit,0 dB ~ 48 dB 아날로그 및 디지털,35 μs ~ 10 s (Normal) 2.296 μs ~ 2.464 μs (Short Mode),1 default and 2 custom user set,16 MB,"Frame counter, offset X/Y, width/height, 노출 시간, gain, black level, line status, sequencer set","Acquisition start/end, exposure start/end, line rise/fall, error",2 counters and 2 timers,"노출 시간, gain","Software trigger, hardware trigger, PTP (IEEE 1588)",GigE Vision v2.0,"CE, KC, FCC, RoHS, REACH, WEEE",-30 to 60°C,-10 to 55°C 주변,"동작: 20% ~ 80%, relative, 비 응축","DIN EN 60068-2-27, DIN EN 60068-2-64,",3 year,PHX124S,RJ45,,,,,,,,,,,,,,,,,,,,,,,,,,,,,,,,,,
Lucid Vision,Y,PHX124S-CNL-IX,,"4096 x 3000 px, 12.3 MP",,Sony IMX565 CMOS,14.0mm (Type 1/1.1″),2.74 µm (H) x 2.74 µm (V),Global Shutter,렌즈 마운트 없음,Color,"1000BASE-T RJ45, PoEix Industrial, PoEFFC, PoE",9.0 FPS (10 FPS) @ 12.3 MP,28 x 28 x 28.4 mm,39 g,8 핀 JST 커넥터,"1 input, 1 output",2 bi-directional,"PoE (IEEE 802.3af), or 12-24 VDC ±5% external","PoE를 통한 3.5W, 외부 전원 공급시 3W",128 MB,"Gain, gamma, black level, white balance, LUT, CCM, pixel correction, color space conversion","Mono8/10/12/16, Bayer8/10/12/16, RGB8, BGR8, YCbCr8, YCbCr411, YUV422, YUV411, QOI_Mono8, QOI_BayerRG8, QOI_RGB8, QOI_BGR8, QOI_YCbCr8",QOI,"수평 및 수직 비닝, 서브 샘플링, ROI, 수평 및 수직 뒤집기",12 bit,0 dB ~ 48 dB 아날로그 및 디지털,35 μs ~ 10 s (Normal) 2.296 μs ~ 2.464 μs (Short Mode),1 default and 2 custom user set,16 MB,"Frame counter, offset X/Y, width/height, 노출 시간, gain, black level, line status, sequencer set","Acquisition start/end, exposure start/end, line rise/fall, error",2 counters and 2 timers,"노출 시간, gain","Software trigger, hardware trigger, PTP (IEEE 1588)",GigE Vision v2.0,"CE, KC, FCC, RoHS, REACH, WEEE",-30 to 60°C,-10 to 55°C 주변,"동작: 20% ~ 80%, relative, 비 응축","DIN EN 60068-2-27, DIN EN 60068-2-64,",3 year,PHX124S,ix Connector,,,,,,,,,,,,,,,,,,,,,,,,,,,,,,,,,,
Lucid Vision,Y,PHX124S-MNL-IX,,"4096 x 3000 px, 12.3 MP",,Sony IMX565 CMOS,14.0mm (Type 1/1.1″),2.74 µm (H) x 2.74 µm (V),Global Shutter,렌즈 마운트 없음,Mono,"1000BASE-T RJ45, PoEix Industrial, PoEFFC, PoE",9.0 FPS (10 FPS) @ 12.3 MP,28 x 28 x 28.4 mm,39 g,8 핀 JST 커넥터,"1 input, 1 output",2 bi-directional,"PoE (IEEE 802.3af), or 12-24 VDC ±5% external","PoE를 통한 3.5W, 외부 전원 공급시 3W",128 MB,"Gain, gamma, black level, white balance, LUT, CCM, pixel correction, color space conversion","Mono8/10/12/16, Bayer8/10/12/16, RGB8, BGR8, YCbCr8, YCbCr411, YUV422, YUV411, QOI_Mono8, QOI_BayerRG8, QOI_RGB8, QOI_BGR8, QOI_YCbCr8",QOI,"수평 및 수직 비닝, 서브 샘플링, ROI, 수평 및 수직 뒤집기",12 bit,0 dB ~ 48 dB 아날로그 및 디지털,35 μs ~ 10 s (Normal) 2.296 μs ~ 2.464 μs (Short Mode),1 default and 2 custom user set,16 MB,"Frame counter, offset X/Y, width/height, 노출 시간, gain, black level, line status, sequencer set","Acquisition start/end, exposure start/end, line rise/fall, error",2 counters and 2 timers,"노출 시간, gain","Software trigger, hardware trigger, PTP (IEEE 1588)",GigE Vision v2.0,"CE, KC, FCC, RoHS, REACH, WEEE",-30 to 60°C,-10 to 55°C 주변,"동작: 20% ~ 80%, relative, 비 응축","DIN EN 60068-2-27, DIN EN 60068-2-64,",3 year,PHX124S,ix Connector,,,,,,,,,,,,,,,,,,,,,,,,,,,,,,,,,,
Lucid Vision,Y,PHX124S-CNL-FFC,,"4096 x 3000 px, 12.3 MP",,Sony IMX565 CMOS,14.0mm (Type 1/1.1″),2.74 µm (H) x 2.74 µm (V),Global Shutter,렌즈 마운트 없음,Color,"1000BASE-T RJ45, PoEix Industrial, PoEFFC, PoE",9.0 FPS (10 FPS) @ 12.3 MP,28 x 28 x 28.4 mm,39 g,8 핀 JST 커넥터,"1 input, 1 output",2 bi-directional,"PoE (IEEE 802.3af), or 12-24 VDC ±5% external","PoE를 통한 3.5W, 외부 전원 공급시 3W",128 MB,"Gain, gamma, black level, white balance, LUT, CCM, pixel correction, color space conversion","Mono8/10/12/16, Bayer8/10/12/16, RGB8, BGR8, YCbCr8, YCbCr411, YUV422, YUV411, QOI_Mono8, QOI_BayerRG8, QOI_RGB8, QOI_BGR8, QOI_YCbCr8",QOI,"수평 및 수직 비닝, 서브 샘플링, ROI, 수평 및 수직 뒤집기",12 bit,0 dB ~ 48 dB 아날로그 및 디지털,35 μs ~ 10 s (Normal) 2.296 μs ~ 2.464 μs (Short Mode),1 default and 2 custom user set,16 MB,"Frame counter, offset X/Y, width/height, 노출 시간, gain, black level, line status, sequencer set","Acquisition start/end, exposure start/end, line rise/fall, error",2 counters and 2 timers,"노출 시간, gain","Software trigger, hardware trigger, PTP (IEEE 1588)",GigE Vision v2.0,"CE, KC, FCC, RoHS, REACH, WEEE",-30 to 60°C,-10 to 55°C 주변,"동작: 20% ~ 80%, relative, 비 응축","DIN EN 60068-2-27, DIN EN 60068-2-64,",3 year,PHX124S,FFC (ZIF),,,,,,,,,,,,,,,,,,,,,,,,,,,,,,,,,,
Lucid Vision,Y,PHX124S-MNL-FFC,,"4096 x 3000 px, 12.3 MP",,Sony IMX565 CMOS,14.0mm (Type 1/1.1″),2.74 µm (H) x 2.74 µm (V),Global Shutter,렌즈 마운트 없음,Mono,"1000BASE-T RJ45, PoEix Industrial, PoEFFC, PoE",9.0 FPS (10 FPS) @ 12.3 MP,28 x 28 x 28.4 mm,39 g,8 핀 JST 커넥터,"1 input, 1 output",2 bi-directional,"PoE (IEEE 802.3af), or 12-24 VDC ±5% external","PoE를 통한 3.5W, 외부 전원 공급시 3W",128 MB,"Gain, gamma, black level, white balance, LUT, CCM, pixel correction, color space conversion","Mono8/10/12/16, Bayer8/10/12/16, RGB8, BGR8, YCbCr8, YCbCr411, YUV422, YUV411, QOI_Mono8, QOI_BayerRG8, QOI_RGB8, QOI_BGR8, QOI_YCbCr8",QOI,"수평 및 수직 비닝, 서브 샘플링, ROI, 수평 및 수직 뒤집기",12 bit,0 dB ~ 48 dB 아날로그 및 디지털,35 μs ~ 10 s (Normal) 2.296 μs ~ 2.464 μs (Short Mode),1 default and 2 custom user set,16 MB,"Frame counter, offset X/Y, width/height, 노출 시간, gain, black level, line status, sequencer set","Acquisition start/end, exposure start/end, line rise/fall, error",2 counters and 2 timers,"노출 시간, gain","Software trigger, hardware trigger, PTP (IEEE 1588)",GigE Vision v2.0,"CE, KC, FCC, RoHS, REACH, WEEE",-30 to 60°C,-10 to 55°C 주변,"동작: 20% ~ 80%, relative, 비 응축","DIN EN 60068-2-27, DIN EN 60068-2-64,",3 year,PHX124S,FFC (ZIF),,,,,,,,,,,,,,,,,,,,,,,,,,,,,,,,,,
Lucid Vision,Y,PHX124S-CNLF,,"4096 x 3000 px, 12.3 MP",,Sony IMX565 CMOS,14.0mm (Type 1/1.1″),2.74 µm (H) x 2.74 µm (V),Global Shutter,플랜지가 있는 렌즈 마운트 없음,Color,"1000BASE-T RJ45, PoEix Industrial, PoEFFC, PoE",9.0 FPS (10 FPS) @ 12.3 MP,28 x 28 x 28.4 mm,39 g,8 핀 JST 커넥터,"1 input, 1 output",2 bi-directional,"PoE (IEEE 802.3af), or 12-24 VDC ±5% external","PoE를 통한 3.5W, 외부 전원 공급시 3W",128 MB,"Gain, gamma, black level, white balance, LUT, CCM, pixel correction, color space conversion","Mono8/10/12/16, Bayer8/10/12/16, RGB8, BGR8, YCbCr8, YCbCr411, YUV422, YUV411, QOI_Mono8, QOI_BayerRG8, QOI_RGB8, QOI_BGR8, QOI_YCbCr8",QOI,"수평 및 수직 비닝, 서브 샘플링, ROI, 수평 및 수직 뒤집기",12 bit,0 dB ~ 48 dB 아날로그 및 디지털,35 μs ~ 10 s (Normal) 2.296 μs ~ 2.464 μs (Short Mode),1 default and 2 custom user set,16 MB,"Frame counter, offset X/Y, width/height, 노출 시간, gain, black level, line status, sequencer set","Acquisition start/end, exposure start/end, line rise/fall, error",2 counters and 2 timers,"노출 시간, gain","Software trigger, hardware trigger, PTP (IEEE 1588)",GigE Vision v2.0,"CE, KC, FCC, RoHS, REACH, WEEE",-30 to 60°C,-10 to 55°C 주변,"동작: 20% ~ 80%, relative, 비 응축","DIN EN 60068-2-27, DIN EN 60068-2-64,",3 year,PHX124S,RJ45,,,,,,,,,,,,,,,,,,,,,,,,,,,,,,,,,,
Lucid Vision,Y,PHX124S-MNLF,,"4096 x 3000 px, 12.3 MP",,Sony IMX565 CMOS,14.0mm (Type 1/1.1″),2.74 µm (H) x 2.74 µm (V),Global Shutter,플랜지가 있는 렌즈 마운트 없음,Mono,"1000BASE-T RJ45, PoEix Industrial, PoEFFC, PoE",9.0 FPS (10 FPS) @ 12.3 MP,28 x 28 x 28.4 mm,39 g,8 핀 JST 커넥터,"1 input, 1 output",2 bi-directional,"PoE (IEEE 802.3af), or 12-24 VDC ±5% external","PoE를 통한 3.5W, 외부 전원 공급시 3W",128 MB,"Gain, gamma, black level, white balance, LUT, CCM, pixel correction, color space conversion","Mono8/10/12/16, Bayer8/10/12/16, RGB8, BGR8, YCbCr8, YCbCr411, YUV422, YUV411, QOI_Mono8, QOI_BayerRG8, QOI_RGB8, QOI_BGR8, QOI_YCbCr8",QOI,"수평 및 수직 비닝, 서브 샘플링, ROI, 수평 및 수직 뒤집기",12 bit,0 dB ~ 48 dB 아날로그 및 디지털,35 μs ~ 10 s (Normal) 2.296 μs ~ 2.464 μs (Short Mode),1 default and 2 custom user set,16 MB,"Frame counter, offset X/Y, width/height, 노출 시간, gain, black level, line status, sequencer set","Acquisition start/end, exposure start/end, line rise/fall, error",2 counters and 2 timers,"노출 시간, gain","Software trigger, hardware trigger, PTP (IEEE 1588)",GigE Vision v2.0,"CE, KC, FCC, RoHS, REACH, WEEE",-30 to 60°C,-10 to 55°C 주변,"동작: 20% ~ 80%, relative, 비 응축","DIN EN 60068-2-27, DIN EN 60068-2-64,",3 year,PHX124S,RJ45,,,,,,,,,,,,,,,,,,,,,,,,,,,,,,,,,,
Lucid Vision,Y,PHXET124S-CC,,"4096 x 3000 px, 12.3 MP",,Sony IMX565 CMOS,14.0mm (Type 1/1.1″),2.74 µm (H) x 2.74 µm (V),Global Shutter,C-마운트가 있는 원격 헤드,Color,"1000BASE-T RJ45, PoEix Industrial, PoEFFC, PoE",9.0 FPS (10 FPS) @ 12.3 MP,28 x 28 x 28.4 mm,39 g,8 핀 JST 커넥터,"1 input, 1 output",2 bi-directional,"PoE (IEEE 802.3af), or 12-24 VDC ±5% external","PoE를 통한 3.5W, 외부 전원 공급시 3W",128 MB,"Gain, gamma, black level, white balance, LUT, CCM, pixel correction, color space conversion","Mono8/10/12/16, Bayer8/10/12/16, RGB8, BGR8, YCbCr8, YCbCr411, YUV422, YUV411, QOI_Mono8, QOI_BayerRG8, QOI_RGB8, QOI_BGR8, QOI_YCbCr8",QOI,"수평 및 수직 비닝, 서브 샘플링, ROI, 수평 및 수직 뒤집기",12 bit,0 dB ~ 48 dB 아날로그 및 디지털,35 μs ~ 10 s (Normal) 2.296 μs ~ 2.464 μs (Short Mode),1 default and 2 custom user set,16 MB,"Frame counter, offset X/Y, width/height, 노출 시간, gain, black level, line status, sequencer set","Acquisition start/end, exposure start/end, line rise/fall, error",2 counters and 2 timers,"노출 시간, gain","Software trigger, hardware trigger, PTP (IEEE 1588)",GigE Vision v2.0,"CE, KC, FCC, RoHS, REACH, WEEE",-30 to 60°C,-10 to 55°C 주변,"동작: 20% ~ 80%, relative, 비 응축","DIN EN 60068-2-27, DIN EN 60068-2-64,",3 year,PHX124S,RJ45,,,,,,,,,,,,,,,,,,,,,,,,,,,,,,,,,,
Lucid Vision,Y,PHXET124S-MC,,"4096 x 3000 px, 12.3 MP",,Sony IMX565 CMOS,14.0mm (Type 1/1.1″),2.74 µm (H) x 2.74 µm (V),Global Shutter,C-마운트가 있는 원격 헤드,Mono,"1000BASE-T RJ45, PoEix Industrial, PoEFFC, PoE",9.0 FPS (10 FPS) @ 12.3 MP,28 x 28 x 28.4 mm,39 g,8 핀 JST 커넥터,"1 input, 1 output",2 bi-directional,"PoE (IEEE 802.3af), or 12-24 VDC ±5% external","PoE를 통한 3.5W, 외부 전원 공급시 3W",128 MB,"Gain, gamma, black level, white balance, LUT, CCM, pixel correction, color space conversion","Mono8/10/12/16, Bayer8/10/12/16, RGB8, BGR8, YCbCr8, YCbCr411, YUV422, YUV411, QOI_Mono8, QOI_BayerRG8, QOI_RGB8, QOI_BGR8, QOI_YCbCr8",QOI,"수평 및 수직 비닝, 서브 샘플링, ROI, 수평 및 수직 뒤집기",12 bit,0 dB ~ 48 dB 아날로그 및 디지털,35 μs ~ 10 s (Normal) 2.296 μs ~ 2.464 μs (Short Mode),1 default and 2 custom user set,16 MB,"Frame counter, offset X/Y, width/height, 노출 시간, gain, black level, line status, sequencer set","Acquisition start/end, exposure start/end, line rise/fall, error",2 counters and 2 timers,"노출 시간, gain","Software trigger, hardware trigger, PTP (IEEE 1588)",GigE Vision v2.0,"CE, KC, FCC, RoHS, REACH, WEEE",-30 to 60°C,-10 to 55°C 주변,"동작: 20% ~ 80%, relative, 비 응축","DIN EN 60068-2-27, DIN EN 60068-2-64,",3 year,PHX124S,RJ45,,,,,,,,,,,,,,,,,,,,,,,,,,,,,,,,,,
Lucid Vision,N,PHX120S,12.3 MP,"4096 x 3000 px, 12.3 MP",9.0 fps,Sony IMX304 CMOS,17.6 mm (Type 1.1″),3.45 µm (H) x 3.45 µm (V),Global Shutter,C-Mount / 렌즈 마운트 없음 / 플랜지가 있는 렌즈 마운트 없음 / C-마운트가 있는 원격 헤드,Mono / Color,"1000BASE-T RJ45, PoEix Industrial, PoEFFC, PoE",9.0 FPS (10 FPS) @ 12.3 MP,28 x 28 x 28.4 mm,39 g,8 핀 JST 커넥터,"1 input, 1 output",2 bi-directional,"PoE (IEEE 802.3af), or 12-24 VDC ±5% external","PoE를 통한 3.5W, 외부 전원 공급시 3W",128 MB,"Gain, gamma, black level, white balance, LUT, CCM, pixel correction, color space conversion","Mono8/10/12/16, Bayer8/10/12/16, RGB8, BGR8, YCbCr8, YCbCr411, YUV422, YUV411, QOI_Mono8, QOI_BayerRG8, QOI_RGB8, QOI_BGR8, QOI_YCbCr8",QOI,"수평 및 수직 비닝, 서브 샘플링, ROI, 수평 및 수직 뒤집기",12 bit,0 dB ~ 48 dB 아날로그 및 디지털,30 μs to 10 s,1 default and 2 custom user set,16 MB,"Frame counter, offset X/Y, width/height, 노출 시간, gain, black level, line status, sequencer set","Acquisition start/end, exposure start/end, line rise/fall, error",2 counters and 2 timers,"노출 시간, gain","Software trigger, hardware trigger, PTP (IEEE 1588)",GigE Vision v2.0,"CE, KC, FCC, RoHS, REACH, WEEE",-30 to 60°C,-10 to 55°C 주변,"동작: 20% ~ 80%, relative, 비 응축","DIN EN 60068-2-27, DIN EN 60068-2-64,",3 year,,,,,,,,,,,,,,,,,,,,,,,,,,,,,,,,,,,,
Lucid Vision,Y,PHX120S-CC,,"4096 x 3000 px, 12.3 MP",,Sony IMX304 CMOS,17.6 mm (Type 1.1″),3.45 µm (H) x 3.45 µm (V),Global Shutter,C-mount,Color,"1000BASE-T RJ45, PoEix Industrial, PoEFFC, PoE",9.0 FPS (10 FPS) @ 12.3 MP,28 x 28 x 28.4 mm,39 g,8 핀 JST 커넥터,"1 input, 1 output",2 bi-directional,"PoE (IEEE 802.3af), or 12-24 VDC ±5% external","PoE를 통한 3.5W, 외부 전원 공급시 3W",128 MB,"Gain, gamma, black level, white balance, LUT, CCM, pixel correction, color space conversion","Mono8/10/12/16, Bayer8/10/12/16, RGB8, BGR8, YCbCr8, YCbCr411, YUV422, YUV411, QOI_Mono8, QOI_BayerRG8, QOI_RGB8, QOI_BGR8, QOI_YCbCr8",QOI,"수평 및 수직 비닝, 서브 샘플링, ROI, 수평 및 수직 뒤집기",12 bit,0 dB ~ 48 dB 아날로그 및 디지털,30 μs to 10 s,1 default and 2 custom user set,16 MB,"Frame counter, offset X/Y, width/height, 노출 시간, gain, black level, line status, sequencer set","Acquisition start/end, exposure start/end, line rise/fall, error",2 counters and 2 timers,"노출 시간, gain","Software trigger, hardware trigger, PTP (IEEE 1588)",GigE Vision v2.0,"CE, KC, FCC, RoHS, REACH, WEEE",-30 to 60°C,-10 to 55°C 주변,"동작: 20% ~ 80%, relative, 비 응축","DIN EN 60068-2-27, DIN EN 60068-2-64,",3 year,PHX120S,RJ45,,,,,,,,,,,,,,,,,,,,,,,,,,,,,,,,,,
Lucid Vision,Y,PHX120S-MC,,"4096 x 3000 px, 12.3 MP",,Sony IMX304 CMOS,17.6 mm (Type 1.1″),3.45 µm (H) x 3.45 µm (V),Global Shutter,C-mount,Mono,"1000BASE-T RJ45, PoEix Industrial, PoEFFC, PoE",9.0 FPS (10 FPS) @ 12.3 MP,28 x 28 x 28.4 mm,39 g,8 핀 JST 커넥터,"1 input, 1 output",2 bi-directional,"PoE (IEEE 802.3af), or 12-24 VDC ±5% external","PoE를 통한 3.5W, 외부 전원 공급시 3W",128 MB,"Gain, gamma, black level, white balance, LUT, CCM, pixel correction, color space conversion","Mono8/10/12/16, Bayer8/10/12/16, RGB8, BGR8, YCbCr8, YCbCr411, YUV422, YUV411, QOI_Mono8, QOI_BayerRG8, QOI_RGB8, QOI_BGR8, QOI_YCbCr8",QOI,"수평 및 수직 비닝, 서브 샘플링, ROI, 수평 및 수직 뒤집기",12 bit,0 dB ~ 48 dB 아날로그 및 디지털,30 μs to 10 s,1 default and 2 custom user set,16 MB,"Frame counter, offset X/Y, width/height, 노출 시간, gain, black level, line status, sequencer set","Acquisition start/end, exposure start/end, line rise/fall, error",2 counters and 2 timers,"노출 시간, gain","Software trigger, hardware trigger, PTP (IEEE 1588)",GigE Vision v2.0,"CE, KC, FCC, RoHS, REACH, WEEE",-30 to 60°C,-10 to 55°C 주변,"동작: 20% ~ 80%, relative, 비 응축","DIN EN 60068-2-27, DIN EN 60068-2-64,",3 year,PHX120S,RJ45,,,,,,,,,,,,,,,,,,,,,,,,,,,,,,,,,,
Lucid Vision,Y,PHX120S-CC-IX,,"4096 x 3000 px, 12.3 MP",,Sony IMX304 CMOS,17.6 mm (Type 1.1″),3.45 µm (H) x 3.45 µm (V),Global Shutter,C-mount,Color,"1000BASE-T RJ45, PoEix Industrial, PoEFFC, PoE",9.0 FPS (10 FPS) @ 12.3 MP,28 x 28 x 28.4 mm,39 g,8 핀 JST 커넥터,"1 input, 1 output",2 bi-directional,"PoE (IEEE 802.3af), or 12-24 VDC ±5% external","PoE를 통한 3.5W, 외부 전원 공급시 3W",128 MB,"Gain, gamma, black level, white balance, LUT, CCM, pixel correction, color space conversion","Mono8/10/12/16, Bayer8/10/12/16, RGB8, BGR8, YCbCr8, YCbCr411, YUV422, YUV411, QOI_Mono8, QOI_BayerRG8, QOI_RGB8, QOI_BGR8, QOI_YCbCr8",QOI,"수평 및 수직 비닝, 서브 샘플링, ROI, 수평 및 수직 뒤집기",12 bit,0 dB ~ 48 dB 아날로그 및 디지털,30 μs to 10 s,1 default and 2 custom user set,16 MB,"Frame counter, offset X/Y, width/height, 노출 시간, gain, black level, line status, sequencer set","Acquisition start/end, exposure start/end, line rise/fall, error",2 counters and 2 timers,"노출 시간, gain","Software trigger, hardware trigger, PTP (IEEE 1588)",GigE Vision v2.0,"CE, KC, FCC, RoHS, REACH, WEEE",-30 to 60°C,-10 to 55°C 주변,"동작: 20% ~ 80%, relative, 비 응축","DIN EN 60068-2-27, DIN EN 60068-2-64,",3 year,PHX120S,ix Connector,,,,,,,,,,,,,,,,,,,,,,,,,,,,,,,,,,
Lucid Vision,Y,PHX120S-MC-IX,,"4096 x 3000 px, 12.3 MP",,Sony IMX304 CMOS,17.6 mm (Type 1.1″),3.45 µm (H) x 3.45 µm (V),Global Shutter,C-mount,Mono,"1000BASE-T RJ45, PoEix Industrial, PoEFFC, PoE",9.0 FPS (10 FPS) @ 12.3 MP,28 x 28 x 28.4 mm,39 g,8 핀 JST 커넥터,"1 input, 1 output",2 bi-directional,"PoE (IEEE 802.3af), or 12-24 VDC ±5% external","PoE를 통한 3.5W, 외부 전원 공급시 3W",128 MB,"Gain, gamma, black level, white balance, LUT, CCM, pixel correction, color space conversion","Mono8/10/12/16, Bayer8/10/12/16, RGB8, BGR8, YCbCr8, YCbCr411, YUV422, YUV411, QOI_Mono8, QOI_BayerRG8, QOI_RGB8, QOI_BGR8, QOI_YCbCr8",QOI,"수평 및 수직 비닝, 서브 샘플링, ROI, 수평 및 수직 뒤집기",12 bit,0 dB ~ 48 dB 아날로그 및 디지털,30 μs to 10 s,1 default and 2 custom user set,16 MB,"Frame counter, offset X/Y, width/height, 노출 시간, gain, black level, line status, sequencer set","Acquisition start/end, exposure start/end, line rise/fall, error",2 counters and 2 timers,"노출 시간, gain","Software trigger, hardware trigger, PTP (IEEE 1588)",GigE Vision v2.0,"CE, KC, FCC, RoHS, REACH, WEEE",-30 to 60°C,-10 to 55°C 주변,"동작: 20% ~ 80%, relative, 비 응축","DIN EN 60068-2-27, DIN EN 60068-2-64,",3 year,PHX120S,ix Connector,,,,,,,,,,,,,,,,,,,,,,,,,,,,,,,,,,
Lucid Vision,Y,PHX120S-CC-FFC,,"4096 x 3000 px, 12.3 MP",,Sony IMX304 CMOS,17.6 mm (Type 1.1″),3.45 µm (H) x 3.45 µm (V),Global Shutter,C-mount,Color,"1000BASE-T RJ45, PoEix Industrial, PoEFFC, PoE",9.0 FPS (10 FPS) @ 12.3 MP,28 x 28 x 28.4 mm,39 g,8 핀 JST 커넥터,"1 input, 1 output",2 bi-directional,"PoE (IEEE 802.3af), or 12-24 VDC ±5% external","PoE를 통한 3.5W, 외부 전원 공급시 3W",128 MB,"Gain, gamma, black level, white balance, LUT, CCM, pixel correction, color space conversion","Mono8/10/12/16, Bayer8/10/12/16, RGB8, BGR8, YCbCr8, YCbCr411, YUV422, YUV411, QOI_Mono8, QOI_BayerRG8, QOI_RGB8, QOI_BGR8, QOI_YCbCr8",QOI,"수평 및 수직 비닝, 서브 샘플링, ROI, 수평 및 수직 뒤집기",12 bit,0 dB ~ 48 dB 아날로그 및 디지털,30 μs to 10 s,1 default and 2 custom user set,16 MB,"Frame counter, offset X/Y, width/height, 노출 시간, gain, black level, line status, sequencer set","Acquisition start/end, exposure start/end, line rise/fall, error",2 counters and 2 timers,"노출 시간, gain","Software trigger, hardware trigger, PTP (IEEE 1588)",GigE Vision v2.0,"CE, KC, FCC, RoHS, REACH, WEEE",-30 to 60°C,-10 to 55°C 주변,"동작: 20% ~ 80%, relative, 비 응축","DIN EN 60068-2-27, DIN EN 60068-2-64,",3 year,PHX120S,FFC (ZIF),,,,,,,,,,,,,,,,,,,,,,,,,,,,,,,,,,
Lucid Vision,Y,PHX120S-MC-FFC,,"4096 x 3000 px, 12.3 MP",,Sony IMX304 CMOS,17.6 mm (Type 1.1″),3.45 µm (H) x 3.45 µm (V),Global Shutter,C-mount,Mono,"1000BASE-T RJ45, PoEix Industrial, PoEFFC, PoE",9.0 FPS (10 FPS) @ 12.3 MP,28 x 28 x 28.4 mm,39 g,8 핀 JST 커넥터,"1 input, 1 output",2 bi-directional,"PoE (IEEE 802.3af), or 12-24 VDC ±5% external","PoE를 통한 3.5W, 외부 전원 공급시 3W",128 MB,"Gain, gamma, black level, white balance, LUT, CCM, pixel correction, color space conversion","Mono8/10/12/16, Bayer8/10/12/16, RGB8, BGR8, YCbCr8, YCbCr411, YUV422, YUV411, QOI_Mono8, QOI_BayerRG8, QOI_RGB8, QOI_BGR8, QOI_YCbCr8",QOI,"수평 및 수직 비닝, 서브 샘플링, ROI, 수평 및 수직 뒤집기",12 bit,0 dB ~ 48 dB 아날로그 및 디지털,30 μs to 10 s,1 default and 2 custom user set,16 MB,"Frame counter, offset X/Y, width/height, 노출 시간, gain, black level, line status, sequencer set","Acquisition start/end, exposure start/end, line rise/fall, error",2 counters and 2 timers,"노출 시간, gain","Software trigger, hardware trigger, PTP (IEEE 1588)",GigE Vision v2.0,"CE, KC, FCC, RoHS, REACH, WEEE",-30 to 60°C,-10 to 55°C 주변,"동작: 20% ~ 80%, relative, 비 응축","DIN EN 60068-2-27, DIN EN 60068-2-64,",3 year,PHX120S,FFC (ZIF),,,,,,,,,,,,,,,,,,,,,,,,,,,,,,,,,,
Lucid Vision,Y,PHX120S-CNL,,"4096 x 3000 px, 12.3 MP",,Sony IMX304 CMOS,17.6 mm (Type 1.1″),3.45 µm (H) x 3.45 µm (V),Global Shutter,No lens mount,Color,"1000BASE-T RJ45, PoEix Industrial, PoEFFC, PoE",9.0 FPS (10 FPS) @ 12.3 MP,28 x 28 x 28.4 mm,39 g,8 핀 JST 커넥터,"1 input, 1 output",2 bi-directional,"PoE (IEEE 802.3af), or 12-24 VDC ±5% external","PoE를 통한 3.5W, 외부 전원 공급시 3W",128 MB,"Gain, gamma, black level, white balance, LUT, CCM, pixel correction, color space conversion","Mono8/10/12/16, Bayer8/10/12/16, RGB8, BGR8, YCbCr8, YCbCr411, YUV422, YUV411, QOI_Mono8, QOI_BayerRG8, QOI_RGB8, QOI_BGR8, QOI_YCbCr8",QOI,"수평 및 수직 비닝, 서브 샘플링, ROI, 수평 및 수직 뒤집기",12 bit,0 dB ~ 48 dB 아날로그 및 디지털,30 μs to 10 s,1 default and 2 custom user set,16 MB,"Frame counter, offset X/Y, width/height, 노출 시간, gain, black level, line status, sequencer set","Acquisition start/end, exposure start/end, line rise/fall, error",2 counters and 2 timers,"노출 시간, gain","Software trigger, hardware trigger, PTP (IEEE 1588)",GigE Vision v2.0,"CE, KC, FCC, RoHS, REACH, WEEE",-30 to 60°C,-10 to 55°C 주변,"동작: 20% ~ 80%, relative, 비 응축","DIN EN 60068-2-27, DIN EN 60068-2-64,",3 year,PHX120S,RJ45,,,,,,,,,,,,,,,,,,,,,,,,,,,,,,,,,,
Lucid Vision,Y,PHX120S-MNL,,"4096 x 3000 px, 12.3 MP",,Sony IMX304 CMOS,17.6 mm (Type 1.1″),3.45 µm (H) x 3.45 µm (V),Global Shutter,No lens mount,Mono,"1000BASE-T RJ45, PoEix Industrial, PoEFFC, PoE",9.0 FPS (10 FPS) @ 12.3 MP,28 x 28 x 28.4 mm,39 g,8 핀 JST 커넥터,"1 input, 1 output",2 bi-directional,"PoE (IEEE 802.3af), or 12-24 VDC ±5% external","PoE를 통한 3.5W, 외부 전원 공급시 3W",128 MB,"Gain, gamma, black level, white balance, LUT, CCM, pixel correction, color space conversion","Mono8/10/12/16, Bayer8/10/12/16, RGB8, BGR8, YCbCr8, YCbCr411, YUV422, YUV411, QOI_Mono8, QOI_BayerRG8, QOI_RGB8, QOI_BGR8, QOI_YCbCr8",QOI,"수평 및 수직 비닝, 서브 샘플링, ROI, 수평 및 수직 뒤집기",12 bit,0 dB ~ 48 dB 아날로그 및 디지털,30 μs to 10 s,1 default and 2 custom user set,16 MB,"Frame counter, offset X/Y, width/height, 노출 시간, gain, black level, line status, sequencer set","Acquisition start/end, exposure start/end, line rise/fall, error",2 counters and 2 timers,"노출 시간, gain","Software trigger, hardware trigger, PTP (IEEE 1588)",GigE Vision v2.0,"CE, KC, FCC, RoHS, REACH, WEEE",-30 to 60°C,-10 to 55°C 주변,"동작: 20% ~ 80%, relative, 비 응축","DIN EN 60068-2-27, DIN EN 60068-2-64,",3 year,PHX120S,RJ45,,,,,,,,,,,,,,,,,,,,,,,,,,,,,,,,,,
Lucid Vision,Y,PHX120S-CNL-IX,,"4096 x 3000 px, 12.3 MP",,Sony IMX304 CMOS,17.6 mm (Type 1.1″),3.45 µm (H) x 3.45 µm (V),Global Shutter,No lens mount,Color,"1000BASE-T RJ45, PoEix Industrial, PoEFFC, PoE",9.0 FPS (10 FPS) @ 12.3 MP,28 x 28 x 28.4 mm,39 g,8 핀 JST 커넥터,"1 input, 1 output",2 bi-directional,"PoE (IEEE 802.3af), or 12-24 VDC ±5% external","PoE를 통한 3.5W, 외부 전원 공급시 3W",128 MB,"Gain, gamma, black level, white balance, LUT, CCM, pixel correction, color space conversion","Mono8/10/12/16, Bayer8/10/12/16, RGB8, BGR8, YCbCr8, YCbCr411, YUV422, YUV411, QOI_Mono8, QOI_BayerRG8, QOI_RGB8, QOI_BGR8, QOI_YCbCr8",QOI,"수평 및 수직 비닝, 서브 샘플링, ROI, 수평 및 수직 뒤집기",12 bit,0 dB ~ 48 dB 아날로그 및 디지털,30 μs to 10 s,1 default and 2 custom user set,16 MB,"Frame counter, offset X/Y, width/height, 노출 시간, gain, black level, line status, sequencer set","Acquisition start/end, exposure start/end, line rise/fall, error",2 counters and 2 timers,"노출 시간, gain","Software trigger, hardware trigger, PTP (IEEE 1588)",GigE Vision v2.0,"CE, KC, FCC, RoHS, REACH, WEEE",-30 to 60°C,-10 to 55°C 주변,"동작: 20% ~ 80%, relative, 비 응축","DIN EN 60068-2-27, DIN EN 60068-2-64,",3 year,PHX120S,ix Connector,,,,,,,,,,,,,,,,,,,,,,,,,,,,,,,,,,
Lucid Vision,Y,PHX120S-MNL-IX,,"4096 x 3000 px, 12.3 MP",,Sony IMX304 CMOS,17.6 mm (Type 1.1″),3.45 µm (H) x 3.45 µm (V),Global Shutter,No lens mount,Mono,"1000BASE-T RJ45, PoEix Industrial, PoEFFC, PoE",9.0 FPS (10 FPS) @ 12.3 MP,28 x 28 x 28.4 mm,39 g,8 핀 JST 커넥터,"1 input, 1 output",2 bi-directional,"PoE (IEEE 802.3af), or 12-24 VDC ±5% external","PoE를 통한 3.5W, 외부 전원 공급시 3W",128 MB,"Gain, gamma, black level, white balance, LUT, CCM, pixel correction, color space conversion","Mono8/10/12/16, Bayer8/10/12/16, RGB8, BGR8, YCbCr8, YCbCr411, YUV422, YUV411, QOI_Mono8, QOI_BayerRG8, QOI_RGB8, QOI_BGR8, QOI_YCbCr8",QOI,"수평 및 수직 비닝, 서브 샘플링, ROI, 수평 및 수직 뒤집기",12 bit,0 dB ~ 48 dB 아날로그 및 디지털,30 μs to 10 s,1 default and 2 custom user set,16 MB,"Frame counter, offset X/Y, width/height, 노출 시간, gain, black level, line status, sequencer set","Acquisition start/end, exposure start/end, line rise/fall, error",2 counters and 2 timers,"노출 시간, gain","Software trigger, hardware trigger, PTP (IEEE 1588)",GigE Vision v2.0,"CE, KC, FCC, RoHS, REACH, WEEE",-30 to 60°C,-10 to 55°C 주변,"동작: 20% ~ 80%, relative, 비 응축","DIN EN 60068-2-27, DIN EN 60068-2-64,",3 year,PHX120S,ix Connector,,,,,,,,,,,,,,,,,,,,,,,,,,,,,,,,,,
Lucid Vision,Y,PHX120S-CNL-FFC,,"4096 x 3000 px, 12.3 MP",,Sony IMX304 CMOS,17.6 mm (Type 1.1″),3.45 µm (H) x 3.45 µm (V),Global Shutter,No lens mount,Color,"1000BASE-T RJ45, PoEix Industrial, PoEFFC, PoE",9.0 FPS (10 FPS) @ 12.3 MP,28 x 28 x 28.4 mm,39 g,8 핀 JST 커넥터,"1 input, 1 output",2 bi-directional,"PoE (IEEE 802.3af), or 12-24 VDC ±5% external","PoE를 통한 3.5W, 외부 전원 공급시 3W",128 MB,"Gain, gamma, black level, white balance, LUT, CCM, pixel correction, color space conversion","Mono8/10/12/16, Bayer8/10/12/16, RGB8, BGR8, YCbCr8, YCbCr411, YUV422, YUV411, QOI_Mono8, QOI_BayerRG8, QOI_RGB8, QOI_BGR8, QOI_YCbCr8",QOI,"수평 및 수직 비닝, 서브 샘플링, ROI, 수평 및 수직 뒤집기",12 bit,0 dB ~ 48 dB 아날로그 및 디지털,30 μs to 10 s,1 default and 2 custom user set,16 MB,"Frame counter, offset X/Y, width/height, 노출 시간, gain, black level, line status, sequencer set","Acquisition start/end, exposure start/end, line rise/fall, error",2 counters and 2 timers,"노출 시간, gain","Software trigger, hardware trigger, PTP (IEEE 1588)",GigE Vision v2.0,"CE, KC, FCC, RoHS, REACH, WEEE",-30 to 60°C,-10 to 55°C 주변,"동작: 20% ~ 80%, relative, 비 응축","DIN EN 60068-2-27, DIN EN 60068-2-64,",3 year,PHX120S,FFC (ZIF),,,,,,,,,,,,,,,,,,,,,,,,,,,,,,,,,,
Lucid Vision,Y,PHX120S-MNL-FFC,,"4096 x 3000 px, 12.3 MP",,Sony IMX304 CMOS,17.6 mm (Type 1.1″),3.45 µm (H) x 3.45 µm (V),Global Shutter,No lens mount,Mono,"1000BASE-T RJ45, PoEix Industrial, PoEFFC, PoE",9.0 FPS (10 FPS) @ 12.3 MP,28 x 28 x 28.4 mm,39 g,8 핀 JST 커넥터,"1 input, 1 output",2 bi-directional,"PoE (IEEE 802.3af), or 12-24 VDC ±5% external","PoE를 통한 3.5W, 외부 전원 공급시 3W",128 MB,"Gain, gamma, black level, white balance, LUT, CCM, pixel correction, color space conversion","Mono8/10/12/16, Bayer8/10/12/16, RGB8, BGR8, YCbCr8, YCbCr411, YUV422, YUV411, QOI_Mono8, QOI_BayerRG8, QOI_RGB8, QOI_BGR8, QOI_YCbCr8",QOI,"수평 및 수직 비닝, 서브 샘플링, ROI, 수평 및 수직 뒤집기",12 bit,0 dB ~ 48 dB 아날로그 및 디지털,30 μs to 10 s,1 default and 2 custom user set,16 MB,"Frame counter, offset X/Y, width/height, 노출 시간, gain, black level, line status, sequencer set","Acquisition start/end, exposure start/end, line rise/fall, error",2 counters and 2 timers,"노출 시간, gain","Software trigger, hardware trigger, PTP (IEEE 1588)",GigE Vision v2.0,"CE, KC, FCC, RoHS, REACH, WEEE",-30 to 60°C,-10 to 55°C 주변,"동작: 20% ~ 80%, relative, 비 응축","DIN EN 60068-2-27, DIN EN 60068-2-64,",3 year,PHX120S,FFC (ZIF),,,,,,,,,,,,,,,,,,,,,,,,,,,,,,,,,,
Lucid Vision,Y,PHXET120S-CC,,"4096 x 3000 px, 12.3 MP",,Sony IMX304 CMOS,17.6 mm (Type 1.1″),3.45 µm (H) x 3.45 µm (V),Global Shutter,C-마운트가 있는 원격 헤드,Color,"1000BASE-T RJ45, PoEix Industrial, PoEFFC, PoE",9.0 FPS (10 FPS) @ 12.3 MP,28 x 28 x 28.4 mm,39 g,8 핀 JST 커넥터,"1 input, 1 output",2 bi-directional,"PoE (IEEE 802.3af), or 12-24 VDC ±5% external","PoE를 통한 3.5W, 외부 전원 공급시 3W",128 MB,"Gain, gamma, black level, white balance, LUT, CCM, pixel correction, color space conversion","Mono8/10/12/16, Bayer8/10/12/16, RGB8, BGR8, YCbCr8, YCbCr411, YUV422, YUV411, QOI_Mono8, QOI_BayerRG8, QOI_RGB8, QOI_BGR8, QOI_YCbCr8",QOI,"수평 및 수직 비닝, 서브 샘플링, ROI, 수평 및 수직 뒤집기",12 bit,0 dB ~ 48 dB 아날로그 및 디지털,30 μs to 10 s,1 default and 2 custom user set,16 MB,"Frame counter, offset X/Y, width/height, 노출 시간, gain, black level, line status, sequencer set","Acquisition start/end, exposure start/end, line rise/fall, error",2 counters and 2 timers,"노출 시간, gain","Software trigger, hardware trigger, PTP (IEEE 1588)",GigE Vision v2.0,"CE, KC, FCC, RoHS, REACH, WEEE",-30 to 60°C,-10 to 55°C 주변,"동작: 20% ~ 80%, relative, 비 응축","DIN EN 60068-2-27, DIN EN 60068-2-64,",3 year,PHX120S,RJ45,,,,,,,,,,,,,,,,,,,,,,,,,,,,,,,,,,
Lucid Vision,Y,PHXET120S-MC,,"4096 x 3000 px, 12.3 MP",,Sony IMX304 CMOS,17.6 mm (Type 1.1″),3.45 µm (H) x 3.45 µm (V),Global Shutter,C-마운트가 있는 원격 헤드,Mono,"1000BASE-T RJ45, PoEix Industrial, PoEFFC, PoE",9.0 FPS (10 FPS) @ 12.3 MP,28 x 28 x 28.4 mm,39 g,8 핀 JST 커넥터,"1 input, 1 output",2 bi-directional,"PoE (IEEE 802.3af), or 12-24 VDC ±5% external","PoE를 통한 3.5W, 외부 전원 공급시 3W",128 MB,"Gain, gamma, black level, white balance, LUT, CCM, pixel correction, color space conversion","Mono8/10/12/16, Bayer8/10/12/16, RGB8, BGR8, YCbCr8, YCbCr411, YUV422, YUV411, QOI_Mono8, QOI_BayerRG8, QOI_RGB8, QOI_BGR8, QOI_YCbCr8",QOI,"수평 및 수직 비닝, 서브 샘플링, ROI, 수평 및 수직 뒤집기",12 bit,0 dB ~ 48 dB 아날로그 및 디지털,30 μs to 10 s,1 default and 2 custom user set,16 MB,"Frame counter, offset X/Y, width/height, 노출 시간, gain, black level, line status, sequencer set","Acquisition start/end, exposure start/end, line rise/fall, error",2 counters and 2 timers,"노출 시간, gain","Software trigger, hardware trigger, PTP (IEEE 1588)",GigE Vision v2.0,"CE, KC, FCC, RoHS, REACH, WEEE",-30 to 60°C,-10 to 55°C 주변,"동작: 20% ~ 80%, relative, 비 응축","DIN EN 60068-2-27, DIN EN 60068-2-64,",3 year,PHX120S,RJ45,,,,,,,,,,,,,,,,,,,,,,,,,,,,,,,,,,
Lucid Vision,N,PHX089S,8.9 MP,"4096 x 2160 px, 8.9 MP",12.5 fps,Sony IMX267 CMOS,16.1 mm (Type 1″),3.45 µm (H) x 3.45 µm (V),Global Shutter,C-Mount / 렌즈 마운트 없음 / 플랜지가 있는 렌즈 마운트 없음 / C-마운트가 있는 원격 헤드,Mono / Color,"1000BASE-T RJ45, PoEix Industrial, PoEFFC, PoE",12.5 FPS (13.7 FPS) @ 8.9 MP,28 x 28 x 28.4 mm,39 g,8 핀 JST 커넥터,"1 input, 1 output",2 bi-directional,"PoE (IEEE 802.3af), or 12-24 VDC ±5% external","PoE를 통한 3.5W, 외부 전원 공급시 3W",128 MB,"Gain, gamma, black level, white balance, LUT, CCM, pixel correction, color space conversion","Mono8/10/12/16, Bayer8/10/12/16, RGB8, BGR8, YCbCr8, YCbCr411, YUV422, YUV411, QOI_Mono8, QOI_BayerRG8, QOI_RGB8, QOI_BGR8, QOI_YCbCr8",QOI,"수평 및 수직 비닝, 서브 샘플링, ROI, 수평 및 수직 뒤집기",12 bit,0 dB ~ 48 dB 아날로그 및 디지털,30 μs to 10 s,1 default and 2 custom user set,16 MB,"Frame counter, offset X/Y, width/height, 노출 시간, gain, black level, line status, sequencer set","Acquisition start/end, exposure start/end, line rise/fall, error",2 counters and 2 timers,"노출 시간, gain","Software trigger, hardware trigger, PTP (IEEE 1588)",GigE Vision v2.0,"CE, KC, FCC, RoHS, REACH, WEEE",-30 to 60°C,-10 to 55°C 주변,"동작: 20% ~ 80%, relative, 비 응축","DIN EN 60068-2-27, DIN EN 60068-2-64,",3 year,,,,,,,,,,,,,,,,,,,,,,,,,,,,,,,,,,,,
Lucid Vision,Y,PHX089S-CC,,"4096 x 2160 px, 8.9 MP",,Sony IMX267 CMOS,16.1 mm (Type 1″),3.45 µm (H) x 3.45 µm (V),Global Shutter,C-mount,Color,"1000BASE-T RJ45, PoEix Industrial, PoEFFC, PoE",12.5 FPS (13.7 FPS) @ 8.9 MP,28 x 28 x 28.4 mm,39 g,8 핀 JST 커넥터,"1 input, 1 output",2 bi-directional,"PoE (IEEE 802.3af), or 12-24 VDC ±5% external","PoE를 통한 3.5W, 외부 전원 공급시 3W",128 MB,"Gain, gamma, black level, white balance, LUT, CCM, pixel correction, color space conversion","Mono8/10/12/16, Bayer8/10/12/16, RGB8, BGR8, YCbCr8, YCbCr411, YUV422, YUV411, QOI_Mono8, QOI_BayerRG8, QOI_RGB8, QOI_BGR8, QOI_YCbCr8",QOI,"수평 및 수직 비닝, 서브 샘플링, ROI, 수평 및 수직 뒤집기",12 bit,0 dB ~ 48 dB 아날로그 및 디지털,30 μs to 10 s,1 default and 2 custom user set,16 MB,"Frame counter, offset X/Y, width/height, 노출 시간, gain, black level, line status, sequencer set","Acquisition start/end, exposure start/end, line rise/fall, error",2 counters and 2 timers,"노출 시간, gain","Software trigger, hardware trigger, PTP (IEEE 1588)",GigE Vision v2.0,"CE, KC, FCC, RoHS, REACH, WEEE",-30 to 60°C,-10 to 55°C 주변,"동작: 20% ~ 80%, relative, 비 응축","DIN EN 60068-2-27, DIN EN 60068-2-64,",3 year,PHX089S,RJ45,,,,,,,,,,,,,,,,,,,,,,,,,,,,,,,,,,
Lucid Vision,Y,PHX089S-MC,,"4096 x 2160 px, 8.9 MP",,Sony IMX267 CMOS,16.1 mm (Type 1″),3.45 µm (H) x 3.45 µm (V),Global Shutter,C-mount,Mono,"1000BASE-T RJ45, PoEix Industrial, PoEFFC, PoE",12.5 FPS (13.7 FPS) @ 8.9 MP,28 x 28 x 28.4 mm,39 g,8 핀 JST 커넥터,"1 input, 1 output",2 bi-directional,"PoE (IEEE 802.3af), or 12-24 VDC ±5% external","PoE를 통한 3.5W, 외부 전원 공급시 3W",128 MB,"Gain, gamma, black level, white balance, LUT, CCM, pixel correction, color space conversion","Mono8/10/12/16, Bayer8/10/12/16, RGB8, BGR8, YCbCr8, YCbCr411, YUV422, YUV411, QOI_Mono8, QOI_BayerRG8, QOI_RGB8, QOI_BGR8, QOI_YCbCr8",QOI,"수평 및 수직 비닝, 서브 샘플링, ROI, 수평 및 수직 뒤집기",12 bit,0 dB ~ 48 dB 아날로그 및 디지털,30 μs to 10 s,1 default and 2 custom user set,16 MB,"Frame counter, offset X/Y, width/height, 노출 시간, gain, black level, line status, sequencer set","Acquisition start/end, exposure start/end, line rise/fall, error",2 counters and 2 timers,"노출 시간, gain","Software trigger, hardware trigger, PTP (IEEE 1588)",GigE Vision v2.0,"CE, KC, FCC, RoHS, REACH, WEEE",-30 to 60°C,-10 to 55°C 주변,"동작: 20% ~ 80%, relative, 비 응축","DIN EN 60068-2-27, DIN EN 60068-2-64,",3 year,PHX089S,RJ45,,,,,,,,,,,,,,,,,,,,,,,,,,,,,,,,,,
Lucid Vision,Y,PHX089S-CC-IX,,"4096 x 2160 px, 8.9 MP",,Sony IMX267 CMOS,16.1 mm (Type 1″),3.45 µm (H) x 3.45 µm (V),Global Shutter,C-mount,Color,"1000BASE-T RJ45, PoEix Industrial, PoEFFC, PoE",12.5 FPS (13.7 FPS) @ 8.9 MP,28 x 28 x 28.4 mm,39 g,8 핀 JST 커넥터,"1 input, 1 output",2 bi-directional,"PoE (IEEE 802.3af), or 12-24 VDC ±5% external","PoE를 통한 3.5W, 외부 전원 공급시 3W",128 MB,"Gain, gamma, black level, white balance, LUT, CCM, pixel correction, color space conversion","Mono8/10/12/16, Bayer8/10/12/16, RGB8, BGR8, YCbCr8, YCbCr411, YUV422, YUV411, QOI_Mono8, QOI_BayerRG8, QOI_RGB8, QOI_BGR8, QOI_YCbCr8",QOI,"수평 및 수직 비닝, 서브 샘플링, ROI, 수평 및 수직 뒤집기",12 bit,0 dB ~ 48 dB 아날로그 및 디지털,30 μs to 10 s,1 default and 2 custom user set,16 MB,"Frame counter, offset X/Y, width/height, 노출 시간, gain, black level, line status, sequencer set","Acquisition start/end, exposure start/end, line rise/fall, error",2 counters and 2 timers,"노출 시간, gain","Software trigger, hardware trigger, PTP (IEEE 1588)",GigE Vision v2.0,"CE, KC, FCC, RoHS, REACH, WEEE",-30 to 60°C,-10 to 55°C 주변,"동작: 20% ~ 80%, relative, 비 응축","DIN EN 60068-2-27, DIN EN 60068-2-64,",3 year,PHX089S,ix Connector,,,,,,,,,,,,,,,,,,,,,,,,,,,,,,,,,,
Lucid Vision,Y,PHX089S-MC-IX,,"4096 x 2160 px, 8.9 MP",,Sony IMX267 CMOS,16.1 mm (Type 1″),3.45 µm (H) x 3.45 µm (V),Global Shutter,C-mount,Mono,"1000BASE-T RJ45, PoEix Industrial, PoEFFC, PoE",12.5 FPS (13.7 FPS) @ 8.9 MP,28 x 28 x 28.4 mm,39 g,8 핀 JST 커넥터,"1 input, 1 output",2 bi-directional,"PoE (IEEE 802.3af), or 12-24 VDC ±5% external","PoE를 통한 3.5W, 외부 전원 공급시 3W",128 MB,"Gain, gamma, black level, white balance, LUT, CCM, pixel correction, color space conversion","Mono8/10/12/16, Bayer8/10/12/16, RGB8, BGR8, YCbCr8, YCbCr411, YUV422, YUV411, QOI_Mono8, QOI_BayerRG8, QOI_RGB8, QOI_BGR8, QOI_YCbCr8",QOI,"수평 및 수직 비닝, 서브 샘플링, ROI, 수평 및 수직 뒤집기",12 bit,0 dB ~ 48 dB 아날로그 및 디지털,30 μs to 10 s,1 default and 2 custom user set,16 MB,"Frame counter, offset X/Y, width/height, 노출 시간, gain, black level, line status, sequencer set","Acquisition start/end, exposure start/end, line rise/fall, error",2 counters and 2 timers,"노출 시간, gain","Software trigger, hardware trigger, PTP (IEEE 1588)",GigE Vision v2.0,"CE, KC, FCC, RoHS, REACH, WEEE",-30 to 60°C,-10 to 55°C 주변,"동작: 20% ~ 80%, relative, 비 응축","DIN EN 60068-2-27, DIN EN 60068-2-64,",3 year,PHX089S,ix Connector,,,,,,,,,,,,,,,,,,,,,,,,,,,,,,,,,,
Lucid Vision,Y,PHX089S-CC-FFC,,"4096 x 2160 px, 8.9 MP",,Sony IMX267 CMOS,16.1 mm (Type 1″),3.45 µm (H) x 3.45 µm (V),Global Shutter,C-mount,Color,"1000BASE-T RJ45, PoEix Industrial, PoEFFC, PoE",12.5 FPS (13.7 FPS) @ 8.9 MP,28 x 28 x 28.4 mm,39 g,8 핀 JST 커넥터,"1 input, 1 output",2 bi-directional,"PoE (IEEE 802.3af), or 12-24 VDC ±5% external","PoE를 통한 3.5W, 외부 전원 공급시 3W",128 MB,"Gain, gamma, black level, white balance, LUT, CCM, pixel correction, color space conversion","Mono8/10/12/16, Bayer8/10/12/16, RGB8, BGR8, YCbCr8, YCbCr411, YUV422, YUV411, QOI_Mono8, QOI_BayerRG8, QOI_RGB8, QOI_BGR8, QOI_YCbCr8",QOI,"수평 및 수직 비닝, 서브 샘플링, ROI, 수평 및 수직 뒤집기",12 bit,0 dB ~ 48 dB 아날로그 및 디지털,30 μs to 10 s,1 default and 2 custom user set,16 MB,"Frame counter, offset X/Y, width/height, 노출 시간, gain, black level, line status, sequencer set","Acquisition start/end, exposure start/end, line rise/fall, error",2 counters and 2 timers,"노출 시간, gain","Software trigger, hardware trigger, PTP (IEEE 1588)",GigE Vision v2.0,"CE, KC, FCC, RoHS, REACH, WEEE",-30 to 60°C,-10 to 55°C 주변,"동작: 20% ~ 80%, relative, 비 응축","DIN EN 60068-2-27, DIN EN 60068-2-64,",3 year,PHX089S,FFC (ZIF),,,,,,,,,,,,,,,,,,,,,,,,,,,,,,,,,,
Lucid Vision,Y,PHX089S-MC-FFC,,"4096 x 2160 px, 8.9 MP",,Sony IMX267 CMOS,16.1 mm (Type 1″),3.45 µm (H) x 3.45 µm (V),Global Shutter,C-mount,Mono,"1000BASE-T RJ45, PoEix Industrial, PoEFFC, PoE",12.5 FPS (13.7 FPS) @ 8.9 MP,28 x 28 x 28.4 mm,39 g,8 핀 JST 커넥터,"1 input, 1 output",2 bi-directional,"PoE (IEEE 802.3af), or 12-24 VDC ±5% external","PoE를 통한 3.5W, 외부 전원 공급시 3W",128 MB,"Gain, gamma, black level, white balance, LUT, CCM, pixel correction, color space conversion","Mono8/10/12/16, Bayer8/10/12/16, RGB8, BGR8, YCbCr8, YCbCr411, YUV422, YUV411, QOI_Mono8, QOI_BayerRG8, QOI_RGB8, QOI_BGR8, QOI_YCbCr8",QOI,"수평 및 수직 비닝, 서브 샘플링, ROI, 수평 및 수직 뒤집기",12 bit,0 dB ~ 48 dB 아날로그 및 디지털,30 μs to 10 s,1 default and 2 custom user set,16 MB,"Frame counter, offset X/Y, width/height, 노출 시간, gain, black level, line status, sequencer set","Acquisition start/end, exposure start/end, line rise/fall, error",2 counters and 2 timers,"노출 시간, gain","Software trigger, hardware trigger, PTP (IEEE 1588)",GigE Vision v2.0,"CE, KC, FCC, RoHS, REACH, WEEE",-30 to 60°C,-10 to 55°C 주변,"동작: 20% ~ 80%, relative, 비 응축","DIN EN 60068-2-27, DIN EN 60068-2-64,",3 year,PHX089S,FFC (ZIF),,,,,,,,,,,,,,,,,,,,,,,,,,,,,,,,,,
Lucid Vision,Y,PHX089S-CNL,,"4096 x 2160 px, 8.9 MP",,Sony IMX267 CMOS,16.1 mm (Type 1″),3.45 µm (H) x 3.45 µm (V),Global Shutter,렌즈 마운트 없음,Color,"1000BASE-T RJ45, PoEix Industrial, PoEFFC, PoE",12.5 FPS (13.7 FPS) @ 8.9 MP,28 x 28 x 28.4 mm,39 g,8 핀 JST 커넥터,"1 input, 1 output",2 bi-directional,"PoE (IEEE 802.3af), or 12-24 VDC ±5% external","PoE를 통한 3.5W, 외부 전원 공급시 3W",128 MB,"Gain, gamma, black level, white balance, LUT, CCM, pixel correction, color space conversion","Mono8/10/12/16, Bayer8/10/12/16, RGB8, BGR8, YCbCr8, YCbCr411, YUV422, YUV411, QOI_Mono8, QOI_BayerRG8, QOI_RGB8, QOI_BGR8, QOI_YCbCr8",QOI,"수평 및 수직 비닝, 서브 샘플링, ROI, 수평 및 수직 뒤집기",12 bit,0 dB ~ 48 dB 아날로그 및 디지털,30 μs to 10 s,1 default and 2 custom user set,16 MB,"Frame counter, offset X/Y, width/height, 노출 시간, gain, black level, line status, sequencer set","Acquisition start/end, exposure start/end, line rise/fall, error",2 counters and 2 timers,"노출 시간, gain","Software trigger, hardware trigger, PTP (IEEE 1588)",GigE Vision v2.0,"CE, KC, FCC, RoHS, REACH, WEEE",-30 to 60°C,-10 to 55°C 주변,"동작: 20% ~ 80%, relative, 비 응축","DIN EN 60068-2-27, DIN EN 60068-2-64,",3 year,PHX089S,RJ45,,,,,,,,,,,,,,,,,,,,,,,,,,,,,,,,,,
Lucid Vision,Y,PHX089S-MNL,,"4096 x 2160 px, 8.9 MP",,Sony IMX267 CMOS,16.1 mm (Type 1″),3.45 µm (H) x 3.45 µm (V),Global Shutter,렌즈 마운트 없음,Mono,"1000BASE-T RJ45, PoEix Industrial, PoEFFC, PoE",12.5 FPS (13.7 FPS) @ 8.9 MP,28 x 28 x 28.4 mm,39 g,8 핀 JST 커넥터,"1 input, 1 output",2 bi-directional,"PoE (IEEE 802.3af), or 12-24 VDC ±5% external","PoE를 통한 3.5W, 외부 전원 공급시 3W",128 MB,"Gain, gamma, black level, white balance, LUT, CCM, pixel correction, color space conversion","Mono8/10/12/16, Bayer8/10/12/16, RGB8, BGR8, YCbCr8, YCbCr411, YUV422, YUV411, QOI_Mono8, QOI_BayerRG8, QOI_RGB8, QOI_BGR8, QOI_YCbCr8",QOI,"수평 및 수직 비닝, 서브 샘플링, ROI, 수평 및 수직 뒤집기",12 bit,0 dB ~ 48 dB 아날로그 및 디지털,30 μs to 10 s,1 default and 2 custom user set,16 MB,"Frame counter, offset X/Y, width/height, 노출 시간, gain, black level, line status, sequencer set","Acquisition start/end, exposure start/end, line rise/fall, error",2 counters and 2 timers,"노출 시간, gain","Software trigger, hardware trigger, PTP (IEEE 1588)",GigE Vision v2.0,"CE, KC, FCC, RoHS, REACH, WEEE",-30 to 60°C,-10 to 55°C 주변,"동작: 20% ~ 80%, relative, 비 응축","DIN EN 60068-2-27, DIN EN 60068-2-64,",3 year,PHX089S,RJ45,,,,,,,,,,,,,,,,,,,,,,,,,,,,,,,,,,
Lucid Vision,Y,PHX089S-CNL-IX,,"4096 x 2160 px, 8.9 MP",,Sony IMX267 CMOS,16.1 mm (Type 1″),3.45 µm (H) x 3.45 µm (V),Global Shutter,렌즈 마운트 없음,Color,"1000BASE-T RJ45, PoEix Industrial, PoEFFC, PoE",12.5 FPS (13.7 FPS) @ 8.9 MP,28 x 28 x 28.4 mm,39 g,8 핀 JST 커넥터,"1 input, 1 output",2 bi-directional,"PoE (IEEE 802.3af), or 12-24 VDC ±5% external","PoE를 통한 3.5W, 외부 전원 공급시 3W",128 MB,"Gain, gamma, black level, white balance, LUT, CCM, pixel correction, color space conversion","Mono8/10/12/16, Bayer8/10/12/16, RGB8, BGR8, YCbCr8, YCbCr411, YUV422, YUV411, QOI_Mono8, QOI_BayerRG8, QOI_RGB8, QOI_BGR8, QOI_YCbCr8",QOI,"수평 및 수직 비닝, 서브 샘플링, ROI, 수평 및 수직 뒤집기",12 bit,0 dB ~ 48 dB 아날로그 및 디지털,30 μs to 10 s,1 default and 2 custom user set,16 MB,"Frame counter, offset X/Y, width/height, 노출 시간, gain, black level, line status, sequencer set","Acquisition start/end, exposure start/end, line rise/fall, error",2 counters and 2 timers,"노출 시간, gain","Software trigger, hardware trigger, PTP (IEEE 1588)",GigE Vision v2.0,"CE, KC, FCC, RoHS, REACH, WEEE",-30 to 60°C,-10 to 55°C 주변,"동작: 20% ~ 80%, relative, 비 응축","DIN EN 60068-2-27, DIN EN 60068-2-64,",3 year,PHX089S,ix Connector,,,,,,,,,,,,,,,,,,,,,,,,,,,,,,,,,,
Lucid Vision,Y,PHX089S-MNL-IX,,"4096 x 2160 px, 8.9 MP",,Sony IMX267 CMOS,16.1 mm (Type 1″),3.45 µm (H) x 3.45 µm (V),Global Shutter,렌즈 마운트 없음,Mono,"1000BASE-T RJ45, PoEix Industrial, PoEFFC, PoE",12.5 FPS (13.7 FPS) @ 8.9 MP,28 x 28 x 28.4 mm,39 g,8 핀 JST 커넥터,"1 input, 1 output",2 bi-directional,"PoE (IEEE 802.3af), or 12-24 VDC ±5% external","PoE를 통한 3.5W, 외부 전원 공급시 3W",128 MB,"Gain, gamma, black level, white balance, LUT, CCM, pixel correction, color space conversion","Mono8/10/12/16, Bayer8/10/12/16, RGB8, BGR8, YCbCr8, YCbCr411, YUV422, YUV411, QOI_Mono8, QOI_BayerRG8, QOI_RGB8, QOI_BGR8, QOI_YCbCr8",QOI,"수평 및 수직 비닝, 서브 샘플링, ROI, 수평 및 수직 뒤집기",12 bit,0 dB ~ 48 dB 아날로그 및 디지털,30 μs to 10 s,1 default and 2 custom user set,16 MB,"Frame counter, offset X/Y, width/height, 노출 시간, gain, black level, line status, sequencer set","Acquisition start/end, exposure start/end, line rise/fall, error",2 counters and 2 timers,"노출 시간, gain","Software trigger, hardware trigger, PTP (IEEE 1588)",GigE Vision v2.0,"CE, KC, FCC, RoHS, REACH, WEEE",-30 to 60°C,-10 to 55°C 주변,"동작: 20% ~ 80%, relative, 비 응축","DIN EN 60068-2-27, DIN EN 60068-2-64,",3 year,PHX089S,ix Connector,,,,,,,,,,,,,,,,,,,,,,,,,,,,,,,,,,
Lucid Vision,Y,PHX089S-CNL-FFC,,"4096 x 2160 px, 8.9 MP",,Sony IMX267 CMOS,16.1 mm (Type 1″),3.45 µm (H) x 3.45 µm (V),Global Shutter,렌즈 마운트 없음,Color,"1000BASE-T RJ45, PoEix Industrial, PoEFFC, PoE",12.5 FPS (13.7 FPS) @ 8.9 MP,28 x 28 x 28.4 mm,39 g,8 핀 JST 커넥터,"1 input, 1 output",2 bi-directional,"PoE (IEEE 802.3af), or 12-24 VDC ±5% external","PoE를 통한 3.5W, 외부 전원 공급시 3W",128 MB,"Gain, gamma, black level, white balance, LUT, CCM, pixel correction, color space conversion","Mono8/10/12/16, Bayer8/10/12/16, RGB8, BGR8, YCbCr8, YCbCr411, YUV422, YUV411, QOI_Mono8, QOI_BayerRG8, QOI_RGB8, QOI_BGR8, QOI_YCbCr8",QOI,"수평 및 수직 비닝, 서브 샘플링, ROI, 수평 및 수직 뒤집기",12 bit,0 dB ~ 48 dB 아날로그 및 디지털,30 μs to 10 s,1 default and 2 custom user set,16 MB,"Frame counter, offset X/Y, width/height, 노출 시간, gain, black level, line status, sequencer set","Acquisition start/end, exposure start/end, line rise/fall, error",2 counters and 2 timers,"노출 시간, gain","Software trigger, hardware trigger, PTP (IEEE 1588)",GigE Vision v2.0,"CE, KC, FCC, RoHS, REACH, WEEE",-30 to 60°C,-10 to 55°C 주변,"동작: 20% ~ 80%, relative, 비 응축","DIN EN 60068-2-27, DIN EN 60068-2-64,",3 year,PHX089S,FFC (ZIF),,,,,,,,,,,,,,,,,,,,,,,,,,,,,,,,,,
Lucid Vision,Y,PHX089S-MNL-FFC,,"4096 x 2160 px, 8.9 MP",,Sony IMX267 CMOS,16.1 mm (Type 1″),3.45 µm (H) x 3.45 µm (V),Global Shutter,렌즈 마운트 없음,Mono,"1000BASE-T RJ45, PoEix Industrial, PoEFFC, PoE",12.5 FPS (13.7 FPS) @ 8.9 MP,28 x 28 x 28.4 mm,39 g,8 핀 JST 커넥터,"1 input, 1 output",2 bi-directional,"PoE (IEEE 802.3af), or 12-24 VDC ±5% external","PoE를 통한 3.5W, 외부 전원 공급시 3W",128 MB,"Gain, gamma, black level, white balance, LUT, CCM, pixel correction, color space conversion","Mono8/10/12/16, Bayer8/10/12/16, RGB8, BGR8, YCbCr8, YCbCr411, YUV422, YUV411, QOI_Mono8, QOI_BayerRG8, QOI_RGB8, QOI_BGR8, QOI_YCbCr8",QOI,"수평 및 수직 비닝, 서브 샘플링, ROI, 수평 및 수직 뒤집기",12 bit,0 dB ~ 48 dB 아날로그 및 디지털,30 μs to 10 s,1 default and 2 custom user set,16 MB,"Frame counter, offset X/Y, width/height, 노출 시간, gain, black level, line status, sequencer set","Acquisition start/end, exposure start/end, line rise/fall, error",2 counters and 2 timers,"노출 시간, gain","Software trigger, hardware trigger, PTP (IEEE 1588)",GigE Vision v2.0,"CE, KC, FCC, RoHS, REACH, WEEE",-30 to 60°C,-10 to 55°C 주변,"동작: 20% ~ 80%, relative, 비 응축","DIN EN 60068-2-27, DIN EN 60068-2-64,",3 year,PHX089S,FFC (ZIF),,,,,,,,,,,,,,,,,,,,,,,,,,,,,,,,,,
Lucid Vision,Y,PHX089S-CNLF,,"4096 x 2160 px, 8.9 MP",,Sony IMX267 CMOS,16.1 mm (Type 1″),3.45 µm (H) x 3.45 µm (V),Global Shutter,플랜지가 있는 렌즈 마운트 없음,Color,"1000BASE-T RJ45, PoEix Industrial, PoEFFC, PoE",12.5 FPS (13.7 FPS) @ 8.9 MP,28 x 28 x 28.4 mm,39 g,8 핀 JST 커넥터,"1 input, 1 output",2 bi-directional,"PoE (IEEE 802.3af), or 12-24 VDC ±5% external","PoE를 통한 3.5W, 외부 전원 공급시 3W",128 MB,"Gain, gamma, black level, white balance, LUT, CCM, pixel correction, color space conversion","Mono8/10/12/16, Bayer8/10/12/16, RGB8, BGR8, YCbCr8, YCbCr411, YUV422, YUV411, QOI_Mono8, QOI_BayerRG8, QOI_RGB8, QOI_BGR8, QOI_YCbCr8",QOI,"수평 및 수직 비닝, 서브 샘플링, ROI, 수평 및 수직 뒤집기",12 bit,0 dB ~ 48 dB 아날로그 및 디지털,30 μs to 10 s,1 default and 2 custom user set,16 MB,"Frame counter, offset X/Y, width/height, 노출 시간, gain, black level, line status, sequencer set","Acquisition start/end, exposure start/end, line rise/fall, error",2 counters and 2 timers,"노출 시간, gain","Software trigger, hardware trigger, PTP (IEEE 1588)",GigE Vision v2.0,"CE, KC, FCC, RoHS, REACH, WEEE",-30 to 60°C,-10 to 55°C 주변,"동작: 20% ~ 80%, relative, 비 응축","DIN EN 60068-2-27, DIN EN 60068-2-64,",3 year,PHX089S,RJ45,,,,,,,,,,,,,,,,,,,,,,,,,,,,,,,,,,
Lucid Vision,Y,PHX089S-MNLF,,"4096 x 2160 px, 8.9 MP",,Sony IMX267 CMOS,16.1 mm (Type 1″),3.45 µm (H) x 3.45 µm (V),Global Shutter,플랜지가 있는 렌즈 마운트 없음,Mono,"1000BASE-T RJ45, PoEix Industrial, PoEFFC, PoE",12.5 FPS (13.7 FPS) @ 8.9 MP,28 x 28 x 28.4 mm,39 g,8 핀 JST 커넥터,"1 input, 1 output",2 bi-directional,"PoE (IEEE 802.3af), or 12-24 VDC ±5% external","PoE를 통한 3.5W, 외부 전원 공급시 3W",128 MB,"Gain, gamma, black level, white balance, LUT, CCM, pixel correction, color space conversion","Mono8/10/12/16, Bayer8/10/12/16, RGB8, BGR8, YCbCr8, YCbCr411, YUV422, YUV411, QOI_Mono8, QOI_BayerRG8, QOI_RGB8, QOI_BGR8, QOI_YCbCr8",QOI,"수평 및 수직 비닝, 서브 샘플링, ROI, 수평 및 수직 뒤집기",12 bit,0 dB ~ 48 dB 아날로그 및 디지털,30 μs to 10 s,1 default and 2 custom user set,16 MB,"Frame counter, offset X/Y, width/height, 노출 시간, gain, black level, line status, sequencer set","Acquisition start/end, exposure start/end, line rise/fall, error",2 counters and 2 timers,"노출 시간, gain","Software trigger, hardware trigger, PTP (IEEE 1588)",GigE Vision v2.0,"CE, KC, FCC, RoHS, REACH, WEEE",-30 to 60°C,-10 to 55°C 주변,"동작: 20% ~ 80%, relative, 비 응축","DIN EN 60068-2-27, DIN EN 60068-2-64,",3 year,PHX089S,RJ45,,,,,,,,,,,,,,,,,,,,,,,,,,,,,,,,,,
Lucid Vision,Y,PHXET089S-CC,,"4096 x 2160 px, 8.9 MP",,Sony IMX267 CMOS,16.1 mm (Type 1″),3.45 µm (H) x 3.45 µm (V),Global Shutter,C-마운트가 있는 원격 헤드,Color,"1000BASE-T RJ45, PoEix Industrial, PoEFFC, PoE",12.5 FPS (13.7 FPS) @ 8.9 MP,28 x 28 x 28.4 mm,39 g,8 핀 JST 커넥터,"1 input, 1 output",2 bi-directional,"PoE (IEEE 802.3af), or 12-24 VDC ±5% external","PoE를 통한 3.5W, 외부 전원 공급시 3W",128 MB,"Gain, gamma, black level, white balance, LUT, CCM, pixel correction, color space conversion","Mono8/10/12/16, Bayer8/10/12/16, RGB8, BGR8, YCbCr8, YCbCr411, YUV422, YUV411, QOI_Mono8, QOI_BayerRG8, QOI_RGB8, QOI_BGR8, QOI_YCbCr8",QOI,"수평 및 수직 비닝, 서브 샘플링, ROI, 수평 및 수직 뒤집기",12 bit,0 dB ~ 48 dB 아날로그 및 디지털,30 μs to 10 s,1 default and 2 custom user set,16 MB,"Frame counter, offset X/Y, width/height, 노출 시간, gain, black level, line status, sequencer set","Acquisition start/end, exposure start/end, line rise/fall, error",2 counters and 2 timers,"노출 시간, gain","Software trigger, hardware trigger, PTP (IEEE 1588)",GigE Vision v2.0,"CE, KC, FCC, RoHS, REACH, WEEE",-30 to 60°C,-10 to 55°C 주변,"동작: 20% ~ 80%, relative, 비 응축","DIN EN 60068-2-27, DIN EN 60068-2-64,",3 year,PHX089S,RJ45,,,,,,,,,,,,,,,,,,,,,,,,,,,,,,,,,,
Lucid Vision,Y,PHXET089S-MC,,"4096 x 2160 px, 8.9 MP",,Sony IMX267 CMOS,16.1 mm (Type 1″),3.45 µm (H) x 3.45 µm (V),Global Shutter,C-마운트가 있는 원격 헤드,Mono,"1000BASE-T RJ45, PoEix Industrial, PoEFFC, PoE",12.5 FPS (13.7 FPS) @ 8.9 MP,28 x 28 x 28.4 mm,39 g,8 핀 JST 커넥터,"1 input, 1 output",2 bi-directional,"PoE (IEEE 802.3af), or 12-24 VDC ±5% external","PoE를 통한 3.5W, 외부 전원 공급시 3W",128 MB,"Gain, gamma, black level, white balance, LUT, CCM, pixel correction, color space conversion","Mono8/10/12/16, Bayer8/10/12/16, RGB8, BGR8, YCbCr8, YCbCr411, YUV422, YUV411, QOI_Mono8, QOI_BayerRG8, QOI_RGB8, QOI_BGR8, QOI_YCbCr8",QOI,"수평 및 수직 비닝, 서브 샘플링, ROI, 수평 및 수직 뒤집기",12 bit,0 dB ~ 48 dB 아날로그 및 디지털,30 μs to 10 s,1 default and 2 custom user set,16 MB,"Frame counter, offset X/Y, width/height, 노출 시간, gain, black level, line status, sequencer set","Acquisition start/end, exposure start/end, line rise/fall, error",2 counters and 2 timers,"노출 시간, gain","Software trigger, hardware trigger, PTP (IEEE 1588)",GigE Vision v2.0,"CE, KC, FCC, RoHS, REACH, WEEE",-30 to 60°C,-10 to 55°C 주변,"동작: 20% ~ 80%, relative, 비 응축","DIN EN 60068-2-27, DIN EN 60068-2-64,",3 year,PHX089S,RJ45,,,,,,,,,,,,,,,,,,,,,,,,,,,,,,,,,,
Lucid Vision,N,PHX081S,8.1 MP,"2840 x 2840 px, 8.1 MP",13.8 fps,Sony IMX566 CMOS,11.1 mm (Type 2/3″),2.74 µm (H) x .74 µm (V),Global Shutter,C-Mount / 렌즈 마운트 없음 / 플랜지가 있는 렌즈 마운트 없음 / C-마운트가 있는 원격 헤드,Mono / Color,"1000BASE-T RJ45, PoEix Industrial, PoEFFC, PoE",13.8 FPS (14.8 FPS) @ 8.1 MP,28 x 28 x 28.4 mm,39 g,8 핀 JST 커넥터,"1 input, 1 output",2 bi-directional,"PoE (IEEE 802.3af), or 12-24 VDC ±5% external","PoE를 통한 3.5W, 외부 전원 공급시 3W",128 MB,"Gain, gamma, black level, white balance, LUT, CCM, pixel correction, color space conversion","Mono8/10/12/16, Bayer8/10/12/16, RGB8, BGR8, YCbCr8, YCbCr411, YUV422, YUV411, QOI_Mono8, QOI_BayerRG8, QOI_RGB8, QOI_BGR8, QOI_YCbCr8",QOI,"수평 및 수직 비닝, 서브 샘플링, ROI, 수평 및 수직 뒤집기",12 bit,0 dB ~ 48 dB 아날로그 및 디지털,25 μs ~ 10 s (Normal) 2.296 μs ~ 2.464 μs (Short Mode),1 default and 2 custom user set,16 MB,"Frame counter, offset X/Y, width/height, 노출 시간, gain, black level, line status, sequencer set","Acquisition start/end, exposure start/end, line rise/fall, error",2 counters and 2 timers,"노출 시간, gain","Software trigger, hardware trigger, PTP (IEEE 1588)",GigE Vision v2.0,"CE, KC, FCC, RoHS, REACH, WEEE",-30 to 60°C,-10 to 55°C 주변,"동작: 20% ~ 80%, relative, 비 응축","DIN EN 60068-2-27, DIN EN 60068-2-64,",3 year,,,,,,,,,,,,,,,,,,,,,,,,,,,,,,,,,,,,
Lucid Vision,Y,PHX081S-CC,,"2840 x 2840 px, 8.1 MP",,Sony IMX566 CMOS,11.1 mm (Type 2/3″),2.74 µm (H) x .74 µm (V),Global Shutter,C-mount,Color,"1000BASE-T RJ45, PoEix Industrial, PoEFFC, PoE",13.8 FPS (14.8 FPS) @ 8.1 MP,28 x 28 x 28.4 mm,39 g,8 핀 JST 커넥터,"1 input, 1 output",2 bi-directional,"PoE (IEEE 802.3af), or 12-24 VDC ±5% external","PoE를 통한 3.5W, 외부 전원 공급시 3W",128 MB,"Gain, gamma, black level, white balance, LUT, CCM, pixel correction, color space conversion","Mono8/10/12/16, Bayer8/10/12/16, RGB8, BGR8, YCbCr8, YCbCr411, YUV422, YUV411, QOI_Mono8, QOI_BayerRG8, QOI_RGB8, QOI_BGR8, QOI_YCbCr8",QOI,"수평 및 수직 비닝, 서브 샘플링, ROI, 수평 및 수직 뒤집기",12 bit,0 dB ~ 48 dB 아날로그 및 디지털,25 μs ~ 10 s (Normal) 2.296 μs ~ 2.464 μs (Short Mode),1 default and 2 custom user set,16 MB,"Frame counter, offset X/Y, width/height, 노출 시간, gain, black level, line status, sequencer set","Acquisition start/end, exposure start/end, line rise/fall, error",2 counters and 2 timers,"노출 시간, gain","Software trigger, hardware trigger, PTP (IEEE 1588)",GigE Vision v2.0,"CE, KC, FCC, RoHS, REACH, WEEE",-30 to 60°C,-10 to 55°C 주변,"동작: 20% ~ 80%, relative, 비 응축","DIN EN 60068-2-27, DIN EN 60068-2-64,",3 year,PHX081S,RJ45,,,,,,,,,,,,,,,,,,,,,,,,,,,,,,,,,,
Lucid Vision,Y,PHX081S-MC,,"2840 x 2840 px, 8.1 MP",,Sony IMX566 CMOS,11.1 mm (Type 2/3″),2.74 µm (H) x .74 µm (V),Global Shutter,C-mount,Mono,"1000BASE-T RJ45, PoEix Industrial, PoEFFC, PoE",13.8 FPS (14.8 FPS) @ 8.1 MP,28 x 28 x 28.4 mm,39 g,8 핀 JST 커넥터,"1 input, 1 output",2 bi-directional,"PoE (IEEE 802.3af), or 12-24 VDC ±5% external","PoE를 통한 3.5W, 외부 전원 공급시 3W",128 MB,"Gain, gamma, black level, white balance, LUT, CCM, pixel correction, color space conversion","Mono8/10/12/16, Bayer8/10/12/16, RGB8, BGR8, YCbCr8, YCbCr411, YUV422, YUV411, QOI_Mono8, QOI_BayerRG8, QOI_RGB8, QOI_BGR8, QOI_YCbCr8",QOI,"수평 및 수직 비닝, 서브 샘플링, ROI, 수평 및 수직 뒤집기",12 bit,0 dB ~ 48 dB 아날로그 및 디지털,25 μs ~ 10 s (Normal) 2.296 μs ~ 2.464 μs (Short Mode),1 default and 2 custom user set,16 MB,"Frame counter, offset X/Y, width/height, 노출 시간, gain, black level, line status, sequencer set","Acquisition start/end, exposure start/end, line rise/fall, error",2 counters and 2 timers,"노출 시간, gain","Software trigger, hardware trigger, PTP (IEEE 1588)",GigE Vision v2.0,"CE, KC, FCC, RoHS, REACH, WEEE",-30 to 60°C,-10 to 55°C 주변,"동작: 20% ~ 80%, relative, 비 응축","DIN EN 60068-2-27, DIN EN 60068-2-64,",3 year,PHX081S,RJ45,,,,,,,,,,,,,,,,,,,,,,,,,,,,,,,,,,
Lucid Vision,Y,PHX081S-CC-IX,,"2840 x 2840 px, 8.1 MP",,Sony IMX566 CMOS,11.1 mm (Type 2/3″),2.74 µm (H) x .74 µm (V),Global Shutter,C-mount,Color,"1000BASE-T RJ45, PoEix Industrial, PoEFFC, PoE",13.8 FPS (14.8 FPS) @ 8.1 MP,28 x 28 x 28.4 mm,39 g,8 핀 JST 커넥터,"1 input, 1 output",2 bi-directional,"PoE (IEEE 802.3af), or 12-24 VDC ±5% external","PoE를 통한 3.5W, 외부 전원 공급시 3W",128 MB,"Gain, gamma, black level, white balance, LUT, CCM, pixel correction, color space conversion","Mono8/10/12/16, Bayer8/10/12/16, RGB8, BGR8, YCbCr8, YCbCr411, YUV422, YUV411, QOI_Mono8, QOI_BayerRG8, QOI_RGB8, QOI_BGR8, QOI_YCbCr8",QOI,"수평 및 수직 비닝, 서브 샘플링, ROI, 수평 및 수직 뒤집기",12 bit,0 dB ~ 48 dB 아날로그 및 디지털,25 μs ~ 10 s (Normal) 2.296 μs ~ 2.464 μs (Short Mode),1 default and 2 custom user set,16 MB,"Frame counter, offset X/Y, width/height, 노출 시간, gain, black level, line status, sequencer set","Acquisition start/end, exposure start/end, line rise/fall, error",2 counters and 2 timers,"노출 시간, gain","Software trigger, hardware trigger, PTP (IEEE 1588)",GigE Vision v2.0,"CE, KC, FCC, RoHS, REACH, WEEE",-30 to 60°C,-10 to 55°C 주변,"동작: 20% ~ 80%, relative, 비 응축","DIN EN 60068-2-27, DIN EN 60068-2-64,",3 year,PHX081S,ix Connector,,,,,,,,,,,,,,,,,,,,,,,,,,,,,,,,,,
Lucid Vision,Y,PHX081S-MC-IX,,"2840 x 2840 px, 8.1 MP",,Sony IMX566 CMOS,11.1 mm (Type 2/3″),2.74 µm (H) x .74 µm (V),Global Shutter,C-mount,Mono,"1000BASE-T RJ45, PoEix Industrial, PoEFFC, PoE",13.8 FPS (14.8 FPS) @ 8.1 MP,28 x 28 x 28.4 mm,39 g,8 핀 JST 커넥터,"1 input, 1 output",2 bi-directional,"PoE (IEEE 802.3af), or 12-24 VDC ±5% external","PoE를 통한 3.5W, 외부 전원 공급시 3W",128 MB,"Gain, gamma, black level, white balance, LUT, CCM, pixel correction, color space conversion","Mono8/10/12/16, Bayer8/10/12/16, RGB8, BGR8, YCbCr8, YCbCr411, YUV422, YUV411, QOI_Mono8, QOI_BayerRG8, QOI_RGB8, QOI_BGR8, QOI_YCbCr8",QOI,"수평 및 수직 비닝, 서브 샘플링, ROI, 수평 및 수직 뒤집기",12 bit,0 dB ~ 48 dB 아날로그 및 디지털,25 μs ~ 10 s (Normal) 2.296 μs ~ 2.464 μs (Short Mode),1 default and 2 custom user set,16 MB,"Frame counter, offset X/Y, width/height, 노출 시간, gain, black level, line status, sequencer set","Acquisition start/end, exposure start/end, line rise/fall, error",2 counters and 2 timers,"노출 시간, gain","Software trigger, hardware trigger, PTP (IEEE 1588)",GigE Vision v2.0,"CE, KC, FCC, RoHS, REACH, WEEE",-30 to 60°C,-10 to 55°C 주변,"동작: 20% ~ 80%, relative, 비 응축","DIN EN 60068-2-27, DIN EN 60068-2-64,",3 year,PHX081S,ix Connector,,,,,,,,,,,,,,,,,,,,,,,,,,,,,,,,,,
Lucid Vision,Y,PHX081S-CC-FFC,,"2840 x 2840 px, 8.1 MP",,Sony IMX566 CMOS,11.1 mm (Type 2/3″),2.74 µm (H) x .74 µm (V),Global Shutter,C-mount,Color,"1000BASE-T RJ45, PoEix Industrial, PoEFFC, PoE",13.8 FPS (14.8 FPS) @ 8.1 MP,28 x 28 x 28.4 mm,39 g,8 핀 JST 커넥터,"1 input, 1 output",2 bi-directional,"PoE (IEEE 802.3af), or 12-24 VDC ±5% external","PoE를 통한 3.5W, 외부 전원 공급시 3W",128 MB,"Gain, gamma, black level, white balance, LUT, CCM, pixel correction, color space conversion","Mono8/10/12/16, Bayer8/10/12/16, RGB8, BGR8, YCbCr8, YCbCr411, YUV422, YUV411, QOI_Mono8, QOI_BayerRG8, QOI_RGB8, QOI_BGR8, QOI_YCbCr8",QOI,"수평 및 수직 비닝, 서브 샘플링, ROI, 수평 및 수직 뒤집기",12 bit,0 dB ~ 48 dB 아날로그 및 디지털,25 μs ~ 10 s (Normal) 2.296 μs ~ 2.464 μs (Short Mode),1 default and 2 custom user set,16 MB,"Frame counter, offset X/Y, width/height, 노출 시간, gain, black level, line status, sequencer set","Acquisition start/end, exposure start/end, line rise/fall, error",2 counters and 2 timers,"노출 시간, gain","Software trigger, hardware trigger, PTP (IEEE 1588)",GigE Vision v2.0,"CE, KC, FCC, RoHS, REACH, WEEE",-30 to 60°C,-10 to 55°C 주변,"동작: 20% ~ 80%, relative, 비 응축","DIN EN 60068-2-27, DIN EN 60068-2-64,",3 year,PHX081S,FFC (ZIF),,,,,,,,,,,,,,,,,,,,,,,,,,,,,,,,,,
Lucid Vision,Y,PHX081S-MC-FFC,,"2840 x 2840 px, 8.1 MP",,Sony IMX566 CMOS,11.1 mm (Type 2/3″),2.74 µm (H) x .74 µm (V),Global Shutter,C-mount,Mono,"1000BASE-T RJ45, PoEix Industrial, PoEFFC, PoE",13.8 FPS (14.8 FPS) @ 8.1 MP,28 x 28 x 28.4 mm,39 g,8 핀 JST 커넥터,"1 input, 1 output",2 bi-directional,"PoE (IEEE 802.3af), or 12-24 VDC ±5% external","PoE를 통한 3.5W, 외부 전원 공급시 3W",128 MB,"Gain, gamma, black level, white balance, LUT, CCM, pixel correction, color space conversion","Mono8/10/12/16, Bayer8/10/12/16, RGB8, BGR8, YCbCr8, YCbCr411, YUV422, YUV411, QOI_Mono8, QOI_BayerRG8, QOI_RGB8, QOI_BGR8, QOI_YCbCr8",QOI,"수평 및 수직 비닝, 서브 샘플링, ROI, 수평 및 수직 뒤집기",12 bit,0 dB ~ 48 dB 아날로그 및 디지털,25 μs ~ 10 s (Normal) 2.296 μs ~ 2.464 μs (Short Mode),1 default and 2 custom user set,16 MB,"Frame counter, offset X/Y, width/height, 노출 시간, gain, black level, line status, sequencer set","Acquisition start/end, exposure start/end, line rise/fall, error",2 counters and 2 timers,"노출 시간, gain","Software trigger, hardware trigger, PTP (IEEE 1588)",GigE Vision v2.0,"CE, KC, FCC, RoHS, REACH, WEEE",-30 to 60°C,-10 to 55°C 주변,"동작: 20% ~ 80%, relative, 비 응축","DIN EN 60068-2-27, DIN EN 60068-2-64,",3 year,PHX081S,FFC (ZIF),,,,,,,,,,,,,,,,,,,,,,,,,,,,,,,,,,
Lucid Vision,Y,PHX081S-CNL,,"2840 x 2840 px, 8.1 MP",,Sony IMX566 CMOS,11.1 mm (Type 2/3″),2.74 µm (H) x .74 µm (V),Global Shutter,렌즈 마운트 없음,Color,"1000BASE-T RJ45, PoEix Industrial, PoEFFC, PoE",13.8 FPS (14.8 FPS) @ 8.1 MP,28 x 28 x 28.4 mm,39 g,8 핀 JST 커넥터,"1 input, 1 output",2 bi-directional,"PoE (IEEE 802.3af), or 12-24 VDC ±5% external","PoE를 통한 3.5W, 외부 전원 공급시 3W",128 MB,"Gain, gamma, black level, white balance, LUT, CCM, pixel correction, color space conversion","Mono8/10/12/16, Bayer8/10/12/16, RGB8, BGR8, YCbCr8, YCbCr411, YUV422, YUV411, QOI_Mono8, QOI_BayerRG8, QOI_RGB8, QOI_BGR8, QOI_YCbCr8",QOI,"수평 및 수직 비닝, 서브 샘플링, ROI, 수평 및 수직 뒤집기",12 bit,0 dB ~ 48 dB 아날로그 및 디지털,25 μs ~ 10 s (Normal) 2.296 μs ~ 2.464 μs (Short Mode),1 default and 2 custom user set,16 MB,"Frame counter, offset X/Y, width/height, 노출 시간, gain, black level, line status, sequencer set","Acquisition start/end, exposure start/end, line rise/fall, error",2 counters and 2 timers,"노출 시간, gain","Software trigger, hardware trigger, PTP (IEEE 1588)",GigE Vision v2.0,"CE, KC, FCC, RoHS, REACH, WEEE",-30 to 60°C,-10 to 55°C 주변,"동작: 20% ~ 80%, relative, 비 응축","DIN EN 60068-2-27, DIN EN 60068-2-64,",3 year,PHX081S,RJ45,,,,,,,,,,,,,,,,,,,,,,,,,,,,,,,,,,
Lucid Vision,Y,PHX081S-MNL,,"2840 x 2840 px, 8.1 MP",,Sony IMX566 CMOS,11.1 mm (Type 2/3″),2.74 µm (H) x .74 µm (V),Global Shutter,렌즈 마운트 없음,Mono,"1000BASE-T RJ45, PoEix Industrial, PoEFFC, PoE",13.8 FPS (14.8 FPS) @ 8.1 MP,28 x 28 x 28.4 mm,39 g,8 핀 JST 커넥터,"1 input, 1 output",2 bi-directional,"PoE (IEEE 802.3af), or 12-24 VDC ±5% external","PoE를 통한 3.5W, 외부 전원 공급시 3W",128 MB,"Gain, gamma, black level, white balance, LUT, CCM, pixel correction, color space conversion","Mono8/10/12/16, Bayer8/10/12/16, RGB8, BGR8, YCbCr8, YCbCr411, YUV422, YUV411, QOI_Mono8, QOI_BayerRG8, QOI_RGB8, QOI_BGR8, QOI_YCbCr8",QOI,"수평 및 수직 비닝, 서브 샘플링, ROI, 수평 및 수직 뒤집기",12 bit,0 dB ~ 48 dB 아날로그 및 디지털,25 μs ~ 10 s (Normal) 2.296 μs ~ 2.464 μs (Short Mode),1 default and 2 custom user set,16 MB,"Frame counter, offset X/Y, width/height, 노출 시간, gain, black level, line status, sequencer set","Acquisition start/end, exposure start/end, line rise/fall, error",2 counters and 2 timers,"노출 시간, gain","Software trigger, hardware trigger, PTP (IEEE 1588)",GigE Vision v2.0,"CE, KC, FCC, RoHS, REACH, WEEE",-30 to 60°C,-10 to 55°C 주변,"동작: 20% ~ 80%, relative, 비 응축","DIN EN 60068-2-27, DIN EN 60068-2-64,",3 year,PHX081S,RJ45,,,,,,,,,,,,,,,,,,,,,,,,,,,,,,,,,,
Lucid Vision,Y,PHX081S-CNL-IX,,"2840 x 2840 px, 8.1 MP",,Sony IMX566 CMOS,11.1 mm (Type 2/3″),2.74 µm (H) x .74 µm (V),Global Shutter,렌즈 마운트 없음,Color,"1000BASE-T RJ45, PoEix Industrial, PoEFFC, PoE",13.8 FPS (14.8 FPS) @ 8.1 MP,28 x 28 x 28.4 mm,39 g,8 핀 JST 커넥터,"1 input, 1 output",2 bi-directional,"PoE (IEEE 802.3af), or 12-24 VDC ±5% external","PoE를 통한 3.5W, 외부 전원 공급시 3W",128 MB,"Gain, gamma, black level, white balance, LUT, CCM, pixel correction, color space conversion","Mono8/10/12/16, Bayer8/10/12/16, RGB8, BGR8, YCbCr8, YCbCr411, YUV422, YUV411, QOI_Mono8, QOI_BayerRG8, QOI_RGB8, QOI_BGR8, QOI_YCbCr8",QOI,"수평 및 수직 비닝, 서브 샘플링, ROI, 수평 및 수직 뒤집기",12 bit,0 dB ~ 48 dB 아날로그 및 디지털,25 μs ~ 10 s (Normal) 2.296 μs ~ 2.464 μs (Short Mode),1 default and 2 custom user set,16 MB,"Frame counter, offset X/Y, width/height, 노출 시간, gain, black level, line status, sequencer set","Acquisition start/end, exposure start/end, line rise/fall, error",2 counters and 2 timers,"노출 시간, gain","Software trigger, hardware trigger, PTP (IEEE 1588)",GigE Vision v2.0,"CE, KC, FCC, RoHS, REACH, WEEE",-30 to 60°C,-10 to 55°C 주변,"동작: 20% ~ 80%, relative, 비 응축","DIN EN 60068-2-27, DIN EN 60068-2-64,",3 year,PHX081S,ix Connector,,,,,,,,,,,,,,,,,,,,,,,,,,,,,,,,,,
Lucid Vision,Y,PHX081S-MNL-IX,,"2840 x 2840 px, 8.1 MP",,Sony IMX566 CMOS,11.1 mm (Type 2/3″),2.74 µm (H) x .74 µm (V),Global Shutter,렌즈 마운트 없음,Mono,"1000BASE-T RJ45, PoEix Industrial, PoEFFC, PoE",13.8 FPS (14.8 FPS) @ 8.1 MP,28 x 28 x 28.4 mm,39 g,8 핀 JST 커넥터,"1 input, 1 output",2 bi-directional,"PoE (IEEE 802.3af), or 12-24 VDC ±5% external","PoE를 통한 3.5W, 외부 전원 공급시 3W",128 MB,"Gain, gamma, black level, white balance, LUT, CCM, pixel correction, color space conversion","Mono8/10/12/16, Bayer8/10/12/16, RGB8, BGR8, YCbCr8, YCbCr411, YUV422, YUV411, QOI_Mono8, QOI_BayerRG8, QOI_RGB8, QOI_BGR8, QOI_YCbCr8",QOI,"수평 및 수직 비닝, 서브 샘플링, ROI, 수평 및 수직 뒤집기",12 bit,0 dB ~ 48 dB 아날로그 및 디지털,25 μs ~ 10 s (Normal) 2.296 μs ~ 2.464 μs (Short Mode),1 default and 2 custom user set,16 MB,"Frame counter, offset X/Y, width/height, 노출 시간, gain, black level, line status, sequencer set","Acquisition start/end, exposure start/end, line rise/fall, error",2 counters and 2 timers,"노출 시간, gain","Software trigger, hardware trigger, PTP (IEEE 1588)",GigE Vision v2.0,"CE, KC, FCC, RoHS, REACH, WEEE",-30 to 60°C,-10 to 55°C 주변,"동작: 20% ~ 80%, relative, 비 응축","DIN EN 60068-2-27, DIN EN 60068-2-64,",3 year,PHX081S,ix Connector,,,,,,,,,,,,,,,,,,,,,,,,,,,,,,,,,,
Lucid Vision,Y,PHX081S-CNL-FFC,,"2840 x 2840 px, 8.1 MP",,Sony IMX566 CMOS,11.1 mm (Type 2/3″),2.74 µm (H) x .74 µm (V),Global Shutter,렌즈 마운트 없음,Color,"1000BASE-T RJ45, PoEix Industrial, PoEFFC, PoE",13.8 FPS (14.8 FPS) @ 8.1 MP,28 x 28 x 28.4 mm,39 g,8 핀 JST 커넥터,"1 input, 1 output",2 bi-directional,"PoE (IEEE 802.3af), or 12-24 VDC ±5% external","PoE를 통한 3.5W, 외부 전원 공급시 3W",128 MB,"Gain, gamma, black level, white balance, LUT, CCM, pixel correction, color space conversion","Mono8/10/12/16, Bayer8/10/12/16, RGB8, BGR8, YCbCr8, YCbCr411, YUV422, YUV411, QOI_Mono8, QOI_BayerRG8, QOI_RGB8, QOI_BGR8, QOI_YCbCr8",QOI,"수평 및 수직 비닝, 서브 샘플링, ROI, 수평 및 수직 뒤집기",12 bit,0 dB ~ 48 dB 아날로그 및 디지털,25 μs ~ 10 s (Normal) 2.296 μs ~ 2.464 μs (Short Mode),1 default and 2 custom user set,16 MB,"Frame counter, offset X/Y, width/height, 노출 시간, gain, black level, line status, sequencer set","Acquisition start/end, exposure start/end, line rise/fall, error",2 counters and 2 timers,"노출 시간, gain","Software trigger, hardware trigger, PTP (IEEE 1588)",GigE Vision v2.0,"CE, KC, FCC, RoHS, REACH, WEEE",-30 to 60°C,-10 to 55°C 주변,"동작: 20% ~ 80%, relative, 비 응축","DIN EN 60068-2-27, DIN EN 60068-2-64,",3 year,PHX081S,FFC (ZIF),,,,,,,,,,,,,,,,,,,,,,,,,,,,,,,,,,
Lucid Vision,Y,PHX081S-MNL-FFC,,"2840 x 2840 px, 8.1 MP",,Sony IMX566 CMOS,11.1 mm (Type 2/3″),2.74 µm (H) x .74 µm (V),Global Shutter,렌즈 마운트 없음,Mono,"1000BASE-T RJ45, PoEix Industrial, PoEFFC, PoE",13.8 FPS (14.8 FPS) @ 8.1 MP,28 x 28 x 28.4 mm,39 g,8 핀 JST 커넥터,"1 input, 1 output",2 bi-directional,"PoE (IEEE 802.3af), or 12-24 VDC ±5% external","PoE를 통한 3.5W, 외부 전원 공급시 3W",128 MB,"Gain, gamma, black level, white balance, LUT, CCM, pixel correction, color space conversion","Mono8/10/12/16, Bayer8/10/12/16, RGB8, BGR8, YCbCr8, YCbCr411, YUV422, YUV411, QOI_Mono8, QOI_BayerRG8, QOI_RGB8, QOI_BGR8, QOI_YCbCr8",QOI,"수평 및 수직 비닝, 서브 샘플링, ROI, 수평 및 수직 뒤집기",12 bit,0 dB ~ 48 dB 아날로그 및 디지털,25 μs ~ 10 s (Normal) 2.296 μs ~ 2.464 μs (Short Mode),1 default and 2 custom user set,16 MB,"Frame counter, offset X/Y, width/height, 노출 시간, gain, black level, line status, sequencer set","Acquisition start/end, exposure start/end, line rise/fall, error",2 counters and 2 timers,"노출 시간, gain","Software trigger, hardware trigger, PTP (IEEE 1588)",GigE Vision v2.0,"CE, KC, FCC, RoHS, REACH, WEEE",-30 to 60°C,-10 to 55°C 주변,"동작: 20% ~ 80%, relative, 비 응축","DIN EN 60068-2-27, DIN EN 60068-2-64,",3 year,PHX081S,FFC (ZIF),,,,,,,,,,,,,,,,,,,,,,,,,,,,,,,,,,
Lucid Vision,Y,PHX081S-CNLF,,"2840 x 2840 px, 8.1 MP",,Sony IMX566 CMOS,11.1 mm (Type 2/3″),2.74 µm (H) x .74 µm (V),Global Shutter,플랜지가 있는 렌즈 마운트 없음,Color,"1000BASE-T RJ45, PoEix Industrial, PoEFFC, PoE",13.8 FPS (14.8 FPS) @ 8.1 MP,28 x 28 x 28.4 mm,39 g,8 핀 JST 커넥터,"1 input, 1 output",2 bi-directional,"PoE (IEEE 802.3af), or 12-24 VDC ±5% external","PoE를 통한 3.5W, 외부 전원 공급시 3W",128 MB,"Gain, gamma, black level, white balance, LUT, CCM, pixel correction, color space conversion","Mono8/10/12/16, Bayer8/10/12/16, RGB8, BGR8, YCbCr8, YCbCr411, YUV422, YUV411, QOI_Mono8, QOI_BayerRG8, QOI_RGB8, QOI_BGR8, QOI_YCbCr8",QOI,"수평 및 수직 비닝, 서브 샘플링, ROI, 수평 및 수직 뒤집기",12 bit,0 dB ~ 48 dB 아날로그 및 디지털,25 μs ~ 10 s (Normal) 2.296 μs ~ 2.464 μs (Short Mode),1 default and 2 custom user set,16 MB,"Frame counter, offset X/Y, width/height, 노출 시간, gain, black level, line status, sequencer set","Acquisition start/end, exposure start/end, line rise/fall, error",2 counters and 2 timers,"노출 시간, gain","Software trigger, hardware trigger, PTP (IEEE 1588)",GigE Vision v2.0,"CE, KC, FCC, RoHS, REACH, WEEE",-30 to 60°C,-10 to 55°C 주변,"동작: 20% ~ 80%, relative, 비 응축","DIN EN 60068-2-27, DIN EN 60068-2-64,",3 year,PHX081S,RJ45,,,,,,,,,,,,,,,,,,,,,,,,,,,,,,,,,,
Lucid Vision,Y,PHX081S-MNLF,,"2840 x 2840 px, 8.1 MP",,Sony IMX566 CMOS,11.1 mm (Type 2/3″),2.74 µm (H) x .74 µm (V),Global Shutter,플랜지가 있는 렌즈 마운트 없음,Mono,"1000BASE-T RJ45, PoEix Industrial, PoEFFC, PoE",13.8 FPS (14.8 FPS) @ 8.1 MP,28 x 28 x 28.4 mm,39 g,8 핀 JST 커넥터,"1 input, 1 output",2 bi-directional,"PoE (IEEE 802.3af), or 12-24 VDC ±5% external","PoE를 통한 3.5W, 외부 전원 공급시 3W",128 MB,"Gain, gamma, black level, white balance, LUT, CCM, pixel correction, color space conversion","Mono8/10/12/16, Bayer8/10/12/16, RGB8, BGR8, YCbCr8, YCbCr411, YUV422, YUV411, QOI_Mono8, QOI_BayerRG8, QOI_RGB8, QOI_BGR8, QOI_YCbCr8",QOI,"수평 및 수직 비닝, 서브 샘플링, ROI, 수평 및 수직 뒤집기",12 bit,0 dB ~ 48 dB 아날로그 및 디지털,25 μs ~ 10 s (Normal) 2.296 μs ~ 2.464 μs (Short Mode),1 default and 2 custom user set,16 MB,"Frame counter, offset X/Y, width/height, 노출 시간, gain, black level, line status, sequencer set","Acquisition start/end, exposure start/end, line rise/fall, error",2 counters and 2 timers,"노출 시간, gain","Software trigger, hardware trigger, PTP (IEEE 1588)",GigE Vision v2.0,"CE, KC, FCC, RoHS, REACH, WEEE",-30 to 60°C,-10 to 55°C 주변,"동작: 20% ~ 80%, relative, 비 응축","DIN EN 60068-2-27, DIN EN 60068-2-64,",3 year,PHX081S,RJ45,,,,,,,,,,,,,,,,,,,,,,,,,,,,,,,,,,
Lucid Vision,Y,PHXET081S-CC,,"2840 x 2840 px, 8.1 MP",,Sony IMX566 CMOS,11.1 mm (Type 2/3″),2.74 µm (H) x .74 µm (V),Global Shutter,C-마운트가 있는 원격 헤드,Color,"1000BASE-T RJ45, PoEix Industrial, PoEFFC, PoE",13.8 FPS (14.8 FPS) @ 8.1 MP,28 x 28 x 28.4 mm,39 g,8 핀 JST 커넥터,"1 input, 1 output",2 bi-directional,"PoE (IEEE 802.3af), or 12-24 VDC ±5% external","PoE를 통한 3.5W, 외부 전원 공급시 3W",128 MB,"Gain, gamma, black level, white balance, LUT, CCM, pixel correction, color space conversion","Mono8/10/12/16, Bayer8/10/12/16, RGB8, BGR8, YCbCr8, YCbCr411, YUV422, YUV411, QOI_Mono8, QOI_BayerRG8, QOI_RGB8, QOI_BGR8, QOI_YCbCr8",QOI,"수평 및 수직 비닝, 서브 샘플링, ROI, 수평 및 수직 뒤집기",12 bit,0 dB ~ 48 dB 아날로그 및 디지털,25 μs ~ 10 s (Normal) 2.296 μs ~ 2.464 μs (Short Mode),1 default and 2 custom user set,16 MB,"Frame counter, offset X/Y, width/height, 노출 시간, gain, black level, line status, sequencer set","Acquisition start/end, exposure start/end, line rise/fall, error",2 counters and 2 timers,"노출 시간, gain","Software trigger, hardware trigger, PTP (IEEE 1588)",GigE Vision v2.0,"CE, KC, FCC, RoHS, REACH, WEEE",-30 to 60°C,-10 to 55°C 주변,"동작: 20% ~ 80%, relative, 비 응축","DIN EN 60068-2-27, DIN EN 60068-2-64,",3 year,PHX081S,RJ45,,,,,,,,,,,,,,,,,,,,,,,,,,,,,,,,,,
Lucid Vision,Y,PHXET081S-MC,,"2840 x 2840 px, 8.1 MP",,Sony IMX566 CMOS,11.1 mm (Type 2/3″),2.74 µm (H) x .74 µm (V),Global Shutter,C-마운트가 있는 원격 헤드,Mono,"1000BASE-T RJ45, PoEix Industrial, PoEFFC, PoE",13.8 FPS (14.8 FPS) @ 8.1 MP,28 x 28 x 28.4 mm,39 g,8 핀 JST 커넥터,"1 input, 1 output",2 bi-directional,"PoE (IEEE 802.3af), or 12-24 VDC ±5% external","PoE를 통한 3.5W, 외부 전원 공급시 3W",128 MB,"Gain, gamma, black level, white balance, LUT, CCM, pixel correction, color space conversion","Mono8/10/12/16, Bayer8/10/12/16, RGB8, BGR8, YCbCr8, YCbCr411, YUV422, YUV411, QOI_Mono8, QOI_BayerRG8, QOI_RGB8, QOI_BGR8, QOI_YCbCr8",QOI,"수평 및 수직 비닝, 서브 샘플링, ROI, 수평 및 수직 뒤집기",12 bit,0 dB ~ 48 dB 아날로그 및 디지털,25 μs ~ 10 s (Normal) 2.296 μs ~ 2.464 μs (Short Mode),1 default and 2 custom user set,16 MB,"Frame counter, offset X/Y, width/height, 노출 시간, gain, black level, line status, sequencer set","Acquisition start/end, exposure start/end, line rise/fall, error",2 counters and 2 timers,"노출 시간, gain","Software trigger, hardware trigger, PTP (IEEE 1588)",GigE Vision v2.0,"CE, KC, FCC, RoHS, REACH, WEEE",-30 to 60°C,-10 to 55°C 주변,"동작: 20% ~ 80%, relative, 비 응축","DIN EN 60068-2-27, DIN EN 60068-2-64,",3 year,PHX081S,RJ45,,,,,,,,,,,,,,,,,,,,,,,,,,,,,,,,,,
Lucid Vision,N,PHX024G,2.4 MP,"2048 x 1200 px, 2.4 MP",45.7 fps,Gpixel GMAX4002 CMOS,9.5 mm (Type 1/1.7″),4.0 µm (H) x 4.0 µm (V),Global Shutter,C-Mount / 렌즈 마운트 없음 / 플랜지가 있는 렌즈 마운트 없음 / C-마운트가 있는 원격 헤드,Mono / Color,"1000BASE-T RJ45, PoEix Industrial, PoEFFC, PoE",45.2 FPS (47.9 FPS) @ 2.4 MP,28 x 28 x 28.4 mm,39 g,8 핀 JST 커넥터,"1 input, 1 output",2 bi-directional,"PoE (IEEE 802.3af), or 12-24 VDC ±5% external","PoE를 통한 3.5W, 외부 전원 공급시 3W",128 MB,"Gain, gamma, black level, white balance, LUT, CCM, pixel correction, color space conversion","Mono8/10/12/16, Bayer8/10/12/16, RGB8, BGR8, YCbCr8, YCbCr411, YUV422, YUV411, QOI_Mono8, QOI_BayerRG8, QOI_RGB8, QOI_BGR8, QOI_YCbCr8",QOI,"세로 및 가로 뒤집기, ROI",12 bit,0 dB ~ 11.6 dB 아날로그 및 디지털,28.496 μs ~ 10 s,1 default and 2 custom user set,16 MB,"Frame counter, offset X/Y, width/height, 노출 시간, gain, black level, line status, sequencer set","Acquisition start/end, exposure start/end, line rise/fall, error",2 counters and 2 timers,"노출 시간, gain","Software trigger, hardware trigger, PTP (IEEE 1588)",GigE Vision v2.0,"CE, KC, FCC, RoHS, REACH, WEEE",-30 to 60°C,-10 to 55°C 주변,"동작: 20% ~ 80%, relative, 비 응축","DIN EN 60068-2-27, DIN EN 60068-2-64,",3 year,,,,,,,,,,,,,,,,,,,,,,,,,,,,,,,,,,,,
Lucid Vision,Y,PHX024G-CC,,"2048 x 1200 px, 2.4 MP",,Gpixel GMAX4002 CMOS,9.5 mm (Type 1/1.7″),4.0 µm (H) x 4.0 µm (V),Global Shutter,C-mount,Color,"1000BASE-T RJ45, PoEix Industrial, PoEFFC, PoE",45.2 FPS (47.9 FPS) @ 2.4 MP,28 x 28 x 28.4 mm,39 g,8 핀 JST 커넥터,"1 input, 1 output",2 bi-directional,"PoE (IEEE 802.3af), or 12-24 VDC ±5% external","PoE를 통한 3.5W, 외부 전원 공급시 3W",128 MB,"Gain, gamma, black level, white balance, LUT, CCM, pixel correction, color space conversion","Mono8/10/12/16, Bayer8/10/12/16, RGB8, BGR8, YCbCr8, YCbCr411, YUV422, YUV411, QOI_Mono8, QOI_BayerRG8, QOI_RGB8, QOI_BGR8, QOI_YCbCr8",QOI,"세로 및 가로 뒤집기, ROI",12 bit,0 dB ~ 11.6 dB 아날로그 및 디지털,28.496 μs ~ 10 s,1 default and 2 custom user set,16 MB,"Frame counter, offset X/Y, width/height, 노출 시간, gain, black level, line status, sequencer set","Acquisition start/end, exposure start/end, line rise/fall, error",2 counters and 2 timers,"노출 시간, gain","Software trigger, hardware trigger, PTP (IEEE 1588)",GigE Vision v2.0,"CE, KC, FCC, RoHS, REACH, WEEE",-30 to 60°C,-10 to 55°C 주변,"동작: 20% ~ 80%, relative, 비 응축","DIN EN 60068-2-27, DIN EN 60068-2-64,",3 year,PHX024G,RJ45,,,,,,,,,,,,,,,,,,,,,,,,,,,,,,,,,,
Lucid Vision,Y,PHX024G-MC,,"2048 x 1200 px, 2.4 MP",,Gpixel GMAX4002 CMOS,9.5 mm (Type 1/1.7″),4.0 µm (H) x 4.0 µm (V),Global Shutter,C-mount,Mono,"1000BASE-T RJ45, PoEix Industrial, PoEFFC, PoE",45.2 FPS (47.9 FPS) @ 2.4 MP,28 x 28 x 28.4 mm,39 g,8 핀 JST 커넥터,"1 input, 1 output",2 bi-directional,"PoE (IEEE 802.3af), or 12-24 VDC ±5% external","PoE를 통한 3.5W, 외부 전원 공급시 3W",128 MB,"Gain, gamma, black level, white balance, LUT, CCM, pixel correction, color space conversion","Mono8/10/12/16, Bayer8/10/12/16, RGB8, BGR8, YCbCr8, YCbCr411, YUV422, YUV411, QOI_Mono8, QOI_BayerRG8, QOI_RGB8, QOI_BGR8, QOI_YCbCr8",QOI,"세로 및 가로 뒤집기, ROI",12 bit,0 dB ~ 11.6 dB 아날로그 및 디지털,28.496 μs ~ 10 s,1 default and 2 custom user set,16 MB,"Frame counter, offset X/Y, width/height, 노출 시간, gain, black level, line status, sequencer set","Acquisition start/end, exposure start/end, line rise/fall, error",2 counters and 2 timers,"노출 시간, gain","Software trigger, hardware trigger, PTP (IEEE 1588)",GigE Vision v2.0,"CE, KC, FCC, RoHS, REACH, WEEE",-30 to 60°C,-10 to 55°C 주변,"동작: 20% ~ 80%, relative, 비 응축","DIN EN 60068-2-27, DIN EN 60068-2-64,",3 year,PHX024G,RJ45,,,,,,,,,,,,,,,,,,,,,,,,,,,,,,,,,,
Lucid Vision,Y,PHX024G-CC-IX,,"2048 x 1200 px, 2.4 MP",,Gpixel GMAX4002 CMOS,9.5 mm (Type 1/1.7″),4.0 µm (H) x 4.0 µm (V),Global Shutter,C-mount,Color,"1000BASE-T RJ45, PoEix Industrial, PoEFFC, PoE",45.2 FPS (47.9 FPS) @ 2.4 MP,28 x 28 x 28.4 mm,39 g,8 핀 JST 커넥터,"1 input, 1 output",2 bi-directional,"PoE (IEEE 802.3af), or 12-24 VDC ±5% external","PoE를 통한 3.5W, 외부 전원 공급시 3W",128 MB,"Gain, gamma, black level, white balance, LUT, CCM, pixel correction, color space conversion","Mono8/10/12/16, Bayer8/10/12/16, RGB8, BGR8, YCbCr8, YCbCr411, YUV422, YUV411, QOI_Mono8, QOI_BayerRG8, QOI_RGB8, QOI_BGR8, QOI_YCbCr8",QOI,"세로 및 가로 뒤집기, ROI",12 bit,0 dB ~ 11.6 dB 아날로그 및 디지털,28.496 μs ~ 10 s,1 default and 2 custom user set,16 MB,"Frame counter, offset X/Y, width/height, 노출 시간, gain, black level, line status, sequencer set","Acquisition start/end, exposure start/end, line rise/fall, error",2 counters and 2 timers,"노출 시간, gain","Software trigger, hardware trigger, PTP (IEEE 1588)",GigE Vision v2.0,"CE, KC, FCC, RoHS, REACH, WEEE",-30 to 60°C,-10 to 55°C 주변,"동작: 20% ~ 80%, relative, 비 응축","DIN EN 60068-2-27, DIN EN 60068-2-64,",3 year,PHX024G,ix Connector,,,,,,,,,,,,,,,,,,,,,,,,,,,,,,,,,,
Lucid Vision,Y,PHX024G-MC-IX,,"2048 x 1200 px, 2.4 MP",,Gpixel GMAX4002 CMOS,9.5 mm (Type 1/1.7″),4.0 µm (H) x 4.0 µm (V),Global Shutter,C-mount,Mono,"1000BASE-T RJ45, PoEix Industrial, PoEFFC, PoE",45.2 FPS (47.9 FPS) @ 2.4 MP,28 x 28 x 28.4 mm,39 g,8 핀 JST 커넥터,"1 input, 1 output",2 bi-directional,"PoE (IEEE 802.3af), or 12-24 VDC ±5% external","PoE를 통한 3.5W, 외부 전원 공급시 3W",128 MB,"Gain, gamma, black level, white balance, LUT, CCM, pixel correction, color space conversion","Mono8/10/12/16, Bayer8/10/12/16, RGB8, BGR8, YCbCr8, YCbCr411, YUV422, YUV411, QOI_Mono8, QOI_BayerRG8, QOI_RGB8, QOI_BGR8, QOI_YCbCr8",QOI,"세로 및 가로 뒤집기, ROI",12 bit,0 dB ~ 11.6 dB 아날로그 및 디지털,28.496 μs ~ 10 s,1 default and 2 custom user set,16 MB,"Frame counter, offset X/Y, width/height, 노출 시간, gain, black level, line status, sequencer set","Acquisition start/end, exposure start/end, line rise/fall, error",2 counters and 2 timers,"노출 시간, gain","Software trigger, hardware trigger, PTP (IEEE 1588)",GigE Vision v2.0,"CE, KC, FCC, RoHS, REACH, WEEE",-30 to 60°C,-10 to 55°C 주변,"동작: 20% ~ 80%, relative, 비 응축","DIN EN 60068-2-27, DIN EN 60068-2-64,",3 year,PHX024G,ix Connector,,,,,,,,,,,,,,,,,,,,,,,,,,,,,,,,,,
Lucid Vision,Y,PHX024G-CC-FFC,,"2048 x 1200 px, 2.4 MP",,Gpixel GMAX4002 CMOS,9.5 mm (Type 1/1.7″),4.0 µm (H) x 4.0 µm (V),Global Shutter,C-mount,Color,"1000BASE-T RJ45, PoEix Industrial, PoEFFC, PoE",45.2 FPS (47.9 FPS) @ 2.4 MP,28 x 28 x 28.4 mm,39 g,8 핀 JST 커넥터,"1 input, 1 output",2 bi-directional,"PoE (IEEE 802.3af), or 12-24 VDC ±5% external","PoE를 통한 3.5W, 외부 전원 공급시 3W",128 MB,"Gain, gamma, black level, white balance, LUT, CCM, pixel correction, color space conversion","Mono8/10/12/16, Bayer8/10/12/16, RGB8, BGR8, YCbCr8, YCbCr411, YUV422, YUV411, QOI_Mono8, QOI_BayerRG8, QOI_RGB8, QOI_BGR8, QOI_YCbCr8",QOI,"세로 및 가로 뒤집기, ROI",12 bit,0 dB ~ 11.6 dB 아날로그 및 디지털,28.496 μs ~ 10 s,1 default and 2 custom user set,16 MB,"Frame counter, offset X/Y, width/height, 노출 시간, gain, black level, line status, sequencer set","Acquisition start/end, exposure start/end, line rise/fall, error",2 counters and 2 timers,"노출 시간, gain","Software trigger, hardware trigger, PTP (IEEE 1588)",GigE Vision v2.0,"CE, KC, FCC, RoHS, REACH, WEEE",-30 to 60°C,-10 to 55°C 주변,"동작: 20% ~ 80%, relative, 비 응축","DIN EN 60068-2-27, DIN EN 60068-2-64,",3 year,PHX024G,FFC (ZIF),,,,,,,,,,,,,,,,,,,,,,,,,,,,,,,,,,
Lucid Vision,Y,PHX024G-MC-FFC,,"2048 x 1200 px, 2.4 MP",,Gpixel GMAX4002 CMOS,9.5 mm (Type 1/1.7″),4.0 µm (H) x 4.0 µm (V),Global Shutter,C-mount,Mono,"1000BASE-T RJ45, PoEix Industrial, PoEFFC, PoE",45.2 FPS (47.9 FPS) @ 2.4 MP,28 x 28 x 28.4 mm,39 g,8 핀 JST 커넥터,"1 input, 1 output",2 bi-directional,"PoE (IEEE 802.3af), or 12-24 VDC ±5% external","PoE를 통한 3.5W, 외부 전원 공급시 3W",128 MB,"Gain, gamma, black level, white balance, LUT, CCM, pixel correction, color space conversion","Mono8/10/12/16, Bayer8/10/12/16, RGB8, BGR8, YCbCr8, YCbCr411, YUV422, YUV411, QOI_Mono8, QOI_BayerRG8, QOI_RGB8, QOI_BGR8, QOI_YCbCr8",QOI,"세로 및 가로 뒤집기, ROI",12 bit,0 dB ~ 11.6 dB 아날로그 및 디지털,28.496 μs ~ 10 s,1 default and 2 custom user set,16 MB,"Frame counter, offset X/Y, width/height, 노출 시간, gain, black level, line status, sequencer set","Acquisition start/end, exposure start/end, line rise/fall, error",2 counters and 2 timers,"노출 시간, gain","Software trigger, hardware trigger, PTP (IEEE 1588)",GigE Vision v2.0,"CE, KC, FCC, RoHS, REACH, WEEE",-30 to 60°C,-10 to 55°C 주변,"동작: 20% ~ 80%, relative, 비 응축","DIN EN 60068-2-27, DIN EN 60068-2-64,",3 year,PHX024G,FFC (ZIF),,,,,,,,,,,,,,,,,,,,,,,,,,,,,,,,,,
Lucid Vision,Y,PHX024G-CNL,,"2048 x 1200 px, 2.4 MP",,Gpixel GMAX4002 CMOS,9.5 mm (Type 1/1.7″),4.0 µm (H) x 4.0 µm (V),Global Shutter,렌즈 마운트 없음,Color,"1000BASE-T RJ45, PoEix Industrial, PoEFFC, PoE",45.2 FPS (47.9 FPS) @ 2.4 MP,28 x 28 x 28.4 mm,39 g,8 핀 JST 커넥터,"1 input, 1 output",2 bi-directional,"PoE (IEEE 802.3af), or 12-24 VDC ±5% external","PoE를 통한 3.5W, 외부 전원 공급시 3W",128 MB,"Gain, gamma, black level, white balance, LUT, CCM, pixel correction, color space conversion","Mono8/10/12/16, Bayer8/10/12/16, RGB8, BGR8, YCbCr8, YCbCr411, YUV422, YUV411, QOI_Mono8, QOI_BayerRG8, QOI_RGB8, QOI_BGR8, QOI_YCbCr8",QOI,"세로 및 가로 뒤집기, ROI",12 bit,0 dB ~ 11.6 dB 아날로그 및 디지털,28.496 μs ~ 10 s,1 default and 2 custom user set,16 MB,"Frame counter, offset X/Y, width/height, 노출 시간, gain, black level, line status, sequencer set","Acquisition start/end, exposure start/end, line rise/fall, error",2 counters and 2 timers,"노출 시간, gain","Software trigger, hardware trigger, PTP (IEEE 1588)",GigE Vision v2.0,"CE, KC, FCC, RoHS, REACH, WEEE",-30 to 60°C,-10 to 55°C 주변,"동작: 20% ~ 80%, relative, 비 응축","DIN EN 60068-2-27, DIN EN 60068-2-64,",3 year,PHX024G,RJ45,,,,,,,,,,,,,,,,,,,,,,,,,,,,,,,,,,
Lucid Vision,Y,PHX024G-MNL,,"2048 x 1200 px, 2.4 MP",,Gpixel GMAX4002 CMOS,9.5 mm (Type 1/1.7″),4.0 µm (H) x 4.0 µm (V),Global Shutter,렌즈 마운트 없음,Mono,"1000BASE-T RJ45, PoEix Industrial, PoEFFC, PoE",45.2 FPS (47.9 FPS) @ 2.4 MP,28 x 28 x 28.4 mm,39 g,8 핀 JST 커넥터,"1 input, 1 output",2 bi-directional,"PoE (IEEE 802.3af), or 12-24 VDC ±5% external","PoE를 통한 3.5W, 외부 전원 공급시 3W",128 MB,"Gain, gamma, black level, white balance, LUT, CCM, pixel correction, color space conversion","Mono8/10/12/16, Bayer8/10/12/16, RGB8, BGR8, YCbCr8, YCbCr411, YUV422, YUV411, QOI_Mono8, QOI_BayerRG8, QOI_RGB8, QOI_BGR8, QOI_YCbCr8",QOI,"세로 및 가로 뒤집기, ROI",12 bit,0 dB ~ 11.6 dB 아날로그 및 디지털,28.496 μs ~ 10 s,1 default and 2 custom user set,16 MB,"Frame counter, offset X/Y, width/height, 노출 시간, gain, black level, line status, sequencer set","Acquisition start/end, exposure start/end, line rise/fall, error",2 counters and 2 timers,"노출 시간, gain","Software trigger, hardware trigger, PTP (IEEE 1588)",GigE Vision v2.0,"CE, KC, FCC, RoHS, REACH, WEEE",-30 to 60°C,-10 to 55°C 주변,"동작: 20% ~ 80%, relative, 비 응축","DIN EN 60068-2-27, DIN EN 60068-2-64,",3 year,PHX024G,RJ45,,,,,,,,,,,,,,,,,,,,,,,,,,,,,,,,,,
Lucid Vision,Y,PHX024G-CNL-IX,,"2048 x 1200 px, 2.4 MP",,Gpixel GMAX4002 CMOS,9.5 mm (Type 1/1.7″),4.0 µm (H) x 4.0 µm (V),Global Shutter,렌즈 마운트 없음,Color,"1000BASE-T RJ45, PoEix Industrial, PoEFFC, PoE",45.2 FPS (47.9 FPS) @ 2.4 MP,28 x 28 x 28.4 mm,39 g,8 핀 JST 커넥터,"1 input, 1 output",2 bi-directional,"PoE (IEEE 802.3af), or 12-24 VDC ±5% external","PoE를 통한 3.5W, 외부 전원 공급시 3W",128 MB,"Gain, gamma, black level, white balance, LUT, CCM, pixel correction, color space conversion","Mono8/10/12/16, Bayer8/10/12/16, RGB8, BGR8, YCbCr8, YCbCr411, YUV422, YUV411, QOI_Mono8, QOI_BayerRG8, QOI_RGB8, QOI_BGR8, QOI_YCbCr8",QOI,"세로 및 가로 뒤집기, ROI",12 bit,0 dB ~ 11.6 dB 아날로그 및 디지털,28.496 μs ~ 10 s,1 default and 2 custom user set,16 MB,"Frame counter, offset X/Y, width/height, 노출 시간, gain, black level, line status, sequencer set","Acquisition start/end, exposure start/end, line rise/fall, error",2 counters and 2 timers,"노출 시간, gain","Software trigger, hardware trigger, PTP (IEEE 1588)",GigE Vision v2.0,"CE, KC, FCC, RoHS, REACH, WEEE",-30 to 60°C,-10 to 55°C 주변,"동작: 20% ~ 80%, relative, 비 응축","DIN EN 60068-2-27, DIN EN 60068-2-64,",3 year,PHX024G,ix Connector,,,,,,,,,,,,,,,,,,,,,,,,,,,,,,,,,,
Lucid Vision,Y,PHX024G-MNL-IX,,"2048 x 1200 px, 2.4 MP",,Gpixel GMAX4002 CMOS,9.5 mm (Type 1/1.7″),4.0 µm (H) x 4.0 µm (V),Global Shutter,렌즈 마운트 없음,Mono,"1000BASE-T RJ45, PoEix Industrial, PoEFFC, PoE",45.2 FPS (47.9 FPS) @ 2.4 MP,28 x 28 x 28.4 mm,39 g,8 핀 JST 커넥터,"1 input, 1 output",2 bi-directional,"PoE (IEEE 802.3af), or 12-24 VDC ±5% external","PoE를 통한 3.5W, 외부 전원 공급시 3W",128 MB,"Gain, gamma, black level, white balance, LUT, CCM, pixel correction, color space conversion","Mono8/10/12/16, Bayer8/10/12/16, RGB8, BGR8, YCbCr8, YCbCr411, YUV422, YUV411, QOI_Mono8, QOI_BayerRG8, QOI_RGB8, QOI_BGR8, QOI_YCbCr8",QOI,"세로 및 가로 뒤집기, ROI",12 bit,0 dB ~ 11.6 dB 아날로그 및 디지털,28.496 μs ~ 10 s,1 default and 2 custom user set,16 MB,"Frame counter, offset X/Y, width/height, 노출 시간, gain, black level, line status, sequencer set","Acquisition start/end, exposure start/end, line rise/fall, error",2 counters and 2 timers,"노출 시간, gain","Software trigger, hardware trigger, PTP (IEEE 1588)",GigE Vision v2.0,"CE, KC, FCC, RoHS, REACH, WEEE",-30 to 60°C,-10 to 55°C 주변,"동작: 20% ~ 80%, relative, 비 응축","DIN EN 60068-2-27, DIN EN 60068-2-64,",3 year,PHX024G,ix Connector,,,,,,,,,,,,,,,,,,,,,,,,,,,,,,,,,,
Lucid Vision,Y,PHX024G-CNL-FFC,,"2048 x 1200 px, 2.4 MP",,Gpixel GMAX4002 CMOS,9.5 mm (Type 1/1.7″),4.0 µm (H) x 4.0 µm (V),Global Shutter,렌즈 마운트 없음,Color,"1000BASE-T RJ45, PoEix Industrial, PoEFFC, PoE",45.2 FPS (47.9 FPS) @ 2.4 MP,28 x 28 x 28.4 mm,39 g,8 핀 JST 커넥터,"1 input, 1 output",2 bi-directional,"PoE (IEEE 802.3af), or 12-24 VDC ±5% external","PoE를 통한 3.5W, 외부 전원 공급시 3W",128 MB,"Gain, gamma, black level, white balance, LUT, CCM, pixel correction, color space conversion","Mono8/10/12/16, Bayer8/10/12/16, RGB8, BGR8, YCbCr8, YCbCr411, YUV422, YUV411, QOI_Mono8, QOI_BayerRG8, QOI_RGB8, QOI_BGR8, QOI_YCbCr8",QOI,"세로 및 가로 뒤집기, ROI",12 bit,0 dB ~ 11.6 dB 아날로그 및 디지털,28.496 μs ~ 10 s,1 default and 2 custom user set,16 MB,"Frame counter, offset X/Y, width/height, 노출 시간, gain, black level, line status, sequencer set","Acquisition start/end, exposure start/end, line rise/fall, error",2 counters and 2 timers,"노출 시간, gain","Software trigger, hardware trigger, PTP (IEEE 1588)",GigE Vision v2.0,"CE, KC, FCC, RoHS, REACH, WEEE",-30 to 60°C,-10 to 55°C 주변,"동작: 20% ~ 80%, relative, 비 응축","DIN EN 60068-2-27, DIN EN 60068-2-64,",3 year,PHX024G,FFC (ZIF),,,,,,,,,,,,,,,,,,,,,,,,,,,,,,,,,,
Lucid Vision,Y,PHX024G-MNL-FFC,,"2048 x 1200 px, 2.4 MP",,Gpixel GMAX4002 CMOS,9.5 mm (Type 1/1.7″),4.0 µm (H) x 4.0 µm (V),Global Shutter,렌즈 마운트 없음,Mono,"1000BASE-T RJ45, PoEix Industrial, PoEFFC, PoE",45.2 FPS (47.9 FPS) @ 2.4 MP,28 x 28 x 28.4 mm,39 g,8 핀 JST 커넥터,"1 input, 1 output",2 bi-directional,"PoE (IEEE 802.3af), or 12-24 VDC ±5% external","PoE를 통한 3.5W, 외부 전원 공급시 3W",128 MB,"Gain, gamma, black level, white balance, LUT, CCM, pixel correction, color space conversion","Mono8/10/12/16, Bayer8/10/12/16, RGB8, BGR8, YCbCr8, YCbCr411, YUV422, YUV411, QOI_Mono8, QOI_BayerRG8, QOI_RGB8, QOI_BGR8, QOI_YCbCr8",QOI,"세로 및 가로 뒤집기, ROI",12 bit,0 dB ~ 11.6 dB 아날로그 및 디지털,28.496 μs ~ 10 s,1 default and 2 custom user set,16 MB,"Frame counter, offset X/Y, width/height, 노출 시간, gain, black level, line status, sequencer set","Acquisition start/end, exposure start/end, line rise/fall, error",2 counters and 2 timers,"노출 시간, gain","Software trigger, hardware trigger, PTP (IEEE 1588)",GigE Vision v2.0,"CE, KC, FCC, RoHS, REACH, WEEE",-30 to 60°C,-10 to 55°C 주변,"동작: 20% ~ 80%, relative, 비 응축","DIN EN 60068-2-27, DIN EN 60068-2-64,",3 year,PHX024G,FFC (ZIF),,,,,,,,,,,,,,,,,,,,,,,,,,,,,,,,,,
Lucid Vision,Y,PHX024G-CNLF,,"2048 x 1200 px, 2.4 MP",,Gpixel GMAX4002 CMOS,9.5 mm (Type 1/1.7″),4.0 µm (H) x 4.0 µm (V),Global Shutter,플랜지가 있는 렌즈 마운트 없음,Color,"1000BASE-T RJ45, PoEix Industrial, PoEFFC, PoE",45.2 FPS (47.9 FPS) @ 2.4 MP,28 x 28 x 28.4 mm,39 g,8 핀 JST 커넥터,"1 input, 1 output",2 bi-directional,"PoE (IEEE 802.3af), or 12-24 VDC ±5% external","PoE를 통한 3.5W, 외부 전원 공급시 3W",128 MB,"Gain, gamma, black level, white balance, LUT, CCM, pixel correction, color space conversion","Mono8/10/12/16, Bayer8/10/12/16, RGB8, BGR8, YCbCr8, YCbCr411, YUV422, YUV411, QOI_Mono8, QOI_BayerRG8, QOI_RGB8, QOI_BGR8, QOI_YCbCr8",QOI,"세로 및 가로 뒤집기, ROI",12 bit,0 dB ~ 11.6 dB 아날로그 및 디지털,28.496 μs ~ 10 s,1 default and 2 custom user set,16 MB,"Frame counter, offset X/Y, width/height, 노출 시간, gain, black level, line status, sequencer set","Acquisition start/end, exposure start/end, line rise/fall, error",2 counters and 2 timers,"노출 시간, gain","Software trigger, hardware trigger, PTP (IEEE 1588)",GigE Vision v2.0,"CE, KC, FCC, RoHS, REACH, WEEE",-30 to 60°C,-10 to 55°C 주변,"동작: 20% ~ 80%, relative, 비 응축","DIN EN 60068-2-27, DIN EN 60068-2-64,",3 year,PHX024G,RJ45,,,,,,,,,,,,,,,,,,,,,,,,,,,,,,,,,,
Lucid Vision,Y,PHX024G-MNLF,,"2048 x 1200 px, 2.4 MP",,Gpixel GMAX4002 CMOS,9.5 mm (Type 1/1.7″),4.0 µm (H) x 4.0 µm (V),Global Shutter,플랜지가 있는 렌즈 마운트 없음,Mono,"1000BASE-T RJ45, PoEix Industrial, PoEFFC, PoE",45.2 FPS (47.9 FPS) @ 2.4 MP,28 x 28 x 28.4 mm,39 g,8 핀 JST 커넥터,"1 input, 1 output",2 bi-directional,"PoE (IEEE 802.3af), or 12-24 VDC ±5% external","PoE를 통한 3.5W, 외부 전원 공급시 3W",128 MB,"Gain, gamma, black level, white balance, LUT, CCM, pixel correction, color space conversion","Mono8/10/12/16, Bayer8/10/12/16, RGB8, BGR8, YCbCr8, YCbCr411, YUV422, YUV411, QOI_Mono8, QOI_BayerRG8, QOI_RGB8, QOI_BGR8, QOI_YCbCr8",QOI,"세로 및 가로 뒤집기, ROI",12 bit,0 dB ~ 11.6 dB 아날로그 및 디지털,28.496 μs ~ 10 s,1 default and 2 custom user set,16 MB,"Frame counter, offset X/Y, width/height, 노출 시간, gain, black level, line status, sequencer set","Acquisition start/end, exposure start/end, line rise/fall, error",2 counters and 2 timers,"노출 시간, gain","Software trigger, hardware trigger, PTP (IEEE 1588)",GigE Vision v2.0,"CE, KC, FCC, RoHS, REACH, WEEE",-30 to 60°C,-10 to 55°C 주변,"동작: 20% ~ 80%, relative, 비 응축","DIN EN 60068-2-27, DIN EN 60068-2-64,",3 year,PHX024G,RJ45,,,,,,,,,,,,,,,,,,,,,,,,,,,,,,,,,,
Lucid Vision,Y,PHXET024G-CC,,"2048 x 1200 px, 2.4 MP",,Gpixel GMAX4002 CMOS,9.5 mm (Type 1/1.7″),4.0 µm (H) x 4.0 µm (V),Global Shutter,C-마운트가 있는 원격 헤드,Color,"1000BASE-T RJ45, PoEix Industrial, PoEFFC, PoE",45.2 FPS (47.9 FPS) @ 2.4 MP,28 x 28 x 28.4 mm,39 g,8 핀 JST 커넥터,"1 input, 1 output",2 bi-directional,"PoE (IEEE 802.3af), or 12-24 VDC ±5% external","PoE를 통한 3.5W, 외부 전원 공급시 3W",128 MB,"Gain, gamma, black level, white balance, LUT, CCM, pixel correction, color space conversion","Mono8/10/12/16, Bayer8/10/12/16, RGB8, BGR8, YCbCr8, YCbCr411, YUV422, YUV411, QOI_Mono8, QOI_BayerRG8, QOI_RGB8, QOI_BGR8, QOI_YCbCr8",QOI,"세로 및 가로 뒤집기, ROI",12 bit,0 dB ~ 11.6 dB 아날로그 및 디지털,28.496 μs ~ 10 s,1 default and 2 custom user set,16 MB,"Frame counter, offset X/Y, width/height, 노출 시간, gain, black level, line status, sequencer set","Acquisition start/end, exposure start/end, line rise/fall, error",2 counters and 2 timers,"노출 시간, gain","Software trigger, hardware trigger, PTP (IEEE 1588)",GigE Vision v2.0,"CE, KC, FCC, RoHS, REACH, WEEE",-30 to 60°C,-10 to 55°C 주변,"동작: 20% ~ 80%, relative, 비 응축","DIN EN 60068-2-27, DIN EN 60068-2-64,",3 year,PHX024G,RJ45,,,,,,,,,,,,,,,,,,,,,,,,,,,,,,,,,,
Lucid Vision,Y,PHXET024G-MC,,"2048 x 1200 px, 2.4 MP",,Gpixel GMAX4002 CMOS,9.5 mm (Type 1/1.7″),4.0 µm (H) x 4.0 µm (V),Global Shutter,C-마운트가 있는 원격 헤드,Mono,"1000BASE-T RJ45, PoEix Industrial, PoEFFC, PoE",45.2 FPS (47.9 FPS) @ 2.4 MP,28 x 28 x 28.4 mm,39 g,8 핀 JST 커넥터,"1 input, 1 output",2 bi-directional,"PoE (IEEE 802.3af), or 12-24 VDC ±5% external","PoE를 통한 3.5W, 외부 전원 공급시 3W",128 MB,"Gain, gamma, black level, white balance, LUT, CCM, pixel correction, color space conversion","Mono8/10/12/16, Bayer8/10/12/16, RGB8, BGR8, YCbCr8, YCbCr411, YUV422, YUV411, QOI_Mono8, QOI_BayerRG8, QOI_RGB8, QOI_BGR8, QOI_YCbCr8",QOI,"세로 및 가로 뒤집기, ROI",12 bit,0 dB ~ 11.6 dB 아날로그 및 디지털,28.496 μs ~ 10 s,1 default and 2 custom user set,16 MB,"Frame counter, offset X/Y, width/height, 노출 시간, gain, black level, line status, sequencer set","Acquisition start/end, exposure start/end, line rise/fall, error",2 counters and 2 timers,"노출 시간, gain","Software trigger, hardware trigger, PTP (IEEE 1588)",GigE Vision v2.0,"CE, KC, FCC, RoHS, REACH, WEEE",-30 to 60°C,-10 to 55°C 주변,"동작: 20% ~ 80%, relative, 비 응축","DIN EN 60068-2-27, DIN EN 60068-2-64,",3 year,PHX024G,RJ45,,,,,,,,,,,,,,,,,,,,,,,,,,,,,,,,,,
Lucid Vision,N,PHX122S,12.2 MP,"4024 x 3036 px, 12.2 MP",9.1 fps,Sony IMX226 CMOS (BSI Starvis),9.33 mm (Type 1/1.7″),1.85 µm (H) x 1.85 µm (V),Rolling shutter with global reset,"C-Mount, No Lens Mount, No Lens Mount with Flange, C-Mount Extended Head",Mono / Color,"1000BASE-T RJ45, PoE ix Industrial, PoE FFC, PoE",9.1 FPS (9.8 FPS) @ 12.2 MP,"24x24x27.35 mm, (No lens mount 24x24x18.7 mm)","30 g, (No lens mount 20 g)",8 핀 JST 커넥터,"1 input, 1 output",2 bi-directional,"PoE (IEEE 802.3af), or 12-24 VDC ±5% external","PoE를 통한 2.9W, 외부 전원 공급시 2.5W",128 MB,"Gain, gamma, black level, white balance, LUT, CCM, pixel correction, color space conversion","Mono8/10/12/16, Bayer8/10/12/16, RGB8, BGR8, YCbCr8, YCbCr411, YUV422, YUV411, QOI_Mono8, QOI_BayerRG8, QOI_RGB8, QOI_BGR8, QOI_YCbCr8",QOI,"수평 및 수직 비닝, ROI, 수직 뒤집기",12 bit,0 dB ~ 27 dB 아날로그 및 디지털,266.6 μs ~ 2 s,1 default and 2 custom user set,16 MB,"Frame counter, offset X/Y, width/height, 노출 시간, gain, black level, line status, sequencer set","Acquisition start/end, exposure start/end, line rise/fall, error",2 counters and 2 timers,"노출 시간, gain","Software trigger, hardware trigger, PTP (IEEE 1588)",GigE Vision v2.0,"CE, KC, FCC, RoHS, REACH, WEEE",-30 to 60°C,-10 to 55°C 주변,"동작: 20% ~ 80%, relative, 비 응축","DIN EN 60068-2-27, DIN EN 60068-2-64,",3 year,,,,,,,,,,,,,,,,,,,,,,,,,,,,,,,,,,,,
Lucid Vision,Y,PHX122S-CC,,"4024 x 3036 px, 12.2 MP",,Sony IMX226 CMOS (BSI Starvis),9.33 mm (Type 1/1.7″),1.85 µm (H) x 1.85 µm (V),Rolling shutter with global reset,C-Mount,Color,"1000BASE-T RJ45, PoE ix Industrial, PoE FFC, PoE",9.1 FPS (9.8 FPS) @ 12.2 MP,"24x24x27.35 mm, (No lens mount 24x24x18.7 mm)","30 g, (No lens mount 20 g)",8 핀 JST 커넥터,"1 input, 1 output",2 bi-directional,"PoE (IEEE 802.3af), or 12-24 VDC ±5% external","PoE를 통한 2.9W, 외부 전원 공급시 2.5W",128 MB,"Gain, gamma, black level, white balance, LUT, CCM, pixel correction, color space conversion","Mono8/10/12/16, Bayer8/10/12/16, RGB8, BGR8, YCbCr8, YCbCr411, YUV422, YUV411, QOI_Mono8, QOI_BayerRG8, QOI_RGB8, QOI_BGR8, QOI_YCbCr8",QOI,"수평 및 수직 비닝, ROI, 수직 뒤집기",12 bit,0 dB ~ 27 dB 아날로그 및 디지털,266.6 μs ~ 2 s,1 default and 2 custom user set,16 MB,"Frame counter, offset X/Y, width/height, 노출 시간, gain, black level, line status, sequencer set","Acquisition start/end, exposure start/end, line rise/fall, error",2 counters and 2 timers,"노출 시간, gain","Software trigger, hardware trigger, PTP (IEEE 1588)",GigE Vision v2.0,"CE, KC, FCC, RoHS, REACH, WEEE",-30 to 60°C,-10 to 55°C 주변,"동작: 20% ~ 80%, relative, 비 응축","DIN EN 60068-2-27, DIN EN 60068-2-64,",3 year,PHX122S,RJ45,,,,,,,,,,,,,,,,,,,,,,,,,,,,,,,,,,
Lucid Vision,Y,PHX122S-MC,,"4024 x 3036 px, 12.2 MP",,Sony IMX226 CMOS (BSI Starvis),9.33 mm (Type 1/1.7″),1.85 µm (H) x 1.85 µm (V),Rolling shutter with global reset,C-Mount,Mono,"1000BASE-T RJ45, PoE ix Industrial, PoE FFC, PoE",9.1 FPS (9.8 FPS) @ 12.2 MP,"24x24x27.35 mm, (No lens mount 24x24x18.7 mm)","30 g, (No lens mount 20 g)",8 핀 JST 커넥터,"1 input, 1 output",2 bi-directional,"PoE (IEEE 802.3af), or 12-24 VDC ±5% external","PoE를 통한 2.9W, 외부 전원 공급시 2.5W",128 MB,"Gain, gamma, black level, white balance, LUT, CCM, pixel correction, color space conversion","Mono8/10/12/16, Bayer8/10/12/16, RGB8, BGR8, YCbCr8, YCbCr411, YUV422, YUV411, QOI_Mono8, QOI_BayerRG8, QOI_RGB8, QOI_BGR8, QOI_YCbCr8",QOI,"수평 및 수직 비닝, ROI, 수직 뒤집기",12 bit,0 dB ~ 27 dB 아날로그 및 디지털,266.6 μs ~ 2 s,1 default and 2 custom user set,16 MB,"Frame counter, offset X/Y, width/height, 노출 시간, gain, black level, line status, sequencer set","Acquisition start/end, exposure start/end, line rise/fall, error",2 counters and 2 timers,"노출 시간, gain","Software trigger, hardware trigger, PTP (IEEE 1588)",GigE Vision v2.0,"CE, KC, FCC, RoHS, REACH, WEEE",-30 to 60°C,-10 to 55°C 주변,"동작: 20% ~ 80%, relative, 비 응축","DIN EN 60068-2-27, DIN EN 60068-2-64,",3 year,PHX122S,RJ45,,,,,,,,,,,,,,,,,,,,,,,,,,,,,,,,,,
Lucid Vision,Y,PHX122S-CNL,,"4024 x 3036 px, 12.2 MP",,Sony IMX226 CMOS (BSI Starvis),9.33 mm (Type 1/1.7″),1.85 µm (H) x 1.85 µm (V),Rolling shutter with global reset,No Lens Mount,Color,"1000BASE-T RJ45, PoE ix Industrial, PoE FFC, PoE",9.1 FPS (9.8 FPS) @ 12.2 MP,"24x24x27.35 mm, (No lens mount 24x24x18.7 mm)","30 g, (No lens mount 20 g)",8 핀 JST 커넥터,"1 input, 1 output",2 bi-directional,"PoE (IEEE 802.3af), or 12-24 VDC ±5% external","PoE를 통한 2.9W, 외부 전원 공급시 2.5W",128 MB,"Gain, gamma, black level, white balance, LUT, CCM, pixel correction, color space conversion","Mono8/10/12/16, Bayer8/10/12/16, RGB8, BGR8, YCbCr8, YCbCr411, YUV422, YUV411, QOI_Mono8, QOI_BayerRG8, QOI_RGB8, QOI_BGR8, QOI_YCbCr8",QOI,"수평 및 수직 비닝, ROI, 수직 뒤집기",12 bit,0 dB ~ 27 dB 아날로그 및 디지털,266.6 μs ~ 2 s,1 default and 2 custom user set,16 MB,"Frame counter, offset X/Y, width/height, 노출 시간, gain, black level, line status, sequencer set","Acquisition start/end, exposure start/end, line rise/fall, error",2 counters and 2 timers,"노출 시간, gain","Software trigger, hardware trigger, PTP (IEEE 1588)",GigE Vision v2.0,"CE, KC, FCC, RoHS, REACH, WEEE",-30 to 60°C,-10 to 55°C 주변,"동작: 20% ~ 80%, relative, 비 응축","DIN EN 60068-2-27, DIN EN 60068-2-64,",3 year,PHX122S,RJ45,,,,,,,,,,,,,,,,,,,,,,,,,,,,,,,,,,
Lucid Vision,Y,PHX122S-MNL,,"4024 x 3036 px, 12.2 MP",,Sony IMX226 CMOS (BSI Starvis),9.33 mm (Type 1/1.7″),1.85 µm (H) x 1.85 µm (V),Rolling shutter with global reset,No Lens Mount,Mono,"1000BASE-T RJ45, PoE ix Industrial, PoE FFC, PoE",9.1 FPS (9.8 FPS) @ 12.2 MP,"24x24x27.35 mm, (No lens mount 24x24x18.7 mm)","30 g, (No lens mount 20 g)",8 핀 JST 커넥터,"1 input, 1 output",2 bi-directional,"PoE (IEEE 802.3af), or 12-24 VDC ±5% external","PoE를 통한 2.9W, 외부 전원 공급시 2.5W",128 MB,"Gain, gamma, black level, white balance, LUT, CCM, pixel correction, color space conversion","Mono8/10/12/16, Bayer8/10/12/16, RGB8, BGR8, YCbCr8, YCbCr411, YUV422, YUV411, QOI_Mono8, QOI_BayerRG8, QOI_RGB8, QOI_BGR8, QOI_YCbCr8",QOI,"수평 및 수직 비닝, ROI, 수직 뒤집기",12 bit,0 dB ~ 27 dB 아날로그 및 디지털,266.6 μs ~ 2 s,1 default and 2 custom user set,16 MB,"Frame counter, offset X/Y, width/height, 노출 시간, gain, black level, line status, sequencer set","Acquisition start/end, exposure start/end, line rise/fall, error",2 counters and 2 timers,"노출 시간, gain","Software trigger, hardware trigger, PTP (IEEE 1588)",GigE Vision v2.0,"CE, KC, FCC, RoHS, REACH, WEEE",-30 to 60°C,-10 to 55°C 주변,"동작: 20% ~ 80%, relative, 비 응축","DIN EN 60068-2-27, DIN EN 60068-2-64,",3 year,PHX122S,RJ45,,,,,,,,,,,,,,,,,,,,,,,,,,,,,,,,,,
Lucid Vision,Y,PHX122S-CNLF,,"4024 x 3036 px, 12.2 MP",,Sony IMX226 CMOS (BSI Starvis),9.33 mm (Type 1/1.7″),1.85 µm (H) x 1.85 µm (V),Rolling shutter with global reset,No Lens Mount w/ Flange,Color,"1000BASE-T RJ45, PoE ix Industrial, PoE FFC, PoE",9.1 FPS (9.8 FPS) @ 12.2 MP,"24x24x27.35 mm, (No lens mount 24x24x18.7 mm)","30 g, (No lens mount 20 g)",8 핀 JST 커넥터,"1 input, 1 output",2 bi-directional,"PoE (IEEE 802.3af), or 12-24 VDC ±5% external","PoE를 통한 2.9W, 외부 전원 공급시 2.5W",128 MB,"Gain, gamma, black level, white balance, LUT, CCM, pixel correction, color space conversion","Mono8/10/12/16, Bayer8/10/12/16, RGB8, BGR8, YCbCr8, YCbCr411, YUV422, YUV411, QOI_Mono8, QOI_BayerRG8, QOI_RGB8, QOI_BGR8, QOI_YCbCr8",QOI,"수평 및 수직 비닝, ROI, 수직 뒤집기",12 bit,0 dB ~ 27 dB 아날로그 및 디지털,266.6 μs ~ 2 s,1 default and 2 custom user set,16 MB,"Frame counter, offset X/Y, width/height, 노출 시간, gain, black level, line status, sequencer set","Acquisition start/end, exposure start/end, line rise/fall, error",2 counters and 2 timers,"노출 시간, gain","Software trigger, hardware trigger, PTP (IEEE 1588)",GigE Vision v2.0,"CE, KC, FCC, RoHS, REACH, WEEE",-30 to 60°C,-10 to 55°C 주변,"동작: 20% ~ 80%, relative, 비 응축","DIN EN 60068-2-27, DIN EN 60068-2-64,",3 year,PHX122S,RJ45,,,,,,,,,,,,,,,,,,,,,,,,,,,,,,,,,,
Lucid Vision,Y,PHX122S-MNLF,,"4024 x 3036 px, 12.2 MP",,Sony IMX226 CMOS (BSI Starvis),9.33 mm (Type 1/1.7″),1.85 µm (H) x 1.85 µm (V),Rolling shutter with global reset,No Lens Mount w/ Flange,Mono,"1000BASE-T RJ45, PoE ix Industrial, PoE FFC, PoE",9.1 FPS (9.8 FPS) @ 12.2 MP,"24x24x27.35 mm, (No lens mount 24x24x18.7 mm)","30 g, (No lens mount 20 g)",8 핀 JST 커넥터,"1 input, 1 output",2 bi-directional,"PoE (IEEE 802.3af), or 12-24 VDC ±5% external","PoE를 통한 2.9W, 외부 전원 공급시 2.5W",128 MB,"Gain, gamma, black level, white balance, LUT, CCM, pixel correction, color space conversion","Mono8/10/12/16, Bayer8/10/12/16, RGB8, BGR8, YCbCr8, YCbCr411, YUV422, YUV411, QOI_Mono8, QOI_BayerRG8, QOI_RGB8, QOI_BGR8, QOI_YCbCr8",QOI,"수평 및 수직 비닝, ROI, 수직 뒤집기",12 bit,0 dB ~ 27 dB 아날로그 및 디지털,266.6 μs ~ 2 s,1 default and 2 custom user set,16 MB,"Frame counter, offset X/Y, width/height, 노출 시간, gain, black level, line status, sequencer set","Acquisition start/end, exposure start/end, line rise/fall, error",2 counters and 2 timers,"노출 시간, gain","Software trigger, hardware trigger, PTP (IEEE 1588)",GigE Vision v2.0,"CE, KC, FCC, RoHS, REACH, WEEE",-30 to 60°C,-10 to 55°C 주변,"동작: 20% ~ 80%, relative, 비 응축","DIN EN 60068-2-27, DIN EN 60068-2-64,",3 year,PHX122S,RJ45,,,,,,,,,,,,,,,,,,,,,,,,,,,,,,,,,,
Lucid Vision,Y,PHX122S-CC-IX,,"4024 x 3036 px, 12.2 MP",,Sony IMX226 CMOS (BSI Starvis),9.33 mm (Type 1/1.7″),1.85 µm (H) x 1.85 µm (V),Rolling shutter with global reset,C-Mount,Color,"1000BASE-T RJ45, PoE ix Industrial, PoE FFC, PoE",9.1 FPS (9.8 FPS) @ 12.2 MP,"24x24x27.35 mm, (No lens mount 24x24x18.7 mm)","30 g, (No lens mount 20 g)",8 핀 JST 커넥터,"1 input, 1 output",2 bi-directional,"PoE (IEEE 802.3af), or 12-24 VDC ±5% external","PoE를 통한 2.9W, 외부 전원 공급시 2.5W",128 MB,"Gain, gamma, black level, white balance, LUT, CCM, pixel correction, color space conversion","Mono8/10/12/16, Bayer8/10/12/16, RGB8, BGR8, YCbCr8, YCbCr411, YUV422, YUV411, QOI_Mono8, QOI_BayerRG8, QOI_RGB8, QOI_BGR8, QOI_YCbCr8",QOI,"수평 및 수직 비닝, ROI, 수직 뒤집기",12 bit,0 dB ~ 27 dB 아날로그 및 디지털,266.6 μs ~ 2 s,1 default and 2 custom user set,16 MB,"Frame counter, offset X/Y, width/height, 노출 시간, gain, black level, line status, sequencer set","Acquisition start/end, exposure start/end, line rise/fall, error",2 counters and 2 timers,"노출 시간, gain","Software trigger, hardware trigger, PTP (IEEE 1588)",GigE Vision v2.0,"CE, KC, FCC, RoHS, REACH, WEEE",-30 to 60°C,-10 to 55°C 주변,"동작: 20% ~ 80%, relative, 비 응축","DIN EN 60068-2-27, DIN EN 60068-2-64,",3 year,PHX122S,ix Industrial,,,,,,,,,,,,,,,,,,,,,,,,,,,,,,,,,,
Lucid Vision,Y,PHX122S-MC-IX,,"4024 x 3036 px, 12.2 MP",,Sony IMX226 CMOS (BSI Starvis),9.33 mm (Type 1/1.7″),1.85 µm (H) x 1.85 µm (V),Rolling shutter with global reset,C-Mount,Mono,"1000BASE-T RJ45, PoE ix Industrial, PoE FFC, PoE",9.1 FPS (9.8 FPS) @ 12.2 MP,"24x24x27.35 mm, (No lens mount 24x24x18.7 mm)","30 g, (No lens mount 20 g)",8 핀 JST 커넥터,"1 input, 1 output",2 bi-directional,"PoE (IEEE 802.3af), or 12-24 VDC ±5% external","PoE를 통한 2.9W, 외부 전원 공급시 2.5W",128 MB,"Gain, gamma, black level, white balance, LUT, CCM, pixel correction, color space conversion","Mono8/10/12/16, Bayer8/10/12/16, RGB8, BGR8, YCbCr8, YCbCr411, YUV422, YUV411, QOI_Mono8, QOI_BayerRG8, QOI_RGB8, QOI_BGR8, QOI_YCbCr8",QOI,"수평 및 수직 비닝, ROI, 수직 뒤집기",12 bit,0 dB ~ 27 dB 아날로그 및 디지털,266.6 μs ~ 2 s,1 default and 2 custom user set,16 MB,"Frame counter, offset X/Y, width/height, 노출 시간, gain, black level, line status, sequencer set","Acquisition start/end, exposure start/end, line rise/fall, error",2 counters and 2 timers,"노출 시간, gain","Software trigger, hardware trigger, PTP (IEEE 1588)",GigE Vision v2.0,"CE, KC, FCC, RoHS, REACH, WEEE",-30 to 60°C,-10 to 55°C 주변,"동작: 20% ~ 80%, relative, 비 응축","DIN EN 60068-2-27, DIN EN 60068-2-64,",3 year,PHX122S,ix Industrial,,,,,,,,,,,,,,,,,,,,,,,,,,,,,,,,,,
Lucid Vision,Y,PHX122S-CNL-IX,,"4024 x 3036 px, 12.2 MP",,Sony IMX226 CMOS (BSI Starvis),9.33 mm (Type 1/1.7″),1.85 µm (H) x 1.85 µm (V),Rolling shutter with global reset,No Lens Mount,Color,"1000BASE-T RJ45, PoE ix Industrial, PoE FFC, PoE",9.1 FPS (9.8 FPS) @ 12.2 MP,"24x24x27.35 mm, (No lens mount 24x24x18.7 mm)","30 g, (No lens mount 20 g)",8 핀 JST 커넥터,"1 input, 1 output",2 bi-directional,"PoE (IEEE 802.3af), or 12-24 VDC ±5% external","PoE를 통한 2.9W, 외부 전원 공급시 2.5W",128 MB,"Gain, gamma, black level, white balance, LUT, CCM, pixel correction, color space conversion","Mono8/10/12/16, Bayer8/10/12/16, RGB8, BGR8, YCbCr8, YCbCr411, YUV422, YUV411, QOI_Mono8, QOI_BayerRG8, QOI_RGB8, QOI_BGR8, QOI_YCbCr8",QOI,"수평 및 수직 비닝, ROI, 수직 뒤집기",12 bit,0 dB ~ 27 dB 아날로그 및 디지털,266.6 μs ~ 2 s,1 default and 2 custom user set,16 MB,"Frame counter, offset X/Y, width/height, 노출 시간, gain, black level, line status, sequencer set","Acquisition start/end, exposure start/end, line rise/fall, error",2 counters and 2 timers,"노출 시간, gain","Software trigger, hardware trigger, PTP (IEEE 1588)",GigE Vision v2.0,"CE, KC, FCC, RoHS, REACH, WEEE",-30 to 60°C,-10 to 55°C 주변,"동작: 20% ~ 80%, relative, 비 응축","DIN EN 60068-2-27, DIN EN 60068-2-64,",3 year,PHX122S,ix Industrial,,,,,,,,,,,,,,,,,,,,,,,,,,,,,,,,,,
Lucid Vision,Y,PHX122S-MNL-IX,,"4024 x 3036 px, 12.2 MP",,Sony IMX226 CMOS (BSI Starvis),9.33 mm (Type 1/1.7″),1.85 µm (H) x 1.85 µm (V),Rolling shutter with global reset,No Lens Mount,Mono,"1000BASE-T RJ45, PoE ix Industrial, PoE FFC, PoE",9.1 FPS (9.8 FPS) @ 12.2 MP,"24x24x27.35 mm, (No lens mount 24x24x18.7 mm)","30 g, (No lens mount 20 g)",8 핀 JST 커넥터,"1 input, 1 output",2 bi-directional,"PoE (IEEE 802.3af), or 12-24 VDC ±5% external","PoE를 통한 2.9W, 외부 전원 공급시 2.5W",128 MB,"Gain, gamma, black level, white balance, LUT, CCM, pixel correction, color space conversion","Mono8/10/12/16, Bayer8/10/12/16, RGB8, BGR8, YCbCr8, YCbCr411, YUV422, YUV411, QOI_Mono8, QOI_BayerRG8, QOI_RGB8, QOI_BGR8, QOI_YCbCr8",QOI,"수평 및 수직 비닝, ROI, 수직 뒤집기",12 bit,0 dB ~ 27 dB 아날로그 및 디지털,266.6 μs ~ 2 s,1 default and 2 custom user set,16 MB,"Frame counter, offset X/Y, width/height, 노출 시간, gain, black level, line status, sequencer set","Acquisition start/end, exposure start/end, line rise/fall, error",2 counters and 2 timers,"노출 시간, gain","Software trigger, hardware trigger, PTP (IEEE 1588)",GigE Vision v2.0,"CE, KC, FCC, RoHS, REACH, WEEE",-30 to 60°C,-10 to 55°C 주변,"동작: 20% ~ 80%, relative, 비 응축","DIN EN 60068-2-27, DIN EN 60068-2-64,",3 year,PHX122S,ix Industrial,,,,,,,,,,,,,,,,,,,,,,,,,,,,,,,,,,
Lucid Vision,Y,PHX122S-CNLF-IX,,"4024 x 3036 px, 12.2 MP",,Sony IMX226 CMOS (BSI Starvis),9.33 mm (Type 1/1.7″),1.85 µm (H) x 1.85 µm (V),Rolling shutter with global reset,No Lens Mount w/ Flange,Color,"1000BASE-T RJ45, PoE ix Industrial, PoE FFC, PoE",9.1 FPS (9.8 FPS) @ 12.2 MP,"24x24x27.35 mm, (No lens mount 24x24x18.7 mm)","30 g, (No lens mount 20 g)",8 핀 JST 커넥터,"1 input, 1 output",2 bi-directional,"PoE (IEEE 802.3af), or 12-24 VDC ±5% external","PoE를 통한 2.9W, 외부 전원 공급시 2.5W",128 MB,"Gain, gamma, black level, white balance, LUT, CCM, pixel correction, color space conversion","Mono8/10/12/16, Bayer8/10/12/16, RGB8, BGR8, YCbCr8, YCbCr411, YUV422, YUV411, QOI_Mono8, QOI_BayerRG8, QOI_RGB8, QOI_BGR8, QOI_YCbCr8",QOI,"수평 및 수직 비닝, ROI, 수직 뒤집기",12 bit,0 dB ~ 27 dB 아날로그 및 디지털,266.6 μs ~ 2 s,1 default and 2 custom user set,16 MB,"Frame counter, offset X/Y, width/height, 노출 시간, gain, black level, line status, sequencer set","Acquisition start/end, exposure start/end, line rise/fall, error",2 counters and 2 timers,"노출 시간, gain","Software trigger, hardware trigger, PTP (IEEE 1588)",GigE Vision v2.0,"CE, KC, FCC, RoHS, REACH, WEEE",-30 to 60°C,-10 to 55°C 주변,"동작: 20% ~ 80%, relative, 비 응축","DIN EN 60068-2-27, DIN EN 60068-2-64,",3 year,PHX122S,ix Industrial,,,,,,,,,,,,,,,,,,,,,,,,,,,,,,,,,,
Lucid Vision,Y,PHX122S-MNLF-IX,,"4024 x 3036 px, 12.2 MP",,Sony IMX226 CMOS (BSI Starvis),9.33 mm (Type 1/1.7″),1.85 µm (H) x 1.85 µm (V),Rolling shutter with global reset,No Lens Mount w/ Flange,Mono,"1000BASE-T RJ45, PoE ix Industrial, PoE FFC, PoE",9.1 FPS (9.8 FPS) @ 12.2 MP,"24x24x27.35 mm, (No lens mount 24x24x18.7 mm)","30 g, (No lens mount 20 g)",8 핀 JST 커넥터,"1 input, 1 output",2 bi-directional,"PoE (IEEE 802.3af), or 12-24 VDC ±5% external","PoE를 통한 2.9W, 외부 전원 공급시 2.5W",128 MB,"Gain, gamma, black level, white balance, LUT, CCM, pixel correction, color space conversion","Mono8/10/12/16, Bayer8/10/12/16, RGB8, BGR8, YCbCr8, YCbCr411, YUV422, YUV411, QOI_Mono8, QOI_BayerRG8, QOI_RGB8, QOI_BGR8, QOI_YCbCr8",QOI,"수평 및 수직 비닝, ROI, 수직 뒤집기",12 bit,0 dB ~ 27 dB 아날로그 및 디지털,266.6 μs ~ 2 s,1 default and 2 custom user set,16 MB,"Frame counter, offset X/Y, width/height, 노출 시간, gain, black level, line status, sequencer set","Acquisition start/end, exposure start/end, line rise/fall, error",2 counters and 2 timers,"노출 시간, gain","Software trigger, hardware trigger, PTP (IEEE 1588)",GigE Vision v2.0,"CE, KC, FCC, RoHS, REACH, WEEE",-30 to 60°C,-10 to 55°C 주변,"동작: 20% ~ 80%, relative, 비 응축","DIN EN 60068-2-27, DIN EN 60068-2-64,",3 year,PHX122S,ix Industrial,,,,,,,,,,,,,,,,,,,,,,,,,,,,,,,,,,
Lucid Vision,N,PHX064S,6.3 MP,"3072 x 2048 px, 6.3 MP",17.7 fps,Sony IMX178 CMOS (BSI Starvis),8.92 mm (Type 1/1.8″),2.40 µm (H) x 2.40 µm (V),Rolling with global reset,"C, C-Mount Extended Head, NF-Mount, No Lens Mount, No Lens Mount with Flange",Mono / Color,"1000BASE-T RJ45, PoE ix Industrial, PoE FFC, PoE",17.7 FPS (19.6 FPS) @ 6.3 MP,"24x24x27.35 mm, (No lens mount 24x24x18.7 mm)","30 g, (No lens mount 20 g)",8 핀 JST 커넥터,"1 input, 1 output",2 bi-directional,"PoE (IEEE 802.3af), or 12-24 VDC ±5% external","PoE를 통한 3.1W, 외부 전원 공급시 2.5W",128 MB,"Gain, gamma, black level, white balance, LUT, CCM, pixel correction, color space conversion","Mono8/10/12/16, Bayer8/10/12/16, RGB8, BGR8, YCbCr8, YCbCr411, YUV422, YUV411, QOI_Mono8, QOI_BayerRG8, QOI_RGB8, QOI_BGR8, QOI_YCbCr8",QOI,"수평 및 수직 비닝, 서브 샘플링, ROI, 수평 및 수직 뒤집기",12 bit,0 dB ~ 48 dB 아날로그 및 디지털,27.216 μs ~ 2 s,1 default and 2 custom user set,16 MB,"Frame counter, offset X/Y, width/height, 노출 시간, gain, black level, line status, sequencer set","Acquisition start/end, exposure start/end, line rise/fall, error",2 counters and 2 timers,"노출 시간, gain","Software trigger, hardware trigger, PTP (IEEE 1588)",GigE Vision v2.0,"CE, KC, FCC, RoHS, REACH, WEEE",-30 to 60°C,-10 to 55°C 주변,"동작: 20% ~ 80%, relative, 비 응축","DIN EN 60068-2-27, DIN EN 60068-2-64,",3 year,,,,,,,,,,,,,,,,,,,,,,,,,,,,,,,,,,,,
Lucid Vision,Y,PHX064S-CC,,"3072 x 2048 px, 6.3 MP",,Sony IMX178 CMOS (BSI Starvis),8.92 mm (Type 1/1.8″),2.40 µm (H) x 2.40 µm (V),Rolling with global reset,C-mount,Color,"1000BASE-T RJ45, PoE ix Industrial, PoE FFC, PoE",17.7 FPS (19.6 FPS) @ 6.3 MP,"24x24x27.35 mm, (No lens mount 24x24x18.7 mm)","30 g, (No lens mount 20 g)",8 핀 JST 커넥터,"1 input, 1 output",2 bi-directional,"PoE (IEEE 802.3af), or 12-24 VDC ±5% external","PoE를 통한 3.1W, 외부 전원 공급시 2.5W",128 MB,"Gain, gamma, black level, white balance, LUT, CCM, pixel correction, color space conversion","Mono8/10/12/16, Bayer8/10/12/16, RGB8, BGR8, YCbCr8, YCbCr411, YUV422, YUV411, QOI_Mono8, QOI_BayerRG8, QOI_RGB8, QOI_BGR8, QOI_YCbCr8",QOI,"수평 및 수직 비닝, 서브 샘플링, ROI, 수평 및 수직 뒤집기",12 bit,0 dB ~ 48 dB 아날로그 및 디지털,27.216 μs ~ 2 s,1 default and 2 custom user set,16 MB,"Frame counter, offset X/Y, width/height, 노출 시간, gain, black level, line status, sequencer set","Acquisition start/end, exposure start/end, line rise/fall, error",2 counters and 2 timers,"노출 시간, gain","Software trigger, hardware trigger, PTP (IEEE 1588)",GigE Vision v2.0,"CE, KC, FCC, RoHS, REACH, WEEE",-30 to 60°C,-10 to 55°C 주변,"동작: 20% ~ 80%, relative, 비 응축","DIN EN 60068-2-27, DIN EN 60068-2-64,",3 year,PHX064S,RJ45,,,,,,,,,,,,,,,,,,,,,,,,,,,,,,,,,,
Lucid Vision,Y,PHX064S-MC,,"3072 x 2048 px, 6.3 MP",,Sony IMX178 CMOS (BSI Starvis),8.92 mm (Type 1/1.8″),2.40 µm (H) x 2.40 µm (V),Rolling with global reset,C-mount,Mono,"1000BASE-T RJ45, PoE ix Industrial, PoE FFC, PoE",17.7 FPS (19.6 FPS) @ 6.3 MP,"24x24x27.35 mm, (No lens mount 24x24x18.7 mm)","30 g, (No lens mount 20 g)",8 핀 JST 커넥터,"1 input, 1 output",2 bi-directional,"PoE (IEEE 802.3af), or 12-24 VDC ±5% external","PoE를 통한 3.1W, 외부 전원 공급시 2.5W",128 MB,"Gain, gamma, black level, white balance, LUT, CCM, pixel correction, color space conversion","Mono8/10/12/16, Bayer8/10/12/16, RGB8, BGR8, YCbCr8, YCbCr411, YUV422, YUV411, QOI_Mono8, QOI_BayerRG8, QOI_RGB8, QOI_BGR8, QOI_YCbCr8",QOI,"수평 및 수직 비닝, 서브 샘플링, ROI, 수평 및 수직 뒤집기",12 bit,0 dB ~ 48 dB 아날로그 및 디지털,27.216 μs ~ 2 s,1 default and 2 custom user set,16 MB,"Frame counter, offset X/Y, width/height, 노출 시간, gain, black level, line status, sequencer set","Acquisition start/end, exposure start/end, line rise/fall, error",2 counters and 2 timers,"노출 시간, gain","Software trigger, hardware trigger, PTP (IEEE 1588)",GigE Vision v2.0,"CE, KC, FCC, RoHS, REACH, WEEE",-30 to 60°C,-10 to 55°C 주변,"동작: 20% ~ 80%, relative, 비 응축","DIN EN 60068-2-27, DIN EN 60068-2-64,",3 year,PHX064S,RJ45,,,,,,,,,,,,,,,,,,,,,,,,,,,,,,,,,,
Lucid Vision,Y,PHXET064S-CC,,"3072 x 2048 px, 6.3 MP",,Sony IMX178 CMOS (BSI Starvis),8.92 mm (Type 1/1.8″),2.40 µm (H) x 2.40 µm (V),Rolling with global reset,C-mount Extended Head,Color,"1000BASE-T RJ45, PoE ix Industrial, PoE FFC, PoE",17.7 FPS (19.6 FPS) @ 6.3 MP,"24x24x27.35 mm, (No lens mount 24x24x18.7 mm)","30 g, (No lens mount 20 g)",8 핀 JST 커넥터,"1 input, 1 output",2 bi-directional,"PoE (IEEE 802.3af), or 12-24 VDC ±5% external","PoE를 통한 3.1W, 외부 전원 공급시 2.5W",128 MB,"Gain, gamma, black level, white balance, LUT, CCM, pixel correction, color space conversion","Mono8/10/12/16, Bayer8/10/12/16, RGB8, BGR8, YCbCr8, YCbCr411, YUV422, YUV411, QOI_Mono8, QOI_BayerRG8, QOI_RGB8, QOI_BGR8, QOI_YCbCr8",QOI,"수평 및 수직 비닝, 서브 샘플링, ROI, 수평 및 수직 뒤집기",12 bit,0 dB ~ 48 dB 아날로그 및 디지털,27.216 μs ~ 2 s,1 default and 2 custom user set,16 MB,"Frame counter, offset X/Y, width/height, 노출 시간, gain, black level, line status, sequencer set","Acquisition start/end, exposure start/end, line rise/fall, error",2 counters and 2 timers,"노출 시간, gain","Software trigger, hardware trigger, PTP (IEEE 1588)",GigE Vision v2.0,"CE, KC, FCC, RoHS, REACH, WEEE",-30 to 60°C,-10 to 55°C 주변,"동작: 20% ~ 80%, relative, 비 응축","DIN EN 60068-2-27, DIN EN 60068-2-64,",3 year,PHX064S,RJ45,,,,,,,,,,,,,,,,,,,,,,,,,,,,,,,,,,
Lucid Vision,Y,PHXET064S-MC,,"3072 x 2048 px, 6.3 MP",,Sony IMX178 CMOS (BSI Starvis),8.92 mm (Type 1/1.8″),2.40 µm (H) x 2.40 µm (V),Rolling with global reset,C-mount Extended Head,Mono,"1000BASE-T RJ45, PoE ix Industrial, PoE FFC, PoE",17.7 FPS (19.6 FPS) @ 6.3 MP,"24x24x27.35 mm, (No lens mount 24x24x18.7 mm)","30 g, (No lens mount 20 g)",8 핀 JST 커넥터,"1 input, 1 output",2 bi-directional,"PoE (IEEE 802.3af), or 12-24 VDC ±5% external","PoE를 통한 3.1W, 외부 전원 공급시 2.5W",128 MB,"Gain, gamma, black level, white balance, LUT, CCM, pixel correction, color space conversion","Mono8/10/12/16, Bayer8/10/12/16, RGB8, BGR8, YCbCr8, YCbCr411, YUV422, YUV411, QOI_Mono8, QOI_BayerRG8, QOI_RGB8, QOI_BGR8, QOI_YCbCr8",QOI,"수평 및 수직 비닝, 서브 샘플링, ROI, 수평 및 수직 뒤집기",12 bit,0 dB ~ 48 dB 아날로그 및 디지털,27.216 μs ~ 2 s,1 default and 2 custom user set,16 MB,"Frame counter, offset X/Y, width/height, 노출 시간, gain, black level, line status, sequencer set","Acquisition start/end, exposure start/end, line rise/fall, error",2 counters and 2 timers,"노출 시간, gain","Software trigger, hardware trigger, PTP (IEEE 1588)",GigE Vision v2.0,"CE, KC, FCC, RoHS, REACH, WEEE",-30 to 60°C,-10 to 55°C 주변,"동작: 20% ~ 80%, relative, 비 응축","DIN EN 60068-2-27, DIN EN 60068-2-64,",3 year,PHX064S,RJ45,,,,,,,,,,,,,,,,,,,,,,,,,,,,,,,,,,
Lucid Vision,Y,PHX064S-CNF,,"3072 x 2048 px, 6.3 MP",,Sony IMX178 CMOS (BSI Starvis),8.92 mm (Type 1/1.8″),2.40 µm (H) x 2.40 µm (V),Rolling with global reset,NF-mount,Color,"1000BASE-T RJ45, PoE ix Industrial, PoE FFC, PoE",17.7 FPS (19.6 FPS) @ 6.3 MP,"24x24x27.35 mm, (No lens mount 24x24x18.7 mm)","30 g, (No lens mount 20 g)",8 핀 JST 커넥터,"1 input, 1 output",2 bi-directional,"PoE (IEEE 802.3af), or 12-24 VDC ±5% external","PoE를 통한 3.1W, 외부 전원 공급시 2.5W",128 MB,"Gain, gamma, black level, white balance, LUT, CCM, pixel correction, color space conversion","Mono8/10/12/16, Bayer8/10/12/16, RGB8, BGR8, YCbCr8, YCbCr411, YUV422, YUV411, QOI_Mono8, QOI_BayerRG8, QOI_RGB8, QOI_BGR8, QOI_YCbCr8",QOI,"수평 및 수직 비닝, 서브 샘플링, ROI, 수평 및 수직 뒤집기",12 bit,0 dB ~ 48 dB 아날로그 및 디지털,27.216 μs ~ 2 s,1 default and 2 custom user set,16 MB,"Frame counter, offset X/Y, width/height, 노출 시간, gain, black level, line status, sequencer set","Acquisition start/end, exposure start/end, line rise/fall, error",2 counters and 2 timers,"노출 시간, gain","Software trigger, hardware trigger, PTP (IEEE 1588)",GigE Vision v2.0,"CE, KC, FCC, RoHS, REACH, WEEE",-30 to 60°C,-10 to 55°C 주변,"동작: 20% ~ 80%, relative, 비 응축","DIN EN 60068-2-27, DIN EN 60068-2-64,",3 year,PHX064S,RJ45,,,,,,,,,,,,,,,,,,,,,,,,,,,,,,,,,,
Lucid Vision,Y,PHX064S-MNF,,"3072 x 2048 px, 6.3 MP",,Sony IMX178 CMOS (BSI Starvis),8.92 mm (Type 1/1.8″),2.40 µm (H) x 2.40 µm (V),Rolling with global reset,NF-mount,Mono,"1000BASE-T RJ45, PoE ix Industrial, PoE FFC, PoE",17.7 FPS (19.6 FPS) @ 6.3 MP,"24x24x27.35 mm, (No lens mount 24x24x18.7 mm)","30 g, (No lens mount 20 g)",8 핀 JST 커넥터,"1 input, 1 output",2 bi-directional,"PoE (IEEE 802.3af), or 12-24 VDC ±5% external","PoE를 통한 3.1W, 외부 전원 공급시 2.5W",128 MB,"Gain, gamma, black level, white balance, LUT, CCM, pixel correction, color space conversion","Mono8/10/12/16, Bayer8/10/12/16, RGB8, BGR8, YCbCr8, YCbCr411, YUV422, YUV411, QOI_Mono8, QOI_BayerRG8, QOI_RGB8, QOI_BGR8, QOI_YCbCr8",QOI,"수평 및 수직 비닝, 서브 샘플링, ROI, 수평 및 수직 뒤집기",12 bit,0 dB ~ 48 dB 아날로그 및 디지털,27.216 μs ~ 2 s,1 default and 2 custom user set,16 MB,"Frame counter, offset X/Y, width/height, 노출 시간, gain, black level, line status, sequencer set","Acquisition start/end, exposure start/end, line rise/fall, error",2 counters and 2 timers,"노출 시간, gain","Software trigger, hardware trigger, PTP (IEEE 1588)",GigE Vision v2.0,"CE, KC, FCC, RoHS, REACH, WEEE",-30 to 60°C,-10 to 55°C 주변,"동작: 20% ~ 80%, relative, 비 응축","DIN EN 60068-2-27, DIN EN 60068-2-64,",3 year,PHX064S,RJ45,,,,,,,,,,,,,,,,,,,,,,,,,,,,,,,,,,
Lucid Vision,Y,PHX064S-CS,,"3072 x 2048 px, 6.3 MP",,Sony IMX178 CMOS (BSI Starvis),8.92 mm (Type 1/1.8″),2.40 µm (H) x 2.40 µm (V),Rolling with global reset,S-mount,Color,"1000BASE-T RJ45, PoE ix Industrial, PoE FFC, PoE",17.7 FPS (19.6 FPS) @ 6.3 MP,"24x24x27.35 mm, (No lens mount 24x24x18.7 mm)","30 g, (No lens mount 20 g)",8 핀 JST 커넥터,"1 input, 1 output",2 bi-directional,"PoE (IEEE 802.3af), or 12-24 VDC ±5% external","PoE를 통한 3.1W, 외부 전원 공급시 2.5W",128 MB,"Gain, gamma, black level, white balance, LUT, CCM, pixel correction, color space conversion","Mono8/10/12/16, Bayer8/10/12/16, RGB8, BGR8, YCbCr8, YCbCr411, YUV422, YUV411, QOI_Mono8, QOI_BayerRG8, QOI_RGB8, QOI_BGR8, QOI_YCbCr8",QOI,"수평 및 수직 비닝, 서브 샘플링, ROI, 수평 및 수직 뒤집기",12 bit,0 dB ~ 48 dB 아날로그 및 디지털,27.216 μs ~ 2 s,1 default and 2 custom user set,16 MB,"Frame counter, offset X/Y, width/height, 노출 시간, gain, black level, line status, sequencer set","Acquisition start/end, exposure start/end, line rise/fall, error",2 counters and 2 timers,"노출 시간, gain","Software trigger, hardware trigger, PTP (IEEE 1588)",GigE Vision v2.0,"CE, KC, FCC, RoHS, REACH, WEEE",-30 to 60°C,-10 to 55°C 주변,"동작: 20% ~ 80%, relative, 비 응축","DIN EN 60068-2-27, DIN EN 60068-2-64,",3 year,PHX064S,RJ45,,,,,,,,,,,,,,,,,,,,,,,,,,,,,,,,,,
Lucid Vision,Y,PHX064S-MS,,"3072 x 2048 px, 6.3 MP",,Sony IMX178 CMOS (BSI Starvis),8.92 mm (Type 1/1.8″),2.40 µm (H) x 2.40 µm (V),Rolling with global reset,S-mount,Mono,"1000BASE-T RJ45, PoE ix Industrial, PoE FFC, PoE",17.7 FPS (19.6 FPS) @ 6.3 MP,"24x24x27.35 mm, (No lens mount 24x24x18.7 mm)","30 g, (No lens mount 20 g)",8 핀 JST 커넥터,"1 input, 1 output",2 bi-directional,"PoE (IEEE 802.3af), or 12-24 VDC ±5% external","PoE를 통한 3.1W, 외부 전원 공급시 2.5W",128 MB,"Gain, gamma, black level, white balance, LUT, CCM, pixel correction, color space conversion","Mono8/10/12/16, Bayer8/10/12/16, RGB8, BGR8, YCbCr8, YCbCr411, YUV422, YUV411, QOI_Mono8, QOI_BayerRG8, QOI_RGB8, QOI_BGR8, QOI_YCbCr8",QOI,"수평 및 수직 비닝, 서브 샘플링, ROI, 수평 및 수직 뒤집기",12 bit,0 dB ~ 48 dB 아날로그 및 디지털,27.216 μs ~ 2 s,1 default and 2 custom user set,16 MB,"Frame counter, offset X/Y, width/height, 노출 시간, gain, black level, line status, sequencer set","Acquisition start/end, exposure start/end, line rise/fall, error",2 counters and 2 timers,"노출 시간, gain","Software trigger, hardware trigger, PTP (IEEE 1588)",GigE Vision v2.0,"CE, KC, FCC, RoHS, REACH, WEEE",-30 to 60°C,-10 to 55°C 주변,"동작: 20% ~ 80%, relative, 비 응축","DIN EN 60068-2-27, DIN EN 60068-2-64,",3 year,PHX064S,RJ45,,,,,,,,,,,,,,,,,,,,,,,,,,,,,,,,,,
Lucid Vision,Y,PHX064S-CNL,,"3072 x 2048 px, 6.3 MP",,Sony IMX178 CMOS (BSI Starvis),8.92 mm (Type 1/1.8″),2.40 µm (H) x 2.40 µm (V),Rolling with global reset,No Lens Mount,Color,"1000BASE-T RJ45, PoE ix Industrial, PoE FFC, PoE",17.7 FPS (19.6 FPS) @ 6.3 MP,"24x24x27.35 mm, (No lens mount 24x24x18.7 mm)","30 g, (No lens mount 20 g)",8 핀 JST 커넥터,"1 input, 1 output",2 bi-directional,"PoE (IEEE 802.3af), or 12-24 VDC ±5% external","PoE를 통한 3.1W, 외부 전원 공급시 2.5W",128 MB,"Gain, gamma, black level, white balance, LUT, CCM, pixel correction, color space conversion","Mono8/10/12/16, Bayer8/10/12/16, RGB8, BGR8, YCbCr8, YCbCr411, YUV422, YUV411, QOI_Mono8, QOI_BayerRG8, QOI_RGB8, QOI_BGR8, QOI_YCbCr8",QOI,"수평 및 수직 비닝, 서브 샘플링, ROI, 수평 및 수직 뒤집기",12 bit,0 dB ~ 48 dB 아날로그 및 디지털,27.216 μs ~ 2 s,1 default and 2 custom user set,16 MB,"Frame counter, offset X/Y, width/height, 노출 시간, gain, black level, line status, sequencer set","Acquisition start/end, exposure start/end, line rise/fall, error",2 counters and 2 timers,"노출 시간, gain","Software trigger, hardware trigger, PTP (IEEE 1588)",GigE Vision v2.0,"CE, KC, FCC, RoHS, REACH, WEEE",-30 to 60°C,-10 to 55°C 주변,"동작: 20% ~ 80%, relative, 비 응축","DIN EN 60068-2-27, DIN EN 60068-2-64,",3 year,PHX064S,RJ45,,,,,,,,,,,,,,,,,,,,,,,,,,,,,,,,,,
Lucid Vision,Y,PHX064S-MNL,,"3072 x 2048 px, 6.3 MP",,Sony IMX178 CMOS (BSI Starvis),8.92 mm (Type 1/1.8″),2.40 µm (H) x 2.40 µm (V),Rolling with global reset,No Lens Mount,Mono,"1000BASE-T RJ45, PoE ix Industrial, PoE FFC, PoE",17.7 FPS (19.6 FPS) @ 6.3 MP,"24x24x27.35 mm, (No lens mount 24x24x18.7 mm)","30 g, (No lens mount 20 g)",8 핀 JST 커넥터,"1 input, 1 output",2 bi-directional,"PoE (IEEE 802.3af), or 12-24 VDC ±5% external","PoE를 통한 3.1W, 외부 전원 공급시 2.5W",128 MB,"Gain, gamma, black level, white balance, LUT, CCM, pixel correction, color space conversion","Mono8/10/12/16, Bayer8/10/12/16, RGB8, BGR8, YCbCr8, YCbCr411, YUV422, YUV411, QOI_Mono8, QOI_BayerRG8, QOI_RGB8, QOI_BGR8, QOI_YCbCr8",QOI,"수평 및 수직 비닝, 서브 샘플링, ROI, 수평 및 수직 뒤집기",12 bit,0 dB ~ 48 dB 아날로그 및 디지털,27.216 μs ~ 2 s,1 default and 2 custom user set,16 MB,"Frame counter, offset X/Y, width/height, 노출 시간, gain, black level, line status, sequencer set","Acquisition start/end, exposure start/end, line rise/fall, error",2 counters and 2 timers,"노출 시간, gain","Software trigger, hardware trigger, PTP (IEEE 1588)",GigE Vision v2.0,"CE, KC, FCC, RoHS, REACH, WEEE",-30 to 60°C,-10 to 55°C 주변,"동작: 20% ~ 80%, relative, 비 응축","DIN EN 60068-2-27, DIN EN 60068-2-64,",3 year,PHX064S,RJ45,,,,,,,,,,,,,,,,,,,,,,,,,,,,,,,,,,
Lucid Vision,Y,PHX064S-CNLF,,"3072 x 2048 px, 6.3 MP",,Sony IMX178 CMOS (BSI Starvis),8.92 mm (Type 1/1.8″),2.40 µm (H) x 2.40 µm (V),Rolling with global reset,No Lens Mount w/ Flange,Color,"1000BASE-T RJ45, PoE ix Industrial, PoE FFC, PoE",17.7 FPS (19.6 FPS) @ 6.3 MP,"24x24x27.35 mm, (No lens mount 24x24x18.7 mm)","30 g, (No lens mount 20 g)",8 핀 JST 커넥터,"1 input, 1 output",2 bi-directional,"PoE (IEEE 802.3af), or 12-24 VDC ±5% external","PoE를 통한 3.1W, 외부 전원 공급시 2.5W",128 MB,"Gain, gamma, black level, white balance, LUT, CCM, pixel correction, color space conversion","Mono8/10/12/16, Bayer8/10/12/16, RGB8, BGR8, YCbCr8, YCbCr411, YUV422, YUV411, QOI_Mono8, QOI_BayerRG8, QOI_RGB8, QOI_BGR8, QOI_YCbCr8",QOI,"수평 및 수직 비닝, 서브 샘플링, ROI, 수평 및 수직 뒤집기",12 bit,0 dB ~ 48 dB 아날로그 및 디지털,27.216 μs ~ 2 s,1 default and 2 custom user set,16 MB,"Frame counter, offset X/Y, width/height, 노출 시간, gain, black level, line status, sequencer set","Acquisition start/end, exposure start/end, line rise/fall, error",2 counters and 2 timers,"노출 시간, gain","Software trigger, hardware trigger, PTP (IEEE 1588)",GigE Vision v2.0,"CE, KC, FCC, RoHS, REACH, WEEE",-30 to 60°C,-10 to 55°C 주변,"동작: 20% ~ 80%, relative, 비 응축","DIN EN 60068-2-27, DIN EN 60068-2-64,",3 year,PHX064S,RJ45,,,,,,,,,,,,,,,,,,,,,,,,,,,,,,,,,,
Lucid Vision,Y,PHX064S-MNLF,,"3072 x 2048 px, 6.3 MP",,Sony IMX178 CMOS (BSI Starvis),8.92 mm (Type 1/1.8″),2.40 µm (H) x 2.40 µm (V),Rolling with global reset,No Lens Mount w/ Flange,Mono,"1000BASE-T RJ45, PoE ix Industrial, PoE FFC, PoE",17.7 FPS (19.6 FPS) @ 6.3 MP,"24x24x27.35 mm, (No lens mount 24x24x18.7 mm)","30 g, (No lens mount 20 g)",8 핀 JST 커넥터,"1 input, 1 output",2 bi-directional,"PoE (IEEE 802.3af), or 12-24 VDC ±5% external","PoE를 통한 3.1W, 외부 전원 공급시 2.5W",128 MB,"Gain, gamma, black level, white balance, LUT, CCM, pixel correction, color space conversion","Mono8/10/12/16, Bayer8/10/12/16, RGB8, BGR8, YCbCr8, YCbCr411, YUV422, YUV411, QOI_Mono8, QOI_BayerRG8, QOI_RGB8, QOI_BGR8, QOI_YCbCr8",QOI,"수평 및 수직 비닝, 서브 샘플링, ROI, 수평 및 수직 뒤집기",12 bit,0 dB ~ 48 dB 아날로그 및 디지털,27.216 μs ~ 2 s,1 default and 2 custom user set,16 MB,"Frame counter, offset X/Y, width/height, 노출 시간, gain, black level, line status, sequencer set","Acquisition start/end, exposure start/end, line rise/fall, error",2 counters and 2 timers,"노출 시간, gain","Software trigger, hardware trigger, PTP (IEEE 1588)",GigE Vision v2.0,"CE, KC, FCC, RoHS, REACH, WEEE",-30 to 60°C,-10 to 55°C 주변,"동작: 20% ~ 80%, relative, 비 응축","DIN EN 60068-2-27, DIN EN 60068-2-64,",3 year,PHX064S,RJ45,,,,,,,,,,,,,,,,,,,,,,,,,,,,,,,,,,
Lucid Vision,Y,PHX064S-CC-IX,,"3072 x 2048 px, 6.3 MP",,Sony IMX178 CMOS (BSI Starvis),8.92 mm (Type 1/1.8″),2.40 µm (H) x 2.40 µm (V),Rolling with global reset,C-mount,Color,"1000BASE-T RJ45, PoE ix Industrial, PoE FFC, PoE",17.7 FPS (19.6 FPS) @ 6.3 MP,"24x24x27.35 mm, (No lens mount 24x24x18.7 mm)","30 g, (No lens mount 20 g)",8 핀 JST 커넥터,"1 input, 1 output",2 bi-directional,"PoE (IEEE 802.3af), or 12-24 VDC ±5% external","PoE를 통한 3.1W, 외부 전원 공급시 2.5W",128 MB,"Gain, gamma, black level, white balance, LUT, CCM, pixel correction, color space conversion","Mono8/10/12/16, Bayer8/10/12/16, RGB8, BGR8, YCbCr8, YCbCr411, YUV422, YUV411, QOI_Mono8, QOI_BayerRG8, QOI_RGB8, QOI_BGR8, QOI_YCbCr8",QOI,"수평 및 수직 비닝, 서브 샘플링, ROI, 수평 및 수직 뒤집기",12 bit,0 dB ~ 48 dB 아날로그 및 디지털,27.216 μs ~ 2 s,1 default and 2 custom user set,16 MB,"Frame counter, offset X/Y, width/height, 노출 시간, gain, black level, line status, sequencer set","Acquisition start/end, exposure start/end, line rise/fall, error",2 counters and 2 timers,"노출 시간, gain","Software trigger, hardware trigger, PTP (IEEE 1588)",GigE Vision v2.0,"CE, KC, FCC, RoHS, REACH, WEEE",-30 to 60°C,-10 to 55°C 주변,"동작: 20% ~ 80%, relative, 비 응축","DIN EN 60068-2-27, DIN EN 60068-2-64,",3 year,PHX064S,ix Industrial,,,,,,,,,,,,,,,,,,,,,,,,,,,,,,,,,,
Lucid Vision,Y,PHX064S-MC-IX,,"3072 x 2048 px, 6.3 MP",,Sony IMX178 CMOS (BSI Starvis),8.92 mm (Type 1/1.8″),2.40 µm (H) x 2.40 µm (V),Rolling with global reset,C-mount,Mono,"1000BASE-T RJ45, PoE ix Industrial, PoE FFC, PoE",17.7 FPS (19.6 FPS) @ 6.3 MP,"24x24x27.35 mm, (No lens mount 24x24x18.7 mm)","30 g, (No lens mount 20 g)",8 핀 JST 커넥터,"1 input, 1 output",2 bi-directional,"PoE (IEEE 802.3af), or 12-24 VDC ±5% external","PoE를 통한 3.1W, 외부 전원 공급시 2.5W",128 MB,"Gain, gamma, black level, white balance, LUT, CCM, pixel correction, color space conversion","Mono8/10/12/16, Bayer8/10/12/16, RGB8, BGR8, YCbCr8, YCbCr411, YUV422, YUV411, QOI_Mono8, QOI_BayerRG8, QOI_RGB8, QOI_BGR8, QOI_YCbCr8",QOI,"수평 및 수직 비닝, 서브 샘플링, ROI, 수평 및 수직 뒤집기",12 bit,0 dB ~ 48 dB 아날로그 및 디지털,27.216 μs ~ 2 s,1 default and 2 custom user set,16 MB,"Frame counter, offset X/Y, width/height, 노출 시간, gain, black level, line status, sequencer set","Acquisition start/end, exposure start/end, line rise/fall, error",2 counters and 2 timers,"노출 시간, gain","Software trigger, hardware trigger, PTP (IEEE 1588)",GigE Vision v2.0,"CE, KC, FCC, RoHS, REACH, WEEE",-30 to 60°C,-10 to 55°C 주변,"동작: 20% ~ 80%, relative, 비 응축","DIN EN 60068-2-27, DIN EN 60068-2-64,",3 year,PHX064S,ix Industrial,,,,,,,,,,,,,,,,,,,,,,,,,,,,,,,,,,
Lucid Vision,Y,PHX064S-CNF-IX,,"3072 x 2048 px, 6.3 MP",,Sony IMX178 CMOS (BSI Starvis),8.92 mm (Type 1/1.8″),2.40 µm (H) x 2.40 µm (V),Rolling with global reset,NF-mount,Color,"1000BASE-T RJ45, PoE ix Industrial, PoE FFC, PoE",17.7 FPS (19.6 FPS) @ 6.3 MP,"24x24x27.35 mm, (No lens mount 24x24x18.7 mm)","30 g, (No lens mount 20 g)",8 핀 JST 커넥터,"1 input, 1 output",2 bi-directional,"PoE (IEEE 802.3af), or 12-24 VDC ±5% external","PoE를 통한 3.1W, 외부 전원 공급시 2.5W",128 MB,"Gain, gamma, black level, white balance, LUT, CCM, pixel correction, color space conversion","Mono8/10/12/16, Bayer8/10/12/16, RGB8, BGR8, YCbCr8, YCbCr411, YUV422, YUV411, QOI_Mono8, QOI_BayerRG8, QOI_RGB8, QOI_BGR8, QOI_YCbCr8",QOI,"수평 및 수직 비닝, 서브 샘플링, ROI, 수평 및 수직 뒤집기",12 bit,0 dB ~ 48 dB 아날로그 및 디지털,27.216 μs ~ 2 s,1 default and 2 custom user set,16 MB,"Frame counter, offset X/Y, width/height, 노출 시간, gain, black level, line status, sequencer set","Acquisition start/end, exposure start/end, line rise/fall, error",2 counters and 2 timers,"노출 시간, gain","Software trigger, hardware trigger, PTP (IEEE 1588)",GigE Vision v2.0,"CE, KC, FCC, RoHS, REACH, WEEE",-30 to 60°C,-10 to 55°C 주변,"동작: 20% ~ 80%, relative, 비 응축","DIN EN 60068-2-27, DIN EN 60068-2-64,",3 year,PHX064S,ix Industrial,,,,,,,,,,,,,,,,,,,,,,,,,,,,,,,,,,
Lucid Vision,Y,PHX064S-MNF-IX,,"3072 x 2048 px, 6.3 MP",,Sony IMX178 CMOS (BSI Starvis),8.92 mm (Type 1/1.8″),2.40 µm (H) x 2.40 µm (V),Rolling with global reset,NF-mount,Mono,"1000BASE-T RJ45, PoE ix Industrial, PoE FFC, PoE",17.7 FPS (19.6 FPS) @ 6.3 MP,"24x24x27.35 mm, (No lens mount 24x24x18.7 mm)","30 g, (No lens mount 20 g)",8 핀 JST 커넥터,"1 input, 1 output",2 bi-directional,"PoE (IEEE 802.3af), or 12-24 VDC ±5% external","PoE를 통한 3.1W, 외부 전원 공급시 2.5W",128 MB,"Gain, gamma, black level, white balance, LUT, CCM, pixel correction, color space conversion","Mono8/10/12/16, Bayer8/10/12/16, RGB8, BGR8, YCbCr8, YCbCr411, YUV422, YUV411, QOI_Mono8, QOI_BayerRG8, QOI_RGB8, QOI_BGR8, QOI_YCbCr8",QOI,"수평 및 수직 비닝, 서브 샘플링, ROI, 수평 및 수직 뒤집기",12 bit,0 dB ~ 48 dB 아날로그 및 디지털,27.216 μs ~ 2 s,1 default and 2 custom user set,16 MB,"Frame counter, offset X/Y, width/height, 노출 시간, gain, black level, line status, sequencer set","Acquisition start/end, exposure start/end, line rise/fall, error",2 counters and 2 timers,"노출 시간, gain","Software trigger, hardware trigger, PTP (IEEE 1588)",GigE Vision v2.0,"CE, KC, FCC, RoHS, REACH, WEEE",-30 to 60°C,-10 to 55°C 주변,"동작: 20% ~ 80%, relative, 비 응축","DIN EN 60068-2-27, DIN EN 60068-2-64,",3 year,PHX064S,ix Industrial,,,,,,,,,,,,,,,,,,,,,,,,,,,,,,,,,,
Lucid Vision,N,PHX050S1-P/Q,5.0 MP,"2448 x 2048 px, 5.0 MP",22 fps,"Sony IMX264MZR CMOS (mono) Sony IMX264MYR CMOS (color) Polarized – four different directional polarizing filters (0°, 90°, 45°, and 135°)",11.1 mm (Type 2/3″),3.45 µm (H) x 3.45 µm (V),Global Shutter,"C, NF-Mount, No Lens Mount, No Lens Mount with Flange, C-Mount Extended Head",Polarized MonoPolarized Color,"1000BASE-T RJ45, PoE ix Industrial, PoE FFC, PoE",22 FPS (24 FPS) @ 5.0 MP,24 x 24 x 27.35 mm,30 g,8 핀 JST 커넥터,"1 input, 1 output",2 bi-directional,"PoE (IEEE 802.3af), or 12-24 VDC ±5% external","PoE를 통한 3.1W, 외부 전원 공급시 2.5W",128 MB,Gain,"Mono8/12/16, PolarizeMono8/12/16 (Mono) BayerRG8/12/16, PolarizeMono8/12/16 (Color)",,"수평 및 수직 비닝, ROI, 수평 및 수직 뒤집기",12 bit,0 dB ~ 48 dB 아날로그 및 디지털,33 μs to 10 s (Normal) / 1.0 μs to 14.4 μs (Short Mode),1 default and 2 custom user set,16 MB,"Frame counter, offset X/Y, width/height, 노출 시간, gain, black level, line status, sequencer set","Acquisition start/end, exposure start/end, line rise/fall, error",2 counters and 2 timers,"노출 시간, gain","Software trigger, hardware trigger, PTP (IEEE 1588)",GigE Vision v2.0,"CE, KC, FCC, RoHS, REACH, WEEE",-30 to 60°C,-10 to 55°C 주변,"동작: 20% ~ 80%, relative, 비 응축","DIN EN 60068-2-27, DIN EN 60068-2-64,",3 year,,,,,,,,,,,,,,,,,,,,,,,,,,,,,,,,,,,,
Lucid Vision,Y,PHX050S1-QC,,"2448 x 2048 px, 5.0 MP",,"Sony IMX264MZR CMOS (mono) Sony IMX264MYR CMOS (color) Polarized – four different directional polarizing filters (0°, 90°, 45°, and 135°)",11.1 mm (Type 2/3″),3.45 µm (H) x 3.45 µm (V),Global Shutter,C-Mount,Polarized Color,"1000BASE-T RJ45, PoE ix Industrial, PoE FFC, PoE",22 FPS (24 FPS) @ 5.0 MP,24 x 24 x 27.35 mm,30 g,8 핀 JST 커넥터,"1 input, 1 output",2 bi-directional,"PoE (IEEE 802.3af), or 12-24 VDC ±5% external","PoE를 통한 3.1W, 외부 전원 공급시 2.5W",128 MB,Gain,"Mono8/12/16, PolarizeMono8/12/16 (Mono) BayerRG8/12/16, PolarizeMono8/12/16 (Color)",,"수평 및 수직 비닝, ROI, 수평 및 수직 뒤집기",12 bit,0 dB ~ 48 dB 아날로그 및 디지털,33 μs to 10 s (Normal) / 1.0 μs to 14.4 μs (Short Mode),1 default and 2 custom user set,16 MB,"Frame counter, offset X/Y, width/height, 노출 시간, gain, black level, line status, sequencer set","Acquisition start/end, exposure start/end, line rise/fall, error",2 counters and 2 timers,"노출 시간, gain","Software trigger, hardware trigger, PTP (IEEE 1588)",GigE Vision v2.0,"CE, KC, FCC, RoHS, REACH, WEEE",-30 to 60°C,-10 to 55°C 주변,"동작: 20% ~ 80%, relative, 비 응축","DIN EN 60068-2-27, DIN EN 60068-2-64,",3 year,PHX050S1-P/Q,RJ45,,,,,,,,,,,,,,,,,,,,,,,,,,,,,,,,,,
Lucid Vision,Y,PHX050S1-PC,,"2448 x 2048 px, 5.0 MP",,"Sony IMX264MZR CMOS (mono) Sony IMX264MYR CMOS (color) Polarized – four different directional polarizing filters (0°, 90°, 45°, and 135°)",11.1 mm (Type 2/3″),3.45 µm (H) x 3.45 µm (V),Global Shutter,C-Mount,Polarized Mono,"1000BASE-T RJ45, PoE ix Industrial, PoE FFC, PoE",22 FPS (24 FPS) @ 5.0 MP,24 x 24 x 27.35 mm,30 g,8 핀 JST 커넥터,"1 input, 1 output",2 bi-directional,"PoE (IEEE 802.3af), or 12-24 VDC ±5% external","PoE를 통한 3.1W, 외부 전원 공급시 2.5W",128 MB,Gain,"Mono8/12/16, PolarizeMono8/12/16 (Mono) BayerRG8/12/16, PolarizeMono8/12/16 (Color)",,"수평 및 수직 비닝, ROI, 수평 및 수직 뒤집기",12 bit,0 dB ~ 48 dB 아날로그 및 디지털,33 μs to 10 s (Normal) / 1.0 μs to 14.4 μs (Short Mode),1 default and 2 custom user set,16 MB,"Frame counter, offset X/Y, width/height, 노출 시간, gain, black level, line status, sequencer set","Acquisition start/end, exposure start/end, line rise/fall, error",2 counters and 2 timers,"노출 시간, gain","Software trigger, hardware trigger, PTP (IEEE 1588)",GigE Vision v2.0,"CE, KC, FCC, RoHS, REACH, WEEE",-30 to 60°C,-10 to 55°C 주변,"동작: 20% ~ 80%, relative, 비 응축","DIN EN 60068-2-27, DIN EN 60068-2-64,",3 year,PHX050S1-P/Q,RJ45,,,,,,,,,,,,,,,,,,,,,,,,,,,,,,,,,,
Lucid Vision,Y,PHX050S1-QNF,,"2448 x 2048 px, 5.0 MP",,"Sony IMX264MZR CMOS (mono) Sony IMX264MYR CMOS (color) Polarized – four different directional polarizing filters (0°, 90°, 45°, and 135°)",11.1 mm (Type 2/3″),3.45 µm (H) x 3.45 µm (V),Global Shutter,NF-Mount,Polarized Color,"1000BASE-T RJ45, PoE ix Industrial, PoE FFC, PoE",22 FPS (24 FPS) @ 5.0 MP,24 x 24 x 27.35 mm,30 g,8 핀 JST 커넥터,"1 input, 1 output",2 bi-directional,"PoE (IEEE 802.3af), or 12-24 VDC ±5% external","PoE를 통한 3.1W, 외부 전원 공급시 2.5W",128 MB,Gain,"Mono8/12/16, PolarizeMono8/12/16 (Mono) BayerRG8/12/16, PolarizeMono8/12/16 (Color)",,"수평 및 수직 비닝, ROI, 수평 및 수직 뒤집기",12 bit,0 dB ~ 48 dB 아날로그 및 디지털,33 μs to 10 s (Normal) / 1.0 μs to 14.4 μs (Short Mode),1 default and 2 custom user set,16 MB,"Frame counter, offset X/Y, width/height, 노출 시간, gain, black level, line status, sequencer set","Acquisition start/end, exposure start/end, line rise/fall, error",2 counters and 2 timers,"노출 시간, gain","Software trigger, hardware trigger, PTP (IEEE 1588)",GigE Vision v2.0,"CE, KC, FCC, RoHS, REACH, WEEE",-30 to 60°C,-10 to 55°C 주변,"동작: 20% ~ 80%, relative, 비 응축","DIN EN 60068-2-27, DIN EN 60068-2-64,",3 year,PHX050S1-P/Q,RJ45,,,,,,,,,,,,,,,,,,,,,,,,,,,,,,,,,,
Lucid Vision,Y,PHX050S1-PNF,,"2448 x 2048 px, 5.0 MP",,"Sony IMX264MZR CMOS (mono) Sony IMX264MYR CMOS (color) Polarized – four different directional polarizing filters (0°, 90°, 45°, and 135°)",11.1 mm (Type 2/3″),3.45 µm (H) x 3.45 µm (V),Global Shutter,NF-Mount,Polarized Mono,"1000BASE-T RJ45, PoE ix Industrial, PoE FFC, PoE",22 FPS (24 FPS) @ 5.0 MP,24 x 24 x 27.35 mm,30 g,8 핀 JST 커넥터,"1 input, 1 output",2 bi-directional,"PoE (IEEE 802.3af), or 12-24 VDC ±5% external","PoE를 통한 3.1W, 외부 전원 공급시 2.5W",128 MB,Gain,"Mono8/12/16, PolarizeMono8/12/16 (Mono) BayerRG8/12/16, PolarizeMono8/12/16 (Color)",,"수평 및 수직 비닝, ROI, 수평 및 수직 뒤집기",12 bit,0 dB ~ 48 dB 아날로그 및 디지털,33 μs to 10 s (Normal) / 1.0 μs to 14.4 μs (Short Mode),1 default and 2 custom user set,16 MB,"Frame counter, offset X/Y, width/height, 노출 시간, gain, black level, line status, sequencer set","Acquisition start/end, exposure start/end, line rise/fall, error",2 counters and 2 timers,"노출 시간, gain","Software trigger, hardware trigger, PTP (IEEE 1588)",GigE Vision v2.0,"CE, KC, FCC, RoHS, REACH, WEEE",-30 to 60°C,-10 to 55°C 주변,"동작: 20% ~ 80%, relative, 비 응축","DIN EN 60068-2-27, DIN EN 60068-2-64,",3 year,PHX050S1-P/Q,RJ45,,,,,,,,,,,,,,,,,,,,,,,,,,,,,,,,,,
Lucid Vision,Y,PHX050S1-QNL,,"2448 x 2048 px, 5.0 MP",,"Sony IMX264MZR CMOS (mono) Sony IMX264MYR CMOS (color) Polarized – four different directional polarizing filters (0°, 90°, 45°, and 135°)",11.1 mm (Type 2/3″),3.45 µm (H) x 3.45 µm (V),Global Shutter,No Lens Mount,Polarized Color,"1000BASE-T RJ45, PoE ix Industrial, PoE FFC, PoE",22 FPS (24 FPS) @ 5.0 MP,24 x 24 x 27.35 mm,30 g,8 핀 JST 커넥터,"1 input, 1 output",2 bi-directional,"PoE (IEEE 802.3af), or 12-24 VDC ±5% external","PoE를 통한 3.1W, 외부 전원 공급시 2.5W",128 MB,Gain,"Mono8/12/16, PolarizeMono8/12/16 (Mono) BayerRG8/12/16, PolarizeMono8/12/16 (Color)",,"수평 및 수직 비닝, ROI, 수평 및 수직 뒤집기",12 bit,0 dB ~ 48 dB 아날로그 및 디지털,33 μs to 10 s (Normal) / 1.0 μs to 14.4 μs (Short Mode),1 default and 2 custom user set,16 MB,"Frame counter, offset X/Y, width/height, 노출 시간, gain, black level, line status, sequencer set","Acquisition start/end, exposure start/end, line rise/fall, error",2 counters and 2 timers,"노출 시간, gain","Software trigger, hardware trigger, PTP (IEEE 1588)",GigE Vision v2.0,"CE, KC, FCC, RoHS, REACH, WEEE",-30 to 60°C,-10 to 55°C 주변,"동작: 20% ~ 80%, relative, 비 응축","DIN EN 60068-2-27, DIN EN 60068-2-64,",3 year,PHX050S1-P/Q,RJ45,,,,,,,,,,,,,,,,,,,,,,,,,,,,,,,,,,
Lucid Vision,Y,PHX050S1-PNL,,"2448 x 2048 px, 5.0 MP",,"Sony IMX264MZR CMOS (mono) Sony IMX264MYR CMOS (color) Polarized – four different directional polarizing filters (0°, 90°, 45°, and 135°)",11.1 mm (Type 2/3″),3.45 µm (H) x 3.45 µm (V),Global Shutter,No Lens Mount,Polarized Mono,"1000BASE-T RJ45, PoE ix Industrial, PoE FFC, PoE",22 FPS (24 FPS) @ 5.0 MP,24 x 24 x 27.35 mm,30 g,8 핀 JST 커넥터,"1 input, 1 output",2 bi-directional,"PoE (IEEE 802.3af), or 12-24 VDC ±5% external","PoE를 통한 3.1W, 외부 전원 공급시 2.5W",128 MB,Gain,"Mono8/12/16, PolarizeMono8/12/16 (Mono) BayerRG8/12/16, PolarizeMono8/12/16 (Color)",,"수평 및 수직 비닝, ROI, 수평 및 수직 뒤집기",12 bit,0 dB ~ 48 dB 아날로그 및 디지털,33 μs to 10 s (Normal) / 1.0 μs to 14.4 μs (Short Mode),1 default and 2 custom user set,16 MB,"Frame counter, offset X/Y, width/height, 노출 시간, gain, black level, line status, sequencer set","Acquisition start/end, exposure start/end, line rise/fall, error",2 counters and 2 timers,"노출 시간, gain","Software trigger, hardware trigger, PTP (IEEE 1588)",GigE Vision v2.0,"CE, KC, FCC, RoHS, REACH, WEEE",-30 to 60°C,-10 to 55°C 주변,"동작: 20% ~ 80%, relative, 비 응축","DIN EN 60068-2-27, DIN EN 60068-2-64,",3 year,PHX050S1-P/Q,RJ45,,,,,,,,,,,,,,,,,,,,,,,,,,,,,,,,,,
Lucid Vision,Y,PHX050S1-QNLF,,"2448 x 2048 px, 5.0 MP",,"Sony IMX264MZR CMOS (mono) Sony IMX264MYR CMOS (color) Polarized – four different directional polarizing filters (0°, 90°, 45°, and 135°)",11.1 mm (Type 2/3″),3.45 µm (H) x 3.45 µm (V),Global Shutter,No Lens Mount w/ Flange,Polarized Color,"1000BASE-T RJ45, PoE ix Industrial, PoE FFC, PoE",22 FPS (24 FPS) @ 5.0 MP,24 x 24 x 27.35 mm,30 g,8 핀 JST 커넥터,"1 input, 1 output",2 bi-directional,"PoE (IEEE 802.3af), or 12-24 VDC ±5% external","PoE를 통한 3.1W, 외부 전원 공급시 2.5W",128 MB,Gain,"Mono8/12/16, PolarizeMono8/12/16 (Mono) BayerRG8/12/16, PolarizeMono8/12/16 (Color)",,"수평 및 수직 비닝, ROI, 수평 및 수직 뒤집기",12 bit,0 dB ~ 48 dB 아날로그 및 디지털,33 μs to 10 s (Normal) / 1.0 μs to 14.4 μs (Short Mode),1 default and 2 custom user set,16 MB,"Frame counter, offset X/Y, width/height, 노출 시간, gain, black level, line status, sequencer set","Acquisition start/end, exposure start/end, line rise/fall, error",2 counters and 2 timers,"노출 시간, gain","Software trigger, hardware trigger, PTP (IEEE 1588)",GigE Vision v2.0,"CE, KC, FCC, RoHS, REACH, WEEE",-30 to 60°C,-10 to 55°C 주변,"동작: 20% ~ 80%, relative, 비 응축","DIN EN 60068-2-27, DIN EN 60068-2-64,",3 year,PHX050S1-P/Q,RJ45,,,,,,,,,,,,,,,,,,,,,,,,,,,,,,,,,,
Lucid Vision,Y,PHX050S1-PNLF,,"2448 x 2048 px, 5.0 MP",,"Sony IMX264MZR CMOS (mono) Sony IMX264MYR CMOS (color) Polarized – four different directional polarizing filters (0°, 90°, 45°, and 135°)",11.1 mm (Type 2/3″),3.45 µm (H) x 3.45 µm (V),Global Shutter,No Lens Mount w/ Flange,Polarized Mono,"1000BASE-T RJ45, PoE ix Industrial, PoE FFC, PoE",22 FPS (24 FPS) @ 5.0 MP,24 x 24 x 27.35 mm,30 g,8 핀 JST 커넥터,"1 input, 1 output",2 bi-directional,"PoE (IEEE 802.3af), or 12-24 VDC ±5% external","PoE를 통한 3.1W, 외부 전원 공급시 2.5W",128 MB,Gain,"Mono8/12/16, PolarizeMono8/12/16 (Mono) BayerRG8/12/16, PolarizeMono8/12/16 (Color)",,"수평 및 수직 비닝, ROI, 수평 및 수직 뒤집기",12 bit,0 dB ~ 48 dB 아날로그 및 디지털,33 μs to 10 s (Normal) / 1.0 μs to 14.4 μs (Short Mode),1 default and 2 custom user set,16 MB,"Frame counter, offset X/Y, width/height, 노출 시간, gain, black level, line status, sequencer set","Acquisition start/end, exposure start/end, line rise/fall, error",2 counters and 2 timers,"노출 시간, gain","Software trigger, hardware trigger, PTP (IEEE 1588)",GigE Vision v2.0,"CE, KC, FCC, RoHS, REACH, WEEE",-30 to 60°C,-10 to 55°C 주변,"동작: 20% ~ 80%, relative, 비 응축","DIN EN 60068-2-27, DIN EN 60068-2-64,",3 year,PHX050S1-P/Q,RJ45,,,,,,,,,,,,,,,,,,,,,,,,,,,,,,,,,,
Lucid Vision,Y,PHX050S1-QC-IX,,"2448 x 2048 px, 5.0 MP",,"Sony IMX264MZR CMOS (mono) Sony IMX264MYR CMOS (color) Polarized – four different directional polarizing filters (0°, 90°, 45°, and 135°)",11.1 mm (Type 2/3″),3.45 µm (H) x 3.45 µm (V),Global Shutter,C-Mount,Polarized Color,"1000BASE-T RJ45, PoE ix Industrial, PoE FFC, PoE",22 FPS (24 FPS) @ 5.0 MP,24 x 24 x 27.35 mm,30 g,8 핀 JST 커넥터,"1 input, 1 output",2 bi-directional,"PoE (IEEE 802.3af), or 12-24 VDC ±5% external","PoE를 통한 3.1W, 외부 전원 공급시 2.5W",128 MB,Gain,"Mono8/12/16, PolarizeMono8/12/16 (Mono) BayerRG8/12/16, PolarizeMono8/12/16 (Color)",,"수평 및 수직 비닝, ROI, 수평 및 수직 뒤집기",12 bit,0 dB ~ 48 dB 아날로그 및 디지털,33 μs to 10 s (Normal) / 1.0 μs to 14.4 μs (Short Mode),1 default and 2 custom user set,16 MB,"Frame counter, offset X/Y, width/height, 노출 시간, gain, black level, line status, sequencer set","Acquisition start/end, exposure start/end, line rise/fall, error",2 counters and 2 timers,"노출 시간, gain","Software trigger, hardware trigger, PTP (IEEE 1588)",GigE Vision v2.0,"CE, KC, FCC, RoHS, REACH, WEEE",-30 to 60°C,-10 to 55°C 주변,"동작: 20% ~ 80%, relative, 비 응축","DIN EN 60068-2-27, DIN EN 60068-2-64,",3 year,PHX050S1-P/Q,ix Industrial,,,,,,,,,,,,,,,,,,,,,,,,,,,,,,,,,,
Lucid Vision,Y,PHX050S1-PC-IX,,"2448 x 2048 px, 5.0 MP",,"Sony IMX264MZR CMOS (mono) Sony IMX264MYR CMOS (color) Polarized – four different directional polarizing filters (0°, 90°, 45°, and 135°)",11.1 mm (Type 2/3″),3.45 µm (H) x 3.45 µm (V),Global Shutter,C-Mount,Polarized Mono,"1000BASE-T RJ45, PoE ix Industrial, PoE FFC, PoE",22 FPS (24 FPS) @ 5.0 MP,24 x 24 x 27.35 mm,30 g,8 핀 JST 커넥터,"1 input, 1 output",2 bi-directional,"PoE (IEEE 802.3af), or 12-24 VDC ±5% external","PoE를 통한 3.1W, 외부 전원 공급시 2.5W",128 MB,Gain,"Mono8/12/16, PolarizeMono8/12/16 (Mono) BayerRG8/12/16, PolarizeMono8/12/16 (Color)",,"수평 및 수직 비닝, ROI, 수평 및 수직 뒤집기",12 bit,0 dB ~ 48 dB 아날로그 및 디지털,33 μs to 10 s (Normal) / 1.0 μs to 14.4 μs (Short Mode),1 default and 2 custom user set,16 MB,"Frame counter, offset X/Y, width/height, 노출 시간, gain, black level, line status, sequencer set","Acquisition start/end, exposure start/end, line rise/fall, error",2 counters and 2 timers,"노출 시간, gain","Software trigger, hardware trigger, PTP (IEEE 1588)",GigE Vision v2.0,"CE, KC, FCC, RoHS, REACH, WEEE",-30 to 60°C,-10 to 55°C 주변,"동작: 20% ~ 80%, relative, 비 응축","DIN EN 60068-2-27, DIN EN 60068-2-64,",3 year,PHX050S1-P/Q,ix Industrial,,,,,,,,,,,,,,,,,,,,,,,,,,,,,,,,,,
Lucid Vision,Y,PHX050S1-QNF-IX,,"2448 x 2048 px, 5.0 MP",,"Sony IMX264MZR CMOS (mono) Sony IMX264MYR CMOS (color) Polarized – four different directional polarizing filters (0°, 90°, 45°, and 135°)",11.1 mm (Type 2/3″),3.45 µm (H) x 3.45 µm (V),Global Shutter,NF-Mount,Polarized Color,"1000BASE-T RJ45, PoE ix Industrial, PoE FFC, PoE",22 FPS (24 FPS) @ 5.0 MP,24 x 24 x 27.35 mm,30 g,8 핀 JST 커넥터,"1 input, 1 output",2 bi-directional,"PoE (IEEE 802.3af), or 12-24 VDC ±5% external","PoE를 통한 3.1W, 외부 전원 공급시 2.5W",128 MB,Gain,"Mono8/12/16, PolarizeMono8/12/16 (Mono) BayerRG8/12/16, PolarizeMono8/12/16 (Color)",,"수평 및 수직 비닝, ROI, 수평 및 수직 뒤집기",12 bit,0 dB ~ 48 dB 아날로그 및 디지털,33 μs to 10 s (Normal) / 1.0 μs to 14.4 μs (Short Mode),1 default and 2 custom user set,16 MB,"Frame counter, offset X/Y, width/height, 노출 시간, gain, black level, line status, sequencer set","Acquisition start/end, exposure start/end, line rise/fall, error",2 counters and 2 timers,"노출 시간, gain","Software trigger, hardware trigger, PTP (IEEE 1588)",GigE Vision v2.0,"CE, KC, FCC, RoHS, REACH, WEEE",-30 to 60°C,-10 to 55°C 주변,"동작: 20% ~ 80%, relative, 비 응축","DIN EN 60068-2-27, DIN EN 60068-2-64,",3 year,PHX050S1-P/Q,ix Industrial,,,,,,,,,,,,,,,,,,,,,,,,,,,,,,,,,,
Lucid Vision,Y,PHX050S1-PNF-IX,,"2448 x 2048 px, 5.0 MP",,"Sony IMX264MZR CMOS (mono) Sony IMX264MYR CMOS (color) Polarized – four different directional polarizing filters (0°, 90°, 45°, and 135°)",11.1 mm (Type 2/3″),3.45 µm (H) x 3.45 µm (V),Global Shutter,NF-Mount,Polarized Mono,"1000BASE-T RJ45, PoE ix Industrial, PoE FFC, PoE",22 FPS (24 FPS) @ 5.0 MP,24 x 24 x 27.35 mm,30 g,8 핀 JST 커넥터,"1 input, 1 output",2 bi-directional,"PoE (IEEE 802.3af), or 12-24 VDC ±5% external","PoE를 통한 3.1W, 외부 전원 공급시 2.5W",128 MB,Gain,"Mono8/12/16, PolarizeMono8/12/16 (Mono) BayerRG8/12/16, PolarizeMono8/12/16 (Color)",,"수평 및 수직 비닝, ROI, 수평 및 수직 뒤집기",12 bit,0 dB ~ 48 dB 아날로그 및 디지털,33 μs to 10 s (Normal) / 1.0 μs to 14.4 μs (Short Mode),1 default and 2 custom user set,16 MB,"Frame counter, offset X/Y, width/height, 노출 시간, gain, black level, line status, sequencer set","Acquisition start/end, exposure start/end, line rise/fall, error",2 counters and 2 timers,"노출 시간, gain","Software trigger, hardware trigger, PTP (IEEE 1588)",GigE Vision v2.0,"CE, KC, FCC, RoHS, REACH, WEEE",-30 to 60°C,-10 to 55°C 주변,"동작: 20% ~ 80%, relative, 비 응축","DIN EN 60068-2-27, DIN EN 60068-2-64,",3 year,PHX050S1-P/Q,ix Industrial,,,,,,,,,,,,,,,,,,,,,,,,,,,,,,,,,,
Lucid Vision,Y,PHX050S1-QNL-IX,,"2448 x 2048 px, 5.0 MP",,"Sony IMX264MZR CMOS (mono) Sony IMX264MYR CMOS (color) Polarized – four different directional polarizing filters (0°, 90°, 45°, and 135°)",11.1 mm (Type 2/3″),3.45 µm (H) x 3.45 µm (V),Global Shutter,No Lens Mount,Polarized Color,"1000BASE-T RJ45, PoE ix Industrial, PoE FFC, PoE",22 FPS (24 FPS) @ 5.0 MP,24 x 24 x 27.35 mm,30 g,8 핀 JST 커넥터,"1 input, 1 output",2 bi-directional,"PoE (IEEE 802.3af), or 12-24 VDC ±5% external","PoE를 통한 3.1W, 외부 전원 공급시 2.5W",128 MB,Gain,"Mono8/12/16, PolarizeMono8/12/16 (Mono) BayerRG8/12/16, PolarizeMono8/12/16 (Color)",,"수평 및 수직 비닝, ROI, 수평 및 수직 뒤집기",12 bit,0 dB ~ 48 dB 아날로그 및 디지털,33 μs to 10 s (Normal) / 1.0 μs to 14.4 μs (Short Mode),1 default and 2 custom user set,16 MB,"Frame counter, offset X/Y, width/height, 노출 시간, gain, black level, line status, sequencer set","Acquisition start/end, exposure start/end, line rise/fall, error",2 counters and 2 timers,"노출 시간, gain","Software trigger, hardware trigger, PTP (IEEE 1588)",GigE Vision v2.0,"CE, KC, FCC, RoHS, REACH, WEEE",-30 to 60°C,-10 to 55°C 주변,"동작: 20% ~ 80%, relative, 비 응축","DIN EN 60068-2-27, DIN EN 60068-2-64,",3 year,PHX050S1-P/Q,ix Industrial,,,,,,,,,,,,,,,,,,,,,,,,,,,,,,,,,,
Lucid Vision,Y,PHX050S1-PNL-IX,,"2448 x 2048 px, 5.0 MP",,"Sony IMX264MZR CMOS (mono) Sony IMX264MYR CMOS (color) Polarized – four different directional polarizing filters (0°, 90°, 45°, and 135°)",11.1 mm (Type 2/3″),3.45 µm (H) x 3.45 µm (V),Global Shutter,No Lens Mount,Polarized Mono,"1000BASE-T RJ45, PoE ix Industrial, PoE FFC, PoE",22 FPS (24 FPS) @ 5.0 MP,24 x 24 x 27.35 mm,30 g,8 핀 JST 커넥터,"1 input, 1 output",2 bi-directional,"PoE (IEEE 802.3af), or 12-24 VDC ±5% external","PoE를 통한 3.1W, 외부 전원 공급시 2.5W",128 MB,Gain,"Mono8/12/16, PolarizeMono8/12/16 (Mono) BayerRG8/12/16, PolarizeMono8/12/16 (Color)",,"수평 및 수직 비닝, ROI, 수평 및 수직 뒤집기",12 bit,0 dB ~ 48 dB 아날로그 및 디지털,33 μs to 10 s (Normal) / 1.0 μs to 14.4 μs (Short Mode),1 default and 2 custom user set,16 MB,"Frame counter, offset X/Y, width/height, 노출 시간, gain, black level, line status, sequencer set","Acquisition start/end, exposure start/end, line rise/fall, error",2 counters and 2 timers,"노출 시간, gain","Software trigger, hardware trigger, PTP (IEEE 1588)",GigE Vision v2.0,"CE, KC, FCC, RoHS, REACH, WEEE",-30 to 60°C,-10 to 55°C 주변,"동작: 20% ~ 80%, relative, 비 응축","DIN EN 60068-2-27, DIN EN 60068-2-64,",3 year,PHX050S1-P/Q,ix Industrial,,,,,,,,,,,,,,,,,,,,,,,,,,,,,,,,,,
Lucid Vision,Y,PHX050S1-QNLF-IX,,"2448 x 2048 px, 5.0 MP",,"Sony IMX264MZR CMOS (mono) Sony IMX264MYR CMOS (color) Polarized – four different directional polarizing filters (0°, 90°, 45°, and 135°)",11.1 mm (Type 2/3″),3.45 µm (H) x 3.45 µm (V),Global Shutter,No Lens Mount w/ Flange,Polarized Color,"1000BASE-T RJ45, PoE ix Industrial, PoE FFC, PoE",22 FPS (24 FPS) @ 5.0 MP,24 x 24 x 27.35 mm,30 g,8 핀 JST 커넥터,"1 input, 1 output",2 bi-directional,"PoE (IEEE 802.3af), or 12-24 VDC ±5% external","PoE를 통한 3.1W, 외부 전원 공급시 2.5W",128 MB,Gain,"Mono8/12/16, PolarizeMono8/12/16 (Mono) BayerRG8/12/16, PolarizeMono8/12/16 (Color)",,"수평 및 수직 비닝, ROI, 수평 및 수직 뒤집기",12 bit,0 dB ~ 48 dB 아날로그 및 디지털,33 μs to 10 s (Normal) / 1.0 μs to 14.4 μs (Short Mode),1 default and 2 custom user set,16 MB,"Frame counter, offset X/Y, width/height, 노출 시간, gain, black level, line status, sequencer set","Acquisition start/end, exposure start/end, line rise/fall, error",2 counters and 2 timers,"노출 시간, gain","Software trigger, hardware trigger, PTP (IEEE 1588)",GigE Vision v2.0,"CE, KC, FCC, RoHS, REACH, WEEE",-30 to 60°C,-10 to 55°C 주변,"동작: 20% ~ 80%, relative, 비 응축","DIN EN 60068-2-27, DIN EN 60068-2-64,",3 year,PHX050S1-P/Q,ix Industrial,,,,,,,,,,,,,,,,,,,,,,,,,,,,,,,,,,
Lucid Vision,Y,PHX050S1-PNLF-IX,,"2448 x 2048 px, 5.0 MP",,"Sony IMX264MZR CMOS (mono) Sony IMX264MYR CMOS (color) Polarized – four different directional polarizing filters (0°, 90°, 45°, and 135°)",11.1 mm (Type 2/3″),3.45 µm (H) x 3.45 µm (V),Global Shutter,No Lens Mount w/ Flange,Polarized Mono,"1000BASE-T RJ45, PoE ix Industrial, PoE FFC, PoE",22 FPS (24 FPS) @ 5.0 MP,24 x 24 x 27.35 mm,30 g,8 핀 JST 커넥터,"1 input, 1 output",2 bi-directional,"PoE (IEEE 802.3af), or 12-24 VDC ±5% external","PoE를 통한 3.1W, 외부 전원 공급시 2.5W",128 MB,Gain,"Mono8/12/16, PolarizeMono8/12/16 (Mono) BayerRG8/12/16, PolarizeMono8/12/16 (Color)",,"수평 및 수직 비닝, ROI, 수평 및 수직 뒤집기",12 bit,0 dB ~ 48 dB 아날로그 및 디지털,33 μs to 10 s (Normal) / 1.0 μs to 14.4 μs (Short Mode),1 default and 2 custom user set,16 MB,"Frame counter, offset X/Y, width/height, 노출 시간, gain, black level, line status, sequencer set","Acquisition start/end, exposure start/end, line rise/fall, error",2 counters and 2 timers,"노출 시간, gain","Software trigger, hardware trigger, PTP (IEEE 1588)",GigE Vision v2.0,"CE, KC, FCC, RoHS, REACH, WEEE",-30 to 60°C,-10 to 55°C 주변,"동작: 20% ~ 80%, relative, 비 응축","DIN EN 60068-2-27, DIN EN 60068-2-64,",3 year,PHX050S1-P/Q,ix Industrial,,,,,,,,,,,,,,,,,,,,,,,,,,,,,,,,,,
Lucid Vision,N,PHX050S-P/Q,5.0 MP,"2448 x 2048 px, 5.0 MP",22 fps,"Sony IMX250MZR CMOS (mono)Sony IMX250MYR CMOS (color)Polarized – four different directional polarizing filters (0°, 90°, 45°, and 135°)",11.1 mm (Type 2/3″),3.45 µm (H) x 3.45 µm (V),Global Shutter,"C, NF-Mount, No Lens Mount, No Lens Mount with Flange, C-Mount Extended Head",Polarized MonoPolarized Color,"1000BASE-T RJ45, PoEix Industrial, PoEFFC, PoE",22 FPS (24 FPS) @ 5.0 MP,24 x 24 x 27.35 mm,30 g,8 핀 JST 커넥터,"1 input, 1 output",2 bi-directional,"PoE (IEEE 802.3af), or 12-24 VDC ±5% external","PoE를 통한 3.1W, 외부 전원 공급시 2.5W",128 MB,Gain,"Mono8/12/16, PolarizeMono8/12/16 (Mono)BayerRG8/12/16, PolarizeMono8/12/16 (Color)",,"수평 및 수직 비닝, ROI, 수평 및 수직 뒤집기",12 bit,0 dB ~ 48 dB 아날로그 및 디지털,33 μs to 10 s (Normal) / 1.0 μs to 14.4 μs (Short Mode),1 default and 2 custom user set,16 MB,"Frame counter, offset X/Y, width/height, 노출 시간, gain, black level, line status, sequencer set","Acquisition start/end, exposure start/end, line rise/fall, error",2 counters and 2 timers,"노출 시간, gain","Software trigger, hardware trigger, PTP (IEEE 1588)",GigE Vision v2.0,"CE, KC, FCC, RoHS, REACH, WEEE",-30 to 60°C,-10 to 55°C 주변,"동작: 20% ~ 80%, relative, 비 응축","DIN EN 60068-2-27, DIN EN 60068-2-64,",3 year,,,,,,,,,,,,,,,,,,,,,,,,,,,,,,,,,,,,
Lucid Vision,Y,PHX050S-QC,,"2448 x 2048 px, 5.0 MP",,"Sony IMX250MZR CMOS (mono)Sony IMX250MYR CMOS (color)Polarized – four different directional polarizing filters (0°, 90°, 45°, and 135°)",11.1 mm (Type 2/3″),3.45 µm (H) x 3.45 µm (V),Global Shutter,C-Mount,Polarized Color,"1000BASE-T RJ45, PoEix Industrial, PoEFFC, PoE",22 FPS (24 FPS) @ 5.0 MP,24 x 24 x 27.35 mm,30 g,8 핀 JST 커넥터,"1 input, 1 output",2 bi-directional,"PoE (IEEE 802.3af), or 12-24 VDC ±5% external","PoE를 통한 3.1W, 외부 전원 공급시 2.5W",128 MB,Gain,"Mono8/12/16, PolarizeMono8/12/16 (Mono)BayerRG8/12/16, PolarizeMono8/12/16 (Color)",,"수평 및 수직 비닝, ROI, 수평 및 수직 뒤집기",12 bit,0 dB ~ 48 dB 아날로그 및 디지털,33 μs to 10 s (Normal) / 1.0 μs to 14.4 μs (Short Mode),1 default and 2 custom user set,16 MB,"Frame counter, offset X/Y, width/height, 노출 시간, gain, black level, line status, sequencer set","Acquisition start/end, exposure start/end, line rise/fall, error",2 counters and 2 timers,"노출 시간, gain","Software trigger, hardware trigger, PTP (IEEE 1588)",GigE Vision v2.0,"CE, KC, FCC, RoHS, REACH, WEEE",-30 to 60°C,-10 to 55°C 주변,"동작: 20% ~ 80%, relative, 비 응축","DIN EN 60068-2-27, DIN EN 60068-2-64,",3 year,PHX050S-P/Q,RJ45,,,,,,,,,,,,,,,,,,,,,,,,,,,,,,,,,,
Lucid Vision,Y,PHX050S-PC,,"2448 x 2048 px, 5.0 MP",,"Sony IMX250MZR CMOS (mono)Sony IMX250MYR CMOS (color)Polarized – four different directional polarizing filters (0°, 90°, 45°, and 135°)",11.1 mm (Type 2/3″),3.45 µm (H) x 3.45 µm (V),Global Shutter,C-Mount,Polarized Mono,"1000BASE-T RJ45, PoEix Industrial, PoEFFC, PoE",22 FPS (24 FPS) @ 5.0 MP,24 x 24 x 27.35 mm,30 g,8 핀 JST 커넥터,"1 input, 1 output",2 bi-directional,"PoE (IEEE 802.3af), or 12-24 VDC ±5% external","PoE를 통한 3.1W, 외부 전원 공급시 2.5W",128 MB,Gain,"Mono8/12/16, PolarizeMono8/12/16 (Mono)BayerRG8/12/16, PolarizeMono8/12/16 (Color)",,"수평 및 수직 비닝, ROI, 수평 및 수직 뒤집기",12 bit,0 dB ~ 48 dB 아날로그 및 디지털,33 μs to 10 s (Normal) / 1.0 μs to 14.4 μs (Short Mode),1 default and 2 custom user set,16 MB,"Frame counter, offset X/Y, width/height, 노출 시간, gain, black level, line status, sequencer set","Acquisition start/end, exposure start/end, line rise/fall, error",2 counters and 2 timers,"노출 시간, gain","Software trigger, hardware trigger, PTP (IEEE 1588)",GigE Vision v2.0,"CE, KC, FCC, RoHS, REACH, WEEE",-30 to 60°C,-10 to 55°C 주변,"동작: 20% ~ 80%, relative, 비 응축","DIN EN 60068-2-27, DIN EN 60068-2-64,",3 year,PHX050S-P/Q,RJ45,,,,,,,,,,,,,,,,,,,,,,,,,,,,,,,,,,
Lucid Vision,Y,PHX050S-QNF,,"2448 x 2048 px, 5.0 MP",,"Sony IMX250MZR CMOS (mono)Sony IMX250MYR CMOS (color)Polarized – four different directional polarizing filters (0°, 90°, 45°, and 135°)",11.1 mm (Type 2/3″),3.45 µm (H) x 3.45 µm (V),Global Shutter,NF-Mount,Polarized Color,"1000BASE-T RJ45, PoEix Industrial, PoEFFC, PoE",22 FPS (24 FPS) @ 5.0 MP,24 x 24 x 27.35 mm,30 g,8 핀 JST 커넥터,"1 input, 1 output",2 bi-directional,"PoE (IEEE 802.3af), or 12-24 VDC ±5% external","PoE를 통한 3.1W, 외부 전원 공급시 2.5W",128 MB,Gain,"Mono8/12/16, PolarizeMono8/12/16 (Mono)BayerRG8/12/16, PolarizeMono8/12/16 (Color)",,"수평 및 수직 비닝, ROI, 수평 및 수직 뒤집기",12 bit,0 dB ~ 48 dB 아날로그 및 디지털,33 μs to 10 s (Normal) / 1.0 μs to 14.4 μs (Short Mode),1 default and 2 custom user set,16 MB,"Frame counter, offset X/Y, width/height, 노출 시간, gain, black level, line status, sequencer set","Acquisition start/end, exposure start/end, line rise/fall, error",2 counters and 2 timers,"노출 시간, gain","Software trigger, hardware trigger, PTP (IEEE 1588)",GigE Vision v2.0,"CE, KC, FCC, RoHS, REACH, WEEE",-30 to 60°C,-10 to 55°C 주변,"동작: 20% ~ 80%, relative, 비 응축","DIN EN 60068-2-27, DIN EN 60068-2-64,",3 year,PHX050S-P/Q,RJ45,,,,,,,,,,,,,,,,,,,,,,,,,,,,,,,,,,
Lucid Vision,Y,PHX050S-PNF,,"2448 x 2048 px, 5.0 MP",,"Sony IMX250MZR CMOS (mono)Sony IMX250MYR CMOS (color)Polarized – four different directional polarizing filters (0°, 90°, 45°, and 135°)",11.1 mm (Type 2/3″),3.45 µm (H) x 3.45 µm (V),Global Shutter,NF-Mount,Polarized Mono,"1000BASE-T RJ45, PoEix Industrial, PoEFFC, PoE",22 FPS (24 FPS) @ 5.0 MP,24 x 24 x 27.35 mm,30 g,8 핀 JST 커넥터,"1 input, 1 output",2 bi-directional,"PoE (IEEE 802.3af), or 12-24 VDC ±5% external","PoE를 통한 3.1W, 외부 전원 공급시 2.5W",128 MB,Gain,"Mono8/12/16, PolarizeMono8/12/16 (Mono)BayerRG8/12/16, PolarizeMono8/12/16 (Color)",,"수평 및 수직 비닝, ROI, 수평 및 수직 뒤집기",12 bit,0 dB ~ 48 dB 아날로그 및 디지털,33 μs to 10 s (Normal) / 1.0 μs to 14.4 μs (Short Mode),1 default and 2 custom user set,16 MB,"Frame counter, offset X/Y, width/height, 노출 시간, gain, black level, line status, sequencer set","Acquisition start/end, exposure start/end, line rise/fall, error",2 counters and 2 timers,"노출 시간, gain","Software trigger, hardware trigger, PTP (IEEE 1588)",GigE Vision v2.0,"CE, KC, FCC, RoHS, REACH, WEEE",-30 to 60°C,-10 to 55°C 주변,"동작: 20% ~ 80%, relative, 비 응축","DIN EN 60068-2-27, DIN EN 60068-2-64,",3 year,PHX050S-P/Q,RJ45,,,,,,,,,,,,,,,,,,,,,,,,,,,,,,,,,,
Lucid Vision,Y,PHX050S-QNL,,"2448 x 2048 px, 5.0 MP",,"Sony IMX250MZR CMOS (mono)Sony IMX250MYR CMOS (color)Polarized – four different directional polarizing filters (0°, 90°, 45°, and 135°)",11.1 mm (Type 2/3″),3.45 µm (H) x 3.45 µm (V),Global Shutter,No Lens Mount,Polarized Color,"1000BASE-T RJ45, PoEix Industrial, PoEFFC, PoE",22 FPS (24 FPS) @ 5.0 MP,24 x 24 x 27.35 mm,30 g,8 핀 JST 커넥터,"1 input, 1 output",2 bi-directional,"PoE (IEEE 802.3af), or 12-24 VDC ±5% external","PoE를 통한 3.1W, 외부 전원 공급시 2.5W",128 MB,Gain,"Mono8/12/16, PolarizeMono8/12/16 (Mono)BayerRG8/12/16, PolarizeMono8/12/16 (Color)",,"수평 및 수직 비닝, ROI, 수평 및 수직 뒤집기",12 bit,0 dB ~ 48 dB 아날로그 및 디지털,33 μs to 10 s (Normal) / 1.0 μs to 14.4 μs (Short Mode),1 default and 2 custom user set,16 MB,"Frame counter, offset X/Y, width/height, 노출 시간, gain, black level, line status, sequencer set","Acquisition start/end, exposure start/end, line rise/fall, error",2 counters and 2 timers,"노출 시간, gain","Software trigger, hardware trigger, PTP (IEEE 1588)",GigE Vision v2.0,"CE, KC, FCC, RoHS, REACH, WEEE",-30 to 60°C,-10 to 55°C 주변,"동작: 20% ~ 80%, relative, 비 응축","DIN EN 60068-2-27, DIN EN 60068-2-64,",3 year,PHX050S-P/Q,RJ45,,,,,,,,,,,,,,,,,,,,,,,,,,,,,,,,,,
Lucid Vision,Y,PHX050S-PNL,,"2448 x 2048 px, 5.0 MP",,"Sony IMX250MZR CMOS (mono)Sony IMX250MYR CMOS (color)Polarized – four different directional polarizing filters (0°, 90°, 45°, and 135°)",11.1 mm (Type 2/3″),3.45 µm (H) x 3.45 µm (V),Global Shutter,No Lens Mount,Polarized Mono,"1000BASE-T RJ45, PoEix Industrial, PoEFFC, PoE",22 FPS (24 FPS) @ 5.0 MP,24 x 24 x 27.35 mm,30 g,8 핀 JST 커넥터,"1 input, 1 output",2 bi-directional,"PoE (IEEE 802.3af), or 12-24 VDC ±5% external","PoE를 통한 3.1W, 외부 전원 공급시 2.5W",128 MB,Gain,"Mono8/12/16, PolarizeMono8/12/16 (Mono)BayerRG8/12/16, PolarizeMono8/12/16 (Color)",,"수평 및 수직 비닝, ROI, 수평 및 수직 뒤집기",12 bit,0 dB ~ 48 dB 아날로그 및 디지털,33 μs to 10 s (Normal) / 1.0 μs to 14.4 μs (Short Mode),1 default and 2 custom user set,16 MB,"Frame counter, offset X/Y, width/height, 노출 시간, gain, black level, line status, sequencer set","Acquisition start/end, exposure start/end, line rise/fall, error",2 counters and 2 timers,"노출 시간, gain","Software trigger, hardware trigger, PTP (IEEE 1588)",GigE Vision v2.0,"CE, KC, FCC, RoHS, REACH, WEEE",-30 to 60°C,-10 to 55°C 주변,"동작: 20% ~ 80%, relative, 비 응축","DIN EN 60068-2-27, DIN EN 60068-2-64,",3 year,PHX050S-P/Q,RJ45,,,,,,,,,,,,,,,,,,,,,,,,,,,,,,,,,,
Lucid Vision,Y,PHX050S-QNLF,,"2448 x 2048 px, 5.0 MP",,"Sony IMX250MZR CMOS (mono)Sony IMX250MYR CMOS (color)Polarized – four different directional polarizing filters (0°, 90°, 45°, and 135°)",11.1 mm (Type 2/3″),3.45 µm (H) x 3.45 µm (V),Global Shutter,No Lens Mount with Flange,Polarized Color,"1000BASE-T RJ45, PoEix Industrial, PoEFFC, PoE",22 FPS (24 FPS) @ 5.0 MP,24 x 24 x 27.35 mm,30 g,8 핀 JST 커넥터,"1 input, 1 output",2 bi-directional,"PoE (IEEE 802.3af), or 12-24 VDC ±5% external","PoE를 통한 3.1W, 외부 전원 공급시 2.5W",128 MB,Gain,"Mono8/12/16, PolarizeMono8/12/16 (Mono)BayerRG8/12/16, PolarizeMono8/12/16 (Color)",,"수평 및 수직 비닝, ROI, 수평 및 수직 뒤집기",12 bit,0 dB ~ 48 dB 아날로그 및 디지털,33 μs to 10 s (Normal) / 1.0 μs to 14.4 μs (Short Mode),1 default and 2 custom user set,16 MB,"Frame counter, offset X/Y, width/height, 노출 시간, gain, black level, line status, sequencer set","Acquisition start/end, exposure start/end, line rise/fall, error",2 counters and 2 timers,"노출 시간, gain","Software trigger, hardware trigger, PTP (IEEE 1588)",GigE Vision v2.0,"CE, KC, FCC, RoHS, REACH, WEEE",-30 to 60°C,-10 to 55°C 주변,"동작: 20% ~ 80%, relative, 비 응축","DIN EN 60068-2-27, DIN EN 60068-2-64,",3 year,PHX050S-P/Q,RJ45,,,,,,,,,,,,,,,,,,,,,,,,,,,,,,,,,,
Lucid Vision,Y,PHX050S-PNLF,,"2448 x 2048 px, 5.0 MP",,"Sony IMX250MZR CMOS (mono)Sony IMX250MYR CMOS (color)Polarized – four different directional polarizing filters (0°, 90°, 45°, and 135°)",11.1 mm (Type 2/3″),3.45 µm (H) x 3.45 µm (V),Global Shutter,No Lens Mount with Flange,Polarized Mono,"1000BASE-T RJ45, PoEix Industrial, PoEFFC, PoE",22 FPS (24 FPS) @ 5.0 MP,24 x 24 x 27.35 mm,30 g,8 핀 JST 커넥터,"1 input, 1 output",2 bi-directional,"PoE (IEEE 802.3af), or 12-24 VDC ±5% external","PoE를 통한 3.1W, 외부 전원 공급시 2.5W",128 MB,Gain,"Mono8/12/16, PolarizeMono8/12/16 (Mono)BayerRG8/12/16, PolarizeMono8/12/16 (Color)",,"수평 및 수직 비닝, ROI, 수평 및 수직 뒤집기",12 bit,0 dB ~ 48 dB 아날로그 및 디지털,33 μs to 10 s (Normal) / 1.0 μs to 14.4 μs (Short Mode),1 default and 2 custom user set,16 MB,"Frame counter, offset X/Y, width/height, 노출 시간, gain, black level, line status, sequencer set","Acquisition start/end, exposure start/end, line rise/fall, error",2 counters and 2 timers,"노출 시간, gain","Software trigger, hardware trigger, PTP (IEEE 1588)",GigE Vision v2.0,"CE, KC, FCC, RoHS, REACH, WEEE",-30 to 60°C,-10 to 55°C 주변,"동작: 20% ~ 80%, relative, 비 응축","DIN EN 60068-2-27, DIN EN 60068-2-64,",3 year,PHX050S-P/Q,RJ45,,,,,,,,,,,,,,,,,,,,,,,,,,,,,,,,,,
Lucid Vision,Y,PHX050S-QC-IX,,"2448 x 2048 px, 5.0 MP",,"Sony IMX250MZR CMOS (mono)Sony IMX250MYR CMOS (color)Polarized – four different directional polarizing filters (0°, 90°, 45°, and 135°)",11.1 mm (Type 2/3″),3.45 µm (H) x 3.45 µm (V),Global Shutter,C-Mount,Polarized Color,"1000BASE-T RJ45, PoEix Industrial, PoEFFC, PoE",22 FPS (24 FPS) @ 5.0 MP,24 x 24 x 27.35 mm,30 g,8 핀 JST 커넥터,"1 input, 1 output",2 bi-directional,"PoE (IEEE 802.3af), or 12-24 VDC ±5% external","PoE를 통한 3.1W, 외부 전원 공급시 2.5W",128 MB,Gain,"Mono8/12/16, PolarizeMono8/12/16 (Mono)BayerRG8/12/16, PolarizeMono8/12/16 (Color)",,"수평 및 수직 비닝, ROI, 수평 및 수직 뒤집기",12 bit,0 dB ~ 48 dB 아날로그 및 디지털,33 μs to 10 s (Normal) / 1.0 μs to 14.4 μs (Short Mode),1 default and 2 custom user set,16 MB,"Frame counter, offset X/Y, width/height, 노출 시간, gain, black level, line status, sequencer set","Acquisition start/end, exposure start/end, line rise/fall, error",2 counters and 2 timers,"노출 시간, gain","Software trigger, hardware trigger, PTP (IEEE 1588)",GigE Vision v2.0,"CE, KC, FCC, RoHS, REACH, WEEE",-30 to 60°C,-10 to 55°C 주변,"동작: 20% ~ 80%, relative, 비 응축","DIN EN 60068-2-27, DIN EN 60068-2-64,",3 year,PHX050S-P/Q,ix Industrial,,,,,,,,,,,,,,,,,,,,,,,,,,,,,,,,,,
Lucid Vision,Y,PHX050S-PC-IX,,"2448 x 2048 px, 5.0 MP",,"Sony IMX250MZR CMOS (mono)Sony IMX250MYR CMOS (color)Polarized – four different directional polarizing filters (0°, 90°, 45°, and 135°)",11.1 mm (Type 2/3″),3.45 µm (H) x 3.45 µm (V),Global Shutter,C-Mount,Polarized Mono,"1000BASE-T RJ45, PoEix Industrial, PoEFFC, PoE",22 FPS (24 FPS) @ 5.0 MP,24 x 24 x 27.35 mm,30 g,8 핀 JST 커넥터,"1 input, 1 output",2 bi-directional,"PoE (IEEE 802.3af), or 12-24 VDC ±5% external","PoE를 통한 3.1W, 외부 전원 공급시 2.5W",128 MB,Gain,"Mono8/12/16, PolarizeMono8/12/16 (Mono)BayerRG8/12/16, PolarizeMono8/12/16 (Color)",,"수평 및 수직 비닝, ROI, 수평 및 수직 뒤집기",12 bit,0 dB ~ 48 dB 아날로그 및 디지털,33 μs to 10 s (Normal) / 1.0 μs to 14.4 μs (Short Mode),1 default and 2 custom user set,16 MB,"Frame counter, offset X/Y, width/height, 노출 시간, gain, black level, line status, sequencer set","Acquisition start/end, exposure start/end, line rise/fall, error",2 counters and 2 timers,"노출 시간, gain","Software trigger, hardware trigger, PTP (IEEE 1588)",GigE Vision v2.0,"CE, KC, FCC, RoHS, REACH, WEEE",-30 to 60°C,-10 to 55°C 주변,"동작: 20% ~ 80%, relative, 비 응축","DIN EN 60068-2-27, DIN EN 60068-2-64,",3 year,PHX050S-P/Q,ix Industrial,,,,,,,,,,,,,,,,,,,,,,,,,,,,,,,,,,
Lucid Vision,Y,PHX050S-QNF-IX,,"2448 x 2048 px, 5.0 MP",,"Sony IMX250MZR CMOS (mono)Sony IMX250MYR CMOS (color)Polarized – four different directional polarizing filters (0°, 90°, 45°, and 135°)",11.1 mm (Type 2/3″),3.45 µm (H) x 3.45 µm (V),Global Shutter,NF-Mount,Polarized Color,"1000BASE-T RJ45, PoEix Industrial, PoEFFC, PoE",22 FPS (24 FPS) @ 5.0 MP,24 x 24 x 27.35 mm,30 g,8 핀 JST 커넥터,"1 input, 1 output",2 bi-directional,"PoE (IEEE 802.3af), or 12-24 VDC ±5% external","PoE를 통한 3.1W, 외부 전원 공급시 2.5W",128 MB,Gain,"Mono8/12/16, PolarizeMono8/12/16 (Mono)BayerRG8/12/16, PolarizeMono8/12/16 (Color)",,"수평 및 수직 비닝, ROI, 수평 및 수직 뒤집기",12 bit,0 dB ~ 48 dB 아날로그 및 디지털,33 μs to 10 s (Normal) / 1.0 μs to 14.4 μs (Short Mode),1 default and 2 custom user set,16 MB,"Frame counter, offset X/Y, width/height, 노출 시간, gain, black level, line status, sequencer set","Acquisition start/end, exposure start/end, line rise/fall, error",2 counters and 2 timers,"노출 시간, gain","Software trigger, hardware trigger, PTP (IEEE 1588)",GigE Vision v2.0,"CE, KC, FCC, RoHS, REACH, WEEE",-30 to 60°C,-10 to 55°C 주변,"동작: 20% ~ 80%, relative, 비 응축","DIN EN 60068-2-27, DIN EN 60068-2-64,",3 year,PHX050S-P/Q,ix Industrial,,,,,,,,,,,,,,,,,,,,,,,,,,,,,,,,,,
Lucid Vision,Y,PHX050S-PNF-IX,,"2448 x 2048 px, 5.0 MP",,"Sony IMX250MZR CMOS (mono)Sony IMX250MYR CMOS (color)Polarized – four different directional polarizing filters (0°, 90°, 45°, and 135°)",11.1 mm (Type 2/3″),3.45 µm (H) x 3.45 µm (V),Global Shutter,NF-Mount,Polarized Mono,"1000BASE-T RJ45, PoEix Industrial, PoEFFC, PoE",22 FPS (24 FPS) @ 5.0 MP,24 x 24 x 27.35 mm,30 g,8 핀 JST 커넥터,"1 input, 1 output",2 bi-directional,"PoE (IEEE 802.3af), or 12-24 VDC ±5% external","PoE를 통한 3.1W, 외부 전원 공급시 2.5W",128 MB,Gain,"Mono8/12/16, PolarizeMono8/12/16 (Mono)BayerRG8/12/16, PolarizeMono8/12/16 (Color)",,"수평 및 수직 비닝, ROI, 수평 및 수직 뒤집기",12 bit,0 dB ~ 48 dB 아날로그 및 디지털,33 μs to 10 s (Normal) / 1.0 μs to 14.4 μs (Short Mode),1 default and 2 custom user set,16 MB,"Frame counter, offset X/Y, width/height, 노출 시간, gain, black level, line status, sequencer set","Acquisition start/end, exposure start/end, line rise/fall, error",2 counters and 2 timers,"노출 시간, gain","Software trigger, hardware trigger, PTP (IEEE 1588)",GigE Vision v2.0,"CE, KC, FCC, RoHS, REACH, WEEE",-30 to 60°C,-10 to 55°C 주변,"동작: 20% ~ 80%, relative, 비 응축","DIN EN 60068-2-27, DIN EN 60068-2-64,",3 year,PHX050S-P/Q,ix Industrial,,,,,,,,,,,,,,,,,,,,,,,,,,,,,,,,,,
Lucid Vision,Y,PHX050S-QNL-IX,,"2448 x 2048 px, 5.0 MP",,"Sony IMX250MZR CMOS (mono)Sony IMX250MYR CMOS (color)Polarized – four different directional polarizing filters (0°, 90°, 45°, and 135°)",11.1 mm (Type 2/3″),3.45 µm (H) x 3.45 µm (V),Global Shutter,No Lens Mount,Polarized Color,"1000BASE-T RJ45, PoEix Industrial, PoEFFC, PoE",22 FPS (24 FPS) @ 5.0 MP,24 x 24 x 27.35 mm,30 g,8 핀 JST 커넥터,"1 input, 1 output",2 bi-directional,"PoE (IEEE 802.3af), or 12-24 VDC ±5% external","PoE를 통한 3.1W, 외부 전원 공급시 2.5W",128 MB,Gain,"Mono8/12/16, PolarizeMono8/12/16 (Mono)BayerRG8/12/16, PolarizeMono8/12/16 (Color)",,"수평 및 수직 비닝, ROI, 수평 및 수직 뒤집기",12 bit,0 dB ~ 48 dB 아날로그 및 디지털,33 μs to 10 s (Normal) / 1.0 μs to 14.4 μs (Short Mode),1 default and 2 custom user set,16 MB,"Frame counter, offset X/Y, width/height, 노출 시간, gain, black level, line status, sequencer set","Acquisition start/end, exposure start/end, line rise/fall, error",2 counters and 2 timers,"노출 시간, gain","Software trigger, hardware trigger, PTP (IEEE 1588)",GigE Vision v2.0,"CE, KC, FCC, RoHS, REACH, WEEE",-30 to 60°C,-10 to 55°C 주변,"동작: 20% ~ 80%, relative, 비 응축","DIN EN 60068-2-27, DIN EN 60068-2-64,",3 year,PHX050S-P/Q,ix Industrial,,,,,,,,,,,,,,,,,,,,,,,,,,,,,,,,,,
Lucid Vision,Y,PHX050S-PNL-IX,,"2448 x 2048 px, 5.0 MP",,"Sony IMX250MZR CMOS (mono)Sony IMX250MYR CMOS (color)Polarized – four different directional polarizing filters (0°, 90°, 45°, and 135°)",11.1 mm (Type 2/3″),3.45 µm (H) x 3.45 µm (V),Global Shutter,No Lens Mount,Polarized Mono,"1000BASE-T RJ45, PoEix Industrial, PoEFFC, PoE",22 FPS (24 FPS) @ 5.0 MP,24 x 24 x 27.35 mm,30 g,8 핀 JST 커넥터,"1 input, 1 output",2 bi-directional,"PoE (IEEE 802.3af), or 12-24 VDC ±5% external","PoE를 통한 3.1W, 외부 전원 공급시 2.5W",128 MB,Gain,"Mono8/12/16, PolarizeMono8/12/16 (Mono)BayerRG8/12/16, PolarizeMono8/12/16 (Color)",,"수평 및 수직 비닝, ROI, 수평 및 수직 뒤집기",12 bit,0 dB ~ 48 dB 아날로그 및 디지털,33 μs to 10 s (Normal) / 1.0 μs to 14.4 μs (Short Mode),1 default and 2 custom user set,16 MB,"Frame counter, offset X/Y, width/height, 노출 시간, gain, black level, line status, sequencer set","Acquisition start/end, exposure start/end, line rise/fall, error",2 counters and 2 timers,"노출 시간, gain","Software trigger, hardware trigger, PTP (IEEE 1588)",GigE Vision v2.0,"CE, KC, FCC, RoHS, REACH, WEEE",-30 to 60°C,-10 to 55°C 주변,"동작: 20% ~ 80%, relative, 비 응축","DIN EN 60068-2-27, DIN EN 60068-2-64,",3 year,PHX050S-P/Q,ix Industrial,,,,,,,,,,,,,,,,,,,,,,,,,,,,,,,,,,
Lucid Vision,Y,PHX050S-QNLF-IX,,"2448 x 2048 px, 5.0 MP",,"Sony IMX250MZR CMOS (mono)Sony IMX250MYR CMOS (color)Polarized – four different directional polarizing filters (0°, 90°, 45°, and 135°)",11.1 mm (Type 2/3″),3.45 µm (H) x 3.45 µm (V),Global Shutter,No Lens Mount with Flange,Polarized Color,"1000BASE-T RJ45, PoEix Industrial, PoEFFC, PoE",22 FPS (24 FPS) @ 5.0 MP,24 x 24 x 27.35 mm,30 g,8 핀 JST 커넥터,"1 input, 1 output",2 bi-directional,"PoE (IEEE 802.3af), or 12-24 VDC ±5% external","PoE를 통한 3.1W, 외부 전원 공급시 2.5W",128 MB,Gain,"Mono8/12/16, PolarizeMono8/12/16 (Mono)BayerRG8/12/16, PolarizeMono8/12/16 (Color)",,"수평 및 수직 비닝, ROI, 수평 및 수직 뒤집기",12 bit,0 dB ~ 48 dB 아날로그 및 디지털,33 μs to 10 s (Normal) / 1.0 μs to 14.4 μs (Short Mode),1 default and 2 custom user set,16 MB,"Frame counter, offset X/Y, width/height, 노출 시간, gain, black level, line status, sequencer set","Acquisition start/end, exposure start/end, line rise/fall, error",2 counters and 2 timers,"노출 시간, gain","Software trigger, hardware trigger, PTP (IEEE 1588)",GigE Vision v2.0,"CE, KC, FCC, RoHS, REACH, WEEE",-30 to 60°C,-10 to 55°C 주변,"동작: 20% ~ 80%, relative, 비 응축","DIN EN 60068-2-27, DIN EN 60068-2-64,",3 year,PHX050S-P/Q,ix Industrial,,,,,,,,,,,,,,,,,,,,,,,,,,,,,,,,,,
Lucid Vision,Y,PHX050S-PNLF-IX,,"2448 x 2048 px, 5.0 MP",,"Sony IMX250MZR CMOS (mono)Sony IMX250MYR CMOS (color)Polarized – four different directional polarizing filters (0°, 90°, 45°, and 135°)",11.1 mm (Type 2/3″),3.45 µm (H) x 3.45 µm (V),Global Shutter,No Lens Mount with Flange,Polarized Mono,"1000BASE-T RJ45, PoEix Industrial, PoEFFC, PoE",22 FPS (24 FPS) @ 5.0 MP,24 x 24 x 27.35 mm,30 g,8 핀 JST 커넥터,"1 input, 1 output",2 bi-directional,"PoE (IEEE 802.3af), or 12-24 VDC ±5% external","PoE를 통한 3.1W, 외부 전원 공급시 2.5W",128 MB,Gain,"Mono8/12/16, PolarizeMono8/12/16 (Mono)BayerRG8/12/16, PolarizeMono8/12/16 (Color)",,"수평 및 수직 비닝, ROI, 수평 및 수직 뒤집기",12 bit,0 dB ~ 48 dB 아날로그 및 디지털,33 μs to 10 s (Normal) / 1.0 μs to 14.4 μs (Short Mode),1 default and 2 custom user set,16 MB,"Frame counter, offset X/Y, width/height, 노출 시간, gain, black level, line status, sequencer set","Acquisition start/end, exposure start/end, line rise/fall, error",2 counters and 2 timers,"노출 시간, gain","Software trigger, hardware trigger, PTP (IEEE 1588)",GigE Vision v2.0,"CE, KC, FCC, RoHS, REACH, WEEE",-30 to 60°C,-10 to 55°C 주변,"동작: 20% ~ 80%, relative, 비 응축","DIN EN 60068-2-27, DIN EN 60068-2-64,",3 year,PHX050S-P/Q,ix Industrial,,,,,,,,,,,,,,,,,,,,,,,,,,,,,,,,,,
Lucid Vision,N,PHX051S,5.0 MP,"2448 x 2048 px, 5.0 MP",22 fps,Sony IMX568 CMOS,8.8 mm (Type 1/1.8″),2.74 µm (H) x 2.74 µm (V),Global Shutter,"C, C-Mount Extended Head, NF-Mount, No Lens Mount, No Lens Mount with Flange",Mono / Color,"1000BASE-T RJ45, PoEix Industrial, PoEFFC, PoE",22 FPS (23.5 FPS) @ 5.0 MP,"24x24x27.35 mm, (No lens mount 24x24x18.7 mm)","30 g, (No lens mount 20 g)",8 핀 JST 커넥터,"1 input, 1 output",2 bi-directional,"PoE (IEEE 802.3af), or 12-24 VDC ±5% external","PoE를 통한 3.1W, 외부 전원 공급시 2.5W",128 MB,"Gain, gamma, black level, white balance, LUT, CCM, pixel correction, color space conversion","Mono8/10/12/16, Bayer8/10/12/16, RGB8, BGR8, YCbCr8, YCbCr411, YUV422, YUV411, QOI_Mono8, QOI_BayerRG8, QOI_RGB8, QOI_BGR8, QOI_YCbCr8",QOI,"수평 및 수직 비닝, 서브 샘플링, ROI, 수평 및 수직 뒤집기",12 bit,0 dB ~ 48 dB 아날로그 및 디지털,22.25 μs ~ 10 s (Normal) 2.296 μs ~ 2.464 μs (Short Mode),1 default and 2 custom user set,16 MB,"Frame counter, offset X/Y, width/height, 노출 시간, gain, black level, line status, sequencer set","Acquisition start/end, exposure start/end, line rise/fall, error",2 counters and 2 timers,"노출 시간, gain","Software trigger, hardware trigger, PTP (IEEE 1588)",GigE Vision v2.0,"CE, KC, FCC, RoHS, REACH, WEEE",-30 to 60°C,-10 to 55°C 주변,"동작: 20% ~ 80%, relative, 비 응축","DIN EN 60068-2-27, DIN EN 60068-2-64,",3 year,,,,,,,,,,,,,,,,,,,,,,,,,,,,,,,,,,,,
Lucid Vision,Y,PHX051S-CC,,"2448 x 2048 px, 5.0 MP",,Sony IMX568 CMOS,8.8 mm (Type 1/1.8″),2.74 µm (H) x 2.74 µm (V),Global Shutter,C-mount,Color,"1000BASE-T RJ45, PoEix Industrial, PoEFFC, PoE",22 FPS (23.5 FPS) @ 5.0 MP,"24x24x27.35 mm, (No lens mount 24x24x18.7 mm)","30 g, (No lens mount 20 g)",8 핀 JST 커넥터,"1 input, 1 output",2 bi-directional,"PoE (IEEE 802.3af), or 12-24 VDC ±5% external","PoE를 통한 3.1W, 외부 전원 공급시 2.5W",128 MB,"Gain, gamma, black level, white balance, LUT, CCM, pixel correction, color space conversion","Mono8/10/12/16, Bayer8/10/12/16, RGB8, BGR8, YCbCr8, YCbCr411, YUV422, YUV411, QOI_Mono8, QOI_BayerRG8, QOI_RGB8, QOI_BGR8, QOI_YCbCr8",QOI,"수평 및 수직 비닝, 서브 샘플링, ROI, 수평 및 수직 뒤집기",12 bit,0 dB ~ 48 dB 아날로그 및 디지털,22.25 μs ~ 10 s (Normal) 2.296 μs ~ 2.464 μs (Short Mode),1 default and 2 custom user set,16 MB,"Frame counter, offset X/Y, width/height, 노출 시간, gain, black level, line status, sequencer set","Acquisition start/end, exposure start/end, line rise/fall, error",2 counters and 2 timers,"노출 시간, gain","Software trigger, hardware trigger, PTP (IEEE 1588)",GigE Vision v2.0,"CE, KC, FCC, RoHS, REACH, WEEE",-30 to 60°C,-10 to 55°C 주변,"동작: 20% ~ 80%, relative, 비 응축","DIN EN 60068-2-27, DIN EN 60068-2-64,",3 year,PHX051S,RJ45,,,,,,,,,,,,,,,,,,,,,,,,,,,,,,,,,,
Lucid Vision,Y,PHX051S-MC,,"2448 x 2048 px, 5.0 MP",,Sony IMX568 CMOS,8.8 mm (Type 1/1.8″),2.74 µm (H) x 2.74 µm (V),Global Shutter,C-mount,Mono,"1000BASE-T RJ45, PoEix Industrial, PoEFFC, PoE",22 FPS (23.5 FPS) @ 5.0 MP,"24x24x27.35 mm, (No lens mount 24x24x18.7 mm)","30 g, (No lens mount 20 g)",8 핀 JST 커넥터,"1 input, 1 output",2 bi-directional,"PoE (IEEE 802.3af), or 12-24 VDC ±5% external","PoE를 통한 3.1W, 외부 전원 공급시 2.5W",128 MB,"Gain, gamma, black level, white balance, LUT, CCM, pixel correction, color space conversion","Mono8/10/12/16, Bayer8/10/12/16, RGB8, BGR8, YCbCr8, YCbCr411, YUV422, YUV411, QOI_Mono8, QOI_BayerRG8, QOI_RGB8, QOI_BGR8, QOI_YCbCr8",QOI,"수평 및 수직 비닝, 서브 샘플링, ROI, 수평 및 수직 뒤집기",12 bit,0 dB ~ 48 dB 아날로그 및 디지털,22.25 μs ~ 10 s (Normal) 2.296 μs ~ 2.464 μs (Short Mode),1 default and 2 custom user set,16 MB,"Frame counter, offset X/Y, width/height, 노출 시간, gain, black level, line status, sequencer set","Acquisition start/end, exposure start/end, line rise/fall, error",2 counters and 2 timers,"노출 시간, gain","Software trigger, hardware trigger, PTP (IEEE 1588)",GigE Vision v2.0,"CE, KC, FCC, RoHS, REACH, WEEE",-30 to 60°C,-10 to 55°C 주변,"동작: 20% ~ 80%, relative, 비 응축","DIN EN 60068-2-27, DIN EN 60068-2-64,",3 year,PHX051S,RJ45,,,,,,,,,,,,,,,,,,,,,,,,,,,,,,,,,,
Lucid Vision,Y,PHX051S-CNF,,"2448 x 2048 px, 5.0 MP",,Sony IMX568 CMOS,8.8 mm (Type 1/1.8″),2.74 µm (H) x 2.74 µm (V),Global Shutter,NF-mount,Color,"1000BASE-T RJ45, PoEix Industrial, PoEFFC, PoE",22 FPS (23.5 FPS) @ 5.0 MP,"24x24x27.35 mm, (No lens mount 24x24x18.7 mm)","30 g, (No lens mount 20 g)",8 핀 JST 커넥터,"1 input, 1 output",2 bi-directional,"PoE (IEEE 802.3af), or 12-24 VDC ±5% external","PoE를 통한 3.1W, 외부 전원 공급시 2.5W",128 MB,"Gain, gamma, black level, white balance, LUT, CCM, pixel correction, color space conversion","Mono8/10/12/16, Bayer8/10/12/16, RGB8, BGR8, YCbCr8, YCbCr411, YUV422, YUV411, QOI_Mono8, QOI_BayerRG8, QOI_RGB8, QOI_BGR8, QOI_YCbCr8",QOI,"수평 및 수직 비닝, 서브 샘플링, ROI, 수평 및 수직 뒤집기",12 bit,0 dB ~ 48 dB 아날로그 및 디지털,22.25 μs ~ 10 s (Normal) 2.296 μs ~ 2.464 μs (Short Mode),1 default and 2 custom user set,16 MB,"Frame counter, offset X/Y, width/height, 노출 시간, gain, black level, line status, sequencer set","Acquisition start/end, exposure start/end, line rise/fall, error",2 counters and 2 timers,"노출 시간, gain","Software trigger, hardware trigger, PTP (IEEE 1588)",GigE Vision v2.0,"CE, KC, FCC, RoHS, REACH, WEEE",-30 to 60°C,-10 to 55°C 주변,"동작: 20% ~ 80%, relative, 비 응축","DIN EN 60068-2-27, DIN EN 60068-2-64,",3 year,PHX051S,RJ45,,,,,,,,,,,,,,,,,,,,,,,,,,,,,,,,,,
Lucid Vision,Y,PHX051S-MNF,,"2448 x 2048 px, 5.0 MP",,Sony IMX568 CMOS,8.8 mm (Type 1/1.8″),2.74 µm (H) x 2.74 µm (V),Global Shutter,NF-mount,Mono,"1000BASE-T RJ45, PoEix Industrial, PoEFFC, PoE",22 FPS (23.5 FPS) @ 5.0 MP,"24x24x27.35 mm, (No lens mount 24x24x18.7 mm)","30 g, (No lens mount 20 g)",8 핀 JST 커넥터,"1 input, 1 output",2 bi-directional,"PoE (IEEE 802.3af), or 12-24 VDC ±5% external","PoE를 통한 3.1W, 외부 전원 공급시 2.5W",128 MB,"Gain, gamma, black level, white balance, LUT, CCM, pixel correction, color space conversion","Mono8/10/12/16, Bayer8/10/12/16, RGB8, BGR8, YCbCr8, YCbCr411, YUV422, YUV411, QOI_Mono8, QOI_BayerRG8, QOI_RGB8, QOI_BGR8, QOI_YCbCr8",QOI,"수평 및 수직 비닝, 서브 샘플링, ROI, 수평 및 수직 뒤집기",12 bit,0 dB ~ 48 dB 아날로그 및 디지털,22.25 μs ~ 10 s (Normal) 2.296 μs ~ 2.464 μs (Short Mode),1 default and 2 custom user set,16 MB,"Frame counter, offset X/Y, width/height, 노출 시간, gain, black level, line status, sequencer set","Acquisition start/end, exposure start/end, line rise/fall, error",2 counters and 2 timers,"노출 시간, gain","Software trigger, hardware trigger, PTP (IEEE 1588)",GigE Vision v2.0,"CE, KC, FCC, RoHS, REACH, WEEE",-30 to 60°C,-10 to 55°C 주변,"동작: 20% ~ 80%, relative, 비 응축","DIN EN 60068-2-27, DIN EN 60068-2-64,",3 year,PHX051S,RJ45,,,,,,,,,,,,,,,,,,,,,,,,,,,,,,,,,,
Lucid Vision,Y,PHX051S-CNL,,"2448 x 2048 px, 5.0 MP",,Sony IMX568 CMOS,8.8 mm (Type 1/1.8″),2.74 µm (H) x 2.74 µm (V),Global Shutter,No Lens Mount,Color,"1000BASE-T RJ45, PoEix Industrial, PoEFFC, PoE",22 FPS (23.5 FPS) @ 5.0 MP,"24x24x27.35 mm, (No lens mount 24x24x18.7 mm)","30 g, (No lens mount 20 g)",8 핀 JST 커넥터,"1 input, 1 output",2 bi-directional,"PoE (IEEE 802.3af), or 12-24 VDC ±5% external","PoE를 통한 3.1W, 외부 전원 공급시 2.5W",128 MB,"Gain, gamma, black level, white balance, LUT, CCM, pixel correction, color space conversion","Mono8/10/12/16, Bayer8/10/12/16, RGB8, BGR8, YCbCr8, YCbCr411, YUV422, YUV411, QOI_Mono8, QOI_BayerRG8, QOI_RGB8, QOI_BGR8, QOI_YCbCr8",QOI,"수평 및 수직 비닝, 서브 샘플링, ROI, 수평 및 수직 뒤집기",12 bit,0 dB ~ 48 dB 아날로그 및 디지털,22.25 μs ~ 10 s (Normal) 2.296 μs ~ 2.464 μs (Short Mode),1 default and 2 custom user set,16 MB,"Frame counter, offset X/Y, width/height, 노출 시간, gain, black level, line status, sequencer set","Acquisition start/end, exposure start/end, line rise/fall, error",2 counters and 2 timers,"노출 시간, gain","Software trigger, hardware trigger, PTP (IEEE 1588)",GigE Vision v2.0,"CE, KC, FCC, RoHS, REACH, WEEE",-30 to 60°C,-10 to 55°C 주변,"동작: 20% ~ 80%, relative, 비 응축","DIN EN 60068-2-27, DIN EN 60068-2-64,",3 year,PHX051S,RJ45,,,,,,,,,,,,,,,,,,,,,,,,,,,,,,,,,,
Lucid Vision,Y,PHX051S-MNL,,"2448 x 2048 px, 5.0 MP",,Sony IMX568 CMOS,8.8 mm (Type 1/1.8″),2.74 µm (H) x 2.74 µm (V),Global Shutter,No Lens Mount,Mono,"1000BASE-T RJ45, PoEix Industrial, PoEFFC, PoE",22 FPS (23.5 FPS) @ 5.0 MP,"24x24x27.35 mm, (No lens mount 24x24x18.7 mm)","30 g, (No lens mount 20 g)",8 핀 JST 커넥터,"1 input, 1 output",2 bi-directional,"PoE (IEEE 802.3af), or 12-24 VDC ±5% external","PoE를 통한 3.1W, 외부 전원 공급시 2.5W",128 MB,"Gain, gamma, black level, white balance, LUT, CCM, pixel correction, color space conversion","Mono8/10/12/16, Bayer8/10/12/16, RGB8, BGR8, YCbCr8, YCbCr411, YUV422, YUV411, QOI_Mono8, QOI_BayerRG8, QOI_RGB8, QOI_BGR8, QOI_YCbCr8",QOI,"수평 및 수직 비닝, 서브 샘플링, ROI, 수평 및 수직 뒤집기",12 bit,0 dB ~ 48 dB 아날로그 및 디지털,22.25 μs ~ 10 s (Normal) 2.296 μs ~ 2.464 μs (Short Mode),1 default and 2 custom user set,16 MB,"Frame counter, offset X/Y, width/height, 노출 시간, gain, black level, line status, sequencer set","Acquisition start/end, exposure start/end, line rise/fall, error",2 counters and 2 timers,"노출 시간, gain","Software trigger, hardware trigger, PTP (IEEE 1588)",GigE Vision v2.0,"CE, KC, FCC, RoHS, REACH, WEEE",-30 to 60°C,-10 to 55°C 주변,"동작: 20% ~ 80%, relative, 비 응축","DIN EN 60068-2-27, DIN EN 60068-2-64,",3 year,PHX051S,RJ45,,,,,,,,,,,,,,,,,,,,,,,,,,,,,,,,,,
Lucid Vision,Y,PHX051S-CNLF,,"2448 x 2048 px, 5.0 MP",,Sony IMX568 CMOS,8.8 mm (Type 1/1.8″),2.74 µm (H) x 2.74 µm (V),Global Shutter,No Lens Mount w/ Flange,Color,"1000BASE-T RJ45, PoEix Industrial, PoEFFC, PoE",22 FPS (23.5 FPS) @ 5.0 MP,"24x24x27.35 mm, (No lens mount 24x24x18.7 mm)","30 g, (No lens mount 20 g)",8 핀 JST 커넥터,"1 input, 1 output",2 bi-directional,"PoE (IEEE 802.3af), or 12-24 VDC ±5% external","PoE를 통한 3.1W, 외부 전원 공급시 2.5W",128 MB,"Gain, gamma, black level, white balance, LUT, CCM, pixel correction, color space conversion","Mono8/10/12/16, Bayer8/10/12/16, RGB8, BGR8, YCbCr8, YCbCr411, YUV422, YUV411, QOI_Mono8, QOI_BayerRG8, QOI_RGB8, QOI_BGR8, QOI_YCbCr8",QOI,"수평 및 수직 비닝, 서브 샘플링, ROI, 수평 및 수직 뒤집기",12 bit,0 dB ~ 48 dB 아날로그 및 디지털,22.25 μs ~ 10 s (Normal) 2.296 μs ~ 2.464 μs (Short Mode),1 default and 2 custom user set,16 MB,"Frame counter, offset X/Y, width/height, 노출 시간, gain, black level, line status, sequencer set","Acquisition start/end, exposure start/end, line rise/fall, error",2 counters and 2 timers,"노출 시간, gain","Software trigger, hardware trigger, PTP (IEEE 1588)",GigE Vision v2.0,"CE, KC, FCC, RoHS, REACH, WEEE",-30 to 60°C,-10 to 55°C 주변,"동작: 20% ~ 80%, relative, 비 응축","DIN EN 60068-2-27, DIN EN 60068-2-64,",3 year,PHX051S,RJ45,,,,,,,,,,,,,,,,,,,,,,,,,,,,,,,,,,
Lucid Vision,Y,PHX051S-MNLF,,"2448 x 2048 px, 5.0 MP",,Sony IMX568 CMOS,8.8 mm (Type 1/1.8″),2.74 µm (H) x 2.74 µm (V),Global Shutter,No Lens Mount w/ Flange,Mono,"1000BASE-T RJ45, PoEix Industrial, PoEFFC, PoE",22 FPS (23.5 FPS) @ 5.0 MP,"24x24x27.35 mm, (No lens mount 24x24x18.7 mm)","30 g, (No lens mount 20 g)",8 핀 JST 커넥터,"1 input, 1 output",2 bi-directional,"PoE (IEEE 802.3af), or 12-24 VDC ±5% external","PoE를 통한 3.1W, 외부 전원 공급시 2.5W",128 MB,"Gain, gamma, black level, white balance, LUT, CCM, pixel correction, color space conversion","Mono8/10/12/16, Bayer8/10/12/16, RGB8, BGR8, YCbCr8, YCbCr411, YUV422, YUV411, QOI_Mono8, QOI_BayerRG8, QOI_RGB8, QOI_BGR8, QOI_YCbCr8",QOI,"수평 및 수직 비닝, 서브 샘플링, ROI, 수평 및 수직 뒤집기",12 bit,0 dB ~ 48 dB 아날로그 및 디지털,22.25 μs ~ 10 s (Normal) 2.296 μs ~ 2.464 μs (Short Mode),1 default and 2 custom user set,16 MB,"Frame counter, offset X/Y, width/height, 노출 시간, gain, black level, line status, sequencer set","Acquisition start/end, exposure start/end, line rise/fall, error",2 counters and 2 timers,"노출 시간, gain","Software trigger, hardware trigger, PTP (IEEE 1588)",GigE Vision v2.0,"CE, KC, FCC, RoHS, REACH, WEEE",-30 to 60°C,-10 to 55°C 주변,"동작: 20% ~ 80%, relative, 비 응축","DIN EN 60068-2-27, DIN EN 60068-2-64,",3 year,PHX051S,RJ45,,,,,,,,,,,,,,,,,,,,,,,,,,,,,,,,,,
Lucid Vision,Y,PHX051S-CC-IX,,"2448 x 2048 px, 5.0 MP",,Sony IMX568 CMOS,8.8 mm (Type 1/1.8″),2.74 µm (H) x 2.74 µm (V),Global Shutter,C-mount,Color,"1000BASE-T RJ45, PoEix Industrial, PoEFFC, PoE",22 FPS (23.5 FPS) @ 5.0 MP,"24x24x27.35 mm, (No lens mount 24x24x18.7 mm)","30 g, (No lens mount 20 g)",8 핀 JST 커넥터,"1 input, 1 output",2 bi-directional,"PoE (IEEE 802.3af), or 12-24 VDC ±5% external","PoE를 통한 3.1W, 외부 전원 공급시 2.5W",128 MB,"Gain, gamma, black level, white balance, LUT, CCM, pixel correction, color space conversion","Mono8/10/12/16, Bayer8/10/12/16, RGB8, BGR8, YCbCr8, YCbCr411, YUV422, YUV411, QOI_Mono8, QOI_BayerRG8, QOI_RGB8, QOI_BGR8, QOI_YCbCr8",QOI,"수평 및 수직 비닝, 서브 샘플링, ROI, 수평 및 수직 뒤집기",12 bit,0 dB ~ 48 dB 아날로그 및 디지털,22.25 μs ~ 10 s (Normal) 2.296 μs ~ 2.464 μs (Short Mode),1 default and 2 custom user set,16 MB,"Frame counter, offset X/Y, width/height, 노출 시간, gain, black level, line status, sequencer set","Acquisition start/end, exposure start/end, line rise/fall, error",2 counters and 2 timers,"노출 시간, gain","Software trigger, hardware trigger, PTP (IEEE 1588)",GigE Vision v2.0,"CE, KC, FCC, RoHS, REACH, WEEE",-30 to 60°C,-10 to 55°C 주변,"동작: 20% ~ 80%, relative, 비 응축","DIN EN 60068-2-27, DIN EN 60068-2-64,",3 year,PHX051S,ix Industrial,,,,,,,,,,,,,,,,,,,,,,,,,,,,,,,,,,
Lucid Vision,Y,PHX051S-MC-IX,,"2448 x 2048 px, 5.0 MP",,Sony IMX568 CMOS,8.8 mm (Type 1/1.8″),2.74 µm (H) x 2.74 µm (V),Global Shutter,C-mount,Mono,"1000BASE-T RJ45, PoEix Industrial, PoEFFC, PoE",22 FPS (23.5 FPS) @ 5.0 MP,"24x24x27.35 mm, (No lens mount 24x24x18.7 mm)","30 g, (No lens mount 20 g)",8 핀 JST 커넥터,"1 input, 1 output",2 bi-directional,"PoE (IEEE 802.3af), or 12-24 VDC ±5% external","PoE를 통한 3.1W, 외부 전원 공급시 2.5W",128 MB,"Gain, gamma, black level, white balance, LUT, CCM, pixel correction, color space conversion","Mono8/10/12/16, Bayer8/10/12/16, RGB8, BGR8, YCbCr8, YCbCr411, YUV422, YUV411, QOI_Mono8, QOI_BayerRG8, QOI_RGB8, QOI_BGR8, QOI_YCbCr8",QOI,"수평 및 수직 비닝, 서브 샘플링, ROI, 수평 및 수직 뒤집기",12 bit,0 dB ~ 48 dB 아날로그 및 디지털,22.25 μs ~ 10 s (Normal) 2.296 μs ~ 2.464 μs (Short Mode),1 default and 2 custom user set,16 MB,"Frame counter, offset X/Y, width/height, 노출 시간, gain, black level, line status, sequencer set","Acquisition start/end, exposure start/end, line rise/fall, error",2 counters and 2 timers,"노출 시간, gain","Software trigger, hardware trigger, PTP (IEEE 1588)",GigE Vision v2.0,"CE, KC, FCC, RoHS, REACH, WEEE",-30 to 60°C,-10 to 55°C 주변,"동작: 20% ~ 80%, relative, 비 응축","DIN EN 60068-2-27, DIN EN 60068-2-64,",3 year,PHX051S,ix Industrial,,,,,,,,,,,,,,,,,,,,,,,,,,,,,,,,,,
Lucid Vision,Y,PHX051S-CNF-IX,,"2448 x 2048 px, 5.0 MP",,Sony IMX568 CMOS,8.8 mm (Type 1/1.8″),2.74 µm (H) x 2.74 µm (V),Global Shutter,NF-mount,Color,"1000BASE-T RJ45, PoEix Industrial, PoEFFC, PoE",22 FPS (23.5 FPS) @ 5.0 MP,"24x24x27.35 mm, (No lens mount 24x24x18.7 mm)","30 g, (No lens mount 20 g)",8 핀 JST 커넥터,"1 input, 1 output",2 bi-directional,"PoE (IEEE 802.3af), or 12-24 VDC ±5% external","PoE를 통한 3.1W, 외부 전원 공급시 2.5W",128 MB,"Gain, gamma, black level, white balance, LUT, CCM, pixel correction, color space conversion","Mono8/10/12/16, Bayer8/10/12/16, RGB8, BGR8, YCbCr8, YCbCr411, YUV422, YUV411, QOI_Mono8, QOI_BayerRG8, QOI_RGB8, QOI_BGR8, QOI_YCbCr8",QOI,"수평 및 수직 비닝, 서브 샘플링, ROI, 수평 및 수직 뒤집기",12 bit,0 dB ~ 48 dB 아날로그 및 디지털,22.25 μs ~ 10 s (Normal) 2.296 μs ~ 2.464 μs (Short Mode),1 default and 2 custom user set,16 MB,"Frame counter, offset X/Y, width/height, 노출 시간, gain, black level, line status, sequencer set","Acquisition start/end, exposure start/end, line rise/fall, error",2 counters and 2 timers,"노출 시간, gain","Software trigger, hardware trigger, PTP (IEEE 1588)",GigE Vision v2.0,"CE, KC, FCC, RoHS, REACH, WEEE",-30 to 60°C,-10 to 55°C 주변,"동작: 20% ~ 80%, relative, 비 응축","DIN EN 60068-2-27, DIN EN 60068-2-64,",3 year,PHX051S,ix Industrial,,,,,,,,,,,,,,,,,,,,,,,,,,,,,,,,,,
Lucid Vision,Y,PHX051S-MNF-IX,,"2448 x 2048 px, 5.0 MP",,Sony IMX568 CMOS,8.8 mm (Type 1/1.8″),2.74 µm (H) x 2.74 µm (V),Global Shutter,NF-mount,Mono,"1000BASE-T RJ45, PoEix Industrial, PoEFFC, PoE",22 FPS (23.5 FPS) @ 5.0 MP,"24x24x27.35 mm, (No lens mount 24x24x18.7 mm)","30 g, (No lens mount 20 g)",8 핀 JST 커넥터,"1 input, 1 output",2 bi-directional,"PoE (IEEE 802.3af), or 12-24 VDC ±5% external","PoE를 통한 3.1W, 외부 전원 공급시 2.5W",128 MB,"Gain, gamma, black level, white balance, LUT, CCM, pixel correction, color space conversion","Mono8/10/12/16, Bayer8/10/12/16, RGB8, BGR8, YCbCr8, YCbCr411, YUV422, YUV411, QOI_Mono8, QOI_BayerRG8, QOI_RGB8, QOI_BGR8, QOI_YCbCr8",QOI,"수평 및 수직 비닝, 서브 샘플링, ROI, 수평 및 수직 뒤집기",12 bit,0 dB ~ 48 dB 아날로그 및 디지털,22.25 μs ~ 10 s (Normal) 2.296 μs ~ 2.464 μs (Short Mode),1 default and 2 custom user set,16 MB,"Frame counter, offset X/Y, width/height, 노출 시간, gain, black level, line status, sequencer set","Acquisition start/end, exposure start/end, line rise/fall, error",2 counters and 2 timers,"노출 시간, gain","Software trigger, hardware trigger, PTP (IEEE 1588)",GigE Vision v2.0,"CE, KC, FCC, RoHS, REACH, WEEE",-30 to 60°C,-10 to 55°C 주변,"동작: 20% ~ 80%, relative, 비 응축","DIN EN 60068-2-27, DIN EN 60068-2-64,",3 year,PHX051S,ix Industrial,,,,,,,,,,,,,,,,,,,,,,,,,,,,,,,,,,
Lucid Vision,Y,PHX051S-CNL-IX,,"2448 x 2048 px, 5.0 MP",,Sony IMX568 CMOS,8.8 mm (Type 1/1.8″),2.74 µm (H) x 2.74 µm (V),Global Shutter,No Lens Mount,Color,"1000BASE-T RJ45, PoEix Industrial, PoEFFC, PoE",22 FPS (23.5 FPS) @ 5.0 MP,"24x24x27.35 mm, (No lens mount 24x24x18.7 mm)","30 g, (No lens mount 20 g)",8 핀 JST 커넥터,"1 input, 1 output",2 bi-directional,"PoE (IEEE 802.3af), or 12-24 VDC ±5% external","PoE를 통한 3.1W, 외부 전원 공급시 2.5W",128 MB,"Gain, gamma, black level, white balance, LUT, CCM, pixel correction, color space conversion","Mono8/10/12/16, Bayer8/10/12/16, RGB8, BGR8, YCbCr8, YCbCr411, YUV422, YUV411, QOI_Mono8, QOI_BayerRG8, QOI_RGB8, QOI_BGR8, QOI_YCbCr8",QOI,"수평 및 수직 비닝, 서브 샘플링, ROI, 수평 및 수직 뒤집기",12 bit,0 dB ~ 48 dB 아날로그 및 디지털,22.25 μs ~ 10 s (Normal) 2.296 μs ~ 2.464 μs (Short Mode),1 default and 2 custom user set,16 MB,"Frame counter, offset X/Y, width/height, 노출 시간, gain, black level, line status, sequencer set","Acquisition start/end, exposure start/end, line rise/fall, error",2 counters and 2 timers,"노출 시간, gain","Software trigger, hardware trigger, PTP (IEEE 1588)",GigE Vision v2.0,"CE, KC, FCC, RoHS, REACH, WEEE",-30 to 60°C,-10 to 55°C 주변,"동작: 20% ~ 80%, relative, 비 응축","DIN EN 60068-2-27, DIN EN 60068-2-64,",3 year,PHX051S,ix Industrial,,,,,,,,,,,,,,,,,,,,,,,,,,,,,,,,,,
Lucid Vision,Y,PHX051S-MNL-IX,,"2448 x 2048 px, 5.0 MP",,Sony IMX568 CMOS,8.8 mm (Type 1/1.8″),2.74 µm (H) x 2.74 µm (V),Global Shutter,No Lens Mount,Mono,"1000BASE-T RJ45, PoEix Industrial, PoEFFC, PoE",22 FPS (23.5 FPS) @ 5.0 MP,"24x24x27.35 mm, (No lens mount 24x24x18.7 mm)","30 g, (No lens mount 20 g)",8 핀 JST 커넥터,"1 input, 1 output",2 bi-directional,"PoE (IEEE 802.3af), or 12-24 VDC ±5% external","PoE를 통한 3.1W, 외부 전원 공급시 2.5W",128 MB,"Gain, gamma, black level, white balance, LUT, CCM, pixel correction, color space conversion","Mono8/10/12/16, Bayer8/10/12/16, RGB8, BGR8, YCbCr8, YCbCr411, YUV422, YUV411, QOI_Mono8, QOI_BayerRG8, QOI_RGB8, QOI_BGR8, QOI_YCbCr8",QOI,"수평 및 수직 비닝, 서브 샘플링, ROI, 수평 및 수직 뒤집기",12 bit,0 dB ~ 48 dB 아날로그 및 디지털,22.25 μs ~ 10 s (Normal) 2.296 μs ~ 2.464 μs (Short Mode),1 default and 2 custom user set,16 MB,"Frame counter, offset X/Y, width/height, 노출 시간, gain, black level, line status, sequencer set","Acquisition start/end, exposure start/end, line rise/fall, error",2 counters and 2 timers,"노출 시간, gain","Software trigger, hardware trigger, PTP (IEEE 1588)",GigE Vision v2.0,"CE, KC, FCC, RoHS, REACH, WEEE",-30 to 60°C,-10 to 55°C 주변,"동작: 20% ~ 80%, relative, 비 응축","DIN EN 60068-2-27, DIN EN 60068-2-64,",3 year,PHX051S,ix Industrial,,,,,,,,,,,,,,,,,,,,,,,,,,,,,,,,,,
Lucid Vision,Y,PHX051S-CNLF-IX,,"2448 x 2048 px, 5.0 MP",,Sony IMX568 CMOS,8.8 mm (Type 1/1.8″),2.74 µm (H) x 2.74 µm (V),Global Shutter,No Lens Mount w/ Flange,Color,"1000BASE-T RJ45, PoEix Industrial, PoEFFC, PoE",22 FPS (23.5 FPS) @ 5.0 MP,"24x24x27.35 mm, (No lens mount 24x24x18.7 mm)","30 g, (No lens mount 20 g)",8 핀 JST 커넥터,"1 input, 1 output",2 bi-directional,"PoE (IEEE 802.3af), or 12-24 VDC ±5% external","PoE를 통한 3.1W, 외부 전원 공급시 2.5W",128 MB,"Gain, gamma, black level, white balance, LUT, CCM, pixel correction, color space conversion","Mono8/10/12/16, Bayer8/10/12/16, RGB8, BGR8, YCbCr8, YCbCr411, YUV422, YUV411, QOI_Mono8, QOI_BayerRG8, QOI_RGB8, QOI_BGR8, QOI_YCbCr8",QOI,"수평 및 수직 비닝, 서브 샘플링, ROI, 수평 및 수직 뒤집기",12 bit,0 dB ~ 48 dB 아날로그 및 디지털,22.25 μs ~ 10 s (Normal) 2.296 μs ~ 2.464 μs (Short Mode),1 default and 2 custom user set,16 MB,"Frame counter, offset X/Y, width/height, 노출 시간, gain, black level, line status, sequencer set","Acquisition start/end, exposure start/end, line rise/fall, error",2 counters and 2 timers,"노출 시간, gain","Software trigger, hardware trigger, PTP (IEEE 1588)",GigE Vision v2.0,"CE, KC, FCC, RoHS, REACH, WEEE",-30 to 60°C,-10 to 55°C 주변,"동작: 20% ~ 80%, relative, 비 응축","DIN EN 60068-2-27, DIN EN 60068-2-64,",3 year,PHX051S,ix Industrial,,,,,,,,,,,,,,,,,,,,,,,,,,,,,,,,,,
Lucid Vision,Y,PHX051S-MNLF-IX,,"2448 x 2048 px, 5.0 MP",,Sony IMX568 CMOS,8.8 mm (Type 1/1.8″),2.74 µm (H) x 2.74 µm (V),Global Shutter,No Lens Mount w/ Flange,Mono,"1000BASE-T RJ45, PoEix Industrial, PoEFFC, PoE",22 FPS (23.5 FPS) @ 5.0 MP,"24x24x27.35 mm, (No lens mount 24x24x18.7 mm)","30 g, (No lens mount 20 g)",8 핀 JST 커넥터,"1 input, 1 output",2 bi-directional,"PoE (IEEE 802.3af), or 12-24 VDC ±5% external","PoE를 통한 3.1W, 외부 전원 공급시 2.5W",128 MB,"Gain, gamma, black level, white balance, LUT, CCM, pixel correction, color space conversion","Mono8/10/12/16, Bayer8/10/12/16, RGB8, BGR8, YCbCr8, YCbCr411, YUV422, YUV411, QOI_Mono8, QOI_BayerRG8, QOI_RGB8, QOI_BGR8, QOI_YCbCr8",QOI,"수평 및 수직 비닝, 서브 샘플링, ROI, 수평 및 수직 뒤집기",12 bit,0 dB ~ 48 dB 아날로그 및 디지털,22.25 μs ~ 10 s (Normal) 2.296 μs ~ 2.464 μs (Short Mode),1 default and 2 custom user set,16 MB,"Frame counter, offset X/Y, width/height, 노출 시간, gain, black level, line status, sequencer set","Acquisition start/end, exposure start/end, line rise/fall, error",2 counters and 2 timers,"노출 시간, gain","Software trigger, hardware trigger, PTP (IEEE 1588)",GigE Vision v2.0,"CE, KC, FCC, RoHS, REACH, WEEE",-30 to 60°C,-10 to 55°C 주변,"동작: 20% ~ 80%, relative, 비 응축","DIN EN 60068-2-27, DIN EN 60068-2-64,",3 year,PHX051S,ix Industrial,,,,,,,,,,,,,,,,,,,,,,,,,,,,,,,,,,
Lucid Vision,N,PHX050S,5.0 MP,"2448 x 2048 px, 5.0 MP",22 fps,Sony IMX264 CMOS,11.1 mm (Type 2/3″),3.45 µm (H) x 3.45 µm (V),Global Shutter,"C, C-Mount Extended Head, NF-Mount, No Lens Mount, No Lens Mount with Flange",Mono / Color,"1000BASE-T RJ45, PoEix Industrial, PoEFFC, PoE",22 FPS (24 FPS) @ 5.0 MP,"24x24x27.35 mm, (No lens mount 24x24x18.7 mm)","30 g, (No lens mount 20 g)",8 핀 JST 커넥터,"1 input, 1 output",2 bi-directional,"PoE (IEEE 802.3af), or 12-24 VDC ±5% external","PoE를 통한 3.1W, 외부 전원 공급시 2.5W",128 MB,"Gain, gamma, black level, white balance, LUT, CCM, pixel correction, color space conversion","Mono8/10/12/16, Bayer8/10/12/16, RGB8, BGR8, YCbCr8, YCbCr411, YUV422, YUV411, QOI_Mono8, QOI_BayerRG8, QOI_RGB8, QOI_BGR8, QOI_YCbCr8",QOI,"수평 및 수직 비닝, 서브 샘플링, ROI, 수평 및 수직 뒤집기",12 bit,0 dB ~ 48 dB 아날로그 및 디지털,30 μs to 10 s,1 default and 2 custom user set,16 MB,"Frame counter, offset X/Y, width/height, 노출 시간, gain, black level, line status, sequencer set","Acquisition start/end, exposure start/end, line rise/fall, error",2 counters and 2 timers,"노출 시간, gain","Software trigger, hardware trigger, PTP (IEEE 1588)",GigE Vision v2.0,"CE, KC, FCC, RoHS, REACH, WEEE",-30 to 60°C,-10 to 55°C 주변,"동작: 20% ~ 80%, relative, 비 응축","DIN EN 60068-2-27, DIN EN 60068-2-64,",3 year,,,,,,,,,,,,,,,,,,,,,,,,,,,,,,,,,,,,
Lucid Vision,Y,PHX050S-CC,,"2448 x 2048 px, 5.0 MP",,Sony IMX264 CMOS,11.1 mm (Type 2/3″),3.45 µm (H) x 3.45 µm (V),Global Shutter,C-mount,Color,"1000BASE-T RJ45, PoEix Industrial, PoEFFC, PoE",22 FPS (24 FPS) @ 5.0 MP,"24x24x27.35 mm, (No lens mount 24x24x18.7 mm)","30 g, (No lens mount 20 g)",8 핀 JST 커넥터,"1 input, 1 output",2 bi-directional,"PoE (IEEE 802.3af), or 12-24 VDC ±5% external","PoE를 통한 3.1W, 외부 전원 공급시 2.5W",128 MB,"Gain, gamma, black level, white balance, LUT, CCM, pixel correction, color space conversion","Mono8/10/12/16, Bayer8/10/12/16, RGB8, BGR8, YCbCr8, YCbCr411, YUV422, YUV411, QOI_Mono8, QOI_BayerRG8, QOI_RGB8, QOI_BGR8, QOI_YCbCr8",QOI,"수평 및 수직 비닝, 서브 샘플링, ROI, 수평 및 수직 뒤집기",12 bit,0 dB ~ 48 dB 아날로그 및 디지털,30 μs to 10 s,1 default and 2 custom user set,16 MB,"Frame counter, offset X/Y, width/height, 노출 시간, gain, black level, line status, sequencer set","Acquisition start/end, exposure start/end, line rise/fall, error",2 counters and 2 timers,"노출 시간, gain","Software trigger, hardware trigger, PTP (IEEE 1588)",GigE Vision v2.0,"CE, KC, FCC, RoHS, REACH, WEEE",-30 to 60°C,-10 to 55°C 주변,"동작: 20% ~ 80%, relative, 비 응축","DIN EN 60068-2-27, DIN EN 60068-2-64,",3 year,PHX050S,RJ45,,,,,,,,,,,,,,,,,,,,,,,,,,,,,,,,,,
Lucid Vision,Y,PHX050S-MC,,"2448 x 2048 px, 5.0 MP",,Sony IMX264 CMOS,11.1 mm (Type 2/3″),3.45 µm (H) x 3.45 µm (V),Global Shutter,C-mount,Mono,"1000BASE-T RJ45, PoEix Industrial, PoEFFC, PoE",22 FPS (24 FPS) @ 5.0 MP,"24x24x27.35 mm, (No lens mount 24x24x18.7 mm)","30 g, (No lens mount 20 g)",8 핀 JST 커넥터,"1 input, 1 output",2 bi-directional,"PoE (IEEE 802.3af), or 12-24 VDC ±5% external","PoE를 통한 3.1W, 외부 전원 공급시 2.5W",128 MB,"Gain, gamma, black level, white balance, LUT, CCM, pixel correction, color space conversion","Mono8/10/12/16, Bayer8/10/12/16, RGB8, BGR8, YCbCr8, YCbCr411, YUV422, YUV411, QOI_Mono8, QOI_BayerRG8, QOI_RGB8, QOI_BGR8, QOI_YCbCr8",QOI,"수평 및 수직 비닝, 서브 샘플링, ROI, 수평 및 수직 뒤집기",12 bit,0 dB ~ 48 dB 아날로그 및 디지털,30 μs to 10 s,1 default and 2 custom user set,16 MB,"Frame counter, offset X/Y, width/height, 노출 시간, gain, black level, line status, sequencer set","Acquisition start/end, exposure start/end, line rise/fall, error",2 counters and 2 timers,"노출 시간, gain","Software trigger, hardware trigger, PTP (IEEE 1588)",GigE Vision v2.0,"CE, KC, FCC, RoHS, REACH, WEEE",-30 to 60°C,-10 to 55°C 주변,"동작: 20% ~ 80%, relative, 비 응축","DIN EN 60068-2-27, DIN EN 60068-2-64,",3 year,PHX050S,RJ45,,,,,,,,,,,,,,,,,,,,,,,,,,,,,,,,,,
Lucid Vision,Y,PHX050S-CNF,,"2448 x 2048 px, 5.0 MP",,Sony IMX264 CMOS,11.1 mm (Type 2/3″),3.45 µm (H) x 3.45 µm (V),Global Shutter,NF-mount,Color,"1000BASE-T RJ45, PoEix Industrial, PoEFFC, PoE",22 FPS (24 FPS) @ 5.0 MP,"24x24x27.35 mm, (No lens mount 24x24x18.7 mm)","30 g, (No lens mount 20 g)",8 핀 JST 커넥터,"1 input, 1 output",2 bi-directional,"PoE (IEEE 802.3af), or 12-24 VDC ±5% external","PoE를 통한 3.1W, 외부 전원 공급시 2.5W",128 MB,"Gain, gamma, black level, white balance, LUT, CCM, pixel correction, color space conversion","Mono8/10/12/16, Bayer8/10/12/16, RGB8, BGR8, YCbCr8, YCbCr411, YUV422, YUV411, QOI_Mono8, QOI_BayerRG8, QOI_RGB8, QOI_BGR8, QOI_YCbCr8",QOI,"수평 및 수직 비닝, 서브 샘플링, ROI, 수평 및 수직 뒤집기",12 bit,0 dB ~ 48 dB 아날로그 및 디지털,30 μs to 10 s,1 default and 2 custom user set,16 MB,"Frame counter, offset X/Y, width/height, 노출 시간, gain, black level, line status, sequencer set","Acquisition start/end, exposure start/end, line rise/fall, error",2 counters and 2 timers,"노출 시간, gain","Software trigger, hardware trigger, PTP (IEEE 1588)",GigE Vision v2.0,"CE, KC, FCC, RoHS, REACH, WEEE",-30 to 60°C,-10 to 55°C 주변,"동작: 20% ~ 80%, relative, 비 응축","DIN EN 60068-2-27, DIN EN 60068-2-64,",3 year,PHX050S,RJ45,,,,,,,,,,,,,,,,,,,,,,,,,,,,,,,,,,
Lucid Vision,Y,PHX050S-MNF,,"2448 x 2048 px, 5.0 MP",,Sony IMX264 CMOS,11.1 mm (Type 2/3″),3.45 µm (H) x 3.45 µm (V),Global Shutter,NF-mount,Mono,"1000BASE-T RJ45, PoEix Industrial, PoEFFC, PoE",22 FPS (24 FPS) @ 5.0 MP,"24x24x27.35 mm, (No lens mount 24x24x18.7 mm)","30 g, (No lens mount 20 g)",8 핀 JST 커넥터,"1 input, 1 output",2 bi-directional,"PoE (IEEE 802.3af), or 12-24 VDC ±5% external","PoE를 통한 3.1W, 외부 전원 공급시 2.5W",128 MB,"Gain, gamma, black level, white balance, LUT, CCM, pixel correction, color space conversion","Mono8/10/12/16, Bayer8/10/12/16, RGB8, BGR8, YCbCr8, YCbCr411, YUV422, YUV411, QOI_Mono8, QOI_BayerRG8, QOI_RGB8, QOI_BGR8, QOI_YCbCr8",QOI,"수평 및 수직 비닝, 서브 샘플링, ROI, 수평 및 수직 뒤집기",12 bit,0 dB ~ 48 dB 아날로그 및 디지털,30 μs to 10 s,1 default and 2 custom user set,16 MB,"Frame counter, offset X/Y, width/height, 노출 시간, gain, black level, line status, sequencer set","Acquisition start/end, exposure start/end, line rise/fall, error",2 counters and 2 timers,"노출 시간, gain","Software trigger, hardware trigger, PTP (IEEE 1588)",GigE Vision v2.0,"CE, KC, FCC, RoHS, REACH, WEEE",-30 to 60°C,-10 to 55°C 주변,"동작: 20% ~ 80%, relative, 비 응축","DIN EN 60068-2-27, DIN EN 60068-2-64,",3 year,PHX050S,RJ45,,,,,,,,,,,,,,,,,,,,,,,,,,,,,,,,,,
Lucid Vision,Y,PHX050S-CNL,,"2448 x 2048 px, 5.0 MP",,Sony IMX264 CMOS,11.1 mm (Type 2/3″),3.45 µm (H) x 3.45 µm (V),Global Shutter,No Lens Mount,Color,"1000BASE-T RJ45, PoEix Industrial, PoEFFC, PoE",22 FPS (24 FPS) @ 5.0 MP,"24x24x27.35 mm, (No lens mount 24x24x18.7 mm)","30 g, (No lens mount 20 g)",8 핀 JST 커넥터,"1 input, 1 output",2 bi-directional,"PoE (IEEE 802.3af), or 12-24 VDC ±5% external","PoE를 통한 3.1W, 외부 전원 공급시 2.5W",128 MB,"Gain, gamma, black level, white balance, LUT, CCM, pixel correction, color space conversion","Mono8/10/12/16, Bayer8/10/12/16, RGB8, BGR8, YCbCr8, YCbCr411, YUV422, YUV411, QOI_Mono8, QOI_BayerRG8, QOI_RGB8, QOI_BGR8, QOI_YCbCr8",QOI,"수평 및 수직 비닝, 서브 샘플링, ROI, 수평 및 수직 뒤집기",12 bit,0 dB ~ 48 dB 아날로그 및 디지털,30 μs to 10 s,1 default and 2 custom user set,16 MB,"Frame counter, offset X/Y, width/height, 노출 시간, gain, black level, line status, sequencer set","Acquisition start/end, exposure start/end, line rise/fall, error",2 counters and 2 timers,"노출 시간, gain","Software trigger, hardware trigger, PTP (IEEE 1588)",GigE Vision v2.0,"CE, KC, FCC, RoHS, REACH, WEEE",-30 to 60°C,-10 to 55°C 주변,"동작: 20% ~ 80%, relative, 비 응축","DIN EN 60068-2-27, DIN EN 60068-2-64,",3 year,PHX050S,RJ45,,,,,,,,,,,,,,,,,,,,,,,,,,,,,,,,,,
Lucid Vision,Y,PHX050S-MNL,,"2448 x 2048 px, 5.0 MP",,Sony IMX264 CMOS,11.1 mm (Type 2/3″),3.45 µm (H) x 3.45 µm (V),Global Shutter,No Lens Mount,Mono,"1000BASE-T RJ45, PoEix Industrial, PoEFFC, PoE",22 FPS (24 FPS) @ 5.0 MP,"24x24x27.35 mm, (No lens mount 24x24x18.7 mm)","30 g, (No lens mount 20 g)",8 핀 JST 커넥터,"1 input, 1 output",2 bi-directional,"PoE (IEEE 802.3af), or 12-24 VDC ±5% external","PoE를 통한 3.1W, 외부 전원 공급시 2.5W",128 MB,"Gain, gamma, black level, white balance, LUT, CCM, pixel correction, color space conversion","Mono8/10/12/16, Bayer8/10/12/16, RGB8, BGR8, YCbCr8, YCbCr411, YUV422, YUV411, QOI_Mono8, QOI_BayerRG8, QOI_RGB8, QOI_BGR8, QOI_YCbCr8",QOI,"수평 및 수직 비닝, 서브 샘플링, ROI, 수평 및 수직 뒤집기",12 bit,0 dB ~ 48 dB 아날로그 및 디지털,30 μs to 10 s,1 default and 2 custom user set,16 MB,"Frame counter, offset X/Y, width/height, 노출 시간, gain, black level, line status, sequencer set","Acquisition start/end, exposure start/end, line rise/fall, error",2 counters and 2 timers,"노출 시간, gain","Software trigger, hardware trigger, PTP (IEEE 1588)",GigE Vision v2.0,"CE, KC, FCC, RoHS, REACH, WEEE",-30 to 60°C,-10 to 55°C 주변,"동작: 20% ~ 80%, relative, 비 응축","DIN EN 60068-2-27, DIN EN 60068-2-64,",3 year,PHX050S,RJ45,,,,,,,,,,,,,,,,,,,,,,,,,,,,,,,,,,
Lucid Vision,Y,PHX050S-MNLF,,"2448 x 2048 px, 5.0 MP",,Sony IMX264 CMOS,11.1 mm (Type 2/3″),3.45 µm (H) x 3.45 µm (V),Global Shutter,No Lens Mount w/ Flange,Mono,"1000BASE-T RJ45, PoEix Industrial, PoEFFC, PoE",22 FPS (24 FPS) @ 5.0 MP,"24x24x27.35 mm, (No lens mount 24x24x18.7 mm)","30 g, (No lens mount 20 g)",8 핀 JST 커넥터,"1 input, 1 output",2 bi-directional,"PoE (IEEE 802.3af), or 12-24 VDC ±5% external","PoE를 통한 3.1W, 외부 전원 공급시 2.5W",128 MB,"Gain, gamma, black level, white balance, LUT, CCM, pixel correction, color space conversion","Mono8/10/12/16, Bayer8/10/12/16, RGB8, BGR8, YCbCr8, YCbCr411, YUV422, YUV411, QOI_Mono8, QOI_BayerRG8, QOI_RGB8, QOI_BGR8, QOI_YCbCr8",QOI,"수평 및 수직 비닝, 서브 샘플링, ROI, 수평 및 수직 뒤집기",12 bit,0 dB ~ 48 dB 아날로그 및 디지털,30 μs to 10 s,1 default and 2 custom user set,16 MB,"Frame counter, offset X/Y, width/height, 노출 시간, gain, black level, line status, sequencer set","Acquisition start/end, exposure start/end, line rise/fall, error",2 counters and 2 timers,"노출 시간, gain","Software trigger, hardware trigger, PTP (IEEE 1588)",GigE Vision v2.0,"CE, KC, FCC, RoHS, REACH, WEEE",-30 to 60°C,-10 to 55°C 주변,"동작: 20% ~ 80%, relative, 비 응축","DIN EN 60068-2-27, DIN EN 60068-2-64,",3 year,PHX050S,RJ45,,,,,,,,,,,,,,,,,,,,,,,,,,,,,,,,,,
Lucid Vision,Y,PHX050S-CNLF,,"2448 x 2048 px, 5.0 MP",,Sony IMX264 CMOS,11.1 mm (Type 2/3″),3.45 µm (H) x 3.45 µm (V),Global Shutter,No Lens Mount w/ Flange,Color,"1000BASE-T RJ45, PoEix Industrial, PoEFFC, PoE",22 FPS (24 FPS) @ 5.0 MP,"24x24x27.35 mm, (No lens mount 24x24x18.7 mm)","30 g, (No lens mount 20 g)",8 핀 JST 커넥터,"1 input, 1 output",2 bi-directional,"PoE (IEEE 802.3af), or 12-24 VDC ±5% external","PoE를 통한 3.1W, 외부 전원 공급시 2.5W",128 MB,"Gain, gamma, black level, white balance, LUT, CCM, pixel correction, color space conversion","Mono8/10/12/16, Bayer8/10/12/16, RGB8, BGR8, YCbCr8, YCbCr411, YUV422, YUV411, QOI_Mono8, QOI_BayerRG8, QOI_RGB8, QOI_BGR8, QOI_YCbCr8",QOI,"수평 및 수직 비닝, 서브 샘플링, ROI, 수평 및 수직 뒤집기",12 bit,0 dB ~ 48 dB 아날로그 및 디지털,30 μs to 10 s,1 default and 2 custom user set,16 MB,"Frame counter, offset X/Y, width/height, 노출 시간, gain, black level, line status, sequencer set","Acquisition start/end, exposure start/end, line rise/fall, error",2 counters and 2 timers,"노출 시간, gain","Software trigger, hardware trigger, PTP (IEEE 1588)",GigE Vision v2.0,"CE, KC, FCC, RoHS, REACH, WEEE",-30 to 60°C,-10 to 55°C 주변,"동작: 20% ~ 80%, relative, 비 응축","DIN EN 60068-2-27, DIN EN 60068-2-64,",3 year,PHX050S,RJ45,,,,,,,,,,,,,,,,,,,,,,,,,,,,,,,,,,
Lucid Vision,Y,PHX050S-CC-IX,,"2448 x 2048 px, 5.0 MP",,Sony IMX264 CMOS,11.1 mm (Type 2/3″),3.45 µm (H) x 3.45 µm (V),Global Shutter,C-mount,Color,"1000BASE-T RJ45, PoEix Industrial, PoEFFC, PoE",22 FPS (24 FPS) @ 5.0 MP,"24x24x27.35 mm, (No lens mount 24x24x18.7 mm)","30 g, (No lens mount 20 g)",8 핀 JST 커넥터,"1 input, 1 output",2 bi-directional,"PoE (IEEE 802.3af), or 12-24 VDC ±5% external","PoE를 통한 3.1W, 외부 전원 공급시 2.5W",128 MB,"Gain, gamma, black level, white balance, LUT, CCM, pixel correction, color space conversion","Mono8/10/12/16, Bayer8/10/12/16, RGB8, BGR8, YCbCr8, YCbCr411, YUV422, YUV411, QOI_Mono8, QOI_BayerRG8, QOI_RGB8, QOI_BGR8, QOI_YCbCr8",QOI,"수평 및 수직 비닝, 서브 샘플링, ROI, 수평 및 수직 뒤집기",12 bit,0 dB ~ 48 dB 아날로그 및 디지털,30 μs to 10 s,1 default and 2 custom user set,16 MB,"Frame counter, offset X/Y, width/height, 노출 시간, gain, black level, line status, sequencer set","Acquisition start/end, exposure start/end, line rise/fall, error",2 counters and 2 timers,"노출 시간, gain","Software trigger, hardware trigger, PTP (IEEE 1588)",GigE Vision v2.0,"CE, KC, FCC, RoHS, REACH, WEEE",-30 to 60°C,-10 to 55°C 주변,"동작: 20% ~ 80%, relative, 비 응축","DIN EN 60068-2-27, DIN EN 60068-2-64,",3 year,PHX050S,ix Industrial,,,,,,,,,,,,,,,,,,,,,,,,,,,,,,,,,,
Lucid Vision,Y,PHX050S-MC-IX,,"2448 x 2048 px, 5.0 MP",,Sony IMX264 CMOS,11.1 mm (Type 2/3″),3.45 µm (H) x 3.45 µm (V),Global Shutter,C-mount,Mono,"1000BASE-T RJ45, PoEix Industrial, PoEFFC, PoE",22 FPS (24 FPS) @ 5.0 MP,"24x24x27.35 mm, (No lens mount 24x24x18.7 mm)","30 g, (No lens mount 20 g)",8 핀 JST 커넥터,"1 input, 1 output",2 bi-directional,"PoE (IEEE 802.3af), or 12-24 VDC ±5% external","PoE를 통한 3.1W, 외부 전원 공급시 2.5W",128 MB,"Gain, gamma, black level, white balance, LUT, CCM, pixel correction, color space conversion","Mono8/10/12/16, Bayer8/10/12/16, RGB8, BGR8, YCbCr8, YCbCr411, YUV422, YUV411, QOI_Mono8, QOI_BayerRG8, QOI_RGB8, QOI_BGR8, QOI_YCbCr8",QOI,"수평 및 수직 비닝, 서브 샘플링, ROI, 수평 및 수직 뒤집기",12 bit,0 dB ~ 48 dB 아날로그 및 디지털,30 μs to 10 s,1 default and 2 custom user set,16 MB,"Frame counter, offset X/Y, width/height, 노출 시간, gain, black level, line status, sequencer set","Acquisition start/end, exposure start/end, line rise/fall, error",2 counters and 2 timers,"노출 시간, gain","Software trigger, hardware trigger, PTP (IEEE 1588)",GigE Vision v2.0,"CE, KC, FCC, RoHS, REACH, WEEE",-30 to 60°C,-10 to 55°C 주변,"동작: 20% ~ 80%, relative, 비 응축","DIN EN 60068-2-27, DIN EN 60068-2-64,",3 year,PHX050S,ix Industrial,,,,,,,,,,,,,,,,,,,,,,,,,,,,,,,,,,
Lucid Vision,Y,PHX050S-CNF-IX,,"2448 x 2048 px, 5.0 MP",,Sony IMX264 CMOS,11.1 mm (Type 2/3″),3.45 µm (H) x 3.45 µm (V),Global Shutter,NF-mount,Color,"1000BASE-T RJ45, PoEix Industrial, PoEFFC, PoE",22 FPS (24 FPS) @ 5.0 MP,"24x24x27.35 mm, (No lens mount 24x24x18.7 mm)","30 g, (No lens mount 20 g)",8 핀 JST 커넥터,"1 input, 1 output",2 bi-directional,"PoE (IEEE 802.3af), or 12-24 VDC ±5% external","PoE를 통한 3.1W, 외부 전원 공급시 2.5W",128 MB,"Gain, gamma, black level, white balance, LUT, CCM, pixel correction, color space conversion","Mono8/10/12/16, Bayer8/10/12/16, RGB8, BGR8, YCbCr8, YCbCr411, YUV422, YUV411, QOI_Mono8, QOI_BayerRG8, QOI_RGB8, QOI_BGR8, QOI_YCbCr8",QOI,"수평 및 수직 비닝, 서브 샘플링, ROI, 수평 및 수직 뒤집기",12 bit,0 dB ~ 48 dB 아날로그 및 디지털,30 μs to 10 s,1 default and 2 custom user set,16 MB,"Frame counter, offset X/Y, width/height, 노출 시간, gain, black level, line status, sequencer set","Acquisition start/end, exposure start/end, line rise/fall, error",2 counters and 2 timers,"노출 시간, gain","Software trigger, hardware trigger, PTP (IEEE 1588)",GigE Vision v2.0,"CE, KC, FCC, RoHS, REACH, WEEE",-30 to 60°C,-10 to 55°C 주변,"동작: 20% ~ 80%, relative, 비 응축","DIN EN 60068-2-27, DIN EN 60068-2-64,",3 year,PHX050S,ix Industrial,,,,,,,,,,,,,,,,,,,,,,,,,,,,,,,,,,
Lucid Vision,Y,PHX050S-MNF-IX,,"2448 x 2048 px, 5.0 MP",,Sony IMX264 CMOS,11.1 mm (Type 2/3″),3.45 µm (H) x 3.45 µm (V),Global Shutter,NF-mount,Mono,"1000BASE-T RJ45, PoEix Industrial, PoEFFC, PoE",22 FPS (24 FPS) @ 5.0 MP,"24x24x27.35 mm, (No lens mount 24x24x18.7 mm)","30 g, (No lens mount 20 g)",8 핀 JST 커넥터,"1 input, 1 output",2 bi-directional,"PoE (IEEE 802.3af), or 12-24 VDC ±5% external","PoE를 통한 3.1W, 외부 전원 공급시 2.5W",128 MB,"Gain, gamma, black level, white balance, LUT, CCM, pixel correction, color space conversion","Mono8/10/12/16, Bayer8/10/12/16, RGB8, BGR8, YCbCr8, YCbCr411, YUV422, YUV411, QOI_Mono8, QOI_BayerRG8, QOI_RGB8, QOI_BGR8, QOI_YCbCr8",QOI,"수평 및 수직 비닝, 서브 샘플링, ROI, 수평 및 수직 뒤집기",12 bit,0 dB ~ 48 dB 아날로그 및 디지털,30 μs to 10 s,1 default and 2 custom user set,16 MB,"Frame counter, offset X/Y, width/height, 노출 시간, gain, black level, line status, sequencer set","Acquisition start/end, exposure start/end, line rise/fall, error",2 counters and 2 timers,"노출 시간, gain","Software trigger, hardware trigger, PTP (IEEE 1588)",GigE Vision v2.0,"CE, KC, FCC, RoHS, REACH, WEEE",-30 to 60°C,-10 to 55°C 주변,"동작: 20% ~ 80%, relative, 비 응축","DIN EN 60068-2-27, DIN EN 60068-2-64,",3 year,PHX050S,ix Industrial,,,,,,,,,,,,,,,,,,,,,,,,,,,,,,,,,,
Lucid Vision,Y,PHX050S-CNL-IX,,"2448 x 2048 px, 5.0 MP",,Sony IMX264 CMOS,11.1 mm (Type 2/3″),3.45 µm (H) x 3.45 µm (V),Global Shutter,No Lens Mount,Color,"1000BASE-T RJ45, PoEix Industrial, PoEFFC, PoE",22 FPS (24 FPS) @ 5.0 MP,"24x24x27.35 mm, (No lens mount 24x24x18.7 mm)","30 g, (No lens mount 20 g)",8 핀 JST 커넥터,"1 input, 1 output",2 bi-directional,"PoE (IEEE 802.3af), or 12-24 VDC ±5% external","PoE를 통한 3.1W, 외부 전원 공급시 2.5W",128 MB,"Gain, gamma, black level, white balance, LUT, CCM, pixel correction, color space conversion","Mono8/10/12/16, Bayer8/10/12/16, RGB8, BGR8, YCbCr8, YCbCr411, YUV422, YUV411, QOI_Mono8, QOI_BayerRG8, QOI_RGB8, QOI_BGR8, QOI_YCbCr8",QOI,"수평 및 수직 비닝, 서브 샘플링, ROI, 수평 및 수직 뒤집기",12 bit,0 dB ~ 48 dB 아날로그 및 디지털,30 μs to 10 s,1 default and 2 custom user set,16 MB,"Frame counter, offset X/Y, width/height, 노출 시간, gain, black level, line status, sequencer set","Acquisition start/end, exposure start/end, line rise/fall, error",2 counters and 2 timers,"노출 시간, gain","Software trigger, hardware trigger, PTP (IEEE 1588)",GigE Vision v2.0,"CE, KC, FCC, RoHS, REACH, WEEE",-30 to 60°C,-10 to 55°C 주변,"동작: 20% ~ 80%, relative, 비 응축","DIN EN 60068-2-27, DIN EN 60068-2-64,",3 year,PHX050S,ix Industrial,,,,,,,,,,,,,,,,,,,,,,,,,,,,,,,,,,
Lucid Vision,Y,PHX050S-MNL-IX,,"2448 x 2048 px, 5.0 MP",,Sony IMX264 CMOS,11.1 mm (Type 2/3″),3.45 µm (H) x 3.45 µm (V),Global Shutter,No Lens Mount,Mono,"1000BASE-T RJ45, PoEix Industrial, PoEFFC, PoE",22 FPS (24 FPS) @ 5.0 MP,"24x24x27.35 mm, (No lens mount 24x24x18.7 mm)","30 g, (No lens mount 20 g)",8 핀 JST 커넥터,"1 input, 1 output",2 bi-directional,"PoE (IEEE 802.3af), or 12-24 VDC ±5% external","PoE를 통한 3.1W, 외부 전원 공급시 2.5W",128 MB,"Gain, gamma, black level, white balance, LUT, CCM, pixel correction, color space conversion","Mono8/10/12/16, Bayer8/10/12/16, RGB8, BGR8, YCbCr8, YCbCr411, YUV422, YUV411, QOI_Mono8, QOI_BayerRG8, QOI_RGB8, QOI_BGR8, QOI_YCbCr8",QOI,"수평 및 수직 비닝, 서브 샘플링, ROI, 수평 및 수직 뒤집기",12 bit,0 dB ~ 48 dB 아날로그 및 디지털,30 μs to 10 s,1 default and 2 custom user set,16 MB,"Frame counter, offset X/Y, width/height, 노출 시간, gain, black level, line status, sequencer set","Acquisition start/end, exposure start/end, line rise/fall, error",2 counters and 2 timers,"노출 시간, gain","Software trigger, hardware trigger, PTP (IEEE 1588)",GigE Vision v2.0,"CE, KC, FCC, RoHS, REACH, WEEE",-30 to 60°C,-10 to 55°C 주변,"동작: 20% ~ 80%, relative, 비 응축","DIN EN 60068-2-27, DIN EN 60068-2-64,",3 year,PHX050S,ix Industrial,,,,,,,,,,,,,,,,,,,,,,,,,,,,,,,,,,
Lucid Vision,Y,PHX050S-MNLF-IX,,"2448 x 2048 px, 5.0 MP",,Sony IMX264 CMOS,11.1 mm (Type 2/3″),3.45 µm (H) x 3.45 µm (V),Global Shutter,No Lens Mount w/ Flange,Mono,"1000BASE-T RJ45, PoEix Industrial, PoEFFC, PoE",22 FPS (24 FPS) @ 5.0 MP,"24x24x27.35 mm, (No lens mount 24x24x18.7 mm)","30 g, (No lens mount 20 g)",8 핀 JST 커넥터,"1 input, 1 output",2 bi-directional,"PoE (IEEE 802.3af), or 12-24 VDC ±5% external","PoE를 통한 3.1W, 외부 전원 공급시 2.5W",128 MB,"Gain, gamma, black level, white balance, LUT, CCM, pixel correction, color space conversion","Mono8/10/12/16, Bayer8/10/12/16, RGB8, BGR8, YCbCr8, YCbCr411, YUV422, YUV411, QOI_Mono8, QOI_BayerRG8, QOI_RGB8, QOI_BGR8, QOI_YCbCr8",QOI,"수평 및 수직 비닝, 서브 샘플링, ROI, 수평 및 수직 뒤집기",12 bit,0 dB ~ 48 dB 아날로그 및 디지털,30 μs to 10 s,1 default and 2 custom user set,16 MB,"Frame counter, offset X/Y, width/height, 노출 시간, gain, black level, line status, sequencer set","Acquisition start/end, exposure start/end, line rise/fall, error",2 counters and 2 timers,"노출 시간, gain","Software trigger, hardware trigger, PTP (IEEE 1588)",GigE Vision v2.0,"CE, KC, FCC, RoHS, REACH, WEEE",-30 to 60°C,-10 to 55°C 주변,"동작: 20% ~ 80%, relative, 비 응축","DIN EN 60068-2-27, DIN EN 60068-2-64,",3 year,PHX050S,ix Industrial,,,,,,,,,,,,,,,,,,,,,,,,,,,,,,,,,,
Lucid Vision,Y,PHX050S-CNLF-IX,,"2448 x 2048 px, 5.0 MP",,Sony IMX264 CMOS,11.1 mm (Type 2/3″),3.45 µm (H) x 3.45 µm (V),Global Shutter,No Lens Mount w/ Flange,Color,"1000BASE-T RJ45, PoEix Industrial, PoEFFC, PoE",22 FPS (24 FPS) @ 5.0 MP,"24x24x27.35 mm, (No lens mount 24x24x18.7 mm)","30 g, (No lens mount 20 g)",8 핀 JST 커넥터,"1 input, 1 output",2 bi-directional,"PoE (IEEE 802.3af), or 12-24 VDC ±5% external","PoE를 통한 3.1W, 외부 전원 공급시 2.5W",128 MB,"Gain, gamma, black level, white balance, LUT, CCM, pixel correction, color space conversion","Mono8/10/12/16, Bayer8/10/12/16, RGB8, BGR8, YCbCr8, YCbCr411, YUV422, YUV411, QOI_Mono8, QOI_BayerRG8, QOI_RGB8, QOI_BGR8, QOI_YCbCr8",QOI,"수평 및 수직 비닝, 서브 샘플링, ROI, 수평 및 수직 뒤집기",12 bit,0 dB ~ 48 dB 아날로그 및 디지털,30 μs to 10 s,1 default and 2 custom user set,16 MB,"Frame counter, offset X/Y, width/height, 노출 시간, gain, black level, line status, sequencer set","Acquisition start/end, exposure start/end, line rise/fall, error",2 counters and 2 timers,"노출 시간, gain","Software trigger, hardware trigger, PTP (IEEE 1588)",GigE Vision v2.0,"CE, KC, FCC, RoHS, REACH, WEEE",-30 to 60°C,-10 to 55°C 주변,"동작: 20% ~ 80%, relative, 비 응축","DIN EN 60068-2-27, DIN EN 60068-2-64,",3 year,PHX050S,ix Industrial,,,,,,,,,,,,,,,,,,,,,,,,,,,,,,,,,,
Lucid Vision,N,PHX032S,3.2 MP,"2048 x 1536 px, 3.2 MP",35.4 fps,Sony IMX265 CMOS,8.9 mm (Type 1/1.8″),3.45 µm (H) x 3.45 µm (V),Global Shutter,"C, NF, S, No Mount, No Mount with Flange, C-Mount Extended Head",Mono / Color,"1000BASE-T RJ45, PoEix Industrial, PoEFFC, PoE",35.4 FPS (38 FPS) @ 3.2 MP,24 x 24 x 27.35 mm,30 g,8 핀 JST 커넥터,"1 input, 1 output",2 bi-directional,"PoE (IEEE 802.3af), or 12-24 VDC ±5% external","PoE를 통한 3.1W, 외부 전원 공급시 2.5W",128 MB,"Gain, gamma, black level, white balance, LUT, CCM, pixel correction, color space conversion","Mono8/10/12/16, Bayer8/10/12/16, RGB8, BGR8, YCbCr8, YCbCr411, YUV422, YUV411, QOI_Mono8, QOI_BayerRG8, QOI_RGB8, QOI_BGR8, QOI_YCbCr8",QOI,"수평 및 수직 비닝, 서브 샘플링, ROI, 수평 및 수직 뒤집기",12 bit,0 dB ~ 48 dB 아날로그 및 디지털,30 μs to 10 s (Normal) / 1 μs to 14.4 μs (Short Mode),1 default and 2 custom user set,16 MB,"Frame counter, offset X/Y, width/height, 노출 시간, gain, black level, line status, sequencer set","Acquisition start/end, exposure start/end, line rise/fall, error",2 counters and 2 timers,"노출 시간, gain","Software trigger, hardware trigger, PTP (IEEE 1588)",GigE Vision v2.0,"CE, KC, FCC, RoHS, REACH, WEEE",-30 to 60°C,-10 to 55°C 주변,"동작: 20% ~ 80%, relative, 비 응축","DIN EN 60068-2-27, DIN EN 60068-2-64,",3 year,,,,,,,,,,,,,,,,,,,,,,,,,,,,,,,,,,,,
Lucid Vision,Y,PHX032S-CC,,"2048 x 1536 px, 3.2 MP",,Sony IMX265 CMOS,8.9 mm (Type 1/1.8″),3.45 µm (H) x 3.45 µm (V),Global Shutter,C-mount,Color,"1000BASE-T RJ45, PoEix Industrial, PoEFFC, PoE",35.4 FPS (38 FPS) @ 3.2 MP,24 x 24 x 27.35 mm,30 g,8 핀 JST 커넥터,"1 input, 1 output",2 bi-directional,"PoE (IEEE 802.3af), or 12-24 VDC ±5% external","PoE를 통한 3.1W, 외부 전원 공급시 2.5W",128 MB,"Gain, gamma, black level, white balance, LUT, CCM, pixel correction, color space conversion","Mono8/10/12/16, Bayer8/10/12/16, RGB8, BGR8, YCbCr8, YCbCr411, YUV422, YUV411, QOI_Mono8, QOI_BayerRG8, QOI_RGB8, QOI_BGR8, QOI_YCbCr8",QOI,"수평 및 수직 비닝, 서브 샘플링, ROI, 수평 및 수직 뒤집기",12 bit,0 dB ~ 48 dB 아날로그 및 디지털,30 μs to 10 s (Normal) / 1 μs to 14.4 μs (Short Mode),1 default and 2 custom user set,16 MB,"Frame counter, offset X/Y, width/height, 노출 시간, gain, black level, line status, sequencer set","Acquisition start/end, exposure start/end, line rise/fall, error",2 counters and 2 timers,"노출 시간, gain","Software trigger, hardware trigger, PTP (IEEE 1588)",GigE Vision v2.0,"CE, KC, FCC, RoHS, REACH, WEEE",-30 to 60°C,-10 to 55°C 주변,"동작: 20% ~ 80%, relative, 비 응축","DIN EN 60068-2-27, DIN EN 60068-2-64,",3 year,PHX032S,RJ45,,,,,,,,,,,,,,,,,,,,,,,,,,,,,,,,,,
Lucid Vision,Y,PHX032S-MC,,"2048 x 1536 px, 3.2 MP",,Sony IMX265 CMOS,8.9 mm (Type 1/1.8″),3.45 µm (H) x 3.45 µm (V),Global Shutter,C-mount,Mono,"1000BASE-T RJ45, PoEix Industrial, PoEFFC, PoE",35.4 FPS (38 FPS) @ 3.2 MP,24 x 24 x 27.35 mm,30 g,8 핀 JST 커넥터,"1 input, 1 output",2 bi-directional,"PoE (IEEE 802.3af), or 12-24 VDC ±5% external","PoE를 통한 3.1W, 외부 전원 공급시 2.5W",128 MB,"Gain, gamma, black level, white balance, LUT, CCM, pixel correction, color space conversion","Mono8/10/12/16, Bayer8/10/12/16, RGB8, BGR8, YCbCr8, YCbCr411, YUV422, YUV411, QOI_Mono8, QOI_BayerRG8, QOI_RGB8, QOI_BGR8, QOI_YCbCr8",QOI,"수평 및 수직 비닝, 서브 샘플링, ROI, 수평 및 수직 뒤집기",12 bit,0 dB ~ 48 dB 아날로그 및 디지털,30 μs to 10 s (Normal) / 1 μs to 14.4 μs (Short Mode),1 default and 2 custom user set,16 MB,"Frame counter, offset X/Y, width/height, 노출 시간, gain, black level, line status, sequencer set","Acquisition start/end, exposure start/end, line rise/fall, error",2 counters and 2 timers,"노출 시간, gain","Software trigger, hardware trigger, PTP (IEEE 1588)",GigE Vision v2.0,"CE, KC, FCC, RoHS, REACH, WEEE",-30 to 60°C,-10 to 55°C 주변,"동작: 20% ~ 80%, relative, 비 응축","DIN EN 60068-2-27, DIN EN 60068-2-64,",3 year,PHX032S,RJ45,,,,,,,,,,,,,,,,,,,,,,,,,,,,,,,,,,
Lucid Vision,Y,PHXET032S-CC,,"2048 x 1536 px, 3.2 MP",,Sony IMX265 CMOS,8.9 mm (Type 1/1.8″),3.45 µm (H) x 3.45 µm (V),Global Shutter,C-mount Extended Head,Color,"1000BASE-T RJ45, PoEix Industrial, PoEFFC, PoE",35.4 FPS (38 FPS) @ 3.2 MP,24 x 24 x 27.35 mm,30 g,8 핀 JST 커넥터,"1 input, 1 output",2 bi-directional,"PoE (IEEE 802.3af), or 12-24 VDC ±5% external","PoE를 통한 3.1W, 외부 전원 공급시 2.5W",128 MB,"Gain, gamma, black level, white balance, LUT, CCM, pixel correction, color space conversion","Mono8/10/12/16, Bayer8/10/12/16, RGB8, BGR8, YCbCr8, YCbCr411, YUV422, YUV411, QOI_Mono8, QOI_BayerRG8, QOI_RGB8, QOI_BGR8, QOI_YCbCr8",QOI,"수평 및 수직 비닝, 서브 샘플링, ROI, 수평 및 수직 뒤집기",12 bit,0 dB ~ 48 dB 아날로그 및 디지털,30 μs to 10 s (Normal) / 1 μs to 14.4 μs (Short Mode),1 default and 2 custom user set,16 MB,"Frame counter, offset X/Y, width/height, 노출 시간, gain, black level, line status, sequencer set","Acquisition start/end, exposure start/end, line rise/fall, error",2 counters and 2 timers,"노출 시간, gain","Software trigger, hardware trigger, PTP (IEEE 1588)",GigE Vision v2.0,"CE, KC, FCC, RoHS, REACH, WEEE",-30 to 60°C,-10 to 55°C 주변,"동작: 20% ~ 80%, relative, 비 응축","DIN EN 60068-2-27, DIN EN 60068-2-64,",3 year,PHX032S,RJ45,,,,,,,,,,,,,,,,,,,,,,,,,,,,,,,,,,
Lucid Vision,Y,PHXET032S-MC,,"2048 x 1536 px, 3.2 MP",,Sony IMX265 CMOS,8.9 mm (Type 1/1.8″),3.45 µm (H) x 3.45 µm (V),Global Shutter,C-mount Extended Head,Mono,"1000BASE-T RJ45, PoEix Industrial, PoEFFC, PoE",35.4 FPS (38 FPS) @ 3.2 MP,24 x 24 x 27.35 mm,30 g,8 핀 JST 커넥터,"1 input, 1 output",2 bi-directional,"PoE (IEEE 802.3af), or 12-24 VDC ±5% external","PoE를 통한 3.1W, 외부 전원 공급시 2.5W",128 MB,"Gain, gamma, black level, white balance, LUT, CCM, pixel correction, color space conversion","Mono8/10/12/16, Bayer8/10/12/16, RGB8, BGR8, YCbCr8, YCbCr411, YUV422, YUV411, QOI_Mono8, QOI_BayerRG8, QOI_RGB8, QOI_BGR8, QOI_YCbCr8",QOI,"수평 및 수직 비닝, 서브 샘플링, ROI, 수평 및 수직 뒤집기",12 bit,0 dB ~ 48 dB 아날로그 및 디지털,30 μs to 10 s (Normal) / 1 μs to 14.4 μs (Short Mode),1 default and 2 custom user set,16 MB,"Frame counter, offset X/Y, width/height, 노출 시간, gain, black level, line status, sequencer set","Acquisition start/end, exposure start/end, line rise/fall, error",2 counters and 2 timers,"노출 시간, gain","Software trigger, hardware trigger, PTP (IEEE 1588)",GigE Vision v2.0,"CE, KC, FCC, RoHS, REACH, WEEE",-30 to 60°C,-10 to 55°C 주변,"동작: 20% ~ 80%, relative, 비 응축","DIN EN 60068-2-27, DIN EN 60068-2-64,",3 year,PHX032S,RJ45,,,,,,,,,,,,,,,,,,,,,,,,,,,,,,,,,,
Lucid Vision,Y,PHX032S-CNF,,"2048 x 1536 px, 3.2 MP",,Sony IMX265 CMOS,8.9 mm (Type 1/1.8″),3.45 µm (H) x 3.45 µm (V),Global Shutter,NF-mount,Color,"1000BASE-T RJ45, PoEix Industrial, PoEFFC, PoE",35.4 FPS (38 FPS) @ 3.2 MP,24 x 24 x 27.35 mm,30 g,8 핀 JST 커넥터,"1 input, 1 output",2 bi-directional,"PoE (IEEE 802.3af), or 12-24 VDC ±5% external","PoE를 통한 3.1W, 외부 전원 공급시 2.5W",128 MB,"Gain, gamma, black level, white balance, LUT, CCM, pixel correction, color space conversion","Mono8/10/12/16, Bayer8/10/12/16, RGB8, BGR8, YCbCr8, YCbCr411, YUV422, YUV411, QOI_Mono8, QOI_BayerRG8, QOI_RGB8, QOI_BGR8, QOI_YCbCr8",QOI,"수평 및 수직 비닝, 서브 샘플링, ROI, 수평 및 수직 뒤집기",12 bit,0 dB ~ 48 dB 아날로그 및 디지털,30 μs to 10 s (Normal) / 1 μs to 14.4 μs (Short Mode),1 default and 2 custom user set,16 MB,"Frame counter, offset X/Y, width/height, 노출 시간, gain, black level, line status, sequencer set","Acquisition start/end, exposure start/end, line rise/fall, error",2 counters and 2 timers,"노출 시간, gain","Software trigger, hardware trigger, PTP (IEEE 1588)",GigE Vision v2.0,"CE, KC, FCC, RoHS, REACH, WEEE",-30 to 60°C,-10 to 55°C 주변,"동작: 20% ~ 80%, relative, 비 응축","DIN EN 60068-2-27, DIN EN 60068-2-64,",3 year,PHX032S,RJ45,,,,,,,,,,,,,,,,,,,,,,,,,,,,,,,,,,
Lucid Vision,Y,PHX032S-MNF,,"2048 x 1536 px, 3.2 MP",,Sony IMX265 CMOS,8.9 mm (Type 1/1.8″),3.45 µm (H) x 3.45 µm (V),Global Shutter,NF-mount,Mono,"1000BASE-T RJ45, PoEix Industrial, PoEFFC, PoE",35.4 FPS (38 FPS) @ 3.2 MP,24 x 24 x 27.35 mm,30 g,8 핀 JST 커넥터,"1 input, 1 output",2 bi-directional,"PoE (IEEE 802.3af), or 12-24 VDC ±5% external","PoE를 통한 3.1W, 외부 전원 공급시 2.5W",128 MB,"Gain, gamma, black level, white balance, LUT, CCM, pixel correction, color space conversion","Mono8/10/12/16, Bayer8/10/12/16, RGB8, BGR8, YCbCr8, YCbCr411, YUV422, YUV411, QOI_Mono8, QOI_BayerRG8, QOI_RGB8, QOI_BGR8, QOI_YCbCr8",QOI,"수평 및 수직 비닝, 서브 샘플링, ROI, 수평 및 수직 뒤집기",12 bit,0 dB ~ 48 dB 아날로그 및 디지털,30 μs to 10 s (Normal) / 1 μs to 14.4 μs (Short Mode),1 default and 2 custom user set,16 MB,"Frame counter, offset X/Y, width/height, 노출 시간, gain, black level, line status, sequencer set","Acquisition start/end, exposure start/end, line rise/fall, error",2 counters and 2 timers,"노출 시간, gain","Software trigger, hardware trigger, PTP (IEEE 1588)",GigE Vision v2.0,"CE, KC, FCC, RoHS, REACH, WEEE",-30 to 60°C,-10 to 55°C 주변,"동작: 20% ~ 80%, relative, 비 응축","DIN EN 60068-2-27, DIN EN 60068-2-64,",3 year,PHX032S,RJ45,,,,,,,,,,,,,,,,,,,,,,,,,,,,,,,,,,
Lucid Vision,Y,PHX032S-CS,,"2048 x 1536 px, 3.2 MP",,Sony IMX265 CMOS,8.9 mm (Type 1/1.8″),3.45 µm (H) x 3.45 µm (V),Global Shutter,S-mount,Color,"1000BASE-T RJ45, PoEix Industrial, PoEFFC, PoE",35.4 FPS (38 FPS) @ 3.2 MP,24 x 24 x 27.35 mm,30 g,8 핀 JST 커넥터,"1 input, 1 output",2 bi-directional,"PoE (IEEE 802.3af), or 12-24 VDC ±5% external","PoE를 통한 3.1W, 외부 전원 공급시 2.5W",128 MB,"Gain, gamma, black level, white balance, LUT, CCM, pixel correction, color space conversion","Mono8/10/12/16, Bayer8/10/12/16, RGB8, BGR8, YCbCr8, YCbCr411, YUV422, YUV411, QOI_Mono8, QOI_BayerRG8, QOI_RGB8, QOI_BGR8, QOI_YCbCr8",QOI,"수평 및 수직 비닝, 서브 샘플링, ROI, 수평 및 수직 뒤집기",12 bit,0 dB ~ 48 dB 아날로그 및 디지털,30 μs to 10 s (Normal) / 1 μs to 14.4 μs (Short Mode),1 default and 2 custom user set,16 MB,"Frame counter, offset X/Y, width/height, 노출 시간, gain, black level, line status, sequencer set","Acquisition start/end, exposure start/end, line rise/fall, error",2 counters and 2 timers,"노출 시간, gain","Software trigger, hardware trigger, PTP (IEEE 1588)",GigE Vision v2.0,"CE, KC, FCC, RoHS, REACH, WEEE",-30 to 60°C,-10 to 55°C 주변,"동작: 20% ~ 80%, relative, 비 응축","DIN EN 60068-2-27, DIN EN 60068-2-64,",3 year,PHX032S,RJ45,,,,,,,,,,,,,,,,,,,,,,,,,,,,,,,,,,
Lucid Vision,Y,PHX032S-MS,,"2048 x 1536 px, 3.2 MP",,Sony IMX265 CMOS,8.9 mm (Type 1/1.8″),3.45 µm (H) x 3.45 µm (V),Global Shutter,S-mount,Mono,"1000BASE-T RJ45, PoEix Industrial, PoEFFC, PoE",35.4 FPS (38 FPS) @ 3.2 MP,24 x 24 x 27.35 mm,30 g,8 핀 JST 커넥터,"1 input, 1 output",2 bi-directional,"PoE (IEEE 802.3af), or 12-24 VDC ±5% external","PoE를 통한 3.1W, 외부 전원 공급시 2.5W",128 MB,"Gain, gamma, black level, white balance, LUT, CCM, pixel correction, color space conversion","Mono8/10/12/16, Bayer8/10/12/16, RGB8, BGR8, YCbCr8, YCbCr411, YUV422, YUV411, QOI_Mono8, QOI_BayerRG8, QOI_RGB8, QOI_BGR8, QOI_YCbCr8",QOI,"수평 및 수직 비닝, 서브 샘플링, ROI, 수평 및 수직 뒤집기",12 bit,0 dB ~ 48 dB 아날로그 및 디지털,30 μs to 10 s (Normal) / 1 μs to 14.4 μs (Short Mode),1 default and 2 custom user set,16 MB,"Frame counter, offset X/Y, width/height, 노출 시간, gain, black level, line status, sequencer set","Acquisition start/end, exposure start/end, line rise/fall, error",2 counters and 2 timers,"노출 시간, gain","Software trigger, hardware trigger, PTP (IEEE 1588)",GigE Vision v2.0,"CE, KC, FCC, RoHS, REACH, WEEE",-30 to 60°C,-10 to 55°C 주변,"동작: 20% ~ 80%, relative, 비 응축","DIN EN 60068-2-27, DIN EN 60068-2-64,",3 year,PHX032S,RJ45,,,,,,,,,,,,,,,,,,,,,,,,,,,,,,,,,,
Lucid Vision,Y,PHX032S-CNL,,"2048 x 1536 px, 3.2 MP",,Sony IMX265 CMOS,8.9 mm (Type 1/1.8″),3.45 µm (H) x 3.45 µm (V),Global Shutter,No Lens Mount,Color,"1000BASE-T RJ45, PoEix Industrial, PoEFFC, PoE",35.4 FPS (38 FPS) @ 3.2 MP,24 x 24 x 27.35 mm,30 g,8 핀 JST 커넥터,"1 input, 1 output",2 bi-directional,"PoE (IEEE 802.3af), or 12-24 VDC ±5% external","PoE를 통한 3.1W, 외부 전원 공급시 2.5W",128 MB,"Gain, gamma, black level, white balance, LUT, CCM, pixel correction, color space conversion","Mono8/10/12/16, Bayer8/10/12/16, RGB8, BGR8, YCbCr8, YCbCr411, YUV422, YUV411, QOI_Mono8, QOI_BayerRG8, QOI_RGB8, QOI_BGR8, QOI_YCbCr8",QOI,"수평 및 수직 비닝, 서브 샘플링, ROI, 수평 및 수직 뒤집기",12 bit,0 dB ~ 48 dB 아날로그 및 디지털,30 μs to 10 s (Normal) / 1 μs to 14.4 μs (Short Mode),1 default and 2 custom user set,16 MB,"Frame counter, offset X/Y, width/height, 노출 시간, gain, black level, line status, sequencer set","Acquisition start/end, exposure start/end, line rise/fall, error",2 counters and 2 timers,"노출 시간, gain","Software trigger, hardware trigger, PTP (IEEE 1588)",GigE Vision v2.0,"CE, KC, FCC, RoHS, REACH, WEEE",-30 to 60°C,-10 to 55°C 주변,"동작: 20% ~ 80%, relative, 비 응축","DIN EN 60068-2-27, DIN EN 60068-2-64,",3 year,PHX032S,RJ45,,,,,,,,,,,,,,,,,,,,,,,,,,,,,,,,,,
Lucid Vision,Y,PHX032S-MNL,,"2048 x 1536 px, 3.2 MP",,Sony IMX265 CMOS,8.9 mm (Type 1/1.8″),3.45 µm (H) x 3.45 µm (V),Global Shutter,No Lens Mount,Mono,"1000BASE-T RJ45, PoEix Industrial, PoEFFC, PoE",35.4 FPS (38 FPS) @ 3.2 MP,24 x 24 x 27.35 mm,30 g,8 핀 JST 커넥터,"1 input, 1 output",2 bi-directional,"PoE (IEEE 802.3af), or 12-24 VDC ±5% external","PoE를 통한 3.1W, 외부 전원 공급시 2.5W",128 MB,"Gain, gamma, black level, white balance, LUT, CCM, pixel correction, color space conversion","Mono8/10/12/16, Bayer8/10/12/16, RGB8, BGR8, YCbCr8, YCbCr411, YUV422, YUV411, QOI_Mono8, QOI_BayerRG8, QOI_RGB8, QOI_BGR8, QOI_YCbCr8",QOI,"수평 및 수직 비닝, 서브 샘플링, ROI, 수평 및 수직 뒤집기",12 bit,0 dB ~ 48 dB 아날로그 및 디지털,30 μs to 10 s (Normal) / 1 μs to 14.4 μs (Short Mode),1 default and 2 custom user set,16 MB,"Frame counter, offset X/Y, width/height, 노출 시간, gain, black level, line status, sequencer set","Acquisition start/end, exposure start/end, line rise/fall, error",2 counters and 2 timers,"노출 시간, gain","Software trigger, hardware trigger, PTP (IEEE 1588)",GigE Vision v2.0,"CE, KC, FCC, RoHS, REACH, WEEE",-30 to 60°C,-10 to 55°C 주변,"동작: 20% ~ 80%, relative, 비 응축","DIN EN 60068-2-27, DIN EN 60068-2-64,",3 year,PHX032S,RJ45,,,,,,,,,,,,,,,,,,,,,,,,,,,,,,,,,,
Lucid Vision,Y,PHX032S-MNLF,,"2048 x 1536 px, 3.2 MP",,Sony IMX265 CMOS,8.9 mm (Type 1/1.8″),3.45 µm (H) x 3.45 µm (V),Global Shutter,No Lens Mount w/ Flange,Mono,"1000BASE-T RJ45, PoEix Industrial, PoEFFC, PoE",35.4 FPS (38 FPS) @ 3.2 MP,24 x 24 x 27.35 mm,30 g,8 핀 JST 커넥터,"1 input, 1 output",2 bi-directional,"PoE (IEEE 802.3af), or 12-24 VDC ±5% external","PoE를 통한 3.1W, 외부 전원 공급시 2.5W",128 MB,"Gain, gamma, black level, white balance, LUT, CCM, pixel correction, color space conversion","Mono8/10/12/16, Bayer8/10/12/16, RGB8, BGR8, YCbCr8, YCbCr411, YUV422, YUV411, QOI_Mono8, QOI_BayerRG8, QOI_RGB8, QOI_BGR8, QOI_YCbCr8",QOI,"수평 및 수직 비닝, 서브 샘플링, ROI, 수평 및 수직 뒤집기",12 bit,0 dB ~ 48 dB 아날로그 및 디지털,30 μs to 10 s (Normal) / 1 μs to 14.4 μs (Short Mode),1 default and 2 custom user set,16 MB,"Frame counter, offset X/Y, width/height, 노출 시간, gain, black level, line status, sequencer set","Acquisition start/end, exposure start/end, line rise/fall, error",2 counters and 2 timers,"노출 시간, gain","Software trigger, hardware trigger, PTP (IEEE 1588)",GigE Vision v2.0,"CE, KC, FCC, RoHS, REACH, WEEE",-30 to 60°C,-10 to 55°C 주변,"동작: 20% ~ 80%, relative, 비 응축","DIN EN 60068-2-27, DIN EN 60068-2-64,",3 year,PHX032S,RJ45,,,,,,,,,,,,,,,,,,,,,,,,,,,,,,,,,,
Lucid Vision,Y,PHX032S-CNLF,,"2048 x 1536 px, 3.2 MP",,Sony IMX265 CMOS,8.9 mm (Type 1/1.8″),3.45 µm (H) x 3.45 µm (V),Global Shutter,No Lens Mount w/ Flange,Color,"1000BASE-T RJ45, PoEix Industrial, PoEFFC, PoE",35.4 FPS (38 FPS) @ 3.2 MP,24 x 24 x 27.35 mm,30 g,8 핀 JST 커넥터,"1 input, 1 output",2 bi-directional,"PoE (IEEE 802.3af), or 12-24 VDC ±5% external","PoE를 통한 3.1W, 외부 전원 공급시 2.5W",128 MB,"Gain, gamma, black level, white balance, LUT, CCM, pixel correction, color space conversion","Mono8/10/12/16, Bayer8/10/12/16, RGB8, BGR8, YCbCr8, YCbCr411, YUV422, YUV411, QOI_Mono8, QOI_BayerRG8, QOI_RGB8, QOI_BGR8, QOI_YCbCr8",QOI,"수평 및 수직 비닝, 서브 샘플링, ROI, 수평 및 수직 뒤집기",12 bit,0 dB ~ 48 dB 아날로그 및 디지털,30 μs to 10 s (Normal) / 1 μs to 14.4 μs (Short Mode),1 default and 2 custom user set,16 MB,"Frame counter, offset X/Y, width/height, 노출 시간, gain, black level, line status, sequencer set","Acquisition start/end, exposure start/end, line rise/fall, error",2 counters and 2 timers,"노출 시간, gain","Software trigger, hardware trigger, PTP (IEEE 1588)",GigE Vision v2.0,"CE, KC, FCC, RoHS, REACH, WEEE",-30 to 60°C,-10 to 55°C 주변,"동작: 20% ~ 80%, relative, 비 응축","DIN EN 60068-2-27, DIN EN 60068-2-64,",3 year,PHX032S,RJ45,,,,,,,,,,,,,,,,,,,,,,,,,,,,,,,,,,
Lucid Vision,Y,PHX032S-CC-IX,,"2048 x 1536 px, 3.2 MP",,Sony IMX265 CMOS,8.9 mm (Type 1/1.8″),3.45 µm (H) x 3.45 µm (V),Global Shutter,C-mount,Color,"1000BASE-T RJ45, PoEix Industrial, PoEFFC, PoE",35.4 FPS (38 FPS) @ 3.2 MP,24 x 24 x 27.35 mm,30 g,8 핀 JST 커넥터,"1 input, 1 output",2 bi-directional,"PoE (IEEE 802.3af), or 12-24 VDC ±5% external","PoE를 통한 3.1W, 외부 전원 공급시 2.5W",128 MB,"Gain, gamma, black level, white balance, LUT, CCM, pixel correction, color space conversion","Mono8/10/12/16, Bayer8/10/12/16, RGB8, BGR8, YCbCr8, YCbCr411, YUV422, YUV411, QOI_Mono8, QOI_BayerRG8, QOI_RGB8, QOI_BGR8, QOI_YCbCr8",QOI,"수평 및 수직 비닝, 서브 샘플링, ROI, 수평 및 수직 뒤집기",12 bit,0 dB ~ 48 dB 아날로그 및 디지털,30 μs to 10 s (Normal) / 1 μs to 14.4 μs (Short Mode),1 default and 2 custom user set,16 MB,"Frame counter, offset X/Y, width/height, 노출 시간, gain, black level, line status, sequencer set","Acquisition start/end, exposure start/end, line rise/fall, error",2 counters and 2 timers,"노출 시간, gain","Software trigger, hardware trigger, PTP (IEEE 1588)",GigE Vision v2.0,"CE, KC, FCC, RoHS, REACH, WEEE",-30 to 60°C,-10 to 55°C 주변,"동작: 20% ~ 80%, relative, 비 응축","DIN EN 60068-2-27, DIN EN 60068-2-64,",3 year,PHX032S,ix Industrial,,,,,,,,,,,,,,,,,,,,,,,,,,,,,,,,,,
Lucid Vision,Y,PHX032S-MC-IX,,"2048 x 1536 px, 3.2 MP",,Sony IMX265 CMOS,8.9 mm (Type 1/1.8″),3.45 µm (H) x 3.45 µm (V),Global Shutter,C-mount,Mono,"1000BASE-T RJ45, PoEix Industrial, PoEFFC, PoE",35.4 FPS (38 FPS) @ 3.2 MP,24 x 24 x 27.35 mm,30 g,8 핀 JST 커넥터,"1 input, 1 output",2 bi-directional,"PoE (IEEE 802.3af), or 12-24 VDC ±5% external","PoE를 통한 3.1W, 외부 전원 공급시 2.5W",128 MB,"Gain, gamma, black level, white balance, LUT, CCM, pixel correction, color space conversion","Mono8/10/12/16, Bayer8/10/12/16, RGB8, BGR8, YCbCr8, YCbCr411, YUV422, YUV411, QOI_Mono8, QOI_BayerRG8, QOI_RGB8, QOI_BGR8, QOI_YCbCr8",QOI,"수평 및 수직 비닝, 서브 샘플링, ROI, 수평 및 수직 뒤집기",12 bit,0 dB ~ 48 dB 아날로그 및 디지털,30 μs to 10 s (Normal) / 1 μs to 14.4 μs (Short Mode),1 default and 2 custom user set,16 MB,"Frame counter, offset X/Y, width/height, 노출 시간, gain, black level, line status, sequencer set","Acquisition start/end, exposure start/end, line rise/fall, error",2 counters and 2 timers,"노출 시간, gain","Software trigger, hardware trigger, PTP (IEEE 1588)",GigE Vision v2.0,"CE, KC, FCC, RoHS, REACH, WEEE",-30 to 60°C,-10 to 55°C 주변,"동작: 20% ~ 80%, relative, 비 응축","DIN EN 60068-2-27, DIN EN 60068-2-64,",3 year,PHX032S,ix Industrial,,,,,,,,,,,,,,,,,,,,,,,,,,,,,,,,,,
Lucid Vision,Y,PHX032S-CNF-IX,,"2048 x 1536 px, 3.2 MP",,Sony IMX265 CMOS,8.9 mm (Type 1/1.8″),3.45 µm (H) x 3.45 µm (V),Global Shutter,NF-mount,Color,"1000BASE-T RJ45, PoEix Industrial, PoEFFC, PoE",35.4 FPS (38 FPS) @ 3.2 MP,24 x 24 x 27.35 mm,30 g,8 핀 JST 커넥터,"1 input, 1 output",2 bi-directional,"PoE (IEEE 802.3af), or 12-24 VDC ±5% external","PoE를 통한 3.1W, 외부 전원 공급시 2.5W",128 MB,"Gain, gamma, black level, white balance, LUT, CCM, pixel correction, color space conversion","Mono8/10/12/16, Bayer8/10/12/16, RGB8, BGR8, YCbCr8, YCbCr411, YUV422, YUV411, QOI_Mono8, QOI_BayerRG8, QOI_RGB8, QOI_BGR8, QOI_YCbCr8",QOI,"수평 및 수직 비닝, 서브 샘플링, ROI, 수평 및 수직 뒤집기",12 bit,0 dB ~ 48 dB 아날로그 및 디지털,30 μs to 10 s (Normal) / 1 μs to 14.4 μs (Short Mode),1 default and 2 custom user set,16 MB,"Frame counter, offset X/Y, width/height, 노출 시간, gain, black level, line status, sequencer set","Acquisition start/end, exposure start/end, line rise/fall, error",2 counters and 2 timers,"노출 시간, gain","Software trigger, hardware trigger, PTP (IEEE 1588)",GigE Vision v2.0,"CE, KC, FCC, RoHS, REACH, WEEE",-30 to 60°C,-10 to 55°C 주변,"동작: 20% ~ 80%, relative, 비 응축","DIN EN 60068-2-27, DIN EN 60068-2-64,",3 year,PHX032S,ix Industrial,,,,,,,,,,,,,,,,,,,,,,,,,,,,,,,,,,
Lucid Vision,Y,PHX032S-MNF-IX,,"2048 x 1536 px, 3.2 MP",,Sony IMX265 CMOS,8.9 mm (Type 1/1.8″),3.45 µm (H) x 3.45 µm (V),Global Shutter,NF-mount,Mono,"1000BASE-T RJ45, PoEix Industrial, PoEFFC, PoE",35.4 FPS (38 FPS) @ 3.2 MP,24 x 24 x 27.35 mm,30 g,8 핀 JST 커넥터,"1 input, 1 output",2 bi-directional,"PoE (IEEE 802.3af), or 12-24 VDC ±5% external","PoE를 통한 3.1W, 외부 전원 공급시 2.5W",128 MB,"Gain, gamma, black level, white balance, LUT, CCM, pixel correction, color space conversion","Mono8/10/12/16, Bayer8/10/12/16, RGB8, BGR8, YCbCr8, YCbCr411, YUV422, YUV411, QOI_Mono8, QOI_BayerRG8, QOI_RGB8, QOI_BGR8, QOI_YCbCr8",QOI,"수평 및 수직 비닝, 서브 샘플링, ROI, 수평 및 수직 뒤집기",12 bit,0 dB ~ 48 dB 아날로그 및 디지털,30 μs to 10 s (Normal) / 1 μs to 14.4 μs (Short Mode),1 default and 2 custom user set,16 MB,"Frame counter, offset X/Y, width/height, 노출 시간, gain, black level, line status, sequencer set","Acquisition start/end, exposure start/end, line rise/fall, error",2 counters and 2 timers,"노출 시간, gain","Software trigger, hardware trigger, PTP (IEEE 1588)",GigE Vision v2.0,"CE, KC, FCC, RoHS, REACH, WEEE",-30 to 60°C,-10 to 55°C 주변,"동작: 20% ~ 80%, relative, 비 응축","DIN EN 60068-2-27, DIN EN 60068-2-64,",3 year,PHX032S,ix Industrial,,,,,,,,,,,,,,,,,,,,,,,,,,,,,,,,,,
Lucid Vision,N,PHX023S,2.3 MP,"1920 x 1200 px, 2.3 MP",48.3 fps,Sony IMX392 CMOS,7.9 mm (Type 1/2.3″),3.45 µm (H) x 3.45 µm (V),Global Shutter,"C, NF, S, No Mount, No mount with flange, C-Mount Extended Head",Mono / Color,"1000BASE-T RJ45, PoEix Industrial, PoEFFC, PoE",48.3 FPS (52 FPS) @ 2.3 MP,24 x 24 x 27.35 mm,30 g,8 핀 JST 커넥터,"1 input, 1 output",2 bi-directional,"PoE (IEEE 802.3af), or 12-24 VDC ±5% external","PoE를 통한 3.1W, 외부 전원 공급시 2.5W",128 MB,"Gain, gamma, black level, white balance, LUT, CCM, pixel correction, color space conversion","Mono8/10/12/16, Bayer8/10/12/16, RGB8, BGR8, YCbCr8, YCbCr411, YUV422, YUV411, QOI_Mono8, QOI_BayerRG8, QOI_RGB8, QOI_BGR8, QOI_YCbCr8",QOI,"수평 및 수직 비닝, 서브 샘플링, ROI, 수평 및 수직 뒤집기",12 bit,0 dB ~ 48 dB 아날로그 및 디지털,29.3 μs to 10 s (Normal) / 0.9 μs to 14.1 μs (Short Mode),1 default and 2 custom user set,16 MB,"Frame counter, offset X/Y, width/height, 노출 시간, gain, black level, line status, sequencer set","Acquisition start/end, exposure start/end, line rise/fall, error",2 counters and 2 timers,"노출 시간, gain","Software trigger, hardware trigger, PTP (IEEE 1588)",GigE Vision v2.0,"CE, KC, FCC, RoHS, REACH, WEEE",-30 to 60°C,-10 to 55°C 주변,"동작: 20% ~ 80%, relative, 비 응축","DIN EN 60068-2-27, DIN EN 60068-2-64,",3 year,,,,,,,,,,,,,,,,,,,,,,,,,,,,,,,,,,,,
Lucid Vision,Y,PHX023S-CC,,"1920 x 1200 px, 2.3 MP",,Sony IMX392 CMOS,7.9 mm (Type 1/2.3″),3.45 µm (H) x 3.45 µm (V),Global Shutter,C-mount,Color,"1000BASE-T RJ45, PoEix Industrial, PoEFFC, PoE",48.3 FPS (52 FPS) @ 2.3 MP,24 x 24 x 27.35 mm,30 g,8 핀 JST 커넥터,"1 input, 1 output",2 bi-directional,"PoE (IEEE 802.3af), or 12-24 VDC ±5% external","PoE를 통한 3.1W, 외부 전원 공급시 2.5W",128 MB,"Gain, gamma, black level, white balance, LUT, CCM, pixel correction, color space conversion","Mono8/10/12/16, Bayer8/10/12/16, RGB8, BGR8, YCbCr8, YCbCr411, YUV422, YUV411, QOI_Mono8, QOI_BayerRG8, QOI_RGB8, QOI_BGR8, QOI_YCbCr8",QOI,"수평 및 수직 비닝, 서브 샘플링, ROI, 수평 및 수직 뒤집기",12 bit,0 dB ~ 48 dB 아날로그 및 디지털,29.3 μs to 10 s (Normal) / 0.9 μs to 14.1 μs (Short Mode),1 default and 2 custom user set,16 MB,"Frame counter, offset X/Y, width/height, 노출 시간, gain, black level, line status, sequencer set","Acquisition start/end, exposure start/end, line rise/fall, error",2 counters and 2 timers,"노출 시간, gain","Software trigger, hardware trigger, PTP (IEEE 1588)",GigE Vision v2.0,"CE, KC, FCC, RoHS, REACH, WEEE",-30 to 60°C,-10 to 55°C 주변,"동작: 20% ~ 80%, relative, 비 응축","DIN EN 60068-2-27, DIN EN 60068-2-64,",3 year,PHX023S,RJ45,,,,,,,,,,,,,,,,,,,,,,,,,,,,,,,,,,
Lucid Vision,Y,PHX023S-MC,,"1920 x 1200 px, 2.3 MP",,Sony IMX392 CMOS,7.9 mm (Type 1/2.3″),3.45 µm (H) x 3.45 µm (V),Global Shutter,C-mount,Mono,"1000BASE-T RJ45, PoEix Industrial, PoEFFC, PoE",48.3 FPS (52 FPS) @ 2.3 MP,24 x 24 x 27.35 mm,30 g,8 핀 JST 커넥터,"1 input, 1 output",2 bi-directional,"PoE (IEEE 802.3af), or 12-24 VDC ±5% external","PoE를 통한 3.1W, 외부 전원 공급시 2.5W",128 MB,"Gain, gamma, black level, white balance, LUT, CCM, pixel correction, color space conversion","Mono8/10/12/16, Bayer8/10/12/16, RGB8, BGR8, YCbCr8, YCbCr411, YUV422, YUV411, QOI_Mono8, QOI_BayerRG8, QOI_RGB8, QOI_BGR8, QOI_YCbCr8",QOI,"수평 및 수직 비닝, 서브 샘플링, ROI, 수평 및 수직 뒤집기",12 bit,0 dB ~ 48 dB 아날로그 및 디지털,29.3 μs to 10 s (Normal) / 0.9 μs to 14.1 μs (Short Mode),1 default and 2 custom user set,16 MB,"Frame counter, offset X/Y, width/height, 노출 시간, gain, black level, line status, sequencer set","Acquisition start/end, exposure start/end, line rise/fall, error",2 counters and 2 timers,"노출 시간, gain","Software trigger, hardware trigger, PTP (IEEE 1588)",GigE Vision v2.0,"CE, KC, FCC, RoHS, REACH, WEEE",-30 to 60°C,-10 to 55°C 주변,"동작: 20% ~ 80%, relative, 비 응축","DIN EN 60068-2-27, DIN EN 60068-2-64,",3 year,PHX023S,RJ45,,,,,,,,,,,,,,,,,,,,,,,,,,,,,,,,,,
Lucid Vision,Y,PHXET023S-CC,,"1920 x 1200 px, 2.3 MP",,Sony IMX392 CMOS,7.9 mm (Type 1/2.3″),3.45 µm (H) x 3.45 µm (V),Global Shutter,C-mount Extended Head,Color,"1000BASE-T RJ45, PoEix Industrial, PoEFFC, PoE",48.3 FPS (52 FPS) @ 2.3 MP,24 x 24 x 27.35 mm,30 g,8 핀 JST 커넥터,"1 input, 1 output",2 bi-directional,"PoE (IEEE 802.3af), or 12-24 VDC ±5% external","PoE를 통한 3.1W, 외부 전원 공급시 2.5W",128 MB,"Gain, gamma, black level, white balance, LUT, CCM, pixel correction, color space conversion","Mono8/10/12/16, Bayer8/10/12/16, RGB8, BGR8, YCbCr8, YCbCr411, YUV422, YUV411, QOI_Mono8, QOI_BayerRG8, QOI_RGB8, QOI_BGR8, QOI_YCbCr8",QOI,"수평 및 수직 비닝, 서브 샘플링, ROI, 수평 및 수직 뒤집기",12 bit,0 dB ~ 48 dB 아날로그 및 디지털,29.3 μs to 10 s (Normal) / 0.9 μs to 14.1 μs (Short Mode),1 default and 2 custom user set,16 MB,"Frame counter, offset X/Y, width/height, 노출 시간, gain, black level, line status, sequencer set","Acquisition start/end, exposure start/end, line rise/fall, error",2 counters and 2 timers,"노출 시간, gain","Software trigger, hardware trigger, PTP (IEEE 1588)",GigE Vision v2.0,"CE, KC, FCC, RoHS, REACH, WEEE",-30 to 60°C,-10 to 55°C 주변,"동작: 20% ~ 80%, relative, 비 응축","DIN EN 60068-2-27, DIN EN 60068-2-64,",3 year,PHX023S,RJ45,,,,,,,,,,,,,,,,,,,,,,,,,,,,,,,,,,
Lucid Vision,Y,PHXET023S-MC,,"1920 x 1200 px, 2.3 MP",,Sony IMX392 CMOS,7.9 mm (Type 1/2.3″),3.45 µm (H) x 3.45 µm (V),Global Shutter,C-mount Extended Head,Mono,"1000BASE-T RJ45, PoEix Industrial, PoEFFC, PoE",48.3 FPS (52 FPS) @ 2.3 MP,24 x 24 x 27.35 mm,30 g,8 핀 JST 커넥터,"1 input, 1 output",2 bi-directional,"PoE (IEEE 802.3af), or 12-24 VDC ±5% external","PoE를 통한 3.1W, 외부 전원 공급시 2.5W",128 MB,"Gain, gamma, black level, white balance, LUT, CCM, pixel correction, color space conversion","Mono8/10/12/16, Bayer8/10/12/16, RGB8, BGR8, YCbCr8, YCbCr411, YUV422, YUV411, QOI_Mono8, QOI_BayerRG8, QOI_RGB8, QOI_BGR8, QOI_YCbCr8",QOI,"수평 및 수직 비닝, 서브 샘플링, ROI, 수평 및 수직 뒤집기",12 bit,0 dB ~ 48 dB 아날로그 및 디지털,29.3 μs to 10 s (Normal) / 0.9 μs to 14.1 μs (Short Mode),1 default and 2 custom user set,16 MB,"Frame counter, offset X/Y, width/height, 노출 시간, gain, black level, line status, sequencer set","Acquisition start/end, exposure start/end, line rise/fall, error",2 counters and 2 timers,"노출 시간, gain","Software trigger, hardware trigger, PTP (IEEE 1588)",GigE Vision v2.0,"CE, KC, FCC, RoHS, REACH, WEEE",-30 to 60°C,-10 to 55°C 주변,"동작: 20% ~ 80%, relative, 비 응축","DIN EN 60068-2-27, DIN EN 60068-2-64,",3 year,PHX023S,RJ45,,,,,,,,,,,,,,,,,,,,,,,,,,,,,,,,,,
Lucid Vision,Y,PHX023S-CNF,,"1920 x 1200 px, 2.3 MP",,Sony IMX392 CMOS,7.9 mm (Type 1/2.3″),3.45 µm (H) x 3.45 µm (V),Global Shutter,NF-mount,Color,"1000BASE-T RJ45, PoEix Industrial, PoEFFC, PoE",48.3 FPS (52 FPS) @ 2.3 MP,24 x 24 x 27.35 mm,30 g,8 핀 JST 커넥터,"1 input, 1 output",2 bi-directional,"PoE (IEEE 802.3af), or 12-24 VDC ±5% external","PoE를 통한 3.1W, 외부 전원 공급시 2.5W",128 MB,"Gain, gamma, black level, white balance, LUT, CCM, pixel correction, color space conversion","Mono8/10/12/16, Bayer8/10/12/16, RGB8, BGR8, YCbCr8, YCbCr411, YUV422, YUV411, QOI_Mono8, QOI_BayerRG8, QOI_RGB8, QOI_BGR8, QOI_YCbCr8",QOI,"수평 및 수직 비닝, 서브 샘플링, ROI, 수평 및 수직 뒤집기",12 bit,0 dB ~ 48 dB 아날로그 및 디지털,29.3 μs to 10 s (Normal) / 0.9 μs to 14.1 μs (Short Mode),1 default and 2 custom user set,16 MB,"Frame counter, offset X/Y, width/height, 노출 시간, gain, black level, line status, sequencer set","Acquisition start/end, exposure start/end, line rise/fall, error",2 counters and 2 timers,"노출 시간, gain","Software trigger, hardware trigger, PTP (IEEE 1588)",GigE Vision v2.0,"CE, KC, FCC, RoHS, REACH, WEEE",-30 to 60°C,-10 to 55°C 주변,"동작: 20% ~ 80%, relative, 비 응축","DIN EN 60068-2-27, DIN EN 60068-2-64,",3 year,PHX023S,RJ45,,,,,,,,,,,,,,,,,,,,,,,,,,,,,,,,,,
Lucid Vision,Y,PHX023S-MNF,,"1920 x 1200 px, 2.3 MP",,Sony IMX392 CMOS,7.9 mm (Type 1/2.3″),3.45 µm (H) x 3.45 µm (V),Global Shutter,NF-mount,Mono,"1000BASE-T RJ45, PoEix Industrial, PoEFFC, PoE",48.3 FPS (52 FPS) @ 2.3 MP,24 x 24 x 27.35 mm,30 g,8 핀 JST 커넥터,"1 input, 1 output",2 bi-directional,"PoE (IEEE 802.3af), or 12-24 VDC ±5% external","PoE를 통한 3.1W, 외부 전원 공급시 2.5W",128 MB,"Gain, gamma, black level, white balance, LUT, CCM, pixel correction, color space conversion","Mono8/10/12/16, Bayer8/10/12/16, RGB8, BGR8, YCbCr8, YCbCr411, YUV422, YUV411, QOI_Mono8, QOI_BayerRG8, QOI_RGB8, QOI_BGR8, QOI_YCbCr8",QOI,"수평 및 수직 비닝, 서브 샘플링, ROI, 수평 및 수직 뒤집기",12 bit,0 dB ~ 48 dB 아날로그 및 디지털,29.3 μs to 10 s (Normal) / 0.9 μs to 14.1 μs (Short Mode),1 default and 2 custom user set,16 MB,"Frame counter, offset X/Y, width/height, 노출 시간, gain, black level, line status, sequencer set","Acquisition start/end, exposure start/end, line rise/fall, error",2 counters and 2 timers,"노출 시간, gain","Software trigger, hardware trigger, PTP (IEEE 1588)",GigE Vision v2.0,"CE, KC, FCC, RoHS, REACH, WEEE",-30 to 60°C,-10 to 55°C 주변,"동작: 20% ~ 80%, relative, 비 응축","DIN EN 60068-2-27, DIN EN 60068-2-64,",3 year,PHX023S,RJ45,,,,,,,,,,,,,,,,,,,,,,,,,,,,,,,,,,
Lucid Vision,Y,PHX023S-CS,,"1920 x 1200 px, 2.3 MP",,Sony IMX392 CMOS,7.9 mm (Type 1/2.3″),3.45 µm (H) x 3.45 µm (V),Global Shutter,S-mount,Color,"1000BASE-T RJ45, PoEix Industrial, PoEFFC, PoE",48.3 FPS (52 FPS) @ 2.3 MP,24 x 24 x 27.35 mm,30 g,8 핀 JST 커넥터,"1 input, 1 output",2 bi-directional,"PoE (IEEE 802.3af), or 12-24 VDC ±5% external","PoE를 통한 3.1W, 외부 전원 공급시 2.5W",128 MB,"Gain, gamma, black level, white balance, LUT, CCM, pixel correction, color space conversion","Mono8/10/12/16, Bayer8/10/12/16, RGB8, BGR8, YCbCr8, YCbCr411, YUV422, YUV411, QOI_Mono8, QOI_BayerRG8, QOI_RGB8, QOI_BGR8, QOI_YCbCr8",QOI,"수평 및 수직 비닝, 서브 샘플링, ROI, 수평 및 수직 뒤집기",12 bit,0 dB ~ 48 dB 아날로그 및 디지털,29.3 μs to 10 s (Normal) / 0.9 μs to 14.1 μs (Short Mode),1 default and 2 custom user set,16 MB,"Frame counter, offset X/Y, width/height, 노출 시간, gain, black level, line status, sequencer set","Acquisition start/end, exposure start/end, line rise/fall, error",2 counters and 2 timers,"노출 시간, gain","Software trigger, hardware trigger, PTP (IEEE 1588)",GigE Vision v2.0,"CE, KC, FCC, RoHS, REACH, WEEE",-30 to 60°C,-10 to 55°C 주변,"동작: 20% ~ 80%, relative, 비 응축","DIN EN 60068-2-27, DIN EN 60068-2-64,",3 year,PHX023S,RJ45,,,,,,,,,,,,,,,,,,,,,,,,,,,,,,,,,,
Lucid Vision,Y,PHX023S-MS,,"1920 x 1200 px, 2.3 MP",,Sony IMX392 CMOS,7.9 mm (Type 1/2.3″),3.45 µm (H) x 3.45 µm (V),Global Shutter,S-mount,Mono,"1000BASE-T RJ45, PoEix Industrial, PoEFFC, PoE",48.3 FPS (52 FPS) @ 2.3 MP,24 x 24 x 27.35 mm,30 g,8 핀 JST 커넥터,"1 input, 1 output",2 bi-directional,"PoE (IEEE 802.3af), or 12-24 VDC ±5% external","PoE를 통한 3.1W, 외부 전원 공급시 2.5W",128 MB,"Gain, gamma, black level, white balance, LUT, CCM, pixel correction, color space conversion","Mono8/10/12/16, Bayer8/10/12/16, RGB8, BGR8, YCbCr8, YCbCr411, YUV422, YUV411, QOI_Mono8, QOI_BayerRG8, QOI_RGB8, QOI_BGR8, QOI_YCbCr8",QOI,"수평 및 수직 비닝, 서브 샘플링, ROI, 수평 및 수직 뒤집기",12 bit,0 dB ~ 48 dB 아날로그 및 디지털,29.3 μs to 10 s (Normal) / 0.9 μs to 14.1 μs (Short Mode),1 default and 2 custom user set,16 MB,"Frame counter, offset X/Y, width/height, 노출 시간, gain, black level, line status, sequencer set","Acquisition start/end, exposure start/end, line rise/fall, error",2 counters and 2 timers,"노출 시간, gain","Software trigger, hardware trigger, PTP (IEEE 1588)",GigE Vision v2.0,"CE, KC, FCC, RoHS, REACH, WEEE",-30 to 60°C,-10 to 55°C 주변,"동작: 20% ~ 80%, relative, 비 응축","DIN EN 60068-2-27, DIN EN 60068-2-64,",3 year,PHX023S,RJ45,,,,,,,,,,,,,,,,,,,,,,,,,,,,,,,,,,
Lucid Vision,Y,PHX023S-CNL,,"1920 x 1200 px, 2.3 MP",,Sony IMX392 CMOS,7.9 mm (Type 1/2.3″),3.45 µm (H) x 3.45 µm (V),Global Shutter,No Lens Mount,Color,"1000BASE-T RJ45, PoEix Industrial, PoEFFC, PoE",48.3 FPS (52 FPS) @ 2.3 MP,24 x 24 x 27.35 mm,30 g,8 핀 JST 커넥터,"1 input, 1 output",2 bi-directional,"PoE (IEEE 802.3af), or 12-24 VDC ±5% external","PoE를 통한 3.1W, 외부 전원 공급시 2.5W",128 MB,"Gain, gamma, black level, white balance, LUT, CCM, pixel correction, color space conversion","Mono8/10/12/16, Bayer8/10/12/16, RGB8, BGR8, YCbCr8, YCbCr411, YUV422, YUV411, QOI_Mono8, QOI_BayerRG8, QOI_RGB8, QOI_BGR8, QOI_YCbCr8",QOI,"수평 및 수직 비닝, 서브 샘플링, ROI, 수평 및 수직 뒤집기",12 bit,0 dB ~ 48 dB 아날로그 및 디지털,29.3 μs to 10 s (Normal) / 0.9 μs to 14.1 μs (Short Mode),1 default and 2 custom user set,16 MB,"Frame counter, offset X/Y, width/height, 노출 시간, gain, black level, line status, sequencer set","Acquisition start/end, exposure start/end, line rise/fall, error",2 counters and 2 timers,"노출 시간, gain","Software trigger, hardware trigger, PTP (IEEE 1588)",GigE Vision v2.0,"CE, KC, FCC, RoHS, REACH, WEEE",-30 to 60°C,-10 to 55°C 주변,"동작: 20% ~ 80%, relative, 비 응축","DIN EN 60068-2-27, DIN EN 60068-2-64,",3 year,PHX023S,RJ45,,,,,,,,,,,,,,,,,,,,,,,,,,,,,,,,,,
Lucid Vision,Y,PHX023S-MNL,,"1920 x 1200 px, 2.3 MP",,Sony IMX392 CMOS,7.9 mm (Type 1/2.3″),3.45 µm (H) x 3.45 µm (V),Global Shutter,No Lens Mount,Mono,"1000BASE-T RJ45, PoEix Industrial, PoEFFC, PoE",48.3 FPS (52 FPS) @ 2.3 MP,24 x 24 x 27.35 mm,30 g,8 핀 JST 커넥터,"1 input, 1 output",2 bi-directional,"PoE (IEEE 802.3af), or 12-24 VDC ±5% external","PoE를 통한 3.1W, 외부 전원 공급시 2.5W",128 MB,"Gain, gamma, black level, white balance, LUT, CCM, pixel correction, color space conversion","Mono8/10/12/16, Bayer8/10/12/16, RGB8, BGR8, YCbCr8, YCbCr411, YUV422, YUV411, QOI_Mono8, QOI_BayerRG8, QOI_RGB8, QOI_BGR8, QOI_YCbCr8",QOI,"수평 및 수직 비닝, 서브 샘플링, ROI, 수평 및 수직 뒤집기",12 bit,0 dB ~ 48 dB 아날로그 및 디지털,29.3 μs to 10 s (Normal) / 0.9 μs to 14.1 μs (Short Mode),1 default and 2 custom user set,16 MB,"Frame counter, offset X/Y, width/height, 노출 시간, gain, black level, line status, sequencer set","Acquisition start/end, exposure start/end, line rise/fall, error",2 counters and 2 timers,"노출 시간, gain","Software trigger, hardware trigger, PTP (IEEE 1588)",GigE Vision v2.0,"CE, KC, FCC, RoHS, REACH, WEEE",-30 to 60°C,-10 to 55°C 주변,"동작: 20% ~ 80%, relative, 비 응축","DIN EN 60068-2-27, DIN EN 60068-2-64,",3 year,PHX023S,RJ45,,,,,,,,,,,,,,,,,,,,,,,,,,,,,,,,,,
Lucid Vision,Y,PHX023S-MNLF,,"1920 x 1200 px, 2.3 MP",,Sony IMX392 CMOS,7.9 mm (Type 1/2.3″),3.45 µm (H) x 3.45 µm (V),Global Shutter,No Lens Mount w/ Flange,Mono,"1000BASE-T RJ45, PoEix Industrial, PoEFFC, PoE",48.3 FPS (52 FPS) @ 2.3 MP,24 x 24 x 27.35 mm,30 g,8 핀 JST 커넥터,"1 input, 1 output",2 bi-directional,"PoE (IEEE 802.3af), or 12-24 VDC ±5% external","PoE를 통한 3.1W, 외부 전원 공급시 2.5W",128 MB,"Gain, gamma, black level, white balance, LUT, CCM, pixel correction, color space conversion","Mono8/10/12/16, Bayer8/10/12/16, RGB8, BGR8, YCbCr8, YCbCr411, YUV422, YUV411, QOI_Mono8, QOI_BayerRG8, QOI_RGB8, QOI_BGR8, QOI_YCbCr8",QOI,"수평 및 수직 비닝, 서브 샘플링, ROI, 수평 및 수직 뒤집기",12 bit,0 dB ~ 48 dB 아날로그 및 디지털,29.3 μs to 10 s (Normal) / 0.9 μs to 14.1 μs (Short Mode),1 default and 2 custom user set,16 MB,"Frame counter, offset X/Y, width/height, 노출 시간, gain, black level, line status, sequencer set","Acquisition start/end, exposure start/end, line rise/fall, error",2 counters and 2 timers,"노출 시간, gain","Software trigger, hardware trigger, PTP (IEEE 1588)",GigE Vision v2.0,"CE, KC, FCC, RoHS, REACH, WEEE",-30 to 60°C,-10 to 55°C 주변,"동작: 20% ~ 80%, relative, 비 응축","DIN EN 60068-2-27, DIN EN 60068-2-64,",3 year,PHX023S,RJ45,,,,,,,,,,,,,,,,,,,,,,,,,,,,,,,,,,
Lucid Vision,Y,PHX023S-CNLF,,"1920 x 1200 px, 2.3 MP",,Sony IMX392 CMOS,7.9 mm (Type 1/2.3″),3.45 µm (H) x 3.45 µm (V),Global Shutter,No Lens Mount w/ Flange,Color,"1000BASE-T RJ45, PoEix Industrial, PoEFFC, PoE",48.3 FPS (52 FPS) @ 2.3 MP,24 x 24 x 27.35 mm,30 g,8 핀 JST 커넥터,"1 input, 1 output",2 bi-directional,"PoE (IEEE 802.3af), or 12-24 VDC ±5% external","PoE를 통한 3.1W, 외부 전원 공급시 2.5W",128 MB,"Gain, gamma, black level, white balance, LUT, CCM, pixel correction, color space conversion","Mono8/10/12/16, Bayer8/10/12/16, RGB8, BGR8, YCbCr8, YCbCr411, YUV422, YUV411, QOI_Mono8, QOI_BayerRG8, QOI_RGB8, QOI_BGR8, QOI_YCbCr8",QOI,"수평 및 수직 비닝, 서브 샘플링, ROI, 수평 및 수직 뒤집기",12 bit,0 dB ~ 48 dB 아날로그 및 디지털,29.3 μs to 10 s (Normal) / 0.9 μs to 14.1 μs (Short Mode),1 default and 2 custom user set,16 MB,"Frame counter, offset X/Y, width/height, 노출 시간, gain, black level, line status, sequencer set","Acquisition start/end, exposure start/end, line rise/fall, error",2 counters and 2 timers,"노출 시간, gain","Software trigger, hardware trigger, PTP (IEEE 1588)",GigE Vision v2.0,"CE, KC, FCC, RoHS, REACH, WEEE",-30 to 60°C,-10 to 55°C 주변,"동작: 20% ~ 80%, relative, 비 응축","DIN EN 60068-2-27, DIN EN 60068-2-64,",3 year,PHX023S,RJ45,,,,,,,,,,,,,,,,,,,,,,,,,,,,,,,,,,
Lucid Vision,Y,PHX023S-CC-IX,,"1920 x 1200 px, 2.3 MP",,Sony IMX392 CMOS,7.9 mm (Type 1/2.3″),3.45 µm (H) x 3.45 µm (V),Global Shutter,C-mount,Color,"1000BASE-T RJ45, PoEix Industrial, PoEFFC, PoE",48.3 FPS (52 FPS) @ 2.3 MP,24 x 24 x 27.35 mm,30 g,8 핀 JST 커넥터,"1 input, 1 output",2 bi-directional,"PoE (IEEE 802.3af), or 12-24 VDC ±5% external","PoE를 통한 3.1W, 외부 전원 공급시 2.5W",128 MB,"Gain, gamma, black level, white balance, LUT, CCM, pixel correction, color space conversion","Mono8/10/12/16, Bayer8/10/12/16, RGB8, BGR8, YCbCr8, YCbCr411, YUV422, YUV411, QOI_Mono8, QOI_BayerRG8, QOI_RGB8, QOI_BGR8, QOI_YCbCr8",QOI,"수평 및 수직 비닝, 서브 샘플링, ROI, 수평 및 수직 뒤집기",12 bit,0 dB ~ 48 dB 아날로그 및 디지털,29.3 μs to 10 s (Normal) / 0.9 μs to 14.1 μs (Short Mode),1 default and 2 custom user set,16 MB,"Frame counter, offset X/Y, width/height, 노출 시간, gain, black level, line status, sequencer set","Acquisition start/end, exposure start/end, line rise/fall, error",2 counters and 2 timers,"노출 시간, gain","Software trigger, hardware trigger, PTP (IEEE 1588)",GigE Vision v2.0,"CE, KC, FCC, RoHS, REACH, WEEE",-30 to 60°C,-10 to 55°C 주변,"동작: 20% ~ 80%, relative, 비 응축","DIN EN 60068-2-27, DIN EN 60068-2-64,",3 year,PHX023S,ix Industrial,,,,,,,,,,,,,,,,,,,,,,,,,,,,,,,,,,
Lucid Vision,Y,PHX023S-MC-IX,,"1920 x 1200 px, 2.3 MP",,Sony IMX392 CMOS,7.9 mm (Type 1/2.3″),3.45 µm (H) x 3.45 µm (V),Global Shutter,C-mount,Mono,"1000BASE-T RJ45, PoEix Industrial, PoEFFC, PoE",48.3 FPS (52 FPS) @ 2.3 MP,24 x 24 x 27.35 mm,30 g,8 핀 JST 커넥터,"1 input, 1 output",2 bi-directional,"PoE (IEEE 802.3af), or 12-24 VDC ±5% external","PoE를 통한 3.1W, 외부 전원 공급시 2.5W",128 MB,"Gain, gamma, black level, white balance, LUT, CCM, pixel correction, color space conversion","Mono8/10/12/16, Bayer8/10/12/16, RGB8, BGR8, YCbCr8, YCbCr411, YUV422, YUV411, QOI_Mono8, QOI_BayerRG8, QOI_RGB8, QOI_BGR8, QOI_YCbCr8",QOI,"수평 및 수직 비닝, 서브 샘플링, ROI, 수평 및 수직 뒤집기",12 bit,0 dB ~ 48 dB 아날로그 및 디지털,29.3 μs to 10 s (Normal) / 0.9 μs to 14.1 μs (Short Mode),1 default and 2 custom user set,16 MB,"Frame counter, offset X/Y, width/height, 노출 시간, gain, black level, line status, sequencer set","Acquisition start/end, exposure start/end, line rise/fall, error",2 counters and 2 timers,"노출 시간, gain","Software trigger, hardware trigger, PTP (IEEE 1588)",GigE Vision v2.0,"CE, KC, FCC, RoHS, REACH, WEEE",-30 to 60°C,-10 to 55°C 주변,"동작: 20% ~ 80%, relative, 비 응축","DIN EN 60068-2-27, DIN EN 60068-2-64,",3 year,PHX023S,ix Industrial,,,,,,,,,,,,,,,,,,,,,,,,,,,,,,,,,,
Lucid Vision,Y,PHX023S-CNF-IX,,"1920 x 1200 px, 2.3 MP",,Sony IMX392 CMOS,7.9 mm (Type 1/2.3″),3.45 µm (H) x 3.45 µm (V),Global Shutter,NF-mount,Color,"1000BASE-T RJ45, PoEix Industrial, PoEFFC, PoE",48.3 FPS (52 FPS) @ 2.3 MP,24 x 24 x 27.35 mm,30 g,8 핀 JST 커넥터,"1 input, 1 output",2 bi-directional,"PoE (IEEE 802.3af), or 12-24 VDC ±5% external","PoE를 통한 3.1W, 외부 전원 공급시 2.5W",128 MB,"Gain, gamma, black level, white balance, LUT, CCM, pixel correction, color space conversion","Mono8/10/12/16, Bayer8/10/12/16, RGB8, BGR8, YCbCr8, YCbCr411, YUV422, YUV411, QOI_Mono8, QOI_BayerRG8, QOI_RGB8, QOI_BGR8, QOI_YCbCr8",QOI,"수평 및 수직 비닝, 서브 샘플링, ROI, 수평 및 수직 뒤집기",12 bit,0 dB ~ 48 dB 아날로그 및 디지털,29.3 μs to 10 s (Normal) / 0.9 μs to 14.1 μs (Short Mode),1 default and 2 custom user set,16 MB,"Frame counter, offset X/Y, width/height, 노출 시간, gain, black level, line status, sequencer set","Acquisition start/end, exposure start/end, line rise/fall, error",2 counters and 2 timers,"노출 시간, gain","Software trigger, hardware trigger, PTP (IEEE 1588)",GigE Vision v2.0,"CE, KC, FCC, RoHS, REACH, WEEE",-30 to 60°C,-10 to 55°C 주변,"동작: 20% ~ 80%, relative, 비 응축","DIN EN 60068-2-27, DIN EN 60068-2-64,",3 year,PHX023S,ix Industrial,,,,,,,,,,,,,,,,,,,,,,,,,,,,,,,,,,
Lucid Vision,Y,PHX023S-MNF-IX,,"1920 x 1200 px, 2.3 MP",,Sony IMX392 CMOS,7.9 mm (Type 1/2.3″),3.45 µm (H) x 3.45 µm (V),Global Shutter,NF-mount,Mono,"1000BASE-T RJ45, PoEix Industrial, PoEFFC, PoE",48.3 FPS (52 FPS) @ 2.3 MP,24 x 24 x 27.35 mm,30 g,8 핀 JST 커넥터,"1 input, 1 output",2 bi-directional,"PoE (IEEE 802.3af), or 12-24 VDC ±5% external","PoE를 통한 3.1W, 외부 전원 공급시 2.5W",128 MB,"Gain, gamma, black level, white balance, LUT, CCM, pixel correction, color space conversion","Mono8/10/12/16, Bayer8/10/12/16, RGB8, BGR8, YCbCr8, YCbCr411, YUV422, YUV411, QOI_Mono8, QOI_BayerRG8, QOI_RGB8, QOI_BGR8, QOI_YCbCr8",QOI,"수평 및 수직 비닝, 서브 샘플링, ROI, 수평 및 수직 뒤집기",12 bit,0 dB ~ 48 dB 아날로그 및 디지털,29.3 μs to 10 s (Normal) / 0.9 μs to 14.1 μs (Short Mode),1 default and 2 custom user set,16 MB,"Frame counter, offset X/Y, width/height, 노출 시간, gain, black level, line status, sequencer set","Acquisition start/end, exposure start/end, line rise/fall, error",2 counters and 2 timers,"노출 시간, gain","Software trigger, hardware trigger, PTP (IEEE 1588)",GigE Vision v2.0,"CE, KC, FCC, RoHS, REACH, WEEE",-30 to 60°C,-10 to 55°C 주변,"동작: 20% ~ 80%, relative, 비 응축","DIN EN 60068-2-27, DIN EN 60068-2-64,",3 year,PHX023S,ix Industrial,,,,,,,,,,,,,,,,,,,,,,,,,,,,,,,,,,
Lucid Vision,N,PHX016S,1.6 MP,"1440 x 1080 px, 1.6 MP",71.6 fps,Sony IMX273 CMOS,6.3 mm (Type 1/2.9″),3.45 µm (H) x 3.45 µm (V),Global Shutter,"C, NF, S, No mount, No mount with flange, C-Mount Extended Head",Mono / Color,"1000BASE-T RJ45, PoEix Industrial, PoEFFC, PoE",71.6 FPS (75.8 FPS) @ 1.6 MP,24 x 24 x 27.35 mm,30 g,8 핀 JST 커넥터,"1 input, 1 output",2 bi-directional,"PoE (IEEE 802.3af), or 12-24 VDC ±5% external","PoE를 통한 3.1W, 외부 전원 공급시 2.5W",128 MB,"Gain, gamma, black level, white balance, LUT, CCM, pixel correction, color space conversion","Mono8/10/12/16, Bayer8/10/12/16, RGB8, BGR8, YCbCr8, YCbCr411, YUV422, YUV411, QOI_Mono8, QOI_BayerRG8, QOI_RGB8, QOI_BGR8, QOI_YCbCr8",QOI,"수평 및 수직 비닝, 서브 샘플링, ROI, 수평 및 수직 뒤집기",12 bit,0 dB ~ 48 dB 아날로그 및 디지털,25 μs to 10 s (Normal) / 0.8 μs to 13.3 μs (Short Mode),1 default and 2 custom user set,16 MB,"Frame counter, offset X/Y, width/height, 노출 시간, gain, black level, line status, sequencer set","Acquisition start/end, exposure start/end, line rise/fall, error",2 counters and 2 timers,"노출 시간, gain","Software trigger, hardware trigger, PTP (IEEE 1588)",GigE Vision v2.0,"CE, KC, FCC, RoHS, REACH, WEEE",-30 to 60°C,-10 to 55°C 주변,"동작: 20% ~ 80%, relative, 비 응축","DIN EN 60068-2-27, DIN EN 60068-2-64,",3 year,,,,,,,,,,,,,,,,,,,,,,,,,,,,,,,,,,,,
Lucid Vision,Y,PHX016S-CC,,"1440 x 1080 px, 1.6 MP",,Sony IMX273 CMOS,6.3 mm (Type 1/2.9″),3.45 µm (H) x 3.45 µm (V),Global Shutter,C-mount,Color,"1000BASE-T RJ45, PoEix Industrial, PoEFFC, PoE",71.6 FPS (75.8 FPS) @ 1.6 MP,24 x 24 x 27.35 mm,30 g,8 핀 JST 커넥터,"1 input, 1 output",2 bi-directional,"PoE (IEEE 802.3af), or 12-24 VDC ±5% external","PoE를 통한 3.1W, 외부 전원 공급시 2.5W",128 MB,"Gain, gamma, black level, white balance, LUT, CCM, pixel correction, color space conversion","Mono8/10/12/16, Bayer8/10/12/16, RGB8, BGR8, YCbCr8, YCbCr411, YUV422, YUV411, QOI_Mono8, QOI_BayerRG8, QOI_RGB8, QOI_BGR8, QOI_YCbCr8",QOI,"수평 및 수직 비닝, 서브 샘플링, ROI, 수평 및 수직 뒤집기",12 bit,0 dB ~ 48 dB 아날로그 및 디지털,25 μs to 10 s (Normal) / 0.8 μs to 13.3 μs (Short Mode),1 default and 2 custom user set,16 MB,"Frame counter, offset X/Y, width/height, 노출 시간, gain, black level, line status, sequencer set","Acquisition start/end, exposure start/end, line rise/fall, error",2 counters and 2 timers,"노출 시간, gain","Software trigger, hardware trigger, PTP (IEEE 1588)",GigE Vision v2.0,"CE, KC, FCC, RoHS, REACH, WEEE",-30 to 60°C,-10 to 55°C 주변,"동작: 20% ~ 80%, relative, 비 응축","DIN EN 60068-2-27, DIN EN 60068-2-64,",3 year,PHX016S,RJ45,,,,,,,,,,,,,,,,,,,,,,,,,,,,,,,,,,
Lucid Vision,Y,PHX016S-MC,,"1440 x 1080 px, 1.6 MP",,Sony IMX273 CMOS,6.3 mm (Type 1/2.9″),3.45 µm (H) x 3.45 µm (V),Global Shutter,C-mount,Mono,"1000BASE-T RJ45, PoEix Industrial, PoEFFC, PoE",71.6 FPS (75.8 FPS) @ 1.6 MP,24 x 24 x 27.35 mm,30 g,8 핀 JST 커넥터,"1 input, 1 output",2 bi-directional,"PoE (IEEE 802.3af), or 12-24 VDC ±5% external","PoE를 통한 3.1W, 외부 전원 공급시 2.5W",128 MB,"Gain, gamma, black level, white balance, LUT, CCM, pixel correction, color space conversion","Mono8/10/12/16, Bayer8/10/12/16, RGB8, BGR8, YCbCr8, YCbCr411, YUV422, YUV411, QOI_Mono8, QOI_BayerRG8, QOI_RGB8, QOI_BGR8, QOI_YCbCr8",QOI,"수평 및 수직 비닝, 서브 샘플링, ROI, 수평 및 수직 뒤집기",12 bit,0 dB ~ 48 dB 아날로그 및 디지털,25 μs to 10 s (Normal) / 0.8 μs to 13.3 μs (Short Mode),1 default and 2 custom user set,16 MB,"Frame counter, offset X/Y, width/height, 노출 시간, gain, black level, line status, sequencer set","Acquisition start/end, exposure start/end, line rise/fall, error",2 counters and 2 timers,"노출 시간, gain","Software trigger, hardware trigger, PTP (IEEE 1588)",GigE Vision v2.0,"CE, KC, FCC, RoHS, REACH, WEEE",-30 to 60°C,-10 to 55°C 주변,"동작: 20% ~ 80%, relative, 비 응축","DIN EN 60068-2-27, DIN EN 60068-2-64,",3 year,PHX016S,RJ45,,,,,,,,,,,,,,,,,,,,,,,,,,,,,,,,,,
Lucid Vision,Y,PHXET016S-CC,,"1440 x 1080 px, 1.6 MP",,Sony IMX273 CMOS,6.3 mm (Type 1/2.9″),3.45 µm (H) x 3.45 µm (V),Global Shutter,C-mount Extended Head,Color,"1000BASE-T RJ45, PoEix Industrial, PoEFFC, PoE",71.6 FPS (75.8 FPS) @ 1.6 MP,24 x 24 x 27.35 mm,30 g,8 핀 JST 커넥터,"1 input, 1 output",2 bi-directional,"PoE (IEEE 802.3af), or 12-24 VDC ±5% external","PoE를 통한 3.1W, 외부 전원 공급시 2.5W",128 MB,"Gain, gamma, black level, white balance, LUT, CCM, pixel correction, color space conversion","Mono8/10/12/16, Bayer8/10/12/16, RGB8, BGR8, YCbCr8, YCbCr411, YUV422, YUV411, QOI_Mono8, QOI_BayerRG8, QOI_RGB8, QOI_BGR8, QOI_YCbCr8",QOI,"수평 및 수직 비닝, 서브 샘플링, ROI, 수평 및 수직 뒤집기",12 bit,0 dB ~ 48 dB 아날로그 및 디지털,25 μs to 10 s (Normal) / 0.8 μs to 13.3 μs (Short Mode),1 default and 2 custom user set,16 MB,"Frame counter, offset X/Y, width/height, 노출 시간, gain, black level, line status, sequencer set","Acquisition start/end, exposure start/end, line rise/fall, error",2 counters and 2 timers,"노출 시간, gain","Software trigger, hardware trigger, PTP (IEEE 1588)",GigE Vision v2.0,"CE, KC, FCC, RoHS, REACH, WEEE",-30 to 60°C,-10 to 55°C 주변,"동작: 20% ~ 80%, relative, 비 응축","DIN EN 60068-2-27, DIN EN 60068-2-64,",3 year,PHX016S,RJ45,,,,,,,,,,,,,,,,,,,,,,,,,,,,,,,,,,
Lucid Vision,Y,PHXET016S-MC,,"1440 x 1080 px, 1.6 MP",,Sony IMX273 CMOS,6.3 mm (Type 1/2.9″),3.45 µm (H) x 3.45 µm (V),Global Shutter,C-mount Extended Head,Mono,"1000BASE-T RJ45, PoEix Industrial, PoEFFC, PoE",71.6 FPS (75.8 FPS) @ 1.6 MP,24 x 24 x 27.35 mm,30 g,8 핀 JST 커넥터,"1 input, 1 output",2 bi-directional,"PoE (IEEE 802.3af), or 12-24 VDC ±5% external","PoE를 통한 3.1W, 외부 전원 공급시 2.5W",128 MB,"Gain, gamma, black level, white balance, LUT, CCM, pixel correction, color space conversion","Mono8/10/12/16, Bayer8/10/12/16, RGB8, BGR8, YCbCr8, YCbCr411, YUV422, YUV411, QOI_Mono8, QOI_BayerRG8, QOI_RGB8, QOI_BGR8, QOI_YCbCr8",QOI,"수평 및 수직 비닝, 서브 샘플링, ROI, 수평 및 수직 뒤집기",12 bit,0 dB ~ 48 dB 아날로그 및 디지털,25 μs to 10 s (Normal) / 0.8 μs to 13.3 μs (Short Mode),1 default and 2 custom user set,16 MB,"Frame counter, offset X/Y, width/height, 노출 시간, gain, black level, line status, sequencer set","Acquisition start/end, exposure start/end, line rise/fall, error",2 counters and 2 timers,"노출 시간, gain","Software trigger, hardware trigger, PTP (IEEE 1588)",GigE Vision v2.0,"CE, KC, FCC, RoHS, REACH, WEEE",-30 to 60°C,-10 to 55°C 주변,"동작: 20% ~ 80%, relative, 비 응축","DIN EN 60068-2-27, DIN EN 60068-2-64,",3 year,PHX016S,RJ45,,,,,,,,,,,,,,,,,,,,,,,,,,,,,,,,,,
Lucid Vision,Y,PHX016S-CNF,,"1440 x 1080 px, 1.6 MP",,Sony IMX273 CMOS,6.3 mm (Type 1/2.9″),3.45 µm (H) x 3.45 µm (V),Global Shutter,NF-mount,Color,"1000BASE-T RJ45, PoEix Industrial, PoEFFC, PoE",71.6 FPS (75.8 FPS) @ 1.6 MP,24 x 24 x 27.35 mm,30 g,8 핀 JST 커넥터,"1 input, 1 output",2 bi-directional,"PoE (IEEE 802.3af), or 12-24 VDC ±5% external","PoE를 통한 3.1W, 외부 전원 공급시 2.5W",128 MB,"Gain, gamma, black level, white balance, LUT, CCM, pixel correction, color space conversion","Mono8/10/12/16, Bayer8/10/12/16, RGB8, BGR8, YCbCr8, YCbCr411, YUV422, YUV411, QOI_Mono8, QOI_BayerRG8, QOI_RGB8, QOI_BGR8, QOI_YCbCr8",QOI,"수평 및 수직 비닝, 서브 샘플링, ROI, 수평 및 수직 뒤집기",12 bit,0 dB ~ 48 dB 아날로그 및 디지털,25 μs to 10 s (Normal) / 0.8 μs to 13.3 μs (Short Mode),1 default and 2 custom user set,16 MB,"Frame counter, offset X/Y, width/height, 노출 시간, gain, black level, line status, sequencer set","Acquisition start/end, exposure start/end, line rise/fall, error",2 counters and 2 timers,"노출 시간, gain","Software trigger, hardware trigger, PTP (IEEE 1588)",GigE Vision v2.0,"CE, KC, FCC, RoHS, REACH, WEEE",-30 to 60°C,-10 to 55°C 주변,"동작: 20% ~ 80%, relative, 비 응축","DIN EN 60068-2-27, DIN EN 60068-2-64,",3 year,PHX016S,RJ45,,,,,,,,,,,,,,,,,,,,,,,,,,,,,,,,,,
Lucid Vision,Y,PHX016S-MNF,,"1440 x 1080 px, 1.6 MP",,Sony IMX273 CMOS,6.3 mm (Type 1/2.9″),3.45 µm (H) x 3.45 µm (V),Global Shutter,NF-mount,Mono,"1000BASE-T RJ45, PoEix Industrial, PoEFFC, PoE",71.6 FPS (75.8 FPS) @ 1.6 MP,24 x 24 x 27.35 mm,30 g,8 핀 JST 커넥터,"1 input, 1 output",2 bi-directional,"PoE (IEEE 802.3af), or 12-24 VDC ±5% external","PoE를 통한 3.1W, 외부 전원 공급시 2.5W",128 MB,"Gain, gamma, black level, white balance, LUT, CCM, pixel correction, color space conversion","Mono8/10/12/16, Bayer8/10/12/16, RGB8, BGR8, YCbCr8, YCbCr411, YUV422, YUV411, QOI_Mono8, QOI_BayerRG8, QOI_RGB8, QOI_BGR8, QOI_YCbCr8",QOI,"수평 및 수직 비닝, 서브 샘플링, ROI, 수평 및 수직 뒤집기",12 bit,0 dB ~ 48 dB 아날로그 및 디지털,25 μs to 10 s (Normal) / 0.8 μs to 13.3 μs (Short Mode),1 default and 2 custom user set,16 MB,"Frame counter, offset X/Y, width/height, 노출 시간, gain, black level, line status, sequencer set","Acquisition start/end, exposure start/end, line rise/fall, error",2 counters and 2 timers,"노출 시간, gain","Software trigger, hardware trigger, PTP (IEEE 1588)",GigE Vision v2.0,"CE, KC, FCC, RoHS, REACH, WEEE",-30 to 60°C,-10 to 55°C 주변,"동작: 20% ~ 80%, relative, 비 응축","DIN EN 60068-2-27, DIN EN 60068-2-64,",3 year,PHX016S,RJ45,,,,,,,,,,,,,,,,,,,,,,,,,,,,,,,,,,
Lucid Vision,Y,PHX016S-CS,,"1440 x 1080 px, 1.6 MP",,Sony IMX273 CMOS,6.3 mm (Type 1/2.9″),3.45 µm (H) x 3.45 µm (V),Global Shutter,S-mount,Color,"1000BASE-T RJ45, PoEix Industrial, PoEFFC, PoE",71.6 FPS (75.8 FPS) @ 1.6 MP,24 x 24 x 27.35 mm,30 g,8 핀 JST 커넥터,"1 input, 1 output",2 bi-directional,"PoE (IEEE 802.3af), or 12-24 VDC ±5% external","PoE를 통한 3.1W, 외부 전원 공급시 2.5W",128 MB,"Gain, gamma, black level, white balance, LUT, CCM, pixel correction, color space conversion","Mono8/10/12/16, Bayer8/10/12/16, RGB8, BGR8, YCbCr8, YCbCr411, YUV422, YUV411, QOI_Mono8, QOI_BayerRG8, QOI_RGB8, QOI_BGR8, QOI_YCbCr8",QOI,"수평 및 수직 비닝, 서브 샘플링, ROI, 수평 및 수직 뒤집기",12 bit,0 dB ~ 48 dB 아날로그 및 디지털,25 μs to 10 s (Normal) / 0.8 μs to 13.3 μs (Short Mode),1 default and 2 custom user set,16 MB,"Frame counter, offset X/Y, width/height, 노출 시간, gain, black level, line status, sequencer set","Acquisition start/end, exposure start/end, line rise/fall, error",2 counters and 2 timers,"노출 시간, gain","Software trigger, hardware trigger, PTP (IEEE 1588)",GigE Vision v2.0,"CE, KC, FCC, RoHS, REACH, WEEE",-30 to 60°C,-10 to 55°C 주변,"동작: 20% ~ 80%, relative, 비 응축","DIN EN 60068-2-27, DIN EN 60068-2-64,",3 year,PHX016S,RJ45,,,,,,,,,,,,,,,,,,,,,,,,,,,,,,,,,,
Lucid Vision,Y,PHX016S-MS,,"1440 x 1080 px, 1.6 MP",,Sony IMX273 CMOS,6.3 mm (Type 1/2.9″),3.45 µm (H) x 3.45 µm (V),Global Shutter,S-mount,Mono,"1000BASE-T RJ45, PoEix Industrial, PoEFFC, PoE",71.6 FPS (75.8 FPS) @ 1.6 MP,24 x 24 x 27.35 mm,30 g,8 핀 JST 커넥터,"1 input, 1 output",2 bi-directional,"PoE (IEEE 802.3af), or 12-24 VDC ±5% external","PoE를 통한 3.1W, 외부 전원 공급시 2.5W",128 MB,"Gain, gamma, black level, white balance, LUT, CCM, pixel correction, color space conversion","Mono8/10/12/16, Bayer8/10/12/16, RGB8, BGR8, YCbCr8, YCbCr411, YUV422, YUV411, QOI_Mono8, QOI_BayerRG8, QOI_RGB8, QOI_BGR8, QOI_YCbCr8",QOI,"수평 및 수직 비닝, 서브 샘플링, ROI, 수평 및 수직 뒤집기",12 bit,0 dB ~ 48 dB 아날로그 및 디지털,25 μs to 10 s (Normal) / 0.8 μs to 13.3 μs (Short Mode),1 default and 2 custom user set,16 MB,"Frame counter, offset X/Y, width/height, 노출 시간, gain, black level, line status, sequencer set","Acquisition start/end, exposure start/end, line rise/fall, error",2 counters and 2 timers,"노출 시간, gain","Software trigger, hardware trigger, PTP (IEEE 1588)",GigE Vision v2.0,"CE, KC, FCC, RoHS, REACH, WEEE",-30 to 60°C,-10 to 55°C 주변,"동작: 20% ~ 80%, relative, 비 응축","DIN EN 60068-2-27, DIN EN 60068-2-64,",3 year,PHX016S,RJ45,,,,,,,,,,,,,,,,,,,,,,,,,,,,,,,,,,
Lucid Vision,Y,PHX016S-CNL,,"1440 x 1080 px, 1.6 MP",,Sony IMX273 CMOS,6.3 mm (Type 1/2.9″),3.45 µm (H) x 3.45 µm (V),Global Shutter,No Lens Mount,Color,"1000BASE-T RJ45, PoEix Industrial, PoEFFC, PoE",71.6 FPS (75.8 FPS) @ 1.6 MP,24 x 24 x 27.35 mm,30 g,8 핀 JST 커넥터,"1 input, 1 output",2 bi-directional,"PoE (IEEE 802.3af), or 12-24 VDC ±5% external","PoE를 통한 3.1W, 외부 전원 공급시 2.5W",128 MB,"Gain, gamma, black level, white balance, LUT, CCM, pixel correction, color space conversion","Mono8/10/12/16, Bayer8/10/12/16, RGB8, BGR8, YCbCr8, YCbCr411, YUV422, YUV411, QOI_Mono8, QOI_BayerRG8, QOI_RGB8, QOI_BGR8, QOI_YCbCr8",QOI,"수평 및 수직 비닝, 서브 샘플링, ROI, 수평 및 수직 뒤집기",12 bit,0 dB ~ 48 dB 아날로그 및 디지털,25 μs to 10 s (Normal) / 0.8 μs to 13.3 μs (Short Mode),1 default and 2 custom user set,16 MB,"Frame counter, offset X/Y, width/height, 노출 시간, gain, black level, line status, sequencer set","Acquisition start/end, exposure start/end, line rise/fall, error",2 counters and 2 timers,"노출 시간, gain","Software trigger, hardware trigger, PTP (IEEE 1588)",GigE Vision v2.0,"CE, KC, FCC, RoHS, REACH, WEEE",-30 to 60°C,-10 to 55°C 주변,"동작: 20% ~ 80%, relative, 비 응축","DIN EN 60068-2-27, DIN EN 60068-2-64,",3 year,PHX016S,RJ45,,,,,,,,,,,,,,,,,,,,,,,,,,,,,,,,,,
Lucid Vision,Y,PHX016S-MNL,,"1440 x 1080 px, 1.6 MP",,Sony IMX273 CMOS,6.3 mm (Type 1/2.9″),3.45 µm (H) x 3.45 µm (V),Global Shutter,No Lens Mount,Mono,"1000BASE-T RJ45, PoEix Industrial, PoEFFC, PoE",71.6 FPS (75.8 FPS) @ 1.6 MP,24 x 24 x 27.35 mm,30 g,8 핀 JST 커넥터,"1 input, 1 output",2 bi-directional,"PoE (IEEE 802.3af), or 12-24 VDC ±5% external","PoE를 통한 3.1W, 외부 전원 공급시 2.5W",128 MB,"Gain, gamma, black level, white balance, LUT, CCM, pixel correction, color space conversion","Mono8/10/12/16, Bayer8/10/12/16, RGB8, BGR8, YCbCr8, YCbCr411, YUV422, YUV411, QOI_Mono8, QOI_BayerRG8, QOI_RGB8, QOI_BGR8, QOI_YCbCr8",QOI,"수평 및 수직 비닝, 서브 샘플링, ROI, 수평 및 수직 뒤집기",12 bit,0 dB ~ 48 dB 아날로그 및 디지털,25 μs to 10 s (Normal) / 0.8 μs to 13.3 μs (Short Mode),1 default and 2 custom user set,16 MB,"Frame counter, offset X/Y, width/height, 노출 시간, gain, black level, line status, sequencer set","Acquisition start/end, exposure start/end, line rise/fall, error",2 counters and 2 timers,"노출 시간, gain","Software trigger, hardware trigger, PTP (IEEE 1588)",GigE Vision v2.0,"CE, KC, FCC, RoHS, REACH, WEEE",-30 to 60°C,-10 to 55°C 주변,"동작: 20% ~ 80%, relative, 비 응축","DIN EN 60068-2-27, DIN EN 60068-2-64,",3 year,PHX016S,RJ45,,,,,,,,,,,,,,,,,,,,,,,,,,,,,,,,,,
Lucid Vision,Y,PHX016S-CNLF,,"1440 x 1080 px, 1.6 MP",,Sony IMX273 CMOS,6.3 mm (Type 1/2.9″),3.45 µm (H) x 3.45 µm (V),Global Shutter,No Lens Mount with Flange,Color,"1000BASE-T RJ45, PoEix Industrial, PoEFFC, PoE",71.6 FPS (75.8 FPS) @ 1.6 MP,24 x 24 x 27.35 mm,30 g,8 핀 JST 커넥터,"1 input, 1 output",2 bi-directional,"PoE (IEEE 802.3af), or 12-24 VDC ±5% external","PoE를 통한 3.1W, 외부 전원 공급시 2.5W",128 MB,"Gain, gamma, black level, white balance, LUT, CCM, pixel correction, color space conversion","Mono8/10/12/16, Bayer8/10/12/16, RGB8, BGR8, YCbCr8, YCbCr411, YUV422, YUV411, QOI_Mono8, QOI_BayerRG8, QOI_RGB8, QOI_BGR8, QOI_YCbCr8",QOI,"수평 및 수직 비닝, 서브 샘플링, ROI, 수평 및 수직 뒤집기",12 bit,0 dB ~ 48 dB 아날로그 및 디지털,25 μs to 10 s (Normal) / 0.8 μs to 13.3 μs (Short Mode),1 default and 2 custom user set,16 MB,"Frame counter, offset X/Y, width/height, 노출 시간, gain, black level, line status, sequencer set","Acquisition start/end, exposure start/end, line rise/fall, error",2 counters and 2 timers,"노출 시간, gain","Software trigger, hardware trigger, PTP (IEEE 1588)",GigE Vision v2.0,"CE, KC, FCC, RoHS, REACH, WEEE",-30 to 60°C,-10 to 55°C 주변,"동작: 20% ~ 80%, relative, 비 응축","DIN EN 60068-2-27, DIN EN 60068-2-64,",3 year,PHX016S,RJ45,,,,,,,,,,,,,,,,,,,,,,,,,,,,,,,,,,
Lucid Vision,Y,PHX016S-MNLF,,"1440 x 1080 px, 1.6 MP",,Sony IMX273 CMOS,6.3 mm (Type 1/2.9″),3.45 µm (H) x 3.45 µm (V),Global Shutter,No Lens Mount with Flange,Mono,"1000BASE-T RJ45, PoEix Industrial, PoEFFC, PoE",71.6 FPS (75.8 FPS) @ 1.6 MP,24 x 24 x 27.35 mm,30 g,8 핀 JST 커넥터,"1 input, 1 output",2 bi-directional,"PoE (IEEE 802.3af), or 12-24 VDC ±5% external","PoE를 통한 3.1W, 외부 전원 공급시 2.5W",128 MB,"Gain, gamma, black level, white balance, LUT, CCM, pixel correction, color space conversion","Mono8/10/12/16, Bayer8/10/12/16, RGB8, BGR8, YCbCr8, YCbCr411, YUV422, YUV411, QOI_Mono8, QOI_BayerRG8, QOI_RGB8, QOI_BGR8, QOI_YCbCr8",QOI,"수평 및 수직 비닝, 서브 샘플링, ROI, 수평 및 수직 뒤집기",12 bit,0 dB ~ 48 dB 아날로그 및 디지털,25 μs to 10 s (Normal) / 0.8 μs to 13.3 μs (Short Mode),1 default and 2 custom user set,16 MB,"Frame counter, offset X/Y, width/height, 노출 시간, gain, black level, line status, sequencer set","Acquisition start/end, exposure start/end, line rise/fall, error",2 counters and 2 timers,"노출 시간, gain","Software trigger, hardware trigger, PTP (IEEE 1588)",GigE Vision v2.0,"CE, KC, FCC, RoHS, REACH, WEEE",-30 to 60°C,-10 to 55°C 주변,"동작: 20% ~ 80%, relative, 비 응축","DIN EN 60068-2-27, DIN EN 60068-2-64,",3 year,PHX016S,RJ45,,,,,,,,,,,,,,,,,,,,,,,,,,,,,,,,,,
Lucid Vision,Y,PHX016S-CC-IX,,"1440 x 1080 px, 1.6 MP",,Sony IMX273 CMOS,6.3 mm (Type 1/2.9″),3.45 µm (H) x 3.45 µm (V),Global Shutter,C-mount,Color,"1000BASE-T RJ45, PoEix Industrial, PoEFFC, PoE",71.6 FPS (75.8 FPS) @ 1.6 MP,24 x 24 x 27.35 mm,30 g,8 핀 JST 커넥터,"1 input, 1 output",2 bi-directional,"PoE (IEEE 802.3af), or 12-24 VDC ±5% external","PoE를 통한 3.1W, 외부 전원 공급시 2.5W",128 MB,"Gain, gamma, black level, white balance, LUT, CCM, pixel correction, color space conversion","Mono8/10/12/16, Bayer8/10/12/16, RGB8, BGR8, YCbCr8, YCbCr411, YUV422, YUV411, QOI_Mono8, QOI_BayerRG8, QOI_RGB8, QOI_BGR8, QOI_YCbCr8",QOI,"수평 및 수직 비닝, 서브 샘플링, ROI, 수평 및 수직 뒤집기",12 bit,0 dB ~ 48 dB 아날로그 및 디지털,25 μs to 10 s (Normal) / 0.8 μs to 13.3 μs (Short Mode),1 default and 2 custom user set,16 MB,"Frame counter, offset X/Y, width/height, 노출 시간, gain, black level, line status, sequencer set","Acquisition start/end, exposure start/end, line rise/fall, error",2 counters and 2 timers,"노출 시간, gain","Software trigger, hardware trigger, PTP (IEEE 1588)",GigE Vision v2.0,"CE, KC, FCC, RoHS, REACH, WEEE",-30 to 60°C,-10 to 55°C 주변,"동작: 20% ~ 80%, relative, 비 응축","DIN EN 60068-2-27, DIN EN 60068-2-64,",3 year,PHX016S,ix Industrial,,,,,,,,,,,,,,,,,,,,,,,,,,,,,,,,,,
Lucid Vision,Y,PHX016S-MC-IX,,"1440 x 1080 px, 1.6 MP",,Sony IMX273 CMOS,6.3 mm (Type 1/2.9″),3.45 µm (H) x 3.45 µm (V),Global Shutter,C-mount,Mono,"1000BASE-T RJ45, PoEix Industrial, PoEFFC, PoE",71.6 FPS (75.8 FPS) @ 1.6 MP,24 x 24 x 27.35 mm,30 g,8 핀 JST 커넥터,"1 input, 1 output",2 bi-directional,"PoE (IEEE 802.3af), or 12-24 VDC ±5% external","PoE를 통한 3.1W, 외부 전원 공급시 2.5W",128 MB,"Gain, gamma, black level, white balance, LUT, CCM, pixel correction, color space conversion","Mono8/10/12/16, Bayer8/10/12/16, RGB8, BGR8, YCbCr8, YCbCr411, YUV422, YUV411, QOI_Mono8, QOI_BayerRG8, QOI_RGB8, QOI_BGR8, QOI_YCbCr8",QOI,"수평 및 수직 비닝, 서브 샘플링, ROI, 수평 및 수직 뒤집기",12 bit,0 dB ~ 48 dB 아날로그 및 디지털,25 μs to 10 s (Normal) / 0.8 μs to 13.3 μs (Short Mode),1 default and 2 custom user set,16 MB,"Frame counter, offset X/Y, width/height, 노출 시간, gain, black level, line status, sequencer set","Acquisition start/end, exposure start/end, line rise/fall, error",2 counters and 2 timers,"노출 시간, gain","Software trigger, hardware trigger, PTP (IEEE 1588)",GigE Vision v2.0,"CE, KC, FCC, RoHS, REACH, WEEE",-30 to 60°C,-10 to 55°C 주변,"동작: 20% ~ 80%, relative, 비 응축","DIN EN 60068-2-27, DIN EN 60068-2-64,",3 year,PHX016S,ix Industrial,,,,,,,,,,,,,,,,,,,,,,,,,,,,,,,,,,
Lucid Vision,Y,PHX016S-CNF-IX,,"1440 x 1080 px, 1.6 MP",,Sony IMX273 CMOS,6.3 mm (Type 1/2.9″),3.45 µm (H) x 3.45 µm (V),Global Shutter,NF-mount,Color,"1000BASE-T RJ45, PoEix Industrial, PoEFFC, PoE",71.6 FPS (75.8 FPS) @ 1.6 MP,24 x 24 x 27.35 mm,30 g,8 핀 JST 커넥터,"1 input, 1 output",2 bi-directional,"PoE (IEEE 802.3af), or 12-24 VDC ±5% external","PoE를 통한 3.1W, 외부 전원 공급시 2.5W",128 MB,"Gain, gamma, black level, white balance, LUT, CCM, pixel correction, color space conversion","Mono8/10/12/16, Bayer8/10/12/16, RGB8, BGR8, YCbCr8, YCbCr411, YUV422, YUV411, QOI_Mono8, QOI_BayerRG8, QOI_RGB8, QOI_BGR8, QOI_YCbCr8",QOI,"수평 및 수직 비닝, 서브 샘플링, ROI, 수평 및 수직 뒤집기",12 bit,0 dB ~ 48 dB 아날로그 및 디지털,25 μs to 10 s (Normal) / 0.8 μs to 13.3 μs (Short Mode),1 default and 2 custom user set,16 MB,"Frame counter, offset X/Y, width/height, 노출 시간, gain, black level, line status, sequencer set","Acquisition start/end, exposure start/end, line rise/fall, error",2 counters and 2 timers,"노출 시간, gain","Software trigger, hardware trigger, PTP (IEEE 1588)",GigE Vision v2.0,"CE, KC, FCC, RoHS, REACH, WEEE",-30 to 60°C,-10 to 55°C 주변,"동작: 20% ~ 80%, relative, 비 응축","DIN EN 60068-2-27, DIN EN 60068-2-64,",3 year,PHX016S,ix Industrial,,,,,,,,,,,,,,,,,,,,,,,,,,,,,,,,,,
Lucid Vision,Y,PHX016S-MNF-IX,,"1440 x 1080 px, 1.6 MP",,Sony IMX273 CMOS,6.3 mm (Type 1/2.9″),3.45 µm (H) x 3.45 µm (V),Global Shutter,NF-mount,Mono,"1000BASE-T RJ45, PoEix Industrial, PoEFFC, PoE",71.6 FPS (75.8 FPS) @ 1.6 MP,24 x 24 x 27.35 mm,30 g,8 핀 JST 커넥터,"1 input, 1 output",2 bi-directional,"PoE (IEEE 802.3af), or 12-24 VDC ±5% external","PoE를 통한 3.1W, 외부 전원 공급시 2.5W",128 MB,"Gain, gamma, black level, white balance, LUT, CCM, pixel correction, color space conversion","Mono8/10/12/16, Bayer8/10/12/16, RGB8, BGR8, YCbCr8, YCbCr411, YUV422, YUV411, QOI_Mono8, QOI_BayerRG8, QOI_RGB8, QOI_BGR8, QOI_YCbCr8",QOI,"수평 및 수직 비닝, 서브 샘플링, ROI, 수평 및 수직 뒤집기",12 bit,0 dB ~ 48 dB 아날로그 및 디지털,25 μs to 10 s (Normal) / 0.8 μs to 13.3 μs (Short Mode),1 default and 2 custom user set,16 MB,"Frame counter, offset X/Y, width/height, 노출 시간, gain, black level, line status, sequencer set","Acquisition start/end, exposure start/end, line rise/fall, error",2 counters and 2 timers,"노출 시간, gain","Software trigger, hardware trigger, PTP (IEEE 1588)",GigE Vision v2.0,"CE, KC, FCC, RoHS, REACH, WEEE",-30 to 60°C,-10 to 55°C 주변,"동작: 20% ~ 80%, relative, 비 응축","DIN EN 60068-2-27, DIN EN 60068-2-64,",3 year,PHX016S,ix Industrial,,,,,,,,,,,,,,,,,,,,,,,,,,,,,,,,,,
Lucid Vision,N,PHX004S,0.4 MP,"720 x 540 px, 0.4 MP",286 fps,Sony IMX287 CMOS,6.3 mm (Type 1/2.9″),6.9 µm (H) x 6.9 µm (V),Global Shutter,"C, NF, S, No Mount",Mono / Color,"1000BASE-T RJ45, PoEix Industrial, PoEFFC, PoE",286 FPS (291 FPS) @ 0.4 MP,24 x 24 x 27.35 mm,30 g,8 핀 JST 커넥터,"1 input, 1 output",2 bi-directional,"PoE (IEEE 802.3af), or 12-24 VDC ±5% external","PoE를 통한 3.1W, 외부 전원 공급시 2.5W",128 MB,"Gain, gamma, black level, white balance, LUT, CCM, pixel correction, color space conversion","Mono8/10/12/16, Bayer8/10/12/16, RGB8, BGR8, YCbCr8, YCbCr411, YUV422, YUV411, QOI_Mono8, QOI_BayerRG8, QOI_RGB8, QOI_BGR8, QOI_YCbCr8",QOI,"수평 및 수직 비닝, 서브 샘플링, ROI, 수평 및 수직 뒤집기",12 bit,0 dB ~ 48 dB 아날로그 및 디지털,20 μs ~ 10 s (Normal) / 0.8 μs ~ 13.3 μs (Short Mode),1 default and 2 custom user set,16 MB,"Frame counter, offset X/Y, width/height, 노출 시간, gain, black level, line status, sequencer set","Acquisition start/end, exposure start/end, line rise/fall, error",2 counters and 2 timers,"노출 시간, gain","Software trigger, hardware trigger, PTP (IEEE 1588)",GigE Vision v2.0,"CE, KC, FCC, RoHS, REACH, WEEE",-30 to 60°C,-10 to 55°C 주변,"동작: 20% ~ 80%, relative, 비 응축","DIN EN 60068-2-27, DIN EN 60068-2-64,",3 year,,,,,,,,,,,,,,,,,,,,,,,,,,,,,,,,,,,,
Lucid Vision,Y,PHX004S-CC,,"720 x 540 px, 0.4 MP",,Sony IMX287 CMOS,6.3 mm (Type 1/2.9″),6.9 µm (H) x 6.9 µm (V),Global Shutter,C-mount,Color,"1000BASE-T RJ45, PoEix Industrial, PoEFFC, PoE",286 FPS (291 FPS) @ 0.4 MP,24 x 24 x 27.35 mm,30 g,8 핀 JST 커넥터,"1 input, 1 output",2 bi-directional,"PoE (IEEE 802.3af), or 12-24 VDC ±5% external","PoE를 통한 3.1W, 외부 전원 공급시 2.5W",128 MB,"Gain, gamma, black level, white balance, LUT, CCM, pixel correction, color space conversion","Mono8/10/12/16, Bayer8/10/12/16, RGB8, BGR8, YCbCr8, YCbCr411, YUV422, YUV411, QOI_Mono8, QOI_BayerRG8, QOI_RGB8, QOI_BGR8, QOI_YCbCr8",QOI,"수평 및 수직 비닝, 서브 샘플링, ROI, 수평 및 수직 뒤집기",12 bit,0 dB ~ 48 dB 아날로그 및 디지털,20 μs ~ 10 s (Normal) / 0.8 μs ~ 13.3 μs (Short Mode),1 default and 2 custom user set,16 MB,"Frame counter, offset X/Y, width/height, 노출 시간, gain, black level, line status, sequencer set","Acquisition start/end, exposure start/end, line rise/fall, error",2 counters and 2 timers,"노출 시간, gain","Software trigger, hardware trigger, PTP (IEEE 1588)",GigE Vision v2.0,"CE, KC, FCC, RoHS, REACH, WEEE",-30 to 60°C,-10 to 55°C 주변,"동작: 20% ~ 80%, relative, 비 응축","DIN EN 60068-2-27, DIN EN 60068-2-64,",3 year,PHX004S,RJ45,,,,,,,,,,,,,,,,,,,,,,,,,,,,,,,,,,
Lucid Vision,Y,PHX004S-MC,,"720 x 540 px, 0.4 MP",,Sony IMX287 CMOS,6.3 mm (Type 1/2.9″),6.9 µm (H) x 6.9 µm (V),Global Shutter,C-mount,Mono,"1000BASE-T RJ45, PoEix Industrial, PoEFFC, PoE",286 FPS (291 FPS) @ 0.4 MP,24 x 24 x 27.35 mm,30 g,8 핀 JST 커넥터,"1 input, 1 output",2 bi-directional,"PoE (IEEE 802.3af), or 12-24 VDC ±5% external","PoE를 통한 3.1W, 외부 전원 공급시 2.5W",128 MB,"Gain, gamma, black level, white balance, LUT, CCM, pixel correction, color space conversion","Mono8/10/12/16, Bayer8/10/12/16, RGB8, BGR8, YCbCr8, YCbCr411, YUV422, YUV411, QOI_Mono8, QOI_BayerRG8, QOI_RGB8, QOI_BGR8, QOI_YCbCr8",QOI,"수평 및 수직 비닝, 서브 샘플링, ROI, 수평 및 수직 뒤집기",12 bit,0 dB ~ 48 dB 아날로그 및 디지털,20 μs ~ 10 s (Normal) / 0.8 μs ~ 13.3 μs (Short Mode),1 default and 2 custom user set,16 MB,"Frame counter, offset X/Y, width/height, 노출 시간, gain, black level, line status, sequencer set","Acquisition start/end, exposure start/end, line rise/fall, error",2 counters and 2 timers,"노출 시간, gain","Software trigger, hardware trigger, PTP (IEEE 1588)",GigE Vision v2.0,"CE, KC, FCC, RoHS, REACH, WEEE",-30 to 60°C,-10 to 55°C 주변,"동작: 20% ~ 80%, relative, 비 응축","DIN EN 60068-2-27, DIN EN 60068-2-64,",3 year,PHX004S,RJ45,,,,,,,,,,,,,,,,,,,,,,,,,,,,,,,,,,
Lucid Vision,Y,PHXET004S-CC,,"720 x 540 px, 0.4 MP",,Sony IMX287 CMOS,6.3 mm (Type 1/2.9″),6.9 µm (H) x 6.9 µm (V),Global Shutter,C-mount Extended Head,Color,"1000BASE-T RJ45, PoEix Industrial, PoEFFC, PoE",286 FPS (291 FPS) @ 0.4 MP,24 x 24 x 27.35 mm,30 g,8 핀 JST 커넥터,"1 input, 1 output",2 bi-directional,"PoE (IEEE 802.3af), or 12-24 VDC ±5% external","PoE를 통한 3.1W, 외부 전원 공급시 2.5W",128 MB,"Gain, gamma, black level, white balance, LUT, CCM, pixel correction, color space conversion","Mono8/10/12/16, Bayer8/10/12/16, RGB8, BGR8, YCbCr8, YCbCr411, YUV422, YUV411, QOI_Mono8, QOI_BayerRG8, QOI_RGB8, QOI_BGR8, QOI_YCbCr8",QOI,"수평 및 수직 비닝, 서브 샘플링, ROI, 수평 및 수직 뒤집기",12 bit,0 dB ~ 48 dB 아날로그 및 디지털,20 μs ~ 10 s (Normal) / 0.8 μs ~ 13.3 μs (Short Mode),1 default and 2 custom user set,16 MB,"Frame counter, offset X/Y, width/height, 노출 시간, gain, black level, line status, sequencer set","Acquisition start/end, exposure start/end, line rise/fall, error",2 counters and 2 timers,"노출 시간, gain","Software trigger, hardware trigger, PTP (IEEE 1588)",GigE Vision v2.0,"CE, KC, FCC, RoHS, REACH, WEEE",-30 to 60°C,-10 to 55°C 주변,"동작: 20% ~ 80%, relative, 비 응축","DIN EN 60068-2-27, DIN EN 60068-2-64,",3 year,PHX004S,RJ45,,,,,,,,,,,,,,,,,,,,,,,,,,,,,,,,,,
Lucid Vision,Y,PHXET004S-MC,,"720 x 540 px, 0.4 MP",,Sony IMX287 CMOS,6.3 mm (Type 1/2.9″),6.9 µm (H) x 6.9 µm (V),Global Shutter,C-mount Extended Head,Mono,"1000BASE-T RJ45, PoEix Industrial, PoEFFC, PoE",286 FPS (291 FPS) @ 0.4 MP,24 x 24 x 27.35 mm,30 g,8 핀 JST 커넥터,"1 input, 1 output",2 bi-directional,"PoE (IEEE 802.3af), or 12-24 VDC ±5% external","PoE를 통한 3.1W, 외부 전원 공급시 2.5W",128 MB,"Gain, gamma, black level, white balance, LUT, CCM, pixel correction, color space conversion","Mono8/10/12/16, Bayer8/10/12/16, RGB8, BGR8, YCbCr8, YCbCr411, YUV422, YUV411, QOI_Mono8, QOI_BayerRG8, QOI_RGB8, QOI_BGR8, QOI_YCbCr8",QOI,"수평 및 수직 비닝, 서브 샘플링, ROI, 수평 및 수직 뒤집기",12 bit,0 dB ~ 48 dB 아날로그 및 디지털,20 μs ~ 10 s (Normal) / 0.8 μs ~ 13.3 μs (Short Mode),1 default and 2 custom user set,16 MB,"Frame counter, offset X/Y, width/height, 노출 시간, gain, black level, line status, sequencer set","Acquisition start/end, exposure start/end, line rise/fall, error",2 counters and 2 timers,"노출 시간, gain","Software trigger, hardware trigger, PTP (IEEE 1588)",GigE Vision v2.0,"CE, KC, FCC, RoHS, REACH, WEEE",-30 to 60°C,-10 to 55°C 주변,"동작: 20% ~ 80%, relative, 비 응축","DIN EN 60068-2-27, DIN EN 60068-2-64,",3 year,PHX004S,RJ45,,,,,,,,,,,,,,,,,,,,,,,,,,,,,,,,,,
Lucid Vision,Y,PHX004S-CNF,,"720 x 540 px, 0.4 MP",,Sony IMX287 CMOS,6.3 mm (Type 1/2.9″),6.9 µm (H) x 6.9 µm (V),Global Shutter,NF-mount,Color,"1000BASE-T RJ45, PoEix Industrial, PoEFFC, PoE",286 FPS (291 FPS) @ 0.4 MP,24 x 24 x 27.35 mm,30 g,8 핀 JST 커넥터,"1 input, 1 output",2 bi-directional,"PoE (IEEE 802.3af), or 12-24 VDC ±5% external","PoE를 통한 3.1W, 외부 전원 공급시 2.5W",128 MB,"Gain, gamma, black level, white balance, LUT, CCM, pixel correction, color space conversion","Mono8/10/12/16, Bayer8/10/12/16, RGB8, BGR8, YCbCr8, YCbCr411, YUV422, YUV411, QOI_Mono8, QOI_BayerRG8, QOI_RGB8, QOI_BGR8, QOI_YCbCr8",QOI,"수평 및 수직 비닝, 서브 샘플링, ROI, 수평 및 수직 뒤집기",12 bit,0 dB ~ 48 dB 아날로그 및 디지털,20 μs ~ 10 s (Normal) / 0.8 μs ~ 13.3 μs (Short Mode),1 default and 2 custom user set,16 MB,"Frame counter, offset X/Y, width/height, 노출 시간, gain, black level, line status, sequencer set","Acquisition start/end, exposure start/end, line rise/fall, error",2 counters and 2 timers,"노출 시간, gain","Software trigger, hardware trigger, PTP (IEEE 1588)",GigE Vision v2.0,"CE, KC, FCC, RoHS, REACH, WEEE",-30 to 60°C,-10 to 55°C 주변,"동작: 20% ~ 80%, relative, 비 응축","DIN EN 60068-2-27, DIN EN 60068-2-64,",3 year,PHX004S,RJ45,,,,,,,,,,,,,,,,,,,,,,,,,,,,,,,,,,
Lucid Vision,Y,PHX004S-MNF,,"720 x 540 px, 0.4 MP",,Sony IMX287 CMOS,6.3 mm (Type 1/2.9″),6.9 µm (H) x 6.9 µm (V),Global Shutter,NF-mount,Mono,"1000BASE-T RJ45, PoEix Industrial, PoEFFC, PoE",286 FPS (291 FPS) @ 0.4 MP,24 x 24 x 27.35 mm,30 g,8 핀 JST 커넥터,"1 input, 1 output",2 bi-directional,"PoE (IEEE 802.3af), or 12-24 VDC ±5% external","PoE를 통한 3.1W, 외부 전원 공급시 2.5W",128 MB,"Gain, gamma, black level, white balance, LUT, CCM, pixel correction, color space conversion","Mono8/10/12/16, Bayer8/10/12/16, RGB8, BGR8, YCbCr8, YCbCr411, YUV422, YUV411, QOI_Mono8, QOI_BayerRG8, QOI_RGB8, QOI_BGR8, QOI_YCbCr8",QOI,"수평 및 수직 비닝, 서브 샘플링, ROI, 수평 및 수직 뒤집기",12 bit,0 dB ~ 48 dB 아날로그 및 디지털,20 μs ~ 10 s (Normal) / 0.8 μs ~ 13.3 μs (Short Mode),1 default and 2 custom user set,16 MB,"Frame counter, offset X/Y, width/height, 노출 시간, gain, black level, line status, sequencer set","Acquisition start/end, exposure start/end, line rise/fall, error",2 counters and 2 timers,"노출 시간, gain","Software trigger, hardware trigger, PTP (IEEE 1588)",GigE Vision v2.0,"CE, KC, FCC, RoHS, REACH, WEEE",-30 to 60°C,-10 to 55°C 주변,"동작: 20% ~ 80%, relative, 비 응축","DIN EN 60068-2-27, DIN EN 60068-2-64,",3 year,PHX004S,RJ45,,,,,,,,,,,,,,,,,,,,,,,,,,,,,,,,,,
Lucid Vision,Y,PHX004S-CS,,"720 x 540 px, 0.4 MP",,Sony IMX287 CMOS,6.3 mm (Type 1/2.9″),6.9 µm (H) x 6.9 µm (V),Global Shutter,S-mount,Color,"1000BASE-T RJ45, PoEix Industrial, PoEFFC, PoE",286 FPS (291 FPS) @ 0.4 MP,24 x 24 x 27.35 mm,30 g,8 핀 JST 커넥터,"1 input, 1 output",2 bi-directional,"PoE (IEEE 802.3af), or 12-24 VDC ±5% external","PoE를 통한 3.1W, 외부 전원 공급시 2.5W",128 MB,"Gain, gamma, black level, white balance, LUT, CCM, pixel correction, color space conversion","Mono8/10/12/16, Bayer8/10/12/16, RGB8, BGR8, YCbCr8, YCbCr411, YUV422, YUV411, QOI_Mono8, QOI_BayerRG8, QOI_RGB8, QOI_BGR8, QOI_YCbCr8",QOI,"수평 및 수직 비닝, 서브 샘플링, ROI, 수평 및 수직 뒤집기",12 bit,0 dB ~ 48 dB 아날로그 및 디지털,20 μs ~ 10 s (Normal) / 0.8 μs ~ 13.3 μs (Short Mode),1 default and 2 custom user set,16 MB,"Frame counter, offset X/Y, width/height, 노출 시간, gain, black level, line status, sequencer set","Acquisition start/end, exposure start/end, line rise/fall, error",2 counters and 2 timers,"노출 시간, gain","Software trigger, hardware trigger, PTP (IEEE 1588)",GigE Vision v2.0,"CE, KC, FCC, RoHS, REACH, WEEE",-30 to 60°C,-10 to 55°C 주변,"동작: 20% ~ 80%, relative, 비 응축","DIN EN 60068-2-27, DIN EN 60068-2-64,",3 year,PHX004S,RJ45,,,,,,,,,,,,,,,,,,,,,,,,,,,,,,,,,,
Lucid Vision,Y,PHX004S-MS,,"720 x 540 px, 0.4 MP",,Sony IMX287 CMOS,6.3 mm (Type 1/2.9″),6.9 µm (H) x 6.9 µm (V),Global Shutter,S-mount,Mono,"1000BASE-T RJ45, PoEix Industrial, PoEFFC, PoE",286 FPS (291 FPS) @ 0.4 MP,24 x 24 x 27.35 mm,30 g,8 핀 JST 커넥터,"1 input, 1 output",2 bi-directional,"PoE (IEEE 802.3af), or 12-24 VDC ±5% external","PoE를 통한 3.1W, 외부 전원 공급시 2.5W",128 MB,"Gain, gamma, black level, white balance, LUT, CCM, pixel correction, color space conversion","Mono8/10/12/16, Bayer8/10/12/16, RGB8, BGR8, YCbCr8, YCbCr411, YUV422, YUV411, QOI_Mono8, QOI_BayerRG8, QOI_RGB8, QOI_BGR8, QOI_YCbCr8",QOI,"수평 및 수직 비닝, 서브 샘플링, ROI, 수평 및 수직 뒤집기",12 bit,0 dB ~ 48 dB 아날로그 및 디지털,20 μs ~ 10 s (Normal) / 0.8 μs ~ 13.3 μs (Short Mode),1 default and 2 custom user set,16 MB,"Frame counter, offset X/Y, width/height, 노출 시간, gain, black level, line status, sequencer set","Acquisition start/end, exposure start/end, line rise/fall, error",2 counters and 2 timers,"노출 시간, gain","Software trigger, hardware trigger, PTP (IEEE 1588)",GigE Vision v2.0,"CE, KC, FCC, RoHS, REACH, WEEE",-30 to 60°C,-10 to 55°C 주변,"동작: 20% ~ 80%, relative, 비 응축","DIN EN 60068-2-27, DIN EN 60068-2-64,",3 year,PHX004S,RJ45,,,,,,,,,,,,,,,,,,,,,,,,,,,,,,,,,,
Lucid Vision,Y,PHX004S-CNL,,"720 x 540 px, 0.4 MP",,Sony IMX287 CMOS,6.3 mm (Type 1/2.9″),6.9 µm (H) x 6.9 µm (V),Global Shutter,No Lens Mount,Color,"1000BASE-T RJ45, PoEix Industrial, PoEFFC, PoE",286 FPS (291 FPS) @ 0.4 MP,24 x 24 x 27.35 mm,30 g,8 핀 JST 커넥터,"1 input, 1 output",2 bi-directional,"PoE (IEEE 802.3af), or 12-24 VDC ±5% external","PoE를 통한 3.1W, 외부 전원 공급시 2.5W",128 MB,"Gain, gamma, black level, white balance, LUT, CCM, pixel correction, color space conversion","Mono8/10/12/16, Bayer8/10/12/16, RGB8, BGR8, YCbCr8, YCbCr411, YUV422, YUV411, QOI_Mono8, QOI_BayerRG8, QOI_RGB8, QOI_BGR8, QOI_YCbCr8",QOI,"수평 및 수직 비닝, 서브 샘플링, ROI, 수평 및 수직 뒤집기",12 bit,0 dB ~ 48 dB 아날로그 및 디지털,20 μs ~ 10 s (Normal) / 0.8 μs ~ 13.3 μs (Short Mode),1 default and 2 custom user set,16 MB,"Frame counter, offset X/Y, width/height, 노출 시간, gain, black level, line status, sequencer set","Acquisition start/end, exposure start/end, line rise/fall, error",2 counters and 2 timers,"노출 시간, gain","Software trigger, hardware trigger, PTP (IEEE 1588)",GigE Vision v2.0,"CE, KC, FCC, RoHS, REACH, WEEE",-30 to 60°C,-10 to 55°C 주변,"동작: 20% ~ 80%, relative, 비 응축","DIN EN 60068-2-27, DIN EN 60068-2-64,",3 year,PHX004S,RJ45,,,,,,,,,,,,,,,,,,,,,,,,,,,,,,,,,,
Lucid Vision,Y,PHX004S-MNL,,"720 x 540 px, 0.4 MP",,Sony IMX287 CMOS,6.3 mm (Type 1/2.9″),6.9 µm (H) x 6.9 µm (V),Global Shutter,No Lens Mount,Mono,"1000BASE-T RJ45, PoEix Industrial, PoEFFC, PoE",286 FPS (291 FPS) @ 0.4 MP,24 x 24 x 27.35 mm,30 g,8 핀 JST 커넥터,"1 input, 1 output",2 bi-directional,"PoE (IEEE 802.3af), or 12-24 VDC ±5% external","PoE를 통한 3.1W, 외부 전원 공급시 2.5W",128 MB,"Gain, gamma, black level, white balance, LUT, CCM, pixel correction, color space conversion","Mono8/10/12/16, Bayer8/10/12/16, RGB8, BGR8, YCbCr8, YCbCr411, YUV422, YUV411, QOI_Mono8, QOI_BayerRG8, QOI_RGB8, QOI_BGR8, QOI_YCbCr8",QOI,"수평 및 수직 비닝, 서브 샘플링, ROI, 수평 및 수직 뒤집기",12 bit,0 dB ~ 48 dB 아날로그 및 디지털,20 μs ~ 10 s (Normal) / 0.8 μs ~ 13.3 μs (Short Mode),1 default and 2 custom user set,16 MB,"Frame counter, offset X/Y, width/height, 노출 시간, gain, black level, line status, sequencer set","Acquisition start/end, exposure start/end, line rise/fall, error",2 counters and 2 timers,"노출 시간, gain","Software trigger, hardware trigger, PTP (IEEE 1588)",GigE Vision v2.0,"CE, KC, FCC, RoHS, REACH, WEEE",-30 to 60°C,-10 to 55°C 주변,"동작: 20% ~ 80%, relative, 비 응축","DIN EN 60068-2-27, DIN EN 60068-2-64,",3 year,PHX004S,RJ45,,,,,,,,,,,,,,,,,,,,,,,,,,,,,,,,,,
Lucid Vision,Y,PHX004S-MNLF,,"720 x 540 px, 0.4 MP",,Sony IMX287 CMOS,6.3 mm (Type 1/2.9″),6.9 µm (H) x 6.9 µm (V),Global Shutter,No Lens Mount w/ Flange,Mono,"1000BASE-T RJ45, PoEix Industrial, PoEFFC, PoE",286 FPS (291 FPS) @ 0.4 MP,24 x 24 x 27.35 mm,30 g,8 핀 JST 커넥터,"1 input, 1 output",2 bi-directional,"PoE (IEEE 802.3af), or 12-24 VDC ±5% external","PoE를 통한 3.1W, 외부 전원 공급시 2.5W",128 MB,"Gain, gamma, black level, white balance, LUT, CCM, pixel correction, color space conversion","Mono8/10/12/16, Bayer8/10/12/16, RGB8, BGR8, YCbCr8, YCbCr411, YUV422, YUV411, QOI_Mono8, QOI_BayerRG8, QOI_RGB8, QOI_BGR8, QOI_YCbCr8",QOI,"수평 및 수직 비닝, 서브 샘플링, ROI, 수평 및 수직 뒤집기",12 bit,0 dB ~ 48 dB 아날로그 및 디지털,20 μs ~ 10 s (Normal) / 0.8 μs ~ 13.3 μs (Short Mode),1 default and 2 custom user set,16 MB,"Frame counter, offset X/Y, width/height, 노출 시간, gain, black level, line status, sequencer set","Acquisition start/end, exposure start/end, line rise/fall, error",2 counters and 2 timers,"노출 시간, gain","Software trigger, hardware trigger, PTP (IEEE 1588)",GigE Vision v2.0,"CE, KC, FCC, RoHS, REACH, WEEE",-30 to 60°C,-10 to 55°C 주변,"동작: 20% ~ 80%, relative, 비 응축","DIN EN 60068-2-27, DIN EN 60068-2-64,",3 year,PHX004S,RJ45,,,,,,,,,,,,,,,,,,,,,,,,,,,,,,,,,,
Lucid Vision,Y,PHX004S-CNLF,,"720 x 540 px, 0.4 MP",,Sony IMX287 CMOS,6.3 mm (Type 1/2.9″),6.9 µm (H) x 6.9 µm (V),Global Shutter,No Lens Mount w/ Flange,Color,"1000BASE-T RJ45, PoEix Industrial, PoEFFC, PoE",286 FPS (291 FPS) @ 0.4 MP,24 x 24 x 27.35 mm,30 g,8 핀 JST 커넥터,"1 input, 1 output",2 bi-directional,"PoE (IEEE 802.3af), or 12-24 VDC ±5% external","PoE를 통한 3.1W, 외부 전원 공급시 2.5W",128 MB,"Gain, gamma, black level, white balance, LUT, CCM, pixel correction, color space conversion","Mono8/10/12/16, Bayer8/10/12/16, RGB8, BGR8, YCbCr8, YCbCr411, YUV422, YUV411, QOI_Mono8, QOI_BayerRG8, QOI_RGB8, QOI_BGR8, QOI_YCbCr8",QOI,"수평 및 수직 비닝, 서브 샘플링, ROI, 수평 및 수직 뒤집기",12 bit,0 dB ~ 48 dB 아날로그 및 디지털,20 μs ~ 10 s (Normal) / 0.8 μs ~ 13.3 μs (Short Mode),1 default and 2 custom user set,16 MB,"Frame counter, offset X/Y, width/height, 노출 시간, gain, black level, line status, sequencer set","Acquisition start/end, exposure start/end, line rise/fall, error",2 counters and 2 timers,"노출 시간, gain","Software trigger, hardware trigger, PTP (IEEE 1588)",GigE Vision v2.0,"CE, KC, FCC, RoHS, REACH, WEEE",-30 to 60°C,-10 to 55°C 주변,"동작: 20% ~ 80%, relative, 비 응축","DIN EN 60068-2-27, DIN EN 60068-2-64,",3 year,PHX004S,RJ45,,,,,,,,,,,,,,,,,,,,,,,,,,,,,,,,,,
Lucid Vision,Y,PHX004S-CC-IX,,"720 x 540 px, 0.4 MP",,Sony IMX287 CMOS,6.3 mm (Type 1/2.9″),6.9 µm (H) x 6.9 µm (V),Global Shutter,C-mount,Color,"1000BASE-T RJ45, PoEix Industrial, PoEFFC, PoE",286 FPS (291 FPS) @ 0.4 MP,24 x 24 x 27.35 mm,30 g,8 핀 JST 커넥터,"1 input, 1 output",2 bi-directional,"PoE (IEEE 802.3af), or 12-24 VDC ±5% external","PoE를 통한 3.1W, 외부 전원 공급시 2.5W",128 MB,"Gain, gamma, black level, white balance, LUT, CCM, pixel correction, color space conversion","Mono8/10/12/16, Bayer8/10/12/16, RGB8, BGR8, YCbCr8, YCbCr411, YUV422, YUV411, QOI_Mono8, QOI_BayerRG8, QOI_RGB8, QOI_BGR8, QOI_YCbCr8",QOI,"수평 및 수직 비닝, 서브 샘플링, ROI, 수평 및 수직 뒤집기",12 bit,0 dB ~ 48 dB 아날로그 및 디지털,20 μs ~ 10 s (Normal) / 0.8 μs ~ 13.3 μs (Short Mode),1 default and 2 custom user set,16 MB,"Frame counter, offset X/Y, width/height, 노출 시간, gain, black level, line status, sequencer set","Acquisition start/end, exposure start/end, line rise/fall, error",2 counters and 2 timers,"노출 시간, gain","Software trigger, hardware trigger, PTP (IEEE 1588)",GigE Vision v2.0,"CE, KC, FCC, RoHS, REACH, WEEE",-30 to 60°C,-10 to 55°C 주변,"동작: 20% ~ 80%, relative, 비 응축","DIN EN 60068-2-27, DIN EN 60068-2-64,",3 year,PHX004S,ix Industrial,,,,,,,,,,,,,,,,,,,,,,,,,,,,,,,,,,
Lucid Vision,Y,PHX004S-MC-IX,,"720 x 540 px, 0.4 MP",,Sony IMX287 CMOS,6.3 mm (Type 1/2.9″),6.9 µm (H) x 6.9 µm (V),Global Shutter,C-mount,Mono,"1000BASE-T RJ45, PoEix Industrial, PoEFFC, PoE",286 FPS (291 FPS) @ 0.4 MP,24 x 24 x 27.35 mm,30 g,8 핀 JST 커넥터,"1 input, 1 output",2 bi-directional,"PoE (IEEE 802.3af), or 12-24 VDC ±5% external","PoE를 통한 3.1W, 외부 전원 공급시 2.5W",128 MB,"Gain, gamma, black level, white balance, LUT, CCM, pixel correction, color space conversion","Mono8/10/12/16, Bayer8/10/12/16, RGB8, BGR8, YCbCr8, YCbCr411, YUV422, YUV411, QOI_Mono8, QOI_BayerRG8, QOI_RGB8, QOI_BGR8, QOI_YCbCr8",QOI,"수평 및 수직 비닝, 서브 샘플링, ROI, 수평 및 수직 뒤집기",12 bit,0 dB ~ 48 dB 아날로그 및 디지털,20 μs ~ 10 s (Normal) / 0.8 μs ~ 13.3 μs (Short Mode),1 default and 2 custom user set,16 MB,"Frame counter, offset X/Y, width/height, 노출 시간, gain, black level, line status, sequencer set","Acquisition start/end, exposure start/end, line rise/fall, error",2 counters and 2 timers,"노출 시간, gain","Software trigger, hardware trigger, PTP (IEEE 1588)",GigE Vision v2.0,"CE, KC, FCC, RoHS, REACH, WEEE",-30 to 60°C,-10 to 55°C 주변,"동작: 20% ~ 80%, relative, 비 응축","DIN EN 60068-2-27, DIN EN 60068-2-64,",3 year,PHX004S,ix Industrial,,,,,,,,,,,,,,,,,,,,,,,,,,,,,,,,,,
Lucid Vision,Y,PHX004S-CNF-IX,,"720 x 540 px, 0.4 MP",,Sony IMX287 CMOS,6.3 mm (Type 1/2.9″),6.9 µm (H) x 6.9 µm (V),Global Shutter,NF-mount,Color,"1000BASE-T RJ45, PoEix Industrial, PoEFFC, PoE",286 FPS (291 FPS) @ 0.4 MP,24 x 24 x 27.35 mm,30 g,8 핀 JST 커넥터,"1 input, 1 output",2 bi-directional,"PoE (IEEE 802.3af), or 12-24 VDC ±5% external","PoE를 통한 3.1W, 외부 전원 공급시 2.5W",128 MB,"Gain, gamma, black level, white balance, LUT, CCM, pixel correction, color space conversion","Mono8/10/12/16, Bayer8/10/12/16, RGB8, BGR8, YCbCr8, YCbCr411, YUV422, YUV411, QOI_Mono8, QOI_BayerRG8, QOI_RGB8, QOI_BGR8, QOI_YCbCr8",QOI,"수평 및 수직 비닝, 서브 샘플링, ROI, 수평 및 수직 뒤집기",12 bit,0 dB ~ 48 dB 아날로그 및 디지털,20 μs ~ 10 s (Normal) / 0.8 μs ~ 13.3 μs (Short Mode),1 default and 2 custom user set,16 MB,"Frame counter, offset X/Y, width/height, 노출 시간, gain, black level, line status, sequencer set","Acquisition start/end, exposure start/end, line rise/fall, error",2 counters and 2 timers,"노출 시간, gain","Software trigger, hardware trigger, PTP (IEEE 1588)",GigE Vision v2.0,"CE, KC, FCC, RoHS, REACH, WEEE",-30 to 60°C,-10 to 55°C 주변,"동작: 20% ~ 80%, relative, 비 응축","DIN EN 60068-2-27, DIN EN 60068-2-64,",3 year,PHX004S,ix Industrial,,,,,,,,,,,,,,,,,,,,,,,,,,,,,,,,,,
Lucid Vision,Y,PHX004S-MNF-IX,,"720 x 540 px, 0.4 MP",,Sony IMX287 CMOS,6.3 mm (Type 1/2.9″),6.9 µm (H) x 6.9 µm (V),Global Shutter,NF-mount,Mono,"1000BASE-T RJ45, PoEix Industrial, PoEFFC, PoE",286 FPS (291 FPS) @ 0.4 MP,24 x 24 x 27.35 mm,30 g,8 핀 JST 커넥터,"1 input, 1 output",2 bi-directional,"PoE (IEEE 802.3af), or 12-24 VDC ±5% external","PoE를 통한 3.1W, 외부 전원 공급시 2.5W",128 MB,"Gain, gamma, black level, white balance, LUT, CCM, pixel correction, color space conversion","Mono8/10/12/16, Bayer8/10/12/16, RGB8, BGR8, YCbCr8, YCbCr411, YUV422, YUV411, QOI_Mono8, QOI_BayerRG8, QOI_RGB8, QOI_BGR8, QOI_YCbCr8",QOI,"수평 및 수직 비닝, 서브 샘플링, ROI, 수평 및 수직 뒤집기",12 bit,0 dB ~ 48 dB 아날로그 및 디지털,20 μs ~ 10 s (Normal) / 0.8 μs ~ 13.3 μs (Short Mode),1 default and 2 custom user set,16 MB,"Frame counter, offset X/Y, width/height, 노출 시간, gain, black level, line status, sequencer set","Acquisition start/end, exposure start/end, line rise/fall, error",2 counters and 2 timers,"노출 시간, gain","Software trigger, hardware trigger, PTP (IEEE 1588)",GigE Vision v2.0,"CE, KC, FCC, RoHS, REACH, WEEE",-30 to 60°C,-10 to 55°C 주변,"동작: 20% ~ 80%, relative, 비 응축","DIN EN 60068-2-27, DIN EN 60068-2-64,",3 year,PHX004S,ix Industrial,,,,,,,,,,,,,,,,,,,,,,,,,,,,,,,,,,
Lucid Vision,N,PDH050S,5.0 MP (x2),"2448 x 2048 px, 5.0 MP (x2)",11 fps (센서당),Sony IMX264 CMOS (x2),11.1 mm (Type 2/3″),3.45 µm (H) x 3.45 µm (V),Global Shutter,듀얼 C-마운트 리모트 헤드 듀얼 마운트 없음 리모트 헤드,Mono / Color,"1000BASE-T RJ45, PoE FFC, PoE",11.1 FPS @ 5.0 MP (각 센서)12.3 FPS @ 5.0 MP (각 센서),28 x 36 x 32.8* mm,54 g,8 핀 JST 커넥터,"1 input, 1 output",2 bi-directional,"PoE (IEEE 802.3af), or 12-24 VDC ±5% external","PoE를 통한 3.1W, 외부 전원 공급시 2.5W",128 MB,"Gain, black level, white balance(수동 화이트 밸런스만 가능, 자동 화이트 밸런스 없음), CCM, pixel correction, color space conversion","Mono: Mono8/10/12/16, Mono10p/12p, Mono10Packed/12Packed, DualMono8/10/12/16, DualMono10p/12p, DualMono10Packed/12Packed | Color: Bayer8/10/12/16, RGB8, BGR8, YCbCr8, YCbCr411, YUV422, YUV411, DualBayerRG8, DualBayerRG10, DualBayerRG10Packed, DualBayerRG10p,",,"ROI, 수평 및 수직 뒤집기",12 bit,0 dB ~ 48 dB 아날로그 및 디지털,33.48 μs ~ 10 s (Normal) 1.048 μs ~ 14.44 μs (Short Mode),1 default and 2 custom user set,16 MB,"Frame counter, offset X/Y, width/height, 노출 시간, gain, black level, line status, sequencer set","Acquisition start/end, exposure start/end, line rise/fall, error",2 counters and 2 timers,"노출 시간, gain","Software trigger, hardware trigger, PTP (IEEE 1588)",GigE Vision v2.0,"CE, KC, FCC, RoHS, REACH, WEEE",-30 to 60°C,-10 to 55°C 주변,"동작: 20% ~ 80%, relative, 비 응축","DIN EN 60068-2-27, DIN EN 60068-2-64,",3 year,,,,,,,,,,,,,,,,,,,,,,,,,,,,,,,,,,,,
Lucid Vision,Y,PDH050S-CC,,"2448 x 2048 px, 5.0 MP (x2)",,Sony IMX264 CMOS (x2),11.1 mm (Type 2/3″),3.45 µm (H) x 3.45 µm (V),Global Shutter,C-mount,Color,"1000BASE-T RJ45, PoE FFC, PoE",11.1 FPS @ 5.0 MP (각 센서)12.3 FPS @ 5.0 MP (각 센서),28 x 36 x 32.8* mm,54 g,8 핀 JST 커넥터,"1 input, 1 output",2 bi-directional,"PoE (IEEE 802.3af), or 12-24 VDC ±5% external","PoE를 통한 3.1W, 외부 전원 공급시 2.5W",128 MB,"Gain, black level, white balance(수동 화이트 밸런스만 가능, 자동 화이트 밸런스 없음), CCM, pixel correction, color space conversion","Mono: Mono8/10/12/16, Mono10p/12p, Mono10Packed/12Packed, DualMono8/10/12/16, DualMono10p/12p, DualMono10Packed/12Packed | Color: Bayer8/10/12/16, RGB8, BGR8, YCbCr8, YCbCr411, YUV422, YUV411, DualBayerRG8, DualBayerRG10, DualBayerRG10Packed, DualBayerRG10p,",,"ROI, 수평 및 수직 뒤집기",12 bit,0 dB ~ 48 dB 아날로그 및 디지털,33.48 μs ~ 10 s (Normal) 1.048 μs ~ 14.44 μs (Short Mode),1 default and 2 custom user set,16 MB,"Frame counter, offset X/Y, width/height, 노출 시간, gain, black level, line status, sequencer set","Acquisition start/end, exposure start/end, line rise/fall, error",2 counters and 2 timers,"노출 시간, gain","Software trigger, hardware trigger, PTP (IEEE 1588)",GigE Vision v2.0,"CE, KC, FCC, RoHS, REACH, WEEE",-30 to 60°C,-10 to 55°C 주변,"동작: 20% ~ 80%, relative, 비 응축","DIN EN 60068-2-27, DIN EN 60068-2-64,",3 year,PDH050S,RJ45,,,,,,,,,,,,,,,,,,,,,,,,,,,,,,,,,,
Lucid Vision,Y,PDH050S-MC,,"2448 x 2048 px, 5.0 MP (x2)",,Sony IMX264 CMOS (x2),11.1 mm (Type 2/3″),3.45 µm (H) x 3.45 µm (V),Global Shutter,C-mount,Mono,"1000BASE-T RJ45, PoE FFC, PoE",11.1 FPS @ 5.0 MP (각 센서)12.3 FPS @ 5.0 MP (각 센서),28 x 36 x 32.8* mm,54 g,8 핀 JST 커넥터,"1 input, 1 output",2 bi-directional,"PoE (IEEE 802.3af), or 12-24 VDC ±5% external","PoE를 통한 3.1W, 외부 전원 공급시 2.5W",128 MB,"Gain, black level, white balance(수동 화이트 밸런스만 가능, 자동 화이트 밸런스 없음), CCM, pixel correction, color space conversion","Mono: Mono8/10/12/16, Mono10p/12p, Mono10Packed/12Packed, DualMono8/10/12/16, DualMono10p/12p, DualMono10Packed/12Packed | Color: Bayer8/10/12/16, RGB8, BGR8, YCbCr8, YCbCr411, YUV422, YUV411, DualBayerRG8, DualBayerRG10, DualBayerRG10Packed, DualBayerRG10p,",,"ROI, 수평 및 수직 뒤집기",12 bit,0 dB ~ 48 dB 아날로그 및 디지털,33.48 μs ~ 10 s (Normal) 1.048 μs ~ 14.44 μs (Short Mode),1 default and 2 custom user set,16 MB,"Frame counter, offset X/Y, width/height, 노출 시간, gain, black level, line status, sequencer set","Acquisition start/end, exposure start/end, line rise/fall, error",2 counters and 2 timers,"노출 시간, gain","Software trigger, hardware trigger, PTP (IEEE 1588)",GigE Vision v2.0,"CE, KC, FCC, RoHS, REACH, WEEE",-30 to 60°C,-10 to 55°C 주변,"동작: 20% ~ 80%, relative, 비 응축","DIN EN 60068-2-27, DIN EN 60068-2-64,",3 year,PDH050S,RJ45,,,,,,,,,,,,,,,,,,,,,,,,,,,,,,,,,,
Lucid Vision,Y,PDH050S-CC-FFC,,"2448 x 2048 px, 5.0 MP (x2)",,Sony IMX264 CMOS (x2),11.1 mm (Type 2/3″),3.45 µm (H) x 3.45 µm (V),Global Shutter,C-mount,Color,"1000BASE-T RJ45, PoE FFC, PoE",11.1 FPS @ 5.0 MP (각 센서)12.3 FPS @ 5.0 MP (각 센서),28 x 36 x 32.8* mm,54 g,8 핀 JST 커넥터,"1 input, 1 output",2 bi-directional,"PoE (IEEE 802.3af), or 12-24 VDC ±5% external","PoE를 통한 3.1W, 외부 전원 공급시 2.5W",128 MB,"Gain, black level, white balance(수동 화이트 밸런스만 가능, 자동 화이트 밸런스 없음), CCM, pixel correction, color space conversion","Mono: Mono8/10/12/16, Mono10p/12p, Mono10Packed/12Packed, DualMono8/10/12/16, DualMono10p/12p, DualMono10Packed/12Packed | Color: Bayer8/10/12/16, RGB8, BGR8, YCbCr8, YCbCr411, YUV422, YUV411, DualBayerRG8, DualBayerRG10, DualBayerRG10Packed, DualBayerRG10p,",,"ROI, 수평 및 수직 뒤집기",12 bit,0 dB ~ 48 dB 아날로그 및 디지털,33.48 μs ~ 10 s (Normal) 1.048 μs ~ 14.44 μs (Short Mode),1 default and 2 custom user set,16 MB,"Frame counter, offset X/Y, width/height, 노출 시간, gain, black level, line status, sequencer set","Acquisition start/end, exposure start/end, line rise/fall, error",2 counters and 2 timers,"노출 시간, gain","Software trigger, hardware trigger, PTP (IEEE 1588)",GigE Vision v2.0,"CE, KC, FCC, RoHS, REACH, WEEE",-30 to 60°C,-10 to 55°C 주변,"동작: 20% ~ 80%, relative, 비 응축","DIN EN 60068-2-27, DIN EN 60068-2-64,",3 year,PDH050S,FFC (ZIF),,,,,,,,,,,,,,,,,,,,,,,,,,,,,,,,,,
Lucid Vision,Y,PDH050S-MC-FFC,,"2448 x 2048 px, 5.0 MP (x2)",,Sony IMX264 CMOS (x2),11.1 mm (Type 2/3″),3.45 µm (H) x 3.45 µm (V),Global Shutter,C-mount,Mono,"1000BASE-T RJ45, PoE FFC, PoE",11.1 FPS @ 5.0 MP (각 센서)12.3 FPS @ 5.0 MP (각 센서),28 x 36 x 32.8* mm,54 g,8 핀 JST 커넥터,"1 input, 1 output",2 bi-directional,"PoE (IEEE 802.3af), or 12-24 VDC ±5% external","PoE를 통한 3.1W, 외부 전원 공급시 2.5W",128 MB,"Gain, black level, white balance(수동 화이트 밸런스만 가능, 자동 화이트 밸런스 없음), CCM, pixel correction, color space conversion","Mono: Mono8/10/12/16, Mono10p/12p, Mono10Packed/12Packed, DualMono8/10/12/16, DualMono10p/12p, DualMono10Packed/12Packed | Color: Bayer8/10/12/16, RGB8, BGR8, YCbCr8, YCbCr411, YUV422, YUV411, DualBayerRG8, DualBayerRG10, DualBayerRG10Packed, DualBayerRG10p,",,"ROI, 수평 및 수직 뒤집기",12 bit,0 dB ~ 48 dB 아날로그 및 디지털,33.48 μs ~ 10 s (Normal) 1.048 μs ~ 14.44 μs (Short Mode),1 default and 2 custom user set,16 MB,"Frame counter, offset X/Y, width/height, 노출 시간, gain, black level, line status, sequencer set","Acquisition start/end, exposure start/end, line rise/fall, error",2 counters and 2 timers,"노출 시간, gain","Software trigger, hardware trigger, PTP (IEEE 1588)",GigE Vision v2.0,"CE, KC, FCC, RoHS, REACH, WEEE",-30 to 60°C,-10 to 55°C 주변,"동작: 20% ~ 80%, relative, 비 응축","DIN EN 60068-2-27, DIN EN 60068-2-64,",3 year,PDH050S,FFC (ZIF),,,,,,,,,,,,,,,,,,,,,,,,,,,,,,,,,,
Lucid Vision,Y,PDH050S-CNL,,"2448 x 2048 px, 5.0 MP (x2)",,Sony IMX264 CMOS (x2),11.1 mm (Type 2/3″),3.45 µm (H) x 3.45 µm (V),Global Shutter,No lens mount,Color,"1000BASE-T RJ45, PoE FFC, PoE",11.1 FPS @ 5.0 MP (각 센서)12.3 FPS @ 5.0 MP (각 센서),28 x 36 x 32.8* mm,54 g,8 핀 JST 커넥터,"1 input, 1 output",2 bi-directional,"PoE (IEEE 802.3af), or 12-24 VDC ±5% external","PoE를 통한 3.1W, 외부 전원 공급시 2.5W",128 MB,"Gain, black level, white balance(수동 화이트 밸런스만 가능, 자동 화이트 밸런스 없음), CCM, pixel correction, color space conversion","Mono: Mono8/10/12/16, Mono10p/12p, Mono10Packed/12Packed, DualMono8/10/12/16, DualMono10p/12p, DualMono10Packed/12Packed | Color: Bayer8/10/12/16, RGB8, BGR8, YCbCr8, YCbCr411, YUV422, YUV411, DualBayerRG8, DualBayerRG10, DualBayerRG10Packed, DualBayerRG10p,",,"ROI, 수평 및 수직 뒤집기",12 bit,0 dB ~ 48 dB 아날로그 및 디지털,33.48 μs ~ 10 s (Normal) 1.048 μs ~ 14.44 μs (Short Mode),1 default and 2 custom user set,16 MB,"Frame counter, offset X/Y, width/height, 노출 시간, gain, black level, line status, sequencer set","Acquisition start/end, exposure start/end, line rise/fall, error",2 counters and 2 timers,"노출 시간, gain","Software trigger, hardware trigger, PTP (IEEE 1588)",GigE Vision v2.0,"CE, KC, FCC, RoHS, REACH, WEEE",-30 to 60°C,-10 to 55°C 주변,"동작: 20% ~ 80%, relative, 비 응축","DIN EN 60068-2-27, DIN EN 60068-2-64,",3 year,PDH050S,RJ45,,,,,,,,,,,,,,,,,,,,,,,,,,,,,,,,,,
Lucid Vision,Y,PDH050S-MNL,,"2448 x 2048 px, 5.0 MP (x2)",,Sony IMX264 CMOS (x2),11.1 mm (Type 2/3″),3.45 µm (H) x 3.45 µm (V),Global Shutter,No lens mount,Mono,"1000BASE-T RJ45, PoE FFC, PoE",11.1 FPS @ 5.0 MP (각 센서)12.3 FPS @ 5.0 MP (각 센서),28 x 36 x 32.8* mm,54 g,8 핀 JST 커넥터,"1 input, 1 output",2 bi-directional,"PoE (IEEE 802.3af), or 12-24 VDC ±5% external","PoE를 통한 3.1W, 외부 전원 공급시 2.5W",128 MB,"Gain, black level, white balance(수동 화이트 밸런스만 가능, 자동 화이트 밸런스 없음), CCM, pixel correction, color space conversion","Mono: Mono8/10/12/16, Mono10p/12p, Mono10Packed/12Packed, DualMono8/10/12/16, DualMono10p/12p, DualMono10Packed/12Packed | Color: Bayer8/10/12/16, RGB8, BGR8, YCbCr8, YCbCr411, YUV422, YUV411, DualBayerRG8, DualBayerRG10, DualBayerRG10Packed, DualBayerRG10p,",,"ROI, 수평 및 수직 뒤집기",12 bit,0 dB ~ 48 dB 아날로그 및 디지털,33.48 μs ~ 10 s (Normal) 1.048 μs ~ 14.44 μs (Short Mode),1 default and 2 custom user set,16 MB,"Frame counter, offset X/Y, width/height, 노출 시간, gain, black level, line status, sequencer set","Acquisition start/end, exposure start/end, line rise/fall, error",2 counters and 2 timers,"노출 시간, gain","Software trigger, hardware trigger, PTP (IEEE 1588)",GigE Vision v2.0,"CE, KC, FCC, RoHS, REACH, WEEE",-30 to 60°C,-10 to 55°C 주변,"동작: 20% ~ 80%, relative, 비 응축","DIN EN 60068-2-27, DIN EN 60068-2-64,",3 year,PDH050S,RJ45,,,,,,,,,,,,,,,,,,,,,,,,,,,,,,,,,,
Lucid Vision,N,PDH016S,1.6 MP (x2),"1440 x 1080 px, 1.6 MP (x2)",35.8 fps (센서당),Sony IMX273 CMOS (x2),6.3 mm (Type 1/2.9″),3.45 µm (H) x 3.45 µm (V),Global Shutter,듀얼 C- / S-마운트 리모트 헤드,Mono / Color,"1000BASE-T RJ45, PoE FFC, PoE",35.8 FPS (39.8 FPS)* @ 1.6 MP (각 센서),28 x 36 x 32.8* mm,54 g,8 핀 JST 커넥터,"1 input, 1 output",2 bi-directional,"PoE (IEEE 802.3af), or 12-24 VDC ±5% external","PoE를 통한 3.1W, 외부 전원 공급시 2.5W",128 MB,"Gain, black level, white balance(수동 화이트 밸런스만 가능, 자동 화이트 밸런스 없음), CCM, pixel correction, color space conversion","Mono: Mono8/10/12/16, Mono10p/12p, Mono10Packed/12Packed, DualMono8/10/12/16, DualMono10p/12p, DualMono10Packed/12Packed | Color: Bayer8/10/12/16, RGB8, BGR8, YCbCr8, YCbCr411, YUV422, YUV411, DualBayerRG8, DualBayerRG10, DualBayerRG10Packed, DualBayerRG10p,",,"ROI, 수평 및 수직 뒤집기",12 bit,0 dB ~ 48 dB 아날로그 및 디지털,26 μs ~ 10 s (Normal) / 0.784 μs ~ 13.3 μs (Short Mode),1 default and 2 custom user set,16 MB,"Frame counter, offset X/Y, width/height, 노출 시간, gain, black level, line status, sequencer set","Acquisition start/end, exposure start/end, line rise/fall, error",2 counters and 2 timers,"노출 시간, gain","Software trigger, hardware trigger, PTP (IEEE 1588)",GigE Vision v2.0,"CE, KC, FCC, RoHS, REACH, WEEE",-30 to 60°C,-10 to 55°C 주변,"동작: 20% ~ 80%, relative, 비 응축","DIN EN 60068-2-27, DIN EN 60068-2-64,",3 year,,,,,,,,,,,,,,,,,,,,,,,,,,,,,,,,,,,,
Lucid Vision,Y,PDH016S-CC,,"1440 x 1080 px, 1.6 MP (x2)",,Sony IMX273 CMOS (x2),6.3 mm (Type 1/2.9″),3.45 µm (H) x 3.45 µm (V),Global Shutter,C-mount,Color,"1000BASE-T RJ45, PoE FFC, PoE",35.8 FPS (39.8 FPS)* @ 1.6 MP (각 센서),28 x 36 x 32.8* mm,54 g,8 핀 JST 커넥터,"1 input, 1 output",2 bi-directional,"PoE (IEEE 802.3af), or 12-24 VDC ±5% external","PoE를 통한 3.1W, 외부 전원 공급시 2.5W",128 MB,"Gain, black level, white balance(수동 화이트 밸런스만 가능, 자동 화이트 밸런스 없음), CCM, pixel correction, color space conversion","Mono: Mono8/10/12/16, Mono10p/12p, Mono10Packed/12Packed, DualMono8/10/12/16, DualMono10p/12p, DualMono10Packed/12Packed | Color: Bayer8/10/12/16, RGB8, BGR8, YCbCr8, YCbCr411, YUV422, YUV411, DualBayerRG8, DualBayerRG10, DualBayerRG10Packed, DualBayerRG10p,",,"ROI, 수평 및 수직 뒤집기",12 bit,0 dB ~ 48 dB 아날로그 및 디지털,26 μs ~ 10 s (Normal) / 0.784 μs ~ 13.3 μs (Short Mode),1 default and 2 custom user set,16 MB,"Frame counter, offset X/Y, width/height, 노출 시간, gain, black level, line status, sequencer set","Acquisition start/end, exposure start/end, line rise/fall, error",2 counters and 2 timers,"노출 시간, gain","Software trigger, hardware trigger, PTP (IEEE 1588)",GigE Vision v2.0,"CE, KC, FCC, RoHS, REACH, WEEE",-30 to 60°C,-10 to 55°C 주변,"동작: 20% ~ 80%, relative, 비 응축","DIN EN 60068-2-27, DIN EN 60068-2-64,",3 year,PDH016S,RJ45,,,,,,,,,,,,,,,,,,,,,,,,,,,,,,,,,,
Lucid Vision,Y,PDH016S-MC,,"1440 x 1080 px, 1.6 MP (x2)",,Sony IMX273 CMOS (x2),6.3 mm (Type 1/2.9″),3.45 µm (H) x 3.45 µm (V),Global Shutter,C-mount,Mono,"1000BASE-T RJ45, PoE FFC, PoE",35.8 FPS (39.8 FPS)* @ 1.6 MP (각 센서),28 x 36 x 32.8* mm,54 g,8 핀 JST 커넥터,"1 input, 1 output",2 bi-directional,"PoE (IEEE 802.3af), or 12-24 VDC ±5% external","PoE를 통한 3.1W, 외부 전원 공급시 2.5W",128 MB,"Gain, black level, white balance(수동 화이트 밸런스만 가능, 자동 화이트 밸런스 없음), CCM, pixel correction, color space conversion","Mono: Mono8/10/12/16, Mono10p/12p, Mono10Packed/12Packed, DualMono8/10/12/16, DualMono10p/12p, DualMono10Packed/12Packed | Color: Bayer8/10/12/16, RGB8, BGR8, YCbCr8, YCbCr411, YUV422, YUV411, DualBayerRG8, DualBayerRG10, DualBayerRG10Packed, DualBayerRG10p,",,"ROI, 수평 및 수직 뒤집기",12 bit,0 dB ~ 48 dB 아날로그 및 디지털,26 μs ~ 10 s (Normal) / 0.784 μs ~ 13.3 μs (Short Mode),1 default and 2 custom user set,16 MB,"Frame counter, offset X/Y, width/height, 노출 시간, gain, black level, line status, sequencer set","Acquisition start/end, exposure start/end, line rise/fall, error",2 counters and 2 timers,"노출 시간, gain","Software trigger, hardware trigger, PTP (IEEE 1588)",GigE Vision v2.0,"CE, KC, FCC, RoHS, REACH, WEEE",-30 to 60°C,-10 to 55°C 주변,"동작: 20% ~ 80%, relative, 비 응축","DIN EN 60068-2-27, DIN EN 60068-2-64,",3 year,PDH016S,RJ45,,,,,,,,,,,,,,,,,,,,,,,,,,,,,,,,,,
Lucid Vision,Y,PDH016S-CC-FFC,,"1440 x 1080 px, 1.6 MP (x2)",,Sony IMX273 CMOS (x2),6.3 mm (Type 1/2.9″),3.45 µm (H) x 3.45 µm (V),Global Shutter,C-mount,Color,"1000BASE-T RJ45, PoE FFC, PoE",35.8 FPS (39.8 FPS)* @ 1.6 MP (각 센서),28 x 36 x 32.8* mm,54 g,8 핀 JST 커넥터,"1 input, 1 output",2 bi-directional,"PoE (IEEE 802.3af), or 12-24 VDC ±5% external","PoE를 통한 3.1W, 외부 전원 공급시 2.5W",128 MB,"Gain, black level, white balance(수동 화이트 밸런스만 가능, 자동 화이트 밸런스 없음), CCM, pixel correction, color space conversion","Mono: Mono8/10/12/16, Mono10p/12p, Mono10Packed/12Packed, DualMono8/10/12/16, DualMono10p/12p, DualMono10Packed/12Packed | Color: Bayer8/10/12/16, RGB8, BGR8, YCbCr8, YCbCr411, YUV422, YUV411, DualBayerRG8, DualBayerRG10, DualBayerRG10Packed, DualBayerRG10p,",,"ROI, 수평 및 수직 뒤집기",12 bit,0 dB ~ 48 dB 아날로그 및 디지털,26 μs ~ 10 s (Normal) / 0.784 μs ~ 13.3 μs (Short Mode),1 default and 2 custom user set,16 MB,"Frame counter, offset X/Y, width/height, 노출 시간, gain, black level, line status, sequencer set","Acquisition start/end, exposure start/end, line rise/fall, error",2 counters and 2 timers,"노출 시간, gain","Software trigger, hardware trigger, PTP (IEEE 1588)",GigE Vision v2.0,"CE, KC, FCC, RoHS, REACH, WEEE",-30 to 60°C,-10 to 55°C 주변,"동작: 20% ~ 80%, relative, 비 응축","DIN EN 60068-2-27, DIN EN 60068-2-64,",3 year,PDH016S,FFC (ZIF),,,,,,,,,,,,,,,,,,,,,,,,,,,,,,,,,,
Lucid Vision,Y,PDH016S-MC-FFC,,"1440 x 1080 px, 1.6 MP (x2)",,Sony IMX273 CMOS (x2),6.3 mm (Type 1/2.9″),3.45 µm (H) x 3.45 µm (V),Global Shutter,C-mount,Mono,"1000BASE-T RJ45, PoE FFC, PoE",35.8 FPS (39.8 FPS)* @ 1.6 MP (각 센서),28 x 36 x 32.8* mm,54 g,8 핀 JST 커넥터,"1 input, 1 output",2 bi-directional,"PoE (IEEE 802.3af), or 12-24 VDC ±5% external","PoE를 통한 3.1W, 외부 전원 공급시 2.5W",128 MB,"Gain, black level, white balance(수동 화이트 밸런스만 가능, 자동 화이트 밸런스 없음), CCM, pixel correction, color space conversion","Mono: Mono8/10/12/16, Mono10p/12p, Mono10Packed/12Packed, DualMono8/10/12/16, DualMono10p/12p, DualMono10Packed/12Packed | Color: Bayer8/10/12/16, RGB8, BGR8, YCbCr8, YCbCr411, YUV422, YUV411, DualBayerRG8, DualBayerRG10, DualBayerRG10Packed, DualBayerRG10p,",,"ROI, 수평 및 수직 뒤집기",12 bit,0 dB ~ 48 dB 아날로그 및 디지털,26 μs ~ 10 s (Normal) / 0.784 μs ~ 13.3 μs (Short Mode),1 default and 2 custom user set,16 MB,"Frame counter, offset X/Y, width/height, 노출 시간, gain, black level, line status, sequencer set","Acquisition start/end, exposure start/end, line rise/fall, error",2 counters and 2 timers,"노출 시간, gain","Software trigger, hardware trigger, PTP (IEEE 1588)",GigE Vision v2.0,"CE, KC, FCC, RoHS, REACH, WEEE",-30 to 60°C,-10 to 55°C 주변,"동작: 20% ~ 80%, relative, 비 응축","DIN EN 60068-2-27, DIN EN 60068-2-64,",3 year,PDH016S,FFC (ZIF),,,,,,,,,,,,,,,,,,,,,,,,,,,,,,,,,,
Lucid Vision,Y,PDH016S-CS,,"1440 x 1080 px, 1.6 MP (x2)",,Sony IMX273 CMOS (x2),6.3 mm (Type 1/2.9″),3.45 µm (H) x 3.45 µm (V),Global Shutter,S-mount,Color,"1000BASE-T RJ45, PoE FFC, PoE",35.8 FPS (39.8 FPS)* @ 1.6 MP (각 센서),28 x 36 x 32.8* mm,54 g,8 핀 JST 커넥터,"1 input, 1 output",2 bi-directional,"PoE (IEEE 802.3af), or 12-24 VDC ±5% external","PoE를 통한 3.1W, 외부 전원 공급시 2.5W",128 MB,"Gain, black level, white balance(수동 화이트 밸런스만 가능, 자동 화이트 밸런스 없음), CCM, pixel correction, color space conversion","Mono: Mono8/10/12/16, Mono10p/12p, Mono10Packed/12Packed, DualMono8/10/12/16, DualMono10p/12p, DualMono10Packed/12Packed | Color: Bayer8/10/12/16, RGB8, BGR8, YCbCr8, YCbCr411, YUV422, YUV411, DualBayerRG8, DualBayerRG10, DualBayerRG10Packed, DualBayerRG10p,",,"ROI, 수평 및 수직 뒤집기",12 bit,0 dB ~ 48 dB 아날로그 및 디지털,26 μs ~ 10 s (Normal) / 0.784 μs ~ 13.3 μs (Short Mode),1 default and 2 custom user set,16 MB,"Frame counter, offset X/Y, width/height, 노출 시간, gain, black level, line status, sequencer set","Acquisition start/end, exposure start/end, line rise/fall, error",2 counters and 2 timers,"노출 시간, gain","Software trigger, hardware trigger, PTP (IEEE 1588)",GigE Vision v2.0,"CE, KC, FCC, RoHS, REACH, WEEE",-30 to 60°C,-10 to 55°C 주변,"동작: 20% ~ 80%, relative, 비 응축","DIN EN 60068-2-27, DIN EN 60068-2-64,",3 year,PDH016S,RJ45,,,,,,,,,,,,,,,,,,,,,,,,,,,,,,,,,,
Lucid Vision,Y,PDH016S-MS,,"1440 x 1080 px, 1.6 MP (x2)",,Sony IMX273 CMOS (x2),6.3 mm (Type 1/2.9″),3.45 µm (H) x 3.45 µm (V),Global Shutter,S-mount,Mono,"1000BASE-T RJ45, PoE FFC, PoE",35.8 FPS (39.8 FPS)* @ 1.6 MP (각 센서),28 x 36 x 32.8* mm,54 g,8 핀 JST 커넥터,"1 input, 1 output",2 bi-directional,"PoE (IEEE 802.3af), or 12-24 VDC ±5% external","PoE를 통한 3.1W, 외부 전원 공급시 2.5W",128 MB,"Gain, black level, white balance(수동 화이트 밸런스만 가능, 자동 화이트 밸런스 없음), CCM, pixel correction, color space conversion","Mono: Mono8/10/12/16, Mono10p/12p, Mono10Packed/12Packed, DualMono8/10/12/16, DualMono10p/12p, DualMono10Packed/12Packed | Color: Bayer8/10/12/16, RGB8, BGR8, YCbCr8, YCbCr411, YUV422, YUV411, DualBayerRG8, DualBayerRG10, DualBayerRG10Packed, DualBayerRG10p,",,"ROI, 수평 및 수직 뒤집기",12 bit,0 dB ~ 48 dB 아날로그 및 디지털,26 μs ~ 10 s (Normal) / 0.784 μs ~ 13.3 μs (Short Mode),1 default and 2 custom user set,16 MB,"Frame counter, offset X/Y, width/height, 노출 시간, gain, black level, line status, sequencer set","Acquisition start/end, exposure start/end, line rise/fall, error",2 counters and 2 timers,"노출 시간, gain","Software trigger, hardware trigger, PTP (IEEE 1588)",GigE Vision v2.0,"CE, KC, FCC, RoHS, REACH, WEEE",-30 to 60°C,-10 to 55°C 주변,"동작: 20% ~ 80%, relative, 비 응축","DIN EN 60068-2-27, DIN EN 60068-2-64,",3 year,PDH016S,RJ45,,,,,,,,,,,,,,,,,,,,,,,,,,,,,,,,,,
Lucid Vision,Y,PDH016S-CS-FFC,,"1440 x 1080 px, 1.6 MP (x2)",,Sony IMX273 CMOS (x2),6.3 mm (Type 1/2.9″),3.45 µm (H) x 3.45 µm (V),Global Shutter,S-mount,Color,"1000BASE-T RJ45, PoE FFC, PoE",35.8 FPS (39.8 FPS)* @ 1.6 MP (각 센서),28 x 36 x 32.8* mm,54 g,8 핀 JST 커넥터,"1 input, 1 output",2 bi-directional,"PoE (IEEE 802.3af), or 12-24 VDC ±5% external","PoE를 통한 3.1W, 외부 전원 공급시 2.5W",128 MB,"Gain, black level, white balance(수동 화이트 밸런스만 가능, 자동 화이트 밸런스 없음), CCM, pixel correction, color space conversion","Mono: Mono8/10/12/16, Mono10p/12p, Mono10Packed/12Packed, DualMono8/10/12/16, DualMono10p/12p, DualMono10Packed/12Packed | Color: Bayer8/10/12/16, RGB8, BGR8, YCbCr8, YCbCr411, YUV422, YUV411, DualBayerRG8, DualBayerRG10, DualBayerRG10Packed, DualBayerRG10p,",,"ROI, 수평 및 수직 뒤집기",12 bit,0 dB ~ 48 dB 아날로그 및 디지털,26 μs ~ 10 s (Normal) / 0.784 μs ~ 13.3 μs (Short Mode),1 default and 2 custom user set,16 MB,"Frame counter, offset X/Y, width/height, 노출 시간, gain, black level, line status, sequencer set","Acquisition start/end, exposure start/end, line rise/fall, error",2 counters and 2 timers,"노출 시간, gain","Software trigger, hardware trigger, PTP (IEEE 1588)",GigE Vision v2.0,"CE, KC, FCC, RoHS, REACH, WEEE",-30 to 60°C,-10 to 55°C 주변,"동작: 20% ~ 80%, relative, 비 응축","DIN EN 60068-2-27, DIN EN 60068-2-64,",3 year,PDH016S,FFC (ZIF),,,,,,,,,,,,,,,,,,,,,,,,,,,,,,,,,,
Lucid Vision,Y,PDH016S-MS-FFC,,"1440 x 1080 px, 1.6 MP (x2)",,Sony IMX273 CMOS (x2),6.3 mm (Type 1/2.9″),3.45 µm (H) x 3.45 µm (V),Global Shutter,S-mount,Mono,"1000BASE-T RJ45, PoE FFC, PoE",35.8 FPS (39.8 FPS)* @ 1.6 MP (각 센서),28 x 36 x 32.8* mm,54 g,8 핀 JST 커넥터,"1 input, 1 output",2 bi-directional,"PoE (IEEE 802.3af), or 12-24 VDC ±5% external","PoE를 통한 3.1W, 외부 전원 공급시 2.5W",128 MB,"Gain, black level, white balance(수동 화이트 밸런스만 가능, 자동 화이트 밸런스 없음), CCM, pixel correction, color space conversion","Mono: Mono8/10/12/16, Mono10p/12p, Mono10Packed/12Packed, DualMono8/10/12/16, DualMono10p/12p, DualMono10Packed/12Packed | Color: Bayer8/10/12/16, RGB8, BGR8, YCbCr8, YCbCr411, YUV422, YUV411, DualBayerRG8, DualBayerRG10, DualBayerRG10Packed, DualBayerRG10p,",,"ROI, 수평 및 수직 뒤집기",12 bit,0 dB ~ 48 dB 아날로그 및 디지털,26 μs ~ 10 s (Normal) / 0.784 μs ~ 13.3 μs (Short Mode),1 default and 2 custom user set,16 MB,"Frame counter, offset X/Y, width/height, 노출 시간, gain, black level, line status, sequencer set","Acquisition start/end, exposure start/end, line rise/fall, error",2 counters and 2 timers,"노출 시간, gain","Software trigger, hardware trigger, PTP (IEEE 1588)",GigE Vision v2.0,"CE, KC, FCC, RoHS, REACH, WEEE",-30 to 60°C,-10 to 55°C 주변,"동작: 20% ~ 80%, relative, 비 응축","DIN EN 60068-2-27, DIN EN 60068-2-64,",3 year,PDH016S,FFC (ZIF),,,,,,,,,,,,,,,,,,,,,,,,,,,,,,,,,,
Lucid Vision,N,TRX470S,47.0 MP,"8232 x 5588 px, 47 MP",13.7 fps,Sony IMX492 CMOS,23.1 mm (Type 1.4),2.315 µm (H) x 2.315 µm (V),"Rolling, Global Reset",TFL-Mount,Mono / Color,"10GBASE-T, 5GBASE-T, 2.5GBASE-T, 1000BASE-T, 100BASE-TX M12 (8-Pin X-Coded), PoE",13.7 FPS (13.7 FPS) @ 47 MP (10 bit ADC mode)11.5 FPS (11.5 FPS) @ 47 MP (12 bit ADC mode),44 x 44 x 82 mm,249 g,,,,PoE (IEEE 802.3af) or 12-24 V ±5% through GPIO,"PoE를 통한 <8.3W, 외부 전원 공급시 7.5W",880 MB,"Gain, gamma, black level, white balance, LUT, CCM, pixel correction, color space conversion","Mono8/10/12/16, Bayer8/10/12/16, RGB8, BGR8, YCbCr8, YCbCr411, YUV422, YUV411",,"수평 및 수직 비닝, 서브 샘플링, ROI","10, 12 bit",12 dB ~ 27 dB 아날로그,96.016 µs ~ 2 sec (10 bit ADC) 139.224 µs ~ 2 sec (12 bit ADC),1 default and 2 custom user set,16 MB,"Frame counter, offset X/Y, width/height, 노출 시간, gain, black level, line status, sequencer set","Acquisition start/end, exposure start/end, line rise/fall, error",2 counters and 2 timers,"노출 시간, gain","Software trigger, hardware trigger, PTP (IEEE 1588)",GigE Vision v3.0,"CE, FCC, KC, RoHS, REACH, WEEE",-30 to 60°C,-20 to 55°C 주변,"동작: 20% ~ 80%, relative, 비 응축","DIN EN 60068-2-27, DIN EN 60068-2-64",3 year,,,IP67(IP67 보호를 위해 Triton은 IP67 렌즈 튜브 및 케이블과 함께 사용해야합니다),"UDP (GigE Vision), RDMA (RoCE v2)",17핀 M12 커넥터,"입력 1개, 출력 3개",양방향 포트 2개 또는 TTL/DI 2개,RS-422 / HTL / TTL 3개 (그중 1개는 DI로 선택 가능),DIN EN 61000-6-2,,,,,,,,,,,,,,,,,,,,,,,,,,,
Lucid Vision,Y,TRX470S-CT,,"8232 x 5588 px, 47 MP",,Sony IMX492 CMOS,23.1 mm (Type 1.4),2.315 µm (H) x 2.315 µm (V),"Rolling, Global Reset",TFL-mount,Color,"10GBASE-T, 5GBASE-T, 2.5GBASE-T, 1000BASE-T, 100BASE-TX M12 (8-Pin X-Coded), PoE",13.7 FPS (13.7 FPS) @ 47 MP (10 bit ADC mode)11.5 FPS (11.5 FPS) @ 47 MP (12 bit ADC mode),44 x 44 x 82 mm,249 g,,,,PoE (IEEE 802.3af) or 12-24 V ±5% through GPIO,"PoE를 통한 <8.3W, 외부 전원 공급시 7.5W",880 MB,"Gain, gamma, black level, white balance, LUT, CCM, pixel correction, color space conversion","Mono8/10/12/16, Bayer8/10/12/16, RGB8, BGR8, YCbCr8, YCbCr411, YUV422, YUV411",,"수평 및 수직 비닝, 서브 샘플링, ROI","10, 12 bit",12 dB ~ 27 dB 아날로그,96.016 µs ~ 2 sec (10 bit ADC) 139.224 µs ~ 2 sec (12 bit ADC),1 default and 2 custom user set,16 MB,"Frame counter, offset X/Y, width/height, 노출 시간, gain, black level, line status, sequencer set","Acquisition start/end, exposure start/end, line rise/fall, error",2 counters and 2 timers,"노출 시간, gain","Software trigger, hardware trigger, PTP (IEEE 1588)",GigE Vision v3.0,"CE, FCC, KC, RoHS, REACH, WEEE",-30 to 60°C,-20 to 55°C 주변,"동작: 20% ~ 80%, relative, 비 응축","DIN EN 60068-2-27, DIN EN 60068-2-64",3 year,TRX470S,,IP67(IP67 보호를 위해 Triton은 IP67 렌즈 튜브 및 케이블과 함께 사용해야합니다),"UDP (GigE Vision), RDMA (RoCE v2)",17핀 M12 커넥터,"입력 1개, 출력 3개",양방향 포트 2개 또는 TTL/DI 2개,RS-422 / HTL / TTL 3개 (그중 1개는 DI로 선택 가능),DIN EN 61000-6-2,M12,,,,,,,,,,,,,,,,,,,,,,,,,,
Lucid Vision,Y,TRX470S-MT,,"8232 x 5588 px, 47 MP",,Sony IMX492 CMOS,23.1 mm (Type 1.4),2.315 µm (H) x 2.315 µm (V),"Rolling, Global Reset",TFL-mount,Mono,"10GBASE-T, 5GBASE-T, 2.5GBASE-T, 1000BASE-T, 100BASE-TX M12 (8-Pin X-Coded), PoE",13.7 FPS (13.7 FPS) @ 47 MP (10 bit ADC mode)11.5 FPS (11.5 FPS) @ 47 MP (12 bit ADC mode),44 x 44 x 82 mm,249 g,,,,PoE (IEEE 802.3af) or 12-24 V ±5% through GPIO,"PoE를 통한 <8.3W, 외부 전원 공급시 7.5W",880 MB,"Gain, gamma, black level, white balance, LUT, CCM, pixel correction, color space conversion","Mono8/10/12/16, Bayer8/10/12/16, RGB8, BGR8, YCbCr8, YCbCr411, YUV422, YUV411",,"수평 및 수직 비닝, 서브 샘플링, ROI","10, 12 bit",12 dB ~ 27 dB 아날로그,96.016 µs ~ 2 sec (10 bit ADC) 139.224 µs ~ 2 sec (12 bit ADC),1 default and 2 custom user set,16 MB,"Frame counter, offset X/Y, width/height, 노출 시간, gain, black level, line status, sequencer set","Acquisition start/end, exposure start/end, line rise/fall, error",2 counters and 2 timers,"노출 시간, gain","Software trigger, hardware trigger, PTP (IEEE 1588)",GigE Vision v3.0,"CE, FCC, KC, RoHS, REACH, WEEE",-30 to 60°C,-20 to 55°C 주변,"동작: 20% ~ 80%, relative, 비 응축","DIN EN 60068-2-27, DIN EN 60068-2-64",3 year,TRX470S,,IP67(IP67 보호를 위해 Triton은 IP67 렌즈 튜브 및 케이블과 함께 사용해야합니다),"UDP (GigE Vision), RDMA (RoCE v2)",17핀 M12 커넥터,"입력 1개, 출력 3개",양방향 포트 2개 또는 TTL/DI 2개,RS-422 / HTL / TTL 3개 (그중 1개는 DI로 선택 가능),DIN EN 61000-6-2,M12,,,,,,,,,,,,,,,,,,,,,,,,,,
Lucid Vision,N,TRX245S,24.5 MP,"5320 x 4600 px, 24.5 MP",35.5 fps,"Sony IMX530 CMOS (Pregius-S, BSI)",19.3mm (Type 1.2″),2.74 µm (H) x 2.74 µm (V),Global Shutter,C-Mount,Mono / Color,"10GBASE-T, 5GBASE-T, 2.5GBASE-T, 1000BASE-T, 100BASE-TX M12 (8-Pin X-Coded), PoE",35.4 FPS (35.4 FPS) @ 24.5 MP (8 Bit ADC mode)135.5 FPS (35.5 FPS) @ 24.5 MP (10 Bit ADC mode)35.5 FPS (35.5 FPS) @ 24.5 MP (12 Bit ADC mode),44 x 44 x 82 mm,243 g,,,,PoE (IEEE 802.3af) or 12-24 V ±5% through GPIO,"PoE를 통한 <8.3W, 외부 전원 공급시 7.5W",880 MB,"Gain, gamma, black level, white balance, LUT, CCM, pixel correction, color space conversion","Mono8/10/12/16, Bayer8/10/12/16, RGB8, BGR8, YCbCr8, YCbCr411, YUV422, YUV411",,"수평 및 수직 비닝, 서브 샘플링, ROI, 수평 및 수직 뒤집기","8, 10, 12 bit","0 dB ~ 48 dB 아날로그 및 디지털 Dual ADC Mode (low-gain, high-gain)",8.368 μs ~ 10 s (Normal) / 2.296 μs ~ 2.464 μs (Short Mode),1 default and 2 custom user set,16 MB,"Frame counter, offset X/Y, width/height, 노출 시간, gain, black level, line status, sequencer set","Acquisition start/end, exposure start/end, line rise/fall, error",2 counters and 2 timers,"노출 시간, gain","Software trigger, hardware trigger, PTP (IEEE 1588)",GigE Vision v3.0,"CE, FCC, KCC, RoHS, REACH, WEEE",-30 to 60°C,-20 to 55°C 주변,"동작: 20% ~ 80%, relative, 비 응축","DIN EN 60068-2-27, DIN EN 60068-2-64",3 year,,,IP67(IP67 보호를 위해 Triton은 IP67 렌즈 튜브 및 케이블과 함께 사용해야합니다),"UDP (GigE Vision), RDMA (RoCE v2)",17핀 M12 커넥터,"입력 1개, 출력 3개",양방향 포트 2개 또는 TTL/DI 2개,RS-422 / HTL / TTL 3개 (그중 1개는 DI로 선택 가능),DIN EN 61000-6-2,,,,,,,,,,,,,,,,,,,,,,,,,,,
Lucid Vision,Y,TRX245S-CC,,"5320 x 4600 px, 24.5 MP",,"Sony IMX530 CMOS (Pregius-S, BSI)",19.3mm (Type 1.2″),2.74 µm (H) x 2.74 µm (V),Global Shutter,C-mount,Color,"10GBASE-T, 5GBASE-T, 2.5GBASE-T, 1000BASE-T, 100BASE-TX M12 (8-Pin X-Coded), PoE",35.4 FPS (35.4 FPS) @ 24.5 MP (8 Bit ADC mode)135.5 FPS (35.5 FPS) @ 24.5 MP (10 Bit ADC mode)35.5 FPS (35.5 FPS) @ 24.5 MP (12 Bit ADC mode),44 x 44 x 82 mm,243 g,,,,PoE (IEEE 802.3af) or 12-24 V ±5% through GPIO,"PoE를 통한 <8.3W, 외부 전원 공급시 7.5W",880 MB,"Gain, gamma, black level, white balance, LUT, CCM, pixel correction, color space conversion","Mono8/10/12/16, Bayer8/10/12/16, RGB8, BGR8, YCbCr8, YCbCr411, YUV422, YUV411",,"수평 및 수직 비닝, 서브 샘플링, ROI, 수평 및 수직 뒤집기","8, 10, 12 bit","0 dB ~ 48 dB 아날로그 및 디지털 Dual ADC Mode (low-gain, high-gain)",8.368 μs ~ 10 s (Normal) / 2.296 μs ~ 2.464 μs (Short Mode),1 default and 2 custom user set,16 MB,"Frame counter, offset X/Y, width/height, 노출 시간, gain, black level, line status, sequencer set","Acquisition start/end, exposure start/end, line rise/fall, error",2 counters and 2 timers,"노출 시간, gain","Software trigger, hardware trigger, PTP (IEEE 1588)",GigE Vision v3.0,"CE, FCC, KCC, RoHS, REACH, WEEE",-30 to 60°C,-20 to 55°C 주변,"동작: 20% ~ 80%, relative, 비 응축","DIN EN 60068-2-27, DIN EN 60068-2-64",3 year,TRX245S,,IP67(IP67 보호를 위해 Triton은 IP67 렌즈 튜브 및 케이블과 함께 사용해야합니다),"UDP (GigE Vision), RDMA (RoCE v2)",17핀 M12 커넥터,"입력 1개, 출력 3개",양방향 포트 2개 또는 TTL/DI 2개,RS-422 / HTL / TTL 3개 (그중 1개는 DI로 선택 가능),DIN EN 61000-6-2,M12,,,,,,,,,,,,,,,,,,,,,,,,,,
Lucid Vision,Y,TRX245S-MC,,"5320 x 4600 px, 24.5 MP",,"Sony IMX530 CMOS (Pregius-S, BSI)",19.3mm (Type 1.2″),2.74 µm (H) x 2.74 µm (V),Global Shutter,C-mount,Mono,"10GBASE-T, 5GBASE-T, 2.5GBASE-T, 1000BASE-T, 100BASE-TX M12 (8-Pin X-Coded), PoE",35.4 FPS (35.4 FPS) @ 24.5 MP (8 Bit ADC mode)135.5 FPS (35.5 FPS) @ 24.5 MP (10 Bit ADC mode)35.5 FPS (35.5 FPS) @ 24.5 MP (12 Bit ADC mode),44 x 44 x 82 mm,243 g,,,,PoE (IEEE 802.3af) or 12-24 V ±5% through GPIO,"PoE를 통한 <8.3W, 외부 전원 공급시 7.5W",880 MB,"Gain, gamma, black level, white balance, LUT, CCM, pixel correction, color space conversion","Mono8/10/12/16, Bayer8/10/12/16, RGB8, BGR8, YCbCr8, YCbCr411, YUV422, YUV411",,"수평 및 수직 비닝, 서브 샘플링, ROI, 수평 및 수직 뒤집기","8, 10, 12 bit","0 dB ~ 48 dB 아날로그 및 디지털 Dual ADC Mode (low-gain, high-gain)",8.368 μs ~ 10 s (Normal) / 2.296 μs ~ 2.464 μs (Short Mode),1 default and 2 custom user set,16 MB,"Frame counter, offset X/Y, width/height, 노출 시간, gain, black level, line status, sequencer set","Acquisition start/end, exposure start/end, line rise/fall, error",2 counters and 2 timers,"노출 시간, gain","Software trigger, hardware trigger, PTP (IEEE 1588)",GigE Vision v3.0,"CE, FCC, KCC, RoHS, REACH, WEEE",-30 to 60°C,-20 to 55°C 주변,"동작: 20% ~ 80%, relative, 비 응축","DIN EN 60068-2-27, DIN EN 60068-2-64",3 year,TRX245S,,IP67(IP67 보호를 위해 Triton은 IP67 렌즈 튜브 및 케이블과 함께 사용해야합니다),"UDP (GigE Vision), RDMA (RoCE v2)",17핀 M12 커넥터,"입력 1개, 출력 3개",양방향 포트 2개 또는 TTL/DI 2개,RS-422 / HTL / TTL 3개 (그중 1개는 DI로 선택 가능),DIN EN 61000-6-2,M12,,,,,,,,,,,,,,,,,,,,,,,,,,
Lucid Vision,N,TRX246S,24.5 MP,"5320 x 4600 px, 24.5 MP",28.6 fps,"Sony IMX540 CMOS (Pregius-S, BSI)",19.3mm (Type 1.2″),2.74 µm (H) x 2.74 µm (V),Global Shutter,C-Mount,Mono / Color,"10GBASE-T, 5GBASE-T, 2.5GBASE-T, 1000BASE-T, 100BASE-TX M12 (8-Pin X-Coded), PoE",35.0 FPS (35.0 FPS) @ 24.5 MP (8 Bit ADC mode)128.6 FPS (28.6 FPS) @ 24.5 MP (10 Bit ADC mode)23.9 FPS (23.9 FPS) @ 24.5 MP (12 Bit ADC mode),44 x 44 x 82 mm,243 g,,,,PoE (IEEE 802.3af) or 12-24 V ±5% through GPIO,"PoE를 통한 <8.3W, 외부 전원 공급시 7.5W",880 MB,"Gain, gamma, black level, white balance, LUT, CCM, pixel correction, color space conversion","Mono8/10/12/16, Bayer8/10/12/16, RGB8, BGR8, YCbCr8, YCbCr411, YUV422, YUV411",,"수평 및 수직 비닝, 서브 샘플링, ROI, 수평 및 수직 뒤집기","8, 10, 12 bit",0 dB ~ 48 dB 아날로그 및 디지털,11.296 μs ~ 10 s (Normal) / 2.296 μs ~ 2.464 μs (Short Mode),1 default and 2 custom user set,16 MB,"Frame counter, offset X/Y, width/height, 노출 시간, gain, black level, line status, sequencer set","Acquisition start/end, exposure start/end, line rise/fall, error",2 counters and 2 timers,"노출 시간, gain","Software trigger, hardware trigger, PTP (IEEE 1588)",GigE Vision v3.0,"CE, FCC, RoHS, REACH, WEEE",-30 to 60°C,-20 to 55°C 주변,"동작: 20% ~ 80%, relative, 비 응축","DIN EN 60068-2-27, DIN EN 60068-2-64",3 year,,,IP67(IP67 보호를 위해 Triton은 IP67 렌즈 튜브 및 케이블과 함께 사용해야합니다),"UDP (GigE Vision), RDMA (RoCE v2)",17핀 M12 커넥터,"입력 1개, 출력 3개",양방향 포트 2개 또는 TTL/DI 2개,RS-422 / HTL / TTL 3개 (그중 1개는 DI로 선택 가능),DIN EN 61000-6-2,,,,,,,,,,,,,,,,,,,,,,,,,,,
Lucid Vision,Y,TRX246S-CC,,"5320 x 4600 px, 24.5 MP",,"Sony IMX540 CMOS (Pregius-S, BSI)",19.3mm (Type 1.2″),2.74 µm (H) x 2.74 µm (V),Global Shutter,C-mount,Color,"10GBASE-T, 5GBASE-T, 2.5GBASE-T, 1000BASE-T, 100BASE-TX M12 (8-Pin X-Coded), PoE",35.0 FPS (35.0 FPS) @ 24.5 MP (8 Bit ADC mode)128.6 FPS (28.6 FPS) @ 24.5 MP (10 Bit ADC mode)23.9 FPS (23.9 FPS) @ 24.5 MP (12 Bit ADC mode),44 x 44 x 82 mm,243 g,,,,PoE (IEEE 802.3af) or 12-24 V ±5% through GPIO,"PoE를 통한 <8.3W, 외부 전원 공급시 7.5W",880 MB,"Gain, gamma, black level, white balance, LUT, CCM, pixel correction, color space conversion","Mono8/10/12/16, Bayer8/10/12/16, RGB8, BGR8, YCbCr8, YCbCr411, YUV422, YUV411",,"수평 및 수직 비닝, 서브 샘플링, ROI, 수평 및 수직 뒤집기","8, 10, 12 bit",0 dB ~ 48 dB 아날로그 및 디지털,11.296 μs ~ 10 s (Normal) / 2.296 μs ~ 2.464 μs (Short Mode),1 default and 2 custom user set,16 MB,"Frame counter, offset X/Y, width/height, 노출 시간, gain, black level, line status, sequencer set","Acquisition start/end, exposure start/end, line rise/fall, error",2 counters and 2 timers,"노출 시간, gain","Software trigger, hardware trigger, PTP (IEEE 1588)",GigE Vision v3.0,"CE, FCC, RoHS, REACH, WEEE",-30 to 60°C,-20 to 55°C 주변,"동작: 20% ~ 80%, relative, 비 응축","DIN EN 60068-2-27, DIN EN 60068-2-64",3 year,TRX246S,,IP67(IP67 보호를 위해 Triton은 IP67 렌즈 튜브 및 케이블과 함께 사용해야합니다),"UDP (GigE Vision), RDMA (RoCE v2)",17핀 M12 커넥터,"입력 1개, 출력 3개",양방향 포트 2개 또는 TTL/DI 2개,RS-422 / HTL / TTL 3개 (그중 1개는 DI로 선택 가능),DIN EN 61000-6-2,M12,,,,,,,,,,,,,,,,,,,,,,,,,,
Lucid Vision,Y,TRX246S-MC,,"5320 x 4600 px, 24.5 MP",,"Sony IMX540 CMOS (Pregius-S, BSI)",19.3mm (Type 1.2″),2.74 µm (H) x 2.74 µm (V),Global Shutter,C-mount,Mono,"10GBASE-T, 5GBASE-T, 2.5GBASE-T, 1000BASE-T, 100BASE-TX M12 (8-Pin X-Coded), PoE",35.0 FPS (35.0 FPS) @ 24.5 MP (8 Bit ADC mode)128.6 FPS (28.6 FPS) @ 24.5 MP (10 Bit ADC mode)23.9 FPS (23.9 FPS) @ 24.5 MP (12 Bit ADC mode),44 x 44 x 82 mm,243 g,,,,PoE (IEEE 802.3af) or 12-24 V ±5% through GPIO,"PoE를 통한 <8.3W, 외부 전원 공급시 7.5W",880 MB,"Gain, gamma, black level, white balance, LUT, CCM, pixel correction, color space conversion","Mono8/10/12/16, Bayer8/10/12/16, RGB8, BGR8, YCbCr8, YCbCr411, YUV422, YUV411",,"수평 및 수직 비닝, 서브 샘플링, ROI, 수평 및 수직 뒤집기","8, 10, 12 bit",0 dB ~ 48 dB 아날로그 및 디지털,11.296 μs ~ 10 s (Normal) / 2.296 μs ~ 2.464 μs (Short Mode),1 default and 2 custom user set,16 MB,"Frame counter, offset X/Y, width/height, 노출 시간, gain, black level, line status, sequencer set","Acquisition start/end, exposure start/end, line rise/fall, error",2 counters and 2 timers,"노출 시간, gain","Software trigger, hardware trigger, PTP (IEEE 1588)",GigE Vision v3.0,"CE, FCC, RoHS, REACH, WEEE",-30 to 60°C,-20 to 55°C 주변,"동작: 20% ~ 80%, relative, 비 응축","DIN EN 60068-2-27, DIN EN 60068-2-64",3 year,TRX246S,,IP67(IP67 보호를 위해 Triton은 IP67 렌즈 튜브 및 케이블과 함께 사용해야합니다),"UDP (GigE Vision), RDMA (RoCE v2)",17핀 M12 커넥터,"입력 1개, 출력 3개",양방향 포트 2개 또는 TTL/DI 2개,RS-422 / HTL / TTL 3개 (그중 1개는 DI로 선택 가능),DIN EN 61000-6-2,M12,,,,,,,,,,,,,,,,,,,,,,,,,,
Lucid Vision,N,TRX204S,20.4 MP,"4504 x 4504 px, 20.4 MP",42.8 fps,"Sony IMX531 CMOS (Pregius-S, BSI)",17.5mm (Type 1.1″),2.74 µm (H) x 2.74 µm (V),Global Shutter,C-Mount,Mono / Color,"10GBASE-T, 5GBASE-T, 2.5GBASE-T, 1000BASE-T, 100BASE-TX M12 (8-Pin X-Coded), PoE",42.6 FPS (42.6 FPS) @ 20.4 MP (8 Bit ADC mode)142.7 FPS (42.7 FPS) @ 20.4 MP (10 Bit ADC mode)42.8 FPS (42.8 FPS) @ 20.4 MP (12 Bit ADC mode),44 x 44 x 82 mm,243 g,,,,PoE (IEEE 802.3af) or 12-24 V ±5% through GPIO,"PoE를 통한 <8.3W, 외부 전원 공급시 7.5W",880 MB,"Gain, gamma, black level, white balance, LUT, CCM, pixel correction, color space conversion","Mono8/10/12/16, Bayer8/10/12/16, RGB8, BGR8, YCbCr8, YCbCr411, YUV422, YUV411",,"수평 및 수직 비닝, 서브 샘플링, ROI, 수평 및 수직 뒤집기","8, 10, 12 bit","0 dB ~ 48 dB 아날로그 및 디지털 Dual ADC Mode (low-gain, high-gain)",7.464 μs ~ 10 s (Normal) / 2.296 μs ~ 2.464 μs (Short Mode),1 default and 2 custom user set,16 MB,"Frame counter, offset X/Y, width/height, 노출 시간, gain, black level, line status, sequencer set","Acquisition start/end, exposure start/end, line rise/fall, error",2 counters and 2 timers,"노출 시간, gain","Software trigger, hardware trigger, PTP (IEEE 1588)","GigE Vision v2.0, GigE Vision v3.0 Ready*","CE, FCC, KCC, RoHS, REACH, WEEE",-30 to 60°C,-20 to 55°C 주변,"동작: 20% ~ 80%, relative, 비 응축","DIN EN 60068-2-27, DIN EN 60068-2-64",3 year,,,IP67(IP67 보호를 위해 Triton은 IP67 렌즈 튜브 및 케이블과 함께 사용해야합니다),"UDP (GigE Vision), RDMA (RoCE v2, GigE Vision 3.0)",17핀 M12 커넥터,"입력 1개, 출력 3개",양방향 포트 2개 또는 TTL/DI 2개,RS-422 / HTL / TTL 3개 (그중 1개는 DI로 선택 가능),DIN EN 61000-6-2,,,,,,,,,,,,,,,,,,,,,,,,,,,
Lucid Vision,Y,TRX204S-CC,,"4504 x 4504 px, 20.4 MP",,"Sony IMX531 CMOS (Pregius-S, BSI)",17.5mm (Type 1.1″),2.74 µm (H) x 2.74 µm (V),Global Shutter,C-mount,Color,"10GBASE-T, 5GBASE-T, 2.5GBASE-T, 1000BASE-T, 100BASE-TX M12 (8-Pin X-Coded), PoE",42.6 FPS (42.6 FPS) @ 20.4 MP (8 Bit ADC mode)142.7 FPS (42.7 FPS) @ 20.4 MP (10 Bit ADC mode)42.8 FPS (42.8 FPS) @ 20.4 MP (12 Bit ADC mode),44 x 44 x 82 mm,243 g,,,,PoE (IEEE 802.3af) or 12-24 V ±5% through GPIO,"PoE를 통한 <8.3W, 외부 전원 공급시 7.5W",880 MB,"Gain, gamma, black level, white balance, LUT, CCM, pixel correction, color space conversion","Mono8/10/12/16, Bayer8/10/12/16, RGB8, BGR8, YCbCr8, YCbCr411, YUV422, YUV411",,"수평 및 수직 비닝, 서브 샘플링, ROI, 수평 및 수직 뒤집기","8, 10, 12 bit","0 dB ~ 48 dB 아날로그 및 디지털 Dual ADC Mode (low-gain, high-gain)",7.464 μs ~ 10 s (Normal) / 2.296 μs ~ 2.464 μs (Short Mode),1 default and 2 custom user set,16 MB,"Frame counter, offset X/Y, width/height, 노출 시간, gain, black level, line status, sequencer set","Acquisition start/end, exposure start/end, line rise/fall, error",2 counters and 2 timers,"노출 시간, gain","Software trigger, hardware trigger, PTP (IEEE 1588)","GigE Vision v2.0, GigE Vision v3.0 Ready*","CE, FCC, KCC, RoHS, REACH, WEEE",-30 to 60°C,-20 to 55°C 주변,"동작: 20% ~ 80%, relative, 비 응축","DIN EN 60068-2-27, DIN EN 60068-2-64",3 year,TRX204S,,IP67(IP67 보호를 위해 Triton은 IP67 렌즈 튜브 및 케이블과 함께 사용해야합니다),"UDP (GigE Vision), RDMA (RoCE v2, GigE Vision 3.0)",17핀 M12 커넥터,"입력 1개, 출력 3개",양방향 포트 2개 또는 TTL/DI 2개,RS-422 / HTL / TTL 3개 (그중 1개는 DI로 선택 가능),DIN EN 61000-6-2,M12,,,,,,,,,,,,,,,,,,,,,,,,,,
Lucid Vision,Y,TRX204S-MC,,"4504 x 4504 px, 20.4 MP",,"Sony IMX531 CMOS (Pregius-S, BSI)",17.5mm (Type 1.1″),2.74 µm (H) x 2.74 µm (V),Global Shutter,C-mount,Mono,"10GBASE-T, 5GBASE-T, 2.5GBASE-T, 1000BASE-T, 100BASE-TX M12 (8-Pin X-Coded), PoE",42.6 FPS (42.6 FPS) @ 20.4 MP (8 Bit ADC mode)142.7 FPS (42.7 FPS) @ 20.4 MP (10 Bit ADC mode)42.8 FPS (42.8 FPS) @ 20.4 MP (12 Bit ADC mode),44 x 44 x 82 mm,243 g,,,,PoE (IEEE 802.3af) or 12-24 V ±5% through GPIO,"PoE를 통한 <8.3W, 외부 전원 공급시 7.5W",880 MB,"Gain, gamma, black level, white balance, LUT, CCM, pixel correction, color space conversion","Mono8/10/12/16, Bayer8/10/12/16, RGB8, BGR8, YCbCr8, YCbCr411, YUV422, YUV411",,"수평 및 수직 비닝, 서브 샘플링, ROI, 수평 및 수직 뒤집기","8, 10, 12 bit","0 dB ~ 48 dB 아날로그 및 디지털 Dual ADC Mode (low-gain, high-gain)",7.464 μs ~ 10 s (Normal) / 2.296 μs ~ 2.464 μs (Short Mode),1 default and 2 custom user set,16 MB,"Frame counter, offset X/Y, width/height, 노출 시간, gain, black level, line status, sequencer set","Acquisition start/end, exposure start/end, line rise/fall, error",2 counters and 2 timers,"노출 시간, gain","Software trigger, hardware trigger, PTP (IEEE 1588)","GigE Vision v2.0, GigE Vision v3.0 Ready*","CE, FCC, KCC, RoHS, REACH, WEEE",-30 to 60°C,-20 to 55°C 주변,"동작: 20% ~ 80%, relative, 비 응축","DIN EN 60068-2-27, DIN EN 60068-2-64",3 year,TRX204S,,IP67(IP67 보호를 위해 Triton은 IP67 렌즈 튜브 및 케이블과 함께 사용해야합니다),"UDP (GigE Vision), RDMA (RoCE v2, GigE Vision 3.0)",17핀 M12 커넥터,"입력 1개, 출력 3개",양방향 포트 2개 또는 TTL/DI 2개,RS-422 / HTL / TTL 3개 (그중 1개는 DI로 선택 가능),DIN EN 61000-6-2,M12,,,,,,,,,,,,,,,,,,,,,,,,,,
Lucid Vision,N,TRX205S,20.4 MP,"4504 x 4504 px, 20.4 MP",34.1 fps,"Sony IMX541 CMOS (Pregius-S, BSI)",17.5mm (Type 1.1″),2.74 µm (H) x 2.74 µm (V),Global Shutter,C-Mount,Mono / Color,"10GBASE-T, 5GBASE-T, 2.5GBASE-T, 1000BASE-T, 100BASE-TX M12 (8-Pin X-Coded), PoE",42.6 FPS (42.6 FPS) @ 20.4 MP (8 Bit ADC mode)134.1 FPS (34.1 FPS) @ 20.4 MP (10 Bit ADC mode)28.7 FPS (28.7 FPS) @ 20.4 MP (12 Bit ADC mode),44 x 44 x 82 mm,243 g,,,,PoE (IEEE 802.3af) or 12-24 V ±5% through GPIO,"PoE를 통한 <8.3W, 외부 전원 공급시 7.5W",880 MB,"Gain, gamma, black level, white balance, LUT, CCM, pixel correction, color space conversion","Mono8/10/12/16, Bayer8/10/12/16, RGB8, BGR8, YCbCr8, YCbCr411, YUV422, YUV411",,"수평 및 수직 비닝, 서브 샘플링, ROI, 수평 및 수직 뒤집기","8, 10, 12 bit",0 dB ~ 48 dB 아날로그 및 디지털,9.976 μs ~ 10 s (Normal) / 2.296 μs ~ 2.464 μs (Short Mode),1 default and 2 custom user set,16 MB,"Frame counter, offset X/Y, width/height, 노출 시간, gain, black level, line status, sequencer set","Acquisition start/end, exposure start/end, line rise/fall, error",2 counters and 2 timers,"노출 시간, gain","Software trigger, hardware trigger, PTP (IEEE 1588)","GigE Vision v2.0, GigE Vision v3.0 Ready*","CE, FCC, KC, RoHS, REACH, WEEE",-30 to 60°C,-20 to 55°C 주변,"동작: 20% ~ 80%, relative, 비 응축","DIN EN 60068-2-27, DIN EN 60068-2-64",3 year,,,IP67(IP67 보호를 위해 Triton은 IP67 렌즈 튜브 및 케이블과 함께 사용해야합니다),"UDP (GigE Vision), RDMA (RoCE v2, GigE Vision 3.0)",17핀 M12 커넥터,"입력 1개, 출력 3개",양방향 포트 2개 또는 TTL/DI 2개,RS-422 / HTL / TTL 3개 (그중 1개는 DI로 선택 가능),DIN EN 61000-6-2,,,,,,,,,,,,,,,,,,,,,,,,,,,
Lucid Vision,Y,TRX205S-CC,,"4504 x 4504 px, 20.4 MP",,"Sony IMX541 CMOS (Pregius-S, BSI)",17.5mm (Type 1.1″),2.74 µm (H) x 2.74 µm (V),Global Shutter,C-mount,Color,"10GBASE-T, 5GBASE-T, 2.5GBASE-T, 1000BASE-T, 100BASE-TX M12 (8-Pin X-Coded), PoE",42.6 FPS (42.6 FPS) @ 20.4 MP (8 Bit ADC mode)134.1 FPS (34.1 FPS) @ 20.4 MP (10 Bit ADC mode)28.7 FPS (28.7 FPS) @ 20.4 MP (12 Bit ADC mode),44 x 44 x 82 mm,243 g,,,,PoE (IEEE 802.3af) or 12-24 V ±5% through GPIO,"PoE를 통한 <8.3W, 외부 전원 공급시 7.5W",880 MB,"Gain, gamma, black level, white balance, LUT, CCM, pixel correction, color space conversion","Mono8/10/12/16, Bayer8/10/12/16, RGB8, BGR8, YCbCr8, YCbCr411, YUV422, YUV411",,"수평 및 수직 비닝, 서브 샘플링, ROI, 수평 및 수직 뒤집기","8, 10, 12 bit",0 dB ~ 48 dB 아날로그 및 디지털,9.976 μs ~ 10 s (Normal) / 2.296 μs ~ 2.464 μs (Short Mode),1 default and 2 custom user set,16 MB,"Frame counter, offset X/Y, width/height, 노출 시간, gain, black level, line status, sequencer set","Acquisition start/end, exposure start/end, line rise/fall, error",2 counters and 2 timers,"노출 시간, gain","Software trigger, hardware trigger, PTP (IEEE 1588)","GigE Vision v2.0, GigE Vision v3.0 Ready*","CE, FCC, KC, RoHS, REACH, WEEE",-30 to 60°C,-20 to 55°C 주변,"동작: 20% ~ 80%, relative, 비 응축","DIN EN 60068-2-27, DIN EN 60068-2-64",3 year,TRX205S,,IP67(IP67 보호를 위해 Triton은 IP67 렌즈 튜브 및 케이블과 함께 사용해야합니다),"UDP (GigE Vision), RDMA (RoCE v2, GigE Vision 3.0)",17핀 M12 커넥터,"입력 1개, 출력 3개",양방향 포트 2개 또는 TTL/DI 2개,RS-422 / HTL / TTL 3개 (그중 1개는 DI로 선택 가능),DIN EN 61000-6-2,M12,,,,,,,,,,,,,,,,,,,,,,,,,,
Lucid Vision,Y,TRX205S-MC,,"4504 x 4504 px, 20.4 MP",,"Sony IMX541 CMOS (Pregius-S, BSI)",17.5mm (Type 1.1″),2.74 µm (H) x 2.74 µm (V),Global Shutter,C-mount,Mono,"10GBASE-T, 5GBASE-T, 2.5GBASE-T, 1000BASE-T, 100BASE-TX M12 (8-Pin X-Coded), PoE",42.6 FPS (42.6 FPS) @ 20.4 MP (8 Bit ADC mode)134.1 FPS (34.1 FPS) @ 20.4 MP (10 Bit ADC mode)28.7 FPS (28.7 FPS) @ 20.4 MP (12 Bit ADC mode),44 x 44 x 82 mm,243 g,,,,PoE (IEEE 802.3af) or 12-24 V ±5% through GPIO,"PoE를 통한 <8.3W, 외부 전원 공급시 7.5W",880 MB,"Gain, gamma, black level, white balance, LUT, CCM, pixel correction, color space conversion","Mono8/10/12/16, Bayer8/10/12/16, RGB8, BGR8, YCbCr8, YCbCr411, YUV422, YUV411",,"수평 및 수직 비닝, 서브 샘플링, ROI, 수평 및 수직 뒤집기","8, 10, 12 bit",0 dB ~ 48 dB 아날로그 및 디지털,9.976 μs ~ 10 s (Normal) / 2.296 μs ~ 2.464 μs (Short Mode),1 default and 2 custom user set,16 MB,"Frame counter, offset X/Y, width/height, 노출 시간, gain, black level, line status, sequencer set","Acquisition start/end, exposure start/end, line rise/fall, error",2 counters and 2 timers,"노출 시간, gain","Software trigger, hardware trigger, PTP (IEEE 1588)","GigE Vision v2.0, GigE Vision v3.0 Ready*","CE, FCC, KC, RoHS, REACH, WEEE",-30 to 60°C,-20 to 55°C 주변,"동작: 20% ~ 80%, relative, 비 응축","DIN EN 60068-2-27, DIN EN 60068-2-64",3 year,TRX205S,,IP67(IP67 보호를 위해 Triton은 IP67 렌즈 튜브 및 케이블과 함께 사용해야합니다),"UDP (GigE Vision), RDMA (RoCE v2, GigE Vision 3.0)",17핀 M12 커넥터,"입력 1개, 출력 3개",양방향 포트 2개 또는 TTL/DI 2개,RS-422 / HTL / TTL 3개 (그중 1개는 DI로 선택 가능),DIN EN 61000-6-2,M12,,,,,,,,,,,,,,,,,,,,,,,,,,
Lucid Vision,N,TRX162S,16.2 MP,"5320 x 3032 px, 16.2 MP",53.0 fps,"Sony IMX532 CMOS (Pregius-S, BSI)",16.8mm (Type 1.1″),2.74 µm (H) x 2.74 µm (V),Global Shutter,C-Mount,Mono / Color,"10GBASE-T, 5GBASE-T, 2.5GBASE-T, 1000BASE-T, 100BASE-TX M12 (8-Pin X-Coded), PoE",52.8 FPS (52.8 FPS) @ 16.2 MP (8 Bit ADC mode)152.9 FPS (52.9 FPS) @ 16.2 MP (10 Bit ADC mode)53.0 FPS (53.0 FPS) @ 16.2 MP (12 Bit ADC mode),44 x 44 x 82 mm,243 g,,,,PoE (IEEE 802.3af) or 12-24 V ±5% through GPIO,"PoE를 통한 <8.3W, 외부 전원 공급시 7.5W",880 MB,"Gain, gamma, black level, white balance, LUT, CCM, pixel correction, color space conversion","Mono8/10/12/16, Bayer8/10/12/16, RGB8, BGR8, YCbCr8, YCbCr411, YUV422, YUV411",,"수평 및 수직 비닝, 서브 샘플링, ROI, 수평 및 수직 뒤집기","8, 10, 12 bit","0 dB ~ 48 dB 아날로그 및 디지털 Dual ADC Mode (low-gain, high-gain)",8.368 μs ~ 10 s (Normal) / 2.296 μs ~ 2.464 μs (Short Mode),1 default and 2 custom user set,16 MB,"Frame counter, offset X/Y, width/height, 노출 시간, gain, black level, line status, sequencer set","Acquisition start/end, exposure start/end, line rise/fall, error",2 counters and 2 timers,"노출 시간, gain","Software trigger, hardware trigger, PTP (IEEE 1588)","GigE Vision v2.0, GigE Vision v3.0 Ready*","CE, FCC, KCC, RoHS, REACH, WEEE",-30 to 60°C,-20 to 55°C 주변,"동작: 20% ~ 80%, relative, 비 응축","DIN EN 60068-2-27, DIN EN 60068-2-64",3 year,,,IP67(IP67 보호를 위해 Triton은 IP67 렌즈 튜브 및 케이블과 함께 사용해야합니다),"UDP (GigE Vision), RDMA (RoCE v2, GigE Vision 3.0)",17핀 M12 커넥터,"입력 1개, 출력 3개",양방향 포트 2개 또는 TTL/DI 2개,RS-422 / HTL / TTL 3개 (그중 1개는 DI로 선택 가능),DIN EN 61000-6-2,,,,,,,,,,,,,,,,,,,,,,,,,,,
Lucid Vision,Y,TRX162S-CC,,"5320 x 3032 px, 16.2 MP",,"Sony IMX532 CMOS (Pregius-S, BSI)",16.8mm (Type 1.1″),2.74 µm (H) x 2.74 µm (V),Global Shutter,C-mount,Color,"10GBASE-T, 5GBASE-T, 2.5GBASE-T, 1000BASE-T, 100BASE-TX M12 (8-Pin X-Coded), PoE",52.8 FPS (52.8 FPS) @ 16.2 MP (8 Bit ADC mode)152.9 FPS (52.9 FPS) @ 16.2 MP (10 Bit ADC mode)53.0 FPS (53.0 FPS) @ 16.2 MP (12 Bit ADC mode),44 x 44 x 82 mm,243 g,,,,PoE (IEEE 802.3af) or 12-24 V ±5% through GPIO,"PoE를 통한 <8.3W, 외부 전원 공급시 7.5W",880 MB,"Gain, gamma, black level, white balance, LUT, CCM, pixel correction, color space conversion","Mono8/10/12/16, Bayer8/10/12/16, RGB8, BGR8, YCbCr8, YCbCr411, YUV422, YUV411",,"수평 및 수직 비닝, 서브 샘플링, ROI, 수평 및 수직 뒤집기","8, 10, 12 bit","0 dB ~ 48 dB 아날로그 및 디지털 Dual ADC Mode (low-gain, high-gain)",8.368 μs ~ 10 s (Normal) / 2.296 μs ~ 2.464 μs (Short Mode),1 default and 2 custom user set,16 MB,"Frame counter, offset X/Y, width/height, 노출 시간, gain, black level, line status, sequencer set","Acquisition start/end, exposure start/end, line rise/fall, error",2 counters and 2 timers,"노출 시간, gain","Software trigger, hardware trigger, PTP (IEEE 1588)","GigE Vision v2.0, GigE Vision v3.0 Ready*","CE, FCC, KCC, RoHS, REACH, WEEE",-30 to 60°C,-20 to 55°C 주변,"동작: 20% ~ 80%, relative, 비 응축","DIN EN 60068-2-27, DIN EN 60068-2-64",3 year,TRX162S,,IP67(IP67 보호를 위해 Triton은 IP67 렌즈 튜브 및 케이블과 함께 사용해야합니다),"UDP (GigE Vision), RDMA (RoCE v2, GigE Vision 3.0)",17핀 M12 커넥터,"입력 1개, 출력 3개",양방향 포트 2개 또는 TTL/DI 2개,RS-422 / HTL / TTL 3개 (그중 1개는 DI로 선택 가능),DIN EN 61000-6-2,M12,,,,,,,,,,,,,,,,,,,,,,,,,,
Lucid Vision,Y,TRX162S-MC,,"5320 x 3032 px, 16.2 MP",,"Sony IMX532 CMOS (Pregius-S, BSI)",16.8mm (Type 1.1″),2.74 µm (H) x 2.74 µm (V),Global Shutter,C-mount,Mono,"10GBASE-T, 5GBASE-T, 2.5GBASE-T, 1000BASE-T, 100BASE-TX M12 (8-Pin X-Coded), PoE",52.8 FPS (52.8 FPS) @ 16.2 MP (8 Bit ADC mode)152.9 FPS (52.9 FPS) @ 16.2 MP (10 Bit ADC mode)53.0 FPS (53.0 FPS) @ 16.2 MP (12 Bit ADC mode),44 x 44 x 82 mm,243 g,,,,PoE (IEEE 802.3af) or 12-24 V ±5% through GPIO,"PoE를 통한 <8.3W, 외부 전원 공급시 7.5W",880 MB,"Gain, gamma, black level, white balance, LUT, CCM, pixel correction, color space conversion","Mono8/10/12/16, Bayer8/10/12/16, RGB8, BGR8, YCbCr8, YCbCr411, YUV422, YUV411",,"수평 및 수직 비닝, 서브 샘플링, ROI, 수평 및 수직 뒤집기","8, 10, 12 bit","0 dB ~ 48 dB 아날로그 및 디지털 Dual ADC Mode (low-gain, high-gain)",8.368 μs ~ 10 s (Normal) / 2.296 μs ~ 2.464 μs (Short Mode),1 default and 2 custom user set,16 MB,"Frame counter, offset X/Y, width/height, 노출 시간, gain, black level, line status, sequencer set","Acquisition start/end, exposure start/end, line rise/fall, error",2 counters and 2 timers,"노출 시간, gain","Software trigger, hardware trigger, PTP (IEEE 1588)","GigE Vision v2.0, GigE Vision v3.0 Ready*","CE, FCC, KCC, RoHS, REACH, WEEE",-30 to 60°C,-20 to 55°C 주변,"동작: 20% ~ 80%, relative, 비 응축","DIN EN 60068-2-27, DIN EN 60068-2-64",3 year,TRX162S,,IP67(IP67 보호를 위해 Triton은 IP67 렌즈 튜브 및 케이블과 함께 사용해야합니다),"UDP (GigE Vision), RDMA (RoCE v2, GigE Vision 3.0)",17핀 M12 커넥터,"입력 1개, 출력 3개",양방향 포트 2개 또는 TTL/DI 2개,RS-422 / HTL / TTL 3개 (그중 1개는 DI로 선택 가능),DIN EN 61000-6-2,M12,,,,,,,,,,,,,,,,,,,,,,,,,,
Lucid Vision,N,TRX163S,16.2 MP,"5320 x 3032 px, 16.2 MP",42.8 fps,"Sony IMX542 CMOS (Pregius-S, BSI)",16.8mm (Type 1.1″),2.74 µm (H) x 2.74 µm (V),Global Shutter,C-Mount,Mono / Color,"10GBASE-T, 5GBASE-T, 2.5GBASE-T, 1000BASE-T, 100BASE-TX M12 (8-Pin X-Coded), PoE",52.4 FPS (52.4 FPS) @ 16.2 MP (8 Bit ADC mode)142.8 FPS (42.8 FPS) @ 16.2 MP (10 Bit ADC mode) 35.9 FPS (35.9 FPS) @ 16.2 MP (12 Bit ADC mode),44 x 44 x 82 mm,243 g,,,,PoE (IEEE 802.3af) or 12-24 V ±5% through GPIO,"PoE를 통한 <8.3W, 외부 전원 공급시 7.5W",880 MB,"Gain, gamma, black level, white balance, LUT, CCM, pixel correction, color space conversion","Mono8/10/12/16, Bayer8/10/12/16, RGB8, BGR8, YCbCr8, YCbCr411, YUV422, YUV411",,"수평 및 수직 비닝, 서브 샘플링, ROI, 수평 및 수직 뒤집기","8, 10, 12 bit",0 dB ~ 48 dB 아날로그 및 디지털,11.296 μs ~ 10 s (Normal) / 2.296 μs ~ 2.464 μs (Short Mode),1 default and 2 custom user set,16 MB,"Frame counter, offset X/Y, width/height, 노출 시간, gain, black level, line status, sequencer set","Acquisition start/end, exposure start/end, line rise/fall, error",2 counters and 2 timers,"노출 시간, gain","Software trigger, hardware trigger, PTP (IEEE 1588)","GigE Vision v2.0, GigE Vision v3.0 Ready*","CE, FCC, KC, RoHS, REACH, WEEE",-30 to 60°C,-20 to 55°C 주변,"동작: 20% ~ 80%, relative, 비 응축","DIN EN 60068-2-27, DIN EN 60068-2-64",3 year,,,IP67(IP67 보호를 위해 Triton은 IP67 렌즈 튜브 및 케이블과 함께 사용해야합니다),"UDP (GigE Vision), RDMA (RoCE v2, GigE Vision 3.0)",17핀 M12 커넥터,"입력 1개, 출력 3개",양방향 포트 2개 또는 TTL/DI 2개,RS-422 / HTL / TTL 3개 (그중 1개는 DI로 선택 가능),DIN EN 61000-6-2,,,,,,,,,,,,,,,,,,,,,,,,,,,
Lucid Vision,Y,TRX163S-CC,,"5320 x 3032 px, 16.2 MP",,"Sony IMX542 CMOS (Pregius-S, BSI)",16.8mm (Type 1.1″),2.74 µm (H) x 2.74 µm (V),Global Shutter,C-mount,Color,"10GBASE-T, 5GBASE-T, 2.5GBASE-T, 1000BASE-T, 100BASE-TX M12 (8-Pin X-Coded), PoE",52.4 FPS (52.4 FPS) @ 16.2 MP (8 Bit ADC mode)142.8 FPS (42.8 FPS) @ 16.2 MP (10 Bit ADC mode) 35.9 FPS (35.9 FPS) @ 16.2 MP (12 Bit ADC mode),44 x 44 x 82 mm,243 g,,,,PoE (IEEE 802.3af) or 12-24 V ±5% through GPIO,"PoE를 통한 <8.3W, 외부 전원 공급시 7.5W",880 MB,"Gain, gamma, black level, white balance, LUT, CCM, pixel correction, color space conversion","Mono8/10/12/16, Bayer8/10/12/16, RGB8, BGR8, YCbCr8, YCbCr411, YUV422, YUV411",,"수평 및 수직 비닝, 서브 샘플링, ROI, 수평 및 수직 뒤집기","8, 10, 12 bit",0 dB ~ 48 dB 아날로그 및 디지털,11.296 μs ~ 10 s (Normal) / 2.296 μs ~ 2.464 μs (Short Mode),1 default and 2 custom user set,16 MB,"Frame counter, offset X/Y, width/height, 노출 시간, gain, black level, line status, sequencer set","Acquisition start/end, exposure start/end, line rise/fall, error",2 counters and 2 timers,"노출 시간, gain","Software trigger, hardware trigger, PTP (IEEE 1588)","GigE Vision v2.0, GigE Vision v3.0 Ready*","CE, FCC, KC, RoHS, REACH, WEEE",-30 to 60°C,-20 to 55°C 주변,"동작: 20% ~ 80%, relative, 비 응축","DIN EN 60068-2-27, DIN EN 60068-2-64",3 year,TRX163S,,IP67(IP67 보호를 위해 Triton은 IP67 렌즈 튜브 및 케이블과 함께 사용해야합니다),"UDP (GigE Vision), RDMA (RoCE v2, GigE Vision 3.0)",17핀 M12 커넥터,"입력 1개, 출력 3개",양방향 포트 2개 또는 TTL/DI 2개,RS-422 / HTL / TTL 3개 (그중 1개는 DI로 선택 가능),DIN EN 61000-6-2,M12,,,,,,,,,,,,,,,,,,,,,,,,,,
Lucid Vision,Y,TRX163S-MC,,"5320 x 3032 px, 16.2 MP",,"Sony IMX542 CMOS (Pregius-S, BSI)",16.8mm (Type 1.1″),2.74 µm (H) x 2.74 µm (V),Global Shutter,C-mount,Mono,"10GBASE-T, 5GBASE-T, 2.5GBASE-T, 1000BASE-T, 100BASE-TX M12 (8-Pin X-Coded), PoE",52.4 FPS (52.4 FPS) @ 16.2 MP (8 Bit ADC mode)142.8 FPS (42.8 FPS) @ 16.2 MP (10 Bit ADC mode) 35.9 FPS (35.9 FPS) @ 16.2 MP (12 Bit ADC mode),44 x 44 x 82 mm,243 g,,,,PoE (IEEE 802.3af) or 12-24 V ±5% through GPIO,"PoE를 통한 <8.3W, 외부 전원 공급시 7.5W",880 MB,"Gain, gamma, black level, white balance, LUT, CCM, pixel correction, color space conversion","Mono8/10/12/16, Bayer8/10/12/16, RGB8, BGR8, YCbCr8, YCbCr411, YUV422, YUV411",,"수평 및 수직 비닝, 서브 샘플링, ROI, 수평 및 수직 뒤집기","8, 10, 12 bit",0 dB ~ 48 dB 아날로그 및 디지털,11.296 μs ~ 10 s (Normal) / 2.296 μs ~ 2.464 μs (Short Mode),1 default and 2 custom user set,16 MB,"Frame counter, offset X/Y, width/height, 노출 시간, gain, black level, line status, sequencer set","Acquisition start/end, exposure start/end, line rise/fall, error",2 counters and 2 timers,"노출 시간, gain","Software trigger, hardware trigger, PTP (IEEE 1588)","GigE Vision v2.0, GigE Vision v3.0 Ready*","CE, FCC, KC, RoHS, REACH, WEEE",-30 to 60°C,-20 to 55°C 주변,"동작: 20% ~ 80%, relative, 비 응축","DIN EN 60068-2-27, DIN EN 60068-2-64",3 year,TRX163S,,IP67(IP67 보호를 위해 Triton은 IP67 렌즈 튜브 및 케이블과 함께 사용해야합니다),"UDP (GigE Vision), RDMA (RoCE v2, GigE Vision 3.0)",17핀 M12 커넥터,"입력 1개, 출력 3개",양방향 포트 2개 또는 TTL/DI 2개,RS-422 / HTL / TTL 3개 (그중 1개는 DI로 선택 가능),DIN EN 61000-6-2,M12,,,,,,,,,,,,,,,,,,,,,,,,,,
Lucid Vision,N,TRX124S,12.3 MP,"4096 x 3000, 12.3 MP",89.7 fps,"Sony IMX535 CMOS (Pregius-S, BSI)",14.0mm (Type 1/1.1″),2.74 µm (H) x 2.74 µm (V),Global Shutter,C-Mount,Mono / Color,"10GBASE-T, 5GBASE-T, 2.5GBASE-T, 1000BASE-T, 100BASE-TX M12 (8-Pin X-Coded), PoE",89.7 FPS (90.9 FPS) @ 12.3 MP (8 Bit ADC mode)189.7 FPS (91.6 FPS) @ 12.3 MP (10 Bit ADC mode)89.7 FPS (90.1 FPS) @ 12.3 MP (12 Bit ADC mode),44 x 44 x 82 mm,243 g,,,,PoE (IEEE 802.3af) or 12-24 V ±5% through GPIO,"PoE를 통한 <8.3W, 외부 전원 공급시 7.5W",880 MB,"Gain, gamma, black level, white balance, LUT, CCM, pixel correction, color space conversion","Mono8/10/12/16, Bayer8/10/12/16, RGB8, BGR8, YCbCr8, YCbCr411, YUV422, YUV411",,"수평 및 수직 비닝, 서브 샘플링, ROI, 수평 및 수직 뒤집기","8, 10, 12 bit","0 dB ~ 48 dB 아날로그 및 디지털 Dual ADC Mode (low-gain, high-gain)",6.048 μs ~ 10 s (Normal) / 2.312 μs ~ 2.472 μs (Short Mode),1 default and 2 custom user set,16 MB,"Frame counter, offset X/Y, width/height, 노출 시간, gain, black level, line status, sequencer set","Acquisition start/end, exposure start/end, line rise/fall, error",2 counters and 2 timers,"노출 시간, gain","Software trigger, hardware trigger, PTP (IEEE 1588)","GigE Vision v2.0, GigE Vision v3.0 Ready*","CE, FCC, KCC, RoHS, REACH, WEEE",-30 to 60°C,-20 to 55°C 주변,"동작: 20% ~ 80%, relative, 비 응축","DIN EN 60068-2-27, DIN EN 60068-2-64*",3 year,,,IP67(IP67 보호를 위해 Triton은 IP67 렌즈 튜브 및 케이블과 함께 사용해야합니다),"UDP (GigE Vision), RDMA (RoCE v2, GigE Vision 3.0)",17핀 M12 커넥터,"입력 1개, 출력 3개",양방향 포트 2개 또는 TTL/DI 2개,RS-422 / HTL / TTL 3개 (그중 1개는 DI로 선택 가능),DIN EN 61000-6-2,,,,,,,,,,,,,,,,,,,,,,,,,,,
Lucid Vision,Y,TRX124S-CC,,"4096 x 3000, 12.3 MP",,"Sony IMX535 CMOS (Pregius-S, BSI)",14.0mm (Type 1/1.1″),2.74 µm (H) x 2.74 µm (V),Global Shutter,C-mount,Color,"10GBASE-T, 5GBASE-T, 2.5GBASE-T, 1000BASE-T, 100BASE-TX M12 (8-Pin X-Coded), PoE",89.7 FPS (90.9 FPS) @ 12.3 MP (8 Bit ADC mode)189.7 FPS (91.6 FPS) @ 12.3 MP (10 Bit ADC mode)89.7 FPS (90.1 FPS) @ 12.3 MP (12 Bit ADC mode),44 x 44 x 82 mm,243 g,,,,PoE (IEEE 802.3af) or 12-24 V ±5% through GPIO,"PoE를 통한 <8.3W, 외부 전원 공급시 7.5W",880 MB,"Gain, gamma, black level, white balance, LUT, CCM, pixel correction, color space conversion","Mono8/10/12/16, Bayer8/10/12/16, RGB8, BGR8, YCbCr8, YCbCr411, YUV422, YUV411",,"수평 및 수직 비닝, 서브 샘플링, ROI, 수평 및 수직 뒤집기","8, 10, 12 bit","0 dB ~ 48 dB 아날로그 및 디지털 Dual ADC Mode (low-gain, high-gain)",6.048 μs ~ 10 s (Normal) / 2.312 μs ~ 2.472 μs (Short Mode),1 default and 2 custom user set,16 MB,"Frame counter, offset X/Y, width/height, 노출 시간, gain, black level, line status, sequencer set","Acquisition start/end, exposure start/end, line rise/fall, error",2 counters and 2 timers,"노출 시간, gain","Software trigger, hardware trigger, PTP (IEEE 1588)","GigE Vision v2.0, GigE Vision v3.0 Ready*","CE, FCC, KCC, RoHS, REACH, WEEE",-30 to 60°C,-20 to 55°C 주변,"동작: 20% ~ 80%, relative, 비 응축","DIN EN 60068-2-27, DIN EN 60068-2-64*",3 year,TRX124S,,IP67(IP67 보호를 위해 Triton은 IP67 렌즈 튜브 및 케이블과 함께 사용해야합니다),"UDP (GigE Vision), RDMA (RoCE v2, GigE Vision 3.0)",17핀 M12 커넥터,"입력 1개, 출력 3개",양방향 포트 2개 또는 TTL/DI 2개,RS-422 / HTL / TTL 3개 (그중 1개는 DI로 선택 가능),DIN EN 61000-6-2,M12,,,,,,,,,,,,,,,,,,,,,,,,,,
Lucid Vision,Y,TRX124S-MC,,"4096 x 3000, 12.3 MP",,"Sony IMX535 CMOS (Pregius-S, BSI)",14.0mm (Type 1/1.1″),2.74 µm (H) x 2.74 µm (V),Global Shutter,C-mount,Mono,"10GBASE-T, 5GBASE-T, 2.5GBASE-T, 1000BASE-T, 100BASE-TX M12 (8-Pin X-Coded), PoE",89.7 FPS (90.9 FPS) @ 12.3 MP (8 Bit ADC mode)189.7 FPS (91.6 FPS) @ 12.3 MP (10 Bit ADC mode)89.7 FPS (90.1 FPS) @ 12.3 MP (12 Bit ADC mode),44 x 44 x 82 mm,243 g,,,,PoE (IEEE 802.3af) or 12-24 V ±5% through GPIO,"PoE를 통한 <8.3W, 외부 전원 공급시 7.5W",880 MB,"Gain, gamma, black level, white balance, LUT, CCM, pixel correction, color space conversion","Mono8/10/12/16, Bayer8/10/12/16, RGB8, BGR8, YCbCr8, YCbCr411, YUV422, YUV411",,"수평 및 수직 비닝, 서브 샘플링, ROI, 수평 및 수직 뒤집기","8, 10, 12 bit","0 dB ~ 48 dB 아날로그 및 디지털 Dual ADC Mode (low-gain, high-gain)",6.048 μs ~ 10 s (Normal) / 2.312 μs ~ 2.472 μs (Short Mode),1 default and 2 custom user set,16 MB,"Frame counter, offset X/Y, width/height, 노출 시간, gain, black level, line status, sequencer set","Acquisition start/end, exposure start/end, line rise/fall, error",2 counters and 2 timers,"노출 시간, gain","Software trigger, hardware trigger, PTP (IEEE 1588)","GigE Vision v2.0, GigE Vision v3.0 Ready*","CE, FCC, KCC, RoHS, REACH, WEEE",-30 to 60°C,-20 to 55°C 주변,"동작: 20% ~ 80%, relative, 비 응축","DIN EN 60068-2-27, DIN EN 60068-2-64*",3 year,TRX124S,,IP67(IP67 보호를 위해 Triton은 IP67 렌즈 튜브 및 케이블과 함께 사용해야합니다),"UDP (GigE Vision), RDMA (RoCE v2, GigE Vision 3.0)",17핀 M12 커넥터,"입력 1개, 출력 3개",양방향 포트 2개 또는 TTL/DI 2개,RS-422 / HTL / TTL 3개 (그중 1개는 DI로 선택 가능),DIN EN 61000-6-2,M12,,,,,,,,,,,,,,,,,,,,,,,,,,
Lucid Vision,N,TRX125S,12.3 MP,"4096 x 3000, 12.3 MP",54.9 fps,"Sony IMX545 CMOS (Pregius-S, BSI)",14.0mm (Type 1/1.1″),2.74 µm (H) x 2.74 µm (V),Global Shutter,C-Mount,Mono / Color,"10GBASE-T, 5GBASE-T, 2.5GBASE-T, 1000BASE-T, 100BASE-TX M12 (8-Pin X-Coded), PoE",67.8 FPS (67.8 FPS) @ 12.3 MP (8 Bit ADC mode)154.9 FPS (54.9 FPS) @ 12.3 MP (10 Bit ADC mode)46.2 FPS (46.2 FPS) @ 12.3 MP (12 Bit ADC mode),44 x 44 x 82 mm,243 g,,,,PoE (IEEE 802.3af) or 12-24 V ±5% through GPIO,"PoE를 통한 <8.3W, 외부 전원 공급시 7.5W",880 MB,"Gain, gamma, black level, white balance, LUT, CCM, pixel correction, color space conversion","Mono8/10/12/16, Bayer8/10/12/16, RGB8, BGR8, YCbCr8, YCbCr411, YUV422, YUV411",,"수평 및 수직 비닝, 서브 샘플링, ROI, 수평 및 수직 뒤집기","8, 10, 12 bit",0 dB ~ 48 dB 아날로그 및 디지털,9.36 μs ~ 10 s (Normal) / 2.312 μs ~ 2.472 μs (Short Mode),1 default and 2 custom user set,16 MB,"Frame counter, offset X/Y, width/height, 노출 시간, gain, black level, line status, sequencer set","Acquisition start/end, exposure start/end, line rise/fall, error",2 counters and 2 timers,"노출 시간, gain","Software trigger, hardware trigger, PTP (IEEE 1588)","GigE Vision v2.0, GigE Vision v3.0 Ready*","CE, FCC, KC, RoHS, REACH, WEEE",-30 to 60°C,-20 to 55°C 주변,"동작: 20% ~ 80%, relative, 비 응축","DIN EN 60068-2-27, DIN EN 60068-2-64*",3 year,,,IP67(IP67 보호를 위해 Triton은 IP67 렌즈 튜브 및 케이블과 함께 사용해야합니다),"UDP (GigE Vision), RDMA (RoCE v2, GigE Vision 3.0)",17핀 M12 커넥터,"입력 1개, 출력 3개",양방향 포트 2개 또는 TTL/DI 2개,RS-422 / HTL / TTL 3개 (그중 1개는 DI로 선택 가능),DIN EN 61000-6-2,,,,,,,,,,,,,,,,,,,,,,,,,,,
Lucid Vision,Y,TRX125S-CC,,"4096 x 3000, 12.3 MP",,"Sony IMX545 CMOS (Pregius-S, BSI)",14.0mm (Type 1/1.1″),2.74 µm (H) x 2.74 µm (V),Global Shutter,C-mount,Color,"10GBASE-T, 5GBASE-T, 2.5GBASE-T, 1000BASE-T, 100BASE-TX M12 (8-Pin X-Coded), PoE",67.8 FPS (67.8 FPS) @ 12.3 MP (8 Bit ADC mode)154.9 FPS (54.9 FPS) @ 12.3 MP (10 Bit ADC mode)46.2 FPS (46.2 FPS) @ 12.3 MP (12 Bit ADC mode),44 x 44 x 82 mm,243 g,,,,PoE (IEEE 802.3af) or 12-24 V ±5% through GPIO,"PoE를 통한 <8.3W, 외부 전원 공급시 7.5W",880 MB,"Gain, gamma, black level, white balance, LUT, CCM, pixel correction, color space conversion","Mono8/10/12/16, Bayer8/10/12/16, RGB8, BGR8, YCbCr8, YCbCr411, YUV422, YUV411",,"수평 및 수직 비닝, 서브 샘플링, ROI, 수평 및 수직 뒤집기","8, 10, 12 bit",0 dB ~ 48 dB 아날로그 및 디지털,9.36 μs ~ 10 s (Normal) / 2.312 μs ~ 2.472 μs (Short Mode),1 default and 2 custom user set,16 MB,"Frame counter, offset X/Y, width/height, 노출 시간, gain, black level, line status, sequencer set","Acquisition start/end, exposure start/end, line rise/fall, error",2 counters and 2 timers,"노출 시간, gain","Software trigger, hardware trigger, PTP (IEEE 1588)","GigE Vision v2.0, GigE Vision v3.0 Ready*","CE, FCC, KC, RoHS, REACH, WEEE",-30 to 60°C,-20 to 55°C 주변,"동작: 20% ~ 80%, relative, 비 응축","DIN EN 60068-2-27, DIN EN 60068-2-64*",3 year,TRX125S,,IP67(IP67 보호를 위해 Triton은 IP67 렌즈 튜브 및 케이블과 함께 사용해야합니다),"UDP (GigE Vision), RDMA (RoCE v2, GigE Vision 3.0)",17핀 M12 커넥터,"입력 1개, 출력 3개",양방향 포트 2개 또는 TTL/DI 2개,RS-422 / HTL / TTL 3개 (그중 1개는 DI로 선택 가능),DIN EN 61000-6-2,M12,,,,,,,,,,,,,,,,,,,,,,,,,,
Lucid Vision,Y,TRX125S-MC,,"4096 x 3000, 12.3 MP",,"Sony IMX545 CMOS (Pregius-S, BSI)",14.0mm (Type 1/1.1″),2.74 µm (H) x 2.74 µm (V),Global Shutter,C-mount,Mono,"10GBASE-T, 5GBASE-T, 2.5GBASE-T, 1000BASE-T, 100BASE-TX M12 (8-Pin X-Coded), PoE",67.8 FPS (67.8 FPS) @ 12.3 MP (8 Bit ADC mode)154.9 FPS (54.9 FPS) @ 12.3 MP (10 Bit ADC mode)46.2 FPS (46.2 FPS) @ 12.3 MP (12 Bit ADC mode),44 x 44 x 82 mm,243 g,,,,PoE (IEEE 802.3af) or 12-24 V ±5% through GPIO,"PoE를 통한 <8.3W, 외부 전원 공급시 7.5W",880 MB,"Gain, gamma, black level, white balance, LUT, CCM, pixel correction, color space conversion","Mono8/10/12/16, Bayer8/10/12/16, RGB8, BGR8, YCbCr8, YCbCr411, YUV422, YUV411",,"수평 및 수직 비닝, 서브 샘플링, ROI, 수평 및 수직 뒤집기","8, 10, 12 bit",0 dB ~ 48 dB 아날로그 및 디지털,9.36 μs ~ 10 s (Normal) / 2.312 μs ~ 2.472 μs (Short Mode),1 default and 2 custom user set,16 MB,"Frame counter, offset X/Y, width/height, 노출 시간, gain, black level, line status, sequencer set","Acquisition start/end, exposure start/end, line rise/fall, error",2 counters and 2 timers,"노출 시간, gain","Software trigger, hardware trigger, PTP (IEEE 1588)","GigE Vision v2.0, GigE Vision v3.0 Ready*","CE, FCC, KC, RoHS, REACH, WEEE",-30 to 60°C,-20 to 55°C 주변,"동작: 20% ~ 80%, relative, 비 응축","DIN EN 60068-2-27, DIN EN 60068-2-64*",3 year,TRX125S,,IP67(IP67 보호를 위해 Triton은 IP67 렌즈 튜브 및 케이블과 함께 사용해야합니다),"UDP (GigE Vision), RDMA (RoCE v2, GigE Vision 3.0)",17핀 M12 커넥터,"입력 1개, 출력 3개",양방향 포트 2개 또는 TTL/DI 2개,RS-422 / HTL / TTL 3개 (그중 1개는 DI로 선택 가능),DIN EN 61000-6-2,M12,,,,,,,,,,,,,,,,,,,,,,,,,,
Lucid Vision,N,TRX081S,8.1 MP,"2840 x 2840 px, 8.1 MP",129.8 fps,"Sony IMX536 CMOS (Pregius-S, BSI)",11.1mm (Type 2/3″),2.74 µm (H) x 2.74 µm (V),Global Shutter,C-Mount,Mono / Color,"10GBASE-T, 5GBASE-T, 2.5GBASE-T, 1000BASE-T, 100BASE-TX M12 (8-Pin X-Coded), PoE",128.6 FPS (128.6 FPS) @ 8.1 MP (8 Bit ADC mode)1129.8 FPS (129.8 FPS) @ 8.1 MP (10 Bit ADC mode)126.3 FPS (126.3 FPS) @ 8.1 MP (12 Bit ADC mode),44 x 44 x 82 mm,243 g,,,,PoE (IEEE 802.3af) or 12-24 V ±5% through GPIO,"PoE를 통한 <8.3W, 외부 전원 공급시 7.5W",880 MB,"Gain, gamma, black level, white balance, LUT, CCM, pixel correction, color space conversion","Mono8/10/12/16, Bayer8/10/12/16, RGB8, BGR8, YCbCr8, YCbCr411, YUV422, YUV411",,"수평 및 수직 비닝, 서브 샘플링, ROI, 수평 및 수직 뒤집기","8, 10, 12 bit","0 dB ~ 48 dB 아날로그 및 디지털 Dual ADC Mode (low-gain, high-gain)",5.048 μs ~ 10 s (Normal) / 2.312 μs ~ 2.472 μs (Short Mode),1 default and 2 custom user set,16 MB,"Frame counter, offset X/Y, width/height, 노출 시간, gain, black level, line status, sequencer set","Acquisition start/end, exposure start/end, line rise/fall, error",2 counters and 2 timers,"노출 시간, gain","Software trigger, hardware trigger, PTP (IEEE 1588)","GigE Vision v2.0, GigE Vision v3.0 Ready*","CE, FCC, KCC, RoHS, REACH, WEEE",-30 to 60°C,-20 to 55°C 주변,"동작: 20% ~ 80%, relative, 비 응축","DIN EN 60068-2-27, DIN EN 60068-2-64*",3 year,,,IP67(IP67 보호를 위해 Triton은 IP67 렌즈 튜브 및 케이블과 함께 사용해야합니다),"UDP (GigE Vision), RDMA (RoCE v2, GigE Vision 3.0)",17핀 M12 커넥터,"입력 1개, 출력 3개",양방향 포트 2개 또는 TTL/DI 2개,RS-422 / HTL / TTL 3개 (그중 1개는 DI로 선택 가능),DIN EN 61000-6-2,,,,,,,,,,,,,,,,,,,,,,,,,,,
Lucid Vision,Y,TRX081S-CC,,"2840 x 2840 px, 8.1 MP",,"Sony IMX536 CMOS (Pregius-S, BSI)",11.1mm (Type 2/3″),2.74 µm (H) x 2.74 µm (V),Global Shutter,C-mount,Color,"10GBASE-T, 5GBASE-T, 2.5GBASE-T, 1000BASE-T, 100BASE-TX M12 (8-Pin X-Coded), PoE",128.6 FPS (128.6 FPS) @ 8.1 MP (8 Bit ADC mode)1129.8 FPS (129.8 FPS) @ 8.1 MP (10 Bit ADC mode)126.3 FPS (126.3 FPS) @ 8.1 MP (12 Bit ADC mode),44 x 44 x 82 mm,243 g,,,,PoE (IEEE 802.3af) or 12-24 V ±5% through GPIO,"PoE를 통한 <8.3W, 외부 전원 공급시 7.5W",880 MB,"Gain, gamma, black level, white balance, LUT, CCM, pixel correction, color space conversion","Mono8/10/12/16, Bayer8/10/12/16, RGB8, BGR8, YCbCr8, YCbCr411, YUV422, YUV411",,"수평 및 수직 비닝, 서브 샘플링, ROI, 수평 및 수직 뒤집기","8, 10, 12 bit","0 dB ~ 48 dB 아날로그 및 디지털 Dual ADC Mode (low-gain, high-gain)",5.048 μs ~ 10 s (Normal) / 2.312 μs ~ 2.472 μs (Short Mode),1 default and 2 custom user set,16 MB,"Frame counter, offset X/Y, width/height, 노출 시간, gain, black level, line status, sequencer set","Acquisition start/end, exposure start/end, line rise/fall, error",2 counters and 2 timers,"노출 시간, gain","Software trigger, hardware trigger, PTP (IEEE 1588)","GigE Vision v2.0, GigE Vision v3.0 Ready*","CE, FCC, KCC, RoHS, REACH, WEEE",-30 to 60°C,-20 to 55°C 주변,"동작: 20% ~ 80%, relative, 비 응축","DIN EN 60068-2-27, DIN EN 60068-2-64*",3 year,TRX081S,,IP67(IP67 보호를 위해 Triton은 IP67 렌즈 튜브 및 케이블과 함께 사용해야합니다),"UDP (GigE Vision), RDMA (RoCE v2, GigE Vision 3.0)",17핀 M12 커넥터,"입력 1개, 출력 3개",양방향 포트 2개 또는 TTL/DI 2개,RS-422 / HTL / TTL 3개 (그중 1개는 DI로 선택 가능),DIN EN 61000-6-2,M12,,,,,,,,,,,,,,,,,,,,,,,,,,
Lucid Vision,Y,TRX081S-MC,,"2840 x 2840 px, 8.1 MP",,"Sony IMX536 CMOS (Pregius-S, BSI)",11.1mm (Type 2/3″),2.74 µm (H) x 2.74 µm (V),Global Shutter,C-mount,Mono,"10GBASE-T, 5GBASE-T, 2.5GBASE-T, 1000BASE-T, 100BASE-TX M12 (8-Pin X-Coded), PoE",128.6 FPS (128.6 FPS) @ 8.1 MP (8 Bit ADC mode)1129.8 FPS (129.8 FPS) @ 8.1 MP (10 Bit ADC mode)126.3 FPS (126.3 FPS) @ 8.1 MP (12 Bit ADC mode),44 x 44 x 82 mm,243 g,,,,PoE (IEEE 802.3af) or 12-24 V ±5% through GPIO,"PoE를 통한 <8.3W, 외부 전원 공급시 7.5W",880 MB,"Gain, gamma, black level, white balance, LUT, CCM, pixel correction, color space conversion","Mono8/10/12/16, Bayer8/10/12/16, RGB8, BGR8, YCbCr8, YCbCr411, YUV422, YUV411",,"수평 및 수직 비닝, 서브 샘플링, ROI, 수평 및 수직 뒤집기","8, 10, 12 bit","0 dB ~ 48 dB 아날로그 및 디지털 Dual ADC Mode (low-gain, high-gain)",5.048 μs ~ 10 s (Normal) / 2.312 μs ~ 2.472 μs (Short Mode),1 default and 2 custom user set,16 MB,"Frame counter, offset X/Y, width/height, 노출 시간, gain, black level, line status, sequencer set","Acquisition start/end, exposure start/end, line rise/fall, error",2 counters and 2 timers,"노출 시간, gain","Software trigger, hardware trigger, PTP (IEEE 1588)","GigE Vision v2.0, GigE Vision v3.0 Ready*","CE, FCC, KCC, RoHS, REACH, WEEE",-30 to 60°C,-20 to 55°C 주변,"동작: 20% ~ 80%, relative, 비 응축","DIN EN 60068-2-27, DIN EN 60068-2-64*",3 year,TRX081S,,IP67(IP67 보호를 위해 Triton은 IP67 렌즈 튜브 및 케이블과 함께 사용해야합니다),"UDP (GigE Vision), RDMA (RoCE v2, GigE Vision 3.0)",17핀 M12 커넥터,"입력 1개, 출력 3개",양방향 포트 2개 또는 TTL/DI 2개,RS-422 / HTL / TTL 3개 (그중 1개는 DI로 선택 가능),DIN EN 61000-6-2,M12,,,,,,,,,,,,,,,,,,,,,,,,,,
Lucid Vision,N,TRX071S,7.1 MP,"3208 x 2200 px, 7.1 MP",91.1 fps,Sony IMX420 CMOS,17.6mm (Type 1.1″),4.5 µm (H) x 4.5 µm (V),Global Shutter,C-Mount,Mono / Color,"10GBASE-T*, 5GBASE-T, 2.5GBASE-T, 1000BASE-T, 100BASE-TX M12 (8-Pin X-Coded), PoE",112.0 (112.0) @ 7.1 MP (8 Bit ADC mode)191.1 (91.1) @ 7.1 MP (10 Bit ADC mode)77.0 (77.0) @ 7.1 MP (12 Bit ADC mode),44 x 44 x 82 mm,243 g,,,,PoE (IEEE 802.3af) or 12-24 V ±5% through GPIO,"PoE를 통한 <8.3W, 외부 전원 공급시 7.5W",880 MB,"Gain, gamma, black level, white balance, LUT, CCM, pixel correction, color space conversion","Mono8/10/12/16, Bayer8/10/12/16, RGB8, BGR8, YCbCr8, YCbCr411, YUV422, YUV411",,"수평 및 수직 비닝, 서브 샘플링, ROI, 수평 및 수직 뒤집기","8, 10, 12 bit","0 dB ~ 48 dB 아날로그 및 디지털 Dual ADC Mode (low-gain, high-gain)",10.68 μs to 10 s (Normal) / 1.056 μs to 5 μs (Short Mode),1 default and 2 custom user set,16 MB,"Frame counter, offset X/Y, width/height, 노출 시간, gain, black level, line status, sequencer set","Acquisition start/end, exposure start/end, line rise/fall, error",2 counters and 2 timers,"노출 시간, gain","Software trigger, hardware trigger, PTP (IEEE 1588)","GigE Vision v2.0, GigE Vision v3.0 Ready*","CE, FCC, RoHS, REACH, WEEE",-30 to 60°C,-20 to 55°C 주변,"동작: 20% ~ 80%, relative, 비 응축","DIN EN 60068-2-27, DIN EN 60068-2-64*",3 year,,,IP67(IP67 보호를 위해 Triton은 IP67 렌즈 튜브 및 케이블과 함께 사용해야합니다),"UDP (GigE Vision), RDMA (RoCE v2, GigE Vision 3.0)",17핀 M12 커넥터,"입력 1개, 출력 3개",양방향 포트 2개 또는 TTL/DI 2개,RS-422 / HTL / TTL 3개 (그중 1개는 DI로 선택 가능),DIN EN 61000-6-2,,Normal and High Mode (High: 2.3x in analog domain),,,,,,,,,,,,,,,,,,,,,,,,,
Lucid Vision,Y,TRX071S-CC,,"3208 x 2200 px, 7.1 MP",,Sony IMX420 CMOS,17.6mm (Type 1.1″),4.5 µm (H) x 4.5 µm (V),Global Shutter,C-mount,Color,"10GBASE-T*, 5GBASE-T, 2.5GBASE-T, 1000BASE-T, 100BASE-TX M12 (8-Pin X-Coded), PoE",112.0 (112.0) @ 7.1 MP (8 Bit ADC mode)191.1 (91.1) @ 7.1 MP (10 Bit ADC mode)77.0 (77.0) @ 7.1 MP (12 Bit ADC mode),44 x 44 x 82 mm,243 g,,,,PoE (IEEE 802.3af) or 12-24 V ±5% through GPIO,"PoE를 통한 <8.3W, 외부 전원 공급시 7.5W",880 MB,"Gain, gamma, black level, white balance, LUT, CCM, pixel correction, color space conversion","Mono8/10/12/16, Bayer8/10/12/16, RGB8, BGR8, YCbCr8, YCbCr411, YUV422, YUV411",,"수평 및 수직 비닝, 서브 샘플링, ROI, 수평 및 수직 뒤집기","8, 10, 12 bit","0 dB ~ 48 dB 아날로그 및 디지털 Dual ADC Mode (low-gain, high-gain)",10.68 μs to 10 s (Normal) / 1.056 μs to 5 μs (Short Mode),1 default and 2 custom user set,16 MB,"Frame counter, offset X/Y, width/height, 노출 시간, gain, black level, line status, sequencer set","Acquisition start/end, exposure start/end, line rise/fall, error",2 counters and 2 timers,"노출 시간, gain","Software trigger, hardware trigger, PTP (IEEE 1588)","GigE Vision v2.0, GigE Vision v3.0 Ready*","CE, FCC, RoHS, REACH, WEEE",-30 to 60°C,-20 to 55°C 주변,"동작: 20% ~ 80%, relative, 비 응축","DIN EN 60068-2-27, DIN EN 60068-2-64*",3 year,TRX071S,,IP67(IP67 보호를 위해 Triton은 IP67 렌즈 튜브 및 케이블과 함께 사용해야합니다),"UDP (GigE Vision), RDMA (RoCE v2, GigE Vision 3.0)",17핀 M12 커넥터,"입력 1개, 출력 3개",양방향 포트 2개 또는 TTL/DI 2개,RS-422 / HTL / TTL 3개 (그중 1개는 DI로 선택 가능),DIN EN 61000-6-2,M12,Normal and High Mode (High: 2.3x in analog domain),,,,,,,,,,,,,,,,,,,,,,,,,
Lucid Vision,Y,TRX071S-MC,,"3208 x 2200 px, 7.1 MP",,Sony IMX420 CMOS,17.6mm (Type 1.1″),4.5 µm (H) x 4.5 µm (V),Global Shutter,C-mount,Mono,"10GBASE-T*, 5GBASE-T, 2.5GBASE-T, 1000BASE-T, 100BASE-TX M12 (8-Pin X-Coded), PoE",112.0 (112.0) @ 7.1 MP (8 Bit ADC mode)191.1 (91.1) @ 7.1 MP (10 Bit ADC mode)77.0 (77.0) @ 7.1 MP (12 Bit ADC mode),44 x 44 x 82 mm,243 g,,,,PoE (IEEE 802.3af) or 12-24 V ±5% through GPIO,"PoE를 통한 <8.3W, 외부 전원 공급시 7.5W",880 MB,"Gain, gamma, black level, white balance, LUT, CCM, pixel correction, color space conversion","Mono8/10/12/16, Bayer8/10/12/16, RGB8, BGR8, YCbCr8, YCbCr411, YUV422, YUV411",,"수평 및 수직 비닝, 서브 샘플링, ROI, 수평 및 수직 뒤집기","8, 10, 12 bit","0 dB ~ 48 dB 아날로그 및 디지털 Dual ADC Mode (low-gain, high-gain)",10.68 μs to 10 s (Normal) / 1.056 μs to 5 μs (Short Mode),1 default and 2 custom user set,16 MB,"Frame counter, offset X/Y, width/height, 노출 시간, gain, black level, line status, sequencer set","Acquisition start/end, exposure start/end, line rise/fall, error",2 counters and 2 timers,"노출 시간, gain","Software trigger, hardware trigger, PTP (IEEE 1588)","GigE Vision v2.0, GigE Vision v3.0 Ready*","CE, FCC, RoHS, REACH, WEEE",-30 to 60°C,-20 to 55°C 주변,"동작: 20% ~ 80%, relative, 비 응축","DIN EN 60068-2-27, DIN EN 60068-2-64*",3 year,TRX071S,,IP67(IP67 보호를 위해 Triton은 IP67 렌즈 튜브 및 케이블과 함께 사용해야합니다),"UDP (GigE Vision), RDMA (RoCE v2, GigE Vision 3.0)",17핀 M12 커넥터,"입력 1개, 출력 3개",양방향 포트 2개 또는 TTL/DI 2개,RS-422 / HTL / TTL 3개 (그중 1개는 DI로 선택 가능),DIN EN 61000-6-2,M12,Normal and High Mode (High: 2.3x in analog domain),,,,,,,,,,,,,,,,,,,,,,,,,
Lucid Vision,N,TRX051S,5.0 MP,"2448 x 2048 px, 5.0 MP",201.3 fps,"Sony IMX537 CMOS (Pregius-S, BSI)",8.8mm (Type 1/1.8″),2.74 µm (H) x 2.74 µm (V),Global Shutter,C-Mount,Mono / Color,"10GBASE-T, 5GBASE-T, 2.5GBASE-T, 1000BASE-T, 100BASE-TX M12 (8-Pin X-Coded), PoE",200.0 FPS (200.0 FPS) @ 5.0 MP (8 Bit ADC mode)1201.3 FPS (201.3 FPS) @ 5.0 MP (10 Bit ADC mode)171.3 FPS (171.3 FPS) @ 5.0 MP (12 Bit ADC mode),44 x 44 x 82 mm,243 g,,,,PoE (IEEE 802.3af) or 12-24 V ±5% through GPIO,"PoE를 통한 <8.3W, 외부 전원 공급시 7.5W",880 MB,"Gain, gamma, black level, white balance, LUT, CCM, pixel correction, color space conversion","Mono8/10/12/16, Bayer8/10/12/16, RGB8, BGR8, YCbCr8, YCbCr411, YUV422, YUV411",,"수평 및 수직 비닝, 서브 샘플링, ROI, 수평 및 수직 뒤집기","8, 10, 12 bit","0 dB ~ 48 dB 아날로그 및 디지털 Dual ADC Mode (low-gain, high-gain)",5.024 μs ~ 10 s (Normal) / 2.312 μs ~ 2.472 μs (Short Mode),1 default and 2 custom user set,16 MB,"Frame counter, offset X/Y, width/height, 노출 시간, gain, black level, line status, sequencer set","Acquisition start/end, exposure start/end, line rise/fall, error",2 counters and 2 timers,"노출 시간, gain","Software trigger, hardware trigger, PTP (IEEE 1588)","GigE Vision v2.0, GigE Vision v3.0 Ready*","CE, FCC, KCC, RoHS, REACH, WEEE",-30 to 60°C,-20 to 50°C 주변,"동작: 20% ~ 80%, relative, 비 응축","DIN EN 60068-2-27, DIN EN 60068-2-64*",3 year,,,IP67(IP67 보호를 위해 Triton은 IP67 렌즈 튜브 및 케이블과 함께 사용해야합니다),"UDP (GigE Vision), RDMA (RoCE v2, GigE Vision 3.0)",17핀 M12 커넥터,"입력 1개, 출력 3개",양방향 포트 2개 또는 TTL/DI 2개,RS-422 / HTL / TTL 3개 (그중 1개는 DI로 선택 가능),DIN EN 61000-6-2,,,,,,,,,,,,,,,,,,,,,,,,,,,
Lucid Vision,Y,TRX051S-CC,,"2448 x 2048 px, 5.0 MP",,"Sony IMX537 CMOS (Pregius-S, BSI)",8.8mm (Type 1/1.8″),2.74 µm (H) x 2.74 µm (V),Global Shutter,C-mount,Color,"10GBASE-T, 5GBASE-T, 2.5GBASE-T, 1000BASE-T, 100BASE-TX M12 (8-Pin X-Coded), PoE",200.0 FPS (200.0 FPS) @ 5.0 MP (8 Bit ADC mode)1201.3 FPS (201.3 FPS) @ 5.0 MP (10 Bit ADC mode)171.3 FPS (171.3 FPS) @ 5.0 MP (12 Bit ADC mode),44 x 44 x 82 mm,243 g,,,,PoE (IEEE 802.3af) or 12-24 V ±5% through GPIO,"PoE를 통한 <8.3W, 외부 전원 공급시 7.5W",880 MB,"Gain, gamma, black level, white balance, LUT, CCM, pixel correction, color space conversion","Mono8/10/12/16, Bayer8/10/12/16, RGB8, BGR8, YCbCr8, YCbCr411, YUV422, YUV411",,"수평 및 수직 비닝, 서브 샘플링, ROI, 수평 및 수직 뒤집기","8, 10, 12 bit","0 dB ~ 48 dB 아날로그 및 디지털 Dual ADC Mode (low-gain, high-gain)",5.024 μs ~ 10 s (Normal) / 2.312 μs ~ 2.472 μs (Short Mode),1 default and 2 custom user set,16 MB,"Frame counter, offset X/Y, width/height, 노출 시간, gain, black level, line status, sequencer set","Acquisition start/end, exposure start/end, line rise/fall, error",2 counters and 2 timers,"노출 시간, gain","Software trigger, hardware trigger, PTP (IEEE 1588)","GigE Vision v2.0, GigE Vision v3.0 Ready*","CE, FCC, KCC, RoHS, REACH, WEEE",-30 to 60°C,-20 to 50°C 주변,"동작: 20% ~ 80%, relative, 비 응축","DIN EN 60068-2-27, DIN EN 60068-2-64*",3 year,TRX051S,,IP67(IP67 보호를 위해 Triton은 IP67 렌즈 튜브 및 케이블과 함께 사용해야합니다),"UDP (GigE Vision), RDMA (RoCE v2, GigE Vision 3.0)",17핀 M12 커넥터,"입력 1개, 출력 3개",양방향 포트 2개 또는 TTL/DI 2개,RS-422 / HTL / TTL 3개 (그중 1개는 DI로 선택 가능),DIN EN 61000-6-2,M12,,,,,,,,,,,,,,,,,,,,,,,,,,
Lucid Vision,Y,TRX051S-MC,,"2448 x 2048 px, 5.0 MP",,"Sony IMX537 CMOS (Pregius-S, BSI)",8.8mm (Type 1/1.8″),2.74 µm (H) x 2.74 µm (V),Global Shutter,C-mount,Mono,"10GBASE-T, 5GBASE-T, 2.5GBASE-T, 1000BASE-T, 100BASE-TX M12 (8-Pin X-Coded), PoE",200.0 FPS (200.0 FPS) @ 5.0 MP (8 Bit ADC mode)1201.3 FPS (201.3 FPS) @ 5.0 MP (10 Bit ADC mode)171.3 FPS (171.3 FPS) @ 5.0 MP (12 Bit ADC mode),44 x 44 x 82 mm,243 g,,,,PoE (IEEE 802.3af) or 12-24 V ±5% through GPIO,"PoE를 통한 <8.3W, 외부 전원 공급시 7.5W",880 MB,"Gain, gamma, black level, white balance, LUT, CCM, pixel correction, color space conversion","Mono8/10/12/16, Bayer8/10/12/16, RGB8, BGR8, YCbCr8, YCbCr411, YUV422, YUV411",,"수평 및 수직 비닝, 서브 샘플링, ROI, 수평 및 수직 뒤집기","8, 10, 12 bit","0 dB ~ 48 dB 아날로그 및 디지털 Dual ADC Mode (low-gain, high-gain)",5.024 μs ~ 10 s (Normal) / 2.312 μs ~ 2.472 μs (Short Mode),1 default and 2 custom user set,16 MB,"Frame counter, offset X/Y, width/height, 노출 시간, gain, black level, line status, sequencer set","Acquisition start/end, exposure start/end, line rise/fall, error",2 counters and 2 timers,"노출 시간, gain","Software trigger, hardware trigger, PTP (IEEE 1588)","GigE Vision v2.0, GigE Vision v3.0 Ready*","CE, FCC, KCC, RoHS, REACH, WEEE",-30 to 60°C,-20 to 50°C 주변,"동작: 20% ~ 80%, relative, 비 응축","DIN EN 60068-2-27, DIN EN 60068-2-64*",3 year,TRX051S,,IP67(IP67 보호를 위해 Triton은 IP67 렌즈 튜브 및 케이블과 함께 사용해야합니다),"UDP (GigE Vision), RDMA (RoCE v2, GigE Vision 3.0)",17핀 M12 커넥터,"입력 1개, 출력 3개",양방향 포트 2개 또는 TTL/DI 2개,RS-422 / HTL / TTL 3개 (그중 1개는 DI로 선택 가능),DIN EN 61000-6-2,M12,,,,,,,,,,,,,,,,,,,,,,,,,,
Lucid Vision,N,TRX028S,2.8 MP,"1936 x 1464 px, 2.8 MP",216.0 fps,Sony IMX421 CMOS,11.0 mm (Type 2/3″),4.5 µm (H) x 4.5 µm (V),Global Shutter,C-Mount,Mono / Color,"10GBASE-T*, 5GBASE-T, 2.5GBASE-T, 1000BASE-T, 100BASE-TX M12 (8-Pin X-Coded), PoE",262.4 FPS (262.4 FPS) @ 2.8 MP (8 Bit ADC mode)1216.0 FPS (216.0 FPS) @ 2.8 MP (10 Bit ADC mode)182.7 FPS (182.7 FPS) @ 2.8 MP (12 Bit ADC mode),44 x 44 x 82 mm,243 g,,,,PoE (IEEE 802.3af) or 12-24 V ±5% through GPIO,"PoE를 통한 <8.3W, 외부 전원 공급시 7.5W",880 MB,"Gain, gamma, black level, white balance, LUT, CCM, pixel correction, color space conversion","Mono8/10/12/16, Bayer8/10/12/16, RGB8, BGR8, YCbCr8, YCbCr411, YUV422, YUV411",,"수평 및 수직 비닝, 서브 샘플링, ROI, 수평 및 수직 뒤집기","8, 10, 12 bit","0 dB ~ 48 dB 아날로그 및 디지털 Dual ADC Mode (low-gain, high-gain)",8.552 μs to 10 s (Normal) / 1.056 μs to 5 μs (Short Mode),1 default and 2 custom user set,16 MB,"Frame counter, offset X/Y, width/height, 노출 시간, gain, black level, line status, sequencer set","Acquisition start/end, exposure start/end, line rise/fall, error",2 counters and 2 timers,"노출 시간, gain","Software trigger, hardware trigger, PTP (IEEE 1588)","GigE Vision v2.0, GigE Vision v3.0 Ready*","CE, FCC, KC, RoHS, REACH, WEEE",-30 to 60°C,-20 to 55°C 주변,"동작: 20% ~ 80%, relative, 비 응축","DIN EN 60068-2-27, DIN EN 60068-2-64*",3 year,,,IP67(IP67 보호를 위해 Triton은 IP67 렌즈 튜브 및 케이블과 함께 사용해야합니다),"UDP (GigE Vision), RDMA (RoCE v2, GigE Vision 3.0)",17핀 M12 커넥터,"입력 1개, 출력 3개",양방향 포트 2개 또는 TTL/DI 2개,RS-422 / HTL / TTL 3개 (그중 1개는 DI로 선택 가능),DIN EN 61000-6-2,,Normal and High Mode (High: 2.3x in analog domain),,,,,,,,,,,,,,,,,,,,,,,,,
Lucid Vision,Y,TRX028S-CC,,"1936 x 1464 px, 2.8 MP",,Sony IMX421 CMOS,11.0 mm (Type 2/3″),4.5 µm (H) x 4.5 µm (V),Global Shutter,C-mount,Color,"10GBASE-T*, 5GBASE-T, 2.5GBASE-T, 1000BASE-T, 100BASE-TX M12 (8-Pin X-Coded), PoE",262.4 FPS (262.4 FPS) @ 2.8 MP (8 Bit ADC mode)1216.0 FPS (216.0 FPS) @ 2.8 MP (10 Bit ADC mode)182.7 FPS (182.7 FPS) @ 2.8 MP (12 Bit ADC mode),44 x 44 x 82 mm,243 g,,,,PoE (IEEE 802.3af) or 12-24 V ±5% through GPIO,"PoE를 통한 <8.3W, 외부 전원 공급시 7.5W",880 MB,"Gain, gamma, black level, white balance, LUT, CCM, pixel correction, color space conversion","Mono8/10/12/16, Bayer8/10/12/16, RGB8, BGR8, YCbCr8, YCbCr411, YUV422, YUV411",,"수평 및 수직 비닝, 서브 샘플링, ROI, 수평 및 수직 뒤집기","8, 10, 12 bit","0 dB ~ 48 dB 아날로그 및 디지털 Dual ADC Mode (low-gain, high-gain)",8.552 μs to 10 s (Normal) / 1.056 μs to 5 μs (Short Mode),1 default and 2 custom user set,16 MB,"Frame counter, offset X/Y, width/height, 노출 시간, gain, black level, line status, sequencer set","Acquisition start/end, exposure start/end, line rise/fall, error",2 counters and 2 timers,"노출 시간, gain","Software trigger, hardware trigger, PTP (IEEE 1588)","GigE Vision v2.0, GigE Vision v3.0 Ready*","CE, FCC, KC, RoHS, REACH, WEEE",-30 to 60°C,-20 to 55°C 주변,"동작: 20% ~ 80%, relative, 비 응축","DIN EN 60068-2-27, DIN EN 60068-2-64*",3 year,TRX028S,,IP67(IP67 보호를 위해 Triton은 IP67 렌즈 튜브 및 케이블과 함께 사용해야합니다),"UDP (GigE Vision), RDMA (RoCE v2, GigE Vision 3.0)",17핀 M12 커넥터,"입력 1개, 출력 3개",양방향 포트 2개 또는 TTL/DI 2개,RS-422 / HTL / TTL 3개 (그중 1개는 DI로 선택 가능),DIN EN 61000-6-2,M12,Normal and High Mode (High: 2.3x in analog domain),,,,,,,,,,,,,,,,,,,,,,,,,
Lucid Vision,Y,TRX028S-MC,,"1936 x 1464 px, 2.8 MP",,Sony IMX421 CMOS,11.0 mm (Type 2/3″),4.5 µm (H) x 4.5 µm (V),Global Shutter,C-mount,Mono,"10GBASE-T*, 5GBASE-T, 2.5GBASE-T, 1000BASE-T, 100BASE-TX M12 (8-Pin X-Coded), PoE",262.4 FPS (262.4 FPS) @ 2.8 MP (8 Bit ADC mode)1216.0 FPS (216.0 FPS) @ 2.8 MP (10 Bit ADC mode)182.7 FPS (182.7 FPS) @ 2.8 MP (12 Bit ADC mode),44 x 44 x 82 mm,243 g,,,,PoE (IEEE 802.3af) or 12-24 V ±5% through GPIO,"PoE를 통한 <8.3W, 외부 전원 공급시 7.5W",880 MB,"Gain, gamma, black level, white balance, LUT, CCM, pixel correction, color space conversion","Mono8/10/12/16, Bayer8/10/12/16, RGB8, BGR8, YCbCr8, YCbCr411, YUV422, YUV411",,"수평 및 수직 비닝, 서브 샘플링, ROI, 수평 및 수직 뒤집기","8, 10, 12 bit","0 dB ~ 48 dB 아날로그 및 디지털 Dual ADC Mode (low-gain, high-gain)",8.552 μs to 10 s (Normal) / 1.056 μs to 5 μs (Short Mode),1 default and 2 custom user set,16 MB,"Frame counter, offset X/Y, width/height, 노출 시간, gain, black level, line status, sequencer set","Acquisition start/end, exposure start/end, line rise/fall, error",2 counters and 2 timers,"노출 시간, gain","Software trigger, hardware trigger, PTP (IEEE 1588)","GigE Vision v2.0, GigE Vision v3.0 Ready*","CE, FCC, KC, RoHS, REACH, WEEE",-30 to 60°C,-20 to 55°C 주변,"동작: 20% ~ 80%, relative, 비 응축","DIN EN 60068-2-27, DIN EN 60068-2-64*",3 year,TRX028S,,IP67(IP67 보호를 위해 Triton은 IP67 렌즈 튜브 및 케이블과 함께 사용해야합니다),"UDP (GigE Vision), RDMA (RoCE v2, GigE Vision 3.0)",17핀 M12 커넥터,"입력 1개, 출력 3개",양방향 포트 2개 또는 TTL/DI 2개,RS-422 / HTL / TTL 3개 (그중 1개는 DI로 선택 가능),DIN EN 61000-6-2,M12,Normal and High Mode (High: 2.3x in analog domain),,,,,,,,,,,,,,,,,,,,,,,,,
Lucid Vision,N,TRT245S,24.5 MP,"5320 x 4600 px, 24.5 MP",11.3 fps,Sony IMX540 CMOS,19.3mm (Type 1.2″),2.74 µm (H) x 2.74 µm (V),Global Shutter,C-Mount,Mono / Color,"2.5GBASE-T / 1000BASE-T M12, PoE",11.3 FPS (11.3 FPS) @ 24.5 MP,44 x 29 x 45.3 mm,90 g,8 핀M8커넥터,"1 input, 1 output",2 bi-directional,"PoE (IEEE 802.3af), or 12-24 VDC ±5% external","PoE를 통한 5W, 외부 전원 공급시 4.5W",128 MB,"Gain, gamma, black level, white balance, LUT, CCM, pixel correction, color space conversion","Mono8/10/12/16, Bayer8/10/12/16, RGB8, BGR8, YCbCr8, YCbCr411, YUV422, YUV411",,"수평 및 수직 비닝, ROI, 수직 뒤집기",12 bit,0 dB ~ 48 dB 아날로그 및 디지털,21.272 μs ~ 10 s (Normal) / 2.296 μs ~ 2.464 μs (Short Mode),1 default and 2 custom user set,16 MB,"Frame counter, offset X/Y, width/height, 노출 시간, gain, black level, line status, sequencer set","Acquisition start/end, exposure start/end, line rise/fall, error",2 counters and 2 timers,"노출 시간, gain","Software trigger, hardware trigger, PTP (IEEE 1588)",GigE Vision v2.0,"CE, KC, FCC, RoHS, REACH, WEEE",-30 to 60°C,-20 to 55°C 주변,"동작: 20% ~ 80%, relative, 비 응축","DIN EN 60068-2-27, DIN EN 60068-2-64, DIN EN 60068-2-6",3 year,,,IP67(IP67 보호를 위해 Triton2은 IP67 렌즈 튜브 및 케이블과 함께 사용해야합니다),,,,,,DIN EN 61000-6-2,,,,,,,,,,,,,,,,,,,,,,,,,,,
Lucid Vision,Y,TRT245S-CC,,"5320 x 4600 px, 24.5 MP",,Sony IMX540 CMOS,19.3mm (Type 1.2″),2.74 µm (H) x 2.74 µm (V),Global Shutter,C-mount,Color,"2.5GBASE-T / 1000BASE-T M12, PoE",11.3 FPS (11.3 FPS) @ 24.5 MP,44 x 29 x 45.3 mm,90 g,8 핀M8커넥터,"1 input, 1 output",2 bi-directional,"PoE (IEEE 802.3af), or 12-24 VDC ±5% external","PoE를 통한 5W, 외부 전원 공급시 4.5W",128 MB,"Gain, gamma, black level, white balance, LUT, CCM, pixel correction, color space conversion","Mono8/10/12/16, Bayer8/10/12/16, RGB8, BGR8, YCbCr8, YCbCr411, YUV422, YUV411",,"수평 및 수직 비닝, ROI, 수직 뒤집기",12 bit,0 dB ~ 48 dB 아날로그 및 디지털,21.272 μs ~ 10 s (Normal) / 2.296 μs ~ 2.464 μs (Short Mode),1 default and 2 custom user set,16 MB,"Frame counter, offset X/Y, width/height, 노출 시간, gain, black level, line status, sequencer set","Acquisition start/end, exposure start/end, line rise/fall, error",2 counters and 2 timers,"노출 시간, gain","Software trigger, hardware trigger, PTP (IEEE 1588)",GigE Vision v2.0,"CE, KC, FCC, RoHS, REACH, WEEE",-30 to 60°C,-20 to 55°C 주변,"동작: 20% ~ 80%, relative, 비 응축","DIN EN 60068-2-27, DIN EN 60068-2-64, DIN EN 60068-2-6",3 year,TRT245S,,IP67(IP67 보호를 위해 Triton2은 IP67 렌즈 튜브 및 케이블과 함께 사용해야합니다),,,,,,DIN EN 61000-6-2,,,M12,M8 GPIO IP67 Cap,,,,,,,,,,,,,,,,,,,,,,,
Lucid Vision,Y,TRT245S-MC,,"5320 x 4600 px, 24.5 MP",,Sony IMX540 CMOS,19.3mm (Type 1.2″),2.74 µm (H) x 2.74 µm (V),Global Shutter,C-mount,Mono,"2.5GBASE-T / 1000BASE-T M12, PoE",11.3 FPS (11.3 FPS) @ 24.5 MP,44 x 29 x 45.3 mm,90 g,8 핀M8커넥터,"1 input, 1 output",2 bi-directional,"PoE (IEEE 802.3af), or 12-24 VDC ±5% external","PoE를 통한 5W, 외부 전원 공급시 4.5W",128 MB,"Gain, gamma, black level, white balance, LUT, CCM, pixel correction, color space conversion","Mono8/10/12/16, Bayer8/10/12/16, RGB8, BGR8, YCbCr8, YCbCr411, YUV422, YUV411",,"수평 및 수직 비닝, ROI, 수직 뒤집기",12 bit,0 dB ~ 48 dB 아날로그 및 디지털,21.272 μs ~ 10 s (Normal) / 2.296 μs ~ 2.464 μs (Short Mode),1 default and 2 custom user set,16 MB,"Frame counter, offset X/Y, width/height, 노출 시간, gain, black level, line status, sequencer set","Acquisition start/end, exposure start/end, line rise/fall, error",2 counters and 2 timers,"노출 시간, gain","Software trigger, hardware trigger, PTP (IEEE 1588)",GigE Vision v2.0,"CE, KC, FCC, RoHS, REACH, WEEE",-30 to 60°C,-20 to 55°C 주변,"동작: 20% ~ 80%, relative, 비 응축","DIN EN 60068-2-27, DIN EN 60068-2-64, DIN EN 60068-2-6",3 year,TRT245S,,IP67(IP67 보호를 위해 Triton2은 IP67 렌즈 튜브 및 케이블과 함께 사용해야합니다),,,,,,DIN EN 61000-6-2,,,M12,M8 GPIO IP67 Cap,,,,,,,,,,,,,,,,,,,,,,,
Lucid Vision,N,TRT204S,20.4 MP,"4504 x 4504 px, 20.4 MP",13.5 fps,Sony IMX541 CMOS,17.5mm (Type 1.1″),2.74 µm (H) x 2.74 µm (V),Global Shutter,C-Mount,Mono / Color,"2.5GBASE-T / 1000BASE-T M12 (8-Pin X-Coded), PoE",13.5 FPS @ 20.4 MP,44 x 29 x 45.3 mm,90 g,8 핀M8커넥터,"1 input, 1 output",2 bi-directional,"PoE (IEEE 802.3af), or 12-24 VDC ±5% external","PoE를 통한 5W, 외부 전원 공급시 4.5W",128 MB,"Gain, gamma, black level, white balance, LUT, CCM, pixel correction, color space conversion","Mono8/10/12/16, Bayer8/10/12/16, RGB8, BGR8, YCbCr8, YCbCr411, YUV422, YUV411",,"수평 및 수직 비닝, ROI, 수직 뒤집기",12 bit,0 dB ~ 48 dB 아날로그 및 디지털,38.5 μs to 10 s (Normal) / 1 μs to 2.74 μs (Short Mode),1 default and 2 custom user set,16 MB,"Frame counter, offset X/Y, width/height, 노출 시간, gain, black level, line status, sequencer set","Acquisition start/end, exposure start/end, line rise/fall, error",2 counters and 2 timers,"노출 시간, gain","Software trigger, hardware trigger, PTP (IEEE 1588)",GigE Vision v2.0,"CE, KC, FCC, RoHS, REACH, WEEE",-30 to 60°C,-20 to 55°C 주변,"동작: 20% ~ 80%, relative, 비 응축","DIN EN 60068-2-27, DIN EN 60068-2-64, DIN EN 60068-2-6",3 year,,,IP67(IP67 보호를 위해 Triton2은 IP67 렌즈 튜브 및 케이블과 함께 사용해야합니다),,,,,,DIN EN 61000-6-2,,,,,,,,,,,,,,,,,,,,,,,,,,,
Lucid Vision,Y,TRT204S-CC,,"4504 x 4504 px, 20.4 MP",,Sony IMX541 CMOS,17.5mm (Type 1.1″),2.74 µm (H) x 2.74 µm (V),Global Shutter,C-mount,Color,"2.5GBASE-T / 1000BASE-T M12 (8-Pin X-Coded), PoE",13.5 FPS @ 20.4 MP,44 x 29 x 45.3 mm,90 g,8 핀M8커넥터,"1 input, 1 output",2 bi-directional,"PoE (IEEE 802.3af), or 12-24 VDC ±5% external","PoE를 통한 5W, 외부 전원 공급시 4.5W",128 MB,"Gain, gamma, black level, white balance, LUT, CCM, pixel correction, color space conversion","Mono8/10/12/16, Bayer8/10/12/16, RGB8, BGR8, YCbCr8, YCbCr411, YUV422, YUV411",,"수평 및 수직 비닝, ROI, 수직 뒤집기",12 bit,0 dB ~ 48 dB 아날로그 및 디지털,38.5 μs to 10 s (Normal) / 1 μs to 2.74 μs (Short Mode),1 default and 2 custom user set,16 MB,"Frame counter, offset X/Y, width/height, 노출 시간, gain, black level, line status, sequencer set","Acquisition start/end, exposure start/end, line rise/fall, error",2 counters and 2 timers,"노출 시간, gain","Software trigger, hardware trigger, PTP (IEEE 1588)",GigE Vision v2.0,"CE, KC, FCC, RoHS, REACH, WEEE",-30 to 60°C,-20 to 55°C 주변,"동작: 20% ~ 80%, relative, 비 응축","DIN EN 60068-2-27, DIN EN 60068-2-64, DIN EN 60068-2-6",3 year,TRT204S,,IP67(IP67 보호를 위해 Triton2은 IP67 렌즈 튜브 및 케이블과 함께 사용해야합니다),,,,,,DIN EN 61000-6-2,,,M12,M8 GPIO IP67 Cap,,,,,,,,,,,,,,,,,,,,,,,
Lucid Vision,Y,TRT204S-MC,,"4504 x 4504 px, 20.4 MP",,Sony IMX541 CMOS,17.5mm (Type 1.1″),2.74 µm (H) x 2.74 µm (V),Global Shutter,C-mount,Mono,"2.5GBASE-T / 1000BASE-T M12 (8-Pin X-Coded), PoE",13.5 FPS @ 20.4 MP,44 x 29 x 45.3 mm,90 g,8 핀M8커넥터,"1 input, 1 output",2 bi-directional,"PoE (IEEE 802.3af), or 12-24 VDC ±5% external","PoE를 통한 5W, 외부 전원 공급시 4.5W",128 MB,"Gain, gamma, black level, white balance, LUT, CCM, pixel correction, color space conversion","Mono8/10/12/16, Bayer8/10/12/16, RGB8, BGR8, YCbCr8, YCbCr411, YUV422, YUV411",,"수평 및 수직 비닝, ROI, 수직 뒤집기",12 bit,0 dB ~ 48 dB 아날로그 및 디지털,38.5 μs to 10 s (Normal) / 1 μs to 2.74 μs (Short Mode),1 default and 2 custom user set,16 MB,"Frame counter, offset X/Y, width/height, 노출 시간, gain, black level, line status, sequencer set","Acquisition start/end, exposure start/end, line rise/fall, error",2 counters and 2 timers,"노출 시간, gain","Software trigger, hardware trigger, PTP (IEEE 1588)",GigE Vision v2.0,"CE, KC, FCC, RoHS, REACH, WEEE",-30 to 60°C,-20 to 55°C 주변,"동작: 20% ~ 80%, relative, 비 응축","DIN EN 60068-2-27, DIN EN 60068-2-64, DIN EN 60068-2-6",3 year,TRT204S,,IP67(IP67 보호를 위해 Triton2은 IP67 렌즈 튜브 및 케이블과 함께 사용해야합니다),,,,,,DIN EN 61000-6-2,,,M12,M8 GPIO IP67 Cap,,,,,,,,,,,,,,,,,,,,,,,
Lucid Vision,N,TRT200S,20.0 MP,"5472 x 3648 px, 20 MP",9.0 fps,Sony IMX183 CMOS,15.86 mm (Type 1″),2.4 µm (H) x 2.4 µm (V),Rolling shutter with global reset,C-Mount,Mono / Color,"2.5GBASE-T / 1000BASE-T M12 (8-Pin X-Coded), PoE",9 FPS (9 FPS) @ 20 MP,44 x 29 x 45.3 mm,90 g,8 핀M8커넥터,"1 input, 1 output",2 bi-directional,"PoE (IEEE 802.3af), or 12-24 VDC ±5% external","PoE를 통한 5W, 외부 전원 공급시 4.5W",128 MB,"Gain, gamma, black level, white balance, LUT, CCM, pixel correction, color space conversion","Mono8/10/12/16, Bayer8/10/12/16, RGB8, BGR8, YCbCr8, YCbCr411, YUV422, YUV411",,"수평 및 수직 비닝, ROI, 수직 뒤집기",12 bit,0 dB ~ 27 dB 아날로그 및 디지털,0.563 s ~ 2.5 s,1 default and 2 custom user set,16 MB,"Frame counter, offset X/Y, width/height, 노출 시간, gain, black level, line status, sequencer set","Acquisition start/end, exposure start/end, line rise/fall, error",2 counters and 2 timers,"노출 시간, gain","Software trigger, hardware trigger, PTP (IEEE 1588)",GigE Vision v2.0,"CE, KC, FCC, RoHS, REACH, WEEE",-30 to 60°C,-20 to 55°C 주변,"동작: 20% ~ 80%, relative, 비 응축","DIN EN 60068-2-27, DIN EN 60068-2-64, DIN EN 60068-2-6",3 year,,,IP67(IP67 보호를 위해 Triton은 IP67 렌즈 튜브 및 케이블과 함께 사용해야합니다),,,,,,DIN EN 61000-6-2,,,,,,,,,,,,,,,,,,,,,,,,,,,
Lucid Vision,Y,TRT200S-CC,,"5472 x 3648 px, 20 MP",,Sony IMX183 CMOS,15.86 mm (Type 1″),2.4 µm (H) x 2.4 µm (V),Rolling shutter with global reset,C-mount,Color,"2.5GBASE-T / 1000BASE-T M12 (8-Pin X-Coded), PoE",9 FPS (9 FPS) @ 20 MP,44 x 29 x 45.3 mm,90 g,8 핀M8커넥터,"1 input, 1 output",2 bi-directional,"PoE (IEEE 802.3af), or 12-24 VDC ±5% external","PoE를 통한 5W, 외부 전원 공급시 4.5W",128 MB,"Gain, gamma, black level, white balance, LUT, CCM, pixel correction, color space conversion","Mono8/10/12/16, Bayer8/10/12/16, RGB8, BGR8, YCbCr8, YCbCr411, YUV422, YUV411",,"수평 및 수직 비닝, ROI, 수직 뒤집기",12 bit,0 dB ~ 27 dB 아날로그 및 디지털,0.563 s ~ 2.5 s,1 default and 2 custom user set,16 MB,"Frame counter, offset X/Y, width/height, 노출 시간, gain, black level, line status, sequencer set","Acquisition start/end, exposure start/end, line rise/fall, error",2 counters and 2 timers,"노출 시간, gain","Software trigger, hardware trigger, PTP (IEEE 1588)",GigE Vision v2.0,"CE, KC, FCC, RoHS, REACH, WEEE",-30 to 60°C,-20 to 55°C 주변,"동작: 20% ~ 80%, relative, 비 응축","DIN EN 60068-2-27, DIN EN 60068-2-64, DIN EN 60068-2-6",3 year,TRT200S,,IP67(IP67 보호를 위해 Triton은 IP67 렌즈 튜브 및 케이블과 함께 사용해야합니다),,,,,,DIN EN 61000-6-2,,,M12,M8 GPIO IP67 Cap,,,,,,,,,,,,,,,,,,,,,,,
Lucid Vision,Y,TRT200S-MC,,"5472 x 3648 px, 20 MP",,Sony IMX183 CMOS,15.86 mm (Type 1″),2.4 µm (H) x 2.4 µm (V),Rolling shutter with global reset,C-mount,Mono,"2.5GBASE-T / 1000BASE-T M12 (8-Pin X-Coded), PoE",9 FPS (9 FPS) @ 20 MP,44 x 29 x 45.3 mm,90 g,8 핀M8커넥터,"1 input, 1 output",2 bi-directional,"PoE (IEEE 802.3af), or 12-24 VDC ±5% external","PoE를 통한 5W, 외부 전원 공급시 4.5W",128 MB,"Gain, gamma, black level, white balance, LUT, CCM, pixel correction, color space conversion","Mono8/10/12/16, Bayer8/10/12/16, RGB8, BGR8, YCbCr8, YCbCr411, YUV422, YUV411",,"수평 및 수직 비닝, ROI, 수직 뒤집기",12 bit,0 dB ~ 27 dB 아날로그 및 디지털,0.563 s ~ 2.5 s,1 default and 2 custom user set,16 MB,"Frame counter, offset X/Y, width/height, 노출 시간, gain, black level, line status, sequencer set","Acquisition start/end, exposure start/end, line rise/fall, error",2 counters and 2 timers,"노출 시간, gain","Software trigger, hardware trigger, PTP (IEEE 1588)",GigE Vision v2.0,"CE, KC, FCC, RoHS, REACH, WEEE",-30 to 60°C,-20 to 55°C 주변,"동작: 20% ~ 80%, relative, 비 응축","DIN EN 60068-2-27, DIN EN 60068-2-64, DIN EN 60068-2-6",3 year,TRT200S,,IP67(IP67 보호를 위해 Triton은 IP67 렌즈 튜브 및 케이블과 함께 사용해야합니다),,,,,,DIN EN 61000-6-2,,,M12,M8 GPIO IP67 Cap,,,,,,,,,,,,,,,,,,,,,,,
Lucid Vision,N,TRT162S,16.2 MP,"5320 x 3032 px, 16.2 MP",17.5 fps,Sony IMX542 CMOS,16.8mm (Type 1.1″),2.74 µm (H) x 2.74 µm (V),Global Shutter,C-Mount,Mono / Color,"2.5GBASE-T / 1000BASE-T M12 (8-Pin X-Coded), PoE",17.5 FPS @ 16.2 MP,44 x 29 x 45.3 mm,90 g,8 핀M8커넥터,"1 input, 1 output",2 bi-directional,"PoE (IEEE 802.3af), or 12-24 VDC ±5% external","PoE를 통한 5W, 외부 전원 공급시 4.5W",128 MB,"Gain, gamma, black level, white balance, LUT, CCM, pixel correction, color space conversion","Mono8/10/12/16, Bayer8/10/12/16, RGB8, BGR8, YCbCr8, YCbCr411, YUV422, YUV411",,"수평 및 수직 비닝, ROI, 수직 뒤집기",12 bit,0 dB ~ 48 dB 아날로그 및 디지털,45 μs to 10 s (Normal) / 1 μs to 2.74 μs (Short Mode),1 default and 2 custom user set,16 MB,"Frame counter, offset X/Y, width/height, 노출 시간, gain, black level, line status, sequencer set","Acquisition start/end, exposure start/end, line rise/fall, error",2 counters and 2 timers,"노출 시간, gain","Software trigger, hardware trigger, PTP (IEEE 1588)",GigE Vision v2.0,"CE, KC, FCC, RoHS, REACH, WEEE",-30 to 60°C,-20 to 55°C 주변,"동작: 20% ~ 80%, relative, 비 응축","DIN EN 60068-2-27, DIN EN 60068-2-64, DIN EN 60068-2-6",3 year,,,IP67(IP67 보호를 위해 Triton은 IP67 렌즈 튜브 및 케이블과 함께 사용해야합니다),,,,,,DIN EN 61000-6-2,,,,,,,,,,,,,,,,,,,,,,,,,,,
Lucid Vision,Y,TRT162S-CC,,"5320 x 3032 px, 16.2 MP",,Sony IMX542 CMOS,16.8mm (Type 1.1″),2.74 µm (H) x 2.74 µm (V),Global Shutter,C-mount,Color,"2.5GBASE-T / 1000BASE-T M12 (8-Pin X-Coded), PoE",17.5 FPS @ 16.2 MP,44 x 29 x 45.3 mm,90 g,8 핀M8커넥터,"1 input, 1 output",2 bi-directional,"PoE (IEEE 802.3af), or 12-24 VDC ±5% external","PoE를 통한 5W, 외부 전원 공급시 4.5W",128 MB,"Gain, gamma, black level, white balance, LUT, CCM, pixel correction, color space conversion","Mono8/10/12/16, Bayer8/10/12/16, RGB8, BGR8, YCbCr8, YCbCr411, YUV422, YUV411",,"수평 및 수직 비닝, ROI, 수직 뒤집기",12 bit,0 dB ~ 48 dB 아날로그 및 디지털,45 μs to 10 s (Normal) / 1 μs to 2.74 μs (Short Mode),1 default and 2 custom user set,16 MB,"Frame counter, offset X/Y, width/height, 노출 시간, gain, black level, line status, sequencer set","Acquisition start/end, exposure start/end, line rise/fall, error",2 counters and 2 timers,"노출 시간, gain","Software trigger, hardware trigger, PTP (IEEE 1588)",GigE Vision v2.0,"CE, KC, FCC, RoHS, REACH, WEEE",-30 to 60°C,-20 to 55°C 주변,"동작: 20% ~ 80%, relative, 비 응축","DIN EN 60068-2-27, DIN EN 60068-2-64, DIN EN 60068-2-6",3 year,TRT162S,,IP67(IP67 보호를 위해 Triton은 IP67 렌즈 튜브 및 케이블과 함께 사용해야합니다),,,,,,DIN EN 61000-6-2,,,M12,M8 GPIO IP67 Cap,,,,,,,,,,,,,,,,,,,,,,,
Lucid Vision,Y,TRT162S-MC,,"5320 x 3032 px, 16.2 MP",,Sony IMX542 CMOS,16.8mm (Type 1.1″),2.74 µm (H) x 2.74 µm (V),Global Shutter,C-mount,Mono,"2.5GBASE-T / 1000BASE-T M12 (8-Pin X-Coded), PoE",17.5 FPS @ 16.2 MP,44 x 29 x 45.3 mm,90 g,8 핀M8커넥터,"1 input, 1 output",2 bi-directional,"PoE (IEEE 802.3af), or 12-24 VDC ±5% external","PoE를 통한 5W, 외부 전원 공급시 4.5W",128 MB,"Gain, gamma, black level, white balance, LUT, CCM, pixel correction, color space conversion","Mono8/10/12/16, Bayer8/10/12/16, RGB8, BGR8, YCbCr8, YCbCr411, YUV422, YUV411",,"수평 및 수직 비닝, ROI, 수직 뒤집기",12 bit,0 dB ~ 48 dB 아날로그 및 디지털,45 μs to 10 s (Normal) / 1 μs to 2.74 μs (Short Mode),1 default and 2 custom user set,16 MB,"Frame counter, offset X/Y, width/height, 노출 시간, gain, black level, line status, sequencer set","Acquisition start/end, exposure start/end, line rise/fall, error",2 counters and 2 timers,"노출 시간, gain","Software trigger, hardware trigger, PTP (IEEE 1588)",GigE Vision v2.0,"CE, KC, FCC, RoHS, REACH, WEEE",-30 to 60°C,-20 to 55°C 주변,"동작: 20% ~ 80%, relative, 비 응축","DIN EN 60068-2-27, DIN EN 60068-2-64, DIN EN 60068-2-6",3 year,TRT162S,,IP67(IP67 보호를 위해 Triton은 IP67 렌즈 튜브 및 케이블과 함께 사용해야합니다),,,,,,DIN EN 61000-6-2,,,M12,M8 GPIO IP67 Cap,,,,,,,,,,,,,,,,,,,,,,,
Lucid Vision,N,TRT124S,12.3 MP,"4096 x 3000, 12.3 MP",21.7 fps,Sony IMX545 CMOS,14.0mm (Type 1/1.1″),2.74 µm (H) x 2.74 µm (V),Global Shutter,C-Mount,Mono / Color,"2.5GBASE-T / 1000BASE-T M12 (8-Pin X-Coded), PoE",21.7 FPS (21.7 FPS) @ 12.3 MP,44 x 29 x 45.3 mm,90 g,8 핀M8커넥터,"1 input, 1 output",2 bi-directional,"PoE (IEEE 802.3af), or 12-24 VDC ±5% external","PoE를 통한 5W, 외부 전원 공급시 4.5W",128 MB,"Gain, gamma, black level, white balance, LUT, CCM, pixel correction, color space conversion","Mono8/10/12/16, Bayer8/10/12/16, RGB8, BGR8, YCbCr8, YCbCr411, YUV422, YUV411",,"수평 및 수직 비닝, ROI, 수직 뒤집기",12 bit,0 dB ~ 48 dB 아날로그 및 디지털,17.248 μs ~ 10 s (Normal) / 2.312 μs ~ 2.472 μs (Short Mode),1 default and 2 custom user set,16 MB,"Frame counter, offset X/Y, width/height, 노출 시간, gain, black level, line status, sequencer set","Acquisition start/end, exposure start/end, line rise/fall, error",2 counters and 2 timers,"노출 시간, gain","Software trigger, hardware trigger, PTP (IEEE 1588)",GigE Vision v2.0,"CE, KC, FCC, RoHS, REACH, WEEE",-30 to 60°C,-20 to 55°C 주변,"동작: 20% ~ 80%, relative, 비 응축","DIN EN 60068-2-27, DIN EN 60068-2-64, DIN EN 60068-2-6",3 year,,,IP67(IP67 보호를 위해 Triton은 IP67 렌즈 튜브 및 케이블과 함께 사용해야합니다),,,,,,DIN EN 61000-6-2,,,,,,,,,,,,,,,,,,,,,,,,,,,
Lucid Vision,Y,TRT124S-CC,,"4096 x 3000, 12.3 MP",,Sony IMX545 CMOS,14.0mm (Type 1/1.1″),2.74 µm (H) x 2.74 µm (V),Global Shutter,C-mount,Color,"2.5GBASE-T / 1000BASE-T M12 (8-Pin X-Coded), PoE",21.7 FPS (21.7 FPS) @ 12.3 MP,44 x 29 x 45.3 mm,90 g,8 핀M8커넥터,"1 input, 1 output",2 bi-directional,"PoE (IEEE 802.3af), or 12-24 VDC ±5% external","PoE를 통한 5W, 외부 전원 공급시 4.5W",128 MB,"Gain, gamma, black level, white balance, LUT, CCM, pixel correction, color space conversion","Mono8/10/12/16, Bayer8/10/12/16, RGB8, BGR8, YCbCr8, YCbCr411, YUV422, YUV411",,"수평 및 수직 비닝, ROI, 수직 뒤집기",12 bit,0 dB ~ 48 dB 아날로그 및 디지털,17.248 μs ~ 10 s (Normal) / 2.312 μs ~ 2.472 μs (Short Mode),1 default and 2 custom user set,16 MB,"Frame counter, offset X/Y, width/height, 노출 시간, gain, black level, line status, sequencer set","Acquisition start/end, exposure start/end, line rise/fall, error",2 counters and 2 timers,"노출 시간, gain","Software trigger, hardware trigger, PTP (IEEE 1588)",GigE Vision v2.0,"CE, KC, FCC, RoHS, REACH, WEEE",-30 to 60°C,-20 to 55°C 주변,"동작: 20% ~ 80%, relative, 비 응축","DIN EN 60068-2-27, DIN EN 60068-2-64, DIN EN 60068-2-6",3 year,TRT124S,,IP67(IP67 보호를 위해 Triton은 IP67 렌즈 튜브 및 케이블과 함께 사용해야합니다),,,,,,DIN EN 61000-6-2,,,M12,,M8 GPIO IP67 Cap,,,,,,,,,,,,,,,,,,,,,,
Lucid Vision,Y,TRT124S-MC,,"4096 x 3000, 12.3 MP",,Sony IMX545 CMOS,14.0mm (Type 1/1.1″),2.74 µm (H) x 2.74 µm (V),Global Shutter,C-mount,Mono,"2.5GBASE-T / 1000BASE-T M12 (8-Pin X-Coded), PoE",21.7 FPS (21.7 FPS) @ 12.3 MP,44 x 29 x 45.3 mm,90 g,8 핀M8커넥터,"1 input, 1 output",2 bi-directional,"PoE (IEEE 802.3af), or 12-24 VDC ±5% external","PoE를 통한 5W, 외부 전원 공급시 4.5W",128 MB,"Gain, gamma, black level, white balance, LUT, CCM, pixel correction, color space conversion","Mono8/10/12/16, Bayer8/10/12/16, RGB8, BGR8, YCbCr8, YCbCr411, YUV422, YUV411",,"수평 및 수직 비닝, ROI, 수직 뒤집기",12 bit,0 dB ~ 48 dB 아날로그 및 디지털,17.248 μs ~ 10 s (Normal) / 2.312 μs ~ 2.472 μs (Short Mode),1 default and 2 custom user set,16 MB,"Frame counter, offset X/Y, width/height, 노출 시간, gain, black level, line status, sequencer set","Acquisition start/end, exposure start/end, line rise/fall, error",2 counters and 2 timers,"노출 시간, gain","Software trigger, hardware trigger, PTP (IEEE 1588)",GigE Vision v2.0,"CE, KC, FCC, RoHS, REACH, WEEE",-30 to 60°C,-20 to 55°C 주변,"동작: 20% ~ 80%, relative, 비 응축","DIN EN 60068-2-27, DIN EN 60068-2-64, DIN EN 60068-2-6",3 year,TRT124S,,IP67(IP67 보호를 위해 Triton은 IP67 렌즈 튜브 및 케이블과 함께 사용해야합니다),,,,,,DIN EN 61000-6-2,,,M12,,M8 GPIO IP67 Cap,,,,,,,,,,,,,,,,,,,,,,
Lucid Vision,N,TRT120S,12.3 MP,"4096 x 3000, 12.3 MP",22.6 fps,Sony IMX304 CMOS,17.6 mm (Type 1.1″),3.45 µm (H) x 3.45 µm (V),Global Shutter,C-Mount,Mono / Color,"2.5GBASE-T / 1000BASE-T M12 (8-Pin X-Coded), PoE",22.6 FPS (22.8 FPS) @ 12.3 MP,44 x 29 x 45.3 mm,90 g,8 핀M8커넥터,"1 input, 1 output",2 bi-directional,"PoE (IEEE 802.3af), or 12-24 VDC ±5% external","PoE를 통한 5W, 외부 전원 공급시 4.5W",128 MB,"Gain, gamma, black level, white balance, LUT, CCM, pixel correction, color space conversion","Mono8/10/12/16, Bayer8/10/12/16, RGB8, BGR8, YCbCr8, YCbCr411, YUV422, YUV411",,"수평 및 수직 비닝, ROI, 수직 뒤집기",12 bit,0 dB ~ 48 dB 아날로그 및 디지털,28.7 μs ~ 10 s (Normal) / 1.48 μs ~ 16.112 μs,1 default and 2 custom user set,16 MB,"Frame counter, offset X/Y, width/height, 노출 시간, gain, black level, line status, sequencer set","Acquisition start/end, exposure start/end, line rise/fall, error",2 counters and 2 timers,"노출 시간, gain","Software trigger, hardware trigger, PTP (IEEE 1588)",GigE Vision v2.0,"CE, KC, FCC, RoHS, REACH, WEEE",-30 to 60°C,-20 to 55°C 주변,"동작: 20% ~ 80%, relative, 비 응축","DIN EN 60068-2-27, DIN EN 60068-2-64, DIN EN 60068-2-6",3 year,,,IP67(IP67 보호를 위해 Triton은 IP67 렌즈 튜브 및 케이블과 함께 사용해야합니다),,,,,,DIN EN 61000-6-2,,,,,,,,,,,,,,,,,,,,,,,,,,,
Lucid Vision,Y,TRT120S-CC,,"4096 x 3000, 12.3 MP",,Sony IMX304 CMOS,17.6 mm (Type 1.1″),3.45 µm (H) x 3.45 µm (V),Global Shutter,C-mount,Color,"2.5GBASE-T / 1000BASE-T M12 (8-Pin X-Coded), PoE",22.6 FPS (22.8 FPS) @ 12.3 MP,44 x 29 x 45.3 mm,90 g,8 핀M8커넥터,"1 input, 1 output",2 bi-directional,"PoE (IEEE 802.3af), or 12-24 VDC ±5% external","PoE를 통한 5W, 외부 전원 공급시 4.5W",128 MB,"Gain, gamma, black level, white balance, LUT, CCM, pixel correction, color space conversion","Mono8/10/12/16, Bayer8/10/12/16, RGB8, BGR8, YCbCr8, YCbCr411, YUV422, YUV411",,"수평 및 수직 비닝, ROI, 수직 뒤집기",12 bit,0 dB ~ 48 dB 아날로그 및 디지털,28.7 μs ~ 10 s (Normal) / 1.48 μs ~ 16.112 μs,1 default and 2 custom user set,16 MB,"Frame counter, offset X/Y, width/height, 노출 시간, gain, black level, line status, sequencer set","Acquisition start/end, exposure start/end, line rise/fall, error",2 counters and 2 timers,"노출 시간, gain","Software trigger, hardware trigger, PTP (IEEE 1588)",GigE Vision v2.0,"CE, KC, FCC, RoHS, REACH, WEEE",-30 to 60°C,-20 to 55°C 주변,"동작: 20% ~ 80%, relative, 비 응축","DIN EN 60068-2-27, DIN EN 60068-2-64, DIN EN 60068-2-6",3 year,TRT120S,,IP67(IP67 보호를 위해 Triton은 IP67 렌즈 튜브 및 케이블과 함께 사용해야합니다),,,,,,DIN EN 61000-6-2,,,M12,,M8 GPIO IP67 Cap,,,,,,,,,,,,,,,,,,,,,,
Lucid Vision,Y,TRT120S-MC,,"4096 x 3000, 12.3 MP",,Sony IMX304 CMOS,17.6 mm (Type 1.1″),3.45 µm (H) x 3.45 µm (V),Global Shutter,C-mount,Mono,"2.5GBASE-T / 1000BASE-T M12 (8-Pin X-Coded), PoE",22.6 FPS (22.8 FPS) @ 12.3 MP,44 x 29 x 45.3 mm,90 g,8 핀M8커넥터,"1 input, 1 output",2 bi-directional,"PoE (IEEE 802.3af), or 12-24 VDC ±5% external","PoE를 통한 5W, 외부 전원 공급시 4.5W",128 MB,"Gain, gamma, black level, white balance, LUT, CCM, pixel correction, color space conversion","Mono8/10/12/16, Bayer8/10/12/16, RGB8, BGR8, YCbCr8, YCbCr411, YUV422, YUV411",,"수평 및 수직 비닝, ROI, 수직 뒤집기",12 bit,0 dB ~ 48 dB 아날로그 및 디지털,28.7 μs ~ 10 s (Normal) / 1.48 μs ~ 16.112 μs,1 default and 2 custom user set,16 MB,"Frame counter, offset X/Y, width/height, 노출 시간, gain, black level, line status, sequencer set","Acquisition start/end, exposure start/end, line rise/fall, error",2 counters and 2 timers,"노출 시간, gain","Software trigger, hardware trigger, PTP (IEEE 1588)",GigE Vision v2.0,"CE, KC, FCC, RoHS, REACH, WEEE",-30 to 60°C,-20 to 55°C 주변,"동작: 20% ~ 80%, relative, 비 응축","DIN EN 60068-2-27, DIN EN 60068-2-64, DIN EN 60068-2-6",3 year,TRT120S,,IP67(IP67 보호를 위해 Triton은 IP67 렌즈 튜브 및 케이블과 함께 사용해야합니다),,,,,,DIN EN 61000-6-2,,,M12,,M8 GPIO IP67 Cap,,,,,,,,,,,,,,,,,,,,,,
Lucid Vision,N,TRT081S,8.1 MP,"2840 x 2840 px, 8.1 MP",31.8 fps,Sony IMX546 CMOS,11.1 mm (Type 2/3″),2.74 µm (H) x 2.74 µm (V),Global Shutter,C-Mount,Mono / Color,"2.5GBASE-T / 1000BASE-T M12 (8-Pin X-Coded), PoE",31.8 FPS (31.8 FPS) @ 8.1 MP,44 x 29 x 45.3 mm,90 g,8 핀M8커넥터,"1 input, 1 output",2 bi-directional,"PoE (IEEE 802.3af), or 12-24 VDC ±5% external","PoE를 통한 5W, 외부 전원 공급시 4.5W",128 MB,"Gain, gamma, black level, white balance, LUT, CCM, pixel correction, color space conversion","Mono8/10/12/16, Bayer8/10/12/16, RGB8, BGR8, YCbCr8, YCbCr411, YUV422, YUV411",,"수평 및 수직 비닝, 서브 샘플링, ROI, 수평 및 수직 뒤집기",12 bit,0 dB ~ 48 dB 아날로그 및 디지털,13.056 μs ~ 10 s (Normal) / 2.312 μs ~ 2.472 μs (Short Mode),1 default and 2 custom user set,16 MB,"Frame counter, offset X/Y, width/height, 노출 시간, gain, black level, line status, sequencer set","Acquisition start/end, exposure start/end, line rise/fall, error",2 counters and 2 timers,"노출 시간, gain","Software trigger, hardware trigger, PTP (IEEE 1588)",GigE Vision v2.0,"CE, KC, FCC, RoHS, REACH, WEEE",-30 to 60°C,-20 to 55°C 주변,"동작: 20% ~ 80%, relative, 비 응축","DIN EN 60068-2-27, DIN EN 60068-2-64, DIN EN 60068-2-6",3 year,,,IP67(IP67 보호를 위해 Triton은 IP67 렌즈 튜브 및 케이블과 함께 사용해야합니다),,,,,,DIN EN 61000-6-2,,,,,,,,,,,,,,,,,,,,,,,,,,,
Lucid Vision,Y,TRT081S-CC,,"2840 x 2840 px, 8.1 MP",,Sony IMX546 CMOS,11.1 mm (Type 2/3″),2.74 µm (H) x 2.74 µm (V),Global Shutter,C-mount,Color,"2.5GBASE-T / 1000BASE-T M12 (8-Pin X-Coded), PoE",31.8 FPS (31.8 FPS) @ 8.1 MP,44 x 29 x 45.3 mm,90 g,8 핀M8커넥터,"1 input, 1 output",2 bi-directional,"PoE (IEEE 802.3af), or 12-24 VDC ±5% external","PoE를 통한 5W, 외부 전원 공급시 4.5W",128 MB,"Gain, gamma, black level, white balance, LUT, CCM, pixel correction, color space conversion","Mono8/10/12/16, Bayer8/10/12/16, RGB8, BGR8, YCbCr8, YCbCr411, YUV422, YUV411",,"수평 및 수직 비닝, 서브 샘플링, ROI, 수평 및 수직 뒤집기",12 bit,0 dB ~ 48 dB 아날로그 및 디지털,13.056 μs ~ 10 s (Normal) / 2.312 μs ~ 2.472 μs (Short Mode),1 default and 2 custom user set,16 MB,"Frame counter, offset X/Y, width/height, 노출 시간, gain, black level, line status, sequencer set","Acquisition start/end, exposure start/end, line rise/fall, error",2 counters and 2 timers,"노출 시간, gain","Software trigger, hardware trigger, PTP (IEEE 1588)",GigE Vision v2.0,"CE, KC, FCC, RoHS, REACH, WEEE",-30 to 60°C,-20 to 55°C 주변,"동작: 20% ~ 80%, relative, 비 응축","DIN EN 60068-2-27, DIN EN 60068-2-64, DIN EN 60068-2-6",3 year,TRT081S,,IP67(IP67 보호를 위해 Triton은 IP67 렌즈 튜브 및 케이블과 함께 사용해야합니다),,,,,,DIN EN 61000-6-2,,,M12,M8 GPIO IP67 Cap,,,,,,,,,,,,,,,,,,,,,,,
Lucid Vision,Y,TRT081S-MC,,"2840 x 2840 px, 8.1 MP",,Sony IMX546 CMOS,11.1 mm (Type 2/3″),2.74 µm (H) x 2.74 µm (V),Global Shutter,C-mount,Mono,"2.5GBASE-T / 1000BASE-T M12 (8-Pin X-Coded), PoE",31.8 FPS (31.8 FPS) @ 8.1 MP,44 x 29 x 45.3 mm,90 g,8 핀M8커넥터,"1 input, 1 output",2 bi-directional,"PoE (IEEE 802.3af), or 12-24 VDC ±5% external","PoE를 통한 5W, 외부 전원 공급시 4.5W",128 MB,"Gain, gamma, black level, white balance, LUT, CCM, pixel correction, color space conversion","Mono8/10/12/16, Bayer8/10/12/16, RGB8, BGR8, YCbCr8, YCbCr411, YUV422, YUV411",,"수평 및 수직 비닝, 서브 샘플링, ROI, 수평 및 수직 뒤집기",12 bit,0 dB ~ 48 dB 아날로그 및 디지털,13.056 μs ~ 10 s (Normal) / 2.312 μs ~ 2.472 μs (Short Mode),1 default and 2 custom user set,16 MB,"Frame counter, offset X/Y, width/height, 노출 시간, gain, black level, line status, sequencer set","Acquisition start/end, exposure start/end, line rise/fall, error",2 counters and 2 timers,"노출 시간, gain","Software trigger, hardware trigger, PTP (IEEE 1588)",GigE Vision v2.0,"CE, KC, FCC, RoHS, REACH, WEEE",-30 to 60°C,-20 to 55°C 주변,"동작: 20% ~ 80%, relative, 비 응축","DIN EN 60068-2-27, DIN EN 60068-2-64, DIN EN 60068-2-6",3 year,TRT081S,,IP67(IP67 보호를 위해 Triton은 IP67 렌즈 튜브 및 케이블과 함께 사용해야합니다),,,,,,DIN EN 61000-6-2,,,M12,M8 GPIO IP67 Cap,,,,,,,,,,,,,,,,,,,,,,,
Lucid Vision,N,TRT071S,7.1 MP,"3208 x 2200 px, 7.1 MP",35 fps,Sony IMX428 CMOS,17.6 mm (Type 1.1″),4.5 µm (H) x 4.5 µm (V),Global Shutter,C-Mount,Mono / Color,"2.5GBASE-T / 1000BASE-T M12 (8 Pin X-Coded), PoE",35 FPS (35 FPS) @ 2.8 MP,44 x 29 x 45.3 mm,90 g,8 핀M8커넥터,"1 input, 1 output",2 bi-directional,"PoE (IEEE 802.3af), or 12-24 VDC ±5% external","PoE를 통한 5W, 외부 전원 공급시 4.5W",128 MB,"Gain, gamma, black level, white balance, LUT, CCM, pixel correction, color space conversion","Mono8/10/12/16, Bayer8/10/12/16, RGB8, BGR8, YCbCr8, YCbCr411, YUV422, YUV411",,"수평 및 수직 비닝, 서브 샘플링, ROI, 수평 및 수직 뒤집기",12 bit,0 dB ~ 48 dB 아날로그 및 디지털,30.7 μs ~ 10 s (Normal) / 1 μs ~ 5 μs (Short Mode),1 default and 2 custom user set,16 MB,"Frame counter, offset X/Y, width/height, 노출 시간, gain, black level, line status, sequencer set","Acquisition start/end, exposure start/end, line rise/fall, error",2 counters and 2 timers,"노출 시간, gain","Software trigger, hardware trigger, PTP (IEEE 1588)",GigE Vision v2.0,"CE, KC, FCC, RoHS, REACH, WEEE",-30 to 60°C,-20 to 55°C 주변,"동작: 20% ~ 80%, relative, 비 응축","DIN EN 60068-2-27, DIN EN 60068-2-64, DIN EN 60068-2-6",3 year,,,IP67(IP67 보호를 위해 Triton은 IP67 렌즈 튜브 및 케이블과 함께 사용해야합니다),,,,,,DIN EN 61000-6-2,,,,,,일반 및 높음 모드 (높음: 아날로그 도메인에서 2.3배),,,,,,,,,,,,,,,,,,,,,
Lucid Vision,Y,TRT071S-CC,,"3208 x 2200 px, 7.1 MP",,Sony IMX428 CMOS,17.6 mm (Type 1.1″),4.5 µm (H) x 4.5 µm (V),Global Shutter,C-mount,Color,"2.5GBASE-T / 1000BASE-T M12 (8 Pin X-Coded), PoE",35 FPS (35 FPS) @ 2.8 MP,44 x 29 x 45.3 mm,90 g,8 핀M8커넥터,"1 input, 1 output",2 bi-directional,"PoE (IEEE 802.3af), or 12-24 VDC ±5% external","PoE를 통한 5W, 외부 전원 공급시 4.5W",128 MB,"Gain, gamma, black level, white balance, LUT, CCM, pixel correction, color space conversion","Mono8/10/12/16, Bayer8/10/12/16, RGB8, BGR8, YCbCr8, YCbCr411, YUV422, YUV411",,"수평 및 수직 비닝, 서브 샘플링, ROI, 수평 및 수직 뒤집기",12 bit,0 dB ~ 48 dB 아날로그 및 디지털,30.7 μs ~ 10 s (Normal) / 1 μs ~ 5 μs (Short Mode),1 default and 2 custom user set,16 MB,"Frame counter, offset X/Y, width/height, 노출 시간, gain, black level, line status, sequencer set","Acquisition start/end, exposure start/end, line rise/fall, error",2 counters and 2 timers,"노출 시간, gain","Software trigger, hardware trigger, PTP (IEEE 1588)",GigE Vision v2.0,"CE, KC, FCC, RoHS, REACH, WEEE",-30 to 60°C,-20 to 55°C 주변,"동작: 20% ~ 80%, relative, 비 응축","DIN EN 60068-2-27, DIN EN 60068-2-64, DIN EN 60068-2-6",3 year,TRT071S,,IP67(IP67 보호를 위해 Triton은 IP67 렌즈 튜브 및 케이블과 함께 사용해야합니다),,,,,,DIN EN 61000-6-2,,,M12,M8 GPIO IP67 Cap,,일반 및 높음 모드 (높음: 아날로그 도메인에서 2.3배),,,,,,,,,,,,,,,,,,,,,
Lucid Vision,Y,TRT071S-MC,,"3208 x 2200 px, 7.1 MP",,Sony IMX428 CMOS,17.6 mm (Type 1.1″),4.5 µm (H) x 4.5 µm (V),Global Shutter,C-mount,Mono,"2.5GBASE-T / 1000BASE-T M12 (8 Pin X-Coded), PoE",35 FPS (35 FPS) @ 2.8 MP,44 x 29 x 45.3 mm,90 g,8 핀M8커넥터,"1 input, 1 output",2 bi-directional,"PoE (IEEE 802.3af), or 12-24 VDC ±5% external","PoE를 통한 5W, 외부 전원 공급시 4.5W",128 MB,"Gain, gamma, black level, white balance, LUT, CCM, pixel correction, color space conversion","Mono8/10/12/16, Bayer8/10/12/16, RGB8, BGR8, YCbCr8, YCbCr411, YUV422, YUV411",,"수평 및 수직 비닝, 서브 샘플링, ROI, 수평 및 수직 뒤집기",12 bit,0 dB ~ 48 dB 아날로그 및 디지털,30.7 μs ~ 10 s (Normal) / 1 μs ~ 5 μs (Short Mode),1 default and 2 custom user set,16 MB,"Frame counter, offset X/Y, width/height, 노출 시간, gain, black level, line status, sequencer set","Acquisition start/end, exposure start/end, line rise/fall, error",2 counters and 2 timers,"노출 시간, gain","Software trigger, hardware trigger, PTP (IEEE 1588)",GigE Vision v2.0,"CE, KC, FCC, RoHS, REACH, WEEE",-30 to 60°C,-20 to 55°C 주변,"동작: 20% ~ 80%, relative, 비 응축","DIN EN 60068-2-27, DIN EN 60068-2-64, DIN EN 60068-2-6",3 year,TRT071S,,IP67(IP67 보호를 위해 Triton은 IP67 렌즈 튜브 및 케이블과 함께 사용해야합니다),,,,,,DIN EN 61000-6-2,,,M12,M8 GPIO IP67 Cap,,일반 및 높음 모드 (높음: 아날로그 도메인에서 2.3배),,,,,,,,,,,,,,,,,,,,,
Lucid Vision,N,TRT064S,6.3 MP,"3072 x 2048 px, 6.3 MP",42.8 fps,Sony IMX178 CMOS,8.92 mm (Type 1/1.8″),2.40 µm (H) x 2.40 µm (V),Rolling shutter with global reset,C-Mount,Mono / Color,"2.5GBASE-T / 1000BASE-T M12 (8 Pin X-Coded), PoE",42.8 FPS (42.8 FPS) @ 2.8 MP,44 x 29 x 45.3 mm,90 g,8 핀M8커넥터,"1 input, 1 output",2 bi-directional,"PoE (IEEE 802.3af), or 12-24 VDC ±5% external","PoE를 통한 5W, 외부 전원 공급시 4.5W",128 MB,"Gain, gamma, black level, white balance, LUT, CCM, pixel correction, color space conversion","Mono8/10/12/16, Bayer8/10/12/16, RGB8, BGR8, YCbCr8, YCbCr411, YUV422, YUV411",,"수평 및 수직 비닝, ROI, 수직 뒤집기",12 bit,0 dB ~ 48 dB 아날로그 및 디지털,13.34 μs ~ 2.499 s,1 default and 2 custom user set,16 MB,"Frame counter, offset X/Y, width/height, 노출 시간, gain, black level, line status, sequencer set","Acquisition start/end, exposure start/end, line rise/fall, error",2 counters and 2 timers,"노출 시간, gain","Software trigger, hardware trigger, PTP (IEEE 1588)",GigE Vision v2.0,"CE, KC, FCC, RoHS, REACH, WEEE",-30 to 60°C,-20 to 55°C 주변,"동작: 20% ~ 80%, relative, 비 응축","DIN EN 60068-2-27, DIN EN 60068-2-64, DIN EN 60068-2-6",3 year,,,IP67(IP67 보호를 위해 Triton은 IP67 렌즈 튜브 및 케이블과 함께 사용해야합니다),,,,,,DIN EN 61000-6-2,,,,,,,,,,,,,,,,,,,,,,,,,,,
Lucid Vision,Y,TRT064S-CC,,"3072 x 2048 px, 6.3 MP",,Sony IMX178 CMOS,8.92 mm (Type 1/1.8″),2.40 µm (H) x 2.40 µm (V),Rolling shutter with global reset,C-mount,Color,"2.5GBASE-T / 1000BASE-T M12 (8 Pin X-Coded), PoE",42.8 FPS (42.8 FPS) @ 2.8 MP,44 x 29 x 45.3 mm,90 g,8 핀M8커넥터,"1 input, 1 output",2 bi-directional,"PoE (IEEE 802.3af), or 12-24 VDC ±5% external","PoE를 통한 5W, 외부 전원 공급시 4.5W",128 MB,"Gain, gamma, black level, white balance, LUT, CCM, pixel correction, color space conversion","Mono8/10/12/16, Bayer8/10/12/16, RGB8, BGR8, YCbCr8, YCbCr411, YUV422, YUV411",,"수평 및 수직 비닝, ROI, 수직 뒤집기",12 bit,0 dB ~ 48 dB 아날로그 및 디지털,13.34 μs ~ 2.499 s,1 default and 2 custom user set,16 MB,"Frame counter, offset X/Y, width/height, 노출 시간, gain, black level, line status, sequencer set","Acquisition start/end, exposure start/end, line rise/fall, error",2 counters and 2 timers,"노출 시간, gain","Software trigger, hardware trigger, PTP (IEEE 1588)",GigE Vision v2.0,"CE, KC, FCC, RoHS, REACH, WEEE",-30 to 60°C,-20 to 55°C 주변,"동작: 20% ~ 80%, relative, 비 응축","DIN EN 60068-2-27, DIN EN 60068-2-64, DIN EN 60068-2-6",3 year,TRT064S,,IP67(IP67 보호를 위해 Triton은 IP67 렌즈 튜브 및 케이블과 함께 사용해야합니다),,,,,,DIN EN 61000-6-2,,,M12,M8 GPIO IP67 Cap,,,,,,,,,,,,,,,,,,,,,,,
Lucid Vision,Y,TRT064S-MC,,"3072 x 2048 px, 6.3 MP",,Sony IMX178 CMOS,8.92 mm (Type 1/1.8″),2.40 µm (H) x 2.40 µm (V),Rolling shutter with global reset,C-mount,Mono,"2.5GBASE-T / 1000BASE-T M12 (8 Pin X-Coded), PoE",42.8 FPS (42.8 FPS) @ 2.8 MP,44 x 29 x 45.3 mm,90 g,8 핀M8커넥터,"1 input, 1 output",2 bi-directional,"PoE (IEEE 802.3af), or 12-24 VDC ±5% external","PoE를 통한 5W, 외부 전원 공급시 4.5W",128 MB,"Gain, gamma, black level, white balance, LUT, CCM, pixel correction, color space conversion","Mono8/10/12/16, Bayer8/10/12/16, RGB8, BGR8, YCbCr8, YCbCr411, YUV422, YUV411",,"수평 및 수직 비닝, ROI, 수직 뒤집기",12 bit,0 dB ~ 48 dB 아날로그 및 디지털,13.34 μs ~ 2.499 s,1 default and 2 custom user set,16 MB,"Frame counter, offset X/Y, width/height, 노출 시간, gain, black level, line status, sequencer set","Acquisition start/end, exposure start/end, line rise/fall, error",2 counters and 2 timers,"노출 시간, gain","Software trigger, hardware trigger, PTP (IEEE 1588)",GigE Vision v2.0,"CE, KC, FCC, RoHS, REACH, WEEE",-30 to 60°C,-20 to 55°C 주변,"동작: 20% ~ 80%, relative, 비 응축","DIN EN 60068-2-27, DIN EN 60068-2-64, DIN EN 60068-2-6",3 year,TRT064S,,IP67(IP67 보호를 위해 Triton은 IP67 렌즈 튜브 및 케이블과 함께 사용해야합니다),,,,,,DIN EN 61000-6-2,,,M12,M8 GPIO IP67 Cap,,,,,,,,,,,,,,,,,,,,,,,
Lucid Vision,N,TRT051S,5.0 MP,"2448 x 2048 px, 5.0 MP",49.2 fps,Sony IMX547 CMOS,8.8 mm (Type 1/1.8″),2.74 µm (H) x 2.74 µm (V),Global Shutter,C-Mount,Mono / Color,"2.5GBASE-T / 1000BASE-T M12 (8 Pin X-Coded), PoE",49.2 FPS (49.2 FPS) @ 5 MP,44 x 29 x 45.3 mm,90 g,8 핀M8커넥터,"1 input, 1 output",2 bi-directional,"PoE (IEEE 802.3af), or 12-24 VDC ±5% external","PoE를 통한 5W, 외부 전원 공급시 4.5W",128 MB,"Gain, gamma, black level, white balance, LUT, CCM, pixel correction, color space conversion","Mono8/10/12/16, Bayer8/10/12/16, RGB8, BGR8, YCbCr8, YCbCr411, YUV422, YUV411",,"수평 및 수직 비닝, 서브 샘플링, ROI, 수평 및 수직 뒤집기",12 bit,0 dB ~ 48 dB 아날로그 및 디지털,11.76 μs to 10 s (Normal) / 1 μs to 2.464 μs (Short Mode),1 default and 2 custom user set,16 MB,"Frame counter, offset X/Y, width/height, 노출 시간, gain, black level, line status, sequencer set","Acquisition start/end, exposure start/end, line rise/fall, error",2 counters and 2 timers,"노출 시간, gain","Software trigger, hardware trigger, PTP (IEEE 1588)",GigE Vision v2.0,"CE, KC, FCC, RoHS, REACH, WEEE",-30 to 60°C,-20 to 55°C 주변,"동작: 20% ~ 80%, relative, 비 응축","DIN EN 60068-2-27, DIN EN 60068-2-64, DIN EN 60068-2-6",3 year,,,IP67(IP67 보호를 위해 Triton은 IP67 렌즈 튜브 및 케이블과 함께 사용해야합니다),,,,,,DIN EN 61000-6-2,,,,,,,,,,,,,,,,,,,,,,,,,,,
Lucid Vision,Y,TRI051S-CC,,"2448 x 2048 px, 5.0 MP",,Sony IMX547 CMOS,8.8 mm (Type 1/1.8″),2.74 µm (H) x 2.74 µm (V),Global Shutter,C-mount,Color,"2.5GBASE-T / 1000BASE-T M12 (8 Pin X-Coded), PoE",49.2 FPS (49.2 FPS) @ 5 MP,44 x 29 x 45.3 mm,90 g,8 핀M8커넥터,"1 input, 1 output",2 bi-directional,"PoE (IEEE 802.3af), or 12-24 VDC ±5% external","PoE를 통한 5W, 외부 전원 공급시 4.5W",128 MB,"Gain, gamma, black level, white balance, LUT, CCM, pixel correction, color space conversion","Mono8/10/12/16, Bayer8/10/12/16, RGB8, BGR8, YCbCr8, YCbCr411, YUV422, YUV411",,"수평 및 수직 비닝, 서브 샘플링, ROI, 수평 및 수직 뒤집기",12 bit,0 dB ~ 48 dB 아날로그 및 디지털,11.76 μs to 10 s (Normal) / 1 μs to 2.464 μs (Short Mode),1 default and 2 custom user set,16 MB,"Frame counter, offset X/Y, width/height, 노출 시간, gain, black level, line status, sequencer set","Acquisition start/end, exposure start/end, line rise/fall, error",2 counters and 2 timers,"노출 시간, gain","Software trigger, hardware trigger, PTP (IEEE 1588)",GigE Vision v2.0,"CE, KC, FCC, RoHS, REACH, WEEE",-30 to 60°C,-20 to 55°C 주변,"동작: 20% ~ 80%, relative, 비 응축","DIN EN 60068-2-27, DIN EN 60068-2-64, DIN EN 60068-2-6",3 year,TRT051S,,IP67(IP67 보호를 위해 Triton은 IP67 렌즈 튜브 및 케이블과 함께 사용해야합니다),,,,,,DIN EN 61000-6-2,,,M12,M8 GPIO IP67 Cap,,,,,,,,,,,,,,,,,,,,,,,
Lucid Vision,Y,TRI051S-MC,,"2448 x 2048 px, 5.0 MP",,Sony IMX547 CMOS,8.8 mm (Type 1/1.8″),2.74 µm (H) x 2.74 µm (V),Global Shutter,C-mount,Mono,"2.5GBASE-T / 1000BASE-T M12 (8 Pin X-Coded), PoE",49.2 FPS (49.2 FPS) @ 5 MP,44 x 29 x 45.3 mm,90 g,8 핀M8커넥터,"1 input, 1 output",2 bi-directional,"PoE (IEEE 802.3af), or 12-24 VDC ±5% external","PoE를 통한 5W, 외부 전원 공급시 4.5W",128 MB,"Gain, gamma, black level, white balance, LUT, CCM, pixel correction, color space conversion","Mono8/10/12/16, Bayer8/10/12/16, RGB8, BGR8, YCbCr8, YCbCr411, YUV422, YUV411",,"수평 및 수직 비닝, 서브 샘플링, ROI, 수평 및 수직 뒤집기",12 bit,0 dB ~ 48 dB 아날로그 및 디지털,11.76 μs to 10 s (Normal) / 1 μs to 2.464 μs (Short Mode),1 default and 2 custom user set,16 MB,"Frame counter, offset X/Y, width/height, 노출 시간, gain, black level, line status, sequencer set","Acquisition start/end, exposure start/end, line rise/fall, error",2 counters and 2 timers,"노출 시간, gain","Software trigger, hardware trigger, PTP (IEEE 1588)",GigE Vision v2.0,"CE, KC, FCC, RoHS, REACH, WEEE",-30 to 60°C,-20 to 55°C 주변,"동작: 20% ~ 80%, relative, 비 응축","DIN EN 60068-2-27, DIN EN 60068-2-64, DIN EN 60068-2-6",3 year,TRT051S,,IP67(IP67 보호를 위해 Triton은 IP67 렌즈 튜브 및 케이블과 함께 사용해야합니다),,,,,,DIN EN 61000-6-2,,,M12,M8 GPIO IP67 Cap,,,,,,,,,,,,,,,,,,,,,,,
Lucid Vision,N,TRT050S,5.0 MP,"2448 x 2048 px, 5.0 MP",35.6 fps,Sony IMX264 CMOS,11.1 mm (Type 2/3″),3.45 µm (H) x 3.45 µm (V),Global Shutter,C-Mount,Mono / Color,"2.5GBASE-T / 1000BASE-T M12 (8 Pin X-Coded), PoE",35.6 FPS (35.6 FPS) @ 5 MP,44 x 29 x 45.3 mm,90 g,8 핀M8커넥터,"1 input, 1 output",2 bi-directional,"PoE (IEEE 802.3af), or 12-24 VDC ±5% external","PoE를 통한 5W, 외부 전원 공급시 4.5W",128 MB,"Gain, gamma, black level, white balance, LUT, CCM, pixel correction, color space conversion","Mono8/10/12/16, Bayer8/10/12/16, RGB8, BGR8, YCbCr8, YCbCr411, YUV422, YUV411",,"수평 및 수직 비닝, 서브 샘플링, ROI, 수평 및 수직 뒤집기",12 bit,0 dB ~ 48 dB 아날로그 및 디지털,27.17 μs ~ 10 s (Normal) / 1.048 μs ~ 14.44 μs (Short Mode),1 default and 2 custom user set,16 MB,"Frame counter, offset X/Y, width/height, 노출 시간, gain, black level, line status, sequencer set","Acquisition start/end, exposure start/end, line rise/fall, error",2 counters and 2 timers,"노출 시간, gain","Software trigger, hardware trigger, PTP (IEEE 1588)",GigE Vision v2.0,"CE, KC, FCC, RoHS, REACH, WEEE",-30 to 60°C,-20 to 55°C 주변,"동작: 20% ~ 80%, relative, 비 응축","DIN EN 60068-2-27, DIN EN 60068-2-64, DIN EN 60068-2-6",3 year,,,IP67(IP67 보호를 위해 Triton은 IP67 렌즈 튜브 및 케이블과 함께 사용해야합니다),,,,,,DIN EN 61000-6-2,,,,,,,,,,,,,,,,,,,,,,,,,,,
Lucid Vision,Y,TRI050S-CC,,"2448 x 2048 px, 5.0 MP",,Sony IMX264 CMOS,11.1 mm (Type 2/3″),3.45 µm (H) x 3.45 µm (V),Global Shutter,C-mount,Color,"2.5GBASE-T / 1000BASE-T M12 (8 Pin X-Coded), PoE",35.6 FPS (35.6 FPS) @ 5 MP,44 x 29 x 45.3 mm,90 g,8 핀M8커넥터,"1 input, 1 output",2 bi-directional,"PoE (IEEE 802.3af), or 12-24 VDC ±5% external","PoE를 통한 5W, 외부 전원 공급시 4.5W",128 MB,"Gain, gamma, black level, white balance, LUT, CCM, pixel correction, color space conversion","Mono8/10/12/16, Bayer8/10/12/16, RGB8, BGR8, YCbCr8, YCbCr411, YUV422, YUV411",,"수평 및 수직 비닝, 서브 샘플링, ROI, 수평 및 수직 뒤집기",12 bit,0 dB ~ 48 dB 아날로그 및 디지털,27.17 μs ~ 10 s (Normal) / 1.048 μs ~ 14.44 μs (Short Mode),1 default and 2 custom user set,16 MB,"Frame counter, offset X/Y, width/height, 노출 시간, gain, black level, line status, sequencer set","Acquisition start/end, exposure start/end, line rise/fall, error",2 counters and 2 timers,"노출 시간, gain","Software trigger, hardware trigger, PTP (IEEE 1588)",GigE Vision v2.0,"CE, KC, FCC, RoHS, REACH, WEEE",-30 to 60°C,-20 to 55°C 주변,"동작: 20% ~ 80%, relative, 비 응축","DIN EN 60068-2-27, DIN EN 60068-2-64, DIN EN 60068-2-6",3 year,TRT050S,,IP67(IP67 보호를 위해 Triton은 IP67 렌즈 튜브 및 케이블과 함께 사용해야합니다),,,,,,DIN EN 61000-6-2,,,M12,M8 GPIO IP67 Cap,,,,,,,,,,,,,,,,,,,,,,,
Lucid Vision,Y,TRI050S-MC,,"2448 x 2048 px, 5.0 MP",,Sony IMX264 CMOS,11.1 mm (Type 2/3″),3.45 µm (H) x 3.45 µm (V),Global Shutter,C-mount,Mono,"2.5GBASE-T / 1000BASE-T M12 (8 Pin X-Coded), PoE",35.6 FPS (35.6 FPS) @ 5 MP,44 x 29 x 45.3 mm,90 g,8 핀M8커넥터,"1 input, 1 output",2 bi-directional,"PoE (IEEE 802.3af), or 12-24 VDC ±5% external","PoE를 통한 5W, 외부 전원 공급시 4.5W",128 MB,"Gain, gamma, black level, white balance, LUT, CCM, pixel correction, color space conversion","Mono8/10/12/16, Bayer8/10/12/16, RGB8, BGR8, YCbCr8, YCbCr411, YUV422, YUV411",,"수평 및 수직 비닝, 서브 샘플링, ROI, 수평 및 수직 뒤집기",12 bit,0 dB ~ 48 dB 아날로그 및 디지털,27.17 μs ~ 10 s (Normal) / 1.048 μs ~ 14.44 μs (Short Mode),1 default and 2 custom user set,16 MB,"Frame counter, offset X/Y, width/height, 노출 시간, gain, black level, line status, sequencer set","Acquisition start/end, exposure start/end, line rise/fall, error",2 counters and 2 timers,"노출 시간, gain","Software trigger, hardware trigger, PTP (IEEE 1588)",GigE Vision v2.0,"CE, KC, FCC, RoHS, REACH, WEEE",-30 to 60°C,-20 to 55°C 주변,"동작: 20% ~ 80%, relative, 비 응축","DIN EN 60068-2-27, DIN EN 60068-2-64, DIN EN 60068-2-6",3 year,TRT050S,,IP67(IP67 보호를 위해 Triton은 IP67 렌즈 튜브 및 케이블과 함께 사용해야합니다),,,,,,DIN EN 61000-6-2,,,M12,M8 GPIO IP67 Cap,,,,,,,,,,,,,,,,,,,,,,,
Lucid Vision,N,TRT032S,3.2 MP,"2048 x 1536 px, 3.2 MP",55.6 fps,Sony IMX265 CMOS,8.9 mm (Type 1/1.8″),3.45 µm (H) x 3.45 µm (V),Global Shutter,C-Mount,Mono / Color,"2.5GBASE-T / 1000BASE-T M12 (8 Pin X-Coded), PoE",55.6 FPS (55.6 FPS) @ 5 MP,44 x 29 x 45.3 mm,90 g,8 핀M8커넥터,"1 input, 1 output",2 bi-directional,"PoE (IEEE 802.3af), or 12-24 VDC ±5% external","PoE를 통한 5W, 외부 전원 공급시 4.5W",128 MB,"Gain, gamma, black level, white balance, LUT, CCM, pixel correction, color space conversion","Mono8/10/12/16, Bayer8/10/12/16, RGB8, BGR8, YCbCr8, YCbCr411, YUV422, YUV411",,"수평 및 수직 비닝, 서브 샘플링, ROI, 수평 및 수직 뒤집기",12 bit,0 dB ~ 48 dB 아날로그 및 디지털,25.128 μs ~ 10 s (Normal) / 1.048 μs ~ 14.44 μs (Short Mode),1 default and 2 custom user set,16 MB,"Frame counter, offset X/Y, width/height, 노출 시간, gain, black level, line status, sequencer set","Acquisition start/end, exposure start/end, line rise/fall, error",2 counters and 2 timers,"노출 시간, gain","Software trigger, hardware trigger, PTP (IEEE 1588)",GigE Vision v2.0,"CE, KC, FCC, RoHS, REACH, WEEE",-30 to 60°C,-20 to 55°C 주변,"동작: 20% ~ 80%, relative, 비 응축","DIN EN 60068-2-27, DIN EN 60068-2-64, DIN EN 60068-2-6",3 year,,,IP67(IP67 보호를 위해 Triton은 IP67 렌즈 튜브 및 케이블과 함께 사용해야합니다),,,,,,DIN EN 61000-6-2,,,,,,,,,,,,,,,,,,,,,,,,,,,
Lucid Vision,Y,TRI032S-CC,,"2048 x 1536 px, 3.2 MP",,Sony IMX265 CMOS,8.9 mm (Type 1/1.8″),3.45 µm (H) x 3.45 µm (V),Global Shutter,C-mount,Color,"2.5GBASE-T / 1000BASE-T M12 (8 Pin X-Coded), PoE",55.6 FPS (55.6 FPS) @ 5 MP,44 x 29 x 45.3 mm,90 g,8 핀M8커넥터,"1 input, 1 output",2 bi-directional,"PoE (IEEE 802.3af), or 12-24 VDC ±5% external","PoE를 통한 5W, 외부 전원 공급시 4.5W",128 MB,"Gain, gamma, black level, white balance, LUT, CCM, pixel correction, color space conversion","Mono8/10/12/16, Bayer8/10/12/16, RGB8, BGR8, YCbCr8, YCbCr411, YUV422, YUV411",,"수평 및 수직 비닝, 서브 샘플링, ROI, 수평 및 수직 뒤집기",12 bit,0 dB ~ 48 dB 아날로그 및 디지털,25.128 μs ~ 10 s (Normal) / 1.048 μs ~ 14.44 μs (Short Mode),1 default and 2 custom user set,16 MB,"Frame counter, offset X/Y, width/height, 노출 시간, gain, black level, line status, sequencer set","Acquisition start/end, exposure start/end, line rise/fall, error",2 counters and 2 timers,"노출 시간, gain","Software trigger, hardware trigger, PTP (IEEE 1588)",GigE Vision v2.0,"CE, KC, FCC, RoHS, REACH, WEEE",-30 to 60°C,-20 to 55°C 주변,"동작: 20% ~ 80%, relative, 비 응축","DIN EN 60068-2-27, DIN EN 60068-2-64, DIN EN 60068-2-6",3 year,TRT032S,,IP67(IP67 보호를 위해 Triton은 IP67 렌즈 튜브 및 케이블과 함께 사용해야합니다),,,,,,DIN EN 61000-6-2,,,M12,M8 GPIO IP67 Cap,,,,,,,,,,,,,,,,,,,,,,,
Lucid Vision,Y,TRI032S-MC,,"2048 x 1536 px, 3.2 MP",,Sony IMX265 CMOS,8.9 mm (Type 1/1.8″),3.45 µm (H) x 3.45 µm (V),Global Shutter,C-mount,Mono,"2.5GBASE-T / 1000BASE-T M12 (8 Pin X-Coded), PoE",55.6 FPS (55.6 FPS) @ 5 MP,44 x 29 x 45.3 mm,90 g,8 핀M8커넥터,"1 input, 1 output",2 bi-directional,"PoE (IEEE 802.3af), or 12-24 VDC ±5% external","PoE를 통한 5W, 외부 전원 공급시 4.5W",128 MB,"Gain, gamma, black level, white balance, LUT, CCM, pixel correction, color space conversion","Mono8/10/12/16, Bayer8/10/12/16, RGB8, BGR8, YCbCr8, YCbCr411, YUV422, YUV411",,"수평 및 수직 비닝, 서브 샘플링, ROI, 수평 및 수직 뒤집기",12 bit,0 dB ~ 48 dB 아날로그 및 디지털,25.128 μs ~ 10 s (Normal) / 1.048 μs ~ 14.44 μs (Short Mode),1 default and 2 custom user set,16 MB,"Frame counter, offset X/Y, width/height, 노출 시간, gain, black level, line status, sequencer set","Acquisition start/end, exposure start/end, line rise/fall, error",2 counters and 2 timers,"노출 시간, gain","Software trigger, hardware trigger, PTP (IEEE 1588)",GigE Vision v2.0,"CE, KC, FCC, RoHS, REACH, WEEE",-30 to 60°C,-20 to 55°C 주변,"동작: 20% ~ 80%, relative, 비 응축","DIN EN 60068-2-27, DIN EN 60068-2-64, DIN EN 60068-2-6",3 year,TRT032S,,IP67(IP67 보호를 위해 Triton은 IP67 렌즈 튜브 및 케이블과 함께 사용해야합니다),,,,,,DIN EN 61000-6-2,,,M12,M8 GPIO IP67 Cap,,,,,,,,,,,,,,,,,,,,,,,
Lucid Vision,N,TRT028S,2.8 MP,"1936 x 1464 px, 2.8 MP",64.9 fps,Sony IMX429 CMOS,11.0 mm (Type 2/3″),4.5 µm (H) x 4.5 µm (V),Global Shutter,C-Mount,Mono / Color,"2.5GBASE-T / 1000BASE-T M12 (8 Pin X-Coded), PoE",64.9 FPS (64.9 FPS) @ 2.8 MP,44 x 29 x 45.3 mm,90 g,8 핀M8커넥터,"1 input, 1 output",2 bi-directional,"PoE (IEEE 802.3af), or 12-24 VDC ±5% external","PoE를 통한 5W, 외부 전원 공급시 4.5W",128 MB,"Gain, gamma, black level, white balance, LUT, CCM, pixel correction, color space conversion","Mono8/10/12/16, Bayer8/10/12/16, RGB8, BGR8, YCbCr8, YCbCr411, YUV422, YUV411",,"수평 및 수직 비닝, 서브 샘플링, ROI, 수평 및 수직 뒤집기",12 bit,0 dB ~ 48 dB 아날로그 및 디지털,15.22 μs ~ 10 s (Normal) / 0.984 μs ~ 5.0 μs (Short Mode),1 default and 2 custom user set,16 MB,"Frame counter, offset X/Y, width/height, 노출 시간, gain, black level, line status, sequencer set","Acquisition start/end, exposure start/end, line rise/fall, error",2 counters and 2 timers,"노출 시간, gain","Software trigger, hardware trigger, PTP (IEEE 1588)",GigE Vision v2.0,"CE, KC, FCC, RoHS, REACH, WEEE",-30 to 60°C,-20 to 55°C 주변,"동작: 20% ~ 80%, relative, 비 응축","DIN EN 60068-2-27, DIN EN 60068-2-64, DIN EN 60068-2-6",3 year,,,IP67(IP67 보호를 위해 Triton은 IP67 렌즈 튜브 및 케이블과 함께 사용해야합니다),,,,,,DIN EN 61000-6-2,,,,,,일반 및 높음 모드 (높음: 아날로그 도메인에서 2.3배),,,,,,,,,,,,,,,,,,,,,
Lucid Vision,Y,TRT028S-CC,,"1936 x 1464 px, 2.8 MP",,Sony IMX429 CMOS,11.0 mm (Type 2/3″),4.5 µm (H) x 4.5 µm (V),Global Shutter,C-mount,Color,"2.5GBASE-T / 1000BASE-T M12 (8 Pin X-Coded), PoE",64.9 FPS (64.9 FPS) @ 2.8 MP,44 x 29 x 45.3 mm,90 g,8 핀M8커넥터,"1 input, 1 output",2 bi-directional,"PoE (IEEE 802.3af), or 12-24 VDC ±5% external","PoE를 통한 5W, 외부 전원 공급시 4.5W",128 MB,"Gain, gamma, black level, white balance, LUT, CCM, pixel correction, color space conversion","Mono8/10/12/16, Bayer8/10/12/16, RGB8, BGR8, YCbCr8, YCbCr411, YUV422, YUV411",,"수평 및 수직 비닝, 서브 샘플링, ROI, 수평 및 수직 뒤집기",12 bit,0 dB ~ 48 dB 아날로그 및 디지털,15.22 μs ~ 10 s (Normal) / 0.984 μs ~ 5.0 μs (Short Mode),1 default and 2 custom user set,16 MB,"Frame counter, offset X/Y, width/height, 노출 시간, gain, black level, line status, sequencer set","Acquisition start/end, exposure start/end, line rise/fall, error",2 counters and 2 timers,"노출 시간, gain","Software trigger, hardware trigger, PTP (IEEE 1588)",GigE Vision v2.0,"CE, KC, FCC, RoHS, REACH, WEEE",-30 to 60°C,-20 to 55°C 주변,"동작: 20% ~ 80%, relative, 비 응축","DIN EN 60068-2-27, DIN EN 60068-2-64, DIN EN 60068-2-6",3 year,TRT028S,,IP67(IP67 보호를 위해 Triton은 IP67 렌즈 튜브 및 케이블과 함께 사용해야합니다),,,,,,DIN EN 61000-6-2,,,M12,M8 GPIO IP67 Cap,,일반 및 높음 모드 (높음: 아날로그 도메인에서 2.3배),,,,,,,,,,,,,,,,,,,,,
Lucid Vision,Y,TRT028S-MC,,"1936 x 1464 px, 2.8 MP",,Sony IMX429 CMOS,11.0 mm (Type 2/3″),4.5 µm (H) x 4.5 µm (V),Global Shutter,C-mount,Mono,"2.5GBASE-T / 1000BASE-T M12 (8 Pin X-Coded), PoE",64.9 FPS (64.9 FPS) @ 2.8 MP,44 x 29 x 45.3 mm,90 g,8 핀M8커넥터,"1 input, 1 output",2 bi-directional,"PoE (IEEE 802.3af), or 12-24 VDC ±5% external","PoE를 통한 5W, 외부 전원 공급시 4.5W",128 MB,"Gain, gamma, black level, white balance, LUT, CCM, pixel correction, color space conversion","Mono8/10/12/16, Bayer8/10/12/16, RGB8, BGR8, YCbCr8, YCbCr411, YUV422, YUV411",,"수평 및 수직 비닝, 서브 샘플링, ROI, 수평 및 수직 뒤집기",12 bit,0 dB ~ 48 dB 아날로그 및 디지털,15.22 μs ~ 10 s (Normal) / 0.984 μs ~ 5.0 μs (Short Mode),1 default and 2 custom user set,16 MB,"Frame counter, offset X/Y, width/height, 노출 시간, gain, black level, line status, sequencer set","Acquisition start/end, exposure start/end, line rise/fall, error",2 counters and 2 timers,"노출 시간, gain","Software trigger, hardware trigger, PTP (IEEE 1588)",GigE Vision v2.0,"CE, KC, FCC, RoHS, REACH, WEEE",-30 to 60°C,-20 to 55°C 주변,"동작: 20% ~ 80%, relative, 비 응축","DIN EN 60068-2-27, DIN EN 60068-2-64, DIN EN 60068-2-6",3 year,TRT028S,,IP67(IP67 보호를 위해 Triton은 IP67 렌즈 튜브 및 케이블과 함께 사용해야합니다),,,,,,DIN EN 61000-6-2,,,M12,M8 GPIO IP67 Cap,,일반 및 높음 모드 (높음: 아날로그 도메인에서 2.3배),,,,,,,,,,,,,,,,,,,,,
Lucid Vision,N,TRT024G,2.4 MP,"2048 x 1200 px, 2.4 MP",107.2 fps,Gpixel GMAX4002 CMOS,9.5 mm (Type 1/1.7″),4.0 µm (H) x 4.0 µm (V),Global Shutter,C-Mount,Mono / Color,"2.5GBASE-T / 1000BASE-T M12 (8 Pin X-Coded), PoE",107.2 FPS (107.2 FPS) @ 2.4 MP,44 x 29 x 45.3 mm,90 g,8 핀M8커넥터,"1 input, 1 output",2 bi-directional,"PoE (IEEE 802.3af), or 12-24 VDC ±5% external","PoE를 통한 5W, 외부 전원 공급시 4.5W",128 MB,"Gain, gamma, black level, white balance, LUT, CCM, pixel correction, color space conversion","Mono8/10/12/16, Bayer8/10/12/16, RGB8, BGR8, YCbCr8, YCbCr411, YUV422, YUV411",,"세로 및 가로 뒤집기, ROI",12 bit,0 dB ~ 11.6 dB 아날로그 및 디지털,11.06 μs ~ 10 s,1 default and 2 custom user set,16 MB,"Frame counter, offset X/Y, width/height, 노출 시간, gain, black level, line status, sequencer set","Acquisition start/end, exposure start/end, line rise/fall, error",2 counters and 2 timers,"노출 시간, gain","Software trigger, hardware trigger, PTP (IEEE 1588)",GigE Vision v2.0,"CE, KC, FCC, RoHS, REACH, WEEE",-30 to 60°C,-20 to 55°C 주변,"동작: 20% ~ 80%, relative, 비 응축","DIN EN 60068-2-27, DIN EN 60068-2-64, DIN EN 60068-2-6",3 year,,,IP67(IP67 보호를 위해 Triton은 IP67 렌즈 튜브 및 케이블과 함께 사용해야합니다),,,,,,DIN EN 61000-6-2,,,,,,,,,,,,,,,,,,,,,,,,,,,
Lucid Vision,Y,TRT024G-CC,,"2048 x 1200 px, 2.4 MP",,Gpixel GMAX4002 CMOS,9.5 mm (Type 1/1.7″),4.0 µm (H) x 4.0 µm (V),Global Shutter,C-mount,Color,"2.5GBASE-T / 1000BASE-T M12 (8 Pin X-Coded), PoE",107.2 FPS (107.2 FPS) @ 2.4 MP,44 x 29 x 45.3 mm,90 g,8 핀M8커넥터,"1 input, 1 output",2 bi-directional,"PoE (IEEE 802.3af), or 12-24 VDC ±5% external","PoE를 통한 5W, 외부 전원 공급시 4.5W",128 MB,"Gain, gamma, black level, white balance, LUT, CCM, pixel correction, color space conversion","Mono8/10/12/16, Bayer8/10/12/16, RGB8, BGR8, YCbCr8, YCbCr411, YUV422, YUV411",,"세로 및 가로 뒤집기, ROI",12 bit,0 dB ~ 11.6 dB 아날로그 및 디지털,11.06 μs ~ 10 s,1 default and 2 custom user set,16 MB,"Frame counter, offset X/Y, width/height, 노출 시간, gain, black level, line status, sequencer set","Acquisition start/end, exposure start/end, line rise/fall, error",2 counters and 2 timers,"노출 시간, gain","Software trigger, hardware trigger, PTP (IEEE 1588)",GigE Vision v2.0,"CE, KC, FCC, RoHS, REACH, WEEE",-30 to 60°C,-20 to 55°C 주변,"동작: 20% ~ 80%, relative, 비 응축","DIN EN 60068-2-27, DIN EN 60068-2-64, DIN EN 60068-2-6",3 year,TRT024G,,IP67(IP67 보호를 위해 Triton은 IP67 렌즈 튜브 및 케이블과 함께 사용해야합니다),,,,,,DIN EN 61000-6-2,,,M12,M8 GPIO IP67 Cap,,,,,,,,,,,,,,,,,,,,,,,
Lucid Vision,Y,TRT024G-MC,,"2048 x 1200 px, 2.4 MP",,Gpixel GMAX4002 CMOS,9.5 mm (Type 1/1.7″),4.0 µm (H) x 4.0 µm (V),Global Shutter,C-mount,Mono,"2.5GBASE-T / 1000BASE-T M12 (8 Pin X-Coded), PoE",107.2 FPS (107.2 FPS) @ 2.4 MP,44 x 29 x 45.3 mm,90 g,8 핀M8커넥터,"1 input, 1 output",2 bi-directional,"PoE (IEEE 802.3af), or 12-24 VDC ±5% external","PoE를 통한 5W, 외부 전원 공급시 4.5W",128 MB,"Gain, gamma, black level, white balance, LUT, CCM, pixel correction, color space conversion","Mono8/10/12/16, Bayer8/10/12/16, RGB8, BGR8, YCbCr8, YCbCr411, YUV422, YUV411",,"세로 및 가로 뒤집기, ROI",12 bit,0 dB ~ 11.6 dB 아날로그 및 디지털,11.06 μs ~ 10 s,1 default and 2 custom user set,16 MB,"Frame counter, offset X/Y, width/height, 노출 시간, gain, black level, line status, sequencer set","Acquisition start/end, exposure start/end, line rise/fall, error",2 counters and 2 timers,"노출 시간, gain","Software trigger, hardware trigger, PTP (IEEE 1588)",GigE Vision v2.0,"CE, KC, FCC, RoHS, REACH, WEEE",-30 to 60°C,-20 to 55°C 주변,"동작: 20% ~ 80%, relative, 비 응축","DIN EN 60068-2-27, DIN EN 60068-2-64, DIN EN 60068-2-6",3 year,TRT024G,,IP67(IP67 보호를 위해 Triton은 IP67 렌즈 튜브 및 케이블과 함께 사용해야합니다),,,,,,DIN EN 61000-6-2,,,M12,M8 GPIO IP67 Cap,,,,,,,,,,,,,,,,,,,,,,,
Lucid Vision,N,TRT023S,2.3 MP,"1920 x 1200 px, 2.3 MP",116.7 fps,Sony IMX392 CMOS,7.9 mm (Type 1/2.3″),3.45 µm (H) x 3.45 µm (V),Global Shutter,C-Mount,Mono / Color,"2.5GBASE-T / 1000BASE-T M12 (8 Pin X-Coded), PoE",116.7 FPS (116.7 FPS) @ 2.3 MP,44 x 29 x 45.3 mm,90 g,8 핀M8커넥터,"1 input, 1 output",2 bi-directional,"PoE (IEEE 802.3af), or 12-24 VDC ±5% external","PoE를 통한 5W, 외부 전원 공급시 4.5W",128 MB,"Gain, gamma, black level, white balance, LUT, CCM, pixel correction, color space conversion","Mono8/10/12/16, Bayer8/10/12/16, RGB8, BGR8, YCbCr8, YCbCr411, YUV422, YUV411",,"수평 및 수직 비닝, 서브 샘플링, ROI, 수평 및 수직 뒤집기",12 bit,0 dB ~ 48 dB 아날로그 및 디지털,20.58 μs ~ 10 s (Normal) / 0.88 μs ~ 14.112 μs (Short Mode),1 default and 2 custom user set,16 MB,"Frame counter, offset X/Y, width/height, 노출 시간, gain, black level, line status, sequencer set","Acquisition start/end, exposure start/end, line rise/fall, error",2 counters and 2 timers,"노출 시간, gain","Software trigger, hardware trigger, PTP (IEEE 1588)",GigE Vision v2.0,"CE, KC, FCC, RoHS, REACH, WEEE",-30 to 60°C,-20 to 55°C 주변,"동작: 20% ~ 80%, relative, 비 응축","DIN EN 60068-2-27, DIN EN 60068-2-64, DIN EN 60068-2-6",3 year,,,IP67(IP67 보호를 위해 Triton은 IP67 렌즈 튜브 및 케이블과 함께 사용해야합니다),,,,,,DIN EN 61000-6-2,,,,,,,,,,,,,,,,,,,,,,,,,,,
Lucid Vision,Y,TRT023S-CC,,"1920 x 1200 px, 2.3 MP",,Sony IMX392 CMOS,7.9 mm (Type 1/2.3″),3.45 µm (H) x 3.45 µm (V),Global Shutter,C-mount,Color,"2.5GBASE-T / 1000BASE-T M12 (8 Pin X-Coded), PoE",116.7 FPS (116.7 FPS) @ 2.3 MP,44 x 29 x 45.3 mm,90 g,8 핀M8커넥터,"1 input, 1 output",2 bi-directional,"PoE (IEEE 802.3af), or 12-24 VDC ±5% external","PoE를 통한 5W, 외부 전원 공급시 4.5W",128 MB,"Gain, gamma, black level, white balance, LUT, CCM, pixel correction, color space conversion","Mono8/10/12/16, Bayer8/10/12/16, RGB8, BGR8, YCbCr8, YCbCr411, YUV422, YUV411",,"수평 및 수직 비닝, 서브 샘플링, ROI, 수평 및 수직 뒤집기",12 bit,0 dB ~ 48 dB 아날로그 및 디지털,20.58 μs ~ 10 s (Normal) / 0.88 μs ~ 14.112 μs (Short Mode),1 default and 2 custom user set,16 MB,"Frame counter, offset X/Y, width/height, 노출 시간, gain, black level, line status, sequencer set","Acquisition start/end, exposure start/end, line rise/fall, error",2 counters and 2 timers,"노출 시간, gain","Software trigger, hardware trigger, PTP (IEEE 1588)",GigE Vision v2.0,"CE, KC, FCC, RoHS, REACH, WEEE",-30 to 60°C,-20 to 55°C 주변,"동작: 20% ~ 80%, relative, 비 응축","DIN EN 60068-2-27, DIN EN 60068-2-64, DIN EN 60068-2-6",3 year,TRT023S,,IP67(IP67 보호를 위해 Triton은 IP67 렌즈 튜브 및 케이블과 함께 사용해야합니다),,,,,,DIN EN 61000-6-2,,,M12,M8 GPIO IP67 Cap,,,,,,,,,,,,,,,,,,,,,,,
Lucid Vision,Y,TRT023S-MC,,"1920 x 1200 px, 2.3 MP",,Sony IMX392 CMOS,7.9 mm (Type 1/2.3″),3.45 µm (H) x 3.45 µm (V),Global Shutter,C-mount,Mono,"2.5GBASE-T / 1000BASE-T M12 (8 Pin X-Coded), PoE",116.7 FPS (116.7 FPS) @ 2.3 MP,44 x 29 x 45.3 mm,90 g,8 핀M8커넥터,"1 input, 1 output",2 bi-directional,"PoE (IEEE 802.3af), or 12-24 VDC ±5% external","PoE를 통한 5W, 외부 전원 공급시 4.5W",128 MB,"Gain, gamma, black level, white balance, LUT, CCM, pixel correction, color space conversion","Mono8/10/12/16, Bayer8/10/12/16, RGB8, BGR8, YCbCr8, YCbCr411, YUV422, YUV411",,"수평 및 수직 비닝, 서브 샘플링, ROI, 수평 및 수직 뒤집기",12 bit,0 dB ~ 48 dB 아날로그 및 디지털,20.58 μs ~ 10 s (Normal) / 0.88 μs ~ 14.112 μs (Short Mode),1 default and 2 custom user set,16 MB,"Frame counter, offset X/Y, width/height, 노출 시간, gain, black level, line status, sequencer set","Acquisition start/end, exposure start/end, line rise/fall, error",2 counters and 2 timers,"노출 시간, gain","Software trigger, hardware trigger, PTP (IEEE 1588)",GigE Vision v2.0,"CE, KC, FCC, RoHS, REACH, WEEE",-30 to 60°C,-20 to 55°C 주변,"동작: 20% ~ 80%, relative, 비 응축","DIN EN 60068-2-27, DIN EN 60068-2-64, DIN EN 60068-2-6",3 year,TRT023S,,IP67(IP67 보호를 위해 Triton은 IP67 렌즈 튜브 및 케이블과 함께 사용해야합니다),,,,,,DIN EN 61000-6-2,,,M12,M8 GPIO IP67 Cap,,,,,,,,,,,,,,,,,,,,,,,
Lucid Vision,N,TRT016S,1.6 MP,"1440 x 1080 px, 1.6 MP",166.3 fps,Sony IMX273 CMOS,6.3 mm (Type 1/2.9″),3.45 µm (H) x 3.45 µm (V),Global Shutter,C-Mount,Mono / Color,"2.5GBASE-T / 1000BASE-T M12 (8 Pin X-Coded), PoE",166.3 FPS (166.3 FPS) @ 1.6 MP,44 x 29 x 45.3 mm,90 g,8 핀M8커넥터,"1 input, 1 output",2 bi-directional,"PoE (IEEE 802.3af), or 12-24 VDC ±5% external","PoE를 통한 5W, 외부 전원 공급시 4.5W",128 MB,"Gain, gamma, black level, white balance, LUT, CCM, pixel correction, color space conversion","Mono8/10/12/16, Bayer8/10/12/16, RGB8, BGR8, YCbCr8, YCbCr411, YUV422, YUV411",,"수평 및 수직 비닝, 서브 샘플링, ROI, 수평 및 수직 뒤집기",12 bit,0 dB ~ 48 dB 아날로그 및 디지털,19.58 μs ~ 10 s (Normal) / 0.784 μs ~ 13.312 μs (Short Mode),1 default and 2 custom user set,16 MB,"Frame counter, offset X/Y, width/height, 노출 시간, gain, black level, line status, sequencer set","Acquisition start/end, exposure start/end, line rise/fall, error",2 counters and 2 timers,"노출 시간, gain","Software trigger, hardware trigger, PTP (IEEE 1588)",GigE Vision v2.0,"CE, KC, FCC, RoHS, REACH, WEEE",-30 to 60°C,-20 to 55°C 주변,"동작: 20% ~ 80%, relative, 비 응축","DIN EN 60068-2-27, DIN EN 60068-2-64, DIN EN 60068-2-6",3 year,,,IP67(IP67 보호를 위해 Triton은 IP67 렌즈 튜브 및 케이블과 함께 사용해야합니다),,,,,,DIN EN 61000-6-2,,,,,,,,,,,,,,,,,,,,,,,,,,,
Lucid Vision,Y,TRT016S-CC,,"1440 x 1080 px, 1.6 MP",,Sony IMX273 CMOS,6.3 mm (Type 1/2.9″),3.45 µm (H) x 3.45 µm (V),Global Shutter,C-mount,Color,"2.5GBASE-T / 1000BASE-T M12 (8 Pin X-Coded), PoE",166.3 FPS (166.3 FPS) @ 1.6 MP,44 x 29 x 45.3 mm,90 g,8 핀M8커넥터,"1 input, 1 output",2 bi-directional,"PoE (IEEE 802.3af), or 12-24 VDC ±5% external","PoE를 통한 5W, 외부 전원 공급시 4.5W",128 MB,"Gain, gamma, black level, white balance, LUT, CCM, pixel correction, color space conversion","Mono8/10/12/16, Bayer8/10/12/16, RGB8, BGR8, YCbCr8, YCbCr411, YUV422, YUV411",,"수평 및 수직 비닝, 서브 샘플링, ROI, 수평 및 수직 뒤집기",12 bit,0 dB ~ 48 dB 아날로그 및 디지털,19.58 μs ~ 10 s (Normal) / 0.784 μs ~ 13.312 μs (Short Mode),1 default and 2 custom user set,16 MB,"Frame counter, offset X/Y, width/height, 노출 시간, gain, black level, line status, sequencer set","Acquisition start/end, exposure start/end, line rise/fall, error",2 counters and 2 timers,"노출 시간, gain","Software trigger, hardware trigger, PTP (IEEE 1588)",GigE Vision v2.0,"CE, KC, FCC, RoHS, REACH, WEEE",-30 to 60°C,-20 to 55°C 주변,"동작: 20% ~ 80%, relative, 비 응축","DIN EN 60068-2-27, DIN EN 60068-2-64, DIN EN 60068-2-6",3 year,TRT016S,,IP67(IP67 보호를 위해 Triton은 IP67 렌즈 튜브 및 케이블과 함께 사용해야합니다),,,,,,DIN EN 61000-6-2,,,M12,M8 GPIO IP67 Cap,,,,,,,,,,,,,,,,,,,,,,,
Lucid Vision,Y,TRT016S-MC,,"1440 x 1080 px, 1.6 MP",,Sony IMX273 CMOS,6.3 mm (Type 1/2.9″),3.45 µm (H) x 3.45 µm (V),Global Shutter,C-mount,Mono,"2.5GBASE-T / 1000BASE-T M12 (8 Pin X-Coded), PoE",166.3 FPS (166.3 FPS) @ 1.6 MP,44 x 29 x 45.3 mm,90 g,8 핀M8커넥터,"1 input, 1 output",2 bi-directional,"PoE (IEEE 802.3af), or 12-24 VDC ±5% external","PoE를 통한 5W, 외부 전원 공급시 4.5W",128 MB,"Gain, gamma, black level, white balance, LUT, CCM, pixel correction, color space conversion","Mono8/10/12/16, Bayer8/10/12/16, RGB8, BGR8, YCbCr8, YCbCr411, YUV422, YUV411",,"수평 및 수직 비닝, 서브 샘플링, ROI, 수평 및 수직 뒤집기",12 bit,0 dB ~ 48 dB 아날로그 및 디지털,19.58 μs ~ 10 s (Normal) / 0.784 μs ~ 13.312 μs (Short Mode),1 default and 2 custom user set,16 MB,"Frame counter, offset X/Y, width/height, 노출 시간, gain, black level, line status, sequencer set","Acquisition start/end, exposure start/end, line rise/fall, error",2 counters and 2 timers,"노출 시간, gain","Software trigger, hardware trigger, PTP (IEEE 1588)",GigE Vision v2.0,"CE, KC, FCC, RoHS, REACH, WEEE",-30 to 60°C,-20 to 55°C 주변,"동작: 20% ~ 80%, relative, 비 응축","DIN EN 60068-2-27, DIN EN 60068-2-64, DIN EN 60068-2-6",3 year,TRT016S,,IP67(IP67 보호를 위해 Triton은 IP67 렌즈 튜브 및 케이블과 함께 사용해야합니다),,,,,,DIN EN 61000-6-2,,,M12,M8 GPIO IP67 Cap,,,,,,,,,,,,,,,,,,,,,,,
Lucid Vision,N,TRT053S-WC,5.2 MP,"2560 x 2048 px, 5.2 MP",49.4 fps,Sony IMX992 InGaAs CMOS,11.4 mm (Type 1/1.4″),3.45 µm (H) x 3.45 µm (V),Global,C-Mount,,"2.5GBASE-T / 1000BASE-T M12 (8 Pin X-Coded), PoE",49.4 FPS (49.4 FPS) @ 5.2 MP (8 Bit ADC mode)49.4 FPS (49.4 FPS) @ 5.2 MP (10 Bit ADC mode)49.4 FPS (49.4 FPS) @ 5.2 MP (12 Bit ADC mode),44 x 29 x 45.3 mm,90 g,8 핀M8커넥터,"1 input (2.5V-24V and 10.5V-24V), 1 output",2 bi-directional,PoE (IEEE 802.3af) or 12-24 V ±5% through GPIO,"<5W via PoE, <3W when powered externally",128 MB,"Gain, gamma, black level, LUT, pixel correction",Mono8/10/12/16,,"수평 및 수직 비닝, Binning, ROI, 수직 뒤집기","8, 10, 12 bit",0 dB ~ 42 dB 아날로그 및 디지털,22.656 μs ~ 10 s (Normal),1 default and 2 custom user set,16 MB,"Frame counter, offset X/Y, width/height, 노출 시간, gain, black level, line status, sequencer set","Acquisition start/end, exposure start/end, line rise/fall, error",2 counters and 2 timers,"노출 시간, gain","Software trigger, hardware trigger, PTP (IEEE 1588)",GigE Vision v2.0,"CE, KC, FCC, RoHS, REACH, WEEE",-30 to 60°C,-20 to 50°C 케이스 온도,"동작: 20% ~ 80%, relative, 비 응축","DIN EN 60068-2-27, DIN EN 60068-2-64, DIN EN 60068-2-6",3 year,,,IP67(IP67 보호를 위해 Triton2은 IP67 렌즈 튜브 및 케이블과 함께 사용해야합니다),,,,,,DIN EN 61000-6-2,,Normal and High Mode (High: 2.3x in analog domain),,,,,없음,Mono / 400nm to 1700nm,400nm ~ 1700nm(EMVA 1288 탭 참조),없음,,,,,,,,,,,,,,,,,
Lucid Vision,Y,TRT053S-WC,,"2560 x 2048 px, 5.2 MP",,Sony IMX992 InGaAs CMOS,11.4 mm (Type 1/1.4″),3.45 µm (H) x 3.45 µm (V),Global,C-mount,Mono,"2.5GBASE-T / 1000BASE-T M12 (8 Pin X-Coded), PoE",49.4 FPS (49.4 FPS) @ 5.2 MP (8 Bit ADC mode)49.4 FPS (49.4 FPS) @ 5.2 MP (10 Bit ADC mode)49.4 FPS (49.4 FPS) @ 5.2 MP (12 Bit ADC mode),44 x 29 x 45.3 mm,90 g,8 핀M8커넥터,"1 input (2.5V-24V and 10.5V-24V), 1 output",2 bi-directional,PoE (IEEE 802.3af) or 12-24 V ±5% through GPIO,"<5W via PoE, <3W when powered externally",128 MB,"Gain, gamma, black level, LUT, pixel correction",Mono8/10/12/16,,"수평 및 수직 비닝, Binning, ROI, 수직 뒤집기","8, 10, 12 bit",0 dB ~ 42 dB 아날로그 및 디지털,22.656 μs ~ 10 s (Normal),1 default and 2 custom user set,16 MB,"Frame counter, offset X/Y, width/height, 노출 시간, gain, black level, line status, sequencer set","Acquisition start/end, exposure start/end, line rise/fall, error",2 counters and 2 timers,"노출 시간, gain","Software trigger, hardware trigger, PTP (IEEE 1588)",GigE Vision v2.0,"CE, KC, FCC, RoHS, REACH, WEEE",-30 to 60°C,-20 to 50°C 케이스 온도,"동작: 20% ~ 80%, relative, 비 응축","DIN EN 60068-2-27, DIN EN 60068-2-64, DIN EN 60068-2-6",3 year,TRT053S-WC,,IP67(IP67 보호를 위해 Triton2은 IP67 렌즈 튜브 및 케이블과 함께 사용해야합니다),,,,,,DIN EN 61000-6-2,,Normal and High Mode (High: 2.3x in analog domain),,,,,없음,,400 nm to 1700 nm,없음,M12,,,,,,,,,,,,,,,,
Lucid Vision,N,TRT033S-WC,3.2 MP,"2048 x 1536 px, 3.2 MP",80.3 fps,Sony IMX993 InGaAs CMOS,8.9 mm (Type 1/1.8″),3.45 µm (H) x 3.45 µm (V),Global,C-Mount,,"2.5GBASE-T / 1000BASE-T M12 (8 Pin X-Coded), PoE",80.3 FPS (80.3 FPS) @ 3.2 MP (8 Bit ADC mode)80.3 FPS (80.3 FPS) @ 3.2 MP (10 Bit ADC mode)80.3 FPS (80.3 FPS) @ 3.2 MP (12 Bit ADC mode),44 x 29 x 45.3 mm,90 g,8 핀M8커넥터,"1 input (2.5V-24V and 10.5V-24V), 1 output",2 bi-directional,PoE (IEEE 802.3af) or 12-24 V ±5% through GPIO,"<5W via PoE, <3W when powered externally",128 MB,"Gain, gamma, black level, LUT, pixel correction",Mono8/10/12/16,,"수평 및 수직 비닝, Binning, ROI, 수직 뒤집기","8, 10, 12 bit",0 dB ~ 42 dB 아날로그 및 디지털,20.656 μs to 10 s (Normal),1 default and 2 custom user set,16 MB,"Frame counter, offset X/Y, width/height, 노출 시간, gain, black level, line status, sequencer set","Acquisition start/end, exposure start/end, line rise/fall, error",2 counters and 2 timers,"노출 시간, gain","Software trigger, hardware trigger, PTP (IEEE 1588)",GigE Vision v2.0,"CE, KC, FCC, RoHS, REACH, WEEE",-30 to 60°C,-20 to 50°C 케이스 온도,"동작: 20% ~ 80%, relative, 비 응축","DIN EN 60068-2-27, DIN EN 60068-2-64, DIN EN 60068-2-6",3 year,,,IP67(IP67 보호를 위해 Triton2은 IP67 렌즈 튜브 및 케이블과 함께 사용해야합니다),,,,,,DIN EN 61000-6-2,,Normal and High Mode (High: 2.3x in analog domain),,,,,없음,Mono / 400nm to 1700nm,400nm ~ 1700nm(EMVA 1288 탭 참조),없음,,,,,,,,,,,,,,,,,
Lucid Vision,Y,TRT033S-WC,,"2048 x 1536 px, 3.2 MP",,Sony IMX993 InGaAs CMOS,8.9 mm (Type 1/1.8″),3.45 µm (H) x 3.45 µm (V),Global,C-mount,Mono,"2.5GBASE-T / 1000BASE-T M12 (8 Pin X-Coded), PoE",80.3 FPS (80.3 FPS) @ 3.2 MP (8 Bit ADC mode)80.3 FPS (80.3 FPS) @ 3.2 MP (10 Bit ADC mode)80.3 FPS (80.3 FPS) @ 3.2 MP (12 Bit ADC mode),44 x 29 x 45.3 mm,90 g,8 핀M8커넥터,"1 input (2.5V-24V and 10.5V-24V), 1 output",2 bi-directional,PoE (IEEE 802.3af) or 12-24 V ±5% through GPIO,"<5W via PoE, <3W when powered externally",128 MB,"Gain, gamma, black level, LUT, pixel correction",Mono8/10/12/16,,"수평 및 수직 비닝, Binning, ROI, 수직 뒤집기","8, 10, 12 bit",0 dB ~ 42 dB 아날로그 및 디지털,20.656 μs to 10 s (Normal),1 default and 2 custom user set,16 MB,"Frame counter, offset X/Y, width/height, 노출 시간, gain, black level, line status, sequencer set","Acquisition start/end, exposure start/end, line rise/fall, error",2 counters and 2 timers,"노출 시간, gain","Software trigger, hardware trigger, PTP (IEEE 1588)",GigE Vision v2.0,"CE, KC, FCC, RoHS, REACH, WEEE",-30 to 60°C,-20 to 50°C 케이스 온도,"동작: 20% ~ 80%, relative, 비 응축","DIN EN 60068-2-27, DIN EN 60068-2-64, DIN EN 60068-2-6",3 year,TRT033S-WC,,IP67(IP67 보호를 위해 Triton2은 IP67 렌즈 튜브 및 케이블과 함께 사용해야합니다),,,,,,DIN EN 61000-6-2,,Normal and High Mode (High: 2.3x in analog domain),,,,,없음,,400 nm to 1700 nm,없음,M12,,,,,,,,,,,,,,,,
Lucid Vision,N,TRT009S-EC,0.9 MP,"1280 x 720 px, 0.9 MP",N/A,Sony | Prophesee Metavision® IMX636 CMOS,7.137 mm (Type 1/2.5”),4.86 μm (H) x 4.86 μm (V),N/A1,C-Mount,Mono,"2.5GBASE-T / 1000BASE-T M12 (8 Pin X-Coded), PoE",N/A2,44 x 29 x 45.3 mm,90 g,8 핀M8커넥터,"1 input, 1 output",2 bi-directional,"PoE (IEEE 802.3af), or 12-24 VDC ±5% external","PoE를 통한 3.5W, 외부 전원 공급시 3.1W",,,,,,,,,1 default and 2 custom user set,16 MB,CRC,"Acquisition start/end, line rise/fall, error",2 counters and 2 timers,Not supported,"Software trigger, hardware trigger, PTP (IEEE 1588)",GigE Vision v2.0,"CE, KC, FCC, RoHS, REACH, WEEE",-30 to 60°C,-20 to 55°C 주변,"동작: 20% ~ 80%, relative, 비 응축","DIN EN 60068-2-27, DIN EN 60068-2-64, DIN EN 60068-2-6",3 year,,,IP67(IP67 보호를 위해 Triton은 IP67 렌즈 튜브 및 케이블과 함께 사용해야합니다),,,,,,DIN EN 61000-6-2,,,,,,,,,,,,EVT 3.0,"Low pass filter cutoff, positive event threshold, negative event threshold, refractory period, high pass filter","ROI, digital event mask, external trigger function","Anti-flicker, event trail filter",Arena SDK 및 Prophesee Metavision® SDK,,,,,,,,,,,
Lucid Vision,Y,TRT009S-EC,,"1280 x 720 px, 0.9 MP",,Sony | Prophesee Metavision® IMX636 CMOS,7.137 mm (Type 1/2.5”),4.86 μm (H) x 4.86 μm (V),N/A1,C-mount,Mono,"2.5GBASE-T / 1000BASE-T M12 (8 Pin X-Coded), PoE",N/A2,44 x 29 x 45.3 mm,90 g,8 핀M8커넥터,"1 input, 1 output",2 bi-directional,"PoE (IEEE 802.3af), or 12-24 VDC ±5% external","PoE를 통한 3.5W, 외부 전원 공급시 3.1W",,,,,,,,,1 default and 2 custom user set,16 MB,CRC,"Acquisition start/end, line rise/fall, error",2 counters and 2 timers,Not supported,"Software trigger, hardware trigger, PTP (IEEE 1588)",GigE Vision v2.0,"CE, KC, FCC, RoHS, REACH, WEEE",-30 to 60°C,-20 to 55°C 주변,"동작: 20% ~ 80%, relative, 비 응축","DIN EN 60068-2-27, DIN EN 60068-2-64, DIN EN 60068-2-6",3 year,TRT009S-EC,,IP67(IP67 보호를 위해 Triton은 IP67 렌즈 튜브 및 케이블과 함께 사용해야합니다),,,,,,DIN EN 61000-6-2,,,M12,M8 GPIO IP67 Cap,,,,,,,,EVT 3.0,"Low pass filter cutoff, positive event threshold, negative event threshold, refractory period, high pass filter","ROI, digital event mask, external trigger function","Anti-flicker, event trail filter",Arena SDK 및 Prophesee Metavision® SDK,,,,,,,,,,,
Lucid Vision,N,TRT003S-EC,0.3 MP,"640 x 512 px, 0.3 MP",N/A,Sony | Prophesee Metavision® IMX637 CMOS,Diag. 3.983 mm (Type 1/4.5),4.86 μm (H) x 4.86 μm (V),N/A1,C-Mount,Mono,"2.5GBASE-T / 1000BASE-T M12 (8 Pin X-Coded), PoE",N/A2,44 x 29 x 45.3 mm,90 g,8 핀M8커넥터,"1 input, 1 output",2 bi-directional,"PoE (IEEE 802.3af), or 12-24 VDC ±5% external","PoE를 통한 3.5W, 외부 전원 공급시 3.1W",,,,,,,,,1 default and 2 custom user set,16 MB,CRC,"Acquisition start/end, line rise/fall, error",2 counters and 2 timers,Not supported,"Software trigger, hardware trigger, PTP (IEEE 1588)",GigE Vision v2.0,"CE, KC, FCC, RoHS, REACH, WEEE",-30 to 60°C,-20 to 55°C 주변,"동작: 20% ~ 80%, relative, 비 응축","DIN EN 60068-2-27, DIN EN 60068-2-64, DIN EN 60068-2-6",3 year,,,IP67(IP67 보호를 위해 Triton은 IP67 렌즈 튜브 및 케이블과 함께 사용해야합니다),,,,,,DIN EN 61000-6-2,,,,,,,,,,,,EVT 3.0,"Low pass filter cutoff, positive event threshold, negative event threshold, refractory period, high pass filter","ROI, digital event mask, external trigger function","Anti-flicker, event trail filter",Arena SDK 및 Prophesee Metavision® SDK,,,,,,,,,,,
Lucid Vision,Y,TRT003S-EC,,"640 x 512 px, 0.3 MP",,Sony | Prophesee Metavision® IMX637 CMOS,Diag. 3.983 mm (Type 1/4.5),4.86 μm (H) x 4.86 μm (V),N/A1,C-mount,Mono,"2.5GBASE-T / 1000BASE-T M12 (8 Pin X-Coded), PoE",N/A2,44 x 29 x 45.3 mm,90 g,8 핀M8커넥터,"1 input, 1 output",2 bi-directional,"PoE (IEEE 802.3af), or 12-24 VDC ±5% external","PoE를 통한 3.5W, 외부 전원 공급시 3.1W",,,,,,,,,1 default and 2 custom user set,16 MB,CRC,"Acquisition start/end, line rise/fall, error",2 counters and 2 timers,Not supported,"Software trigger, hardware trigger, PTP (IEEE 1588)",GigE Vision v2.0,"CE, KC, FCC, RoHS, REACH, WEEE",-30 to 60°C,-20 to 55°C 주변,"동작: 20% ~ 80%, relative, 비 응축","DIN EN 60068-2-27, DIN EN 60068-2-64, DIN EN 60068-2-6",3 year,TRT003S-EC,,IP67(IP67 보호를 위해 Triton은 IP67 렌즈 튜브 및 케이블과 함께 사용해야합니다),,,,,,DIN EN 61000-6-2,,,M12,M8 GPIO IP67 Cap,,,,,,,,EVT 3.0,"Low pass filter cutoff, positive event threshold, negative event threshold, refractory period, high pass filter","ROI, digital event mask, external trigger function","Anti-flicker, event trail filter",Arena SDK 및 Prophesee Metavision® SDK,,,,,,,,,,,
Lucid Vision,N,TRT04KG-MC,,4096 x 2 px (4K)2048 x 4 px (2K),,Gpixel GL3504 CMOS,14.3 mm,.5 µm (H) x 3.5 µm (V) (4K)7.0 µm (H) x 7.0 µm (V) (2K),Global,C-Mount,Mono / Color,"2.5GBASE-T / 1000BASE-T GigE M12 (8-Pin X-Coded), PoE",,44 x 29 x 45.3 mm,90 g,8 핀M8커넥터,"1 input, 1 output",2 bi-directional,"PoE (IEEE 802.3af), or 12-24 VDC ±5% external","PoE를 통한 5W, 외부 전원 공급시 4.5W",380 MB,"Gain, gamma, black level, LUT","Mono8/10/12/16, CFA_RBGG8/10/12/16, CFA4by1_WBGR8/10/12/16,  RGB8, BGR8, YCbCr8, YCbCr411, YUV422, YUV411",,"Horizontal binning, ROI",8 / 12 bit,0 dB to 24dB digital,2 μs to 4.2ms,1 default and 2 custom user set,16 MB,"Image, CRC, trigger Line, timestamp, line status, pixel format, width/height, offset X, pixel dynamic range min/max, gain, black level, exposure time",,2 counters and 2 timers,,"Software trigger, hardware trigger, PTP (IEEE 1588)",GigE Vision v2.0,"CE, KC, FCC, RoHS, REACH, WEEE",-30 to 60°C,-20 to 55°C 주변,"Operating: 20% ~ 80%, relative, non-condensing","DIN EN 60068-2-27, DIN EN 60068-2-64, DIN EN 60068-2-6",3 year,,,IP67(IP67 보호를 위해 Triton은 IP67 렌즈 튜브 및 케이블과 함께 사용해야합니다),,,,,,DIN EN 61000-6-2,,,,,,,,,,,,,,,,,65 kHz (Mono)33 kHz (Color),"65 kHz (4K, Mono8)*130 kHz (2K, Mono8)*33 kHz (4K, CFA_RBGG8)33 kHz (2K, CFA4by1_WBGR88)*단일 라인 판독용",,,,,,,,,
Lucid Vision,Y,TRT04KG-MC,,4096 x 2 px (4K)2048 x 4 px (2K),,Gpixel GL3504 CMOS,14.3 mm,.5 µm (H) x 3.5 µm (V) (4K)7.0 µm (H) x 7.0 µm (V) (2K),Global,C-mount,Mono,"2.5GBASE-T / 1000BASE-T GigE M12 (8-Pin X-Coded), PoE",,44 x 29 x 45.3 mm,90 g,8 핀M8커넥터,"1 input, 1 output",2 bi-directional,"PoE (IEEE 802.3af), or 12-24 VDC ±5% external","PoE를 통한 5W, 외부 전원 공급시 4.5W",380 MB,"Gain, gamma, black level, LUT","Mono8/10/12/16, CFA_RBGG8/10/12/16, CFA4by1_WBGR8/10/12/16,  RGB8, BGR8, YCbCr8, YCbCr411, YUV422, YUV411",,"Horizontal binning, ROI",8 / 12 bit,0 dB to 24dB digital,2 μs to 4.2ms,1 default and 2 custom user set,16 MB,"Image, CRC, trigger Line, timestamp, line status, pixel format, width/height, offset X, pixel dynamic range min/max, gain, black level, exposure time",,2 counters and 2 timers,,"Software trigger, hardware trigger, PTP (IEEE 1588)",GigE Vision v2.0,"CE, KC, FCC, RoHS, REACH, WEEE",-30 to 60°C,-20 to 55°C 주변,"Operating: 20% ~ 80%, relative, non-condensing","DIN EN 60068-2-27, DIN EN 60068-2-64, DIN EN 60068-2-6",3 year,TRT04KG-MC,,IP67(IP67 보호를 위해 Triton은 IP67 렌즈 튜브 및 케이블과 함께 사용해야합니다),,,,,,DIN EN 61000-6-2,,,,M8 GPIO IP67 Cap,,,,,,,,,,,,,,"65 kHz (4K, Mono8)*130 kHz (2K, Mono8)*33 kHz (4K, CFA_RBGG8)33 kHz (2K, CFA4by1_WBGR88)*단일 라인 판독용",M12,,,,,,,,
Lucid Vision,Y,TRT04KG-CC,,4096 x 2 px (4K)2048 x 4 px (2K),,Gpixel GL3504 CMOS,14.3 mm,.5 µm (H) x 3.5 µm (V) (4K)7.0 µm (H) x 7.0 µm (V) (2K),Global,C-mount,Color,"2.5GBASE-T / 1000BASE-T GigE M12 (8-Pin X-Coded), PoE",,44 x 29 x 45.3 mm,90 g,8 핀M8커넥터,"1 input, 1 output",2 bi-directional,"PoE (IEEE 802.3af), or 12-24 VDC ±5% external","PoE를 통한 5W, 외부 전원 공급시 4.5W",380 MB,"Gain, gamma, black level, LUT","Mono8/10/12/16, CFA_RBGG8/10/12/16, CFA4by1_WBGR8/10/12/16,  RGB8, BGR8, YCbCr8, YCbCr411, YUV422, YUV411",,"Horizontal binning, ROI",8 / 12 bit,0 dB to 24dB digital,2 μs to 4.2ms,1 default and 2 custom user set,16 MB,"Image, CRC, trigger Line, timestamp, line status, pixel format, width/height, offset X, pixel dynamic range min/max, gain, black level, exposure time",,2 counters and 2 timers,,"Software trigger, hardware trigger, PTP (IEEE 1588)",GigE Vision v2.0,"CE, KC, FCC, RoHS, REACH, WEEE",-30 to 60°C,-20 to 55°C 주변,"Operating: 20% ~ 80%, relative, non-condensing","DIN EN 60068-2-27, DIN EN 60068-2-64, DIN EN 60068-2-6",3 year,TRT04KG-MC,,IP67(IP67 보호를 위해 Triton은 IP67 렌즈 튜브 및 케이블과 함께 사용해야합니다),,,,,,DIN EN 61000-6-2,,,,M8 GPIO IP67 Cap,,,,,,,,,,,,,,"65 kHz (4K, Mono8)*130 kHz (2K, Mono8)*33 kHz (4K, CFA_RBGG8)33 kHz (2K, CFA4by1_WBGR88)*단일 라인 판독용",M12,,,,,,,,
Lucid Vision,N,TRI245S,24.5 MP,"5320 x 4600 px, 24.5 MP",4.5 fps,Sony IMX540 CMOS,19.3mm (Type 1.2″),2.74 µm (H) x 2.74 µm (V),Global Shutter,C-Mount,Mono / Color,"1000BASE-T GigE M12, PoE",4.5 FPS (4.9 FPS) @ 24.5 MP,29 x 29 x 45 mm,67 g,8 핀M8커넥터,"1 input, 1 output",2 bi-directional,"PoE (IEEE 802.3af), or 12-24 VDC ±5% external","PoE를 통한 3.5W, 외부 전원 공급시 3W",128 MB,"Gain, gamma, black level, white balance, LUT, CCM, pixel correction, color space conversion","Mono8/10/12/16, Bayer8/10/12/16, RGB8, BGR8, YCbCr8, YCbCr411, YUV422, YUV411, QOI_Mono8, QOI_BayerRG8, QOI_RGB8, QOI_BGR8, QOI_YCbCr8",QOI,"수평 및 수직 비닝, ROI, 수직 뒤집기",12 bit,0 dB ~ 48 dB 아날로그 및 디지털,45 μs ~ 10 s (Normal) / 1 μs ~ 2.7 μs (Short Mode),1 default and 2 custom user set,16 MB,"Frame counter, offset X/Y, width/height, 노출 시간, gain, black level, line status, sequencer set","Acquisition start/end, exposure start/end, line rise/fall, error",2 counters and 2 timers,"노출 시간, gain","Software trigger, hardware trigger, PTP (IEEE 1588)",GigE Vision v2.0,"CE, KC, FCC, RoHS, REACH, WEEE",-30 to 60°C,-20 to 55°C 주변,"동작: 20% ~ 80%, relative, 비 응축","DIN EN 60068-2-27, DIN EN 60068-2-64, DIN EN 60068-2-6",3 year,,,IP67(IP67 보호를 위해 Triton은 IP67 렌즈 튜브 및 케이블과 함께 사용해야합니다),,,,,,DIN EN 61000-6-2,,,,,,,,,,,,,,,,,,,,,,,,,,,
Lucid Vision,Y,TRI245S-CC,,"5320 x 4600 px, 24.5 MP",,Sony IMX540 CMOS,19.3mm (Type 1.2″),2.74 µm (H) x 2.74 µm (V),Global Shutter,C-mount,Color,"1000BASE-T GigE M12, PoE",4.5 FPS (4.9 FPS) @ 24.5 MP,29 x 29 x 45 mm,67 g,8 핀M8커넥터,"1 input, 1 output",2 bi-directional,"PoE (IEEE 802.3af), or 12-24 VDC ±5% external","PoE를 통한 3.5W, 외부 전원 공급시 3W",128 MB,"Gain, gamma, black level, white balance, LUT, CCM, pixel correction, color space conversion","Mono8/10/12/16, Bayer8/10/12/16, RGB8, BGR8, YCbCr8, YCbCr411, YUV422, YUV411, QOI_Mono8, QOI_BayerRG8, QOI_RGB8, QOI_BGR8, QOI_YCbCr8",QOI,"수평 및 수직 비닝, ROI, 수직 뒤집기",12 bit,0 dB ~ 48 dB 아날로그 및 디지털,45 μs ~ 10 s (Normal) / 1 μs ~ 2.7 μs (Short Mode),1 default and 2 custom user set,16 MB,"Frame counter, offset X/Y, width/height, 노출 시간, gain, black level, line status, sequencer set","Acquisition start/end, exposure start/end, line rise/fall, error",2 counters and 2 timers,"노출 시간, gain","Software trigger, hardware trigger, PTP (IEEE 1588)",GigE Vision v2.0,"CE, KC, FCC, RoHS, REACH, WEEE",-30 to 60°C,-20 to 55°C 주변,"동작: 20% ~ 80%, relative, 비 응축","DIN EN 60068-2-27, DIN EN 60068-2-64, DIN EN 60068-2-6",3 year,TRI245S,,IP67(IP67 보호를 위해 Triton은 IP67 렌즈 튜브 및 케이블과 함께 사용해야합니다),,,,,,DIN EN 61000-6-2,,,,M8 GPIO IP67 Cap,,,,,,,,,,,,,,,M12,,,,,,,,
Lucid Vision,Y,TRI245S-MC,,"5320 x 4600 px, 24.5 MP",,Sony IMX540 CMOS,19.3mm (Type 1.2″),2.74 µm (H) x 2.74 µm (V),Global Shutter,C-mount,Mono,"1000BASE-T GigE M12, PoE",4.5 FPS (4.9 FPS) @ 24.5 MP,29 x 29 x 45 mm,67 g,8 핀M8커넥터,"1 input, 1 output",2 bi-directional,"PoE (IEEE 802.3af), or 12-24 VDC ±5% external","PoE를 통한 3.5W, 외부 전원 공급시 3W",128 MB,"Gain, gamma, black level, white balance, LUT, CCM, pixel correction, color space conversion","Mono8/10/12/16, Bayer8/10/12/16, RGB8, BGR8, YCbCr8, YCbCr411, YUV422, YUV411, QOI_Mono8, QOI_BayerRG8, QOI_RGB8, QOI_BGR8, QOI_YCbCr8",QOI,"수평 및 수직 비닝, ROI, 수직 뒤집기",12 bit,0 dB ~ 48 dB 아날로그 및 디지털,45 μs ~ 10 s (Normal) / 1 μs ~ 2.7 μs (Short Mode),1 default and 2 custom user set,16 MB,"Frame counter, offset X/Y, width/height, 노출 시간, gain, black level, line status, sequencer set","Acquisition start/end, exposure start/end, line rise/fall, error",2 counters and 2 timers,"노출 시간, gain","Software trigger, hardware trigger, PTP (IEEE 1588)",GigE Vision v2.0,"CE, KC, FCC, RoHS, REACH, WEEE",-30 to 60°C,-20 to 55°C 주변,"동작: 20% ~ 80%, relative, 비 응축","DIN EN 60068-2-27, DIN EN 60068-2-64, DIN EN 60068-2-6",3 year,TRI245S,,IP67(IP67 보호를 위해 Triton은 IP67 렌즈 튜브 및 케이블과 함께 사용해야합니다),,,,,,DIN EN 61000-6-2,,,,M8 GPIO IP67 Cap,,,,,,,,,,,,,,,M12,,,,,,,,
Lucid Vision,N,TRI204S,20.4 MP,"4504 x 4504 px, 20.4 MP",5.5 fps,Sony IMX541 CMOS,17.5mm (Type 1.1″),2.74 µm (H) x 2.74 µm (V),Global Shutter,C-Mount,Mono / Color,"1000BASE-T GigE M12 (8-Pin X-Coded), PoE",5.5 FPS (6 FPS) @ 20.4 MP,29 x 29 x 45 mm,67 g,8 핀M8커넥터,"1 input, 1 output",2 bi-directional,"PoE (IEEE 802.3af), or 12-24 VDC ±5% external","PoE를 통한 3.5W, 외부 전원 공급시 3W",128 MB,"Gain, gamma, black level, white balance, LUT, CCM, pixel correction, color space conversion","Mono8/10/12/16, Bayer8/10/12/16, RGB8, BGR8, YCbCr8, YCbCr411, YUV422, YUV411, QOI_Mono8, QOI_BayerRG8, QOI_RGB8, QOI_BGR8, QOI_YCbCr8",QOI,"수평 및 수직 비닝, ROI, 수직 뒤집기",12 bit,0 dB ~ 48 dB 아날로그 및 디지털,38.5 μs to 10 s (Normal) / 1 μs to 2.74 μs (Short Mode),1 default and 2 custom user set,16 MB,"Frame counter, offset X/Y, width/height, 노출 시간, gain, black level, line status, sequencer set","Acquisition start/end, exposure start/end, line rise/fall, error",2 counters and 2 timers,"노출 시간, gain","Software trigger, hardware trigger, PTP (IEEE 1588)",GigE Vision v2.0,"CE, KC, FCC, RoHS, REACH, WEEE",-30 to 60°C,-20 to 55°C 주변,"동작: 20% ~ 80%, relative, 비 응축","DIN EN 60068-2-27, DIN EN 60068-2-64, DIN EN 60068-2-6",3 year,,,IP67(IP67 보호를 위해 Triton은 IP67 렌즈 튜브 및 케이블과 함께 사용해야합니다),,,,,,DIN EN 61000-6-2,,,,,,,,,,,,,,,,,,,,,,,,,,,
Lucid Vision,Y,TRI204S-CC,,"4504 x 4504 px, 20.4 MP",,Sony IMX541 CMOS,17.5mm (Type 1.1″),2.74 µm (H) x 2.74 µm (V),Global Shutter,C-mount,Color,"1000BASE-T GigE M12 (8-Pin X-Coded), PoE",5.5 FPS (6 FPS) @ 20.4 MP,29 x 29 x 45 mm,67 g,8 핀M8커넥터,"1 input, 1 output",2 bi-directional,"PoE (IEEE 802.3af), or 12-24 VDC ±5% external","PoE를 통한 3.5W, 외부 전원 공급시 3W",128 MB,"Gain, gamma, black level, white balance, LUT, CCM, pixel correction, color space conversion","Mono8/10/12/16, Bayer8/10/12/16, RGB8, BGR8, YCbCr8, YCbCr411, YUV422, YUV411, QOI_Mono8, QOI_BayerRG8, QOI_RGB8, QOI_BGR8, QOI_YCbCr8",QOI,"수평 및 수직 비닝, ROI, 수직 뒤집기",12 bit,0 dB ~ 48 dB 아날로그 및 디지털,38.5 μs to 10 s (Normal) / 1 μs to 2.74 μs (Short Mode),1 default and 2 custom user set,16 MB,"Frame counter, offset X/Y, width/height, 노출 시간, gain, black level, line status, sequencer set","Acquisition start/end, exposure start/end, line rise/fall, error",2 counters and 2 timers,"노출 시간, gain","Software trigger, hardware trigger, PTP (IEEE 1588)",GigE Vision v2.0,"CE, KC, FCC, RoHS, REACH, WEEE",-30 to 60°C,-20 to 55°C 주변,"동작: 20% ~ 80%, relative, 비 응축","DIN EN 60068-2-27, DIN EN 60068-2-64, DIN EN 60068-2-6",3 year,TRI204S,,IP67(IP67 보호를 위해 Triton은 IP67 렌즈 튜브 및 케이블과 함께 사용해야합니다),,,,,,DIN EN 61000-6-2,,,,M8 GPIO IP67 Cap,,,,,,,,,,,,,,,M12,,,,,,,,
Lucid Vision,Y,TRI204S-MC,,"4504 x 4504 px, 20.4 MP",,Sony IMX541 CMOS,17.5mm (Type 1.1″),2.74 µm (H) x 2.74 µm (V),Global Shutter,C-mount,Mono,"1000BASE-T GigE M12 (8-Pin X-Coded), PoE",5.5 FPS (6 FPS) @ 20.4 MP,29 x 29 x 45 mm,67 g,8 핀M8커넥터,"1 input, 1 output",2 bi-directional,"PoE (IEEE 802.3af), or 12-24 VDC ±5% external","PoE를 통한 3.5W, 외부 전원 공급시 3W",128 MB,"Gain, gamma, black level, white balance, LUT, CCM, pixel correction, color space conversion","Mono8/10/12/16, Bayer8/10/12/16, RGB8, BGR8, YCbCr8, YCbCr411, YUV422, YUV411, QOI_Mono8, QOI_BayerRG8, QOI_RGB8, QOI_BGR8, QOI_YCbCr8",QOI,"수평 및 수직 비닝, ROI, 수직 뒤집기",12 bit,0 dB ~ 48 dB 아날로그 및 디지털,38.5 μs to 10 s (Normal) / 1 μs to 2.74 μs (Short Mode),1 default and 2 custom user set,16 MB,"Frame counter, offset X/Y, width/height, 노출 시간, gain, black level, line status, sequencer set","Acquisition start/end, exposure start/end, line rise/fall, error",2 counters and 2 timers,"노출 시간, gain","Software trigger, hardware trigger, PTP (IEEE 1588)",GigE Vision v2.0,"CE, KC, FCC, RoHS, REACH, WEEE",-30 to 60°C,-20 to 55°C 주변,"동작: 20% ~ 80%, relative, 비 응축","DIN EN 60068-2-27, DIN EN 60068-2-64, DIN EN 60068-2-6",3 year,TRI204S,,IP67(IP67 보호를 위해 Triton은 IP67 렌즈 튜브 및 케이블과 함께 사용해야합니다),,,,,,DIN EN 61000-6-2,,,,M8 GPIO IP67 Cap,,,,,,,,,,,,,,,M12,,,,,,,,
Lucid Vision,N,TRI200S,20.0 MP,"5472 x 3648 px, 20 MP",5.6 fps,Sony IMX183 CMOS,15.86 mm (Type 1″),2.4 µm (H) x 2.4 µm (V),Rolling shutter with global reset,C-Mount,Mono / Color,"1000BASE-T GigE M12 (8-Pin X-Coded), PoE",5.6 FPS (6 FPS) @ 20 MP,29 x 29 x 45 mm,67 g,8 핀M8커넥터,"1 input, 1 output",2 bi-directional,"PoE (IEEE 802.3af), or 12-24 VDC ±5% external","PoE를 통한 3.5W, 외부 전원 공급시 3W",128 MB,"Gain, gamma, black level, white balance, LUT, CCM, pixel correction, color space conversion","Mono8/10/12/16, Bayer8/10/12/16, RGB8, BGR8, YCbCr8, YCbCr411, YUV422, YUV411, QOI_Mono8, QOI_BayerRG8, QOI_RGB8, QOI_BGR8, QOI_YCbCr8",QOI,"수평 및 수직 비닝, ROI, 수직 뒤집기",12 bit,0 dB ~ 48 dB 아날로그 및 디지털,359 μs ~ 2.5 s,1 default and 2 custom user set,16 MB,"Frame counter, offset X/Y, width/height, 노출 시간, gain, black level, line status, sequencer set","Acquisition start/end, exposure start/end, line rise/fall, error",2 counters and 2 timers,"노출 시간, gain","Software trigger, hardware trigger, PTP (IEEE 1588)",GigE Vision v2.0,"CE, KC, FCC, RoHS, REACH, WEEE",-30 to 60°C,-20 to 55°C 주변,"동작: 20% ~ 80%, relative, 비 응축","DIN EN 60068-2-27, DIN EN 60068-2-64, DIN EN 60068-2-6",3 year,,,IP67(IP67 보호를 위해 Triton은 IP67 렌즈 튜브 및 케이블과 함께 사용해야합니다),,,,,,DIN EN 61000-6-2,,,,,,,,,,,,,,,,,,,,,,,,,,,
Lucid Vision,Y,TRI200S-CC,,"5472 x 3648 px, 20 MP",,Sony IMX183 CMOS,15.86 mm (Type 1″),2.4 µm (H) x 2.4 µm (V),Rolling shutter with global reset,C-mount,Color,"1000BASE-T GigE M12 (8-Pin X-Coded), PoE",5.6 FPS (6 FPS) @ 20 MP,29 x 29 x 45 mm,67 g,8 핀M8커넥터,"1 input, 1 output",2 bi-directional,"PoE (IEEE 802.3af), or 12-24 VDC ±5% external","PoE를 통한 3.5W, 외부 전원 공급시 3W",128 MB,"Gain, gamma, black level, white balance, LUT, CCM, pixel correction, color space conversion","Mono8/10/12/16, Bayer8/10/12/16, RGB8, BGR8, YCbCr8, YCbCr411, YUV422, YUV411, QOI_Mono8, QOI_BayerRG8, QOI_RGB8, QOI_BGR8, QOI_YCbCr8",QOI,"수평 및 수직 비닝, ROI, 수직 뒤집기",12 bit,0 dB ~ 48 dB 아날로그 및 디지털,359 μs ~ 2.5 s,1 default and 2 custom user set,16 MB,"Frame counter, offset X/Y, width/height, 노출 시간, gain, black level, line status, sequencer set","Acquisition start/end, exposure start/end, line rise/fall, error",2 counters and 2 timers,"노출 시간, gain","Software trigger, hardware trigger, PTP (IEEE 1588)",GigE Vision v2.0,"CE, KC, FCC, RoHS, REACH, WEEE",-30 to 60°C,-20 to 55°C 주변,"동작: 20% ~ 80%, relative, 비 응축","DIN EN 60068-2-27, DIN EN 60068-2-64, DIN EN 60068-2-6",3 year,TRI200S,,IP67(IP67 보호를 위해 Triton은 IP67 렌즈 튜브 및 케이블과 함께 사용해야합니다),,,,,,DIN EN 61000-6-2,,,,M8 GPIO IP67 Cap,,,,,,,,,,,,,,,M12,,,,,,,,
Lucid Vision,Y,TRI200S-MC,,"5472 x 3648 px, 20 MP",,Sony IMX183 CMOS,15.86 mm (Type 1″),2.4 µm (H) x 2.4 µm (V),Rolling shutter with global reset,C-mount,Mono,"1000BASE-T GigE M12 (8-Pin X-Coded), PoE",5.6 FPS (6 FPS) @ 20 MP,29 x 29 x 45 mm,67 g,8 핀M8커넥터,"1 input, 1 output",2 bi-directional,"PoE (IEEE 802.3af), or 12-24 VDC ±5% external","PoE를 통한 3.5W, 외부 전원 공급시 3W",128 MB,"Gain, gamma, black level, white balance, LUT, CCM, pixel correction, color space conversion","Mono8/10/12/16, Bayer8/10/12/16, RGB8, BGR8, YCbCr8, YCbCr411, YUV422, YUV411, QOI_Mono8, QOI_BayerRG8, QOI_RGB8, QOI_BGR8, QOI_YCbCr8",QOI,"수평 및 수직 비닝, ROI, 수직 뒤집기",12 bit,0 dB ~ 48 dB 아날로그 및 디지털,359 μs ~ 2.5 s,1 default and 2 custom user set,16 MB,"Frame counter, offset X/Y, width/height, 노출 시간, gain, black level, line status, sequencer set","Acquisition start/end, exposure start/end, line rise/fall, error",2 counters and 2 timers,"노출 시간, gain","Software trigger, hardware trigger, PTP (IEEE 1588)",GigE Vision v2.0,"CE, KC, FCC, RoHS, REACH, WEEE",-30 to 60°C,-20 to 55°C 주변,"동작: 20% ~ 80%, relative, 비 응축","DIN EN 60068-2-27, DIN EN 60068-2-64, DIN EN 60068-2-6",3 year,TRI200S,,IP67(IP67 보호를 위해 Triton은 IP67 렌즈 튜브 및 케이블과 함께 사용해야합니다),,,,,,DIN EN 61000-6-2,,,,M8 GPIO IP67 Cap,,,,,,,,,,,,,,,M12,,,,,,,,
Lucid Vision,N,TRI162S,16.2 MP,"5320 x 3032 px, 16.2 MP",6.9 fps,Sony IMX542 CMOS,16.8mm (Type 1.1″),2.74 µm (H) x 2.74 µm (V),Global Shutter,C-Mount,Mono / Color,"1000BASE-T GigE M12 (8-Pin X-Coded), PoE",6.9 FPS (7.5 FPS) @ 16.2 MP,29 x 29 x 45 mm,67 g,8 핀M8커넥터,"1 input, 1 output",2 bi-directional,"PoE (IEEE 802.3af), or 12-24 VDC ±5% external","PoE를 통한 3.5W, 외부 전원 공급시 3W",128 MB,"Gain, gamma, black level, white balance, LUT, CCM, pixel correction, color space conversion","Mono8/10/12/16, Bayer8/10/12/16, RGB8, BGR8, YCbCr8, YCbCr411, YUV422, YUV411, QOI_Mono8, QOI_BayerRG8, QOI_RGB8, QOI_BGR8, QOI_YCbCr8",QOI,"수평 및 수직 비닝, ROI, 수직 뒤집기",12 bit,0 dB ~ 48 dB 아날로그 및 디지털,45 μs to 10 s (Normal) / 1 μs to 2.74 μs (Short Mode),1 default and 2 custom user set,16 MB,"Frame counter, offset X/Y, width/height, 노출 시간, gain, black level, line status, sequencer set","Acquisition start/end, exposure start/end, line rise/fall, error",2 counters and 2 timers,"노출 시간, gain","Software trigger, hardware trigger, PTP (IEEE 1588)",GigE Vision v2.0,"CE, KC, FCC, RoHS, REACH, WEEE",-30 to 60°C,-20 to 55°C 주변,"동작: 20% ~ 80%, relative, 비 응축","DIN EN 60068-2-27, DIN EN 60068-2-64, DIN EN 60068-2-6",3 year,,,IP67(IP67 보호를 위해 Triton은 IP67 렌즈 튜브 및 케이블과 함께 사용해야합니다),,,,,,DIN EN 61000-6-2,,,,,,,,,,,,,,,,,,,,,,,,,,,
Lucid Vision,Y,TRI162S-CC,,"5320 x 3032 px, 16.2 MP",,Sony IMX542 CMOS,16.8mm (Type 1.1″),2.74 µm (H) x 2.74 µm (V),Global Shutter,C-mount,Color,"1000BASE-T GigE M12 (8-Pin X-Coded), PoE",6.9 FPS (7.5 FPS) @ 16.2 MP,29 x 29 x 45 mm,67 g,8 핀M8커넥터,"1 input, 1 output",2 bi-directional,"PoE (IEEE 802.3af), or 12-24 VDC ±5% external","PoE를 통한 3.5W, 외부 전원 공급시 3W",128 MB,"Gain, gamma, black level, white balance, LUT, CCM, pixel correction, color space conversion","Mono8/10/12/16, Bayer8/10/12/16, RGB8, BGR8, YCbCr8, YCbCr411, YUV422, YUV411, QOI_Mono8, QOI_BayerRG8, QOI_RGB8, QOI_BGR8, QOI_YCbCr8",QOI,"수평 및 수직 비닝, ROI, 수직 뒤집기",12 bit,0 dB ~ 48 dB 아날로그 및 디지털,45 μs to 10 s (Normal) / 1 μs to 2.74 μs (Short Mode),1 default and 2 custom user set,16 MB,"Frame counter, offset X/Y, width/height, 노출 시간, gain, black level, line status, sequencer set","Acquisition start/end, exposure start/end, line rise/fall, error",2 counters and 2 timers,"노출 시간, gain","Software trigger, hardware trigger, PTP (IEEE 1588)",GigE Vision v2.0,"CE, KC, FCC, RoHS, REACH, WEEE",-30 to 60°C,-20 to 55°C 주변,"동작: 20% ~ 80%, relative, 비 응축","DIN EN 60068-2-27, DIN EN 60068-2-64, DIN EN 60068-2-6",3 year,TRI162S,,IP67(IP67 보호를 위해 Triton은 IP67 렌즈 튜브 및 케이블과 함께 사용해야합니다),,,,,,DIN EN 61000-6-2,,,,M8 GPIO IP67 Cap,,,,,,,,,,,,,,,M12,,,,,,,,
Lucid Vision,Y,TRI162S-MC,,"5320 x 3032 px, 16.2 MP",,Sony IMX542 CMOS,16.8mm (Type 1.1″),2.74 µm (H) x 2.74 µm (V),Global Shutter,C-mount,Mono,"1000BASE-T GigE M12 (8-Pin X-Coded), PoE",6.9 FPS (7.5 FPS) @ 16.2 MP,29 x 29 x 45 mm,67 g,8 핀M8커넥터,"1 input, 1 output",2 bi-directional,"PoE (IEEE 802.3af), or 12-24 VDC ±5% external","PoE를 통한 3.5W, 외부 전원 공급시 3W",128 MB,"Gain, gamma, black level, white balance, LUT, CCM, pixel correction, color space conversion","Mono8/10/12/16, Bayer8/10/12/16, RGB8, BGR8, YCbCr8, YCbCr411, YUV422, YUV411, QOI_Mono8, QOI_BayerRG8, QOI_RGB8, QOI_BGR8, QOI_YCbCr8",QOI,"수평 및 수직 비닝, ROI, 수직 뒤집기",12 bit,0 dB ~ 48 dB 아날로그 및 디지털,45 μs to 10 s (Normal) / 1 μs to 2.74 μs (Short Mode),1 default and 2 custom user set,16 MB,"Frame counter, offset X/Y, width/height, 노출 시간, gain, black level, line status, sequencer set","Acquisition start/end, exposure start/end, line rise/fall, error",2 counters and 2 timers,"노출 시간, gain","Software trigger, hardware trigger, PTP (IEEE 1588)",GigE Vision v2.0,"CE, KC, FCC, RoHS, REACH, WEEE",-30 to 60°C,-20 to 55°C 주변,"동작: 20% ~ 80%, relative, 비 응축","DIN EN 60068-2-27, DIN EN 60068-2-64, DIN EN 60068-2-6",3 year,TRI162S,,IP67(IP67 보호를 위해 Triton은 IP67 렌즈 튜브 및 케이블과 함께 사용해야합니다),,,,,,DIN EN 61000-6-2,,,,M8 GPIO IP67 Cap,,,,,,,,,,,,,,,M12,,,,,,,,
Lucid Vision,N,TRI124S,12.3MP,"4096 x 3000, 12.3 MP",9.0 fps,Sony IMX545 CMOS,14.0mm (Type 1/1.1″),2.74 µm (H) x 2.74 µm (V),Global Shutter,C-Mount,Mono / Color,"1000BASE-T GigE M12 (8-Pin X-Coded), PoE",9.0 FPS (10 FPS) @ 12.3 MP,29 x 29 x 45 mm,67 g,8 핀M8커넥터,"1 input, 1 output",2 bi-directional,"PoE (IEEE 802.3af), or 12-24 VDC ±5% external","PoE를 통한 3.1W, 외부 전원 공급시 2.5W",128 MB,"Gain, gamma, black level, white balance, LUT, CCM, pixel correction, color space conversion","Mono8/10/12/16, Bayer8/10/12/16, RGB8, BGR8, YCbCr8, YCbCr411, YUV422, YUV411, QOI_Mono8, QOI_BayerRG8, QOI_RGB8, QOI_BGR8, QOI_YCbCr8",QOI,"수평 및 수직 비닝, ROI, 수직 뒤집기",12 bit,0 dB ~ 48 dB 아날로그 및 디지털,35.50 μs to 10 s (Normal) / 2.31 μs to 2.47 μs (Short Mode),1 default and 2 custom user set,16 MB,"Frame counter, offset X/Y, width/height, 노출 시간, gain, black level, line status, sequencer set","Acquisition start/end, exposure start/end, line rise/fall, error",2 counters and 2 timers,"노출 시간, gain","Software trigger, hardware trigger, PTP (IEEE 1588)",GigE Vision v2.0,"CE, KC, FCC, RoHS, REACH, WEEE",-30 to 60°C,-20 to 55°C 주변,"동작: 20% ~ 80%, relative, 비 응축","DIN EN 60068-2-27, DIN EN 60068-2-64, DIN EN 60068-2-6",3 year,,,IP67(IP67 보호를 위해 Triton은 IP67 렌즈 튜브 및 케이블과 함께 사용해야합니다),,,,,,DIN EN 61000-6-2,,,,,,,,,,,,,,,,,,,,,,,,,,,
Lucid Vision,Y,TRI124S-CC,,"4096 x 3000, 12.3 MP",,Sony IMX545 CMOS,14.0mm (Type 1/1.1″),2.74 µm (H) x 2.74 µm (V),Global Shutter,C-mount,Color,"1000BASE-T GigE M12 (8-Pin X-Coded), PoE",9.0 FPS (10 FPS) @ 12.3 MP,29 x 29 x 45 mm,67 g,8 핀M8커넥터,"1 input, 1 output",2 bi-directional,"PoE (IEEE 802.3af), or 12-24 VDC ±5% external","PoE를 통한 3.1W, 외부 전원 공급시 2.5W",128 MB,"Gain, gamma, black level, white balance, LUT, CCM, pixel correction, color space conversion","Mono8/10/12/16, Bayer8/10/12/16, RGB8, BGR8, YCbCr8, YCbCr411, YUV422, YUV411, QOI_Mono8, QOI_BayerRG8, QOI_RGB8, QOI_BGR8, QOI_YCbCr8",QOI,"수평 및 수직 비닝, ROI, 수직 뒤집기",12 bit,0 dB ~ 48 dB 아날로그 및 디지털,35.50 μs to 10 s (Normal) / 2.31 μs to 2.47 μs (Short Mode),1 default and 2 custom user set,16 MB,"Frame counter, offset X/Y, width/height, 노출 시간, gain, black level, line status, sequencer set","Acquisition start/end, exposure start/end, line rise/fall, error",2 counters and 2 timers,"노출 시간, gain","Software trigger, hardware trigger, PTP (IEEE 1588)",GigE Vision v2.0,"CE, KC, FCC, RoHS, REACH, WEEE",-30 to 60°C,-20 to 55°C 주변,"동작: 20% ~ 80%, relative, 비 응축","DIN EN 60068-2-27, DIN EN 60068-2-64, DIN EN 60068-2-6",3 year,TRI124S,,IP67(IP67 보호를 위해 Triton은 IP67 렌즈 튜브 및 케이블과 함께 사용해야합니다),,,,,,DIN EN 61000-6-2,,,,,M8 GPIO IP67 Cap,,,,,,,,,,,,,,M12,,,,,,,,
Lucid Vision,Y,TRI124S-MC,,"4096 x 3000, 12.3 MP",,Sony IMX545 CMOS,14.0mm (Type 1/1.1″),2.74 µm (H) x 2.74 µm (V),Global Shutter,C-mount,Mono,"1000BASE-T GigE M12 (8-Pin X-Coded), PoE",9.0 FPS (10 FPS) @ 12.3 MP,29 x 29 x 45 mm,67 g,8 핀M8커넥터,"1 input, 1 output",2 bi-directional,"PoE (IEEE 802.3af), or 12-24 VDC ±5% external","PoE를 통한 3.1W, 외부 전원 공급시 2.5W",128 MB,"Gain, gamma, black level, white balance, LUT, CCM, pixel correction, color space conversion","Mono8/10/12/16, Bayer8/10/12/16, RGB8, BGR8, YCbCr8, YCbCr411, YUV422, YUV411, QOI_Mono8, QOI_BayerRG8, QOI_RGB8, QOI_BGR8, QOI_YCbCr8",QOI,"수평 및 수직 비닝, ROI, 수직 뒤집기",12 bit,0 dB ~ 48 dB 아날로그 및 디지털,35.50 μs to 10 s (Normal) / 2.31 μs to 2.47 μs (Short Mode),1 default and 2 custom user set,16 MB,"Frame counter, offset X/Y, width/height, 노출 시간, gain, black level, line status, sequencer set","Acquisition start/end, exposure start/end, line rise/fall, error",2 counters and 2 timers,"노출 시간, gain","Software trigger, hardware trigger, PTP (IEEE 1588)",GigE Vision v2.0,"CE, KC, FCC, RoHS, REACH, WEEE",-30 to 60°C,-20 to 55°C 주변,"동작: 20% ~ 80%, relative, 비 응축","DIN EN 60068-2-27, DIN EN 60068-2-64, DIN EN 60068-2-6",3 year,TRI124S,,IP67(IP67 보호를 위해 Triton은 IP67 렌즈 튜브 및 케이블과 함께 사용해야합니다),,,,,,DIN EN 61000-6-2,,,,,M8 GPIO IP67 Cap,,,,,,,,,,,,,,M12,,,,,,,,
Lucid Vision,N,TRI120S,12.3 MP,"4096 x 3000 px, 12.3 MP",9.0 fps,Sony IMX304 CMOS,17.6 mm (Type 1.1″),3.45 µm (H) x 3.45 µm (V),Global Shutter,C-Mount,Mono / Color,"1000BASE-T GigE M12 (8-Pin X-Coded), PoE",9.0 FPS (10 FPS) @ 12.3 MP,29 x 29 x 45 mm,67 g,8 핀M8커넥터,"1 input, 1 output",2 bi-directional,"PoE (IEEE 802.3af), or 12-24 VDC ±5% external","PoE를 통한 3.5W, 외부 전원 공급시 3W",128 MB,"Gain, gamma, black level, white balance, LUT, CCM, pixel correction, color space conversion","Mono8/10/12/16, Bayer8/10/12/16, RGB8, BGR8, YCbCr8, YCbCr411, YUV422, YUV411, QOI_Mono8, QOI_BayerRG8, QOI_RGB8, QOI_BGR8, QOI_YCbCr8",QOI,"수평 및 수직 비닝, 서브 샘플링, ROI, 수평 및 수직 뒤집기",12 bit,0 dB ~ 48 dB 아날로그 및 디지털,47.2 μs to 10 s (Normal) / 1.4 μs to 16.1 μs (Short Mode)/td>,1 default and 2 custom user set,16 MB,"Frame counter, offset X/Y, width/height, 노출 시간, gain, black level, line status, sequencer set","Acquisition start/end, exposure start/end, line rise/fall, error",2 counters and 2 timers,"노출 시간, gain","Software trigger, hardware trigger, PTP (IEEE 1588)",GigE Vision v2.0,"CE, KC, FCC, RoHS, REACH, WEEE",-30 to 60°C,-20 to 55°C 주변,"동작: 20% ~ 80%, relative, 비 응축","DIN EN 60068-2-27, DIN EN 60068-2-64, DIN EN 60068-2-6",3 year,,,IP67(IP67 보호를 위해 Triton은 IP67 렌즈 튜브 및 케이블과 함께 사용해야합니다),,,,,,DIN EN 61000-6-2,,,,,,,,,,,,,,,,,,,,,,,,,,,
Lucid Vision,Y,TRI120S-CC,,"4096 x 3000 px, 12.3 MP",,Sony IMX304 CMOS,17.6 mm (Type 1.1″),3.45 µm (H) x 3.45 µm (V),Global Shutter,C-mount,Color,"1000BASE-T GigE M12 (8-Pin X-Coded), PoE",9.0 FPS (10 FPS) @ 12.3 MP,29 x 29 x 45 mm,67 g,8 핀M8커넥터,"1 input, 1 output",2 bi-directional,"PoE (IEEE 802.3af), or 12-24 VDC ±5% external","PoE를 통한 3.5W, 외부 전원 공급시 3W",128 MB,"Gain, gamma, black level, white balance, LUT, CCM, pixel correction, color space conversion","Mono8/10/12/16, Bayer8/10/12/16, RGB8, BGR8, YCbCr8, YCbCr411, YUV422, YUV411, QOI_Mono8, QOI_BayerRG8, QOI_RGB8, QOI_BGR8, QOI_YCbCr8",QOI,"수평 및 수직 비닝, 서브 샘플링, ROI, 수평 및 수직 뒤집기",12 bit,0 dB ~ 48 dB 아날로그 및 디지털,47.2 μs to 10 s (Normal) / 1.4 μs to 16.1 μs (Short Mode)/td>,1 default and 2 custom user set,16 MB,"Frame counter, offset X/Y, width/height, 노출 시간, gain, black level, line status, sequencer set","Acquisition start/end, exposure start/end, line rise/fall, error",2 counters and 2 timers,"노출 시간, gain","Software trigger, hardware trigger, PTP (IEEE 1588)",GigE Vision v2.0,"CE, KC, FCC, RoHS, REACH, WEEE",-30 to 60°C,-20 to 55°C 주변,"동작: 20% ~ 80%, relative, 비 응축","DIN EN 60068-2-27, DIN EN 60068-2-64, DIN EN 60068-2-6",3 year,TRI120S,,IP67(IP67 보호를 위해 Triton은 IP67 렌즈 튜브 및 케이블과 함께 사용해야합니다),,,,,,DIN EN 61000-6-2,,,,M8 GPIO IP67 Cap,,,,,,,,,,,,,,,M12,,,,,,,,
Lucid Vision,Y,TRI120S-MC,,"4096 x 3000 px, 12.3 MP",,Sony IMX304 CMOS,17.6 mm (Type 1.1″),3.45 µm (H) x 3.45 µm (V),Global Shutter,C-mount,Mono,"1000BASE-T GigE M12 (8-Pin X-Coded), PoE",9.0 FPS (10 FPS) @ 12.3 MP,29 x 29 x 45 mm,67 g,8 핀M8커넥터,"1 input, 1 output",2 bi-directional,"PoE (IEEE 802.3af), or 12-24 VDC ±5% external","PoE를 통한 3.5W, 외부 전원 공급시 3W",128 MB,"Gain, gamma, black level, white balance, LUT, CCM, pixel correction, color space conversion","Mono8/10/12/16, Bayer8/10/12/16, RGB8, BGR8, YCbCr8, YCbCr411, YUV422, YUV411, QOI_Mono8, QOI_BayerRG8, QOI_RGB8, QOI_BGR8, QOI_YCbCr8",QOI,"수평 및 수직 비닝, 서브 샘플링, ROI, 수평 및 수직 뒤집기",12 bit,0 dB ~ 48 dB 아날로그 및 디지털,47.2 μs to 10 s (Normal) / 1.4 μs to 16.1 μs (Short Mode)/td>,1 default and 2 custom user set,16 MB,"Frame counter, offset X/Y, width/height, 노출 시간, gain, black level, line status, sequencer set","Acquisition start/end, exposure start/end, line rise/fall, error",2 counters and 2 timers,"노출 시간, gain","Software trigger, hardware trigger, PTP (IEEE 1588)",GigE Vision v2.0,"CE, KC, FCC, RoHS, REACH, WEEE",-30 to 60°C,-20 to 55°C 주변,"동작: 20% ~ 80%, relative, 비 응축","DIN EN 60068-2-27, DIN EN 60068-2-64, DIN EN 60068-2-6",3 year,TRI120S,,IP67(IP67 보호를 위해 Triton은 IP67 렌즈 튜브 및 케이블과 함께 사용해야합니다),,,,,,DIN EN 61000-6-2,,,,M8 GPIO IP67 Cap,,,,,,,,,,,,,,,M12,,,,,,,,
Lucid Vision,N,TRI122S,12.2 MP,"4024 x 3036 px, 12.2 MP",9.1 fps,Sony IMX226 CMOS (BSI Starvis),9.33 mm (Type 1/1.7″),1.85 µm (H) x 1.85 µm (V),Rolling shutter with global reset,C-Mount,Mono / Color,"1000BASE-T GigE M12 (8-Pin X-Coded), PoE",9.1 FPS (9.8 FPS) @ 12.2 MP,29 x 29 x 45 mm,67 g,8 핀M8커넥터,"1 input, 1 output",2 bi-directional,"PoE (IEEE 802.3af), or 12-24 VDC ±5% external","PoE를 통한 3.1W, 외부 전원 공급시 2.5W",128 MB,"Gain, gamma, black level, white balance, LUT, CCM, pixel correction, color space conversion","Mono8/10/12/16, Bayer8/10/12/16, RGB8, BGR8, YCbCr8, YCbCr411, YUV422, YUV411, QOI_Mono8, QOI_BayerRG8, QOI_RGB8, QOI_BGR8, QOI_YCbCr8",QOI,"수평 및 수직 비닝, ROI, 수직 뒤집기",12 bit,0 dB ~ 48 dB 아날로그 및 디지털,266 μs ~ 2 s,1 default and 2 custom user set,16 MB,"Frame counter, offset X/Y, width/height, 노출 시간, gain, black level, line status, sequencer set","Acquisition start/end, exposure start/end, line rise/fall, error",2 counters and 2 timers,"노출 시간, gain","Software trigger, hardware trigger, PTP (IEEE 1588)",GigE Vision v2.0,"CE, KC, FCC, RoHS, REACH, WEEE",-30 to 60°C,-20 to 55°C 주변,"동작: 20% ~ 80%, relative, 비 응축","DIN EN 60068-2-27, DIN EN 60068-2-64, DIN EN 60068-2-6",3 year,,,IP67(IP67 보호를 위해 Triton은 IP67 렌즈 튜브 및 케이블과 함께 사용해야합니다),,,,,,DIN EN 61000-6-2,,,,,,,,,,,,,,,,,,,,,,,,,,,
Lucid Vision,Y,TRI122S-CC,,"4024 x 3036 px, 12.2 MP",,Sony IMX226 CMOS (BSI Starvis),9.33 mm (Type 1/1.7″),1.85 µm (H) x 1.85 µm (V),Rolling shutter with global reset,C-mount,Color,"1000BASE-T GigE M12 (8-Pin X-Coded), PoE",9.1 FPS (9.8 FPS) @ 12.2 MP,29 x 29 x 45 mm,67 g,8 핀M8커넥터,"1 input, 1 output",2 bi-directional,"PoE (IEEE 802.3af), or 12-24 VDC ±5% external","PoE를 통한 3.1W, 외부 전원 공급시 2.5W",128 MB,"Gain, gamma, black level, white balance, LUT, CCM, pixel correction, color space conversion","Mono8/10/12/16, Bayer8/10/12/16, RGB8, BGR8, YCbCr8, YCbCr411, YUV422, YUV411, QOI_Mono8, QOI_BayerRG8, QOI_RGB8, QOI_BGR8, QOI_YCbCr8",QOI,"수평 및 수직 비닝, ROI, 수직 뒤집기",12 bit,0 dB ~ 48 dB 아날로그 및 디지털,266 μs ~ 2 s,1 default and 2 custom user set,16 MB,"Frame counter, offset X/Y, width/height, 노출 시간, gain, black level, line status, sequencer set","Acquisition start/end, exposure start/end, line rise/fall, error",2 counters and 2 timers,"노출 시간, gain","Software trigger, hardware trigger, PTP (IEEE 1588)",GigE Vision v2.0,"CE, KC, FCC, RoHS, REACH, WEEE",-30 to 60°C,-20 to 55°C 주변,"동작: 20% ~ 80%, relative, 비 응축","DIN EN 60068-2-27, DIN EN 60068-2-64, DIN EN 60068-2-6",3 year,TRI122S,,IP67(IP67 보호를 위해 Triton은 IP67 렌즈 튜브 및 케이블과 함께 사용해야합니다),,,,,,DIN EN 61000-6-2,,,,M8 GPIO IP67 Cap,,,,,,,,,,,,,,,M12,,,,,,,,
Lucid Vision,Y,TRI122S-MC,,"4024 x 3036 px, 12.2 MP",,Sony IMX226 CMOS (BSI Starvis),9.33 mm (Type 1/1.7″),1.85 µm (H) x 1.85 µm (V),Rolling shutter with global reset,C-mount,Mono,"1000BASE-T GigE M12 (8-Pin X-Coded), PoE",9.1 FPS (9.8 FPS) @ 12.2 MP,29 x 29 x 45 mm,67 g,8 핀M8커넥터,"1 input, 1 output",2 bi-directional,"PoE (IEEE 802.3af), or 12-24 VDC ±5% external","PoE를 통한 3.1W, 외부 전원 공급시 2.5W",128 MB,"Gain, gamma, black level, white balance, LUT, CCM, pixel correction, color space conversion","Mono8/10/12/16, Bayer8/10/12/16, RGB8, BGR8, YCbCr8, YCbCr411, YUV422, YUV411, QOI_Mono8, QOI_BayerRG8, QOI_RGB8, QOI_BGR8, QOI_YCbCr8",QOI,"수평 및 수직 비닝, ROI, 수직 뒤집기",12 bit,0 dB ~ 48 dB 아날로그 및 디지털,266 μs ~ 2 s,1 default and 2 custom user set,16 MB,"Frame counter, offset X/Y, width/height, 노출 시간, gain, black level, line status, sequencer set","Acquisition start/end, exposure start/end, line rise/fall, error",2 counters and 2 timers,"노출 시간, gain","Software trigger, hardware trigger, PTP (IEEE 1588)",GigE Vision v2.0,"CE, KC, FCC, RoHS, REACH, WEEE",-30 to 60°C,-20 to 55°C 주변,"동작: 20% ~ 80%, relative, 비 응축","DIN EN 60068-2-27, DIN EN 60068-2-64, DIN EN 60068-2-6",3 year,TRI122S,,IP67(IP67 보호를 위해 Triton은 IP67 렌즈 튜브 및 케이블과 함께 사용해야합니다),,,,,,DIN EN 61000-6-2,,,,M8 GPIO IP67 Cap,,,,,,,,,,,,,,,M12,,,,,,,,
Lucid Vision,N,TRI089S,8.9  MP,"4096 x 2160 px, 8.9 MP",12.5 fps,Sony IMX267 CMOS,16.1 mm (Type 1″),3.45 µm (H) x 3.45 µm (V),Global Shutter,C-Mount,Mono / Color,"1000BASE-T GigE M12 (8-Pin X-Coded), PoE",12.5 FPS (13.7 FPS) @ 8.9 MP,29 x 29 x 45 mm,67 g,8 핀M8커넥터,"1 input, 1 output",2 bi-directional,"PoE (IEEE 802.3af), or 12-24 VDC ±5% external","PoE를 통한 3.5W, 외부 전원 공급시 3W",128 MB,"Gain, gamma, black level, white balance, LUT, CCM, pixel correction, color space conversion","Mono8/10/12/16, Bayer8/10/12/16, RGB8, BGR8, YCbCr8, YCbCr411, YUV422, YUV411, QOI_Mono8, QOI_BayerRG8, QOI_RGB8, QOI_BGR8, QOI_YCbCr8",QOI,"수평 및 수직 비닝, 서브 샘플링, ROI, 수평 및 수직 뒤집기",12 bit,0 dB ~ 48 dB 아날로그 및 디지털,24 μs to 10 s (Normal) / 1.5 μs to 16.1 μs (Short Mode),1 default and 2 custom user set,16 MB,"Frame counter, offset X/Y, width/height, 노출 시간, gain, black level, line status, sequencer set","Acquisition start/end, exposure start/end, line rise/fall, error",2 counters and 2 timers,"노출 시간, gain","Software trigger, hardware trigger, PTP (IEEE 1588)",GigE Vision v2.0,"CE, KC, FCC, RoHS, REACH, WEEE",-30 to 60°C,-20 to 55°C 주변,"동작: 20% ~ 80%, relative, 비 응축","DIN EN 60068-2-27, DIN EN 60068-2-64, DIN EN 60068-2-6",3 year,,,IP67(IP67 보호를 위해 Triton은 IP67 렌즈 튜브 및 케이블과 함께 사용해야합니다),,,,,,DIN EN 61000-6-2,,,,,,,,,,,,,,,,,,,,,,,,,,,
Lucid Vision,Y,TRI089S-CC,,"4096 x 2160 px, 8.9 MP",,Sony IMX267 CMOS,16.1 mm (Type 1″),3.45 µm (H) x 3.45 µm (V),Global Shutter,C-mount,Color,"1000BASE-T GigE M12 (8-Pin X-Coded), PoE",12.5 FPS (13.7 FPS) @ 8.9 MP,29 x 29 x 45 mm,67 g,8 핀M8커넥터,"1 input, 1 output",2 bi-directional,"PoE (IEEE 802.3af), or 12-24 VDC ±5% external","PoE를 통한 3.5W, 외부 전원 공급시 3W",128 MB,"Gain, gamma, black level, white balance, LUT, CCM, pixel correction, color space conversion","Mono8/10/12/16, Bayer8/10/12/16, RGB8, BGR8, YCbCr8, YCbCr411, YUV422, YUV411, QOI_Mono8, QOI_BayerRG8, QOI_RGB8, QOI_BGR8, QOI_YCbCr8",QOI,"수평 및 수직 비닝, 서브 샘플링, ROI, 수평 및 수직 뒤집기",12 bit,0 dB ~ 48 dB 아날로그 및 디지털,24 μs to 10 s (Normal) / 1.5 μs to 16.1 μs (Short Mode),1 default and 2 custom user set,16 MB,"Frame counter, offset X/Y, width/height, 노출 시간, gain, black level, line status, sequencer set","Acquisition start/end, exposure start/end, line rise/fall, error",2 counters and 2 timers,"노출 시간, gain","Software trigger, hardware trigger, PTP (IEEE 1588)",GigE Vision v2.0,"CE, KC, FCC, RoHS, REACH, WEEE",-30 to 60°C,-20 to 55°C 주변,"동작: 20% ~ 80%, relative, 비 응축","DIN EN 60068-2-27, DIN EN 60068-2-64, DIN EN 60068-2-6",3 year,TRI089S,,IP67(IP67 보호를 위해 Triton은 IP67 렌즈 튜브 및 케이블과 함께 사용해야합니다),,,,,,DIN EN 61000-6-2,,,,M8 GPIO IP67 Cap,,,,,,,,,,,,,,,M12,,,,,,,,
Lucid Vision,Y,TRI089S-MC,,"4096 x 2160 px, 8.9 MP",,Sony IMX267 CMOS,16.1 mm (Type 1″),3.45 µm (H) x 3.45 µm (V),Global Shutter,C-mount,Mono,"1000BASE-T GigE M12 (8-Pin X-Coded), PoE",12.5 FPS (13.7 FPS) @ 8.9 MP,29 x 29 x 45 mm,67 g,8 핀M8커넥터,"1 input, 1 output",2 bi-directional,"PoE (IEEE 802.3af), or 12-24 VDC ±5% external","PoE를 통한 3.5W, 외부 전원 공급시 3W",128 MB,"Gain, gamma, black level, white balance, LUT, CCM, pixel correction, color space conversion","Mono8/10/12/16, Bayer8/10/12/16, RGB8, BGR8, YCbCr8, YCbCr411, YUV422, YUV411, QOI_Mono8, QOI_BayerRG8, QOI_RGB8, QOI_BGR8, QOI_YCbCr8",QOI,"수평 및 수직 비닝, 서브 샘플링, ROI, 수평 및 수직 뒤집기",12 bit,0 dB ~ 48 dB 아날로그 및 디지털,24 μs to 10 s (Normal) / 1.5 μs to 16.1 μs (Short Mode),1 default and 2 custom user set,16 MB,"Frame counter, offset X/Y, width/height, 노출 시간, gain, black level, line status, sequencer set","Acquisition start/end, exposure start/end, line rise/fall, error",2 counters and 2 timers,"노출 시간, gain","Software trigger, hardware trigger, PTP (IEEE 1588)",GigE Vision v2.0,"CE, KC, FCC, RoHS, REACH, WEEE",-30 to 60°C,-20 to 55°C 주변,"동작: 20% ~ 80%, relative, 비 응축","DIN EN 60068-2-27, DIN EN 60068-2-64, DIN EN 60068-2-6",3 year,TRI089S,,IP67(IP67 보호를 위해 Triton은 IP67 렌즈 튜브 및 케이블과 함께 사용해야합니다),,,,,,DIN EN 61000-6-2,,,,M8 GPIO IP67 Cap,,,,,,,,,,,,,,,M12,,,,,,,,
Lucid Vision,N,TRI081S,8.1 MP,"2840 x 2840 px, 8.1 MP",13.8 fps,Sony IMX546 CMOS,11.1 mm (Type 2/3″),2.74 µm (H) x 2.74 µm (V),Global Shutter,C-Mount,Mono / Color,"1000BASE-T GigE M12 (8-Pin X-Coded), PoE",13.8 FPS (14.8 FPS) @ 8.1 MP,29 x 29 x 45 mm,67 g,8 핀M8커넥터,"1 input, 1 output",2 bi-directional,"PoE (IEEE 802.3af), or 12-24 VDC ±5% external","PoE를 통한 3.1W, 외부 전원 공급시 2.5W",128 MB,"Gain, gamma, black level, white balance, LUT, CCM, pixel correction, color space conversion","Mono8/10/12/16, Bayer8/10/12/16, RGB8, BGR8, YCbCr8, YCbCr411, YUV422, YUV411, QOI_Mono8, QOI_BayerRG8, QOI_RGB8, QOI_BGR8, QOI_YCbCr8",QOI,"수평 및 수직 비닝, 서브 샘플링, ROI, 수평 및 수직 뒤집기",12 bit,0 dB ~ 48 dB 아날로그 및 디지털,25.34 μs to 10 s (Normal) / 2.31 μs to 2.47 μs (Short Mode),1 default and 2 custom user set,16 MB,"Frame counter, offset X/Y, width/height, 노출 시간, gain, black level, line status, sequencer set","Acquisition start/end, exposure start/end, line rise/fall, error",2 counters and 2 timers,"노출 시간, gain","Software trigger, hardware trigger, PTP (IEEE 1588)",GigE Vision v2.0,"CE, KC, FCC, RoHS, REACH, WEEE",-30 to 60°C,-20 to 55°C 주변,"동작: 20% ~ 80%, relative, 비 응축","DIN EN 60068-2-27, DIN EN 60068-2-64, DIN EN 60068-2-6",3 year,,,IP67(IP67 보호를 위해 Triton은 IP67 렌즈 튜브 및 케이블과 함께 사용해야합니다),,,,,,DIN EN 61000-6-2,,,,,,,,,,,,,,,,,,,,,,,,,,,
Lucid Vision,Y,TRI081S-CC,,"2840 x 2840 px, 8.1 MP",,Sony IMX546 CMOS,11.1 mm (Type 2/3″),2.74 µm (H) x 2.74 µm (V),Global Shutter,C-mount,Color,"1000BASE-T GigE M12 (8-Pin X-Coded), PoE",13.8 FPS (14.8 FPS) @ 8.1 MP,29 x 29 x 45 mm,67 g,8 핀M8커넥터,"1 input, 1 output",2 bi-directional,"PoE (IEEE 802.3af), or 12-24 VDC ±5% external","PoE를 통한 3.1W, 외부 전원 공급시 2.5W",128 MB,"Gain, gamma, black level, white balance, LUT, CCM, pixel correction, color space conversion","Mono8/10/12/16, Bayer8/10/12/16, RGB8, BGR8, YCbCr8, YCbCr411, YUV422, YUV411, QOI_Mono8, QOI_BayerRG8, QOI_RGB8, QOI_BGR8, QOI_YCbCr8",QOI,"수평 및 수직 비닝, 서브 샘플링, ROI, 수평 및 수직 뒤집기",12 bit,0 dB ~ 48 dB 아날로그 및 디지털,25.34 μs to 10 s (Normal) / 2.31 μs to 2.47 μs (Short Mode),1 default and 2 custom user set,16 MB,"Frame counter, offset X/Y, width/height, 노출 시간, gain, black level, line status, sequencer set","Acquisition start/end, exposure start/end, line rise/fall, error",2 counters and 2 timers,"노출 시간, gain","Software trigger, hardware trigger, PTP (IEEE 1588)",GigE Vision v2.0,"CE, KC, FCC, RoHS, REACH, WEEE",-30 to 60°C,-20 to 55°C 주변,"동작: 20% ~ 80%, relative, 비 응축","DIN EN 60068-2-27, DIN EN 60068-2-64, DIN EN 60068-2-6",3 year,TRI081S,,IP67(IP67 보호를 위해 Triton은 IP67 렌즈 튜브 및 케이블과 함께 사용해야합니다),,,,,,DIN EN 61000-6-2,,,,M8 GPIO IP67 Cap,,,,,,,,,,,,,,,M12,,,,,,,,
Lucid Vision,Y,TRI081S-MC,,"2840 x 2840 px, 8.1 MP",,Sony IMX546 CMOS,11.1 mm (Type 2/3″),2.74 µm (H) x 2.74 µm (V),Global Shutter,C-mount,Mono,"1000BASE-T GigE M12 (8-Pin X-Coded), PoE",13.8 FPS (14.8 FPS) @ 8.1 MP,29 x 29 x 45 mm,67 g,8 핀M8커넥터,"1 input, 1 output",2 bi-directional,"PoE (IEEE 802.3af), or 12-24 VDC ±5% external","PoE를 통한 3.1W, 외부 전원 공급시 2.5W",128 MB,"Gain, gamma, black level, white balance, LUT, CCM, pixel correction, color space conversion","Mono8/10/12/16, Bayer8/10/12/16, RGB8, BGR8, YCbCr8, YCbCr411, YUV422, YUV411, QOI_Mono8, QOI_BayerRG8, QOI_RGB8, QOI_BGR8, QOI_YCbCr8",QOI,"수평 및 수직 비닝, 서브 샘플링, ROI, 수평 및 수직 뒤집기",12 bit,0 dB ~ 48 dB 아날로그 및 디지털,25.34 μs to 10 s (Normal) / 2.31 μs to 2.47 μs (Short Mode),1 default and 2 custom user set,16 MB,"Frame counter, offset X/Y, width/height, 노출 시간, gain, black level, line status, sequencer set","Acquisition start/end, exposure start/end, line rise/fall, error",2 counters and 2 timers,"노출 시간, gain","Software trigger, hardware trigger, PTP (IEEE 1588)",GigE Vision v2.0,"CE, KC, FCC, RoHS, REACH, WEEE",-30 to 60°C,-20 to 55°C 주변,"동작: 20% ~ 80%, relative, 비 응축","DIN EN 60068-2-27, DIN EN 60068-2-64, DIN EN 60068-2-6",3 year,TRI081S,,IP67(IP67 보호를 위해 Triton은 IP67 렌즈 튜브 및 케이블과 함께 사용해야합니다),,,,,,DIN EN 61000-6-2,,,,M8 GPIO IP67 Cap,,,,,,,,,,,,,,,M12,,,,,,,,
Lucid Vision,N,TRI071S,7.1 MP,"3208 x 2200 px, 7.1 MP",15.8 fps,Sony IMX428 CMOS,17.6 mm (Type 1.1″),4.5 µm (H) x 4.5 µm (V),Global Shutter,C-Mount,Mono / Color,"1000BASE-T GigE M12 (8-Pin X-Coded), PoE",15.8 FPS (17.3 FPS) @ 7.1 MP,29 x 29 x 45 mm,67 g,8 핀M8커넥터,"1 input, 1 output",2 bi-directional,"PoE (IEEE 802.3af), or 12-24 VDC ±5% external","PoE를 통한 3.5W, 외부 전원 공급시 3W",128 MB,"Gain, gamma, black level, white balance, LUT, CCM, pixel correction, color space conversion","Mono8/10/12/16, Bayer8/10/12/16, RGB8, BGR8, YCbCr8, YCbCr411, YUV422, YUV411, QOI_Mono8, QOI_BayerRG8, QOI_RGB8, QOI_BGR8, QOI_YCbCr8",QOI,"수평 및 수직 비닝, 서브 샘플링, ROI, 수평 및 수직 뒤집기",12 bit,0 dB ~ 48 dB 아날로그 및 디지털,30.7 μs to 10 s (Normal) / 1 μs to 5 μs (Short Mode),1 default and 2 custom user set,16 MB,"Frame counter, offset X/Y, width/height, 노출 시간, gain, black level, line status, sequencer set","Acquisition start/end, exposure start/end, line rise/fall, error",2 counters and 2 timers,"노출 시간, gain","Software trigger, hardware trigger, PTP (IEEE 1588)",GigE Vision v2.0,"CE, KC, FCC, RoHS, REACH, WEEE",-30 to 60°C,-20 to 55°C 주변,"동작: 20% ~ 80%, relative, 비 응축","DIN EN 60068-2-27, DIN EN 60068-2-64, DIN EN 60068-2-6",3 year,,,IP67(IP67 보호를 위해 Triton은 IP67 렌즈 튜브 및 케이블과 함께 사용해야합니다),,,,,,DIN EN 61000-6-2,,Normal and High Mode (High: 2.3x in analog domain),,,,,,,,,,,,,,,,,,,,,,,,,
Lucid Vision,Y,TRI071S-CC,,"3208 x 2200 px, 7.1 MP",,Sony IMX428 CMOS,17.6 mm (Type 1.1″),4.5 µm (H) x 4.5 µm (V),Global Shutter,C-mount,Color,"1000BASE-T GigE M12 (8-Pin X-Coded), PoE",15.8 FPS (17.3 FPS) @ 7.1 MP,29 x 29 x 45 mm,67 g,8 핀M8커넥터,"1 input, 1 output",2 bi-directional,"PoE (IEEE 802.3af), or 12-24 VDC ±5% external","PoE를 통한 3.5W, 외부 전원 공급시 3W",128 MB,"Gain, gamma, black level, white balance, LUT, CCM, pixel correction, color space conversion","Mono8/10/12/16, Bayer8/10/12/16, RGB8, BGR8, YCbCr8, YCbCr411, YUV422, YUV411, QOI_Mono8, QOI_BayerRG8, QOI_RGB8, QOI_BGR8, QOI_YCbCr8",QOI,"수평 및 수직 비닝, 서브 샘플링, ROI, 수평 및 수직 뒤집기",12 bit,0 dB ~ 48 dB 아날로그 및 디지털,30.7 μs to 10 s (Normal) / 1 μs to 5 μs (Short Mode),1 default and 2 custom user set,16 MB,"Frame counter, offset X/Y, width/height, 노출 시간, gain, black level, line status, sequencer set","Acquisition start/end, exposure start/end, line rise/fall, error",2 counters and 2 timers,"노출 시간, gain","Software trigger, hardware trigger, PTP (IEEE 1588)",GigE Vision v2.0,"CE, KC, FCC, RoHS, REACH, WEEE",-30 to 60°C,-20 to 55°C 주변,"동작: 20% ~ 80%, relative, 비 응축","DIN EN 60068-2-27, DIN EN 60068-2-64, DIN EN 60068-2-6",3 year,TRI071S,,IP67(IP67 보호를 위해 Triton은 IP67 렌즈 튜브 및 케이블과 함께 사용해야합니다),,,,,,DIN EN 61000-6-2,,Normal and High Mode (High: 2.3x in analog domain),,M8 GPIO IP67 Cap,,,,,,,,,,,,,,,M12,,,,,,,,
Lucid Vision,Y,TRI071S-MC,,"3208 x 2200 px, 7.1 MP",,Sony IMX428 CMOS,17.6 mm (Type 1.1″),4.5 µm (H) x 4.5 µm (V),Global Shutter,C-mount,Mono,"1000BASE-T GigE M12 (8-Pin X-Coded), PoE",15.8 FPS (17.3 FPS) @ 7.1 MP,29 x 29 x 45 mm,67 g,8 핀M8커넥터,"1 input, 1 output",2 bi-directional,"PoE (IEEE 802.3af), or 12-24 VDC ±5% external","PoE를 통한 3.5W, 외부 전원 공급시 3W",128 MB,"Gain, gamma, black level, white balance, LUT, CCM, pixel correction, color space conversion","Mono8/10/12/16, Bayer8/10/12/16, RGB8, BGR8, YCbCr8, YCbCr411, YUV422, YUV411, QOI_Mono8, QOI_BayerRG8, QOI_RGB8, QOI_BGR8, QOI_YCbCr8",QOI,"수평 및 수직 비닝, 서브 샘플링, ROI, 수평 및 수직 뒤집기",12 bit,0 dB ~ 48 dB 아날로그 및 디지털,30.7 μs to 10 s (Normal) / 1 μs to 5 μs (Short Mode),1 default and 2 custom user set,16 MB,"Frame counter, offset X/Y, width/height, 노출 시간, gain, black level, line status, sequencer set","Acquisition start/end, exposure start/end, line rise/fall, error",2 counters and 2 timers,"노출 시간, gain","Software trigger, hardware trigger, PTP (IEEE 1588)",GigE Vision v2.0,"CE, KC, FCC, RoHS, REACH, WEEE",-30 to 60°C,-20 to 55°C 주변,"동작: 20% ~ 80%, relative, 비 응축","DIN EN 60068-2-27, DIN EN 60068-2-64, DIN EN 60068-2-6",3 year,TRI071S,,IP67(IP67 보호를 위해 Triton은 IP67 렌즈 튜브 및 케이블과 함께 사용해야합니다),,,,,,DIN EN 61000-6-2,,Normal and High Mode (High: 2.3x in analog domain),,M8 GPIO IP67 Cap,,,,,,,,,,,,,,,M12,,,,,,,,
Lucid Vision,N,TRI064S,6.3 MP,"3072 x 2048 px, 6.3 MP",17.7 fps,Sony IMX178 CMOS,8.92 mm (Type 1/1.8″),2.40 µm (H) x 2.40 µm (V),Rolling shutter with global reset,C-Mount,Mono / Color,"1000BASE-T GigE M12 (8-Pin X-Coded), PoE",17.7 FPS (19.5 FPS) @ 6.3 MP,29 x 29 x 45 mm,67 g,8 핀M8커넥터,"1 input, 1 output",2 bi-directional,"PoE (IEEE 802.3af), or 12-24 VDC ±5% external","PoE를 통한 3.1W, 외부 전원 공급시 2.5W",128 MB,"Gain, gamma, black level, white balance, LUT, CCM, pixel correction, color space conversion","Mono8/10/12/16, Bayer8/10/12/16, RGB8, BGR8, YCbCr8, YCbCr411, YUV422, YUV411, QOI_Mono8, QOI_BayerRG8, QOI_RGB8, QOI_BGR8, QOI_YCbCr8",QOI,"수평 및 수직 비닝, ROI, 수직 뒤집기",12 bit,0 dB ~ 48 dB 아날로그 및 디지털,27.216 μs ~ 2 s,1 default and 2 custom user set,16 MB,"Frame counter, offset X/Y, width/height, 노출 시간, gain, black level, line status, sequencer set","Acquisition start/end, exposure start/end, line rise/fall, error",2 counters and 2 timers,"노출 시간, gain","Software trigger, hardware trigger, PTP (IEEE 1588)",GigE Vision v2.0,"CE, KC, FCC, RoHS, REACH, WEEE",-30 to 60°C,-20 to 55°C 주변,"동작: 20% ~ 80%, relative, 비 응축","DIN EN 60068-2-27, DIN EN 60068-2-64, DIN EN 60068-2-6",3 year,,,IP67(IP67 보호를 위해 Triton은 IP67 렌즈 튜브 및 케이블과 함께 사용해야합니다),,,,,,DIN EN 61000-6-2,,,,,,,,,,,,,,,,,,,,,,,,,,,
Lucid Vision,Y,TRI064S-CC,,"3072 x 2048 px, 6.3 MP",,Sony IMX178 CMOS,8.92 mm (Type 1/1.8″),2.40 µm (H) x 2.40 µm (V),Rolling shutter with global reset,C-mount,Color,"1000BASE-T GigE M12 (8-Pin X-Coded), PoE",17.7 FPS (19.5 FPS) @ 6.3 MP,29 x 29 x 45 mm,67 g,8 핀M8커넥터,"1 input, 1 output",2 bi-directional,"PoE (IEEE 802.3af), or 12-24 VDC ±5% external","PoE를 통한 3.1W, 외부 전원 공급시 2.5W",128 MB,"Gain, gamma, black level, white balance, LUT, CCM, pixel correction, color space conversion","Mono8/10/12/16, Bayer8/10/12/16, RGB8, BGR8, YCbCr8, YCbCr411, YUV422, YUV411, QOI_Mono8, QOI_BayerRG8, QOI_RGB8, QOI_BGR8, QOI_YCbCr8",QOI,"수평 및 수직 비닝, ROI, 수직 뒤집기",12 bit,0 dB ~ 48 dB 아날로그 및 디지털,27.216 μs ~ 2 s,1 default and 2 custom user set,16 MB,"Frame counter, offset X/Y, width/height, 노출 시간, gain, black level, line status, sequencer set","Acquisition start/end, exposure start/end, line rise/fall, error",2 counters and 2 timers,"노출 시간, gain","Software trigger, hardware trigger, PTP (IEEE 1588)",GigE Vision v2.0,"CE, KC, FCC, RoHS, REACH, WEEE",-30 to 60°C,-20 to 55°C 주변,"동작: 20% ~ 80%, relative, 비 응축","DIN EN 60068-2-27, DIN EN 60068-2-64, DIN EN 60068-2-6",3 year,TRI064S,,IP67(IP67 보호를 위해 Triton은 IP67 렌즈 튜브 및 케이블과 함께 사용해야합니다),,,,,,DIN EN 61000-6-2,,,,M8 GPIO IP67 Cap,,,,,,,,,,,,,,,M12,,,,,,,,
Lucid Vision,Y,TRI064S-MC,,"3072 x 2048 px, 6.3 MP",,Sony IMX178 CMOS,8.92 mm (Type 1/1.8″),2.40 µm (H) x 2.40 µm (V),Rolling shutter with global reset,C-mount,Mono,"1000BASE-T GigE M12 (8-Pin X-Coded), PoE",17.7 FPS (19.5 FPS) @ 6.3 MP,29 x 29 x 45 mm,67 g,8 핀M8커넥터,"1 input, 1 output",2 bi-directional,"PoE (IEEE 802.3af), or 12-24 VDC ±5% external","PoE를 통한 3.1W, 외부 전원 공급시 2.5W",128 MB,"Gain, gamma, black level, white balance, LUT, CCM, pixel correction, color space conversion","Mono8/10/12/16, Bayer8/10/12/16, RGB8, BGR8, YCbCr8, YCbCr411, YUV422, YUV411, QOI_Mono8, QOI_BayerRG8, QOI_RGB8, QOI_BGR8, QOI_YCbCr8",QOI,"수평 및 수직 비닝, ROI, 수직 뒤집기",12 bit,0 dB ~ 48 dB 아날로그 및 디지털,27.216 μs ~ 2 s,1 default and 2 custom user set,16 MB,"Frame counter, offset X/Y, width/height, 노출 시간, gain, black level, line status, sequencer set","Acquisition start/end, exposure start/end, line rise/fall, error",2 counters and 2 timers,"노출 시간, gain","Software trigger, hardware trigger, PTP (IEEE 1588)",GigE Vision v2.0,"CE, KC, FCC, RoHS, REACH, WEEE",-30 to 60°C,-20 to 55°C 주변,"동작: 20% ~ 80%, relative, 비 응축","DIN EN 60068-2-27, DIN EN 60068-2-64, DIN EN 60068-2-6",3 year,TRI064S,,IP67(IP67 보호를 위해 Triton은 IP67 렌즈 튜브 및 케이블과 함께 사용해야합니다),,,,,,DIN EN 61000-6-2,,,,M8 GPIO IP67 Cap,,,,,,,,,,,,,,,M12,,,,,,,,
Lucid Vision,N,TRI054S,5.4 MP,"2880 x 1860 px, 5.36 MP",20.8 fps,Sony IMX490 CMOS,10.36 mm (Type 1/1.55″),3.0 µm (H) x 3.0 µm (V) BSI Pixel,Automotive Sensor with Rolling Shutter,C-Mount,Color 24bit HDR,"1000BASE-T GigE M12 (8-Pin X-Coded), PoE","Normal 12-bit ADC: 20.8 FPS (23.1 FPS) (8-bit Bayer)HDR PWL Comp, 12-bit ADC: 20.8 FPS (23.1 FPS) (8-bit Bayer)",29 x 29 x 45 mm,67 g,8 핀M8커넥터,"1 input (2.5V-24V and 10.5V-24V), 1 output",2 bi-directional,"PoE (IEEE 802.3af), or 12-24 VDC ±5% external","PoE를 통한 3.5W, 외부 전원 공급시 3W",240 MB,"Gain, gamma, black level, white balance, LUT, CCM, pixel correction, color space conversion","Mono8/10/12/16/24, Bayer8/10/12/16/24, RGB8/12p/16/24, BGR8/12p/16/24, YCbCr422_8/16/24, YCbCr411_8/16/24",,"ROI, horizontal and vertical flip","10 bit, 12 bit","0 dB to 42 dB digital, 0 dB to 30 dB analog",86.128 μs to 5 s,1 default and 2 custom user set,16 MB,"Frame counter, offset X/Y, width/height, exposure time, gain, black level, line status, sequencer set","Acquisition start/end, exposure start/end, line rise/fall, error",2 counters and 2 timers,"Exposure time, gain (8 Max)","Software trigger, hardware trigger, PTP (IEEE 1588)",GigE Vision v2.0,"CE, KC, FCC, RoHS, REACH, WEEE",-30 to 60°C,-20 to 55°C 주변,"동작: 20% ~ 80%, relative, 비 응축","DIN EN 60068-2-27, DIN EN 60068-2-64, DIN EN 60068-2-6",3 year,,,IP67(IP67 보호를 위해 Triton은 IP67 렌즈 튜브 및 케이블과 함께 사용해야합니다),,,,,,DIN EN 61000-6-2,,,,,,,,,,,,,,,,,,,,,,,,,,,
Lucid Vision,Y,TRI054S-CC,,"2880 x 1860 px, 5.36 MP",,Sony IMX490 CMOS,10.36 mm (Type 1/1.55″),3.0 µm (H) x 3.0 µm (V) BSI Pixel,Automotive Sensor with Rolling Shutter,C-mount,Color,"1000BASE-T GigE M12 (8-Pin X-Coded), PoE","Normal 12-bit ADC: 20.8 FPS (23.1 FPS) (8-bit Bayer)HDR PWL Comp, 12-bit ADC: 20.8 FPS (23.1 FPS) (8-bit Bayer)",29 x 29 x 45 mm,67 g,8 핀M8커넥터,"1 input (2.5V-24V and 10.5V-24V), 1 output",2 bi-directional,"PoE (IEEE 802.3af), or 12-24 VDC ±5% external","PoE를 통한 3.5W, 외부 전원 공급시 3W",240 MB,"Gain, gamma, black level, white balance, LUT, CCM, pixel correction, color space conversion","Mono8/10/12/16/24, Bayer8/10/12/16/24, RGB8/12p/16/24, BGR8/12p/16/24, YCbCr422_8/16/24, YCbCr411_8/16/24",,"ROI, horizontal and vertical flip","10 bit, 12 bit","0 dB to 42 dB digital, 0 dB to 30 dB analog",86.128 μs to 5 s,1 default and 2 custom user set,16 MB,"Frame counter, offset X/Y, width/height, exposure time, gain, black level, line status, sequencer set","Acquisition start/end, exposure start/end, line rise/fall, error",2 counters and 2 timers,"Exposure time, gain (8 Max)","Software trigger, hardware trigger, PTP (IEEE 1588)",GigE Vision v2.0,"CE, KC, FCC, RoHS, REACH, WEEE",-30 to 60°C,-20 to 55°C 주변,"동작: 20% ~ 80%, relative, 비 응축","DIN EN 60068-2-27, DIN EN 60068-2-64, DIN EN 60068-2-6",3 year,TRI054S,,IP67(IP67 보호를 위해 Triton은 IP67 렌즈 튜브 및 케이블과 함께 사용해야합니다),,,,,,DIN EN 61000-6-2,,,,M8 GPIO IP67 Cap,,,,,,,,,,,,,,,M12,,,,,,,,
Lucid Vision,N,TDR054S,5.4 MP,"2880 x 1860 px, 5.36 MP",13.8 fps,Sony IMX490 CMOS,10.36 mm (Type 1/1.55″),3.0 µm (H) x 3.0 µm (V) BSI Pixel,Automotive Sensor with Rolling Shutter,C-Mount,Color(AltaView 카메라의 적응형톤 매핑 처리),"1000BASE-T GigE M12 (8-Pin X-Coded), PoE","최대 해상도 2880×1860:6.9 FPS (7.7 FPS) – (RGB8, 24 bit)10.4 FPS (11.5 FPS) – (YCbCr422_8, 16 bit)13.8 FPS (15.4 FPS) – (YCbCr411_8, 12 bit)ROI 1920×1080:17.0 FPS (18.9 FPS) – (RGB8, 24 bit)24.7 FPS (24.7 FPS) – (YCbCr411_8, 12 bit)2×2 Binning 1440×928:26.4 FPS (29.3 FPS) – (RGB8, 24 bit)30.1 FPS (30.1 FPS) – (YCbCr411_8, 12 bit)",29 x 29 x 45 mm,67 g,8 핀M8커넥터,"1 input (2.5V-24V and 10.5V-24V), 1 output",2 bi-directional,"PoE (IEEE 802.3af), or 12-24 VDC ±5% external","PoE를 통한 3.8W, 외부 전원 공급시 3.2W",240 MB,AltaView 온카메라 적응형 톤 매핑 엔진. 사용자가 조정 가능한 고정 노출 설정. 역류 필터링 설정.,"Bayer8/12p/16/24, RGB8, BGR8, YCbCr422_8/16, YCbCr411_8/16",,"ROI, binning, horizontal and vertical flip",N/A,N/A,143 μs ~ 5 s,1 default and 2 custom user set,16 MB,"Offset X/Y, width/height, exposure time, gain, black level, line status, sequencer set","Acquisition start/end, exposure start/end, line rise/fall, error",2 counters and 2 timers,"Exposure time, gain (8 Max)","Software trigger, hardware trigger, PTP (IEEE 1588)",GigE Vision v2.0,"CE, KC, FCC, RoHS, REACH, WEEE",-30 to 60°C,-20 to 55°C 주변,"동작: 20% ~ 80%, relative, 비 응축","DIN EN 60068-2-27, DIN EN 60068-2-64, DIN EN 60068-2-6",3 year,,,IP67(IP67 보호를 위해 Triton은 IP67 렌즈 튜브 및 케이블과 함께 사용해야합니다),,,,,,DIN EN 61000-6-2,,,,,,,,,,,,,,,,,,,,,,,,,,,
Lucid Vision,Y,TDR054S-CC,,"2880 x 1860 px, 5.36 MP",,Sony IMX490 CMOS,10.36 mm (Type 1/1.55″),3.0 µm (H) x 3.0 µm (V) BSI Pixel,Automotive Sensor with Rolling Shutter,C-mount,Color (AltaView),"1000BASE-T GigE M12 (8-Pin X-Coded), PoE","최대 해상도 2880×1860:6.9 FPS (7.7 FPS) – (RGB8, 24 bit)10.4 FPS (11.5 FPS) – (YCbCr422_8, 16 bit)13.8 FPS (15.4 FPS) – (YCbCr411_8, 12 bit)ROI 1920×1080:17.0 FPS (18.9 FPS) – (RGB8, 24 bit)24.7 FPS (24.7 FPS) – (YCbCr411_8, 12 bit)2×2 Binning 1440×928:26.4 FPS (29.3 FPS) – (RGB8, 24 bit)30.1 FPS (30.1 FPS) – (YCbCr411_8, 12 bit)",29 x 29 x 45 mm,67 g,8 핀M8커넥터,"1 input (2.5V-24V and 10.5V-24V), 1 output",2 bi-directional,"PoE (IEEE 802.3af), or 12-24 VDC ±5% external","PoE를 통한 3.8W, 외부 전원 공급시 3.2W",240 MB,AltaView 온카메라 적응형 톤 매핑 엔진. 사용자가 조정 가능한 고정 노출 설정. 역류 필터링 설정.,"Bayer8/12p/16/24, RGB8, BGR8, YCbCr422_8/16, YCbCr411_8/16",,"ROI, binning, horizontal and vertical flip",N/A,N/A,143 μs ~ 5 s,1 default and 2 custom user set,16 MB,"Offset X/Y, width/height, exposure time, gain, black level, line status, sequencer set","Acquisition start/end, exposure start/end, line rise/fall, error",2 counters and 2 timers,"Exposure time, gain (8 Max)","Software trigger, hardware trigger, PTP (IEEE 1588)",GigE Vision v2.0,"CE, KC, FCC, RoHS, REACH, WEEE",-30 to 60°C,-20 to 55°C 주변,"동작: 20% ~ 80%, relative, 비 응축","DIN EN 60068-2-27, DIN EN 60068-2-64, DIN EN 60068-2-6",3 year,TDR054S,,IP67(IP67 보호를 위해 Triton은 IP67 렌즈 튜브 및 케이블과 함께 사용해야합니다),,,,,,DIN EN 61000-6-2,,,,M8 GPIO IP67 Cap,,,,,,,,,,,,,,,M12,,,,,,,,
Lucid Vision,N,TRI050S1-P/Q,5.0 MP,"2448 x 2048 px, 5.0 MP",22 fps,"Sony IMX264MZR CMOS (mono)Sony IMX264MYR CMOS (color)Polarized – four different directional polarizing filters (0°, 90°, 45°, and 135°)",11.1 mm (Type 2/3″),3.45 µm (H) x 3.45 µm (V),Global Shutter,C-Mount,Polarized MonoPolarized Color,"1000BASE-T GigE M12 (8-Pin X-Coded), PoE",22 FPS (24 FPS) @ 5.0 MP,29 x 29 x 45 mm,67 g,8 핀M8커넥터,"1 input, 1 output",2 bi-directional,"PoE (IEEE 802.3af), or 12-24 VDC ±5% external","PoE를 통한 3.1W, 외부 전원 공급시 2.5W",128 MB,Gain,"Mono8/12/16, PolarizeMono8/12/16 (Mono)BayerRG8/12/16, PolarizeMono8/12/16 (Color)",,"수평 및 수직 비닝, ROI, 수평 및 수직 뒤집기",12 bit,0 dB ~ 48 dB 아날로그 및 디지털,33.45 μs to 10 s (Normal) / 1.04 μs to 14.44 μs (Short Mode),1 default and 2 custom user set,16 MB,"Frame counter, offset X/Y, width/height, 노출 시간, gain, black level, line status, sequencer set","Acquisition start/end, exposure start/end, line rise/fall, error",2 counters and 2 timers,"노출 시간, gain","Software trigger, hardware trigger, PTP (IEEE 1588)",GigE Vision v2.0,"CE, KC, FCC, RoHS, REACH, WEEE",-30 to 60°C,-20 to 55°C 주변,"동작: 20% ~ 80%, relative, 비 응축","DIN EN 60068-2-27, DIN EN 60068-2-64, DIN EN 60068-2-6",3 year,,,IP67(IP67 보호를 위해 Triton은 IP67 렌즈 튜브 및 케이블과 함께 사용해야합니다),,,,,,DIN EN 61000-6-2,,,,,,,,,,,,,,,,,,,,,,,,,,,
Lucid Vision,Y,TRI050S1-QC,,"2448 x 2048 px, 5.0 MP",,"Sony IMX264MZR CMOS (mono)Sony IMX264MYR CMOS (color)Polarized – four different directional polarizing filters (0°, 90°, 45°, and 135°)",11.1 mm (Type 2/3″),3.45 µm (H) x 3.45 µm (V),Global Shutter,C-mount,Color,"1000BASE-T GigE M12 (8-Pin X-Coded), PoE",22 FPS (24 FPS) @ 5.0 MP,29 x 29 x 45 mm,67 g,8 핀M8커넥터,"1 input, 1 output",2 bi-directional,"PoE (IEEE 802.3af), or 12-24 VDC ±5% external","PoE를 통한 3.1W, 외부 전원 공급시 2.5W",128 MB,Gain,"Mono8/12/16, PolarizeMono8/12/16 (Mono)BayerRG8/12/16, PolarizeMono8/12/16 (Color)",,"수평 및 수직 비닝, ROI, 수평 및 수직 뒤집기",12 bit,0 dB ~ 48 dB 아날로그 및 디지털,33.45 μs to 10 s (Normal) / 1.04 μs to 14.44 μs (Short Mode),1 default and 2 custom user set,16 MB,"Frame counter, offset X/Y, width/height, 노출 시간, gain, black level, line status, sequencer set","Acquisition start/end, exposure start/end, line rise/fall, error",2 counters and 2 timers,"노출 시간, gain","Software trigger, hardware trigger, PTP (IEEE 1588)",GigE Vision v2.0,"CE, KC, FCC, RoHS, REACH, WEEE",-30 to 60°C,-20 to 55°C 주변,"동작: 20% ~ 80%, relative, 비 응축","DIN EN 60068-2-27, DIN EN 60068-2-64, DIN EN 60068-2-6",3 year,TRI050S1-P/Q,,IP67(IP67 보호를 위해 Triton은 IP67 렌즈 튜브 및 케이블과 함께 사용해야합니다),,,,,,DIN EN 61000-6-2,,,,M8 GPIO IP67 Cap,,,,,,,,,,,,,,,M12,,,,,,,,
Lucid Vision,Y,TRI050S1-PC,,"2448 x 2048 px, 5.0 MP",,"Sony IMX264MZR CMOS (mono)Sony IMX264MYR CMOS (color)Polarized – four different directional polarizing filters (0°, 90°, 45°, and 135°)",11.1 mm (Type 2/3″),3.45 µm (H) x 3.45 µm (V),Global Shutter,C-mount,Mono,"1000BASE-T GigE M12 (8-Pin X-Coded), PoE",22 FPS (24 FPS) @ 5.0 MP,29 x 29 x 45 mm,67 g,8 핀M8커넥터,"1 input, 1 output",2 bi-directional,"PoE (IEEE 802.3af), or 12-24 VDC ±5% external","PoE를 통한 3.1W, 외부 전원 공급시 2.5W",128 MB,Gain,"Mono8/12/16, PolarizeMono8/12/16 (Mono)BayerRG8/12/16, PolarizeMono8/12/16 (Color)",,"수평 및 수직 비닝, ROI, 수평 및 수직 뒤집기",12 bit,0 dB ~ 48 dB 아날로그 및 디지털,33.45 μs to 10 s (Normal) / 1.04 μs to 14.44 μs (Short Mode),1 default and 2 custom user set,16 MB,"Frame counter, offset X/Y, width/height, 노출 시간, gain, black level, line status, sequencer set","Acquisition start/end, exposure start/end, line rise/fall, error",2 counters and 2 timers,"노출 시간, gain","Software trigger, hardware trigger, PTP (IEEE 1588)",GigE Vision v2.0,"CE, KC, FCC, RoHS, REACH, WEEE",-30 to 60°C,-20 to 55°C 주변,"동작: 20% ~ 80%, relative, 비 응축","DIN EN 60068-2-27, DIN EN 60068-2-64, DIN EN 60068-2-6",3 year,TRI050S1-P/Q,,IP67(IP67 보호를 위해 Triton은 IP67 렌즈 튜브 및 케이블과 함께 사용해야합니다),,,,,,DIN EN 61000-6-2,,,,M8 GPIO IP67 Cap,,,,,,,,,,,,,,,M12,,,,,,,,
Lucid Vision,N,TRI050S-P/Q,5.0 MP,"2448 x 2048 px, 5.0 MP",22 fps,"Sony IMX250MZR CMOS (mono)Sony IMX250MYR CMOS (color)Polarized – four different directional polarizing filters (0°, 90°, 45°, and 135°)",11.1 mm (Type 2/3″),3.45 µm (H) x 3.45 µm (V),Global Shutter,C-Mount,Polarized MonoPolarized Color,"1000BASE-T GigE M12 (8-Pin X-Coded), PoE",22 FPS (24 FPS) @ 5.0 MP,29 x 29 x 45 mm,67 g,8 핀M8커넥터,"1 input, 1 output",2 bi-directional,"PoE (IEEE 802.3af), or 12-24 VDC ±5% external","PoE를 통한 3.1W, 외부 전원 공급시 2.5W",128 MB,Gain,"Mono8/12/16, PolarizeMono8/12/16 (Mono)BayerRG8/12/16, PolarizeMono8/12/16 (Color)",,"수평 및 수직 비닝, ROI, 수평 및 수직 뒤집기",12 bit,0 dB ~ 48 dB 아날로그 및 디지털,33.45 μs to 10 s (Normal) / 1.04 μs to 14.44 μs (Short Mode),1 default and 2 custom user set,16 MB,"Frame counter, offset X/Y, width/height, 노출 시간, gain, black level, line status, sequencer set","Acquisition start/end, exposure start/end, line rise/fall, error",2 counters and 2 timers,"노출 시간, gain","Software trigger, hardware trigger, PTP (IEEE 1588)",GigE Vision v2.0,"CE, KC, FCC, RoHS, REACH, WEEE",-30 to 60°C,-20 to 55°C 주변,"동작: 20% ~ 80%, relative, 비 응축","DIN EN 60068-2-27, DIN EN 60068-2-64, DIN EN 60068-2-6",3 year,,,IP67(IP67 보호를 위해 Triton은 IP67 렌즈 튜브 및 케이블과 함께 사용해야합니다),,,,,,DIN EN 61000-6-2,,,,,,,,,,,,,,,,,,,,,,,,,,,
Lucid Vision,Y,TRI050S-QC,,"2448 x 2048 px, 5.0 MP",,"Sony IMX250MZR CMOS (mono)Sony IMX250MYR CMOS (color)Polarized – four different directional polarizing filters (0°, 90°, 45°, and 135°)",11.1 mm (Type 2/3″),3.45 µm (H) x 3.45 µm (V),Global Shutter,C-mount,Color,"1000BASE-T GigE M12 (8-Pin X-Coded), PoE",22 FPS (24 FPS) @ 5.0 MP,29 x 29 x 45 mm,67 g,8 핀M8커넥터,"1 input, 1 output",2 bi-directional,"PoE (IEEE 802.3af), or 12-24 VDC ±5% external","PoE를 통한 3.1W, 외부 전원 공급시 2.5W",128 MB,Gain,"Mono8/12/16, PolarizeMono8/12/16 (Mono)BayerRG8/12/16, PolarizeMono8/12/16 (Color)",,"수평 및 수직 비닝, ROI, 수평 및 수직 뒤집기",12 bit,0 dB ~ 48 dB 아날로그 및 디지털,33.45 μs to 10 s (Normal) / 1.04 μs to 14.44 μs (Short Mode),1 default and 2 custom user set,16 MB,"Frame counter, offset X/Y, width/height, 노출 시간, gain, black level, line status, sequencer set","Acquisition start/end, exposure start/end, line rise/fall, error",2 counters and 2 timers,"노출 시간, gain","Software trigger, hardware trigger, PTP (IEEE 1588)",GigE Vision v2.0,"CE, KC, FCC, RoHS, REACH, WEEE",-30 to 60°C,-20 to 55°C 주변,"동작: 20% ~ 80%, relative, 비 응축","DIN EN 60068-2-27, DIN EN 60068-2-64, DIN EN 60068-2-6",3 year,TRI050S-P/Q,,IP67(IP67 보호를 위해 Triton은 IP67 렌즈 튜브 및 케이블과 함께 사용해야합니다),,,,,,DIN EN 61000-6-2,,,,M8 GPIO IP67 Cap,,,,,,,,,,,,,,,M12,,,,,,,,
Lucid Vision,Y,TRI050S-PC,,"2448 x 2048 px, 5.0 MP",,"Sony IMX250MZR CMOS (mono)Sony IMX250MYR CMOS (color)Polarized – four different directional polarizing filters (0°, 90°, 45°, and 135°)",11.1 mm (Type 2/3″),3.45 µm (H) x 3.45 µm (V),Global Shutter,C-mount,Mono,"1000BASE-T GigE M12 (8-Pin X-Coded), PoE",22 FPS (24 FPS) @ 5.0 MP,29 x 29 x 45 mm,67 g,8 핀M8커넥터,"1 input, 1 output",2 bi-directional,"PoE (IEEE 802.3af), or 12-24 VDC ±5% external","PoE를 통한 3.1W, 외부 전원 공급시 2.5W",128 MB,Gain,"Mono8/12/16, PolarizeMono8/12/16 (Mono)BayerRG8/12/16, PolarizeMono8/12/16 (Color)",,"수평 및 수직 비닝, ROI, 수평 및 수직 뒤집기",12 bit,0 dB ~ 48 dB 아날로그 및 디지털,33.45 μs to 10 s (Normal) / 1.04 μs to 14.44 μs (Short Mode),1 default and 2 custom user set,16 MB,"Frame counter, offset X/Y, width/height, 노출 시간, gain, black level, line status, sequencer set","Acquisition start/end, exposure start/end, line rise/fall, error",2 counters and 2 timers,"노출 시간, gain","Software trigger, hardware trigger, PTP (IEEE 1588)",GigE Vision v2.0,"CE, KC, FCC, RoHS, REACH, WEEE",-30 to 60°C,-20 to 55°C 주변,"동작: 20% ~ 80%, relative, 비 응축","DIN EN 60068-2-27, DIN EN 60068-2-64, DIN EN 60068-2-6",3 year,TRI050S-P/Q,,IP67(IP67 보호를 위해 Triton은 IP67 렌즈 튜브 및 케이블과 함께 사용해야합니다),,,,,,DIN EN 61000-6-2,,,,M8 GPIO IP67 Cap,,,,,,,,,,,,,,,M12,,,,,,,,
Lucid Vision,N,TRI051S,5.0 MP,"2448 x 2048 px, 5.0 MP",22 fps,Sony IMX547 CMOS,8.8 mm (Type 1/1.8″),2.74 µm (H) x 2.74 µm (V),Global Shutter,C-Mount,Mono / Color,"1000BASE-T GigE M12 (8-Pin X-Coded), PoE",22 FPS (24 FPS) @ 5 MP,29 x 29 x 45 mm,67 g,8 핀M8커넥터,"1 input, 1 output",2 bi-directional,"PoE (IEEE 802.3af), or 12-24 VDC ±5% external","PoE를 통한 3.1W, 외부 전원 공급시 2.5W",128 MB,"Gain, gamma, black level, white balance, LUT, CCM, pixel correction, color space conversion","Mono8/10/12/16, Bayer8/10/12/16, RGB8, BGR8, YCbCr8, YCbCr411, YUV422, YUV411, QOI_Mono8, QOI_BayerRG8, QOI_RGB8, QOI_BGR8, QOI_YCbCr8",QOI,"수평 및 수직 비닝, 서브 샘플링, ROI, 수평 및 수직 뒤집기",12 bit,0 dB ~ 48 dB 아날로그 및 디지털,22.24 μs to 10 s (Normal) / 1 μs to 2.464 μs (Short Mode),1 default and 2 custom user set,16 MB,"Frame counter, offset X/Y, width/height, 노출 시간, gain, black level, line status, sequencer set","Acquisition start/end, exposure start/end, line rise/fall, error",2 counters and 2 timers,"노출 시간, gain","Software trigger, hardware trigger, PTP (IEEE 1588)",GigE Vision v2.0,"CE, KC, FCC, RoHS, REACH, WEEE",-30 to 60°C,-20 to 55°C 주변,"동작: 20% ~ 80%, relative, 비 응축","DIN EN 60068-2-27, DIN EN 60068-2-64, DIN EN 60068-2-6",3 year,,,IP67(IP67 보호를 위해 Triton은 IP67 렌즈 튜브 및 케이블과 함께 사용해야합니다),,,,,,DIN EN 61000-6-2,,,,,,,,,,,,,,,,,,,,,,,,,,,
Lucid Vision,Y,TRI051S-CC,,"2448 x 2048 px, 5.0 MP",,Sony IMX547 CMOS,8.8 mm (Type 1/1.8″),2.74 µm (H) x 2.74 µm (V),Global Shutter,C-mount,Color,"1000BASE-T GigE M12 (8-Pin X-Coded), PoE",22 FPS (24 FPS) @ 5 MP,29 x 29 x 45 mm,67 g,8 핀M8커넥터,"1 input, 1 output",2 bi-directional,"PoE (IEEE 802.3af), or 12-24 VDC ±5% external","PoE를 통한 3.1W, 외부 전원 공급시 2.5W",128 MB,"Gain, gamma, black level, white balance, LUT, CCM, pixel correction, color space conversion","Mono8/10/12/16, Bayer8/10/12/16, RGB8, BGR8, YCbCr8, YCbCr411, YUV422, YUV411, QOI_Mono8, QOI_BayerRG8, QOI_RGB8, QOI_BGR8, QOI_YCbCr8",QOI,"수평 및 수직 비닝, 서브 샘플링, ROI, 수평 및 수직 뒤집기",12 bit,0 dB ~ 48 dB 아날로그 및 디지털,22.24 μs to 10 s (Normal) / 1 μs to 2.464 μs (Short Mode),1 default and 2 custom user set,16 MB,"Frame counter, offset X/Y, width/height, 노출 시간, gain, black level, line status, sequencer set","Acquisition start/end, exposure start/end, line rise/fall, error",2 counters and 2 timers,"노출 시간, gain","Software trigger, hardware trigger, PTP (IEEE 1588)",GigE Vision v2.0,"CE, KC, FCC, RoHS, REACH, WEEE",-30 to 60°C,-20 to 55°C 주변,"동작: 20% ~ 80%, relative, 비 응축","DIN EN 60068-2-27, DIN EN 60068-2-64, DIN EN 60068-2-6",3 year,TRI051S,,IP67(IP67 보호를 위해 Triton은 IP67 렌즈 튜브 및 케이블과 함께 사용해야합니다),,,,,,DIN EN 61000-6-2,,,,M8 GPIO IP67 Cap,,,,,,,,,,,,,,,M12,,,,,,,,
Lucid Vision,Y,TRI051S-MC,,"2448 x 2048 px, 5.0 MP",,Sony IMX547 CMOS,8.8 mm (Type 1/1.8″),2.74 µm (H) x 2.74 µm (V),Global Shutter,C-mount,Mono,"1000BASE-T GigE M12 (8-Pin X-Coded), PoE",22 FPS (24 FPS) @ 5 MP,29 x 29 x 45 mm,67 g,8 핀M8커넥터,"1 input, 1 output",2 bi-directional,"PoE (IEEE 802.3af), or 12-24 VDC ±5% external","PoE를 통한 3.1W, 외부 전원 공급시 2.5W",128 MB,"Gain, gamma, black level, white balance, LUT, CCM, pixel correction, color space conversion","Mono8/10/12/16, Bayer8/10/12/16, RGB8, BGR8, YCbCr8, YCbCr411, YUV422, YUV411, QOI_Mono8, QOI_BayerRG8, QOI_RGB8, QOI_BGR8, QOI_YCbCr8",QOI,"수평 및 수직 비닝, 서브 샘플링, ROI, 수평 및 수직 뒤집기",12 bit,0 dB ~ 48 dB 아날로그 및 디지털,22.24 μs to 10 s (Normal) / 1 μs to 2.464 μs (Short Mode),1 default and 2 custom user set,16 MB,"Frame counter, offset X/Y, width/height, 노출 시간, gain, black level, line status, sequencer set","Acquisition start/end, exposure start/end, line rise/fall, error",2 counters and 2 timers,"노출 시간, gain","Software trigger, hardware trigger, PTP (IEEE 1588)",GigE Vision v2.0,"CE, KC, FCC, RoHS, REACH, WEEE",-30 to 60°C,-20 to 55°C 주변,"동작: 20% ~ 80%, relative, 비 응축","DIN EN 60068-2-27, DIN EN 60068-2-64, DIN EN 60068-2-6",3 year,TRI051S,,IP67(IP67 보호를 위해 Triton은 IP67 렌즈 튜브 및 케이블과 함께 사용해야합니다),,,,,,DIN EN 61000-6-2,,,,M8 GPIO IP67 Cap,,,,,,,,,,,,,,,M12,,,,,,,,
Lucid Vision,N,TRI050S,5.0 MP,"2448 x 2048 px, 5.0 MP",22 fps,Sony IMX264 CMOS,11.1 mm (Type 2/3″),3.45 µm (H) x 3.45 µm (V),Global Shutter,C-Mount,Mono / Color,"1000BASE-T GigE M12 (8-Pin X-Coded), PoE",22 FPS (24 FPS) @ 5.0 MP,29 x 29 x 45 mm,67 g,8 핀M8커넥터,"1 input, 1 output",2 bi-directional,"PoE (IEEE 802.3af), or 12-24 VDC ±5% external","PoE를 통한 3.1W, 외부 전원 공급시 2.5W",128 MB,"Gain, gamma, black level, white balance, LUT, CCM, pixel correction, color space conversion","Mono8/10/12/16, Bayer8/10/12/16, RGB8, BGR8, YCbCr8, YCbCr411, YUV422, YUV411, QOI_Mono8, QOI_BayerRG8, QOI_RGB8, QOI_BGR8, QOI_YCbCr8",QOI,"수평 및 수직 비닝, 서브 샘플링, ROI, 수평 및 수직 뒤집기",12 bit,0 dB ~ 48 dB 아날로그 및 디지털,33.45 μs to 10 s (Normal) / 1 μs to 14.4 μs (Short Mode),1 default and 2 custom user set,16 MB,"Frame counter, offset X/Y, width/height, 노출 시간, gain, black level, line status, sequencer set","Acquisition start/end, exposure start/end, line rise/fall, error",2 counters and 2 timers,"노출 시간, gain","Software trigger, hardware trigger, PTP (IEEE 1588)",GigE Vision v2.0,"CE, KC, FCC, RoHS, REACH, WEEE",-30 to 60°C,-20 to 55°C 주변,"동작: 20% ~ 80%, relative, 비 응축","DIN EN 60068-2-27, DIN EN 60068-2-64, DIN EN 60068-2-6",3 year,,,IP67(IP67 보호를 위해 Triton은 IP67 렌즈 튜브 및 케이블과 함께 사용해야합니다),,,,,,DIN EN 61000-6-2,,,,,,,,,,,,,,,,,,,,,,,,,,,
Lucid Vision,Y,TRI050S-CC,,"2448 x 2048 px, 5.0 MP",,Sony IMX264 CMOS,11.1 mm (Type 2/3″),3.45 µm (H) x 3.45 µm (V),Global Shutter,C-mount,Color,"1000BASE-T GigE M12 (8-Pin X-Coded), PoE",22 FPS (24 FPS) @ 5.0 MP,29 x 29 x 45 mm,67 g,8 핀M8커넥터,"1 input, 1 output",2 bi-directional,"PoE (IEEE 802.3af), or 12-24 VDC ±5% external","PoE를 통한 3.1W, 외부 전원 공급시 2.5W",128 MB,"Gain, gamma, black level, white balance, LUT, CCM, pixel correction, color space conversion","Mono8/10/12/16, Bayer8/10/12/16, RGB8, BGR8, YCbCr8, YCbCr411, YUV422, YUV411, QOI_Mono8, QOI_BayerRG8, QOI_RGB8, QOI_BGR8, QOI_YCbCr8",QOI,"수평 및 수직 비닝, 서브 샘플링, ROI, 수평 및 수직 뒤집기",12 bit,0 dB ~ 48 dB 아날로그 및 디지털,33.45 μs to 10 s (Normal) / 1 μs to 14.4 μs (Short Mode),1 default and 2 custom user set,16 MB,"Frame counter, offset X/Y, width/height, 노출 시간, gain, black level, line status, sequencer set","Acquisition start/end, exposure start/end, line rise/fall, error",2 counters and 2 timers,"노출 시간, gain","Software trigger, hardware trigger, PTP (IEEE 1588)",GigE Vision v2.0,"CE, KC, FCC, RoHS, REACH, WEEE",-30 to 60°C,-20 to 55°C 주변,"동작: 20% ~ 80%, relative, 비 응축","DIN EN 60068-2-27, DIN EN 60068-2-64, DIN EN 60068-2-6",3 year,TRI050S,,IP67(IP67 보호를 위해 Triton은 IP67 렌즈 튜브 및 케이블과 함께 사용해야합니다),,,,,,DIN EN 61000-6-2,,,,M8 GPIO IP67 Cap,,,,,,,,,,,,,,,M12,,,,,,,,
Lucid Vision,Y,TRI050S-MC,,"2448 x 2048 px, 5.0 MP",,Sony IMX264 CMOS,11.1 mm (Type 2/3″),3.45 µm (H) x 3.45 µm (V),Global Shutter,C-mount,Mono,"1000BASE-T GigE M12 (8-Pin X-Coded), PoE",22 FPS (24 FPS) @ 5.0 MP,29 x 29 x 45 mm,67 g,8 핀M8커넥터,"1 input, 1 output",2 bi-directional,"PoE (IEEE 802.3af), or 12-24 VDC ±5% external","PoE를 통한 3.1W, 외부 전원 공급시 2.5W",128 MB,"Gain, gamma, black level, white balance, LUT, CCM, pixel correction, color space conversion","Mono8/10/12/16, Bayer8/10/12/16, RGB8, BGR8, YCbCr8, YCbCr411, YUV422, YUV411, QOI_Mono8, QOI_BayerRG8, QOI_RGB8, QOI_BGR8, QOI_YCbCr8",QOI,"수평 및 수직 비닝, 서브 샘플링, ROI, 수평 및 수직 뒤집기",12 bit,0 dB ~ 48 dB 아날로그 및 디지털,33.45 μs to 10 s (Normal) / 1 μs to 14.4 μs (Short Mode),1 default and 2 custom user set,16 MB,"Frame counter, offset X/Y, width/height, 노출 시간, gain, black level, line status, sequencer set","Acquisition start/end, exposure start/end, line rise/fall, error",2 counters and 2 timers,"노출 시간, gain","Software trigger, hardware trigger, PTP (IEEE 1588)",GigE Vision v2.0,"CE, KC, FCC, RoHS, REACH, WEEE",-30 to 60°C,-20 to 55°C 주변,"동작: 20% ~ 80%, relative, 비 응축","DIN EN 60068-2-27, DIN EN 60068-2-64, DIN EN 60068-2-6",3 year,TRI050S,,IP67(IP67 보호를 위해 Triton은 IP67 렌즈 튜브 및 케이블과 함께 사용해야합니다),,,,,,DIN EN 61000-6-2,,,,M8 GPIO IP67 Cap,,,,,,,,,,,,,,,M12,,,,,,,,
Lucid Vision,N,TRI032S,3.2 MP,"2048 x 1536 px, 3.2 MP",35.4 fps,Sony IMX265 CMOS,8.9 mm (Type 1/1.8″),3.45 µm (H) x 3.45 µm (V),Global Shutter,C-Mount,Mono / Color,"1000BASE-T GigE M12 (8-Pin X-Coded), PoE",35.4 FPS (38 FPS) @ 3.2 MP,29 x 29 x 45 mm,67 g,8 핀M8커넥터,"1 input, 1 output",2 bi-directional,"PoE (IEEE 802.3af), or 12-24 VDC ±5% external","PoE를 통한 3.1W, 외부 전원 공급시 2.5W",128 MB,"Gain, gamma, black level, white balance, LUT, CCM, pixel correction, color space conversion","Mono8/10/12/16, Bayer8/10/12/16, RGB8, BGR8, YCbCr8, YCbCr411, YUV422, YUV411, QOI_Mono8, QOI_BayerRG8, QOI_RGB8, QOI_BGR8, QOI_YCbCr8",QOI,"수평 및 수직 비닝, 서브 샘플링, ROI, 수평 및 수직 뒤집기",12 bit,0 dB ~ 48 dB 아날로그 및 디지털,30.25 μs to 10 s (Normal) / 1.04 μs to 14.44 μs (Short Mode),1 default and 2 custom user set,16 MB,"Frame counter, offset X/Y, width/height, 노출 시간, gain, black level, line status, sequencer set","Acquisition start/end, exposure start/end, line rise/fall, error",2 counters and 2 timers,"노출 시간, gain","Software trigger, hardware trigger, PTP (IEEE 1588)",GigE Vision v2.0,"CE, KC, FCC, RoHS, REACH, WEEE",-30 to 60°C,-20 to 55°C 주변,"동작: 20% ~ 80%, relative, 비 응축","DIN EN 60068-2-27, DIN EN 60068-2-64, DIN EN 60068-2-6",3 year,,,IP67(IP67 보호를 위해 Triton은 IP67 렌즈 튜브 및 케이블과 함께 사용해야합니다),,,,,,DIN EN 61000-6-2,,,,,,,,,,,,,,,,,,,,,,,,,,,
Lucid Vision,Y,TRI032S-CC,,"2048 x 1536 px, 3.2 MP",,Sony IMX265 CMOS,8.9 mm (Type 1/1.8″),3.45 µm (H) x 3.45 µm (V),Global Shutter,C-mount,Color,"1000BASE-T GigE M12 (8-Pin X-Coded), PoE",35.4 FPS (38 FPS) @ 3.2 MP,29 x 29 x 45 mm,67 g,8 핀M8커넥터,"1 input, 1 output",2 bi-directional,"PoE (IEEE 802.3af), or 12-24 VDC ±5% external","PoE를 통한 3.1W, 외부 전원 공급시 2.5W",128 MB,"Gain, gamma, black level, white balance, LUT, CCM, pixel correction, color space conversion","Mono8/10/12/16, Bayer8/10/12/16, RGB8, BGR8, YCbCr8, YCbCr411, YUV422, YUV411, QOI_Mono8, QOI_BayerRG8, QOI_RGB8, QOI_BGR8, QOI_YCbCr8",QOI,"수평 및 수직 비닝, 서브 샘플링, ROI, 수평 및 수직 뒤집기",12 bit,0 dB ~ 48 dB 아날로그 및 디지털,30.25 μs to 10 s (Normal) / 1.04 μs to 14.44 μs (Short Mode),1 default and 2 custom user set,16 MB,"Frame counter, offset X/Y, width/height, 노출 시간, gain, black level, line status, sequencer set","Acquisition start/end, exposure start/end, line rise/fall, error",2 counters and 2 timers,"노출 시간, gain","Software trigger, hardware trigger, PTP (IEEE 1588)",GigE Vision v2.0,"CE, KC, FCC, RoHS, REACH, WEEE",-30 to 60°C,-20 to 55°C 주변,"동작: 20% ~ 80%, relative, 비 응축","DIN EN 60068-2-27, DIN EN 60068-2-64, DIN EN 60068-2-6",3 year,TRI032S,,IP67(IP67 보호를 위해 Triton은 IP67 렌즈 튜브 및 케이블과 함께 사용해야합니다),,,,,,DIN EN 61000-6-2,,,,M8 GPIO IP67 Cap,,,,,,,,,,,,,,,M12,,,,,,,,
Lucid Vision,Y,TRI032S-MC,,"2048 x 1536 px, 3.2 MP",,Sony IMX265 CMOS,8.9 mm (Type 1/1.8″),3.45 µm (H) x 3.45 µm (V),Global Shutter,C-mount,Mono,"1000BASE-T GigE M12 (8-Pin X-Coded), PoE",35.4 FPS (38 FPS) @ 3.2 MP,29 x 29 x 45 mm,67 g,8 핀M8커넥터,"1 input, 1 output",2 bi-directional,"PoE (IEEE 802.3af), or 12-24 VDC ±5% external","PoE를 통한 3.1W, 외부 전원 공급시 2.5W",128 MB,"Gain, gamma, black level, white balance, LUT, CCM, pixel correction, color space conversion","Mono8/10/12/16, Bayer8/10/12/16, RGB8, BGR8, YCbCr8, YCbCr411, YUV422, YUV411, QOI_Mono8, QOI_BayerRG8, QOI_RGB8, QOI_BGR8, QOI_YCbCr8",QOI,"수평 및 수직 비닝, 서브 샘플링, ROI, 수평 및 수직 뒤집기",12 bit,0 dB ~ 48 dB 아날로그 및 디지털,30.25 μs to 10 s (Normal) / 1.04 μs to 14.44 μs (Short Mode),1 default and 2 custom user set,16 MB,"Frame counter, offset X/Y, width/height, 노출 시간, gain, black level, line status, sequencer set","Acquisition start/end, exposure start/end, line rise/fall, error",2 counters and 2 timers,"노출 시간, gain","Software trigger, hardware trigger, PTP (IEEE 1588)",GigE Vision v2.0,"CE, KC, FCC, RoHS, REACH, WEEE",-30 to 60°C,-20 to 55°C 주변,"동작: 20% ~ 80%, relative, 비 응축","DIN EN 60068-2-27, DIN EN 60068-2-64, DIN EN 60068-2-6",3 year,TRI032S,,IP67(IP67 보호를 위해 Triton은 IP67 렌즈 튜브 및 케이블과 함께 사용해야합니다),,,,,,DIN EN 61000-6-2,,,,M8 GPIO IP67 Cap,,,,,,,,,,,,,,,M12,,,,,,,,
Lucid Vision,N,TRI028S,2.8 MP,"1936 x 1464 px, 2.8 MP",39.2 fps,Sony IMX429 CMOS,11.0 mm (Type 2/3″),4.5 µm (H) x 4.5 µm (V),Global Shutter,C-Mount,Mono / Color,"1000BASE-T GigE M12 (8-Pin X-Coded), PoE",39.2 FPS (42.5) @ 2.8 MP,29 x 29 x 45 mm,67 g,8 핀M8커넥터,"1 input, 1 output",2 bi-directional,"PoE (IEEE 802.3af), or 12-24 VDC ±5% external","PoE를 통한 3.1W, 외부 전원 공급시 2.5W",128 MB,"Gain, gamma, black level, white balance, LUT, CCM, pixel correction, color space conversion","Mono8/10/12/16, Bayer8/10/12/16, RGB8, BGR8, YCbCr8, YCbCr411, YUV422, YUV411, QOI_Mono8, QOI_BayerRG8, QOI_RGB8, QOI_BGR8, QOI_YCbCr8",QOI,"수평 및 수직 비닝, 서브 샘플링, ROI, 수평 및 수직 뒤집기",12 bit,0 dB ~ 48 dB 아날로그 및 디지털,20.5 μs to 10 s (Normal) / 1 μs to 5 μs (Short Mode),1 default and 2 custom user set,16 MB,"Frame counter, offset X/Y, width/height, 노출 시간, gain, black level, line status, sequencer set","Acquisition start/end, exposure start/end, line rise/fall, error",2 counters and 2 timers,"노출 시간, gain","Software trigger, hardware trigger, PTP (IEEE 1588)",GigE Vision v2.0,"CE, KC, FCC, RoHS, REACH, WEEE",-30 to 60°C,-20 to 55°C 주변,"동작: 20% ~ 80%, relative, 비 응축","DIN EN 60068-2-27, DIN EN 60068-2-64, DIN EN 60068-2-6",3 year,,,IP67(IP67 보호를 위해 Triton은 IP67 렌즈 튜브 및 케이블과 함께 사용해야합니다),,,,,,DIN EN 61000-6-2,,,,,,,,,,,,,,,,,,,,,,,,,,,
Lucid Vision,Y,TRI028S-CC,,"1936 x 1464 px, 2.8 MP",,Sony IMX429 CMOS,11.0 mm (Type 2/3″),4.5 µm (H) x 4.5 µm (V),Global Shutter,C-mount,Color,"1000BASE-T GigE M12 (8-Pin X-Coded), PoE",39.2 FPS (42.5) @ 2.8 MP,29 x 29 x 45 mm,67 g,8 핀M8커넥터,"1 input, 1 output",2 bi-directional,"PoE (IEEE 802.3af), or 12-24 VDC ±5% external","PoE를 통한 3.1W, 외부 전원 공급시 2.5W",128 MB,"Gain, gamma, black level, white balance, LUT, CCM, pixel correction, color space conversion","Mono8/10/12/16, Bayer8/10/12/16, RGB8, BGR8, YCbCr8, YCbCr411, YUV422, YUV411, QOI_Mono8, QOI_BayerRG8, QOI_RGB8, QOI_BGR8, QOI_YCbCr8",QOI,"수평 및 수직 비닝, 서브 샘플링, ROI, 수평 및 수직 뒤집기",12 bit,0 dB ~ 48 dB 아날로그 및 디지털,20.5 μs to 10 s (Normal) / 1 μs to 5 μs (Short Mode),1 default and 2 custom user set,16 MB,"Frame counter, offset X/Y, width/height, 노출 시간, gain, black level, line status, sequencer set","Acquisition start/end, exposure start/end, line rise/fall, error",2 counters and 2 timers,"노출 시간, gain","Software trigger, hardware trigger, PTP (IEEE 1588)",GigE Vision v2.0,"CE, KC, FCC, RoHS, REACH, WEEE",-30 to 60°C,-20 to 55°C 주변,"동작: 20% ~ 80%, relative, 비 응축","DIN EN 60068-2-27, DIN EN 60068-2-64, DIN EN 60068-2-6",3 year,TRI028S,,IP67(IP67 보호를 위해 Triton은 IP67 렌즈 튜브 및 케이블과 함께 사용해야합니다),,,,,,DIN EN 61000-6-2,,,,M8 GPIO IP67 Cap,,,,,,,,,,,,,,,M12,,,,,,,,
Lucid Vision,Y,TRI028S-MC,,"1936 x 1464 px, 2.8 MP",,Sony IMX429 CMOS,11.0 mm (Type 2/3″),4.5 µm (H) x 4.5 µm (V),Global Shutter,C-mount,Mono,"1000BASE-T GigE M12 (8-Pin X-Coded), PoE",39.2 FPS (42.5) @ 2.8 MP,29 x 29 x 45 mm,67 g,8 핀M8커넥터,"1 input, 1 output",2 bi-directional,"PoE (IEEE 802.3af), or 12-24 VDC ±5% external","PoE를 통한 3.1W, 외부 전원 공급시 2.5W",128 MB,"Gain, gamma, black level, white balance, LUT, CCM, pixel correction, color space conversion","Mono8/10/12/16, Bayer8/10/12/16, RGB8, BGR8, YCbCr8, YCbCr411, YUV422, YUV411, QOI_Mono8, QOI_BayerRG8, QOI_RGB8, QOI_BGR8, QOI_YCbCr8",QOI,"수평 및 수직 비닝, 서브 샘플링, ROI, 수평 및 수직 뒤집기",12 bit,0 dB ~ 48 dB 아날로그 및 디지털,20.5 μs to 10 s (Normal) / 1 μs to 5 μs (Short Mode),1 default and 2 custom user set,16 MB,"Frame counter, offset X/Y, width/height, 노출 시간, gain, black level, line status, sequencer set","Acquisition start/end, exposure start/end, line rise/fall, error",2 counters and 2 timers,"노출 시간, gain","Software trigger, hardware trigger, PTP (IEEE 1588)",GigE Vision v2.0,"CE, KC, FCC, RoHS, REACH, WEEE",-30 to 60°C,-20 to 55°C 주변,"동작: 20% ~ 80%, relative, 비 응축","DIN EN 60068-2-27, DIN EN 60068-2-64, DIN EN 60068-2-6",3 year,TRI028S,,IP67(IP67 보호를 위해 Triton은 IP67 렌즈 튜브 및 케이블과 함께 사용해야합니다),,,,,,DIN EN 61000-6-2,,,,M8 GPIO IP67 Cap,,,,,,,,,,,,,,,M12,,,,,,,,
Lucid Vision,N,TRI023S,2.3 MP,"1920 x 1200 px, 2.3 MP",48.3 fps,Sony IMX392 CMOS,7.9 mm (Type 1/2.3″),3.45 µm (H) x 3.45 µm (V),Global Shutter,C-Mount,Mono / Color,"1000BASE-T GigE M12 (8-Pin X-Coded), PoE",48.3 FPS (52 FPS) @ 2.3 MP,29 x 29 x 45 mm,67 g,8 핀M8커넥터,"1 input, 1 output",2 bi-directional,"PoE (IEEE 802.3af), or 12-24 VDC ±5% external","PoE를 통한 3.1W, 외부 전원 공급시 2.5W",128 MB,"Gain, gamma, black level, white balance, LUT, CCM, pixel correction, color space conversion","Mono8/10/12/16, Bayer8/10/12/16, RGB8, BGR8, YCbCr8, YCbCr411, YUV422, YUV411, QOI_Mono8, QOI_BayerRG8, QOI_RGB8, QOI_BGR8, QOI_YCbCr8",QOI,"수평 및 수직 비닝, 서브 샘플링, ROI, 수평 및 수직 뒤집기",12 bit,0 dB ~ 48 dB 아날로그 및 디지털,29.24 μs to 10 s (Normal) / 0.88 μs to 14.11 μs (Short Mode),1 default and 2 custom user set,16 MB,"Frame counter, offset X/Y, width/height, 노출 시간, gain, black level, line status, sequencer set","Acquisition start/end, exposure start/end, line rise/fall, error",2 counters and 2 timers,"노출 시간, gain","Software trigger, hardware trigger, PTP (IEEE 1588)",GigE Vision v2.0,"CE, KC, FCC, RoHS, REACH, WEEE",-30 to 60°C,-20 to 55°C 주변,"동작: 20% ~ 80%, relative, 비 응축","DIN EN 60068-2-27, DIN EN 60068-2-64, DIN EN 60068-2-6",3 year,,,IP67(IP67 보호를 위해 Triton은 IP67 렌즈 튜브 및 케이블과 함께 사용해야합니다),,,,,,DIN EN 61000-6-2,,,,,,,,,,,,,,,,,,,,,,,,,,,
Lucid Vision,Y,TRI023S-CC,,"1920 x 1200 px, 2.3 MP",,Sony IMX392 CMOS,7.9 mm (Type 1/2.3″),3.45 µm (H) x 3.45 µm (V),Global Shutter,C-mount,Color,"1000BASE-T GigE M12 (8-Pin X-Coded), PoE",48.3 FPS (52 FPS) @ 2.3 MP,29 x 29 x 45 mm,67 g,8 핀M8커넥터,"1 input, 1 output",2 bi-directional,"PoE (IEEE 802.3af), or 12-24 VDC ±5% external","PoE를 통한 3.1W, 외부 전원 공급시 2.5W",128 MB,"Gain, gamma, black level, white balance, LUT, CCM, pixel correction, color space conversion","Mono8/10/12/16, Bayer8/10/12/16, RGB8, BGR8, YCbCr8, YCbCr411, YUV422, YUV411, QOI_Mono8, QOI_BayerRG8, QOI_RGB8, QOI_BGR8, QOI_YCbCr8",QOI,"수평 및 수직 비닝, 서브 샘플링, ROI, 수평 및 수직 뒤집기",12 bit,0 dB ~ 48 dB 아날로그 및 디지털,29.24 μs to 10 s (Normal) / 0.88 μs to 14.11 μs (Short Mode),1 default and 2 custom user set,16 MB,"Frame counter, offset X/Y, width/height, 노출 시간, gain, black level, line status, sequencer set","Acquisition start/end, exposure start/end, line rise/fall, error",2 counters and 2 timers,"노출 시간, gain","Software trigger, hardware trigger, PTP (IEEE 1588)",GigE Vision v2.0,"CE, KC, FCC, RoHS, REACH, WEEE",-30 to 60°C,-20 to 55°C 주변,"동작: 20% ~ 80%, relative, 비 응축","DIN EN 60068-2-27, DIN EN 60068-2-64, DIN EN 60068-2-6",3 year,TRI023S,,IP67(IP67 보호를 위해 Triton은 IP67 렌즈 튜브 및 케이블과 함께 사용해야합니다),,,,,,DIN EN 61000-6-2,,,,M8 GPIO IP67 Cap,,,,,,,,,,,,,,,M12,,,,,,,,
Lucid Vision,Y,TRI023S-MC,,"1920 x 1200 px, 2.3 MP",,Sony IMX392 CMOS,7.9 mm (Type 1/2.3″),3.45 µm (H) x 3.45 µm (V),Global Shutter,C-mount,Mono,"1000BASE-T GigE M12 (8-Pin X-Coded), PoE",48.3 FPS (52 FPS) @ 2.3 MP,29 x 29 x 45 mm,67 g,8 핀M8커넥터,"1 input, 1 output",2 bi-directional,"PoE (IEEE 802.3af), or 12-24 VDC ±5% external","PoE를 통한 3.1W, 외부 전원 공급시 2.5W",128 MB,"Gain, gamma, black level, white balance, LUT, CCM, pixel correction, color space conversion","Mono8/10/12/16, Bayer8/10/12/16, RGB8, BGR8, YCbCr8, YCbCr411, YUV422, YUV411, QOI_Mono8, QOI_BayerRG8, QOI_RGB8, QOI_BGR8, QOI_YCbCr8",QOI,"수평 및 수직 비닝, 서브 샘플링, ROI, 수평 및 수직 뒤집기",12 bit,0 dB ~ 48 dB 아날로그 및 디지털,29.24 μs to 10 s (Normal) / 0.88 μs to 14.11 μs (Short Mode),1 default and 2 custom user set,16 MB,"Frame counter, offset X/Y, width/height, 노출 시간, gain, black level, line status, sequencer set","Acquisition start/end, exposure start/end, line rise/fall, error",2 counters and 2 timers,"노출 시간, gain","Software trigger, hardware trigger, PTP (IEEE 1588)",GigE Vision v2.0,"CE, KC, FCC, RoHS, REACH, WEEE",-30 to 60°C,-20 to 55°C 주변,"동작: 20% ~ 80%, relative, 비 응축","DIN EN 60068-2-27, DIN EN 60068-2-64, DIN EN 60068-2-6",3 year,TRI023S,,IP67(IP67 보호를 위해 Triton은 IP67 렌즈 튜브 및 케이블과 함께 사용해야합니다),,,,,,DIN EN 61000-6-2,,,,M8 GPIO IP67 Cap,,,,,,,,,,,,,,,M12,,,,,,,,
Lucid Vision,N,TRI016S,1.6 MP,"1440 x 1080 px, 1.6 MP",71.6 fps,Sony IMX273 CMOS,6.3 mm (Type 1/2.9″),3.45 µm (H) x 3.45 µm (V),Global Shutter,C-Mount,Mono / Color,"1000BASE-T GigE M12 (8-Pin X-Coded), PoE",71.6 FPS (75.8 FPS) @ 1.6 MP,29 x 29 x 45 mm,67 g,8 핀M8커넥터,"1 input, 1 output",2 bi-directional,"PoE (IEEE 802.3af), or 12-24 VDC ±5% external","PoE를 통한 3.1W, 외부 전원 공급시 2.5W",128 MB,"Gain, gamma, black level, white balance, LUT, CCM, pixel correction, color space conversion","Mono8/10/12/16, Bayer8/10/12/16, RGB8, BGR8, YCbCr8, YCbCr411, YUV422, YUV411, QOI_Mono8, QOI_BayerRG8, QOI_RGB8, QOI_BGR8, QOI_YCbCr8",QOI,"수평 및 수직 비닝, 서브 샘플링, ROI, 수평 및 수직 뒤집기",12 bit,0 dB ~ 48 dB 아날로그 및 디지털,26 μs to 10 s (Normal) / 0.8 μs to 13.3 μs (Short Mode),1 default and 2 custom user set,16 MB,"Frame counter, offset X/Y, width/height, 노출 시간, gain, black level, line status, sequencer set","Acquisition start/end, exposure start/end, line rise/fall, error",2 counters and 2 timers,"노출 시간, gain","Software trigger, hardware trigger, PTP (IEEE 1588)",GigE Vision v2.0,"CE, KC, FCC, RoHS, REACH, WEEE",-30 to 60°C,-20 to 55°C 주변,"동작: 20% ~ 80%, relative, 비 응축","DIN EN 60068-2-27, DIN EN 60068-2-64, DIN EN 60068-2-6",3 year,,,IP67(IP67 보호를 위해 Triton은 IP67 렌즈 튜브 및 케이블과 함께 사용해야합니다),,,,,,DIN EN 61000-6-2,,,,,,,,,,,,,,,,,,,,,,,,,,,
Lucid Vision,Y,TRI016S-CC,,"1440 x 1080 px, 1.6 MP",,Sony IMX273 CMOS,6.3 mm (Type 1/2.9″),3.45 µm (H) x 3.45 µm (V),Global Shutter,C-mount,Color,"1000BASE-T GigE M12 (8-Pin X-Coded), PoE",71.6 FPS (75.8 FPS) @ 1.6 MP,29 x 29 x 45 mm,67 g,8 핀M8커넥터,"1 input, 1 output",2 bi-directional,"PoE (IEEE 802.3af), or 12-24 VDC ±5% external","PoE를 통한 3.1W, 외부 전원 공급시 2.5W",128 MB,"Gain, gamma, black level, white balance, LUT, CCM, pixel correction, color space conversion","Mono8/10/12/16, Bayer8/10/12/16, RGB8, BGR8, YCbCr8, YCbCr411, YUV422, YUV411, QOI_Mono8, QOI_BayerRG8, QOI_RGB8, QOI_BGR8, QOI_YCbCr8",QOI,"수평 및 수직 비닝, 서브 샘플링, ROI, 수평 및 수직 뒤집기",12 bit,0 dB ~ 48 dB 아날로그 및 디지털,26 μs to 10 s (Normal) / 0.8 μs to 13.3 μs (Short Mode),1 default and 2 custom user set,16 MB,"Frame counter, offset X/Y, width/height, 노출 시간, gain, black level, line status, sequencer set","Acquisition start/end, exposure start/end, line rise/fall, error",2 counters and 2 timers,"노출 시간, gain","Software trigger, hardware trigger, PTP (IEEE 1588)",GigE Vision v2.0,"CE, KC, FCC, RoHS, REACH, WEEE",-30 to 60°C,-20 to 55°C 주변,"동작: 20% ~ 80%, relative, 비 응축","DIN EN 60068-2-27, DIN EN 60068-2-64, DIN EN 60068-2-6",3 year,TRI016S,,IP67(IP67 보호를 위해 Triton은 IP67 렌즈 튜브 및 케이블과 함께 사용해야합니다),,,,,,DIN EN 61000-6-2,,,,M8 GPIO IP67 Cap,,,,,,,,,,,,,,,M12,,,,,,,,
Lucid Vision,Y,TRI016S-MC,,"1440 x 1080 px, 1.6 MP",,Sony IMX273 CMOS,6.3 mm (Type 1/2.9″),3.45 µm (H) x 3.45 µm (V),Global Shutter,C-mount,Mono,"1000BASE-T GigE M12 (8-Pin X-Coded), PoE",71.6 FPS (75.8 FPS) @ 1.6 MP,29 x 29 x 45 mm,67 g,8 핀M8커넥터,"1 input, 1 output",2 bi-directional,"PoE (IEEE 802.3af), or 12-24 VDC ±5% external","PoE를 통한 3.1W, 외부 전원 공급시 2.5W",128 MB,"Gain, gamma, black level, white balance, LUT, CCM, pixel correction, color space conversion","Mono8/10/12/16, Bayer8/10/12/16, RGB8, BGR8, YCbCr8, YCbCr411, YUV422, YUV411, QOI_Mono8, QOI_BayerRG8, QOI_RGB8, QOI_BGR8, QOI_YCbCr8",QOI,"수평 및 수직 비닝, 서브 샘플링, ROI, 수평 및 수직 뒤집기",12 bit,0 dB ~ 48 dB 아날로그 및 디지털,26 μs to 10 s (Normal) / 0.8 μs to 13.3 μs (Short Mode),1 default and 2 custom user set,16 MB,"Frame counter, offset X/Y, width/height, 노출 시간, gain, black level, line status, sequencer set","Acquisition start/end, exposure start/end, line rise/fall, error",2 counters and 2 timers,"노출 시간, gain","Software trigger, hardware trigger, PTP (IEEE 1588)",GigE Vision v2.0,"CE, KC, FCC, RoHS, REACH, WEEE",-30 to 60°C,-20 to 55°C 주변,"동작: 20% ~ 80%, relative, 비 응축","DIN EN 60068-2-27, DIN EN 60068-2-64, DIN EN 60068-2-6",3 year,TRI016S,,IP67(IP67 보호를 위해 Triton은 IP67 렌즈 튜브 및 케이블과 함께 사용해야합니다),,,,,,DIN EN 61000-6-2,,,,M8 GPIO IP67 Cap,,,,,,,,,,,,,,,M12,,,,,,,,
Lucid Vision,N,TRI005S,0.5 MP,"812 x 620 px, 0.5 MP",166.4 fps,Sony IMX433 CMOS,9.2 mm (Type 1/1.7″),9.0 µm (H) x 9.0 µm (V),Global Shutter,C-Mount,Mono / Color,"1000BASE-T GigE M12 (8-Pin X-Coded), PoE",166.4 FPS (166.4 FPS) @ 0.5 MP,29 x 29 x 45 mm,67 g,8 핀M8커넥터,"1 input, 1 output",2 bi-directional,"PoE (IEEE 802.3af), or 12-24 VDC ±5% external","PoE를 통한 3.1W, 외부 전원 공급시 2.5W",128 MB,"Gain, gamma, black level, white balance, LUT, CCM, pixel correction, color space conversion","Mono8/10/12/16, Bayer8/10/12/16, RGB8, BGR8, YCbCr8, YCbCr411, YUV422, YUV411, QOI_Mono8, QOI_BayerRG8, QOI_RGB8, QOI_BGR8, QOI_YCbCr8",QOI,"서브 샘플링, ROI, 수평 및 수직 뒤집기",12 bit,0 dB ~ 48 dB 아날로그 및 디지털,13.7 μs to 10 s (Normal) / 1 μs to 5 μs (Short Mode),1 default and 2 custom user set,16 MB,"Frame counter, offset X/Y, width/height, 노출 시간, gain, black level, line status, sequencer set","Acquisition start/end, exposure start/end, line rise/fall, error",2 counters and 2 timers,"노출 시간, gain","Software trigger, hardware trigger, PTP (IEEE 1588)",GigE Vision v2.0,"CE, KC, FCC, RoHS, REACH, WEEE",-30 to 60°C,-20 to 55°C 주변,"동작: 20% ~ 80%, relative, 비 응축","DIN EN 60068-2-27, DIN EN 60068-2-64, DIN EN 60068-2-6",3 year,,,IP67(IP67 보호를 위해 Triton은 IP67 렌즈 튜브 및 케이블과 함께 사용해야합니다),,,,,,DIN EN 61000-6-2,,,,,,,,,,,,,,,,,,,,,,,,,,,
Lucid Vision,Y,TRI005S-CC,,"812 x 620 px, 0.5 MP",,Sony IMX433 CMOS,9.2 mm (Type 1/1.7″),9.0 µm (H) x 9.0 µm (V),Global Shutter,C-mount,Color,"1000BASE-T GigE M12 (8-Pin X-Coded), PoE",166.4 FPS (166.4 FPS) @ 0.5 MP,29 x 29 x 45 mm,67 g,8 핀M8커넥터,"1 input, 1 output",2 bi-directional,"PoE (IEEE 802.3af), or 12-24 VDC ±5% external","PoE를 통한 3.1W, 외부 전원 공급시 2.5W",128 MB,"Gain, gamma, black level, white balance, LUT, CCM, pixel correction, color space conversion","Mono8/10/12/16, Bayer8/10/12/16, RGB8, BGR8, YCbCr8, YCbCr411, YUV422, YUV411, QOI_Mono8, QOI_BayerRG8, QOI_RGB8, QOI_BGR8, QOI_YCbCr8",QOI,"서브 샘플링, ROI, 수평 및 수직 뒤집기",12 bit,0 dB ~ 48 dB 아날로그 및 디지털,13.7 μs to 10 s (Normal) / 1 μs to 5 μs (Short Mode),1 default and 2 custom user set,16 MB,"Frame counter, offset X/Y, width/height, 노출 시간, gain, black level, line status, sequencer set","Acquisition start/end, exposure start/end, line rise/fall, error",2 counters and 2 timers,"노출 시간, gain","Software trigger, hardware trigger, PTP (IEEE 1588)",GigE Vision v2.0,"CE, KC, FCC, RoHS, REACH, WEEE",-30 to 60°C,-20 to 55°C 주변,"동작: 20% ~ 80%, relative, 비 응축","DIN EN 60068-2-27, DIN EN 60068-2-64, DIN EN 60068-2-6",3 year,TRI005S,,IP67(IP67 보호를 위해 Triton은 IP67 렌즈 튜브 및 케이블과 함께 사용해야합니다),,,,,,DIN EN 61000-6-2,,,,M8 GPIO IP67 Cap,,,,,,,,,,,,,,,M12,,,,,,,,
Lucid Vision,Y,TRI005S-MC,,"812 x 620 px, 0.5 MP",,Sony IMX433 CMOS,9.2 mm (Type 1/1.7″),9.0 µm (H) x 9.0 µm (V),Global Shutter,C-mount,Mono,"1000BASE-T GigE M12 (8-Pin X-Coded), PoE",166.4 FPS (166.4 FPS) @ 0.5 MP,29 x 29 x 45 mm,67 g,8 핀M8커넥터,"1 input, 1 output",2 bi-directional,"PoE (IEEE 802.3af), or 12-24 VDC ±5% external","PoE를 통한 3.1W, 외부 전원 공급시 2.5W",128 MB,"Gain, gamma, black level, white balance, LUT, CCM, pixel correction, color space conversion","Mono8/10/12/16, Bayer8/10/12/16, RGB8, BGR8, YCbCr8, YCbCr411, YUV422, YUV411, QOI_Mono8, QOI_BayerRG8, QOI_RGB8, QOI_BGR8, QOI_YCbCr8",QOI,"서브 샘플링, ROI, 수평 및 수직 뒤집기",12 bit,0 dB ~ 48 dB 아날로그 및 디지털,13.7 μs to 10 s (Normal) / 1 μs to 5 μs (Short Mode),1 default and 2 custom user set,16 MB,"Frame counter, offset X/Y, width/height, 노출 시간, gain, black level, line status, sequencer set","Acquisition start/end, exposure start/end, line rise/fall, error",2 counters and 2 timers,"노출 시간, gain","Software trigger, hardware trigger, PTP (IEEE 1588)",GigE Vision v2.0,"CE, KC, FCC, RoHS, REACH, WEEE",-30 to 60°C,-20 to 55°C 주변,"동작: 20% ~ 80%, relative, 비 응축","DIN EN 60068-2-27, DIN EN 60068-2-64, DIN EN 60068-2-6",3 year,TRI005S,,IP67(IP67 보호를 위해 Triton은 IP67 렌즈 튜브 및 케이블과 함께 사용해야합니다),,,,,,DIN EN 61000-6-2,,,,M8 GPIO IP67 Cap,,,,,,,,,,,,,,,M12,,,,,,,,
Lucid Vision,N,TRI004S,0.4 MP,"720 x 540 px, 0.4 MP",286 fps,Sony IMX287 CMOS,6.3 mm (Type 1/2.9″),6.9 µm (H) x 6.9 µm (V),Global Shutter,C-Mount,Mono / Color,"1000BASE-T GigE M12, PoE",286 FPS (291 FPS) @ 0.4 MP,29 x 29 x 45 mm,67 g,8 핀M8커넥터,"1 input, 1 output",2 bi-directional,"PoE (IEEE 802.3af), or 12-24 VDC ±5% external","PoE를 통한 3.1W, 외부 전원 공급시 2.5W",128 MB,"Gain, gamma, black level, white balance, LUT, CCM, pixel correction, color space conversion","Mono8/10/12/16, Bayer8/10/12/16, RGB8, BGR8, YCbCr8, YCbCr411, YUV422, YUV411, QOI_Mono8, QOI_BayerRG8, QOI_RGB8, QOI_BGR8, QOI_YCbCr8",QOI,"수평 및 수직 비닝, 서브 샘플링, ROI, 수평 및 수직 뒤집기",12 bit,0 dB ~ 48 dB 아날로그 및 디지털,20 μs to 10 s (Normal) / 0.8 μs to 13.3 μs (Short Mode),1 default and 2 custom user set,16 MB,"Frame counter, offset X/Y, width/height, 노출 시간, gain, black level, line status, sequencer set","Acquisition start/end, exposure start/end, line rise/fall, error",2 counters and 2 timers,"노출 시간, gain","Software trigger, hardware trigger, PTP (IEEE 1588)",GigE Vision v2.0,"CE, KC, FCC, RoHS, REACH, WEEE",-30 to 60°C,-20 to 55°C 주변,"동작: 20% ~ 80%, relative, 비 응축","DIN EN 60068-2-27, DIN EN 60068-2-64, DIN EN 60068-2-6",3 year,,,IP67(IP67 보호를 위해 Triton은 IP67 렌즈 튜브 및 케이블과 함께 사용해야합니다),,,,,,DIN EN 61000-6-2,,,,,,,,,,,,,,,,,,,,,,,,,,,
Lucid Vision,Y,TRI004S-CC,,"720 x 540 px, 0.4 MP",,Sony IMX287 CMOS,6.3 mm (Type 1/2.9″),6.9 µm (H) x 6.9 µm (V),Global Shutter,C-mount,Color,"1000BASE-T GigE M12, PoE",286 FPS (291 FPS) @ 0.4 MP,29 x 29 x 45 mm,67 g,8 핀M8커넥터,"1 input, 1 output",2 bi-directional,"PoE (IEEE 802.3af), or 12-24 VDC ±5% external","PoE를 통한 3.1W, 외부 전원 공급시 2.5W",128 MB,"Gain, gamma, black level, white balance, LUT, CCM, pixel correction, color space conversion","Mono8/10/12/16, Bayer8/10/12/16, RGB8, BGR8, YCbCr8, YCbCr411, YUV422, YUV411, QOI_Mono8, QOI_BayerRG8, QOI_RGB8, QOI_BGR8, QOI_YCbCr8",QOI,"수평 및 수직 비닝, 서브 샘플링, ROI, 수평 및 수직 뒤집기",12 bit,0 dB ~ 48 dB 아날로그 및 디지털,20 μs to 10 s (Normal) / 0.8 μs to 13.3 μs (Short Mode),1 default and 2 custom user set,16 MB,"Frame counter, offset X/Y, width/height, 노출 시간, gain, black level, line status, sequencer set","Acquisition start/end, exposure start/end, line rise/fall, error",2 counters and 2 timers,"노출 시간, gain","Software trigger, hardware trigger, PTP (IEEE 1588)",GigE Vision v2.0,"CE, KC, FCC, RoHS, REACH, WEEE",-30 to 60°C,-20 to 55°C 주변,"동작: 20% ~ 80%, relative, 비 응축","DIN EN 60068-2-27, DIN EN 60068-2-64, DIN EN 60068-2-6",3 year,TRI004S,,IP67(IP67 보호를 위해 Triton은 IP67 렌즈 튜브 및 케이블과 함께 사용해야합니다),,,,,,DIN EN 61000-6-2,,,,M8 GPIO IP67 Cap,,,,,,,,,,,,,,,M12,,,,,,,,
Lucid Vision,Y,TRI004S-MC,,"720 x 540 px, 0.4 MP",,Sony IMX287 CMOS,6.3 mm (Type 1/2.9″),6.9 µm (H) x 6.9 µm (V),Global Shutter,C-mount,Mono,"1000BASE-T GigE M12, PoE",286 FPS (291 FPS) @ 0.4 MP,29 x 29 x 45 mm,67 g,8 핀M8커넥터,"1 input, 1 output",2 bi-directional,"PoE (IEEE 802.3af), or 12-24 VDC ±5% external","PoE를 통한 3.1W, 외부 전원 공급시 2.5W",128 MB,"Gain, gamma, black level, white balance, LUT, CCM, pixel correction, color space conversion","Mono8/10/12/16, Bayer8/10/12/16, RGB8, BGR8, YCbCr8, YCbCr411, YUV422, YUV411, QOI_Mono8, QOI_BayerRG8, QOI_RGB8, QOI_BGR8, QOI_YCbCr8",QOI,"수평 및 수직 비닝, 서브 샘플링, ROI, 수평 및 수직 뒤집기",12 bit,0 dB ~ 48 dB 아날로그 및 디지털,20 μs to 10 s (Normal) / 0.8 μs to 13.3 μs (Short Mode),1 default and 2 custom user set,16 MB,"Frame counter, offset X/Y, width/height, 노출 시간, gain, black level, line status, sequencer set","Acquisition start/end, exposure start/end, line rise/fall, error",2 counters and 2 timers,"노출 시간, gain","Software trigger, hardware trigger, PTP (IEEE 1588)",GigE Vision v2.0,"CE, KC, FCC, RoHS, REACH, WEEE",-30 to 60°C,-20 to 55°C 주변,"동작: 20% ~ 80%, relative, 비 응축","DIN EN 60068-2-27, DIN EN 60068-2-64, DIN EN 60068-2-6",3 year,TRI004S,,IP67(IP67 보호를 위해 Triton은 IP67 렌즈 튜브 및 케이블과 함께 사용해야합니다),,,,,,DIN EN 61000-6-2,,,,M8 GPIO IP67 Cap,,,,,,,,,,,,,,,M12,,,,,,,,
Lucid Vision,N,TRI013S-WC,1.3 MP,"1280 x 1024 px, 1.3 MP",84.9 fps,Sony IMX990 InGaAs CMOS,8.2 mm (Type 1/2″),5.0 µm (H) x 5.0 µm (V),Global,C-Mount,,"1000BASE-T, 100BASE-TXM12, PoE",84.9 FPS (90.1 FPS) @ 1.3 MP (8 Bit ADC mode)84.9 FPS (90.1 FPS) @ 1.3 MP (10 Bit ADC mode)71 FPS (71 FPS) @ 1.3 MP (12 Bit ADC mode),44 x 29 x 45.3 mm,90 g,8 핀M8커넥터,"1 input (2.5V-24V and 10.5V-24V), 1 output",2 bi-directional,PoE (IEEE 802.3af) or 12-24 V ±5% through GPIO,"<3W via PoE, <2.6W when powered externally",128 MB,"Gain, gamma, black level, LUT, pixel correction",Mono8/10/12/16,,"수평 및 수직 비닝, Binning, ROI, 수직 뒤집기","8, 10, 12 bit",0 dB ~ 427 dB 아날로그 및 디지털,20.5 μs to 10 s (Normal) / 2.88 μs to 7.42 μs (Short Mode),1 default and 2 custom user set,16 MB,"Frame counter, offset X/Y, width/height, 노출 시간, gain, black level, line status, sequencer set","Acquisition start/end, exposure start/end, line rise/fall, error",2 counters and 2 timers,"노출 시간, gain","Software trigger, hardware trigger, PTP (IEEE 1588)",GigE Vision v2.0,"CE, KC, FCC, RoHS, REACH, WEEE",-30 to 60°C,-20 to 50°C 케이스 온도,"동작: 20% ~ 80%, relative, 비 응축","DIN EN 60068-2-27, DIN EN 60068-2-64, DIN EN 60068-2-6",3 year,,,IP67(IP67 보호를 위해 Triton은 IP67 렌즈 튜브 및 케이블과 함께 사용해야합니다),,,,,,DIN EN 61000-6-2,,,,,,,없음,Mono / 400nm to 1700nm,400nm ~ 1700nm(EMVA 1288 탭 참조),없음,,,,,,,,,,,,,,,,,
Lucid Vision,Y,TRI013S-WC,,"1280 x 1024 px, 1.3 MP",,Sony IMX990 InGaAs CMOS,8.2 mm (Type 1/2″),5.0 µm (H) x 5.0 µm (V),Global,C-mount,Mono,"1000BASE-T, 100BASE-TXM12, PoE",84.9 FPS (90.1 FPS) @ 1.3 MP (8 Bit ADC mode)84.9 FPS (90.1 FPS) @ 1.3 MP (10 Bit ADC mode)71 FPS (71 FPS) @ 1.3 MP (12 Bit ADC mode),44 x 29 x 45.3 mm,90 g,8 핀M8커넥터,"1 input (2.5V-24V and 10.5V-24V), 1 output",2 bi-directional,PoE (IEEE 802.3af) or 12-24 V ±5% through GPIO,"<3W via PoE, <2.6W when powered externally",128 MB,"Gain, gamma, black level, LUT, pixel correction",Mono8/10/12/16,,"수평 및 수직 비닝, Binning, ROI, 수직 뒤집기","8, 10, 12 bit",0 dB ~ 427 dB 아날로그 및 디지털,20.5 μs to 10 s (Normal) / 2.88 μs to 7.42 μs (Short Mode),1 default and 2 custom user set,16 MB,"Frame counter, offset X/Y, width/height, 노출 시간, gain, black level, line status, sequencer set","Acquisition start/end, exposure start/end, line rise/fall, error",2 counters and 2 timers,"노출 시간, gain","Software trigger, hardware trigger, PTP (IEEE 1588)",GigE Vision v2.0,"CE, KC, FCC, RoHS, REACH, WEEE",-30 to 60°C,-20 to 50°C 케이스 온도,"동작: 20% ~ 80%, relative, 비 응축","DIN EN 60068-2-27, DIN EN 60068-2-64, DIN EN 60068-2-6",3 year,TRI013S-WC,,IP67(IP67 보호를 위해 Triton은 IP67 렌즈 튜브 및 케이블과 함께 사용해야합니다),,,,,,DIN EN 61000-6-2,,,,,,,없음,,400 nm to 1700 nm,없음,,,,,,,,,M12,,,,,,,,
Lucid Vision,N,TRI003S-WC,0.3 MP,"656 x 520 px, 0.3 MP",257 fps,Sony IMX991 InGaAs CMOS,4.1 mm (Type 1/4″),5.0 µm (H) x 5.0 µm (V),Global,C-Mount,,"1000BASE-T, 100BASE-TXM12, PoE+",257.2 FPS (257.2 FPS) @ 0.3 MP (8 Bit ADC mode)238.8 FPS (238.8 FPS) @ 0.3 MP (10 Bit ADC mode)136.5 FPS (136.5 FPS) @ 0.3 MP (12 Bit ADC mode),44 x 29 x 45.3 mm,90 g,8 핀M8커넥터,"1 input (2.5V-24V and 10.5V-24V), 1 output",2 bi-directional,PoE (IEEE 802.3af) or 12-24 V ±5% through GPIO,"<3W via PoE, <2.6W when powered externally",128 MB,"Gain, gamma, black level, LUT, pixel correction",Mono8/10/12/16,,"수평 및 수직 비닝, Binning, ROI, 수직 뒤집기","8, 10, 12 bit",0 dB ~ 427 dB 아날로그 및 디지털,20.5 μs – 10 s (Normal) / 2.88 μs – 7.37 μs (Short Mode),1 default and 2 custom user set,16 MB,"Frame counter, offset X/Y, width/height, 노출 시간, gain, black level, line status, sequencer set","Acquisition start/end, exposure start/end, line rise/fall, error",2 counters and 2 timers,"노출 시간, gain","Software trigger, hardware trigger, PTP (IEEE 1588)",GigE Vision v2.0,"CE, KC, FCC, RoHS, REACH, WEEE",-30 to 60°C,-20 to 50°C 케이스 온도,"동작: 20% ~ 80%, relative, 비 응축","DIN EN 60068-2-27, DIN EN 60068-2-64, DIN EN 60068-2-6",3 year,,,IP67(IP67 보호를 위해 Triton은 IP67 렌즈 튜브 및 케이블과 함께 사용해야합니다),,,,,,DIN EN 61000-6-2,,,,,,,없음,Mono / 400nm to 1700nm,400nm ~ 1700nm(EMVA 1288 탭 참조),없음,,,,,,,,,,,,,,,,,
Lucid Vision,Y,TRI003S-WC,,"656 x 520 px, 0.3 MP",,Sony IMX991 InGaAs CMOS,4.1 mm (Type 1/4″),5.0 µm (H) x 5.0 µm (V),Global,C-mount,Mono,"1000BASE-T, 100BASE-TXM12, PoE+",257.2 FPS (257.2 FPS) @ 0.3 MP (8 Bit ADC mode)238.8 FPS (238.8 FPS) @ 0.3 MP (10 Bit ADC mode)136.5 FPS (136.5 FPS) @ 0.3 MP (12 Bit ADC mode),44 x 29 x 45.3 mm,90 g,8 핀M8커넥터,"1 input (2.5V-24V and 10.5V-24V), 1 output",2 bi-directional,PoE (IEEE 802.3af) or 12-24 V ±5% through GPIO,"<3W via PoE, <2.6W when powered externally",128 MB,"Gain, gamma, black level, LUT, pixel correction",Mono8/10/12/16,,"수평 및 수직 비닝, Binning, ROI, 수직 뒤집기","8, 10, 12 bit",0 dB ~ 427 dB 아날로그 및 디지털,20.5 μs – 10 s (Normal) / 2.88 μs – 7.37 μs (Short Mode),1 default and 2 custom user set,16 MB,"Frame counter, offset X/Y, width/height, 노출 시간, gain, black level, line status, sequencer set","Acquisition start/end, exposure start/end, line rise/fall, error",2 counters and 2 timers,"노출 시간, gain","Software trigger, hardware trigger, PTP (IEEE 1588)",GigE Vision v2.0,"CE, KC, FCC, RoHS, REACH, WEEE",-30 to 60°C,-20 to 50°C 케이스 온도,"동작: 20% ~ 80%, relative, 비 응축","DIN EN 60068-2-27, DIN EN 60068-2-64, DIN EN 60068-2-6",3 year,TRI003S-WC,,IP67(IP67 보호를 위해 Triton은 IP67 렌즈 튜브 및 케이블과 함께 사용해야합니다),,,,,,DIN EN 61000-6-2,,,,,,,없음,,400 nm to 1700 nm,없음,,,,,,,,,M12,,,,,,,,
Lucid Vision,N,TRS123S-CC,12.3 MP,"4056 x 3040, 12.3 MP",7.9 fps,Sony IMX501 CMOS,7.857mm (Type 1/2.3″),1.55 µm (H) x 1.55 µm (V),Rolling Shutter,C-Mount,Color,"1000BASE-T GigE M12 (8-Pin X-Coded), PoE",7.9 FPS @ 12.3 MP (전체 이미지 + 객체 감지) 29 FPS (4×4픽셀 이미지 + 객체 감지) 8.0 FPS @ 12.3 MP (전체 이미지 + 분류 또는 이상 감지) 30 FPS (4×4픽셀 이미지 + 분류 또는 이상 감지),29 x 29 x 45 mm,67 g,8 핀M8커넥터,"1 input, 1 output",2 bi-directional,"PoE (IEEE 802.3af), or 12-24 VDC ±5% external","PoE를 통한 3.1W, 외부 전원 공급시 2.5W",128 MB,"Gain, gamma, black level, white balance, LUT, CCM, pixel correction, hue, saturation, color space conversion","Mono12/12p/12Packed, Mono16, BayerRG12/RG12p, and BayerRG12Packed, and BayerRG16",,ROI,10 bit,0 dB ~ 27 dB 아날로그,32.0 μs to 0.11 s,1 default and 2 custom user set,16 MB,"Frame counter, offset X/Y, width/height, 노출 시간, gain, black level, line status, sequencer set","Acquisition start/end, exposure start/end, line rise/fall, error",2 counters and 2 timers,지원되지 않음,지원되지 않음,GigE Vision v2.0,"CE, KC, FCC, RoHS, REACH, WEEE",-30 to 60°C,-20 to 55°C 주변,"동작: 20% ~ 80%, relative, 비 응축","DIN EN 60068-2-27, DIN EN 60068-2-64, DIN EN 60068-2-6",3 year,,,IP67(IP67 보호를 위해 Triton은 IP67 렌즈 튜브 및 케이블과 함께 사용해야합니다),,,,,,DIN EN 61000-6-2,,,,,,,,,,,,,,,,,,,,8비트 정수 연산으로 2304MACs 및 최대 262MHz,8 MB SRAM,추론 엔진용 ISP,"Classification(분류), Object Detection(객체 감지), Anomaly Detection(이상 감지)",분류 – 256 x 256 px 객체 감지 – 320 x 320 px 이상 감지 – 512 x 512 px,Included in Chunk Data,"1) 일반 이미지 2) 입력 텐서 (AI 엔진에 의해 처리된 이미지) 3) 출력 텐서 (추론 결과)기본적으로 세 가지 출력 모두 사용 가능합니다. (2)와 (3)은 비활성화할 수 있으며, (1)은 매우 작은 크기(4×4픽셀)로 줄일 수 있습니다..",
Lucid Vision,Y,TRS123S-CC,,"4056 x 3040, 12.3 MP",,Sony IMX501 CMOS,7.857mm (Type 1/2.3″),1.55 µm (H) x 1.55 µm (V),Rolling Shutter,C-mount,Color,"1000BASE-T GigE M12 (8-Pin X-Coded), PoE",7.9 FPS @ 12.3 MP (전체 이미지 + 객체 감지) 29 FPS (4×4픽셀 이미지 + 객체 감지) 8.0 FPS @ 12.3 MP (전체 이미지 + 분류 또는 이상 감지) 30 FPS (4×4픽셀 이미지 + 분류 또는 이상 감지),29 x 29 x 45 mm,67 g,8 핀M8커넥터,"1 input, 1 output",2 bi-directional,"PoE (IEEE 802.3af), or 12-24 VDC ±5% external","PoE를 통한 3.1W, 외부 전원 공급시 2.5W",128 MB,"Gain, gamma, black level, white balance, LUT, CCM, pixel correction, hue, saturation, color space conversion","Mono12/12p/12Packed, Mono16, BayerRG12/RG12p, and BayerRG12Packed, and BayerRG16",,ROI,10 bit,0 dB ~ 27 dB 아날로그,32.0 μs to 0.11 s,1 default and 2 custom user set,16 MB,"Frame counter, offset X/Y, width/height, 노출 시간, gain, black level, line status, sequencer set","Acquisition start/end, exposure start/end, line rise/fall, error",2 counters and 2 timers,지원되지 않음,지원되지 않음,GigE Vision v2.0,"CE, KC, FCC, RoHS, REACH, WEEE",-30 to 60°C,-20 to 55°C 주변,"동작: 20% ~ 80%, relative, 비 응축","DIN EN 60068-2-27, DIN EN 60068-2-64, DIN EN 60068-2-6",3 year,TRS123S-CC,,IP67(IP67 보호를 위해 Triton은 IP67 렌즈 튜브 및 케이블과 함께 사용해야합니다),,,,,,DIN EN 61000-6-2,,,,,M8 GPIO IP67 Cap,,,,,,,,,,,,,,M12,8비트 정수 연산으로 2304MACs 및 최대 262MHz,8 MB SRAM,추론 엔진용 ISP,"Classification(분류), Object Detection(객체 감지), Anomaly Detection(이상 감지)",분류 – 256 x 256 px 객체 감지 – 320 x 320 px 이상 감지 – 512 x 512 px,Included in Chunk Data,"1) 일반 이미지 2) 입력 텐서 (AI 엔진에 의해 처리된 이미지) 3) 출력 텐서 (추론 결과)기본적으로 세 가지 출력 모두 사용 가능합니다. (2)와 (3)은 비활성화할 수 있으며, (1)은 매우 작은 크기(4×4픽셀)로 줄일 수 있습니다..",
Lucid Vision,N,ATL314S,31.4 MP,"6464 x 4852 px, 31.4 MP",17.9 FPS @ 31.4 MP (8 Bit ADC mode)14.4 FPS @ 31.4 MP (10 Bit ADC mode)12.1 FPS @ 31.4 MP (12 Bit ADC mode),Sony IMX342 CMOS,27.9mm (Type APS-C),3.45 µm (H) x 3.45 µm (V),Global Shutter,TFL-Mount / No Lens Mount,Mono / Color,"5GBASE-T (5GigE), 2.5GBASE-T, 1000BASE-T, 100BASE-TXM12, PoE",,TFL-Mount: 55 x 55 x 70 mmNo Lens Mount: 55 x 55 x 65 mm,240 g,8 핀M8커넥터,"1 input, 1 output",2 bi-directional,"PoE (IEEE 802.3af), or 12-24 VDC ±5% external","PoE를 통한 8.5W, 외부 전원 공급시 8W",380 MB,"Gain, gamma, black level, white balance, LUT, CCM, pixel correction, color space conversion","Mono8/10/12/16, Bayer8/10/12/16, RGB8, BGR8, YCbCr8, YCbCr411, YUV422, YUV411",,"수평 및 수직 비닝, 서브 샘플링, ROI, 수평 및 수직 뒤집기","8, 10, 12 bit",0 dB ~ 48 dB 아날로그 및 디지털,47 μs to 10 s (Normal) / 2 μs to 32 μs (Short Mode),1 default and 2 custom user set,16 MB,"Frame counter, offset X/Y, width/height, 노출 시간, gain, black level, line status, sequencer set","Acquisition start/end, exposure start/end, line rise/fall, error",2 counters and 2 timers,"노출 시간, gain","Software trigger, hardware trigger, PTP (IEEE 1588)",GigE Vision v2.0,"CE, KC, FCC, RoHS, REACH, WEEE",-30 to 60°C,-20 to 55°C 주변,"동작: 20% ~ 80%, relative, 비 응축","DIN EN 60068-2-27, DIN EN 60068-2-64",3 year,,,,,,,,,,,,,,,,,,,,,,,,,,,,,,,,,,,,
Lucid Vision,Y,ATL314S-CT,,"6464 x 4852 px, 31.4 MP",17.9 FPS @ 31.4 MP (8 Bit ADC mode)14.4 FPS @ 31.4 MP (10 Bit ADC mode)12.1 FPS @ 31.4 MP (12 Bit ADC mode),Sony IMX342 CMOS,27.9mm (Type APS-C),3.45 µm (H) x 3.45 µm (V),Global Shutter,TFL-mount,Color,"5GBASE-T (5GigE), 2.5GBASE-T, 1000BASE-T, 100BASE-TXM12, PoE",,TFL-Mount: 55 x 55 x 70 mmNo Lens Mount: 55 x 55 x 65 mm,240 g,8 핀M8커넥터,"1 input, 1 output",2 bi-directional,"PoE (IEEE 802.3af), or 12-24 VDC ±5% external","PoE를 통한 8.5W, 외부 전원 공급시 8W",380 MB,"Gain, gamma, black level, white balance, LUT, CCM, pixel correction, color space conversion","Mono8/10/12/16, Bayer8/10/12/16, RGB8, BGR8, YCbCr8, YCbCr411, YUV422, YUV411",,"수평 및 수직 비닝, 서브 샘플링, ROI, 수평 및 수직 뒤집기","8, 10, 12 bit",0 dB ~ 48 dB 아날로그 및 디지털,47 μs to 10 s (Normal) / 2 μs to 32 μs (Short Mode),1 default and 2 custom user set,16 MB,"Frame counter, offset X/Y, width/height, 노출 시간, gain, black level, line status, sequencer set","Acquisition start/end, exposure start/end, line rise/fall, error",2 counters and 2 timers,"노출 시간, gain","Software trigger, hardware trigger, PTP (IEEE 1588)",GigE Vision v2.0,"CE, KC, FCC, RoHS, REACH, WEEE",-30 to 60°C,-20 to 55°C 주변,"동작: 20% ~ 80%, relative, 비 응축","DIN EN 60068-2-27, DIN EN 60068-2-64",3 year,ATL314S,,,,,,,,,,,,,,,,,,,,,,,,,,,,,,,,,,,M12
Lucid Vision,Y,ATL314S-MT,,"6464 x 4852 px, 31.4 MP",17.9 FPS @ 31.4 MP (8 Bit ADC mode)14.4 FPS @ 31.4 MP (10 Bit ADC mode)12.1 FPS @ 31.4 MP (12 Bit ADC mode),Sony IMX342 CMOS,27.9mm (Type APS-C),3.45 µm (H) x 3.45 µm (V),Global Shutter,TFL-mount,Mono,"5GBASE-T (5GigE), 2.5GBASE-T, 1000BASE-T, 100BASE-TXM12, PoE",,TFL-Mount: 55 x 55 x 70 mmNo Lens Mount: 55 x 55 x 65 mm,240 g,8 핀M8커넥터,"1 input, 1 output",2 bi-directional,"PoE (IEEE 802.3af), or 12-24 VDC ±5% external","PoE를 통한 8.5W, 외부 전원 공급시 8W",380 MB,"Gain, gamma, black level, white balance, LUT, CCM, pixel correction, color space conversion","Mono8/10/12/16, Bayer8/10/12/16, RGB8, BGR8, YCbCr8, YCbCr411, YUV422, YUV411",,"수평 및 수직 비닝, 서브 샘플링, ROI, 수평 및 수직 뒤집기","8, 10, 12 bit",0 dB ~ 48 dB 아날로그 및 디지털,47 μs to 10 s (Normal) / 2 μs to 32 μs (Short Mode),1 default and 2 custom user set,16 MB,"Frame counter, offset X/Y, width/height, 노출 시간, gain, black level, line status, sequencer set","Acquisition start/end, exposure start/end, line rise/fall, error",2 counters and 2 timers,"노출 시간, gain","Software trigger, hardware trigger, PTP (IEEE 1588)",GigE Vision v2.0,"CE, KC, FCC, RoHS, REACH, WEEE",-30 to 60°C,-20 to 55°C 주변,"동작: 20% ~ 80%, relative, 비 응축","DIN EN 60068-2-27, DIN EN 60068-2-64",3 year,ATL314S,,,,,,,,,,,,,,,,,,,,,,,,,,,,,,,,,,,M12
Lucid Vision,Y,ATL314S-CNL,,"6464 x 4852 px, 31.4 MP",17.9 FPS @ 31.4 MP (8 Bit ADC mode)14.4 FPS @ 31.4 MP (10 Bit ADC mode)12.1 FPS @ 31.4 MP (12 Bit ADC mode),Sony IMX342 CMOS,27.9mm (Type APS-C),3.45 µm (H) x 3.45 µm (V),Global Shutter,No lens mount,Color,"5GBASE-T (5GigE), 2.5GBASE-T, 1000BASE-T, 100BASE-TXM12, PoE",,TFL-Mount: 55 x 55 x 70 mmNo Lens Mount: 55 x 55 x 65 mm,240 g,8 핀M8커넥터,"1 input, 1 output",2 bi-directional,"PoE (IEEE 802.3af), or 12-24 VDC ±5% external","PoE를 통한 8.5W, 외부 전원 공급시 8W",380 MB,"Gain, gamma, black level, white balance, LUT, CCM, pixel correction, color space conversion","Mono8/10/12/16, Bayer8/10/12/16, RGB8, BGR8, YCbCr8, YCbCr411, YUV422, YUV411",,"수평 및 수직 비닝, 서브 샘플링, ROI, 수평 및 수직 뒤집기","8, 10, 12 bit",0 dB ~ 48 dB 아날로그 및 디지털,47 μs to 10 s (Normal) / 2 μs to 32 μs (Short Mode),1 default and 2 custom user set,16 MB,"Frame counter, offset X/Y, width/height, 노출 시간, gain, black level, line status, sequencer set","Acquisition start/end, exposure start/end, line rise/fall, error",2 counters and 2 timers,"노출 시간, gain","Software trigger, hardware trigger, PTP (IEEE 1588)",GigE Vision v2.0,"CE, KC, FCC, RoHS, REACH, WEEE",-30 to 60°C,-20 to 55°C 주변,"동작: 20% ~ 80%, relative, 비 응축","DIN EN 60068-2-27, DIN EN 60068-2-64",3 year,ATL314S,,,,,,,,,,,,,,,,,,,,,,,,,,,,,,,,,,,M12
Lucid Vision,Y,ATL314S-MNL,,"6464 x 4852 px, 31.4 MP",17.9 FPS @ 31.4 MP (8 Bit ADC mode)14.4 FPS @ 31.4 MP (10 Bit ADC mode)12.1 FPS @ 31.4 MP (12 Bit ADC mode),Sony IMX342 CMOS,27.9mm (Type APS-C),3.45 µm (H) x 3.45 µm (V),Global Shutter,No lens mount,Mono,"5GBASE-T (5GigE), 2.5GBASE-T, 1000BASE-T, 100BASE-TXM12, PoE",,TFL-Mount: 55 x 55 x 70 mmNo Lens Mount: 55 x 55 x 65 mm,240 g,8 핀M8커넥터,"1 input, 1 output",2 bi-directional,"PoE (IEEE 802.3af), or 12-24 VDC ±5% external","PoE를 통한 8.5W, 외부 전원 공급시 8W",380 MB,"Gain, gamma, black level, white balance, LUT, CCM, pixel correction, color space conversion","Mono8/10/12/16, Bayer8/10/12/16, RGB8, BGR8, YCbCr8, YCbCr411, YUV422, YUV411",,"수평 및 수직 비닝, 서브 샘플링, ROI, 수평 및 수직 뒤집기","8, 10, 12 bit",0 dB ~ 48 dB 아날로그 및 디지털,47 μs to 10 s (Normal) / 2 μs to 32 μs (Short Mode),1 default and 2 custom user set,16 MB,"Frame counter, offset X/Y, width/height, 노출 시간, gain, black level, line status, sequencer set","Acquisition start/end, exposure start/end, line rise/fall, error",2 counters and 2 timers,"노출 시간, gain","Software trigger, hardware trigger, PTP (IEEE 1588)",GigE Vision v2.0,"CE, KC, FCC, RoHS, REACH, WEEE",-30 to 60°C,-20 to 55°C 주변,"동작: 20% ~ 80%, relative, 비 응축","DIN EN 60068-2-27, DIN EN 60068-2-64",3 year,ATL314S,,,,,,,,,,,,,,,,,,,,,,,,,,,,,,,,,,,M12
Lucid Vision,N,ATL196S,19.6 MP,"4416 x 4428 px, 19.6 MP",27.9 FPS @ 19.6 MP (8 Bit ADC mode)22.7 FPS @ 19.6 MP (10 Bit ADC mode)19.1 FPS @ 19.6 MP (12 Bit ADC mode),Sony IMX367 CMOS,21.7mm (Type 4/3),3.45 µm (H) x 3.45 µm (V),Global Shutter,C-Mount,Mono / Color,"5GBASE-T (5GigE), 2.5GBASE-T, 1000BASE-T, 100BASE-TXM12, PoE",,55 x 55 x 70 mm,240 g,8 핀M8커넥터,"1 input, 1 output",2 bi-directional,"PoE (IEEE 802.3af), or 12-24 VDC ±5% external","PoE를 통한 8.5W, 외부 전원 공급시 8W",380 MB,"Gain, gamma, black level, white balance, LUT, CCM, pixel correction, color space conversion","Mono8/10/12/16, Bayer8/10/12/16, RGB8, BGR8, YCbCr8, YCbCr411, YUV422, YUV411",,"수평 및 수직 비닝, 서브 샘플링, ROI, 수평 및 수직 뒤집기","8, 10, 12 bit",0 dB ~ 48 dB 아날로그 및 디지털,30 μs to 10 s,1 default and 2 custom user set,16 MB,"Frame counter, offset X/Y, width/height, 노출 시간, gain, black level, line status, sequencer set","Acquisition start/end, exposure start/end, line rise/fall, error",2 counters and 2 timers,"노출 시간, gain","Software trigger, hardware trigger, PTP (IEEE 1588)",GigE Vision v2.0,"CE, KC, FCC, RoHS, REACH, WEEE",-30 to 60°C,-20 to 55°C 주변,"동작: 20% ~ 80%, relative, 비 응축","DIN EN 60068-2-27, DIN EN 60068-2-64",3 year,,,,,,,,,,,,,,,,,,,,,,,,,,,,,,,,,,,,
Lucid Vision,Y,ATL196S-CT,,"4416 x 4428 px, 19.6 MP",27.9 FPS @ 19.6 MP (8 Bit ADC mode)22.7 FPS @ 19.6 MP (10 Bit ADC mode)19.1 FPS @ 19.6 MP (12 Bit ADC mode),Sony IMX367 CMOS,21.7mm (Type 4/3),3.45 µm (H) x 3.45 µm (V),Global Shutter,TFL-mount,Color,"5GBASE-T (5GigE), 2.5GBASE-T, 1000BASE-T, 100BASE-TXM12, PoE",,55 x 55 x 70 mm,240 g,8 핀M8커넥터,"1 input, 1 output",2 bi-directional,"PoE (IEEE 802.3af), or 12-24 VDC ±5% external","PoE를 통한 8.5W, 외부 전원 공급시 8W",380 MB,"Gain, gamma, black level, white balance, LUT, CCM, pixel correction, color space conversion","Mono8/10/12/16, Bayer8/10/12/16, RGB8, BGR8, YCbCr8, YCbCr411, YUV422, YUV411",,"수평 및 수직 비닝, 서브 샘플링, ROI, 수평 및 수직 뒤집기","8, 10, 12 bit",0 dB ~ 48 dB 아날로그 및 디지털,30 μs to 10 s,1 default and 2 custom user set,16 MB,"Frame counter, offset X/Y, width/height, 노출 시간, gain, black level, line status, sequencer set","Acquisition start/end, exposure start/end, line rise/fall, error",2 counters and 2 timers,"노출 시간, gain","Software trigger, hardware trigger, PTP (IEEE 1588)",GigE Vision v2.0,"CE, KC, FCC, RoHS, REACH, WEEE",-30 to 60°C,-20 to 55°C 주변,"동작: 20% ~ 80%, relative, 비 응축","DIN EN 60068-2-27, DIN EN 60068-2-64",3 year,ATL196S,,,,,,,,,,,,,,,,,,,,,,,,,,,,,,,,,,,M12
Lucid Vision,Y,ATL196S-MT,,"4416 x 4428 px, 19.6 MP",27.9 FPS @ 19.6 MP (8 Bit ADC mode)22.7 FPS @ 19.6 MP (10 Bit ADC mode)19.1 FPS @ 19.6 MP (12 Bit ADC mode),Sony IMX367 CMOS,21.7mm (Type 4/3),3.45 µm (H) x 3.45 µm (V),Global Shutter,TFL-mount,Mono,"5GBASE-T (5GigE), 2.5GBASE-T, 1000BASE-T, 100BASE-TXM12, PoE",,55 x 55 x 70 mm,240 g,8 핀M8커넥터,"1 input, 1 output",2 bi-directional,"PoE (IEEE 802.3af), or 12-24 VDC ±5% external","PoE를 통한 8.5W, 외부 전원 공급시 8W",380 MB,"Gain, gamma, black level, white balance, LUT, CCM, pixel correction, color space conversion","Mono8/10/12/16, Bayer8/10/12/16, RGB8, BGR8, YCbCr8, YCbCr411, YUV422, YUV411",,"수평 및 수직 비닝, 서브 샘플링, ROI, 수평 및 수직 뒤집기","8, 10, 12 bit",0 dB ~ 48 dB 아날로그 및 디지털,30 μs to 10 s,1 default and 2 custom user set,16 MB,"Frame counter, offset X/Y, width/height, 노출 시간, gain, black level, line status, sequencer set","Acquisition start/end, exposure start/end, line rise/fall, error",2 counters and 2 timers,"노출 시간, gain","Software trigger, hardware trigger, PTP (IEEE 1588)",GigE Vision v2.0,"CE, KC, FCC, RoHS, REACH, WEEE",-30 to 60°C,-20 to 55°C 주변,"동작: 20% ~ 80%, relative, 비 응축","DIN EN 60068-2-27, DIN EN 60068-2-64",3 year,ATL196S,,,,,,,,,,,,,,,,,,,,,,,,,,,,,,,,,,,M12
Lucid Vision,N,ATL168S,16.8 MP,"5456 x 3076 px, 16.8 MP",32.9 FPS @ 16.8 MP (8 Bit ADC mode)26.6 FPS @ 16.8 MP (10 Bit ADC mode)22.3 FPS @ 16.8 MP (12 Bit ADC mode),Sony IMX387 CMOS,21.6mm (Type 4/3),3.45 µm (H) x 3.45 µm (V),Global Shutter,C-Mount,Mono / Color,"5GBASE-T (5GigE), 2.5GBASE-T, 1000BASE-T, 100BASE-TXM12, PoE",,55 x 55 x 70 mm,240 g,8 핀M8커넥터,"1 input, 1 output",2 bi-directional,"PoE (IEEE 802.3af), or 12-24 VDC ±5% external","PoE를 통한 8.5W, 외부 전원 공급시 8W",380 MB,"Gain, gamma, black level, white balance, LUT, CCM, pixel correction, color space conversion","Mono8/10/12/16, Bayer8/10/12/16, RGB8, BGR8, YCbCr8, YCbCr411, YUV422, YUV411",,"수평 및 수직 비닝, 서브 샘플링, ROI, 수평 및 수직 뒤집기","8, 10, 12 bit",0 dB ~ 48 dB 아날로그 및 디지털,30 μs to 10 s,1 default and 2 custom user set,16 MB,"Frame counter, offset X/Y, width/height, 노출 시간, gain, black level, line status, sequencer set","Acquisition start/end, exposure start/end, line rise/fall, error",2 counters and 2 timers,"노출 시간, gain","Software trigger, hardware trigger, PTP (IEEE 1588)",GigE Vision v2.0,"CE, KC, FCC, RoHS, REACH, WEEE",-30 to 60°C,-20 to 55°C 주변,"동작: 20% ~ 80%, relative, 비 응축","DIN EN 60068-2-27, DIN EN 60068-2-64",3 year,,,,,,,,,,,,,,,,,,,,,,,,,,,,,,,,,,,,
Lucid Vision,Y,ATL168S-CT,,"5456 x 3076 px, 16.8 MP",32.9 FPS @ 16.8 MP (8 Bit ADC mode)26.6 FPS @ 16.8 MP (10 Bit ADC mode)22.3 FPS @ 16.8 MP (12 Bit ADC mode),Sony IMX387 CMOS,21.6mm (Type 4/3),3.45 µm (H) x 3.45 µm (V),Global Shutter,TFL-mount,Color,"5GBASE-T (5GigE), 2.5GBASE-T, 1000BASE-T, 100BASE-TXM12, PoE",,55 x 55 x 70 mm,240 g,8 핀M8커넥터,"1 input, 1 output",2 bi-directional,"PoE (IEEE 802.3af), or 12-24 VDC ±5% external","PoE를 통한 8.5W, 외부 전원 공급시 8W",380 MB,"Gain, gamma, black level, white balance, LUT, CCM, pixel correction, color space conversion","Mono8/10/12/16, Bayer8/10/12/16, RGB8, BGR8, YCbCr8, YCbCr411, YUV422, YUV411",,"수평 및 수직 비닝, 서브 샘플링, ROI, 수평 및 수직 뒤집기","8, 10, 12 bit",0 dB ~ 48 dB 아날로그 및 디지털,30 μs to 10 s,1 default and 2 custom user set,16 MB,"Frame counter, offset X/Y, width/height, 노출 시간, gain, black level, line status, sequencer set","Acquisition start/end, exposure start/end, line rise/fall, error",2 counters and 2 timers,"노출 시간, gain","Software trigger, hardware trigger, PTP (IEEE 1588)",GigE Vision v2.0,"CE, KC, FCC, RoHS, REACH, WEEE",-30 to 60°C,-20 to 55°C 주변,"동작: 20% ~ 80%, relative, 비 응축","DIN EN 60068-2-27, DIN EN 60068-2-64",3 year,ATL168S,,,,,,,,,,,,,,,,,,,,,,,,,,,,,,,,,,,M12
Lucid Vision,Y,ATL168S-MT,,"5456 x 3076 px, 16.8 MP",32.9 FPS @ 16.8 MP (8 Bit ADC mode)26.6 FPS @ 16.8 MP (10 Bit ADC mode)22.3 FPS @ 16.8 MP (12 Bit ADC mode),Sony IMX387 CMOS,21.6mm (Type 4/3),3.45 µm (H) x 3.45 µm (V),Global Shutter,TFL-mount,Mono,"5GBASE-T (5GigE), 2.5GBASE-T, 1000BASE-T, 100BASE-TXM12, PoE",,55 x 55 x 70 mm,240 g,8 핀M8커넥터,"1 input, 1 output",2 bi-directional,"PoE (IEEE 802.3af), or 12-24 VDC ±5% external","PoE를 통한 8.5W, 외부 전원 공급시 8W",380 MB,"Gain, gamma, black level, white balance, LUT, CCM, pixel correction, color space conversion","Mono8/10/12/16, Bayer8/10/12/16, RGB8, BGR8, YCbCr8, YCbCr411, YUV422, YUV411",,"수평 및 수직 비닝, 서브 샘플링, ROI, 수평 및 수직 뒤집기","8, 10, 12 bit",0 dB ~ 48 dB 아날로그 및 디지털,30 μs to 10 s,1 default and 2 custom user set,16 MB,"Frame counter, offset X/Y, width/height, 노출 시간, gain, black level, line status, sequencer set","Acquisition start/end, exposure start/end, line rise/fall, error",2 counters and 2 timers,"노출 시간, gain","Software trigger, hardware trigger, PTP (IEEE 1588)",GigE Vision v2.0,"CE, KC, FCC, RoHS, REACH, WEEE",-30 to 60°C,-20 to 55°C 주변,"동작: 20% ~ 80%, relative, 비 응축","DIN EN 60068-2-27, DIN EN 60068-2-64",3 year,ATL168S,,,,,,,,,,,,,,,,,,,,,,,,,,,,,,,,,,,M12
Lucid Vision,N,ATL120S,12.3 MP,"4096 x 3000 px, 12.3 MP",42.5 FPS @ 12.3 MP (8 Bit ADC mode)34.5 FPS @ 12.3 MP (10 Bit ADC mode)29.1 FPS @ 12.3 MP (12 Bit ADC mode),Sony IMX253 CMOS,17.6mm (Type 1.1″),3.45 µm (H) x 3.45 µm (V),Global Shutter,C-Mount / 렌즈 마운트 없음,Mono / Color,"5GBASE-T (5GigE), 2.5GBASE-T, 1000BASE-T, 100BASE-TXM12, PoE",,55 x 55 x 70 mm (C-Mount)55 x 55 x 65 mm (렌즈 마운트 없음),240 g,8 핀M8커넥터,"1 input, 1 output",2 bi-directional,"PoE (IEEE 802.3af), or 12-24 ±5% VDC external","PoE를 통한 8W, 외부 전원 공급시 7W",380 MB,"Gain, gamma, black level, white balance, LUT, CCM, pixel correction, color space conversion","Mono8/10/12/16, Bayer8/10/12/16, RGB8, BGR8, YCbCr8, YCbCr411, YUV422, YUV411",,"수평 및 수직 비닝, 서브 샘플링, ROI, 수평 및 수직 뒤집기","8, 10, 12 bit",0 dB ~ 48 dB 아날로그 및 디지털,25.4 μs to 10 s (Normal) / 1 μs to 16 μs (Short Mode),1 default and 2 custom user set,16 MB,"Frame counter, offset X/Y, width/height, 노출 시간, gain, black level, line status, sequencer set","Acquisition start/end, exposure start/end, line rise/fall, error",2 counters and 2 timers,"노출 시간, gain","Software trigger, hardware trigger, PTP (IEEE 1588)",GigE Vision v2.0,"CE, KC, FCC, RoHS, REACH, WEEE",-30 to 60°C,-20 to 55°C 주변,"동작: 20% ~ 80%, relative, 비 응축","DIN EN 60068-2-27, DIN EN 60068-2-64",3 year,,,,,,,,,,,,,,,,,,,,,,,,,,,,,,,,,,,,
Lucid Vision,Y,ATL120S-CC,,"4096 x 3000 px, 12.3 MP",42.5 FPS @ 12.3 MP (8 Bit ADC mode)34.5 FPS @ 12.3 MP (10 Bit ADC mode)29.1 FPS @ 12.3 MP (12 Bit ADC mode),Sony IMX253 CMOS,17.6mm (Type 1.1″),3.45 µm (H) x 3.45 µm (V),Global Shutter,C-mount,Color,"5GBASE-T (5GigE), 2.5GBASE-T, 1000BASE-T, 100BASE-TXM12, PoE",,55 x 55 x 70 mm (C-Mount)55 x 55 x 65 mm (렌즈 마운트 없음),240 g,8 핀M8커넥터,"1 input, 1 output",2 bi-directional,"PoE (IEEE 802.3af), or 12-24 ±5% VDC external","PoE를 통한 8W, 외부 전원 공급시 7W",380 MB,"Gain, gamma, black level, white balance, LUT, CCM, pixel correction, color space conversion","Mono8/10/12/16, Bayer8/10/12/16, RGB8, BGR8, YCbCr8, YCbCr411, YUV422, YUV411",,"수평 및 수직 비닝, 서브 샘플링, ROI, 수평 및 수직 뒤집기","8, 10, 12 bit",0 dB ~ 48 dB 아날로그 및 디지털,25.4 μs to 10 s (Normal) / 1 μs to 16 μs (Short Mode),1 default and 2 custom user set,16 MB,"Frame counter, offset X/Y, width/height, 노출 시간, gain, black level, line status, sequencer set","Acquisition start/end, exposure start/end, line rise/fall, error",2 counters and 2 timers,"노출 시간, gain","Software trigger, hardware trigger, PTP (IEEE 1588)",GigE Vision v2.0,"CE, KC, FCC, RoHS, REACH, WEEE",-30 to 60°C,-20 to 55°C 주변,"동작: 20% ~ 80%, relative, 비 응축","DIN EN 60068-2-27, DIN EN 60068-2-64",3 year,ATL120S,,,,,,,,,,,,,,,,,,,,,,,,,,,,,,,,,,,M12
Lucid Vision,Y,ATL120S-MC,,"4096 x 3000 px, 12.3 MP",42.5 FPS @ 12.3 MP (8 Bit ADC mode)34.5 FPS @ 12.3 MP (10 Bit ADC mode)29.1 FPS @ 12.3 MP (12 Bit ADC mode),Sony IMX253 CMOS,17.6mm (Type 1.1″),3.45 µm (H) x 3.45 µm (V),Global Shutter,C-mount,Mono,"5GBASE-T (5GigE), 2.5GBASE-T, 1000BASE-T, 100BASE-TXM12, PoE",,55 x 55 x 70 mm (C-Mount)55 x 55 x 65 mm (렌즈 마운트 없음),240 g,8 핀M8커넥터,"1 input, 1 output",2 bi-directional,"PoE (IEEE 802.3af), or 12-24 ±5% VDC external","PoE를 통한 8W, 외부 전원 공급시 7W",380 MB,"Gain, gamma, black level, white balance, LUT, CCM, pixel correction, color space conversion","Mono8/10/12/16, Bayer8/10/12/16, RGB8, BGR8, YCbCr8, YCbCr411, YUV422, YUV411",,"수평 및 수직 비닝, 서브 샘플링, ROI, 수평 및 수직 뒤집기","8, 10, 12 bit",0 dB ~ 48 dB 아날로그 및 디지털,25.4 μs to 10 s (Normal) / 1 μs to 16 μs (Short Mode),1 default and 2 custom user set,16 MB,"Frame counter, offset X/Y, width/height, 노출 시간, gain, black level, line status, sequencer set","Acquisition start/end, exposure start/end, line rise/fall, error",2 counters and 2 timers,"노출 시간, gain","Software trigger, hardware trigger, PTP (IEEE 1588)",GigE Vision v2.0,"CE, KC, FCC, RoHS, REACH, WEEE",-30 to 60°C,-20 to 55°C 주변,"동작: 20% ~ 80%, relative, 비 응축","DIN EN 60068-2-27, DIN EN 60068-2-64",3 year,ATL120S,,,,,,,,,,,,,,,,,,,,,,,,,,,,,,,,,,,M12
Lucid Vision,Y,ATL120S-CNL,,"4096 x 3000 px, 12.3 MP",42.5 FPS @ 12.3 MP (8 Bit ADC mode)34.5 FPS @ 12.3 MP (10 Bit ADC mode)29.1 FPS @ 12.3 MP (12 Bit ADC mode),Sony IMX253 CMOS,17.6mm (Type 1.1″),3.45 µm (H) x 3.45 µm (V),Global Shutter,렌즈 마운트 없음,Color,"5GBASE-T (5GigE), 2.5GBASE-T, 1000BASE-T, 100BASE-TXM12, PoE",,55 x 55 x 70 mm (C-Mount)55 x 55 x 65 mm (렌즈 마운트 없음),240 g,8 핀M8커넥터,"1 input, 1 output",2 bi-directional,"PoE (IEEE 802.3af), or 12-24 ±5% VDC external","PoE를 통한 8W, 외부 전원 공급시 7W",380 MB,"Gain, gamma, black level, white balance, LUT, CCM, pixel correction, color space conversion","Mono8/10/12/16, Bayer8/10/12/16, RGB8, BGR8, YCbCr8, YCbCr411, YUV422, YUV411",,"수평 및 수직 비닝, 서브 샘플링, ROI, 수평 및 수직 뒤집기","8, 10, 12 bit",0 dB ~ 48 dB 아날로그 및 디지털,25.4 μs to 10 s (Normal) / 1 μs to 16 μs (Short Mode),1 default and 2 custom user set,16 MB,"Frame counter, offset X/Y, width/height, 노출 시간, gain, black level, line status, sequencer set","Acquisition start/end, exposure start/end, line rise/fall, error",2 counters and 2 timers,"노출 시간, gain","Software trigger, hardware trigger, PTP (IEEE 1588)",GigE Vision v2.0,"CE, KC, FCC, RoHS, REACH, WEEE",-30 to 60°C,-20 to 55°C 주변,"동작: 20% ~ 80%, relative, 비 응축","DIN EN 60068-2-27, DIN EN 60068-2-64",3 year,ATL120S,,,,,,,,,,,,,,,,,,,,,,,,,,,,,,,,,,,M12
Lucid Vision,Y,ATL120S-MNL,,"4096 x 3000 px, 12.3 MP",42.5 FPS @ 12.3 MP (8 Bit ADC mode)34.5 FPS @ 12.3 MP (10 Bit ADC mode)29.1 FPS @ 12.3 MP (12 Bit ADC mode),Sony IMX253 CMOS,17.6mm (Type 1.1″),3.45 µm (H) x 3.45 µm (V),Global Shutter,렌즈 마운트 없음,Mono,"5GBASE-T (5GigE), 2.5GBASE-T, 1000BASE-T, 100BASE-TXM12, PoE",,55 x 55 x 70 mm (C-Mount)55 x 55 x 65 mm (렌즈 마운트 없음),240 g,8 핀M8커넥터,"1 input, 1 output",2 bi-directional,"PoE (IEEE 802.3af), or 12-24 ±5% VDC external","PoE를 통한 8W, 외부 전원 공급시 7W",380 MB,"Gain, gamma, black level, white balance, LUT, CCM, pixel correction, color space conversion","Mono8/10/12/16, Bayer8/10/12/16, RGB8, BGR8, YCbCr8, YCbCr411, YUV422, YUV411",,"수평 및 수직 비닝, 서브 샘플링, ROI, 수평 및 수직 뒤집기","8, 10, 12 bit",0 dB ~ 48 dB 아날로그 및 디지털,25.4 μs to 10 s (Normal) / 1 μs to 16 μs (Short Mode),1 default and 2 custom user set,16 MB,"Frame counter, offset X/Y, width/height, 노출 시간, gain, black level, line status, sequencer set","Acquisition start/end, exposure start/end, line rise/fall, error",2 counters and 2 timers,"노출 시간, gain","Software trigger, hardware trigger, PTP (IEEE 1588)",GigE Vision v2.0,"CE, KC, FCC, RoHS, REACH, WEEE",-30 to 60°C,-20 to 55°C 주변,"동작: 20% ~ 80%, relative, 비 응축","DIN EN 60068-2-27, DIN EN 60068-2-64",3 year,ATL120S,,,,,,,,,,,,,,,,,,,,,,,,,,,,,,,,,,,M12
Lucid Vision,N,ATL089S,8.9 MP,"4096 x 2160 px, 8.9 MP",58.5 FPS @ 8.9 MP (8 Bit ADC mode)47.4 FPS @ 8.9 MP (10 Bit ADC mode)40 FPS @ 8.9 MP (12 Bit ADC mode),Sony IMX255 CMOS,16.1mm (Type 1″),3.45 µm (H) x 3.45 µm (V),Global Shutter,C-Mount,Mono / Color,"5GBASE-T (5GigE), 2.5GBASE-T, 1000BASE-T, 100BASE-TXM12, PoE",,55 x 55 x 70 mm,240 g,8 핀M8커넥터,"1 input, 1 output",2 bi-directional,"PoE (IEEE 802.3af), or 12-24 VDC ±5% external","PoE를 통한 8W, 외부 전원 공급시 7W",380 MB,"Gain, gamma, black level, white balance, LUT, CCM, pixel correction, color space conversion","Mono8/10/12/16, Bayer8/10/12/16, RGB8, BGR8, YCbCr8, YCbCr411, YUV422, YUV411",,"수평 및 수직 비닝, 서브 샘플링, ROI, 수평 및 수직 뒤집기","8, 10, 12 bit",0 dB ~ 48 dB 아날로그 및 디지털,30 μs to 10 s,1 default and 2 custom user set,16 MB,"Frame counter, offset X/Y, width/height, 노출 시간, gain, black level, line status, sequencer set","Acquisition start/end, exposure start/end, line rise/fall, error",2 counters and 2 timers,"노출 시간, gain","Software trigger, hardware trigger, PTP (IEEE 1588)",GigE Vision v2.0,"CE, KC, FCC, RoHS, REACH, WEEE",-30 to 60°C,-20 to 55°C 주변,"동작: 20% ~ 80%, relative, 비 응축","DIN EN 60068-2-27, DIN EN 60068-2-64",3 year,,,,,,,,,,,,,,,,,,,,,,,,,,,,,,,,,,,,
Lucid Vision,Y,ATL089S-CC,,"4096 x 2160 px, 8.9 MP",58.5 FPS @ 8.9 MP (8 Bit ADC mode)47.4 FPS @ 8.9 MP (10 Bit ADC mode)40 FPS @ 8.9 MP (12 Bit ADC mode),Sony IMX255 CMOS,16.1mm (Type 1″),3.45 µm (H) x 3.45 µm (V),Global Shutter,C-mount,Color,"5GBASE-T (5GigE), 2.5GBASE-T, 1000BASE-T, 100BASE-TXM12, PoE",,55 x 55 x 70 mm,240 g,8 핀M8커넥터,"1 input, 1 output",2 bi-directional,"PoE (IEEE 802.3af), or 12-24 VDC ±5% external","PoE를 통한 8W, 외부 전원 공급시 7W",380 MB,"Gain, gamma, black level, white balance, LUT, CCM, pixel correction, color space conversion","Mono8/10/12/16, Bayer8/10/12/16, RGB8, BGR8, YCbCr8, YCbCr411, YUV422, YUV411",,"수평 및 수직 비닝, 서브 샘플링, ROI, 수평 및 수직 뒤집기","8, 10, 12 bit",0 dB ~ 48 dB 아날로그 및 디지털,30 μs to 10 s,1 default and 2 custom user set,16 MB,"Frame counter, offset X/Y, width/height, 노출 시간, gain, black level, line status, sequencer set","Acquisition start/end, exposure start/end, line rise/fall, error",2 counters and 2 timers,"노출 시간, gain","Software trigger, hardware trigger, PTP (IEEE 1588)",GigE Vision v2.0,"CE, KC, FCC, RoHS, REACH, WEEE",-30 to 60°C,-20 to 55°C 주변,"동작: 20% ~ 80%, relative, 비 응축","DIN EN 60068-2-27, DIN EN 60068-2-64",3 year,ATL089S,,,,,,,,,,,,,,,,,,,,,,,,,,,,,,,,,,,M12
Lucid Vision,Y,ATL089S-MC,,"4096 x 2160 px, 8.9 MP",58.5 FPS @ 8.9 MP (8 Bit ADC mode)47.4 FPS @ 8.9 MP (10 Bit ADC mode)40 FPS @ 8.9 MP (12 Bit ADC mode),Sony IMX255 CMOS,16.1mm (Type 1″),3.45 µm (H) x 3.45 µm (V),Global Shutter,C-mount,Mono,"5GBASE-T (5GigE), 2.5GBASE-T, 1000BASE-T, 100BASE-TXM12, PoE",,55 x 55 x 70 mm,240 g,8 핀M8커넥터,"1 input, 1 output",2 bi-directional,"PoE (IEEE 802.3af), or 12-24 VDC ±5% external","PoE를 통한 8W, 외부 전원 공급시 7W",380 MB,"Gain, gamma, black level, white balance, LUT, CCM, pixel correction, color space conversion","Mono8/10/12/16, Bayer8/10/12/16, RGB8, BGR8, YCbCr8, YCbCr411, YUV422, YUV411",,"수평 및 수직 비닝, 서브 샘플링, ROI, 수평 및 수직 뒤집기","8, 10, 12 bit",0 dB ~ 48 dB 아날로그 및 디지털,30 μs to 10 s,1 default and 2 custom user set,16 MB,"Frame counter, offset X/Y, width/height, 노출 시간, gain, black level, line status, sequencer set","Acquisition start/end, exposure start/end, line rise/fall, error",2 counters and 2 timers,"노출 시간, gain","Software trigger, hardware trigger, PTP (IEEE 1588)",GigE Vision v2.0,"CE, KC, FCC, RoHS, REACH, WEEE",-30 to 60°C,-20 to 55°C 주변,"동작: 20% ~ 80%, relative, 비 응축","DIN EN 60068-2-27, DIN EN 60068-2-64",3 year,ATL089S,,,,,,,,,,,,,,,,,,,,,,,,,,,,,,,,,,,M12
Lucid Vision,N,ATL071S,7.1 MP,"3208 x 2200 px, 7.1 MP",74.6 FPS @ 7.1 MP (8 Bit ADC mode)60.5 FPS @ 7.1 MP (10 Bit ADC mode)50.9 FPS @ 7.1MP (12 Bit ADC mode),Sony IMX420 CMOS,17.6mm (Type 1.1″),4.5 µm (H) x 4.5 µm (V),Global Shutter,C-Mount,Mono / Color,"5GBASE-T (5GigE), 2.5GBASE-T, 1000BASE-T, 100BASE-TXM12, PoE",,55 x 55 x 70 mm,240 g,8 핀M8커넥터,"1 input, 1 output",2 bi-directional,"PoE (IEEE 802.3af), or 12-24 VDC ±5% external","PoE를 통한 8W, 외부 전원 공급시 7W",380 MB,"Gain, gamma, black level, white balance, LUT, CCM, pixel correction, color space conversion","Mono8/10/12/16, Bayer8/10/12/16, RGB8, BGR8, YCbCr8, YCbCr411, YUV422, YUV411",,"수평 및 수직 비닝, 서브 샘플링, ROI, 수평 및 수직 뒤집기","8, 10, 12 bit",0 dB ~ 48 dB 아날로그 및 디지털,13.7 μs to 10 s (Normal) / 1 μs to 5 μs (Short Mode),1 default and 2 custom user set,16 MB,"Frame counter, offset X/Y, width/height, 노출 시간, gain, black level, line status, sequencer set","Acquisition start/end, exposure start/end, line rise/fall, error",2 counters and 2 timers,"노출 시간, gain","Software trigger, hardware trigger, PTP (IEEE 1588)",GigE Vision v2.0,"CE, KC, FCC, RoHS, REACH, WEEE",-30 to 60°C,-20 to 55°C 주변,"동작: 20% ~ 80%, relative, 비 응축","DIN EN 60068-2-27, DIN EN 60068-2-64",3 year,,,,,,,,,,,Normal and High Mode (High: 2.3x in analog domain),,,,,,,,,,,,,,,,,,,,,,,,,
Lucid Vision,Y,ATL071S-CC,,"3208 x 2200 px, 7.1 MP",74.6 FPS @ 7.1 MP (8 Bit ADC mode)60.5 FPS @ 7.1 MP (10 Bit ADC mode)50.9 FPS @ 7.1MP (12 Bit ADC mode),Sony IMX420 CMOS,17.6mm (Type 1.1″),4.5 µm (H) x 4.5 µm (V),Global Shutter,C-mount,Color,"5GBASE-T (5GigE), 2.5GBASE-T, 1000BASE-T, 100BASE-TXM12, PoE",,55 x 55 x 70 mm,240 g,8 핀M8커넥터,"1 input, 1 output",2 bi-directional,"PoE (IEEE 802.3af), or 12-24 VDC ±5% external","PoE를 통한 8W, 외부 전원 공급시 7W",380 MB,"Gain, gamma, black level, white balance, LUT, CCM, pixel correction, color space conversion","Mono8/10/12/16, Bayer8/10/12/16, RGB8, BGR8, YCbCr8, YCbCr411, YUV422, YUV411",,"수평 및 수직 비닝, 서브 샘플링, ROI, 수평 및 수직 뒤집기","8, 10, 12 bit",0 dB ~ 48 dB 아날로그 및 디지털,13.7 μs to 10 s (Normal) / 1 μs to 5 μs (Short Mode),1 default and 2 custom user set,16 MB,"Frame counter, offset X/Y, width/height, 노출 시간, gain, black level, line status, sequencer set","Acquisition start/end, exposure start/end, line rise/fall, error",2 counters and 2 timers,"노출 시간, gain","Software trigger, hardware trigger, PTP (IEEE 1588)",GigE Vision v2.0,"CE, KC, FCC, RoHS, REACH, WEEE",-30 to 60°C,-20 to 55°C 주변,"동작: 20% ~ 80%, relative, 비 응축","DIN EN 60068-2-27, DIN EN 60068-2-64",3 year,ATL071S,,,,,,,,,,Normal and High Mode (High: 2.3x in analog domain),,,,,,,,,,,,,,,,,,,,,,,,,M12
Lucid Vision,Y,ATL071S-MC,,"3208 x 2200 px, 7.1 MP",74.6 FPS @ 7.1 MP (8 Bit ADC mode)60.5 FPS @ 7.1 MP (10 Bit ADC mode)50.9 FPS @ 7.1MP (12 Bit ADC mode),Sony IMX420 CMOS,17.6mm (Type 1.1″),4.5 µm (H) x 4.5 µm (V),Global Shutter,C-mount,Mono,"5GBASE-T (5GigE), 2.5GBASE-T, 1000BASE-T, 100BASE-TXM12, PoE",,55 x 55 x 70 mm,240 g,8 핀M8커넥터,"1 input, 1 output",2 bi-directional,"PoE (IEEE 802.3af), or 12-24 VDC ±5% external","PoE를 통한 8W, 외부 전원 공급시 7W",380 MB,"Gain, gamma, black level, white balance, LUT, CCM, pixel correction, color space conversion","Mono8/10/12/16, Bayer8/10/12/16, RGB8, BGR8, YCbCr8, YCbCr411, YUV422, YUV411",,"수평 및 수직 비닝, 서브 샘플링, ROI, 수평 및 수직 뒤집기","8, 10, 12 bit",0 dB ~ 48 dB 아날로그 및 디지털,13.7 μs to 10 s (Normal) / 1 μs to 5 μs (Short Mode),1 default and 2 custom user set,16 MB,"Frame counter, offset X/Y, width/height, 노출 시간, gain, black level, line status, sequencer set","Acquisition start/end, exposure start/end, line rise/fall, error",2 counters and 2 timers,"노출 시간, gain","Software trigger, hardware trigger, PTP (IEEE 1588)",GigE Vision v2.0,"CE, KC, FCC, RoHS, REACH, WEEE",-30 to 60°C,-20 to 55°C 주변,"동작: 20% ~ 80%, relative, 비 응축","DIN EN 60068-2-27, DIN EN 60068-2-64",3 year,ATL071S,,,,,,,,,,Normal and High Mode (High: 2.3x in analog domain),,,,,,,,,,,,,,,,,,,,,,,,,M12
Lucid Vision,N,ATL050S,5.0 MP,"2448 x 2048 px, 5.0 MP",98 FPS @ 5.0 MP (8 Bit ADC mode)80 FPS @ 5.0 MP (10 Bit ADC mode)68 FPS @ 5.0 MP (12 Bit ADC mode),Sony IMX250 CMOS,11.0 mm (Type 2/3″),3.45 µm (H) x 3.45 µm (V),Global Shutter,C-Mount,Mono / Color,"5GBASE-T (5GigE), 2.5GBASE-T, 1000BASE-T, 100BASE-TXM12, PoE",,55 x 55 x 70 mm,240 g,8 핀M8커넥터,"1 input, 1 output",2 bi-directional,"PoE (IEEE 802.3af), or 12-24 VDC ±5% external","PoE를 통한 8W, 외부 전원 공급시 7W",380 MB,"Gain, gamma, black level, white balance, LUT, CCM, pixel correction, color space conversion","Mono8/10/12/16, Bayer8/10/12/16, RGB8, BGR8, YCbCr8, YCbCr411, YUV422, YUV411",,"수평 및 수직 비닝, 서브 샘플링, ROI, 수평 및 수직 뒤집기","8, 10, 12 bit",0 dB ~ 48 dB 아날로그 및 디지털,30 μs to 10 s,1 default and 2 custom user set,16 MB,"Frame counter, offset X/Y, width/height, 노출 시간, gain, black level, line status, sequencer set","Acquisition start/end, exposure start/end, line rise/fall, error",2 counters and 2 timers,"노출 시간, gain","Software trigger, hardware trigger, PTP (IEEE 1588)",GigE Vision v2.0,"CE, KC, FCC, RoHS, REACH, WEEE",-30 to 60°C,-20 to 55°C 주변,"동작: 20% ~ 80%, relative, 비 응축","DIN EN 60068-2-27, DIN EN 60068-2-64",3 year,,,,,,,,,,,,,,,,,,,,,,,,,,,,,,,,,,,,
Lucid Vision,Y,ATL050S-CC,,"2448 x 2048 px, 5.0 MP",98 FPS @ 5.0 MP (8 Bit ADC mode)80 FPS @ 5.0 MP (10 Bit ADC mode)68 FPS @ 5.0 MP (12 Bit ADC mode),Sony IMX250 CMOS,11.0 mm (Type 2/3″),3.45 µm (H) x 3.45 µm (V),Global Shutter,C-mount,Color,"5GBASE-T (5GigE), 2.5GBASE-T, 1000BASE-T, 100BASE-TXM12, PoE",,55 x 55 x 70 mm,240 g,8 핀M8커넥터,"1 input, 1 output",2 bi-directional,"PoE (IEEE 802.3af), or 12-24 VDC ±5% external","PoE를 통한 8W, 외부 전원 공급시 7W",380 MB,"Gain, gamma, black level, white balance, LUT, CCM, pixel correction, color space conversion","Mono8/10/12/16, Bayer8/10/12/16, RGB8, BGR8, YCbCr8, YCbCr411, YUV422, YUV411",,"수평 및 수직 비닝, 서브 샘플링, ROI, 수평 및 수직 뒤집기","8, 10, 12 bit",0 dB ~ 48 dB 아날로그 및 디지털,30 μs to 10 s,1 default and 2 custom user set,16 MB,"Frame counter, offset X/Y, width/height, 노출 시간, gain, black level, line status, sequencer set","Acquisition start/end, exposure start/end, line rise/fall, error",2 counters and 2 timers,"노출 시간, gain","Software trigger, hardware trigger, PTP (IEEE 1588)",GigE Vision v2.0,"CE, KC, FCC, RoHS, REACH, WEEE",-30 to 60°C,-20 to 55°C 주변,"동작: 20% ~ 80%, relative, 비 응축","DIN EN 60068-2-27, DIN EN 60068-2-64",3 year,ATL050S,,,,,,,,,,,,,,,,,,,,,,,,,,,,,,,,,,,M12
Lucid Vision,Y,ATL050S-MC,,"2448 x 2048 px, 5.0 MP",98 FPS @ 5.0 MP (8 Bit ADC mode)80 FPS @ 5.0 MP (10 Bit ADC mode)68 FPS @ 5.0 MP (12 Bit ADC mode),Sony IMX250 CMOS,11.0 mm (Type 2/3″),3.45 µm (H) x 3.45 µm (V),Global Shutter,C-mount,Mono,"5GBASE-T (5GigE), 2.5GBASE-T, 1000BASE-T, 100BASE-TXM12, PoE",,55 x 55 x 70 mm,240 g,8 핀M8커넥터,"1 input, 1 output",2 bi-directional,"PoE (IEEE 802.3af), or 12-24 VDC ±5% external","PoE를 통한 8W, 외부 전원 공급시 7W",380 MB,"Gain, gamma, black level, white balance, LUT, CCM, pixel correction, color space conversion","Mono8/10/12/16, Bayer8/10/12/16, RGB8, BGR8, YCbCr8, YCbCr411, YUV422, YUV411",,"수평 및 수직 비닝, 서브 샘플링, ROI, 수평 및 수직 뒤집기","8, 10, 12 bit",0 dB ~ 48 dB 아날로그 및 디지털,30 μs to 10 s,1 default and 2 custom user set,16 MB,"Frame counter, offset X/Y, width/height, 노출 시간, gain, black level, line status, sequencer set","Acquisition start/end, exposure start/end, line rise/fall, error",2 counters and 2 timers,"노출 시간, gain","Software trigger, hardware trigger, PTP (IEEE 1588)",GigE Vision v2.0,"CE, KC, FCC, RoHS, REACH, WEEE",-30 to 60°C,-20 to 55°C 주변,"동작: 20% ~ 80%, relative, 비 응축","DIN EN 60068-2-27, DIN EN 60068-2-64",3 year,ATL050S,,,,,,,,,,,,,,,,,,,,,,,,,,,,,,,,,,,M12
Lucid Vision,N,ATL028S,2.8 MP,"1936 x 1464 px, 2.8 MP",173 FPS @ 2.8 MP (8 Bit ADC mode)143 FPS @ 2.8 (10 Bit ADC mode)121 FPS @ 2.8 (12 Bit ADC mode),Sony IMX421 CMOS,11.0 mm (Type 2/3″),4.5 µm (H) x 4.5 µm (V),Global Shutter,C-Mount,Mono / Color,"5GBASE-T (5GigE), 2.5GBASE-T, 1000BASE-T, 100BASE-TXM12, PoE",,55 x 55 x 70 mm,240 g,8 핀M8커넥터,"1 input, 1 output",2 bi-directional,"PoE (IEEE 802.3af), or 12-24 VDC ±5% external","PoE를 통한 8W, 외부 전원 공급시 7W",380 MB,"Gain, gamma, black level, white balance, LUT, CCM, pixel correction, color space conversion","Mono8/10/12/16, Bayer8/10/12/16, RGB8, BGR8, YCbCr8, YCbCr411, YUV422, YUV411",,"수평 및 수직 비닝, 서브 샘플링, ROI, 수평 및 수직 뒤집기","8, 10, 12 bit",0 dB ~ 48 dB 아날로그 및 디지털,10.3 μs to 10 s (Normal) / 1 μs to 5 μs (Short Mode),1 default and 2 custom user set,16 MB,"Frame counter, offset X/Y, width/height, 노출 시간, gain, black level, line status, sequencer set","Acquisition start/end, exposure start/end, line rise/fall, error",2 counters and 2 timers,"노출 시간, gain","Software trigger, hardware trigger, PTP (IEEE 1588)",GigE Vision v2.0,"CE, KC, FCC, RoHS, REACH, WEEE",-30 to 60°C,-20 to 55°C 주변,"동작: 20% ~ 80%, relative, 비 응축","DIN EN 60068-2-27, DIN EN 60068-2-64",3 year,,,,,,,,,,,Normal and High Mode (High: 2.3x in analog domain),,,,,,,,,,,,,,,,,,,,,,,,,
Lucid Vision,Y,ATL028S-CC,,"1936 x 1464 px, 2.8 MP",173 FPS @ 2.8 MP (8 Bit ADC mode)143 FPS @ 2.8 (10 Bit ADC mode)121 FPS @ 2.8 (12 Bit ADC mode),Sony IMX421 CMOS,11.0 mm (Type 2/3″),4.5 µm (H) x 4.5 µm (V),Global Shutter,C-mount,Color,"5GBASE-T (5GigE), 2.5GBASE-T, 1000BASE-T, 100BASE-TXM12, PoE",,55 x 55 x 70 mm,240 g,8 핀M8커넥터,"1 input, 1 output",2 bi-directional,"PoE (IEEE 802.3af), or 12-24 VDC ±5% external","PoE를 통한 8W, 외부 전원 공급시 7W",380 MB,"Gain, gamma, black level, white balance, LUT, CCM, pixel correction, color space conversion","Mono8/10/12/16, Bayer8/10/12/16, RGB8, BGR8, YCbCr8, YCbCr411, YUV422, YUV411",,"수평 및 수직 비닝, 서브 샘플링, ROI, 수평 및 수직 뒤집기","8, 10, 12 bit",0 dB ~ 48 dB 아날로그 및 디지털,10.3 μs to 10 s (Normal) / 1 μs to 5 μs (Short Mode),1 default and 2 custom user set,16 MB,"Frame counter, offset X/Y, width/height, 노출 시간, gain, black level, line status, sequencer set","Acquisition start/end, exposure start/end, line rise/fall, error",2 counters and 2 timers,"노출 시간, gain","Software trigger, hardware trigger, PTP (IEEE 1588)",GigE Vision v2.0,"CE, KC, FCC, RoHS, REACH, WEEE",-30 to 60°C,-20 to 55°C 주변,"동작: 20% ~ 80%, relative, 비 응축","DIN EN 60068-2-27, DIN EN 60068-2-64",3 year,ATL028S,,,,,,,,,,Normal and High Mode (High: 2.3x in analog domain),,,,,,,,,,,,,,,,,,,,,,,,,M12
Lucid Vision,Y,ATL028S-MC,,"1936 x 1464 px, 2.8 MP",173 FPS @ 2.8 MP (8 Bit ADC mode)143 FPS @ 2.8 (10 Bit ADC mode)121 FPS @ 2.8 (12 Bit ADC mode),Sony IMX421 CMOS,11.0 mm (Type 2/3″),4.5 µm (H) x 4.5 µm (V),Global Shutter,C-mount,Mono,"5GBASE-T (5GigE), 2.5GBASE-T, 1000BASE-T, 100BASE-TXM12, PoE",,55 x 55 x 70 mm,240 g,8 핀M8커넥터,"1 input, 1 output",2 bi-directional,"PoE (IEEE 802.3af), or 12-24 VDC ±5% external","PoE를 통한 8W, 외부 전원 공급시 7W",380 MB,"Gain, gamma, black level, white balance, LUT, CCM, pixel correction, color space conversion","Mono8/10/12/16, Bayer8/10/12/16, RGB8, BGR8, YCbCr8, YCbCr411, YUV422, YUV411",,"수평 및 수직 비닝, 서브 샘플링, ROI, 수평 및 수직 뒤집기","8, 10, 12 bit",0 dB ~ 48 dB 아날로그 및 디지털,10.3 μs to 10 s (Normal) / 1 μs to 5 μs (Short Mode),1 default and 2 custom user set,16 MB,"Frame counter, offset X/Y, width/height, 노출 시간, gain, black level, line status, sequencer set","Acquisition start/end, exposure start/end, line rise/fall, error",2 counters and 2 timers,"노출 시간, gain","Software trigger, hardware trigger, PTP (IEEE 1588)",GigE Vision v2.0,"CE, KC, FCC, RoHS, REACH, WEEE",-30 to 60°C,-20 to 55°C 주변,"동작: 20% ~ 80%, relative, 비 응축","DIN EN 60068-2-27, DIN EN 60068-2-64",3 year,ATL028S,,,,,,,,,,Normal and High Mode (High: 2.3x in analog domain),,,,,,,,,,,,,,,,,,,,,,,,,M12
Lucid Vision,N,ATP245S,24.5 MP,"5320 x 4600 px, 24.5 MP",22.7 fps,"Sony IMX540 CMOS (Pregius-S, BSI)",19.3mm (Type 1.2″),2.74 µm (H) x 2.74 µm (V),Global Shutter,C-Mount,Mono / Color,"10GBASE-T*, 5GBASE-T, 2.5GBASE-T, 1000BASE-T, 100BASE-TXM12, PoE(*10GBASE-T는 Short Reach 모드에서 실행, 최대 25m 케이블 길이)",22.7 FPS (24.6 FPS) @ 24.5 MP (8 Bit ADC mode)22.7 FPS (24.2 FPS) @ 24.5 MP (10 Bit ADC mode)21.8 FPS (21.8 FPS) @ 24.5 MP (12 Bit ADC mode),60 x 60 x 65 mm,340 g,8 핀M8커넥터,"1 input, 1 output",2 bi-directional,PoE (IEEE 802.3af) or 12-24 V ±5% through GPIO,"PoE를 통한 8W, 외부 전원 공급시 7W",380 MB,"Gain, gamma, black level, white balance, LUT, CCM, pixel correction, color space conversion","Mono8/10/12/16, Bayer8/10/12/16, RGB8, BGR8, YCbCr8, YCbCr411, YUV422, YUV411",,"수평 및 수직 비닝, 서브 샘플링, ROI, 수평 및 수직 뒤집기","8, 10, 12 bit",0 dB ~ 48 dB 아날로그 및 디지털,12.12 μs to 10 s (Normal) / 2.296 μs to 2.464 μs (Short Mode)),1 default and 2 custom user set,16 MB,"Frame counter, offset X/Y, width/height, 노출 시간, gain, black level, line status, sequencer set","Acquisition start/end, exposure start/end, line rise/fall, error",2 counters and 2 timers,"노출 시간, gain","Software trigger, hardware trigger, PTP (IEEE 1588)",GigE Vision v2.0,"CE, KC, FCC, RoHS, REACH, WEEE",-30 to 60°C,-20 to 55°C 주변,"동작: 20% ~ 80%, relative, 비 응축","DIN EN 60068-2-27, DIN EN 60068-2-64*",3 year,,,,,,,,,,,,,,,,,,,,,,,,,,,,,,,,,,,,
Lucid Vision,Y,ATP245S-CC,,"5320 x 4600 px, 24.5 MP",,"Sony IMX540 CMOS (Pregius-S, BSI)",19.3mm (Type 1.2″),2.74 µm (H) x 2.74 µm (V),Global Shutter,C-mount,Color,"10GBASE-T*, 5GBASE-T, 2.5GBASE-T, 1000BASE-T, 100BASE-TXM12, PoE(*10GBASE-T는 Short Reach 모드에서 실행, 최대 25m 케이블 길이)",22.7 FPS (24.6 FPS) @ 24.5 MP (8 Bit ADC mode)22.7 FPS (24.2 FPS) @ 24.5 MP (10 Bit ADC mode)21.8 FPS (21.8 FPS) @ 24.5 MP (12 Bit ADC mode),60 x 60 x 65 mm,340 g,8 핀M8커넥터,"1 input, 1 output",2 bi-directional,PoE (IEEE 802.3af) or 12-24 V ±5% through GPIO,"PoE를 통한 8W, 외부 전원 공급시 7W",380 MB,"Gain, gamma, black level, white balance, LUT, CCM, pixel correction, color space conversion","Mono8/10/12/16, Bayer8/10/12/16, RGB8, BGR8, YCbCr8, YCbCr411, YUV422, YUV411",,"수평 및 수직 비닝, 서브 샘플링, ROI, 수평 및 수직 뒤집기","8, 10, 12 bit",0 dB ~ 48 dB 아날로그 및 디지털,12.12 μs to 10 s (Normal) / 2.296 μs to 2.464 μs (Short Mode)),1 default and 2 custom user set,16 MB,"Frame counter, offset X/Y, width/height, 노출 시간, gain, black level, line status, sequencer set","Acquisition start/end, exposure start/end, line rise/fall, error",2 counters and 2 timers,"노출 시간, gain","Software trigger, hardware trigger, PTP (IEEE 1588)",GigE Vision v2.0,"CE, KC, FCC, RoHS, REACH, WEEE",-30 to 60°C,-20 to 55°C 주변,"동작: 20% ~ 80%, relative, 비 응축","DIN EN 60068-2-27, DIN EN 60068-2-64*",3 year,ATP245S,,,,,,,,,,,,,,,,,,,,,,,,,,,,,,,,,,,M12
Lucid Vision,Y,ATP245S-MC,,"5320 x 4600 px, 24.5 MP",,"Sony IMX540 CMOS (Pregius-S, BSI)",19.3mm (Type 1.2″),2.74 µm (H) x 2.74 µm (V),Global Shutter,C-mount,Mono,"10GBASE-T*, 5GBASE-T, 2.5GBASE-T, 1000BASE-T, 100BASE-TXM12, PoE(*10GBASE-T는 Short Reach 모드에서 실행, 최대 25m 케이블 길이)",22.7 FPS (24.6 FPS) @ 24.5 MP (8 Bit ADC mode)22.7 FPS (24.2 FPS) @ 24.5 MP (10 Bit ADC mode)21.8 FPS (21.8 FPS) @ 24.5 MP (12 Bit ADC mode),60 x 60 x 65 mm,340 g,8 핀M8커넥터,"1 input, 1 output",2 bi-directional,PoE (IEEE 802.3af) or 12-24 V ±5% through GPIO,"PoE를 통한 8W, 외부 전원 공급시 7W",380 MB,"Gain, gamma, black level, white balance, LUT, CCM, pixel correction, color space conversion","Mono8/10/12/16, Bayer8/10/12/16, RGB8, BGR8, YCbCr8, YCbCr411, YUV422, YUV411",,"수평 및 수직 비닝, 서브 샘플링, ROI, 수평 및 수직 뒤집기","8, 10, 12 bit",0 dB ~ 48 dB 아날로그 및 디지털,12.12 μs to 10 s (Normal) / 2.296 μs to 2.464 μs (Short Mode)),1 default and 2 custom user set,16 MB,"Frame counter, offset X/Y, width/height, 노출 시간, gain, black level, line status, sequencer set","Acquisition start/end, exposure start/end, line rise/fall, error",2 counters and 2 timers,"노출 시간, gain","Software trigger, hardware trigger, PTP (IEEE 1588)",GigE Vision v2.0,"CE, KC, FCC, RoHS, REACH, WEEE",-30 to 60°C,-20 to 55°C 주변,"동작: 20% ~ 80%, relative, 비 응축","DIN EN 60068-2-27, DIN EN 60068-2-64*",3 year,ATP245S,,,,,,,,,,,,,,,,,,,,,,,,,,,,,,,,,,,M12
Lucid Vision,N,ATP204S,20.4 MP,"4504 x 4504 px, 20.4 MP",27.4 fps,Sony IMX541 CMOS,17.5mm (Type 1.1″),2.74 µm (H) x 2.74 µm (V),Global Shutter,C-Mount,Mono / Color,"5GBASE-T (5GigE), 2.5GBASE-T, 1000BASE-T, 100BASE-TXM12, PoE",27.4 FPS (29.8 FPS) @ 20.4 MP (8 Bit ADC mode)27.4  FPS (28.6 FPS) @ 20.4 MP (10 Bit ADC mode)26.1 FPS (26.1 FPS) @ 20.4 MP (12 Bit ADC mode),60 x 60 x 65 mm,340 g,8 핀M8커넥터,"1 input, 1 output",2 bi-directional,"PoE (IEEE 802.3af), or 12-24 VDC ±5% external","PoE를 통한 8W, 외부 전원 공급시 7W",380 MB,"Gain, gamma, black level, white balance, LUT, CCM, pixel correction, color space conversion","Mono8/10/12/16, Bayer8/10/12/16, RGB8, BGR8, YCbCr8, YCbCr411, YUV422, YUV411",,"수평 및 수직 비닝, 서브 샘플링, ROI, 수평 및 수직 뒤집기","8, 10, 12 bit",0 dB ~ 48 dB 아날로그 및 디지털,0.74 μs ~ 10 s (Normal) / 2.29 μs ~ 2.46 μs (Short Mode),1 default and 2 custom user set,16 MB,"Frame counter, offset X/Y, width/height, 노출 시간, gain, black level, line status, sequencer set","Acquisition start/end, exposure start/end, line rise/fall, error",2 counters and 2 timers,"노출 시간, gain","Software trigger, hardware trigger, PTP (IEEE 1588)",GigE Vision v2.0,"CE, KC, FCC, RoHS, REACH, WEEE",-30 to 60°C,-20 to 55°C 주변,"동작: 20% ~ 80%, relative, 비 응축","DIN EN 60068-2-27, DIN EN 60068-2-64",3 year,,,IP67(IP67 보호를 위해 Triton은 IP67 렌즈 튜브 및 케이블과 함께 사용해야합니다),,,,,,DIN EN 61000-6-2,,,,,,,,,,,,,,,,,,,,,,,,,,,
Lucid Vision,Y,ATP204S-CC,,"4504 x 4504 px, 20.4 MP",,Sony IMX541 CMOS,17.5mm (Type 1.1″),2.74 µm (H) x 2.74 µm (V),Global Shutter,C-mount,Color,"5GBASE-T (5GigE), 2.5GBASE-T, 1000BASE-T, 100BASE-TXM12, PoE",27.4 FPS (29.8 FPS) @ 20.4 MP (8 Bit ADC mode)27.4  FPS (28.6 FPS) @ 20.4 MP (10 Bit ADC mode)26.1 FPS (26.1 FPS) @ 20.4 MP (12 Bit ADC mode),60 x 60 x 65 mm,340 g,8 핀M8커넥터,"1 input, 1 output",2 bi-directional,"PoE (IEEE 802.3af), or 12-24 VDC ±5% external","PoE를 통한 8W, 외부 전원 공급시 7W",380 MB,"Gain, gamma, black level, white balance, LUT, CCM, pixel correction, color space conversion","Mono8/10/12/16, Bayer8/10/12/16, RGB8, BGR8, YCbCr8, YCbCr411, YUV422, YUV411",,"수평 및 수직 비닝, 서브 샘플링, ROI, 수평 및 수직 뒤집기","8, 10, 12 bit",0 dB ~ 48 dB 아날로그 및 디지털,0.74 μs ~ 10 s (Normal) / 2.29 μs ~ 2.46 μs (Short Mode),1 default and 2 custom user set,16 MB,"Frame counter, offset X/Y, width/height, 노출 시간, gain, black level, line status, sequencer set","Acquisition start/end, exposure start/end, line rise/fall, error",2 counters and 2 timers,"노출 시간, gain","Software trigger, hardware trigger, PTP (IEEE 1588)",GigE Vision v2.0,"CE, KC, FCC, RoHS, REACH, WEEE",-30 to 60°C,-20 to 55°C 주변,"동작: 20% ~ 80%, relative, 비 응축","DIN EN 60068-2-27, DIN EN 60068-2-64",3 year,ATP204S,,IP67(IP67 보호를 위해 Triton은 IP67 렌즈 튜브 및 케이블과 함께 사용해야합니다),,,,,,DIN EN 61000-6-2,,,,,,,,,,,,,,,,,,,,,,,,,,,M12
Lucid Vision,Y,ATP204S-MC,,"4504 x 4504 px, 20.4 MP",,Sony IMX541 CMOS,17.5mm (Type 1.1″),2.74 µm (H) x 2.74 µm (V),Global Shutter,C-mount,Mono,"5GBASE-T (5GigE), 2.5GBASE-T, 1000BASE-T, 100BASE-TXM12, PoE",27.4 FPS (29.8 FPS) @ 20.4 MP (8 Bit ADC mode)27.4  FPS (28.6 FPS) @ 20.4 MP (10 Bit ADC mode)26.1 FPS (26.1 FPS) @ 20.4 MP (12 Bit ADC mode),60 x 60 x 65 mm,340 g,8 핀M8커넥터,"1 input, 1 output",2 bi-directional,"PoE (IEEE 802.3af), or 12-24 VDC ±5% external","PoE를 통한 8W, 외부 전원 공급시 7W",380 MB,"Gain, gamma, black level, white balance, LUT, CCM, pixel correction, color space conversion","Mono8/10/12/16, Bayer8/10/12/16, RGB8, BGR8, YCbCr8, YCbCr411, YUV422, YUV411",,"수평 및 수직 비닝, 서브 샘플링, ROI, 수평 및 수직 뒤집기","8, 10, 12 bit",0 dB ~ 48 dB 아날로그 및 디지털,0.74 μs ~ 10 s (Normal) / 2.29 μs ~ 2.46 μs (Short Mode),1 default and 2 custom user set,16 MB,"Frame counter, offset X/Y, width/height, 노출 시간, gain, black level, line status, sequencer set","Acquisition start/end, exposure start/end, line rise/fall, error",2 counters and 2 timers,"노출 시간, gain","Software trigger, hardware trigger, PTP (IEEE 1588)",GigE Vision v2.0,"CE, KC, FCC, RoHS, REACH, WEEE",-30 to 60°C,-20 to 55°C 주변,"동작: 20% ~ 80%, relative, 비 응축","DIN EN 60068-2-27, DIN EN 60068-2-64",3 year,ATP204S,,IP67(IP67 보호를 위해 Triton은 IP67 렌즈 튜브 및 케이블과 함께 사용해야합니다),,,,,,DIN EN 61000-6-2,,,,,,,,,,,,,,,,,,,,,,,,,,,M12
Lucid Vision,N,ATP200S,20 MP,"5472 x 3648 px, 20 MP",17.9 fps,Sony IMX183 CMOS,15.86 mm (Type 1″),2.4 µm (H) x 2.4 µm (V),Rolling shutter with global reset,C-Mount,Mono / Color,"5GBASE-T, 2.5GBASE-T, 1000BASE-T, 100BASE-TXM12, PoE",17.9 FPS @ 20 MP (12 Bit ADC mode),60 x 60 x 65 mm,340 g,8 핀M8커넥터,"1 input (2.5V-24V and 10.5V-24V), 1 output",2 bi-directional,"PoE (IEEE 802.3af), or 12-24 VDC ±5% external","PoE를 통한 8W, 외부 전원 공급시 7W",380 MB,"Gain, gamma, black level, white balance, LUT, CCM, pixel correction, color space conversion","Mono8/10/12/16, Bayer8/10/12/16, RGB8, BGR8, YCbCr8, YCbCr411, YUV422, YUV411",,"수평 및 수직 비닝, ROI, 수직 뒤집기",12 bit,0 dB ~ 27 dB 아날로그 및 디지털,122.18 μs ~ 2.5 s,1 default and 2 custom user set,16 MB,"Frame counter, offset X/Y, width/height, 노출 시간, gain, black level, line status, sequencer set","Acquisition start/end, exposure start/end, line rise/fall, error",2 counters and 2 timers,"노출 시간, gain","Software trigger, hardware trigger, PTP (IEEE 1588)",GigE Vision v2.0,"CE, KC, FCC, RoHS, REACH, WEEE",-30 to 60°C,-20 to 55°C 주변,"동작: 20% ~ 80%, relative, 비 응축","DIN EN 60068-2-27, DIN EN 60068-2-64, DIN EN 60068-2-6",3 year,,,IP67(IP67 보호를 위해 Triton은 IP67 렌즈 튜브 및 케이블과 함께 사용해야합니다),,,,,,DIN EN 61000-6-2,,,,,,,,,,,,,,,,,,,,,,,,,,,
Lucid Vision,Y,ATP200S-CC,,"5472 x 3648 px, 20 MP",,Sony IMX183 CMOS,15.86 mm (Type 1″),2.4 µm (H) x 2.4 µm (V),Rolling shutter with global reset,C-mount,Color,"5GBASE-T, 2.5GBASE-T, 1000BASE-T, 100BASE-TXM12, PoE",17.9 FPS @ 20 MP (12 Bit ADC mode),60 x 60 x 65 mm,340 g,8 핀M8커넥터,"1 input (2.5V-24V and 10.5V-24V), 1 output",2 bi-directional,"PoE (IEEE 802.3af), or 12-24 VDC ±5% external","PoE를 통한 8W, 외부 전원 공급시 7W",380 MB,"Gain, gamma, black level, white balance, LUT, CCM, pixel correction, color space conversion","Mono8/10/12/16, Bayer8/10/12/16, RGB8, BGR8, YCbCr8, YCbCr411, YUV422, YUV411",,"수평 및 수직 비닝, ROI, 수직 뒤집기",12 bit,0 dB ~ 27 dB 아날로그 및 디지털,122.18 μs ~ 2.5 s,1 default and 2 custom user set,16 MB,"Frame counter, offset X/Y, width/height, 노출 시간, gain, black level, line status, sequencer set","Acquisition start/end, exposure start/end, line rise/fall, error",2 counters and 2 timers,"노출 시간, gain","Software trigger, hardware trigger, PTP (IEEE 1588)",GigE Vision v2.0,"CE, KC, FCC, RoHS, REACH, WEEE",-30 to 60°C,-20 to 55°C 주변,"동작: 20% ~ 80%, relative, 비 응축","DIN EN 60068-2-27, DIN EN 60068-2-64, DIN EN 60068-2-6",3 year,ATP200S,,IP67(IP67 보호를 위해 Triton은 IP67 렌즈 튜브 및 케이블과 함께 사용해야합니다),,,,,,DIN EN 61000-6-2,,,,,,,,,,,,,,,,,,,,,,,,,,,M12
Lucid Vision,Y,ATP200S-MC,,"5472 x 3648 px, 20 MP",,Sony IMX183 CMOS,15.86 mm (Type 1″),2.4 µm (H) x 2.4 µm (V),Rolling shutter with global reset,C-mount,Mono,"5GBASE-T, 2.5GBASE-T, 1000BASE-T, 100BASE-TXM12, PoE",17.9 FPS @ 20 MP (12 Bit ADC mode),60 x 60 x 65 mm,340 g,8 핀M8커넥터,"1 input (2.5V-24V and 10.5V-24V), 1 output",2 bi-directional,"PoE (IEEE 802.3af), or 12-24 VDC ±5% external","PoE를 통한 8W, 외부 전원 공급시 7W",380 MB,"Gain, gamma, black level, white balance, LUT, CCM, pixel correction, color space conversion","Mono8/10/12/16, Bayer8/10/12/16, RGB8, BGR8, YCbCr8, YCbCr411, YUV422, YUV411",,"수평 및 수직 비닝, ROI, 수직 뒤집기",12 bit,0 dB ~ 27 dB 아날로그 및 디지털,122.18 μs ~ 2.5 s,1 default and 2 custom user set,16 MB,"Frame counter, offset X/Y, width/height, 노출 시간, gain, black level, line status, sequencer set","Acquisition start/end, exposure start/end, line rise/fall, error",2 counters and 2 timers,"노출 시간, gain","Software trigger, hardware trigger, PTP (IEEE 1588)",GigE Vision v2.0,"CE, KC, FCC, RoHS, REACH, WEEE",-30 to 60°C,-20 to 55°C 주변,"동작: 20% ~ 80%, relative, 비 응축","DIN EN 60068-2-27, DIN EN 60068-2-64, DIN EN 60068-2-6",3 year,ATP200S,,IP67(IP67 보호를 위해 Triton은 IP67 렌즈 튜브 및 케이블과 함께 사용해야합니다),,,,,,DIN EN 61000-6-2,,,,,,,,,,,,,,,,,,,,,,,,,,,M12
Lucid Vision,N,ATP162S,16.2 MP,"5320 x 3032 px, 16.2 MP",34.4 fps,Sony IMX542 CMOS,16.8mm (Type 1.1″),2.74 µm (H) x 2.74 µm (V),Global Shutter,C-Mount,Mono / Color,"5GBASE-T (5GigE), 2.5GBASE-T, 1000BASE-T, 100BASE-TXM12, PoE",34.4 FPS (37 FPS) @ 16.2 MP (8 Bit ADC mode)34.4 FPS (36.5 FPS) @ 16.2 MP (10 Bit ADC mode)32.9 FPS (32.9 FPS) @ 16.2 MP (12 Bit ADC mode),60 x 60 x 65 mm,340 g,8 핀M8커넥터,"1 input, 1 output",2 bi-directional,"PoE (IEEE 802.3af), or 12-24 VDC ±5% external","PoE를 통한 8W, 외부 전원 공급시 7W",380 MB,"Gain, gamma, black level, white balance, LUT, CCM, pixel correction, color space conversion","Mono8/10/12/16, Bayer8/10/12/16, RGB8, BGR8, YCbCr8, YCbCr411, YUV422, YUV411",,"수평 및 수직 비닝, 서브 샘플링, ROI, 수평 및 수직 뒤집기","8, 10, 12 bit",0 dB ~ 48 dB 아날로그 및 디지털,12.12 μs ~ 10 s (Normal) / 2.29 μs ~ 2.46 μs (Short Mode),1 default and 2 custom user set,16 MB,"Frame counter, offset X/Y, width/height, 노출 시간, gain, black level, line status, sequencer set","Acquisition start/end, exposure start/end, line rise/fall, error",2 counters and 2 timers,"노출 시간, gain","Software trigger, hardware trigger, PTP (IEEE 1588)",GigE Vision v2.0,"CE, KC, FCC, RoHS, REACH, WEEE",-30 to 60°C,-20 to 55°C 주변,"동작: 20% ~ 80%, relative, 비 응축","DIN EN 60068-2-27, DIN EN 60068-2-64",3 year,,,IP67(IP67 보호를 위해 Triton은 IP67 렌즈 튜브 및 케이블과 함께 사용해야합니다),,,,,,DIN EN 61000-6-2,,,,,,,,,,,,,,,,,,,,,,,,,,,
Lucid Vision,Y,ATP162S-CC,,"5320 x 3032 px, 16.2 MP",,Sony IMX542 CMOS,16.8mm (Type 1.1″),2.74 µm (H) x 2.74 µm (V),Global Shutter,C-mount,Color,"5GBASE-T (5GigE), 2.5GBASE-T, 1000BASE-T, 100BASE-TXM12, PoE",34.4 FPS (37 FPS) @ 16.2 MP (8 Bit ADC mode)34.4 FPS (36.5 FPS) @ 16.2 MP (10 Bit ADC mode)32.9 FPS (32.9 FPS) @ 16.2 MP (12 Bit ADC mode),60 x 60 x 65 mm,340 g,8 핀M8커넥터,"1 input, 1 output",2 bi-directional,"PoE (IEEE 802.3af), or 12-24 VDC ±5% external","PoE를 통한 8W, 외부 전원 공급시 7W",380 MB,"Gain, gamma, black level, white balance, LUT, CCM, pixel correction, color space conversion","Mono8/10/12/16, Bayer8/10/12/16, RGB8, BGR8, YCbCr8, YCbCr411, YUV422, YUV411",,"수평 및 수직 비닝, 서브 샘플링, ROI, 수평 및 수직 뒤집기","8, 10, 12 bit",0 dB ~ 48 dB 아날로그 및 디지털,12.12 μs ~ 10 s (Normal) / 2.29 μs ~ 2.46 μs (Short Mode),1 default and 2 custom user set,16 MB,"Frame counter, offset X/Y, width/height, 노출 시간, gain, black level, line status, sequencer set","Acquisition start/end, exposure start/end, line rise/fall, error",2 counters and 2 timers,"노출 시간, gain","Software trigger, hardware trigger, PTP (IEEE 1588)",GigE Vision v2.0,"CE, KC, FCC, RoHS, REACH, WEEE",-30 to 60°C,-20 to 55°C 주변,"동작: 20% ~ 80%, relative, 비 응축","DIN EN 60068-2-27, DIN EN 60068-2-64",3 year,ATP162S,,IP67(IP67 보호를 위해 Triton은 IP67 렌즈 튜브 및 케이블과 함께 사용해야합니다),,,,,,DIN EN 61000-6-2,,,,,,,,,,,,,,,,,,,,,,,,,,,M12
Lucid Vision,Y,ATP162S-MC,,"5320 x 3032 px, 16.2 MP",,Sony IMX542 CMOS,16.8mm (Type 1.1″),2.74 µm (H) x 2.74 µm (V),Global Shutter,C-mount,Mono,"5GBASE-T (5GigE), 2.5GBASE-T, 1000BASE-T, 100BASE-TXM12, PoE",34.4 FPS (37 FPS) @ 16.2 MP (8 Bit ADC mode)34.4 FPS (36.5 FPS) @ 16.2 MP (10 Bit ADC mode)32.9 FPS (32.9 FPS) @ 16.2 MP (12 Bit ADC mode),60 x 60 x 65 mm,340 g,8 핀M8커넥터,"1 input, 1 output",2 bi-directional,"PoE (IEEE 802.3af), or 12-24 VDC ±5% external","PoE를 통한 8W, 외부 전원 공급시 7W",380 MB,"Gain, gamma, black level, white balance, LUT, CCM, pixel correction, color space conversion","Mono8/10/12/16, Bayer8/10/12/16, RGB8, BGR8, YCbCr8, YCbCr411, YUV422, YUV411",,"수평 및 수직 비닝, 서브 샘플링, ROI, 수평 및 수직 뒤집기","8, 10, 12 bit",0 dB ~ 48 dB 아날로그 및 디지털,12.12 μs ~ 10 s (Normal) / 2.29 μs ~ 2.46 μs (Short Mode),1 default and 2 custom user set,16 MB,"Frame counter, offset X/Y, width/height, 노출 시간, gain, black level, line status, sequencer set","Acquisition start/end, exposure start/end, line rise/fall, error",2 counters and 2 timers,"노출 시간, gain","Software trigger, hardware trigger, PTP (IEEE 1588)",GigE Vision v2.0,"CE, KC, FCC, RoHS, REACH, WEEE",-30 to 60°C,-20 to 55°C 주변,"동작: 20% ~ 80%, relative, 비 응축","DIN EN 60068-2-27, DIN EN 60068-2-64",3 year,ATP162S,,IP67(IP67 보호를 위해 Triton은 IP67 렌즈 튜브 및 케이블과 함께 사용해야합니다),,,,,,DIN EN 61000-6-2,,,,,,,,,,,,,,,,,,,,,,,,,,,M12
Lucid Vision,N,ATP124S,12.3 MP,"4096 x 3000 px, 12.3 MP",42.5 fps,Sony IMX545 CMOS,14.0mm (Type 1/1.1″),2.74 µm (H) x 2.74 µm (V),Global Shutter,C-Mount,Mono / Color,"5GBASE-T (5GigE), 2.5GBASE-T, 1000BASE-T, 100BASE-TXM12, PoE",45.2 FPS (47.7 FPS) @ 12.3 MP (8 Bit ADC mode)45.2 FPS (47.7 FPS) @ 12.3 MP (10 Bit ADC mode)41.7 FPS (41.7 FPS) @ 12.3 MP (12 Bit ADC mode),60 x 60 x 65 mm,340 g,8 핀M8커넥터,"1 input, 1 output",2 bi-directional,"PoE (IEEE 802.3af), or 12-24 VDC ±5% external","PoE를 통한 8W, 외부 전원 공급시 7W",380 MB,"Gain, gamma, black level, white balance, LUT, CCM, pixel correction, color space conversion","Mono8/10/12/16, Bayer8/10/12/16, RGB8, BGR8, YCbCr8, YCbCr411, YUV422, YUV411",,"수평 및 수직 비닝, 서브 샘플링, ROI, 수평 및 수직 뒤집기","8, 10, 12 bit",0 dB ~ 48 dB 아날로그 및 디지털,10.1 μs ~ 10 s (Normal) / 2.31 μs ~ 2.47 μs (Short Mode),1 default and 2 custom user set,16 MB,"Frame counter, offset X/Y, width/height, 노출 시간, gain, black level, line status, sequencer set","Acquisition start/end, exposure start/end, line rise/fall, error",2 counters and 2 timers,"노출 시간, gain","Software trigger, hardware trigger, PTP (IEEE 1588)",GigE Vision v2.0,"CE, KC, FCC, RoHS, REACH, WEEE",-30 to 60°C,-20 to 55°C 주변,"동작: 20% ~ 80%, relative, 비 응축","DIN EN 60068-2-27, DIN EN 60068-2-64",3 year,,,IP67(IP67 보호를 위해 Triton은 IP67 렌즈 튜브 및 케이블과 함께 사용해야합니다),,,,,,DIN EN 61000-6-2,,,,,,,,,,,,,,,,,,,,,,,,,,,
Lucid Vision,Y,ATP124S-CC,,"4096 x 3000 px, 12.3 MP",,Sony IMX545 CMOS,14.0mm (Type 1/1.1″),2.74 µm (H) x 2.74 µm (V),Global Shutter,C-mount,Color,"5GBASE-T (5GigE), 2.5GBASE-T, 1000BASE-T, 100BASE-TXM12, PoE",45.2 FPS (47.7 FPS) @ 12.3 MP (8 Bit ADC mode)45.2 FPS (47.7 FPS) @ 12.3 MP (10 Bit ADC mode)41.7 FPS (41.7 FPS) @ 12.3 MP (12 Bit ADC mode),60 x 60 x 65 mm,340 g,8 핀M8커넥터,"1 input, 1 output",2 bi-directional,"PoE (IEEE 802.3af), or 12-24 VDC ±5% external","PoE를 통한 8W, 외부 전원 공급시 7W",380 MB,"Gain, gamma, black level, white balance, LUT, CCM, pixel correction, color space conversion","Mono8/10/12/16, Bayer8/10/12/16, RGB8, BGR8, YCbCr8, YCbCr411, YUV422, YUV411",,"수평 및 수직 비닝, 서브 샘플링, ROI, 수평 및 수직 뒤집기","8, 10, 12 bit",0 dB ~ 48 dB 아날로그 및 디지털,10.1 μs ~ 10 s (Normal) / 2.31 μs ~ 2.47 μs (Short Mode),1 default and 2 custom user set,16 MB,"Frame counter, offset X/Y, width/height, 노출 시간, gain, black level, line status, sequencer set","Acquisition start/end, exposure start/end, line rise/fall, error",2 counters and 2 timers,"노출 시간, gain","Software trigger, hardware trigger, PTP (IEEE 1588)",GigE Vision v2.0,"CE, KC, FCC, RoHS, REACH, WEEE",-30 to 60°C,-20 to 55°C 주변,"동작: 20% ~ 80%, relative, 비 응축","DIN EN 60068-2-27, DIN EN 60068-2-64",3 year,ATP124S,,IP67(IP67 보호를 위해 Triton은 IP67 렌즈 튜브 및 케이블과 함께 사용해야합니다),,,,,,DIN EN 61000-6-2,,,,,,,,,,,,,,,,,,,,,,,,,,,M12
Lucid Vision,Y,ATP124S-MC,,"4096 x 3000 px, 12.3 MP",,Sony IMX545 CMOS,14.0mm (Type 1/1.1″),2.74 µm (H) x 2.74 µm (V),Global Shutter,C-mount,Mono,"5GBASE-T (5GigE), 2.5GBASE-T, 1000BASE-T, 100BASE-TXM12, PoE",45.2 FPS (47.7 FPS) @ 12.3 MP (8 Bit ADC mode)45.2 FPS (47.7 FPS) @ 12.3 MP (10 Bit ADC mode)41.7 FPS (41.7 FPS) @ 12.3 MP (12 Bit ADC mode),60 x 60 x 65 mm,340 g,8 핀M8커넥터,"1 input, 1 output",2 bi-directional,"PoE (IEEE 802.3af), or 12-24 VDC ±5% external","PoE를 통한 8W, 외부 전원 공급시 7W",380 MB,"Gain, gamma, black level, white balance, LUT, CCM, pixel correction, color space conversion","Mono8/10/12/16, Bayer8/10/12/16, RGB8, BGR8, YCbCr8, YCbCr411, YUV422, YUV411",,"수평 및 수직 비닝, 서브 샘플링, ROI, 수평 및 수직 뒤집기","8, 10, 12 bit",0 dB ~ 48 dB 아날로그 및 디지털,10.1 μs ~ 10 s (Normal) / 2.31 μs ~ 2.47 μs (Short Mode),1 default and 2 custom user set,16 MB,"Frame counter, offset X/Y, width/height, 노출 시간, gain, black level, line status, sequencer set","Acquisition start/end, exposure start/end, line rise/fall, error",2 counters and 2 timers,"노출 시간, gain","Software trigger, hardware trigger, PTP (IEEE 1588)",GigE Vision v2.0,"CE, KC, FCC, RoHS, REACH, WEEE",-30 to 60°C,-20 to 55°C 주변,"동작: 20% ~ 80%, relative, 비 응축","DIN EN 60068-2-27, DIN EN 60068-2-64",3 year,ATP124S,,IP67(IP67 보호를 위해 Triton은 IP67 렌즈 튜브 및 케이블과 함께 사용해야합니다),,,,,,DIN EN 61000-6-2,,,,,,,,,,,,,,,,,,,,,,,,,,,M12
Lucid Vision,N,ATP120S,12.3 MP,"4096 x 3000 px, 12.3 MP",42.5 FPS @ 12.3 MP (8 Bit ADC mode)34.5 FPS @ 12.3 MP (10 Bit ADC mode)29.1 FPS @ 12.3 MP (12 Bit ADC mode),Sony IMX253 CMOS,17.6mm (Type 1.1″),3.45 µm (H) x 3.45 µm (V),Global Shutter,C-Mount,Mono / Color,"5GBASE-T (5GigE), 2.5GBASE-T, 1000BASE-T, 100BASE-TXM12, PoE",,60 x 60 x 65 mm,340 g,8 핀M8커넥터,"1 input, 1 output",2 bi-directional,"PoE (IEEE 802.3af), or 12-24 VDC ±5% external","PoE를 통한 8W, 외부 전원 공급시 7W",380 MB,"Gain, gamma, black level, white balance, LUT, CCM, pixel correction, color space conversion","Mono8/10/12/16, Bayer8/10/12/16, RGB8, BGR8, YCbCr8, YCbCr411, YUV422, YUV411",,"수평 및 수직 비닝, 서브 샘플링, ROI, 수평 및 수직 뒤집기","8, 10, 12 bit",0 dB ~ 48 dB 아날로그 및 디지털,25.4 μs to 10 s (Normal) / 1 μs to 16 μs (Short Mode),1 default and 2 custom user set,16 MB,"Frame counter, offset X/Y, width/height, 노출 시간, gain, black level, line status, sequencer set","Acquisition start/end, exposure start/end, line rise/fall, error",2 counters and 2 timers,"노출 시간, gain","Software trigger, hardware trigger, PTP (IEEE 1588)",GigE Vision v2.0,"CE, KC, FCC, RoHS, REACH, WEEE",-30 to 60°C,-20 to 55°C 주변,"동작: 20% ~ 80%, relative, 비 응축","DIN EN 60068-2-27, DIN EN 60068-2-64",3 year,,,IP67(IP67 보호를 위해 Triton은 IP67 렌즈 튜브 및 케이블과 함께 사용해야합니다),,,,,,DIN EN 61000-6-2,,,,,,,,,,,,,,,,,,,,,,,,,,,
Lucid Vision,Y,ATP120S-CC,,"4096 x 3000 px, 12.3 MP",42.5 FPS @ 12.3 MP (8 Bit ADC mode)34.5 FPS @ 12.3 MP (10 Bit ADC mode)29.1 FPS @ 12.3 MP (12 Bit ADC mode),Sony IMX253 CMOS,17.6mm (Type 1.1″),3.45 µm (H) x 3.45 µm (V),Global Shutter,C-mount,Color,"5GBASE-T (5GigE), 2.5GBASE-T, 1000BASE-T, 100BASE-TXM12, PoE",,60 x 60 x 65 mm,340 g,8 핀M8커넥터,"1 input, 1 output",2 bi-directional,"PoE (IEEE 802.3af), or 12-24 VDC ±5% external","PoE를 통한 8W, 외부 전원 공급시 7W",380 MB,"Gain, gamma, black level, white balance, LUT, CCM, pixel correction, color space conversion","Mono8/10/12/16, Bayer8/10/12/16, RGB8, BGR8, YCbCr8, YCbCr411, YUV422, YUV411",,"수평 및 수직 비닝, 서브 샘플링, ROI, 수평 및 수직 뒤집기","8, 10, 12 bit",0 dB ~ 48 dB 아날로그 및 디지털,25.4 μs to 10 s (Normal) / 1 μs to 16 μs (Short Mode),1 default and 2 custom user set,16 MB,"Frame counter, offset X/Y, width/height, 노출 시간, gain, black level, line status, sequencer set","Acquisition start/end, exposure start/end, line rise/fall, error",2 counters and 2 timers,"노출 시간, gain","Software trigger, hardware trigger, PTP (IEEE 1588)",GigE Vision v2.0,"CE, KC, FCC, RoHS, REACH, WEEE",-30 to 60°C,-20 to 55°C 주변,"동작: 20% ~ 80%, relative, 비 응축","DIN EN 60068-2-27, DIN EN 60068-2-64",3 year,ATP120S,,IP67(IP67 보호를 위해 Triton은 IP67 렌즈 튜브 및 케이블과 함께 사용해야합니다),,,,,,DIN EN 61000-6-2,,,,,,,,,,,,,,,,,,,,,,,,,,,M12
Lucid Vision,Y,ATP120S-MC,,"4096 x 3000 px, 12.3 MP",42.5 FPS @ 12.3 MP (8 Bit ADC mode)34.5 FPS @ 12.3 MP (10 Bit ADC mode)29.1 FPS @ 12.3 MP (12 Bit ADC mode),Sony IMX253 CMOS,17.6mm (Type 1.1″),3.45 µm (H) x 3.45 µm (V),Global Shutter,C-mount,Mono,"5GBASE-T (5GigE), 2.5GBASE-T, 1000BASE-T, 100BASE-TXM12, PoE",,60 x 60 x 65 mm,340 g,8 핀M8커넥터,"1 input, 1 output",2 bi-directional,"PoE (IEEE 802.3af), or 12-24 VDC ±5% external","PoE를 통한 8W, 외부 전원 공급시 7W",380 MB,"Gain, gamma, black level, white balance, LUT, CCM, pixel correction, color space conversion","Mono8/10/12/16, Bayer8/10/12/16, RGB8, BGR8, YCbCr8, YCbCr411, YUV422, YUV411",,"수평 및 수직 비닝, 서브 샘플링, ROI, 수평 및 수직 뒤집기","8, 10, 12 bit",0 dB ~ 48 dB 아날로그 및 디지털,25.4 μs to 10 s (Normal) / 1 μs to 16 μs (Short Mode),1 default and 2 custom user set,16 MB,"Frame counter, offset X/Y, width/height, 노출 시간, gain, black level, line status, sequencer set","Acquisition start/end, exposure start/end, line rise/fall, error",2 counters and 2 timers,"노출 시간, gain","Software trigger, hardware trigger, PTP (IEEE 1588)",GigE Vision v2.0,"CE, KC, FCC, RoHS, REACH, WEEE",-30 to 60°C,-20 to 55°C 주변,"동작: 20% ~ 80%, relative, 비 응축","DIN EN 60068-2-27, DIN EN 60068-2-64",3 year,ATP120S,,IP67(IP67 보호를 위해 Triton은 IP67 렌즈 튜브 및 케이블과 함께 사용해야합니다),,,,,,DIN EN 61000-6-2,,,,,,,,,,,,,,,,,,,,,,,,,,,M12
Lucid Vision,N,ATP089S,8.9 MP,"4096 x 2160 px, 8.9 MP",58.5 FPS @ 8.9 MP (8 Bit ADC mode)47.4 FPS @ 8.9 MP (10 Bit ADC mode)40 FPS @ 8.9 MP (12 Bit ADC mode),Sony IMX255 CMOS,16.1mm (Type 1″),3.45 µm (H) x 3.45 µm (V),Global Shutter,C-Mount,Mono / Color,"5GBASE-T (5GigE), 2.5GBASE-T, 1000BASE-T, 100BASE-TXM12, PoE",,60 x 60 x 65 mm,340 g,8 핀M8커넥터,"1 input, 1 output",2 bi-directional,"PoE (IEEE 802.3af), or 12-24 VDC ±5% external","PoE를 통한 8W, 외부 전원 공급시 7W",380 MB,"Gain, gamma, black level, white balance, LUT, CCM, pixel correction, color space conversion","Mono8/10/12/16, Bayer8/10/12/16, RGB8, BGR8, YCbCr8, YCbCr411, YUV422, YUV411",,"수평 및 수직 비닝, 서브 샘플링, ROI, 수평 및 수직 뒤집기","8, 10, 12 bit",0 dB ~ 48 dB 아날로그 및 디지털,30 μs to 10 s,1 default and 2 custom user set,16 MB,"Frame counter, offset X/Y, width/height, 노출 시간, gain, black level, line status, sequencer set","Acquisition start/end, exposure start/end, line rise/fall, error",2 counters and 2 timers,"노출 시간, gain","Software trigger, hardware trigger, PTP (IEEE 1588)",GigE Vision v2.0,"CE, KC, FCC, RoHS, REACH, WEEE",-30 to 60°C,-20 to 55°C 주변,"동작: 20% ~ 80%, relative, 비 응축","DIN EN 60068-2-27, DIN EN 60068-2-64",3 year,,,IP67(IP67 보호를 위해 Triton은 IP67 렌즈 튜브 및 케이블과 함께 사용해야합니다),,,,,,DIN EN 61000-6-2,,,,,,,,,,,,,,,,,,,,,,,,,,,
Lucid Vision,Y,ATP089S-CC,,"4096 x 2160 px, 8.9 MP",58.5 FPS @ 8.9 MP (8 Bit ADC mode)47.4 FPS @ 8.9 MP (10 Bit ADC mode)40 FPS @ 8.9 MP (12 Bit ADC mode),Sony IMX255 CMOS,16.1mm (Type 1″),3.45 µm (H) x 3.45 µm (V),Global Shutter,C-mount,Color,"5GBASE-T (5GigE), 2.5GBASE-T, 1000BASE-T, 100BASE-TXM12, PoE",,60 x 60 x 65 mm,340 g,8 핀M8커넥터,"1 input, 1 output",2 bi-directional,"PoE (IEEE 802.3af), or 12-24 VDC ±5% external","PoE를 통한 8W, 외부 전원 공급시 7W",380 MB,"Gain, gamma, black level, white balance, LUT, CCM, pixel correction, color space conversion","Mono8/10/12/16, Bayer8/10/12/16, RGB8, BGR8, YCbCr8, YCbCr411, YUV422, YUV411",,"수평 및 수직 비닝, 서브 샘플링, ROI, 수평 및 수직 뒤집기","8, 10, 12 bit",0 dB ~ 48 dB 아날로그 및 디지털,30 μs to 10 s,1 default and 2 custom user set,16 MB,"Frame counter, offset X/Y, width/height, 노출 시간, gain, black level, line status, sequencer set","Acquisition start/end, exposure start/end, line rise/fall, error",2 counters and 2 timers,"노출 시간, gain","Software trigger, hardware trigger, PTP (IEEE 1588)",GigE Vision v2.0,"CE, KC, FCC, RoHS, REACH, WEEE",-30 to 60°C,-20 to 55°C 주변,"동작: 20% ~ 80%, relative, 비 응축","DIN EN 60068-2-27, DIN EN 60068-2-64",3 year,ATP089S,,IP67(IP67 보호를 위해 Triton은 IP67 렌즈 튜브 및 케이블과 함께 사용해야합니다),,,,,,DIN EN 61000-6-2,,,,,,,,,,,,,,,,,,,,,,,,,,,M12
Lucid Vision,Y,ATP089S-MC,,"4096 x 2160 px, 8.9 MP",58.5 FPS @ 8.9 MP (8 Bit ADC mode)47.4 FPS @ 8.9 MP (10 Bit ADC mode)40 FPS @ 8.9 MP (12 Bit ADC mode),Sony IMX255 CMOS,16.1mm (Type 1″),3.45 µm (H) x 3.45 µm (V),Global Shutter,C-mount,Mono,"5GBASE-T (5GigE), 2.5GBASE-T, 1000BASE-T, 100BASE-TXM12, PoE",,60 x 60 x 65 mm,340 g,8 핀M8커넥터,"1 input, 1 output",2 bi-directional,"PoE (IEEE 802.3af), or 12-24 VDC ±5% external","PoE를 통한 8W, 외부 전원 공급시 7W",380 MB,"Gain, gamma, black level, white balance, LUT, CCM, pixel correction, color space conversion","Mono8/10/12/16, Bayer8/10/12/16, RGB8, BGR8, YCbCr8, YCbCr411, YUV422, YUV411",,"수평 및 수직 비닝, 서브 샘플링, ROI, 수평 및 수직 뒤집기","8, 10, 12 bit",0 dB ~ 48 dB 아날로그 및 디지털,30 μs to 10 s,1 default and 2 custom user set,16 MB,"Frame counter, offset X/Y, width/height, 노출 시간, gain, black level, line status, sequencer set","Acquisition start/end, exposure start/end, line rise/fall, error",2 counters and 2 timers,"노출 시간, gain","Software trigger, hardware trigger, PTP (IEEE 1588)",GigE Vision v2.0,"CE, KC, FCC, RoHS, REACH, WEEE",-30 to 60°C,-20 to 55°C 주변,"동작: 20% ~ 80%, relative, 비 응축","DIN EN 60068-2-27, DIN EN 60068-2-64",3 year,ATP089S,,IP67(IP67 보호를 위해 Triton은 IP67 렌즈 튜브 및 케이블과 함께 사용해야합니다),,,,,,DIN EN 61000-6-2,,,,,,,,,,,,,,,,,,,,,,,,,,,M12
Lucid Vision,N,ATP081S,8.1 MP,"2840 x 2840 px, 8.1 MP",68.8 fps,Sony IMX546 CMOS,11.1 mm (Type 2/3″),2.74 µm (H) x 2.74 µm (V),Global Shutter,C-Mount,Mono / Color,"5GBASE-T (5GigE), 2.5GBASE-T, 1000BASE-T, 100BASE-TXM12, PoE",68.8 FPS (71 FPS) @ 8.1 MP (8 Bit ADC mode)68.8 FPS (71 FPS) @ 8.1 MP (10 Bit ADC mode)60.3 FPS (60.3 FPS) @ 8.1 MP (12 Bit ADC mode),60 x 60 x 65 mm,340 g,8 핀M8커넥터,"1 input, 1 output",2 bi-directional,"PoE (IEEE 802.3af), or 12-24 VDC ±5% external","PoE를 통한 8W, 외부 전원 공급시 7W",380 MB,"Gain, gamma, black level, white balance, LUT, CCM, pixel correction, color space conversion","Mono8/10/12/16, Bayer8/10/12/16, RGB8, BGR8, YCbCr8, YCbCr411, YUV422, YUV411",,"수평 및 수직 비닝, 서브 샘플링, ROI, 수평 및 수직 뒤집기","8, 10, 12 bit",0 dB ~ 48 dB 아날로그 및 디지털,8 μs ~ 10 s (Normal) / 2.31 μs ~ 2.47 μs (Short Mode),1 default and 2 custom user set,16 MB,"Frame counter, offset X/Y, width/height, 노출 시간, gain, black level, line status, sequencer set","Acquisition start/end, exposure start/end, line rise/fall, error",2 counters and 2 timers,"노출 시간, gain","Software trigger, hardware trigger, PTP (IEEE 1588)",GigE Vision v2.0,"CE, KC, FCC, RoHS, REACH, WEEE",-30 to 60°C,-20 to 55°C 주변,"동작: 20% ~ 80%, relative, 비 응축","DIN EN 60068-2-27, DIN EN 60068-2-64",3 year,,,IP67(IP67 보호를 위해 Triton은 IP67 렌즈 튜브 및 케이블과 함께 사용해야합니다),,,,,,DIN EN 61000-6-2,,,,,,,,,,,,,,,,,,,,,,,,,,,
Lucid Vision,Y,ATP081S-CC,,"2840 x 2840 px, 8.1 MP",,Sony IMX546 CMOS,11.1 mm (Type 2/3″),2.74 µm (H) x 2.74 µm (V),Global Shutter,C-mount,Color,"5GBASE-T (5GigE), 2.5GBASE-T, 1000BASE-T, 100BASE-TXM12, PoE",68.8 FPS (71 FPS) @ 8.1 MP (8 Bit ADC mode)68.8 FPS (71 FPS) @ 8.1 MP (10 Bit ADC mode)60.3 FPS (60.3 FPS) @ 8.1 MP (12 Bit ADC mode),60 x 60 x 65 mm,340 g,8 핀M8커넥터,"1 input, 1 output",2 bi-directional,"PoE (IEEE 802.3af), or 12-24 VDC ±5% external","PoE를 통한 8W, 외부 전원 공급시 7W",380 MB,"Gain, gamma, black level, white balance, LUT, CCM, pixel correction, color space conversion","Mono8/10/12/16, Bayer8/10/12/16, RGB8, BGR8, YCbCr8, YCbCr411, YUV422, YUV411",,"수평 및 수직 비닝, 서브 샘플링, ROI, 수평 및 수직 뒤집기","8, 10, 12 bit",0 dB ~ 48 dB 아날로그 및 디지털,8 μs ~ 10 s (Normal) / 2.31 μs ~ 2.47 μs (Short Mode),1 default and 2 custom user set,16 MB,"Frame counter, offset X/Y, width/height, 노출 시간, gain, black level, line status, sequencer set","Acquisition start/end, exposure start/end, line rise/fall, error",2 counters and 2 timers,"노출 시간, gain","Software trigger, hardware trigger, PTP (IEEE 1588)",GigE Vision v2.0,"CE, KC, FCC, RoHS, REACH, WEEE",-30 to 60°C,-20 to 55°C 주변,"동작: 20% ~ 80%, relative, 비 응축","DIN EN 60068-2-27, DIN EN 60068-2-64",3 year,ATP081S,,IP67(IP67 보호를 위해 Triton은 IP67 렌즈 튜브 및 케이블과 함께 사용해야합니다),,,,,,DIN EN 61000-6-2,,,,,,,,,,,,,,,,,,,,,,,,,,,M12
Lucid Vision,Y,ATP081S-MC,,"2840 x 2840 px, 8.1 MP",,Sony IMX546 CMOS,11.1 mm (Type 2/3″),2.74 µm (H) x 2.74 µm (V),Global Shutter,C-mount,Mono,"5GBASE-T (5GigE), 2.5GBASE-T, 1000BASE-T, 100BASE-TXM12, PoE",68.8 FPS (71 FPS) @ 8.1 MP (8 Bit ADC mode)68.8 FPS (71 FPS) @ 8.1 MP (10 Bit ADC mode)60.3 FPS (60.3 FPS) @ 8.1 MP (12 Bit ADC mode),60 x 60 x 65 mm,340 g,8 핀M8커넥터,"1 input, 1 output",2 bi-directional,"PoE (IEEE 802.3af), or 12-24 VDC ±5% external","PoE를 통한 8W, 외부 전원 공급시 7W",380 MB,"Gain, gamma, black level, white balance, LUT, CCM, pixel correction, color space conversion","Mono8/10/12/16, Bayer8/10/12/16, RGB8, BGR8, YCbCr8, YCbCr411, YUV422, YUV411",,"수평 및 수직 비닝, 서브 샘플링, ROI, 수평 및 수직 뒤집기","8, 10, 12 bit",0 dB ~ 48 dB 아날로그 및 디지털,8 μs ~ 10 s (Normal) / 2.31 μs ~ 2.47 μs (Short Mode),1 default and 2 custom user set,16 MB,"Frame counter, offset X/Y, width/height, 노출 시간, gain, black level, line status, sequencer set","Acquisition start/end, exposure start/end, line rise/fall, error",2 counters and 2 timers,"노출 시간, gain","Software trigger, hardware trigger, PTP (IEEE 1588)",GigE Vision v2.0,"CE, KC, FCC, RoHS, REACH, WEEE",-30 to 60°C,-20 to 55°C 주변,"동작: 20% ~ 80%, relative, 비 응축","DIN EN 60068-2-27, DIN EN 60068-2-64",3 year,ATP081S,,IP67(IP67 보호를 위해 Triton은 IP67 렌즈 튜브 및 케이블과 함께 사용해야합니다),,,,,,DIN EN 61000-6-2,,,,,,,,,,,,,,,,,,,,,,,,,,,M12
Lucid Vision,N,ATP071S,7.1 MP,"3208 x 2200 px, 7.1 MP",74.6 FPS @ 7.1 MP (8 Bit ADC mode)60.5 FPS @ 7.1 MP (10 Bit ADC mode)50.9 FPS @ 7.1MP (12 Bit ADC mode),Sony IMX420 CMOS,17.6 mm (Type 1.1″),4.5 µm (H) x 4.5 µm (V),Global Shutter,C-Mount,Mono / Color,"5GBASE-T, 2.5GBASE-T, 1000BASE-T, 100BASE-TXM12, PoE",,60 x 60 x 65 mm,340 g,8 핀M8커넥터,"1 input (2.5V-24V and 10.5V-24V), 1 output",2 bi-directional,"PoE (IEEE 802.3af), or 12-24 VDC ±5% external","PoE를 통한 8W, 외부 전원 공급시 7W",380 MB,"Gain, gamma, black level, white balance, LUT, CCM, pixel correction, color space conversion","Mono8/10/12/16, Bayer8/10/12/16, RGB8, BGR8, YCbCr8, YCbCr411, YUV422, YUV411",,"수평 및 수직 비닝, 서브 샘플링, ROI, 수평 및 수직 뒤집기","8, 10, 12 bit",0 dB ~ 48 dB 아날로그 및 디지털,13.7 μs to 10 s (Normal) / 1 μs to 5 μs (Short Mode),1 default and 2 custom user set,16 MB,"Frame counter, offset X/Y, width/height, 노출 시간, gain, black level, line status, sequencer set","Acquisition start/end, exposure start/end, line rise/fall, error",2 counters and 2 timers,"노출 시간, gain","Software trigger, hardware trigger, PTP (IEEE 1588)",GigE Vision v2.0,"CE, KC, FCC, RoHS, REACH, WEEE",-30 to 60°C,-20 to 55°C 주변,"동작: 20% ~ 80%, relative, 비 응축","DIN EN 60068-2-27, DIN EN 60068-2-64, DIN EN 60068-2-6",3 year,,,IP67(IP67 보호를 위해 Triton은 IP67 렌즈 튜브 및 케이블과 함께 사용해야합니다),,,,,,DIN EN 61000-6-2,,Normal and High Mode (High: 2.3x in analog domain),,,,,,,,,,,,,,,,,,,,,,,,,
Lucid Vision,Y,ATP071S-CC,,"3208 x 2200 px, 7.1 MP",74.6 FPS @ 7.1 MP (8 Bit ADC mode)60.5 FPS @ 7.1 MP (10 Bit ADC mode)50.9 FPS @ 7.1MP (12 Bit ADC mode),Sony IMX420 CMOS,17.6 mm (Type 1.1″),4.5 µm (H) x 4.5 µm (V),Global Shutter,C-mount,Color,"5GBASE-T, 2.5GBASE-T, 1000BASE-T, 100BASE-TXM12, PoE",,60 x 60 x 65 mm,340 g,8 핀M8커넥터,"1 input (2.5V-24V and 10.5V-24V), 1 output",2 bi-directional,"PoE (IEEE 802.3af), or 12-24 VDC ±5% external","PoE를 통한 8W, 외부 전원 공급시 7W",380 MB,"Gain, gamma, black level, white balance, LUT, CCM, pixel correction, color space conversion","Mono8/10/12/16, Bayer8/10/12/16, RGB8, BGR8, YCbCr8, YCbCr411, YUV422, YUV411",,"수평 및 수직 비닝, 서브 샘플링, ROI, 수평 및 수직 뒤집기","8, 10, 12 bit",0 dB ~ 48 dB 아날로그 및 디지털,13.7 μs to 10 s (Normal) / 1 μs to 5 μs (Short Mode),1 default and 2 custom user set,16 MB,"Frame counter, offset X/Y, width/height, 노출 시간, gain, black level, line status, sequencer set","Acquisition start/end, exposure start/end, line rise/fall, error",2 counters and 2 timers,"노출 시간, gain","Software trigger, hardware trigger, PTP (IEEE 1588)",GigE Vision v2.0,"CE, KC, FCC, RoHS, REACH, WEEE",-30 to 60°C,-20 to 55°C 주변,"동작: 20% ~ 80%, relative, 비 응축","DIN EN 60068-2-27, DIN EN 60068-2-64, DIN EN 60068-2-6",3 year,ATP071S,,IP67(IP67 보호를 위해 Triton은 IP67 렌즈 튜브 및 케이블과 함께 사용해야합니다),,,,,,DIN EN 61000-6-2,,Normal and High Mode (High: 2.3x in analog domain),,,,,,,,,,,,,,,,,,,,,,,,,M12
Lucid Vision,Y,ATP071S-MC,,"3208 x 2200 px, 7.1 MP",74.6 FPS @ 7.1 MP (8 Bit ADC mode)60.5 FPS @ 7.1 MP (10 Bit ADC mode)50.9 FPS @ 7.1MP (12 Bit ADC mode),Sony IMX420 CMOS,17.6 mm (Type 1.1″),4.5 µm (H) x 4.5 µm (V),Global Shutter,C-mount,Mono,"5GBASE-T, 2.5GBASE-T, 1000BASE-T, 100BASE-TXM12, PoE",,60 x 60 x 65 mm,340 g,8 핀M8커넥터,"1 input (2.5V-24V and 10.5V-24V), 1 output",2 bi-directional,"PoE (IEEE 802.3af), or 12-24 VDC ±5% external","PoE를 통한 8W, 외부 전원 공급시 7W",380 MB,"Gain, gamma, black level, white balance, LUT, CCM, pixel correction, color space conversion","Mono8/10/12/16, Bayer8/10/12/16, RGB8, BGR8, YCbCr8, YCbCr411, YUV422, YUV411",,"수평 및 수직 비닝, 서브 샘플링, ROI, 수평 및 수직 뒤집기","8, 10, 12 bit",0 dB ~ 48 dB 아날로그 및 디지털,13.7 μs to 10 s (Normal) / 1 μs to 5 μs (Short Mode),1 default and 2 custom user set,16 MB,"Frame counter, offset X/Y, width/height, 노출 시간, gain, black level, line status, sequencer set","Acquisition start/end, exposure start/end, line rise/fall, error",2 counters and 2 timers,"노출 시간, gain","Software trigger, hardware trigger, PTP (IEEE 1588)",GigE Vision v2.0,"CE, KC, FCC, RoHS, REACH, WEEE",-30 to 60°C,-20 to 55°C 주변,"동작: 20% ~ 80%, relative, 비 응축","DIN EN 60068-2-27, DIN EN 60068-2-64, DIN EN 60068-2-6",3 year,ATP071S,,IP67(IP67 보호를 위해 Triton은 IP67 렌즈 튜브 및 케이블과 함께 사용해야합니다),,,,,,DIN EN 61000-6-2,,Normal and High Mode (High: 2.3x in analog domain),,,,,,,,,,,,,,,,,,,,,,,,,M12
Lucid Vision,N,ATP051S,5.0 MP,"2448 x 2048 px, 5.0 MP",110 fps,Sony IMX547 CMOS,8.8 mm (Type 1/1.8″),2.74 µm (H) x 2.74 µm (V),Global Shutter,C-Mount,Mono / Color,"5GBASE-T, 2.5GBASE-T, 1000BASE-T, 100BASE-TXM12, PoE",110 FPS (112.5 FPS) @ 5.0 MP (8 Bit ADC mode)108 FPS (108 FPS) @ 5.0 MP (10 Bit ADC mode)82 FPS (82 FPS) @ 5.0 MP (12 Bit ADC mode),60 x 60 x 65 mm,340 g,8 핀M8커넥터,"1 input (2.5V-24V and 10.5V-24V), 1 output",2 bi-directional,"PoE (IEEE 802.3af), or 12-24 VDC ±5% external","PoE를 통한 8W, 외부 전원 공급시 7W",380 MB,"Gain, gamma, black level, white balance, LUT, CCM, pixel correction, color space conversion","Mono8/10/12/16, Bayer8/10/12/16, RGB8, BGR8, YCbCr8, YCbCr411, YUV422, YUV411",,"수평 및 수직 비닝, 서브 샘플링, ROI, 수평 및 수직 뒤집기","8, 10, 12 bit",0 dB ~ 48 dB 아날로그 및 디지털,7.96 μs ~ 10 s (Normal) / 1 μs ~ 2.464 μs (Short Mode),1 default and 2 custom user set,16 MB,"Frame counter, offset X/Y, width/height, 노출 시간, gain, black level, line status, sequencer set","Acquisition start/end, exposure start/end, line rise/fall, error",2 counters and 2 timers,"노출 시간, gain","Software trigger, hardware trigger, PTP (IEEE 1588)",GigE Vision v2.0,"CE, KC, FCC, RoHS, REACH, WEEE",-30 to 60°C,-20 to 55°C 주변,"동작: 20% ~ 80%, relative, 비 응축","DIN EN 60068-2-27, DIN EN 60068-2-64, DIN EN 60068-2-6",3 year,,,IP67(IP67 보호를 위해 Triton은 IP67 렌즈 튜브 및 케이블과 함께 사용해야합니다),,,,,,DIN EN 61000-6-2,,,,,,,,,,,,,,,,,,,,,,,,,,,
Lucid Vision,Y,ATP051S-CC,,"2448 x 2048 px, 5.0 MP",,Sony IMX547 CMOS,8.8 mm (Type 1/1.8″),2.74 µm (H) x 2.74 µm (V),Global Shutter,C-mount,Color,"5GBASE-T, 2.5GBASE-T, 1000BASE-T, 100BASE-TXM12, PoE",110 FPS (112.5 FPS) @ 5.0 MP (8 Bit ADC mode)108 FPS (108 FPS) @ 5.0 MP (10 Bit ADC mode)82 FPS (82 FPS) @ 5.0 MP (12 Bit ADC mode),60 x 60 x 65 mm,340 g,8 핀M8커넥터,"1 input (2.5V-24V and 10.5V-24V), 1 output",2 bi-directional,"PoE (IEEE 802.3af), or 12-24 VDC ±5% external","PoE를 통한 8W, 외부 전원 공급시 7W",380 MB,"Gain, gamma, black level, white balance, LUT, CCM, pixel correction, color space conversion","Mono8/10/12/16, Bayer8/10/12/16, RGB8, BGR8, YCbCr8, YCbCr411, YUV422, YUV411",,"수평 및 수직 비닝, 서브 샘플링, ROI, 수평 및 수직 뒤집기","8, 10, 12 bit",0 dB ~ 48 dB 아날로그 및 디지털,7.96 μs ~ 10 s (Normal) / 1 μs ~ 2.464 μs (Short Mode),1 default and 2 custom user set,16 MB,"Frame counter, offset X/Y, width/height, 노출 시간, gain, black level, line status, sequencer set","Acquisition start/end, exposure start/end, line rise/fall, error",2 counters and 2 timers,"노출 시간, gain","Software trigger, hardware trigger, PTP (IEEE 1588)",GigE Vision v2.0,"CE, KC, FCC, RoHS, REACH, WEEE",-30 to 60°C,-20 to 55°C 주변,"동작: 20% ~ 80%, relative, 비 응축","DIN EN 60068-2-27, DIN EN 60068-2-64, DIN EN 60068-2-6",3 year,ATP051S,,IP67(IP67 보호를 위해 Triton은 IP67 렌즈 튜브 및 케이블과 함께 사용해야합니다),,,,,,DIN EN 61000-6-2,,,,,,,,,,,,,,,,,,,,,,,,,,,M12
Lucid Vision,Y,ATP051S-MC,,"2448 x 2048 px, 5.0 MP",,Sony IMX547 CMOS,8.8 mm (Type 1/1.8″),2.74 µm (H) x 2.74 µm (V),Global Shutter,C-mount,Mono,"5GBASE-T, 2.5GBASE-T, 1000BASE-T, 100BASE-TXM12, PoE",110 FPS (112.5 FPS) @ 5.0 MP (8 Bit ADC mode)108 FPS (108 FPS) @ 5.0 MP (10 Bit ADC mode)82 FPS (82 FPS) @ 5.0 MP (12 Bit ADC mode),60 x 60 x 65 mm,340 g,8 핀M8커넥터,"1 input (2.5V-24V and 10.5V-24V), 1 output",2 bi-directional,"PoE (IEEE 802.3af), or 12-24 VDC ±5% external","PoE를 통한 8W, 외부 전원 공급시 7W",380 MB,"Gain, gamma, black level, white balance, LUT, CCM, pixel correction, color space conversion","Mono8/10/12/16, Bayer8/10/12/16, RGB8, BGR8, YCbCr8, YCbCr411, YUV422, YUV411",,"수평 및 수직 비닝, 서브 샘플링, ROI, 수평 및 수직 뒤집기","8, 10, 12 bit",0 dB ~ 48 dB 아날로그 및 디지털,7.96 μs ~ 10 s (Normal) / 1 μs ~ 2.464 μs (Short Mode),1 default and 2 custom user set,16 MB,"Frame counter, offset X/Y, width/height, 노출 시간, gain, black level, line status, sequencer set","Acquisition start/end, exposure start/end, line rise/fall, error",2 counters and 2 timers,"노출 시간, gain","Software trigger, hardware trigger, PTP (IEEE 1588)",GigE Vision v2.0,"CE, KC, FCC, RoHS, REACH, WEEE",-30 to 60°C,-20 to 55°C 주변,"동작: 20% ~ 80%, relative, 비 응축","DIN EN 60068-2-27, DIN EN 60068-2-64, DIN EN 60068-2-6",3 year,ATP051S,,IP67(IP67 보호를 위해 Triton은 IP67 렌즈 튜브 및 케이블과 함께 사용해야합니다),,,,,,DIN EN 61000-6-2,,,,,,,,,,,,,,,,,,,,,,,,,,,M12
Lucid Vision,N,ATP050S,5.0 MP,"2448 x 2048 px, 5.0 MP",98 fps,Sony IMX250 CMOS,11.0 mm (Type 2/3″),3.45 µm (H) x 3.45 µm (V),Global Shutter,C-Mount,Mono / Color,"5GBASE-T (5GigE), 2.5GBASE-T, 1000BASE-T, 100BASE-TXM12, PoE",98 FPS @ 5.0 MP (8 Bit ADC mode)80 FPS @ 5.0 MP (10 Bit ADC mode)68 FPS @ 5.0 MP (12 Bit ADC mode),60 x 60 x 65 mm,340 g,8 핀M8커넥터,"1 input, 1 output",2 bi-directional,"PoE (IEEE 802.3af), or 12-24 VDC ±5% external","PoE를 통한 8W, 외부 전원 공급시 7W",380 MB,"Gain, gamma, black level, white balance, LUT, CCM, pixel correction, color space conversion","Mono8/10/12/16, Bayer8/10/12/16, RGB8, BGR8, YCbCr8, YCbCr411, YUV422, YUV411",,"수평 및 수직 비닝, 서브 샘플링, ROI, 수평 및 수직 뒤집기","8, 10, 12 bit",0 dB ~ 48 dB 아날로그 및 디지털,30 µs – 10 s,1 default and 2 custom user set,16 MB,"Frame counter, offset X/Y, width/height, 노출 시간, gain, black level, line status, sequencer set","Acquisition start/end, exposure start/end, line rise/fall, error",2 counters and 2 timers,"노출 시간, gain","Software trigger, hardware trigger, PTP (IEEE 1588)",GigE Vision v2.0,"CE, KC, FCC, RoHS, REACH, WEEE",-30 to 60°C,-20 to 55°C 주변,"동작: 20% ~ 80%, relative, 비 응축","DIN EN 60068-2-27, DIN EN 60068-2-64",3 year,,,IP67(IP67 보호를 위해 Triton은 IP67 렌즈 튜브 및 케이블과 함께 사용해야합니다),,,,,,DIN EN 61000-6-2,,,,,,,,,,,,,,,,,,,,,,,,,,,
Lucid Vision,Y,ATP050S-CC,,"2448 x 2048 px, 5.0 MP",,Sony IMX250 CMOS,11.0 mm (Type 2/3″),3.45 µm (H) x 3.45 µm (V),Global Shutter,C-mount,Color,"5GBASE-T (5GigE), 2.5GBASE-T, 1000BASE-T, 100BASE-TXM12, PoE",98 FPS @ 5.0 MP (8 Bit ADC mode)80 FPS @ 5.0 MP (10 Bit ADC mode)68 FPS @ 5.0 MP (12 Bit ADC mode),60 x 60 x 65 mm,340 g,8 핀M8커넥터,"1 input, 1 output",2 bi-directional,"PoE (IEEE 802.3af), or 12-24 VDC ±5% external","PoE를 통한 8W, 외부 전원 공급시 7W",380 MB,"Gain, gamma, black level, white balance, LUT, CCM, pixel correction, color space conversion","Mono8/10/12/16, Bayer8/10/12/16, RGB8, BGR8, YCbCr8, YCbCr411, YUV422, YUV411",,"수평 및 수직 비닝, 서브 샘플링, ROI, 수평 및 수직 뒤집기","8, 10, 12 bit",0 dB ~ 48 dB 아날로그 및 디지털,30 µs – 10 s,1 default and 2 custom user set,16 MB,"Frame counter, offset X/Y, width/height, 노출 시간, gain, black level, line status, sequencer set","Acquisition start/end, exposure start/end, line rise/fall, error",2 counters and 2 timers,"노출 시간, gain","Software trigger, hardware trigger, PTP (IEEE 1588)",GigE Vision v2.0,"CE, KC, FCC, RoHS, REACH, WEEE",-30 to 60°C,-20 to 55°C 주변,"동작: 20% ~ 80%, relative, 비 응축","DIN EN 60068-2-27, DIN EN 60068-2-64",3 year,ATP050S,,IP67(IP67 보호를 위해 Triton은 IP67 렌즈 튜브 및 케이블과 함께 사용해야합니다),,,,,,DIN EN 61000-6-2,,,,,,,,,,,,,,,,,,,,,,,,,,,M12
Lucid Vision,Y,ATP050S-MC,,"2448 x 2048 px, 5.0 MP",,Sony IMX250 CMOS,11.0 mm (Type 2/3″),3.45 µm (H) x 3.45 µm (V),Global Shutter,C-mount,Mono,"5GBASE-T (5GigE), 2.5GBASE-T, 1000BASE-T, 100BASE-TXM12, PoE",98 FPS @ 5.0 MP (8 Bit ADC mode)80 FPS @ 5.0 MP (10 Bit ADC mode)68 FPS @ 5.0 MP (12 Bit ADC mode),60 x 60 x 65 mm,340 g,8 핀M8커넥터,"1 input, 1 output",2 bi-directional,"PoE (IEEE 802.3af), or 12-24 VDC ±5% external","PoE를 통한 8W, 외부 전원 공급시 7W",380 MB,"Gain, gamma, black level, white balance, LUT, CCM, pixel correction, color space conversion","Mono8/10/12/16, Bayer8/10/12/16, RGB8, BGR8, YCbCr8, YCbCr411, YUV422, YUV411",,"수평 및 수직 비닝, 서브 샘플링, ROI, 수평 및 수직 뒤집기","8, 10, 12 bit",0 dB ~ 48 dB 아날로그 및 디지털,30 µs – 10 s,1 default and 2 custom user set,16 MB,"Frame counter, offset X/Y, width/height, 노출 시간, gain, black level, line status, sequencer set","Acquisition start/end, exposure start/end, line rise/fall, error",2 counters and 2 timers,"노출 시간, gain","Software trigger, hardware trigger, PTP (IEEE 1588)",GigE Vision v2.0,"CE, KC, FCC, RoHS, REACH, WEEE",-30 to 60°C,-20 to 55°C 주변,"동작: 20% ~ 80%, relative, 비 응축","DIN EN 60068-2-27, DIN EN 60068-2-64",3 year,ATP050S,,IP67(IP67 보호를 위해 Triton은 IP67 렌즈 튜브 및 케이블과 함께 사용해야합니다),,,,,,DIN EN 61000-6-2,,,,,,,,,,,,,,,,,,,,,,,,,,,M12
Lucid Vision,N,ATP028S,2.8 MP,"1936 x 1464 px, 2.8 MP",173 fps,Sony IMX421 CMOS,11.0 mm (Type 2/3″),4.5 µm (H) x 4.5 µm (V),Global Shutter,C-Mount,Mono / Color,"5GBASE-T (5GigE), 2.5GBASE-T, 1000BASE-T, 100BASE-TXM12, PoE",173 FPS (173 FPS) @ 2.8 MP (8 Bit ADC mode)143 FPS (143 FPS) @ 2.8 (10 Bit ADC mode)121 FPS (121 FPS) @ 2.8 (12 Bit ADC mode),60 x 60 x 65 mm,340 g,8 핀M8커넥터,"1 input, 1 output",2 bi-directional,"PoE (IEEE 802.3af), or 12-24 VDC ±5% external","PoE를 통한 8W, 외부 전원 공급시 7W",380 MB,"Gain, gamma, black level, white balance, LUT, CCM, pixel correction, color space conversion","Mono8/10/12/16, Bayer8/10/12/16, RGB8, BGR8, YCbCr8, YCbCr411, YUV422, YUV411",,"수평 및 수직 비닝, 서브 샘플링, ROI, 수평 및 수직 뒤집기","8, 10, 12 bit",0 dB ~ 48 dB 아날로그 및 디지털,10.3 μs to 10 s (Normal) / 1 μs to 5 μs (Short Mode),1 default and 2 custom user set,16 MB,"Frame counter, offset X/Y, width/height, 노출 시간, gain, black level, line status, sequencer set","Acquisition start/end, exposure start/end, line rise/fall, error",2 counters and 2 timers,"노출 시간, gain","Software trigger, hardware trigger, PTP (IEEE 1588)",GigE Vision v2.0,"CE, KC, FCC, RoHS, REACH, WEEE",-30 to 60°C,-20 to 55°C 주변,"동작: 20% ~ 80%, relative, 비 응축","DIN EN 60068-2-27, DIN EN 60068-2-64",3 year,,,IP67(IP67 보호를 위해 Triton은 IP67 렌즈 튜브 및 케이블과 함께 사용해야합니다),,,,,,DIN EN 61000-6-2,,Normal and High Mode (High: 2.3x in analog domain),,,,,,,,,,,,,,,,,,,,,,,,,
Lucid Vision,Y,ATP028S-CC,,"1936 x 1464 px, 2.8 MP",,Sony IMX421 CMOS,11.0 mm (Type 2/3″),4.5 µm (H) x 4.5 µm (V),Global Shutter,C-mount,Color,"5GBASE-T (5GigE), 2.5GBASE-T, 1000BASE-T, 100BASE-TXM12, PoE",173 FPS (173 FPS) @ 2.8 MP (8 Bit ADC mode)143 FPS (143 FPS) @ 2.8 (10 Bit ADC mode)121 FPS (121 FPS) @ 2.8 (12 Bit ADC mode),60 x 60 x 65 mm,340 g,8 핀M8커넥터,"1 input, 1 output",2 bi-directional,"PoE (IEEE 802.3af), or 12-24 VDC ±5% external","PoE를 통한 8W, 외부 전원 공급시 7W",380 MB,"Gain, gamma, black level, white balance, LUT, CCM, pixel correction, color space conversion","Mono8/10/12/16, Bayer8/10/12/16, RGB8, BGR8, YCbCr8, YCbCr411, YUV422, YUV411",,"수평 및 수직 비닝, 서브 샘플링, ROI, 수평 및 수직 뒤집기","8, 10, 12 bit",0 dB ~ 48 dB 아날로그 및 디지털,10.3 μs to 10 s (Normal) / 1 μs to 5 μs (Short Mode),1 default and 2 custom user set,16 MB,"Frame counter, offset X/Y, width/height, 노출 시간, gain, black level, line status, sequencer set","Acquisition start/end, exposure start/end, line rise/fall, error",2 counters and 2 timers,"노출 시간, gain","Software trigger, hardware trigger, PTP (IEEE 1588)",GigE Vision v2.0,"CE, KC, FCC, RoHS, REACH, WEEE",-30 to 60°C,-20 to 55°C 주변,"동작: 20% ~ 80%, relative, 비 응축","DIN EN 60068-2-27, DIN EN 60068-2-64",3 year,ATP028S,,IP67(IP67 보호를 위해 Triton은 IP67 렌즈 튜브 및 케이블과 함께 사용해야합니다),,,,,,DIN EN 61000-6-2,,Normal and High Mode (High: 2.3x in analog domain),,,,,,,,,,,,,,,,,,,,,,,,,M12
Lucid Vision,Y,ATP028S-MC,,"1936 x 1464 px, 2.8 MP",,Sony IMX421 CMOS,11.0 mm (Type 2/3″),4.5 µm (H) x 4.5 µm (V),Global Shutter,C-mount,Mono,"5GBASE-T (5GigE), 2.5GBASE-T, 1000BASE-T, 100BASE-TXM12, PoE",173 FPS (173 FPS) @ 2.8 MP (8 Bit ADC mode)143 FPS (143 FPS) @ 2.8 (10 Bit ADC mode)121 FPS (121 FPS) @ 2.8 (12 Bit ADC mode),60 x 60 x 65 mm,340 g,8 핀M8커넥터,"1 input, 1 output",2 bi-directional,"PoE (IEEE 802.3af), or 12-24 VDC ±5% external","PoE를 통한 8W, 외부 전원 공급시 7W",380 MB,"Gain, gamma, black level, white balance, LUT, CCM, pixel correction, color space conversion","Mono8/10/12/16, Bayer8/10/12/16, RGB8, BGR8, YCbCr8, YCbCr411, YUV422, YUV411",,"수평 및 수직 비닝, 서브 샘플링, ROI, 수평 및 수직 뒤집기","8, 10, 12 bit",0 dB ~ 48 dB 아날로그 및 디지털,10.3 μs to 10 s (Normal) / 1 μs to 5 μs (Short Mode),1 default and 2 custom user set,16 MB,"Frame counter, offset X/Y, width/height, 노출 시간, gain, black level, line status, sequencer set","Acquisition start/end, exposure start/end, line rise/fall, error",2 counters and 2 timers,"노출 시간, gain","Software trigger, hardware trigger, PTP (IEEE 1588)",GigE Vision v2.0,"CE, KC, FCC, RoHS, REACH, WEEE",-30 to 60°C,-20 to 55°C 주변,"동작: 20% ~ 80%, relative, 비 응축","DIN EN 60068-2-27, DIN EN 60068-2-64",3 year,ATP028S,,IP67(IP67 보호를 위해 Triton은 IP67 렌즈 튜브 및 케이블과 함께 사용해야합니다),,,,,,DIN EN 61000-6-2,,Normal and High Mode (High: 2.3x in analog domain),,,,,,,,,,,,,,,,,,,,,,,,,M12
Lucid Vision,N,ATP013S-WC,1.3 MP,"1280 x 1024 px, 1.3 MP",84.9 fps,Sony IMX990 InGaAs CMOS,8.2 mm (Type 1/2″),5.0 µm (H) x 5.0 µm (V),Global,C-Mount,,"1000BASE-T, 100BASE-TXM12, PoE+",84.9 FPS (94.4 FPS) @ 1.3 MP (8 Bit ADC mode)84.9 FPS (94.4 FPS) @ 1.3 MP (10 Bit ADC mode)71 FPS (71 FPS) @ 1.3 MP (12 Bit ADC mode),60 x 60 x 65 mm,435 g,8 핀M8커넥터,"1 input (2.5V-24V and 10.5V-24V), 1 output",2 bi-directional,PoE+ (IEEE 802.3at) or 12-24 V ±5% through GPIO,"PoE+를 통한 <12W, 외부 전원 공급시 11.5W",380 MB,"Gain, gamma, black level, LUT, pixel correction",Mono8/10/12/16,,"수평 및 수직 비닝, Binning, ROI, 수직 뒤집기","8, 10, 12 bit",0 dB ~ 42 dB 아날로그 및 디지털,20.5 μs to 10 s (Normal) / 2.88 μs to 7.42 μs (Short Mode),1 default and 2 custom user set,16 MB,"Frame counter, offset X/Y, width/height, 노출 시간, gain, black level, line status, sequencer set","Acquisition start/end, exposure start/end, line rise/fall, error",2 counters and 2 timers,"노출 시간, gain","Software trigger, hardware trigger, PTP (IEEE 1588)",GigE Vision v2.0,"CE, FCC, RoHS, REACH, WEEE",-30 to 60°C,-20 to 50°C 케이스 온도,"동작: 20% ~ 80%, relative, 비 응축","DIN EN 60068-2-27, DIN EN 60068-2-64, DIN EN 60068-2-6",3 year,,,IP67(IP67 보호를 위해 Triton은 IP67 렌즈 튜브 및 케이블과 함께 사용해야합니다),,,,,,DIN EN 61000-6-2,,,,,,,"TEC1,내부 방열판",Mono / 400nm to 1700nm,400nm ~ 1700nm(EMVA 1288 탭 참조),열전 냉각(TEC)으로 센서 온도 유지,,,,,,,,,,,,,,,,,
Lucid Vision,Y,ATP013S-WC,,"1280 x 1024 px, 1.3 MP",,Sony IMX990 InGaAs CMOS,8.2 mm (Type 1/2″),5.0 µm (H) x 5.0 µm (V),Global,C-mount,Mono,"1000BASE-T, 100BASE-TXM12, PoE+",84.9 FPS (94.4 FPS) @ 1.3 MP (8 Bit ADC mode)84.9 FPS (94.4 FPS) @ 1.3 MP (10 Bit ADC mode)71 FPS (71 FPS) @ 1.3 MP (12 Bit ADC mode),60 x 60 x 65 mm,435 g,8 핀M8커넥터,"1 input (2.5V-24V and 10.5V-24V), 1 output",2 bi-directional,PoE+ (IEEE 802.3at) or 12-24 V ±5% through GPIO,"PoE+를 통한 <12W, 외부 전원 공급시 11.5W",380 MB,"Gain, gamma, black level, LUT, pixel correction",Mono8/10/12/16,,"수평 및 수직 비닝, Binning, ROI, 수직 뒤집기","8, 10, 12 bit",0 dB ~ 42 dB 아날로그 및 디지털,20.5 μs to 10 s (Normal) / 2.88 μs to 7.42 μs (Short Mode),1 default and 2 custom user set,16 MB,"Frame counter, offset X/Y, width/height, 노출 시간, gain, black level, line status, sequencer set","Acquisition start/end, exposure start/end, line rise/fall, error",2 counters and 2 timers,"노출 시간, gain","Software trigger, hardware trigger, PTP (IEEE 1588)",GigE Vision v2.0,"CE, FCC, RoHS, REACH, WEEE",-30 to 60°C,-20 to 50°C 케이스 온도,"동작: 20% ~ 80%, relative, 비 응축","DIN EN 60068-2-27, DIN EN 60068-2-64, DIN EN 60068-2-6",3 year,ATP013S-WC,,IP67(IP67 보호를 위해 Triton은 IP67 렌즈 튜브 및 케이블과 함께 사용해야합니다),,,,,,DIN EN 61000-6-2,,,,,,,TEC1,,400 nm to 1700 nm,열전 냉각(TEC)으로 센서 온도 유지,,,,,,,,,M12,,,,,,,,
Lucid Vision,N,ATP003S-WC,0.3 MP,"656 x 520 px, 0.3 MP",257 fps,Sony IMX991 InGaAs CMOS,4.1 mm (Type 1/4″),5.0 µm (H) x 5.0 µm (V),Global,C-Mount,,"1000BASE-T, 100BASE-TXM12, PoE+",257.2 FPS (257.2 FPS) @ 0.3 MP (8 Bit ADC mode)238.8 FPS (238.8 FPS) @ 0.3 MP (10 Bit ADC mode)136.5 FPS (136.5 FPS) @ 0.3 MP (12 Bit ADC mode),60 x 60 x 65 mm,435 g,8 핀M8커넥터,"1 input (2.5V-24V and 10.5V-24V), 1 output",2 bi-directional,PoE+ (IEEE 802.3at) or 12-24 V ±5% through GPIO,"PoE+를 통한 <12W, 외부 전원 공급시 11.5W",380 MB,"Gain, gamma, black level, LUT, pixel correction",Mono8/10/12/16,,"수평 및 수직 비닝, Binning, ROI, 수직 뒤집기","8, 10, 12 bit",0 dB ~ 427 dB 아날로그 및 디지털,20.5 μs – 10 s (Normal) / 2.88 μs – 7.37 μs (Short Mode),1 default and 2 custom user set,16 MB,"Frame counter, offset X/Y, width/height, 노출 시간, gain, black level, line status, sequencer set","Acquisition start/end, exposure start/end, line rise/fall, error",2 counters and 2 timers,"노출 시간, gain","Software trigger, hardware trigger, PTP (IEEE 1588)",GigE Vision v2.0,"CE, KC, FCC, RoHS, REACH, WEEE",-30 to 60°C,-20 to 50°C 케이스 온도,"동작: 20% ~ 80%, relative, 비 응축","DIN EN 60068-2-27, DIN EN 60068-2-64, DIN EN 60068-2-6",3 year,,,IP67(IP67 보호를 위해 Triton은 IP67 렌즈 튜브 및 케이블과 함께 사용해야합니다),,,,,,DIN EN 61000-6-2,,,,,,,"TEC1,내부 방열판",Mono / 400nm to 1700nm,400nm ~ 1700nm(EMVA 1288 탭 참조),센서 온도를 유지하기 위해 전자식 냉각 소자(TEC)를 탑재,,,,,,,,,,,,,,,,,
Lucid Vision,Y,ATP003S-WC,,"656 x 520 px, 0.3 MP",,Sony IMX991 InGaAs CMOS,4.1 mm (Type 1/4″),5.0 µm (H) x 5.0 µm (V),Global,C-mount,Mono,"1000BASE-T, 100BASE-TXM12, PoE+",257.2 FPS (257.2 FPS) @ 0.3 MP (8 Bit ADC mode)238.8 FPS (238.8 FPS) @ 0.3 MP (10 Bit ADC mode)136.5 FPS (136.5 FPS) @ 0.3 MP (12 Bit ADC mode),60 x 60 x 65 mm,435 g,8 핀M8커넥터,"1 input (2.5V-24V and 10.5V-24V), 1 output",2 bi-directional,PoE+ (IEEE 802.3at) or 12-24 V ±5% through GPIO,"PoE+를 통한 <12W, 외부 전원 공급시 11.5W",380 MB,"Gain, gamma, black level, LUT, pixel correction",Mono8/10/12/16,,"수평 및 수직 비닝, Binning, ROI, 수직 뒤집기","8, 10, 12 bit",0 dB ~ 427 dB 아날로그 및 디지털,20.5 μs – 10 s (Normal) / 2.88 μs – 7.37 μs (Short Mode),1 default and 2 custom user set,16 MB,"Frame counter, offset X/Y, width/height, 노출 시간, gain, black level, line status, sequencer set","Acquisition start/end, exposure start/end, line rise/fall, error",2 counters and 2 timers,"노출 시간, gain","Software trigger, hardware trigger, PTP (IEEE 1588)",GigE Vision v2.0,"CE, KC, FCC, RoHS, REACH, WEEE",-30 to 60°C,-20 to 50°C 케이스 온도,"동작: 20% ~ 80%, relative, 비 응축","DIN EN 60068-2-27, DIN EN 60068-2-64, DIN EN 60068-2-6",3 year,ATP003S-WC,,IP67(IP67 보호를 위해 Triton은 IP67 렌즈 튜브 및 케이블과 함께 사용해야합니다),,,,,,DIN EN 61000-6-2,,,,,,,TEC1,,400 nm to 1700 nm,센서 온도를 유지하기 위해 전자식 냉각 소자(TEC)를 탑재,,,,,,,,,M12,,,,,,,,
Lucid Vision,N,ATX650G,65.0 MP,"9344 x 7000 px, 65 MP",14.1 fps,Gpixel GMAX3265 CMOS,37.4 mm (Type 2.3″),3.2 µm (H) x 3.2 µm (V),Global Shutter,"TFL-II Mount, 렌즈 마운트 없음",Mono / Color,"10GBASE-T*, 5GBASE-T, 2.5GBASE-T, 1000BASE-T, 100BASE-TXM12, PoE(*10GBASE-T는 Short Reach 모드에서 실행, 최대 25m 케이블 길이)",14.1 FPS @ 65.0MP (12 Bit ADC Mode),55 x 55 x 95.5 mm (TFL-II Mount)55 x 55 x 65 mm (렌즈 마운트 없음),304 g,8 핀M8커넥터,"1 input, 1 output",2 bi-directional,PoE+ (IEEE 802.3at) or 12-24 V ±5% through GPIO,"PoE+를 통한 <12W, 외부 전원 공급시 11.5W",380 MB,"Gain, gamma, black level, white balance, LUT, CCM, pixel correction, color space conversion","Mono8/10/12/16, Bayer8/10/12/16, RGB8, BGR8, YCbCr8, YCbCr411, YUV422, YUV411",,ROI,12 bit,0 ~ 13.66dB,24.832 μs ~ 10 sec,1 default and 2 custom user set,16 MB,"Frame counter, offset X/Y, width/height, 노출 시간, gain, black level, line status, sequencer set","Acquisition start/end, exposure start/end, line rise/fall, error",2 counters and 2 timers,"노출 시간, gain","Software trigger, hardware trigger, PTP (IEEE 1588)",GigE Vision v2.0,"CE, KC, FCC, RoHS, REACH, WEEE",-30 to 60°C,-20 to 50°C 주변,"동작: 20% ~ 80%, relative, 비 응축","DIN EN 60068-2-27, DIN EN 60068-2-64*",3 year,,,,"UDP (GigE Vision), TCP, RDMA (RoCE v2)",,,,,,,,,,,,,,,,,,,,,,,,,,,,,,,,
Lucid Vision,Y,ATX650G-CT2,,"9344 x 7000 px, 65 MP",,Gpixel GMAX3265 CMOS,37.4 mm (Type 2.3″),3.2 µm (H) x 3.2 µm (V),Global Shutter,TFL-II mount,Color,"10GBASE-T*, 5GBASE-T, 2.5GBASE-T, 1000BASE-T, 100BASE-TXM12, PoE(*10GBASE-T는 Short Reach 모드에서 실행, 최대 25m 케이블 길이)",14.1 FPS @ 65.0MP (12 Bit ADC Mode),55 x 55 x 95.5 mm (TFL-II Mount)55 x 55 x 65 mm (렌즈 마운트 없음),304 g,8 핀M8커넥터,"1 input, 1 output",2 bi-directional,PoE+ (IEEE 802.3at) or 12-24 V ±5% through GPIO,"PoE+를 통한 <12W, 외부 전원 공급시 11.5W",380 MB,"Gain, gamma, black level, white balance, LUT, CCM, pixel correction, color space conversion","Mono8/10/12/16, Bayer8/10/12/16, RGB8, BGR8, YCbCr8, YCbCr411, YUV422, YUV411",,ROI,12 bit,0 ~ 13.66dB,24.832 μs ~ 10 sec,1 default and 2 custom user set,16 MB,"Frame counter, offset X/Y, width/height, 노출 시간, gain, black level, line status, sequencer set","Acquisition start/end, exposure start/end, line rise/fall, error",2 counters and 2 timers,"노출 시간, gain","Software trigger, hardware trigger, PTP (IEEE 1588)",GigE Vision v2.0,"CE, KC, FCC, RoHS, REACH, WEEE",-30 to 60°C,-20 to 50°C 주변,"동작: 20% ~ 80%, relative, 비 응축","DIN EN 60068-2-27, DIN EN 60068-2-64*",3 year,ATX650G,,,"UDP (GigE Vision), TCP, RDMA (RoCE v2)",,,,,,M12,,,,,,,,,,,,,,,,,,,,,,,,,,
Lucid Vision,Y,ATX650G-MT2,,"9344 x 7000 px, 65 MP",,Gpixel GMAX3265 CMOS,37.4 mm (Type 2.3″),3.2 µm (H) x 3.2 µm (V),Global Shutter,TFL-II mount,Mono,"10GBASE-T*, 5GBASE-T, 2.5GBASE-T, 1000BASE-T, 100BASE-TXM12, PoE(*10GBASE-T는 Short Reach 모드에서 실행, 최대 25m 케이블 길이)",14.1 FPS @ 65.0MP (12 Bit ADC Mode),55 x 55 x 95.5 mm (TFL-II Mount)55 x 55 x 65 mm (렌즈 마운트 없음),304 g,8 핀M8커넥터,"1 input, 1 output",2 bi-directional,PoE+ (IEEE 802.3at) or 12-24 V ±5% through GPIO,"PoE+를 통한 <12W, 외부 전원 공급시 11.5W",380 MB,"Gain, gamma, black level, white balance, LUT, CCM, pixel correction, color space conversion","Mono8/10/12/16, Bayer8/10/12/16, RGB8, BGR8, YCbCr8, YCbCr411, YUV422, YUV411",,ROI,12 bit,0 ~ 13.66dB,24.832 μs ~ 10 sec,1 default and 2 custom user set,16 MB,"Frame counter, offset X/Y, width/height, 노출 시간, gain, black level, line status, sequencer set","Acquisition start/end, exposure start/end, line rise/fall, error",2 counters and 2 timers,"노출 시간, gain","Software trigger, hardware trigger, PTP (IEEE 1588)",GigE Vision v2.0,"CE, KC, FCC, RoHS, REACH, WEEE",-30 to 60°C,-20 to 50°C 주변,"동작: 20% ~ 80%, relative, 비 응축","DIN EN 60068-2-27, DIN EN 60068-2-64*",3 year,ATX650G,,,"UDP (GigE Vision), TCP, RDMA (RoCE v2)",,,,,,M12,,,,,,,,,,,,,,,,,,,,,,,,,,
Lucid Vision,Y,ATX650G-CNL,,"9344 x 7000 px, 65 MP",,Gpixel GMAX3265 CMOS,37.4 mm (Type 2.3″),3.2 µm (H) x 3.2 µm (V),Global Shutter,렌즈 마운트 없음,Color,"10GBASE-T*, 5GBASE-T, 2.5GBASE-T, 1000BASE-T, 100BASE-TXM12, PoE(*10GBASE-T는 Short Reach 모드에서 실행, 최대 25m 케이블 길이)",14.1 FPS @ 65.0MP (12 Bit ADC Mode),55 x 55 x 95.5 mm (TFL-II Mount)55 x 55 x 65 mm (렌즈 마운트 없음),304 g,8 핀M8커넥터,"1 input, 1 output",2 bi-directional,PoE+ (IEEE 802.3at) or 12-24 V ±5% through GPIO,"PoE+를 통한 <12W, 외부 전원 공급시 11.5W",380 MB,"Gain, gamma, black level, white balance, LUT, CCM, pixel correction, color space conversion","Mono8/10/12/16, Bayer8/10/12/16, RGB8, BGR8, YCbCr8, YCbCr411, YUV422, YUV411",,ROI,12 bit,0 ~ 13.66dB,24.832 μs ~ 10 sec,1 default and 2 custom user set,16 MB,"Frame counter, offset X/Y, width/height, 노출 시간, gain, black level, line status, sequencer set","Acquisition start/end, exposure start/end, line rise/fall, error",2 counters and 2 timers,"노출 시간, gain","Software trigger, hardware trigger, PTP (IEEE 1588)",GigE Vision v2.0,"CE, KC, FCC, RoHS, REACH, WEEE",-30 to 60°C,-20 to 50°C 주변,"동작: 20% ~ 80%, relative, 비 응축","DIN EN 60068-2-27, DIN EN 60068-2-64*",3 year,ATX650G,,,"UDP (GigE Vision), TCP, RDMA (RoCE v2)",,,,,,M12,,,,,,,,,,,,,,,,,,,,,,,,,,
Lucid Vision,Y,ATX650G-MNL,,"9344 x 7000 px, 65 MP",,Gpixel GMAX3265 CMOS,37.4 mm (Type 2.3″),3.2 µm (H) x 3.2 µm (V),Global Shutter,렌즈 마운트 없음,Mono,"10GBASE-T*, 5GBASE-T, 2.5GBASE-T, 1000BASE-T, 100BASE-TXM12, PoE(*10GBASE-T는 Short Reach 모드에서 실행, 최대 25m 케이블 길이)",14.1 FPS @ 65.0MP (12 Bit ADC Mode),55 x 55 x 95.5 mm (TFL-II Mount)55 x 55 x 65 mm (렌즈 마운트 없음),304 g,8 핀M8커넥터,"1 input, 1 output",2 bi-directional,PoE+ (IEEE 802.3at) or 12-24 V ±5% through GPIO,"PoE+를 통한 <12W, 외부 전원 공급시 11.5W",380 MB,"Gain, gamma, black level, white balance, LUT, CCM, pixel correction, color space conversion","Mono8/10/12/16, Bayer8/10/12/16, RGB8, BGR8, YCbCr8, YCbCr411, YUV422, YUV411",,ROI,12 bit,0 ~ 13.66dB,24.832 μs ~ 10 sec,1 default and 2 custom user set,16 MB,"Frame counter, offset X/Y, width/height, 노출 시간, gain, black level, line status, sequencer set","Acquisition start/end, exposure start/end, line rise/fall, error",2 counters and 2 timers,"노출 시간, gain","Software trigger, hardware trigger, PTP (IEEE 1588)",GigE Vision v2.0,"CE, KC, FCC, RoHS, REACH, WEEE",-30 to 60°C,-20 to 50°C 주변,"동작: 20% ~ 80%, relative, 비 응축","DIN EN 60068-2-27, DIN EN 60068-2-64*",3 year,ATX650G,,,"UDP (GigE Vision), TCP, RDMA (RoCE v2)",,,,,,M12,,,,,,,,,,,,,,,,,,,,,,,,,,
Lucid Vision,N,ATX470S,47.0 MP,"8232 x 5588 px, 47 MP",23.2 fps,Sony IMX492 CMOS,23.1 mm (Type 1.4),2.315 µm (H) x 2.315 µm (V),Rolling Shutter with Global Reset,TFL-Mount / 렌즈 마운트 없음,Mono / Color,"10GBASE-T*, 5GBASE-T, 2.5GBASE-T, 1000BASE-T, 100BASE-TXM12, PoE(*10GBASE-T는 Short Reach 모드에서 실행, 최대 25m 케이블 길이)",23.2 FPS (23.2 FPS) @ 47 MP (10 bit ADC mode)15.5 FPS (15.5 FPS) @ 47 MP (12 bit ADC mode),55 x 55 x 95.5 mm (TFL-Mount)55 x 55 x 65 mm (렌즈 마운트 없음),325 g (TFL mount model)240 g (렌즈 마운트 모델 없음),8 핀M8커넥터,"1 input, 1 output",2 bi-directional,PoE+ (IEEE 802.3at) or 12-24 V ±5% through GPIO,"PoE+를 통한 <12W, 외부 전원 공급시 11.5W",380 MB,"Gain, gamma, black level, white balance, LUT, CCM, pixel correction, hue, saturation, color space conversion","Mono8/10/12/16, Bayer8/10/12/16, RGB8, BGR8, YCbCr8, YCbCr411, YUV422, YUV411",,"수평 및 수직 비닝, 서브 샘플링, ROI","10, 12 bit",12 dB ~ 27 dB 아날로그,96.016 µs ~ 2 sec (10 bit ADC)139.224 µs ~ 2 sec (12 bit ADC),1 default and 2 custom user set,16 MB,"Frame counter, offset X/Y, width/height, 노출 시간, gain, black level, line status, sequencer set","Acquisition start/end, exposure start/end, line rise/fall, error",2 counters and 2 timers,"노출 시간, gain","Software trigger, hardware trigger, PTP (IEEE 1588)",GigE Vision v2.0,"CE, KC, FCC, RoHS, REACH, WEEE",-30 to 60°C,-20 to 50°C 주변 (TFL mount model)-20 to 45°C 주변 (No lens mount model),"동작: 20% ~ 80%, relative, 비 응축","DIN EN 60068-2-27, DIN EN 60068-2-64*",3 year,,,,"UDP (GigE Vision), TCP, RDMA (RoCE v2)",,,,,,,,,,,,,,,,,,,,,,,,,,,,,,,,
Lucid Vision,Y,ATX470S-CT,,"8232 x 5588 px, 47 MP",,Sony IMX492 CMOS,23.1 mm (Type 1.4),2.315 µm (H) x 2.315 µm (V),Rolling Shutter with Global Reset,TFL-mount,Color,"10GBASE-T*, 5GBASE-T, 2.5GBASE-T, 1000BASE-T, 100BASE-TXM12, PoE(*10GBASE-T는 Short Reach 모드에서 실행, 최대 25m 케이블 길이)",23.2 FPS (23.2 FPS) @ 47 MP (10 bit ADC mode)15.5 FPS (15.5 FPS) @ 47 MP (12 bit ADC mode),55 x 55 x 95.5 mm (TFL-Mount)55 x 55 x 65 mm (렌즈 마운트 없음),325 g (TFL mount model)240 g (렌즈 마운트 모델 없음),8 핀M8커넥터,"1 input, 1 output",2 bi-directional,PoE+ (IEEE 802.3at) or 12-24 V ±5% through GPIO,"PoE+를 통한 <12W, 외부 전원 공급시 11.5W",380 MB,"Gain, gamma, black level, white balance, LUT, CCM, pixel correction, hue, saturation, color space conversion","Mono8/10/12/16, Bayer8/10/12/16, RGB8, BGR8, YCbCr8, YCbCr411, YUV422, YUV411",,"수평 및 수직 비닝, 서브 샘플링, ROI","10, 12 bit",12 dB ~ 27 dB 아날로그,96.016 µs ~ 2 sec (10 bit ADC)139.224 µs ~ 2 sec (12 bit ADC),1 default and 2 custom user set,16 MB,"Frame counter, offset X/Y, width/height, 노출 시간, gain, black level, line status, sequencer set","Acquisition start/end, exposure start/end, line rise/fall, error",2 counters and 2 timers,"노출 시간, gain","Software trigger, hardware trigger, PTP (IEEE 1588)",GigE Vision v2.0,"CE, KC, FCC, RoHS, REACH, WEEE",-30 to 60°C,-20 to 50°C 주변 (TFL mount model)-20 to 45°C 주변 (No lens mount model),"동작: 20% ~ 80%, relative, 비 응축","DIN EN 60068-2-27, DIN EN 60068-2-64*",3 year,ATX470S,,,"UDP (GigE Vision), TCP, RDMA (RoCE v2)",,,,,,M12,,,,,,,,,,,,,,,,,,,,,,,,,,
Lucid Vision,Y,ATX470S-MT,,"8232 x 5588 px, 47 MP",,Sony IMX492 CMOS,23.1 mm (Type 1.4),2.315 µm (H) x 2.315 µm (V),Rolling Shutter with Global Reset,TFL-mount,Mono,"10GBASE-T*, 5GBASE-T, 2.5GBASE-T, 1000BASE-T, 100BASE-TXM12, PoE(*10GBASE-T는 Short Reach 모드에서 실행, 최대 25m 케이블 길이)",23.2 FPS (23.2 FPS) @ 47 MP (10 bit ADC mode)15.5 FPS (15.5 FPS) @ 47 MP (12 bit ADC mode),55 x 55 x 95.5 mm (TFL-Mount)55 x 55 x 65 mm (렌즈 마운트 없음),325 g (TFL mount model)240 g (렌즈 마운트 모델 없음),8 핀M8커넥터,"1 input, 1 output",2 bi-directional,PoE+ (IEEE 802.3at) or 12-24 V ±5% through GPIO,"PoE+를 통한 <12W, 외부 전원 공급시 11.5W",380 MB,"Gain, gamma, black level, white balance, LUT, CCM, pixel correction, hue, saturation, color space conversion","Mono8/10/12/16, Bayer8/10/12/16, RGB8, BGR8, YCbCr8, YCbCr411, YUV422, YUV411",,"수평 및 수직 비닝, 서브 샘플링, ROI","10, 12 bit",12 dB ~ 27 dB 아날로그,96.016 µs ~ 2 sec (10 bit ADC)139.224 µs ~ 2 sec (12 bit ADC),1 default and 2 custom user set,16 MB,"Frame counter, offset X/Y, width/height, 노출 시간, gain, black level, line status, sequencer set","Acquisition start/end, exposure start/end, line rise/fall, error",2 counters and 2 timers,"노출 시간, gain","Software trigger, hardware trigger, PTP (IEEE 1588)",GigE Vision v2.0,"CE, KC, FCC, RoHS, REACH, WEEE",-30 to 60°C,-20 to 50°C 주변 (TFL mount model)-20 to 45°C 주변 (No lens mount model),"동작: 20% ~ 80%, relative, 비 응축","DIN EN 60068-2-27, DIN EN 60068-2-64*",3 year,ATX470S,,,"UDP (GigE Vision), TCP, RDMA (RoCE v2)",,,,,,M12,,,,,,,,,,,,,,,,,,,,,,,,,,
Lucid Vision,Y,ATX470S-CNL,,"8232 x 5588 px, 47 MP",,Sony IMX492 CMOS,23.1 mm (Type 1.4),2.315 µm (H) x 2.315 µm (V),Rolling Shutter with Global Reset,렌즈 마운트 없음,Color,"10GBASE-T*, 5GBASE-T, 2.5GBASE-T, 1000BASE-T, 100BASE-TXM12, PoE(*10GBASE-T는 Short Reach 모드에서 실행, 최대 25m 케이블 길이)",23.2 FPS (23.2 FPS) @ 47 MP (10 bit ADC mode)15.5 FPS (15.5 FPS) @ 47 MP (12 bit ADC mode),55 x 55 x 95.5 mm (TFL-Mount)55 x 55 x 65 mm (렌즈 마운트 없음),325 g (TFL mount model)240 g (렌즈 마운트 모델 없음),8 핀M8커넥터,"1 input, 1 output",2 bi-directional,PoE+ (IEEE 802.3at) or 12-24 V ±5% through GPIO,"PoE+를 통한 <12W, 외부 전원 공급시 11.5W",380 MB,"Gain, gamma, black level, white balance, LUT, CCM, pixel correction, hue, saturation, color space conversion","Mono8/10/12/16, Bayer8/10/12/16, RGB8, BGR8, YCbCr8, YCbCr411, YUV422, YUV411",,"수평 및 수직 비닝, 서브 샘플링, ROI","10, 12 bit",12 dB ~ 27 dB 아날로그,96.016 µs ~ 2 sec (10 bit ADC)139.224 µs ~ 2 sec (12 bit ADC),1 default and 2 custom user set,16 MB,"Frame counter, offset X/Y, width/height, 노출 시간, gain, black level, line status, sequencer set","Acquisition start/end, exposure start/end, line rise/fall, error",2 counters and 2 timers,"노출 시간, gain","Software trigger, hardware trigger, PTP (IEEE 1588)",GigE Vision v2.0,"CE, KC, FCC, RoHS, REACH, WEEE",-30 to 60°C,-20 to 50°C 주변 (TFL mount model)-20 to 45°C 주변 (No lens mount model),"동작: 20% ~ 80%, relative, 비 응축","DIN EN 60068-2-27, DIN EN 60068-2-64*",3 year,ATX470S,,,"UDP (GigE Vision), TCP, RDMA (RoCE v2)",,,,,,M12,,,,,,,,,,,,,,,,,,,,,,,,,,
Lucid Vision,Y,ATX470S-MNL,,"8232 x 5588 px, 47 MP",,Sony IMX492 CMOS,23.1 mm (Type 1.4),2.315 µm (H) x 2.315 µm (V),Rolling Shutter with Global Reset,렌즈 마운트 없음,Mono,"10GBASE-T*, 5GBASE-T, 2.5GBASE-T, 1000BASE-T, 100BASE-TXM12, PoE(*10GBASE-T는 Short Reach 모드에서 실행, 최대 25m 케이블 길이)",23.2 FPS (23.2 FPS) @ 47 MP (10 bit ADC mode)15.5 FPS (15.5 FPS) @ 47 MP (12 bit ADC mode),55 x 55 x 95.5 mm (TFL-Mount)55 x 55 x 65 mm (렌즈 마운트 없음),325 g (TFL mount model)240 g (렌즈 마운트 모델 없음),8 핀M8커넥터,"1 input, 1 output",2 bi-directional,PoE+ (IEEE 802.3at) or 12-24 V ±5% through GPIO,"PoE+를 통한 <12W, 외부 전원 공급시 11.5W",380 MB,"Gain, gamma, black level, white balance, LUT, CCM, pixel correction, hue, saturation, color space conversion","Mono8/10/12/16, Bayer8/10/12/16, RGB8, BGR8, YCbCr8, YCbCr411, YUV422, YUV411",,"수평 및 수직 비닝, 서브 샘플링, ROI","10, 12 bit",12 dB ~ 27 dB 아날로그,96.016 µs ~ 2 sec (10 bit ADC)139.224 µs ~ 2 sec (12 bit ADC),1 default and 2 custom user set,16 MB,"Frame counter, offset X/Y, width/height, 노출 시간, gain, black level, line status, sequencer set","Acquisition start/end, exposure start/end, line rise/fall, error",2 counters and 2 timers,"노출 시간, gain","Software trigger, hardware trigger, PTP (IEEE 1588)",GigE Vision v2.0,"CE, KC, FCC, RoHS, REACH, WEEE",-30 to 60°C,-20 to 50°C 주변 (TFL mount model)-20 to 45°C 주변 (No lens mount model),"동작: 20% ~ 80%, relative, 비 응축","DIN EN 60068-2-27, DIN EN 60068-2-64*",3 year,ATX470S,,,"UDP (GigE Vision), TCP, RDMA (RoCE v2)",,,,,,M12,,,,,,,,,,,,,,,,,,,,,,,,,,
Lucid Vision,N,ATX450N,45.0 MP,"8192 x 5460 px, 44.7 MP",16 fps,onsemi XGS 45000 CMOS,31.5 mm (Type 2.2″),3.2 µm (H) x 3.2 µm (V),Global Shutter,TFL-II Mount,Mono / Color,"10GBASE-T*, 5GBASE-T, 2.5GBASE-T, 1000BASE-T, 100BASE-TXM12, PoE(*10GBASE-T는 Short Reach 모드에서 실행, 최대 25m 케이블 길이)",16.0 FPS (16.0 FPS) @ 44.7 MP (8 Bit ADC mode)12.3 FPS (13.8 FPS) @ 44.7 MP (10 Bit ADC mode)12.3 FPS (13.8 FPS) @ 44.7 MP (12 Bit ADC mode),55 x 55 x 95.5 mm,304 g,8 핀M8커넥터,"1 input, 1 output",2 bi-directional,PoE+ (IEEE 802.3at) or 12-24 V ±5% through GPIO,"PoE+를 통한 <12W, 외부 전원 공급시 11.5W",380 MB,"Gain, gamma, black level, white balance, LUT, CCM, pixel correction, color space conversion","Mono8/10/12/16, Bayer8/10/12/16, RGB8, BGR8, YCbCr8, YCbCr411, YUV422, YUV411",,"Horizontal and vertical binning, ROI, vertical flip",12 bit,-1.26 dB ~ 16.8 dB,73.328 μs ~ 10 s,1 default and 2 custom user set,16 MB,"Frame counter, offset X/Y, width/height, 노출 시간, gain, black level, line status, sequencer set","Acquisition start/end, exposure start/end, line rise/fall, error",2 counters and 2 timers,"노출 시간, gain","Software trigger, hardware trigger, PTP (IEEE 1588)",GigE Vision v2.0,"CE, KC, FCC, RoHS, REACH, WEEE",-30 to 60°C,-20 to 50°C 주변,"동작: 20% ~ 80%, relative, 비 응축","DIN EN 60068-2-27, DIN EN 60068-2-64*",3 year,,,,"UDP (GigE Vision), TCP, RDMA (RoCE v2)",,,,,,,,,,,,,,,,,,,,,,,,,,,,,,,,
Lucid Vision,Y,ATX450N-CT2,,"8192 x 5460 px, 44.7 MP",,onsemi XGS 45000 CMOS,31.5 mm (Type 2.2″),3.2 µm (H) x 3.2 µm (V),Global Shutter,TFL-II mount,Color,"10GBASE-T*, 5GBASE-T, 2.5GBASE-T, 1000BASE-T, 100BASE-TXM12, PoE(*10GBASE-T는 Short Reach 모드에서 실행, 최대 25m 케이블 길이)",16.0 FPS (16.0 FPS) @ 44.7 MP (8 Bit ADC mode)12.3 FPS (13.8 FPS) @ 44.7 MP (10 Bit ADC mode)12.3 FPS (13.8 FPS) @ 44.7 MP (12 Bit ADC mode),55 x 55 x 95.5 mm,304 g,8 핀M8커넥터,"1 input, 1 output",2 bi-directional,PoE+ (IEEE 802.3at) or 12-24 V ±5% through GPIO,"PoE+를 통한 <12W, 외부 전원 공급시 11.5W",380 MB,"Gain, gamma, black level, white balance, LUT, CCM, pixel correction, color space conversion","Mono8/10/12/16, Bayer8/10/12/16, RGB8, BGR8, YCbCr8, YCbCr411, YUV422, YUV411",,"Horizontal and vertical binning, ROI, vertical flip",12 bit,-1.26 dB ~ 16.8 dB,73.328 μs ~ 10 s,1 default and 2 custom user set,16 MB,"Frame counter, offset X/Y, width/height, 노출 시간, gain, black level, line status, sequencer set","Acquisition start/end, exposure start/end, line rise/fall, error",2 counters and 2 timers,"노출 시간, gain","Software trigger, hardware trigger, PTP (IEEE 1588)",GigE Vision v2.0,"CE, KC, FCC, RoHS, REACH, WEEE",-30 to 60°C,-20 to 50°C 주변,"동작: 20% ~ 80%, relative, 비 응축","DIN EN 60068-2-27, DIN EN 60068-2-64*",3 year,ATX450N,,,"UDP (GigE Vision), TCP, RDMA (RoCE v2)",,,,,,M12,,,,,,,,,,,,,,,,,,,,,,,,,,
Lucid Vision,Y,ATX450N-MT2,,"8192 x 5460 px, 44.7 MP",,onsemi XGS 45000 CMOS,31.5 mm (Type 2.2″),3.2 µm (H) x 3.2 µm (V),Global Shutter,TFL-II mount,Mono,"10GBASE-T*, 5GBASE-T, 2.5GBASE-T, 1000BASE-T, 100BASE-TXM12, PoE(*10GBASE-T는 Short Reach 모드에서 실행, 최대 25m 케이블 길이)",16.0 FPS (16.0 FPS) @ 44.7 MP (8 Bit ADC mode)12.3 FPS (13.8 FPS) @ 44.7 MP (10 Bit ADC mode)12.3 FPS (13.8 FPS) @ 44.7 MP (12 Bit ADC mode),55 x 55 x 95.5 mm,304 g,8 핀M8커넥터,"1 input, 1 output",2 bi-directional,PoE+ (IEEE 802.3at) or 12-24 V ±5% through GPIO,"PoE+를 통한 <12W, 외부 전원 공급시 11.5W",380 MB,"Gain, gamma, black level, white balance, LUT, CCM, pixel correction, color space conversion","Mono8/10/12/16, Bayer8/10/12/16, RGB8, BGR8, YCbCr8, YCbCr411, YUV422, YUV411",,"Horizontal and vertical binning, ROI, vertical flip",12 bit,-1.26 dB ~ 16.8 dB,73.328 μs ~ 10 s,1 default and 2 custom user set,16 MB,"Frame counter, offset X/Y, width/height, 노출 시간, gain, black level, line status, sequencer set","Acquisition start/end, exposure start/end, line rise/fall, error",2 counters and 2 timers,"노출 시간, gain","Software trigger, hardware trigger, PTP (IEEE 1588)",GigE Vision v2.0,"CE, KC, FCC, RoHS, REACH, WEEE",-30 to 60°C,-20 to 50°C 주변,"동작: 20% ~ 80%, relative, 비 응축","DIN EN 60068-2-27, DIN EN 60068-2-64*",3 year,ATX450N,,,"UDP (GigE Vision), TCP, RDMA (RoCE v2)",,,,,,M12,,,,,,,,,,,,,,,,,,,,,,,,,,
Lucid Vision,N,ATX314S,31.4 MP,"6464 x 4852 px, 31.4 MP",35 fps,Sony IMX342 CMOS,27.9mm (Type APS-C),3.45 µm (H) x 3.45 µm (V),Global Shutter,TFL-Mount / No Lens Mount,Mono / Color,"10GBASE-T*, 5GBASE-T, 2.5GBASE-T, 1000BASE-T, 100BASE-TXM12, PoE(*10GBASE-T는 단거리 모드에서 실행, 최대 케이블 길이 25m)",35.1 FPS (35.4 FPS) @ 31.4 MP (8 Bit ADC mode)135.1 FPS (35.4 FPS) @ 31.4 MP (10 Bit ADC mode)25.8 FPS (25.8FPS) @ 31.4 MP (12 Bit ADC mode),55 x 55 x 95.5 mmNo Lens Mount: 55 x 55 x 65 mm,325 g / 240 g (No Lens Mount),8 핀M8커넥터,"1 input, 1 output",2 bi-directional,"PoE (IEEE 802.3af), or 12-24 VDC ±5% external","PoE를 통한 <12W, 외부 전원 공급시 11.5W",380 MB,"Gain, gamma, black level, white balance, LUT, CCM, pixel correction, color space conversion","Mono8/10/12/16, Bayer8/10/12/16, RGB8, BGR8, YCbCr8, YCbCr411, YUV422, YUV411",,"수평 및 수직 비닝, 서브 샘플링, ROI, 수평 및 수직 뒤집기","8, 10, 12 bit",0 dB ~ 48 dB 아날로그 및 디지털,37.896 μs ~ 10 s (Normal) / 2.328 μs ~ 32.3 μs (Short Mode),1 default and 2 custom user set,16 MB,"Frame counter, offset X/Y, width/height, 노출 시간, gain, black level, line status, sequencer set","Acquisition start/end, exposure start/end, line rise/fall, error",2 counters and 2 timers,"노출 시간, gain","Software trigger, hardware trigger, PTP (IEEE 1588)",GigE Vision v2.0,"CE, KC, FCC, RoHS, REACH, WEEE",-30 to 60°C,-20 to 55°C 주변,"동작: 20% ~ 80%, relative, 비 응축","DIN EN 60068-2-27, DIN EN 60068-2-64",3 year,,,,"UDP (GigE Vision), RDMA (RoCE v2)",,,,,,,,,,,,,,,,,,,,,,,,,,,,,,,,
Lucid Vision,Y,ATX314S-CT,,"6464 x 4852 px, 31.4 MP",,Sony IMX342 CMOS,27.9mm (Type APS-C),3.45 µm (H) x 3.45 µm (V),Global Shutter,TFL-mount,Color,"10GBASE-T*, 5GBASE-T, 2.5GBASE-T, 1000BASE-T, 100BASE-TXM12, PoE(*10GBASE-T는 단거리 모드에서 실행, 최대 케이블 길이 25m)",35.1 FPS (35.4 FPS) @ 31.4 MP (8 Bit ADC mode)135.1 FPS (35.4 FPS) @ 31.4 MP (10 Bit ADC mode)25.8 FPS (25.8FPS) @ 31.4 MP (12 Bit ADC mode),55 x 55 x 95.5 mmNo Lens Mount: 55 x 55 x 65 mm,325 g / 240 g (No Lens Mount),8 핀M8커넥터,"1 input, 1 output",2 bi-directional,"PoE (IEEE 802.3af), or 12-24 VDC ±5% external","PoE를 통한 <12W, 외부 전원 공급시 11.5W",380 MB,"Gain, gamma, black level, white balance, LUT, CCM, pixel correction, color space conversion","Mono8/10/12/16, Bayer8/10/12/16, RGB8, BGR8, YCbCr8, YCbCr411, YUV422, YUV411",,"수평 및 수직 비닝, 서브 샘플링, ROI, 수평 및 수직 뒤집기","8, 10, 12 bit",0 dB ~ 48 dB 아날로그 및 디지털,37.896 μs ~ 10 s (Normal) / 2.328 μs ~ 32.3 μs (Short Mode),1 default and 2 custom user set,16 MB,"Frame counter, offset X/Y, width/height, 노출 시간, gain, black level, line status, sequencer set","Acquisition start/end, exposure start/end, line rise/fall, error",2 counters and 2 timers,"노출 시간, gain","Software trigger, hardware trigger, PTP (IEEE 1588)",GigE Vision v2.0,"CE, KC, FCC, RoHS, REACH, WEEE",-30 to 60°C,-20 to 55°C 주변,"동작: 20% ~ 80%, relative, 비 응축","DIN EN 60068-2-27, DIN EN 60068-2-64",3 year,ATX314S,,,"UDP (GigE Vision), RDMA (RoCE v2)",,,,,,M12,,,,,,,,,,,,,,,,,,,,,,,,,,
Lucid Vision,Y,ATX314S-MT,,"6464 x 4852 px, 31.4 MP",,Sony IMX342 CMOS,27.9mm (Type APS-C),3.45 µm (H) x 3.45 µm (V),Global Shutter,TFL-mount,Mono,"10GBASE-T*, 5GBASE-T, 2.5GBASE-T, 1000BASE-T, 100BASE-TXM12, PoE(*10GBASE-T는 단거리 모드에서 실행, 최대 케이블 길이 25m)",35.1 FPS (35.4 FPS) @ 31.4 MP (8 Bit ADC mode)135.1 FPS (35.4 FPS) @ 31.4 MP (10 Bit ADC mode)25.8 FPS (25.8FPS) @ 31.4 MP (12 Bit ADC mode),55 x 55 x 95.5 mmNo Lens Mount: 55 x 55 x 65 mm,325 g / 240 g (No Lens Mount),8 핀M8커넥터,"1 input, 1 output",2 bi-directional,"PoE (IEEE 802.3af), or 12-24 VDC ±5% external","PoE를 통한 <12W, 외부 전원 공급시 11.5W",380 MB,"Gain, gamma, black level, white balance, LUT, CCM, pixel correction, color space conversion","Mono8/10/12/16, Bayer8/10/12/16, RGB8, BGR8, YCbCr8, YCbCr411, YUV422, YUV411",,"수평 및 수직 비닝, 서브 샘플링, ROI, 수평 및 수직 뒤집기","8, 10, 12 bit",0 dB ~ 48 dB 아날로그 및 디지털,37.896 μs ~ 10 s (Normal) / 2.328 μs ~ 32.3 μs (Short Mode),1 default and 2 custom user set,16 MB,"Frame counter, offset X/Y, width/height, 노출 시간, gain, black level, line status, sequencer set","Acquisition start/end, exposure start/end, line rise/fall, error",2 counters and 2 timers,"노출 시간, gain","Software trigger, hardware trigger, PTP (IEEE 1588)",GigE Vision v2.0,"CE, KC, FCC, RoHS, REACH, WEEE",-30 to 60°C,-20 to 55°C 주변,"동작: 20% ~ 80%, relative, 비 응축","DIN EN 60068-2-27, DIN EN 60068-2-64",3 year,ATX314S,,,"UDP (GigE Vision), RDMA (RoCE v2)",,,,,,M12,,,,,,,,,,,,,,,,,,,,,,,,,,
Lucid Vision,Y,ATX314S-CNL,,"6464 x 4852 px, 31.4 MP",,Sony IMX342 CMOS,27.9mm (Type APS-C),3.45 µm (H) x 3.45 µm (V),Global Shutter,No lens mount,Color,"10GBASE-T*, 5GBASE-T, 2.5GBASE-T, 1000BASE-T, 100BASE-TXM12, PoE(*10GBASE-T는 단거리 모드에서 실행, 최대 케이블 길이 25m)",35.1 FPS (35.4 FPS) @ 31.4 MP (8 Bit ADC mode)135.1 FPS (35.4 FPS) @ 31.4 MP (10 Bit ADC mode)25.8 FPS (25.8FPS) @ 31.4 MP (12 Bit ADC mode),55 x 55 x 95.5 mmNo Lens Mount: 55 x 55 x 65 mm,325 g / 240 g (No Lens Mount),8 핀M8커넥터,"1 input, 1 output",2 bi-directional,"PoE (IEEE 802.3af), or 12-24 VDC ±5% external","PoE를 통한 <12W, 외부 전원 공급시 11.5W",380 MB,"Gain, gamma, black level, white balance, LUT, CCM, pixel correction, color space conversion","Mono8/10/12/16, Bayer8/10/12/16, RGB8, BGR8, YCbCr8, YCbCr411, YUV422, YUV411",,"수평 및 수직 비닝, 서브 샘플링, ROI, 수평 및 수직 뒤집기","8, 10, 12 bit",0 dB ~ 48 dB 아날로그 및 디지털,37.896 μs ~ 10 s (Normal) / 2.328 μs ~ 32.3 μs (Short Mode),1 default and 2 custom user set,16 MB,"Frame counter, offset X/Y, width/height, 노출 시간, gain, black level, line status, sequencer set","Acquisition start/end, exposure start/end, line rise/fall, error",2 counters and 2 timers,"노출 시간, gain","Software trigger, hardware trigger, PTP (IEEE 1588)",GigE Vision v2.0,"CE, KC, FCC, RoHS, REACH, WEEE",-30 to 60°C,-20 to 55°C 주변,"동작: 20% ~ 80%, relative, 비 응축","DIN EN 60068-2-27, DIN EN 60068-2-64",3 year,ATX314S,,,"UDP (GigE Vision), RDMA (RoCE v2)",,,,,,M12,,,,,,,,,,,,,,,,,,,,,,,,,,
Lucid Vision,Y,ATX314S-MNL,,"6464 x 4852 px, 31.4 MP",,Sony IMX342 CMOS,27.9mm (Type APS-C),3.45 µm (H) x 3.45 µm (V),Global Shutter,No lens mount,Mono,"10GBASE-T*, 5GBASE-T, 2.5GBASE-T, 1000BASE-T, 100BASE-TXM12, PoE(*10GBASE-T는 단거리 모드에서 실행, 최대 케이블 길이 25m)",35.1 FPS (35.4 FPS) @ 31.4 MP (8 Bit ADC mode)135.1 FPS (35.4 FPS) @ 31.4 MP (10 Bit ADC mode)25.8 FPS (25.8FPS) @ 31.4 MP (12 Bit ADC mode),55 x 55 x 95.5 mmNo Lens Mount: 55 x 55 x 65 mm,325 g / 240 g (No Lens Mount),8 핀M8커넥터,"1 input, 1 output",2 bi-directional,"PoE (IEEE 802.3af), or 12-24 VDC ±5% external","PoE를 통한 <12W, 외부 전원 공급시 11.5W",380 MB,"Gain, gamma, black level, white balance, LUT, CCM, pixel correction, color space conversion","Mono8/10/12/16, Bayer8/10/12/16, RGB8, BGR8, YCbCr8, YCbCr411, YUV422, YUV411",,"수평 및 수직 비닝, 서브 샘플링, ROI, 수평 및 수직 뒤집기","8, 10, 12 bit",0 dB ~ 48 dB 아날로그 및 디지털,37.896 μs ~ 10 s (Normal) / 2.328 μs ~ 32.3 μs (Short Mode),1 default and 2 custom user set,16 MB,"Frame counter, offset X/Y, width/height, 노출 시간, gain, black level, line status, sequencer set","Acquisition start/end, exposure start/end, line rise/fall, error",2 counters and 2 timers,"노출 시간, gain","Software trigger, hardware trigger, PTP (IEEE 1588)",GigE Vision v2.0,"CE, KC, FCC, RoHS, REACH, WEEE",-30 to 60°C,-20 to 55°C 주변,"동작: 20% ~ 80%, relative, 비 응축","DIN EN 60068-2-27, DIN EN 60068-2-64",3 year,ATX314S,,,"UDP (GigE Vision), RDMA (RoCE v2)",,,,,,M12,,,,,,,,,,,,,,,,,,,,,,,,,,
Lucid Vision,N,ATX245S,24.5 MP,"5320 x 4600 px, 24.5 MP",45.4 fps,"Sony IMX530 CMOS (Pregius-S, BSI)",19.3mm (Type 1.2″),2.74 µm (H) x 2.74 µm (V),Global Shutter,TFL-Mount / C-Mount,Mono / Color,"10GBASE-T*, 5GBASE-T, 2.5GBASE-T, 1000BASE-T, 100BASE-TXM12, PoE(*10GBASE-T는 Short Reach 모드에서 실행, 최대 25m 케이블 길이)",45.4 FPS (49.6 FPS) @ 24.5 MP (8 Bit ADC mode)145.4 FPS (49.7 FPS) @ 24.5 MP (10 Bit ADC mode)45.4 FPS (46.4 FPS) @ 24.5 MP (12 Bit ADC mode),55 x 55 x 95.5 mm,325 g,8 핀M8커넥터,"1 input, 1 output",2 bi-directional,PoE+ (IEEE 802.3at) or 12-24 V ±5% through GPIO,"PoE+를 통한 <12W, 외부 전원 공급시 11.5W",380 MB,"Gain, gamma, black level, white balance, LUT, CCM, pixel correction, color space conversion","Mono8/10/12/16, Bayer8/10/12/16, RGB8, BGR8, YCbCr8, YCbCr411, YUV422, YUV411",,"수평 및 수직 비닝, 서브 샘플링, ROI, 수평 및 수직 뒤집기","8, 10, 12 bit",0 dB ~ 48 dB 아날로그 및 디지털,6.97 μs ~ 10 s (Normal) / 2.296 μs ~ 2.464 μs (Short Mode),1 default and 2 custom user set,16 MB,"Frame counter, offset X/Y, width/height, 노출 시간, gain, black level, line status, sequencer set","Acquisition start/end, exposure start/end, line rise/fall, error",2 counters and 2 timers,"노출 시간, gain","Software trigger, hardware trigger, PTP (IEEE 1588)",GigE Vision v2.0,"CE, KC, FCC, RoHS, REACH, WEEE",-30 to 60°C,-20 to 50°C 주변,"동작: 20% ~ 80%, relative, 비 응축","DIN EN 60068-2-27, DIN EN 60068-2-64*",3 year,,,,"UDP (GigE Vision), TCP, RDMA (RoCE v2)",,,,,,,,,,,,,,,,,,,,,,,,,,,,,,,,
Lucid Vision,Y,ATX245S-CC,,"5320 x 4600 px, 24.5 MP",,"Sony IMX530 CMOS (Pregius-S, BSI)",19.3mm (Type 1.2″),2.74 µm (H) x 2.74 µm (V),Global Shutter,C-mount,Color,"10GBASE-T*, 5GBASE-T, 2.5GBASE-T, 1000BASE-T, 100BASE-TXM12, PoE(*10GBASE-T는 Short Reach 모드에서 실행, 최대 25m 케이블 길이)",45.4 FPS (49.6 FPS) @ 24.5 MP (8 Bit ADC mode)145.4 FPS (49.7 FPS) @ 24.5 MP (10 Bit ADC mode)45.4 FPS (46.4 FPS) @ 24.5 MP (12 Bit ADC mode),55 x 55 x 95.5 mm,325 g,8 핀M8커넥터,"1 input, 1 output",2 bi-directional,PoE+ (IEEE 802.3at) or 12-24 V ±5% through GPIO,"PoE+를 통한 <12W, 외부 전원 공급시 11.5W",380 MB,"Gain, gamma, black level, white balance, LUT, CCM, pixel correction, color space conversion","Mono8/10/12/16, Bayer8/10/12/16, RGB8, BGR8, YCbCr8, YCbCr411, YUV422, YUV411",,"수평 및 수직 비닝, 서브 샘플링, ROI, 수평 및 수직 뒤집기","8, 10, 12 bit",0 dB ~ 48 dB 아날로그 및 디지털,6.97 μs ~ 10 s (Normal) / 2.296 μs ~ 2.464 μs (Short Mode),1 default and 2 custom user set,16 MB,"Frame counter, offset X/Y, width/height, 노출 시간, gain, black level, line status, sequencer set","Acquisition start/end, exposure start/end, line rise/fall, error",2 counters and 2 timers,"노출 시간, gain","Software trigger, hardware trigger, PTP (IEEE 1588)",GigE Vision v2.0,"CE, KC, FCC, RoHS, REACH, WEEE",-30 to 60°C,-20 to 50°C 주변,"동작: 20% ~ 80%, relative, 비 응축","DIN EN 60068-2-27, DIN EN 60068-2-64*",3 year,ATX245S,,,"UDP (GigE Vision), TCP, RDMA (RoCE v2)",,,,,,M12,,,,,,,,,,,,,,,,,,,,,,,,,,
Lucid Vision,Y,ATX245S-MC,,"5320 x 4600 px, 24.5 MP",,"Sony IMX530 CMOS (Pregius-S, BSI)",19.3mm (Type 1.2″),2.74 µm (H) x 2.74 µm (V),Global Shutter,C-mount,Mono,"10GBASE-T*, 5GBASE-T, 2.5GBASE-T, 1000BASE-T, 100BASE-TXM12, PoE(*10GBASE-T는 Short Reach 모드에서 실행, 최대 25m 케이블 길이)",45.4 FPS (49.6 FPS) @ 24.5 MP (8 Bit ADC mode)145.4 FPS (49.7 FPS) @ 24.5 MP (10 Bit ADC mode)45.4 FPS (46.4 FPS) @ 24.5 MP (12 Bit ADC mode),55 x 55 x 95.5 mm,325 g,8 핀M8커넥터,"1 input, 1 output",2 bi-directional,PoE+ (IEEE 802.3at) or 12-24 V ±5% through GPIO,"PoE+를 통한 <12W, 외부 전원 공급시 11.5W",380 MB,"Gain, gamma, black level, white balance, LUT, CCM, pixel correction, color space conversion","Mono8/10/12/16, Bayer8/10/12/16, RGB8, BGR8, YCbCr8, YCbCr411, YUV422, YUV411",,"수평 및 수직 비닝, 서브 샘플링, ROI, 수평 및 수직 뒤집기","8, 10, 12 bit",0 dB ~ 48 dB 아날로그 및 디지털,6.97 μs ~ 10 s (Normal) / 2.296 μs ~ 2.464 μs (Short Mode),1 default and 2 custom user set,16 MB,"Frame counter, offset X/Y, width/height, 노출 시간, gain, black level, line status, sequencer set","Acquisition start/end, exposure start/end, line rise/fall, error",2 counters and 2 timers,"노출 시간, gain","Software trigger, hardware trigger, PTP (IEEE 1588)",GigE Vision v2.0,"CE, KC, FCC, RoHS, REACH, WEEE",-30 to 60°C,-20 to 50°C 주변,"동작: 20% ~ 80%, relative, 비 응축","DIN EN 60068-2-27, DIN EN 60068-2-64*",3 year,ATX245S,,,"UDP (GigE Vision), TCP, RDMA (RoCE v2)",,,,,,M12,,,,,,,,,,,,,,,,,,,,,,,,,,
Lucid Vision,Y,ATX245S-CT,,"5320 x 4600 px, 24.5 MP",,"Sony IMX530 CMOS (Pregius-S, BSI)",19.3mm (Type 1.2″),2.74 µm (H) x 2.74 µm (V),Global Shutter,TFL-mount,Color,"10GBASE-T*, 5GBASE-T, 2.5GBASE-T, 1000BASE-T, 100BASE-TXM12, PoE(*10GBASE-T는 Short Reach 모드에서 실행, 최대 25m 케이블 길이)",45.4 FPS (49.6 FPS) @ 24.5 MP (8 Bit ADC mode)145.4 FPS (49.7 FPS) @ 24.5 MP (10 Bit ADC mode)45.4 FPS (46.4 FPS) @ 24.5 MP (12 Bit ADC mode),55 x 55 x 95.5 mm,325 g,8 핀M8커넥터,"1 input, 1 output",2 bi-directional,PoE+ (IEEE 802.3at) or 12-24 V ±5% through GPIO,"PoE+를 통한 <12W, 외부 전원 공급시 11.5W",380 MB,"Gain, gamma, black level, white balance, LUT, CCM, pixel correction, color space conversion","Mono8/10/12/16, Bayer8/10/12/16, RGB8, BGR8, YCbCr8, YCbCr411, YUV422, YUV411",,"수평 및 수직 비닝, 서브 샘플링, ROI, 수평 및 수직 뒤집기","8, 10, 12 bit",0 dB ~ 48 dB 아날로그 및 디지털,6.97 μs ~ 10 s (Normal) / 2.296 μs ~ 2.464 μs (Short Mode),1 default and 2 custom user set,16 MB,"Frame counter, offset X/Y, width/height, 노출 시간, gain, black level, line status, sequencer set","Acquisition start/end, exposure start/end, line rise/fall, error",2 counters and 2 timers,"노출 시간, gain","Software trigger, hardware trigger, PTP (IEEE 1588)",GigE Vision v2.0,"CE, KC, FCC, RoHS, REACH, WEEE",-30 to 60°C,-20 to 50°C 주변,"동작: 20% ~ 80%, relative, 비 응축","DIN EN 60068-2-27, DIN EN 60068-2-64*",3 year,ATX245S,,,"UDP (GigE Vision), TCP, RDMA (RoCE v2)",,,,,,M12,,,,,,,,,,,,,,,,,,,,,,,,,,
Lucid Vision,Y,ATX245S-MT,,"5320 x 4600 px, 24.5 MP",,"Sony IMX530 CMOS (Pregius-S, BSI)",19.3mm (Type 1.2″),2.74 µm (H) x 2.74 µm (V),Global Shutter,TFL-mount,Mono,"10GBASE-T*, 5GBASE-T, 2.5GBASE-T, 1000BASE-T, 100BASE-TXM12, PoE(*10GBASE-T는 Short Reach 모드에서 실행, 최대 25m 케이블 길이)",45.4 FPS (49.6 FPS) @ 24.5 MP (8 Bit ADC mode)145.4 FPS (49.7 FPS) @ 24.5 MP (10 Bit ADC mode)45.4 FPS (46.4 FPS) @ 24.5 MP (12 Bit ADC mode),55 x 55 x 95.5 mm,325 g,8 핀M8커넥터,"1 input, 1 output",2 bi-directional,PoE+ (IEEE 802.3at) or 12-24 V ±5% through GPIO,"PoE+를 통한 <12W, 외부 전원 공급시 11.5W",380 MB,"Gain, gamma, black level, white balance, LUT, CCM, pixel correction, color space conversion","Mono8/10/12/16, Bayer8/10/12/16, RGB8, BGR8, YCbCr8, YCbCr411, YUV422, YUV411",,"수평 및 수직 비닝, 서브 샘플링, ROI, 수평 및 수직 뒤집기","8, 10, 12 bit",0 dB ~ 48 dB 아날로그 및 디지털,6.97 μs ~ 10 s (Normal) / 2.296 μs ~ 2.464 μs (Short Mode),1 default and 2 custom user set,16 MB,"Frame counter, offset X/Y, width/height, 노출 시간, gain, black level, line status, sequencer set","Acquisition start/end, exposure start/end, line rise/fall, error",2 counters and 2 timers,"노출 시간, gain","Software trigger, hardware trigger, PTP (IEEE 1588)",GigE Vision v2.0,"CE, KC, FCC, RoHS, REACH, WEEE",-30 to 60°C,-20 to 50°C 주변,"동작: 20% ~ 80%, relative, 비 응축","DIN EN 60068-2-27, DIN EN 60068-2-64*",3 year,ATX245S,,,"UDP (GigE Vision), TCP, RDMA (RoCE v2)",,,,,,M12,,,,,,,,,,,,,,,,,,,,,,,,,,
Lucid Vision,N,ATX204S,20.4 MP,"4504 x 4504 px, 20.4 MP",54.1 fps,"Sony IMX531 CMOS (Pregius-S, BSI)",17.5mm (Type 1.1″),2.74 µm (H) x 2.74 µm (V),Global Shutter,C-Mount,Mono / Color,"10GBASE-T*, 5GBASE-T, 2.5GBASE-T, 1000BASE-T, 100BASE-TXM12, PoE(*10GBASE-T는 Short Reach 모드에서 실행, 최대 25m 케이블 길이)",54.1 FPS (59.2 FPS) @ 20.4 MP (8 Bit ADC mode)154.1 FPS (59.3 FPS) @ 20.4 MP (10 Bit ADC mode)54.1 FPS (56.5 FPS) @ 20.4 MP (12 Bit ADC mode),55 x 55 x 95.5 mm,325 g,8 핀M8커넥터,"1 input, 1 output",2 bi-directional,PoE+ (IEEE 802.3at) or 12-24 V ±5% through GPIO,"PoE+를 통한 <12W, 외부 전원 공급시 11.5W",380 MB,"Gain, gamma, black level, white balance, LUT, CCM, pixel correction, color space conversion","Mono8/10/12/16, Bayer8/10/12/16, RGB8, BGR8, YCbCr8, YCbCr411, YUV422, YUV411",,"수평 및 수직 비닝, 서브 샘플링, ROI, 수평 및 수직 뒤집기","8, 10, 12 bit",0 dB ~ 48 dB 아날로그 및 디지털,6.24 μs ~ 10 s (Normal) 2.296 μs ~ 2.464 μs (Short Mode),1 default and 2 custom user set,16 MB,"Frame counter, offset X/Y, width/height, 노출 시간, gain, black level, line status, sequencer set","Acquisition start/end, exposure start/end, line rise/fall, error",2 counters and 2 timers,"노출 시간, gain","Software trigger, hardware trigger, PTP (IEEE 1588)",GigE Vision v2.0,"CE, KC, FCC, RoHS, REACH, WEEE",-30 to 60°C,-20 to 50°C 주변,"동작: 20% ~ 80%, relative, 비 응축","DIN EN 60068-2-27, DIN EN 60068-2-64*",3 year,,,,"UDP (GigE Vision), TCP, RDMA (RoCE v2)",,,,,,,,,,,,,,,,,,,,,,,,,,,,,,,,
Lucid Vision,Y,ATX204S-CC,,"4504 x 4504 px, 20.4 MP",,"Sony IMX531 CMOS (Pregius-S, BSI)",17.5mm (Type 1.1″),2.74 µm (H) x 2.74 µm (V),Global Shutter,C-mount,Color,"10GBASE-T*, 5GBASE-T, 2.5GBASE-T, 1000BASE-T, 100BASE-TXM12, PoE(*10GBASE-T는 Short Reach 모드에서 실행, 최대 25m 케이블 길이)",54.1 FPS (59.2 FPS) @ 20.4 MP (8 Bit ADC mode)154.1 FPS (59.3 FPS) @ 20.4 MP (10 Bit ADC mode)54.1 FPS (56.5 FPS) @ 20.4 MP (12 Bit ADC mode),55 x 55 x 95.5 mm,325 g,8 핀M8커넥터,"1 input, 1 output",2 bi-directional,PoE+ (IEEE 802.3at) or 12-24 V ±5% through GPIO,"PoE+를 통한 <12W, 외부 전원 공급시 11.5W",380 MB,"Gain, gamma, black level, white balance, LUT, CCM, pixel correction, color space conversion","Mono8/10/12/16, Bayer8/10/12/16, RGB8, BGR8, YCbCr8, YCbCr411, YUV422, YUV411",,"수평 및 수직 비닝, 서브 샘플링, ROI, 수평 및 수직 뒤집기","8, 10, 12 bit",0 dB ~ 48 dB 아날로그 및 디지털,6.24 μs ~ 10 s (Normal) 2.296 μs ~ 2.464 μs (Short Mode),1 default and 2 custom user set,16 MB,"Frame counter, offset X/Y, width/height, 노출 시간, gain, black level, line status, sequencer set","Acquisition start/end, exposure start/end, line rise/fall, error",2 counters and 2 timers,"노출 시간, gain","Software trigger, hardware trigger, PTP (IEEE 1588)",GigE Vision v2.0,"CE, KC, FCC, RoHS, REACH, WEEE",-30 to 60°C,-20 to 50°C 주변,"동작: 20% ~ 80%, relative, 비 응축","DIN EN 60068-2-27, DIN EN 60068-2-64*",3 year,ATX204S,,,"UDP (GigE Vision), TCP, RDMA (RoCE v2)",,,,,,M12,,,,,,,,,,,,,,,,,,,,,,,,,,
Lucid Vision,Y,ATX204S-MC,,"4504 x 4504 px, 20.4 MP",,"Sony IMX531 CMOS (Pregius-S, BSI)",17.5mm (Type 1.1″),2.74 µm (H) x 2.74 µm (V),Global Shutter,C-mount,Mono,"10GBASE-T*, 5GBASE-T, 2.5GBASE-T, 1000BASE-T, 100BASE-TXM12, PoE(*10GBASE-T는 Short Reach 모드에서 실행, 최대 25m 케이블 길이)",54.1 FPS (59.2 FPS) @ 20.4 MP (8 Bit ADC mode)154.1 FPS (59.3 FPS) @ 20.4 MP (10 Bit ADC mode)54.1 FPS (56.5 FPS) @ 20.4 MP (12 Bit ADC mode),55 x 55 x 95.5 mm,325 g,8 핀M8커넥터,"1 input, 1 output",2 bi-directional,PoE+ (IEEE 802.3at) or 12-24 V ±5% through GPIO,"PoE+를 통한 <12W, 외부 전원 공급시 11.5W",380 MB,"Gain, gamma, black level, white balance, LUT, CCM, pixel correction, color space conversion","Mono8/10/12/16, Bayer8/10/12/16, RGB8, BGR8, YCbCr8, YCbCr411, YUV422, YUV411",,"수평 및 수직 비닝, 서브 샘플링, ROI, 수평 및 수직 뒤집기","8, 10, 12 bit",0 dB ~ 48 dB 아날로그 및 디지털,6.24 μs ~ 10 s (Normal) 2.296 μs ~ 2.464 μs (Short Mode),1 default and 2 custom user set,16 MB,"Frame counter, offset X/Y, width/height, 노출 시간, gain, black level, line status, sequencer set","Acquisition start/end, exposure start/end, line rise/fall, error",2 counters and 2 timers,"노출 시간, gain","Software trigger, hardware trigger, PTP (IEEE 1588)",GigE Vision v2.0,"CE, KC, FCC, RoHS, REACH, WEEE",-30 to 60°C,-20 to 50°C 주변,"동작: 20% ~ 80%, relative, 비 응축","DIN EN 60068-2-27, DIN EN 60068-2-64*",3 year,ATX204S,,,"UDP (GigE Vision), TCP, RDMA (RoCE v2)",,,,,,M12,,,,,,,,,,,,,,,,,,,,,,,,,,
Lucid Vision,N,ATX162S,16.2 MP,"5320 x 3032 px, 16.2 MP",75.6 FPS @ 16.2 MP (8 Bit ADC mode)176.1 FPS @ 16.2 MP (10 Bit ADC mode)68.9 FPS @ 16.2 MP (12 Bit ADC mode),"Sony IMX532 CMOS (Pregius-S, BSI)",16.8mm (Type 1.1″),2.74 µm (H) x 2.74 µm (V),Global Shutter,C-Mount,Mono / Color,"10GBASE-T*, 5GBASE-T, 2.5GBASE-T, 1000BASE-T, 100BASE-TXM12, PoE(*10GBASE-T는 Short Reach 모드에서 실행, 최대 25m 케이블 길이)",,55 x 55 x 95.5 mm,325 g,8 핀M8커넥터,"1 input, 1 output",2 bi-directional,PoE+ (IEEE 802.3at) or 12-24 V ±5% through GPIO,"PoE+를 통한 <12W, 외부 전원 공급시 11.5W",380 MB,"Gain, gamma, black level, white balance, LUT, CCM, pixel correction, color space conversion","Mono8/10/12/16, Bayer8/10/12/16, RGB8, BGR8, YCbCr8, YCbCr411, YUV422, YUV411",,"수평 및 수직 비닝, 서브 샘플링, ROI, 수평 및 수직 뒤집기","8, 10, 12 bit",0 dB ~ 48 dB 아날로그 및 디지털,6.976 μs ~ 10 s (Normal) 2.296 μs ~ 2.464 μs (Short Mode),1 default and 2 custom user set,16 MB,"Frame counter, offset X/Y, width/height, 노출 시간, gain, black level, line status, sequencer set","Acquisition start/end, exposure start/end, line rise/fall, error",2 counters and 2 timers,"노출 시간, gain","Software trigger, hardware trigger, PTP (IEEE 1588)",GigE Vision v2.0,"CE, KC, FCC, RoHS, REACH, WEEE",-30 to 60°C,-20 to 50°C 주변,"동작: 20% ~ 80%, relative, 비 응축","DIN EN 60068-2-27, DIN EN 60068-2-64*",3 year,,,,"UDP (GigE Vision), TCP, RDMA (RoCE v2)",,,,,,,,,,,,,,,,,,,,,,,,,,,,,,,,
Lucid Vision,Y,ATX162S-CC,,"5320 x 3032 px, 16.2 MP",75.6 FPS @ 16.2 MP (8 Bit ADC mode)176.1 FPS @ 16.2 MP (10 Bit ADC mode)68.9 FPS @ 16.2 MP (12 Bit ADC mode),"Sony IMX532 CMOS (Pregius-S, BSI)",16.8mm (Type 1.1″),2.74 µm (H) x 2.74 µm (V),Global Shutter,C-mount,Color,"10GBASE-T*, 5GBASE-T, 2.5GBASE-T, 1000BASE-T, 100BASE-TXM12, PoE(*10GBASE-T는 Short Reach 모드에서 실행, 최대 25m 케이블 길이)",,55 x 55 x 95.5 mm,325 g,8 핀M8커넥터,"1 input, 1 output",2 bi-directional,PoE+ (IEEE 802.3at) or 12-24 V ±5% through GPIO,"PoE+를 통한 <12W, 외부 전원 공급시 11.5W",380 MB,"Gain, gamma, black level, white balance, LUT, CCM, pixel correction, color space conversion","Mono8/10/12/16, Bayer8/10/12/16, RGB8, BGR8, YCbCr8, YCbCr411, YUV422, YUV411",,"수평 및 수직 비닝, 서브 샘플링, ROI, 수평 및 수직 뒤집기","8, 10, 12 bit",0 dB ~ 48 dB 아날로그 및 디지털,6.976 μs ~ 10 s (Normal) 2.296 μs ~ 2.464 μs (Short Mode),1 default and 2 custom user set,16 MB,"Frame counter, offset X/Y, width/height, 노출 시간, gain, black level, line status, sequencer set","Acquisition start/end, exposure start/end, line rise/fall, error",2 counters and 2 timers,"노출 시간, gain","Software trigger, hardware trigger, PTP (IEEE 1588)",GigE Vision v2.0,"CE, KC, FCC, RoHS, REACH, WEEE",-30 to 60°C,-20 to 50°C 주변,"동작: 20% ~ 80%, relative, 비 응축","DIN EN 60068-2-27, DIN EN 60068-2-64*",3 year,ATX162S,,,"UDP (GigE Vision), TCP, RDMA (RoCE v2)",,,,,,M12,,,,,,,,,,,,,,,,,,,,,,,,,,
Lucid Vision,Y,ATX162S-MC,,"5320 x 3032 px, 16.2 MP",75.6 FPS @ 16.2 MP (8 Bit ADC mode)176.1 FPS @ 16.2 MP (10 Bit ADC mode)68.9 FPS @ 16.2 MP (12 Bit ADC mode),"Sony IMX532 CMOS (Pregius-S, BSI)",16.8mm (Type 1.1″),2.74 µm (H) x 2.74 µm (V),Global Shutter,C-mount,Mono,"10GBASE-T*, 5GBASE-T, 2.5GBASE-T, 1000BASE-T, 100BASE-TXM12, PoE(*10GBASE-T는 Short Reach 모드에서 실행, 최대 25m 케이블 길이)",,55 x 55 x 95.5 mm,325 g,8 핀M8커넥터,"1 input, 1 output",2 bi-directional,PoE+ (IEEE 802.3at) or 12-24 V ±5% through GPIO,"PoE+를 통한 <12W, 외부 전원 공급시 11.5W",380 MB,"Gain, gamma, black level, white balance, LUT, CCM, pixel correction, color space conversion","Mono8/10/12/16, Bayer8/10/12/16, RGB8, BGR8, YCbCr8, YCbCr411, YUV422, YUV411",,"수평 및 수직 비닝, 서브 샘플링, ROI, 수평 및 수직 뒤집기","8, 10, 12 bit",0 dB ~ 48 dB 아날로그 및 디지털,6.976 μs ~ 10 s (Normal) 2.296 μs ~ 2.464 μs (Short Mode),1 default and 2 custom user set,16 MB,"Frame counter, offset X/Y, width/height, 노출 시간, gain, black level, line status, sequencer set","Acquisition start/end, exposure start/end, line rise/fall, error",2 counters and 2 timers,"노출 시간, gain","Software trigger, hardware trigger, PTP (IEEE 1588)",GigE Vision v2.0,"CE, KC, FCC, RoHS, REACH, WEEE",-30 to 60°C,-20 to 50°C 주변,"동작: 20% ~ 80%, relative, 비 응축","DIN EN 60068-2-27, DIN EN 60068-2-64*",3 year,ATX162S,,,"UDP (GigE Vision), TCP, RDMA (RoCE v2)",,,,,,M12,,,,,,,,,,,,,,,,,,,,,,,,,,
Lucid Vision,N,ATX124S,12.3 MP,"4096 x 3000, 12.3 MP",89.7 FPS @ 12.3 MP (8 Bit ADC mode)189.7 @ 12.3 MP (10 Bit ADC mode)89.7 @ 12.3 MP (12 Bit ADC mode),"Sony IMX535 CMOS (Pregius-S, BSI)",14.0mm (Type 1/1.1″),2.74 µm (H) x 2.74 µm (V),Global Shutter,C-Mount,Mono / Color,"10GBASE-T*, 5GBASE-T, 2.5GBASE-T, 1000BASE-T, 100BASE-TXM12, PoE(*10GBASE-T는 Short Reach 모드에서 실행, 최대 25m 케이블 길이)",,55 x 55 x 95.5 mm,325 g,8 핀M8커넥터,"1 input, 1 output",2 bi-directional,PoE+ (IEEE 802.3at) or 12-24 V ±5% through GPIO,"PoE+를 통한 <12W, 외부 전원 공급시 11.5W",380 MB,"Gain, gamma, black level, white balance, LUT, CCM, pixel correction, color space conversion","Mono8/10/12/16, Bayer8/10/12/16, RGB8, BGR8, YCbCr8, YCbCr411, YUV422, YUV411",,"수평 및 수직 비닝, 서브 샘플링, ROI, 수평 및 수직 뒤집기","8, 10, 12 bit",0 dB ~ 48 dB 아날로그 및 디지털,5.93 μs to 10 s (Normal) / 2.31 μs to 2.47 μs (Short Mode),1 default and 2 custom user set,16 MB,"Frame counter, offset X/Y, width/height, 노출 시간, gain, black level, line status, sequencer set","Acquisition start/end, exposure start/end, line rise/fall, error",2 counters and 2 timers,"노출 시간, gain","Software trigger, hardware trigger, PTP (IEEE 1588)",GigE Vision v2.0,"CE, KC, FCC, RoHS, REACH, WEEE",-30 to 60°C,-20 to 50°C 주변,"동작: 20% ~ 80%, relative, 비 응축","DIN EN 60068-2-27, DIN EN 60068-2-64*",3 year,,,,"UDP (GigE Vision), TCP, RDMA (RoCE v2)",,,,,,,,,,,,,,,,,,,,,,,,,,,,,,,,
Lucid Vision,Y,ATX124S-CC,,"4096 x 3000, 12.3 MP",89.7 FPS @ 12.3 MP (8 Bit ADC mode)189.7 @ 12.3 MP (10 Bit ADC mode)89.7 @ 12.3 MP (12 Bit ADC mode),"Sony IMX535 CMOS (Pregius-S, BSI)",14.0mm (Type 1/1.1″),2.74 µm (H) x 2.74 µm (V),Global Shutter,C-mount,Color,"10GBASE-T*, 5GBASE-T, 2.5GBASE-T, 1000BASE-T, 100BASE-TXM12, PoE(*10GBASE-T는 Short Reach 모드에서 실행, 최대 25m 케이블 길이)",,55 x 55 x 95.5 mm,325 g,8 핀M8커넥터,"1 input, 1 output",2 bi-directional,PoE+ (IEEE 802.3at) or 12-24 V ±5% through GPIO,"PoE+를 통한 <12W, 외부 전원 공급시 11.5W",380 MB,"Gain, gamma, black level, white balance, LUT, CCM, pixel correction, color space conversion","Mono8/10/12/16, Bayer8/10/12/16, RGB8, BGR8, YCbCr8, YCbCr411, YUV422, YUV411",,"수평 및 수직 비닝, 서브 샘플링, ROI, 수평 및 수직 뒤집기","8, 10, 12 bit",0 dB ~ 48 dB 아날로그 및 디지털,5.93 μs to 10 s (Normal) / 2.31 μs to 2.47 μs (Short Mode),1 default and 2 custom user set,16 MB,"Frame counter, offset X/Y, width/height, 노출 시간, gain, black level, line status, sequencer set","Acquisition start/end, exposure start/end, line rise/fall, error",2 counters and 2 timers,"노출 시간, gain","Software trigger, hardware trigger, PTP (IEEE 1588)",GigE Vision v2.0,"CE, KC, FCC, RoHS, REACH, WEEE",-30 to 60°C,-20 to 50°C 주변,"동작: 20% ~ 80%, relative, 비 응축","DIN EN 60068-2-27, DIN EN 60068-2-64*",3 year,ATX124S,,,"UDP (GigE Vision), TCP, RDMA (RoCE v2)",,,,,,M12,,,,,,,,,,,,,,,,,,,,,,,,,,
Lucid Vision,Y,ATX124S-MC,,"4096 x 3000, 12.3 MP",89.7 FPS @ 12.3 MP (8 Bit ADC mode)189.7 @ 12.3 MP (10 Bit ADC mode)89.7 @ 12.3 MP (12 Bit ADC mode),"Sony IMX535 CMOS (Pregius-S, BSI)",14.0mm (Type 1/1.1″),2.74 µm (H) x 2.74 µm (V),Global Shutter,C-mount,Mono,"10GBASE-T*, 5GBASE-T, 2.5GBASE-T, 1000BASE-T, 100BASE-TXM12, PoE(*10GBASE-T는 Short Reach 모드에서 실행, 최대 25m 케이블 길이)",,55 x 55 x 95.5 mm,325 g,8 핀M8커넥터,"1 input, 1 output",2 bi-directional,PoE+ (IEEE 802.3at) or 12-24 V ±5% through GPIO,"PoE+를 통한 <12W, 외부 전원 공급시 11.5W",380 MB,"Gain, gamma, black level, white balance, LUT, CCM, pixel correction, color space conversion","Mono8/10/12/16, Bayer8/10/12/16, RGB8, BGR8, YCbCr8, YCbCr411, YUV422, YUV411",,"수평 및 수직 비닝, 서브 샘플링, ROI, 수평 및 수직 뒤집기","8, 10, 12 bit",0 dB ~ 48 dB 아날로그 및 디지털,5.93 μs to 10 s (Normal) / 2.31 μs to 2.47 μs (Short Mode),1 default and 2 custom user set,16 MB,"Frame counter, offset X/Y, width/height, 노출 시간, gain, black level, line status, sequencer set","Acquisition start/end, exposure start/end, line rise/fall, error",2 counters and 2 timers,"노출 시간, gain","Software trigger, hardware trigger, PTP (IEEE 1588)",GigE Vision v2.0,"CE, KC, FCC, RoHS, REACH, WEEE",-30 to 60°C,-20 to 50°C 주변,"동작: 20% ~ 80%, relative, 비 응축","DIN EN 60068-2-27, DIN EN 60068-2-64*",3 year,ATX124S,,,"UDP (GigE Vision), TCP, RDMA (RoCE v2)",,,,,,M12,,,,,,,,,,,,,,,,,,,,,,,,,,
Lucid Vision,N,ATX081S,8.1 MP,"2840 x 2840 px, 8.1 MP",136.7 @ 8.1 MP (8 Bit ADC mode)1136.7 @ 8.1 MP (10 Bit ADC mode)126.4 @ 8.1 MP (12 Bit ADC mode),"Sony IMX536 CMOS (Pregius-S, BSI)",11.1mm (Type 2/3″),2.74 µm (H) x 2.74 µm (V),Global Shutter,C-Mount,Mono / Color,"10GBASE-T*, 5GBASE-T, 2.5GBASE-T, 1000BASE-T, 100BASE-TXM12, PoE(*10GBASE-T는 Short Reach 모드에서 실행, 최대 25m 케이블 길이)",,55 x 55 x 95.5 mm,325 g,8 핀M8커넥터,"1 input, 1 output",2 bi-directional,PoE+ (IEEE 802.3at) or 12-24 V ±5% through GPIO,"PoE+를 통한 <12W, 외부 전원 공급시 11.5W",380 MB,"Gain, gamma, black level, white balance, LUT, CCM, pixel correction, color space conversion","Mono8/10/12/16, Bayer8/10/12/16, RGB8, BGR8, YCbCr8, YCbCr411, YUV422, YUV411",,"수평 및 수직 비닝, 서브 샘플링, ROI, 수평 및 수직 뒤집기","8, 10, 12 bit",0 dB ~ 48 dB 아날로그 및 디지털,5.05 μs to 10 s (Normal) / 2.31 μs to 2.47 μs (Short Mode),1 default and 2 custom user set,16 MB,"Frame counter, offset X/Y, width/height, 노출 시간, gain, black level, line status, sequencer set","Acquisition start/end, exposure start/end, line rise/fall, error",2 counters and 2 timers,"노출 시간, gain","Software trigger, hardware trigger, PTP (IEEE 1588)",GigE Vision v2.0,"CE, KC, FCC, RoHS, REACH, WEEE",-30 to 60°C,-20 to 50°C 주변,"동작: 20% ~ 80%, relative, 비 응축","DIN EN 60068-2-27, DIN EN 60068-2-64*",3 year,,,,"UDP (GigE Vision), TCP, RDMA (RoCE v2)",,,,,,,,,,,,,,,,,,,,,,,,,,,,,,,,
Lucid Vision,Y,ATX081S-CC,,"2840 x 2840 px, 8.1 MP",136.7 @ 8.1 MP (8 Bit ADC mode)1136.7 @ 8.1 MP (10 Bit ADC mode)126.4 @ 8.1 MP (12 Bit ADC mode),"Sony IMX536 CMOS (Pregius-S, BSI)",11.1mm (Type 2/3″),2.74 µm (H) x 2.74 µm (V),Global Shutter,C-mount,Color,"10GBASE-T*, 5GBASE-T, 2.5GBASE-T, 1000BASE-T, 100BASE-TXM12, PoE(*10GBASE-T는 Short Reach 모드에서 실행, 최대 25m 케이블 길이)",,55 x 55 x 95.5 mm,325 g,8 핀M8커넥터,"1 input, 1 output",2 bi-directional,PoE+ (IEEE 802.3at) or 12-24 V ±5% through GPIO,"PoE+를 통한 <12W, 외부 전원 공급시 11.5W",380 MB,"Gain, gamma, black level, white balance, LUT, CCM, pixel correction, color space conversion","Mono8/10/12/16, Bayer8/10/12/16, RGB8, BGR8, YCbCr8, YCbCr411, YUV422, YUV411",,"수평 및 수직 비닝, 서브 샘플링, ROI, 수평 및 수직 뒤집기","8, 10, 12 bit",0 dB ~ 48 dB 아날로그 및 디지털,5.05 μs to 10 s (Normal) / 2.31 μs to 2.47 μs (Short Mode),1 default and 2 custom user set,16 MB,"Frame counter, offset X/Y, width/height, 노출 시간, gain, black level, line status, sequencer set","Acquisition start/end, exposure start/end, line rise/fall, error",2 counters and 2 timers,"노출 시간, gain","Software trigger, hardware trigger, PTP (IEEE 1588)",GigE Vision v2.0,"CE, KC, FCC, RoHS, REACH, WEEE",-30 to 60°C,-20 to 50°C 주변,"동작: 20% ~ 80%, relative, 비 응축","DIN EN 60068-2-27, DIN EN 60068-2-64*",3 year,ATX081S,,,"UDP (GigE Vision), TCP, RDMA (RoCE v2)",,,,,,M12,,,,,,,,,,,,,,,,,,,,,,,,,,
Lucid Vision,Y,ATX081S-MC,,"2840 x 2840 px, 8.1 MP",136.7 @ 8.1 MP (8 Bit ADC mode)1136.7 @ 8.1 MP (10 Bit ADC mode)126.4 @ 8.1 MP (12 Bit ADC mode),"Sony IMX536 CMOS (Pregius-S, BSI)",11.1mm (Type 2/3″),2.74 µm (H) x 2.74 µm (V),Global Shutter,C-mount,Mono,"10GBASE-T*, 5GBASE-T, 2.5GBASE-T, 1000BASE-T, 100BASE-TXM12, PoE(*10GBASE-T는 Short Reach 모드에서 실행, 최대 25m 케이블 길이)",,55 x 55 x 95.5 mm,325 g,8 핀M8커넥터,"1 input, 1 output",2 bi-directional,PoE+ (IEEE 802.3at) or 12-24 V ±5% through GPIO,"PoE+를 통한 <12W, 외부 전원 공급시 11.5W",380 MB,"Gain, gamma, black level, white balance, LUT, CCM, pixel correction, color space conversion","Mono8/10/12/16, Bayer8/10/12/16, RGB8, BGR8, YCbCr8, YCbCr411, YUV422, YUV411",,"수평 및 수직 비닝, 서브 샘플링, ROI, 수평 및 수직 뒤집기","8, 10, 12 bit",0 dB ~ 48 dB 아날로그 및 디지털,5.05 μs to 10 s (Normal) / 2.31 μs to 2.47 μs (Short Mode),1 default and 2 custom user set,16 MB,"Frame counter, offset X/Y, width/height, 노출 시간, gain, black level, line status, sequencer set","Acquisition start/end, exposure start/end, line rise/fall, error",2 counters and 2 timers,"노출 시간, gain","Software trigger, hardware trigger, PTP (IEEE 1588)",GigE Vision v2.0,"CE, KC, FCC, RoHS, REACH, WEEE",-30 to 60°C,-20 to 50°C 주변,"동작: 20% ~ 80%, relative, 비 응축","DIN EN 60068-2-27, DIN EN 60068-2-64*",3 year,ATX081S,,,"UDP (GigE Vision), TCP, RDMA (RoCE v2)",,,,,,M12,,,,,,,,,,,,,,,,,,,,,,,,,,
Lucid Vision,N,ATX051S,5.0 MP,"2448 x 2048 px, 5.0 MP",203 fps @ 5.0 MP (8 Bit ADC mode)1205 fps @ 5.0 MP (10 Bit ADC mode)170 fps @ 5.0 MP (12 Bit ADC mode),"Sony IMX537 CMOS (Pregius-S, BSI)",8.8mm (Type 1/1.8″),2.74 µm (H) x 2.74 µm (V),Global Shutter,C-Mount,Mono / Color,"10GBASE-T*, 5GBASE-T, 2.5GBASE-T, 1000BASE-T, 100BASE-TXM12, PoE(*10GBASE-T는 Short Reach 모드에서 실행, 최대 25m 케이블 길이)",,55 x 55 x 95.5 mm,325 g,8 핀M8커넥터,"1 input, 1 output",2 bi-directional,PoE+ (IEEE 802.3at) or 12-24 V ±5% through GPIO,"PoE+를 통한 <12W, 외부 전원 공급시 11.5W",380 MB,"Gain, gamma, black level, white balance, LUT, CCM, pixel correction, color space conversion","Mono8/10/12/16, Bayer8/10/12/16, RGB8, BGR8, YCbCr8, YCbCr411, YUV422, YUV411",,"수평 및 수직 비닝, 서브 샘플링, ROI, 수평 및 수직 뒤집기","8, 10, 12 bit",0 dB ~ 48 dB 아날로그 및 디지털,5.02 μs to 10 s (Normal) / 2.31 μs to 2.47 μs (Short Mode),1 default and 2 custom user set,16 MB,"Frame counter, offset X/Y, width/height, 노출 시간, gain, black level, line status, sequencer set","Acquisition start/end, exposure start/end, line rise/fall, error",2 counters and 2 timers,"노출 시간, gain","Software trigger, hardware trigger, PTP (IEEE 1588)",GigE Vision v2.0,"CE, KC, FCC, RoHS, REACH, WEEE",-30 to 60°C,-20 to 50°C 주변,"동작: 20% ~ 80%, relative, 비 응축","DIN EN 60068-2-27, DIN EN 60068-2-64*",3 year,,,,"UDP (GigE Vision), TCP, RDMA (RoCE v2)",,,,,,,,,,,,,,,,,,,,,,,,,,,,,,,,
Lucid Vision,Y,ATX051S-CC,,"2448 x 2048 px, 5.0 MP",203 fps @ 5.0 MP (8 Bit ADC mode)1205 fps @ 5.0 MP (10 Bit ADC mode)170 fps @ 5.0 MP (12 Bit ADC mode),"Sony IMX537 CMOS (Pregius-S, BSI)",8.8mm (Type 1/1.8″),2.74 µm (H) x 2.74 µm (V),Global Shutter,C-mount,Color,"10GBASE-T*, 5GBASE-T, 2.5GBASE-T, 1000BASE-T, 100BASE-TXM12, PoE(*10GBASE-T는 Short Reach 모드에서 실행, 최대 25m 케이블 길이)",,55 x 55 x 95.5 mm,325 g,8 핀M8커넥터,"1 input, 1 output",2 bi-directional,PoE+ (IEEE 802.3at) or 12-24 V ±5% through GPIO,"PoE+를 통한 <12W, 외부 전원 공급시 11.5W",380 MB,"Gain, gamma, black level, white balance, LUT, CCM, pixel correction, color space conversion","Mono8/10/12/16, Bayer8/10/12/16, RGB8, BGR8, YCbCr8, YCbCr411, YUV422, YUV411",,"수평 및 수직 비닝, 서브 샘플링, ROI, 수평 및 수직 뒤집기","8, 10, 12 bit",0 dB ~ 48 dB 아날로그 및 디지털,5.02 μs to 10 s (Normal) / 2.31 μs to 2.47 μs (Short Mode),1 default and 2 custom user set,16 MB,"Frame counter, offset X/Y, width/height, 노출 시간, gain, black level, line status, sequencer set","Acquisition start/end, exposure start/end, line rise/fall, error",2 counters and 2 timers,"노출 시간, gain","Software trigger, hardware trigger, PTP (IEEE 1588)",GigE Vision v2.0,"CE, KC, FCC, RoHS, REACH, WEEE",-30 to 60°C,-20 to 50°C 주변,"동작: 20% ~ 80%, relative, 비 응축","DIN EN 60068-2-27, DIN EN 60068-2-64*",3 year,ATX051S,,,"UDP (GigE Vision), TCP, RDMA (RoCE v2)",,,,,,M12,,,,,,,,,,,,,,,,,,,,,,,,,,
Lucid Vision,Y,ATX051S-MC,,"2448 x 2048 px, 5.0 MP",203 fps @ 5.0 MP (8 Bit ADC mode)1205 fps @ 5.0 MP (10 Bit ADC mode)170 fps @ 5.0 MP (12 Bit ADC mode),"Sony IMX537 CMOS (Pregius-S, BSI)",8.8mm (Type 1/1.8″),2.74 µm (H) x 2.74 µm (V),Global Shutter,C-mount,Mono,"10GBASE-T*, 5GBASE-T, 2.5GBASE-T, 1000BASE-T, 100BASE-TXM12, PoE(*10GBASE-T는 Short Reach 모드에서 실행, 최대 25m 케이블 길이)",,55 x 55 x 95.5 mm,325 g,8 핀M8커넥터,"1 input, 1 output",2 bi-directional,PoE+ (IEEE 802.3at) or 12-24 V ±5% through GPIO,"PoE+를 통한 <12W, 외부 전원 공급시 11.5W",380 MB,"Gain, gamma, black level, white balance, LUT, CCM, pixel correction, color space conversion","Mono8/10/12/16, Bayer8/10/12/16, RGB8, BGR8, YCbCr8, YCbCr411, YUV422, YUV411",,"수평 및 수직 비닝, 서브 샘플링, ROI, 수평 및 수직 뒤집기","8, 10, 12 bit",0 dB ~ 48 dB 아날로그 및 디지털,5.02 μs to 10 s (Normal) / 2.31 μs to 2.47 μs (Short Mode),1 default and 2 custom user set,16 MB,"Frame counter, offset X/Y, width/height, 노출 시간, gain, black level, line status, sequencer set","Acquisition start/end, exposure start/end, line rise/fall, error",2 counters and 2 timers,"노출 시간, gain","Software trigger, hardware trigger, PTP (IEEE 1588)",GigE Vision v2.0,"CE, KC, FCC, RoHS, REACH, WEEE",-30 to 60°C,-20 to 50°C 주변,"동작: 20% ~ 80%, relative, 비 응축","DIN EN 60068-2-27, DIN EN 60068-2-64*",3 year,ATX051S,,,"UDP (GigE Vision), TCP, RDMA (RoCE v2)",,,,,,M12,,,,,,,,,,,,,,,,,,,,,,,,,,
Lucid Vision,N,ATX081S-UC,8.1 MP,"2840 x 2840 px, 8.1 MP",136.7 @ 8.1 MP (8 Bit ADC mode)1136.7 @ 8.1 MP (10 Bit ADC mode)126.4 @ 8.1 MP (12 Bit ADC mode),"Sony IMX487 CMOS (Pregius-S, BSI)",11.1mm (Type 2/3″),2.74 µm (H) x 2.74 µm (V),Global Shutter,C-Mount,Mono (UV + VIS),"10GBASE-T*, 5GBASE-T, 2.5GBASE-T, 1000BASE-T, 100BASE-TXM12, PoE(*10GBASE-T는 Short Reach 모드에서 실행, 최대 25m 케이블 길이)",,55 x 55 x 95.5 mm,325 g,8 핀M8커넥터,"1 input, 1 output",2 bi-directional,PoE+ (IEEE 802.3at) or 12-24 V ±5% through GPIO,"PoE+를 통한 <12W, 외부 전원 공급시 11.5W",380 MB,"Gain, gamma, black level, white balance, LUT, CCM, pixel correction, color space conversion",Mono8/10/12/16,,"수평 및 수직 비닝, 서브 샘플링, ROI, 수평 및 수직 뒤집기","8, 10, 12 bit",0 dB ~ 48 dB 아날로그 및 디지털,5.05 μs to 10 s (Normal) / 2.23 μs to 2.47 μs (Short Mode),1 default and 2 custom user set,16 MB,"Frame counter, offset X/Y, width/height, 노출 시간, gain, black level, line status, sequencer set","Acquisition start/end, exposure start/end, line rise/fall, error",2 counters and 2 timers,"노출 시간, gain","Software trigger, hardware trigger, PTP (IEEE 1588)",GigE Vision v2.0,"CE, KC, FCC, RoHS, REACH, WEEE",-30 to 60°C,-20 to 50°C 주변,"동작: 20% ~ 80%, relative, 비 응축","DIN EN 60068-2-27, DIN EN 60068-2-64*",3 year,,,,"UDP (GigE Vision), TCP, RDMA (RoCE v2)",,,,,,,,,,,,,,,,,,,,,,,,,,,,,,,,
Lucid Vision,Y,ATX081S-UC,,"2840 x 2840 px, 8.1 MP",136.7 @ 8.1 MP (8 Bit ADC mode)1136.7 @ 8.1 MP (10 Bit ADC mode)126.4 @ 8.1 MP (12 Bit ADC mode),"Sony IMX487 CMOS (Pregius-S, BSI)",11.1mm (Type 2/3″),2.74 µm (H) x 2.74 µm (V),Global Shutter,C-mount,UV Mono,"10GBASE-T*, 5GBASE-T, 2.5GBASE-T, 1000BASE-T, 100BASE-TXM12, PoE(*10GBASE-T는 Short Reach 모드에서 실행, 최대 25m 케이블 길이)",,55 x 55 x 95.5 mm,325 g,8 핀M8커넥터,"1 input, 1 output",2 bi-directional,PoE+ (IEEE 802.3at) or 12-24 V ±5% through GPIO,"PoE+를 통한 <12W, 외부 전원 공급시 11.5W",380 MB,"Gain, gamma, black level, white balance, LUT, CCM, pixel correction, color space conversion",Mono8/10/12/16,,"수평 및 수직 비닝, 서브 샘플링, ROI, 수평 및 수직 뒤집기","8, 10, 12 bit",0 dB ~ 48 dB 아날로그 및 디지털,5.05 μs to 10 s (Normal) / 2.23 μs to 2.47 μs (Short Mode),1 default and 2 custom user set,16 MB,"Frame counter, offset X/Y, width/height, 노출 시간, gain, black level, line status, sequencer set","Acquisition start/end, exposure start/end, line rise/fall, error",2 counters and 2 timers,"노출 시간, gain","Software trigger, hardware trigger, PTP (IEEE 1588)",GigE Vision v2.0,"CE, KC, FCC, RoHS, REACH, WEEE",-30 to 60°C,-20 to 50°C 주변,"동작: 20% ~ 80%, relative, 비 응축","DIN EN 60068-2-27, DIN EN 60068-2-64*",3 year,ATX081S-UC,,,"UDP (GigE Vision), TCP, RDMA (RoCE v2)",,,,,,M12,,,,,,,,,,,,,,,,,,,,,,,,,,
