brand,model_name,camera_type,output_type,sensor_name,sensor_brand,sensor_extra,sensor_size_mm,sensor_size_inch,resolution_mp,resolution_w,resolution_h,pixel_size_h,pixel_size_v,shutter,frame_rate,line_rate,spectrum,spectrum_min_nm,spectrum_max_nm,sensor_color,lens_mount,interface,interface_power,pixel_format,sensor_architecture,weight_g,dimension_w,dimension_h,dimension_l
Allied Vision,Alvium G1-030 VSWIR,area,,IMX991,Sony,InGaAs,4.61,"1/4""",0.3,656.0,520.0,5.0,5.0,global,249.0,,SWIR,400.0,1700.0,,"C-mount, CS-mount",GigE,PoE,"Mono8 (default), Mono10, Mono10p, Mono12, Mono12p, Mono12Packed",InGaAs,70,29,29,41
Allied Vision,Alvium G1-040,area,,IMX287,Sony,,6.3,"1/2.9""",0.4,728.0,544.0,6.9,6.9,global,298.0,,Visible,300.0,1100.0,,"C-mount, CS-mount, S-mount",GigE,PoE,"Mono8, Mono10, Mono10p, Mono12, Mono12p, Mono12Packed | BayerRG8, BayerRG10, BayerRG10p, BayerRG12, BayerRG12p, BayerRG12Packed | RGB8 (default), BGR8 | YCbCr411_8_CbYYCrYY, YCbCr422_8_CbYCrY, YCbCr8_CbYCr",CMOS,70,29,29,41
Allied Vision,Alvium G1-1236,area,,IMX304,Sony,,17.6,"1.1""",12.4,4112.0,3008.0,3.45,3.45,global,9.0,,Visible,300.0,1100.0,,"C-mount, CS-mount",GigE,PoE,"Mono8, Mono10, Mono10p, Mono12, Mono12p, Mono12Packed | BayerRG8, BayerRG10, BayerRG10p, BayerRG12, BayerRG12p, BayerRG12Packed | RGB8 (default), BGR8 | YCbCr411_8_CbYYCrYY, YCbCr422_8_CbYCrY, YCbCr8_CbYCr",CMOS,70,29,29,41
Allied Vision,Alvium G1-1240,area,,IMX226,Sony,,9.33,"1/1.7""",12.2,4024.0,3036.0,1.85,1.85,"global reset, rolling",9.0,,Visible,300.0,1100.0,,"C-mount, CS-mount, S-mount",GigE,PoE,"Mono8, Mono10, Mono10p, Mono12, Mono12p, Mono12Packed | BayerRG8, BayerRG10, BayerRG10p, BayerRG12, BayerRG12p, BayerRG12Packed | RGB8 (default), BGR8 | YCbCr411_8_CbYYCrYY, YCbCr422_8_CbYCrY, YCbCr8_CbYCr",CMOS,70,29,29,41
Allied Vision,Alvium G1-1242,area,,IMX545,Sony,,14.0,"1/1.1""",12.4,4128.0,3008.0,2.74,2.74,global,9.0,,Visible,300.0,1100.0,,"C-mount, CS-mount",GigE,PoE,"Mono8, Mono10, Mono10p, Mono12, Mono12p, Mono12Packed | BayerRG8, BayerRG10, BayerRG10p, BayerRG12, BayerRG12p, BayerRG12Packed | RGB8 (default), BGR8 | YCbCr411_8_CbYYCrYY, YCbCr422_8_CbYCrY, YCbCr8_CbYCr",CMOS,70,29,29,41
Allied Vision,Alvium G1-130 VSWIR,area,,IMX990,Sony,InGaAs,8.15,"1/2""",1.3,1296.0,1032.0,5.0,5.0,global,88.0,,SWIR,400.0,1700.0,,"C-mount, CS-mount",GigE,PoE,"Mono8 (default), Mono10, Mono10p, Mono12, Mono12p, Mono12Packed",InGaAs,70,29,29,41
Allied Vision,Alvium G1-131,area,,EV76C560,Teledyne e2v,,9.0,"1/1.8""",1.3,1280.0,1024.0,5.3,5.3,global,60.0,,Visible,300.0,1100.0,,"C-mount, CS-mount, S-mount",GigE,PoE,"Mono8, Mono10, Mono10p, Mono12, Mono12p, Mono12Packed | BayerRG8, BayerRG10, BayerRG10p, BayerRG12, BayerRG12p, BayerRG12Packed | RGB8 (default), BGR8 | YCbCr411_8_CbYYCrYY, YCbCr422_8_CbYCrY, YCbCr8_CbYCr",CMOS,70,29,29,41
Allied Vision,Alvium G1-158,area,,IMX273,Sony,,6.3,"1/2.9""",1.6,1456.0,1088.0,3.45,3.45,global,74.0,,Visible,300.0,1100.0,,"C-mount, CS-mount, S-mount",GigE,PoE,"Mono8, Mono10, Mono10p, Mono12, Mono12p, Mono12Packed | BayerRG8, BayerRG10, BayerRG10p, BayerRG12, BayerRG12p, BayerRG12Packed | RGB8 (default), BGR8 | YCbCr411_8_CbYYCrYY, YCbCr422_8_CbYCrY, YCbCr8_CbYCr",CMOS,70,29,29,41
Allied Vision,Alvium G1-1620,area,,IMX542,Sony,,17.6,"1.1""",16.2,5328.0,3040.0,2.74,2.74,global,7.0,,Visible,300.0,1100.0,,"C-mount, CS-mount",GigE,PoE,"Mono8, Mono10, Mono10p, Mono12, Mono12p, Mono12Packed | BayerRG8, BayerRG10, BayerRG10p, BayerRG12, BayerRG12p, BayerRG12Packed | RGB8 (default), BGR8 | YCbCr411_8_CbYYCrYY, YCbCr422_8_CbYCrY, YCbCr8_CbYCr",CMOS,70,29,29,41
Allied Vision,Alvium G1-192,area,,EV76C570,Teledyne e2v,,9.0,"1/1.8""",1.9,1600.0,1200.0,4.5,4.5,global,59.0,,Visible,300.0,1100.0,,"C-mount, CS-mount, S-mount",GigE,PoE,"Mono8, Mono10, Mono10p, Mono12, Mono12p, Mono12Packed | BayerRG8, BayerRG10, BayerRG10p, BayerRG12, BayerRG12p, BayerRG12Packed | RGB8 (default), BGR8 | YCbCr411_8_CbYYCrYY, YCbCr422_8_CbYCrY, YCbCr8_CbYCr",CMOS,70,29,29,41
Allied Vision,Alvium G1-2040,area,,IMX541,Sony,,17.6,"1.1""",20.4,4512.0,4512.0,2.74,2.74,global,5.0,,Visible,300.0,1100.0,,"C-mount, CS-mount",GigE,PoE,"Mono8, Mono10, Mono10p, Mono12, Mono12p, Mono12Packed | BayerRG8, BayerRG10, BayerRG10p, BayerRG12, BayerRG12p, BayerRG12Packed | RGB8 (default), BGR8 | YCbCr411_8_CbYYCrYY, YCbCr422_8_CbYCrY, YCbCr8_CbYCr",CMOS,70,29,29,41
Allied Vision,Alvium G1-2050,area,,IMX183,Sony,,16.3,"1""",20.2,5496.0,3672.0,2.4,2.4,"global reset, rolling",5.0,,,300.0,1100.0,,"C-mount, CS-mount",GigE,PoE,"BayerRG12 | BGR8, RGB8 (default) | YCbCr411_8_CbYYCrYY, YCbCr422_8_CbYCrY, YCbCr8_CbYCr",,70,29,29,41
Allied Vision,Alvium G1-234,area,,IMX249,Sony,,13.4,"1/1.2""",2.4,1936.0,1216.0,5.86,5.86,global,40.0,,Visible,300.0,1100.0,,"C-mount, CS-mount",GigE,PoE,"Mono8, Mono10, Mono10p, Mono12, Mono12p, Mono12Packed | BayerRG8, BayerRG10, BayerRG10p, BayerRG12, BayerRG12p, BayerRG12Packed | RGB8 (default), BGR8 | YCbCr411_8_CbYYCrYY, YCbCr422_8_CbYCrY, YCbCr8_CbYCr",CMOS,70,29,29,41
Allied Vision,Alvium G1-240,area,,IMX392,Sony,,7.9,"1/2.3""",2.4,1936.0,1216.0,3.45,3.45,global,50.0,,Visible,300.0,1100.0,,"C-mount, CS-mount, S-mount",GigE,PoE,"Mono8, Mono10, Mono10p, Mono12, Mono12p, Mono12Packed | BayerRG8, BayerRG10, BayerRG10p, BayerRG12, BayerRG12p, BayerRG12Packed | RGB8 (default), BGR8 | YCbCr411_8_CbYYCrYY, YCbCr422_8_CbYCrY, YCbCr8_CbYCr",CMOS,70,29,29,41
Allied Vision,Alvium G1-2460,area,,IMX540,Sony,,21.43,"1.2""",24.6,5328.0,4608.0,2.74,2.74,global,4.0,,Visible,300.0,1100.0,,"C-mount, CS-mount",GigE,PoE,"Mono8, Mono10, Mono10p, Mono12, Mono12p, Mono12Packed | BayerRG8, BayerRG10, BayerRG10p, BayerRG12, BayerRG12p, BayerRG12Packed | RGB8 (default), BGR8 | YCbCr411_8_CbYYCrYY, YCbCr422_8_CbYCrY, YCbCr8_CbYCr",CMOS,70,29,29,41
Allied Vision,Alvium G1-319,area,,IMX265,Sony,,9.0,"1/1.8""",3.2,2064.0,1544.0,3.45,3.45,global,37.0,,Visible,300.0,1100.0,,"C-mount, CS-mount, S-mount",GigE,PoE,"Mono8, Mono10, Mono10p, Mono12, Mono12p, Mono12Packed | BayerRG8, BayerRG10, BayerRG10p, BayerRG12, BayerRG12p, BayerRG12Packed | RGB8 (default), BGR8 | YCbCr411_8_CbYYCrYY, YCbCr422_8_CbYCrY, YCbCr8_CbYCr",CMOS,70,29,29,41
Allied Vision,Alvium G1-500,area,,AR0521SR,onsemi,,7.13,"1/2.5""",5.0,2592.0,1944.0,2.2,2.2,rolling,23.0,,Visible,300.0,1100.0,,"C-mount, CS-mount, S-mount",GigE,PoE,"Mono8, Mono10, Mono10p, Mono12, Mono12p, Mono12Packed | BayerGR8, BayerGR10, BayerGR10p, BayerGR12, BayerGR12p, BayerGR12Packed | RGB8 (default), BGR8 | YCbCr411_8_CbYYCrYY, YCbCr422_8_CbYCrY, YCbCr8_CbYCr",CMOS,70,29,29,41
Allied Vision,Alvium G1-507,area,,IMX264,Sony,,12.75,"2/3""",5.1,2464.0,2056.0,3.45,3.45,global,23.0,,Visible,300.0,1100.0,,"C-mount, CS-mount",GigE,PoE,"Mono8, Mono10, Mono10p, Mono12, Mono12p, Mono12Packed | BayerRG8, BayerRG10, BayerRG10p, BayerRG12, BayerRG12p, BayerRG12Packed | RGB8 (default), BGR8 | YCbCr411_8_CbYYCrYY, YCbCr422_8_CbYCrY, YCbCr8_CbYCr",CMOS,70,29,29,41
Allied Vision,Alvium G1-507 Pol,area,,IMX264 Polarizer,Sony,,12.75,"2/3""",5.1,2464.0,2056.0,3.45,3.45,global,23.0,,Visible,300.0,1100.0,,"C-mount, CS-mount",GigE,PoE,"Mono8, Mono10, Mono10p, Mono12, Mono12p, Mono12Packed | BayerRG8, BayerRG10, BayerRG10p, BayerRG12, BayerRG12p, BayerRG12Packed",CMOS,70,29,29,41
Allied Vision,Alvium G1-510,area,,IMX548,Sony,,9.0,"1/1.8""",5.1,2464.0,2064.0,2.74,2.74,global,23.0,,Visible,300.0,1100.0,,"C-mount, CS-mount, S-mount",GigE,PoE,"Mono8, Mono10, Mono10p, Mono12, Mono12p, Mono12Packed | BayerRG8, BayerRG10, BayerRG10p, BayerRG12, BayerRG12p, BayerRG12Packed | RGB8 (default), BGR8 | YCbCr411_8_CbYYCrYY, YCbCr422_8_CbYCrY, YCbCr8_CbYCr",CMOS,70,29,29,41
Allied Vision,Alvium G1-811,area,,IMX546,Sony,,12.75,"2/3""",8.1,2848.0,2848.0,2.74,2.74,global,14.0,,Visible,300.0,1100.0,,"C-mount, CS-mount",GigE,PoE,"Mono8, Mono10, Mono10p, Mono12, Mono12p, Mono12Packed | BayerRG8, BayerRG10, BayerRG10p, BayerRG12, BayerRG12p, BayerRG12Packed | RGB8 (default), BGR8 | YCbCr411_8_CbYYCrYY, YCbCr422_8_CbYCrY, YCbCr8_CbYCr",CMOS,70,29,29,41
Allied Vision,Alvium G1-812 UV,area,,IMX487,Sony,,12.75,"2/3""",8.1,2848.0,2848.0,2.74,2.74,global,14.0,,UV,200.0,1000.0,,"C-mount, CS-mount",GigE,PoE,"Mono8 (default), Mono10, Mono10p, Mono12, Mono12p, Mono12Packed",CMOS,70,29,29,41
Allied Vision,Alvium G1-895,area,,IMX267,Sony,,16.3,"1""",8.9,4112.0,2176.0,3.45,3.45,global,13.0,,Visible,300.0,1100.0,,"C-mount, CS-mount",GigE,PoE,"Mono8, Mono10, Mono10p, Mono12, Mono12p, Mono12Packed | BayerRG8, BayerRG10, BayerRG10p, BayerRG12, BayerRG12p, BayerRG12Packed | RGB8 (default), BGR8 | YCbCr411_8_CbYYCrYY, YCbCr422_8_CbYCrY, YCbCr8_CbYCr",CMOS,70,29,29,41
Allied Vision,Alvium G5-052,area,,IMX426,Sony,,9.33,"1/1.7""",0.5,816.0,624.0,9.0,9.0,global,688.0,,Visible,300.0,1100.0,,"C-mount, CS-mount","5GigE, 2.5GigE",PoE,"Mono8, Mono10, Mono10p, Mono12, Mono12p, Mono12Packed | BayerRG8, BayerRG10, BayerRG10p, BayerRG12, BayerRG12p, BayerRG12Packed | RGB8 (default), BGR8 | YCbCr411_8_CbYYCrYY, YCbCr422_8_CbYCrY, YCbCr8_CbYCr",CMOS,100,29,29,60
Allied Vision,Alvium G5-1240,area,,IMX226,Sony,,9.33,"1/1.7""",12.2,4024.0,3036.0,1.85,1.85,"global reset, rolling",42.0,,Visible,300.0,1100.0,,"C-mount, CS-mount","5GigE, 2.5GigE",PoE,"Mono8, Mono10, Mono10p, Mono12, Mono12p, Mono12Packed | BayerRG8, BayerRG10, BayerRG10p, BayerRG12, BayerRG12p, BayerRG12Packed | RGB8 (default), BGR8 | YCbCr411_8_CbYYCrYY, YCbCr422_8_CbYCrY, YCbCr8_CbYCr",CMOS,100,29,29,60
Allied Vision,Alvium G5-1242,area,,IMX545,Sony,,14.0,"1/1.1""",12.4,4128.0,3008.0,2.74,2.74,global,41.0,,Visible,300.0,1100.0,,"C-mount, CS-mount","5GigE, 2.5GigE",PoE,"Mono8, Mono10, Mono10p, Mono12, Mono12p, Mono12Packed | BayerRG8, BayerRG10, BayerRG10p, BayerRG12, BayerRG12p, BayerRG12Packed | RGB8 (default), BGR8 | YCbCr411_8_CbYYCrYY, YCbCr422_8_CbYCrY, YCbCr8_CbYCr",CMOS,100,29,29,60
Allied Vision,Alvium G5-130 VSWIR,area,,IMX990,Sony,InGaAs,8.15,"1/2""",1.3,1296.0,1032.0,5.0,5.0,global,130.0,,SWIR,400.0,1700.0,,"C-mount, CS-mount, S-mount","5GigE, 2.5GigE",PoE,"Mono8 (default), Mono10, Mono10p, Mono12, Mono12p, Mono12Packed",InGaAs,100,29,29,60
Allied Vision,Alvium G5-1620,area,,IMX542,Sony,,17.6,"1.1""",16.2,5328.0,3040.0,2.74,2.74,global,32.0,,Visible,300.0,1100.0,,"C-mount, CS-mount","5GigE, 2.5GigE",PoE,"Mono8, Mono10, Mono10p, Mono12, Mono12p, Mono12Packed | BayerRG8, BayerRG10, BayerRG10p, BayerRG12, BayerRG12p, BayerRG12Packed | RGB8 (default), BGR8 | YCbCr411_8_CbYYCrYY, YCbCr422_8_CbYCrY, YCbCr8_CbYCr",CMOS,100,29,29,60
Allied Vision,Alvium G5-203,area,,IMX422,Sony,,9.33,"1/1.7""",2.0,1632.0,1248.0,4.5,4.5,global,225.0,,Visible,300.0,1100.0,,"C-mount, CS-mount","5GigE, 2.5GigE",PoE,"Mono8, Mono10, Mono10p, Mono12, Mono12p, Mono12Packed | BayerRG8, BayerRG10, BayerRG10p, BayerRG12, BayerRG12p, BayerRG12Packed | RGB8 (default), BGR8 | YCbCr411_8_CbYYCrYY, YCbCr422_8_CbYCrY, YCbCr8_CbYCr",CMOS,100,29,29,60
Allied Vision,Alvium G5-2040,area,,IMX541,Sony,,17.6,"1.1""",20.4,4512.0,4512.0,2.74,2.74,global,25.0,,Visible,300.0,1100.0,,"C-mount, CS-mount","5GigE, 2.5GigE",PoE,"Mono8, Mono10, Mono10p, Mono12, Mono12p, Mono12Packed | BayerRG8, BayerRG10, BayerRG10p, BayerRG12, BayerRG12p, BayerRG12Packed | RGB8 (default), BGR8 | YCbCr411_8_CbYYCrYY, YCbCr422_8_CbYCrY, YCbCr8_CbYCr",CMOS,100,29,29,60
Allied Vision,Alvium G5-2050,area,,IMX183,Sony,,16.3,"1""",20.2,5496.0,3672.0,2.4,2.4,"global reset, rolling",26.0,,,300.0,1100.0,,"C-mount, CS-mount","5GigE, 2.5GigE",PoE,"BayerRG12 | BGR8, RGB8 (default) | YCbCr411_8_CbYYCrYY, YCbCr422_8_CbYCrY, YCbCr8_CbYCr",,100,29,29,60
Allied Vision,Alvium G5-240,area,,IMX392,Sony,,7.9,"1/2.3""",2.4,1936.0,1216.0,3.45,3.45,global,191.0,,Visible,300.0,1100.0,,"C-mount, CS-mount, S-mount","5GigE, 2.5GigE",PoE,"Mono8, Mono10, Mono10p, Mono12, Mono12p, Mono12Packed | BayerRG8, BayerRG10, BayerRG10p, BayerRG12, BayerRG12p, BayerRG12Packed | RGB8 (default), BGR8 | YCbCr411_8_CbYYCrYY, YCbCr422_8_CbYCrY, YCbCr8_CbYCr",CMOS,100,29,29,60
Allied Vision,Alvium G5-2460,area,,IMX540,Sony,,21.43,"1.2""",24.6,5328.0,4608.0,2.74,2.74,global,21.0,,Visible,300.0,1100.0,,"C-mount, CS-mount","5GigE, 2.5GigE",PoE,"Mono8, Mono10, Mono10p, Mono12, Mono12p, Mono12Packed | BayerRG8, BayerRG10, BayerRG10p, BayerRG12, BayerRG12p, BayerRG12Packed | RGB8 (default), BGR8 | YCbCr411_8_CbYYCrYY, YCbCr422_8_CbYCrY, YCbCr8_CbYCr",CMOS,100,29,29,60
Allied Vision,Alvium G5-291,area,,IMX421,Sony,,12.75,"2/3""",2.9,1944.0,1472.0,4.5,4.5,global,166.0,,Visible,300.0,1100.0,,"C-mount, CS-mount","5GigE, 2.5GigE",PoE,"Mono8, Mono10, Mono10p, Mono12, Mono12p, Mono12Packed | BayerRG8, BayerRG10, BayerRG10p, BayerRG12, BayerRG12p, BayerRG12Packed | RGB8 (default), BGR8 | YCbCr411_8_CbYYCrYY, YCbCr422_8_CbYCrY, YCbCr8_CbYCr",CMOS,100,29,29,60
Allied Vision,Alvium G5-320 VSWIR,area,,IMX993,Sony,InGaAs,9.0,"1/1.8""",3.2,2080.0,1544.0,3.45,3.45,global,131.0,,SWIR,400.0,1700.0,,"C-mount, CS-mount","5GigE, 2.5GigE",PoE,"Mono8 (default), Mono10, Mono10p, Mono12, Mono12p, Mono12Packed",InGaAs,100,29,29,60
Allied Vision,Alvium G5-500,area,,AR0521SR,onsemi,,7.13,"1/2.5""",5.0,2592.0,1944.0,2.2,2.2,rolling,68.0,,Visible,300.0,1100.0,,"C-mount, CS-mount, S-mount","5GigE, 2.5GigE",PoE,"Mono8, Mono10, Mono10p, Mono12, Mono12p, Mono12Packed | BayerGR8, BayerGR10, BayerGR10p, BayerGR12, BayerGR12p, BayerGR12Packed | RGB8 (default), BGR | YCbCr411_8_CbYYCrYY, YCbCr422_8_CbYCrY, YCbCr8_CbYCr",CMOS,100,29,29,60
Allied Vision,Alvium G5-507 Pol,area,,IMX264 Polarizer,Sony,,12.75,"2/3""",5.1,2464.0,2056.0,3.45,3.45,global,34.0,,Visible,300.0,1100.0,,"C-mount, CS-mount","5GigE, 2.5GigE",PoE,"Mono8, Mono10, Mono10p, Mono12, Mono12p, Mono12Packed | BayerRG8, BayerRG10, BayerRG10p, BayerRG12, BayerRG12p, BayerRG12Packed",CMOS,100,29,29,60
Allied Vision,Alvium G5-508,area,,IMX250,Sony,,12.75,"2/3""",5.1,2464.0,2056.0,3.45,3.45,global,95.0,,Visible,300.0,1100.0,,"C-mount, CS-mount","5GigE, 2.5GigE",PoE,"Mono8, Mono10, Mono10p, Mono12, Mono12p, Mono12Packed | BayerRG8, BayerRG10, BayerRG10p, BayerRG12, BayerRG12p, BayerRG12Packed | RGB8 (default), BGR8 | YCbCr411_8_CbYYCrYY, YCbCr422_8_CbYCrY, YCbCr8_CbYCr",CMOS,100,29,29,60
Allied Vision,Alvium G5-508 Pol,area,,IMX250 Polarizer,Sony,,12.75,"2/3""",5.1,2464.0,2056.0,3.45,3.45,global,95.0,,Visible,300.0,1100.0,,"C-mount, CS-mount","5GigE, 2.5GigE",PoE,"Mono8, Mono10, Mono10p, Mono12, Mono12p, Mono12Packed | BayerRG8, BayerRG10, BayerRG10p, BayerRG12, BayerRG12p, BayerRG12Packed",CMOS,100,29,29,60
Allied Vision,Alvium G5-510,area,,IMX548,Sony,,9.0,"1/1.8""",5.1,2464.0,2064.0,2.74,2.74,global,81.0,,Visible,300.0,1100.0,,"C-mount, CS-mount, S-mount","5GigE, 2.5GigE",PoE,"Mono8, Mono10, Mono10p, Mono12, Mono12p, Mono12Packed | BayerRG8, BayerRG10, BayerRG10p, BayerRG12, BayerRG12p, BayerRG12Packed | RGB8 (default), BGR8 | YCbCr411_8_CbYYCrYY, YCbCr422_8_CbYCrY, YCbCr8_CbYCr",CMOS,100,29,29,60
Allied Vision,Alvium G5-511,area,,IMX547,Sony,,9.0,"1/1.8""",5.1,2464.0,2064.0,2.74,2.74,global,79.0,,Visible,300.0,1100.0,,"C-mount, CS-mount, S-mount","5GigE, 2.5GigE",PoE,"Mono8, Mono10, Mono10p, Mono12, Mono12p, Mono12Packed | BayerRG8, BayerRG10, BayerRG10p, BayerRG12, BayerRG12p, BayerRG12Packed | RGB8 (default), BGR8 | YCbCr411_8_CbYYCrYY, YCbCr422_8_CbYCrY, YCbCr8_CbYCr",CMOS,100,29,29,60
Allied Vision,Alvium G5-530 VSWIR,area,,IMX992,Sony,InGaAs,11.4,"1/1.4""",5.3,2592.0,2056.0,3.45,3.45,global,84.0,,SWIR,400.0,1700.0,,"C-mount, CS-mount","5GigE, 2.5GigE",PoE,"Mono8 (default), Mono10, Mono10p, Mono12, Mono12p, Mono12Packed",InGaAs,100,29,29,60
Allied Vision,Alvium G5-811,area,,IMX546,Sony,,12.75,"2/3""",8.1,2848.0,2848.0,2.74,2.74,global,59.0,,Visible,300.0,1100.0,,"C-mount, CS-mount","5GigE, 2.5GigE",PoE,"Mono8, Mono10, Mono10p, Mono12, Mono12p, Mono12Packed | BayerRG8, BayerRG10, BayerRG10p, BayerRG12, BayerRG12p, BayerRG12Packed | RGB8 (default), BGR8 | YCbCr411_8_CbYYCrYY, YCbCr422_8_CbYCrY, YCbCr8_CbYCr",CMOS,100,29,29,60
Allied Vision,Alvium G5-812 UV,area,,IMX487,Sony,,12.75,"2/3""",8.1,2848.0,2848.0,2.74,2.74,global,58.0,,UV,200.0,1000.0,,"C-mount, CS-mount","5GigE, 2.5GigE",PoE,"Mono8 (default), Mono10, Mono10p, Mono12, Mono12p, Mono12Packed",CMOS,100,29,29,60
Allied Vision,Alvium 1800 U-030 VSWIR,area,,IMX991,Sony,InGaAs,4.61,"1/4""",0.3,656.0,520.0,5.0,5.0,global,249.0,,SWIR,400.0,1700.0,,"C-mount, CS-mount, S-mount",USB3,,"Mono8 (default), Mono10, Mono10p, Mono12, Mono12p",InGaAs,65,29,29,38
Allied Vision,Alvium 1800 U-040,area,,IMX287,Sony,,6.3,"1/2.9""",0.4,728.0,544.0,6.9,6.9,global,494.0,,Visible,300.0,1100.0,,"C-mount, CS-mount, S-mount",USB3,,"Mono8, Mono10, Mono10p, Mono12, Mono12p | BayerRG8, BayerRG10, BayerRG10p, BayerRG12, BayerRG12p | RGB8 (default), BGR8 | YCbCr411_8_CbYYCrYY, YCbCr422_8_CbYCrY, YCbCr8_CbYCr",CMOS,60,29,29,38
Allied Vision,Alvium 1800 U-050,area,,PYTHON 480,onsemi,,4.9,"1/3.6""",0.5,808.0,608.0,4.8,4.8,global,117.0,,Visible,300.0,1100.0,,"C-mount, CS-mount, S-mount",USB3,,"Mono8, Mono10, Mono10p, Mono12, Mono12p | BayerRG8, BayerRG10, BayerRG10p, BayerRG12, BayerRG12p | RGB8 (default), BGR8 | YCbCr411_8_CbYYCrYY, YCbCr422_8_CbYCrY, YCbCr8_CbYCr",CMOS,60,29,29,38
Allied Vision,Alvium 1800 U-052,area,,IMX426,Sony,,9.33,"1/1.7""",0.5,816.0,624.0,9.0,9.0,global,688.0,,Visible,300.0,1100.0,,"C-mount, CS-mount",USB3,,"Mono8, Mono10, Mono10p, Mono12, Mono12p | BayerRG8, BayerRG10, BayerRG10p, BayerRG12, BayerRG12p | RGB8 (default), BGR8 | YCbCr411_8_CbYYCrYY, YCbCr422_8_CbYCrY, YCbCr8_CbYCr",CMOS,60,29,29,38
Allied Vision,Alvium 1800 U-120,area,,AR0135CS,onsemi,,6.09,"1/3""",1.2,1280.0,960.0,3.75,3.75,global,52.0,,Visible,300.0,1100.0,,"C-mount, CS-mount, S-mount",USB3,,"Mono8, Mono10, Mono10p, Mono12, Mono12p | BayerRG8, BayerRG10, BayerRG10p, BayerRG12, BayerRG12p | RGB8 (default), BGR8 | YCbCr411_8_CbYYCrYY, YCbCr422_8_CbYCrY, YCbCr8_CbYCr",CMOS,60,29,29,38
Allied Vision,Alvium 1800 U-1236,area,,IMX304,Sony,,17.6,"1.1""",12.4,4112.0,3008.0,3.45,3.45,global,23.0,,Visible,300.0,1100.0,,C-mount,USB3,,"Mono8, Mono10, Mono10p, Mono12, Mono12p | BayerRG8, BayerRG10, BayerRG10p, BayerRG12, BayerRG12p | RGB8 (default), BGR8 | YCbCr411_8_CbYYCrYY, YCbCr422_8_CbYCrY, YCbCr8_CbYCr",CMOS,65,29,29,38
Allied Vision,Alvium 1800 U-1240,area,,IMX226,Sony,,9.33,"1/1.7""",12.2,4024.0,3036.0,1.85,1.85,"global reset, rolling",35.0,,Visible,300.0,1100.0,,"C-mount, CS-mount, S-mount",USB3,,"Mono8, Mono10, Mono10p, Mono12, Mono12p | BayerRG8, BayerRG10, BayerRG10p, BayerRG12, BayerRG12p | RGB8 (default), BGR8 | YCbCr411_8_CbYYCrYY, YCbCr422_8_CbYCrY, YCbCr8_CbYCr",CMOS,65,29,29,38
Allied Vision,Alvium 1800 U-1242,area,,IMX545,Sony,,14.0,"1/1.1""",12.4,4128.0,3008.0,2.74,2.74,global,33.0,,Visible,300.0,1100.0,,"C-mount, CS-mount",USB3,,"Mono8, Mono10, Mono10p, Mono12, Mono12p | BayerRG8, BayerRG10, BayerRG10p, BayerRG12, BayerRG12p | RGB8 (default), BGR8 | YCbCr411_8_CbYYCrYY, YCbCr422_8_CbYCrY, YCbCr8_CbYCr",CMOS,65,29,29,38
Allied Vision,Alvium 1800 U-130 VSWIR,area,,IMX990,Sony,InGaAs,8.15,"1/2""",1.3,1296.0,1032.0,5.0,5.0,global,130.0,,SWIR,400.0,1700.0,,"C-mount, CS-mount, S-mount",USB3,,"Mono8 (default), Mono10, Mono10p, Mono12, Mono12p",InGaAs,65,29,29,38
Allied Vision,Alvium 1800 U-131,area,,EV76C560,Teledyne e2v,,9.0,"1/1.8""",1.3,1280.0,1024.0,5.3,5.3,global,60.0,,Visible,300.0,1100.0,,"C-mount, CS-mount, S-mount",USB3,,"Mono8, Mono10, Mono10p, Mono12, Mono12p | BayerRG8, BayerRG10, BayerRG10p, BayerRG12, BayerRG12p | RGB8 (default), BGR8 | YCbCr411_8_CbYYCrYY, YCbCr422_8_CbYCrY, YCbCr8_CbYCr",CMOS,60,29,29,38
Allied Vision,Alvium 1800 U-158,area,,IMX273,Sony,,6.3,"1/2.9""",1.6,1456.0,1088.0,3.45,3.45,global,257.0,,Visible,300.0,1100.0,,"C-mount, CS-mount, S-mount",USB3,,"Mono8, Mono10, Mono10p, Mono12, Mono12p | BayerRG8, BayerRG10, BayerRG10p, BayerRG12, BayerRG12p | RGB8 (default), BGR8 | YCbCr411_8_CbYYCrYY, YCbCr422_8_CbYCrY, YCbCr8_CbYCr",CMOS,65,29,29,38
Allied Vision,Alvium 1800 U-1620,area,,IMX542,Sony,,17.6,"1.1""",16.2,5328.0,3040.0,2.74,2.74,global,26.0,,Visible,300.0,1100.0,,"C-mount, CS-mount",USB3,,"Mono8, Mono10, Mono10p, Mono12, Mono12p | BayerRG8, BayerRG10, BayerRG10p, BayerRG12, BayerRG12p | RGB8 (default), BGR8 | YCbCr411_8_CbYYCrYY, YCbCr422_8_CbYCrY, YCbCr8_CbYCr",CMOS,65,29,29,38
Allied Vision,Alvium 1800 U-192,area,,EV76C570,Teledyne e2v,,9.0,"1/1.8""",1.9,1600.0,1200.0,4.5,4.5,global,59.0,,Visible,300.0,1100.0,,"C-mount, CS-mount, S-mount",USB3,,"Mono8, Mono10, Mono10p, Mono12, Mono12p | BayerRG8, BayerRG10, BayerRG10p, BayerRG12, BayerRG12p | RGB8 (default), BGR8 | YCbCr411_8_CbYYCrYY, YCbCr422_8_CbYCrY, YCbCr8_CbYCr",CMOS,60,29,29,38
Allied Vision,Alvium 1800 U-203,area,,IMX422,Sony,,9.33,"1/1.7""",2.0,1632.0,1248.0,4.5,4.5,global,200.0,,Visible,300.0,1100.0,,"C-mount, CS-mount",USB3,,"Mono8, Mono10, Mono10p, Mono12, Mono12p | BayerRG8, BayerRG10, BayerRG10p, BayerRG12, BayerRG12p | RGB8 (default), BGR8 | YCbCr411_8_CbYYCrYY, YCbCr422_8_CbYCrY, YCbCr8_CbYCr",CMOS,65,29,29,38
Allied Vision,Alvium 1800 U-2040,area,,IMX541,Sony,,17.6,"1.1""",20.4,4512.0,4512.0,2.74,2.74,global,21.0,,Visible,300.0,1100.0,,"C-mount, CS-mount",USB3,,"Mono8, Mono10, Mono10p, Mono12, Mono12p | BayerRG8, BayerRG10, BayerRG10p, BayerRG12, BayerRG12p | RGB8 (default), BGR8 | YCbCr411_8_CbYYCrYY, YCbCr422_8_CbYCrY, YCbCr8_CbYCr",CMOS,65,29,29,38
Allied Vision,Alvium 1800 U-2050,area,,IMX183,Sony,,16.3,"1""",20.2,5496.0,3672.0,2.4,2.4,"global reset, rolling",21.0,,Visible,300.0,1100.0,,C-mount,USB3,,"Mono8, Mono10, Mono10p, Mono12, Mono12p | BayerRG8, BayerRG10, BayerRG10p, BayerRG12, BayerRG12p | RGB8 (default), BGR8 | YCbCr411_8_CbYYCrYY, YCbCr422_8_CbYCrY, YCbCr8_CbYCr",CMOS,65,29,29,38
Allied Vision,Alvium 1800 U-234,area,,IMX249,Sony,,13.4,"1/1.2""",2.4,1936.0,1216.0,5.86,5.86,global,40.0,,Visible,300.0,1100.0,,"C-mount, CS-mount",USB3,,"Mono8, Mono10, Mono10p, Mono12, Mono12p | BayerRG8, BayerRG10, BayerRG10p, BayerRG12, BayerRG12p | RGB8 (default), BGR8 | YCbCr411_8_CbYYCrYY, YCbCr422_8_CbYCrY, YCbCr8_CbYCr",CMOS,65,29,29,38
Allied Vision,Alvium 1800 U-235,area,,IMX174,Sony,,13.4,"1/1.2""",2.4,1936.0,1216.0,5.86,5.86,global,155.0,,Visible,300.0,1100.0,,"C-mount, CS-mount",USB3,,"Mono8, Mono10, Mono10p, Mono12, Mono12p | BayerRG8, BayerRG10, BayerRG10p, BayerRG12, BayerRG12p | RGB8 (default), BGR8 | YCbCr411_8_CbYYCrYY, YCbCr422_8_CbYCrY, YCbCr8_CbYCr",CMOS,65,29,29,38
Allied Vision,Alvium 1800 U-240,area,,IMX392,Sony,,7.9,"1/2.3""",2.4,1936.0,1216.0,3.45,3.45,global,176.0,,Visible,300.0,1100.0,,"C-mount, CS-mount, S-mount",USB3,,"Mono8, Mono10, Mono10p, Mono12, Mono12p | BayerRG8, BayerRG10, BayerRG10p, BayerRG12, BayerRG12p | RGB8 (default), BGR8 | YCbCr411_8_CbYYCrYY, YCbCr422_8_CbYCrY, YCbCr8_CbYCr",CMOS,65,29,29,38
Allied Vision,Alvium 1800 U-2460,area,,IMX540,Sony,,21.43,"1.2""",24.6,5328.0,4608.0,2.74,2.74,global,17.0,,Visible,300.0,1100.0,,"C-mount, CS-mount",USB3,,"Mono8, Mono10, Mono10p, Mono12, Mono12p | BayerRG8, BayerRG10, BayerRG10p, BayerRG12, BayerRG12p | RGB8 (default), BGR8 | YCbCr411_8_CbYYCrYY, YCbCr422_8_CbYCrY, YCbCr8_CbYCr",CMOS,65,29,29,38
Allied Vision,Alvium 1800 U-291,area,,IMX421,Sony,,12.75,"2/3""",2.9,1944.0,1472.0,4.5,4.5,global,144.0,,Visible,300.0,1100.0,,"C-mount, CS-mount",USB3,,"Mono8, Mono10, Mono10p, Mono12, Mono12p | BayerRG8, BayerRG10, BayerRG10p, BayerRG12, BayerRG12p | RGB8 (default), BGR8 | YCbCr411_8_CbYYCrYY, YCbCr422_8_CbYCrY, YCbCr8_CbYCr",CMOS,60,29,29,38
Allied Vision,Alvium 1800 U-319,area,,IMX265,Sony,,9.0,"1/1.8""",3.2,2064.0,1544.0,3.45,3.45,global,54.0,,Visible,300.0,1100.0,,"C-mount, CS-mount, S-mount",USB3,,"Mono8, Mono10, Mono10p, Mono12, Mono12p | BayerRG8, BayerRG10, BayerRG10p, BayerRG12, BayerRG12p | RGB8 (default), BGR8 | YCbCr411_8_CbYYCrYY, YCbCr422_8_CbYCrY, YCbCr8_CbYCr",CMOS,60,29,29,38
Allied Vision,Alvium 1800 U-320 VSWIR,area,,IMX993,Sony,InGaAs,9.0,"1/1.8""",3.2,2080.0,1544.0,3.45,3.45,global,123.0,,SWIR,400.0,1700.0,,"C-mount, CS-mount",USB3,,"Mono8 (default), Mono10, Mono10p, Mono12, Mono12p",InGaAs,65,29,29,38
Allied Vision,Alvium 1800 U-500,area,,AR0521SR,onsemi,,7.13,"1/2.5""",5.0,2592.0,1944.0,2.2,2.2,rolling,68.0,,Visible,300.0,1100.0,,"C-mount, CS-mount, S-mount",USB3,,"Mono8, Mono10, Mono10p, Mono12, Mono12p | BayerGR8, BayerGR10, BayerGR10p, BayerGR12, BayerGR12p | RGB8 (default), BGR8 | YCbCr411_8_CbYYCrYY, YCbCr422_8_CbYCrY, YCbCr8_CbYCr",CMOS,60,29,29,38
Allied Vision,Alvium 1800 U-501 NIR,area,,AR0522,onsemi,,7.13,"1/2.5""",5.0,2592.0,1944.0,2.2,2.2,rolling,68.0,,"Visible, NIR",300.0,1100.0,,"C-mount, CS-mount, S-mount",USB3,,"Mono8, Mono10, Mono10p, Mono12, Mono12p | BayerGR8, BayerGR10, BayerGR10p, BayerGR12, BayerGR12p | RGB8 (default), BGR8 | YCbCr411_8_CbYYCrYY, YCbCr422_8_CbYCrY, YCbCr8_CbYCr",CMOS,60,29,29,38
Allied Vision,Alvium 1800 U-507,area,,IMX264,Sony,,12.75,"2/3""",5.1,2464.0,2056.0,3.45,3.45,global,34.0,,Visible,300.0,1100.0,,"C-mount, CS-mount",USB3,,"Mono8, Mono10, Mono10p, Mono12, Mono12p | BayerRG8, BayerRG10, BayerRG10p, BayerRG12, BayerRG12p | RGB8 (default), BGR8 | YCbCr411_8_CbYYCrYY, YCbCr422_8_CbYCrY, YCbCr8_CbYCr",CMOS,60,29,29,38
Allied Vision,Alvium 1800 U-507 Pol,area,,IMX264 Polarizer,Sony,,12.75,"2/3""",5.1,2464.0,2056.0,3.45,3.45,global,34.0,,Visible,300.0,1100.0,,"C-mount, CS-mount",USB3,,"Mono8, Mono10, Mono10p, Mono12, Mono12p | BayerRG8, BayerRG10, BayerRG10p, BayerRG12, BayerRG12p",CMOS,60,29,29,38
Allied Vision,Alvium 1800 U-508,area,,IMX250,Sony,,12.75,"2/3""",5.1,2464.0,2056.0,3.45,3.45,global,84.0,,Visible,300.0,1100.0,,"C-mount, CS-mount",USB3,,"Mono8, Mono10, Mono10p, Mono12, Mono12p | BayerRG8, BayerRG10, BayerRG10p, BayerRG12, BayerRG12p | RGB8 (default), BGR8 | YCbCr411_8_CbYYCrYY, YCbCr422_8_CbYCrY, YCbCr8_CbYCr",CMOS,65,29,29,38
Allied Vision,Alvium 1800 U-508 Pol,area,,IMX250 Polarizer,Sony,,12.75,"2/3""",5.1,2464.0,2056.0,3.45,3.45,global,84.0,,Visible,300.0,1100.0,,"C-mount, CS-mount",USB3,,"Mono8, Mono10, Mono10p, Mono12, Mono12p | BayerRG8, BayerRG10, BayerRG10p, BayerRG12, BayerRG12p",CMOS,65,29,29,38
Allied Vision,Alvium 1800 U-510,area,,IMX548,Sony,,9.0,"1/1.8""",5.1,2464.0,2064.0,2.74,2.74,global,79.0,,Visible,300.0,1100.0,,"C-mount, CS-mount, S-mount",USB3,,"Mono8, Mono10, Mono10p, Mono12, Mono12p | BayerRG8, BayerRG10, BayerRG10p, BayerRG12, BayerRG12p | RGB8 (default), BGR8 | YCbCr411_8_CbYYCrYY, YCbCr422_8_CbYCrY, YCbCr8_CbYCr",CMOS,65,29,29,38
Allied Vision,Alvium 1800 U-511,area,,IMX547,Sony,,9.0,"1/1.8""",5.1,2464.0,2064.0,2.74,2.74,global,79.0,,Visible,300.0,1100.0,,"C-mount, CS-mount, S-mount",USB3,,"Mono8, Mono10, Mono10p, Mono12, Mono12p | BayerRG8, BayerRG10, BayerRG10p, BayerRG12, BayerRG12p | RGB8 (default), BGR8 | YCbCr411_8_CbYYCrYY, YCbCr422_8_CbYCrY, YCbCr8_CbYCr",CMOS,65,29,29,38
Allied Vision,Alvium 1800 U-530 VSWIR,area,,IMX992,Sony,InGaAs,11.4,"1/1.4""",5.3,2592.0,2056.0,3.45,3.45,global,77.0,,SWIR,400.0,1700.0,,"C-mount, CS-mount",USB3,,"Mono8 (default), Mono10, Mono10p, Mono12, Mono12p",InGaAs,65,29,29,38
Allied Vision,Alvium 1800 U-811,area,,IMX546,Sony,,12.75,"2/3""",8.1,2848.0,2848.0,2.74,2.74,global,51.0,,Visible,300.0,1100.0,,"C-mount, CS-mount",USB3,,"Mono8, Mono10, Mono10p, Mono12, Mono12p | BayerRG8, BayerRG10, BayerRG10p, BayerRG12, BayerRG12p | RGB8 (default), BGR8 | YCbCr411_8_CbYYCrYY, YCbCr422_8_CbYCrY, YCbCr8_CbYCr",CMOS,65,29,29,38
Allied Vision,Alvium 1800 U-812 UV,area,,IMX487,Sony,,12.75,"2/3""",8.1,2848.0,2848.0,2.74,2.74,global,51.0,,UV,200.0,1100.0,,"C-mount, CS-mount",USB3,,"Mono8 (default), Mono10, Mono10p, Mono12, Mono12p",CMOS,65,29,29,38
Allied Vision,Alvium 1800 U-895,area,,IMX267,Sony,,16.3,"1""",8.9,4112.0,2176.0,3.45,3.45,global,31.0,,Visible,300.0,1100.0,,"C-mount, CS-mount",USB3,,"Mono8, Mono10, Mono10p, Mono12, Mono12p | BayerRG8, BayerRG10, BayerRG10p, BayerRG12, BayerRG12p | RGB8 (default), BGR8 | YCbCr411_8_CbYYCrYY, YCbCr422_8_CbYCrY, YCbCr8_CbYCr",CMOS,65,29,29,38
Allied Vision,Alvium 1800 C-030 VSWIR,area,,IMX991,Sony,InGaAs,4.61,"1/4""",0.3,656.0,520.0,5.0,5.0,global,249.0,,SWIR,400.0,1700.0,,"C-mount, CS-mount, S-mount",MIPI CSI-2,,"GREY, Mono8 (default), RAW10, RAW12, RAW8 (default), Y10, Y12",InGaAs,40,29,29,26
Allied Vision,Alvium 1800 C-040,area,,IMX287,Sony,,6.3,"1/2.9""",0.4,728.0,544.0,6.9,6.9,global,494.0,,Visible,300.0,1100.0,,"C-mount, CS-mount, S-mount",MIPI CSI-2,,"GREY, RAW10, RAW12, RAW8, Y10, Y12 | BayerGR10, BayerGR10p, BayerGR12, BayerGR12p, BayerGR8 | BGR8, RGB3, RGB8 (default), RGB888 (default) | UYVY, YCbCr411_8_CbYYCrYY, YCbCr422_8_CbYCrY, YCbCr8_CbYCr, YUV422 8-bit",,40,29,29,26
Allied Vision,Alvium 1800 C-052,area,,IMX426,Sony,,9.33,"1/1.7""",0.5,816.0,624.0,9.0,9.0,global,689.0,,Visible,300.0,1100.0,,"C-mount, CS-mount",MIPI CSI-2,,"GREY, RAW10, RAW12, RAW8, Y10, Y12 | BayerGR10, BayerGR10p, BayerGR12, BayerGR12p, BayerGR8 | BGR8, RGB3, RGB8 (default), RGB888 (default) | UYVY, YCbCr411_8_CbYYCrYY, YCbCr422_8_CbYCrY, YCbCr8_CbYCr, YUV422 8-bit",,40,29,29,26
Allied Vision,Alvium 1800 C-1236,area,,IMX304,Sony,,17.6,"1.1""",12.4,4112.0,3008.0,3.45,3.45,global,22.0,,Visible,300.0,1100.0,,C-mount,MIPI CSI-2,,"GREY, RAW10, RAW12, RAW8, Y10, Y12 | BayerGR10, BayerGR10p, BayerGR12, BayerGR12p, BayerGR8 | BGR8, RGB3, RGB8 (default), RGB888 (default) | UYVY, YCbCr411_8_CbYYCrYY, YCbCr422_8_CbYCrY, YCbCr8_CbYCr, YUV422 8-bit",,40,29,29,26
Allied Vision,Alvium 1800 C-1240,area,,IMX226,Sony,,9.33,"1/1.7""",12.2,4024.0,3032.0,1.85,1.85,"global reset, rolling",41.0,,Visible,300.0,1100.0,,"C-mount, CS-mount, S-mount",MIPI CSI-2,,"GREY, RAW10, RAW12, RAW8, Y10, Y12 | BayerGR10, BayerGR10p, BayerGR12, BayerGR12p, BayerGR8 | BGR8, RGB3, RGB8 (default), RGB888 (default) | UYVY, YCbCr411_8_CbYYCrYY, YCbCr422_8_CbYCrY, YCbCr8_CbYCr, YUV422 8-bit",,40,29,29,26
Allied Vision,Alvium 1800 C-1242,area,,IMX545,Sony,,14.0,"1/1.1""",12.4,4128.0,3008.0,2.74,2.74,global,40.0,,Visible,300.0,1100.0,,"C-mount, CS-mount",MIPI CSI-2,,"GREY, RAW10, RAW12, RAW8, Y10, Y12 | BayerGR10, BayerGR10p, BayerGR12, BayerGR12p, BayerGR8 | BGR8, RGB3, RGB8 (default), RGB888 (default) | UYVY, YCbCr411_8_CbYYCrYY, YCbCr422_8_CbYCrY, YCbCr8_CbYCr, YUV422 8-bit",,40,29,29,26
Allied Vision,Alvium 1800 C-130 VSWIR,area,,IMX990,Sony,InGaAs,8.15,"1/2""",1.3,1296.0,1032.0,5.0,5.0,global,130.0,,SWIR,400.0,1700.0,,"C-mount, CS-mount, S-mount",MIPI CSI-2,,"GREY, Mono8 (default), RAW10, RAW12, RAW8 (default), Y10, Y12",InGaAs,40,29,29,26
Allied Vision,Alvium 1800 C-158,area,,IMX273,Sony,,6.3,"1/2.9""",1.6,1456.0,1088.0,3.45,3.45,global,262.0,,Visible,300.0,1100.0,,"C-mount, CS-mount, S-mount",MIPI CSI-2,,"GREY, RAW10, RAW12, RAW8, Y10, Y12 | BayerGR10, BayerGR10p, BayerGR12, BayerGR12p, BayerGR8 | BGR8, RGB3, RGB8 (default), RGB888 (default) | UYVY, YCbCr411_8_CbYYCrYY, YCbCr422_8_CbYCrY, YCbCr8_CbYCr, YUV422 8-bit",,40,29,29,26
Allied Vision,Alvium 1800 C-1620,area,,IMX542,Sony,,17.6,"1.1""",16.2,5328.0,3040.0,2.74,2.74,global,32.0,,Visible,300.0,1100.0,,"C-mount, CS-mount",MIPI CSI-2,,"GREY, RAW10, RAW12, RAW8, Y10, Y12 | BayerGR10, BayerGR10p, BayerGR12, BayerGR12p, BayerGR8 | BGR8, RGB3, RGB8 (default), RGB888 (default) | UYVY, YCbCr411_8_CbYYCrYY, YCbCr422_8_CbYCrY, YCbCr8_CbYCr, YUV422 8-bit",,40,29,29,26
Allied Vision,Alvium 1800 C-203,area,,IMX422,Sony,,9.33,"1/1.7""",2.0,1632.0,1248.0,4.5,4.5,global,225.0,,Visible,300.0,1100.0,,"C-mount, CS-mount",MIPI CSI-2,,"GREY, RAW10, RAW12, RAW8, Y10, Y12 | BayerGR10, BayerGR10p, BayerGR12, BayerGR12p, BayerGR8 | BGR8, RGB3, RGB8 (default), RGB888 (default) | UYVY, YCbCr411_8_CbYYCrYY, YCbCr422_8_CbYCrY, YCbCr8_CbYCr, YUV422 8-bit",,40,29,29,26
Allied Vision,Alvium 1800 C-2040,area,,IMX541,Sony,,17.6,"1.1""",20.4,4512.0,4512.0,2.74,2.74,global,25.0,,Visible,300.0,1100.0,,"C-mount, CS-mount",MIPI CSI-2,,"GREY, RAW10, RAW12, RAW8, Y10, Y12 | BayerGR10, BayerGR10p, BayerGR12, BayerGR12p, BayerGR8 | BGR8, RGB3, RGB8 (default), RGB888 (default) | UYVY, YCbCr411_8_CbYYCrYY, YCbCr422_8_CbYCrY, YCbCr8_CbYCr, YUV422 8-bit",,40,29,29,26
Allied Vision,Alvium 1800 C-2050,area,,IMX183,Sony,,16.3,"1""",19.7,5376.0,3672.0,2.4,2.4,"global reset, rolling",26.0,,Visible,300.0,1100.0,,C-mount,MIPI CSI-2,,"GREY, RAW10, RAW12, RAW8, Y10, Y12 | BayerGR10, BayerGR10p, BayerGR12, BayerGR12p, BayerGR8 | BGR8, RGB3, RGB8 (default), RGB888 (default) | UYVY, YCbCr411_8_CbYYCrYY, YCbCr422_8_CbYCrY, YCbCr8_CbYCr, YUV422 8-bit",,40,29,29,26
Allied Vision,Alvium 1800 C-234,area,,IMX249,Sony,,13.4,"1/1.2""",2.4,1936.0,1216.0,5.86,5.86,global,40.0,,Visible,300.0,1100.0,,"C-mount, CS-mount",MIPI CSI-2,,"GREY, RAW10, RAW12, RAW8, Y10, Y12 | BayerGR10, BayerGR10p, BayerGR12, BayerGR12p, BayerGR8 | BGR8, RGB3, RGB8 (default), RGB888 (default) | UYVY, YCbCr411_8_CbYYCrYY, YCbCr422_8_CbYCrY, YCbCr8_CbYCr, YUV422 8-bit",,40,29,29,26
Allied Vision,Alvium 1800 C-235,area,,IMX174,Sony,,13.4,"1/1.2""",2.4,1936.0,1216.0,5.86,5.86,global,155.0,,Visible,300.0,1100.0,,"C-mount, CS-mount",MIPI CSI-2,,"GREY, RAW10, RAW12, RAW8, Y10, Y12 | BayerGR10, BayerGR10p, BayerGR12, BayerGR12p, BayerGR8 | BGR8, RGB3, RGB8 (default), RGB888 (default) | UYVY, YCbCr411_8_CbYYCrYY, YCbCr422_8_CbYCrY, YCbCr8_CbYCr, YUV422 8-bit",,40,29,29,26
Allied Vision,Alvium 1800 C-240,area,,IMX392,Sony,,7.9,"1/2.3""",2.4,1936.0,1216.0,3.45,3.45,global,192.0,,Visible,300.0,1100.0,,"C-mount, CS-mount, S-mount",MIPI CSI-2,,"GREY, RAW10, RAW12, RAW8, Y10, Y12 | BayerGR10, BayerGR10p, BayerGR12, BayerGR12p, BayerGR8 | BGR8, RGB3, RGB8 (default), RGB888 (default) | UYVY, YCbCr411_8_CbYYCrYY, YCbCr422_8_CbYCrY, YCbCr8_CbYCr, YUV422 8-bit",,40,29,29,26
Allied Vision,Alvium 1800 C-2460,area,,IMX540,Sony,,21.43,"1.2""",24.6,5328.0,4608.0,2.74,2.74,global,21.0,,Visible,300.0,1100.0,,"C-mount, CS-mount",MIPI CSI-2,,"GREY, RAW10, RAW12, RAW8, Y10, Y12 | BayerGR10, BayerGR10p, BayerGR12, BayerGR12p, BayerGR8 | BGR8, RGB3, RGB8 (default), RGB888 (default) | UYVY, YCbCr411_8_CbYYCrYY, YCbCr422_8_CbYCrY, YCbCr8_CbYCr, YUV422 8-bit",,40,29,29,26
Allied Vision,Alvium 1800 C-291,area,,IMX421,Sony,,12.75,"2/3""",2.9,1944.0,1472.0,4.5,4.5,global,166.0,,Visible,300.0,1100.0,,"C-mount, CS-mount",MIPI CSI-2,,"GREY, RAW10, RAW12, RAW8, Y10, Y12 | BayerGR10, BayerGR10p, BayerGR12, BayerGR12p, BayerGR8 | BGR8, RGB3, RGB8 (default), RGB888 (default) | UYVY, YCbCr411_8_CbYYCrYY, YCbCr422_8_CbYCrY, YCbCr8_CbYCr, YUV422 8-bit",,40,29,29,26
Allied Vision,Alvium 1800 C-319,area,,IMX265,Sony,,9.0,"1/1.8""",3.2,2064.0,1544.0,3.45,3.45,global,54.0,,Visible,300.0,1100.0,,"C-mount, CS-mount, S-mount",MIPI CSI-2,,"GREY, RAW10, RAW12, RAW8, Y10, Y12 | BayerGR10, BayerGR10p, BayerGR12, BayerGR12p, BayerGR8 | BGR8, RGB3, RGB8 (default), RGB888 (default) | UYVY, YCbCr411_8_CbYYCrYY, YCbCr422_8_CbYCrY, YCbCr8_CbYCr, YUV422 8-bit",,40,29,29,26
Allied Vision,Alvium 1800 C-320 VSWIR,area,,IMX993,Sony,InGaAs,9.0,"1/1.8""",3.2,2080.0,1544.0,3.45,3.45,global,131.0,,SWIR,400.0,1700.0,,"C-mount, CS-mount",MIPI CSI-2,,"GREY, RAW10, RAW12, RAW8, Y10, Y12",InGaAs,40,29,29,26
Allied Vision,Alvium 1800 C-500,area,,AR0521SR,onsemi,,7.13,"1/2.5""",5.0,2592.0,1944.0,2.2,2.2,rolling,68.0,,Visible,300.0,1100.0,,"C-mount, CS-mount, S-mount",MIPI CSI-2,,"GREY, RAW10, RAW12, RAW8, Y10, Y12 | BayerGR10, BayerGR10p, BayerGR12, BayerGR12p, BayerGR8 | BGR8, RGB3, RGB8 (default), RGB888 (default) | UYVY, YCbCr411_8_CbYYCrYY, YCbCr422_8_CbYCrY, YCbCr8_CbYCr, YUV422 8-bit",,40,29,29,26
Allied Vision,Alvium 1800 C-507,area,,IMX264,Sony,,12.75,"2/3""",5.1,2464.0,2056.0,3.45,3.45,global,34.0,,Visible,300.0,1100.0,,"C-mount, CS-mount",MIPI CSI-2,,"GREY, RAW10, RAW12, RAW8, Y10, Y12 | BayerGR10, BayerGR10p, BayerGR12, BayerGR12p, BayerGR8 | BGR8, RGB3, RGB8 (default), RGB888 (default) | UYVY, YCbCr411_8_CbYYCrYY, YCbCr422_8_CbYCrY, YCbCr8_CbYCr, YUV422 8-bit",,40,29,29,26
Allied Vision,Alvium 1800 C-507 Pol,area,,IMX264 Polarizer,Sony,,12.75,"2/3""",5.1,2464.0,2056.0,3.45,3.45,global,34.0,,Visible,300.0,1100.0,,"C-mount, CS-mount",MIPI CSI-2,,"GREY, RAW10, RAW12, RAW8, Y10, Y12 | BayerGR10, BayerGR10p, BayerGR12, BayerGR12p, BayerGR8",,40,29,29,26
Allied Vision,Alvium 1800 C-508,area,,IMX250,Sony,,12.75,"2/3""",5.1,2464.0,2056.0,3.45,3.45,global,95.0,,Visible,300.0,1100.0,,"C-mount, CS-mount",MIPI CSI-2,,"GREY, RAW10, RAW12, RAW8, Y10, Y12 | BayerGR10, BayerGR10p, BayerGR12, BayerGR12p, BayerGR8 | BGR8, RGB3, RGB8 (default), RGB888 (default) | UYVY, YCbCr411_8_CbYYCrYY, YCbCr422_8_CbYCrY, YCbCr8_CbYCr, YUV422 8-bit",,40,29,29,26
Allied Vision,Alvium 1800 C-508 Pol,area,,IMX250 Polarizer,Sony,,12.75,"2/3""",5.1,2464.0,2056.0,3.45,3.45,global,95.0,,Visible,300.0,1100.0,,"C-mount, CS-mount",MIPI CSI-2,,"GREY, RAW10, RAW12, RAW8, Y10, Y12 | BayerGR10, BayerGR10p, BayerGR12, BayerGR12p, BayerGR8",,40,29,29,26
Allied Vision,Alvium 1800 C-510,area,,IMX548,Sony,,9.0,"1/1.8""",5.1,2464.0,2064.0,2.74,2.74,global,81.0,,Visible,300.0,1100.0,,"C-mount, CS-mount, S-mount",MIPI CSI-2,,"GREY, RAW10, RAW12, RAW8, Y10, Y12 | BayerGR10, BayerGR10p, BayerGR12, BayerGR12p, BayerGR8 | BGR8, RGB3, RGB8 (default), RGB888 (default) | UYVY, YCbCr411_8_CbYYCrYY, YCbCr422_8_CbYCrY, YCbCr8_CbYCr, YUV422 8-bit",,40,29,29,26
Allied Vision,Alvium 1800 C-511,area,,IMX547,Sony,,9.0,"1/1.8""",5.1,2464.0,2064.0,2.74,2.74,global,79.0,,Visible,300.0,1100.0,,"C-mount, CS-mount, S-mount",MIPI CSI-2,,"GREY, RAW10, RAW12, RAW8, Y10, Y12 | BayerGR10, BayerGR10p, BayerGR12, BayerGR12p, BayerGR8 | BGR8, RGB3, RGB8 (default), RGB888 (default) | UYVY, YCbCr411_8_CbYYCrYY, YCbCr422_8_CbYCrY, YCbCr8_CbYCr, YUV422 8-bit",,40,29,29,26
Allied Vision,Alvium 1800 C-530 VSWIR,area,,IMX992,Sony,InGaAs,11.4,"1/1.4""",5.3,2592.0,2056.0,3.45,3.45,global,84.0,,SWIR,400.0,1700.0,,"C-mount, CS-mount",MIPI CSI-2,,"GREY, RAW10, RAW12, RAW8, Y10, Y12 | BayerGR10, BayerGR10p, BayerGR12, BayerGR12p, BayerGR8",InGaAs,40,29,29,26
Allied Vision,Alvium 1800 C-811,area,,IMX546,Sony,,12.75,"2/3""",8.1,2848.0,2848.0,2.74,2.74,global,59.0,,Visible,300.0,1100.0,,"C-mount, CS-mount",MIPI CSI-2,,"GREY, RAW10, RAW12, RAW8, Y10, Y12 | BayerGR10, BayerGR10p, BayerGR12, BayerGR12p, BayerGR8 | BGR8, RGB3, RGB8 (default), RGB888 (default) | UYVY, YCbCr411_8_CbYYCrYY, YCbCr422_8_CbYCrY, YCbCr8_CbYCr, YUV422 8-bit",,40,29,29,26
Allied Vision,Alvium 1800 C-812 UV,area,,IMX487,Sony,,12.75,"2/3""",8.1,2848.0,2848.0,2.74,2.74,global,58.0,,UV,200.0,1000.0,,"C-mount, CS-mount",MIPI CSI-2,,"GREY, RAW10, RAW12, RAW8, Y10, Y12",,40,29,29,26
Allied Vision,Alvium 1800 C-895,area,,IMX267,Sony,,16.3,"1""",8.9,4112.0,2176.0,3.45,3.45,global,31.0,,Visible,300.0,1100.0,,"C-mount, CS-mount",MIPI CSI-2,,"GREY, RAW10, RAW12, RAW8, Y10, Y12 | BayerGR10, BayerGR10p, BayerGR12, BayerGR12p, BayerGR8 | BGR8, RGB3, RGB8 (default), RGB888 (default) | UYVY, YCbCr411_8_CbYYCrYY, YCbCr422_8_CbYCrY, YCbCr8_CbYCr, YUV422 8-bit",,40,29,29,26
Allied Vision,Alvium GM2-030 VSWIR,area,,IMX991,Sony,InGaAs,4.61,"1/4""",0.3,656.0,520.0,5.0,5.0,global,,,SWIR,400.0,1700.0,,"C-mount, CS-mount, S-mount","MIPI CSI-2, GMSL2",,"Mono8 (default), Mono10, Mono10p, Mono12, Mono12p, RAW8 (default), RAW10, RAW12, GREY, Y10, Y12",InGaAs,70,29,29,41
Allied Vision,Alvium GM2-040,area,,IMX287,Sony,,6.3,"1/2.9""",0.4,728.0,544.0,6.9,6.9,global,,,Visible,300.0,1100.0,,"C-mount, CS-mount, S-mount","MIPI CSI-2, GMSL2",,"Mono8, Mono10, Mono10p, Mono12, Mono12p, RAW8, RAW10, RAW12, GREY, Y10, Y12 | BayerGR8, BayerGR10, BayerGR10p, BayerGR12, BayerGR12p | RGB8 (default), BGR8, RGB888 (default), RGB3 | YCbCr411_8_CbYYCrYY, YCbCr422_8_CbYCrY, YCbCr8_CbYCr, YUV422 8-bit, UYVY",CMOS,70,29,29,41
Allied Vision,Alvium GM2-050,area,,PYTHON 480,onsemi,,4.9,"1/3.6""",0.5,800.0,600.0,4.8,4.8,global,,,Visible,300.0,1100.0,,"C-mount, CS-mount, S-mount","MIPI CSI-2, GMSL2",,"RAW8, RAW10, RAW12, GREY, Y10, Y12 | RGB888 (default), RGB3 | YUV422 8-bit, UYVY",CMOS,70,29,29,41
Allied Vision,Alvium GM2-052,area,,IMX426,Sony,,9.33,"1/1.7""",0.5,816.0,624.0,9.0,9.0,global,,,Visible,300.0,1100.0,,"C-mount, CS-mount","MIPI CSI-2, GMSL2",,"Mono8, Mono10, Mono10p, Mono12, Mono12p, RAW8, RAW10, RAW12, GREY, Y10, Y12 | BayerGR8, BayerGR10, BayerGR10p, BayerGR12, BayerGR12p | RGB8 (default), BGR8, RGB888 (default), RGB3 | YCbCr411_8_CbYYCrYY, YCbCr422_8_CbYCrY, YCbCr8_CbYCr, YUV422 8-bit, UYVY",CMOS,70,29,29,41
Allied Vision,Alvium GM2-120,area,,AR0135CS,onsemi,,6.09,"1/3""",1.2,1280.0,960.0,3.75,3.75,global,,,Visible,300.0,1100.0,,"C-mount, CS-mount, S-mount","MIPI CSI-2, FPD-Link",,"RAW8, RAW10, RAW12, GREY, Y10, Y12 | RGB888 (default), RGB3 | YUV422 8-bit, UYVY",CMOS,70,29,29,41
Allied Vision,Alvium GM2-1236,area,,IMX304,Sony,,17.6,"1.1""",12.4,4112.0,3008.0,3.45,3.45,global,,,Visible,300.0,1100.0,,C-mount,"MIPI CSI-2, GMSL2",,"Mono8, Mono10, Mono10p, Mono12, Mono12p, RAW8, RAW10, RAW12, GREY, Y10, Y12 | BayerGR8, BayerGR10, BayerGR10p, BayerGR12, BayerGR12p | RGB8 (default), BGR8, RGB888 (default), RGB3 | YCbCr411_8_CbYYCrYY, YCbCr422_8_CbYCrY, YCbCr8_CbYCr, YUV422 8-bit, UYVY",CMOS,70,29,29,41
Allied Vision,Alvium GM2-1240,area,,IMX226,Sony,,9.33,"1/1.7""",12.2,4024.0,3032.0,1.85,1.85,"global reset, rolling",,,Visible,300.0,1100.0,,"C-mount, CS-mount, S-mount","MIPI CSI-2, GMSL2",,"Mono8, Mono10, Mono10p, Mono12, Mono12p, RAW8, RAW10, RAW12, GREY, Y10, Y12 | BayerGR8, BayerGR10, BayerGR10p, BayerGR12, BayerGR12p | RGB8 (default), BGR8, RGB888 (default), RGB3 | YCbCr411_8_CbYYCrYY, YCbCr422_8_CbYCrY, YCbCr8_CbYCr, YUV422 8-bit, UYVY",CMOS,70,29,29,26
Allied Vision,Alvium GM2-1242,area,,IMX545,Sony,,14.0,"1/1.1""",12.4,4128.0,3008.0,2.74,2.74,global,,,Visible,300.0,1100.0,,"C-mount, CS-mount","MIPI CSI-2, GMSL2",,"Mono8, Mono10, Mono10p, Mono12, Mono12p, RAW8, RAW10, RAW12, GREY, Y10, Y12 | BayerGR8, BayerGR10, BayerGR10p, BayerGR12, BayerGR12p | RGB8 (default), BGR8, RGB888 (default), RGB3 | YCbCr411_8_CbYYCrYY, YCbCr422_8_CbYCrY, YCbCr8_CbYCr, YUV422 8-bit, UYVY",CMOS,70,29,29,41
Allied Vision,Alvium GM2-130 VSWIR,area,,IMX990,Sony,InGaAs,8.15,"1/2""",1.3,1296.0,1032.0,5.0,5.0,global,,,SWIR,400.0,1700.0,,"C-mount, CS-mount, S-mount","MIPI CSI-2, GMSL2",,"Mono8 (default), Mono10, Mono10p, Mono12, Mono12p, RAW8 (default), RAW10, RAW12, GREY, Y10, Y12",InGaAs,70,29,29,41
Allied Vision,Alvium GM2-158,area,,IMX273,Sony,,6.3,"1/2.9""",1.6,1456.0,1088.0,3.45,3.45,global,,,Visible,300.0,1100.0,,"C-mount, CS-mount, S-mount","MIPI CSI-2, GMSL2",,"Mono8, Mono10, Mono10p, Mono12, Mono12p, RAW8, RAW10, RAW12, GREY, Y10, Y12 | BayerGR8, BayerGR10, BayerGR10p, BayerGR12, BayerGR12p | RGB8 (default), BGR8, RGB888 (default), RGB3 | YCbCr411_8_CbYYCrYY, YCbCr422_8_CbYCrY, YCbCr8_CbYCr, YUV422 8-bit, UYVY",CMOS,70,29,29,41
Allied Vision,Alvium GM2-1620,area,,IMX542,Sony,,17.6,"1.1""",16.2,5328.0,3040.0,2.74,2.74,global,,,Visible,300.0,1100.0,,"C-mount, CS-mount","MIPI CSI-2, GMSL2",,"Mono8, Mono10, Mono10p, Mono12, Mono12p, RAW8, RAW10, RAW12, GREY, Y10, Y12 | BayerGR8, BayerGR10, BayerGR10p, BayerGR12, BayerGR12p | RGB8 (default), BGR8, RGB888 (default), RGB3 | YCbCr411_8_CbYYCrYY, YCbCr422_8_CbYCrY, YCbCr8_CbYCr, YUV422 8-bit, UYVY",CMOS,70,29,29,41
Allied Vision,Alvium GM2-203,area,,IMX422,Sony,,9.33,"1/1.7""",2.0,1632.0,1248.0,4.5,4.5,global,,,Visible,300.0,1100.0,,"C-mount, CS-mount","MIPI CSI-2, GMSL2",,"Mono8, Mono10, Mono10p, Mono12, Mono12p, RAW8, RAW10, RAW12, GREY, Y10, Y12 | BayerGR8, BayerGR10, BayerGR10p, BayerGR12, BayerGR12p | RGB8 (default), BGR8, RGB888 (default), RGB3 | YCbCr411_8_CbYYCrYY, YCbCr422_8_CbYCrY, YCbCr8_CbYCr, YUV422 8-bit, UYVY",CMOS,70,29,29,41
Allied Vision,Alvium GM2-2040,area,,IMX541,Sony,,17.6,"1.1""",20.4,4512.0,4512.0,2.74,2.74,global,,,Visible,300.0,1100.0,,"C-mount, CS-mount","MIPI CSI-2, GMSL2",,"Mono8, Mono10, Mono10p, Mono12, Mono12p, RAW8, RAW10, RAW12, GREY, Y10, Y12 | BayerGR8, BayerGR10, BayerGR10p, BayerGR12, BayerGR12p | RGB8 (default), BGR8, RGB888 (default), RGB3 | YCbCr411_8_CbYYCrYY, YCbCr422_8_CbYCrY, YCbCr8_CbYCr, YUV422 8-bit, UYVY",CMOS,70,29,29,41
Allied Vision,Alvium GM2-2050,area,,IMX183,Sony,,16.3,"1""",19.7,5376.0,3672.0,2.4,2.4,"global reset, rolling",,,Visible,300.0,1100.0,,C-mount,"MIPI CSI-2, GMSL2",,"Mono8, Mono10, Mono10p, Mono12, Mono12p, RAW8, RAW10, RAW12, GREY, Y10, Y12 | BayerGR8, BayerGR10, BayerGR10p, BayerGR12, BayerGR12p | RGB8 (default), BGR8, RGB888 (default), RGB3 | YCbCr411_8_CbYYCrYY, YCbCr422_8_CbYCrY, YCbCr8_CbYCr, YUV422 8-bit, UYVY",CMOS,70,29,29,41
Allied Vision,Alvium GM2-210,area,,AR0521SR (HD mode),onsemi,,4.9,"1/3.6""",2.1,1928.0,1088.0,2.2,2.2,rolling,,,Visible,300.0,1100.0,,"C-mount, CS-mount, S-mount","MIPI CSI-2, GMSL2",,"RAW8, RAW10, RAW12, GREY, Y10, Y12 | RGB888 (default), RGB3 | YUV422 8-bit, UYVY",CMOS,70,29,29,41
Allied Vision,Alvium GM2-234,area,,IMX249,Sony,,13.4,"1/1.2""",2.4,1936.0,1216.0,5.86,5.86,global,,,Visible,300.0,1100.0,,"C-mount, CS-mount","MIPI CSI-2, GMSL2",,"Mono8, Mono10, Mono10p, Mono12, Mono12p, RAW8, RAW10, RAW12, GREY, Y10, Y12 | BayerGR8, BayerGR10, BayerGR10p, BayerGR12, BayerGR12p | RGB8 (default), BGR8, RGB888 (default), RGB3 | YCbCr411_8_CbYYCrYY, YCbCr422_8_CbYCrY, YCbCr8_CbYCr, YUV422 8-bit, UYVY",CMOS,70,29,29,41
Allied Vision,Alvium GM2-235,area,,IMX174,Sony,,13.4,"1/1.2""",2.4,1936.0,1216.0,5.86,5.86,global,,,Visible,300.0,1100.0,,"C-mount, CS-mount","MIPI CSI-2, GMSL2",,"Mono8, Mono10, Mono10p, Mono12, Mono12p, RAW8, RAW10, RAW12, GREY, Y10, Y12 | BayerGR8, BayerGR10, BayerGR10p, BayerGR12, BayerGR12p | RGB8 (default), BGR8, RGB888 (default), RGB3 | YCbCr411_8_CbYYCrYY, YCbCr422_8_CbYCrY, YCbCr8_CbYCr, YUV422 8-bit, UYVY",CMOS,70,29,29,41
Allied Vision,Alvium GM2-240,area,,IMX392,Sony,,7.9,"1/2.3""",2.4,1936.0,1216.0,3.45,3.45,global,,,Visible,300.0,1100.0,,"C-mount, CS-mount, S-mount","MIPI CSI-2, GMSL2",,"Mono8, Mono10, Mono10p, Mono12, Mono12p, RAW8, RAW10, RAW12, GREY, Y10, Y12 | BayerGR8, BayerGR10, BayerGR10p, BayerGR12, BayerGR12p | RGB8 (default), BGR8, RGB888 (default), RGB3 | YCbCr411_8_CbYYCrYY, YCbCr422_8_CbYCrY, YCbCr8_CbYCr, YUV422 8-bit, UYVY",CMOS,70,29,29,41
Allied Vision,Alvium GM2-2460,area,,IMX540,Sony,,21.43,"1.2""",24.6,5328.0,4608.0,2.74,2.74,global,,,Visible,300.0,1100.0,,"C-mount, CS-mount","MIPI CSI-2, GMSL2",,"Mono8, Mono10, Mono10p, Mono12, Mono12p, RAW8, RAW10, RAW12, GREY, Y10, Y12 | BayerGR8, BayerGR10, BayerGR10p, BayerGR12, BayerGR12p | RGB8 (default), BGR8, RGB888 (default), RGB3 | YCbCr411_8_CbYYCrYY, YCbCr422_8_CbYCrY, YCbCr8_CbYCr, YUV422 8-bit, UYVY",CMOS,70,29,29,41
Allied Vision,Alvium GM2-291,area,,IMX421,Sony,,12.75,"2/3""",2.9,1944.0,1472.0,4.5,4.5,global,,,Visible,300.0,1100.0,,"C-mount, CS-mount","MIPI CSI-2, GMSL2",,"Mono8, Mono10, Mono10p, Mono12, Mono12p, RAW8, RAW10, RAW12, GREY, Y10, Y12 | BayerGR8, BayerGR10, BayerGR10p, BayerGR12, BayerGR12p | RGB8 (default), BGR8, RGB888 (default), RGB3 | YCbCr411_8_CbYYCrYY, YCbCr422_8_CbYCrY, YCbCr8_CbYCr, YUV422 8-bit, UYVY",CMOS,70,29,29,41
Allied Vision,Alvium GM2-319,area,,IMX265,Sony,,9.0,"1/1.8""",3.2,2064.0,1544.0,3.45,3.45,global,,,Visible,300.0,1100.0,,"C-mount, CS-mount, S-mount","MIPI CSI-2, GMSL2",,"Mono8, Mono10, Mono10p, Mono12, Mono12p, RAW8, RAW10, RAW12, GREY, Y10, Y12 | BayerGR8, BayerGR10, BayerGR10p, BayerGR12, BayerGR12p | RGB8 (default), BGR8, RGB888 (default), RGB3 | YCbCr411_8_CbYYCrYY, YCbCr422_8_CbYCrY, YCbCr8_CbYCr, YUV422 8-bit, UYVY",CMOS,70,29,29,41
Allied Vision,Alvium GM2-320 VSWIR,area,,IMX993,Sony,InGaAs,9.0,"1/1.8""",3.2,2080.0,1544.0,3.45,3.45,global,,,SWIR,400.0,1700.0,,"C-mount, CS-mount","MIPI CSI-2, GMSL2",,"Mono8, Mono10, Mono10p, Mono12, Mono12p, RAW8, RAW10, RAW12, GREY, Y10, Y12",InGaAs,70,29,29,41
Allied Vision,Alvium GM2-500,area,,AR0521SR,onsemi,,7.13,"1/2.5""",5.0,2592.0,1944.0,2.2,2.2,rolling,,,Visible,300.0,1100.0,,"C-mount, CS-mount, S-mount","MIPI CSI-2, GMSL2",,"Mono8, Mono10, Mono10p, Mono12, Mono12p, RAW8, RAW10, RAW12, GREY, Y10, Y12 | BayerGR8, BayerGR10, BayerGR10p, BayerGR12, BayerGR12p | RGB8 (default), BGR8, RGB888 (default), RGB3 | YCbCr411_8_CbYYCrYY, YCbCr422_8_CbYCrY, YCbCr8_CbYCr, YUV422 8-bit, UYVY",CMOS,70,29,29,41
Allied Vision,Alvium GM2-501 NIR,area,,AR0522,onsemi,,7.13,"1/2.5""",5.0,2592.0,1944.0,2.2,2.2,rolling,,,"Visible, NIR",300.0,1100.0,,"C-mount, CS-mount, S-mount","MIPI CSI-2, GMSL2",,"RAW8, RAW10, RAW12, GREY, Y10, Y12 | RGB888 (default), RGB3 | YUV422 8-bit, UYVY",CMOS,70,29,29,41
Allied Vision,Alvium GM2-507,area,,IMX264,Sony,,12.75,"2/3""",5.1,2464.0,2056.0,3.45,3.45,global,,,Visible,300.0,1100.0,,"C-mount, CS-mount","MIPI CSI-2, GMSL2",,"Mono8, Mono10, Mono10p, Mono12, Mono12p, RAW8, RAW10, RAW12, GREY, Y10, Y12 | BayerGR8, BayerGR10, BayerGR10p, BayerGR12, BayerGR12p | RGB8 (default), BGR8, RGB888 (default), RGB3 | YCbCr411_8_CbYYCrYY, YCbCr422_8_CbYCrY, YCbCr8_CbYCr, YUV422 8-bit, UYVY",CMOS,70,29,29,41
Allied Vision,Alvium GM2-507 Pol,area,,IMX264 Polarizer,Sony,,12.75,"2/3""",5.1,2464.0,2056.0,3.45,3.45,global,,,Visible,300.0,1100.0,,"C-mount, CS-mount","MIPI CSI-2, GMSL2",,"Mono8, Mono10, Mono10p, Mono12, Mono12p, RAW8, RAW10, RAW12, GREY, Y10, Y12 | BayerGR8, BayerGR10, BayerGR10p, BayerGR12, BayerGR12p",CMOS,70,29,29,41
Allied Vision,Alvium GM2-508,area,,IMX250,Sony,,12.75,"2/3""",5.1,2464.0,2056.0,3.45,3.45,global,,,Visible,300.0,1100.0,,"C-mount, CS-mount","MIPI CSI-2, GMSL2",,"Mono8, Mono10, Mono10p, Mono12, Mono12p, RAW8, RAW10, RAW12, GREY, Y10, Y12 | BayerGR8, BayerGR10, BayerGR10p, BayerGR12, BayerGR12p | RGB8 (default), BGR8, RGB888 (default), RGB3 | YCbCr411_8_CbYYCrYY, YCbCr422_8_CbYCrY, YCbCr8_CbYCr, YUV422 8-bit, UYVY",CMOS,70,29,29,41
Allied Vision,Alvium GM2-508 Pol,area,,IMX250 Polarizer,Sony,,12.75,"2/3""",5.1,2464.0,2056.0,3.45,3.45,global,,,Visible,300.0,1100.0,,"C-mount, CS-mount","MIPI CSI-2, GMSL2",,"Mono8, Mono10, Mono10p, Mono12, Mono12p, RAW8, RAW10, RAW12, GREY, Y10, Y12 | BayerGR8, BayerGR10, BayerGR10p, BayerGR12, BayerGR12p",CMOS,70,29,29,41
Allied Vision,Alvium GM2-510,area,,IMX548,Sony,,9.0,"1/1.8""",5.1,2464.0,2064.0,2.74,2.74,global,,,Visible,300.0,1100.0,,"C-mount, CS-mount, S-mount","MIPI CSI-2, GMSL2",,"Mono8, Mono10, Mono10p, Mono12, Mono12p, RAW8, RAW10, RAW12, GREY, Y10, Y12 | BayerGR8, BayerGR10, BayerGR10p, BayerGR12, BayerGR12p | RGB8 (default), BGR8, RGB888 (default), RGB3 | YCbCr411_8_CbYYCrYY, YCbCr422_8_CbYCrY, YCbCr8_CbYCr, YUV422 8-bit, UYVY",CMOS,70,29,29,41
Allied Vision,Alvium GM2-511,area,,IMX547,Sony,,9.0,"1/1.8""",5.1,2464.0,2064.0,2.74,2.74,global,,,Visible,300.0,1100.0,,"C-mount, CS-mount, S-mount","MIPI CSI-2, GMSL2",,"Mono8, Mono10, Mono10p, Mono12, Mono12p, RAW8, RAW10, RAW12, GREY, Y10, Y12 | BayerGR8, BayerGR10, BayerGR10p, BayerGR12, BayerGR12p | RGB8 (default), BGR8, RGB888 (default), RGB3 | YCbCr411_8_CbYYCrYY, YCbCr422_8_CbYCrY, YCbCr8_CbYCr, YUV422 8-bit, UYVY",CMOS,70,29,29,41
Allied Vision,Alvium GM2-530 VSWIR,area,,IMX992,Sony,InGaAs,11.4,"1/1.4""",5.3,2592.0,2056.0,3.45,3.45,global,,,SWIR,400.0,1700.0,,"C-mount, CS-mount","MIPI CSI-2, GMSL2",,"Mono8, Mono10, Mono10p, Mono12, Mono12p, RAW8, RAW10, RAW12, GREY, Y10, Y12 | BayerGR8, BayerGR10, BayerGR10p, BayerGR12, BayerGR12p",InGaAs,70,29,29,41
Allied Vision,Alvium GM2-811,area,,IMX546,Sony,,12.75,"2/3""",8.1,2848.0,2848.0,2.74,2.74,global,,,Visible,300.0,1100.0,,"C-mount, CS-mount","MIPI CSI-2, GMSL2",,"Mono8, Mono10, Mono10p, Mono12, Mono12p, RAW8, RAW10, RAW12, GREY, Y10, Y12 | BayerGR8, BayerGR10, BayerGR10p, BayerGR12, BayerGR12p | RGB8 (default), BGR8, RGB888 (default), RGB3 | YCbCr411_8_CbYYCrYY, YCbCr422_8_CbYCrY, YCbCr8_CbYCr, YUV422 8-bit, UYVY",CMOS,40,29,29,41
Allied Vision,Alvium GM2-812 UV,area,,IMX487,Sony,,12.75,"2/3""",8.1,2848.0,2848.0,2.74,2.74,global,,,UV,200.0,1000.0,,"C-mount, CS-mount","MIPI CSI-2, GMSL2",,"Mono8, Mono10, Mono10p, Mono12, Mono12p, RAW8, RAW10, RAW12, GREY, Y10, Y12",CMOS,70,29,29,41
Allied Vision,Alvium GM2-895,area,,IMX267,Sony,,16.3,"1""",8.9,4112.0,2176.0,3.45,3.45,global,,,Visible,300.0,1100.0,,"C-mount, CS-mount","MIPI CSI-2, GMSL2",,"Mono8, Mono10, Mono10p, Mono12, Mono12p, RAW8, RAW10, RAW12, GREY, Y10, Y12 | BayerGR8, BayerGR10, BayerGR10p, BayerGR12, BayerGR12p | RGB8 (default), BGR8, RGB888 (default), RGB3 | YCbCr411_8_CbYYCrYY, YCbCr422_8_CbYCrY, YCbCr8_CbYCr, YUV422 8-bit, UYVY",CMOS,70,29,29,41
Allied Vision,Alvium FP3-030 VSWIR,area,,IMX991,Sony,InGaAs,4.61,"1/4""",0.3,656.0,520.0,5.0,5.0,global,,,SWIR,400.0,1700.0,,"C-mount, CS-mount, S-mount","MIPI CSI-2, FPD-Link",,"GREY, Mono8 (default), RAW10, RAW12, RAW8 (default), Y10, Y12",InGaAs,70,29,29,41
Allied Vision,Alvium FP3-040,area,,IMX287,Sony,,6.3,"1/2.9""",0.4,728.0,544.0,6.9,6.9,global,,,Visible,300.0,1100.0,,"C-mount, CS-mount, S-mount","MIPI CSI-2, FPD-Link",,"GREY, RAW10, RAW12, RAW8, Y10, Y12 | BayerGR10, BayerGR10p, BayerGR12, BayerGR12p, BayerGR8 | BGR8, RGB3, RGB8 (default), RGB888 (default) | UYVY, YCbCr411_8_CbYYCrYY, YCbCr422_8_CbYCrY, YCbCr8_CbYCr, YUV422 8-bit",,70,29,29,41
Allied Vision,Alvium FP3-050,area,,PYTHON 480,onsemi,,4.9,"1/3.6""",0.5,800.0,600.0,4.8,4.8,global,,,Visible,300.0,1100.0,,"C-mount, CS-mount, S-mount","MIPI CSI-2, FPD-Link",,"GREY, RAW10, RAW12, RAW8, Y10, Y12 | RGB3, RGB888 (default) | UYVY, YUV422 8-bit",,70,29,29,41
Allied Vision,Alvium FP3-052,area,,IMX426,Sony,,9.33,"1/1.7""",0.5,816.0,624.0,9.0,9.0,global,,,Visible,300.0,1100.0,,"C-mount, CS-mount","MIPI CSI-2, FPD-Link",,"GREY, RAW10, RAW12, RAW8, Y10, Y12 | BayerGR10, BayerGR10p, BayerGR12, BayerGR12p, BayerGR8 | BGR8, RGB3, RGB8 (default), RGB888 (default) | UYVY, YCbCr411_8_CbYYCrYY, YCbCr422_8_CbYCrY, YCbCr8_CbYCr, YUV422 8-bit",,70,29,29,41
Allied Vision,Alvium FP3-120,area,,AR0135CS,onsemi,,6.09,"1/3""",1.2,1280.0,960.0,3.75,3.75,global,,,Visible,300.0,1100.0,,"C-mount, CS-mount, S-mount","MIPI CSI-2, FPD-Link",,"GREY, RAW10, RAW12, RAW8, Y10, Y12 | RGB3, RGB888 (default) | UYVY, YUV422 8-bit",,70,29,29,41
Allied Vision,Alvium FP3-1236,area,,IMX304,Sony,,17.6,"1.1""",12.4,4112.0,3008.0,3.45,3.45,global,,,Visible,300.0,1100.0,,C-mount,"MIPI CSI-2, FPD-Link",,"GREY, RAW10, RAW12, RAW8, Y10, Y12 | BayerGR10, BayerGR10p, BayerGR12, BayerGR12p, BayerGR8 | BGR8, RGB3, RGB8 (default), RGB888 (default) | UYVY, YCbCr411_8_CbYYCrYY, YCbCr422_8_CbYCrY, YCbCr8_CbYCr, YUV422 8-bit",,70,29,29,41
Allied Vision,Alvium FP3-1240,area,,IMX226,Sony,,9.33,"1/1.7""",12.2,4024.0,3032.0,1.85,1.85,"global reset, rolling",,,Visible,300.0,1100.0,,"C-mount, CS-mount, S-mount","MIPI CSI-2, FPD-Link",,"GREY, RAW10, RAW12, RAW8, Y10, Y12 | BayerGR10, BayerGR10p, BayerGR12, BayerGR12p, BayerGR8 | BGR8, RGB3, RGB8 (default), RGB888 (default) | UYVY, YCbCr411_8_CbYYCrYY, YCbCr422_8_CbYCrY, YCbCr8_CbYCr, YUV422 8-bit",,70,29,29,26
Allied Vision,Alvium FP3-1242,area,,IMX545,Sony,,14.0,"1/1.1""",12.4,4128.0,3008.0,2.74,2.74,global,,,Visible,300.0,1100.0,,"C-mount, CS-mount","MIPI CSI-2, FPD-Link",,"GREY, RAW10, RAW12, RAW8, Y10, Y12 | BayerGR10, BayerGR10p, BayerGR12, BayerGR12p, BayerGR8 | BGR8, RGB3, RGB8 (default), RGB888 (default) | UYVY, YCbCr411_8_CbYYCrYY, YCbCr422_8_CbYCrY, YCbCr8_CbYCr, YUV422 8-bit",,70,29,29,41
Allied Vision,Alvium FP3-130 VSWIR,area,,IMX990,Sony,InGaAs,8.15,"1/2""",1.3,1296.0,1032.0,5.0,5.0,global,,,SWIR,400.0,1700.0,,"C-mount, CS-mount, S-mount","MIPI CSI-2, FPD-Link",,"GREY, Mono8 (default), RAW10, RAW12, RAW8 (default), Y10, Y12",InGaAs,70,29,29,41
Allied Vision,Alvium FP3-158,area,,IMX273,Sony,,6.3,"1/2.9""",1.6,1456.0,1088.0,3.45,3.45,global,,,Visible,300.0,1100.0,,"C-mount, CS-mount, S-mount","MIPI CSI-2, FPD-Link",,"GREY, RAW10, RAW12, RAW8, Y10, Y12 | BayerGR10, BayerGR10p, BayerGR12, BayerGR12p, BayerGR8 | BGR8, RGB3, RGB8 (default), RGB888 (default) | UYVY, YCbCr411_8_CbYYCrYY, YCbCr422_8_CbYCrY, YCbCr8_CbYCr, YUV422 8-bit",,70,29,29,41
Allied Vision,Alvium FP3-1620,area,,IMX542,Sony,,17.6,"1.1""",16.2,5328.0,3040.0,2.74,2.74,global,,,Visible,300.0,1100.0,,"C-mount, CS-mount","MIPI CSI-2, FPD-Link",,"GREY, RAW10, RAW12, RAW8, Y10, Y12 | BayerGR10, BayerGR10p, BayerGR12, BayerGR12p, BayerGR8 | BGR8, RGB3, RGB8 (default), RGB888 (default) | UYVY, YCbCr411_8_CbYYCrYY, YCbCr422_8_CbYCrY, YCbCr8_CbYCr, YUV422 8-bit",,70,29,29,41
Allied Vision,Alvium FP3-203,area,,IMX422,Sony,,9.33,"1/1.7""",2.0,1632.0,1248.0,4.5,4.5,global,,,Visible,300.0,1100.0,,"C-mount, CS-mount","MIPI CSI-2, FPD-Link",,"GREY, RAW10, RAW12, RAW8, Y10, Y12 | BayerGR10, BayerGR10p, BayerGR12, BayerGR12p, BayerGR8 | BGR8, RGB3, RGB8 (default), RGB888 (default) | UYVY, YCbCr411_8_CbYYCrYY, YCbCr422_8_CbYCrY, YCbCr8_CbYCr, YUV422 8-bit",,70,29,29,41
Allied Vision,Alvium FP3-2040,area,,IMX541,Sony,,17.6,"1.1""",20.4,4512.0,4512.0,2.74,2.74,global,,,Visible,300.0,1100.0,,"C-mount, CS-mount","MIPI CSI-2, FPD-Link",,"GREY, RAW10, RAW12, RAW8, Y10, Y12 | BayerGR10, BayerGR10p, BayerGR12, BayerGR12p, BayerGR8 | BGR8, RGB3, RGB8 (default), RGB888 (default) | UYVY, YCbCr411_8_CbYYCrYY, YCbCr422_8_CbYCrY, YCbCr8_CbYCr, YUV422 8-bit",,70,29,29,41
Allied Vision,Alvium FP3-2050,area,,IMX183,Sony,,16.3,"1""",19.7,5376.0,3672.0,2.4,2.4,"global reset, rolling",,,Visible,300.0,1100.0,,C-mount,"MIPI CSI-2, FPD-Link",,"GREY, RAW10, RAW12, RAW8, Y10, Y12 | BayerGR10, BayerGR10p, BayerGR12, BayerGR12p, BayerGR8 | BGR8, RGB3, RGB8 (default), RGB888 (default) | UYVY, YCbCr411_8_CbYYCrYY, YCbCr422_8_CbYCrY, YCbCr8_CbYCr, YUV422 8-bit",,70,29,29,41
Allied Vision,Alvium FP3-210,area,,AR0521SR (HD mode),onsemi,,4.9,"1/3.6""",2.1,1928.0,1088.0,2.2,2.2,rolling,,,Visible,300.0,1100.0,,"C-mount, CS-mount, S-mount","MIPI CSI-2, FPD-Link",,"GREY, RAW10, RAW12, RAW8, Y10, Y12 | RGB3, RGB888 (default) | UYVY, YUV422 8-bit",,70,29,29,41
Allied Vision,Alvium FP3-234,area,,IMX249,Sony,,13.4,"1/1.2""",2.4,1936.0,1216.0,5.86,5.86,global,,,Visible,300.0,1100.0,,"C-mount, CS-mount","MIPI CSI-2, FPD-Link",,"GREY, RAW10, RAW12, RAW8, Y10, Y12 | BayerGR10, BayerGR10p, BayerGR12, BayerGR12p, BayerGR8 | BGR8, RGB3, RGB8 (default), RGB888 (default) | UYVY, YCbCr411_8_CbYYCrYY, YCbCr422_8_CbYCrY, YCbCr8_CbYCr, YUV422 8-bit",,70,29,29,41
Allied Vision,Alvium FP3-235,area,,IMX174,Sony,,13.4,"1/1.2""",2.4,1936.0,1216.0,5.86,5.86,global,,,Visible,300.0,1100.0,,"C-mount, CS-mount","MIPI CSI-2, FPD-Link",,"GREY, RAW10, RAW12, RAW8, Y10, Y12 | BayerGR10, BayerGR10p, BayerGR12, BayerGR12p, BayerGR8 | BGR8, RGB3, RGB8 (default), RGB888 (default) | UYVY, YCbCr411_8_CbYYCrYY, YCbCr422_8_CbYCrY, YCbCr8_CbYCr, YUV422 8-bit",,70,29,29,41
Allied Vision,Alvium FP3-240,area,,IMX392,Sony,,7.9,"1/2.3""",2.4,1936.0,1216.0,3.45,3.45,global,,,Visible,300.0,1100.0,,"C-mount, CS-mount, S-mount","MIPI CSI-2, FPD-Link",,"GREY, RAW10, RAW12, RAW8, Y10, Y12 | BayerGR10, BayerGR10p, BayerGR12, BayerGR12p, BayerGR8 | BGR8, RGB3, RGB8 (default), RGB888 (default) | UYVY, YCbCr411_8_CbYYCrYY, YCbCr422_8_CbYCrY, YCbCr8_CbYCr, YUV422 8-bit",,70,29,29,41
Allied Vision,Alvium FP3-2460,area,,IMX540,Sony,,21.43,"1.2""",24.6,5328.0,4608.0,2.74,2.74,global,,,Visible,300.0,1100.0,,"C-mount, CS-mount","MIPI CSI-2, FPD-Link",,"GREY, RAW10, RAW12, RAW8, Y10, Y12 | BayerGR10, BayerGR10p, BayerGR12, BayerGR12p, BayerGR8 | BGR8, RGB3, RGB8 (default), RGB888 (default) | UYVY, YCbCr411_8_CbYYCrYY, YCbCr422_8_CbYCrY, YCbCr8_CbYCr, YUV422 8-bit",,70,29,29,41
Allied Vision,Alvium FP3-291,area,,IMX421,Sony,,12.75,"2/3""",2.9,1944.0,1472.0,4.5,4.5,global,,,Visible,300.0,1100.0,,"C-mount, CS-mount","MIPI CSI-2, FPD-Link",,"GREY, RAW10, RAW12, RAW8, Y10, Y12 | BayerGR10, BayerGR10p, BayerGR12, BayerGR12p, BayerGR8 | BGR8, RGB3, RGB8 (default), RGB888 (default) | UYVY, YCbCr411_8_CbYYCrYY, YCbCr422_8_CbYCrY, YCbCr8_CbYCr, YUV422 8-bit",,70,29,29,41
Allied Vision,Alvium FP3-319,area,,IMX265,Sony,,9.0,"1/1.8""",3.2,2064.0,1544.0,3.45,3.45,global,,,Visible,300.0,1100.0,,"C-mount, CS-mount, S-mount","MIPI CSI-2, FPD-Link",,"GREY, RAW10, RAW12, RAW8, Y10, Y12 | BayerGR10, BayerGR10p, BayerGR12, BayerGR12p, BayerGR8 | BGR8, RGB3, RGB8 (default), RGB888 (default) | UYVY, YCbCr411_8_CbYYCrYY, YCbCr422_8_CbYCrY, YCbCr8_CbYCr, YUV422 8-bit",,70,29,29,41
Allied Vision,Alvium FP3-320 VSWIR,area,,IMX993,Sony,InGaAs,9.0,"1/1.8""",3.2,2080.0,1544.0,3.45,3.45,global,,,SWIR,400.0,1700.0,,"C-mount, CS-mount","MIPI CSI-2, FPD-Link",,"GREY, RAW10, RAW12, RAW8, Y10, Y12",InGaAs,70,29,29,41
Allied Vision,Alvium FP3-500,area,,AR0521SR,onsemi,,7.13,"1/2.5""",5.0,2592.0,1944.0,2.2,2.2,rolling,,,Visible,300.0,1100.0,,"C-mount, CS-mount, S-mount","MIPI CSI-2, FPD-Link",,"GREY, RAW10, RAW12, RAW8, Y10, Y12 | BayerGR10, BayerGR10p, BayerGR12, BayerGR12p, BayerGR8 | BGR8, RGB3, RGB8 (default), RGB888 (default) | UYVY, YCbCr411_8_CbYYCrYY, YCbCr422_8_CbYCrY, YCbCr8_CbYCr, YUV422 8-bit",,70,29,29,41
Allied Vision,Alvium FP3-501 NIR,area,,AR0522,onsemi,,7.13,"1/2.5""",5.0,2592.0,1944.0,2.2,2.2,rolling,,,"Visible, NIR",300.0,1100.0,,"C-mount, CS-mount, S-mount","MIPI CSI-2, FPD-Link",,"GREY, RAW10, RAW12, RAW8, Y10, Y12 | RGB3, RGB888 (default) | UYVY, YUV422 8-bit",,70,29,29,41
Allied Vision,Alvium FP3-507,area,,IMX264,Sony,,12.75,"2/3""",5.1,2464.0,2056.0,3.45,3.45,global,,,Visible,300.0,1100.0,,"C-mount, CS-mount","MIPI CSI-2, FPD-Link",,"GREY, RAW10, RAW12, RAW8, Y10, Y12 | BayerGR10, BayerGR10p, BayerGR12, BayerGR12p, BayerGR8 | BGR8, RGB3, RGB8 (default), RGB888 (default) | UYVY, YCbCr411_8_CbYYCrYY, YCbCr422_8_CbYCrY, YCbCr8_CbYCr, YUV422 8-bit",,70,29,29,41
Allied Vision,Alvium FP3-507 Pol,area,,IMX264 Polarizer,Sony,,12.75,"2/3""",5.1,2464.0,2056.0,3.45,3.45,global,,,Visible,300.0,1100.0,,"C-mount, CS-mount","MIPI CSI-2, FPD-Link",,"GREY, RAW10, RAW12, RAW8, Y10, Y12 | BayerGR10, BayerGR10p, BayerGR12, BayerGR12p, BayerGR8",,70,29,29,41
Allied Vision,Alvium FP3-508,area,,IMX250,Sony,,12.75,"2/3""",5.1,2464.0,2056.0,3.45,3.45,global,,,Visible,300.0,1100.0,,"C-mount, CS-mount","MIPI CSI-2, FPD-Link",,"GREY, RAW10, RAW12, RAW8, Y10, Y12 | BayerGR10, BayerGR10p, BayerGR12, BayerGR12p, BayerGR8 | BGR8, RGB3, RGB8 (default), RGB888 (default) | UYVY, YCbCr411_8_CbYYCrYY, YCbCr422_8_CbYCrY, YCbCr8_CbYCr, YUV422 8-bit",,70,29,29,41
Allied Vision,Alvium FP3-508 Pol,area,,IMX250 Polarizer,Sony,,12.75,"2/3""",5.1,2464.0,2056.0,3.45,3.45,global,,,Visible,300.0,1100.0,,"C-mount, CS-mount","MIPI CSI-2, FPD-Link",,"GREY, RAW10, RAW12, RAW8, Y10, Y12 | BayerGR10, BayerGR10p, BayerGR12, BayerGR12p, BayerGR8",,70,29,29,41
Allied Vision,Alvium FP3-510,area,,IMX548,Sony,,9.0,"1/1.8""",5.1,2464.0,2064.0,2.74,2.74,global,,,Visible,300.0,1100.0,,"C-mount, CS-mount, S-mount","MIPI CSI-2, FPD-Link",,"GREY, RAW10, RAW12, RAW8, Y10, Y12 | BayerGR10, BayerGR10p, BayerGR12, BayerGR12p, BayerGR8 | BGR8, RGB3, RGB8 (default), RGB888 (default) | UYVY, YCbCr411_8_CbYYCrYY, YCbCr422_8_CbYCrY, YCbCr8_CbYCr, YUV422 8-bit",,70,29,29,41
Allied Vision,Alvium FP3-511,area,,IMX547,Sony,,9.0,"1/1.8""",5.1,2464.0,2064.0,2.74,2.74,global,,,Visible,300.0,1100.0,,"C-mount, CS-mount, S-mount","MIPI CSI-2, FPD-Link",,"GREY, RAW10, RAW12, RAW8, Y10, Y12 | BayerGR10, BayerGR10p, BayerGR12, BayerGR12p, BayerGR8 | BGR8, RGB3, RGB8 (default), RGB888 (default) | UYVY, YCbCr411_8_CbYYCrYY, YCbCr422_8_CbYCrY, YCbCr8_CbYCr, YUV422 8-bit",,70,29,29,41
Allied Vision,Alvium FP3-530 VSWIR,area,,IMX992,Sony,InGaAs,11.4,"1/1.4""",5.3,2592.0,2056.0,3.45,3.45,global,,,SWIR,400.0,1700.0,,"C-mount, CS-mount","MIPI CSI-2, FPD-Link",,"GREY, RAW10, RAW12, RAW8, Y10, Y12 | BayerGR10, BayerGR10p, BayerGR12, BayerGR12p, BayerGR8",InGaAs,70,29,29,41
Allied Vision,Alvium FP3-811,area,,IMX546,Sony,,12.75,"2/3""",8.1,2848.0,2848.0,2.74,2.74,global,,,Visible,300.0,1100.0,,"C-mount, CS-mount","MIPI CSI-2, FPD-Link",,"GREY, RAW10, RAW12, RAW8, Y10, Y12 | BayerGR10, BayerGR10p, BayerGR12, BayerGR12p, BayerGR8 | BGR8, RGB3, RGB8 (default), RGB888 (default) | UYVY, YCbCr411_8_CbYYCrYY, YCbCr422_8_CbYCrY, YCbCr8_CbYCr, YUV422 8-bit",,40,29,29,41
Allied Vision,Alvium FP3-812 UV,area,,IMX487,Sony,,12.75,"2/3""",8.1,2848.0,2848.0,2.74,2.74,global,,,UV,200.0,1000.0,,"C-mount, CS-mount","MIPI CSI-2, FPD-Link",,"GREY, RAW10, RAW12, RAW8, Y10, Y12",,70,29,29,41
Allied Vision,Alvium FP3-895,area,,IMX267,Sony,,16.3,"1""",8.9,4112.0,2176.0,3.45,3.45,global,,,Visible,300.0,1100.0,,"C-mount, CS-mount","MIPI CSI-2, FPD-Link",,"GREY, RAW10, RAW12, RAW8, Y10, Y12 | BayerGR10, BayerGR10p, BayerGR12, BayerGR12p, BayerGR8 | BGR8, RGB3, RGB8 (default), RGB888 (default) | UYVY, YCbCr411_8_CbYYCrYY, YCbCr422_8_CbYCrY, YCbCr8_CbYCr, YUV422 8-bit",,70,29,29,41
Allied Vision,Goldeye Pro G5-130 VSWIR TEC1,area,,IMX990,Sony,InGaAs,8.15,"1/2""",1.3,1296.0,1032.0,5.0,5.0,global,125.0,,SWIR,400.0,1700.0,,,"5GigE, 2.5GigE",PoE,Mono12 (default),InGaAs,350,55,55,78
Allied Vision,Goldeye Pro G5-320 VSWIR TEC1,area,,IMX993,Sony,InGaAs,9.0,"1/1.8""",3.2,2080.0,1544.0,3.45,3.45,global,159.0,,SWIR,400.0,1700.0,,,"5GigE, 2.5GigE",PoE,"Mono8, Mono10, Mono10p, Mono10Packed, Mono12 (default), Mono12p, Mono12Packed, Mono14, Mono16",InGaAs,350,55,55,78
Allied Vision,Goldeye Pro G5-530 VSWIR TEC1,area,,IMX992,Sony,InGaAs,11.4,"1/1.4""",5.3,2592.0,2056.0,3.45,3.45,global,115.0,,SWIR,400.0,1700.0,,,"5GigE, 2.5GigE",PoE,"Mono8, Mono10, Mono10p, Mono10Packed, Mono12 (default), Mono12p, Mono12Packed, Mono14, Mono16",InGaAs,350,55,55,78
Allied Vision,Goldeye CL-008 SWIR Cool TEC1,area,,,,FPA 320 × 256 | 30 µm | InGaAs,12.3,,0.1,320.0,256.0,30.0,30.0,,344.0,,SWIR,900.0,1700.0,,,Camera Link,,"Tap geometry 1X 1Y: Mono8, Mono10, Mono12, Mono14, Mono16, Tap geometry 1X2 1Y: Mono8",InGaAs,760,80,80,90
Allied Vision,Goldeye CL-008 SWIR TEC1,area,,,,FPA 320 × 256 | 30 µm | InGaAs,12.3,,0.1,320.0,256.0,30.0,30.0,,344.0,,SWIR,900.0,1700.0,,,Camera Link,,"Tap geometry 1X 1Y: Mono8, Mono10, Mono12, Mono14, Mono16, Tap geometry 1X2 1Y: Mono8",InGaAs,320,55,55,78
Allied Vision,Goldeye CL-008 XSWIR 1.9 TEC2,area,,,,FPA 320 × 256 | 30 µm | Extended Range InGaAs,12.3,,0.1,320.0,256.0,30.0,30.0,,344.0,,SWIR,1100.0,1900.0,,,Camera Link,,"Tap geometry 1X 1Y: Mono8, Mono10, Mono12, Mono14, Mono16, Tap geometry 1X2 1Y: Mono8",InGaAs,730,80,80,90
Allied Vision,Goldeye CL-008 XSWIR 2.2 TEC2,area,,,,FPA 320 × 256 | 30 µm | Extended Range InGaAs,12.3,,0.1,320.0,256.0,30.0,30.0,,344.0,,SWIR,1200.0,2200.0,,,Camera Link,,"Tap geometry 1X 1Y: Mono8, Mono10, Mono12, Mono14, Mono16, Tap geometry 1X2 1Y: Mono8",InGaAs,730,80,80,90
Allied Vision,Goldeye CL-030 VSWIR TEC1,area,,IMX991,Sony,InGaAs,4.61,"1/4""",0.3,656.0,520.0,5.0,5.0,global,234.0,,SWIR,400.0,1700.0,,,Camera Link,,"Tap Geometry 1X 1Y: Mono8, Mono12, Tap Geometry 1X2 1Y: Mono8",InGaAs,330,55,55,78
Allied Vision,Goldeye CL-032 SWIR Cool TEC2,area,,,,FPA 636 × 508 | 25 µm | InGaAs,20.3,,0.3,636.0,508.0,25.0,25.0,,100.0,,SWIR,900.0,1700.0,,,Camera Link,,"Tap Geometry 1X 1Y: Mono8, Mono12, Mono14, Tap Geometry 1X2 1Y: Mono8",InGaAs,780,80,80,90
Allied Vision,Goldeye CL-032 SWIR TEC1,area,,,,FPA 636 × 508 | 25 µm | InGaAs,20.3,,0.3,636.0,508.0,25.0,25.0,,100.0,,SWIR,900.0,1700.0,,,Camera Link,,"Tap Geometry 1X 1Y: Mono8, Mono12, Mono14, Tap Geometry 1X2 1Y: Mono8",InGaAs,340,55,55,78
Allied Vision,Goldeye CL-033 SWIR TEC1,area,,,,FPA 640 × 512 | 15 µm | InGaAs,12.3,,0.3,640.0,512.0,15.0,15.0,,301.0,,SWIR,900.0,1700.0,,,Camera Link,,"Tap Geometry 1X 1Y: Mono8, Mono12, Mono14; Tap Geometry 1X2 1Y: Mono8",InGaAs,350,55,55,78
Allied Vision,Goldeye CL-033 SWIR TECless,area,,,,FPA 640 × 512 | 15 µm | InGaAs,12.3,,0.3,640.0,512.0,15.0,15.0,,301.0,,SWIR,900.0,1700.0,,,Camera Link,,"Tap Geometry 1X 1Y: Mono8, Mono12, Mono14, Tap Geometry 1X2 1Y: Mono8",InGaAs,320,55,55,78
Allied Vision,Goldeye CL-034 SWIR TEC1,area,,,,FPA 636 × 508 | 15 µm | InGaAs,12.2,,0.3,636.0,508.0,15.0,15.0,,303.0,,SWIR,900.0,1700.0,,,Camera Link,,"Tap geometry 1X 1Y: Mono8, Mono10, Mono12, Mono14, Mono16, Tap geometry 1X2 1Y: Mono8",InGaAs,350,55,55,78
Allied Vision,Goldeye CL-034 SWIR TEC2,area,,,,FPA 636 × 508 | 15 µm | InGaAs,12.2,,0.3,636.0,508.0,15.0,15.0,,303.0,,SWIR,900.0,1700.0,,,Camera Link,,"Tap Geometry 1X 1Y: Mono8, Mono10, Mono12, Mono14, Mono16, Tap Geometry 1X2 1Y: Mono8",InGaAs,740,80,80,90
Allied Vision,Goldeye CL-034 XSWIR 1.9 TEC2,area,,,,FPA 636 × 508 | 15 µm | Extended Range InGaAs,12.2,,0.3,636.0,508.0,15.0,15.0,,303.0,,SWIR,1100.0,1900.0,,,Camera Link,,"Tap geometry 1X 1Y: Mono8, Mono10, Mono12, Mono14, Mono16, Tap geometry 1X2 1Y: Mono8",InGaAs,740,80,80,90
Allied Vision,Goldeye CL-034 XSWIR 2.2 TEC2,area,,,,FPA 636 × 508 | 15 µm | Extended Range InGaAs,12.2,,0.3,636.0,508.0,15.0,15.0,,303.0,,SWIR,1200.0,2200.0,,,Camera Link,,"Tap geometry 1X 1Y: Mono8, Mono10, Mono12, Mono14, Mono16, Tap geometry 1X2 1Y: Mono8",InGaAs,740,80,80,90
Allied Vision,Goldeye CL-130 VSWIR TEC1,area,,IMX990,Sony,InGaAs,8.15,"1/2""",1.3,1280.0,1024.0,5.0,5.0,global,94.0,,SWIR,400.0,1700.0,,,Camera Link,,"Tap Geometry 1X 1Y: Mono8, Mono12, Tap Geometry 1X2 1Y: Mono8",InGaAs,330,55,55,78
Allied Vision,Goldeye G-008 SWIR Cool TEC1,area,,,,FPA 320 × 256 | 30 µm | InGaAs,12.3,,0.1,320.0,256.0,30.0,30.0,,344.0,,SWIR,900.0,1700.0,,,GigE,PoE,"Mono8, Mono10, Mono10p, Mono10Packed, Mono12, Mono12p, Mono12Packed, Mono14, Mono16",InGaAs,790,80,80,90
Allied Vision,Goldeye G-008 SWIR TEC1,area,,,,FPA 320 × 256 | 30 µm | InGaAs,12.3,,0.1,320.0,256.0,30.0,30.0,,344.0,,SWIR,900.0,1700.0,,,GigE,PoE,"Mono8, Mono10, Mono10p, Mono10Packed, Mono12, Mono12p, Mono12Packed, Mono14, Mono16",InGaAs,340,55,55,78
Allied Vision,Goldeye G-008 XSWIR 1.9 TEC2,area,,,,FPA 320 × 256 | 30 µm | Extended Range InGaAs,12.3,,0.1,320.0,256.0,30.0,30.0,,344.0,,SWIR,1100.0,1900.0,,,GigE,PoE,"Mono8, Mono10, Mono10p, Mono10Packed, Mono12, Mono12p, Mono12Packed, Mono14, Mono16",InGaAs,740,80,80,90
Allied Vision,Goldeye G-008 XSWIR 2.2 TEC2,area,,,,FPA 320 × 256 | 30 µm | Extended Range InGaAs,12.3,,0.1,320.0,256.0,30.0,30.0,,344.0,,SWIR,1200.0,2200.0,,,GigE,PoE,"Mono8, Mono10, Mono10p, Mono10Packed, Mono12, Mono12p, Mono12Packed, Mono14, Mono16",InGaAs,740,80,80,90
Allied Vision,Goldeye G-030 VSWIR TEC1,area,,IMX991,Sony,InGaAs,4.61,"1/4""",0.3,656.0,520.0,5.0,5.0,global,234.0,,SWIR,400.0,1700.0,,,GigE,PoE,"Mono8, Mono12, Mono12Packed",InGaAs,340,55,55,78
Allied Vision,Goldeye G-032 SWIR Cool TEC2,area,,,,FPA 636 × 508 | 25 µm | InGaAs,20.3,,0.3,636.0,508.0,25.0,25.0,,100.0,,SWIR,900.0,1700.0,,,GigE,PoE+,"Mono8, Mono12, Mono12Packed, Mono14",InGaAs,810,80,80,90
Allied Vision,Goldeye G-032 SWIR TEC1,area,,,,FPA 636 × 508 | 25 µm | InGaAs,20.3,,0.3,636.0,508.0,25.0,25.0,,100.0,,SWIR,900.0,1700.0,,,GigE,PoE,"Mono8, Mono12, Mono12Packed, Mono14",InGaAs,370,55,55,78
Allied Vision,Goldeye G-033 SWIR TEC1,area,,,,FPA 640 × 512 | 15 µm | InGaAs,12.3,,0.3,640.0,512.0,15.0,15.0,,301.0,,SWIR,900.0,1700.0,,,GigE,PoE,"Mono8, Mono12, Mono12Packed, Mono14",InGaAs,370,55,55,78
Allied Vision,Goldeye G-033 SWIR TECless,area,,,,FPA 640 × 512 | 15 µm | InGaAs,12.3,,0.3,640.0,512.0,15.0,15.0,,301.0,,SWIR,900.0,1700.0,,,GigE,PoE,"Mono8, Mono12, Mono12Packed, Mono14",InGaAs,370,55,55,78
Allied Vision,Goldeye G-034 SWIR TEC1,area,,,,FPA 636 × 508 | 15 µm | InGaAs,12.2,,0.3,636.0,508.0,15.0,15.0,,303.0,,SWIR,900.0,1700.0,,,GigE,PoE,"Mono8, Mono10, Mono10p, Mono10Packed, Mono12, Mono12p, Mono12Packed, Mono14, Mono16",InGaAs,370,55,55,78
Allied Vision,Goldeye G-034 SWIR TEC2,area,,,,FPA 636 × 508 | 15 µm | InGaAs,12.2,,0.3,636.0,508.0,15.0,15.0,,303.0,,SWIR,900.0,1700.0,,,GigE,PoE,"Mono8, Mono10, Mono10p, Mono10Packed, Mono12, Mono12p, Mono12Packed, Mono14, Mono16",InGaAs,740,80,80,90
Allied Vision,Goldeye G-034 XSWIR 1.9 TEC2,area,,,,FPA 636 × 508 | 15 µm | Extended Range InGaAs,12.2,,0.3,636.0,508.0,15.0,15.0,,303.0,,SWIR,1100.0,1900.0,,,GigE,PoE,"Mono8, Mono10, Mono10p, Mono10Packed, Mono12, Mono12p, Mono12Packed, Mono14, Mono16",InGaAs,740,80,80,90
Allied Vision,Goldeye G-034 XSWIR 2.2 TEC2,area,,,,FPA 636 × 508 | 15 µm | Extended Range InGaAs,12.2,,0.3,636.0,508.0,15.0,15.0,,303.0,,SWIR,1200.0,2200.0,,,GigE,PoE,"Mono8, Mono10, Mono10p, Mono10Packed, Mono12, Mono12p, Mono12Packed, Mono14, Mono16",InGaAs,740,80,80,90
Allied Vision,Goldeye G-130 VSWIR TEC1,area,,IMX990,Sony,InGaAs,8.15,"1/2""",1.3,1280.0,1024.0,5.0,5.0,global,94.0,,SWIR,400.0,1700.0,,,GigE,PoE,"Mono8, Mono12, Mono12Packed",InGaAs,340,55,55,78
Allied Vision,fxo530CXGE,area,,IMX530,Sony,,19.3,"1.2""",24.6,5328.0,4608.0,2.74,2.74,global,47.2,,Visible,400.0,1000.0,,C-mount,10GigE,,"mono8, mono12",CMOS,240,50,50,76
Allied Vision,fxo530MXGE,area,,IMX530,Sony,,19.3,"1.2""",24.6,5328.0,4608.0,2.74,2.74,global,47.2,,Visible,400.0,1000.0,,C-mount,10GigE,,"bayer8, bayer12",CMOS,240,50,50,76
Allied Vision,fxo531CXGE,area,,IMX531,Sony,,17.48,"1.1""",20.4,4512.0,4512.0,2.74,2.74,global,58.8,,Visible,400.0,1000.0,,C-mount,10GigE,,"mono8, mono12",CMOS,240,50,50,76
Allied Vision,fxo531MXGE,area,,IMX531,Sony,,17.48,"1.1""",20.4,4512.0,4512.0,2.74,2.74,global,58.8,,Visible,400.0,1000.0,,C-mount,10GigE,,"bayer8, bayer12",CMOS,240,50,50,76
Allied Vision,fxo532CXGE,area,,IMX532,Sony,,16.81,"1.1""",16.2,5328.0,3040.0,2.74,2.74,global,75.0,,Visible,400.0,1000.0,,C-mount,10GigE,,"mono8, mono12",CMOS,240,50,50,76
Allied Vision,fxo532MXGE,area,,IMX532,Sony,,16.81,"1.1""",16.2,5328.0,3040.0,2.74,2.74,global,75.0,,Visible,400.0,1000.0,,C-mount,10GigE,,"bayer8, bayer12",CMOS,240,50,50,76
Allied Vision,fxo535CXGE,area,,IMX535,Sony,,13.92,"1/1.1""",12.3,4096.0,3008.0,2.74,2.74,global,89.1,,Visible,400.0,1000.0,,C-mount,10GigE,,"mono8, mono12",CMOS,240,50,50,76
Allied Vision,fxo535MXGE,area,,IMX535,Sony,,13.92,"1/1.1""",12.3,4096.0,3008.0,2.74,2.74,global,89.1,,Visible,400.0,1000.0,,C-mount,10GigE,,"bayer8, bayer12",CMOS,240,50,50,76
Allied Vision,fxo536CXGE,area,,IMX536,Sony,,11.04,"2/3""",8.1,2848.0,2848.0,2.74,2.74,global,135.5,,Visible,400.0,1000.0,,C-mount,10GigE,,"mono8, mono12",CMOS,240,50,50,76
Allied Vision,fxo536MXGE,area,,IMX536,Sony,,11.04,"2/3""",8.1,2848.0,2848.0,2.74,2.74,global,135.5,,Visible,400.0,1000.0,,C-mount,10GigE,,"bayer8, bayer12",CMOS,240,50,50,76
Allied Vision,fxo537CXGE,area,,IMX537,Sony,,8.75,"1/1.8""",5.0,2448.0,2048.0,2.74,2.74,global,217.6,,Visible,400.0,1000.0,,C-mount,10GigE,,"mono8, mono12",CMOS,240,50,50,76
Allied Vision,fxo537MXGE,area,,IMX537,Sony,,8.75,"1/1.8""",5.0,2448.0,2048.0,2.74,2.74,global,217.6,,Visible,400.0,1000.0,,C-mount,10GigE,,"bayer8, bayer12",CMOS,240,50,50,76
Allied Vision,fxo540CXGE,area,,IMX540,Sony,,19.27,"1.2""",24.5,5320.0,4600.0,2.74,2.74,global,30.4,,Visible,400.0,1000.0,,C-mount,10GigE,,"bayer8, bayer12",CMOS,240,50,50,76
Allied Vision,fxo540MXGE,area,,IMX540,Sony,,19.27,"1.2""",24.5,5320.0,4600.0,2.74,2.74,global,30.4,,Visible,400.0,1000.0,,C-mount,10GigE,,"mono8, mono12",CMOS,240,50,50,76
Allied Vision,fxo541CXGE,area,,IMX541,Sony,,17.45,"1.1""",20.3,4504.0,4504.0,2.74,2.74,global,35.7,,Visible,400.0,1000.0,,C-mount,10GigE,,"bayer8, bayer12",CMOS,240,50,50,76
Allied Vision,fxo541MXGE,area,,IMX541,Sony,,17.45,"1.1""",20.3,4504.0,4504.0,2.74,2.74,global,35.7,,Visible,400.0,1000.0,,C-mount,10GigE,,"mono8, mono12",CMOS,240,50,50,76
Allied Vision,fxo542CXGE,area,,IMX542,Sony,,16.78,"1.1""",16.1,5320.0,3032.0,2.74,2.74,global,45.6,,Visible,400.0,1000.0,,C-mount,10GigE,,"bayer8, bayer12",CMOS,240,50,50,76
Allied Vision,fxo542MXGE,area,,IMX542,Sony,,16.78,"1.1""",16.1,5320.0,3032.0,2.74,2.74,global,45.6,,Visible,400.0,1000.0,,C-mount,10GigE,,"mono8, mono12",CMOS,240,50,50,76
Allied Vision,fxo545CXGE,area,,IMX545,Sony,,13.91,"1/1.1""",12.3,4096.0,3000.0,2.74,2.74,global,61.0,,Visible,400.0,1000.0,,C-mount,10GigE,,"bayer8, bayer12",CMOS,240,50,50,76
Allied Vision,fxo545MXGE,area,,IMX545,Sony,,13.91,"1/1.1""",12.3,4096.0,3000.0,2.74,2.74,global,61.0,,Visible,400.0,1000.0,,C-mount,10GigE,,"mono8, mono12",CMOS,240,50,50,76
Allied Vision,fxo546CXGE,area,,IMX546,Sony,,11.0,"2/3""",8.1,2840.0,2840.0,2.74,2.74,global,88.0,,Visible,400.0,1000.0,,C-mount,10GigE,,"bayer8, bayer12",CMOS,240,50,50,76
Allied Vision,fxo546MXGE,area,,IMX546,Sony,,11.0,"2/3""",8.1,2840.0,2840.0,2.74,2.74,global,88.0,,Visible,400.0,1000.0,,C-mount,10GigE,,"mono8, mono12",CMOS,240,50,50,76
Allied Vision,fxo547CXGE,area,,IMX547,Sony,,8.75,"1/1.8""",5.0,2448.0,2048.0,2.74,2.74,global,124.0,,Visible,400.0,1000.0,,C-mount,10GigE,,"bayer8, bayer12",CMOS,240,50,50,76
Allied Vision,fxo547MXGE,area,,IMX547,Sony,,8.75,"1/1.8""",5.0,2448.0,2048.0,2.74,2.74,global,124.0,,Visible,400.0,1000.0,,C-mount,10GigE,,"mono8, mono12",CMOS,240,50,50,76
Allied Vision,fxo901CXGE,area,,IMX901,Sony,,22.67,"1.4""",16.4,8016.0,2048.0,2.74,2.74,global,74.0,,Visible,400.0,1000.0,,C-mount,10GigE,,"bayer8, bayer12",CMOS,240,50,50,76
Allied Vision,fxo901MXGE,area,,IMX901,Sony,,22.67,"1.4""",16.4,8016.0,2048.0,2.74,2.74,global,74.0,,Visible,400.0,1000.0,,C-mount,10GigE,,"mono8, mono12",CMOS,240,50,50,76
Allied Vision,fxo902CXGE,area,,IMX902,Sony,,17.5,"1.1""",12.4,6048.0,2048.0,2.74,2.74,global,98.1,,Visible,400.0,1000.0,,C-mount,10GigE,,"bayer8, bayer12",CMOS,240,50,50,76
Allied Vision,fxo902MXGE,area,,IMX902,Sony,,17.5,"1.1""",12.4,6048.0,2048.0,2.74,2.74,global,98.1,,Visible,400.0,1000.0,,C-mount,10GigE,,"mono8, mono12",CMOS,240,50,50,76
Allied Vision,fxo425C25GE,area,,IMX425,Sony,,17.5,"1.1""",1.8,1600.0,1104.0,9.0,9.0,global,671.0,,Visible,400.0,1000.0,,C-mount,25GigE,,"bayer8, bayer12",CMOS,320,50,50,100
Allied Vision,fxo425M25GE,area,,IMX425,Sony,,17.5,"1.1""",1.8,1600.0,1104.0,9.0,9.0,global,671.0,,Visible,400.0,1000.0,,C-mount,25GigE,,"mono8, mono12",CMOS,320,50,50,100
Allied Vision,fxo530C25GE,area,,IMX530,Sony,,19.3,"1.2""",24.6,5328.0,4608.0,2.74,2.74,global,96.0,,Visible,400.0,1000.0,,C-mount,25GigE,,"bayer8, bayer12",CMOS,320,50,50,100
Allied Vision,fxo530M25GE,area,,IMX530,Sony,,19.3,"1.2""",24.6,5328.0,4608.0,2.74,2.74,global,96.0,,Visible,400.0,1000.0,,C-mount,25GigE,,"mono8, mono12",CMOS,320,50,50,100
Allied Vision,fxo531C25GE,area,,IMX531,Sony,,17.48,"1.1""",20.4,4512.0,4512.0,2.74,2.74,global,109.5,,Visible,400.0,1000.0,,C-mount,25GigE,,"bayer8, bayer12",CMOS,320,50,50,100
Allied Vision,fxo531M25GE,area,,IMX531,Sony,,17.48,"1.1""",20.4,4512.0,4512.0,2.74,2.74,global,109.5,,Visible,400.0,1000.0,,C-mount,25GigE,,"mono8, mono12",CMOS,320,50,50,100
Allied Vision,fxo532C25GE,area,,IMX532,Sony,,16.81,"1.1""",16.2,5328.0,3040.0,2.74,2.74,global,144.0,,Visible,400.0,1000.0,,C-mount,25GigE,,"bayer8, bayer12",CMOS,320,50,50,100
Allied Vision,fxo532M25GE,area,,IMX532,Sony,,16.81,"1.1""",16.2,5328.0,3040.0,2.74,2.74,global,144.0,,Visible,400.0,1000.0,,C-mount,25GigE,,"mono8, mono12",CMOS,320,50,50,100
Allied Vision,fxo535C25GE,area,,IMX535,Sony,,13.92,"1/1.1""",12.3,4096.0,3008.0,2.74,2.74,global,182.5,,Visible,400.0,1000.0,,C-mount,25GigE,,"bayer8, bayer12",CMOS,320,50,50,100
Allied Vision,fxo535M25GE,area,,IMX535,Sony,,13.92,"1/1.1""",12.3,4096.0,3008.0,2.74,2.74,global,182.5,,Visible,400.0,1000.0,,C-mount,25GigE,,"mono8, mono12",CMOS,320,50,50,100
Allied Vision,fxo536C25GE,area,,IMX536,Sony,,11.04,"2/3""",8.1,2848.0,2848.0,2.74,2.74,global,195.0,,Visible,400.0,1000.0,,C-mount,25GigE,,"bayer8, bayer12",CMOS,320,50,50,100
Allied Vision,fxo536M25GE,area,,IMX536,Sony,,11.04,"2/3""",8.1,2848.0,2848.0,2.74,2.74,global,195.0,,Visible,400.0,1000.0,,C-mount,25GigE,,"mono8, mono12",CMOS,320,50,50,100
Allied Vision,fxo537C25GE,area,,IMX537,Sony,,8.75,"1/1.8""",5.0,2448.0,2048.0,2.74,2.74,global,262.0,,Visible,400.0,1000.0,,C-mount,25GigE,,"bayer8, bayer12",CMOS,320,50,50,100
Allied Vision,fxo537M25GE,area,,IMX537,Sony,,8.75,"1/1.8""",5.0,2448.0,2048.0,2.74,2.74,global,262.0,,Visible,400.0,1000.0,,C-mount,25GigE,,"mono8, mono12",CMOS,320,50,50,100
Allied Vision,fxo925C100GE,area,,IMX925,Sony,,19.27,"1.2""",24.5,5312.0,4608.0,2.74,2.74,global,442.7,,Visible,350.0,1000.0,,C-mount,100GigE,,"bayer8, bayer12, bayer12packed",CMOS,450,58,58,101
Allied Vision,fxo925M100GE,area,,IMX925,Sony,,19.27,"1.2""",24.5,5312.0,4608.0,2.74,2.74,global,442.7,,Visible,350.0,1000.0,,C-mount,100GigE,,"mono8, mono12, mono12packed",CMOS,450,58,58,101
Allied Vision,fxo926C100GE,area,,IMX926,Sony,,13.92,"1/1.1""",12.3,4096.0,3008.0,2.74,2.74,global,660.8,,Visible,350.0,1000.0,,C-mount,100GigE,,"bayer8, bayer12, bayer12packed",CMOS,450,58,58,101
Allied Vision,fxo926M100GE,area,,IMX926,Sony,,13.92,"1/1.1""",12.3,4096.0,3008.0,2.74,2.74,global,660.8,,Visible,350.0,1000.0,,C-mount,100GigE,,"mono8, mono12, mono12packed",CMOS,450,58,58,101
Allied Vision,fxo420CCX12-2C,area,,IMX420,Sony,,17.55,"1.1""",7.1,3216.0,2208.0,4.5,4.5,global,207.0,,Visible,400.0,1000.0,,C-mount,CoaXPress,,"bayer8, bayer12",CMOS,240,50,50,73
Allied Vision,fxo420MCX12-2C,area,,IMX420,Sony,,17.55,"1.1""",7.1,3216.0,2208.0,4.5,4.5,global,207.0,,Visible,400.0,1000.0,,C-mount,CoaXPress,,"mono8, mono12",CMOS,240,50,50,73
Allied Vision,fxo421CCX12-2C,area,,IMX421,Sony,,10.92,"2/3""",2.8,1936.0,1464.0,4.5,4.5,global,413.5,,Visible,400.0,1000.0,,C-mount,CoaXPress,,"bayer8, bayer12",CMOS,240,50,50,73
Allied Vision,fxo421MCX12-2C,area,,IMX421,Sony,,10.92,"2/3""",2.8,1936.0,1464.0,4.5,4.5,global,413.5,,Visible,400.0,1000.0,,C-mount,CoaXPress,,"mono8, mono12",CMOS,240,50,50,73
Allied Vision,fxo425CCX12-2C,area,,IMX425,Sony,,17.5,"1.1""",1.8,1600.0,1104.0,9.0,9.0,global,671.0,,Visible,400.0,1000.0,,C-mount,CoaXPress,,"bayer8, bayer12",CMOS,240,50,50,73
Allied Vision,fxo425MCX12-2C,area,,IMX425,Sony,,17.5,"1.1""",1.8,1600.0,1104.0,9.0,9.0,global,671.0,,Visible,400.0,1000.0,,C-mount,CoaXPress,,"mono8, mono12",CMOS,240,50,50,73
Allied Vision,fxo530CCX12-2C,area,,IMX530,Sony,,19.3,"1.2""",24.6,5328.0,4608.0,2.74,2.74,global,97.6,,Visible,400.0,1000.0,,C-mount,CoaXPress,,"bayer8, bayer12",CMOS,240,50,50,73
Allied Vision,fxo530MCX12-2C,area,,IMX530,Sony,,19.3,"1.2""",24.6,5328.0,4608.0,2.74,2.74,global,97.6,,Visible,400.0,1000.0,,C-mount,CoaXPress,,"mono8, mono12",CMOS,240,50,50,73
Allied Vision,fxo531CCX12-2C,area,,IMX531,Sony,,17.48,"1.1""",20.4,4512.0,4512.0,2.74,2.74,global,109.5,,Visible,400.0,1000.0,,C-mount,CoaXPress,,"bayer8, bayer12",CMOS,240,50,50,73
Allied Vision,fxo531MCX12-2C,area,,IMX531,Sony,,17.48,"1.1""",20.4,4512.0,4512.0,2.74,2.74,global,109.5,,Visible,400.0,1000.0,,C-mount,CoaXPress,,"mono8, mono12",CMOS,240,50,50,73
Allied Vision,fxo532CCX12-2C,area,,IMX532,Sony,,16.81,"1.1""",16.2,5328.0,3040.0,2.74,2.74,global,144.0,,Visible,400.0,1000.0,,C-mount,CoaXPress,,"bayer8, bayer12",CMOS,240,50,50,73
Allied Vision,fxo532MCX12-2C,area,,IMX532,Sony,,16.81,"1.1""",16.2,5328.0,3040.0,2.74,2.74,global,144.0,,Visible,400.0,1000.0,,C-mount,CoaXPress,,"mono8, mono12",CMOS,240,50,50,73
Allied Vision,fxo535CCX12-2C,area,,IMX535,Sony,,13.92,"1/1.1""",12.3,4096.0,3008.0,2.74,2.74,global,182.5,,Visible,400.0,1000.0,,C-mount,CoaXPress,,"bayer8, bayer12",CMOS,240,50,50,73
Allied Vision,fxo535MCX12-2C,area,,IMX535,Sony,,13.92,"1/1.1""",12.3,4096.0,3008.0,2.74,2.74,global,182.5,,Visible,400.0,1000.0,,C-mount,CoaXPress,,"mono8, mono12",CMOS,240,50,50,73
Allied Vision,fxo536CCX12-2C,area,,IMX536,Sony,,11.04,"2/3""",8.1,2848.0,2848.0,2.74,2.74,global,195.0,,Visible,400.0,1000.0,,C-mount,CoaXPress,,"bayer8, bayer12",CMOS,240,50,50,73
Allied Vision,fxo536MCX12-2C,area,,IMX536,Sony,,11.04,"2/3""",8.1,2848.0,2848.0,2.74,2.74,global,195.0,,Visible,400.0,1000.0,,C-mount,CoaXPress,,"mono8, mono12",CMOS,240,50,50,73
Allied Vision,fxo537CCX12-2C,area,,IMX537,Sony,,8.75,"1/1.8""",5.0,2448.0,2048.0,2.74,2.74,global,262.0,,Visible,400.0,1000.0,,C-mount,CoaXPress,,"bayer8, bayer12",CMOS,240,50,50,73
Allied Vision,fxo537MCX12-2C,area,,IMX537,Sony,,8.75,"1/1.8""",5.0,2448.0,2048.0,2.74,2.74,global,262.0,,Visible,400.0,1000.0,,C-mount,CoaXPress,,"mono8, mono12",CMOS,240,50,50,73
Allied Vision,fxo540CCX,area,,IMX540,Sony,,19.25,"1.2""",24.4,5312.0,4600.0,2.74,2.74,global,30.4,,Visible,400.0,1000.0,,C-mount,CoaXPress,,"bayer8, bayer12",CMOS,240,50,50,70
Allied Vision,fxo540MCX,area,,IMX540,Sony,,19.25,"1.2""",24.4,5312.0,4600.0,2.74,2.74,global,30.4,,Visible,400.0,1000.0,,C-mount,CoaXPress,,"mono8, mono12",CMOS,240,50,50,70
Allied Vision,fxo541CCX,area,,IMX541,Sony,,17.41,"1.1""",20.2,4480.0,4504.0,2.74,2.74,global,35.7,,Visible,400.0,1000.0,,C-mount,CoaXPress,,"bayer8, bayer12",CMOS,240,50,50,70
Allied Vision,fxo541MCX,area,,IMX541,Sony,,17.41,"1.1""",20.2,4480.0,4504.0,2.74,2.74,global,35.7,,Visible,400.0,1000.0,,C-mount,CoaXPress,,"mono8, mono12",CMOS,240,50,50,70
Allied Vision,fxo542CCX,area,,IMX542,Sony,,16.76,"1.1""",16.1,5312.0,3032.0,2.74,2.74,global,45.6,,Visible,400.0,1000.0,,C-mount,CoaXPress,,"bayer8, bayer12",CMOS,240,50,50,70
Allied Vision,fxo542MCX,area,,IMX542,Sony,,16.76,"1.1""",16.1,5312.0,3032.0,2.74,2.74,global,45.6,,Visible,400.0,1000.0,,C-mount,CoaXPress,,"mono8, mono12",CMOS,240,50,50,70
Allied Vision,fxo545CCX,area,,IMX545,Sony,,13.91,"1/1.1""",12.3,4096.0,3000.0,2.74,2.74,global,61.0,,Visible,400.0,1000.0,,C-mount,CoaXPress,,"bayer8, bayer12",CMOS,240,50,50,70
Allied Vision,fxo545MCX,area,,IMX545,Sony,,13.91,"1/1.1""",12.3,4096.0,3000.0,2.74,2.74,global,61.0,,Visible,400.0,1000.0,,C-mount,CoaXPress,,"mono8, mono12",CMOS,240,50,50,70
Allied Vision,fxo546CCX,area,,IMX546,Sony,,10.99,"2/3""",8.0,2832.0,2840.0,2.74,2.74,global,88.0,,Visible,400.0,1000.0,,C-mount,CoaXPress,,"bayer8, bayer12",CMOS,240,50,50,70
Allied Vision,fxo546MCX,area,,IMX546,Sony,,10.99,"2/3""",8.0,2832.0,2840.0,2.74,2.74,global,88.0,,Visible,400.0,1000.0,,C-mount,CoaXPress,,"mono8, mono12",CMOS,240,50,50,70
Allied Vision,fxo547CCX,area,,IMX547,Sony,,8.75,"1/1.8""",5.0,2448.0,2048.0,2.74,2.74,global,124.0,,Visible,400.0,1000.0,,C-mount,CoaXPress,,"bayer8, bayer12",CMOS,240,50,50,70
Allied Vision,fxo547MCX,area,,IMX547,Sony,,8.75,"1/1.8""",5.0,2448.0,2048.0,2.74,2.74,global,124.0,,Visible,400.0,1000.0,,C-mount,CoaXPress,,"mono8, mono12",CMOS,240,50,50,70
Allied Vision,fxo901CCX12-2C,area,,IMX901,Sony,,22.67,"1.4""",16.4,8016.0,2048.0,2.74,2.74,global,135.4,,Visible,400.0,1000.0,,C-mount,CoaXPress,,"bayer8, bayer12",CMOS,240,50,50,72
Allied Vision,fxo901MCX12-2C,area,,IMX901,Sony,,22.67,"1.4""",16.4,8016.0,2048.0,2.74,2.74,global,135.4,,Visible,400.0,1000.0,,C-mount,CoaXPress,,"mono8, mono12",CMOS,240,50,50,72
Allied Vision,fxo902CCX12-2C,area,,IMX902,Sony,,17.5,"1.1""",12.4,6048.0,2048.0,2.74,2.74,global,135.4,,Visible,400.0,1000.0,,C-mount,CoaXPress,,"bayer8, bayer12",CMOS,240,50,50,72
Allied Vision,fxo902MCX12-2C,area,,IMX902,Sony,,17.5,"1.1""",12.4,6048.0,2048.0,2.74,2.74,global,135.4,,Visible,400.0,1000.0,,C-mount,CoaXPress,,"mono8, mono12",CMOS,240,50,50,72
Allied Vision,fxo935CCX12-4C,area,,IMX935,Sony,,19.3,"1.2""",24.6,5328.0,4608.0,2.74,2.74,global,192.0,,Visible,400.0,1000.0,,C-mount,CoaXPress,,"bayer8, bayer12",CMOS,130,50,50,34
Allied Vision,fxo935CCX12-4C-FF,area,,IMX935,Sony,,19.3,"1.2""",24.6,5328.0,4608.0,2.74,2.74,global,192.0,,Visible,400.0,1000.0,,Flat Front,CoaXPress,,"bayer8, bayer12",CMOS,120,50,50,19
Allied Vision,fxo935MCX12-4C,area,,IMX935,Sony,,19.3,"1.2""",24.6,5328.0,4608.0,2.74,2.74,global,192.0,,Visible,400.0,1000.0,,C-mount,CoaXPress,,"mono8, mono12",CMOS,130,50,50,34
Allied Vision,fxo935MCX12-4C-FF,area,,IMX935,Sony,,19.3,"1.2""",24.6,5328.0,4608.0,2.74,2.74,global,192.0,,Visible,400.0,1000.0,,Flat Front,CoaXPress,,"mono8, mono12",CMOS,120,50,50,19
Allied Vision,fxo936CCX12-4C,area,,IMX936,Sony,,14.0,"1/1.1""",12.4,4128.0,3008.0,2.74,2.74,global,339.6,,Visible,400.0,1000.0,,C-mount,CoaXPress,,"bayer8, bayer12",CMOS,130,50,50,34
Allied Vision,fxo936CCX12-4C-FF,area,,IMX936,Sony,,14.0,"1/1.1""",12.4,4128.0,3008.0,2.74,2.74,global,339.6,,Visible,400.0,1000.0,,Flat Front,CoaXPress,,"bayer8, bayer12",CMOS,120,50,50,19
Allied Vision,fxo936MCX12-4C,area,,IMX936,Sony,,14.0,"1/1.1""",12.4,4128.0,3008.0,2.74,2.74,global,339.6,,Visible,400.0,1000.0,,C-mount,CoaXPress,,"mono8, mono12",CMOS,130,50,50,34
Allied Vision,fxo936MCX12-4C-FF,area,,IMX936,Sony,,14.0,"1/1.1""",12.4,4128.0,3008.0,2.74,2.74,global,339.6,,Visible,400.0,1000.0,,Flat Front,CoaXPress,,"mono8, mono12",CMOS,120,50,50,19
Allied Vision,hr342CXGE,area,,IMX342,Sony,,27.88,,31.4,6464.0,4852.0,3.45,3.45,global,35.4,,Visible,400.0,1000.0,,M58x0.75,10GigE,,"bayer8, bayer12",CMOS,400,70,70,80
Allied Vision,hr342MXGE,area,,IMX342,Sony,,27.88,,31.4,6464.0,4852.0,3.45,3.45,global,35.4,,Visible,400.0,1000.0,,M58x0.75,10GigE,,"mono8, mono12",CMOS,400,70,70,80
Allied Vision,hr387CXGE,area,,IMX387,Sony,,21.56,,16.7,5440.0,3076.0,3.45,3.45,global,56.4,,Visible,400.0,1000.0,,M58x0.75,10GigE,,"bayer8, bayer12",CMOS,400,70,70,80
Allied Vision,hr387MXGE,area,,IMX387,Sony,,21.56,,16.7,5440.0,3076.0,3.45,3.45,global,56.4,,Visible,400.0,1000.0,,M58x0.75,10GigE,,"mono8, mono12",CMOS,400,70,70,80
Allied Vision,hr455CXGE,area,,IMX455,Sony,,43.24,"2.7""",61.0,9568.0,6380.0,3.76,3.76,rolling,18.0,,Visible,400.0,1000.0,,M58x0.75,10GigE,,"bayer8, bayer12, bayer16",CMOS,420,70,70,78
Allied Vision,hr455CXGE-T,area,,IMX455,Sony,,43.24,"2.7""",61.0,9568.0,6380.0,3.76,3.76,rolling,18.0,,Visible,400.0,1000.0,,M58x0.75,10GigE,,"bayer8, bayer12, bayer16",CMOS,590,70,70,94
Allied Vision,hr455MXGE,area,,IMX455,Sony,,43.24,"2.7""",61.0,9568.0,6380.0,3.76,3.76,rolling,18.0,,Visible,400.0,1000.0,,M58x0.75,10GigE,,"mono8, mono12, mono16",CMOS,420,70,70,78
Allied Vision,hr455MXGE-T,area,,IMX455,Sony,,43.24,"2.7""",61.0,9568.0,6380.0,3.76,3.76,rolling,18.0,,Visible,400.0,1000.0,,M58x0.75,10GigE,,"mono8, mono12, mono16",CMOS,590,70,70,94
Allied Vision,hr51CXGE,area,,GMAX4651,Gpixel,,47.66,,51.0,8424.0,6032.0,4.6,4.6,global,23.7,,Visible,400.0,1000.0,,M58x0.75,10GigE,,"bayer8, bayer12",CMOS,380,70,70,77
Allied Vision,hr51MXGE,area,,GMAX4651,Gpixel,,47.66,,51.0,8424.0,6032.0,4.6,4.6,global,23.7,,Visible,400.0,1000.0,,M58x0.75,10GigE,,"mono8, mono12",CMOS,380,70,70,77
Allied Vision,hr65CXGE,area,,GMAX3265,Gpixel,,37.36,,65.0,9344.0,7000.0,3.2,3.2,global,17.4,,Visible,400.0,1000.0,,M58x0.75,10GigE,,"bayer8, bayer12",CMOS,420,70,70,76
Allied Vision,hr65MXGE,area,,GMAX3265,Gpixel,,37.36,,65.0,9344.0,7000.0,3.2,3.2,global,17.4,,Visible,400.0,1000.0,,M58x0.75,10GigE,,"mono8, mono12",CMOS,420,70,70,76
Allied Vision,hr927C100GE,area,,IMX927,Sony,,39.71,"2.5""",105.0,10248.0,10248.0,2.74,2.74,global,112.0,,Visible,400.0,1000.0,,M58x0.75,100GigE,,"bayer8, bayer10, bayer12",CMOS,550,70,70,101
Allied Vision,hr927M100GE,area,,IMX927,Sony,,39.71,"2.5""",105.0,10248.0,10248.0,2.74,2.74,global,112.0,,Visible,400.0,1000.0,,M58x0.75,100GigE,,"mono8, mono10, mono12",CMOS,550,70,70,101
Allied Vision,hr928C100GE,area,,IMX928,Sony,,31.99,"2.0""",68.2,8256.0,8256.0,2.74,2.74,global,138.0,,Visible,400.0,1000.0,,M58x0.75,100GigE,,"bayer8, bayer10, bayer12",CMOS,550,70,70,101
Allied Vision,hr928M100GE,area,,IMX928,Sony,,31.99,"2.0""",68.2,8256.0,8256.0,2.74,2.74,global,138.0,,Visible,400.0,1000.0,,M58x0.75,100GigE,,"mono8, mono10, mono12",CMOS,550,70,70,101
Allied Vision,hr929C100GE,area,,IMX929,Sony,,28.09,"1.8""",50.4,8200.0,6152.0,2.74,2.74,global,225.0,,Visible,400.0,1000.0,,M58x0.75,100GigE,,"bayer8, bayer10, bayer12",CMOS,550,70,70,101
Allied Vision,hr929M100GE,area,,IMX929,Sony,,28.09,"1.8""",50.4,8200.0,6152.0,2.74,2.74,global,225.0,,Visible,400.0,1000.0,,M58x0.75,100GigE,,"mono8, mono10, mono12",CMOS,550,70,70,101
Allied Vision,hr25CCL,area,,PYTHON 25K,onsemi,,32.58,,25.0,5120.0,5120.0,4.5,4.5,global,31.8,,Visible,400.0,1000.0,,M58x0.75,Camera Link,,"bayer8, bayer10",CMOS,420,70,70,56
Allied Vision,hr25MCL,area,,PYTHON 25K,onsemi,,32.58,,25.0,5120.0,5120.0,4.5,4.5,global,31.8,,Visible,400.0,1000.0,,M58x0.75,Camera Link,,"bayer8, bayer10",CMOS,420,70,70,56
Allied Vision,hr49CCL,area,,GMAX3265-49,Gpixel,,31.7,"2.3""",49.0,7008.0,7000.0,3.2,3.2,global,17.0,,Visible,400.0,1000.0,,M58x0.75,Camera Link,,"bayer8, bayer10",CMOS,420,70,70,76
Allied Vision,hr49MCL,area,,GMAX3265-49,Gpixel,,31.7,"2.3""",49.0,7008.0,7000.0,3.2,3.2,global,17.0,,Visible,400.0,1000.0,,M58x0.75,Camera Link,,"mono8, mono10",CMOS,420,70,70,76
Allied Vision,hr65CCL,area,,GMAX3265,Gpixel,,37.36,,65.0,9344.0,7000.0,3.2,3.2,global,13.0,,Visible,400.0,1000.0,,M58x0.75,Camera Link,,"bayer8, bayer10",CMOS,420,70,70,76
Allied Vision,hr65MCL,area,,GMAX3265,Gpixel,,37.36,,65.0,9344.0,7000.0,3.2,3.2,global,13.0,,Visible,400.0,1000.0,,M58x0.75,Camera Link,,"mono8, mono10",CMOS,420,70,70,76
Allied Vision,hr25CCX,area,,PYTHON 25K,onsemi,,32.58,,25.0,5120.0,5120.0,4.5,4.5,global,81.0,,Visible,400.0,1000.0,,M58x0.75,CoaXPress,,"bayer8, bayer10",CMOS,420,70,70,56
Allied Vision,hr25MCX,area,,PYTHON 25K,onsemi,,32.58,,25.0,5120.0,5120.0,4.5,4.5,global,81.0,,Visible,400.0,1000.0,,M58x0.75,CoaXPress,,"mono8, mono10",CMOS,420,70,70,56
Allied Vision,hr342CCX,area,,IMX342,Sony,,27.88,,31.4,6464.0,4852.0,3.45,3.45,global,35.7,,Visible,400.0,1000.0,,M58x0.75,CoaXPress,,"bayer8, bayer12",CMOS,400,70,70,78
Allied Vision,hr342MCX,area,,IMX342,Sony,,27.88,,31.4,6464.0,4852.0,3.45,3.45,global,35.7,,Visible,400.0,1000.0,,M58x0.75,CoaXPress,,"mono8, mono12",CMOS,400,70,70,78
Allied Vision,hr455CCX,area,,IMX455,Sony,,43.24,"2.7""",61.0,9568.0,6380.0,3.76,3.76,rolling,18.0,,Visible,400.0,1000.0,,M58x0.75,CoaXPress,,"bayer8, bayer10, bayer12, bayer16",CMOS,420,70,70,78
Allied Vision,hr455MCX,area,,IMX455,Sony,,43.24,"2.7""",61.0,9568.0,6380.0,3.76,3.76,rolling,18.0,,Visible,400.0,1000.0,,M58x0.75,CoaXPress,,"mono8, mono10, mono12, mono16",CMOS,420,70,70,78
Allied Vision,hr49CCX12,area,,GMAX3265-49,Gpixel,,31.7,"2.3""",49.0,7008.0,7000.0,3.2,3.2,global,71.0,,Visible,400.0,1000.0,,M58x0.75,CoaXPress,,"bayer8, bayer10",CMOS,420,70,70,76
Allied Vision,hr49MCX12,area,,GMAX3265-49,Gpixel,,31.7,"2.3""",49.0,7008.0,7000.0,3.2,3.2,global,71.0,,Visible,400.0,1000.0,,M58x0.75,CoaXPress,,"mono8, mono10",CMOS,420,70,70,76
Allied Vision,hr51CCX,area,,GMAX4651,Gpixel,,47.63,,51.0,8416.0,6032.0,4.6,4.6,global,30.0,,Visible,400.0,1000.0,,M58x0.75,CoaXPress,,"bayer8, bayer12",CMOS,380,70,70,76
Allied Vision,hr51MCX,area,,GMAX4651,Gpixel,,47.63,,51.0,8416.0,6032.0,4.6,4.6,global,30.0,,Visible,400.0,1000.0,,M58x0.75,CoaXPress,,"mono8, mono12",CMOS,380,70,70,76
Allied Vision,hr65CCX,area,,GMAX3265,Gpixel,,37.36,,65.0,9344.0,7000.0,3.2,3.2,global,35.5,,Visible,400.0,1000.0,,M58x0.75,CoaXPress,,"bayer8, bayer10",CMOS,420,70,70,76
Allied Vision,hr65CCX-12,area,,GMAX3265,Gpixel,,37.36,,65.0,9344.0,7000.0,3.2,3.2,global,31.5,,Visible,400.0,1000.0,,M58x0.75,CoaXPress,,"bayer8, bayer12",CMOS,420,70,70,76
Allied Vision,hr65CCX12,area,,GMAX3265,Gpixel,,37.36,,65.0,9344.0,7000.0,3.2,3.2,global,71.0,,Visible,400.0,1000.0,,M58x0.75,CoaXPress,,"bayer8, bayer10",CMOS,420,70,70,76
Allied Vision,hr65MCX,area,,GMAX3265,Gpixel,,37.36,,65.0,9344.0,7000.0,3.2,3.2,global,35.5,,Visible,400.0,1000.0,,M58x0.75,CoaXPress,,"mono8, mono10",CMOS,420,70,70,76
Allied Vision,hr65MCX-12,area,,GMAX3265,Gpixel,,37.36,,65.0,9344.0,7000.0,3.2,3.2,global,31.5,,Visible,400.0,1000.0,,M58x0.75,CoaXPress,,"mono8, mono12",CMOS,420,70,70,76
Allied Vision,hr65MCX12,area,,GMAX3265,Gpixel,,37.36,,65.0,9344.0,7000.0,3.2,3.2,global,71.0,,Visible,400.0,1000.0,,M58x0.75,CoaXPress,,"mono8, mono10",CMOS,420,70,70,76
Allied Vision,shr411CXGE,area,,IMX411,Sony,,66.69,"4.2""",151.0,14192.0,10640.0,3.76,3.76,rolling,6.2,,Visible,400.0,1000.0,,M72x0.75,10GigE,,"bayer8, bayer12, bayer16",CMOS,580,80,80,83
Allied Vision,shr411CXGE-T,area,,IMX411,Sony,,66.69,"4.2""",151.0,14192.0,10640.0,3.76,3.76,rolling,6.2,,Visible,400.0,1000.0,,M72x0.75,10GigE,,"bayer8, bayer10, bayer12, bayer16",CMOS,810,80,80,107
Allied Vision,shr411MXGE,area,,IMX411,Sony,,66.69,"4.2""",151.0,14192.0,10640.0,3.76,3.76,rolling,6.2,,Visible,400.0,1000.0,,M72x0.75,10GigE,,"mono8, mono12, mono16",CMOS,580,80,80,83
Allied Vision,shr411MXGE-T,area,,IMX411,Sony,,66.69,"4.2""",151.0,14192.0,10640.0,3.76,3.76,rolling,6.2,,Visible,400.0,1000.0,,M72x0.75,10GigE,,"mono8, mono10, mono12, mono16",CMOS,810,80,80,107
Allied Vision,shr461CXGE,area,,IMX461,Sony,,54.76,"3.4""",101.8,11648.0,8742.0,3.76,3.76,rolling,8.7,,Visible,400.0,1000.0,,M72x0.75,10GigE,,"bayer8, bayer12, bayer16",CMOS,580,80,80,83
Allied Vision,shr461MXGE,area,,IMX461,Sony,,54.76,"3.4""",101.8,11648.0,8742.0,3.76,3.76,rolling,8.7,,Visible,400.0,1000.0,,M72x0.75,10GigE,,"mono8, mono12, mono16",CMOS,580,80,80,83
Allied Vision,shr661CXGE,area,,IMX661,Sony,,56.7,"3.6""",127.6,13392.0,9528.0,3.45,3.45,global,8.2,,Visible,400.0,1000.0,,M72x0.75,10GigE,,"bayer8, bayer12packed",CMOS,580,80,80,83
Allied Vision,shr661MXGE,area,,IMX661,Sony,,56.7,"3.6""",127.6,13392.0,9528.0,3.45,3.45,global,8.2,,Visible,400.0,1000.0,,M72x0.75,10GigE,,"mono8, mono12packed",CMOS,580,80,80,83
Allied Vision,shr411CCX,area,,IMX411,Sony,,66.69,"4.2""",151.0,14192.0,10640.0,3.76,3.76,rolling,6.2,,Visible,400.0,1000.0,,M72x0.75,CoaXPress,,"bayer8, bayer10, bayer12, bayer16",CMOS,600,80,80,83
Allied Vision,shr411MCX,area,,IMX411,Sony,,66.69,"4.2""",151.0,14192.0,10640.0,3.76,3.76,rolling,6.2,,Visible,400.0,1000.0,,M72x0.75,CoaXPress,,"mono8, mono10, mono12, mono16",CMOS,600,80,80,83
Allied Vision,shr461CCX,area,,IMX461,Sony,,54.76,"3.4""",101.8,11648.0,8742.0,3.76,3.76,rolling,8.7,,Visible,400.0,1000.0,,M72x0.75,CoaXPress,,"bayer8, bayer10, bayer12, bayer16",CMOS,580,80,80,83
Allied Vision,shr461MCX,area,,IMX461,Sony,,54.76,"3.4""",101.8,11648.0,8742.0,3.76,3.76,rolling,8.7,,Visible,400.0,1000.0,,M72x0.75,CoaXPress,,"mono8, mono10, mono12, mono16",CMOS,580,80,80,83
Allied Vision,shr661CCX12,area,,IMX661,Sony,,56.7,"3.6""",127.6,13392.0,9528.0,3.45,3.45,global,20.3,,Visible,400.0,1000.0,,M72x0.75,CoaXPress,,"bayer8, bayer10, bayer12, bayer16",CMOS,580,80,80,83
Allied Vision,shr661MCX12,area,,IMX661,Sony,,56.7,"3.6""",127.6,13392.0,9528.0,3.45,3.45,global,20.3,,Visible,400.0,1000.0,,M72x0.75,CoaXPress,,"mono8, mono10, mono12, mono16",CMOS,580,80,80,83
Allied Vision,shr811CCX12,area,,IMX811,Sony,,64.84,"4.1""",245.8,19200.0,12800.0,2.81,2.81,rolling,12.4,,Visible,400.0,1000.0,,M72x0.75,CoaXPress,,"bayer12, bayer14, bayer16",CMOS,600,80,80,86
Allied Vision,shr811MCX12,area,,IMX811,Sony,,64.84,"4.1""",245.8,19200.0,12800.0,2.81,2.81,rolling,12.4,,Visible,400.0,1000.0,,M72x0.75,CoaXPress,,"mono12, mono14, mono16",CMOS,600,80,80,86
Allied Vision,exo174CCL,area,,IMX174,Sony,,13.27,"1/1.2""",2.3,1920.0,1200.0,5.86,5.86,global,105.0,,Visible,400.0,1000.0,,C-mount,Camera Link,,"bayer8, bayer12",CMOS,138,50,50,43
Allied Vision,exo174MCL,area,,IMX174,Sony,,13.27,"1/1.2""",2.3,1920.0,1200.0,5.86,5.86,global,105.0,,Visible,400.0,1000.0,,C-mount,Camera Link,,"mono8, mono12",CMOS,138,50,50,43
Allied Vision,exo183CCL,area,,IMX183,Sony,,15.85,"1""",20.2,5488.0,3672.0,2.4,2.4,rolling,12.0,,Visible,400.0,1000.0,,C-mount,Camera Link,,"bayer8, bayer12",CMOS,140,50,50,43
Allied Vision,exo183MCL,area,,IMX183,Sony,,15.85,"1""",20.2,5488.0,3672.0,2.4,2.4,rolling,12.0,,Visible,400.0,1000.0,,C-mount,Camera Link,,"mono8, mono12",CMOS,140,50,50,43
Allied Vision,exo250CCL,area,,IMX250,Sony,,11.01,"2/3""",5.0,2448.0,2048.0,3.45,3.45,global,49.0,,Visible,400.0,1000.0,,C-mount,Camera Link,,"bayer8, bayer12",CMOS,138,50,50,43
Allied Vision,exo250MCL,area,,IMX250,Sony,,11.01,"2/3""",5.0,2448.0,2048.0,3.45,3.45,global,49.0,,Visible,400.0,1000.0,,C-mount,Camera Link,,"mono8, mono12",CMOS,138,50,50,43
Allied Vision,exo304CCL,area,,IMX304,Sony,,17.52,"1.1""",12.3,4096.0,3000.0,3.45,3.45,global,20.0,,Visible,400.0,1000.0,,C-mount,Camera Link,,"bayer8, bayer12",CMOS,140,50,50,43
Allied Vision,exo304MCL,area,,IMX304,Sony,,17.52,"1.1""",12.3,4096.0,3000.0,3.45,3.45,global,20.0,,Visible,400.0,1000.0,,C-mount,Camera Link,,"mono8, mono12",CMOS,140,50,50,43
Allied Vision,exo174CGE,area,,IMX174,Sony,,13.27,"1/1.2""",2.3,1920.0,1200.0,5.86,5.86,global,53.6,,Visible,400.0,1000.0,,C-mount,GigE,,"bayer8, bayer12packed",CMOS,140,50,50,43
Allied Vision,exo174MGE,area,,IMX174,Sony,,13.27,"1/1.2""",2.3,1920.0,1200.0,5.86,5.86,global,53.6,,Visible,400.0,1000.0,,C-mount,GigE,,"mono8, mono12packed",CMOS,140,50,50,43
Allied Vision,exo183CGE,area,,IMX183,Sony,,15.86,"1""",20.2,5496.0,3672.0,2.4,2.4,rolling,6.0,,Visible,400.0,1000.0,,C-mount,GigE,,"bayer8, bayer12packed",CMOS,140,50,50,43
Allied Vision,exo183MGE,area,,IMX183,Sony,,15.86,"1""",20.2,5496.0,3672.0,2.4,2.4,rolling,6.0,,Visible,400.0,1000.0,,C-mount,GigE,,"mono8, mono12packed",CMOS,140,50,50,43
Allied Vision,exo249CGE,area,,IMX249,Sony,,13.27,"1/1.2""",2.3,1920.0,1200.0,5.86,5.86,global,41.0,,Visible,400.0,1000.0,,C-mount,GigE,,"bayer8, bayer12packed",CMOS,140,50,50,43
Allied Vision,exo249MGE,area,,IMX249,Sony,,13.27,"1/1.2""",2.3,1920.0,1200.0,5.86,5.86,global,41.0,,Visible,400.0,1000.0,,C-mount,GigE,,"mono8, mono12packed",CMOS,140,50,50,43
Allied Vision,exo250CGE,area,,IMX250,Sony,,11.01,"2/3""",5.0,2448.0,2048.0,3.45,3.45,global,24.5,,Visible,400.0,1000.0,,C-mount,GigE,,"bayer8, bayer12packed",CMOS,138,50,50,43
Allied Vision,exo250MGE,area,,IMX250,Sony,,11.01,"2/3""",5.0,2448.0,2048.0,3.45,3.45,global,24.5,,Visible,400.0,1000.0,,C-mount,GigE,,"mono8, mono12packed",CMOS,138,50,50,43
Allied Vision,exo264CGE,area,,IMX264,Sony,,11.01,"2/3""",5.0,2448.0,2048.0,3.45,3.45,global,24.5,,Visible,400.0,1000.0,,C-mount,GigE,,"bayer8, bayer12packed",CMOS,138,50,50,43
Allied Vision,exo264MGE,area,,IMX264,Sony,,11.01,"2/3""",5.0,2448.0,2048.0,3.45,3.45,global,24.5,,Visible,400.0,1000.0,,C-mount,GigE,,"mono8, mono12packed",CMOS,138,50,50,43
Allied Vision,exo265CGE,area,,IMX265,Sony,,8.83,"1/1.8""",3.1,2048.0,1536.0,3.45,3.45,global,39.0,,Visible,400.0,1000.0,,C-mount,GigE,,"bayer8, bayer12packed",CMOS,138,50,50,43
Allied Vision,exo265MGE,area,,IMX265,Sony,,8.83,"1/1.8""",3.1,2048.0,1536.0,3.45,3.45,global,39.0,,Visible,400.0,1000.0,,C-mount,GigE,,"mono8, mono12packed",CMOS,138,50,50,43
Allied Vision,exo273CGE,area,,IMX273,Sony,,6.21,"1/2.9""",1.6,1440.0,1080.0,3.45,3.45,global,79.0,,Visible,400.0,1000.0,,C-mount,GigE,,"bayer8, bayer12packed",CMOS,138,50,50,43
Allied Vision,exo273MGE,area,,IMX273,Sony,,6.21,"1/2.9""",1.6,1440.0,1080.0,3.45,3.45,global,79.0,,Visible,400.0,1000.0,,C-mount,GigE,,"mono8, mono12packed",CMOS,138,50,50,43
Allied Vision,exo304CGE,area,,IMX304,Sony,,17.52,"1.1""",12.3,4096.0,3000.0,3.45,3.45,global,10.0,,Visible,400.0,1000.0,,C-mount,GigE,,"bayer8, bayer12packed",CMOS,140,50,50,43
Allied Vision,exo304MGE,area,,IMX304,Sony,,17.52,"1.1""",12.3,4096.0,3000.0,3.45,3.45,global,10.0,,Visible,400.0,1000.0,,C-mount,GigE,,"mono8, mono12packed",CMOS,140,50,50,43
Allied Vision,exo342CGE,area,,IMX342,Sony,,27.88,,31.4,6464.0,4852.0,3.45,3.45,global,3.8,,Visible,400.0,1000.0,,M42x1,GigE,,"bayer8, bayer12packed",CMOS,400,58,58,46
Allied Vision,exo342MGE,area,,IMX342,Sony,,27.88,,31.4,6464.0,4852.0,3.45,3.45,global,3.8,,Visible,400.0,1000.0,,M42x1,GigE,,"mono8, mono12packed",CMOS,400,58,58,46
Allied Vision,exo367CGE,area,,IMX367,Sony,,21.58,,19.6,4416.0,4428.0,3.45,3.45,global,6.2,,Visible,400.0,1000.0,,M42x1,GigE,,"bayer8, bayer12packed",CMOS,400,58,58,46
Allied Vision,exo367MGE,area,,IMX367,Sony,,21.58,,19.6,4416.0,4428.0,3.45,3.45,global,6.2,,Visible,400.0,1000.0,,M42x1,GigE,,"mono8, mono12packed",CMOS,400,58,58,46
Allied Vision,exo4000CGE,area,,CMV4000,ams OSRAM,,15.93,"1""",4.0,2048.0,2048.0,5.5,5.5,global,29.5,,Visible,400.0,1000.0,,C-mount,GigE,,"bayer8, bayer12packed",CMOS,150,50,50,38
Allied Vision,exo4000MGE,area,,CMV4000,ams OSRAM,,15.93,"1""",4.0,2048.0,2048.0,5.5,5.5,global,29.5,,Visible,400.0,1000.0,,C-mount,GigE,,"mono8, mono12packed",CMOS,150,50,50,38
Allied Vision,exo428CGE,area,,IMX428,Sony,,17.5,"1.1""",7.1,3208.0,2200.0,4.5,4.5,global,17.4,,Visible,400.0,1000.0,,C-mount,GigE,,"bayer8, bayer12packed",CMOS,140,50,50,43
Allied Vision,exo428MGE,area,,IMX428,Sony,,17.5,"1.1""",7.1,3208.0,2200.0,4.5,4.5,global,17.4,,Visible,400.0,1000.0,,C-mount,GigE,,"mono8, mono12packed",CMOS,140,50,50,43
Allied Vision,exo540CGE,area,,IMX540,Sony,,19.27,"1.2""",24.5,5320.0,4600.0,2.74,2.74,global,5.0,,Visible,400.0,1000.0,,C-mount,GigE,,"bayer8, bayer12packed",CMOS,143,50,50,43
Allied Vision,exo540MGE,area,,IMX540,Sony,,19.27,"1.2""",24.5,5320.0,4600.0,2.74,2.74,global,5.0,,Visible,400.0,1000.0,,C-mount,GigE,,"mono8, mono12packed",CMOS,143,50,50,43
Allied Vision,exo541CGE,area,,IMX541,Sony,,17.45,"1.1""",20.3,4504.0,4504.0,2.74,2.74,global,6.0,,Visible,400.0,1000.0,,C-mount,GigE,,"bayer8, bayer12packed",CMOS,143,50,50,43
Allied Vision,exo541MGE,area,,IMX541,Sony,,17.45,"1.1""",20.3,4504.0,4504.0,2.74,2.74,global,6.0,,Visible,400.0,1000.0,,C-mount,GigE,,"mono8, mono12packed",CMOS,143,50,50,43
Allied Vision,exo542CGE,area,,IMX542,Sony,,16.78,"1.1""",16.1,5320.0,3032.0,2.74,2.74,global,7.0,,Visible,400.0,1000.0,,C-mount,GigE,,"bayer8, bayer12packed",CMOS,143,50,50,43
Allied Vision,exo542MGE,area,,IMX542,Sony,,16.78,"1.1""",16.1,5320.0,3032.0,2.74,2.74,global,7.0,,Visible,400.0,1000.0,,C-mount,GigE,,"mono8, mono12packed",CMOS,143,50,50,43
Allied Vision,exo545CGE,area,,IMX545,Sony,,13.91,"1/1.1""",12.3,4096.0,3000.0,2.74,2.74,global,10.0,,Visible,400.0,1000.0,,C-mount,GigE,,"bayer8, bayer12packed",CMOS,143,50,50,43
Allied Vision,exo545MGE,area,,IMX545,Sony,,13.91,"1/1.1""",12.3,4096.0,3000.0,2.74,2.74,global,10.0,,Visible,400.0,1000.0,,C-mount,GigE,,"mono8, mono12packed",CMOS,143,50,50,43
Allied Vision,exo546CGE,area,,IMX546,Sony,,11.0,"2/3""",8.1,2840.0,2840.0,2.74,2.74,global,15.0,,Visible,400.0,1000.0,,C-mount,GigE,,"bayer8, bayer12packed",CMOS,143,50,50,43
Allied Vision,exo546MGE,area,,IMX546,Sony,,11.0,"2/3""",8.1,2840.0,2840.0,2.74,2.74,global,15.0,,Visible,400.0,1000.0,,C-mount,GigE,,"mono8, mono12packed",CMOS,143,50,50,43
Allied Vision,exo547CGE,area,,IMX547,Sony,,8.75,"1/1.8""",5.0,2448.0,2048.0,2.74,2.74,global,24.5,,Visible,400.0,1000.0,,C-mount,GigE,,"bayer8, bayer12packed",CMOS,143,50,50,43
Allied Vision,exo547MGE,area,,IMX547,Sony,,8.75,"1/1.8""",5.0,2448.0,2048.0,2.74,2.74,global,24.5,,Visible,400.0,1000.0,,C-mount,GigE,,"mono8, mono12packed",CMOS,143,50,50,43
Allied Vision,exo901CGE,area,,IMX901,Sony,,22.67,"1.4""",16.4,8016.0,2048.0,2.74,2.74,global,7.5,,Visible,400.0,1000.0,,C-mount,GigE,,"bayer8, bayer12packed",CMOS,140,50,50,43
Allied Vision,exo901MGE,area,,IMX901,Sony,,22.67,"1.4""",16.4,8016.0,2048.0,2.74,2.74,global,7.5,,Visible,400.0,1000.0,,C-mount,GigE,,"mono8, mono12packed",CMOS,140,50,50,43
Allied Vision,exo902CGE,area,,IMX902,Sony,,17.5,"1.1""",12.4,6048.0,2048.0,2.74,2.74,global,10.0,,Visible,400.0,1000.0,,C-mount,GigE,,"bayer8, bayer12packed",CMOS,140,50,50,43
Allied Vision,exo902MGE,area,,IMX902,Sony,,17.5,"1.1""",12.4,6048.0,2048.0,2.74,2.74,global,10.0,,Visible,400.0,1000.0,,C-mount,GigE,,"mono8, mono12packed",CMOS,140,50,50,43
Allied Vision,exo174CU3,area,,IMX174,Sony,,13.27,"1/1.2""",2.3,1920.0,1200.0,5.86,5.86,global,160.0,,Visible,400.0,1000.0,,C-mount,USB3,,"bayer8, bayer12packed",CMOS,140,50,50,43
Allied Vision,exo174MU3,area,,IMX174,Sony,,13.27,"1/1.2""",2.3,1920.0,1200.0,5.86,5.86,global,160.0,,Visible,400.0,1000.0,,C-mount,USB3,,"mono8, mono12packed",CMOS,140,50,50,43
Allied Vision,exo183CU3,area,,IMX183,Sony,,15.86,"1""",20.2,5496.0,3672.0,2.4,2.4,rolling,17.0,,Visible,400.0,1000.0,,C-mount,USB3,,"bayer8, bayer12packed",CMOS,140,50,50,43
Allied Vision,exo183MU3,area,,IMX183,Sony,,15.86,"1""",20.2,5496.0,3672.0,2.4,2.4,rolling,17.0,,Visible,400.0,1000.0,,C-mount,USB3,,"mono8, mono12packed",CMOS,140,50,50,43
Allied Vision,exo249CU3,area,,IMX249,Sony,,13.27,"1/1.2""",2.3,1920.0,1200.0,5.86,5.86,global,41.0,,Visible,400.0,1000.0,,C-mount,USB3,,"bayer8, bayer12packed",CMOS,140,50,50,43
Allied Vision,exo249MU3,area,,IMX249,Sony,,13.27,"1/1.2""",2.3,1920.0,1200.0,5.86,5.86,global,41.0,,Visible,400.0,1000.0,,C-mount,USB3,,"mono8, mono12packed",CMOS,140,50,50,43
Allied Vision,exo250CU3,area,,IMX250,Sony,,11.01,"2/3""",5.0,2448.0,2048.0,3.45,3.45,global,75.0,,Visible,400.0,1000.0,,C-mount,USB3,,"bayer8, bayer12packed",CMOS,138,50,50,43
Allied Vision,exo250MU3,area,,IMX250,Sony,,11.01,"2/3""",5.0,2448.0,2048.0,3.45,3.45,global,75.0,,Visible,400.0,1000.0,,C-mount,USB3,,"mono8, mono12packed",CMOS,138,50,50,43
Allied Vision,exo253CU3,area,,IMX253,Sony,,17.52,"1.1""",12.3,4096.0,3000.0,3.45,3.45,global,30.0,,Visible,400.0,1000.0,,C-mount,USB3,,"bayer8, bayer12packed",CMOS,138,50,50,43
Allied Vision,exo253MU3,area,,IMX253,Sony,,17.52,"1.1""",12.3,4096.0,3000.0,3.45,3.45,global,30.0,,Visible,400.0,1000.0,,C-mount,USB3,,"mono8, mono12packed",CMOS,138,50,50,43
Allied Vision,exo264CU3,area,,IMX264,Sony,,11.01,"2/3""",5.0,2448.0,2048.0,3.45,3.45,global,35.0,,Visible,400.0,1000.0,,C-mount,USB3,,"bayer8, bayer12packed",CMOS,138,50,50,43
Allied Vision,exo264MU3,area,,IMX264,Sony,,11.01,"2/3""",5.0,2448.0,2048.0,3.45,3.45,global,35.0,,Visible,400.0,1000.0,,C-mount,USB3,,"mono8, mono12packed",CMOS,138,50,50,43
Allied Vision,exo265CU3,area,,IMX265,Sony,,8.83,"1/1.8""",3.1,2048.0,1536.0,3.45,3.45,global,55.0,,Visible,400.0,1000.0,,C-mount,USB3,,"bayer8, bayer12packed",CMOS,138,50,50,43
Allied Vision,exo265MU3,area,,IMX265,Sony,,8.83,"1/1.8""",3.1,2048.0,1536.0,3.45,3.45,global,55.0,,Visible,400.0,1000.0,,C-mount,USB3,,"mono8, mono12packed",CMOS,138,50,50,43
Allied Vision,exo304CU3,area,,IMX304,Sony,,17.52,"1.1""",12.3,4096.0,3000.0,3.45,3.45,global,23.0,,Visible,400.0,1000.0,,C-mount,USB3,,"bayer8, bayer12packed",CMOS,138,50,50,43
Allied Vision,exo304MU3,area,,IMX304,Sony,,17.52,"1.1""",12.3,4096.0,3000.0,3.45,3.45,global,23.0,,Visible,400.0,1000.0,,C-mount,USB3,,"mono8, mono12packed",CMOS,138,50,50,43
Allied Vision,exo342CU3,area,,IMX342,Sony,,27.88,,31.4,6464.0,4852.0,3.45,3.45,global,12.0,,Visible,400.0,1000.0,,M42x1,USB3,,"bayer8, bayer12packed",CMOS,320,58,58,46
Allied Vision,exo342MU3,area,,IMX342,Sony,,27.88,,31.4,6464.0,4852.0,3.45,3.45,global,12.0,,Visible,400.0,1000.0,,M42x1,USB3,,"mono8, mono12packed",CMOS,320,58,58,46
Allied Vision,exo367CU3,area,,IMX367,Sony,,21.58,,19.6,4416.0,4428.0,3.45,3.45,global,19.0,,Visible,400.0,1000.0,,M42x1,USB3,,"bayer8, bayer12packed",CMOS,320,58,58,46
Allied Vision,exo367MU3,area,,IMX367,Sony,,21.58,,19.6,4416.0,4428.0,3.45,3.45,global,19.0,,Visible,400.0,1000.0,,M42x1,USB3,,"mono8, mono12packed",CMOS,320,58,58,46
Allied Vision,exo4000CU3,area,,CMV4000,ams OSRAM,,15.93,"1""",4.0,2048.0,2048.0,5.5,5.5,global,74.0,,Visible,400.0,1000.0,,C-mount,USB3,,"bayer8, bayer12packed",CMOS,138,50,50,47
Allied Vision,exo4000MU3,area,,CMV4000,ams OSRAM,,15.93,"1""",4.0,2048.0,2048.0,5.5,5.5,global,74.0,,Visible,400.0,1000.0,,C-mount,USB3,,"mono8, mono12packed",CMOS,138,50,50,47
Allied Vision,exo428CU3,area,,IMX428,Sony,,17.5,"1.1""",7.1,3208.0,2200.0,4.5,4.5,global,51.3,,Visible,400.0,1000.0,,C-mount,USB3,,"bayer8, bayer12packed",CMOS,140,50,50,43
Allied Vision,exo428MU3,area,,IMX428,Sony,,17.5,"1.1""",7.1,3208.0,2200.0,4.5,4.5,global,51.3,,Visible,400.0,1000.0,,C-mount,USB3,,"mono8, mono12packed",CMOS,140,50,50,43
Allied Vision,exo540CU3,area,,IMX540,Sony,,19.27,"1.2""",24.5,5320.0,4600.0,2.74,2.74,global,15.0,,Visible,400.0,1000.0,,C-mount,USB3,,"bayer8, bayer12packed",CMOS,140,50,50,43
Allied Vision,exo540MU3,area,,IMX540,Sony,,19.27,"1.2""",24.5,5320.0,4600.0,2.74,2.74,global,15.0,,Visible,400.0,1000.0,,C-mount,USB3,,"mono8, mono12packed",CMOS,140,50,50,43
Allied Vision,exo541CU3,area,,IMX541,Sony,,17.45,"1.1""",20.3,4504.0,4504.0,2.74,2.74,global,18.4,,Visible,400.0,1000.0,,C-mount,USB3,,"bayer8, bayer12packed",CMOS,140,50,50,43
Allied Vision,exo541MU3,area,,IMX541,Sony,,17.45,"1.1""",20.3,4504.0,4504.0,2.74,2.74,global,18.4,,Visible,400.0,1000.0,,C-mount,USB3,,"mono8, mono12packed",CMOS,140,50,50,43
Allied Vision,exo542CU3,area,,IMX542,Sony,,16.78,"1.1""",16.1,5320.0,3032.0,2.74,2.74,global,23.0,,Visible,400.0,1000.0,,C-mount,USB3,,"bayer8, bayer12packed",CMOS,140,50,50,43
Allied Vision,exo542MU3,area,,IMX542,Sony,,16.78,"1.1""",16.1,5320.0,3032.0,2.74,2.74,global,23.0,,Visible,400.0,1000.0,,C-mount,USB3,,"mono8, mono12packed",CMOS,140,50,50,43
Allied Vision,exo901CU3,area,,IMX901,Sony,,22.67,"1.4""",16.4,8016.0,2048.0,2.74,2.74,global,15.0,,Visible,400.0,1000.0,,C-mount,USB3,,"bayer8, bayer12packed",CMOS,140,50,50,43
Allied Vision,exo901MU3,area,,IMX901,Sony,,22.67,"1.4""",16.4,8016.0,2048.0,2.74,2.74,global,15.0,,Visible,400.0,1000.0,,C-mount,USB3,,"mono8, mono12packed",CMOS,140,50,50,43
Allied Vision,exo902CU3,area,,IMX902,Sony,,17.5,"1.1""",12.4,6048.0,2048.0,2.74,2.74,global,29.6,,Visible,400.0,1000.0,,C-mount,USB3,,"bayer8, bayer12packed",CMOS,140,50,50,43
Allied Vision,exo902MU3,area,,IMX902,Sony,,17.5,"1.1""",12.4,6048.0,2048.0,2.74,2.74,global,29.6,,Visible,400.0,1000.0,,C-mount,USB3,,"mono8, mono12packed",CMOS,140,50,50,43
Allied Vision,EoSens1.3MCL-CM,area,,LUPA1300-2,onsemi,,22.95,"4/3""",1.3,1280.0,1024.0,14.0,14.0,global,506.0,,Visible,400.0,1000.0,,C-mount,Camera Link,,"mono8, mono10",CMOS,300,63,63,47
Allied Vision,EoSens1.3MCL-FM,area,,LUPA1300-2,onsemi,,22.95,"4/3""",1.3,1280.0,1024.0,14.0,14.0,global,506.0,,Visible,400.0,1000.0,,F-mount,Camera Link,,"mono8, mono10",CMOS,350,63,63,75
Allied Vision,EoSens3.0MCL-CM,area,,LUPA3000,onsemi,,19.23,"1""",3.0,1690.0,1710.0,8.0,8.0,global,285.0,,Visible,400.0,1000.0,,C-mount,Camera Link,,mono8,CMOS,300,63,63,55
Allied Vision,EoSens3.0MCL-FM,area,,LUPA3000,onsemi,,19.23,"1""",3.0,1690.0,1710.0,8.0,8.0,global,285.0,,Visible,400.0,1000.0,,F-mount,Camera Link,,mono8,CMOS,350,63,63,84
Allied Vision,EoSens3.0MCX5-CM,area,,LUPA3000,onsemi,,19.27,"1""",3.0,1696.0,1710.0,8.0,8.0,global,566.0,,Visible,400.0,1000.0,,C-mount,CoaXPress,,"mono8, mono10",CMOS,500,80,80,57
Allied Vision,EoSens3.0MCX5-FM,area,,LUPA3000,onsemi,,19.27,"1""",3.0,1696.0,1710.0,8.0,8.0,global,566.0,,Visible,400.0,1000.0,,F-mount,CoaXPress,,"mono8, mono10",CMOS,550,80,80,86
Allied Vision,EoSens4.0MCX6-CM,area,,AM41,Alexima,,20.34,"4/3""",4.0,2336.0,1728.0,7.0,7.0,global,563.0,,Visible,400.0,1000.0,,C-mount,CoaXPress,,"mono8, mono10",CMOS,500,80,80,60
Allied Vision,EoSens4.0MCX6-FM,area,,AM41,Alexima,,20.34,"4/3""",4.0,2336.0,1728.0,7.0,7.0,global,563.0,,Visible,400.0,1000.0,,F-mount,CoaXPress,,"mono8, mono10",CMOS,550,80,80,86
Allied Vision,EoSens1.1CCX12-CM,area,,LUX13HS,Luxima,,21.16,"4/3""",1.1,1280.0,864.0,13.7,13.7,global,3674.0,,Visible,400.0,1000.0,,C-mount,CoaXPress,,"bayer8, bayer10",CMOS,500,80,80,54
Allied Vision,EoSens1.1CCX12-FM,area,,LUX13HS,Luxima,,21.16,"4/3""",1.1,1280.0,864.0,13.7,13.7,global,3674.0,,Visible,400.0,1000.0,,F-mount,CoaXPress,,"bayer8, bayer10",CMOS,550,80,80,83
Allied Vision,EoSens1.1MCX12-CM,area,,LUX13HS,Luxima,,21.16,"4/3""",1.1,1280.0,864.0,13.7,13.7,global,3674.0,,Visible,400.0,1000.0,,C-mount,CoaXPress,,"mono8, mono10",CMOS,500,80,80,54
Allied Vision,EoSens1.1MCX12-FM,area,,LUX13HS,Luxima,,21.16,"4/3""",1.1,1280.0,864.0,13.7,13.7,global,3674.0,,Visible,400.0,1000.0,,F-mount,CoaXPress,,"mono8, mono10",CMOS,550,80,80,83
Allied Vision,EoSens10CCX12-FM,area,,GSPRINT4510,Gpixel,,22.93,"4/3""",10.0,4608.0,2176.0,4.5,4.5,global,482.0,,Visible,350.0,1000.0,,F-mount,CoaXPress,,"bayer8, bayer12",CMOS,630,80,80,93
Allied Vision,EoSens10CCX12-M42,area,,GSPRINT4510,Gpixel,,22.93,"4/3""",10.0,4608.0,2176.0,4.5,4.5,global,482.0,,Visible,350.0,1000.0,,M42x0.75,CoaXPress,,"bayer8, bayer12",CMOS,630,80,80,55
Allied Vision,EoSens10MCX12-FM,area,,GSPRINT4510,Gpixel,,22.93,"4/3""",10.0,4608.0,2176.0,4.5,4.5,global,482.0,,Visible,350.0,1000.0,,F-mount,CoaXPress,,"mono8, mono12",CMOS,630,80,80,93
Allied Vision,EoSens10MCX12-M42,area,,GSPRINT4510,Gpixel,,22.93,"4/3""",10.0,4608.0,2176.0,4.5,4.5,global,482.0,,Visible,350.0,1000.0,,M42x0.75,CoaXPress,,"mono8, mono12",CMOS,630,80,80,55
Allied Vision,EoSens2.0CCX12-CM,area,,Lux19HS,Luxima,,22.03,"4/3""",2.0,1920.0,1080.0,10.0,10.0,global,2247.0,,Visible,400.0,1000.0,,C-mount,CoaXPress,,"bayer8, bayer10",CMOS,500,80,80,55
Allied Vision,EoSens2.0CCX12-FM,area,,Lux19HS,Luxima,,22.03,"4/3""",2.0,1920.0,1080.0,10.0,10.0,global,2247.0,,Visible,400.0,1000.0,,F-mount,CoaXPress,,"bayer8, bayer10",CMOS,550,80,80,84
Allied Vision,EoSens2.0MCX12-CM,area,,Lux19HS,Luxima,,22.03,"4/3""",2.0,1920.0,1080.0,10.0,10.0,global,2247.0,,Visible,400.0,1000.0,,C-mount,CoaXPress,,"mono8, mono10",CMOS,500,80,80,55
Allied Vision,EoSens2.0MCX12-FM,area,,Lux19HS,Luxima,,22.03,"4/3""",2.0,1920.0,1080.0,10.0,10.0,global,2247.0,,Visible,400.0,1000.0,,F-mount,CoaXPress,,"mono8, mono10",CMOS,550,80,80,84
Allied Vision,EoSens21CCX12-FF,area,,GSPRINT4521,Gpixel,,29.51,,21.0,5120.0,4096.0,4.5,4.5,global,230.0,,Visible,350.0,1000.0,,Flat Front,CoaXPress,,"bayer8, bayer10, bayer12",CMOS,630,80,80,47
Allied Vision,EoSens21CCX12-FM,area,,GSPRINT4521,Gpixel,,29.51,,21.0,5120.0,4096.0,4.5,4.5,global,230.0,,Visible,350.0,1000.0,,F-mount,CoaXPress,,"bayer8, bayer10, bayer12",CMOS,630,80,80,93
Allied Vision,EoSens21CCX12-M58,area,,GSPRINT4521,Gpixel,,29.51,,21.0,5120.0,4096.0,4.5,4.5,global,230.0,,Visible,350.0,1000.0,,M58x0.75,CoaXPress,,"bayer8, bayer10, bayer12",CMOS,630,80,80,55
Allied Vision,EoSens21MCX12-FF,area,,GSPRINT4521,Gpixel,,29.51,,21.0,5120.0,4096.0,4.5,4.5,global,230.0,,Visible,350.0,1000.0,,Flat Front,CoaXPress,,"mono8, mono10, mono12",CMOS,630,80,80,47
Allied Vision,EoSens21MCX12-FM,area,,GSPRINT4521,Gpixel,,29.51,,21.0,5120.0,4096.0,4.5,4.5,global,230.0,,Visible,350.0,1000.0,,F-mount,CoaXPress,,"mono8, mono10, mono12",CMOS,630,80,80,93
Allied Vision,EoSens21MCX12-M58,area,,GSPRINT4521,Gpixel,,29.51,,21.0,5120.0,4096.0,4.5,4.5,global,230.0,,Visible,350.0,1000.0,,M58x0.75,CoaXPress,,"mono8, mono10, mono12",CMOS,630,80,80,55
Allied Vision,EoSens9.5CCX12-FF,area,,LUX9506,Luxima,,30.55,"2""",9.5,4096.0,2304.0,6.5,6.5,global,503.0,,Visible,380.0,1000.0,,Flat Front,CoaXPress,,"bayer8, bayer10, bayer12",CMOS,630,80,80,49
Allied Vision,EoSens9.5CCX12-M58,area,,LUX9506,Luxima,,30.55,"2""",9.5,4096.0,2304.0,6.5,6.5,global,503.0,,Visible,380.0,1000.0,,M58x0.75,CoaXPress,,"bayer8, bayer10, bayer12",CMOS,630,80,80,57
Allied Vision,EoSens9.5MCX12-FF,area,,LUX9506,Luxima,,30.55,"2""",9.5,4096.0,2304.0,6.5,6.5,global,503.0,,Visible,380.0,1000.0,,Flat Front,CoaXPress,,"mono8, mono10, mono12",CMOS,630,80,80,49
Allied Vision,EoSens9.5MCX12-M58,area,,LUX9506,Luxima,,30.55,"2""",9.5,4096.0,2304.0,6.5,6.5,global,503.0,,Visible,380.0,1000.0,,M58x0.75,CoaXPress,,"mono8, mono10, mono12",CMOS,630,80,80,57
Allied Vision,Cube2CGE-CM4,area,,MV-13,Micron,,19.67,"1""",1.3,1280.0,1024.0,12.0,12.0,global,502.0,,Visible,400.0,1000.0,,C-mount,GigE,,bayer8,CMOS,1030,69,93,111
Allied Vision,Cube6MGE-CM8,area,,LUPA1300-2,onsemi,,22.95,"4/3""",1.3,1280.0,1024.0,14.0,14.0,global,506.0,,Visible,400.0,1000.0,,C-mount,GigE,,mono8,CMOS,910,69,93,91
Allied Vision,Cube6MGE-CM8HG,area,,LUPA1300-2,onsemi,,22.95,"4/3""",1.3,1280.0,1024.0,14.0,14.0,global,506.0,,Visible,400.0,1000.0,,C-mount,GigE,,mono8,CMOS,910,69,93,91
Allied Vision,Cube6MGE-FGM8,area,,LUPA1300-2,onsemi,,22.95,"4/3""",1.3,1280.0,1024.0,14.0,14.0,global,506.0,,Visible,400.0,1000.0,,FG-mount,GigE,,mono8,CMOS,960,69,93,119
Allied Vision,Cube6MGE-FGM8HG,area,,LUPA1300-2,onsemi,,22.95,"4/3""",1.3,1280.0,1024.0,14.0,14.0,global,506.0,,Visible,400.0,1000.0,,FG-mount,GigE,,mono8,CMOS,960,69,93,119
Allied Vision,mini1MGE-CM2,area,,LUPA1300-2,onsemi,,22.95,"4/3""",1.3,1280.0,1024.0,14.0,14.0,global,506.0,,Visible,400.0,1000.0,,C-mount,GigE,,mono8,CMOS,280,63,63,65
Allied Vision,mini1MGE-CM2HG,area,,LUPA1300-2,onsemi,,22.95,"4/3""",1.3,1280.0,1024.0,14.0,14.0,global,506.0,,Visible,400.0,1000.0,,C-mount,GigE,,mono8,CMOS,280,63,63,65
Allied Vision,mini1MGE-CM4,area,,LUPA1300-2,onsemi,,22.95,"4/3""",1.3,1280.0,1024.0,14.0,14.0,global,506.0,,Visible,400.0,1000.0,,C-mount,GigE,,mono8,CMOS,280,63,63,70
Allied Vision,mini1MGE-CM4HG,area,,LUPA1300-2,onsemi,,22.95,"4/3""",1.3,1280.0,1024.0,14.0,14.0,global,506.0,,Visible,400.0,1000.0,,C-mount,GigE,,mono8,CMOS,280,63,63,70
Allied Vision,mini1MGE-FGM2,area,,LUPA1300-2,onsemi,,22.95,"4/3""",1.3,1280.0,1024.0,14.0,14.0,global,506.0,,Visible,400.0,1000.0,,FG-mount,GigE,,mono8,CMOS,330,63,63,92
Allied Vision,mini1MGE-FGM2HG,area,,LUPA1300-2,onsemi,,22.95,"4/3""",1.3,1280.0,1024.0,14.0,14.0,global,506.0,,Visible,400.0,1000.0,,FG-mount,GigE,,mono8,CMOS,330,63,63,92
Allied Vision,mini1MGE-FGM4,area,,LUPA1300-2,onsemi,,22.95,"4/3""",1.3,1280.0,1024.0,14.0,14.0,global,506.0,,Visible,400.0,1000.0,,FG-mount,GigE,,mono8,CMOS,330,63,63,99
Allied Vision,mini1MGE-FGM4HG,area,,LUPA1300-2,onsemi,,22.95,"4/3""",1.3,1280.0,1024.0,14.0,14.0,global,506.0,,Visible,400.0,1000.0,,FG-mount,GigE,,mono8,CMOS,330,63,63,99
Allied Vision,mini2MGE-CM2,area,,LUPA3000,onsemi,,19.27,"1""",3.0,1696.0,1710.0,8.0,8.0,global,525.0,,Visible,400.0,1000.0,,C-mount,GigE,,mono8,CMOS,280,63,63,65
Allied Vision,mini2MGE-CM2HG,area,,LUPA3000,onsemi,,19.27,"1""",3.0,1696.0,1710.0,8.0,8.0,global,525.0,,Visible,400.0,1000.0,,C-mount,GigE,,mono8,CMOS,280,63,63,65
Allied Vision,mini2MGE-CM4,area,,LUPA3000,onsemi,,19.27,"1""",3.0,1696.0,1710.0,8.0,8.0,global,525.0,,Visible,400.0,1000.0,,C-mount,GigE,,mono8,CMOS,280,63,63,72
Allied Vision,mini2MGE-CM4HG,area,,LUPA3000,onsemi,,19.27,"1""",3.0,1696.0,1710.0,8.0,8.0,global,525.0,,Visible,400.0,1000.0,,C-mount,GigE,,mono8,CMOS,280,63,63,72
Allied Vision,mini2MGE-FGM2,area,,LUPA3000,onsemi,,19.27,"1""",3.0,1696.0,1710.0,8.0,8.0,global,525.0,,Visible,400.0,1000.0,,FG-mount,GigE,,mono8,CMOS,330,63,63,94
Allied Vision,mini2MGE-FGM2HG,area,,LUPA3000,onsemi,,19.27,"1""",3.0,1696.0,1710.0,8.0,8.0,global,525.0,,Visible,400.0,1000.0,,FG-mount,GigE,,mono8,CMOS,330,63,63,94
Allied Vision,mini2MGE-FGM4,area,,LUPA3000,onsemi,,19.27,"1""",3.0,1696.0,1710.0,8.0,8.0,global,525.0,,Visible,400.0,1000.0,,FG-mount,GigE,,mono8,CMOS,330,63,63,100
Allied Vision,mini2MGE-FGM4HG,area,,LUPA3000,onsemi,,19.27,"1""",3.0,1696.0,1710.0,8.0,8.0,global,525.0,,Visible,400.0,1000.0,,FG-mount,GigE,,mono8,CMOS,330,63,63,100
Allied Vision,QUAD1.1SCGE-CM16,area,,LUX13HS,Luxima,,21.16,"4/3""",1.1,1280.0,864.0,13.7,13.7,global,2500.0,,Visible,400.0,1000.0,,C-mount,GigE,,bayer8,CMOS,500,65,65,120
Allied Vision,QUAD1.1SCGE-CM8,area,,LUX13HS,Luxima,,21.16,"4/3""",1.1,1280.0,864.0,13.7,13.7,global,2500.0,,Visible,400.0,1000.0,,C-mount,GigE,,bayer8,CMOS,500,65,65,120
Allied Vision,QUAD1.1SCGE-FGM16,area,,LUX13HS,Luxima,,21.16,"4/3""",1.1,1280.0,864.0,13.7,13.7,global,2500.0,,Visible,400.0,1000.0,,FG-mount,GigE,,bayer8,CMOS,550,65,65,120
Allied Vision,QUAD1.1SCGE-FGM8,area,,LUX13HS,Luxima,,21.16,"4/3""",1.1,1280.0,864.0,13.7,13.7,global,2500.0,,Visible,400.0,1000.0,,FG-mount,GigE,,bayer8,CMOS,550,65,65,120
Allied Vision,QUAD1.1SMGE-CM16,area,,LUX13HS,Luxima,,21.16,"4/3""",1.1,1280.0,864.0,13.7,13.7,global,2500.0,,Visible,400.0,1000.0,,C-mount,GigE,,mono8,CMOS,500,65,65,120
Allied Vision,QUAD1.1SMGE-CM8,area,,LUX13HS,Luxima,,21.16,"4/3""",1.1,1280.0,864.0,13.7,13.7,global,2500.0,,Visible,400.0,1000.0,,C-mount,GigE,,mono8,CMOS,500,65,65,120
Allied Vision,QUAD1.1SMGE-FGM16,area,,LUX13HS,Luxima,,21.16,"4/3""",1.1,1280.0,864.0,13.7,13.7,global,2500.0,,Visible,400.0,1000.0,,FG-mount,GigE,,mono8,CMOS,550,65,65,120
Allied Vision,QUAD1.1SMGE-FGM8,area,,LUX13HS,Luxima,,21.16,"4/3""",1.1,1280.0,864.0,13.7,13.7,global,2500.0,,Visible,400.0,1000.0,,FG-mount,GigE,,mono8,CMOS,550,65,65,120
Allied Vision,SMR2.0SCXGE-CM32,area,,Lux19HS,Luxima,,22.03,"4/3""",2.0,1920.0,1080.0,10.0,10.0,global,2517.0,,Visible,400.0,1000.0,,C-mount,10GigE,,"bayer8, bayer10",CMOS,1190,95,95,98
Allied Vision,SMR2.0SCXGE-FGM32,area,,Lux19HS,Luxima,,22.03,"4/3""",2.0,1920.0,1080.0,10.0,10.0,global,2517.0,,Visible,400.0,1000.0,,FG-mount,10GigE,,"bayer8, bayer10",CMOS,1190,95,95,98
Allied Vision,SMR2.0SMXGE-CM32,area,,Lux19HS,Luxima,,22.03,"4/3""",2.0,1920.0,1080.0,10.0,10.0,global,2517.0,,Visible,400.0,1000.0,,C-mount,10GigE,,"mono8, mono10",CMOS,1190,95,95,98
Allied Vision,SMR2.0SMXGE-FGM32,area,,Lux19HS,Luxima,,22.03,"4/3""",2.0,1920.0,1080.0,10.0,10.0,global,2517.0,,Visible,400.0,1000.0,,FG-mount,10GigE,,"mono8, mono10",CMOS,1190,95,95,98
Allied Vision,Alecs G1-1242 NA8,area,,IMX545,Sony,,14.0,"1/1.1""",12.4,4128.0,3008.0,2.74,2.74,global,40.0,,Visible,300.0,1100.0,,"C-mount, CS-mount",GigE,,"Mono8, Mono10, Mono10p, Mono12, Mono12p, RAW8, RAW10, RAW12, GREY, Y10, Y12 | BayerRG8, BayerRG10, BayerRG10p, BayerRG12, BayerRG12p | RGB8 (default), BGR8, RGB888 (default), RGB3 | YCbCr411_8_CbYYCrYY, YCbCr422_8_CbYCrY, YCbCr8_CbYCr, YUV422 8-bit, UYVY",CMOS,810,72,112,102
Allied Vision,Alecs G1-1242 NX16,area,,IMX545,Sony,,14.0,"1/1.1""",12.4,4128.0,3008.0,2.74,2.74,global,40.0,,Visible,300.0,1100.0,,"C-mount, CS-mount",GigE,,"Mono8, Mono10, Mono10p, Mono12, Mono12p, RAW8, RAW10, RAW12, GREY, Y10, Y12 | BayerRG8, BayerRG10, BayerRG10p, BayerRG12, BayerRG12p | RGB8 (default), BGR8, RGB888 (default), RGB3 | YCbCr411_8_CbYYCrYY, YCbCr422_8_CbYCrY, YCbCr8_CbYCr, YUV422 8-bit, UYVY",CMOS,810,72,112,102
Allied Vision,Alecs G1-510 NA8,area,,IMX548,Sony,,9.0,"1/1.8""",5.1,2464.0,2064.0,2.74,2.74,global,81.0,,Visible,300.0,1100.0,,"C-mount, CS-mount, S-mount",GigE,,"Mono8, Mono10, Mono10p, Mono12, Mono12p, RAW8, RAW10, RAW12, GREY, Y10, Y12 | BayerRG8, BayerRG10, BayerRG10p, BayerRG12, BayerRG12p | RGB8 (default), BGR8, RGB888 (default), RGB3 | YCbCr411_8_CbYYCrYY, YCbCr422_8_CbYCrY, YCbCr8_CbYCr, YUV422 8-bit, UYVY",CMOS,810,72,112,102
Allied Vision,Alecs G1-510 NX16,area,,IMX548,Sony,,9.0,"1/1.8""",5.1,2464.0,2064.0,2.74,2.74,global,81.0,,Visible,300.0,1100.0,,"C-mount, CS-mount, S-mount",GigE,,"Mono8, Mono10, Mono10p, Mono12, Mono12p, RAW8, RAW10, RAW12, GREY, Y10, Y12 | BayerRG8, BayerRG10, BayerRG10p, BayerRG12, BayerRG12p | RGB8 (default), BGR8, RGB888 (default), RGB3 | YCbCr411_8_CbYYCrYY, YCbCr422_8_CbYCrY, YCbCr8_CbYCr, YUV422 8-bit, UYVY",CMOS,810,72,112,102
Allied Vision,Alvium 1500 C-050,area,,PYTHON 480,onsemi,,4.9,"1/3.6""",0.5,800.0,600.0,4.8,4.8,global,117.0,,Visible,300.0,1100.0,,"C-mount, CS-mount, S-mount",MIPI CSI-2,,"GREY, RAW10, RAW12, RAW8, Y10, Y12 | RGB3, RGB888 (default) | UYVY, YUV422 8-bit",,40,29,29,26
Allied Vision,Alvium 1500 C-120,area,,AR0135CS,onsemi,,6.09,"1/3""",1.2,1280.0,960.0,3.75,3.75,global,52.0,,Visible,300.0,1100.0,,"C-mount, CS-mount, S-mount",MIPI CSI-2,,"GREY, RAW10, RAW12, RAW8, Y10, Y12 | RGB3, RGB888 (default) | UYVY, YUV422 8-bit",,40,29,29,26
Allied Vision,Alvium 1500 C-210,area,,AR0521SR (HD mode),onsemi,,4.9,"1/3.6""",2.1,1928.0,1088.0,2.2,2.2,rolling,119.0,,Visible,300.0,1100.0,,"C-mount, CS-mount, S-mount",MIPI CSI-2,,"GREY, RAW10, RAW12, RAW8, Y10, Y12 | RGB3, RGB888 (default) | UYVY, YUV422 8-bit",,40,29,29,26
Allied Vision,Alvium 1500 C-500,area,,AR0521SR,onsemi,,7.13,"1/2.5""",5.0,2592.0,1944.0,2.2,2.2,rolling,68.0,,Visible,300.0,1100.0,,"C-mount, CS-mount, S-mount",MIPI CSI-2,,"GREY, RAW10, RAW12, RAW8, Y10, Y12 | RGB3, RGB888 (default) | UYVY, YUV422 8-bit",,40,29,29,26
Allied Vision,Alvium 1500 C-501 NIR,area,,AR0522,onsemi,,7.13,"1/2.5""",5.0,2592.0,1944.0,2.2,2.2,rolling,68.0,,"Visible, NIR",300.0,1100.0,,"C-mount, CS-mount, S-mount",MIPI CSI-2,,"GREY, RAW10, RAW12, RAW8, Y10, Y12 | RGB3, RGB888 (default) | UYVY, YUV422 8-bit",,40,29,29,26
Allied Vision,exo183CGETR,area,,IMX183,Sony,,15.86,"1""",20.2,5496.0,3672.0,2.4,2.4,rolling,6.0,,Visible,400.0,1000.0,,MFT,GigE,,"bayer8, bayer12packed",CMOS,320,58,58,45
Allied Vision,exo183MGETR,area,,IMX183,Sony,,15.86,"1""",20.2,5496.0,3672.0,2.4,2.4,rolling,6.0,,Visible,400.0,1000.0,,MFT,GigE,,"mono8, mono12packed",CMOS,320,58,58,45
Allied Vision,exo250ZGE,area,,IMX250 Polarizer,Sony,,11.01,"2/3""",5.0,2448.0,2048.0,3.45,3.45,global,24.5,,Visible,400.0,1000.0,,C-mount,GigE,,"mono8, mono12packed",CMOS,140,50,50,43
Allied Vision,exo250ZU3,area,,IMX250 Polarizer,Sony,,11.01,"2/3""",5.0,2448.0,2048.0,3.45,3.45,global,75.0,,Visible,400.0,1000.0,,C-mount,USB3,,"mono8, mono12packed",CMOS,138,50,50,43
Allied Vision,exo253ZGE,area,,IMX253 Polarizer,Sony,,17.52,"1.1""",12.3,4096.0,3000.0,3.45,3.45,global,10.0,,Visible,400.0,1000.0,,C-mount,GigE,,"mono8, mono12packed",CMOS,140,50,50,43
Allied Vision,exo253ZU3,area,,IMX253 Polarizer,Sony,,17.52,"1.1""",12.3,4096.0,3000.0,3.45,3.45,global,30.0,,Visible,400.0,1000.0,,C-mount,USB3,,"mono8, mono12packed",CMOS,138,50,50,43
Allied Vision,exo264ZGE,area,,IMX264 Polarizer,Sony,,11.01,"2/3""",5.0,2448.0,2048.0,3.45,3.45,global,24.5,,Visible,400.0,1000.0,,C-mount,GigE,,"mono8, mono12packed",CMOS,140,50,50,43
Allied Vision,exo264ZU3,area,,IMX264 Polarizer,Sony,,11.01,"2/3""",5.0,2448.0,2048.0,3.45,3.45,global,35.0,,Visible,400.0,1000.0,,C-mount,USB3,,"mono8, mono12packed",CMOS,138,50,50,43
Allied Vision,exo304CGETR,area,,IMX304,Sony,,17.52,"1.1""",12.3,4096.0,3000.0,3.45,3.45,global,10.0,,Visible,400.0,1000.0,,MFT,GigE,,"bayer8, bayer12packed",CMOS,320,58,58,45
Allied Vision,exo304MGETR,area,,IMX304,Sony,,17.52,"1.1""",12.3,4096.0,3000.0,3.45,3.45,global,10.0,,Visible,400.0,1000.0,,MFT,GigE,,"mono8, mono12packed",CMOS,320,58,58,45
Allied Vision,exo367CGETR,area,,IMX367,Sony,,21.58,,19.6,4416.0,4428.0,3.45,3.45,global,6.2,,Visible,400.0,1000.0,,MFT,GigE,,"bayer8, bayer12packed",CMOS,320,58,58,54
Allied Vision,exo367CU3TR,area,,IMX367,Sony,,21.58,,19.6,4416.0,4428.0,3.45,3.45,global,19.0,,Visible,400.0,1000.0,,MFT,USB3,,"bayer8, bayer12packed",CMOS,320,58,58,54
Allied Vision,exo367MGETR,area,,IMX367,Sony,,21.58,,19.6,4416.0,4428.0,3.45,3.45,global,6.2,,Visible,400.0,1000.0,,MFT,GigE,,"mono8, mono12packed",CMOS,320,58,58,54
Allied Vision,exo367MU3TR,area,,IMX367,Sony,,21.58,,19.6,4416.0,4428.0,3.45,3.45,global,19.0,,Visible,400.0,1000.0,,MFT,USB3,,"mono8, mono12packed",CMOS,320,58,58,54
Allied Vision,exo387CGETR,area,,IMX387,Sony,,21.61,,16.8,5456.0,3076.0,3.45,3.45,global,7.4,,Visible,400.0,1000.0,,MFT,GigE,,"bayer8, bayer12packed",CMOS,320,58,58,54
Allied Vision,exo387CU3TR,area,,IMX387,Sony,,21.61,,16.8,5456.0,3076.0,3.45,3.45,global,22.0,,Visible,400.0,1000.0,,MFT,USB3,,"bayer8, bayer12packed",CMOS,320,58,58,54
Allied Vision,exo387MGETR,area,,IMX387,Sony,,21.61,,16.8,5456.0,3076.0,3.45,3.45,global,7.4,,Visible,400.0,1000.0,,MFT,GigE,,"mono8, mono12packed",CMOS,320,58,58,54
Allied Vision,exo387MU3TR,area,,IMX387,Sony,,21.61,,16.8,5456.0,3076.0,3.45,3.45,global,22.0,,Visible,400.0,1000.0,,MFT,USB3,,"mono8, mono12packed",CMOS,320,58,58,54
Allied Vision,exo990MGE,area,,IMX990,Sony,InGaAs,8.2,"1/2""",1.3,1280.0,1024.0,5.0,5.0,global,94.4,,SWIR,400.0,1700.0,,C-mount,GigE,,"mono8, mono12",CMOS,138,50,50,43
Allied Vision,exo990MU3,area,,IMX990,Sony,InGaAs,8.2,"1/2""",1.3,1280.0,1024.0,5.0,5.0,global,125.4,,SWIR,400.0,1700.0,,C-mount,USB3,,"mono8, mono12packed",CMOS,138,50,50,43
Allied Vision,exo991MGE,area,,IMX991,Sony,InGaAs,4.1,"1/4""",0.3,640.0,512.0,5.0,5.0,global,260.0,,SWIR,400.0,1700.0,,C-mount,GigE,,"mono8, mono12",CMOS,138,50,50,43
Allied Vision,fxo487MCX,area,,IMX487,Sony,,10.99,"2/3""",8.0,2832.0,2840.0,2.74,2.74,global,87.0,,UV,200.0,400.0,,C-mount,CoaXPress,,"mono8, mono12",CMOS,240,50,50,70
Allied Vision,fxo487MCX12-2C,area,,IMX487,Sony,,11.04,"2/3""",8.1,2848.0,2848.0,2.74,2.74,global,195.0,,UV,200.0,400.0,,C-mount,CoaXPress,,"mono8, mono12",CMOS,240,50,50,73
Allied Vision,fxo487MXGE,area,,IMX487,Sony,,11.0,"2/3""",8.1,2840.0,2840.0,2.74,2.74,global,87.0,,UV,200.0,400.0,,C-mount,10GigE,,"mono8, mono12",CMOS,240,50,50,76
Allied Vision,fxo990MCX,area,,IMX990,Sony,InGaAs,8.2,"1/2""",1.3,1280.0,1024.0,5.0,5.0,global,134.0,,SWIR,400.0,1700.0,,C-mount,CoaXPress,,"mono8, mono12",CMOS,240,50,50,70
Allied Vision,fxo992MCX,area,,IMX992,Sony,InGaAs,11.31,"1/1.4""",5.2,2560.0,2048.0,3.45,3.45,global,132.6,,SWIR,400.0,1700.0,,C-mount,CoaXPress,,"mono8, mono10, mono12",CMOS,240,50,50,70
Allied Vision,fxo992MCX-T,area,,IMX992,Sony,InGaAs | TEC,11.31,"1/1.4""",5.2,2560.0,2048.0,3.45,3.45,global,132.6,,SWIR,400.0,1700.0,,C-mount,CoaXPress,,"mono8, mono10, mono12",CMOS,240,50,50,76
Allied Vision,fxo992MXGE,area,,IMX992,Sony,InGaAs,11.31,"1/1.4""",5.2,2560.0,2048.0,3.45,3.45,global,132.6,,SWIR,400.0,1700.0,,C-mount,10GigE,,"mono8, mono10, mono12",CMOS,240,50,50,76
Allied Vision,fxo992MXGE-T,area,,IMX992,Sony,InGaAs | TEC,11.31,"1/1.4""",5.2,2560.0,2048.0,3.45,3.45,global,132.6,,SWIR,400.0,1700.0,,C-mount,10GigE,,"mono8, mono10, mono12",CMOS,240,50,50,82
Allied Vision,fxo993MCX,area,,IMX993,Sony,InGaAs,8.83,"1/1.8""",3.1,2048.0,1536.0,3.45,3.45,global,173.4,,SWIR,400.0,1700.0,,C-mount,CoaXPress,,"mono8, mono12",CMOS,240,50,50,70
Allied Vision,fxo993MCX-T,area,,IMX993,Sony,InGaAs | TEC,8.83,"1/1.8""",3.1,2048.0,1536.0,3.45,3.45,global,173.4,,SWIR,400.0,1700.0,,C-mount,CoaXPress,,"mono8, mono12",CMOS,240,50,50,76
Allied Vision,fxo993MXGE,area,,IMX993,Sony,InGaAs,8.83,"1/1.8""",3.1,2048.0,1536.0,3.45,3.45,global,173.4,,SWIR,400.0,1700.0,,C-mount,10GigE,,"mono8, mono12",CMOS,240,50,50,76
Allied Vision,fxo993MXGE-T,area,,IMX993,Sony,InGaAs | TEC,8.83,"1/1.8""",3.1,2048.0,1536.0,3.45,3.45,global,173.4,,SWIR,400.0,1700.0,,C-mount,10GigE,,"mono8, mono12",CMOS,240,50,50,82
Allied Vision,Mako G-040,area,,IMX287,Sony,,6.3,"1/2.9""",0.4,728.0,544.0,6.9,6.9,global,286.0,,Visible,,,,,GigE,PoE,"Mono8, Mono12, Mono12Packed | BayerRG8, BayerRG12, BayerRG12Packed | RGB8Packed, BGR8Packed | YUV411Packed, YUV422Packed, YUV444Packed",CMOS,80,29,29,61
Allied Vision,Mako G-1242,area,,IMX545,Sony,,14.0,"1/1.1""",12.4,4128.0,3008.0,2.74,2.74,global,9.0,,Visible,,,,,GigE,PoE,"Mono8, Mono12, Mono12Packed | BayerRG8, BayerRG12, BayerRG12Packed | RGB8Packed, BGR8Packed | YUV411Packed, YUV422Packed, YUV444Packed",CMOS,80,29,29,61
Allied Vision,Mako G-131,area,,EV76C560,Teledyne e2v,,9.0,"1/1.8""",1.3,1280.0,1024.0,5.3,5.3,"global reset, rolling",62.0,,Visible,,,,,GigE,PoE,"Mono8, Mono10 | BayerBG8, BayerBG10 | RGB8Packed, BGR8Packed | YUV411Packed, YUV422Packed, YUV444Packed",CMOS,80,29,29,61
Allied Vision,Mako G-158,area,,IMX273,Sony,,6.3,"1/2.9""",1.6,1456.0,1088.0,3.45,3.45,global,75.0,,Visible,,,,,GigE,PoE,"Mono8, Mono12, Mono12Packed | BayerRG8, BayerRG12, BayerRG12Packed | RGB8Packed, BGR8Packed | YUV411Packed, YUV422Packed, YUV444Packed",CMOS,80,29,29,61
Allied Vision,Mako G-192,area,,EV76C570,Teledyne e2v,,9.0,"1/1.8""",1.9,1600.0,1200.0,4.5,4.5,"global reset, rolling",60.0,,Visible,,,,,GigE,PoE,"Mono8, Mono10 | BayerGB8, BayerGB10 | RGB8Packed, BGR8Packed | YUV411Packed, YUV422Packed, YUV444Packed",CMOS,80,29,29,61
Allied Vision,Mako G-223,area,,CMV2000,ams OSRAM,,12.75,"2/3""",2.2,2048.0,1088.0,5.5,5.5,global,49.0,,Visible,,,,,GigE,PoE,"Mono8, Mono12, Mono12Packed | BayerGB8, BayerGB12, BayerGB12Packed | RGB8Packed, BGR8Packed | YUV411Packed, YUV422Packed, YUV444Packed",CMOS,80,29,29,61
Allied Vision,Mako G-234,area,,IMX249,Sony,,13.4,"1/1.2""",2.4,1936.0,1216.0,5.86,5.86,global,41.0,,Visible,,,,,GigE,PoE,"Mono8, Mono12, Mono12Packed | BayerRG8, BayerRG12, BayerRG12Packed | RGB8Packed, BGR8Packed | YUV411Packed, YUV422Packed, YUV444Packed",CMOS,80,29,29,61
Allied Vision,Mako G-319,area,,IMX265,Sony,,9.0,"1/1.8""",3.2,2064.0,1544.0,3.45,3.45,global,37.0,,Visible,300.0,1100.0,,,GigE,PoE,"Mono8, Mono12, Mono12Packed | BayerRG8, BayerRG12, BayerRG12Packed | RGB8Packed, BGR8Packed | YUV411Packed, YUV422Packed, YUV444Packed",CMOS,80,29,29,61
Allied Vision,Mako G-419,area,,CMV4000,ams OSRAM,,16.3,"1""",4.2,2048.0,2048.0,5.5,5.5,global,26.0,,Visible,,,,,GigE,PoE,"Mono8, Mono12, Mono12Packed | BayerGB8, BayerGB12, BayerGB12Packed | RGB8Packed, BGR8Packed | YUV411Packed, YUV422Packed, YUV444Packed",CMOS,80,29,29,61
Allied Vision,Mako G-419 NIR,area,,CMV4000,ams OSRAM,NIR,16.3,"1""",4.2,2048.0,2048.0,5.5,5.5,global,26.0,,"Visible, NIR",,,,,GigE,PoE,"Mono8, Mono12, Mono12Packed",CMOS,80,29,29,61
Allied Vision,Mako G-419B NIR,area,,CMV4000,ams OSRAM,NIR,16.3,"1""",4.2,2048.0,2048.0,5.5,5.5,global,26.0,,"Visible, NIR",,,,,GigE,PoE,"Mono8, Mono12, Mono12Packed",CMOS,80,29,29,61
Allied Vision,Mako G-507,area,,IMX264,Sony,,12.75,"2/3""",5.1,2464.0,2056.0,3.45,3.45,global,23.0,,Visible,,,,,GigE,PoE,"Mono8, Mono12, Mono12Packed | BayerRG8, BayerRG12, BayerRG12Packed | RGB8Packed, BGR8Packed | YUV411Packed, YUV422Packed, YUV444Packed",CMOS,80,29,29,61
Allied Vision,Mako G-508B POL,area,,IMX250 Polarizer,Sony,,12.75,"2/3""",5.1,2464.0,2056.0,3.45,3.45,global,23.0,,Visible,,,,,GigE,PoE,"Mono8, Mono12, Mono12Packed",CMOS,80,29,29,61
Allied Vision,Mako G-511,area,,IMX547,Sony,,9.0,"1/1.8""",5.1,2472.0,2064.0,2.74,2.74,global,23.0,,Visible,,,,,GigE,PoE,"Mono8, Mono12, Mono12Packed | BayerRG8, BayerRG12, BayerRG12Packed | RGB8Packed, BGR8Packed | YUV411Packed, YUV422Packed, YUV444Packed",CMOS,80,29,29,61
Allied Vision,Mako G-811,area,,IMX546,Sony,,12.75,"2/3""",8.1,2856.0,2848.0,2.74,2.74,global,14.0,,Visible,,,,,GigE,PoE,"Mono8, Mono12, Mono12Packed | BayerRG8, BayerRG12, BayerRG12Packed | RGB8Packed, BGR8Packed | YUV411Packed, YUV422Packed, YUV444Packed",CMOS,80,29,29,61
Allied Vision,Manta G-040,area,,IMX287,Sony,,6.3,"1/2.9""",0.4,728.0,544.0,6.9,6.9,global,286.0,,Visible,,,,,GigE,PoE,"Mono8, Mono12Packed, Mono12 | BayerRG8, BayerRG12, BayerRG12Packed | RGB8Packed, BGR8Packed | YUV411Packed, YUV422Packed, YUV444Packed",CMOS,190,44,29,86
Allied Vision,Manta G-1236,area,,IMX304,Sony,,17.6,"1.1""",12.4,4112.0,3008.0,3.45,3.45,global,9.0,,Visible,,,,,GigE,PoE,"Mono8, Mono12Packed, Mono12 | BayerRG8, BayerRG12, BayerRG12Packed | RGB8Packed, BGR8Packed | YUV411Packed, YUV422Packed, YUV444Packed",CMOS,190,44,29,86
Allied Vision,Manta G-158,area,,IMX273,Sony,,6.3,"1/2.9""",1.6,1456.0,1088.0,3.45,3.45,global,75.0,,Visible,,,,,GigE,PoE,"Mono8, Mono12Packed, Mono12 | BayerRG8, BayerRG12, BayerRG12Packed | RGB8Packed, BGR8Packed | YUV411Packed, YUV422Packed, YUV444Packed",CMOS,190,44,29,86
Allied Vision,Manta G-1620,area,,IMX542,Sony,,17.6,"1.1""",16.2,5328.0,3040.0,2.74,2.74,global,7.0,,Visible,300.0,1100.0,,,GigE,PoE,"Mono8, Mono12Packed, Mono12 | BayerRG8, BayerRG12, BayerRG12Packed | RGB8Packed, BGR8Packed | YUV411Packed, YUV422Packed, YUV444Packed",CMOS,190,44,29,86
Allied Vision,Manta G-2040,area,,IMX541,Sony,,17.6,"1.1""",20.4,4512.0,4512.0,2.74,2.74,global,5.0,,Visible,300.0,1100.0,,,GigE,PoE,"Mono8, Mono12Packed, Mono12 | BayerRG8, BayerRG12, BayerRG12Packed | RGB8Packed, BGR8Packed | YUV411Packed, YUV422Packed, YUV444Packed",CMOS,190,44,29,86
Allied Vision,Manta G-223,area,,CMV2000,ams OSRAM,,12.75,"2/3""",2.2,2048.0,1088.0,5.5,5.5,global,53.0,,Visible,,,,,GigE,PoE,"Mono8, Mono12Packed, Mono12 | BayerGB8, BayerGB12, BayerGB12Packed | RGB8Packed, BGR8Packed, RGBA8Packed, BGRA8Packed | YUV411Packed, YUV422Packed, YUV444Packed",CMOS,190,44,29,86
Allied Vision,Manta G-235,area,,IMX174,Sony,,13.4,"1/1.2""",2.4,1936.0,1216.0,5.86,5.86,global,50.0,,Visible,,,,,GigE,PoE,"Mono8, Mono12Packed, Mono12 | BayerRG8, BayerRG12, BayerRG12Packed | RGB8Packed, BGR8Packed | YUV411Packed, YUV422Packed, YUV444Packed",CMOS,190,44,29,86
Allied Vision,Manta G-2460,area,,IMX540,Sony,,21.43,"1.2""",24.6,5328.0,4608.0,2.74,2.74,global,4.0,,Visible,300.0,1100.0,,,GigE,PoE,"Mono8, Mono12Packed, Mono12 | BayerRG8, BayerRG12, BayerRG12Packed | RGB8Packed, BGR8Packed | YUV411Packed, YUV422Packed, YUV444Packed",CMOS,190,44,29,86
Allied Vision,Manta G-319,area,,IMX265,Sony,,9.0,"1/1.8""",3.2,2064.0,1544.0,3.45,3.45,global,37.0,,Visible,,,,,GigE,PoE,"Mono8, Mono12Packed, Mono12 | BayerRG8, BayerRG12, BayerRG12Packed | RGB8Packed, BGR8Packed | YUV411Packed, YUV422Packed, YUV444Packed",CMOS,190,44,29,86
Allied Vision,Manta G-419,area,,CMV4000,ams OSRAM,,16.3,"1""",4.2,2048.0,2048.0,5.5,5.5,global,28.0,,Visible,,,,,GigE,PoE,"Mono8, Mono12, Mono12Packed | BayerGB8, BayerGB12, BayerGB12Packed | RGB8Packed, BGR8Packed, RGBA8Packed, BGRA8Packed | YUV411Packed, YUV422Packed, YUV444Packed",CMOS,190,44,29,86
Allied Vision,Manta G-419 NIR,area,,CMV4000,ams OSRAM,NIR,16.3,"1""",4.2,2048.0,2048.0,5.5,5.5,global,28.0,,"Visible, NIR",,,,,GigE,PoE,"Mono8, Mono12, Mono12Packed",CMOS,190,44,29,86
Allied Vision,Manta G-507,area,,IMX264,Sony,,12.75,"2/3""",5.1,2464.0,2056.0,3.45,3.45,global,23.0,,Visible,,,,,GigE,PoE,"Mono8, Mono12Packed, Mono12 | BayerRG8, BayerRG12, BayerRG12Packed | RGB8Packed, BGR8Packed | YUV411Packed, YUV422Packed, YUV444Packed",CMOS,190,44,29,86
Allied Vision,Manta G-895,area,,IMX267,Sony,,16.3,"1""",8.9,4112.0,2176.0,3.45,3.45,global,13.0,,Visible,,,,,GigE,PoE,"Mono8, Mono12Packed, Mono12 | BayerRG8, BayerRG12, BayerRG12Packed | RGB8Packed, BGR8Packed | YUV411Packed, YUV422Packed, YUV444Packed",CMOS,190,44,29,86
Allied Vision,Prosilica GT 1930,area,,IMX174,Sony,,13.4,"1/1.2""",2.4,1936.0,1216.0,5.86,5.86,global,50.0,,Visible,,,,,GigE,PoE,"Mono8, Mono12Packed, Mono12 | BayerRG8, BayerRG12, BayerRG12Packed | RGB8Packed, BGR8Packed | YUV411Packed, YUV422Packed, YUV444Packed",CMOS,211,53,33,86
Allied Vision,Prosilica GT 1930L,area,,IMX174,Sony,,13.4,"1/1.2""",2.4,1936.0,1216.0,5.86,5.86,global,50.0,,Visible,,,,,GigE,PoE,"Mono8, Mono12Packed, Mono12 | BayerRG8, BayerRG12, BayerRG12Packed | RGB8Packed, BGR8Packed | YUV411Packed, YUV422Packed, YUV444Packed",CMOS,372,66,53,96
Allied Vision,Prosilica GT 2000,area,,CMV2000,ams OSRAM,,12.75,"2/3""",2.2,2048.0,1088.0,5.5,5.5,global,53.0,,Visible,,,,,GigE,PoE,"BayerGB12, BayerGB12Packed, BayerGB8 | BGR8Packed, BGRA8Packed, RGB8Packed, RGBA8Packed | YUV411Packed, YUV422Packed, YUV444Packed",,210,53,33,86
Allied Vision,Prosilica GT 2000NIR,area,,CMV2000,ams OSRAM,NIR,12.75,"2/3""",2.2,2048.0,1088.0,5.5,5.5,global,53.0,,"Visible, NIR",,,,,GigE,PoE,"Mono8, Mono12, Mono12Packed",CMOS,210,53,33,86
Allied Vision,Prosilica GT 2050,area,,CMV4000,ams OSRAM,,16.3,"1""",4.2,2048.0,2048.0,5.5,5.5,global,28.0,,Visible,,,,,GigE,PoE,"Mono8, Mono12, Mono12Packed | BayerGB8, BayerGB12, BayerGB12Packed | RGB8Packed, BGR8Packed, RGBA8Packed, BGRA8Packed | YUV411Packed, YUV422Packed, YUV444Packed",CMOS,210,53,33,86
Allied Vision,Prosilica GT 2050NIR,area,,CMV4000,ams OSRAM,NIR,16.3,"1""",4.2,2048.0,2048.0,5.5,5.5,global,28.0,,"Visible, NIR",,,,,GigE,PoE,"Mono8, Mono12, Mono12Packed",CMOS,210,53,33,86
Allied Vision,Prosilica GT 2460,area,,IMX264,Sony,,12.75,"2/3""",5.1,2464.0,2056.0,3.45,3.45,global,23.0,,Visible,,,,,GigE,PoE,"Mono8, Mono12, Mono12Packed | BayerRG8, BayerRG12, BayerRG12Packed | RGB8Packed, BGR8Packed | YUV411Packed, YUV422Packed, YUV444Packed",CMOS,211,53,33,86
Allied Vision,Prosilica GT 4400,area,,IMX367,Sony,,22.66,,19.7,4432.0,4436.0,3.45,3.45,global,6.0,,Visible,,,,,GigE,PoE,"Mono8, Mono12Packed, Mono12 | BayerRG8, BayerRG12, BayerRG12Packed | RGB8Packed, BGR8Packed | YUV411Packed, YUV422Packed, YUV444Packed",CMOS,372,66,53,96
Allied Vision,Prosilica GT 5120,area,,PYTHON 25K,onsemi,,32.36,,26.2,5120.0,5120.0,4.5,4.5,global,4.0,,Visible,,,,,GigE,PoE,"Mono8, Mono10",CMOS,372,66,53,96
Allied Vision,Prosilica GT 5120NIR,area,,PYTHON 25K,onsemi,NIR,32.36,,26.2,5120.0,5120.0,4.5,4.5,global,4.0,,"Visible, NIR",,,,,GigE,PoE,"Mono8, Mono10",CMOS,372,66,53,96
Allied Vision,Prosilica GT 5400,area,,IMX387,Sony,,22.66,,16.9,5472.0,3084.0,3.45,3.45,global,7.0,,Visible,,,,,GigE,PoE,"Mono8, Mono12Packed, Mono12 | BayerRG8, BayerRG12, BayerRG12Packed | RGB8Packed, BGR8Packed | YUV411Packed, YUV422Packed, YUV444Packed",CMOS,372,66,53,96
Allied Vision,Prosilica GT 6400,area,,IMX342,Sony,,28.4,,31.4,6480.0,4852.0,3.45,3.45,global,3.0,,Visible,,,,,GigE,PoE,"Mono8, Mono12Packed, Mono12 | BayerRG8, BayerRG12, BayerRG12Packed | RGB8Packed, BGR8Packed | YUV411Packed, YUV422Packed, YUV444Packed",CMOS,372,66,53,96
Allied Vision,allPIXA evo 10k DXGE Color,line,2D,,,,,,,10240.0,3.0,,,,,,Visible,360.0,960.0,,"M72x0.75, F-mount",10GigE,,,CMOS,900,76,82,102
Allied Vision,allPIXA evo 10k DXGE Mono,line,2D,,,,,,,10240.0,3.0,5.6,5.6,,,68.0,Visible,360.0,960.0,,"M72x0.75, F-mount",10GigE,,,CMOS,900,76,82,102
Allied Vision,allPIXA evo 15k DXGE Color,line,2D,,,,,,,15360.0,3.0,5.6,5.6,,,,Visible,360.0,960.0,,M95x1,10GigE,,,CMOS,900,76,82,102
Allied Vision,allPIXA evo 15k DXGE Mono,line,2D,,,,,,,15360.0,3.0,5.6,5.6,,,68.0,Visible,360.0,960.0,,M95x1,10GigE,,,CMOS,900,76,82,102
Allied Vision,allPIXA evo 8k DXGE X,line,2D,,,,,,,8192.0,4.0,5.0,5.0,,,100.0,"Visible, NIR",360.0,960.0,,"M72x0.75, F-mount",10GigE,,,CMOS,900,76,82,102
Allied Vision,allPIXA evo 10k CXP Color,line,2D,,,,,,,10240.0,3.0,5.6,5.6,,,,Visible,360.0,960.0,,"M72x0.75, F-mount",CoaXPress,,,CMOS,900,76,82,102
Allied Vision,allPIXA evo 10k CXP Mono,line,2D,,,,,,,10240.0,3.0,5.6,5.6,,,68.0,Visible,360.0,960.0,,"M72x0.75, F-mount",CoaXPress,,,CMOS,900,76,82,102
Allied Vision,allPIXA evo 15k CXP Color,line,2D,,,,,,,15360.0,3.0,5.6,5.6,,,,Visible,360.0,960.0,,M95x1,CoaXPress,,,CMOS,900,101,82,102
Allied Vision,allPIXA evo 15k CXP Mono,line,2D,,,,,,,15360.0,3.0,5.6,5.6,,,68.0,Visible,360.0,960.0,,M95x1,CoaXPress,,,CMOS,900,101,82,102
Allied Vision,allPIXA evo 16k CXP Color Y,line,2D,,,,,,,16384.0,4.0,5.0,5.0,,,73.0,Visible,1000.0,1000.0,,M95x1,CoaXPress,,,CMOS,1100,113,102,102
Allied Vision,allPIXA evo 16k CXP Color Z,line,2D,,,,,,,16384.0,4.0,5.0,5.0,,,73.0,Visible,1000.0,1000.0,,M95x1,CoaXPress,,,CMOS,1100,113,102,102
Allied Vision,allPIXA evo 32K CXP Mono Y,line,2D,,,,,,,32768.0,1.0,5.0,5.0,,,73.0,"Visible, NIR",400.0,1000.0,,M95x1,CoaXPress,,,CMOS,1100,102,113,102
Allied Vision,allPIXA evo 32K CXP Mono Z,line,2D,,,,,,,32768.0,1.0,5.0,5.0,,,73.0,Visible,400.0,1000.0,,M95x1,CoaXPress,,,CMOS,1100,102,113,102
Allied Vision,allPIXA evo 8k CXP Y,line,2D,,,,,,,8192.0,4.0,5.0,5.0,,,100.0,"Visible, NIR",360.0,960.0,,"M72x0.75, F-mount",CoaXPress,,,CMOS,900,76,82,102
Allied Vision,allPIXA evo 8k CXP Z,line,2D,,,,,,,8192.0,4.0,5.0,5.0,,,100.0,"Visible, NIR",360.0,960.0,,"M72x0.75, F-mount",CoaXPress,,,CMOS,900,76,82,102
Allied Vision,allPIXA neo 4k 10GigE Color,line,2D,,,,,,,4096.0,4.0,7.0,7.0,,,,Visible,400.0,960.0,,"M42x1, F-mount, TFL-mount",10GigE,,,CMOS,350,62,62,62
Allied Vision,allPIXA neo 4k 10GigE Mono,line,2D,,,,,,,4096.0,1.0,7.0,7.0,,,250.0,Visible,400.0,960.0,,"M42x1, F-mount, TFL-mount",10GigE,,,CMOS,350,62,62,62
Allied Vision,allPIXA neo 6k 10GigE Color,line,2D,,,,,,,6144.0,4.0,5.0,5.0,,,,Visible,400.0,960.0,,"M42x1, F-mount, TFL-mount",10GigE,,,CMOS,350,62,62,62
Allied Vision,allPIXA neo 6k 10GigE Color-NIR,line,2D,,,,,,,6144.0,4.0,5.0,5.0,,,,"Visible, NIR",400.0,960.0,,"M42x1, F-mount, TFL-mount",10GigE,,,CMOS,350,62,62,62
Allied Vision,allPIXA neo 6k 10GigE Mono,line,2D,,,,,,,6144.0,1.0,5.0,5.0,,,180.0,Visible,400.0,960.0,,"M42x1, F-mount, TFL-mount",10GigE,,,CMOS,350,62,62,62
Allied Vision,allPIXA neo 4k CXP Color,line,2D,,,,,,,4096.0,4.0,7.0,7.0,,,,Visible,400.0,960.0,,"M42x1, F-mount, TFL-mount",CoaXPress,,,CMOS,35000,62,62,62
Allied Vision,allPIXA neo 4k CXP Mono,line,2D,,,,,,,4096.0,1.0,7.0,7.0,,,250.0,Visible,400.0,960.0,,"M42x1, F-mount, TFL-mount",CoaXPress,,,CMOS,350,62,62,62
Allied Vision,allPIXA neo 6k CXP Color,line,2D,,,,,,,6144.0,4.0,5.0,5.0,,,,Visible,400.0,960.0,,"M42x1, F-mount, TFL-mount",CoaXPress,,,CMOS,350,62,62,62
Allied Vision,allPIXA neo 6k CXP Color-NIR,line,2D,,,,,,,6144.0,4.0,5.0,5.0,,,,"Visible, NIR",400.0,960.0,,"M42x1, F-mount, TFL-mount",CoaXPress,,,CMOS,350,62,62,62
Allied Vision,allPIXA neo 6k CXP Mono,line,2D,,,,,,,6144.0,1.0,5.0,5.0,,,240.0,Visible,400.0,960.0,,"M42x1, F-mount, TFL-mount",CoaXPress,,,CMOS,350,62,62,62
Allied Vision,3DPIXA evo compact 10µm CXP,line,3D,,,,,,,,,,,,,,Visible,360.0,960.0,,,CoaXPress,,,CMOS,2500,,,
Allied Vision,3DPIXA evo compact 12µm CXP,line,3D,,,,,,,,,,,,,,Visible,360.0,960.0,,,CoaXPress,,,CMOS,2500,,,
Allied Vision,3DPIXA evo compact 8µm CXP,line,3D,,,,,,,,,,,,,,Visible,360.0,960.0,,,CoaXPress,,,CMOS,2500,,,
Allied Vision,3DPIXA pro dual 200µm,line,3D,,,,,,,,,,,,,,Visible,1000.0,1000.0,,,Camera Link,,,CCD,11000,,,
Allied Vision,3DPIXA pro dual 5µm HR,line,3D,,,,,,,,,,,,,,Visible,1000.0,1000.0,,,Camera Link,,,CCD,12000,,,
Allied Vision,3DPIXA pro dual 615µm,line,3D,,,,,,,,,,,,,,Visible,1000.0,1000.0,,,Camera Link,,,CCD,10000,,,
Allied Vision,3DPIXA wave dual,line,3D,,,,,,,,,,,,,,Visible,360.0,960.0,,,Camera Link,,,CMOS,11000,,,
Allied Vision,allPIXA pro 4k,line,2D,,,,,,,4096.0,3.0,10.0,10.0,,,,Visible,400.0,1000.0,,,Camera Link,,,CCD,1000,77,100,102
Allied Vision,allPIXA pro 5k,line,2D,,,,,,,5120.0,3.0,10.0,10.0,,,,Visible,400.0,1000.0,,,Camera Link,,,CCD,1000,77,100,102
Allied Vision,allPIXA pro 6000px,line,2D,,,,,,,6000.0,3.0,10.0,10.0,,,,Visible,400.0,1000.0,,,Camera Link,,,CCD,1000,77,100,102
Allied Vision,allPIXA pro 7.3k,line,2D,,,,,,,7300.0,3.0,10.0,10.0,,,,Visible,400.0,1000.0,,,Camera Link,,,CCD,1000,77,100,102
Allied Vision,allPIXA SWIR 1k GigE C-Mount,line,2D,,,,,,,1024.0,1.0,12.5,12.5,,,40.0,SWIR,950.0,1700.0,,C-mount,GigE,,,InGaAs,170,52,62,62
Allied Vision,allPIXA SWIR 512 GigE C-Mount,line,2D,,,,,,,512.0,1.0,25.0,25.0,,,40.0,SWIR,950.0,1700.0,,C-mount,GigE,,,InGaAs,170,52,62,62
Allied Vision,chromaPIXA 4k,line,2D,,,,,,,4096.0,3.0,,,,,,Visible,1000.0,1000.0,,,Camera Link,,,CCD,1000,77,100,102
Allied Vision,chromaPIXA 7.3k,line,2D,,,,,,,7300.0,3.0,,,,,,Visible,1000.0,1000.0,,,Camera Link,,,CCD,1000,77,100,102
Allied Vision,allPIXA wave 15k CameraLink,line,2D,,,,,,,15360.0,3.0,5.6,5.6,,,,Visible,360.0,960.0,,M95x1,Camera Link,,,CMOS,900,100,56,102
Allied Vision,allPIXA wave 15k CameraLink Mono,line,2D,,,,,,,15360.0,3.0,5.6,5.6,,,,Visible,360.0,960.0,,M95x1,Camera Link,,,CMOS,900,100,56,102
