brand,model_name,camera_type,sensor_name,sensor_brand,sensor_extra,sensor_size_mm,sensor_size_inch,resolution_mp,resolution_w,resolution_h,pixel_size_h,pixel_size_v,shutter,frame_rate,line_rate,spectrum,spectrum_min_nm,spectrum_max_nm,sensor_color,lens_mount,interface,interface_power,pixel_format,sensor_architecture,weight_g,dimension_w,dimension_h,dimension_l
Lucid Vision,PHX200S,area,IMX183,Sony,BSI Starvis,15.86,"1""",20.0,5472,3648,2.4,2.4,"rolling, global reset",5.6,,,,,,"C-mount, No Mount, No Mount with Flange, C-mount Extended Head",GigE,PoE,"Mono8/10/12/16, Bayer8/10/12/16, RGB8, BGR8, YCbCr8, YCbCr411, YUV422, YUV411, QOI_Mono8, QOI_BayerRG8, QOI_RGB8, QOI_BGR8, QOI_YCbCr8",BSI CMOS,39,28,28,28.4
Lucid Vision,PHX200S-CC,area,IMX183,Sony,BSI Starvis,15.86,"1""",20.0,5472,3648,2.4,2.4,"rolling, global reset",5.6,,,,,,C-mount,GigE,PoE,"Mono8/10/12/16, Bayer8/10/12/16, RGB8, BGR8, YCbCr8, YCbCr411, YUV422, YUV411, QOI_Mono8, QOI_BayerRG8, QOI_RGB8, QOI_BGR8, QOI_YCbCr8",BSI CMOS,39,28,28,28.4
Lucid Vision,PHX200S-MC,area,IMX183,Sony,BSI Starvis,15.86,"1""",20.0,5472,3648,2.4,2.4,"rolling, global reset",5.6,,,,,,C-mount,GigE,PoE,"Mono8/10/12/16, Bayer8/10/12/16, RGB8, BGR8, YCbCr8, YCbCr411, YUV422, YUV411, QOI_Mono8, QOI_BayerRG8, QOI_RGB8, QOI_BGR8, QOI_YCbCr8",BSI CMOS,39,28,28,28.4
Lucid Vision,PHX200S-CC-IX,area,IMX183,Sony,BSI Starvis,15.86,"1""",20.0,5472,3648,2.4,2.4,"rolling, global reset",5.6,,,,,,C-mount,GigE,PoE,"Mono8/10/12/16, Bayer8/10/12/16, RGB8, BGR8, YCbCr8, YCbCr411, YUV422, YUV411, QOI_Mono8, QOI_BayerRG8, QOI_RGB8, QOI_BGR8, QOI_YCbCr8",BSI CMOS,39,28,28,28.4
Lucid Vision,PHX200S-MC-IX,area,IMX183,Sony,BSI Starvis,15.86,"1""",20.0,5472,3648,2.4,2.4,"rolling, global reset",5.6,,,,,,C-mount,GigE,PoE,"Mono8/10/12/16, Bayer8/10/12/16, RGB8, BGR8, YCbCr8, YCbCr411, YUV422, YUV411, QOI_Mono8, QOI_BayerRG8, QOI_RGB8, QOI_BGR8, QOI_YCbCr8",BSI CMOS,39,28,28,28.4
Lucid Vision,PHX200S-CC-FFC,area,IMX183,Sony,BSI Starvis,15.86,"1""",20.0,5472,3648,2.4,2.4,"rolling, global reset",5.6,,,,,,C-mount,GigE,PoE,"Mono8/10/12/16, Bayer8/10/12/16, RGB8, BGR8, YCbCr8, YCbCr411, YUV422, YUV411, QOI_Mono8, QOI_BayerRG8, QOI_RGB8, QOI_BGR8, QOI_YCbCr8",BSI CMOS,39,28,28,28.4
Lucid Vision,PHX200S-MC-FFC,area,IMX183,Sony,BSI Starvis,15.86,"1""",20.0,5472,3648,2.4,2.4,"rolling, global reset",5.6,,,,,,C-mount,GigE,PoE,"Mono8/10/12/16, Bayer8/10/12/16, RGB8, BGR8, YCbCr8, YCbCr411, YUV422, YUV411, QOI_Mono8, QOI_BayerRG8, QOI_RGB8, QOI_BGR8, QOI_YCbCr8",BSI CMOS,39,28,28,28.4
Lucid Vision,PHX200S-CNL,area,IMX183,Sony,BSI Starvis,15.86,"1""",20.0,5472,3648,2.4,2.4,"rolling, global reset",5.6,,,,,,No Mount,GigE,PoE,"Mono8/10/12/16, Bayer8/10/12/16, RGB8, BGR8, YCbCr8, YCbCr411, YUV422, YUV411, QOI_Mono8, QOI_BayerRG8, QOI_RGB8, QOI_BGR8, QOI_YCbCr8",BSI CMOS,39,28,28,28.4
Lucid Vision,PHX200S-MNL,area,IMX183,Sony,BSI Starvis,15.86,"1""",20.0,5472,3648,2.4,2.4,"rolling, global reset",5.6,,,,,,No Mount,GigE,PoE,"Mono8/10/12/16, Bayer8/10/12/16, RGB8, BGR8, YCbCr8, YCbCr411, YUV422, YUV411, QOI_Mono8, QOI_BayerRG8, QOI_RGB8, QOI_BGR8, QOI_YCbCr8",BSI CMOS,39,28,28,28.4
Lucid Vision,PHX200S-CNL-IX,area,IMX183,Sony,BSI Starvis,15.86,"1""",20.0,5472,3648,2.4,2.4,"rolling, global reset",5.6,,,,,,No Mount,GigE,PoE,"Mono8/10/12/16, Bayer8/10/12/16, RGB8, BGR8, YCbCr8, YCbCr411, YUV422, YUV411, QOI_Mono8, QOI_BayerRG8, QOI_RGB8, QOI_BGR8, QOI_YCbCr8",BSI CMOS,39,28,28,28.4
Lucid Vision,PHX200S-MNL-IX,area,IMX183,Sony,BSI Starvis,15.86,"1""",20.0,5472,3648,2.4,2.4,"rolling, global reset",5.6,,,,,,No Mount,GigE,PoE,"Mono8/10/12/16, Bayer8/10/12/16, RGB8, BGR8, YCbCr8, YCbCr411, YUV422, YUV411, QOI_Mono8, QOI_BayerRG8, QOI_RGB8, QOI_BGR8, QOI_YCbCr8",BSI CMOS,39,28,28,28.4
Lucid Vision,PHX200S-CNL-FFC,area,IMX183,Sony,BSI Starvis,15.86,"1""",20.0,5472,3648,2.4,2.4,"rolling, global reset",5.6,,,,,,No Mount,GigE,PoE,"Mono8/10/12/16, Bayer8/10/12/16, RGB8, BGR8, YCbCr8, YCbCr411, YUV422, YUV411, QOI_Mono8, QOI_BayerRG8, QOI_RGB8, QOI_BGR8, QOI_YCbCr8",BSI CMOS,39,28,28,28.4
Lucid Vision,PHX200S-MNL-FFC,area,IMX183,Sony,BSI Starvis,15.86,"1""",20.0,5472,3648,2.4,2.4,"rolling, global reset",5.6,,,,,,No Mount,GigE,PoE,"Mono8/10/12/16, Bayer8/10/12/16, RGB8, BGR8, YCbCr8, YCbCr411, YUV422, YUV411, QOI_Mono8, QOI_BayerRG8, QOI_RGB8, QOI_BGR8, QOI_YCbCr8",BSI CMOS,39,28,28,28.4
Lucid Vision,PHX200S-CNLF,area,IMX183,Sony,BSI Starvis,15.86,"1""",20.0,5472,3648,2.4,2.4,"rolling, global reset",5.6,,,,,,No Mount with Flange,GigE,PoE,"Mono8/10/12/16, Bayer8/10/12/16, RGB8, BGR8, YCbCr8, YCbCr411, YUV422, YUV411, QOI_Mono8, QOI_BayerRG8, QOI_RGB8, QOI_BGR8, QOI_YCbCr8",BSI CMOS,39,28,28,28.4
Lucid Vision,PHX200S-MNLF,area,IMX183,Sony,BSI Starvis,15.86,"1""",20.0,5472,3648,2.4,2.4,"rolling, global reset",5.6,,,,,,No Mount with Flange,GigE,PoE,"Mono8/10/12/16, Bayer8/10/12/16, RGB8, BGR8, YCbCr8, YCbCr411, YUV422, YUV411, QOI_Mono8, QOI_BayerRG8, QOI_RGB8, QOI_BGR8, QOI_YCbCr8",BSI CMOS,39,28,28,28.4
Lucid Vision,PHXET200S-CC,area,IMX183,Sony,BSI Starvis,15.86,"1""",20.0,5472,3648,2.4,2.4,"rolling, global reset",5.6,,,,,,C-mount Extended Head,GigE,PoE,"Mono8/10/12/16, Bayer8/10/12/16, RGB8, BGR8, YCbCr8, YCbCr411, YUV422, YUV411, QOI_Mono8, QOI_BayerRG8, QOI_RGB8, QOI_BGR8, QOI_YCbCr8",BSI CMOS,39,28,28,28.4
Lucid Vision,PHXET200S-MC,area,IMX183,Sony,BSI Starvis,15.86,"1""",20.0,5472,3648,2.4,2.4,"rolling, global reset",5.6,,,,,,C-mount Extended Head,GigE,PoE,"Mono8/10/12/16, Bayer8/10/12/16, RGB8, BGR8, YCbCr8, YCbCr411, YUV422, YUV411, QOI_Mono8, QOI_BayerRG8, QOI_RGB8, QOI_BGR8, QOI_YCbCr8",BSI CMOS,39,28,28,28.4
Lucid Vision,PHX124S,area,IMX565,Sony,,14.0,"1/1.1""",12.3,4096,3000,2.74,2.74,global,9.0,,,,,,"C-mount, No Mount",GigE,PoE,"Mono8/10/12/16, Bayer8/10/12/16, RGB8, BGR8, YCbCr8, YCbCr411, YUV422, YUV411, QOI_Mono8, QOI_BayerRG8, QOI_RGB8, QOI_BGR8, QOI_YCbCr8",CMOS,39,28,28,28.4
Lucid Vision,PHX124S-CC,area,IMX565,Sony,,14.0,"1/1.1""",12.3,4096,3000,2.74,2.74,global,9.0,,,,,,C-mount,GigE,PoE,"Mono8/10/12/16, Bayer8/10/12/16, RGB8, BGR8, YCbCr8, YCbCr411, YUV422, YUV411, QOI_Mono8, QOI_BayerRG8, QOI_RGB8, QOI_BGR8, QOI_YCbCr8",CMOS,39,28,28,28.4
Lucid Vision,PHX124S-MC,area,IMX565,Sony,,14.0,"1/1.1""",12.3,4096,3000,2.74,2.74,global,9.0,,,,,,C-mount,GigE,PoE,"Mono8/10/12/16, Bayer8/10/12/16, RGB8, BGR8, YCbCr8, YCbCr411, YUV422, YUV411, QOI_Mono8, QOI_BayerRG8, QOI_RGB8, QOI_BGR8, QOI_YCbCr8",CMOS,39,28,28,28.4
Lucid Vision,PHX124S-CC-IX,area,IMX565,Sony,,14.0,"1/1.1""",12.3,4096,3000,2.74,2.74,global,9.0,,,,,,C-mount,GigE,PoE,"Mono8/10/12/16, Bayer8/10/12/16, RGB8, BGR8, YCbCr8, YCbCr411, YUV422, YUV411, QOI_Mono8, QOI_BayerRG8, QOI_RGB8, QOI_BGR8, QOI_YCbCr8",CMOS,39,28,28,28.4
Lucid Vision,PHX124S-MC-IX,area,IMX565,Sony,,14.0,"1/1.1""",12.3,4096,3000,2.74,2.74,global,9.0,,,,,,C-mount,GigE,PoE,"Mono8/10/12/16, Bayer8/10/12/16, RGB8, BGR8, YCbCr8, YCbCr411, YUV422, YUV411, QOI_Mono8, QOI_BayerRG8, QOI_RGB8, QOI_BGR8, QOI_YCbCr8",CMOS,39,28,28,28.4
Lucid Vision,PHX124S-CC-FFC,area,IMX565,Sony,,14.0,"1/1.1""",12.3,4096,3000,2.74,2.74,global,9.0,,,,,,C-mount,GigE,PoE,"Mono8/10/12/16, Bayer8/10/12/16, RGB8, BGR8, YCbCr8, YCbCr411, YUV422, YUV411, QOI_Mono8, QOI_BayerRG8, QOI_RGB8, QOI_BGR8, QOI_YCbCr8",CMOS,39,28,28,28.4
Lucid Vision,PHX124S-MC-FFC,area,IMX565,Sony,,14.0,"1/1.1""",12.3,4096,3000,2.74,2.74,global,9.0,,,,,,C-mount,GigE,PoE,"Mono8/10/12/16, Bayer8/10/12/16, RGB8, BGR8, YCbCr8, YCbCr411, YUV422, YUV411, QOI_Mono8, QOI_BayerRG8, QOI_RGB8, QOI_BGR8, QOI_YCbCr8",CMOS,39,28,28,28.4
Lucid Vision,PHX124S-CNL,area,IMX565,Sony,,14.0,"1/1.1""",12.3,4096,3000,2.74,2.74,global,9.0,,,,,,No Mount,GigE,PoE,"Mono8/10/12/16, Bayer8/10/12/16, RGB8, BGR8, YCbCr8, YCbCr411, YUV422, YUV411, QOI_Mono8, QOI_BayerRG8, QOI_RGB8, QOI_BGR8, QOI_YCbCr8",CMOS,39,28,28,28.4
Lucid Vision,PHX124S-MNL,area,IMX565,Sony,,14.0,"1/1.1""",12.3,4096,3000,2.74,2.74,global,9.0,,,,,,No Mount,GigE,PoE,"Mono8/10/12/16, Bayer8/10/12/16, RGB8, BGR8, YCbCr8, YCbCr411, YUV422, YUV411, QOI_Mono8, QOI_BayerRG8, QOI_RGB8, QOI_BGR8, QOI_YCbCr8",CMOS,39,28,28,28.4
Lucid Vision,PHX124S-CNL-IX,area,IMX565,Sony,,14.0,"1/1.1""",12.3,4096,3000,2.74,2.74,global,9.0,,,,,,No Mount,GigE,PoE,"Mono8/10/12/16, Bayer8/10/12/16, RGB8, BGR8, YCbCr8, YCbCr411, YUV422, YUV411, QOI_Mono8, QOI_BayerRG8, QOI_RGB8, QOI_BGR8, QOI_YCbCr8",CMOS,39,28,28,28.4
Lucid Vision,PHX124S-MNL-IX,area,IMX565,Sony,,14.0,"1/1.1""",12.3,4096,3000,2.74,2.74,global,9.0,,,,,,No Mount,GigE,PoE,"Mono8/10/12/16, Bayer8/10/12/16, RGB8, BGR8, YCbCr8, YCbCr411, YUV422, YUV411, QOI_Mono8, QOI_BayerRG8, QOI_RGB8, QOI_BGR8, QOI_YCbCr8",CMOS,39,28,28,28.4
Lucid Vision,PHX124S-CNL-FFC,area,IMX565,Sony,,14.0,"1/1.1""",12.3,4096,3000,2.74,2.74,global,9.0,,,,,,No Mount,GigE,PoE,"Mono8/10/12/16, Bayer8/10/12/16, RGB8, BGR8, YCbCr8, YCbCr411, YUV422, YUV411, QOI_Mono8, QOI_BayerRG8, QOI_RGB8, QOI_BGR8, QOI_YCbCr8",CMOS,39,28,28,28.4
Lucid Vision,PHX124S-MNL-FFC,area,IMX565,Sony,,14.0,"1/1.1""",12.3,4096,3000,2.74,2.74,global,9.0,,,,,,No Mount,GigE,PoE,"Mono8/10/12/16, Bayer8/10/12/16, RGB8, BGR8, YCbCr8, YCbCr411, YUV422, YUV411, QOI_Mono8, QOI_BayerRG8, QOI_RGB8, QOI_BGR8, QOI_YCbCr8",CMOS,39,28,28,28.4
Lucid Vision,PHX124S-CNLF,area,IMX565,Sony,,14.0,"1/1.1""",12.3,4096,3000,2.74,2.74,global,9.0,,,,,,No Mount with Flange,GigE,PoE,"Mono8/10/12/16, Bayer8/10/12/16, RGB8, BGR8, YCbCr8, YCbCr411, YUV422, YUV411, QOI_Mono8, QOI_BayerRG8, QOI_RGB8, QOI_BGR8, QOI_YCbCr8",CMOS,39,28,28,28.4
Lucid Vision,PHX124S-MNLF,area,IMX565,Sony,,14.0,"1/1.1""",12.3,4096,3000,2.74,2.74,global,9.0,,,,,,No Mount with Flange,GigE,PoE,"Mono8/10/12/16, Bayer8/10/12/16, RGB8, BGR8, YCbCr8, YCbCr411, YUV422, YUV411, QOI_Mono8, QOI_BayerRG8, QOI_RGB8, QOI_BGR8, QOI_YCbCr8",CMOS,39,28,28,28.4
Lucid Vision,PHXET124S-CC,area,IMX565,Sony,,14.0,"1/1.1""",12.3,4096,3000,2.74,2.74,global,9.0,,,,,,C-mount Extended Head,GigE,PoE,"Mono8/10/12/16, Bayer8/10/12/16, RGB8, BGR8, YCbCr8, YCbCr411, YUV422, YUV411, QOI_Mono8, QOI_BayerRG8, QOI_RGB8, QOI_BGR8, QOI_YCbCr8",CMOS,39,28,28,28.4
Lucid Vision,PHXET124S-MC,area,IMX565,Sony,,14.0,"1/1.1""",12.3,4096,3000,2.74,2.74,global,9.0,,,,,,C-mount Extended Head,GigE,PoE,"Mono8/10/12/16, Bayer8/10/12/16, RGB8, BGR8, YCbCr8, YCbCr411, YUV422, YUV411, QOI_Mono8, QOI_BayerRG8, QOI_RGB8, QOI_BGR8, QOI_YCbCr8",CMOS,39,28,28,28.4
Lucid Vision,PHX120S,area,IMX304,Sony,,17.6,"1.1""",12.3,4096,3000,3.45,3.45,global,9.0,,,,,,"C-mount, No Mount, No Mount with Flange, C-mount Extended Head",GigE,PoE,"Mono8/10/12/16, Bayer8/10/12/16, RGB8, BGR8, YCbCr8, YCbCr411, YUV422, YUV411, QOI_Mono8, QOI_BayerRG8, QOI_RGB8, QOI_BGR8, QOI_YCbCr8",CMOS,39,28,28,28.4
Lucid Vision,PHX120S-CC,area,IMX304,Sony,,17.6,"1.1""",12.3,4096,3000,3.45,3.45,global,9.0,,,,,,C-mount,GigE,PoE,"Mono8/10/12/16, Bayer8/10/12/16, RGB8, BGR8, YCbCr8, YCbCr411, YUV422, YUV411, QOI_Mono8, QOI_BayerRG8, QOI_RGB8, QOI_BGR8, QOI_YCbCr8",CMOS,39,28,28,28.4
Lucid Vision,PHX120S-MC,area,IMX304,Sony,,17.6,"1.1""",12.3,4096,3000,3.45,3.45,global,9.0,,,,,,C-mount,GigE,PoE,"Mono8/10/12/16, Bayer8/10/12/16, RGB8, BGR8, YCbCr8, YCbCr411, YUV422, YUV411, QOI_Mono8, QOI_BayerRG8, QOI_RGB8, QOI_BGR8, QOI_YCbCr8",CMOS,39,28,28,28.4
Lucid Vision,PHX120S-CC-IX,area,IMX304,Sony,,17.6,"1.1""",12.3,4096,3000,3.45,3.45,global,9.0,,,,,,C-mount,GigE,PoE,"Mono8/10/12/16, Bayer8/10/12/16, RGB8, BGR8, YCbCr8, YCbCr411, YUV422, YUV411, QOI_Mono8, QOI_BayerRG8, QOI_RGB8, QOI_BGR8, QOI_YCbCr8",CMOS,39,28,28,28.4
Lucid Vision,PHX120S-MC-IX,area,IMX304,Sony,,17.6,"1.1""",12.3,4096,3000,3.45,3.45,global,9.0,,,,,,C-mount,GigE,PoE,"Mono8/10/12/16, Bayer8/10/12/16, RGB8, BGR8, YCbCr8, YCbCr411, YUV422, YUV411, QOI_Mono8, QOI_BayerRG8, QOI_RGB8, QOI_BGR8, QOI_YCbCr8",CMOS,39,28,28,28.4
Lucid Vision,PHX120S-CC-FFC,area,IMX304,Sony,,17.6,"1.1""",12.3,4096,3000,3.45,3.45,global,9.0,,,,,,C-mount,GigE,PoE,"Mono8/10/12/16, Bayer8/10/12/16, RGB8, BGR8, YCbCr8, YCbCr411, YUV422, YUV411, QOI_Mono8, QOI_BayerRG8, QOI_RGB8, QOI_BGR8, QOI_YCbCr8",CMOS,39,28,28,28.4
Lucid Vision,PHX120S-MC-FFC,area,IMX304,Sony,,17.6,"1.1""",12.3,4096,3000,3.45,3.45,global,9.0,,,,,,C-mount,GigE,PoE,"Mono8/10/12/16, Bayer8/10/12/16, RGB8, BGR8, YCbCr8, YCbCr411, YUV422, YUV411, QOI_Mono8, QOI_BayerRG8, QOI_RGB8, QOI_BGR8, QOI_YCbCr8",CMOS,39,28,28,28.4
Lucid Vision,PHX120S-CNL,area,IMX304,Sony,,17.6,"1.1""",12.3,4096,3000,3.45,3.45,global,9.0,,,,,,No Mount,GigE,PoE,"Mono8/10/12/16, Bayer8/10/12/16, RGB8, BGR8, YCbCr8, YCbCr411, YUV422, YUV411, QOI_Mono8, QOI_BayerRG8, QOI_RGB8, QOI_BGR8, QOI_YCbCr8",CMOS,39,28,28,28.4
Lucid Vision,PHX120S-MNL,area,IMX304,Sony,,17.6,"1.1""",12.3,4096,3000,3.45,3.45,global,9.0,,,,,,No Mount,GigE,PoE,"Mono8/10/12/16, Bayer8/10/12/16, RGB8, BGR8, YCbCr8, YCbCr411, YUV422, YUV411, QOI_Mono8, QOI_BayerRG8, QOI_RGB8, QOI_BGR8, QOI_YCbCr8",CMOS,39,28,28,28.4
Lucid Vision,PHX120S-CNL-IX,area,IMX304,Sony,,17.6,"1.1""",12.3,4096,3000,3.45,3.45,global,9.0,,,,,,No Mount,GigE,PoE,"Mono8/10/12/16, Bayer8/10/12/16, RGB8, BGR8, YCbCr8, YCbCr411, YUV422, YUV411, QOI_Mono8, QOI_BayerRG8, QOI_RGB8, QOI_BGR8, QOI_YCbCr8",CMOS,39,28,28,28.4
Lucid Vision,PHX120S-MNL-IX,area,IMX304,Sony,,17.6,"1.1""",12.3,4096,3000,3.45,3.45,global,9.0,,,,,,No Mount,GigE,PoE,"Mono8/10/12/16, Bayer8/10/12/16, RGB8, BGR8, YCbCr8, YCbCr411, YUV422, YUV411, QOI_Mono8, QOI_BayerRG8, QOI_RGB8, QOI_BGR8, QOI_YCbCr8",CMOS,39,28,28,28.4
Lucid Vision,PHX120S-CNL-FFC,area,IMX304,Sony,,17.6,"1.1""",12.3,4096,3000,3.45,3.45,global,9.0,,,,,,No Mount,GigE,PoE,"Mono8/10/12/16, Bayer8/10/12/16, RGB8, BGR8, YCbCr8, YCbCr411, YUV422, YUV411, QOI_Mono8, QOI_BayerRG8, QOI_RGB8, QOI_BGR8, QOI_YCbCr8",CMOS,39,28,28,28.4
Lucid Vision,PHX120S-MNL-FFC,area,IMX304,Sony,,17.6,"1.1""",12.3,4096,3000,3.45,3.45,global,9.0,,,,,,No Mount,GigE,PoE,"Mono8/10/12/16, Bayer8/10/12/16, RGB8, BGR8, YCbCr8, YCbCr411, YUV422, YUV411, QOI_Mono8, QOI_BayerRG8, QOI_RGB8, QOI_BGR8, QOI_YCbCr8",CMOS,39,28,28,28.4
Lucid Vision,PHXET120S-CC,area,IMX304,Sony,,17.6,"1.1""",12.3,4096,3000,3.45,3.45,global,9.0,,,,,,C-mount Extended Head,GigE,PoE,"Mono8/10/12/16, Bayer8/10/12/16, RGB8, BGR8, YCbCr8, YCbCr411, YUV422, YUV411, QOI_Mono8, QOI_BayerRG8, QOI_RGB8, QOI_BGR8, QOI_YCbCr8",CMOS,39,28,28,28.4
Lucid Vision,PHXET120S-MC,area,IMX304,Sony,,17.6,"1.1""",12.3,4096,3000,3.45,3.45,global,9.0,,,,,,C-mount Extended Head,GigE,PoE,"Mono8/10/12/16, Bayer8/10/12/16, RGB8, BGR8, YCbCr8, YCbCr411, YUV422, YUV411, QOI_Mono8, QOI_BayerRG8, QOI_RGB8, QOI_BGR8, QOI_YCbCr8",CMOS,39,28,28,28.4
Lucid Vision,PHX089S,area,IMX267,Sony,,16.1,"1""",8.9,4096,2160,3.45,3.45,global,12.5,,,,,,"C-mount, No Mount, No Mount with Flange, C-mount Extended Head",GigE,PoE,"Mono8/10/12/16, Bayer8/10/12/16, RGB8, BGR8, YCbCr8, YCbCr411, YUV422, YUV411, QOI_Mono8, QOI_BayerRG8, QOI_RGB8, QOI_BGR8, QOI_YCbCr8",CMOS,39,28,28,28.4
Lucid Vision,PHX089S-CC,area,IMX267,Sony,,16.1,"1""",8.9,4096,2160,3.45,3.45,global,12.5,,,,,,C-mount,GigE,PoE,"Mono8/10/12/16, Bayer8/10/12/16, RGB8, BGR8, YCbCr8, YCbCr411, YUV422, YUV411, QOI_Mono8, QOI_BayerRG8, QOI_RGB8, QOI_BGR8, QOI_YCbCr8",CMOS,39,28,28,28.4
Lucid Vision,PHX089S-MC,area,IMX267,Sony,,16.1,"1""",8.9,4096,2160,3.45,3.45,global,12.5,,,,,,C-mount,GigE,PoE,"Mono8/10/12/16, Bayer8/10/12/16, RGB8, BGR8, YCbCr8, YCbCr411, YUV422, YUV411, QOI_Mono8, QOI_BayerRG8, QOI_RGB8, QOI_BGR8, QOI_YCbCr8",CMOS,39,28,28,28.4
Lucid Vision,PHX089S-CC-IX,area,IMX267,Sony,,16.1,"1""",8.9,4096,2160,3.45,3.45,global,12.5,,,,,,C-mount,GigE,PoE,"Mono8/10/12/16, Bayer8/10/12/16, RGB8, BGR8, YCbCr8, YCbCr411, YUV422, YUV411, QOI_Mono8, QOI_BayerRG8, QOI_RGB8, QOI_BGR8, QOI_YCbCr8",CMOS,39,28,28,28.4
Lucid Vision,PHX089S-MC-IX,area,IMX267,Sony,,16.1,"1""",8.9,4096,2160,3.45,3.45,global,12.5,,,,,,C-mount,GigE,PoE,"Mono8/10/12/16, Bayer8/10/12/16, RGB8, BGR8, YCbCr8, YCbCr411, YUV422, YUV411, QOI_Mono8, QOI_BayerRG8, QOI_RGB8, QOI_BGR8, QOI_YCbCr8",CMOS,39,28,28,28.4
Lucid Vision,PHX089S-CC-FFC,area,IMX267,Sony,,16.1,"1""",8.9,4096,2160,3.45,3.45,global,12.5,,,,,,C-mount,GigE,PoE,"Mono8/10/12/16, Bayer8/10/12/16, RGB8, BGR8, YCbCr8, YCbCr411, YUV422, YUV411, QOI_Mono8, QOI_BayerRG8, QOI_RGB8, QOI_BGR8, QOI_YCbCr8",CMOS,39,28,28,28.4
Lucid Vision,PHX089S-MC-FFC,area,IMX267,Sony,,16.1,"1""",8.9,4096,2160,3.45,3.45,global,12.5,,,,,,C-mount,GigE,PoE,"Mono8/10/12/16, Bayer8/10/12/16, RGB8, BGR8, YCbCr8, YCbCr411, YUV422, YUV411, QOI_Mono8, QOI_BayerRG8, QOI_RGB8, QOI_BGR8, QOI_YCbCr8",CMOS,39,28,28,28.4
Lucid Vision,PHX089S-CNL,area,IMX267,Sony,,16.1,"1""",8.9,4096,2160,3.45,3.45,global,12.5,,,,,,No Mount,GigE,PoE,"Mono8/10/12/16, Bayer8/10/12/16, RGB8, BGR8, YCbCr8, YCbCr411, YUV422, YUV411, QOI_Mono8, QOI_BayerRG8, QOI_RGB8, QOI_BGR8, QOI_YCbCr8",CMOS,39,28,28,28.4
Lucid Vision,PHX089S-MNL,area,IMX267,Sony,,16.1,"1""",8.9,4096,2160,3.45,3.45,global,12.5,,,,,,No Mount,GigE,PoE,"Mono8/10/12/16, Bayer8/10/12/16, RGB8, BGR8, YCbCr8, YCbCr411, YUV422, YUV411, QOI_Mono8, QOI_BayerRG8, QOI_RGB8, QOI_BGR8, QOI_YCbCr8",CMOS,39,28,28,28.4
Lucid Vision,PHX089S-CNL-IX,area,IMX267,Sony,,16.1,"1""",8.9,4096,2160,3.45,3.45,global,12.5,,,,,,No Mount,GigE,PoE,"Mono8/10/12/16, Bayer8/10/12/16, RGB8, BGR8, YCbCr8, YCbCr411, YUV422, YUV411, QOI_Mono8, QOI_BayerRG8, QOI_RGB8, QOI_BGR8, QOI_YCbCr8",CMOS,39,28,28,28.4
Lucid Vision,PHX089S-MNL-IX,area,IMX267,Sony,,16.1,"1""",8.9,4096,2160,3.45,3.45,global,12.5,,,,,,No Mount,GigE,PoE,"Mono8/10/12/16, Bayer8/10/12/16, RGB8, BGR8, YCbCr8, YCbCr411, YUV422, YUV411, QOI_Mono8, QOI_BayerRG8, QOI_RGB8, QOI_BGR8, QOI_YCbCr8",CMOS,39,28,28,28.4
Lucid Vision,PHX089S-CNL-FFC,area,IMX267,Sony,,16.1,"1""",8.9,4096,2160,3.45,3.45,global,12.5,,,,,,No Mount,GigE,PoE,"Mono8/10/12/16, Bayer8/10/12/16, RGB8, BGR8, YCbCr8, YCbCr411, YUV422, YUV411, QOI_Mono8, QOI_BayerRG8, QOI_RGB8, QOI_BGR8, QOI_YCbCr8",CMOS,39,28,28,28.4
Lucid Vision,PHX089S-MNL-FFC,area,IMX267,Sony,,16.1,"1""",8.9,4096,2160,3.45,3.45,global,12.5,,,,,,No Mount,GigE,PoE,"Mono8/10/12/16, Bayer8/10/12/16, RGB8, BGR8, YCbCr8, YCbCr411, YUV422, YUV411, QOI_Mono8, QOI_BayerRG8, QOI_RGB8, QOI_BGR8, QOI_YCbCr8",CMOS,39,28,28,28.4
Lucid Vision,PHX089S-CNLF,area,IMX267,Sony,,16.1,"1""",8.9,4096,2160,3.45,3.45,global,12.5,,,,,,No Mount with Flange,GigE,PoE,"Mono8/10/12/16, Bayer8/10/12/16, RGB8, BGR8, YCbCr8, YCbCr411, YUV422, YUV411, QOI_Mono8, QOI_BayerRG8, QOI_RGB8, QOI_BGR8, QOI_YCbCr8",CMOS,39,28,28,28.4
Lucid Vision,PHX089S-MNLF,area,IMX267,Sony,,16.1,"1""",8.9,4096,2160,3.45,3.45,global,12.5,,,,,,No Mount with Flange,GigE,PoE,"Mono8/10/12/16, Bayer8/10/12/16, RGB8, BGR8, YCbCr8, YCbCr411, YUV422, YUV411, QOI_Mono8, QOI_BayerRG8, QOI_RGB8, QOI_BGR8, QOI_YCbCr8",CMOS,39,28,28,28.4
Lucid Vision,PHXET089S-CC,area,IMX267,Sony,,16.1,"1""",8.9,4096,2160,3.45,3.45,global,12.5,,,,,,C-mount Extended Head,GigE,PoE,"Mono8/10/12/16, Bayer8/10/12/16, RGB8, BGR8, YCbCr8, YCbCr411, YUV422, YUV411, QOI_Mono8, QOI_BayerRG8, QOI_RGB8, QOI_BGR8, QOI_YCbCr8",CMOS,39,28,28,28.4
Lucid Vision,PHXET089S-MC,area,IMX267,Sony,,16.1,"1""",8.9,4096,2160,3.45,3.45,global,12.5,,,,,,C-mount Extended Head,GigE,PoE,"Mono8/10/12/16, Bayer8/10/12/16, RGB8, BGR8, YCbCr8, YCbCr411, YUV422, YUV411, QOI_Mono8, QOI_BayerRG8, QOI_RGB8, QOI_BGR8, QOI_YCbCr8",CMOS,39,28,28,28.4
Lucid Vision,PHX081S,area,IMX566,Sony,,11.1,"2/3""",8.1,2840,2840,2.74,2.74,global,13.8,,,,,,"C-mount, No Mount, No Mount with Flange, C-mount Extended Head",GigE,PoE,"Mono8/10/12/16, Bayer8/10/12/16, RGB8, BGR8, YCbCr8, YCbCr411, YUV422, YUV411, QOI_Mono8, QOI_BayerRG8, QOI_RGB8, QOI_BGR8, QOI_YCbCr8",CMOS,39,28,28,28.4
Lucid Vision,PHX081S-CC,area,IMX566,Sony,,11.1,"2/3""",8.1,2840,2840,2.74,2.74,global,13.8,,,,,,C-mount,GigE,PoE,"Mono8/10/12/16, Bayer8/10/12/16, RGB8, BGR8, YCbCr8, YCbCr411, YUV422, YUV411, QOI_Mono8, QOI_BayerRG8, QOI_RGB8, QOI_BGR8, QOI_YCbCr8",CMOS,39,28,28,28.4
Lucid Vision,PHX081S-MC,area,IMX566,Sony,,11.1,"2/3""",8.1,2840,2840,2.74,2.74,global,13.8,,,,,,C-mount,GigE,PoE,"Mono8/10/12/16, Bayer8/10/12/16, RGB8, BGR8, YCbCr8, YCbCr411, YUV422, YUV411, QOI_Mono8, QOI_BayerRG8, QOI_RGB8, QOI_BGR8, QOI_YCbCr8",CMOS,39,28,28,28.4
Lucid Vision,PHX081S-CC-IX,area,IMX566,Sony,,11.1,"2/3""",8.1,2840,2840,2.74,2.74,global,13.8,,,,,,C-mount,GigE,PoE,"Mono8/10/12/16, Bayer8/10/12/16, RGB8, BGR8, YCbCr8, YCbCr411, YUV422, YUV411, QOI_Mono8, QOI_BayerRG8, QOI_RGB8, QOI_BGR8, QOI_YCbCr8",CMOS,39,28,28,28.4
Lucid Vision,PHX081S-MC-IX,area,IMX566,Sony,,11.1,"2/3""",8.1,2840,2840,2.74,2.74,global,13.8,,,,,,C-mount,GigE,PoE,"Mono8/10/12/16, Bayer8/10/12/16, RGB8, BGR8, YCbCr8, YCbCr411, YUV422, YUV411, QOI_Mono8, QOI_BayerRG8, QOI_RGB8, QOI_BGR8, QOI_YCbCr8",CMOS,39,28,28,28.4
Lucid Vision,PHX081S-CC-FFC,area,IMX566,Sony,,11.1,"2/3""",8.1,2840,2840,2.74,2.74,global,13.8,,,,,,C-mount,GigE,PoE,"Mono8/10/12/16, Bayer8/10/12/16, RGB8, BGR8, YCbCr8, YCbCr411, YUV422, YUV411, QOI_Mono8, QOI_BayerRG8, QOI_RGB8, QOI_BGR8, QOI_YCbCr8",CMOS,39,28,28,28.4
Lucid Vision,PHX081S-MC-FFC,area,IMX566,Sony,,11.1,"2/3""",8.1,2840,2840,2.74,2.74,global,13.8,,,,,,C-mount,GigE,PoE,"Mono8/10/12/16, Bayer8/10/12/16, RGB8, BGR8, YCbCr8, YCbCr411, YUV422, YUV411, QOI_Mono8, QOI_BayerRG8, QOI_RGB8, QOI_BGR8, QOI_YCbCr8",CMOS,39,28,28,28.4
Lucid Vision,PHX081S-CNL,area,IMX566,Sony,,11.1,"2/3""",8.1,2840,2840,2.74,2.74,global,13.8,,,,,,No Mount,GigE,PoE,"Mono8/10/12/16, Bayer8/10/12/16, RGB8, BGR8, YCbCr8, YCbCr411, YUV422, YUV411, QOI_Mono8, QOI_BayerRG8, QOI_RGB8, QOI_BGR8, QOI_YCbCr8",CMOS,39,28,28,28.4
Lucid Vision,PHX081S-MNL,area,IMX566,Sony,,11.1,"2/3""",8.1,2840,2840,2.74,2.74,global,13.8,,,,,,No Mount,GigE,PoE,"Mono8/10/12/16, Bayer8/10/12/16, RGB8, BGR8, YCbCr8, YCbCr411, YUV422, YUV411, QOI_Mono8, QOI_BayerRG8, QOI_RGB8, QOI_BGR8, QOI_YCbCr8",CMOS,39,28,28,28.4
Lucid Vision,PHX081S-CNL-IX,area,IMX566,Sony,,11.1,"2/3""",8.1,2840,2840,2.74,2.74,global,13.8,,,,,,No Mount,GigE,PoE,"Mono8/10/12/16, Bayer8/10/12/16, RGB8, BGR8, YCbCr8, YCbCr411, YUV422, YUV411, QOI_Mono8, QOI_BayerRG8, QOI_RGB8, QOI_BGR8, QOI_YCbCr8",CMOS,39,28,28,28.4
Lucid Vision,PHX081S-MNL-IX,area,IMX566,Sony,,11.1,"2/3""",8.1,2840,2840,2.74,2.74,global,13.8,,,,,,No Mount,GigE,PoE,"Mono8/10/12/16, Bayer8/10/12/16, RGB8, BGR8, YCbCr8, YCbCr411, YUV422, YUV411, QOI_Mono8, QOI_BayerRG8, QOI_RGB8, QOI_BGR8, QOI_YCbCr8",CMOS,39,28,28,28.4
Lucid Vision,PHX081S-CNL-FFC,area,IMX566,Sony,,11.1,"2/3""",8.1,2840,2840,2.74,2.74,global,13.8,,,,,,No Mount,GigE,PoE,"Mono8/10/12/16, Bayer8/10/12/16, RGB8, BGR8, YCbCr8, YCbCr411, YUV422, YUV411, QOI_Mono8, QOI_BayerRG8, QOI_RGB8, QOI_BGR8, QOI_YCbCr8",CMOS,39,28,28,28.4
Lucid Vision,PHX081S-MNL-FFC,area,IMX566,Sony,,11.1,"2/3""",8.1,2840,2840,2.74,2.74,global,13.8,,,,,,No Mount,GigE,PoE,"Mono8/10/12/16, Bayer8/10/12/16, RGB8, BGR8, YCbCr8, YCbCr411, YUV422, YUV411, QOI_Mono8, QOI_BayerRG8, QOI_RGB8, QOI_BGR8, QOI_YCbCr8",CMOS,39,28,28,28.4
Lucid Vision,PHX081S-CNLF,area,IMX566,Sony,,11.1,"2/3""",8.1,2840,2840,2.74,2.74,global,13.8,,,,,,No Mount with Flange,GigE,PoE,"Mono8/10/12/16, Bayer8/10/12/16, RGB8, BGR8, YCbCr8, YCbCr411, YUV422, YUV411, QOI_Mono8, QOI_BayerRG8, QOI_RGB8, QOI_BGR8, QOI_YCbCr8",CMOS,39,28,28,28.4
Lucid Vision,PHX081S-MNLF,area,IMX566,Sony,,11.1,"2/3""",8.1,2840,2840,2.74,2.74,global,13.8,,,,,,No Mount with Flange,GigE,PoE,"Mono8/10/12/16, Bayer8/10/12/16, RGB8, BGR8, YCbCr8, YCbCr411, YUV422, YUV411, QOI_Mono8, QOI_BayerRG8, QOI_RGB8, QOI_BGR8, QOI_YCbCr8",CMOS,39,28,28,28.4
Lucid Vision,PHXET081S-CC,area,IMX566,Sony,,11.1,"2/3""",8.1,2840,2840,2.74,2.74,global,13.8,,,,,,C-mount Extended Head,GigE,PoE,"Mono8/10/12/16, Bayer8/10/12/16, RGB8, BGR8, YCbCr8, YCbCr411, YUV422, YUV411, QOI_Mono8, QOI_BayerRG8, QOI_RGB8, QOI_BGR8, QOI_YCbCr8",CMOS,39,28,28,28.4
Lucid Vision,PHXET081S-MC,area,IMX566,Sony,,11.1,"2/3""",8.1,2840,2840,2.74,2.74,global,13.8,,,,,,C-mount Extended Head,GigE,PoE,"Mono8/10/12/16, Bayer8/10/12/16, RGB8, BGR8, YCbCr8, YCbCr411, YUV422, YUV411, QOI_Mono8, QOI_BayerRG8, QOI_RGB8, QOI_BGR8, QOI_YCbCr8",CMOS,39,28,28,28.4
Lucid Vision,PHX024G,area,GMAX4002,Gpixel,,9.5,"1/1.7""",2.4,2048,1200,4.0,4.0,global,45.7,,,,,,"C-mount, No Mount, No Mount with Flange, C-mount Extended Head",GigE,PoE,"Mono8/10/12/16, Bayer8/10/12/16, RGB8, BGR8, YCbCr8, YCbCr411, YUV422, YUV411, QOI_Mono8, QOI_BayerRG8, QOI_RGB8, QOI_BGR8, QOI_YCbCr8",CMOS,39,28,28,28.4
Lucid Vision,PHX024G-CC,area,GMAX4002,Gpixel,,9.5,"1/1.7""",2.4,2048,1200,4.0,4.0,global,45.7,,,,,,C-mount,GigE,PoE,"Mono8/10/12/16, Bayer8/10/12/16, RGB8, BGR8, YCbCr8, YCbCr411, YUV422, YUV411, QOI_Mono8, QOI_BayerRG8, QOI_RGB8, QOI_BGR8, QOI_YCbCr8",CMOS,39,28,28,28.4
Lucid Vision,PHX024G-MC,area,GMAX4002,Gpixel,,9.5,"1/1.7""",2.4,2048,1200,4.0,4.0,global,45.7,,,,,,C-mount,GigE,PoE,"Mono8/10/12/16, Bayer8/10/12/16, RGB8, BGR8, YCbCr8, YCbCr411, YUV422, YUV411, QOI_Mono8, QOI_BayerRG8, QOI_RGB8, QOI_BGR8, QOI_YCbCr8",CMOS,39,28,28,28.4
Lucid Vision,PHX024G-CC-IX,area,GMAX4002,Gpixel,,9.5,"1/1.7""",2.4,2048,1200,4.0,4.0,global,45.7,,,,,,C-mount,GigE,PoE,"Mono8/10/12/16, Bayer8/10/12/16, RGB8, BGR8, YCbCr8, YCbCr411, YUV422, YUV411, QOI_Mono8, QOI_BayerRG8, QOI_RGB8, QOI_BGR8, QOI_YCbCr8",CMOS,39,28,28,28.4
Lucid Vision,PHX024G-MC-IX,area,GMAX4002,Gpixel,,9.5,"1/1.7""",2.4,2048,1200,4.0,4.0,global,45.7,,,,,,C-mount,GigE,PoE,"Mono8/10/12/16, Bayer8/10/12/16, RGB8, BGR8, YCbCr8, YCbCr411, YUV422, YUV411, QOI_Mono8, QOI_BayerRG8, QOI_RGB8, QOI_BGR8, QOI_YCbCr8",CMOS,39,28,28,28.4
Lucid Vision,PHX024G-CC-FFC,area,GMAX4002,Gpixel,,9.5,"1/1.7""",2.4,2048,1200,4.0,4.0,global,45.7,,,,,,C-mount,GigE,PoE,"Mono8/10/12/16, Bayer8/10/12/16, RGB8, BGR8, YCbCr8, YCbCr411, YUV422, YUV411, QOI_Mono8, QOI_BayerRG8, QOI_RGB8, QOI_BGR8, QOI_YCbCr8",CMOS,39,28,28,28.4
Lucid Vision,PHX024G-MC-FFC,area,GMAX4002,Gpixel,,9.5,"1/1.7""",2.4,2048,1200,4.0,4.0,global,45.7,,,,,,C-mount,GigE,PoE,"Mono8/10/12/16, Bayer8/10/12/16, RGB8, BGR8, YCbCr8, YCbCr411, YUV422, YUV411, QOI_Mono8, QOI_BayerRG8, QOI_RGB8, QOI_BGR8, QOI_YCbCr8",CMOS,39,28,28,28.4
Lucid Vision,PHX024G-CNL,area,GMAX4002,Gpixel,,9.5,"1/1.7""",2.4,2048,1200,4.0,4.0,global,45.7,,,,,,No Mount,GigE,PoE,"Mono8/10/12/16, Bayer8/10/12/16, RGB8, BGR8, YCbCr8, YCbCr411, YUV422, YUV411, QOI_Mono8, QOI_BayerRG8, QOI_RGB8, QOI_BGR8, QOI_YCbCr8",CMOS,39,28,28,28.4
Lucid Vision,PHX024G-MNL,area,GMAX4002,Gpixel,,9.5,"1/1.7""",2.4,2048,1200,4.0,4.0,global,45.7,,,,,,No Mount,GigE,PoE,"Mono8/10/12/16, Bayer8/10/12/16, RGB8, BGR8, YCbCr8, YCbCr411, YUV422, YUV411, QOI_Mono8, QOI_BayerRG8, QOI_RGB8, QOI_BGR8, QOI_YCbCr8",CMOS,39,28,28,28.4
Lucid Vision,PHX024G-CNL-IX,area,GMAX4002,Gpixel,,9.5,"1/1.7""",2.4,2048,1200,4.0,4.0,global,45.7,,,,,,No Mount,GigE,PoE,"Mono8/10/12/16, Bayer8/10/12/16, RGB8, BGR8, YCbCr8, YCbCr411, YUV422, YUV411, QOI_Mono8, QOI_BayerRG8, QOI_RGB8, QOI_BGR8, QOI_YCbCr8",CMOS,39,28,28,28.4
Lucid Vision,PHX024G-MNL-IX,area,GMAX4002,Gpixel,,9.5,"1/1.7""",2.4,2048,1200,4.0,4.0,global,45.7,,,,,,No Mount,GigE,PoE,"Mono8/10/12/16, Bayer8/10/12/16, RGB8, BGR8, YCbCr8, YCbCr411, YUV422, YUV411, QOI_Mono8, QOI_BayerRG8, QOI_RGB8, QOI_BGR8, QOI_YCbCr8",CMOS,39,28,28,28.4
Lucid Vision,PHX024G-CNL-FFC,area,GMAX4002,Gpixel,,9.5,"1/1.7""",2.4,2048,1200,4.0,4.0,global,45.7,,,,,,No Mount,GigE,PoE,"Mono8/10/12/16, Bayer8/10/12/16, RGB8, BGR8, YCbCr8, YCbCr411, YUV422, YUV411, QOI_Mono8, QOI_BayerRG8, QOI_RGB8, QOI_BGR8, QOI_YCbCr8",CMOS,39,28,28,28.4
Lucid Vision,PHX024G-MNL-FFC,area,GMAX4002,Gpixel,,9.5,"1/1.7""",2.4,2048,1200,4.0,4.0,global,45.7,,,,,,No Mount,GigE,PoE,"Mono8/10/12/16, Bayer8/10/12/16, RGB8, BGR8, YCbCr8, YCbCr411, YUV422, YUV411, QOI_Mono8, QOI_BayerRG8, QOI_RGB8, QOI_BGR8, QOI_YCbCr8",CMOS,39,28,28,28.4
Lucid Vision,PHX024G-CNLF,area,GMAX4002,Gpixel,,9.5,"1/1.7""",2.4,2048,1200,4.0,4.0,global,45.7,,,,,,No Mount with Flange,GigE,PoE,"Mono8/10/12/16, Bayer8/10/12/16, RGB8, BGR8, YCbCr8, YCbCr411, YUV422, YUV411, QOI_Mono8, QOI_BayerRG8, QOI_RGB8, QOI_BGR8, QOI_YCbCr8",CMOS,39,28,28,28.4
Lucid Vision,PHX024G-MNLF,area,GMAX4002,Gpixel,,9.5,"1/1.7""",2.4,2048,1200,4.0,4.0,global,45.7,,,,,,No Mount with Flange,GigE,PoE,"Mono8/10/12/16, Bayer8/10/12/16, RGB8, BGR8, YCbCr8, YCbCr411, YUV422, YUV411, QOI_Mono8, QOI_BayerRG8, QOI_RGB8, QOI_BGR8, QOI_YCbCr8",CMOS,39,28,28,28.4
Lucid Vision,PHXET024G-CC,area,GMAX4002,Gpixel,,9.5,"1/1.7""",2.4,2048,1200,4.0,4.0,global,45.7,,,,,,C-mount Extended Head,GigE,PoE,"Mono8/10/12/16, Bayer8/10/12/16, RGB8, BGR8, YCbCr8, YCbCr411, YUV422, YUV411, QOI_Mono8, QOI_BayerRG8, QOI_RGB8, QOI_BGR8, QOI_YCbCr8",CMOS,39,28,28,28.4
Lucid Vision,PHXET024G-MC,area,GMAX4002,Gpixel,,9.5,"1/1.7""",2.4,2048,1200,4.0,4.0,global,45.7,,,,,,C-mount Extended Head,GigE,PoE,"Mono8/10/12/16, Bayer8/10/12/16, RGB8, BGR8, YCbCr8, YCbCr411, YUV422, YUV411, QOI_Mono8, QOI_BayerRG8, QOI_RGB8, QOI_BGR8, QOI_YCbCr8",CMOS,39,28,28,28.4
Lucid Vision,PHX122S,area,IMX226,Sony,BSI Starvis,9.33,"1/1.7""",12.2,4024,3036,1.85,1.85,"rolling, global reset",9.1,,,,,,"C-mount, No Mount, No Mount with Flange, C-Mount Extended Head",GigE,PoE,"Mono8/10/12/16, Bayer8/10/12/16, RGB8, BGR8, YCbCr8, YCbCr411, YUV422, YUV411, QOI_Mono8, QOI_BayerRG8, QOI_RGB8, QOI_BGR8, QOI_YCbCr8",BSI CMOS,30,24,24,27.35
Lucid Vision,PHX122S-CC,area,IMX226,Sony,BSI Starvis,9.33,"1/1.7""",12.2,4024,3036,1.85,1.85,"rolling, global reset",9.1,,,,,,C-mount,GigE,PoE,"Mono8/10/12/16, Bayer8/10/12/16, RGB8, BGR8, YCbCr8, YCbCr411, YUV422, YUV411, QOI_Mono8, QOI_BayerRG8, QOI_RGB8, QOI_BGR8, QOI_YCbCr8",BSI CMOS,30,24,24,27.35
Lucid Vision,PHX122S-MC,area,IMX226,Sony,BSI Starvis,9.33,"1/1.7""",12.2,4024,3036,1.85,1.85,"rolling, global reset",9.1,,,,,,C-mount,GigE,PoE,"Mono8/10/12/16, Bayer8/10/12/16, RGB8, BGR8, YCbCr8, YCbCr411, YUV422, YUV411, QOI_Mono8, QOI_BayerRG8, QOI_RGB8, QOI_BGR8, QOI_YCbCr8",BSI CMOS,30,24,24,27.35
Lucid Vision,PHX122S-CNL,area,IMX226,Sony,BSI Starvis,9.33,"1/1.7""",12.2,4024,3036,1.85,1.85,"rolling, global reset",9.1,,,,,,No Mount,GigE,PoE,"Mono8/10/12/16, Bayer8/10/12/16, RGB8, BGR8, YCbCr8, YCbCr411, YUV422, YUV411, QOI_Mono8, QOI_BayerRG8, QOI_RGB8, QOI_BGR8, QOI_YCbCr8",BSI CMOS,30,24,24,27.35
Lucid Vision,PHX122S-MNL,area,IMX226,Sony,BSI Starvis,9.33,"1/1.7""",12.2,4024,3036,1.85,1.85,"rolling, global reset",9.1,,,,,,No Mount,GigE,PoE,"Mono8/10/12/16, Bayer8/10/12/16, RGB8, BGR8, YCbCr8, YCbCr411, YUV422, YUV411, QOI_Mono8, QOI_BayerRG8, QOI_RGB8, QOI_BGR8, QOI_YCbCr8",BSI CMOS,30,24,24,27.35
Lucid Vision,PHX122S-CNLF,area,IMX226,Sony,BSI Starvis,9.33,"1/1.7""",12.2,4024,3036,1.85,1.85,"rolling, global reset",9.1,,,,,,No Mount with Flange,GigE,PoE,"Mono8/10/12/16, Bayer8/10/12/16, RGB8, BGR8, YCbCr8, YCbCr411, YUV422, YUV411, QOI_Mono8, QOI_BayerRG8, QOI_RGB8, QOI_BGR8, QOI_YCbCr8",BSI CMOS,30,24,24,27.35
Lucid Vision,PHX122S-MNLF,area,IMX226,Sony,BSI Starvis,9.33,"1/1.7""",12.2,4024,3036,1.85,1.85,"rolling, global reset",9.1,,,,,,No Mount with Flange,GigE,PoE,"Mono8/10/12/16, Bayer8/10/12/16, RGB8, BGR8, YCbCr8, YCbCr411, YUV422, YUV411, QOI_Mono8, QOI_BayerRG8, QOI_RGB8, QOI_BGR8, QOI_YCbCr8",BSI CMOS,30,24,24,27.35
Lucid Vision,PHX122S-CC-IX,area,IMX226,Sony,BSI Starvis,9.33,"1/1.7""",12.2,4024,3036,1.85,1.85,"rolling, global reset",9.1,,,,,,C-mount,GigE,PoE,"Mono8/10/12/16, Bayer8/10/12/16, RGB8, BGR8, YCbCr8, YCbCr411, YUV422, YUV411, QOI_Mono8, QOI_BayerRG8, QOI_RGB8, QOI_BGR8, QOI_YCbCr8",BSI CMOS,30,24,24,27.35
Lucid Vision,PHX122S-MC-IX,area,IMX226,Sony,BSI Starvis,9.33,"1/1.7""",12.2,4024,3036,1.85,1.85,"rolling, global reset",9.1,,,,,,C-mount,GigE,PoE,"Mono8/10/12/16, Bayer8/10/12/16, RGB8, BGR8, YCbCr8, YCbCr411, YUV422, YUV411, QOI_Mono8, QOI_BayerRG8, QOI_RGB8, QOI_BGR8, QOI_YCbCr8",BSI CMOS,30,24,24,27.35
Lucid Vision,PHX122S-CNL-IX,area,IMX226,Sony,BSI Starvis,9.33,"1/1.7""",12.2,4024,3036,1.85,1.85,"rolling, global reset",9.1,,,,,,No Mount,GigE,PoE,"Mono8/10/12/16, Bayer8/10/12/16, RGB8, BGR8, YCbCr8, YCbCr411, YUV422, YUV411, QOI_Mono8, QOI_BayerRG8, QOI_RGB8, QOI_BGR8, QOI_YCbCr8",BSI CMOS,30,24,24,27.35
Lucid Vision,PHX122S-MNL-IX,area,IMX226,Sony,BSI Starvis,9.33,"1/1.7""",12.2,4024,3036,1.85,1.85,"rolling, global reset",9.1,,,,,,No Mount,GigE,PoE,"Mono8/10/12/16, Bayer8/10/12/16, RGB8, BGR8, YCbCr8, YCbCr411, YUV422, YUV411, QOI_Mono8, QOI_BayerRG8, QOI_RGB8, QOI_BGR8, QOI_YCbCr8",BSI CMOS,30,24,24,27.35
Lucid Vision,PHX122S-CNLF-IX,area,IMX226,Sony,BSI Starvis,9.33,"1/1.7""",12.2,4024,3036,1.85,1.85,"rolling, global reset",9.1,,,,,,No Mount with Flange,GigE,PoE,"Mono8/10/12/16, Bayer8/10/12/16, RGB8, BGR8, YCbCr8, YCbCr411, YUV422, YUV411, QOI_Mono8, QOI_BayerRG8, QOI_RGB8, QOI_BGR8, QOI_YCbCr8",BSI CMOS,30,24,24,27.35
Lucid Vision,PHX122S-MNLF-IX,area,IMX226,Sony,BSI Starvis,9.33,"1/1.7""",12.2,4024,3036,1.85,1.85,"rolling, global reset",9.1,,,,,,No Mount with Flange,GigE,PoE,"Mono8/10/12/16, Bayer8/10/12/16, RGB8, BGR8, YCbCr8, YCbCr411, YUV422, YUV411, QOI_Mono8, QOI_BayerRG8, QOI_RGB8, QOI_BGR8, QOI_YCbCr8",BSI CMOS,30,24,24,27.35
Lucid Vision,PHX064S,area,IMX178,Sony,BSI Starvis,8.92,"1/1.8""",6.3,3072,2048,2.4,2.4,"rolling, global reset",17.7,,,,,,"C-mount, C-Mount Extended Head, NF-mount, No Mount, No Mount with Flange",GigE,PoE,"Mono8/10/12/16, Bayer8/10/12/16, RGB8, BGR8, YCbCr8, YCbCr411, YUV422, YUV411, QOI_Mono8, QOI_BayerRG8, QOI_RGB8, QOI_BGR8, QOI_YCbCr8",BSI CMOS,30,24,24,27.35
Lucid Vision,PHX064S-CC,area,IMX178,Sony,BSI Starvis,8.92,"1/1.8""",6.3,3072,2048,2.4,2.4,"rolling, global reset",17.7,,,,,,C-mount,GigE,PoE,"Mono8/10/12/16, Bayer8/10/12/16, RGB8, BGR8, YCbCr8, YCbCr411, YUV422, YUV411, QOI_Mono8, QOI_BayerRG8, QOI_RGB8, QOI_BGR8, QOI_YCbCr8",BSI CMOS,30,24,24,27.35
Lucid Vision,PHX064S-MC,area,IMX178,Sony,BSI Starvis,8.92,"1/1.8""",6.3,3072,2048,2.4,2.4,"rolling, global reset",17.7,,,,,,C-mount,GigE,PoE,"Mono8/10/12/16, Bayer8/10/12/16, RGB8, BGR8, YCbCr8, YCbCr411, YUV422, YUV411, QOI_Mono8, QOI_BayerRG8, QOI_RGB8, QOI_BGR8, QOI_YCbCr8",BSI CMOS,30,24,24,27.35
Lucid Vision,PHXET064S-CC,area,IMX178,Sony,BSI Starvis,8.92,"1/1.8""",6.3,3072,2048,2.4,2.4,"rolling, global reset",17.7,,,,,,C-mount Extended Head,GigE,PoE,"Mono8/10/12/16, Bayer8/10/12/16, RGB8, BGR8, YCbCr8, YCbCr411, YUV422, YUV411, QOI_Mono8, QOI_BayerRG8, QOI_RGB8, QOI_BGR8, QOI_YCbCr8",BSI CMOS,30,24,24,27.35
Lucid Vision,PHXET064S-MC,area,IMX178,Sony,BSI Starvis,8.92,"1/1.8""",6.3,3072,2048,2.4,2.4,"rolling, global reset",17.7,,,,,,C-mount Extended Head,GigE,PoE,"Mono8/10/12/16, Bayer8/10/12/16, RGB8, BGR8, YCbCr8, YCbCr411, YUV422, YUV411, QOI_Mono8, QOI_BayerRG8, QOI_RGB8, QOI_BGR8, QOI_YCbCr8",BSI CMOS,30,24,24,27.35
Lucid Vision,PHX064S-CNF,area,IMX178,Sony,BSI Starvis,8.92,"1/1.8""",6.3,3072,2048,2.4,2.4,"rolling, global reset",17.7,,,,,,NF-mount,GigE,PoE,"Mono8/10/12/16, Bayer8/10/12/16, RGB8, BGR8, YCbCr8, YCbCr411, YUV422, YUV411, QOI_Mono8, QOI_BayerRG8, QOI_RGB8, QOI_BGR8, QOI_YCbCr8",BSI CMOS,30,24,24,27.35
Lucid Vision,PHX064S-MNF,area,IMX178,Sony,BSI Starvis,8.92,"1/1.8""",6.3,3072,2048,2.4,2.4,"rolling, global reset",17.7,,,,,,NF-mount,GigE,PoE,"Mono8/10/12/16, Bayer8/10/12/16, RGB8, BGR8, YCbCr8, YCbCr411, YUV422, YUV411, QOI_Mono8, QOI_BayerRG8, QOI_RGB8, QOI_BGR8, QOI_YCbCr8",BSI CMOS,30,24,24,27.35
Lucid Vision,PHX064S-CS,area,IMX178,Sony,BSI Starvis,8.92,"1/1.8""",6.3,3072,2048,2.4,2.4,"rolling, global reset",17.7,,,,,,S-mount,GigE,PoE,"Mono8/10/12/16, Bayer8/10/12/16, RGB8, BGR8, YCbCr8, YCbCr411, YUV422, YUV411, QOI_Mono8, QOI_BayerRG8, QOI_RGB8, QOI_BGR8, QOI_YCbCr8",BSI CMOS,30,24,24,27.35
Lucid Vision,PHX064S-MS,area,IMX178,Sony,BSI Starvis,8.92,"1/1.8""",6.3,3072,2048,2.4,2.4,"rolling, global reset",17.7,,,,,,S-mount,GigE,PoE,"Mono8/10/12/16, Bayer8/10/12/16, RGB8, BGR8, YCbCr8, YCbCr411, YUV422, YUV411, QOI_Mono8, QOI_BayerRG8, QOI_RGB8, QOI_BGR8, QOI_YCbCr8",BSI CMOS,30,24,24,27.35
Lucid Vision,PHX064S-CNL,area,IMX178,Sony,BSI Starvis,8.92,"1/1.8""",6.3,3072,2048,2.4,2.4,"rolling, global reset",17.7,,,,,,No Mount,GigE,PoE,"Mono8/10/12/16, Bayer8/10/12/16, RGB8, BGR8, YCbCr8, YCbCr411, YUV422, YUV411, QOI_Mono8, QOI_BayerRG8, QOI_RGB8, QOI_BGR8, QOI_YCbCr8",BSI CMOS,30,24,24,27.35
Lucid Vision,PHX064S-MNL,area,IMX178,Sony,BSI Starvis,8.92,"1/1.8""",6.3,3072,2048,2.4,2.4,"rolling, global reset",17.7,,,,,,No Mount,GigE,PoE,"Mono8/10/12/16, Bayer8/10/12/16, RGB8, BGR8, YCbCr8, YCbCr411, YUV422, YUV411, QOI_Mono8, QOI_BayerRG8, QOI_RGB8, QOI_BGR8, QOI_YCbCr8",BSI CMOS,30,24,24,27.35
Lucid Vision,PHX064S-CNLF,area,IMX178,Sony,BSI Starvis,8.92,"1/1.8""",6.3,3072,2048,2.4,2.4,"rolling, global reset",17.7,,,,,,No Mount with Flange,GigE,PoE,"Mono8/10/12/16, Bayer8/10/12/16, RGB8, BGR8, YCbCr8, YCbCr411, YUV422, YUV411, QOI_Mono8, QOI_BayerRG8, QOI_RGB8, QOI_BGR8, QOI_YCbCr8",BSI CMOS,30,24,24,27.35
Lucid Vision,PHX064S-MNLF,area,IMX178,Sony,BSI Starvis,8.92,"1/1.8""",6.3,3072,2048,2.4,2.4,"rolling, global reset",17.7,,,,,,No Mount with Flange,GigE,PoE,"Mono8/10/12/16, Bayer8/10/12/16, RGB8, BGR8, YCbCr8, YCbCr411, YUV422, YUV411, QOI_Mono8, QOI_BayerRG8, QOI_RGB8, QOI_BGR8, QOI_YCbCr8",BSI CMOS,30,24,24,27.35
Lucid Vision,PHX064S-CC-IX,area,IMX178,Sony,BSI Starvis,8.92,"1/1.8""",6.3,3072,2048,2.4,2.4,"rolling, global reset",17.7,,,,,,C-mount,GigE,PoE,"Mono8/10/12/16, Bayer8/10/12/16, RGB8, BGR8, YCbCr8, YCbCr411, YUV422, YUV411, QOI_Mono8, QOI_BayerRG8, QOI_RGB8, QOI_BGR8, QOI_YCbCr8",BSI CMOS,30,24,24,27.35
Lucid Vision,PHX064S-MC-IX,area,IMX178,Sony,BSI Starvis,8.92,"1/1.8""",6.3,3072,2048,2.4,2.4,"rolling, global reset",17.7,,,,,,C-mount,GigE,PoE,"Mono8/10/12/16, Bayer8/10/12/16, RGB8, BGR8, YCbCr8, YCbCr411, YUV422, YUV411, QOI_Mono8, QOI_BayerRG8, QOI_RGB8, QOI_BGR8, QOI_YCbCr8",BSI CMOS,30,24,24,27.35
Lucid Vision,PHX064S-CNF-IX,area,IMX178,Sony,BSI Starvis,8.92,"1/1.8""",6.3,3072,2048,2.4,2.4,"rolling, global reset",17.7,,,,,,NF-mount,GigE,PoE,"Mono8/10/12/16, Bayer8/10/12/16, RGB8, BGR8, YCbCr8, YCbCr411, YUV422, YUV411, QOI_Mono8, QOI_BayerRG8, QOI_RGB8, QOI_BGR8, QOI_YCbCr8",BSI CMOS,30,24,24,27.35
Lucid Vision,PHX064S-MNF-IX,area,IMX178,Sony,BSI Starvis,8.92,"1/1.8""",6.3,3072,2048,2.4,2.4,"rolling, global reset",17.7,,,,,,NF-mount,GigE,PoE,"Mono8/10/12/16, Bayer8/10/12/16, RGB8, BGR8, YCbCr8, YCbCr411, YUV422, YUV411, QOI_Mono8, QOI_BayerRG8, QOI_RGB8, QOI_BGR8, QOI_YCbCr8",BSI CMOS,30,24,24,27.35
Lucid Vision,PHX050S1-P/Q,area,IMX264MZR / IMX264MYR,Sony,Polarized | IMX264MZR(mono) | IMX264MYR(color),11.1,"2/3""",5.0,2448,2048,3.45,3.45,global,22.0,,,,,,"C-mount, NF-mount, No Mount, No Mount with Flange, C-Mount Extended Head",GigE,PoE,"Mono8/12/16, PolarizeMono8/12/16 (Mono) BayerRG8/12/16, PolarizeMono8/12/16 (Color)",CMOS,30,24,24,27.35
Lucid Vision,PHX050S1-QC,area,IMX264MZR / IMX264MYR,Sony,Polarized | IMX264MZR(mono) | IMX264MYR(color),11.1,"2/3""",5.0,2448,2048,3.45,3.45,global,22.0,,,,,,C-mount,GigE,PoE,"Mono8/12/16, PolarizeMono8/12/16 (Mono) BayerRG8/12/16, PolarizeMono8/12/16 (Color)",CMOS,30,24,24,27.35
Lucid Vision,PHX050S1-PC,area,IMX264MZR / IMX264MYR,Sony,Polarized | IMX264MZR(mono) | IMX264MYR(color),11.1,"2/3""",5.0,2448,2048,3.45,3.45,global,22.0,,,,,,C-mount,GigE,PoE,"Mono8/12/16, PolarizeMono8/12/16 (Mono) BayerRG8/12/16, PolarizeMono8/12/16 (Color)",CMOS,30,24,24,27.35
Lucid Vision,PHX050S1-QNF,area,IMX264MZR / IMX264MYR,Sony,Polarized | IMX264MZR(mono) | IMX264MYR(color),11.1,"2/3""",5.0,2448,2048,3.45,3.45,global,22.0,,,,,,NF-mount,GigE,PoE,"Mono8/12/16, PolarizeMono8/12/16 (Mono) BayerRG8/12/16, PolarizeMono8/12/16 (Color)",CMOS,30,24,24,27.35
Lucid Vision,PHX050S1-PNF,area,IMX264MZR / IMX264MYR,Sony,Polarized | IMX264MZR(mono) | IMX264MYR(color),11.1,"2/3""",5.0,2448,2048,3.45,3.45,global,22.0,,,,,,NF-mount,GigE,PoE,"Mono8/12/16, PolarizeMono8/12/16 (Mono) BayerRG8/12/16, PolarizeMono8/12/16 (Color)",CMOS,30,24,24,27.35
Lucid Vision,PHX050S1-QNL,area,IMX264MZR / IMX264MYR,Sony,Polarized | IMX264MZR(mono) | IMX264MYR(color),11.1,"2/3""",5.0,2448,2048,3.45,3.45,global,22.0,,,,,,No Mount,GigE,PoE,"Mono8/12/16, PolarizeMono8/12/16 (Mono) BayerRG8/12/16, PolarizeMono8/12/16 (Color)",CMOS,30,24,24,27.35
Lucid Vision,PHX050S1-PNL,area,IMX264MZR / IMX264MYR,Sony,Polarized | IMX264MZR(mono) | IMX264MYR(color),11.1,"2/3""",5.0,2448,2048,3.45,3.45,global,22.0,,,,,,No Mount,GigE,PoE,"Mono8/12/16, PolarizeMono8/12/16 (Mono) BayerRG8/12/16, PolarizeMono8/12/16 (Color)",CMOS,30,24,24,27.35
Lucid Vision,PHX050S1-QNLF,area,IMX264MZR / IMX264MYR,Sony,Polarized | IMX264MZR(mono) | IMX264MYR(color),11.1,"2/3""",5.0,2448,2048,3.45,3.45,global,22.0,,,,,,No Mount with Flange,GigE,PoE,"Mono8/12/16, PolarizeMono8/12/16 (Mono) BayerRG8/12/16, PolarizeMono8/12/16 (Color)",CMOS,30,24,24,27.35
Lucid Vision,PHX050S1-PNLF,area,IMX264MZR / IMX264MYR,Sony,Polarized | IMX264MZR(mono) | IMX264MYR(color),11.1,"2/3""",5.0,2448,2048,3.45,3.45,global,22.0,,,,,,No Mount with Flange,GigE,PoE,"Mono8/12/16, PolarizeMono8/12/16 (Mono) BayerRG8/12/16, PolarizeMono8/12/16 (Color)",CMOS,30,24,24,27.35
Lucid Vision,PHX050S1-QC-IX,area,IMX264MZR / IMX264MYR,Sony,Polarized | IMX264MZR(mono) | IMX264MYR(color),11.1,"2/3""",5.0,2448,2048,3.45,3.45,global,22.0,,,,,,C-mount,GigE,PoE,"Mono8/12/16, PolarizeMono8/12/16 (Mono) BayerRG8/12/16, PolarizeMono8/12/16 (Color)",CMOS,30,24,24,27.35
Lucid Vision,PHX050S1-PC-IX,area,IMX264MZR / IMX264MYR,Sony,Polarized | IMX264MZR(mono) | IMX264MYR(color),11.1,"2/3""",5.0,2448,2048,3.45,3.45,global,22.0,,,,,,C-mount,GigE,PoE,"Mono8/12/16, PolarizeMono8/12/16 (Mono) BayerRG8/12/16, PolarizeMono8/12/16 (Color)",CMOS,30,24,24,27.35
Lucid Vision,PHX050S1-QNF-IX,area,IMX264MZR / IMX264MYR,Sony,Polarized | IMX264MZR(mono) | IMX264MYR(color),11.1,"2/3""",5.0,2448,2048,3.45,3.45,global,22.0,,,,,,NF-mount,GigE,PoE,"Mono8/12/16, PolarizeMono8/12/16 (Mono) BayerRG8/12/16, PolarizeMono8/12/16 (Color)",CMOS,30,24,24,27.35
Lucid Vision,PHX050S1-PNF-IX,area,IMX264MZR / IMX264MYR,Sony,Polarized | IMX264MZR(mono) | IMX264MYR(color),11.1,"2/3""",5.0,2448,2048,3.45,3.45,global,22.0,,,,,,NF-mount,GigE,PoE,"Mono8/12/16, PolarizeMono8/12/16 (Mono) BayerRG8/12/16, PolarizeMono8/12/16 (Color)",CMOS,30,24,24,27.35
Lucid Vision,PHX050S1-QNL-IX,area,IMX264MZR / IMX264MYR,Sony,Polarized | IMX264MZR(mono) | IMX264MYR(color),11.1,"2/3""",5.0,2448,2048,3.45,3.45,global,22.0,,,,,,No Mount,GigE,PoE,"Mono8/12/16, PolarizeMono8/12/16 (Mono) BayerRG8/12/16, PolarizeMono8/12/16 (Color)",CMOS,30,24,24,27.35
Lucid Vision,PHX050S1-PNL-IX,area,IMX264MZR / IMX264MYR,Sony,Polarized | IMX264MZR(mono) | IMX264MYR(color),11.1,"2/3""",5.0,2448,2048,3.45,3.45,global,22.0,,,,,,No Mount,GigE,PoE,"Mono8/12/16, PolarizeMono8/12/16 (Mono) BayerRG8/12/16, PolarizeMono8/12/16 (Color)",CMOS,30,24,24,27.35
Lucid Vision,PHX050S1-QNLF-IX,area,IMX264MZR / IMX264MYR,Sony,Polarized | IMX264MZR(mono) | IMX264MYR(color),11.1,"2/3""",5.0,2448,2048,3.45,3.45,global,22.0,,,,,,No Mount with Flange,GigE,PoE,"Mono8/12/16, PolarizeMono8/12/16 (Mono) BayerRG8/12/16, PolarizeMono8/12/16 (Color)",CMOS,30,24,24,27.35
Lucid Vision,PHX050S1-PNLF-IX,area,IMX264MZR / IMX264MYR,Sony,Polarized | IMX264MZR(mono) | IMX264MYR(color),11.1,"2/3""",5.0,2448,2048,3.45,3.45,global,22.0,,,,,,No Mount with Flange,GigE,PoE,"Mono8/12/16, PolarizeMono8/12/16 (Mono) BayerRG8/12/16, PolarizeMono8/12/16 (Color)",CMOS,30,24,24,27.35
Lucid Vision,PHX050S-P/Q,area,IMX250MZR / IMX250MYR,Sony,Polarized | IMX250MZR(mono) | IMX250MYR(color),11.1,"2/3""",5.0,2448,2048,3.45,3.45,global,22.0,,,,,,"C-mount, NF-mount, No Mount, No Mount with Flange, C-Mount Extended Head",GigE,PoE,"Mono8/12/16, PolarizeMono8/12/16 (Mono)BayerRG8/12/16, PolarizeMono8/12/16 (Color)",CMOS,30,24,24,27.35
Lucid Vision,PHX050S-QC,area,IMX250MZR / IMX250MYR,Sony,Polarized | IMX250MZR(mono) | IMX250MYR(color),11.1,"2/3""",5.0,2448,2048,3.45,3.45,global,22.0,,,,,,C-mount,GigE,PoE,"Mono8/12/16, PolarizeMono8/12/16 (Mono)BayerRG8/12/16, PolarizeMono8/12/16 (Color)",CMOS,30,24,24,27.35
Lucid Vision,PHX050S-PC,area,IMX250MZR / IMX250MYR,Sony,Polarized | IMX250MZR(mono) | IMX250MYR(color),11.1,"2/3""",5.0,2448,2048,3.45,3.45,global,22.0,,,,,,C-mount,GigE,PoE,"Mono8/12/16, PolarizeMono8/12/16 (Mono)BayerRG8/12/16, PolarizeMono8/12/16 (Color)",CMOS,30,24,24,27.35
Lucid Vision,PHX050S-QNF,area,IMX250MZR / IMX250MYR,Sony,Polarized | IMX250MZR(mono) | IMX250MYR(color),11.1,"2/3""",5.0,2448,2048,3.45,3.45,global,22.0,,,,,,NF-mount,GigE,PoE,"Mono8/12/16, PolarizeMono8/12/16 (Mono)BayerRG8/12/16, PolarizeMono8/12/16 (Color)",CMOS,30,24,24,27.35
Lucid Vision,PHX050S-PNF,area,IMX250MZR / IMX250MYR,Sony,Polarized | IMX250MZR(mono) | IMX250MYR(color),11.1,"2/3""",5.0,2448,2048,3.45,3.45,global,22.0,,,,,,NF-mount,GigE,PoE,"Mono8/12/16, PolarizeMono8/12/16 (Mono)BayerRG8/12/16, PolarizeMono8/12/16 (Color)",CMOS,30,24,24,27.35
Lucid Vision,PHX050S-QNL,area,IMX250MZR / IMX250MYR,Sony,Polarized | IMX250MZR(mono) | IMX250MYR(color),11.1,"2/3""",5.0,2448,2048,3.45,3.45,global,22.0,,,,,,No Mount,GigE,PoE,"Mono8/12/16, PolarizeMono8/12/16 (Mono)BayerRG8/12/16, PolarizeMono8/12/16 (Color)",CMOS,30,24,24,27.35
Lucid Vision,PHX050S-PNL,area,IMX250MZR / IMX250MYR,Sony,Polarized | IMX250MZR(mono) | IMX250MYR(color),11.1,"2/3""",5.0,2448,2048,3.45,3.45,global,22.0,,,,,,No Mount,GigE,PoE,"Mono8/12/16, PolarizeMono8/12/16 (Mono)BayerRG8/12/16, PolarizeMono8/12/16 (Color)",CMOS,30,24,24,27.35
Lucid Vision,PHX050S-QNLF,area,IMX250MZR / IMX250MYR,Sony,Polarized | IMX250MZR(mono) | IMX250MYR(color),11.1,"2/3""",5.0,2448,2048,3.45,3.45,global,22.0,,,,,,No Mount with Flange,GigE,PoE,"Mono8/12/16, PolarizeMono8/12/16 (Mono)BayerRG8/12/16, PolarizeMono8/12/16 (Color)",CMOS,30,24,24,27.35
Lucid Vision,PHX050S-PNLF,area,IMX250MZR / IMX250MYR,Sony,Polarized | IMX250MZR(mono) | IMX250MYR(color),11.1,"2/3""",5.0,2448,2048,3.45,3.45,global,22.0,,,,,,No Mount with Flange,GigE,PoE,"Mono8/12/16, PolarizeMono8/12/16 (Mono)BayerRG8/12/16, PolarizeMono8/12/16 (Color)",CMOS,30,24,24,27.35
Lucid Vision,PHX050S-QC-IX,area,IMX250MZR / IMX250MYR,Sony,Polarized | IMX250MZR(mono) | IMX250MYR(color),11.1,"2/3""",5.0,2448,2048,3.45,3.45,global,22.0,,,,,,C-mount,GigE,PoE,"Mono8/12/16, PolarizeMono8/12/16 (Mono)BayerRG8/12/16, PolarizeMono8/12/16 (Color)",CMOS,30,24,24,27.35
Lucid Vision,PHX050S-PC-IX,area,IMX250MZR / IMX250MYR,Sony,Polarized | IMX250MZR(mono) | IMX250MYR(color),11.1,"2/3""",5.0,2448,2048,3.45,3.45,global,22.0,,,,,,C-mount,GigE,PoE,"Mono8/12/16, PolarizeMono8/12/16 (Mono)BayerRG8/12/16, PolarizeMono8/12/16 (Color)",CMOS,30,24,24,27.35
Lucid Vision,PHX050S-QNF-IX,area,IMX250MZR / IMX250MYR,Sony,Polarized | IMX250MZR(mono) | IMX250MYR(color),11.1,"2/3""",5.0,2448,2048,3.45,3.45,global,22.0,,,,,,NF-mount,GigE,PoE,"Mono8/12/16, PolarizeMono8/12/16 (Mono)BayerRG8/12/16, PolarizeMono8/12/16 (Color)",CMOS,30,24,24,27.35
Lucid Vision,PHX050S-PNF-IX,area,IMX250MZR / IMX250MYR,Sony,Polarized | IMX250MZR(mono) | IMX250MYR(color),11.1,"2/3""",5.0,2448,2048,3.45,3.45,global,22.0,,,,,,NF-mount,GigE,PoE,"Mono8/12/16, PolarizeMono8/12/16 (Mono)BayerRG8/12/16, PolarizeMono8/12/16 (Color)",CMOS,30,24,24,27.35
Lucid Vision,PHX050S-QNL-IX,area,IMX250MZR / IMX250MYR,Sony,Polarized | IMX250MZR(mono) | IMX250MYR(color),11.1,"2/3""",5.0,2448,2048,3.45,3.45,global,22.0,,,,,,No Mount,GigE,PoE,"Mono8/12/16, PolarizeMono8/12/16 (Mono)BayerRG8/12/16, PolarizeMono8/12/16 (Color)",CMOS,30,24,24,27.35
Lucid Vision,PHX050S-PNL-IX,area,IMX250MZR / IMX250MYR,Sony,Polarized | IMX250MZR(mono) | IMX250MYR(color),11.1,"2/3""",5.0,2448,2048,3.45,3.45,global,22.0,,,,,,No Mount,GigE,PoE,"Mono8/12/16, PolarizeMono8/12/16 (Mono)BayerRG8/12/16, PolarizeMono8/12/16 (Color)",CMOS,30,24,24,27.35
Lucid Vision,PHX050S-QNLF-IX,area,IMX250MZR / IMX250MYR,Sony,Polarized | IMX250MZR(mono) | IMX250MYR(color),11.1,"2/3""",5.0,2448,2048,3.45,3.45,global,22.0,,,,,,No Mount with Flange,GigE,PoE,"Mono8/12/16, PolarizeMono8/12/16 (Mono)BayerRG8/12/16, PolarizeMono8/12/16 (Color)",CMOS,30,24,24,27.35
Lucid Vision,PHX050S-PNLF-IX,area,IMX250MZR / IMX250MYR,Sony,Polarized | IMX250MZR(mono) | IMX250MYR(color),11.1,"2/3""",5.0,2448,2048,3.45,3.45,global,22.0,,,,,,No Mount with Flange,GigE,PoE,"Mono8/12/16, PolarizeMono8/12/16 (Mono)BayerRG8/12/16, PolarizeMono8/12/16 (Color)",CMOS,30,24,24,27.35
Lucid Vision,PHX051S,area,IMX568,Sony,,8.8,"1/1.8""",5.0,2448,2048,2.74,2.74,global,22.0,,,,,,"C-mount, C-Mount Extended Head, NF-mount, No Mount, No Mount with Flange",GigE,PoE,"Mono8/10/12/16, Bayer8/10/12/16, RGB8, BGR8, YCbCr8, YCbCr411, YUV422, YUV411, QOI_Mono8, QOI_BayerRG8, QOI_RGB8, QOI_BGR8, QOI_YCbCr8",CMOS,30,24,24,27.35
Lucid Vision,PHX051S-CC,area,IMX568,Sony,,8.8,"1/1.8""",5.0,2448,2048,2.74,2.74,global,22.0,,,,,,C-mount,GigE,PoE,"Mono8/10/12/16, Bayer8/10/12/16, RGB8, BGR8, YCbCr8, YCbCr411, YUV422, YUV411, QOI_Mono8, QOI_BayerRG8, QOI_RGB8, QOI_BGR8, QOI_YCbCr8",CMOS,30,24,24,27.35
Lucid Vision,PHX051S-MC,area,IMX568,Sony,,8.8,"1/1.8""",5.0,2448,2048,2.74,2.74,global,22.0,,,,,,C-mount,GigE,PoE,"Mono8/10/12/16, Bayer8/10/12/16, RGB8, BGR8, YCbCr8, YCbCr411, YUV422, YUV411, QOI_Mono8, QOI_BayerRG8, QOI_RGB8, QOI_BGR8, QOI_YCbCr8",CMOS,30,24,24,27.35
Lucid Vision,PHX051S-CNF,area,IMX568,Sony,,8.8,"1/1.8""",5.0,2448,2048,2.74,2.74,global,22.0,,,,,,NF-mount,GigE,PoE,"Mono8/10/12/16, Bayer8/10/12/16, RGB8, BGR8, YCbCr8, YCbCr411, YUV422, YUV411, QOI_Mono8, QOI_BayerRG8, QOI_RGB8, QOI_BGR8, QOI_YCbCr8",CMOS,30,24,24,27.35
Lucid Vision,PHX051S-MNF,area,IMX568,Sony,,8.8,"1/1.8""",5.0,2448,2048,2.74,2.74,global,22.0,,,,,,NF-mount,GigE,PoE,"Mono8/10/12/16, Bayer8/10/12/16, RGB8, BGR8, YCbCr8, YCbCr411, YUV422, YUV411, QOI_Mono8, QOI_BayerRG8, QOI_RGB8, QOI_BGR8, QOI_YCbCr8",CMOS,30,24,24,27.35
Lucid Vision,PHX051S-CNL,area,IMX568,Sony,,8.8,"1/1.8""",5.0,2448,2048,2.74,2.74,global,22.0,,,,,,No Mount,GigE,PoE,"Mono8/10/12/16, Bayer8/10/12/16, RGB8, BGR8, YCbCr8, YCbCr411, YUV422, YUV411, QOI_Mono8, QOI_BayerRG8, QOI_RGB8, QOI_BGR8, QOI_YCbCr8",CMOS,30,24,24,27.35
Lucid Vision,PHX051S-MNL,area,IMX568,Sony,,8.8,"1/1.8""",5.0,2448,2048,2.74,2.74,global,22.0,,,,,,No Mount,GigE,PoE,"Mono8/10/12/16, Bayer8/10/12/16, RGB8, BGR8, YCbCr8, YCbCr411, YUV422, YUV411, QOI_Mono8, QOI_BayerRG8, QOI_RGB8, QOI_BGR8, QOI_YCbCr8",CMOS,30,24,24,27.35
Lucid Vision,PHX051S-CNLF,area,IMX568,Sony,,8.8,"1/1.8""",5.0,2448,2048,2.74,2.74,global,22.0,,,,,,No Mount with Flange,GigE,PoE,"Mono8/10/12/16, Bayer8/10/12/16, RGB8, BGR8, YCbCr8, YCbCr411, YUV422, YUV411, QOI_Mono8, QOI_BayerRG8, QOI_RGB8, QOI_BGR8, QOI_YCbCr8",CMOS,30,24,24,27.35
Lucid Vision,PHX051S-MNLF,area,IMX568,Sony,,8.8,"1/1.8""",5.0,2448,2048,2.74,2.74,global,22.0,,,,,,No Mount with Flange,GigE,PoE,"Mono8/10/12/16, Bayer8/10/12/16, RGB8, BGR8, YCbCr8, YCbCr411, YUV422, YUV411, QOI_Mono8, QOI_BayerRG8, QOI_RGB8, QOI_BGR8, QOI_YCbCr8",CMOS,30,24,24,27.35
Lucid Vision,PHX051S-CC-IX,area,IMX568,Sony,,8.8,"1/1.8""",5.0,2448,2048,2.74,2.74,global,22.0,,,,,,C-mount,GigE,PoE,"Mono8/10/12/16, Bayer8/10/12/16, RGB8, BGR8, YCbCr8, YCbCr411, YUV422, YUV411, QOI_Mono8, QOI_BayerRG8, QOI_RGB8, QOI_BGR8, QOI_YCbCr8",CMOS,30,24,24,27.35
Lucid Vision,PHX051S-MC-IX,area,IMX568,Sony,,8.8,"1/1.8""",5.0,2448,2048,2.74,2.74,global,22.0,,,,,,C-mount,GigE,PoE,"Mono8/10/12/16, Bayer8/10/12/16, RGB8, BGR8, YCbCr8, YCbCr411, YUV422, YUV411, QOI_Mono8, QOI_BayerRG8, QOI_RGB8, QOI_BGR8, QOI_YCbCr8",CMOS,30,24,24,27.35
Lucid Vision,PHX051S-CNF-IX,area,IMX568,Sony,,8.8,"1/1.8""",5.0,2448,2048,2.74,2.74,global,22.0,,,,,,NF-mount,GigE,PoE,"Mono8/10/12/16, Bayer8/10/12/16, RGB8, BGR8, YCbCr8, YCbCr411, YUV422, YUV411, QOI_Mono8, QOI_BayerRG8, QOI_RGB8, QOI_BGR8, QOI_YCbCr8",CMOS,30,24,24,27.35
Lucid Vision,PHX051S-MNF-IX,area,IMX568,Sony,,8.8,"1/1.8""",5.0,2448,2048,2.74,2.74,global,22.0,,,,,,NF-mount,GigE,PoE,"Mono8/10/12/16, Bayer8/10/12/16, RGB8, BGR8, YCbCr8, YCbCr411, YUV422, YUV411, QOI_Mono8, QOI_BayerRG8, QOI_RGB8, QOI_BGR8, QOI_YCbCr8",CMOS,30,24,24,27.35
Lucid Vision,PHX051S-CNL-IX,area,IMX568,Sony,,8.8,"1/1.8""",5.0,2448,2048,2.74,2.74,global,22.0,,,,,,No Mount,GigE,PoE,"Mono8/10/12/16, Bayer8/10/12/16, RGB8, BGR8, YCbCr8, YCbCr411, YUV422, YUV411, QOI_Mono8, QOI_BayerRG8, QOI_RGB8, QOI_BGR8, QOI_YCbCr8",CMOS,30,24,24,27.35
Lucid Vision,PHX051S-MNL-IX,area,IMX568,Sony,,8.8,"1/1.8""",5.0,2448,2048,2.74,2.74,global,22.0,,,,,,No Mount,GigE,PoE,"Mono8/10/12/16, Bayer8/10/12/16, RGB8, BGR8, YCbCr8, YCbCr411, YUV422, YUV411, QOI_Mono8, QOI_BayerRG8, QOI_RGB8, QOI_BGR8, QOI_YCbCr8",CMOS,30,24,24,27.35
Lucid Vision,PHX051S-CNLF-IX,area,IMX568,Sony,,8.8,"1/1.8""",5.0,2448,2048,2.74,2.74,global,22.0,,,,,,No Mount with Flange,GigE,PoE,"Mono8/10/12/16, Bayer8/10/12/16, RGB8, BGR8, YCbCr8, YCbCr411, YUV422, YUV411, QOI_Mono8, QOI_BayerRG8, QOI_RGB8, QOI_BGR8, QOI_YCbCr8",CMOS,30,24,24,27.35
Lucid Vision,PHX051S-MNLF-IX,area,IMX568,Sony,,8.8,"1/1.8""",5.0,2448,2048,2.74,2.74,global,22.0,,,,,,No Mount with Flange,GigE,PoE,"Mono8/10/12/16, Bayer8/10/12/16, RGB8, BGR8, YCbCr8, YCbCr411, YUV422, YUV411, QOI_Mono8, QOI_BayerRG8, QOI_RGB8, QOI_BGR8, QOI_YCbCr8",CMOS,30,24,24,27.35
Lucid Vision,PHX050S,area,IMX264,Sony,,11.1,"2/3""",5.0,2448,2048,3.45,3.45,global,22.0,,,,,,"C-mount, C-Mount Extended Head, NF-mount, No Mount, No Mount with Flange",GigE,PoE,"Mono8/10/12/16, Bayer8/10/12/16, RGB8, BGR8, YCbCr8, YCbCr411, YUV422, YUV411, QOI_Mono8, QOI_BayerRG8, QOI_RGB8, QOI_BGR8, QOI_YCbCr8",CMOS,30,24,24,27.35
Lucid Vision,PHX050S-CC,area,IMX264,Sony,,11.1,"2/3""",5.0,2448,2048,3.45,3.45,global,22.0,,,,,,C-mount,GigE,PoE,"Mono8/10/12/16, Bayer8/10/12/16, RGB8, BGR8, YCbCr8, YCbCr411, YUV422, YUV411, QOI_Mono8, QOI_BayerRG8, QOI_RGB8, QOI_BGR8, QOI_YCbCr8",CMOS,30,24,24,27.35
Lucid Vision,PHX050S-MC,area,IMX264,Sony,,11.1,"2/3""",5.0,2448,2048,3.45,3.45,global,22.0,,,,,,C-mount,GigE,PoE,"Mono8/10/12/16, Bayer8/10/12/16, RGB8, BGR8, YCbCr8, YCbCr411, YUV422, YUV411, QOI_Mono8, QOI_BayerRG8, QOI_RGB8, QOI_BGR8, QOI_YCbCr8",CMOS,30,24,24,27.35
Lucid Vision,PHX050S-CNF,area,IMX264,Sony,,11.1,"2/3""",5.0,2448,2048,3.45,3.45,global,22.0,,,,,,NF-mount,GigE,PoE,"Mono8/10/12/16, Bayer8/10/12/16, RGB8, BGR8, YCbCr8, YCbCr411, YUV422, YUV411, QOI_Mono8, QOI_BayerRG8, QOI_RGB8, QOI_BGR8, QOI_YCbCr8",CMOS,30,24,24,27.35
Lucid Vision,PHX050S-MNF,area,IMX264,Sony,,11.1,"2/3""",5.0,2448,2048,3.45,3.45,global,22.0,,,,,,NF-mount,GigE,PoE,"Mono8/10/12/16, Bayer8/10/12/16, RGB8, BGR8, YCbCr8, YCbCr411, YUV422, YUV411, QOI_Mono8, QOI_BayerRG8, QOI_RGB8, QOI_BGR8, QOI_YCbCr8",CMOS,30,24,24,27.35
Lucid Vision,PHX050S-CNL,area,IMX264,Sony,,11.1,"2/3""",5.0,2448,2048,3.45,3.45,global,22.0,,,,,,No Mount,GigE,PoE,"Mono8/10/12/16, Bayer8/10/12/16, RGB8, BGR8, YCbCr8, YCbCr411, YUV422, YUV411, QOI_Mono8, QOI_BayerRG8, QOI_RGB8, QOI_BGR8, QOI_YCbCr8",CMOS,30,24,24,27.35
Lucid Vision,PHX050S-MNL,area,IMX264,Sony,,11.1,"2/3""",5.0,2448,2048,3.45,3.45,global,22.0,,,,,,No Mount,GigE,PoE,"Mono8/10/12/16, Bayer8/10/12/16, RGB8, BGR8, YCbCr8, YCbCr411, YUV422, YUV411, QOI_Mono8, QOI_BayerRG8, QOI_RGB8, QOI_BGR8, QOI_YCbCr8",CMOS,30,24,24,27.35
Lucid Vision,PHX050S-MNLF,area,IMX264,Sony,,11.1,"2/3""",5.0,2448,2048,3.45,3.45,global,22.0,,,,,,No Mount with Flange,GigE,PoE,"Mono8/10/12/16, Bayer8/10/12/16, RGB8, BGR8, YCbCr8, YCbCr411, YUV422, YUV411, QOI_Mono8, QOI_BayerRG8, QOI_RGB8, QOI_BGR8, QOI_YCbCr8",CMOS,30,24,24,27.35
Lucid Vision,PHX050S-CNLF,area,IMX264,Sony,,11.1,"2/3""",5.0,2448,2048,3.45,3.45,global,22.0,,,,,,No Mount with Flange,GigE,PoE,"Mono8/10/12/16, Bayer8/10/12/16, RGB8, BGR8, YCbCr8, YCbCr411, YUV422, YUV411, QOI_Mono8, QOI_BayerRG8, QOI_RGB8, QOI_BGR8, QOI_YCbCr8",CMOS,30,24,24,27.35
Lucid Vision,PHX050S-CC-IX,area,IMX264,Sony,,11.1,"2/3""",5.0,2448,2048,3.45,3.45,global,22.0,,,,,,C-mount,GigE,PoE,"Mono8/10/12/16, Bayer8/10/12/16, RGB8, BGR8, YCbCr8, YCbCr411, YUV422, YUV411, QOI_Mono8, QOI_BayerRG8, QOI_RGB8, QOI_BGR8, QOI_YCbCr8",CMOS,30,24,24,27.35
Lucid Vision,PHX050S-MC-IX,area,IMX264,Sony,,11.1,"2/3""",5.0,2448,2048,3.45,3.45,global,22.0,,,,,,C-mount,GigE,PoE,"Mono8/10/12/16, Bayer8/10/12/16, RGB8, BGR8, YCbCr8, YCbCr411, YUV422, YUV411, QOI_Mono8, QOI_BayerRG8, QOI_RGB8, QOI_BGR8, QOI_YCbCr8",CMOS,30,24,24,27.35
Lucid Vision,PHX050S-CNF-IX,area,IMX264,Sony,,11.1,"2/3""",5.0,2448,2048,3.45,3.45,global,22.0,,,,,,NF-mount,GigE,PoE,"Mono8/10/12/16, Bayer8/10/12/16, RGB8, BGR8, YCbCr8, YCbCr411, YUV422, YUV411, QOI_Mono8, QOI_BayerRG8, QOI_RGB8, QOI_BGR8, QOI_YCbCr8",CMOS,30,24,24,27.35
Lucid Vision,PHX050S-MNF-IX,area,IMX264,Sony,,11.1,"2/3""",5.0,2448,2048,3.45,3.45,global,22.0,,,,,,NF-mount,GigE,PoE,"Mono8/10/12/16, Bayer8/10/12/16, RGB8, BGR8, YCbCr8, YCbCr411, YUV422, YUV411, QOI_Mono8, QOI_BayerRG8, QOI_RGB8, QOI_BGR8, QOI_YCbCr8",CMOS,30,24,24,27.35
Lucid Vision,PHX050S-CNL-IX,area,IMX264,Sony,,11.1,"2/3""",5.0,2448,2048,3.45,3.45,global,22.0,,,,,,No Mount,GigE,PoE,"Mono8/10/12/16, Bayer8/10/12/16, RGB8, BGR8, YCbCr8, YCbCr411, YUV422, YUV411, QOI_Mono8, QOI_BayerRG8, QOI_RGB8, QOI_BGR8, QOI_YCbCr8",CMOS,30,24,24,27.35
Lucid Vision,PHX050S-MNL-IX,area,IMX264,Sony,,11.1,"2/3""",5.0,2448,2048,3.45,3.45,global,22.0,,,,,,No Mount,GigE,PoE,"Mono8/10/12/16, Bayer8/10/12/16, RGB8, BGR8, YCbCr8, YCbCr411, YUV422, YUV411, QOI_Mono8, QOI_BayerRG8, QOI_RGB8, QOI_BGR8, QOI_YCbCr8",CMOS,30,24,24,27.35
Lucid Vision,PHX050S-MNLF-IX,area,IMX264,Sony,,11.1,"2/3""",5.0,2448,2048,3.45,3.45,global,22.0,,,,,,No Mount with Flange,GigE,PoE,"Mono8/10/12/16, Bayer8/10/12/16, RGB8, BGR8, YCbCr8, YCbCr411, YUV422, YUV411, QOI_Mono8, QOI_BayerRG8, QOI_RGB8, QOI_BGR8, QOI_YCbCr8",CMOS,30,24,24,27.35
Lucid Vision,PHX050S-CNLF-IX,area,IMX264,Sony,,11.1,"2/3""",5.0,2448,2048,3.45,3.45,global,22.0,,,,,,No Mount with Flange,GigE,PoE,"Mono8/10/12/16, Bayer8/10/12/16, RGB8, BGR8, YCbCr8, YCbCr411, YUV422, YUV411, QOI_Mono8, QOI_BayerRG8, QOI_RGB8, QOI_BGR8, QOI_YCbCr8",CMOS,30,24,24,27.35
Lucid Vision,PHX032S,area,IMX265,Sony,,8.9,"1/1.8""",3.2,2048,1536,3.45,3.45,global,35.4,,,,,,"C-mount, NF-mount, S-mount, No Mount, No Mount with Flange, C-Mount Extended Head",GigE,PoE,"Mono8/10/12/16, Bayer8/10/12/16, RGB8, BGR8, YCbCr8, YCbCr411, YUV422, YUV411, QOI_Mono8, QOI_BayerRG8, QOI_RGB8, QOI_BGR8, QOI_YCbCr8",CMOS,30,24,24,27.35
Lucid Vision,PHX032S-CC,area,IMX265,Sony,,8.9,"1/1.8""",3.2,2048,1536,3.45,3.45,global,35.4,,,,,,C-mount,GigE,PoE,"Mono8/10/12/16, Bayer8/10/12/16, RGB8, BGR8, YCbCr8, YCbCr411, YUV422, YUV411, QOI_Mono8, QOI_BayerRG8, QOI_RGB8, QOI_BGR8, QOI_YCbCr8",CMOS,30,24,24,27.35
Lucid Vision,PHX032S-MC,area,IMX265,Sony,,8.9,"1/1.8""",3.2,2048,1536,3.45,3.45,global,35.4,,,,,,C-mount,GigE,PoE,"Mono8/10/12/16, Bayer8/10/12/16, RGB8, BGR8, YCbCr8, YCbCr411, YUV422, YUV411, QOI_Mono8, QOI_BayerRG8, QOI_RGB8, QOI_BGR8, QOI_YCbCr8",CMOS,30,24,24,27.35
Lucid Vision,PHXET032S-CC,area,IMX265,Sony,,8.9,"1/1.8""",3.2,2048,1536,3.45,3.45,global,35.4,,,,,,C-mount Extended Head,GigE,PoE,"Mono8/10/12/16, Bayer8/10/12/16, RGB8, BGR8, YCbCr8, YCbCr411, YUV422, YUV411, QOI_Mono8, QOI_BayerRG8, QOI_RGB8, QOI_BGR8, QOI_YCbCr8",CMOS,30,24,24,27.35
Lucid Vision,PHXET032S-MC,area,IMX265,Sony,,8.9,"1/1.8""",3.2,2048,1536,3.45,3.45,global,35.4,,,,,,C-mount Extended Head,GigE,PoE,"Mono8/10/12/16, Bayer8/10/12/16, RGB8, BGR8, YCbCr8, YCbCr411, YUV422, YUV411, QOI_Mono8, QOI_BayerRG8, QOI_RGB8, QOI_BGR8, QOI_YCbCr8",CMOS,30,24,24,27.35
Lucid Vision,PHX032S-CNF,area,IMX265,Sony,,8.9,"1/1.8""",3.2,2048,1536,3.45,3.45,global,35.4,,,,,,NF-mount,GigE,PoE,"Mono8/10/12/16, Bayer8/10/12/16, RGB8, BGR8, YCbCr8, YCbCr411, YUV422, YUV411, QOI_Mono8, QOI_BayerRG8, QOI_RGB8, QOI_BGR8, QOI_YCbCr8",CMOS,30,24,24,27.35
Lucid Vision,PHX032S-MNF,area,IMX265,Sony,,8.9,"1/1.8""",3.2,2048,1536,3.45,3.45,global,35.4,,,,,,NF-mount,GigE,PoE,"Mono8/10/12/16, Bayer8/10/12/16, RGB8, BGR8, YCbCr8, YCbCr411, YUV422, YUV411, QOI_Mono8, QOI_BayerRG8, QOI_RGB8, QOI_BGR8, QOI_YCbCr8",CMOS,30,24,24,27.35
Lucid Vision,PHX032S-CS,area,IMX265,Sony,,8.9,"1/1.8""",3.2,2048,1536,3.45,3.45,global,35.4,,,,,,S-mount,GigE,PoE,"Mono8/10/12/16, Bayer8/10/12/16, RGB8, BGR8, YCbCr8, YCbCr411, YUV422, YUV411, QOI_Mono8, QOI_BayerRG8, QOI_RGB8, QOI_BGR8, QOI_YCbCr8",CMOS,30,24,24,27.35
Lucid Vision,PHX032S-MS,area,IMX265,Sony,,8.9,"1/1.8""",3.2,2048,1536,3.45,3.45,global,35.4,,,,,,S-mount,GigE,PoE,"Mono8/10/12/16, Bayer8/10/12/16, RGB8, BGR8, YCbCr8, YCbCr411, YUV422, YUV411, QOI_Mono8, QOI_BayerRG8, QOI_RGB8, QOI_BGR8, QOI_YCbCr8",CMOS,30,24,24,27.35
Lucid Vision,PHX032S-CNL,area,IMX265,Sony,,8.9,"1/1.8""",3.2,2048,1536,3.45,3.45,global,35.4,,,,,,No Mount,GigE,PoE,"Mono8/10/12/16, Bayer8/10/12/16, RGB8, BGR8, YCbCr8, YCbCr411, YUV422, YUV411, QOI_Mono8, QOI_BayerRG8, QOI_RGB8, QOI_BGR8, QOI_YCbCr8",CMOS,30,24,24,27.35
Lucid Vision,PHX032S-MNL,area,IMX265,Sony,,8.9,"1/1.8""",3.2,2048,1536,3.45,3.45,global,35.4,,,,,,No Mount,GigE,PoE,"Mono8/10/12/16, Bayer8/10/12/16, RGB8, BGR8, YCbCr8, YCbCr411, YUV422, YUV411, QOI_Mono8, QOI_BayerRG8, QOI_RGB8, QOI_BGR8, QOI_YCbCr8",CMOS,30,24,24,27.35
Lucid Vision,PHX032S-MNLF,area,IMX265,Sony,,8.9,"1/1.8""",3.2,2048,1536,3.45,3.45,global,35.4,,,,,,No Mount with Flange,GigE,PoE,"Mono8/10/12/16, Bayer8/10/12/16, RGB8, BGR8, YCbCr8, YCbCr411, YUV422, YUV411, QOI_Mono8, QOI_BayerRG8, QOI_RGB8, QOI_BGR8, QOI_YCbCr8",CMOS,30,24,24,27.35
Lucid Vision,PHX032S-CNLF,area,IMX265,Sony,,8.9,"1/1.8""",3.2,2048,1536,3.45,3.45,global,35.4,,,,,,No Mount with Flange,GigE,PoE,"Mono8/10/12/16, Bayer8/10/12/16, RGB8, BGR8, YCbCr8, YCbCr411, YUV422, YUV411, QOI_Mono8, QOI_BayerRG8, QOI_RGB8, QOI_BGR8, QOI_YCbCr8",CMOS,30,24,24,27.35
Lucid Vision,PHX032S-CC-IX,area,IMX265,Sony,,8.9,"1/1.8""",3.2,2048,1536,3.45,3.45,global,35.4,,,,,,C-mount,GigE,PoE,"Mono8/10/12/16, Bayer8/10/12/16, RGB8, BGR8, YCbCr8, YCbCr411, YUV422, YUV411, QOI_Mono8, QOI_BayerRG8, QOI_RGB8, QOI_BGR8, QOI_YCbCr8",CMOS,30,24,24,27.35
Lucid Vision,PHX032S-MC-IX,area,IMX265,Sony,,8.9,"1/1.8""",3.2,2048,1536,3.45,3.45,global,35.4,,,,,,C-mount,GigE,PoE,"Mono8/10/12/16, Bayer8/10/12/16, RGB8, BGR8, YCbCr8, YCbCr411, YUV422, YUV411, QOI_Mono8, QOI_BayerRG8, QOI_RGB8, QOI_BGR8, QOI_YCbCr8",CMOS,30,24,24,27.35
Lucid Vision,PHX032S-CNF-IX,area,IMX265,Sony,,8.9,"1/1.8""",3.2,2048,1536,3.45,3.45,global,35.4,,,,,,NF-mount,GigE,PoE,"Mono8/10/12/16, Bayer8/10/12/16, RGB8, BGR8, YCbCr8, YCbCr411, YUV422, YUV411, QOI_Mono8, QOI_BayerRG8, QOI_RGB8, QOI_BGR8, QOI_YCbCr8",CMOS,30,24,24,27.35
Lucid Vision,PHX032S-MNF-IX,area,IMX265,Sony,,8.9,"1/1.8""",3.2,2048,1536,3.45,3.45,global,35.4,,,,,,NF-mount,GigE,PoE,"Mono8/10/12/16, Bayer8/10/12/16, RGB8, BGR8, YCbCr8, YCbCr411, YUV422, YUV411, QOI_Mono8, QOI_BayerRG8, QOI_RGB8, QOI_BGR8, QOI_YCbCr8",CMOS,30,24,24,27.35
Lucid Vision,PHX023S,area,IMX392,Sony,,7.9,"1/2.3""",2.3,1920,1200,3.45,3.45,global,48.3,,,,,,"C-mount, NF-mount, S-mount, No Mount, No Mount with Flange, C-Mount Extended Head",GigE,PoE,"Mono8/10/12/16, Bayer8/10/12/16, RGB8, BGR8, YCbCr8, YCbCr411, YUV422, YUV411, QOI_Mono8, QOI_BayerRG8, QOI_RGB8, QOI_BGR8, QOI_YCbCr8",CMOS,30,24,24,27.35
Lucid Vision,PHX023S-CC,area,IMX392,Sony,,7.9,"1/2.3""",2.3,1920,1200,3.45,3.45,global,48.3,,,,,,C-mount,GigE,PoE,"Mono8/10/12/16, Bayer8/10/12/16, RGB8, BGR8, YCbCr8, YCbCr411, YUV422, YUV411, QOI_Mono8, QOI_BayerRG8, QOI_RGB8, QOI_BGR8, QOI_YCbCr8",CMOS,30,24,24,27.35
Lucid Vision,PHX023S-MC,area,IMX392,Sony,,7.9,"1/2.3""",2.3,1920,1200,3.45,3.45,global,48.3,,,,,,C-mount,GigE,PoE,"Mono8/10/12/16, Bayer8/10/12/16, RGB8, BGR8, YCbCr8, YCbCr411, YUV422, YUV411, QOI_Mono8, QOI_BayerRG8, QOI_RGB8, QOI_BGR8, QOI_YCbCr8",CMOS,30,24,24,27.35
Lucid Vision,PHXET023S-CC,area,IMX392,Sony,,7.9,"1/2.3""",2.3,1920,1200,3.45,3.45,global,48.3,,,,,,C-mount Extended Head,GigE,PoE,"Mono8/10/12/16, Bayer8/10/12/16, RGB8, BGR8, YCbCr8, YCbCr411, YUV422, YUV411, QOI_Mono8, QOI_BayerRG8, QOI_RGB8, QOI_BGR8, QOI_YCbCr8",CMOS,30,24,24,27.35
Lucid Vision,PHXET023S-MC,area,IMX392,Sony,,7.9,"1/2.3""",2.3,1920,1200,3.45,3.45,global,48.3,,,,,,C-mount Extended Head,GigE,PoE,"Mono8/10/12/16, Bayer8/10/12/16, RGB8, BGR8, YCbCr8, YCbCr411, YUV422, YUV411, QOI_Mono8, QOI_BayerRG8, QOI_RGB8, QOI_BGR8, QOI_YCbCr8",CMOS,30,24,24,27.35
Lucid Vision,PHX023S-CNF,area,IMX392,Sony,,7.9,"1/2.3""",2.3,1920,1200,3.45,3.45,global,48.3,,,,,,NF-mount,GigE,PoE,"Mono8/10/12/16, Bayer8/10/12/16, RGB8, BGR8, YCbCr8, YCbCr411, YUV422, YUV411, QOI_Mono8, QOI_BayerRG8, QOI_RGB8, QOI_BGR8, QOI_YCbCr8",CMOS,30,24,24,27.35
Lucid Vision,PHX023S-MNF,area,IMX392,Sony,,7.9,"1/2.3""",2.3,1920,1200,3.45,3.45,global,48.3,,,,,,NF-mount,GigE,PoE,"Mono8/10/12/16, Bayer8/10/12/16, RGB8, BGR8, YCbCr8, YCbCr411, YUV422, YUV411, QOI_Mono8, QOI_BayerRG8, QOI_RGB8, QOI_BGR8, QOI_YCbCr8",CMOS,30,24,24,27.35
Lucid Vision,PHX023S-CS,area,IMX392,Sony,,7.9,"1/2.3""",2.3,1920,1200,3.45,3.45,global,48.3,,,,,,S-mount,GigE,PoE,"Mono8/10/12/16, Bayer8/10/12/16, RGB8, BGR8, YCbCr8, YCbCr411, YUV422, YUV411, QOI_Mono8, QOI_BayerRG8, QOI_RGB8, QOI_BGR8, QOI_YCbCr8",CMOS,30,24,24,27.35
Lucid Vision,PHX023S-MS,area,IMX392,Sony,,7.9,"1/2.3""",2.3,1920,1200,3.45,3.45,global,48.3,,,,,,S-mount,GigE,PoE,"Mono8/10/12/16, Bayer8/10/12/16, RGB8, BGR8, YCbCr8, YCbCr411, YUV422, YUV411, QOI_Mono8, QOI_BayerRG8, QOI_RGB8, QOI_BGR8, QOI_YCbCr8",CMOS,30,24,24,27.35
Lucid Vision,PHX023S-CNL,area,IMX392,Sony,,7.9,"1/2.3""",2.3,1920,1200,3.45,3.45,global,48.3,,,,,,No Mount,GigE,PoE,"Mono8/10/12/16, Bayer8/10/12/16, RGB8, BGR8, YCbCr8, YCbCr411, YUV422, YUV411, QOI_Mono8, QOI_BayerRG8, QOI_RGB8, QOI_BGR8, QOI_YCbCr8",CMOS,30,24,24,27.35
Lucid Vision,PHX023S-MNL,area,IMX392,Sony,,7.9,"1/2.3""",2.3,1920,1200,3.45,3.45,global,48.3,,,,,,No Mount,GigE,PoE,"Mono8/10/12/16, Bayer8/10/12/16, RGB8, BGR8, YCbCr8, YCbCr411, YUV422, YUV411, QOI_Mono8, QOI_BayerRG8, QOI_RGB8, QOI_BGR8, QOI_YCbCr8",CMOS,30,24,24,27.35
Lucid Vision,PHX023S-MNLF,area,IMX392,Sony,,7.9,"1/2.3""",2.3,1920,1200,3.45,3.45,global,48.3,,,,,,No Mount with Flange,GigE,PoE,"Mono8/10/12/16, Bayer8/10/12/16, RGB8, BGR8, YCbCr8, YCbCr411, YUV422, YUV411, QOI_Mono8, QOI_BayerRG8, QOI_RGB8, QOI_BGR8, QOI_YCbCr8",CMOS,30,24,24,27.35
Lucid Vision,PHX023S-CNLF,area,IMX392,Sony,,7.9,"1/2.3""",2.3,1920,1200,3.45,3.45,global,48.3,,,,,,No Mount with Flange,GigE,PoE,"Mono8/10/12/16, Bayer8/10/12/16, RGB8, BGR8, YCbCr8, YCbCr411, YUV422, YUV411, QOI_Mono8, QOI_BayerRG8, QOI_RGB8, QOI_BGR8, QOI_YCbCr8",CMOS,30,24,24,27.35
Lucid Vision,PHX023S-CC-IX,area,IMX392,Sony,,7.9,"1/2.3""",2.3,1920,1200,3.45,3.45,global,48.3,,,,,,C-mount,GigE,PoE,"Mono8/10/12/16, Bayer8/10/12/16, RGB8, BGR8, YCbCr8, YCbCr411, YUV422, YUV411, QOI_Mono8, QOI_BayerRG8, QOI_RGB8, QOI_BGR8, QOI_YCbCr8",CMOS,30,24,24,27.35
Lucid Vision,PHX023S-MC-IX,area,IMX392,Sony,,7.9,"1/2.3""",2.3,1920,1200,3.45,3.45,global,48.3,,,,,,C-mount,GigE,PoE,"Mono8/10/12/16, Bayer8/10/12/16, RGB8, BGR8, YCbCr8, YCbCr411, YUV422, YUV411, QOI_Mono8, QOI_BayerRG8, QOI_RGB8, QOI_BGR8, QOI_YCbCr8",CMOS,30,24,24,27.35
Lucid Vision,PHX023S-CNF-IX,area,IMX392,Sony,,7.9,"1/2.3""",2.3,1920,1200,3.45,3.45,global,48.3,,,,,,NF-mount,GigE,PoE,"Mono8/10/12/16, Bayer8/10/12/16, RGB8, BGR8, YCbCr8, YCbCr411, YUV422, YUV411, QOI_Mono8, QOI_BayerRG8, QOI_RGB8, QOI_BGR8, QOI_YCbCr8",CMOS,30,24,24,27.35
Lucid Vision,PHX023S-MNF-IX,area,IMX392,Sony,,7.9,"1/2.3""",2.3,1920,1200,3.45,3.45,global,48.3,,,,,,NF-mount,GigE,PoE,"Mono8/10/12/16, Bayer8/10/12/16, RGB8, BGR8, YCbCr8, YCbCr411, YUV422, YUV411, QOI_Mono8, QOI_BayerRG8, QOI_RGB8, QOI_BGR8, QOI_YCbCr8",CMOS,30,24,24,27.35
Lucid Vision,PHX016S,area,IMX273,Sony,,6.3,"1/2.9""",1.6,1440,1080,3.45,3.45,global,71.6,,,,,,"C-mount, NF-mount, S-mount, No Mount, No Mount with Flange, C-Mount Extended Head",GigE,PoE,"Mono8/10/12/16, Bayer8/10/12/16, RGB8, BGR8, YCbCr8, YCbCr411, YUV422, YUV411, QOI_Mono8, QOI_BayerRG8, QOI_RGB8, QOI_BGR8, QOI_YCbCr8",CMOS,30,24,24,27.35
Lucid Vision,PHX016S-CC,area,IMX273,Sony,,6.3,"1/2.9""",1.6,1440,1080,3.45,3.45,global,71.6,,,,,,C-mount,GigE,PoE,"Mono8/10/12/16, Bayer8/10/12/16, RGB8, BGR8, YCbCr8, YCbCr411, YUV422, YUV411, QOI_Mono8, QOI_BayerRG8, QOI_RGB8, QOI_BGR8, QOI_YCbCr8",CMOS,30,24,24,27.35
Lucid Vision,PHX016S-MC,area,IMX273,Sony,,6.3,"1/2.9""",1.6,1440,1080,3.45,3.45,global,71.6,,,,,,C-mount,GigE,PoE,"Mono8/10/12/16, Bayer8/10/12/16, RGB8, BGR8, YCbCr8, YCbCr411, YUV422, YUV411, QOI_Mono8, QOI_BayerRG8, QOI_RGB8, QOI_BGR8, QOI_YCbCr8",CMOS,30,24,24,27.35
Lucid Vision,PHXET016S-CC,area,IMX273,Sony,,6.3,"1/2.9""",1.6,1440,1080,3.45,3.45,global,71.6,,,,,,C-mount Extended Head,GigE,PoE,"Mono8/10/12/16, Bayer8/10/12/16, RGB8, BGR8, YCbCr8, YCbCr411, YUV422, YUV411, QOI_Mono8, QOI_BayerRG8, QOI_RGB8, QOI_BGR8, QOI_YCbCr8",CMOS,30,24,24,27.35
Lucid Vision,PHXET016S-MC,area,IMX273,Sony,,6.3,"1/2.9""",1.6,1440,1080,3.45,3.45,global,71.6,,,,,,C-mount Extended Head,GigE,PoE,"Mono8/10/12/16, Bayer8/10/12/16, RGB8, BGR8, YCbCr8, YCbCr411, YUV422, YUV411, QOI_Mono8, QOI_BayerRG8, QOI_RGB8, QOI_BGR8, QOI_YCbCr8",CMOS,30,24,24,27.35
Lucid Vision,PHX016S-CNF,area,IMX273,Sony,,6.3,"1/2.9""",1.6,1440,1080,3.45,3.45,global,71.6,,,,,,NF-mount,GigE,PoE,"Mono8/10/12/16, Bayer8/10/12/16, RGB8, BGR8, YCbCr8, YCbCr411, YUV422, YUV411, QOI_Mono8, QOI_BayerRG8, QOI_RGB8, QOI_BGR8, QOI_YCbCr8",CMOS,30,24,24,27.35
Lucid Vision,PHX016S-MNF,area,IMX273,Sony,,6.3,"1/2.9""",1.6,1440,1080,3.45,3.45,global,71.6,,,,,,NF-mount,GigE,PoE,"Mono8/10/12/16, Bayer8/10/12/16, RGB8, BGR8, YCbCr8, YCbCr411, YUV422, YUV411, QOI_Mono8, QOI_BayerRG8, QOI_RGB8, QOI_BGR8, QOI_YCbCr8",CMOS,30,24,24,27.35
Lucid Vision,PHX016S-CS,area,IMX273,Sony,,6.3,"1/2.9""",1.6,1440,1080,3.45,3.45,global,71.6,,,,,,S-mount,GigE,PoE,"Mono8/10/12/16, Bayer8/10/12/16, RGB8, BGR8, YCbCr8, YCbCr411, YUV422, YUV411, QOI_Mono8, QOI_BayerRG8, QOI_RGB8, QOI_BGR8, QOI_YCbCr8",CMOS,30,24,24,27.35
Lucid Vision,PHX016S-MS,area,IMX273,Sony,,6.3,"1/2.9""",1.6,1440,1080,3.45,3.45,global,71.6,,,,,,S-mount,GigE,PoE,"Mono8/10/12/16, Bayer8/10/12/16, RGB8, BGR8, YCbCr8, YCbCr411, YUV422, YUV411, QOI_Mono8, QOI_BayerRG8, QOI_RGB8, QOI_BGR8, QOI_YCbCr8",CMOS,30,24,24,27.35
Lucid Vision,PHX016S-CNL,area,IMX273,Sony,,6.3,"1/2.9""",1.6,1440,1080,3.45,3.45,global,71.6,,,,,,No Mount,GigE,PoE,"Mono8/10/12/16, Bayer8/10/12/16, RGB8, BGR8, YCbCr8, YCbCr411, YUV422, YUV411, QOI_Mono8, QOI_BayerRG8, QOI_RGB8, QOI_BGR8, QOI_YCbCr8",CMOS,30,24,24,27.35
Lucid Vision,PHX016S-MNL,area,IMX273,Sony,,6.3,"1/2.9""",1.6,1440,1080,3.45,3.45,global,71.6,,,,,,No Mount,GigE,PoE,"Mono8/10/12/16, Bayer8/10/12/16, RGB8, BGR8, YCbCr8, YCbCr411, YUV422, YUV411, QOI_Mono8, QOI_BayerRG8, QOI_RGB8, QOI_BGR8, QOI_YCbCr8",CMOS,30,24,24,27.35
Lucid Vision,PHX016S-CNLF,area,IMX273,Sony,,6.3,"1/2.9""",1.6,1440,1080,3.45,3.45,global,71.6,,,,,,No Mount with Flange,GigE,PoE,"Mono8/10/12/16, Bayer8/10/12/16, RGB8, BGR8, YCbCr8, YCbCr411, YUV422, YUV411, QOI_Mono8, QOI_BayerRG8, QOI_RGB8, QOI_BGR8, QOI_YCbCr8",CMOS,30,24,24,27.35
Lucid Vision,PHX016S-MNLF,area,IMX273,Sony,,6.3,"1/2.9""",1.6,1440,1080,3.45,3.45,global,71.6,,,,,,No Mount with Flange,GigE,PoE,"Mono8/10/12/16, Bayer8/10/12/16, RGB8, BGR8, YCbCr8, YCbCr411, YUV422, YUV411, QOI_Mono8, QOI_BayerRG8, QOI_RGB8, QOI_BGR8, QOI_YCbCr8",CMOS,30,24,24,27.35
Lucid Vision,PHX016S-CC-IX,area,IMX273,Sony,,6.3,"1/2.9""",1.6,1440,1080,3.45,3.45,global,71.6,,,,,,C-mount,GigE,PoE,"Mono8/10/12/16, Bayer8/10/12/16, RGB8, BGR8, YCbCr8, YCbCr411, YUV422, YUV411, QOI_Mono8, QOI_BayerRG8, QOI_RGB8, QOI_BGR8, QOI_YCbCr8",CMOS,30,24,24,27.35
Lucid Vision,PHX016S-MC-IX,area,IMX273,Sony,,6.3,"1/2.9""",1.6,1440,1080,3.45,3.45,global,71.6,,,,,,C-mount,GigE,PoE,"Mono8/10/12/16, Bayer8/10/12/16, RGB8, BGR8, YCbCr8, YCbCr411, YUV422, YUV411, QOI_Mono8, QOI_BayerRG8, QOI_RGB8, QOI_BGR8, QOI_YCbCr8",CMOS,30,24,24,27.35
Lucid Vision,PHX016S-CNF-IX,area,IMX273,Sony,,6.3,"1/2.9""",1.6,1440,1080,3.45,3.45,global,71.6,,,,,,NF-mount,GigE,PoE,"Mono8/10/12/16, Bayer8/10/12/16, RGB8, BGR8, YCbCr8, YCbCr411, YUV422, YUV411, QOI_Mono8, QOI_BayerRG8, QOI_RGB8, QOI_BGR8, QOI_YCbCr8",CMOS,30,24,24,27.35
Lucid Vision,PHX016S-MNF-IX,area,IMX273,Sony,,6.3,"1/2.9""",1.6,1440,1080,3.45,3.45,global,71.6,,,,,,NF-mount,GigE,PoE,"Mono8/10/12/16, Bayer8/10/12/16, RGB8, BGR8, YCbCr8, YCbCr411, YUV422, YUV411, QOI_Mono8, QOI_BayerRG8, QOI_RGB8, QOI_BGR8, QOI_YCbCr8",CMOS,30,24,24,27.35
Lucid Vision,PHX004S,area,IMX287,Sony,,6.3,"1/2.9""",0.4,720,540,6.9,6.9,global,286.0,,,,,,"C-mount, NF-mount, S-mount, No Mount",GigE,PoE,"Mono8/10/12/16, Bayer8/10/12/16, RGB8, BGR8, YCbCr8, YCbCr411, YUV422, YUV411, QOI_Mono8, QOI_BayerRG8, QOI_RGB8, QOI_BGR8, QOI_YCbCr8",CMOS,30,24,24,27.35
Lucid Vision,PHX004S-CC,area,IMX287,Sony,,6.3,"1/2.9""",0.4,720,540,6.9,6.9,global,286.0,,,,,,C-mount,GigE,PoE,"Mono8/10/12/16, Bayer8/10/12/16, RGB8, BGR8, YCbCr8, YCbCr411, YUV422, YUV411, QOI_Mono8, QOI_BayerRG8, QOI_RGB8, QOI_BGR8, QOI_YCbCr8",CMOS,30,24,24,27.35
Lucid Vision,PHX004S-MC,area,IMX287,Sony,,6.3,"1/2.9""",0.4,720,540,6.9,6.9,global,286.0,,,,,,C-mount,GigE,PoE,"Mono8/10/12/16, Bayer8/10/12/16, RGB8, BGR8, YCbCr8, YCbCr411, YUV422, YUV411, QOI_Mono8, QOI_BayerRG8, QOI_RGB8, QOI_BGR8, QOI_YCbCr8",CMOS,30,24,24,27.35
Lucid Vision,PHXET004S-CC,area,IMX287,Sony,,6.3,"1/2.9""",0.4,720,540,6.9,6.9,global,286.0,,,,,,C-mount Extended Head,GigE,PoE,"Mono8/10/12/16, Bayer8/10/12/16, RGB8, BGR8, YCbCr8, YCbCr411, YUV422, YUV411, QOI_Mono8, QOI_BayerRG8, QOI_RGB8, QOI_BGR8, QOI_YCbCr8",CMOS,30,24,24,27.35
Lucid Vision,PHXET004S-MC,area,IMX287,Sony,,6.3,"1/2.9""",0.4,720,540,6.9,6.9,global,286.0,,,,,,C-mount Extended Head,GigE,PoE,"Mono8/10/12/16, Bayer8/10/12/16, RGB8, BGR8, YCbCr8, YCbCr411, YUV422, YUV411, QOI_Mono8, QOI_BayerRG8, QOI_RGB8, QOI_BGR8, QOI_YCbCr8",CMOS,30,24,24,27.35
Lucid Vision,PHX004S-CNF,area,IMX287,Sony,,6.3,"1/2.9""",0.4,720,540,6.9,6.9,global,286.0,,,,,,NF-mount,GigE,PoE,"Mono8/10/12/16, Bayer8/10/12/16, RGB8, BGR8, YCbCr8, YCbCr411, YUV422, YUV411, QOI_Mono8, QOI_BayerRG8, QOI_RGB8, QOI_BGR8, QOI_YCbCr8",CMOS,30,24,24,27.35
Lucid Vision,PHX004S-MNF,area,IMX287,Sony,,6.3,"1/2.9""",0.4,720,540,6.9,6.9,global,286.0,,,,,,NF-mount,GigE,PoE,"Mono8/10/12/16, Bayer8/10/12/16, RGB8, BGR8, YCbCr8, YCbCr411, YUV422, YUV411, QOI_Mono8, QOI_BayerRG8, QOI_RGB8, QOI_BGR8, QOI_YCbCr8",CMOS,30,24,24,27.35
Lucid Vision,PHX004S-CS,area,IMX287,Sony,,6.3,"1/2.9""",0.4,720,540,6.9,6.9,global,286.0,,,,,,S-mount,GigE,PoE,"Mono8/10/12/16, Bayer8/10/12/16, RGB8, BGR8, YCbCr8, YCbCr411, YUV422, YUV411, QOI_Mono8, QOI_BayerRG8, QOI_RGB8, QOI_BGR8, QOI_YCbCr8",CMOS,30,24,24,27.35
Lucid Vision,PHX004S-MS,area,IMX287,Sony,,6.3,"1/2.9""",0.4,720,540,6.9,6.9,global,286.0,,,,,,S-mount,GigE,PoE,"Mono8/10/12/16, Bayer8/10/12/16, RGB8, BGR8, YCbCr8, YCbCr411, YUV422, YUV411, QOI_Mono8, QOI_BayerRG8, QOI_RGB8, QOI_BGR8, QOI_YCbCr8",CMOS,30,24,24,27.35
Lucid Vision,PHX004S-CNL,area,IMX287,Sony,,6.3,"1/2.9""",0.4,720,540,6.9,6.9,global,286.0,,,,,,No Mount,GigE,PoE,"Mono8/10/12/16, Bayer8/10/12/16, RGB8, BGR8, YCbCr8, YCbCr411, YUV422, YUV411, QOI_Mono8, QOI_BayerRG8, QOI_RGB8, QOI_BGR8, QOI_YCbCr8",CMOS,30,24,24,27.35
Lucid Vision,PHX004S-MNL,area,IMX287,Sony,,6.3,"1/2.9""",0.4,720,540,6.9,6.9,global,286.0,,,,,,No Mount,GigE,PoE,"Mono8/10/12/16, Bayer8/10/12/16, RGB8, BGR8, YCbCr8, YCbCr411, YUV422, YUV411, QOI_Mono8, QOI_BayerRG8, QOI_RGB8, QOI_BGR8, QOI_YCbCr8",CMOS,30,24,24,27.35
Lucid Vision,PHX004S-MNLF,area,IMX287,Sony,,6.3,"1/2.9""",0.4,720,540,6.9,6.9,global,286.0,,,,,,No Mount with Flange,GigE,PoE,"Mono8/10/12/16, Bayer8/10/12/16, RGB8, BGR8, YCbCr8, YCbCr411, YUV422, YUV411, QOI_Mono8, QOI_BayerRG8, QOI_RGB8, QOI_BGR8, QOI_YCbCr8",CMOS,30,24,24,27.35
Lucid Vision,PHX004S-CNLF,area,IMX287,Sony,,6.3,"1/2.9""",0.4,720,540,6.9,6.9,global,286.0,,,,,,No Mount with Flange,GigE,PoE,"Mono8/10/12/16, Bayer8/10/12/16, RGB8, BGR8, YCbCr8, YCbCr411, YUV422, YUV411, QOI_Mono8, QOI_BayerRG8, QOI_RGB8, QOI_BGR8, QOI_YCbCr8",CMOS,30,24,24,27.35
Lucid Vision,PHX004S-CC-IX,area,IMX287,Sony,,6.3,"1/2.9""",0.4,720,540,6.9,6.9,global,286.0,,,,,,C-mount,GigE,PoE,"Mono8/10/12/16, Bayer8/10/12/16, RGB8, BGR8, YCbCr8, YCbCr411, YUV422, YUV411, QOI_Mono8, QOI_BayerRG8, QOI_RGB8, QOI_BGR8, QOI_YCbCr8",CMOS,30,24,24,27.35
Lucid Vision,PHX004S-MC-IX,area,IMX287,Sony,,6.3,"1/2.9""",0.4,720,540,6.9,6.9,global,286.0,,,,,,C-mount,GigE,PoE,"Mono8/10/12/16, Bayer8/10/12/16, RGB8, BGR8, YCbCr8, YCbCr411, YUV422, YUV411, QOI_Mono8, QOI_BayerRG8, QOI_RGB8, QOI_BGR8, QOI_YCbCr8",CMOS,30,24,24,27.35
Lucid Vision,PHX004S-CNF-IX,area,IMX287,Sony,,6.3,"1/2.9""",0.4,720,540,6.9,6.9,global,286.0,,,,,,NF-mount,GigE,PoE,"Mono8/10/12/16, Bayer8/10/12/16, RGB8, BGR8, YCbCr8, YCbCr411, YUV422, YUV411, QOI_Mono8, QOI_BayerRG8, QOI_RGB8, QOI_BGR8, QOI_YCbCr8",CMOS,30,24,24,27.35
Lucid Vision,PHX004S-MNF-IX,area,IMX287,Sony,,6.3,"1/2.9""",0.4,720,540,6.9,6.9,global,286.0,,,,,,NF-mount,GigE,PoE,"Mono8/10/12/16, Bayer8/10/12/16, RGB8, BGR8, YCbCr8, YCbCr411, YUV422, YUV411, QOI_Mono8, QOI_BayerRG8, QOI_RGB8, QOI_BGR8, QOI_YCbCr8",CMOS,30,24,24,27.35
Lucid Vision,PDH050S,area,IMX264,Sony,x2,11.1,"2/3""",5.0,2448,2048,3.45,3.45,global,11.0,,,,,,Dual C-mount Remote Head,GigE,PoE,"Mono: Mono8/10/12/16, Mono10p/12p, Mono10Packed/12Packed, DualMono8/10/12/16, DualMono10p/12p, DualMono10Packed/12Packed | Color: Bayer8/10/12/16, RGB8, BGR8, YCbCr8, YCbCr411, YUV422, YUV411, DualBayerRG8, DualBayerRG10, DualBayerRG10Packed, DualBayerRG10p,",CMOS,54,28,36,32.8
Lucid Vision,PDH050S-CC,area,IMX264,Sony,x2,11.1,"2/3""",5.0,2448,2048,3.45,3.45,global,11.0,,,,,,C-mount,GigE,PoE,"Mono: Mono8/10/12/16, Mono10p/12p, Mono10Packed/12Packed, DualMono8/10/12/16, DualMono10p/12p, DualMono10Packed/12Packed | Color: Bayer8/10/12/16, RGB8, BGR8, YCbCr8, YCbCr411, YUV422, YUV411, DualBayerRG8, DualBayerRG10, DualBayerRG10Packed, DualBayerRG10p,",CMOS,54,28,36,32.8
Lucid Vision,PDH050S-MC,area,IMX264,Sony,x2,11.1,"2/3""",5.0,2448,2048,3.45,3.45,global,11.0,,,,,,C-mount,GigE,PoE,"Mono: Mono8/10/12/16, Mono10p/12p, Mono10Packed/12Packed, DualMono8/10/12/16, DualMono10p/12p, DualMono10Packed/12Packed | Color: Bayer8/10/12/16, RGB8, BGR8, YCbCr8, YCbCr411, YUV422, YUV411, DualBayerRG8, DualBayerRG10, DualBayerRG10Packed, DualBayerRG10p,",CMOS,54,28,36,32.8
Lucid Vision,PDH050S-CC-FFC,area,IMX264,Sony,x2,11.1,"2/3""",5.0,2448,2048,3.45,3.45,global,11.0,,,,,,C-mount,GigE,PoE,"Mono: Mono8/10/12/16, Mono10p/12p, Mono10Packed/12Packed, DualMono8/10/12/16, DualMono10p/12p, DualMono10Packed/12Packed | Color: Bayer8/10/12/16, RGB8, BGR8, YCbCr8, YCbCr411, YUV422, YUV411, DualBayerRG8, DualBayerRG10, DualBayerRG10Packed, DualBayerRG10p,",CMOS,54,28,36,32.8
Lucid Vision,PDH050S-MC-FFC,area,IMX264,Sony,x2,11.1,"2/3""",5.0,2448,2048,3.45,3.45,global,11.0,,,,,,C-mount,GigE,PoE,"Mono: Mono8/10/12/16, Mono10p/12p, Mono10Packed/12Packed, DualMono8/10/12/16, DualMono10p/12p, DualMono10Packed/12Packed | Color: Bayer8/10/12/16, RGB8, BGR8, YCbCr8, YCbCr411, YUV422, YUV411, DualBayerRG8, DualBayerRG10, DualBayerRG10Packed, DualBayerRG10p,",CMOS,54,28,36,32.8
Lucid Vision,PDH050S-CNL,area,IMX264,Sony,x2,11.1,"2/3""",5.0,2448,2048,3.45,3.45,global,11.0,,,,,,No Mount,GigE,PoE,"Mono: Mono8/10/12/16, Mono10p/12p, Mono10Packed/12Packed, DualMono8/10/12/16, DualMono10p/12p, DualMono10Packed/12Packed | Color: Bayer8/10/12/16, RGB8, BGR8, YCbCr8, YCbCr411, YUV422, YUV411, DualBayerRG8, DualBayerRG10, DualBayerRG10Packed, DualBayerRG10p,",CMOS,54,28,36,32.8
Lucid Vision,PDH050S-MNL,area,IMX264,Sony,x2,11.1,"2/3""",5.0,2448,2048,3.45,3.45,global,11.0,,,,,,No Mount,GigE,PoE,"Mono: Mono8/10/12/16, Mono10p/12p, Mono10Packed/12Packed, DualMono8/10/12/16, DualMono10p/12p, DualMono10Packed/12Packed | Color: Bayer8/10/12/16, RGB8, BGR8, YCbCr8, YCbCr411, YUV422, YUV411, DualBayerRG8, DualBayerRG10, DualBayerRG10Packed, DualBayerRG10p,",CMOS,54,28,36,32.8
Lucid Vision,PDH016S,area,IMX273,Sony,x2,6.3,"1/2.9""",1.6,1440,1080,3.45,3.45,global,35.8,,,,,,Dual C-S-mount Remote Head,GigE,PoE,"Mono: Mono8/10/12/16, Mono10p/12p, Mono10Packed/12Packed, DualMono8/10/12/16, DualMono10p/12p, DualMono10Packed/12Packed | Color: Bayer8/10/12/16, RGB8, BGR8, YCbCr8, YCbCr411, YUV422, YUV411, DualBayerRG8, DualBayerRG10, DualBayerRG10Packed, DualBayerRG10p,",CMOS,54,28,36,32.8
Lucid Vision,PDH016S-CC,area,IMX273,Sony,x2,6.3,"1/2.9""",1.6,1440,1080,3.45,3.45,global,35.8,,,,,,C-mount,GigE,PoE,"Mono: Mono8/10/12/16, Mono10p/12p, Mono10Packed/12Packed, DualMono8/10/12/16, DualMono10p/12p, DualMono10Packed/12Packed | Color: Bayer8/10/12/16, RGB8, BGR8, YCbCr8, YCbCr411, YUV422, YUV411, DualBayerRG8, DualBayerRG10, DualBayerRG10Packed, DualBayerRG10p,",CMOS,54,28,36,32.8
Lucid Vision,PDH016S-MC,area,IMX273,Sony,x2,6.3,"1/2.9""",1.6,1440,1080,3.45,3.45,global,35.8,,,,,,C-mount,GigE,PoE,"Mono: Mono8/10/12/16, Mono10p/12p, Mono10Packed/12Packed, DualMono8/10/12/16, DualMono10p/12p, DualMono10Packed/12Packed | Color: Bayer8/10/12/16, RGB8, BGR8, YCbCr8, YCbCr411, YUV422, YUV411, DualBayerRG8, DualBayerRG10, DualBayerRG10Packed, DualBayerRG10p,",CMOS,54,28,36,32.8
Lucid Vision,PDH016S-CC-FFC,area,IMX273,Sony,x2,6.3,"1/2.9""",1.6,1440,1080,3.45,3.45,global,35.8,,,,,,C-mount,GigE,PoE,"Mono: Mono8/10/12/16, Mono10p/12p, Mono10Packed/12Packed, DualMono8/10/12/16, DualMono10p/12p, DualMono10Packed/12Packed | Color: Bayer8/10/12/16, RGB8, BGR8, YCbCr8, YCbCr411, YUV422, YUV411, DualBayerRG8, DualBayerRG10, DualBayerRG10Packed, DualBayerRG10p,",CMOS,54,28,36,32.8
Lucid Vision,PDH016S-MC-FFC,area,IMX273,Sony,x2,6.3,"1/2.9""",1.6,1440,1080,3.45,3.45,global,35.8,,,,,,C-mount,GigE,PoE,"Mono: Mono8/10/12/16, Mono10p/12p, Mono10Packed/12Packed, DualMono8/10/12/16, DualMono10p/12p, DualMono10Packed/12Packed | Color: Bayer8/10/12/16, RGB8, BGR8, YCbCr8, YCbCr411, YUV422, YUV411, DualBayerRG8, DualBayerRG10, DualBayerRG10Packed, DualBayerRG10p,",CMOS,54,28,36,32.8
Lucid Vision,PDH016S-CS,area,IMX273,Sony,x2,6.3,"1/2.9""",1.6,1440,1080,3.45,3.45,global,35.8,,,,,,S-mount,GigE,PoE,"Mono: Mono8/10/12/16, Mono10p/12p, Mono10Packed/12Packed, DualMono8/10/12/16, DualMono10p/12p, DualMono10Packed/12Packed | Color: Bayer8/10/12/16, RGB8, BGR8, YCbCr8, YCbCr411, YUV422, YUV411, DualBayerRG8, DualBayerRG10, DualBayerRG10Packed, DualBayerRG10p,",CMOS,54,28,36,32.8
Lucid Vision,PDH016S-MS,area,IMX273,Sony,x2,6.3,"1/2.9""",1.6,1440,1080,3.45,3.45,global,35.8,,,,,,S-mount,GigE,PoE,"Mono: Mono8/10/12/16, Mono10p/12p, Mono10Packed/12Packed, DualMono8/10/12/16, DualMono10p/12p, DualMono10Packed/12Packed | Color: Bayer8/10/12/16, RGB8, BGR8, YCbCr8, YCbCr411, YUV422, YUV411, DualBayerRG8, DualBayerRG10, DualBayerRG10Packed, DualBayerRG10p,",CMOS,54,28,36,32.8
Lucid Vision,PDH016S-CS-FFC,area,IMX273,Sony,x2,6.3,"1/2.9""",1.6,1440,1080,3.45,3.45,global,35.8,,,,,,S-mount,GigE,PoE,"Mono: Mono8/10/12/16, Mono10p/12p, Mono10Packed/12Packed, DualMono8/10/12/16, DualMono10p/12p, DualMono10Packed/12Packed | Color: Bayer8/10/12/16, RGB8, BGR8, YCbCr8, YCbCr411, YUV422, YUV411, DualBayerRG8, DualBayerRG10, DualBayerRG10Packed, DualBayerRG10p,",CMOS,54,28,36,32.8
Lucid Vision,PDH016S-MS-FFC,area,IMX273,Sony,x2,6.3,"1/2.9""",1.6,1440,1080,3.45,3.45,global,35.8,,,,,,S-mount,GigE,PoE,"Mono: Mono8/10/12/16, Mono10p/12p, Mono10Packed/12Packed, DualMono8/10/12/16, DualMono10p/12p, DualMono10Packed/12Packed | Color: Bayer8/10/12/16, RGB8, BGR8, YCbCr8, YCbCr411, YUV422, YUV411, DualBayerRG8, DualBayerRG10, DualBayerRG10Packed, DualBayerRG10p,",CMOS,54,28,36,32.8
Lucid Vision,TRX470S,area,IMX492,Sony,,23.1,"1.4""",47.0,8232,5588,2.315,2.315,"rolling, global reset",13.7,,,,,,TFL-mount,"10GigE, 5GigE, 2.5GigE",PoE,"Mono8/10/12/16, Bayer8/10/12/16, RGB8, BGR8, YCbCr8, YCbCr411, YUV422, YUV411",CMOS,249,44,44,82
Lucid Vision,TRX470S-CT,area,IMX492,Sony,,23.1,"1.4""",47.0,8232,5588,2.315,2.315,"rolling, global reset",13.7,,,,,,TFL-mount,"10GigE, 5GigE, 2.5GigE",PoE,"Mono8/10/12/16, Bayer8/10/12/16, RGB8, BGR8, YCbCr8, YCbCr411, YUV422, YUV411",CMOS,249,44,44,82
Lucid Vision,TRX470S-MT,area,IMX492,Sony,,23.1,"1.4""",47.0,8232,5588,2.315,2.315,"rolling, global reset",13.7,,,,,,TFL-mount,"10GigE, 5GigE, 2.5GigE",PoE,"Mono8/10/12/16, Bayer8/10/12/16, RGB8, BGR8, YCbCr8, YCbCr411, YUV422, YUV411",CMOS,249,44,44,82
Lucid Vision,TRX245S,area,IMX530,Sony,Pregius-S | BSI,19.3,"1.2""",24.5,5320,4600,2.74,2.74,global,35.5,,,,,,C-mount,"10GigE, 5GigE, 2.5GigE",PoE,"Mono8/10/12/16, Bayer8/10/12/16, RGB8, BGR8, YCbCr8, YCbCr411, YUV422, YUV411",BSI CMOS,243,44,44,82
Lucid Vision,TRX245S-CC,area,IMX530,Sony,Pregius-S | BSI,19.3,"1.2""",24.5,5320,4600,2.74,2.74,global,35.5,,,,,,C-mount,"10GigE, 5GigE, 2.5GigE",PoE,"Mono8/10/12/16, Bayer8/10/12/16, RGB8, BGR8, YCbCr8, YCbCr411, YUV422, YUV411",BSI CMOS,243,44,44,82
Lucid Vision,TRX245S-MC,area,IMX530,Sony,Pregius-S | BSI,19.3,"1.2""",24.5,5320,4600,2.74,2.74,global,35.5,,,,,,C-mount,"10GigE, 5GigE, 2.5GigE",PoE,"Mono8/10/12/16, Bayer8/10/12/16, RGB8, BGR8, YCbCr8, YCbCr411, YUV422, YUV411",BSI CMOS,243,44,44,82
Lucid Vision,TRX246S,area,IMX540,Sony,Pregius-S | BSI,19.3,"1.2""",24.5,5320,4600,2.74,2.74,global,28.6,,,,,,C-mount,"10GigE, 5GigE, 2.5GigE",PoE,"Mono8/10/12/16, Bayer8/10/12/16, RGB8, BGR8, YCbCr8, YCbCr411, YUV422, YUV411",BSI CMOS,243,44,44,82
Lucid Vision,TRX246S-CC,area,IMX540,Sony,Pregius-S | BSI,19.3,"1.2""",24.5,5320,4600,2.74,2.74,global,28.6,,,,,,C-mount,"10GigE, 5GigE, 2.5GigE",PoE,"Mono8/10/12/16, Bayer8/10/12/16, RGB8, BGR8, YCbCr8, YCbCr411, YUV422, YUV411",BSI CMOS,243,44,44,82
Lucid Vision,TRX246S-MC,area,IMX540,Sony,Pregius-S | BSI,19.3,"1.2""",24.5,5320,4600,2.74,2.74,global,28.6,,,,,,C-mount,"10GigE, 5GigE, 2.5GigE",PoE,"Mono8/10/12/16, Bayer8/10/12/16, RGB8, BGR8, YCbCr8, YCbCr411, YUV422, YUV411",BSI CMOS,243,44,44,82
Lucid Vision,TRX204S,area,IMX531,Sony,Pregius-S | BSI,17.5,"1.1""",20.4,4504,4504,2.74,2.74,global,42.8,,,,,,C-mount,"10GigE, 5GigE, 2.5GigE",PoE,"Mono8/10/12/16, Bayer8/10/12/16, RGB8, BGR8, YCbCr8, YCbCr411, YUV422, YUV411",BSI CMOS,243,44,44,82
Lucid Vision,TRX204S-CC,area,IMX531,Sony,Pregius-S | BSI,17.5,"1.1""",20.4,4504,4504,2.74,2.74,global,42.8,,,,,,C-mount,"10GigE, 5GigE, 2.5GigE",PoE,"Mono8/10/12/16, Bayer8/10/12/16, RGB8, BGR8, YCbCr8, YCbCr411, YUV422, YUV411",BSI CMOS,243,44,44,82
Lucid Vision,TRX204S-MC,area,IMX531,Sony,Pregius-S | BSI,17.5,"1.1""",20.4,4504,4504,2.74,2.74,global,42.8,,,,,,C-mount,"10GigE, 5GigE, 2.5GigE",PoE,"Mono8/10/12/16, Bayer8/10/12/16, RGB8, BGR8, YCbCr8, YCbCr411, YUV422, YUV411",BSI CMOS,243,44,44,82
Lucid Vision,TRX205S,area,IMX541,Sony,Pregius-S | BSI,17.5,"1.1""",20.4,4504,4504,2.74,2.74,global,34.1,,,,,,C-mount,"10GigE, 5GigE, 2.5GigE",PoE,"Mono8/10/12/16, Bayer8/10/12/16, RGB8, BGR8, YCbCr8, YCbCr411, YUV422, YUV411",BSI CMOS,243,44,44,82
Lucid Vision,TRX205S-CC,area,IMX541,Sony,Pregius-S | BSI,17.5,"1.1""",20.4,4504,4504,2.74,2.74,global,34.1,,,,,,C-mount,"10GigE, 5GigE, 2.5GigE",PoE,"Mono8/10/12/16, Bayer8/10/12/16, RGB8, BGR8, YCbCr8, YCbCr411, YUV422, YUV411",BSI CMOS,243,44,44,82
Lucid Vision,TRX205S-MC,area,IMX541,Sony,Pregius-S | BSI,17.5,"1.1""",20.4,4504,4504,2.74,2.74,global,34.1,,,,,,C-mount,"10GigE, 5GigE, 2.5GigE",PoE,"Mono8/10/12/16, Bayer8/10/12/16, RGB8, BGR8, YCbCr8, YCbCr411, YUV422, YUV411",BSI CMOS,243,44,44,82
Lucid Vision,TRX162S,area,IMX532,Sony,Pregius-S | BSI,16.8,"1.1""",16.2,5320,3032,2.74,2.74,global,53.0,,,,,,C-mount,"10GigE, 5GigE, 2.5GigE",PoE,"Mono8/10/12/16, Bayer8/10/12/16, RGB8, BGR8, YCbCr8, YCbCr411, YUV422, YUV411",BSI CMOS,243,44,44,82
Lucid Vision,TRX162S-CC,area,IMX532,Sony,Pregius-S | BSI,16.8,"1.1""",16.2,5320,3032,2.74,2.74,global,53.0,,,,,,C-mount,"10GigE, 5GigE, 2.5GigE",PoE,"Mono8/10/12/16, Bayer8/10/12/16, RGB8, BGR8, YCbCr8, YCbCr411, YUV422, YUV411",BSI CMOS,243,44,44,82
Lucid Vision,TRX162S-MC,area,IMX532,Sony,Pregius-S | BSI,16.8,"1.1""",16.2,5320,3032,2.74,2.74,global,53.0,,,,,,C-mount,"10GigE, 5GigE, 2.5GigE",PoE,"Mono8/10/12/16, Bayer8/10/12/16, RGB8, BGR8, YCbCr8, YCbCr411, YUV422, YUV411",BSI CMOS,243,44,44,82
Lucid Vision,TRX163S,area,IMX542,Sony,Pregius-S | BSI,16.8,"1.1""",16.2,5320,3032,2.74,2.74,global,42.8,,,,,,C-mount,"10GigE, 5GigE, 2.5GigE",PoE,"Mono8/10/12/16, Bayer8/10/12/16, RGB8, BGR8, YCbCr8, YCbCr411, YUV422, YUV411",BSI CMOS,243,44,44,82
Lucid Vision,TRX163S-CC,area,IMX542,Sony,Pregius-S | BSI,16.8,"1.1""",16.2,5320,3032,2.74,2.74,global,42.8,,,,,,C-mount,"10GigE, 5GigE, 2.5GigE",PoE,"Mono8/10/12/16, Bayer8/10/12/16, RGB8, BGR8, YCbCr8, YCbCr411, YUV422, YUV411",BSI CMOS,243,44,44,82
Lucid Vision,TRX163S-MC,area,IMX542,Sony,Pregius-S | BSI,16.8,"1.1""",16.2,5320,3032,2.74,2.74,global,42.8,,,,,,C-mount,"10GigE, 5GigE, 2.5GigE",PoE,"Mono8/10/12/16, Bayer8/10/12/16, RGB8, BGR8, YCbCr8, YCbCr411, YUV422, YUV411",BSI CMOS,243,44,44,82
Lucid Vision,TRX124S,area,IMX535,Sony,Pregius-S | BSI,14.0,"1/1.1""",12.3,4096,3000,2.74,2.74,global,89.7,,,,,,C-mount,"10GigE, 5GigE, 2.5GigE",PoE,"Mono8/10/12/16, Bayer8/10/12/16, RGB8, BGR8, YCbCr8, YCbCr411, YUV422, YUV411",BSI CMOS,243,44,44,82
Lucid Vision,TRX124S-CC,area,IMX535,Sony,Pregius-S | BSI,14.0,"1/1.1""",12.3,4096,3000,2.74,2.74,global,89.7,,,,,,C-mount,"10GigE, 5GigE, 2.5GigE",PoE,"Mono8/10/12/16, Bayer8/10/12/16, RGB8, BGR8, YCbCr8, YCbCr411, YUV422, YUV411",BSI CMOS,243,44,44,82
Lucid Vision,TRX124S-MC,area,IMX535,Sony,Pregius-S | BSI,14.0,"1/1.1""",12.3,4096,3000,2.74,2.74,global,89.7,,,,,,C-mount,"10GigE, 5GigE, 2.5GigE",PoE,"Mono8/10/12/16, Bayer8/10/12/16, RGB8, BGR8, YCbCr8, YCbCr411, YUV422, YUV411",BSI CMOS,243,44,44,82
Lucid Vision,TRX125S,area,IMX545,Sony,Pregius-S | BSI,14.0,"1/1.1""",12.3,4096,3000,2.74,2.74,global,54.9,,,,,,C-mount,"10GigE, 5GigE, 2.5GigE",PoE,"Mono8/10/12/16, Bayer8/10/12/16, RGB8, BGR8, YCbCr8, YCbCr411, YUV422, YUV411",BSI CMOS,243,44,44,82
Lucid Vision,TRX125S-CC,area,IMX545,Sony,Pregius-S | BSI,14.0,"1/1.1""",12.3,4096,3000,2.74,2.74,global,54.9,,,,,,C-mount,"10GigE, 5GigE, 2.5GigE",PoE,"Mono8/10/12/16, Bayer8/10/12/16, RGB8, BGR8, YCbCr8, YCbCr411, YUV422, YUV411",BSI CMOS,243,44,44,82
Lucid Vision,TRX125S-MC,area,IMX545,Sony,Pregius-S | BSI,14.0,"1/1.1""",12.3,4096,3000,2.74,2.74,global,54.9,,,,,,C-mount,"10GigE, 5GigE, 2.5GigE",PoE,"Mono8/10/12/16, Bayer8/10/12/16, RGB8, BGR8, YCbCr8, YCbCr411, YUV422, YUV411",BSI CMOS,243,44,44,82
Lucid Vision,TRX081S,area,IMX536,Sony,Pregius-S | BSI,11.1,"2/3""",8.1,2840,2840,2.74,2.74,global,129.8,,,,,,C-mount,"10GigE, 5GigE, 2.5GigE",PoE,"Mono8/10/12/16, Bayer8/10/12/16, RGB8, BGR8, YCbCr8, YCbCr411, YUV422, YUV411",BSI CMOS,243,44,44,82
Lucid Vision,TRX081S-CC,area,IMX536,Sony,Pregius-S | BSI,11.1,"2/3""",8.1,2840,2840,2.74,2.74,global,129.8,,,,,,C-mount,"10GigE, 5GigE, 2.5GigE",PoE,"Mono8/10/12/16, Bayer8/10/12/16, RGB8, BGR8, YCbCr8, YCbCr411, YUV422, YUV411",BSI CMOS,243,44,44,82
Lucid Vision,TRX081S-MC,area,IMX536,Sony,Pregius-S | BSI,11.1,"2/3""",8.1,2840,2840,2.74,2.74,global,129.8,,,,,,C-mount,"10GigE, 5GigE, 2.5GigE",PoE,"Mono8/10/12/16, Bayer8/10/12/16, RGB8, BGR8, YCbCr8, YCbCr411, YUV422, YUV411",BSI CMOS,243,44,44,82
Lucid Vision,TRX071S,area,IMX420,Sony,,17.6,"1.1""",7.1,3208,2200,4.5,4.5,global,91.1,,,,,,C-mount,"10GigE, 5GigE, 2.5GigE",PoE,"Mono8/10/12/16, Bayer8/10/12/16, RGB8, BGR8, YCbCr8, YCbCr411, YUV422, YUV411",CMOS,243,44,44,82
Lucid Vision,TRX071S-CC,area,IMX420,Sony,,17.6,"1.1""",7.1,3208,2200,4.5,4.5,global,91.1,,,,,,C-mount,"10GigE, 5GigE, 2.5GigE",PoE,"Mono8/10/12/16, Bayer8/10/12/16, RGB8, BGR8, YCbCr8, YCbCr411, YUV422, YUV411",CMOS,243,44,44,82
Lucid Vision,TRX071S-MC,area,IMX420,Sony,,17.6,"1.1""",7.1,3208,2200,4.5,4.5,global,91.1,,,,,,C-mount,"10GigE, 5GigE, 2.5GigE",PoE,"Mono8/10/12/16, Bayer8/10/12/16, RGB8, BGR8, YCbCr8, YCbCr411, YUV422, YUV411",CMOS,243,44,44,82
Lucid Vision,TRX051S,area,IMX537,Sony,Pregius-S | BSI,8.8,"1/1.8""",5.0,2448,2048,2.74,2.74,global,201.3,,,,,,C-mount,"10GigE, 5GigE, 2.5GigE",PoE,"Mono8/10/12/16, Bayer8/10/12/16, RGB8, BGR8, YCbCr8, YCbCr411, YUV422, YUV411",BSI CMOS,243,44,44,82
Lucid Vision,TRX051S-CC,area,IMX537,Sony,Pregius-S | BSI,8.8,"1/1.8""",5.0,2448,2048,2.74,2.74,global,201.3,,,,,,C-mount,"10GigE, 5GigE, 2.5GigE",PoE,"Mono8/10/12/16, Bayer8/10/12/16, RGB8, BGR8, YCbCr8, YCbCr411, YUV422, YUV411",BSI CMOS,243,44,44,82
Lucid Vision,TRX051S-MC,area,IMX537,Sony,Pregius-S | BSI,8.8,"1/1.8""",5.0,2448,2048,2.74,2.74,global,201.3,,,,,,C-mount,"10GigE, 5GigE, 2.5GigE",PoE,"Mono8/10/12/16, Bayer8/10/12/16, RGB8, BGR8, YCbCr8, YCbCr411, YUV422, YUV411",BSI CMOS,243,44,44,82
Lucid Vision,TRX028S,area,IMX421,Sony,,11.0,"2/3""",2.8,1936,1464,4.5,4.5,global,216.0,,,,,,C-mount,"10GigE, 5GigE, 2.5GigE",PoE,"Mono8/10/12/16, Bayer8/10/12/16, RGB8, BGR8, YCbCr8, YCbCr411, YUV422, YUV411",CMOS,243,44,44,82
Lucid Vision,TRX028S-CC,area,IMX421,Sony,,11.0,"2/3""",2.8,1936,1464,4.5,4.5,global,216.0,,,,,,C-mount,"10GigE, 5GigE, 2.5GigE",PoE,"Mono8/10/12/16, Bayer8/10/12/16, RGB8, BGR8, YCbCr8, YCbCr411, YUV422, YUV411",CMOS,243,44,44,82
Lucid Vision,TRX028S-MC,area,IMX421,Sony,,11.0,"2/3""",2.8,1936,1464,4.5,4.5,global,216.0,,,,,,C-mount,"10GigE, 5GigE, 2.5GigE",PoE,"Mono8/10/12/16, Bayer8/10/12/16, RGB8, BGR8, YCbCr8, YCbCr411, YUV422, YUV411",CMOS,243,44,44,82
Lucid Vision,TRT245S,area,IMX540,Sony,,19.3,"1.2""",24.5,5320,4600,2.74,2.74,global,11.3,,,,,,C-mount,2.5GigE,PoE,"Mono8/10/12/16, Bayer8/10/12/16, RGB8, BGR8, YCbCr8, YCbCr411, YUV422, YUV411",CMOS,90,44,29,45.3
Lucid Vision,TRT245S-CC,area,IMX540,Sony,,19.3,"1.2""",24.5,5320,4600,2.74,2.74,global,11.3,,,,,,C-mount,2.5GigE,PoE,"Mono8/10/12/16, Bayer8/10/12/16, RGB8, BGR8, YCbCr8, YCbCr411, YUV422, YUV411",CMOS,90,44,29,45.3
Lucid Vision,TRT245S-MC,area,IMX540,Sony,,19.3,"1.2""",24.5,5320,4600,2.74,2.74,global,11.3,,,,,,C-mount,2.5GigE,PoE,"Mono8/10/12/16, Bayer8/10/12/16, RGB8, BGR8, YCbCr8, YCbCr411, YUV422, YUV411",CMOS,90,44,29,45.3
Lucid Vision,TRT204S,area,IMX541,Sony,,17.5,"1.1""",20.4,4504,4504,2.74,2.74,global,13.5,,,,,,C-mount,2.5GigE,PoE,"Mono8/10/12/16, Bayer8/10/12/16, RGB8, BGR8, YCbCr8, YCbCr411, YUV422, YUV411",CMOS,90,44,29,45.3
Lucid Vision,TRT204S-CC,area,IMX541,Sony,,17.5,"1.1""",20.4,4504,4504,2.74,2.74,global,13.5,,,,,,C-mount,2.5GigE,PoE,"Mono8/10/12/16, Bayer8/10/12/16, RGB8, BGR8, YCbCr8, YCbCr411, YUV422, YUV411",CMOS,90,44,29,45.3
Lucid Vision,TRT204S-MC,area,IMX541,Sony,,17.5,"1.1""",20.4,4504,4504,2.74,2.74,global,13.5,,,,,,C-mount,2.5GigE,PoE,"Mono8/10/12/16, Bayer8/10/12/16, RGB8, BGR8, YCbCr8, YCbCr411, YUV422, YUV411",CMOS,90,44,29,45.3
Lucid Vision,TRT200S,area,IMX183,Sony,,15.86,"1""",20.0,5472,3648,2.4,2.4,"rolling, global reset",9.0,,,,,,C-mount,2.5GigE,PoE,"Mono8/10/12/16, Bayer8/10/12/16, RGB8, BGR8, YCbCr8, YCbCr411, YUV422, YUV411",CMOS,90,44,29,45.3
Lucid Vision,TRT200S-CC,area,IMX183,Sony,,15.86,"1""",20.0,5472,3648,2.4,2.4,"rolling, global reset",9.0,,,,,,C-mount,2.5GigE,PoE,"Mono8/10/12/16, Bayer8/10/12/16, RGB8, BGR8, YCbCr8, YCbCr411, YUV422, YUV411",CMOS,90,44,29,45.3
Lucid Vision,TRT200S-MC,area,IMX183,Sony,,15.86,"1""",20.0,5472,3648,2.4,2.4,"rolling, global reset",9.0,,,,,,C-mount,2.5GigE,PoE,"Mono8/10/12/16, Bayer8/10/12/16, RGB8, BGR8, YCbCr8, YCbCr411, YUV422, YUV411",CMOS,90,44,29,45.3
Lucid Vision,TRT162S,area,IMX542,Sony,,16.8,"1.1""",16.2,5320,3032,2.74,2.74,global,17.5,,,,,,C-mount,2.5GigE,PoE,"Mono8/10/12/16, Bayer8/10/12/16, RGB8, BGR8, YCbCr8, YCbCr411, YUV422, YUV411",CMOS,90,44,29,45.3
Lucid Vision,TRT162S-CC,area,IMX542,Sony,,16.8,"1.1""",16.2,5320,3032,2.74,2.74,global,17.5,,,,,,C-mount,2.5GigE,PoE,"Mono8/10/12/16, Bayer8/10/12/16, RGB8, BGR8, YCbCr8, YCbCr411, YUV422, YUV411",CMOS,90,44,29,45.3
Lucid Vision,TRT162S-MC,area,IMX542,Sony,,16.8,"1.1""",16.2,5320,3032,2.74,2.74,global,17.5,,,,,,C-mount,2.5GigE,PoE,"Mono8/10/12/16, Bayer8/10/12/16, RGB8, BGR8, YCbCr8, YCbCr411, YUV422, YUV411",CMOS,90,44,29,45.3
Lucid Vision,TRT124S,area,IMX545,Sony,,14.0,"1/1.1""",12.3,4096,3000,2.74,2.74,global,21.7,,,,,,C-mount,2.5GigE,PoE,"Mono8/10/12/16, Bayer8/10/12/16, RGB8, BGR8, YCbCr8, YCbCr411, YUV422, YUV411",CMOS,90,44,29,45.3
Lucid Vision,TRT124S-CC,area,IMX545,Sony,,14.0,"1/1.1""",12.3,4096,3000,2.74,2.74,global,21.7,,,,,,C-mount,2.5GigE,PoE,"Mono8/10/12/16, Bayer8/10/12/16, RGB8, BGR8, YCbCr8, YCbCr411, YUV422, YUV411",CMOS,90,44,29,45.3
Lucid Vision,TRT124S-MC,area,IMX545,Sony,,14.0,"1/1.1""",12.3,4096,3000,2.74,2.74,global,21.7,,,,,,C-mount,2.5GigE,PoE,"Mono8/10/12/16, Bayer8/10/12/16, RGB8, BGR8, YCbCr8, YCbCr411, YUV422, YUV411",CMOS,90,44,29,45.3
Lucid Vision,TRT120S,area,IMX304,Sony,,17.6,"1.1""",12.3,4096,3000,3.45,3.45,global,22.6,,,,,,C-mount,2.5GigE,PoE,"Mono8/10/12/16, Bayer8/10/12/16, RGB8, BGR8, YCbCr8, YCbCr411, YUV422, YUV411",CMOS,90,44,29,45.3
Lucid Vision,TRT120S-CC,area,IMX304,Sony,,17.6,"1.1""",12.3,4096,3000,3.45,3.45,global,22.6,,,,,,C-mount,2.5GigE,PoE,"Mono8/10/12/16, Bayer8/10/12/16, RGB8, BGR8, YCbCr8, YCbCr411, YUV422, YUV411",CMOS,90,44,29,45.3
Lucid Vision,TRT120S-MC,area,IMX304,Sony,,17.6,"1.1""",12.3,4096,3000,3.45,3.45,global,22.6,,,,,,C-mount,2.5GigE,PoE,"Mono8/10/12/16, Bayer8/10/12/16, RGB8, BGR8, YCbCr8, YCbCr411, YUV422, YUV411",CMOS,90,44,29,45.3
Lucid Vision,TRT081S,area,IMX546,Sony,,11.1,"2/3""",8.1,2840,2840,2.74,2.74,global,31.8,,,,,,C-mount,2.5GigE,PoE,"Mono8/10/12/16, Bayer8/10/12/16, RGB8, BGR8, YCbCr8, YCbCr411, YUV422, YUV411",CMOS,90,44,29,45.3
Lucid Vision,TRT081S-CC,area,IMX546,Sony,,11.1,"2/3""",8.1,2840,2840,2.74,2.74,global,31.8,,,,,,C-mount,2.5GigE,PoE,"Mono8/10/12/16, Bayer8/10/12/16, RGB8, BGR8, YCbCr8, YCbCr411, YUV422, YUV411",CMOS,90,44,29,45.3
Lucid Vision,TRT081S-MC,area,IMX546,Sony,,11.1,"2/3""",8.1,2840,2840,2.74,2.74,global,31.8,,,,,,C-mount,2.5GigE,PoE,"Mono8/10/12/16, Bayer8/10/12/16, RGB8, BGR8, YCbCr8, YCbCr411, YUV422, YUV411",CMOS,90,44,29,45.3
Lucid Vision,TRT071S,area,IMX428,Sony,,17.6,"1.1""",7.1,3208,2200,4.5,4.5,global,35.0,,,,,,C-mount,2.5GigE,PoE,"Mono8/10/12/16, Bayer8/10/12/16, RGB8, BGR8, YCbCr8, YCbCr411, YUV422, YUV411",CMOS,90,44,29,45.3
Lucid Vision,TRT071S-CC,area,IMX428,Sony,,17.6,"1.1""",7.1,3208,2200,4.5,4.5,global,35.0,,,,,,C-mount,2.5GigE,PoE,"Mono8/10/12/16, Bayer8/10/12/16, RGB8, BGR8, YCbCr8, YCbCr411, YUV422, YUV411",CMOS,90,44,29,45.3
Lucid Vision,TRT071S-MC,area,IMX428,Sony,,17.6,"1.1""",7.1,3208,2200,4.5,4.5,global,35.0,,,,,,C-mount,2.5GigE,PoE,"Mono8/10/12/16, Bayer8/10/12/16, RGB8, BGR8, YCbCr8, YCbCr411, YUV422, YUV411",CMOS,90,44,29,45.3
Lucid Vision,TRT064S,area,IMX178,Sony,,8.92,"1/1.8""",6.3,3072,2048,2.4,2.4,"rolling, global reset",42.8,,,,,,C-mount,2.5GigE,PoE,"Mono8/10/12/16, Bayer8/10/12/16, RGB8, BGR8, YCbCr8, YCbCr411, YUV422, YUV411",CMOS,90,44,29,45.3
Lucid Vision,TRT064S-CC,area,IMX178,Sony,,8.92,"1/1.8""",6.3,3072,2048,2.4,2.4,"rolling, global reset",42.8,,,,,,C-mount,2.5GigE,PoE,"Mono8/10/12/16, Bayer8/10/12/16, RGB8, BGR8, YCbCr8, YCbCr411, YUV422, YUV411",CMOS,90,44,29,45.3
Lucid Vision,TRT064S-MC,area,IMX178,Sony,,8.92,"1/1.8""",6.3,3072,2048,2.4,2.4,"rolling, global reset",42.8,,,,,,C-mount,2.5GigE,PoE,"Mono8/10/12/16, Bayer8/10/12/16, RGB8, BGR8, YCbCr8, YCbCr411, YUV422, YUV411",CMOS,90,44,29,45.3
Lucid Vision,TRT051S,area,IMX547,Sony,,8.8,"1/1.8""",5.0,2448,2048,2.74,2.74,global,49.2,,,,,,C-mount,2.5GigE,PoE,"Mono8/10/12/16, Bayer8/10/12/16, RGB8, BGR8, YCbCr8, YCbCr411, YUV422, YUV411",CMOS,90,44,29,45.3
Lucid Vision,TRI051S-CC,area,IMX547,Sony,,8.8,"1/1.8""",5.0,2448,2048,2.74,2.74,global,49.2,,,,,,C-mount,2.5GigE,PoE,"Mono8/10/12/16, Bayer8/10/12/16, RGB8, BGR8, YCbCr8, YCbCr411, YUV422, YUV411",CMOS,90,44,29,45.3
Lucid Vision,TRI051S-MC,area,IMX547,Sony,,8.8,"1/1.8""",5.0,2448,2048,2.74,2.74,global,49.2,,,,,,C-mount,2.5GigE,PoE,"Mono8/10/12/16, Bayer8/10/12/16, RGB8, BGR8, YCbCr8, YCbCr411, YUV422, YUV411",CMOS,90,44,29,45.3
Lucid Vision,TRT050S,area,IMX264,Sony,,11.1,"2/3""",5.0,2448,2048,3.45,3.45,global,35.6,,,,,,C-mount,2.5GigE,PoE,"Mono8/10/12/16, Bayer8/10/12/16, RGB8, BGR8, YCbCr8, YCbCr411, YUV422, YUV411",CMOS,90,44,29,45.3
Lucid Vision,TRI050S-CC,area,IMX264,Sony,,11.1,"2/3""",5.0,2448,2048,3.45,3.45,global,35.6,,,,,,C-mount,2.5GigE,PoE,"Mono8/10/12/16, Bayer8/10/12/16, RGB8, BGR8, YCbCr8, YCbCr411, YUV422, YUV411",CMOS,90,44,29,45.3
Lucid Vision,TRI050S-MC,area,IMX264,Sony,,11.1,"2/3""",5.0,2448,2048,3.45,3.45,global,35.6,,,,,,C-mount,2.5GigE,PoE,"Mono8/10/12/16, Bayer8/10/12/16, RGB8, BGR8, YCbCr8, YCbCr411, YUV422, YUV411",CMOS,90,44,29,45.3
Lucid Vision,TRT032S,area,IMX265,Sony,,8.9,"1/1.8""",3.2,2048,1536,3.45,3.45,global,55.6,,,,,,C-mount,2.5GigE,PoE,"Mono8/10/12/16, Bayer8/10/12/16, RGB8, BGR8, YCbCr8, YCbCr411, YUV422, YUV411",CMOS,90,44,29,45.3
Lucid Vision,TRI032S-CC,area,IMX265,Sony,,8.9,"1/1.8""",3.2,2048,1536,3.45,3.45,global,55.6,,,,,,C-mount,2.5GigE,PoE,"Mono8/10/12/16, Bayer8/10/12/16, RGB8, BGR8, YCbCr8, YCbCr411, YUV422, YUV411",CMOS,90,44,29,45.3
Lucid Vision,TRI032S-MC,area,IMX265,Sony,,8.9,"1/1.8""",3.2,2048,1536,3.45,3.45,global,55.6,,,,,,C-mount,2.5GigE,PoE,"Mono8/10/12/16, Bayer8/10/12/16, RGB8, BGR8, YCbCr8, YCbCr411, YUV422, YUV411",CMOS,90,44,29,45.3
Lucid Vision,TRT028S,area,IMX429,Sony,,11.0,"2/3""",2.8,1936,1464,4.5,4.5,global,64.9,,,,,,C-mount,2.5GigE,PoE,"Mono8/10/12/16, Bayer8/10/12/16, RGB8, BGR8, YCbCr8, YCbCr411, YUV422, YUV411",CMOS,90,44,29,45.3
Lucid Vision,TRT028S-CC,area,IMX429,Sony,,11.0,"2/3""",2.8,1936,1464,4.5,4.5,global,64.9,,,,,,C-mount,2.5GigE,PoE,"Mono8/10/12/16, Bayer8/10/12/16, RGB8, BGR8, YCbCr8, YCbCr411, YUV422, YUV411",CMOS,90,44,29,45.3
Lucid Vision,TRT028S-MC,area,IMX429,Sony,,11.0,"2/3""",2.8,1936,1464,4.5,4.5,global,64.9,,,,,,C-mount,2.5GigE,PoE,"Mono8/10/12/16, Bayer8/10/12/16, RGB8, BGR8, YCbCr8, YCbCr411, YUV422, YUV411",CMOS,90,44,29,45.3
Lucid Vision,TRT024G,area,GMAX4002,Gpixel,,9.5,"1/1.7""",2.4,2048,1200,4.0,4.0,global,107.2,,,,,,C-mount,2.5GigE,PoE,"Mono8/10/12/16, Bayer8/10/12/16, RGB8, BGR8, YCbCr8, YCbCr411, YUV422, YUV411",CMOS,90,44,29,45.3
Lucid Vision,TRT024G-CC,area,GMAX4002,Gpixel,,9.5,"1/1.7""",2.4,2048,1200,4.0,4.0,global,107.2,,,,,,C-mount,2.5GigE,PoE,"Mono8/10/12/16, Bayer8/10/12/16, RGB8, BGR8, YCbCr8, YCbCr411, YUV422, YUV411",CMOS,90,44,29,45.3
Lucid Vision,TRT024G-MC,area,GMAX4002,Gpixel,,9.5,"1/1.7""",2.4,2048,1200,4.0,4.0,global,107.2,,,,,,C-mount,2.5GigE,PoE,"Mono8/10/12/16, Bayer8/10/12/16, RGB8, BGR8, YCbCr8, YCbCr411, YUV422, YUV411",CMOS,90,44,29,45.3
Lucid Vision,TRT023S,area,IMX392,Sony,,7.9,"1/2.3""",2.3,1920,1200,3.45,3.45,global,116.7,,,,,,C-mount,2.5GigE,PoE,"Mono8/10/12/16, Bayer8/10/12/16, RGB8, BGR8, YCbCr8, YCbCr411, YUV422, YUV411",CMOS,90,44,29,45.3
Lucid Vision,TRT023S-CC,area,IMX392,Sony,,7.9,"1/2.3""",2.3,1920,1200,3.45,3.45,global,116.7,,,,,,C-mount,2.5GigE,PoE,"Mono8/10/12/16, Bayer8/10/12/16, RGB8, BGR8, YCbCr8, YCbCr411, YUV422, YUV411",CMOS,90,44,29,45.3
Lucid Vision,TRT023S-MC,area,IMX392,Sony,,7.9,"1/2.3""",2.3,1920,1200,3.45,3.45,global,116.7,,,,,,C-mount,2.5GigE,PoE,"Mono8/10/12/16, Bayer8/10/12/16, RGB8, BGR8, YCbCr8, YCbCr411, YUV422, YUV411",CMOS,90,44,29,45.3
Lucid Vision,TRT016S,area,IMX273,Sony,,6.3,"1/2.9""",1.6,1440,1080,3.45,3.45,global,166.3,,,,,,C-mount,2.5GigE,PoE,"Mono8/10/12/16, Bayer8/10/12/16, RGB8, BGR8, YCbCr8, YCbCr411, YUV422, YUV411",CMOS,90,44,29,45.3
Lucid Vision,TRT016S-CC,area,IMX273,Sony,,6.3,"1/2.9""",1.6,1440,1080,3.45,3.45,global,166.3,,,,,,C-mount,2.5GigE,PoE,"Mono8/10/12/16, Bayer8/10/12/16, RGB8, BGR8, YCbCr8, YCbCr411, YUV422, YUV411",CMOS,90,44,29,45.3
Lucid Vision,TRT016S-MC,area,IMX273,Sony,,6.3,"1/2.9""",1.6,1440,1080,3.45,3.45,global,166.3,,,,,,C-mount,2.5GigE,PoE,"Mono8/10/12/16, Bayer8/10/12/16, RGB8, BGR8, YCbCr8, YCbCr411, YUV422, YUV411",CMOS,90,44,29,45.3
Lucid Vision,TRT053S-WC,,IMX992,Sony,InGaAs,11.4,"1/1.4""",5.2,2560,2048,3.45,3.45,global,49.4,,,400.0,1700.0,,C-mount,2.5GigE,PoE,Mono8/10/12/16,InGaAs,90,44,29,45.3
Lucid Vision,TRT053S-WC,,IMX992,Sony,InGaAs,11.4,"1/1.4""",5.2,2560,2048,3.45,3.45,global,,,,400.0,1700.0,,C-mount,2.5GigE,PoE,Mono8/10/12/16,InGaAs,90,44,29,45.3
Lucid Vision,TRT033S-WC,,IMX993,Sony,InGaAs,8.9,"1/1.8""",3.2,2048,1536,3.45,3.45,global,80.3,,,400.0,1700.0,,C-mount,2.5GigE,PoE,Mono8/10/12/16,InGaAs,90,44,29,45.3
Lucid Vision,TRT033S-WC,,IMX993,Sony,InGaAs,8.9,"1/1.8""",3.2,2048,1536,3.45,3.45,global,,,,400.0,1700.0,,C-mount,2.5GigE,PoE,Mono8/10/12/16,InGaAs,90,44,29,45.3
Lucid Vision,TRT009S-EC,,IMX636,Sony/Prophesee,,7.137,"1/2.5""",0.9,1280,720,4.86,4.86,,,,,,,,C-mount,2.5GigE,PoE,,CMOS,90,44,29,45.3
Lucid Vision,TRT009S-EC,,IMX636,Sony/Prophesee,,7.137,"1/2.5""",0.9,1280,720,4.86,4.86,,,,,,,,C-mount,2.5GigE,PoE,,CMOS,90,44,29,45.3
Lucid Vision,TRT003S-EC,,IMX637,Sony/Prophesee,,3.983,"1/4.5""",0.3,640,512,4.86,4.86,,,,,,,,C-mount,2.5GigE,PoE,,CMOS,90,44,29,45.3
Lucid Vision,TRT003S-EC,,IMX637,Sony/Prophesee,,3.983,"1/4.5""",0.3,640,512,4.86,4.86,,,,,,,,C-mount,2.5GigE,PoE,,CMOS,90,44,29,45.3
Lucid Vision,TRT04KG-MC,line,GL3504,Gpixel,,14.3,,,4096,2,,,global,,65.0,,,,,C-mount,2.5GigE,PoE,"Mono8/10/12/16, CFA_RBGG8/10/12/16, CFA4by1_WBGR8/10/12/16, RGB8, BGR8, YCbCr8, YCbCr411, YUV422, YUV411",CMOS,90,44,29,45.3
Lucid Vision,TRT04KG-MC,line,GL3504,Gpixel,,14.3,,,4096,2,,,global,,65.0,,,,,C-mount,2.5GigE,PoE,"Mono8/10/12/16, CFA_RBGG8/10/12/16, CFA4by1_WBGR8/10/12/16, RGB8, BGR8, YCbCr8, YCbCr411, YUV422, YUV411",CMOS,90,44,29,45.3
Lucid Vision,TRT04KG-CC,line,GL3504,Gpixel,,14.3,,,4096,2,,,global,,65.0,,,,,C-mount,2.5GigE,PoE,"Mono8/10/12/16, CFA_RBGG8/10/12/16, CFA4by1_WBGR8/10/12/16, RGB8, BGR8, YCbCr8, YCbCr411, YUV422, YUV411",CMOS,90,44,29,45.3
Lucid Vision,TRI245S,area,IMX540,Sony,,19.3,"1.2""",24.5,5320,4600,2.74,2.74,global,4.5,,,,,,C-mount,GigE,PoE,"Mono8/10/12/16, Bayer8/10/12/16, RGB8, BGR8, YCbCr8, YCbCr411, YUV422, YUV411, QOI_Mono8, QOI_BayerRG8, QOI_RGB8, QOI_BGR8, QOI_YCbCr8",CMOS,67,29,29,45
Lucid Vision,TRI245S-CC,area,IMX540,Sony,,19.3,"1.2""",24.5,5320,4600,2.74,2.74,global,4.5,,,,,,C-mount,GigE,PoE,"Mono8/10/12/16, Bayer8/10/12/16, RGB8, BGR8, YCbCr8, YCbCr411, YUV422, YUV411, QOI_Mono8, QOI_BayerRG8, QOI_RGB8, QOI_BGR8, QOI_YCbCr8",CMOS,67,29,29,45
Lucid Vision,TRI245S-MC,area,IMX540,Sony,,19.3,"1.2""",24.5,5320,4600,2.74,2.74,global,4.5,,,,,,C-mount,GigE,PoE,"Mono8/10/12/16, Bayer8/10/12/16, RGB8, BGR8, YCbCr8, YCbCr411, YUV422, YUV411, QOI_Mono8, QOI_BayerRG8, QOI_RGB8, QOI_BGR8, QOI_YCbCr8",CMOS,67,29,29,45
Lucid Vision,TRI204S,area,IMX541,Sony,,17.5,"1.1""",20.4,4504,4504,2.74,2.74,global,5.5,,,,,,C-mount,GigE,PoE,"Mono8/10/12/16, Bayer8/10/12/16, RGB8, BGR8, YCbCr8, YCbCr411, YUV422, YUV411, QOI_Mono8, QOI_BayerRG8, QOI_RGB8, QOI_BGR8, QOI_YCbCr8",CMOS,67,29,29,45
Lucid Vision,TRI204S-CC,area,IMX541,Sony,,17.5,"1.1""",20.4,4504,4504,2.74,2.74,global,5.5,,,,,,C-mount,GigE,PoE,"Mono8/10/12/16, Bayer8/10/12/16, RGB8, BGR8, YCbCr8, YCbCr411, YUV422, YUV411, QOI_Mono8, QOI_BayerRG8, QOI_RGB8, QOI_BGR8, QOI_YCbCr8",CMOS,67,29,29,45
Lucid Vision,TRI204S-MC,area,IMX541,Sony,,17.5,"1.1""",20.4,4504,4504,2.74,2.74,global,5.5,,,,,,C-mount,GigE,PoE,"Mono8/10/12/16, Bayer8/10/12/16, RGB8, BGR8, YCbCr8, YCbCr411, YUV422, YUV411, QOI_Mono8, QOI_BayerRG8, QOI_RGB8, QOI_BGR8, QOI_YCbCr8",CMOS,67,29,29,45
Lucid Vision,TRI200S,area,IMX183,Sony,,15.86,"1""",20.0,5472,3648,2.4,2.4,"rolling, global reset",5.6,,,,,,C-mount,GigE,PoE,"Mono8/10/12/16, Bayer8/10/12/16, RGB8, BGR8, YCbCr8, YCbCr411, YUV422, YUV411, QOI_Mono8, QOI_BayerRG8, QOI_RGB8, QOI_BGR8, QOI_YCbCr8",CMOS,67,29,29,45
Lucid Vision,TRI200S-CC,area,IMX183,Sony,,15.86,"1""",20.0,5472,3648,2.4,2.4,"rolling, global reset",5.6,,,,,,C-mount,GigE,PoE,"Mono8/10/12/16, Bayer8/10/12/16, RGB8, BGR8, YCbCr8, YCbCr411, YUV422, YUV411, QOI_Mono8, QOI_BayerRG8, QOI_RGB8, QOI_BGR8, QOI_YCbCr8",CMOS,67,29,29,45
Lucid Vision,TRI200S-MC,area,IMX183,Sony,,15.86,"1""",20.0,5472,3648,2.4,2.4,"rolling, global reset",5.6,,,,,,C-mount,GigE,PoE,"Mono8/10/12/16, Bayer8/10/12/16, RGB8, BGR8, YCbCr8, YCbCr411, YUV422, YUV411, QOI_Mono8, QOI_BayerRG8, QOI_RGB8, QOI_BGR8, QOI_YCbCr8",CMOS,67,29,29,45
Lucid Vision,TRI162S,area,IMX542,Sony,,16.8,"1.1""",16.2,5320,3032,2.74,2.74,global,6.9,,,,,,C-mount,GigE,PoE,"Mono8/10/12/16, Bayer8/10/12/16, RGB8, BGR8, YCbCr8, YCbCr411, YUV422, YUV411, QOI_Mono8, QOI_BayerRG8, QOI_RGB8, QOI_BGR8, QOI_YCbCr8",CMOS,67,29,29,45
Lucid Vision,TRI162S-CC,area,IMX542,Sony,,16.8,"1.1""",16.2,5320,3032,2.74,2.74,global,6.9,,,,,,C-mount,GigE,PoE,"Mono8/10/12/16, Bayer8/10/12/16, RGB8, BGR8, YCbCr8, YCbCr411, YUV422, YUV411, QOI_Mono8, QOI_BayerRG8, QOI_RGB8, QOI_BGR8, QOI_YCbCr8",CMOS,67,29,29,45
Lucid Vision,TRI162S-MC,area,IMX542,Sony,,16.8,"1.1""",16.2,5320,3032,2.74,2.74,global,6.9,,,,,,C-mount,GigE,PoE,"Mono8/10/12/16, Bayer8/10/12/16, RGB8, BGR8, YCbCr8, YCbCr411, YUV422, YUV411, QOI_Mono8, QOI_BayerRG8, QOI_RGB8, QOI_BGR8, QOI_YCbCr8",CMOS,67,29,29,45
Lucid Vision,TRI124S,area,IMX545,Sony,,14.0,"1/1.1""",12.3,4096,3000,2.74,2.74,global,9.0,,,,,,C-mount,GigE,PoE,"Mono8/10/12/16, Bayer8/10/12/16, RGB8, BGR8, YCbCr8, YCbCr411, YUV422, YUV411, QOI_Mono8, QOI_BayerRG8, QOI_RGB8, QOI_BGR8, QOI_YCbCr8",CMOS,67,29,29,45
Lucid Vision,TRI124S-CC,area,IMX545,Sony,,14.0,"1/1.1""",12.3,4096,3000,2.74,2.74,global,9.0,,,,,,C-mount,GigE,PoE,"Mono8/10/12/16, Bayer8/10/12/16, RGB8, BGR8, YCbCr8, YCbCr411, YUV422, YUV411, QOI_Mono8, QOI_BayerRG8, QOI_RGB8, QOI_BGR8, QOI_YCbCr8",CMOS,67,29,29,45
Lucid Vision,TRI124S-MC,area,IMX545,Sony,,14.0,"1/1.1""",12.3,4096,3000,2.74,2.74,global,9.0,,,,,,C-mount,GigE,PoE,"Mono8/10/12/16, Bayer8/10/12/16, RGB8, BGR8, YCbCr8, YCbCr411, YUV422, YUV411, QOI_Mono8, QOI_BayerRG8, QOI_RGB8, QOI_BGR8, QOI_YCbCr8",CMOS,67,29,29,45
Lucid Vision,TRI120S,area,IMX304,Sony,,17.6,"1.1""",12.3,4096,3000,3.45,3.45,global,9.0,,,,,,C-mount,GigE,PoE,"Mono8/10/12/16, Bayer8/10/12/16, RGB8, BGR8, YCbCr8, YCbCr411, YUV422, YUV411, QOI_Mono8, QOI_BayerRG8, QOI_RGB8, QOI_BGR8, QOI_YCbCr8",CMOS,67,29,29,45
Lucid Vision,TRI120S-CC,area,IMX304,Sony,,17.6,"1.1""",12.3,4096,3000,3.45,3.45,global,9.0,,,,,,C-mount,GigE,PoE,"Mono8/10/12/16, Bayer8/10/12/16, RGB8, BGR8, YCbCr8, YCbCr411, YUV422, YUV411, QOI_Mono8, QOI_BayerRG8, QOI_RGB8, QOI_BGR8, QOI_YCbCr8",CMOS,67,29,29,45
Lucid Vision,TRI120S-MC,area,IMX304,Sony,,17.6,"1.1""",12.3,4096,3000,3.45,3.45,global,9.0,,,,,,C-mount,GigE,PoE,"Mono8/10/12/16, Bayer8/10/12/16, RGB8, BGR8, YCbCr8, YCbCr411, YUV422, YUV411, QOI_Mono8, QOI_BayerRG8, QOI_RGB8, QOI_BGR8, QOI_YCbCr8",CMOS,67,29,29,45
Lucid Vision,TRI122S,area,IMX226,Sony,BSI Starvis,9.33,"1/1.7""",12.2,4024,3036,1.85,1.85,"rolling, global reset",9.1,,,,,,C-mount,GigE,PoE,"Mono8/10/12/16, Bayer8/10/12/16, RGB8, BGR8, YCbCr8, YCbCr411, YUV422, YUV411, QOI_Mono8, QOI_BayerRG8, QOI_RGB8, QOI_BGR8, QOI_YCbCr8",BSI CMOS,67,29,29,45
Lucid Vision,TRI122S-CC,area,IMX226,Sony,BSI Starvis,9.33,"1/1.7""",12.2,4024,3036,1.85,1.85,"rolling, global reset",9.1,,,,,,C-mount,GigE,PoE,"Mono8/10/12/16, Bayer8/10/12/16, RGB8, BGR8, YCbCr8, YCbCr411, YUV422, YUV411, QOI_Mono8, QOI_BayerRG8, QOI_RGB8, QOI_BGR8, QOI_YCbCr8",BSI CMOS,67,29,29,45
Lucid Vision,TRI122S-MC,area,IMX226,Sony,BSI Starvis,9.33,"1/1.7""",12.2,4024,3036,1.85,1.85,"rolling, global reset",9.1,,,,,,C-mount,GigE,PoE,"Mono8/10/12/16, Bayer8/10/12/16, RGB8, BGR8, YCbCr8, YCbCr411, YUV422, YUV411, QOI_Mono8, QOI_BayerRG8, QOI_RGB8, QOI_BGR8, QOI_YCbCr8",BSI CMOS,67,29,29,45
Lucid Vision,TRI089S,area,IMX267,Sony,,16.1,"1""",8.9,4096,2160,3.45,3.45,global,12.5,,,,,,C-mount,GigE,PoE,"Mono8/10/12/16, Bayer8/10/12/16, RGB8, BGR8, YCbCr8, YCbCr411, YUV422, YUV411, QOI_Mono8, QOI_BayerRG8, QOI_RGB8, QOI_BGR8, QOI_YCbCr8",CMOS,67,29,29,45
Lucid Vision,TRI089S-CC,area,IMX267,Sony,,16.1,"1""",8.9,4096,2160,3.45,3.45,global,12.5,,,,,,C-mount,GigE,PoE,"Mono8/10/12/16, Bayer8/10/12/16, RGB8, BGR8, YCbCr8, YCbCr411, YUV422, YUV411, QOI_Mono8, QOI_BayerRG8, QOI_RGB8, QOI_BGR8, QOI_YCbCr8",CMOS,67,29,29,45
Lucid Vision,TRI089S-MC,area,IMX267,Sony,,16.1,"1""",8.9,4096,2160,3.45,3.45,global,12.5,,,,,,C-mount,GigE,PoE,"Mono8/10/12/16, Bayer8/10/12/16, RGB8, BGR8, YCbCr8, YCbCr411, YUV422, YUV411, QOI_Mono8, QOI_BayerRG8, QOI_RGB8, QOI_BGR8, QOI_YCbCr8",CMOS,67,29,29,45
Lucid Vision,TRI081S,area,IMX546,Sony,,11.1,"2/3""",8.1,2840,2840,2.74,2.74,global,13.8,,,,,,C-mount,GigE,PoE,"Mono8/10/12/16, Bayer8/10/12/16, RGB8, BGR8, YCbCr8, YCbCr411, YUV422, YUV411, QOI_Mono8, QOI_BayerRG8, QOI_RGB8, QOI_BGR8, QOI_YCbCr8",CMOS,67,29,29,45
Lucid Vision,TRI081S-CC,area,IMX546,Sony,,11.1,"2/3""",8.1,2840,2840,2.74,2.74,global,13.8,,,,,,C-mount,GigE,PoE,"Mono8/10/12/16, Bayer8/10/12/16, RGB8, BGR8, YCbCr8, YCbCr411, YUV422, YUV411, QOI_Mono8, QOI_BayerRG8, QOI_RGB8, QOI_BGR8, QOI_YCbCr8",CMOS,67,29,29,45
Lucid Vision,TRI081S-MC,area,IMX546,Sony,,11.1,"2/3""",8.1,2840,2840,2.74,2.74,global,13.8,,,,,,C-mount,GigE,PoE,"Mono8/10/12/16, Bayer8/10/12/16, RGB8, BGR8, YCbCr8, YCbCr411, YUV422, YUV411, QOI_Mono8, QOI_BayerRG8, QOI_RGB8, QOI_BGR8, QOI_YCbCr8",CMOS,67,29,29,45
Lucid Vision,TRI071S,area,IMX428,Sony,,17.6,"1.1""",7.1,3208,2200,4.5,4.5,global,15.8,,,,,,C-mount,GigE,PoE,"Mono8/10/12/16, Bayer8/10/12/16, RGB8, BGR8, YCbCr8, YCbCr411, YUV422, YUV411, QOI_Mono8, QOI_BayerRG8, QOI_RGB8, QOI_BGR8, QOI_YCbCr8",CMOS,67,29,29,45
Lucid Vision,TRI071S-CC,area,IMX428,Sony,,17.6,"1.1""",7.1,3208,2200,4.5,4.5,global,15.8,,,,,,C-mount,GigE,PoE,"Mono8/10/12/16, Bayer8/10/12/16, RGB8, BGR8, YCbCr8, YCbCr411, YUV422, YUV411, QOI_Mono8, QOI_BayerRG8, QOI_RGB8, QOI_BGR8, QOI_YCbCr8",CMOS,67,29,29,45
Lucid Vision,TRI071S-MC,area,IMX428,Sony,,17.6,"1.1""",7.1,3208,2200,4.5,4.5,global,15.8,,,,,,C-mount,GigE,PoE,"Mono8/10/12/16, Bayer8/10/12/16, RGB8, BGR8, YCbCr8, YCbCr411, YUV422, YUV411, QOI_Mono8, QOI_BayerRG8, QOI_RGB8, QOI_BGR8, QOI_YCbCr8",CMOS,67,29,29,45
Lucid Vision,TRI064S,area,IMX178,Sony,,8.92,"1/1.8""",6.3,3072,2048,2.4,2.4,"rolling, global reset",17.7,,,,,,C-mount,GigE,PoE,"Mono8/10/12/16, Bayer8/10/12/16, RGB8, BGR8, YCbCr8, YCbCr411, YUV422, YUV411, QOI_Mono8, QOI_BayerRG8, QOI_RGB8, QOI_BGR8, QOI_YCbCr8",CMOS,67,29,29,45
Lucid Vision,TRI064S-CC,area,IMX178,Sony,,8.92,"1/1.8""",6.3,3072,2048,2.4,2.4,"rolling, global reset",17.7,,,,,,C-mount,GigE,PoE,"Mono8/10/12/16, Bayer8/10/12/16, RGB8, BGR8, YCbCr8, YCbCr411, YUV422, YUV411, QOI_Mono8, QOI_BayerRG8, QOI_RGB8, QOI_BGR8, QOI_YCbCr8",CMOS,67,29,29,45
Lucid Vision,TRI064S-MC,area,IMX178,Sony,,8.92,"1/1.8""",6.3,3072,2048,2.4,2.4,"rolling, global reset",17.7,,,,,,C-mount,GigE,PoE,"Mono8/10/12/16, Bayer8/10/12/16, RGB8, BGR8, YCbCr8, YCbCr411, YUV422, YUV411, QOI_Mono8, QOI_BayerRG8, QOI_RGB8, QOI_BGR8, QOI_YCbCr8",CMOS,67,29,29,45
Lucid Vision,TRI054S,area,IMX490,Sony,,10.36,"1/1.55""",5.36,2880,1860,3.0,3.0,rolling,20.8,,,,,,C-mount,GigE,PoE,"Mono8/10/12/16/24, Bayer8/10/12/16/24, RGB8/12p/16/24, BGR8/12p/16/24, YCbCr422_8/16/24, YCbCr411_8/16/24",CMOS,67,29,29,45
Lucid Vision,TRI054S-CC,area,IMX490,Sony,,10.36,"1/1.55""",5.36,2880,1860,3.0,3.0,rolling,20.8,,,,,,C-mount,GigE,PoE,"Mono8/10/12/16/24, Bayer8/10/12/16/24, RGB8/12p/16/24, BGR8/12p/16/24, YCbCr422_8/16/24, YCbCr411_8/16/24",CMOS,67,29,29,45
Lucid Vision,TDR054S,area,IMX490,Sony,,10.36,"1/1.55""",5.36,2880,1860,3.0,3.0,rolling,13.8,,,,,,C-mount,GigE,PoE,"Bayer8/12p/16/24, RGB8, BGR8, YCbCr422_8/16, YCbCr411_8/16",CMOS,67,29,29,45
Lucid Vision,TDR054S-CC,area,IMX490,Sony,,10.36,"1/1.55""",5.36,2880,1860,3.0,3.0,rolling,13.8,,,,,,C-mount,GigE,PoE,"Bayer8/12p/16/24, RGB8, BGR8, YCbCr422_8/16, YCbCr411_8/16",CMOS,67,29,29,45
Lucid Vision,TRI050S1-P/Q,area,IMX264MZR / IMX264MYR,Sony,Polarized | IMX264MZR(mono) | IMX264MYR(color),11.1,"2/3""",5.0,2448,2048,3.45,3.45,global,22.0,,,,,,C-mount,GigE,PoE,"Mono8/12/16, PolarizeMono8/12/16 (Mono)BayerRG8/12/16, PolarizeMono8/12/16 (Color)",CMOS,67,29,29,45
Lucid Vision,TRI050S1-QC,area,IMX264MZR / IMX264MYR,Sony,Polarized | IMX264MZR(mono) | IMX264MYR(color),11.1,"2/3""",5.0,2448,2048,3.45,3.45,global,22.0,,,,,,C-mount,GigE,PoE,"Mono8/12/16, PolarizeMono8/12/16 (Mono)BayerRG8/12/16, PolarizeMono8/12/16 (Color)",CMOS,67,29,29,45
Lucid Vision,TRI050S1-PC,area,IMX264MZR / IMX264MYR,Sony,Polarized | IMX264MZR(mono) | IMX264MYR(color),11.1,"2/3""",5.0,2448,2048,3.45,3.45,global,22.0,,,,,,C-mount,GigE,PoE,"Mono8/12/16, PolarizeMono8/12/16 (Mono)BayerRG8/12/16, PolarizeMono8/12/16 (Color)",CMOS,67,29,29,45
Lucid Vision,TRI050S-P/Q,area,IMX250MZR / IMX250MYR,Sony,Polarized | IMX250MZR(mono) | IMX250MYR(color),11.1,"2/3""",5.0,2448,2048,3.45,3.45,global,22.0,,,,,,C-mount,GigE,PoE,"Mono8/12/16, PolarizeMono8/12/16 (Mono)BayerRG8/12/16, PolarizeMono8/12/16 (Color)",CMOS,67,29,29,45
Lucid Vision,TRI050S-QC,area,IMX250MZR / IMX250MYR,Sony,Polarized | IMX250MZR(mono) | IMX250MYR(color),11.1,"2/3""",5.0,2448,2048,3.45,3.45,global,22.0,,,,,,C-mount,GigE,PoE,"Mono8/12/16, PolarizeMono8/12/16 (Mono)BayerRG8/12/16, PolarizeMono8/12/16 (Color)",CMOS,67,29,29,45
Lucid Vision,TRI050S-PC,area,IMX250MZR / IMX250MYR,Sony,Polarized | IMX250MZR(mono) | IMX250MYR(color),11.1,"2/3""",5.0,2448,2048,3.45,3.45,global,22.0,,,,,,C-mount,GigE,PoE,"Mono8/12/16, PolarizeMono8/12/16 (Mono)BayerRG8/12/16, PolarizeMono8/12/16 (Color)",CMOS,67,29,29,45
Lucid Vision,TRI051S,area,IMX547,Sony,,8.8,"1/1.8""",5.0,2448,2048,2.74,2.74,global,22.0,,,,,,C-mount,GigE,PoE,"Mono8/10/12/16, Bayer8/10/12/16, RGB8, BGR8, YCbCr8, YCbCr411, YUV422, YUV411, QOI_Mono8, QOI_BayerRG8, QOI_RGB8, QOI_BGR8, QOI_YCbCr8",CMOS,67,29,29,45
Lucid Vision,TRI051S-CC,area,IMX547,Sony,,8.8,"1/1.8""",5.0,2448,2048,2.74,2.74,global,22.0,,,,,,C-mount,GigE,PoE,"Mono8/10/12/16, Bayer8/10/12/16, RGB8, BGR8, YCbCr8, YCbCr411, YUV422, YUV411, QOI_Mono8, QOI_BayerRG8, QOI_RGB8, QOI_BGR8, QOI_YCbCr8",CMOS,67,29,29,45
Lucid Vision,TRI051S-MC,area,IMX547,Sony,,8.8,"1/1.8""",5.0,2448,2048,2.74,2.74,global,22.0,,,,,,C-mount,GigE,PoE,"Mono8/10/12/16, Bayer8/10/12/16, RGB8, BGR8, YCbCr8, YCbCr411, YUV422, YUV411, QOI_Mono8, QOI_BayerRG8, QOI_RGB8, QOI_BGR8, QOI_YCbCr8",CMOS,67,29,29,45
Lucid Vision,TRI050S,area,IMX264,Sony,,11.1,"2/3""",5.0,2448,2048,3.45,3.45,global,22.0,,,,,,C-mount,GigE,PoE,"Mono8/10/12/16, Bayer8/10/12/16, RGB8, BGR8, YCbCr8, YCbCr411, YUV422, YUV411, QOI_Mono8, QOI_BayerRG8, QOI_RGB8, QOI_BGR8, QOI_YCbCr8",CMOS,67,29,29,45
Lucid Vision,TRI050S-CC,area,IMX264,Sony,,11.1,"2/3""",5.0,2448,2048,3.45,3.45,global,22.0,,,,,,C-mount,GigE,PoE,"Mono8/10/12/16, Bayer8/10/12/16, RGB8, BGR8, YCbCr8, YCbCr411, YUV422, YUV411, QOI_Mono8, QOI_BayerRG8, QOI_RGB8, QOI_BGR8, QOI_YCbCr8",CMOS,67,29,29,45
Lucid Vision,TRI050S-MC,area,IMX264,Sony,,11.1,"2/3""",5.0,2448,2048,3.45,3.45,global,22.0,,,,,,C-mount,GigE,PoE,"Mono8/10/12/16, Bayer8/10/12/16, RGB8, BGR8, YCbCr8, YCbCr411, YUV422, YUV411, QOI_Mono8, QOI_BayerRG8, QOI_RGB8, QOI_BGR8, QOI_YCbCr8",CMOS,67,29,29,45
Lucid Vision,TRI032S,area,IMX265,Sony,,8.9,"1/1.8""",3.2,2048,1536,3.45,3.45,global,35.4,,,,,,C-mount,GigE,PoE,"Mono8/10/12/16, Bayer8/10/12/16, RGB8, BGR8, YCbCr8, YCbCr411, YUV422, YUV411, QOI_Mono8, QOI_BayerRG8, QOI_RGB8, QOI_BGR8, QOI_YCbCr8",CMOS,67,29,29,45
Lucid Vision,TRI032S-CC,area,IMX265,Sony,,8.9,"1/1.8""",3.2,2048,1536,3.45,3.45,global,35.4,,,,,,C-mount,GigE,PoE,"Mono8/10/12/16, Bayer8/10/12/16, RGB8, BGR8, YCbCr8, YCbCr411, YUV422, YUV411, QOI_Mono8, QOI_BayerRG8, QOI_RGB8, QOI_BGR8, QOI_YCbCr8",CMOS,67,29,29,45
Lucid Vision,TRI032S-MC,area,IMX265,Sony,,8.9,"1/1.8""",3.2,2048,1536,3.45,3.45,global,35.4,,,,,,C-mount,GigE,PoE,"Mono8/10/12/16, Bayer8/10/12/16, RGB8, BGR8, YCbCr8, YCbCr411, YUV422, YUV411, QOI_Mono8, QOI_BayerRG8, QOI_RGB8, QOI_BGR8, QOI_YCbCr8",CMOS,67,29,29,45
Lucid Vision,TRI028S,area,IMX429,Sony,,11.0,"2/3""",2.8,1936,1464,4.5,4.5,global,39.2,,,,,,C-mount,GigE,PoE,"Mono8/10/12/16, Bayer8/10/12/16, RGB8, BGR8, YCbCr8, YCbCr411, YUV422, YUV411, QOI_Mono8, QOI_BayerRG8, QOI_RGB8, QOI_BGR8, QOI_YCbCr8",CMOS,67,29,29,45
Lucid Vision,TRI028S-CC,area,IMX429,Sony,,11.0,"2/3""",2.8,1936,1464,4.5,4.5,global,39.2,,,,,,C-mount,GigE,PoE,"Mono8/10/12/16, Bayer8/10/12/16, RGB8, BGR8, YCbCr8, YCbCr411, YUV422, YUV411, QOI_Mono8, QOI_BayerRG8, QOI_RGB8, QOI_BGR8, QOI_YCbCr8",CMOS,67,29,29,45
Lucid Vision,TRI028S-MC,area,IMX429,Sony,,11.0,"2/3""",2.8,1936,1464,4.5,4.5,global,39.2,,,,,,C-mount,GigE,PoE,"Mono8/10/12/16, Bayer8/10/12/16, RGB8, BGR8, YCbCr8, YCbCr411, YUV422, YUV411, QOI_Mono8, QOI_BayerRG8, QOI_RGB8, QOI_BGR8, QOI_YCbCr8",CMOS,67,29,29,45
Lucid Vision,TRI023S,area,IMX392,Sony,,7.9,"1/2.3""",2.3,1920,1200,3.45,3.45,global,48.3,,,,,,C-mount,GigE,PoE,"Mono8/10/12/16, Bayer8/10/12/16, RGB8, BGR8, YCbCr8, YCbCr411, YUV422, YUV411, QOI_Mono8, QOI_BayerRG8, QOI_RGB8, QOI_BGR8, QOI_YCbCr8",CMOS,67,29,29,45
Lucid Vision,TRI023S-CC,area,IMX392,Sony,,7.9,"1/2.3""",2.3,1920,1200,3.45,3.45,global,48.3,,,,,,C-mount,GigE,PoE,"Mono8/10/12/16, Bayer8/10/12/16, RGB8, BGR8, YCbCr8, YCbCr411, YUV422, YUV411, QOI_Mono8, QOI_BayerRG8, QOI_RGB8, QOI_BGR8, QOI_YCbCr8",CMOS,67,29,29,45
Lucid Vision,TRI023S-MC,area,IMX392,Sony,,7.9,"1/2.3""",2.3,1920,1200,3.45,3.45,global,48.3,,,,,,C-mount,GigE,PoE,"Mono8/10/12/16, Bayer8/10/12/16, RGB8, BGR8, YCbCr8, YCbCr411, YUV422, YUV411, QOI_Mono8, QOI_BayerRG8, QOI_RGB8, QOI_BGR8, QOI_YCbCr8",CMOS,67,29,29,45
Lucid Vision,TRI016S,area,IMX273,Sony,,6.3,"1/2.9""",1.6,1440,1080,3.45,3.45,global,71.6,,,,,,C-mount,GigE,PoE,"Mono8/10/12/16, Bayer8/10/12/16, RGB8, BGR8, YCbCr8, YCbCr411, YUV422, YUV411, QOI_Mono8, QOI_BayerRG8, QOI_RGB8, QOI_BGR8, QOI_YCbCr8",CMOS,67,29,29,45
Lucid Vision,TRI016S-CC,area,IMX273,Sony,,6.3,"1/2.9""",1.6,1440,1080,3.45,3.45,global,71.6,,,,,,C-mount,GigE,PoE,"Mono8/10/12/16, Bayer8/10/12/16, RGB8, BGR8, YCbCr8, YCbCr411, YUV422, YUV411, QOI_Mono8, QOI_BayerRG8, QOI_RGB8, QOI_BGR8, QOI_YCbCr8",CMOS,67,29,29,45
Lucid Vision,TRI016S-MC,area,IMX273,Sony,,6.3,"1/2.9""",1.6,1440,1080,3.45,3.45,global,71.6,,,,,,C-mount,GigE,PoE,"Mono8/10/12/16, Bayer8/10/12/16, RGB8, BGR8, YCbCr8, YCbCr411, YUV422, YUV411, QOI_Mono8, QOI_BayerRG8, QOI_RGB8, QOI_BGR8, QOI_YCbCr8",CMOS,67,29,29,45
Lucid Vision,TRI005S,area,IMX433,Sony,,9.2,"1/1.7""",0.5,812,620,9.0,9.0,global,166.4,,,,,,C-mount,GigE,PoE,"Mono8/10/12/16, Bayer8/10/12/16, RGB8, BGR8, YCbCr8, YCbCr411, YUV422, YUV411, QOI_Mono8, QOI_BayerRG8, QOI_RGB8, QOI_BGR8, QOI_YCbCr8",CMOS,67,29,29,45
Lucid Vision,TRI005S-CC,area,IMX433,Sony,,9.2,"1/1.7""",0.5,812,620,9.0,9.0,global,166.4,,,,,,C-mount,GigE,PoE,"Mono8/10/12/16, Bayer8/10/12/16, RGB8, BGR8, YCbCr8, YCbCr411, YUV422, YUV411, QOI_Mono8, QOI_BayerRG8, QOI_RGB8, QOI_BGR8, QOI_YCbCr8",CMOS,67,29,29,45
Lucid Vision,TRI005S-MC,area,IMX433,Sony,,9.2,"1/1.7""",0.5,812,620,9.0,9.0,global,166.4,,,,,,C-mount,GigE,PoE,"Mono8/10/12/16, Bayer8/10/12/16, RGB8, BGR8, YCbCr8, YCbCr411, YUV422, YUV411, QOI_Mono8, QOI_BayerRG8, QOI_RGB8, QOI_BGR8, QOI_YCbCr8",CMOS,67,29,29,45
Lucid Vision,TRI004S,area,IMX287,Sony,,6.3,"1/2.9""",0.4,720,540,6.9,6.9,global,286.0,,,,,,C-mount,GigE,PoE,"Mono8/10/12/16, Bayer8/10/12/16, RGB8, BGR8, YCbCr8, YCbCr411, YUV422, YUV411, QOI_Mono8, QOI_BayerRG8, QOI_RGB8, QOI_BGR8, QOI_YCbCr8",CMOS,67,29,29,45
Lucid Vision,TRI004S-CC,area,IMX287,Sony,,6.3,"1/2.9""",0.4,720,540,6.9,6.9,global,286.0,,,,,,C-mount,GigE,PoE,"Mono8/10/12/16, Bayer8/10/12/16, RGB8, BGR8, YCbCr8, YCbCr411, YUV422, YUV411, QOI_Mono8, QOI_BayerRG8, QOI_RGB8, QOI_BGR8, QOI_YCbCr8",CMOS,67,29,29,45
Lucid Vision,TRI004S-MC,area,IMX287,Sony,,6.3,"1/2.9""",0.4,720,540,6.9,6.9,global,286.0,,,,,,C-mount,GigE,PoE,"Mono8/10/12/16, Bayer8/10/12/16, RGB8, BGR8, YCbCr8, YCbCr411, YUV422, YUV411, QOI_Mono8, QOI_BayerRG8, QOI_RGB8, QOI_BGR8, QOI_YCbCr8",CMOS,67,29,29,45
Lucid Vision,TRI013S-WC,,IMX990,Sony,InGaAs,8.2,"1/2""",1.3,1280,1024,5.0,5.0,global,84.9,,,400.0,1700.0,,C-mount,GigE,PoE,Mono8/10/12/16,InGaAs,90,44,29,45.3
Lucid Vision,TRI013S-WC,,IMX990,Sony,InGaAs,8.2,"1/2""",1.3,1280,1024,5.0,5.0,global,84.9,,,400.0,1700.0,,C-mount,GigE,PoE,Mono8/10/12/16,InGaAs,90,44,29,45.3
Lucid Vision,TRI003S-WC,,IMX991,Sony,InGaAs,4.1,"1/4""",0.3,656,520,5.0,5.0,global,257.0,,,400.0,1700.0,,C-mount,GigE,PoE+,Mono8/10/12/16,InGaAs,90,44,29,45.3
Lucid Vision,TRI003S-WC,,IMX991,Sony,InGaAs,4.1,"1/4""",0.3,656,520,5.0,5.0,global,257.0,,,400.0,1700.0,,C-mount,GigE,PoE+,Mono8/10/12/16,InGaAs,90,44,29,45.3
Lucid Vision,TRS123S-CC,,IMX501,Sony,,7.857,"1/2.3""",12.3,4056,3040,1.55,1.55,rolling,7.9,,,,,,C-mount,GigE,PoE,"Mono12/12p/12Packed, Mono16, BayerRG12/RG12p, and BayerRG12Packed, and BayerRG16",CMOS,67,29,29,45
Lucid Vision,TRS123S-CC,,IMX501,Sony,,7.857,"1/2.3""",12.3,4056,3040,1.55,1.55,rolling,7.9,,,,,,C-mount,GigE,PoE,"Mono12/12p/12Packed, Mono16, BayerRG12/RG12p, and BayerRG12Packed, and BayerRG16",CMOS,67,29,29,45
Lucid Vision,ATL314S,,IMX342,Sony,,27.9,,31.4,6464,4852,3.45,3.45,global,17.9,,,,,,"TFL-mount, No Mount","5GigE, 2.5GigE",PoE,"Mono8/10/12/16, Bayer8/10/12/16, RGB8, BGR8, YCbCr8, YCbCr411, YUV422, YUV411",CMOS,240,55,55,70
Lucid Vision,ATL314S-CT,,IMX342,Sony,,27.9,,31.4,6464,4852,3.45,3.45,global,17.9,,,,,,TFL-mount,"5GigE, 2.5GigE",PoE,"Mono8/10/12/16, Bayer8/10/12/16, RGB8, BGR8, YCbCr8, YCbCr411, YUV422, YUV411",CMOS,240,55,55,70
Lucid Vision,ATL314S-MT,,IMX342,Sony,,27.9,,31.4,6464,4852,3.45,3.45,global,17.9,,,,,,TFL-mount,"5GigE, 2.5GigE",PoE,"Mono8/10/12/16, Bayer8/10/12/16, RGB8, BGR8, YCbCr8, YCbCr411, YUV422, YUV411",CMOS,240,55,55,70
Lucid Vision,ATL314S-CNL,,IMX342,Sony,,27.9,,31.4,6464,4852,3.45,3.45,global,17.9,,,,,,No Mount,"5GigE, 2.5GigE",PoE,"Mono8/10/12/16, Bayer8/10/12/16, RGB8, BGR8, YCbCr8, YCbCr411, YUV422, YUV411",CMOS,240,55,55,70
Lucid Vision,ATL314S-MNL,,IMX342,Sony,,27.9,,31.4,6464,4852,3.45,3.45,global,17.9,,,,,,No Mount,"5GigE, 2.5GigE",PoE,"Mono8/10/12/16, Bayer8/10/12/16, RGB8, BGR8, YCbCr8, YCbCr411, YUV422, YUV411",CMOS,240,55,55,70
Lucid Vision,ATL196S,,IMX367,Sony,,21.7,,19.6,4416,4428,3.45,3.45,global,27.9,,,,,,C-mount,"5GigE, 2.5GigE",PoE,"Mono8/10/12/16, Bayer8/10/12/16, RGB8, BGR8, YCbCr8, YCbCr411, YUV422, YUV411",CMOS,240,55,55,70
Lucid Vision,ATL196S-CT,,IMX367,Sony,,21.7,,19.6,4416,4428,3.45,3.45,global,27.9,,,,,,TFL-mount,"5GigE, 2.5GigE",PoE,"Mono8/10/12/16, Bayer8/10/12/16, RGB8, BGR8, YCbCr8, YCbCr411, YUV422, YUV411",CMOS,240,55,55,70
Lucid Vision,ATL196S-MT,,IMX367,Sony,,21.7,,19.6,4416,4428,3.45,3.45,global,27.9,,,,,,TFL-mount,"5GigE, 2.5GigE",PoE,"Mono8/10/12/16, Bayer8/10/12/16, RGB8, BGR8, YCbCr8, YCbCr411, YUV422, YUV411",CMOS,240,55,55,70
Lucid Vision,ATL168S,,IMX387,Sony,,21.6,,16.8,5456,3076,3.45,3.45,global,32.9,,,,,,C-mount,"5GigE, 2.5GigE",PoE,"Mono8/10/12/16, Bayer8/10/12/16, RGB8, BGR8, YCbCr8, YCbCr411, YUV422, YUV411",CMOS,240,55,55,70
Lucid Vision,ATL168S-CT,,IMX387,Sony,,21.6,,16.8,5456,3076,3.45,3.45,global,32.9,,,,,,TFL-mount,"5GigE, 2.5GigE",PoE,"Mono8/10/12/16, Bayer8/10/12/16, RGB8, BGR8, YCbCr8, YCbCr411, YUV422, YUV411",CMOS,240,55,55,70
Lucid Vision,ATL168S-MT,,IMX387,Sony,,21.6,,16.8,5456,3076,3.45,3.45,global,32.9,,,,,,TFL-mount,"5GigE, 2.5GigE",PoE,"Mono8/10/12/16, Bayer8/10/12/16, RGB8, BGR8, YCbCr8, YCbCr411, YUV422, YUV411",CMOS,240,55,55,70
Lucid Vision,ATL120S,,IMX253,Sony,,17.6,"1.1""",12.3,4096,3000,3.45,3.45,global,42.5,,,,,,"C-mount, No Mount","5GigE, 2.5GigE",PoE,"Mono8/10/12/16, Bayer8/10/12/16, RGB8, BGR8, YCbCr8, YCbCr411, YUV422, YUV411",CMOS,240,55,55,70
Lucid Vision,ATL120S-CC,,IMX253,Sony,,17.6,"1.1""",12.3,4096,3000,3.45,3.45,global,42.5,,,,,,C-mount,"5GigE, 2.5GigE",PoE,"Mono8/10/12/16, Bayer8/10/12/16, RGB8, BGR8, YCbCr8, YCbCr411, YUV422, YUV411",CMOS,240,55,55,70
Lucid Vision,ATL120S-MC,,IMX253,Sony,,17.6,"1.1""",12.3,4096,3000,3.45,3.45,global,42.5,,,,,,C-mount,"5GigE, 2.5GigE",PoE,"Mono8/10/12/16, Bayer8/10/12/16, RGB8, BGR8, YCbCr8, YCbCr411, YUV422, YUV411",CMOS,240,55,55,70
Lucid Vision,ATL120S-CNL,,IMX253,Sony,,17.6,"1.1""",12.3,4096,3000,3.45,3.45,global,42.5,,,,,,No Mount,"5GigE, 2.5GigE",PoE,"Mono8/10/12/16, Bayer8/10/12/16, RGB8, BGR8, YCbCr8, YCbCr411, YUV422, YUV411",CMOS,240,55,55,70
Lucid Vision,ATL120S-MNL,,IMX253,Sony,,17.6,"1.1""",12.3,4096,3000,3.45,3.45,global,42.5,,,,,,No Mount,"5GigE, 2.5GigE",PoE,"Mono8/10/12/16, Bayer8/10/12/16, RGB8, BGR8, YCbCr8, YCbCr411, YUV422, YUV411",CMOS,240,55,55,70
Lucid Vision,ATL089S,,IMX255,Sony,,16.1,"1""",8.9,4096,2160,3.45,3.45,global,58.5,,,,,,C-mount,"5GigE, 2.5GigE",PoE,"Mono8/10/12/16, Bayer8/10/12/16, RGB8, BGR8, YCbCr8, YCbCr411, YUV422, YUV411",CMOS,240,55,55,70
Lucid Vision,ATL089S-CC,,IMX255,Sony,,16.1,"1""",8.9,4096,2160,3.45,3.45,global,58.5,,,,,,C-mount,"5GigE, 2.5GigE",PoE,"Mono8/10/12/16, Bayer8/10/12/16, RGB8, BGR8, YCbCr8, YCbCr411, YUV422, YUV411",CMOS,240,55,55,70
Lucid Vision,ATL089S-MC,,IMX255,Sony,,16.1,"1""",8.9,4096,2160,3.45,3.45,global,58.5,,,,,,C-mount,"5GigE, 2.5GigE",PoE,"Mono8/10/12/16, Bayer8/10/12/16, RGB8, BGR8, YCbCr8, YCbCr411, YUV422, YUV411",CMOS,240,55,55,70
Lucid Vision,ATL071S,,IMX420,Sony,,17.6,"1.1""",7.1,3208,2200,4.5,4.5,global,74.6,,,,,,C-mount,"5GigE, 2.5GigE",PoE,"Mono8/10/12/16, Bayer8/10/12/16, RGB8, BGR8, YCbCr8, YCbCr411, YUV422, YUV411",CMOS,240,55,55,70
Lucid Vision,ATL071S-CC,,IMX420,Sony,,17.6,"1.1""",7.1,3208,2200,4.5,4.5,global,74.6,,,,,,C-mount,"5GigE, 2.5GigE",PoE,"Mono8/10/12/16, Bayer8/10/12/16, RGB8, BGR8, YCbCr8, YCbCr411, YUV422, YUV411",CMOS,240,55,55,70
Lucid Vision,ATL071S-MC,,IMX420,Sony,,17.6,"1.1""",7.1,3208,2200,4.5,4.5,global,74.6,,,,,,C-mount,"5GigE, 2.5GigE",PoE,"Mono8/10/12/16, Bayer8/10/12/16, RGB8, BGR8, YCbCr8, YCbCr411, YUV422, YUV411",CMOS,240,55,55,70
Lucid Vision,ATL050S,,IMX250,Sony,,11.0,"2/3""",5.0,2448,2048,3.45,3.45,global,98.0,,,,,,C-mount,"5GigE, 2.5GigE",PoE,"Mono8/10/12/16, Bayer8/10/12/16, RGB8, BGR8, YCbCr8, YCbCr411, YUV422, YUV411",CMOS,240,55,55,70
Lucid Vision,ATL050S-CC,,IMX250,Sony,,11.0,"2/3""",5.0,2448,2048,3.45,3.45,global,98.0,,,,,,C-mount,"5GigE, 2.5GigE",PoE,"Mono8/10/12/16, Bayer8/10/12/16, RGB8, BGR8, YCbCr8, YCbCr411, YUV422, YUV411",CMOS,240,55,55,70
Lucid Vision,ATL050S-MC,,IMX250,Sony,,11.0,"2/3""",5.0,2448,2048,3.45,3.45,global,98.0,,,,,,C-mount,"5GigE, 2.5GigE",PoE,"Mono8/10/12/16, Bayer8/10/12/16, RGB8, BGR8, YCbCr8, YCbCr411, YUV422, YUV411",CMOS,240,55,55,70
Lucid Vision,ATL028S,,IMX421,Sony,,11.0,"2/3""",2.8,1936,1464,4.5,4.5,global,173.0,,,,,,C-mount,"5GigE, 2.5GigE",PoE,"Mono8/10/12/16, Bayer8/10/12/16, RGB8, BGR8, YCbCr8, YCbCr411, YUV422, YUV411",CMOS,240,55,55,70
Lucid Vision,ATL028S-CC,,IMX421,Sony,,11.0,"2/3""",2.8,1936,1464,4.5,4.5,global,173.0,,,,,,C-mount,"5GigE, 2.5GigE",PoE,"Mono8/10/12/16, Bayer8/10/12/16, RGB8, BGR8, YCbCr8, YCbCr411, YUV422, YUV411",CMOS,240,55,55,70
Lucid Vision,ATL028S-MC,,IMX421,Sony,,11.0,"2/3""",2.8,1936,1464,4.5,4.5,global,173.0,,,,,,C-mount,"5GigE, 2.5GigE",PoE,"Mono8/10/12/16, Bayer8/10/12/16, RGB8, BGR8, YCbCr8, YCbCr411, YUV422, YUV411",CMOS,240,55,55,70
Lucid Vision,ATP245S,,IMX540,Sony,Pregius-S | BSI,19.3,"1.2""",24.5,5320,4600,2.74,2.74,global,22.7,,,,,,C-mount,"10GigE, 5GigE, 2.5GigE",PoE,"Mono8/10/12/16, Bayer8/10/12/16, RGB8, BGR8, YCbCr8, YCbCr411, YUV422, YUV411",BSI CMOS,340,60,60,65
Lucid Vision,ATP245S-CC,,IMX540,Sony,Pregius-S | BSI,19.3,"1.2""",24.5,5320,4600,2.74,2.74,global,22.7,,,,,,C-mount,"10GigE, 5GigE, 2.5GigE",PoE,"Mono8/10/12/16, Bayer8/10/12/16, RGB8, BGR8, YCbCr8, YCbCr411, YUV422, YUV411",BSI CMOS,340,60,60,65
Lucid Vision,ATP245S-MC,,IMX540,Sony,Pregius-S | BSI,19.3,"1.2""",24.5,5320,4600,2.74,2.74,global,22.7,,,,,,C-mount,"10GigE, 5GigE, 2.5GigE",PoE,"Mono8/10/12/16, Bayer8/10/12/16, RGB8, BGR8, YCbCr8, YCbCr411, YUV422, YUV411",BSI CMOS,340,60,60,65
Lucid Vision,ATP204S,,IMX541,Sony,,17.5,"1.1""",20.4,4504,4504,2.74,2.74,global,27.4,,,,,,C-mount,"5GigE, 2.5GigE",PoE,"Mono8/10/12/16, Bayer8/10/12/16, RGB8, BGR8, YCbCr8, YCbCr411, YUV422, YUV411",CMOS,340,60,60,65
Lucid Vision,ATP204S-CC,,IMX541,Sony,,17.5,"1.1""",20.4,4504,4504,2.74,2.74,global,27.4,,,,,,C-mount,"5GigE, 2.5GigE",PoE,"Mono8/10/12/16, Bayer8/10/12/16, RGB8, BGR8, YCbCr8, YCbCr411, YUV422, YUV411",CMOS,340,60,60,65
Lucid Vision,ATP204S-MC,,IMX541,Sony,,17.5,"1.1""",20.4,4504,4504,2.74,2.74,global,27.4,,,,,,C-mount,"5GigE, 2.5GigE",PoE,"Mono8/10/12/16, Bayer8/10/12/16, RGB8, BGR8, YCbCr8, YCbCr411, YUV422, YUV411",CMOS,340,60,60,65
Lucid Vision,ATP200S,,IMX183,Sony,,15.86,"1""",20.0,5472,3648,2.4,2.4,"rolling, global reset",17.9,,,,,,C-mount,"5GigE, 2.5GigE",PoE,"Mono8/10/12/16, Bayer8/10/12/16, RGB8, BGR8, YCbCr8, YCbCr411, YUV422, YUV411",CMOS,340,60,60,65
Lucid Vision,ATP200S-CC,,IMX183,Sony,,15.86,"1""",20.0,5472,3648,2.4,2.4,"rolling, global reset",17.9,,,,,,C-mount,"5GigE, 2.5GigE",PoE,"Mono8/10/12/16, Bayer8/10/12/16, RGB8, BGR8, YCbCr8, YCbCr411, YUV422, YUV411",CMOS,340,60,60,65
Lucid Vision,ATP200S-MC,,IMX183,Sony,,15.86,"1""",20.0,5472,3648,2.4,2.4,"rolling, global reset",17.9,,,,,,C-mount,"5GigE, 2.5GigE",PoE,"Mono8/10/12/16, Bayer8/10/12/16, RGB8, BGR8, YCbCr8, YCbCr411, YUV422, YUV411",CMOS,340,60,60,65
Lucid Vision,ATP162S,,IMX542,Sony,,16.8,"1.1""",16.2,5320,3032,2.74,2.74,global,34.4,,,,,,C-mount,"5GigE, 2.5GigE",PoE,"Mono8/10/12/16, Bayer8/10/12/16, RGB8, BGR8, YCbCr8, YCbCr411, YUV422, YUV411",CMOS,340,60,60,65
Lucid Vision,ATP162S-CC,,IMX542,Sony,,16.8,"1.1""",16.2,5320,3032,2.74,2.74,global,34.4,,,,,,C-mount,"5GigE, 2.5GigE",PoE,"Mono8/10/12/16, Bayer8/10/12/16, RGB8, BGR8, YCbCr8, YCbCr411, YUV422, YUV411",CMOS,340,60,60,65
Lucid Vision,ATP162S-MC,,IMX542,Sony,,16.8,"1.1""",16.2,5320,3032,2.74,2.74,global,34.4,,,,,,C-mount,"5GigE, 2.5GigE",PoE,"Mono8/10/12/16, Bayer8/10/12/16, RGB8, BGR8, YCbCr8, YCbCr411, YUV422, YUV411",CMOS,340,60,60,65
Lucid Vision,ATP124S,,IMX545,Sony,,14.0,"1/1.1""",12.3,4096,3000,2.74,2.74,global,42.5,,,,,,C-mount,"5GigE, 2.5GigE",PoE,"Mono8/10/12/16, Bayer8/10/12/16, RGB8, BGR8, YCbCr8, YCbCr411, YUV422, YUV411",CMOS,340,60,60,65
Lucid Vision,ATP124S-CC,,IMX545,Sony,,14.0,"1/1.1""",12.3,4096,3000,2.74,2.74,global,42.5,,,,,,C-mount,"5GigE, 2.5GigE",PoE,"Mono8/10/12/16, Bayer8/10/12/16, RGB8, BGR8, YCbCr8, YCbCr411, YUV422, YUV411",CMOS,340,60,60,65
Lucid Vision,ATP124S-MC,,IMX545,Sony,,14.0,"1/1.1""",12.3,4096,3000,2.74,2.74,global,42.5,,,,,,C-mount,"5GigE, 2.5GigE",PoE,"Mono8/10/12/16, Bayer8/10/12/16, RGB8, BGR8, YCbCr8, YCbCr411, YUV422, YUV411",CMOS,340,60,60,65
Lucid Vision,ATP120S,,IMX253,Sony,,17.6,"1.1""",12.3,4096,3000,3.45,3.45,global,42.5,,,,,,C-mount,"5GigE, 2.5GigE",PoE,"Mono8/10/12/16, Bayer8/10/12/16, RGB8, BGR8, YCbCr8, YCbCr411, YUV422, YUV411",CMOS,340,60,60,65
Lucid Vision,ATP120S-CC,,IMX253,Sony,,17.6,"1.1""",12.3,4096,3000,3.45,3.45,global,42.5,,,,,,C-mount,"5GigE, 2.5GigE",PoE,"Mono8/10/12/16, Bayer8/10/12/16, RGB8, BGR8, YCbCr8, YCbCr411, YUV422, YUV411",CMOS,340,60,60,65
Lucid Vision,ATP120S-MC,,IMX253,Sony,,17.6,"1.1""",12.3,4096,3000,3.45,3.45,global,42.5,,,,,,C-mount,"5GigE, 2.5GigE",PoE,"Mono8/10/12/16, Bayer8/10/12/16, RGB8, BGR8, YCbCr8, YCbCr411, YUV422, YUV411",CMOS,340,60,60,65
Lucid Vision,ATP089S,,IMX255,Sony,,16.1,"1""",8.9,4096,2160,3.45,3.45,global,58.5,,,,,,C-mount,"5GigE, 2.5GigE",PoE,"Mono8/10/12/16, Bayer8/10/12/16, RGB8, BGR8, YCbCr8, YCbCr411, YUV422, YUV411",CMOS,340,60,60,65
Lucid Vision,ATP089S-CC,,IMX255,Sony,,16.1,"1""",8.9,4096,2160,3.45,3.45,global,58.5,,,,,,C-mount,"5GigE, 2.5GigE",PoE,"Mono8/10/12/16, Bayer8/10/12/16, RGB8, BGR8, YCbCr8, YCbCr411, YUV422, YUV411",CMOS,340,60,60,65
Lucid Vision,ATP089S-MC,,IMX255,Sony,,16.1,"1""",8.9,4096,2160,3.45,3.45,global,58.5,,,,,,C-mount,"5GigE, 2.5GigE",PoE,"Mono8/10/12/16, Bayer8/10/12/16, RGB8, BGR8, YCbCr8, YCbCr411, YUV422, YUV411",CMOS,340,60,60,65
Lucid Vision,ATP081S,,IMX546,Sony,,11.1,"2/3""",8.1,2840,2840,2.74,2.74,global,68.8,,,,,,C-mount,"5GigE, 2.5GigE",PoE,"Mono8/10/12/16, Bayer8/10/12/16, RGB8, BGR8, YCbCr8, YCbCr411, YUV422, YUV411",CMOS,340,60,60,65
Lucid Vision,ATP081S-CC,,IMX546,Sony,,11.1,"2/3""",8.1,2840,2840,2.74,2.74,global,68.8,,,,,,C-mount,"5GigE, 2.5GigE",PoE,"Mono8/10/12/16, Bayer8/10/12/16, RGB8, BGR8, YCbCr8, YCbCr411, YUV422, YUV411",CMOS,340,60,60,65
Lucid Vision,ATP081S-MC,,IMX546,Sony,,11.1,"2/3""",8.1,2840,2840,2.74,2.74,global,68.8,,,,,,C-mount,"5GigE, 2.5GigE",PoE,"Mono8/10/12/16, Bayer8/10/12/16, RGB8, BGR8, YCbCr8, YCbCr411, YUV422, YUV411",CMOS,340,60,60,65
Lucid Vision,ATP071S,,IMX420,Sony,,17.6,"1.1""",7.1,3208,2200,4.5,4.5,global,74.6,,,,,,C-mount,"5GigE, 2.5GigE",PoE,"Mono8/10/12/16, Bayer8/10/12/16, RGB8, BGR8, YCbCr8, YCbCr411, YUV422, YUV411",CMOS,340,60,60,65
Lucid Vision,ATP071S-CC,,IMX420,Sony,,17.6,"1.1""",7.1,3208,2200,4.5,4.5,global,74.6,,,,,,C-mount,"5GigE, 2.5GigE",PoE,"Mono8/10/12/16, Bayer8/10/12/16, RGB8, BGR8, YCbCr8, YCbCr411, YUV422, YUV411",CMOS,340,60,60,65
Lucid Vision,ATP071S-MC,,IMX420,Sony,,17.6,"1.1""",7.1,3208,2200,4.5,4.5,global,74.6,,,,,,C-mount,"5GigE, 2.5GigE",PoE,"Mono8/10/12/16, Bayer8/10/12/16, RGB8, BGR8, YCbCr8, YCbCr411, YUV422, YUV411",CMOS,340,60,60,65
Lucid Vision,ATP051S,,IMX547,Sony,,8.8,"1/1.8""",5.0,2448,2048,2.74,2.74,global,110.0,,,,,,C-mount,"5GigE, 2.5GigE",PoE,"Mono8/10/12/16, Bayer8/10/12/16, RGB8, BGR8, YCbCr8, YCbCr411, YUV422, YUV411",CMOS,340,60,60,65
Lucid Vision,ATP051S-CC,,IMX547,Sony,,8.8,"1/1.8""",5.0,2448,2048,2.74,2.74,global,110.0,,,,,,C-mount,"5GigE, 2.5GigE",PoE,"Mono8/10/12/16, Bayer8/10/12/16, RGB8, BGR8, YCbCr8, YCbCr411, YUV422, YUV411",CMOS,340,60,60,65
Lucid Vision,ATP051S-MC,,IMX547,Sony,,8.8,"1/1.8""",5.0,2448,2048,2.74,2.74,global,110.0,,,,,,C-mount,"5GigE, 2.5GigE",PoE,"Mono8/10/12/16, Bayer8/10/12/16, RGB8, BGR8, YCbCr8, YCbCr411, YUV422, YUV411",CMOS,340,60,60,65
Lucid Vision,ATP050S,,IMX250,Sony,,11.0,"2/3""",5.0,2448,2048,3.45,3.45,global,98.0,,,,,,C-mount,"5GigE, 2.5GigE",PoE,"Mono8/10/12/16, Bayer8/10/12/16, RGB8, BGR8, YCbCr8, YCbCr411, YUV422, YUV411",CMOS,340,60,60,65
Lucid Vision,ATP050S-CC,,IMX250,Sony,,11.0,"2/3""",5.0,2448,2048,3.45,3.45,global,98.0,,,,,,C-mount,"5GigE, 2.5GigE",PoE,"Mono8/10/12/16, Bayer8/10/12/16, RGB8, BGR8, YCbCr8, YCbCr411, YUV422, YUV411",CMOS,340,60,60,65
Lucid Vision,ATP050S-MC,,IMX250,Sony,,11.0,"2/3""",5.0,2448,2048,3.45,3.45,global,98.0,,,,,,C-mount,"5GigE, 2.5GigE",PoE,"Mono8/10/12/16, Bayer8/10/12/16, RGB8, BGR8, YCbCr8, YCbCr411, YUV422, YUV411",CMOS,340,60,60,65
Lucid Vision,ATP028S,,IMX421,Sony,,11.0,"2/3""",2.8,1936,1464,4.5,4.5,global,173.0,,,,,,C-mount,"5GigE, 2.5GigE",PoE,"Mono8/10/12/16, Bayer8/10/12/16, RGB8, BGR8, YCbCr8, YCbCr411, YUV422, YUV411",CMOS,340,60,60,65
Lucid Vision,ATP028S-CC,,IMX421,Sony,,11.0,"2/3""",2.8,1936,1464,4.5,4.5,global,173.0,,,,,,C-mount,"5GigE, 2.5GigE",PoE,"Mono8/10/12/16, Bayer8/10/12/16, RGB8, BGR8, YCbCr8, YCbCr411, YUV422, YUV411",CMOS,340,60,60,65
Lucid Vision,ATP028S-MC,,IMX421,Sony,,11.0,"2/3""",2.8,1936,1464,4.5,4.5,global,173.0,,,,,,C-mount,"5GigE, 2.5GigE",PoE,"Mono8/10/12/16, Bayer8/10/12/16, RGB8, BGR8, YCbCr8, YCbCr411, YUV422, YUV411",CMOS,340,60,60,65
Lucid Vision,ATP013S-WC,,IMX990,Sony,InGaAs,8.2,"1/2""",1.3,1280,1024,5.0,5.0,global,84.9,,,400.0,1700.0,,C-mount,GigE,PoE+,Mono8/10/12/16,InGaAs,435,60,60,65
Lucid Vision,ATP013S-WC,,IMX990,Sony,InGaAs,8.2,"1/2""",1.3,1280,1024,5.0,5.0,global,84.9,,,400.0,1700.0,,C-mount,GigE,PoE+,Mono8/10/12/16,InGaAs,435,60,60,65
Lucid Vision,ATP003S-WC,,IMX991,Sony,InGaAs,4.1,"1/4""",0.3,656,520,5.0,5.0,global,257.0,,,400.0,1700.0,,C-mount,GigE,PoE+,Mono8/10/12/16,InGaAs,435,60,60,65
Lucid Vision,ATP003S-WC,,IMX991,Sony,InGaAs,4.1,"1/4""",0.3,656,520,5.0,5.0,global,257.0,,,400.0,1700.0,,C-mount,GigE,PoE+,Mono8/10/12/16,InGaAs,435,60,60,65
Lucid Vision,ATX650G,,GMAX3265,Gpixel,,37.4,"2.3""",65.0,9344,7000,3.2,3.2,global,14.1,,,,,,"TFL-II-mount, No Mount","10GigE, 5GigE, 2.5GigE",PoE,"Mono8/10/12/16, Bayer8/10/12/16, RGB8, BGR8, YCbCr8, YCbCr411, YUV422, YUV411",CMOS,304,55,55,95.5
Lucid Vision,ATX650G-CT2,,GMAX3265,Gpixel,,37.4,"2.3""",65.0,9344,7000,3.2,3.2,global,14.1,,,,,,TFL-II-mount,"10GigE, 5GigE, 2.5GigE",PoE,"Mono8/10/12/16, Bayer8/10/12/16, RGB8, BGR8, YCbCr8, YCbCr411, YUV422, YUV411",CMOS,304,55,55,95.5
Lucid Vision,ATX650G-MT2,,GMAX3265,Gpixel,,37.4,"2.3""",65.0,9344,7000,3.2,3.2,global,14.1,,,,,,TFL-II-mount,"10GigE, 5GigE, 2.5GigE",PoE,"Mono8/10/12/16, Bayer8/10/12/16, RGB8, BGR8, YCbCr8, YCbCr411, YUV422, YUV411",CMOS,304,55,55,95.5
Lucid Vision,ATX650G-CNL,,GMAX3265,Gpixel,,37.4,"2.3""",65.0,9344,7000,3.2,3.2,global,14.1,,,,,,No Mount,"10GigE, 5GigE, 2.5GigE",PoE,"Mono8/10/12/16, Bayer8/10/12/16, RGB8, BGR8, YCbCr8, YCbCr411, YUV422, YUV411",CMOS,304,55,55,95.5
Lucid Vision,ATX650G-MNL,,GMAX3265,Gpixel,,37.4,"2.3""",65.0,9344,7000,3.2,3.2,global,14.1,,,,,,No Mount,"10GigE, 5GigE, 2.5GigE",PoE,"Mono8/10/12/16, Bayer8/10/12/16, RGB8, BGR8, YCbCr8, YCbCr411, YUV422, YUV411",CMOS,304,55,55,95.5
Lucid Vision,ATX470S,,IMX492,Sony,,23.1,"1.4""",47.0,8232,5588,2.315,2.315,"rolling, global reset",23.2,,,,,,"TFL-mount, No Mount","10GigE, 5GigE, 2.5GigE",PoE,"Mono8/10/12/16, Bayer8/10/12/16, RGB8, BGR8, YCbCr8, YCbCr411, YUV422, YUV411",CMOS,325,55,55,95.5
Lucid Vision,ATX470S-CT,,IMX492,Sony,,23.1,"1.4""",47.0,8232,5588,2.315,2.315,"rolling, global reset",23.2,,,,,,TFL-mount,"10GigE, 5GigE, 2.5GigE",PoE,"Mono8/10/12/16, Bayer8/10/12/16, RGB8, BGR8, YCbCr8, YCbCr411, YUV422, YUV411",CMOS,325,55,55,95.5
Lucid Vision,ATX470S-MT,,IMX492,Sony,,23.1,"1.4""",47.0,8232,5588,2.315,2.315,"rolling, global reset",23.2,,,,,,TFL-mount,"10GigE, 5GigE, 2.5GigE",PoE,"Mono8/10/12/16, Bayer8/10/12/16, RGB8, BGR8, YCbCr8, YCbCr411, YUV422, YUV411",CMOS,325,55,55,95.5
Lucid Vision,ATX470S-CNL,,IMX492,Sony,,23.1,"1.4""",47.0,8232,5588,2.315,2.315,"rolling, global reset",23.2,,,,,,No Mount,"10GigE, 5GigE, 2.5GigE",PoE,"Mono8/10/12/16, Bayer8/10/12/16, RGB8, BGR8, YCbCr8, YCbCr411, YUV422, YUV411",CMOS,325,55,55,95.5
Lucid Vision,ATX470S-MNL,,IMX492,Sony,,23.1,"1.4""",47.0,8232,5588,2.315,2.315,"rolling, global reset",23.2,,,,,,No Mount,"10GigE, 5GigE, 2.5GigE",PoE,"Mono8/10/12/16, Bayer8/10/12/16, RGB8, BGR8, YCbCr8, YCbCr411, YUV422, YUV411",CMOS,325,55,55,95.5
Lucid Vision,ATX450N,,XGS 45000,onsemi,,31.5,"2.2""",44.7,8192,5460,3.2,3.2,global,16.0,,,,,,TFL-II-mount,"10GigE, 5GigE, 2.5GigE",PoE,"Mono8/10/12/16, Bayer8/10/12/16, RGB8, BGR8, YCbCr8, YCbCr411, YUV422, YUV411",CMOS,304,55,55,95.5
Lucid Vision,ATX450N-CT2,,XGS 45000,onsemi,,31.5,"2.2""",44.7,8192,5460,3.2,3.2,global,16.0,,,,,,TFL-II-mount,"10GigE, 5GigE, 2.5GigE",PoE,"Mono8/10/12/16, Bayer8/10/12/16, RGB8, BGR8, YCbCr8, YCbCr411, YUV422, YUV411",CMOS,304,55,55,95.5
Lucid Vision,ATX450N-MT2,,XGS 45000,onsemi,,31.5,"2.2""",44.7,8192,5460,3.2,3.2,global,16.0,,,,,,TFL-II-mount,"10GigE, 5GigE, 2.5GigE",PoE,"Mono8/10/12/16, Bayer8/10/12/16, RGB8, BGR8, YCbCr8, YCbCr411, YUV422, YUV411",CMOS,304,55,55,95.5
Lucid Vision,ATX314S,,IMX342,Sony,,27.9,,31.4,6464,4852,3.45,3.45,global,35.0,,,,,,"TFL-mount, No Mount","10GigE, 5GigE, 2.5GigE",PoE,"Mono8/10/12/16, Bayer8/10/12/16, RGB8, BGR8, YCbCr8, YCbCr411, YUV422, YUV411",CMOS,325,55,55,95.5
Lucid Vision,ATX314S-CT,,IMX342,Sony,,27.9,,31.4,6464,4852,3.45,3.45,global,35.0,,,,,,TFL-mount,"10GigE, 5GigE, 2.5GigE",PoE,"Mono8/10/12/16, Bayer8/10/12/16, RGB8, BGR8, YCbCr8, YCbCr411, YUV422, YUV411",CMOS,325,55,55,95.5
Lucid Vision,ATX314S-MT,,IMX342,Sony,,27.9,,31.4,6464,4852,3.45,3.45,global,35.0,,,,,,TFL-mount,"10GigE, 5GigE, 2.5GigE",PoE,"Mono8/10/12/16, Bayer8/10/12/16, RGB8, BGR8, YCbCr8, YCbCr411, YUV422, YUV411",CMOS,325,55,55,95.5
Lucid Vision,ATX314S-CNL,,IMX342,Sony,,27.9,,31.4,6464,4852,3.45,3.45,global,35.0,,,,,,No Mount,"10GigE, 5GigE, 2.5GigE",PoE,"Mono8/10/12/16, Bayer8/10/12/16, RGB8, BGR8, YCbCr8, YCbCr411, YUV422, YUV411",CMOS,325,55,55,95.5
Lucid Vision,ATX314S-MNL,,IMX342,Sony,,27.9,,31.4,6464,4852,3.45,3.45,global,35.0,,,,,,No Mount,"10GigE, 5GigE, 2.5GigE",PoE,"Mono8/10/12/16, Bayer8/10/12/16, RGB8, BGR8, YCbCr8, YCbCr411, YUV422, YUV411",CMOS,325,55,55,95.5
Lucid Vision,ATX245S,,IMX530,Sony,Pregius-S | BSI,19.3,"1.2""",24.5,5320,4600,2.74,2.74,global,45.4,,,,,,"TFL-mount, C-mount","10GigE, 5GigE, 2.5GigE",PoE,"Mono8/10/12/16, Bayer8/10/12/16, RGB8, BGR8, YCbCr8, YCbCr411, YUV422, YUV411",BSI CMOS,325,55,55,95.5
Lucid Vision,ATX245S-CC,,IMX530,Sony,Pregius-S | BSI,19.3,"1.2""",24.5,5320,4600,2.74,2.74,global,45.4,,,,,,C-mount,"10GigE, 5GigE, 2.5GigE",PoE,"Mono8/10/12/16, Bayer8/10/12/16, RGB8, BGR8, YCbCr8, YCbCr411, YUV422, YUV411",BSI CMOS,325,55,55,95.5
Lucid Vision,ATX245S-MC,,IMX530,Sony,Pregius-S | BSI,19.3,"1.2""",24.5,5320,4600,2.74,2.74,global,45.4,,,,,,C-mount,"10GigE, 5GigE, 2.5GigE",PoE,"Mono8/10/12/16, Bayer8/10/12/16, RGB8, BGR8, YCbCr8, YCbCr411, YUV422, YUV411",BSI CMOS,325,55,55,95.5
Lucid Vision,ATX245S-CT,,IMX530,Sony,Pregius-S | BSI,19.3,"1.2""",24.5,5320,4600,2.74,2.74,global,45.4,,,,,,TFL-mount,"10GigE, 5GigE, 2.5GigE",PoE,"Mono8/10/12/16, Bayer8/10/12/16, RGB8, BGR8, YCbCr8, YCbCr411, YUV422, YUV411",BSI CMOS,325,55,55,95.5
Lucid Vision,ATX245S-MT,,IMX530,Sony,Pregius-S | BSI,19.3,"1.2""",24.5,5320,4600,2.74,2.74,global,45.4,,,,,,TFL-mount,"10GigE, 5GigE, 2.5GigE",PoE,"Mono8/10/12/16, Bayer8/10/12/16, RGB8, BGR8, YCbCr8, YCbCr411, YUV422, YUV411",BSI CMOS,325,55,55,95.5
Lucid Vision,ATX204S,,IMX531,Sony,Pregius-S | BSI,17.5,"1.1""",20.4,4504,4504,2.74,2.74,global,54.1,,,,,,C-mount,"10GigE, 5GigE, 2.5GigE",PoE,"Mono8/10/12/16, Bayer8/10/12/16, RGB8, BGR8, YCbCr8, YCbCr411, YUV422, YUV411",BSI CMOS,325,55,55,95.5
Lucid Vision,ATX204S-CC,,IMX531,Sony,Pregius-S | BSI,17.5,"1.1""",20.4,4504,4504,2.74,2.74,global,54.1,,,,,,C-mount,"10GigE, 5GigE, 2.5GigE",PoE,"Mono8/10/12/16, Bayer8/10/12/16, RGB8, BGR8, YCbCr8, YCbCr411, YUV422, YUV411",BSI CMOS,325,55,55,95.5
Lucid Vision,ATX204S-MC,,IMX531,Sony,Pregius-S | BSI,17.5,"1.1""",20.4,4504,4504,2.74,2.74,global,54.1,,,,,,C-mount,"10GigE, 5GigE, 2.5GigE",PoE,"Mono8/10/12/16, Bayer8/10/12/16, RGB8, BGR8, YCbCr8, YCbCr411, YUV422, YUV411",BSI CMOS,325,55,55,95.5
Lucid Vision,ATX162S,,IMX532,Sony,Pregius-S | BSI,16.8,"1.1""",16.2,5320,3032,2.74,2.74,global,75.6,,,,,,C-mount,"10GigE, 5GigE, 2.5GigE",PoE,"Mono8/10/12/16, Bayer8/10/12/16, RGB8, BGR8, YCbCr8, YCbCr411, YUV422, YUV411",BSI CMOS,325,55,55,95.5
Lucid Vision,ATX162S-CC,,IMX532,Sony,Pregius-S | BSI,16.8,"1.1""",16.2,5320,3032,2.74,2.74,global,75.6,,,,,,C-mount,"10GigE, 5GigE, 2.5GigE",PoE,"Mono8/10/12/16, Bayer8/10/12/16, RGB8, BGR8, YCbCr8, YCbCr411, YUV422, YUV411",BSI CMOS,325,55,55,95.5
Lucid Vision,ATX162S-MC,,IMX532,Sony,Pregius-S | BSI,16.8,"1.1""",16.2,5320,3032,2.74,2.74,global,75.6,,,,,,C-mount,"10GigE, 5GigE, 2.5GigE",PoE,"Mono8/10/12/16, Bayer8/10/12/16, RGB8, BGR8, YCbCr8, YCbCr411, YUV422, YUV411",BSI CMOS,325,55,55,95.5
Lucid Vision,ATX124S,,IMX535,Sony,Pregius-S | BSI,14.0,"1/1.1""",12.3,4096,3000,2.74,2.74,global,89.7,,,,,,C-mount,"10GigE, 5GigE, 2.5GigE",PoE,"Mono8/10/12/16, Bayer8/10/12/16, RGB8, BGR8, YCbCr8, YCbCr411, YUV422, YUV411",BSI CMOS,325,55,55,95.5
Lucid Vision,ATX124S-CC,,IMX535,Sony,Pregius-S | BSI,14.0,"1/1.1""",12.3,4096,3000,2.74,2.74,global,89.7,,,,,,C-mount,"10GigE, 5GigE, 2.5GigE",PoE,"Mono8/10/12/16, Bayer8/10/12/16, RGB8, BGR8, YCbCr8, YCbCr411, YUV422, YUV411",BSI CMOS,325,55,55,95.5
Lucid Vision,ATX124S-MC,,IMX535,Sony,Pregius-S | BSI,14.0,"1/1.1""",12.3,4096,3000,2.74,2.74,global,89.7,,,,,,C-mount,"10GigE, 5GigE, 2.5GigE",PoE,"Mono8/10/12/16, Bayer8/10/12/16, RGB8, BGR8, YCbCr8, YCbCr411, YUV422, YUV411",BSI CMOS,325,55,55,95.5
Lucid Vision,ATX081S,,IMX536,Sony,Pregius-S | BSI,11.1,"2/3""",8.1,2840,2840,2.74,2.74,global,136.7,,,,,,C-mount,"10GigE, 5GigE, 2.5GigE",PoE,"Mono8/10/12/16, Bayer8/10/12/16, RGB8, BGR8, YCbCr8, YCbCr411, YUV422, YUV411",BSI CMOS,325,55,55,95.5
Lucid Vision,ATX081S-CC,,IMX536,Sony,Pregius-S | BSI,11.1,"2/3""",8.1,2840,2840,2.74,2.74,global,136.7,,,,,,C-mount,"10GigE, 5GigE, 2.5GigE",PoE,"Mono8/10/12/16, Bayer8/10/12/16, RGB8, BGR8, YCbCr8, YCbCr411, YUV422, YUV411",BSI CMOS,325,55,55,95.5
Lucid Vision,ATX081S-MC,,IMX536,Sony,Pregius-S | BSI,11.1,"2/3""",8.1,2840,2840,2.74,2.74,global,136.7,,,,,,C-mount,"10GigE, 5GigE, 2.5GigE",PoE,"Mono8/10/12/16, Bayer8/10/12/16, RGB8, BGR8, YCbCr8, YCbCr411, YUV422, YUV411",BSI CMOS,325,55,55,95.5
Lucid Vision,ATX051S,,IMX537,Sony,Pregius-S | BSI,8.8,"1/1.8""",5.0,2448,2048,2.74,2.74,global,205.0,,,,,,C-mount,"10GigE, 5GigE, 2.5GigE",PoE,"Mono8/10/12/16, Bayer8/10/12/16, RGB8, BGR8, YCbCr8, YCbCr411, YUV422, YUV411",BSI CMOS,325,55,55,95.5
Lucid Vision,ATX051S-CC,,IMX537,Sony,Pregius-S | BSI,8.8,"1/1.8""",5.0,2448,2048,2.74,2.74,global,205.0,,,,,,C-mount,"10GigE, 5GigE, 2.5GigE",PoE,"Mono8/10/12/16, Bayer8/10/12/16, RGB8, BGR8, YCbCr8, YCbCr411, YUV422, YUV411",BSI CMOS,325,55,55,95.5
Lucid Vision,ATX051S-MC,,IMX537,Sony,Pregius-S | BSI,8.8,"1/1.8""",5.0,2448,2048,2.74,2.74,global,205.0,,,,,,C-mount,"10GigE, 5GigE, 2.5GigE",PoE,"Mono8/10/12/16, Bayer8/10/12/16, RGB8, BGR8, YCbCr8, YCbCr411, YUV422, YUV411",BSI CMOS,325,55,55,95.5
Lucid Vision,ATX081S-UC,,IMX487,Sony,Pregius-S | BSI,11.1,"2/3""",8.1,2840,2840,2.74,2.74,global,136.7,,,,,,C-mount,"10GigE, 5GigE, 2.5GigE",PoE,Mono8/10/12/16,BSI CMOS,325,55,55,95.5
Lucid Vision,ATX081S-UC,,IMX487,Sony,Pregius-S | BSI,11.1,"2/3""",8.1,2840,2840,2.74,2.74,global,136.7,,,,,,C-mount,"10GigE, 5GigE, 2.5GigE",PoE,Mono8/10/12/16,BSI CMOS,325,55,55,95.5
