brand,model_name,subcategory,Product Model,Camera Type,Resolutions,Color / Monochrome,Effective Pixels,Frame Rate,Interface,Protocol,Power Supply,Power Consumptions,Operational Temperature,Storage Temperature,Image Sensor,Shutter Type,Optical Size,Cell Size,Dimensions,Weight,Lens Mount,Optical Filter,Interface Connector,Power / Signal Connector,Scanning Mode,Operational Mode,Image Pixel Format,Exposure Time,Analog Gain,Digital Gain,Gamma,Binning,Decimation,Image Flip,Defective Pixel Correction,Save User Settings,White Balance,FFC (Flat Filed Correction) Function,Auto Control Function,Chunk Function,Event Function,PTP Function (IEEE1588),Line Rate
Sentech,stc-sbs322cxp121-swir,SWIR Cameras,STC-SBS322CXP121-SWIR,Area Camera,3.2MP,SWIR,"2,048 (H) x 1,536 (V)",173.4 fps,"CoaXPress (CXP-12, 1 lane)",CoaXPress Standard Version 2.0,PoCXP External power (+10.8 to +26 Vdc),Less than 7.5 W,Lower limit: 0 deg. C (Environmental temperature) Upper limit: +35 deg. C (Environmental temperature),Lower limit: -20 deg. C (Environmental temperature) Upper limit: +70 deg. C (Environmental temperature),SONY IMX993 (TEC),Global Shutter,"1/1.8""",3.45 (H) x 3.45 (V) µm,42 (W) x 42 (H) x 69 (D) mm,Approximately 210 g,C Mount,No optical filter,Micro BNC (75 ohm) x 1,HR10A-7R-6PB (Hirose) or equivalent x 1,Full scanning / ROI,Edge preset trigger / Pulse width trigger / CXP_Packet trigger / Burst trigger / Free-run,Mono8 / Mono10 / Mono12,"30.0 µseconds to 16,7 seconds",0 to 18 dB,x1 to x7,0.10 to 4.00,x2 horizontal and vertical simultaneously / Off,x2 horizontal and vertical simultaneously / Off,Vertical flip / Horizontal flip / Vertical and horizontal flip/ Off,"Dynami defective pixel correction Static defective pixel correction (Up to 8,192 pixels)",Support (Eight settings),,,,,,,
Sentech,stc-sbs532cxp121-swir,SWIR Cameras,STC-SBS532CXP121-SWIR,Area Camera,5.3MP,SWIR,"2,560 (H) x 2,048 (V)",131.9 fps,"CoaXPress (CXP-12, 1 lane)",CoaXPress Standard Version 2.0,PoCXP External power (+18.5 to +26 Vdc),Less than 7.6 W,Lower limit: 0 deg. C (Environmental temperature) Upper limit: +35 deg. C (Environmental temperature),Lower limit: -20 deg. C (Environmental temperature) Upper limit: +70 deg. C (Environmental temperature),SONY IMX992 (TEC),Global Shutter,"1/1.4""",3.45 (H) x 3.45 (V) µm,42 (W) x 42 (H) x 69 (D) mm,Approximately 210 g,C Mount,No optical filter,Micro BNC (75 ohm) x 1,HR10A-7R-6PB (Hirose) or equivalent x 1,Full scanning / ROI,Edge preset trigger / Pulse width trigger / CXP trigger packet / Burst trigger / Free-run,Mono8 / Mono10 / Mono12,30.0 µseconds to 16.77 seconds,0 to 18 dB,x1 to x7,0.10 to 4.00,x2 horizontal and vertical simultaneously / Off,x2 horizontal and vertical simultaneously / Off,Vertical flip / Horizontal flip / Vertical and horizontal flip/ Off,"Dynami defective pixel correction Static defective pixel correction (Up to 8,192 pixels)",Support (Eight settings),,,Auto exposure / Auto gain,Support,Support,,
Sentech,stc-sbs34cxp121-swiru,SWIR Cameras,STC-SBS34CXP121-SWIRU,Area Camera,0.3MP,SWIR,640 (H) x 512 (V),258.8 fps,"CoaXPress (CXP-12, 1 lane)",CoaXPress Standard Version 2.0,PoCXP External power (+18.5 to +26 Vdc),Less than 2.2 W,Lower limit: 0 deg. C (Environmental temperature) Upper limit: +56 deg. C (Environmental temperature),Lower limit: -20 deg. C (Environmental temperature) Upper limit: +75 deg. C (Environmental temperature),SONY IMX991,Global Shutter,"1/4""",5.0 (H) x 5.0 (V) µm,35 (W) x 35 (H) x 40 (D) mm,Approximately 77 g,C Mount,No optical filter,Micro BNC (75 ohm) x 1,HR10A-7R-6PB (Hirose) or equivalent x 1,Full scanning / ROI,Edge preset trigger / Pulse width trigger / CXP Packet trigger / Burst trigger / Free-run,Mono8 / Mono10 / Mono12,8 µseconds to 50 mseconds,0 to 18 dB,x1 to x7,,,,Vertical flip / Horizontal flip / Vertical and horizontal flip/ Off,"Up to 8,192 pixels",Support (Eight settings),,,,,,,
Sentech,stc-sbs132cxp121-swiru,SWIR Cameras,STC-SBS132CXP121-SWIRU,Area Camera,1.3MP,SWIR,"1,280 (H) x 1,024 (V)",134.7 fps,"CoaXPress (CXP-12, 1 lane)",CoaXPress Standard Version 2.0,PoCXP External power (+18.5 to +26 Vdc),Less than 2.2 W,Lower limit: 0 deg. C (Environmental temperature) Upper limit: +56 deg. C (Environmental temperature),Lower limit: -20 deg. C (Environmental temperature) Upper limit: +75 deg. C (Environmental temperature),SONY IMX990,Global Shutter,"1/2""",5.0 (H) x 5.0 (V) µm,35 (W) x 35 (H) x 40 (D) mm,Approximately 77 g,C Mount,No optical filter,Micro BNC (75 ohm) x 1,HR10A-7R-6PB (Hirose) or equivalent x 1,Full scanning / ROI,Edge preset trigger / Pulse width trigger / CXP Packet trigger / Burst trigger / Free-run,Mono8 / Mono10 / Mono12,8 µseconds to 50 mseconds,0 to 18 dB,x1 to x7,,,,Vertical flip / Horizontal flip / Vertical and horizontal flip/ Off,"Up to 8,192 pixels",Support (Eight settings),,,,,,,
Sentech,stc-sbs322cxp121-swiru,SWIR Cameras,STC-SBS322CXP121-SWIRU,Area Camera,3.2MP,SWIR,"2,048 (H) x 1,536 (V)",173.4 fps,"CoaXPress (CXP-12, 1 lane)",CoaXPress Standard Version 2.0,PoCXP External power (+18.5 to +26 Vdc),Less than 3.8 W,Lower limit: 0 deg. C (Environmental temperature) Upper limit: +51 deg. C (Environmental temperature),Lower limit: -25 deg. C (Environmental temperature) Upper limit: +75 deg. C (Environmental temperature),SONY IMX993,Global Shutter,"1/1.8""",3.45 (H) x 3.45 (V) µm,35 (W) x 35 (H) x 40 (D) mm,Approximately 76 g,C Mount,No optical filter,Micro BNC (75 ohm) x 1,HR10A-7R-6PB (Hirose) or equivalent x 1,Full scanning / ROI,Edge preset trigger / Pulse width trigger / CXP_Packet trigger / Burst trigger / Free-run,Mono8 / Mono10 / Mono12,30.0 µseconds to 50 mseconds,0 to 18 dB,x1 to x7,,x2 horizontal and vertical simultaneously / Off,x2 horizontal and vertical simultaneously / Off,Vertical flip / Horizontal flip / Vertical and horizontal flip/ Off,"Dynami defective pixel correction Static defective pixel correction (Up to 8,192 pixels)",Support (Eight settings),,,,,,,
Sentech,stc-sbs532cxp121-swiru,SWIR Cameras,STC-SBS532CXP121-SWIRU,Area Camera,5.3MP,SWIR,"2,560 (H) x 2,048 (V)",131.9 fps,"CoaXPress (CXP-12, 1 lane)",CoaXPress Standard Version 2.0,PoCXP External power (+18.5 to +26 Vdc),Less than 3.8 W,Lower limit: 0 deg. C (Environmental temperature) Upper limit: +51 deg. C (Environmental temperature),Lower limit: -25 deg. C (Environmental temperature) Upper limit: +75 deg. C (Environmental temperature),SONY IMX992,Global Shutter,"1/1.4""",3.45 (H) x 3.45 (V) µm,35 (W) x 35 (H) x 40 (D) mm,Approximately 76 g,C Mount,No optical filter,Micro BNC (75 ohm) x 1,HR10A-7R-6PB (Hirose) or equivalent x 1,Full scanning / ROI,Edge preset trigger / Pulse width trigger / CXP Packet trigger / Burst trigger / Free-run,Mono8 / Mono10 / Mono12,30.0 µseconds to 50 mseconds,0 to 18 dB,x1 to x7,,x2 horizontal and vertical simultaneously / Off,x2 horizontal and vertical simultaneously / Off,Vertical flip / Horizontal flip / Vertical and horizontal flip/ Off,"Dynami defective pixel correction Static defective pixel correction (Up to 8,192 pixels)",Support (Eight settings),,,,,,,
Sentech,stc-sbs132poe-swiru,SWIR Cameras,STC-SBS132POE-SWIRU,Area Camera,1.3MP,SWIR,"1,280 (H) x 1,024 (V)",83.9 fps,PoE: IEEE802.3af CLASS3 (1000BASE-T),GigE Vision 2.1,Power Over Ethernet (PoE) (IEEE802.3af) External power (+10.8 to +26.4Vdc),PoE: Less than 4.1 W External power: Less than 3.2 W,Lower limit: 0 deg. C (Environmental temperature) Upper limit: +46 deg. C (Environmental temperature),Lower limit: -25 deg. C (Environmental temperature) Upper limit: +75 deg. C (Environmental temperature),SONY IMX990,Global Shutter,"1/2""",5.0 (H) x 5.0 (V) µm,35 (W) x 35 (H) x 53 (D) mm,Approximately 98 g,C Mount,No optical filter,RJ45 connector x 1,HR10A-7R-6PB (Hirose) or equivalent x 1,Full scanning / ROI,Edge preset trigger / Pulse width trigger / Free-run,Mono8 / Mono10 / Mono12 / Mono10Packed / Mono12Packed,8 µseconds to 50 mseconds,0 to 14.8 dB,x1 to x3,0.1 to 4.0,x2 horizontal and vertical simultaneously / Off,x2 horizontal and vertical simultaneously / Off,Vertical flip / Horizontal flip / Vertical and horizontal flip/ Off,"Up to 8,192 pixels",Support (Eight settings),,,Auto exposure / Auto gain,Support,Support,Support,
Sentech,stc-sbs34poe-swiru,SWIR Cameras,STC-SBS34POE-SWIRU,Area Camera,0.3MP,SWIR,656 (H) x 520 (V),258.8 fps,PoE: IEEE802.3af CLASS3 (1000BASE-T),GigE Vision 2.1,Power Over Ethernet (PoE) (IEEE802.3af) External power (+10.8 to +26.4Vdc),PoE: Less than 4.1 W External power: Less than 3.2 W,Lower limit: 0 deg. C (Environmental temperature) Upper limit: +46 deg. C (Environmental temperature),Lower limit: -25 deg. C (Environmental temperature) Upper limit: +75 deg. C (Environmental temperature),SONY IMX991,Global Shutter,"1/4""",5.0 (H) x 5.0 (V) µm,35 (W) x 35 (H) x 53 (D) mm,Approximately 98 g,C Mount,No optical filter,RJ45 connector x 1,HR10A-7R-6PB (Hirose) or equivalent x 1,Full scanning / ROI,Edge preset trigger / Pulse width trigger / Free-run,Mono8 / Mono10 / Mono12 / Mono10Packed / Mono12Packed,8 µseconds to 50 mseconds,0 to 14.8 dB,x1 to x3,0.1 to 4.0,x2 horizontal and vertical simultaneously / Off,x2 horizontal and vertical simultaneously / Off,Vertical flip / Horizontal flip / Vertical and horizontal flip/ Off,"Up to 8,192 pixels",Support (Eight settings),,,Auto exposure / Auto gain,Support,Support,Support,
Sentech,stc-lbs132poe-swir,SWIR Cameras,STC-LBS132POE-SWIR,Area Camera,1.3MP,SWIR,"1,280 (H) x 1,024 (V)",84.0 fps,PoE: IEEE802.3af CLASS3 (1000BASE-T),GigE Vision 2.1,Power Over Ethernet (PoE) (IEEE802.3af) External power (+10.8 to +26.4Vdc),PoE: Less than 10.2 W External power: Less than 10.1 W,Lower limit: 0 deg. C (Environmental temperature) Upper limit: +56 deg. C (Environmental temperature),Lower limit: -20 deg. C (Environmental temperature) Upper limit: +75 deg. C (Environmental temperature),SONY IMX990 (TEC),Global Shutter,"1/2""",5.0 (H) x 5.0 (V) µm,58 (W) x 58 (H) x 85 (D) mm,Approximately 465 g,C Mount,No optical filter,RJ45 connector x 1,HR10A-7R-6PB (Hirose) or equivalent x 1,Full scanning / ROI,Edge preset trigger / Pulse width trigger / Free-run,Mono8 / Mono10 / Mono12 / Mono10Packed / Mono12Packed,8 µseconds to 16.777 seconds,0 to 14.8 dB,x1 to x3,0.1 to 4.0,x2 horizontal and vertical simultaneously / Off,x2 horizontal and vertical simultaneously / Off,Vertical flip / Horizontal flip / Vertical and horizontal flip/ Off,"Up to 8,192 pixels",Support (Eight settings),,Support,Auto exposure / Auto gain,Support,Support,Support,
Sentech,stc-lbs34poe-swir,SWIR Cameras,STC-LBS34POE-SWIR,Area Camera,0.3MP,SWIR,640 (H) x 512 (V),242.2 fps,PoE: IEEE802.3af CLASS3 (1000BASE-T),GigE Vision 2.1,Power Over Ethernet (PoE) (IEEE802.3af) External power (+10.8 to +26.4Vdc),PoE: Less than 10 W External power: Less than 10 W,Lower limit: 0 deg. C (Environmental temperature) Upper limit: +56 deg. C (Environmental temperature),Lower limit: -20 deg. C (Environmental temperature) Upper limit: +75 deg. C (Environmental temperature),SONY IMX991 (TEC),Global Shutter,"1/4""",5.0 (H) x 5.0 (V) µm,58 (W) x 58 (H) x 85 (D) mm,Approximately 465 g,C Mount,No optical filter,RJ45 connector x 1,HR10A-7R-6PB (Hirose) or equivalent x 1,Full scanning / ROI,Edge preset trigger / Pulse width trigger / Free-run,Mono8 / Mono10 / Mono12 / Mono10Packed / Mono12Packed,8 µseconds to 16.777 seconds,0 to 14.8 dB,x1 to x3,0.1 to 4.0,x2 horizontal and vertical simultaneously / Off,x2 horizontal and vertical simultaneously / Off,Vertical flip / Horizontal flip / Vertical and horizontal flip/ Off,"Up to 8,192 pixels",Support (Eight settings),,Support,Auto exposure / Auto gain,Support,Support,Support,
Sentech,stc-sbs532u3v-swiru,SWIR Cameras,STC-SBS532U3V-SWIRU,Area Camera,5.3MP,SWIR,"2,560 (H) x 2,048 (V)",71.5 fps,USB3.0,USB3 Vision 1.0.1,USB bus power (+5 V) External power (+8.0 to +24 Vdc),Less than 4.3 W,Lower limit: 0 deg. C (Environmental temperature) Upper limit: +45 deg. C (Environmental temperature),Lower limit: -25 deg. C (Environmental temperature) Upper limit: +75 deg. C (Environmental temperature),SONY IMX992,Global Shutter,"1/1.4""",3.45 (H) x 3.45 (V) µm,35 (W) x 35 (H) x 41.5 (D) mm,Approximately 76 g,C Mount,No optical filter,USB3.0 micro B x 1,HR10A-7R-6PB (Hirose) or equivalent x 1,Full scanning / ROI,Edge preset trigger / Pulse width trigger / Start stop trigger/ Free-run,Mono8 / Mono10 / Mono12 / Mono10Packed / Mono12Packed,30 µseconds to 50 mseconds,0 to 25.5 dB,x1 to x2,0.1 to 4.0,x2 horizontal and vertical individually / Off,x2 horizontal and vertical individually / Off,Vertical flip / Horizontal flip / Vertical and horizontal flip/ Off,"Dynamic defective pixel correction Static defective pixel correction (Up to 4,096 pixels)",Support (Eight settings),,,Auto exposure / Auto gain,Support,Support,,
Sentech,stc-sbs34u3v-swiru,SWIR Cameras,STC-SBS34U3V-SWIRU,Area Camera,0.3MP,SWIR,640 (H) x 512 (V),260.6 fps,USB3.0,USB3 Vision 1.0.1,USB bus power (+5 V) External power (+8.0 to +24 Vdc),Less than 3.0 W,Lower limit: 0 deg. C (Environmental temperature) Upper limit: +45 deg. C (Environmental temperature),Lower limit: -25 deg. C (Environmental temperature) Upper limit: +75 deg. C (Environmental temperature),SONY IMX991,Global Shutter,"1/4""",5.0 (H) x 5.0 (V) µm,35 (W) x 35 (H) x 41.5 (D) mm,Approximately 76 g,C Mount,No optical filter,USB3.0 micro B x 1,HR10A-7R-6PB (Hirose) or equivalent x 1,Full scanning / ROI,Edge preset trigger / Pulse width trigger / Start stop trigger/ Free-run,Mono8 / Mono10 / Mono12 / Mono10Packed / Mono12Packed,8 µseconds to 50 mseconds,0 to 25.5 dB,x1 to x2,0.1 to 4.0,x2 horizontal and vertical individually / Off,x2 horizontal and vertical individually / Off,Vertical flip / Horizontal flip / Vertical and horizontal flip/ Off,"Up to 8,192 pixels",Support (Eight settings),,,Auto exposure / Auto gain,Support,Support,,
Sentech,stc-sbs132u3v-swiru,SWIR Cameras,STC-SBS132U3V-SWIRU,Area Camera,1.3MP,SWIR,"1,280 (H) x 1,024 (V)",134.7 fps,USB3.0,USB3 Vision 1.0.1,USB bus power (+5 V) External power (+8.0 to +24 Vdc),Less than 3.0 W,Lower limit: 0 deg. C (Environmental temperature) Upper limit: +45 deg. C (Environmental temperature),Lower limit: -25 deg. C (Environmental temperature) Upper limit: +75 deg. C (Environmental temperature),SONY IMX990,Global Shutter,"1/2""",5.0 (H) x 5.0 (V) µm,35 (W) x 35 (H) x 41.5 (D) mm,Approximately 76 g,C Mount,No optical filter,USB3.0 micro B x 1,HR10A-7R-6PB (Hirose) or equivalent x 1,Full scanning / ROI,Edge preset trigger / Pulse width trigger / Start stop trigger/ Free-run,Mono8 / Mono10 / Mono12 / Mono10Packed / Mono12Packed,8 µseconds to 50 mseconds,0 to 25.5 dB,x1 to x2,0.1 to 4.0,x2 horizontal and vertical individually / Off,x2 horizontal and vertical individually / Off,Vertical flip / Horizontal flip / Vertical and horizontal flip/ Off,"Up to 8,192 pixels",Support (Eight settings),,,Auto exposure / Auto gain,Support,Support,,
Sentech,stc-lbs34u3v-swir,SWIR Cameras,STC-LBS34U3V-SWIR,Area Camera,0.3MP,SWIR,640 (H) x 512 (V),260.6 fps,USB3.0,USB3 Vision 1.0.1,USB bus power (+5 V) External power (+8.0 to +24 Vdc),Less than 8.0 W,Lower limit: 0 deg. C (Environmental temperature) Upper limit: +59 deg. C (Environmental temperature),Lower limit: -25 deg. C (Environmental temperature) Upper limit: +75 deg. C (Environmental temperature),SONY IMX991 (TEC),Global Shutter,"1/4""",5.0 (H) x 5.0 (V) µm,58 (W) x 58 (H) x 85 (D) mm,Approximately 425 g,C Mount,No optical filter,USB3.0 micro B x 1,HR10A-7R-6PB (Hirose) or equivalent x 1,Full scanning / ROI,Edge preset trigger / Pulse width trigger / Start stop trigger/ Free-run,Mono8 / Mono10 / Mono12 / Mono10Packed / Mono12Packed,8 µseconds to 16.777 seconds,0 to 25.5 dB,x1 to x2,0.1 to 4.0,x2 horizontal and vertical individually / Off,x2 horizontal and vertical individually / Off,Vertical flip / Horizontal flip / Vertical and horizontal flip/ Off,"Up to 8,192 pixels",Support (Eight settings),,,Auto exposure / Auto gain,Support,Support,,
Sentech,stc-lbs132u3v-swir,SWIR Cameras,STC-LBS132U3V-SWIR,Area Camera,1.3MP,SWIR,"1,280 (H) x 1,024 (V)",134.7 fps,USB3.0,USB3 Vision 1.0.1,USB bus power (+5 V) External power (+8.0 to +24 Vdc),Less than 8.0 W,Lower limit: 0 deg. C (Environmental temperature) Upper limit: +59 deg. C (Environmental temperature),Lower limit: -25 deg. C (Environmental temperature) Upper limit: +75 deg. C (Environmental temperature),SONY IMX990 (TEC),Global Shutter,"1/2""",5.0 (H) x 5.0 (V) µm,58 (W) x 58 (H) x 85 (D) mm,Approximately 425 g,C Mount,No optical filter,USB3.0 micro B x 1,HR10A-7R-6PB (Hirose) or equivalent x 1,Full scanning / ROI,Edge preset trigger / Pulse width trigger / Start stop trigger/ Free-run,Mono8 / Mono10 / Mono12 / Mono10Packed / Mono12Packed,8 µseconds to 16.777 seconds,0 to 25.5 dB,x1 to x2,0.1 to 4.0,x2 horizontal and vertical individually / Off,x2 horizontal and vertical individually / Off,Vertical flip / Horizontal flip / Vertical and horizontal flip/ Off,"Up to 8,192 pixels",Support (Eight settings),,,Auto exposure / Auto gain,Support,Support,,
Sentech,stc-sbs532pcl-swiru,SWIR Cameras,STC-SBS532PCL-SWIRU,Area Camera,5.3MP,SWIR,"2,560 (H) x 2,048 (V)",89.0 fps,Camera Link 80bit / Full / Medium / Base,Camera Link 2.1,PoCL External power (+12 Vdc),Less than 3.8 W,Lower limit: 0 deg. C (Environmental temperature) Upper limit: +49 deg. C (Environmental temperature),Lower limit: -25 deg. C (Environmental temperature) Upper limit: +75 deg. C (Environmental temperature),SONY IMX992,Global Shutter,"1/1.4""",3.45 (H) x 3.45 (V) µm,35 (W) x 35 (H) x 40.7 (D) mm,Approximately 70 g,C Mount,No optical filter,SDR x 2,HR10A-7R-6PB (Hirose) or equivalent x 1,Full scanning / ROI,Edge preset trigger / Pulse width trigger / Free-run,Mono8 / Mono10 / Mono12,30 µseconds to 50 mseconds,0 to 25.5 dB,,0.4 to 1.0,x2 horizontal and vertical simultaneously / Off,x2 horizontal and vertical simultaneously / Off,Vertical flip / Horizontal flip / Vertical and horizontal flip/ Off,"Dynami defective pixel correction Static defective pixel correction (Up to 8,192 pixels)",Support,,,,,,,
Sentech,stc-sbs34pcl-swiru,SWIR Cameras,STC-SBS34PCL-SWIRU,Area Camera,0.3MP,SWIR,640 (H) x 512 (V),258.0 fps,Camera Link Base,Camera Link 2.1,PoCL External power (+12 Vdc),Less than 2.3 W,Lower limit: 0 deg. C (Environmental temperature) Upper limit: +52 deg. C (Environmental temperature),Lower limit: -25 deg. C (Environmental temperature) Upper limit: +75 deg. C (Environmental temperature),SONY IMX991,Global Shutter,"1/4""",5.0 (H) x 5.0 (V) µm,35 (W) x 35 (H) x 40.7 (D) mm,Approximately 70 g,C Mount,No optical filter,SDR x 1,HR10A-7R-6PB (Hirose) or equivalent x 1,Full scanning / ROI,Edge preset trigger / Pulse width trigger / Free-run,Mono8 / Mono10 / Mono12,8 µseconds to 50 mseconds,0 to 25.5 dB,,0.4 to 1.0,x2 horizontal and vertical simultaneously / Off,x2 horizontal and vertical simultaneously / Off,Vertical flip / Horizontal flip / Vertical and horizontal flip/ Off,"Up to 8,192 pixels",Support,,,,,,,
Sentech,stc-sbs132pcl-swiru,SWIR Cameras,STC-SBS132PCL-SWIRU,Area Camera,1.3MP,SWIR,"1,280 (H) x 1,024 (V)",134.0 fps,Camera Link Base,Camera Link 2.1,PoCL External power (+12 Vdc),Less than 2.3 W,Lower limit: 0 deg. C (Environmental temperature) Upper limit: +52 deg. C (Environmental temperature),Lower limit: -25 deg. C (Environmental temperature) Upper limit: +75 deg. C (Environmental temperature),SONY IMX990,Global Shutter,"1/2""",5.0 (H) x 5.0 (V) µm,35 (W) x 35 (H) x 40.7 (D) mm,Approximately 70 g,C Mount,No optical filter,SDR x 1,HR10A-7R-6PB (Hirose) or equivalent x 1,Full scanning / ROI,Edge preset trigger / Pulse width trigger / Free-run,Mono8 / Mono10 / Mono12,8 µseconds to 50 mseconds,0 to 25.5 dB,,0.4 to 1.0,x2 horizontal and vertical simultaneously / Off,x2 horizontal and vertical simultaneously / Off,Vertical flip / Horizontal flip / Vertical and horizontal flip/ Off,"Up to 8,192 pixels",Support,,,,,,,
Sentech,stc-lbs132cl-swir,SWIR Cameras,STC-LBS132CL-SWIR,Area Camera,1.3MP,SWIR,"1,280 (H) x 1,024 (V)",134.0 fps,Camera Link Base,Camera Link 2.1,External power (+12 Vdc),Less than 8.0 W,Lower limit: 0 deg. C (Environmental temperature) Upper limit: +60 deg. C (Environmental temperature),Lower limit: -25 deg. C (Environmental temperature) Upper limit: +75 deg. C (Environmental temperature),SONY IMX990 (TEC),Global Shutter,"1/2""",5.0 (H) x 5.0 (V) µm,58 (W) x 58 (H) x 85 (D) mm,Approximately 425 g,C Mount,No optical filter,SDR x 1,HR10A-7R-6PB (Hirose) or equivalent x 1,Full scanning / ROI,Edge preset trigger / Pulse width trigger / Free-run,Mono8 / Mono10 / Mono12,8 µseconds to 16.777 seconds,0 to 25.5 dB,,0.4 to 1.0,x2 horizontal and vertical simultaneously / Off,x2 horizontal and vertical simultaneously / Off,Vertical flip / Horizontal flip / Vertical and horizontal flip/ Off,"Up to 8,192 pixels",Support,,Support,,,,,
Sentech,stc-lbs34cl-swir,SWIR Cameras,STC-LBS34CL-SWIR,Area Camera,0.3MP,SWIR,640 (H) x 512 (V),258.0 fps,Camera Link Base,Camera Link 2.1,External power (+12 Vdc),Less than 8.0 W,Lower limit: 0 deg. C (Environmental temperature) Upper limit: +60 deg. C (Environmental temperature),Lower limit: -25 deg. C (Environmental temperature) Upper limit: +75 deg. C (Environmental temperature),SONY IMX991 (TEC),Global Shutter,"1/4""",5.0 (H) x 5.0 (V) µm,58 (W) x 58 (H) x 85 (D) mm,Approximately 425 g,C Mount,No optical filter,SDR x 1,HR10A-7R-6PB (Hirose) or equivalent x 1,Full scanning / ROI,Edge preset trigger / Pulse width trigger / Free-run,Mono8 / Mono10 / Mono12,8 µseconds to 16.777 seconds,0 to 25.5 dB,,0.4 to 1.0,x2 horizontal and vertical simultaneously / Off,x2 horizontal and vertical simultaneously / Off,Vertical flip / Horizontal flip / Vertical and horizontal flip/ Off,"Up to 8,192 pixels",Support,,Support,,,,,
Sentech,stc-sts502cxp122,3CMOS Sensor Camera,STC-STS502CXP122,Area Camera (3CMOS),5MP,Color,"2,448 (H) x 2,048 (V) x 3 (R, G, B)",108.9 fps,"CoaXPress (CXP-12, 2 lane)",CoaXPress Standard Version 2.0,PoCXP External power (+18.5 to +26 Vdc),Less than 6.7 W,Lower limit: 0 deg. C (Environmental temperature) Upper limit: +42 deg. C (Environmental temperature),Lower limit: -25 deg. C (Environmental temperature) Upper limit: +75 deg. C (Environmental temperature),SONY IMX548 (x3),Global Shutter,"1/1.8""",2.74 (H) x 2.74 (V) µm,42 (W) x 42 (H) x 60 (D) mm,Approximately 168 g,C Mount,RGB spectroscopic prism on it IR cut filter on it,Micro BNC (75 ohm) x 2,HR10A-7R-6PB (Hirose) or equivalent x 1,Full scanning / ROI,Edge preset trigger / Pulse width trigger / CXP_Packet trigger / Burst trigger / Free-run,RGB8 / RGB10 / RGB12,1 µsecond to 16.777 seconds,0 to 39.4 dB,x1 to x7,0.10 to 4.00,x2 horizontal and vertical simultaneously / Off,x2 horizontal and vertical simultaneously / Off,Vertical flip / Horizontal flip / Vertical and horizontal flip/ Off,"Up to 1,024 pixels (each R, G and B image sensor)",Support (Eight settings),Auto / Manual / Push to set / Push to set (Exposure time) white balance,Support,Auto exposure / Auto gain / Auto white balance / Auto white balance (Exposure time),,,,
Sentech,stc-lts502poe10,3CMOS Sensor Camera,STC-LTS502POE10,Area Camera (3CMOS),5MP,Color,"2,448 (H) x 2,048 (V) x 3 (R, G, B)",82.1 fps,10GigE,GigE Vision 2.1,,TBD,TBD,TBD,SONY IMX548 (x3),Global Shutter,"1/1.8""",2.74 (H) x 2.74 (V) µm,55 (W) x 55 (H) x 86 (D) mm,Approximately 380 g,C Mount,RGB spectroscopic prism on it IR cut filter on it,RJ45 connector x 1,HR10A-7R-6PB (Hirose) or equivalent x 1,Full scanning / ROI,Edge preset trigger / Pulse width trigger / Free-run,RGB8 / RGB10 / RGB12,1 µsecond to 16.777 seconds,,,,,,,,,,,,,,,
Sentech,stc-rbs502gv2ca,GVIF Cameras,STC-RBS502GV2CA,Area Camera,5MP,Monochrome,"2,448 (H) x 2,048 (V)",68.7 fps,GVIF2 (with USB3 Vision conversion control unit),GVIF2,Power over GVIF (+12V),Less than 3.5 W,Lower limit: 0 deg. C (Environmental temperature) Upper limit: +50 deg. C (Housing temperature),Lower limit: -25 deg. C (Environmental temperature) Upper limit: +80 deg. C (Environmental temperature),SONY IMX568,Global Shutter,"1/1.8""",2.74 (H) x 2.74 (V) µm,23 (W) x 23 (H) x 24.5 (D) mm,Approximately 25 g,S Mount,No optical filter,FAKRA x 1 (Shared power and signal connector),FAKRA x 1 (Shared interface connector),Full scanning / ROI,Edge preset trigger / Free-run,Mono8 / Mono10 / Mono12 Mono8 Packed / Mono12 Packed,20 µseconds to 2 seconds,0 to 42.0 dB,x1 to x7,0.10 to 4.00,x2 horizontal and vertical simultaneously / Off,x2 horizontal and vertical simultaneously / Off,Vertical flip / Horizontal flip / Vertical and horizontal flip/ Off,"Up to 1,024 pixels",Support (Eight settings),,Support,Auto exposure / Auto gain,,,,
Sentech,stc-rcs502gv2ca,GVIF Cameras,STC-RCS502GV2CA,Area Camera,5MP,Color,"2,448 (H) x 2,048 (V)",68.7 fps,GVIF2 (with USB3 Vision conversion control unit),GVIF2,Power over GVIF (+12V),Less than 3.5 W,Lower limit: 0 deg. C (Environmental temperature) Upper limit: +50 deg. C (Housing temperature),Lower limit: -25 deg. C (Environmental temperature) Upper limit: +80 deg. C (Environmental temperature),SONY IMX568,Global Shutter,"1/1.8""",2.74 (H) x 2.74 (V) µm,23 (W) x 23 (H) x 24.5 (D) mm,Approximately 25 g,S Mount,IR cut filter on it,FAKRA x 1 (Shared power and signal connector),FAKRA x 1 (Shared interface connector),Full scanning / ROI,Edge preset trigger / Free-run,BayerRG8 / BayerRG10 / BayerRG12 BayerRG8 Packed / BayerRG12 Packed,20 µseconds to 2 seconds,0 to 42.0 dB,x1 to x7,0.10 to 4.00,,x2 horizontal and vertical simultaneously / Off,Vertical flip / Horizontal flip / Vertical and horizontal flip/ Off,"Up to 1,024 pixels",Support (Eight settings),Auto exposure / Auto gain,Support,Auto exposure / Auto gain / Auto white balance,,,,
Sentech,stc-rbs502gv2cb,GVIF Cameras,STC-RBS502GV2CB,Area Camera,5MP,Monochrome,"2,448 (H) x 2,048 (V)",68.7 fps,GVIF2 (with USB3 Vision conversion control unit),GVIF2,Power over GVIF (+12V),Less than 3.5 W,Lower limit: 0 deg. C (Environmental temperature) Upper limit: +50 deg. C (Housing temperature),Lower limit: -25 deg. C (Environmental temperature) Upper limit: +80 deg. C (Environmental temperature),SONY IMX568,Global Shutter,"1/1.8""",2.74 (H) x 2.74 (V) µm,23 (W) x 23 (H) x 38.9 (D) mm,Approximately 35 g,Liquid lens integrated,No optical filter,FAKRA x 1 (Shared power and signal connector),FAKRA x 1 (Shared interface connector),Full scanning / ROI,Edge preset trigger / Free-run,Mono8 / Mono10 / Mono12 Mono10 Packed / Mono12 Packed,20 µseconds to 2 seconds,0 to 42.0 dB,x1 to x7,0.10 to 4.00,x2 horizontal and vertical simultaneously / Off,x2 horizontal and vertical simultaneously / Off,Vertical flip / Horizontal flip / Vertical and horizontal flip/ Off,"Up to 1,024 pixels",Support (Eight settings),,Support,Auto exposure / Auto gain,,,,
Sentech,stc-rcs502gv2cb,GVIF Cameras,STC-RCS502GV2CB,Area Camera,5MP,Color,"2,448 (H) x 2,048 (V)",68.7 fps,GVIF2 (with USB3 Vision conversion control unit),GVIF2,Power over GVIF (+12V),Less than 3.5 W,Lower limit: 0 deg. C (Environmental temperature) Upper limit: +50 deg. C (Housing temperature),Lower limit: -25 deg. C (Environmental temperature) Upper limit: +80 deg. C (Environmental temperature),SONY IMX568,Global Shutter,"1/1.8""",2.74 (H) x 2.74 (V) µm,23 (W) x 23 (H) x 38.9 (D) mm,Approximately 35 g,Liquid lens integrated,IR cut filter on it,FAKRA x 1 (Shared power and signal connector),FAKRA x 1 (Shared interface connector),Full scanning / ROI,Edge preset trigger / Free-run,BayerRG8 / BayerRG10 / BayerRG12 BayerRG10 Packed / BayerRG12 Packed,20 µseconds to 2 seconds,0 to 42.0 dB,x1 to x7,0.10 to 4.00,,x2 horizontal and vertical simultaneously / Off,Vertical flip / Horizontal flip / Vertical and horizontal flip/ Off,"Up to 1,024 pixels",Support (Eight settings),Auto exposure / Auto gain,Support,Auto exposure / Auto gain / Auto white balance,,,,
Sentech,stc-rbs502gv2ca-w,GVIF Cameras,STC-RBS502GV2CA-W,Area Camera,5MP,Monochrome,"2,448 (H) x 2,048 (V)",68.7 fps,GVIF2 (with USB3 Vision conversion control unit),GVIF2,Power over GVIF (+12V),Less than 3.5 W,Lower limit: 0 deg. C (Environmental temperature) Upper limit: +55 deg. C (Housing temperature),Lower limit: -25 deg. C (Environmental temperature) Upper limit: +80 deg. C (Environmental temperature),SONY IMX568,Global Shutter,"1/1.8""",2.74 (H) x 2.74 (V) µm,28 (W) x 28 (H) x 35.65 (D) mm (IP67),Approximately 45 g,S Mount,No optical filter,FAKRA x 1 (Shared power and signal connector),FAKRA x 1 (Shared interface connector),Full scanning / ROI,Edge preset trigger / Free-run,Mono8 / Mono10 / Mono12 Mono10 Packed / Mono12 Packed,20 µseconds to 2 seconds,0 to 42.0 dB,x1 to x7,0.10 to 4.00,x2 horizontal and vertical simultaneously / Off,x2 horizontal and vertical simultaneously / Off,Vertical flip / Horizontal flip / Vertical and horizontal flip/ Off,"Up to 1,024 pixels",Support (Eight settings),,Support,Auto exposure / Auto gain,,,,
Sentech,stc-rcs502gv2ca-w,GVIF Cameras,STC-RCS502GV2CA-W,Area Camera,5MP,Color,"2,448 (H) x 2,048 (V)",68.7 fps,GVIF2 (with USB3 Vision conversion control unit),GVIF2,Power over GVIF (+12V),Less than 3.5 W,Lower limit: 0 deg. C (Environmental temperature) Upper limit: +55 deg. C (Housing temperature),Lower limit: -25 deg. C (Environmental temperature) Upper limit: +80 deg. C (Environmental temperature),SONY IMX568,Global Shutter,"1/1.8""",2.74 (H) x 2.74 (V) µm,28 (W) x 28 (H) x 35.65 (D) mm (IP67),Approximately 45 g,S Mount,IR cut filter on it,FAKRA x 1 (Shared power and signal connector),FAKRA x 1 (Shared interface connector),Full scanning / ROI,Edge preset trigger / Free-run,BayerRG8 / BayerRG10 / BayerRG12 BayerRG10 Packed / BayerRG12 Packed,20 µseconds to 2 seconds,0 to 42.0 dB,x1 to x7,0.10 to 4.00,,x2 horizontal and vertical simultaneously / Off,Vertical flip / Horizontal flip / Vertical and horizontal flip/ Off,"Up to 1,024 pixels",Support (Eight settings),Auto exposure / Auto gain,Support,Auto exposure / Auto gain / Auto white balance,,,,
Sentech,stc-rbs502gv2cb-w,GVIF Cameras,STC-RBS502GV2CB-W,Area Camera,5MP,Monochrome,"2,448 (H) x 2,048 (V)",68.7 fps,GVIF2 (with USB3 Vision conversion control unit),GVIF2,Power over GVIF (+12V),Less than 3.5 W,Lower limit: 0 deg. C (Environmental temperature) Upper limit: +55 deg. C (Housing temperature),Lower limit: -25 deg. C (Environmental temperature) Upper limit: +80 deg. C (Environmental temperature),SONY IMX568,Global Shutter,"1/1.8""",2.74 (H) x 2.74 (V) µm,23 (W) x 23 (H) x 41.2 (D) mm (IP67),Approximately 56 g,Liquid lens integrated,No optical filter,FAKRA x 1 (Shared power and signal connector),FAKRA x 1 (Shared interface connector),Full scanning / ROI,Edge preset trigger / Free-run,Mono8 / Mono10 / Mono12 Mono10 Packed / Mono12 Packed,20 µseconds to 2 seconds,0 to 42.0 dB,x1 to x7,0.10 to 4.00,x2 horizontal and vertical simultaneously / Off,x2 horizontal and vertical simultaneously / Off,Vertical flip / Horizontal flip / Vertical and horizontal flip/ Off,"Up to 1,024 pixels",Support (Eight settings),,Support,Auto exposure / Auto gain,,,,
Sentech,stc-rcs502gv2cb-w,GVIF Cameras,STC-RCS502GV2CB-W,Area Camera,5MP,Color,"2,448 (H) x 2,048 (V)",68.7 fps,GVIF2 (with USB3 Vision conversion control unit),GVIF2,Power over GVIF (+12V),Less than 3.5 W,Lower limit: 0 deg. C (Environmental temperature) Upper limit: +55 deg. C (Housing temperature),Lower limit: -25 deg. C (Environmental temperature) Upper limit: +80 deg. C (Environmental temperature),SONY IMX568,Global Shutter,"1/1.8""",2.74 (H) x 2.74 (V) µm,23 (W) x 23 (H) x 41.2 (D) mm (IP67),Approximately 56 g,Liquid lens integrated,IR cut filter on it,FAKRA x 1 (Shared power and signal connector),FAKRA x 1 (Shared interface connector),Full scanning / ROI,Edge preset trigger / Free-run,BayerRG8 / BayerRG10 / BayerRG12 BayerRG10 Packed / BayerRG12 Packed,20 µseconds to 2 seconds,0 to 42.0 dB,x1 to x7,0.10 to 4.00,,x2 horizontal and vertical simultaneously / Off,Vertical flip / Horizontal flip / Vertical and horizontal flip/ Off,"Up to 1,024 pixels",Support (Eight settings),Auto exposure / Auto gain,Support,Auto exposure / Auto gain / Auto white balance,,,,
Sentech,stc-rbs502gv2cf,GVIF Cameras,STC-RBS502GV2CF,Area Camera,5MP,Monochrome,"2,448 (H) x 2,048 (V)",47.7 fps,GVIF2 (with GVIF frame grabber board),GVIF2,Power over GVIF (+12V),Less than 3.3 W,Lower limit: 0 deg. C (Environmental temperature) Upper limit: +66 deg. C (Housing temperature),Lower limit: -25 deg. C (Environmental temperature) Upper limit: +80 deg. C (Environmental temperature),SONY IMX568,Global Shutter,"1/1.8""",2.74 (H) x 2.74 (V) µm,23 (W) x 23 (H) x 29.8 (D) mm,Approximately 33 g,S Mount,No optical filter,FAKRA x 1 (Shared power and signal connector),FAKRA x 1 (Shared interface connector),Full scanning / ROI,Edge preset trigger / Free-run,Mono8 / Mono10 / Mono12 Mono10 Packed / Mono12 Packed,20 µseconds to 2 seconds,0 to 42.0 dB,x1 to x7,0.10 to 4.00,x2 horizontal and vertical simultaneously / Off,x2 horizontal and vertical simultaneously / Off,Vertical flip / Horizontal flip / Vertical and horizontal flip/ Off,"Up to 1,024 pixels",Support (Eight settings),,Support,Auto exposure / Auto gain,,,,
Sentech,stc-rcs502gv2cf,GVIF Cameras,STC-RCS502GV2CF,Area Camera,5MP,Color,"2,448 (H) x 2,048 (V)",47.7 fps,GVIF2 (with GVIF frame grabber board),GVIF2,Power over GVIF (+12V),Less than 3.3 W,Lower limit: 0 deg. C (Environmental temperature) Upper limit: +66 deg. C (Housing temperature),Lower limit: -25 deg. C (Environmental temperature) Upper limit: +80 deg. C (Environmental temperature),SONY IMX568,Global Shutter,"1/1.8""",2.74 (H) x 2.74 (V) µm,23 (W) x 23 (H) x 29.8 (D) mm,Approximately 33 g,S Mount,IR cut filter on it,FAKRA x 1 (Shared power and signal connector),FAKRA x 1 (Shared interface connector),Full scanning / ROI,Edge preset trigger / Free-run,BayerRG8 / BayerRG10 / BayerRG12 BayerRG10 Packed / BayerRG12 Packed,20 µseconds to 2 seconds,0 to 42.0 dB,x1 to x7,0.10 to 4.00,,x2 horizontal and vertical simultaneously / Off,Vertical flip / Horizontal flip / Vertical and horizontal flip/ Off,"Up to 1,024 pixels",Support (Eight settings),Auto exposure / Auto gain,Support,Auto exposure / Auto gain / Auto white balance,,,,
Sentech,stc-rbs502gv2cg,GVIF Cameras,STC-RBS502GV2CG,Area Camera,5MP,Monochrome,"2,448 (H) x 2,048 (V)",47.7 fps,GVIF2 (with GVIF frame grabber board),GVIF2,Power over GVIF (+12V),Less than 3.3 W,Lower limit: 0 deg. C (Environmental temperature) Upper limit: +66 deg. C (Housing temperature),Lower limit: -25 deg. C (Environmental temperature) Upper limit: +80 deg. C (Environmental temperature),SONY IMX568,Global Shutter,"1/1.8""",2.74 (H) x 2.74 (V) µm,23 (W) x 23 (H) x 38.9 (D) mm,Approximately 38 g,Liquid lens integrated,IR cut filter on it,FAKRA x 1 (Shared power and signal connector),FAKRA x 1 (Shared interface connector),Full scanning / ROI,Edge preset trigger / Free-run,Mono8 / Mono10 / Mono12 Mono10 Packed / Mono12 Packed,20 µseconds to 2 seconds,0 to 42.0 dB,x1 to x7,0.10 to 4.00,x2 horizontal and vertical simultaneously / Off,x2 horizontal and vertical simultaneously / Off,Vertical flip / Horizontal flip / Vertical and horizontal flip/ Off,"Up to 1,024 pixels",Support (Eight settings),,Support,Auto exposure / Auto gain,,,,
Sentech,stc-rcs502gv2cg,GVIF Cameras,STC-RCS502GV2CG,Area Camera,5MP,Color,"2,448 (H) x 2,048 (V)",47.7 fps,GVIF2 (with GVIF frame grabber board),GVIF2,Power over GVIF (+12V),Less than 3.3 W,Lower limit: 0 deg. C (Environmental temperature) Upper limit: +66 deg. C (Housing temperature),Lower limit: -25 deg. C (Environmental temperature) Upper limit: +80 deg. C (Environmental temperature),SONY IMX568,Global Shutter,"1/1.8""",2.74 (H) x 2.74 (V) µm,23 (W) x 23 (H) x 38.9 (D) mm,Approximately 38 g,Liquid lens integrated,IR cut filter on it,FAKRA x 1 (Shared power and signal connector),FAKRA x 1 (Shared interface connector),Full scanning / ROI,Edge preset trigger / Free-run,BayerRG8 / BayerRG10 / BayerRG12 BayerRG10 Packed / BayerRG12 Packed,20 µseconds to 2 seconds,0 to 42.0 dB,x1 to x7,0.10 to 4.00,,x2 horizontal and vertical simultaneously / Off,Vertical flip / Horizontal flip / Vertical and horizontal flip/ Off,"Up to 1,024 pixels",Support (Eight settings),Auto exposure / Auto gain,Support,Auto exposure / Auto gain / Auto white balance,,,,
Sentech,stc-rbs502gv2cf-w,GVIF Cameras,STC-RBS502GV2CF-W,Area Camera,5MP,Monochrome,"2,448 (H) x 2,048 (V)",47.7 fps,GVIF2 (with GVIF frame grabber board),GVIF2,Power over GVIF (+12V),Less than 3.3 W,Lower limit: 0 deg. C (Environmental temperature) Upper limit: +65 deg. C (Housing temperature),Lower limit: -25 deg. C (Environmental temperature) Upper limit: +80 deg. C (Environmental temperature),SONY IMX568,Global Shutter,"1/1.8""",2.74 (H) x 2.74 (V) µm,28 (W) x 28 (H) x 40.8 (D) mm (IP67),Approximately 58 g,S Mount,No optical filter,FAKRA x 1 (Shared power and signal connector),FAKRA x 1 (Shared interface connector),Full scanning / ROI,Edge preset trigger / Free-run,Mono8 / Mono10 / Mono12 Mono10 Packed / Mono12 Packed,20 µseconds to 2 seconds,0 to 42.0 dB,x1 to x7,0.10 to 4.00,x2 horizontal and vertical simultaneously / Off,x2 horizontal and vertical simultaneously / Off,Vertical flip / Horizontal flip / Vertical and horizontal flip/ Off,"Up to 1,024 pixels",Support (Eight settings),,Support,Auto exposure / Auto gain,,,,
Sentech,stc-rcs502gv2cf-w,GVIF Cameras,STC-RCS502GV2CF-W,Area Camera,5MP,Color,"2,448 (H) x 2,048 (V)",47.7 fps,GVIF2 (with GVIF frame grabber board),GVIF2,Power over GVIF (+12V),Less than 3.3 W,Lower limit: 0 deg. C (Environmental temperature) Upper limit: +65 deg. C (Housing temperature),Lower limit: -25 deg. C (Environmental temperature) Upper limit: +80 deg. C (Environmental temperature),SONY IMX568,Global Shutter,"1/1.8""",2.74 (H) x 2.74 (V) µm,28 (W) x 28 (H) x 40.8 (D) mm (IP67),Approximately 58 g,S Mount,IR cut filter on it,FAKRA x 1 (Shared power and signal connector),FAKRA x 1 (Shared interface connector),Full scanning / ROI,Edge preset trigger / Free-run,BayerRG8 / BayerRG10 / BayerRG12 BayerRG10 Packed / BayerRG12 Packed,20 µseconds to 2 seconds,0 to 42.0 dB,x1 to x7,0.10 to 4.00,,x2 horizontal and vertical simultaneously / Off,Vertical flip / Horizontal flip / Vertical and horizontal flip/ Off,"Up to 1,024 pixels",Support (Eight settings),Auto exposure / Auto gain,Support,Auto exposure / Auto gain / Auto white balance,,,,
Sentech,stc-rbs502gv2cg-w,GVIF Cameras,STC-RBS502GV2CG-W,Area Camera,5MP,Monochrome,"2,448 (H) x 2,048 (V)",47.7 fps,GVIF2 (with GVIF frame grabber board),GVIF2,Power over GVIF (+12V),Less than 3.3 W,Lower limit: 0 deg. C (Environmental temperature) Upper limit: +65 deg. C (Housing temperature),Lower limit: -25 deg. C (Environmental temperature) Upper limit: +80 deg. C (Environmental temperature),SONY IMX568,Global Shutter,"1/1.8""",2.74 (H) x 2.74 (V) µm,28 (W) x 28 (H) x 41.2 (D) mm (IP67),Approximately 58 g,Liquid lens integrated,No optical filter,FAKRA x 1 (Shared power and signal connector),FAKRA x 1 (Shared interface connector),Full scanning / ROI,Edge preset trigger / Free-run,Mono8 / Mono10 / Mono12 Mono10 Packed / Mono12 Packed,20 µseconds to 2 seconds,0 to 42.0 dB,x1 to x7,0.10 to 4.00,x2 horizontal and vertical simultaneously / Off,x2 horizontal and vertical simultaneously / Off,Vertical flip / Horizontal flip / Vertical and horizontal flip/ Off,"Up to 1,024 pixels",Support (Eight settings),,Support,Auto exposure / Auto gain,,,,
Sentech,stc-rcs502gv2cg-w,GVIF Cameras,STC-RCS502GV2CG-W,Area Camera,5MP,Color,"2,448 (H) x 2,048 (V)",47.7 fps,GVIF2 (with GVIF frame grabber board),GVIF2,Power over GVIF (+12V),Less than 3.3 W,Lower limit: 0 deg. C (Environmental temperature) Upper limit: +65 deg. C (Housing temperature),Lower limit: -25 deg. C (Environmental temperature) Upper limit: +80 deg. C (Environmental temperature),SONY IMX568,Global Shutter,"1/1.8""",2.74 (H) x 2.74 (V) µm,28 (W) x 28 (H) x 41.2 (D) mm (IP67),Approximately 58 g,Liquid lens integrated,IR cut filter on it,FAKRA x 1 (Shared power and signal connector),FAKRA x 1 (Shared interface connector),Full scanning / ROI,Edge preset trigger / Free-run,BayerRG8 / BayerRG10 / BayerRG12 BayerRG10 Packed / BayerRG12 Packed,20 µseconds to 2 seconds,0 to 42.0 dB,x1 to x7,0.10 to 4.00,,x2 horizontal and vertical simultaneously / Off,Vertical flip / Horizontal flip / Vertical and horizontal flip/ Off,"Up to 1,024 pixels",Support (Eight settings),Auto exposure / Auto gain,Support,Auto exposure / Auto gain / Auto white balance,,,,
Sentech,stc-rbs323gv2ca,GVIF Cameras,STC-RBS323GV2CA,Area Camera,3.2MP,Monochrome,"2,048 (H) x 1,536 (V)",101.8 fps,GVIF2 (with USB3 Vision conversion control unit),GVIF2,Power over GVIF (+12V),Less than 3.5 W,Lower limit: 0 deg. C (Environmental temperature) Upper limit: +50 deg. C (Housing temperature),Lower limit: -25 deg. C (Environmental temperature) Upper limit: +80 deg. C (Environmental temperature),SONY IMX900,Global Shutter,"1/3.1""",2.25 (H) x 2.25 (V) µm,23 (W) x 23 (H) x 24.5 (D) mm,Approximately 25 g,S Mount,No optical filter,FAKRA x 1 (Shared power and signal connector),FAKRA x 1 (Shared interface connector),Full scanning / ROI,Edge preset trigger / Free-run,Mono8 / Mono10 / Mono12 Mono10 Packed / Mono12 Packed,20 µseconds to 2 seconds,0 to 42.0 dB,x1 to x7,0.10 to 4.00,x2 horizontal and vertical simultaneously / Off,x2 horizontal and vertical simultaneously / Off,Vertical flip / Horizontal flip / Vertical and horizontal flip/ Off,"Up to 1,024 pixels",Support (Eight settings),,Support,Auto exposure / Auto gain,,,,
Sentech,stc-rcs323gv2ca,GVIF Cameras,STC-RCS323GV2CA,Area Camera,3.2MP,Color,"2,048 (H) x 1,536 (V)",101.8 fps,GVIF2 (with USB3 Vision conversion control unit),GVIF2,Power over GVIF (+12V),Less than 3.5 W,Lower limit: 0 deg. C (Environmental temperature) Upper limit: +50 deg. C (Housing temperature),Lower limit: -25 deg. C (Environmental temperature) Upper limit: +80 deg. C (Environmental temperature),SONY IMX900,Global Shutter,"1/3.1""",2.25 (H) x 2.25 (V) µm,23 (W) x 23 (H) x 24.5 (D) mm,Approximately 25 g,S Mount,IR cut filter on it,FAKRA x 1 (Shared power and signal connector),FAKRA x 1 (Shared interface connector),Full scanning / ROI,Edge preset trigger / Free-run,BayerRG8 / BayerRG10 / BayerRG12 BayerRG10 Packed / BayerRG12 Packed,20 µseconds to 2 seconds,0 to 42.0 dB,x1 to x7,0.10 to 4.00,,x2 horizontal and vertical simultaneously / Off,Vertical flip / Horizontal flip / Vertical and horizontal flip/ Off,"Up to 1,024 pixels",Support (Eight settings),Auto exposure / Auto gain,Support,Auto exposure / Auto gain / Auto white balance,,,,
Sentech,stc-rbs323gv2cb,GVIF Cameras,STC-RBS323GV2CB,Area Camera,3.2MP,Monochrome,"2,048 (H) x 1,536 (V)",101.8 fps,GVIF2 (with USB3 Vision conversion control unit),GVIF2,Power over GVIF (+12V),Less than 3.5 W,Lower limit: 0 deg. C (Environmental temperature) Upper limit: +50 deg. C (Housing temperature),Lower limit: -25 deg. C (Environmental temperature) Upper limit: +80 deg. C (Environmental temperature),SONY IMX900,Global Shutter,"1/3.1""",2.25 (H) x 2.25 (V) µm,23 (W) x 23 (H) x 38.9 (D) mm,Approximately 35 g,Liquid lens integrated,No optical filter,FAKRA x 1 (Shared power and signal connector),FAKRA x 1 (Shared interface connector),Full scanning / ROI,Edge preset trigger / Free-run,Mono8 / Mono10 / Mono12 Mono10 Packed / Mono12 Packed,20 µseconds to 2 seconds,0 to 42.0 dB,x1 to x7,0.10 to 4.00,x2 horizontal and vertical simultaneously / Off,x2 horizontal and vertical simultaneously / Off,Vertical flip / Horizontal flip / Vertical and horizontal flip/ Off,"Up to 1,024 pixels",Support (Eight settings),,Support,Auto exposure / Auto gain,,,,
Sentech,stc-rcs323gv2cb,GVIF Cameras,STC-RCS323GV2CB,Area Camera,3.2MP,Color,"2,048 (H) x 1,536 (V)",101.8 fps,GVIF2 (with USB3 Vision conversion control unit),GVIF2,Power over GVIF (+12V),Less than 3.5 W,Lower limit: 0 deg. C (Environmental temperature) Upper limit: +50 deg. C (Housing temperature),Lower limit: -25 deg. C (Environmental temperature) Upper limit: +80 deg. C (Environmental temperature),SONY IMX900,Global Shutter,"1/3.1""",2.25 (H) x 2.25 (V) µm,23 (W) x 23 (H) x 38.9 (D) mm,Approximately 35 g,Liquid lens integrated,IR cut filter on it,FAKRA x 1 (Shared power and signal connector),FAKRA x 1 (Shared interface connector),Full scanning / ROI,Edge preset trigger / Free-run,BayerRG8 / BayerRG10 / BayerRG12 BayerRG10 Packed / BayerRG12 Packed,20 µseconds to 2 seconds,0 to 42.0 dB,x1 to x7,0.10 to 4.00,,x2 horizontal and vertical simultaneously / Off,Vertical flip / Horizontal flip / Vertical and horizontal flip/ Off,"Up to 1,024 pixels",Support (Eight settings),Auto exposure / Auto gain,Support,Auto exposure / Auto gain / Auto white balance,,,,
Sentech,stc-rbs323gv2ca-w,GVIF Cameras,STC-RBS323GV2CA-W,Area Camera,3.2MP,Monochrome,"2,048 (H) x 1,536 (V)",101.8 fps,GVIF2 (with USB3 Vision conversion control unit),GVIF2,Power over GVIF (+12V),Less than 3.5 W,Lower limit: 0 deg. C (Environmental temperature) Upper limit: +55 deg. C (Housing temperature),Lower limit: -25 deg. C (Environmental temperature) Upper limit: +80 deg. C (Environmental temperature),SONY IMX900,Global Shutter,"1/3.1""",2.25 (H) x 2.25 (V) µm,28 (W) x 28 (H) x 35.65 (D) mm (IP67),Approximately 45 g,S Mount,No optical filter,FAKRA x 1 (Shared power and signal connector),FAKRA x 1 (Shared interface connector),Full scanning / ROI,Edge preset trigger / Free-run,Mono8 / Mono10 / Mono12 Mono10 Packed / Mono12 Packed,20 µseconds to 2 seconds,0 to 42.0 dB,x1 to x7,0.10 to 4.00,x2 horizontal and vertical simultaneously / Off,x2 horizontal and vertical simultaneously / Off,Vertical flip / Horizontal flip / Vertical and horizontal flip/ Off,"Up to 1,024 pixels",Support (Eight settings),,Support,Auto exposure / Auto gain,,,,
Sentech,stc-rcs323gv2ca-w,GVIF Cameras,STC-RCS323GV2CA-W,Area Camera,3.2MP,Color,"2,048 (H) x 1,536 (V)",101.8 fps,GVIF2 (with USB3 Vision conversion control unit),GVIF2,Power over GVIF (+12V),Less than 3.5 W,Lower limit: 0 deg. C (Environmental temperature) Upper limit: +55 deg. C (Housing temperature),Lower limit: -25 deg. C (Environmental temperature) Upper limit: +80 deg. C (Environmental temperature),SONY IMX900,Global Shutter,"1/3.1""",2.25 (H) x 2.25 (V) µm,28 (W) x 28 (H) x 35.65 (D) mm (IP67),Approximately 45 g,S Mount,IR cut filter on it,FAKRA x 1 (Shared power and signal connector),FAKRA x 1 (Shared interface connector),Full scanning / ROI,Edge preset trigger / Free-run,BayerRG8 / BayerRG10 / BayerRG12 BayerRG10 Packed / BayerRG12 Packed,20 µseconds to 2 seconds,0 to 42.0 dB,x1 to x7,0.10 to 4.00,,x2 horizontal and vertical simultaneously / Off,Vertical flip / Horizontal flip / Vertical and horizontal flip/ Off,"Up to 1,024 pixels",Support (Eight settings),Auto exposure / Auto gain,Support,Auto exposure / Auto gain / Auto white balance,,,,
Sentech,stc-rbs323gv2cb-w,GVIF Cameras,STC-RBS323GV2CB-W,Area Camera,3.2MP,Monochrome,"2,048 (H) x 1,536 (V)",101.8 fps,GVIF2 (with USB3 Vision conversion control unit),GVIF2,Power over GVIF (+12V),Less than 3.5 W,Lower limit: 0 deg. C (Environmental temperature) Upper limit: +55 deg. C (Housing temperature),Lower limit: -25 deg. C (Environmental temperature) Upper limit: +80 deg. C (Environmental temperature),SONY IMX900,Global Shutter,"1/3.1""",2.25 (H) x 2.25 (V) µm,23 (W) x 23 (H) x 41.2 (D) mm (IP67),Approximately 56 g,Liquid lens integrated,No optical filter,FAKRA x 1 (Shared power and signal connector),FAKRA x 1 (Shared interface connector),Full scanning / ROI,Edge preset trigger / Free-run,Mono8 / Mono10 / Mono12 Mono10 Packed / Mono12 Packed,20 µseconds to 2 seconds,0 to 42.0 dB,x1 to x7,0.10 to 4.00,x2 horizontal and vertical simultaneously / Off,x2 horizontal and vertical simultaneously / Off,Vertical flip / Horizontal flip / Vertical and horizontal flip/ Off,"Up to 1,024 pixels",Support (Eight settings),,Support,Auto exposure / Auto gain,,,,
Sentech,stc-rcs323gv2cb-w,GVIF Cameras,STC-RCS323GV2CB-W,Area Camera,3.2MP,Color,"2,048 (H) x 1,536 (V)",101.8 fps,GVIF2 (with USB3 Vision conversion control unit),GVIF2,Power over GVIF (+12V),Less than 3.5 W,Lower limit: 0 deg. C (Environmental temperature) Upper limit: +55 deg. C (Housing temperature),Lower limit: -25 deg. C (Environmental temperature) Upper limit: +80 deg. C (Environmental temperature),SONY IMX900,Global Shutter,"1/3.1""",2.25 (H) x 2.25 (V) µm,23 (W) x 23 (H) x 41.2 (D) mm (IP67),Approximately 56 g,Liquid lens integrated,IR cut filter on it,FAKRA x 1 (Shared power and signal connector),FAKRA x 1 (Shared interface connector),Full scanning / ROI,Edge preset trigger / Free-run,BayerRG8 / BayerRG10 / BayerRG12 BayerRG10 Packed / BayerRG12 Packed,20 µseconds to 2 seconds,0 to 42.0 dB,x1 to x7,0.10 to 4.00,,x2 horizontal and vertical simultaneously / Off,Vertical flip / Horizontal flip / Vertical and horizontal flip/ Off,"Up to 1,024 pixels",Support (Eight settings),Auto exposure / Auto gain,Support,Auto exposure / Auto gain / Auto white balance,,,,
Sentech,stc-rbs323gv2cf,GVIF Cameras,STC-RBS323GV2CF,Area Camera,3.2MP,Monochrome,"2,048 (H) x 1,536 (V)",71.8 fps,GVIF2 (with GVIF frame grabber board),GVIF2,Power over GVIF (+12V),Less than 3.3 W,Lower limit: 0 deg. C (Environmental temperature) Upper limit: +66 deg. C (Housing temperature),Lower limit: -25 deg. C (Environmental temperature) Upper limit: +80 deg. C (Environmental temperature),SONY IMX900,Global Shutter,"1/3.1""",2.25 (H) x 2.25 (V) µm,23 (W) x 23 (H) x 29.8 (D) mm,Approximately 33 g,S Mount,No optical filter,FAKRA x 1 (Shared power and signal connector),FAKRA x 1 (Shared interface connector),Full scanning / ROI,Edge preset trigger / Free-run,Mono8 / Mono10 / Mono12 Mono10 Packed / Mono12 Packed,20 µseconds to 2 seconds,0 to 42.0 dB,x1 to x7,0.10 to 4.00,x2 horizontal and vertical simultaneously / Off,x2 horizontal and vertical simultaneously / Off,Vertical flip / Horizontal flip / Vertical and horizontal flip/ Off,"Up to 1,024 pixels",Support (Eight settings),,Support,Auto exposure / Auto gain,,,,
Sentech,stc-rcs323gv2cf,GVIF Cameras,STC-RCS323GV2CF,Area Camera,3.2MP,Color,"2,048 (H) x 1,536 (V)",71.8 fps,GVIF2 (with GVIF frame grabber board),GVIF2,Power over GVIF (+12V),Less than 3.3 W,Lower limit: 0 deg. C (Environmental temperature) Upper limit: +66 deg. C (Housing temperature),Lower limit: -25 deg. C (Environmental temperature) Upper limit: +80 deg. C (Environmental temperature),SONY IMX900,Global Shutter,"1/3.1""",2.25 (H) x 2.25 (V) µm,23 (W) x 23 (H) x 29.8 (D) mm,Approximately 33 g,S Mount,IR cut filter on it,FAKRA x 1 (Shared power and signal connector),FAKRA x 1 (Shared interface connector),Full scanning / ROI,Edge preset trigger / Free-run,BayerRG8 / BayerRG10 / BayerRG12 BayerRG10 Packed / BayerRG12 Packed,20 µseconds to 2 seconds,0 to 42.0 dB,x1 to x7,0.10 to 4.00,,x2 horizontal and vertical simultaneously / Off,Vertical flip / Horizontal flip / Vertical and horizontal flip/ Off,"Up to 1,024 pixels",Support (Eight settings),Auto exposure / Auto gain,Support,Auto exposure / Auto gain / Auto white balance,,,,
Sentech,stc-rbs323gv2cg,GVIF Cameras,STC-RBS323GV2CG,Area Camera,3.2MP,Monochrome,"2,048 (H) x 1,536 (V)",71.8 fps,GVIF2 (with GVIF frame grabber board),GVIF2,Power over GVIF (+12V),Less than 3.3 W,Lower limit: 0 deg. C (Environmental temperature) Upper limit: +66 deg. C (Housing temperature),Lower limit: -25 deg. C (Environmental temperature) Upper limit: +80 deg. C (Environmental temperature),SONY IMX900,Global Shutter,"1/3.1""",2.25 (H) x 2.25 (V) µm,23 (W) x 23 (H) x 38.9 (D) mm,Approximately 38 g,Liquid lens integrated,No optical filter,FAKRA x 1 (Shared power and signal connector),FAKRA x 1 (Shared interface connector),Full scanning / ROI,Edge preset trigger / Free-run,Mono8 / Mono10 / Mono12 Mono10 Packed / Mono12 Packed,20 µseconds to 2 seconds,0 to 42.0 dB,x1 to x7,0.10 to 4.00,x2 horizontal and vertical simultaneously / Off,x2 horizontal and vertical simultaneously / Off,Vertical flip / Horizontal flip / Vertical and horizontal flip/ Off,"Up to 1,024 pixels",Support (Eight settings),,Support,Auto exposure / Auto gain,,,,
Sentech,stc-rcs323gv2cg,GVIF Cameras,STC-RCS323GV2CG,Area Camera,3.2MP,Color,"2,048 (H) x 1,536 (V)",71.8 fps,GVIF2 (with GVIF frame grabber board),GVIF2,Power over GVIF (+12V),Less than 3.3 W,Lower limit: 0 deg. C (Environmental temperature) Upper limit: +66 deg. C (Housing temperature),Lower limit: -25 deg. C (Environmental temperature) Upper limit: +80 deg. C (Environmental temperature),SONY IMX900,Global Shutter,"1/3.1""",2.25 (H) x 2.25 (V) µm,23 (W) x 23 (H) x 38.9 (D) mm,Approximately 38 g,Liquid lens integrated,IR cut filter on it,FAKRA x 1 (Shared power and signal connector),FAKRA x 1 (Shared interface connector),Full scanning / ROI,Edge preset trigger / Free-run,BayerRG8 / BayerRG10 / BayerRG12 BayerRG10 Packed / BayerRG12 Packed,20 µseconds to 2 seconds,0 to 42.0 dB,x1 to x7,0.10 to 4.00,,x2 horizontal and vertical simultaneously / Off,Vertical flip / Horizontal flip / Vertical and horizontal flip/ Off,"Up to 1,024 pixels",Support (Eight settings),Auto exposure / Auto gain,Support,Auto exposure / Auto gain / Auto white balance,,,,
Sentech,stc-rbs323gv2cf-w,GVIF Cameras,STC-RBS323GV2CF-W,Area Camera,3.2MP,Monochrome,"2,048 (H) x 1,536 (V)",71.8 fps,GVIF2 (with GVIF frame grabber board),GVIF2,Power over GVIF (+12V),Less than 3.3 W,Lower limit: 0 deg. C (Environmental temperature) Upper limit: +65 deg. C (Housing temperature),Lower limit: -25 deg. C (Environmental temperature) Upper limit: +80 deg. C (Environmental temperature),SONY IMX900,Global Shutter,"1/3.1""",2.25 (H) x 2.25 (V) µm,28 (W) x 28 (H) x 40.8 (D) mm (IP67),Approximately 58 g,S Mount,No optical filter,FAKRA x 1 (Shared power and signal connector),FAKRA x 1 (Shared interface connector),Full scanning / ROI,Edge preset trigger / Free-run,Mono8 / Mono10 / Mono12 Mono10 Packed / Mono12 Packed,20 µseconds to 2 seconds,0 to 42.0 dB,x1 to x7,0.10 to 4.00,x2 horizontal and vertical simultaneously / Off,x2 horizontal and vertical simultaneously / Off,Vertical flip / Horizontal flip / Vertical and horizontal flip/ Off,"Up to 1,024 pixels",Support (Eight settings),,Support,Auto exposure / Auto gain,,,,
Sentech,stc-rcs323gv2cf-w,GVIF Cameras,STC-RCS323GV2CF-W,Area Camera,3.2MP,Color,"2,048 (H) x 1,536 (V)",71.8 fps,GVIF2 (with GVIF frame grabber board),GVIF2,Power over GVIF (+12V),Less than 3.3 W,Lower limit: 0 deg. C (Environmental temperature) Upper limit: +65 deg. C (Housing temperature),Lower limit: -25 deg. C (Environmental temperature) Upper limit: +80 deg. C (Environmental temperature),SONY IMX900,Global Shutter,"1/3.1""",2.25 (H) x 2.25 (V) µm,28 (W) x 28 (H) x 40.8 (D) mm (IP67),Approximately 58 g,S Mount,IR cut filter on it,FAKRA x 1 (Shared power and signal connector),FAKRA x 1 (Shared interface connector),Full scanning / ROI,Edge preset trigger / Free-run,BayerRG8 / BayerRG10 / BayerRG12 BayerRG10 Packed / BayerRG12 Packed,20 µseconds to 2 seconds,0 to 42.0 dB,x1 to x7,0.10 to 4.00,,x2 horizontal and vertical simultaneously / Off,Vertical flip / Horizontal flip / Vertical and horizontal flip/ Off,"Up to 1,024 pixels",Support (Eight settings),Auto exposure / Auto gain,Support,Auto exposure / Auto gain / Auto white balance,,,,
Sentech,stc-rbs323gv2cg-w,GVIF Cameras,STC-RBS323GV2CG-W,Area Camera,3.2MP,Monochrome,"2,048 (H) x 1,536 (V)",71.8 fps,GVIF2 (with GVIF frame grabber board),GVIF2,Power over GVIF (+12V),Less than 3.3 W,Lower limit: 0 deg. C (Environmental temperature) Upper limit: +65 deg. C (Housing temperature),Lower limit: -25 deg. C (Environmental temperature) Upper limit: +80 deg. C (Environmental temperature),SONY IMX900,Global Shutter,"1/3.1""",2.25 (H) x 2.25 (V) µm,28 (W) x 28 (H) x 41.2 (D) mm (IP67),Approximately 58 g,Liquid lens integrated,No optical filter,FAKRA x 1 (Shared power and signal connector),FAKRA x 1 (Shared interface connector),Full scanning / ROI,Edge preset trigger / Free-run,Mono8 / Mono10 / Mono12 Mono10 Packed / Mono12 Packed,20 µseconds to 2 seconds,0 to 42.0 dB,x1 to x7,0.10 to 4.00,x2 horizontal and vertical simultaneously / Off,x2 horizontal and vertical simultaneously / Off,Vertical flip / Horizontal flip / Vertical and horizontal flip/ Off,"Up to 1,024 pixels",Support (Eight settings),,Support,Auto exposure / Auto gain,,,,
Sentech,stc-rcs323gv2cg-w,GVIF Cameras,STC-RCS323GV2CG-W,Area Camera,3.2MP,Color,"2,048 (H) x 1,536 (V)",71.8 fps,GVIF2 (with GVIF frame grabber board),GVIF2,Power over GVIF (+12V),Less than 3.3 W,Lower limit: 0 deg. C (Environmental temperature) Upper limit: +65 deg. C (Housing temperature),Lower limit: -25 deg. C (Environmental temperature) Upper limit: +80 deg. C (Environmental temperature),SONY IMX900,Global Shutter,"1/3.1""",2.25 (H) x 2.25 (V) µm,28 (W) x 28 (H) x 41.2 (D) mm (IP67),Approximately 58 g,Liquid lens integrated,IR cut filter on it,FAKRA x 1 (Shared power and signal connector),FAKRA x 1 (Shared interface connector),Full scanning / ROI,Edge preset trigger / Free-run,BayerRG8 / BayerRG10 / BayerRG12 BayerRG10 Packed / BayerRG12 Packed,20 µseconds to 2 seconds,0 to 42.0 dB,x1 to x7,0.10 to 4.00,,x2 horizontal and vertical simultaneously / Off,Vertical flip / Horizontal flip / Vertical and horizontal flip/ Off,"Up to 1,024 pixels",Support (Eight settings),Auto exposure / Auto gain,Support,Auto exposure / Auto gain / Auto white balance,,,,
Sentech,stc-bbs43u3v-avf096,Liquid lens integrated cameras,STC-BBS43U3V-AVF096,Area Camera,0.4MP,Monochrome,720 (H) x 540 (V),527.1 fps,USB3.0,USB3 Vision 1.0.1,USB bus power (+5 V),Less than 2.0 W,Lower limit: 0 deg. C (Environmental temperature) Upper limit: +31 deg. C(Environmental temperature),Lower limit: -20 deg. C (Environmental temperature) Upper limit: +70 deg. C (Environmental temperature),SONY IMX287,Global Shutter,"1/2.9""",6.9 (H) x 6.9 (V) µm,29 (W) x 29 (H) x 34.2 (D) mm,Approximately 40 g,Liquid lens integrated,No optical filter,USB3.0 micro B x 1,BM04B (JST) x 1,Full scanning / ROI,Edge preset trigger / Free-run,Mono8 / Mono10 / Mono12 / Mono10Packed / Mono12Packed,1 µsecond to 16.777 seconds,0 to 43.2 dB,x1 to x2,0.1 to 4.0,,,Vertical flip / Horizontal flip / Vertical and horizontal flip/ Off,Up to 640 pixels,Support (Eight settings),,,Auto exposure / Auto gain,Support,Support,,
Sentech,stc-bcs43u3v-avf096,Liquid lens integrated cameras,STC-BCS43U3V-AVF096,Area Camera,0.4MP,Color,720 (H) x 540 (V),527.1 fps,USB3.0,USB3 Vision 1.0.1,USB bus power (+5 V),Less than 2.0 W,Lower limit: 0 deg. C (Environmental temperature) Upper limit: +31 deg. C(Environmental temperature),Lower limit: -20 deg. C (Environmental temperature) Upper limit: +70 deg. C (Environmental temperature),SONY IMX287,Global Shutter,"1/2.9""",6.9 (H) x 6.9 (V) µm,29 (W) x 29 (H) x 34.2 (D) mm,Approximately 40 g,Liquid lens integrated,IR cut filter on it,USB3.0 micro B x 1,BM04B (JST) x 1,Full scanning / ROI,Edge preset trigger / Free-run,BayerRG8 / BayerRG10 / BayerRG12 / BayerRG10Packed / BayerRG12Packed,1 µecond to 16.777 seconds,0 to 43.2 dB,x1 to x2,0.1 to 4.0,,,Vertical flip / Horizontal flip / Vertical and horizontal flip/ Off,Up to 640 pixels,Support (Eight settings),Auto exposure / Auto gain,,Auto exposure / Auto gain / Auto white balance,Support,Support,,
Sentech,stc-bbs163u3v-avf096,Liquid lens integrated cameras,STC-BBS163U3V-AVF096,Area Camera,1.6MP,Monochrome,"1,440 (H) x 1,080 (V)",238.0 fps,USB3.0,USB3 Vision 1.0.1,USB bus power (+5 V),Less than 2.0 W,Lower limit: 0 deg. C (Environmental temperature) Upper limit: +31 deg. C(Environmental temperature),Lower limit: -20 deg. C (Environmental temperature) Upper limit: +70 deg. C (Environmental temperature),SONY IMX273,Global Shutter,"1/2.9""",3.45 (H) x 3.45 (V) µm,29 (W) x 29 (H) x 34.2 (D) mm,Approximately 40 g,Liquid lens integrated,No optical filter,USB3.0 micro B x 1,BM04B (JST) x 1,Full scanning / ROI,Edge preset trigger / Free-run,Mono8 / Mono10 / Mono12 / Mono10Packed / Mono12Packed,1 µsecond to 16.777 seconds,0 to 43.2 dB,x1 to x2,0.1 to 4.0,x2 horizontal and vertical simultaneously / Off,x2 horizontal and vertical simultaneously / Off,Vertical flip / Horizontal flip / Vertical and horizontal flip/ Off,Up to 640 pixels,Support (Eight settings),,,Auto exposure / Auto gain,Support,Support,,
Sentech,stc-bcs163u3v-avf096,Liquid lens integrated cameras,STC-BCS163U3V-AVF096,Area Camera,1.6MP,Color,"1,440 (H) x 1,080 (V)",238.0 fps,USB3.0,USB3 Vision 1.0.1,USB bus power (+5 V),Less than 2.0 W,Lower limit: 0 deg. C (Environmental temperature) Upper limit: +31 deg. C(Environmental temperature),Lower limit: -20 deg. C (Environmental temperature) Upper limit: +70 deg. C (Environmental temperature),SONY IMX273,Global Shutter,"1/2.9""",3.45 (H) x 3.45 (V) µm,29 (W) x 29 (H) x 34.2 (D) mm,Approximately 40 g,Liquid lens integrated,IR cut filter on it,USB3.0 micro B x 1,BM04B (JST) x 1,Full scanning / ROI,Edge preset trigger / Free-run,BayerRG8 / BayerRG10 / BayerRG12 / BayerRG10Packed / BayerRG12Packed,1 µsecond to 16.777 seconds,0 to 43.2 dB,x1 to x2,0.1 to 4.0,,x2 horizontal and vertical simultaneously / Off,Vertical flip / Horizontal flip / Vertical and horizontal flip/ Off,Up to 640 pixels,Support (Eight settings),Auto exposure / Auto gain,,Auto exposure / Auto gain / Auto white balance,Support,Support,,
Sentech,stc-bbs502u3v-avf096,Liquid lens integrated cameras,STC-BBS502U3V-AVF096,Area Camera,5MP,Monochrome,"2,448 (H) x 2,048 (V)",70.8 fps,USB3.0,USB3 Vision 1.0.1,USB bus power (+5 V),Less than 1.9 W,Lower limit: 0 deg. C (Environmental temperature) Upper limit: +42 deg. C (Environmental temperature),Lower limit: -25 deg. C (Environmental temperature) Upper limit: +80 deg. C (Environmental temperature),SONY IMX568,Global Shutter,"1/1.8""",2.74 (H) x 2.74 (V) µm,29 (W) x 29 (H) x 34.2 (D) mm,Approximately 40 g,Liquid lens integrated,No optical filter,USB3.0 micro B x 1,BM04B (JST) x 1,Full scanning / ROI,Edge preset trigger / Free-run,Mono8 / Mono10 / Mono12 / Mono10Packed / Mono12Packed,1 µsecond to 16.777 seconds,0 to 43.2 dB,x1 to x2,0.1 to 4.0,x2 horizontal and vertical individually / Off,x2 horizontal and vertical individually / Off,Vertical flip / Horizontal flip / Vertical and horizontal flip/ Off,"Up to 1,024 pixels",Support (Eight settings),,,Auto exposure / Auto gain,Support,Support,,
Sentech,stc-bcs502u3v-avf096,Liquid lens integrated cameras,STC-BCS502U3V-AVF096,Area Camera,5MP,Color,"2,448 (H) x 2,048 (V)",70.8 fps,USB3.0,USB3 Vision 1.0.1,USB bus power (+5 V),Less than 1.9 W,Lower limit: 0 deg. C (Environmental temperature) Upper limit: +42 deg. C (Environmental temperature),Lower limit: -20 deg. C (Environmental temperature) Upper limit: +70 deg. C (Environmental temperature),SONY IMX568,Global Shutter,"1/1.8""",2.74 (H) x 2.74 (V) µm,29 (W) x 29 (H) x 34.2 (D) mm,Approximately 40 g,Liquid lens integrated,IR cut filter on it,USB3.0 micro B x 1,BM04B (JST) x 1,Full scanning / ROI,Edge preset trigger / Free-run,BayerRG8 / BayerRG10 / BayerRG12 / BayerRG10Packed / BayerRG12Packed,1 µsecond to 16.777 seconds,0 to 43.2 dB,x1 to x2,0.1 to 4.0,,x2 horizontal and vertical individually / Off,Vertical flip / Horizontal flip / Vertical and horizontal flip/ Off,"Up to 1,024 pixels",Support (Eight settings),Auto exposure / Auto gain,,Auto exposure / Auto gain / Auto white balance,Support,Support,,
Sentech,stc-bbs43u3v-vf096,Liquid lens integrated cameras,STC-BBS43U3V-VF096,Area Camera,0.4MP,Monochrome,720 (H) x 540 (V),527.1 fps,USB3.0,USB3 Vision 1.0.1,USB bus power (+5 V),Less than 2.0 W,Lower limit: 0 deg. C (Environmental temperature) Upper limit: +30 deg. C (Environmental temperature),Lower limit: -25 deg. C (Environmental temperature) Upper limit: +80 deg. C (Environmental temperature),SONY IMX287,Global Shutter,"1/2.9""",6.9 (H) x 6.9 (V) µm,29 (W) x 29 (H) x 32.05 (D) mm,Approximately 29 g,Liquid lens integrated,No optical filter,USB3.0 micro B x 1,BM04B (JST) x 1,Full scanning / ROI,Edge preset trigger / Free-run,Mono8 / Mono10 / Mono12 / Mono10Packed / Mono12Packed,1 µsecond to 16.777 seconds,0 to 43.2 dB,x1 to x2,0.1 to 4.0,,,Vertical flip / Horizontal flip / Vertical and horizontal flip/ Off,Up to 640 pixels,Support (Eight settings),,,Auto exposure / Auto gain,Support,Support,,
Sentech,stc-bcs43u3v-vf096,Liquid lens integrated cameras,STC-BCS43U3V-VF096,Area Camera,0.4MP,Color,720 (H) x 540 (V),527.1 fps,USB3.0,USB3 Vision 1.0.1,USB bus power (+5 V),Less than 2.0 W,Lower limit: 0 deg. C (Environmental temperature) Upper limit: +30 deg. C (Environmental temperature),Lower limit: -25 deg. C (Environmental temperature) Upper limit: +80 deg. C (Environmental temperature),SONY IMX287,Global Shutter,"1/2.9""",6.9 (H) x 6.9 (V) µm,29 (W) x 29 (H) x 32.05 (D) mm,Approximately 29 g,Liquid lens integrated,IR cut filter on it,USB3.0 micro B x 1,BM04B (JST) x 1,Full scanning / ROI,Edge preset trigger / Free-run,BayerRG8 / BayerRG10 / BayerRG12 / BayerRG10Packed / BayerRG12Packed,1 µsecond to 16.777 seconds,0 to 43.2 dB,x1 to x2,0.1 to 4.0,,,Vertical flip / Horizontal flip / Vertical and horizontal flip/ Off,Up to 640 pixels,Support (Eight settings),Auto exposure / Auto gain,,Auto exposure / Auto gain / Auto white balance,Support,Support,,
Sentech,stc-bbs163u3v-vf096,Liquid lens integrated cameras,STC-BBS163U3V-VF096,Area Camera,1.6MP,Monochrome,"1,440 (H) x 1,080 (V)",238.0 fps,USB3.0,USB3 Vision 1.0.1,USB bus power (+5 V),Less than 2.0 W,Lower limit: 0 deg. C (Environmental temperature) Upper limit: +30 deg. C (Environmental temperature),Lower limit: -25 deg. C (Environmental temperature) Upper limit: +80 deg. C (Environmental temperature),SONY IMX273,Global Shutter,"1/2.9""",3.45 (H) x 3.45 (V) µm,29 (W) x 29 (H) x 32.05 (D) mm,Approximately 29 g,Liquid lens integrated,No optical filter,USB3.0 micro B x 1,BM04B (JST) x 1,Full scanning / ROI,Edge preset trigger / Free-run,Mono8 / Mono10 / Mono12 / Mono10Packed / Mono12Packed,1 µsecond to 16.777 seconds,0 to 43.2 dB,x1 to x2,0.1 to 4.0,x2 horizontal and vertical simultaneously / Off,x2 horizontal and vertical simultaneously / Off,Vertical flip / Horizontal flip / Vertical and horizontal flip/ Off,Up to 640 pixels,Support (Eight settings),,,Auto exposure / Auto gain,Support,Support,,
Sentech,stc-bcs163u3v-vf096,Liquid lens integrated cameras,STC-BCS163U3V-VF096,Area Camera,1.6MP,Color,"1,440 (H) x 1,080 (V)",238.0 fps,USB3.0,USB3 Vision 1.0.1,USB bus power (+5 V),Less than 2.0 W,Lower limit: 0 deg. C (Environmental temperature) Upper limit: +30 deg. C (Environmental temperature),Lower limit: -25 deg. C (Environmental temperature) Upper limit: +80 deg. C (Environmental temperature),SONY IMX273,Global Shutter,"1/2.9""",3.45 (H) x 3.45 (V) µm,29 (W) x 29 (H) x 32.05 (D) mm,Approximately 29 g,Liquid lens integrated,IR cut filter on it,USB3.0 micro B x 1,BM04B (JST) x 1,Full scanning / ROI,Edge preset trigger / Free-run,BayerRG8 / BayerRG10 / BayerRG12 / BayerRG10Packed / BayerRG12Packed,1 µsecond to 16.777 seconds,0 to 43.2 dB,x1 to x2,0.1 to 4.0,,x2 horizontal and vertical simultaneously / Off,Vertical flip / Horizontal flip / Vertical and horizontal flip/ Off,Up to 640 pixels,Support (Eight settings),Auto exposure / Auto gain,,Auto exposure / Auto gain / Auto white balance,Support,Support,,
Sentech,stc-bbs502u3v-vf096,Liquid lens integrated cameras,STC-BBS502U3V-VF096,Area Camera,5MP,Monochrome,"2,448 (H) x 2,048 (V)",70.8 fps,USB3.0,USB3 Vision 1.0.1,USB bus power (+5 V),Less than 1.9 W,Lower limit: 0 deg. C (Environmental temperature) Upper limit: +42 deg. C (Environmental temperature),Lower limit: -25 deg. C (Environmental temperature) Upper limit: +80 deg. C (Environmental temperature),SONY IMX568,Global Shutter,"1/1.8""",2.74 (H) x 2.74 (V) µm,29 (W) x 29 (H) x 32.05 (D) mm,Approximately 29 g,Liquid lens integrated,No optical filter,USB3.0 micro B x 1,BM04B (JST) x 1,Full scanning / ROI,Edge preset trigger / Free-run,Mono8 / Mono10 / Mono12 / Mono10Packed / Mono12Packed,1 µsecond to 16.777 seconds,0 to 43.2 dB,x1 to x2,0.1 to 4.0,x2 horizontal and vertical individually / Off,x2 horizontal and vertical individually / Off,Vertical flip / Horizontal flip / Vertical and horizontal flip/ Off,"Up to 1,024 pixels",Support (Eight settings),,,Auto exposure / Auto gain,Support,Support,,
Sentech,stc-bcs502u3v-vf096,Liquid lens integrated cameras,STC-BCS502U3V-VF096,Area Camera,5MP,Color,"2,448 (H) x 2,048 (V)",70.8 fps,USB3.0,USB3 Vision 1.0.1,USB bus power (+5 V),Less than 1.9 W,Lower limit: 0 deg. C (Environmental temperature) Upper limit: +42 deg. C (Environmental temperature),Lower limit: -25 deg. C (Environmental temperature) Upper limit: +80 deg. C (Environmental temperature),SONY IMX568,Global Shutter,"1/1.8""",2.74 (H) x 2.74 (V) µm,29 (W) x 29 (H) x 32.05 (D) mm,Approximately 29 g,Liquid lens integrated,IR cut filter on it,USB3.0 micro B x 1,BM04B (JST) x 1,Full scanning / ROI,Edge preset trigger / Free-run,BayerRG8 / BayerRG10 / BayerRG12 / BayerRG10Packed / BayerRG12Packed,1 µsecond to 16.777 seconds,0 to 43.2 dB,x1 to x2,0.1 to 4.0,,x2 horizontal and vertical individually / Off,Vertical flip / Horizontal flip / Vertical and horizontal flip/ Off,"Up to 1,024 pixels",Support (Eight settings),Auto exposure / Auto gain,,Auto exposure / Auto gain / Auto white balance,Support,Support,,
Sentech,stc-sbs500u3v-lcnt,LensConnect Lens support Cameras,STC-SBS500U3V-LCNT,Area Camera,5MP,Monochrome,"2,448 (H) x 2,048 (V)",35.8 fps,USB3.0,USB3 Vision 1.0.1,External power (+8.0 to +24 Vdc),Less than 7.1 W (with LensConnect lesn),Lower limit: 0 deg. C (Environmental temperature) Upper limit: +71 deg. C (Temperature sensor on camera),Lower limit: -30 deg. C (Environmental temperature) Upper limit: +70 deg. C (Environmental temperature),SONY IMX264,Global Shutter,"2/3""",3.45 (H) x 3.45 (V) µm,35 (W) x 35 (H) x 41.5 (D) mm,Approximately 80 g,C Mount,No optical filter,USB3.0 micro B x 1,Power/IO: HR10A-7R-6PB (Hirose) or equivalent x 1 Lens: HR10A-7R-6S (Hirose) or equivalent x 1,Full scanning / ROI,Edge preset trigger / Pulse width trigger / Start stop trigger/ Free-run,Mono8 / Mono10 / Mono12 / Mono10Packed / Mono12Packed,27.2 µseconds to 56 seconds,0 to 19.2 dB,x1 to x2,0.1 to 4.0,x2 horizontal and vertical individually / Off,x2 horizontal and vertical individually / Off,Vertical flip / Horizontal flip / Vertical and horizontal flip / Off,"Up to 1,080 pixels",Support (Eight settings),,,Auto exposure / Auto gain,Support,Support,,
Sentech,stc-scs500u3v-lcnt,LensConnect Lens support Cameras,STC-SCS500U3V-LCNT,Area Camera,5MP,Color,"2,448 (H) x 2,048 (V)",35.8 fps,USB3.0,USB3 Vision 1.0.1,External power (+8.0 to +24 Vdc),Less than 7.1 W (with LensConnect lesn),Lower limit: 0 deg. C (Environmental temperature) Upper limit: +71 deg. C (Temperature sensor on camera),Lower limit: -30 deg. C (Environmental temperature) Upper limit: +70 deg. C (Environmental temperature),SONY IMX264,Global Shutter,"2/3""",3.45 (H) x 3.45 (V) µm,35 (W) x 35 (H) x 41.5 (D) mm,35 (W) x 35 (H) x 41.5 (D) mm,C Mount,IR cut filter on it,USB3.0 micro B x 1,Power/IO: HR10A-7R-6PB (Hirose) or equivalent x 1 Lens: HR10A-7R-6S (Hirose) or equivalent x 1,Full scanning / ROI,Edge preset trigger / Pulse width trigger / Start stop trigger/ Free-run,BayerRG8 / BayerRG10 / BayerRG12 / BayerRG10Packed / BayerRG12Packed,27.2 µseconds to 56 seconds,0 to 19.2 dB,x1 to x2,0.1 to 4.0,,x2 horizontal and vertical individually / Off,Vertical flip / Horizontal flip / Vertical and horizontal flip / Off,"Up to 1,080 pixels",Support (Eight settings),Auto exposure / Auto gain,,Auto / Manual / Push to set white balance,Support,Support,,
Sentech,stc-sbs881u3v-lcnt,LensConnect Lens support Cameras,STC-SBS881U3V-LCNT,Area Camera,8.9MP,Monochrome,"4,096 (H) x 2,160 (V)",32.5 fps,USB3.0,USB3 Vision 1.0.1,External power (+8.0 to +24 Vdc),Less than 7.6 W (with LensConnect lens),Lower limit: 0 deg. C (Environmental temperature) Upper limit: +71 deg. C (Temperature sensor on camera),Lower limit: -30 deg. C (Environmental temperature) Upper limit: +70 deg. C (Environmental temperature),SONY IMX267,Global Shutter,"1""",3.45 (H) x 3.45 (V) µm,35 (W) x 35 (H) x 41.5 (D) mm,Approximately 80 g,C Mount,No optical filter,USB3.0 micro B x 1,Power/IO: HR10A-7R-6PB (Hirose) or equivalent x 1 Lens: HR10A-7R-6S (Hirose) or equivalent x 1,Full scanning / ROI,Edge preset trigger / Pulse width trigger / Start stop trigger/ Free-run,Mono8 / Mono10 / Mono12 / Mono10Packed / Mono12Packed,"1.5 µseconds to 16,777 seconds",0 to 19.2 dB,x1 to x2,0.1 to 4.0,,x2 horizontal and vertical individually / Off,Vertical flip / Horizontal flip / Vertical and horizontal flip / Off,"Up to 1,080 pixels",Support (Eight settings),,,Auto exposure / Auto gain,Support,Support,,
Sentech,stc-scs881u3v-lcnt,LensConnect Lens support Cameras,STC-SCS881U3V-LCNT,Area Camera,8.9MP,Color,"4,096 (H) x 2,160 (V)",32.5 fps,USB3.0,USB3 Vision 1.0.1,External power (+8.0 to +24 Vdc),Less than 7.6 W (with LensConnect lens),Lower limit: 0 deg. C (Environmental temperature) Upper limit: +71 deg. C (Temperature sensor on camera),Lower limit: -30 deg. C (Environmental temperature) Upper limit: +70 deg. C (Environmental temperature),SONY IMX267,Global Shutter,"1""",3.45 (H) x 3.45 (V) µm,35 (W) x 35 (H) x 41.5 (D) mm,Approximately 80 g,C Mount,IR cut filter on it,USB3.0 micro B x 1,Power/IO: HR10A-7R-6PB (Hirose) or equivalent x 1 Lens: HR10A-7R-6S (Hirose) or equivalent x 1,Full scanning / ROI,Edge preset trigger / Pulse width trigger / Start stop trigger/ Free-run,BayerRG8 / BayerRG10 / BayerRG12 / BayerRG10Packed / BayerRG12Packed,"1.5 µseconds to 16,777 seconds",0 to 19.2 dB,x1 to x2,0.1 to 4.0,,x2 horizontal and vertical individually / Off,Vertical flip / Horizontal flip / Vertical and horizontal flip / Off,"Up to 1,080 pixels",Support (Eight settings),Auto exposure / Auto gain,,Auto / Manual / Push to set white balance,Support,Support,,
Sentech,stc-sbs122bu3v-lcnt,LensConnect Lens support Cameras,STC-SBS122BU3V-LCNT,Area Camera,12MP,Monochrome,"4,096 (H) x 3,000 (V)",23.5 fps,USB3.0,USB3 Vision 1.0.1,External power (+8.0 to +24 Vdc),Less than 7.6 W (with LensConnect lens),Lower limit: 0 deg. C (Environmental temperature) Upper limit: +71 deg. C (Temperature sensor on camera),Lower limit: -30 deg. C (Environmental temperature) Upper limit: +70 deg. C (Environmental temperature),SONY IMX304,Global Shutter,"1.1""",3.45 (H) x 3.45 (V) µm,35 (W) x 35 (H) x 41.5 (D) mm,Approximately 80 g,C Mount,No optical filter,USB3.0 micro B x 1,Power/IO: HR10A-7R-6PB (Hirose) or equivalent x 1 Lens: HR10A-7R-6S (Hirose) or equivalent x 1,Full scanning / ROI,Edge preset trigger / Pulse width trigger / Start stop trigger/ Free-run,Mono8 / Mono10 / Mono12 / Mono10Packed / Mono12Packed,"1.5 µseconds to 16,777 seconds",0 to 19.2 dB,x1 to x2,0.1 to 4.0,,x2 horizontal and vertical individually / Off,Vertical flip / Horizontal flip / Vertical and horizontal flip / Off,"Up to 1,080 pixels",Support (Eight settings),,,Auto exposure / Auto gain,Support,Support,,
Sentech,stc-scs122bu3v-lcnt,LensConnect Lens support Cameras,STC-SCS122BU3V-LCNT,Area Camera,12MP,Color,"4,096 (H) x 3,000 (V)",23.5 fps,USB3.0,USB3 Vision 1.0.1,External power (+8.0 to +24 Vdc),Less than 7.6 W (with LensConnect lens),Lower limit: 0 deg. C (Environmental temperature) Upper limit: +71 deg. C (Temperature sensor on camera),Lower limit: -30 deg. C (Environmental temperature) Upper limit: +70 deg. C (Environmental temperature),SONY IMX304,Global Shutter,"1.1""",3.45 (H) x 3.45 (V) µm,35 (W) x 35 (H) x 41.5 (D) mm,Approximately 80 g,C Mount,IR cut filter on it,USB3.0 micro B x 1,Power/IO: HR10A-7R-6PB (Hirose) or equivalent x 1 Lens: HR10A-7R-6S (Hirose) or equivalent x 1,Full scanning / ROI,Edge preset trigger / Pulse width trigger / Start stop trigger/ Free-run,BayerRG8 / BayerRG10 / BayerRG12 / BayerRG10Packed / BayerRG12Packed,"1.5 µseconds to 16,777 seconds",0 to 19.2 dB,x1 to x2,0.1 to 4.0,,x2 horizontal and vertical individually / Off,Vertical flip / Horizontal flip / Vertical and horizontal flip / Off,"Up to 1,080 pixels",Support (Eight settings),Auto exposure / Auto gain,,Auto / Manual / Push to set white balance,Support,Support,,
Sentech,stc-glb8ku7cxp124-m72,CoaXPress Line Cameras,STC-GLB8KU7CXP124-M72,Line Camera,8k Single,Monochrome,"8,192 (H) x 1 (V)",,CoaXPress (CXP-12 4 lane),CoaXPress Standard Version 2.0,PoCXP / External power (+18.5 to +26 Vdc),Less than 13 W,Lower limit: 0 deg. C (Environmental temperature) Upper limit: +43 deg. C (Environmental temperature),Lower limit: -10 deg. C (Environmental temperature) Upper limit: +80 deg. C (Environmental temperature),Gpixel GL7008,Global Shutter,Others,7.0 (H) x 7.0 (V) μm,76 (W) x 92 (H) x 53 (D) mm,Approximately 575 g,M72 Mount,No optical filter,Micro BNC (75 ohm) x 4,Power connector: HR10A-7R-6PB (Hirose) or equivalent x 1 Signal connector: HR10A-10R-12PB (Hirose) equivalent x 1,Full scanning / ROI,Edge preset trigger / Pulse width trigger / CXP_Packet trigger / Burst trigger / Free-run,Mono8 / Mono10 / Mono12,3.05 µseconds to 13 mseconds,x1 to x2,x1 to x7,0.10 to 4.00,x2 horizontal and vertical individually / Off,,Horizontal flip / Off,Support,Support (Eight settings),,Support,,,,,240 kHz
Sentech,stc-glb16ku35dcxp124-m72,CoaXPress Line Cameras,STC-GLB16KU35DCXP124-M72,Line Camera,16k Single,Monochrome,"16,384 (H) x 2 (V)",,CoaXPress (CXP-12 4 lane),CoaXPress Standard Version 2.0,PoCXP External power (+18.5 to +26 Vdc),Less than 12 W,Lower limit: 0 deg. C (Environmental temperature) Upper limit: +50 deg. C (Environmental temperature),Lower limit: -10 deg. C (Environmental temperature) Upper limit: +80 deg. C (Environmental temperature),Gpixel GL3516,Global Shutter,Others,3.5 (H) x 3.5 (V) µm,76 (W) x 92 (H) x 53 (D) mm,Approximately 575 g,M72 Mount,No optical filter,Micro BNC (75 ohm) x 4,Power connector: HR10A-7R-6PB (Hirose) or equivalent x 1 Signal connector: HR10A-10R-12PB (Hirose) or equivalent x 1,Full scanning / ROI,Edge preset trigger / Pulse width trigger / CXP_Packet trigger / Burst trigger / Free-run,Mono8 / Mono10,2.541667 µseconds to 13 mseconds,,x1 to x7,0.10 to 4.00,x2 horizontal and vertical individually / Off,x2 Horizontal / Off,Horizontal flip / Off,Support,Support (Eight settings),,Support,,,,,120 kHz
Sentech,stc-glb16ku5cxp124-m95,CoaXPress Line Cameras,STC-GLB16KU5CXP124-M95,Line Camera,16k Single,Monochrome,"16,384 (H) x 1 (V)",,CoaXPress (CXP-12 4 lane),CoaXPress Standard Version 2.0,PoCXP External power (+18.5 to +26 Vdc),Less than 17 W,Lower limit: 0 deg. C (Environmental temperature) Upper limit: +40 deg. C (Environmental temperature),Lower limit: -10 deg. C (Environmental temperature) Upper limit: +80 deg. C (Environmental temperature),Gpixel GL5016,Global Shutter,Others,5.0 (H) x 5.0 (V) µm,99 (W) x 110 (H) x 38 (D) mm,Approximately 820 g,M95 Mount,No optical filter,Micro BNC (75 ohm) x 4,Power connector: HR10A-7R-6PB (Hirose) or equivalent x 1 Signal connector: HR10A-10R-12PB (Hirose) or equivalent x 1,Full scanning / ROI,Edge preset trigger / Pulse width trigger / CXP_Packet trigger / Burst trigger / Free-run,Mono8 / Mono10 / Mono12,2 µseconds to 13 mseconds,x1 to x2.49,x1 to x7,0.10 to 4.00,x2 Horizontal / Off,x2 Horizontal / Off,Horizontal flip / Off,Support,Support (Eight settings),,Support,,,,,266 kHz
Sentech,stc-glc8ku7cxp124-m72,CoaXPress Line Cameras,STC-GLC8KU7CXP124-M72,Line Camera,8k Tri-line,Color,"8,192 (H) x 3 (R, G, B)",,CoaXPress (CXP-12 4 lane),CoaXPress Standard Version 2.0,PoCXP External power (+18.5 to +26 Vdc),Less than 13 W,Lower limit: 0 deg. C (Environmental temperature) Upper limit: +43 deg. C (Environmental temperature),Lower limit: -10 deg. C (Environmental temperature) Upper limit: +80 deg. C (Environmental temperature),Gpixel GL7008,Global Shutter,Others,7.0 (H) x 7.0 (V) μm,76 (W) x 92 (H) x 53 (D) mm,Approximately 575 g,M72 Mount,No optical filter,Micro BNC (75 ohm) x 4,Power connector: HR10A-7R-6PB (Hirose) or equivalent x 1 Signal connector: HR10A-10R-12PB (Hirose) equivalent x 1,Full scanning / ROI,Edge preset trigger / Pulse width trigger / CXP_Packet trigger / Burst trigger / Free-run,RGB8 / RGB10 / RGB12,3.05 µseconds to 13 mseconds,x1 ～ x2,x1 to x7,0.10 to 4.00,x2 Horizontal / Off,,Horizontal flip / Off,Support,Support (Eight settings),,Support,,,,,80 kHz
Sentech,stc-glc16ku35dcxp124-m72,CoaXPress Line Cameras,STC-GLC16KU35DCXP124-M72,Line Camera,16k Dual,Color,"16,384 (H) x 2 (V)",,CoaXPress (CXP-12 4 lane),CoaXPress Standard Version 2.0,PoCXP External power (+18.5 to +26 Vdc),Less than 12 W,Lower limit: 0 deg. C (Environmental temperature) Upper limit: +50 deg. C (Environmental temperature),Lower limit: -10 deg. C (Environmental temperature) Upper limit: +80 deg. C (Environmental temperature),Gpixel GL3516,Global Shutter,Others,3.5 (H) x 3.5 (V) µm,76 (W) x 92 (H) x 53 (D) mm,Approximately 575 g,M72 Mount,No optical filter,Micro BNC (75 ohm) x 4,Power connector: HR10A-7R-6PB (Hirose) or equivalent x 1 Signal connector: HR10A-10R-12PB (Hirose) or equivalent x 1,Full scanning / ROI,Edge preset trigger / Pulse width trigger / CXP_Packet trigger / Burst trigger / Free-run,RGB8 / RGB10,2.541667 µseconds to 13 mseconds,x1 to x2,x1 to x7,0.10 to 4.00,x2 horizontal and vertical individually / Off,x2 Horizontal / Off,Horizontal flip / Off,Support,Support (Eight settings),Support,Support,,,,,60 kHz
Sentech,stc-glc16ku5cxp124-m95,CoaXPress Line Cameras,STC-GLC16KU5CXP124-M95,Line Camera,16k Tri-line,Color,"16,384 (H) x 3 (V)",,CoaXPress (CXP-12 4 lane),CoaXPress Standard Version 2.0,PoCXP External power (+18.5 to +26 Vdc),Less than 17 W,Lower limit: 0 deg. C (Environmental temperature) Upper limit: +40 deg. C (Environmental temperature),Lower limit: -10 deg. C (Environmental temperature) Upper limit: +80 deg. C (Environmental temperature),Gpixel GL5016,Global Shutter,Others,5.0 (H) x 5.0 (V) µm,99 (W) x 110 (H) x 38 (D) mm,Approximately 820 g,M95 Mount,No optical filter,Micro BNC (75 ohm) x 4,Power connector: HR10A-7R-6PB (Hirose) or equivalent x 1 Signal connector: HR10A-10R-12PB (Hirose) or equivalent x 1,Full scanning / ROI,Edge preset trigger / Pulse width trigger / CXP_Packet trigger / Burst trigger / Free-run,RGB8 / RGB10 / RGB12,2 µseconds to 13 mseconds,x1 to x2.49,x1 to x7,0.10 to 4.00,,x2 Horizontal / Off,Horizontal flip / Off,Support,Support (Eight settings),Support,Support,,,,,91 kHz
Sentech,fs-b2ku7ges-c,GigE Vision Line Cameras,FS-B2KU7GES-C,Line Camera,2k Single,Monochrome,"2,048 (H) x 1 (V)",,PoE: IEEE802.3af CLASS1 (1000BASE-T),GigE Vision 2.1,Power Over Ethernet (PoE) (IEEE802.3af) External power (+10.8 to +26.4 Vdc),PoE: Less than 4.7 W External power: Less than 4.3 W,Lower limit: 0 deg. C (Environmental temperature) Upper limit: +40 deg. C (Environmental temperature),Lower limit: -20 deg. C (Environmental temperature) Upper limit: +80 deg. C (Environmental temperature),ams OSRAM DR-2K-7,Global Shutter,Others,7.0 (H) x 7.0 (V) µm,56 (W) x 58 (H) x 44.6 (D) mm,Approximately 240 g,C Mount,No optical filter,RJ45 connector x 1,Power: HR10A-7R-6PB (Hirose Electric) or equivalent x 1 Signal: HR10A-10R-12PB (Hirose Electric) or equivalent x 1,Full scanning / ROI,Edge preset trigger / Pulse width trigger / Free-run,Mono8 / Mono10 / Mono12 / Mono10Packed / Mono12Packed,2 µseconds to 13.143 mseconds,x1 / x4,x1 to x5,,x2 horizontal and vertical individually / Off,,Horizontal flip / Off,,Support (Eight settings),,Support,,Support,Support,Support,51 kHz
Sentech,fs-b2ku7ges-f,GigE Vision Line Cameras,FS-B2KU7GES-F,Line Camera,2k Single,Monochrome,"2,048 (H) x 1 (V)",,PoE: IEEE802.3af CLASS1 (1000BASE-T),GigE Vision 2.1,Power Over Ethernet (PoE) (IEEE802.3af) External power (+10.8 to +26.4 Vdc),PoE: Less than 4.7 W External power: Less than 4.3 W,Lower limit: 0 deg. C (Environmental temperature) Upper limit: +40 deg. C (Environmental temperature),Lower limit: -20 deg. C (Environmental temperature) Upper limit: +80 deg. C (Environmental temperature),ams OSRAM DR-2K-7,Global Shutter,Others,7.0 (H) x 7.0 (V) µm,56 (W) x 58 (H) x 73.6 (D) mm,Approximately 290 g,F Mount,No optical filter,RJ45 connector x 1,Power: HR10A-7R-6PB (Hirose Electric) or equivalent x 1 Signal: HR10A-10R-12PB (Hirose Electric) or equivalent x 1,Full scanning / ROI,Edge preset trigger / Pulse width trigger / Free-run,Mono8 / Mono10 / Mono12 / Mono10Packed / Mono12Packed,2 µseconds to 13.143 mseconds,x1 / x4,x1 to x5,,x2 horizontal and vertical individually / Off,,Horizontal flip / Off,,Support (Eight settings),,Support,,Support,Support,Support,51 kHz
Sentech,fs-b2ku7ges-m42,GigE Vision Line Cameras,FS-B2KU7GES-M42,Line Camera,2k Single,Monochrome,"2,048 (H) x 1 (V)",,PoE: IEEE802.3af CLASS1 (1000BASE-T),GigE Vision 2.1,Power Over Ethernet (PoE) (IEEE802.3af) External power (+10.8 to +26.4 Vdc),PoE: Less than 4.7 W External power: Less than 4.3 W,Lower limit: 0 deg. C (Environmental temperature) Upper limit: +40 deg. C (Environmental temperature),Lower limit: -20 deg. C (Environmental temperature) Upper limit: +80 deg. C (Environmental temperature),ams OSRAM DR-2K-7,Global Shutter,Others,7.0 (H) x 7.0 (V) µm,56 (W) x 58 (H) x 35.1 (D) mm,Approximately 210 g,M42 Mount,No optical filter,RJ45 connector x 1,Power: HR10A-7R-6PB (Hirose Electric) or equivalent x 1 Signal: HR10A-10R-12PB (Hirose Electric) or equivalent x 1,Full scanning / ROI,Edge preset trigger / Pulse width trigger / Free-run,Mono8 / Mono10 / Mono12 / Mono10Packed / Mono12Packed,2 µseconds to 13.143 mseconds,x1 / x4,x1 to x5,,x2 horizontal and vertical individually / Off,,Horizontal flip / Off,,Support (Eight settings),,Support,,Support,Support,Support,51 kHz
Sentech,fs-b4ku7ges-f,GigE Vision Line Cameras,FS-B4KU7GES-F,Line Camera,4k Single,Monochrome,"4,096 (H) x 1 (V)",,PoE: IEEE802.3af CLASS1 (1000BASE-T),GigE Vision 2.1,Power Over Ethernet (PoE) (IEEE802.3af) External power (+10.8 to +26.4 Vdc),PoE: Less than 5.3 W External power: Less than 4.8 W,Lower limit: 0 deg. C (Environmental temperature) Upper limit: +40 deg. C (Environmental temperature),Lower limit: -20 deg. C (Environmental temperature) Upper limit: +80 deg. C (Environmental temperature),ams OSRAM DR-4K-7,Global Shutter,Others,7.0 (H) x 7.0 (V) µm,56 (W) x 58 (H) x 73.6 (D) mm,Approximately 290 g,F Mount,No optical filter,RJ45 connector x 1,Power: HR10A-7R-6PB (Hirose Electric) or equivalent x 1 Signal: HR10A-10R-12PB (Hirose Electric) or equivalent x 1,Full scanning / ROI,Edge preset trigger / Pulse width trigger / Free-run,Mono8 / Mono10 / Mono12 / Mono10Packed / Mono12Packed,2 µseconds to 13.181 mseconds,x1 / x4,x1 to x5,,x2 horizontal and vertical individually / Off,,Horizontal flip / Off,,Support (Eight settings),,Support,,Support,Support,Support,26 kHz
Sentech,fs-b4ku7ges-m42,GigE Vision Line Cameras,FS-B4KU7GES-M42,Line Camera,4k Single,Monochrome,"4,096 (H) x 1 (V)",,PoE: IEEE802.3af CLASS1 (1000BASE-T),GigE Vision 2.1,Power Over Ethernet (PoE) (IEEE802.3af) External power (+10.8 to +26.4 Vdc),PoE: Less than 5.3 W External power: Less than 4.8 W,Lower limit: 0 deg. C (Environmental temperature) Upper limit: +40 deg. C (Environmental temperature),Lower limit: -20 deg. C (Environmental temperature) Upper limit: +80 deg. C (Environmental temperature),ams OSRAM DR-4K-7,Global Shutter,Others,7.0 (H) x 7.0 (V) µm,56 (W) x 58 (H) x 35.1 (D) mm,Approximately 210 g,M42 Mount,No optical filter,RJ45 connector x 1,Power: HR10A-7R-6PB (Hirose Electric) or equivalent x 1 Signal: HR10A-10R-12PB (Hirose Electric) or equivalent x 1,Full scanning / ROI,Edge preset trigger / Pulse width trigger / Free-run,Mono8 / Mono10 / Mono12 / Mono10Packed / Mono12Packed,2 µseconds to 13.181 mseconds,x1 / x4,x1 to x5,,x2 horizontal and vertical individually / Off,,Horizontal flip / Off,,Support (Eight settings),,Support,,Support,Support,Support,26 kHz
Sentech,fs-b8ku35ges-f,GigE Vision Line Cameras,FS-B8KU35GES-F,Line Camera,8k Single,Monochrome,"8,192 (H) x 1 (V)",,PoE: IEEE802.3af CLASS1 (1000BASE-T),GigE Vision 2.1,Power Over Ethernet (PoE) (IEEE802.3af) External power (+10.8 to +26.4 Vdc),PoE: Less than 6.5 W External power: Less than 5.9 W,Lower limit: 0 deg. C (Environmental temperature) Upper limit: +40 deg. C (Environmental temperature),Lower limit: -20 deg. C (Environmental temperature) Upper limit: +80 deg. C (Environmental temperature),ams OSRAM DR-8K-3.5,Global Shutter,Others,3.5 (H) x 3.5 (V) µm,56 (W) x 58 (H) x 73.6 (D) mm,Approximately 290 g,F Mount,No optical filter,RJ45 connector x 1,Power: HR10A-7R-6PB (Hirose) or equivalent x 1 Signal: HR10A-10R-12PB (Hirose) or equivalent x 1,Full scanning / ROI,Edge preset trigger / Pulse width trigger / Free-run,Mono8 / Mono10 / Mono12 / Mono10Packed / Mono12Packed,2 µseconds to 13.271 mseconds,x1 / x4,x1 to x5,,x2 horizontal and vertical individually / Off,,Horizontal flip / Off,,Support (Eight settings),,Support,,Support,Support,Support,13 kHz
Sentech,fs-b8ku35ges-m42,GigE Vision Line Cameras,FS-B8KU35GES-M42,Line Camera,8k Single,Monochrome,"8,192 (H) x 1 (V)",,PoE: IEEE802.3af CLASS1 (1000BASE-T),GigE Vision 2.1,Power Over Ethernet (PoE) (IEEE802.3af) External power (+10.8 to +26.4 Vdc),PoE: Less than 6.5 W External power: Less than 5.9 W,Lower limit: 0 deg. C (Environmental temperature) Upper limit: +40 deg. C (Environmental temperature),Lower limit: -20 deg. C (Environmental temperature) Upper limit: +80 deg. C (Environmental temperature),ams OSRAM DR-8K-3.5,Global Shutter,Others,3.5 (H) x 3.5 (V) µm,56 (W) x 58 (H) x 35.1 (D) mm,Approximately 210 g,M42 Mount,No optical filter,RJ45 connector x 1,Power: HR10A-7R-6PB (Hirose Electric) or equivalent x 1 Signal: HR10A-10R-12PB (Hirose Electric) or equivalent x 1,Full scanning / ROI,Edge preset trigger / Pulse width trigger / Free-run,Mono8 / Mono10 / Mono12 / Mono10Packed / Mono12Packed,2 µseconds to 13.271 mseconds,x1 / x4,x1 to x5,,x2 horizontal and vertical individually / Off,,Horizontal flip / Off,,Support (Eight settings),,Support,,Support,Support,Support,13 kHz
Sentech,fs-b2ku7dges-c,GigE Vision Line Cameras,FS-B2KU7DGES-C,Line Camera,2k Dual,Monochrome,"2,048 (H) x 2 (V)",,PoE: IEEE802.3af CLASS1 (1000BASE-T),GigE Vision 2.1,Power Over Ethernet (PoE) (IEEE802.3af) External power (+10.8 to +26.4 Vdc),PoE: Less than 5.3 W External power: Less than 4.8 W,Lower limit: 0 deg. C (Environmental temperature) Upper limit: +40 deg. C (Environmental temperature),Lower limit: -20 deg. C (Environmental temperature) Upper limit: +80 deg. C (Environmental temperature),ams OSRAM DR-2X2K-7-inver,Global Shutter,Others,7.0 (H) x 7.0 (V) µm,56 (.W) x 58 (H) x 44.6 (D) mm,Approximately 240 g,C Mount,No optical filter,RJ45 connector x 1,Power: HR10A-7R-6PB (Hirose Electric) or equivalent x 1 Signal: HR10A-10R-12PB (Hirose Electric) or equivalent x 1,Full scanning / ROI,Edge preset trigger / Pulse width trigger / Free-run,Mono8 / Mono10 / Mono12 / Mono10Packed / Mono12Packed,2 µseconds to 13.143 mseconds,x1 / x4,x1 to x5,,x2 horizontal and vertical individually / Off,x2 vertical only / Off,Vertical flip / Horizontal flip / Vertical and horizontal flip / Off,,Support (Eight settings),,Support,,Support,Support,Support,52 kHz
Sentech,fs-b2ku7dges-f,GigE Vision Line Cameras,FS-B2KU7DGES-F,Line Camera,2k Dual,Monochrome,"2,048 (H) x 2 (V)",,PoE: IEEE802.3af CLASS1 (1000BASE-T),GigE Vision 2.1,Power Over Ethernet (PoE) (IEEE802.3af) External power (+10.8 to +26.4 Vdc),PoE: Less than 5.3 W External power: Less than 4.8 W,Lower limit: 0 deg. C (Environmental temperature) Upper limit: +40 deg. C (Environmental temperature),Lower limit: -20 deg. C (Environmental temperature) Upper limit: +80 deg. C (Environmental temperature),ams OSRAM DR-2X2K-7-inver,Global Shutter,Others,7.0 (H) x 7.0 (V) µm,56 (W) x 58 (H) x 73.6 (D) mm,Approximately 290 g,F Mount,No optical filter,RJ45 connector x 1,Power: HR10A-7R-6PB (Hirose Electric) or equivalent x 1 Signal: HR10A-10R-12PB (Hirose Electric) or equivalent x 1,Full scanning / ROI,Edge preset trigger / Pulse width trigger / Free-run,Mono8 / Mono10 / Mono12 / Mono10Packed / Mono12Packed,2 µseconds to 13.143 mseconds,x1 / x4,x1 to x5,,x2 horizontal and vertical individually / Off,x2 vertical only / Off,Vertical flip / Horizontal flip / Vertical and horizontal flip / Off,,Support (Eight settings),,Support,,Support,Support,Support,52 kHz
Sentech,fs-b2ku7dges-m42,GigE Vision Line Cameras,FS-B2KU7DGES-M42,Line Camera,2k Dual,Monochrome,"2,048 (H) x 2 (V)",,PoE: IEEE802.3af CLASS1 (1000BASE-T),GigE Vision 2.1,Power Over Ethernet (PoE) (IEEE802.3af) External power (+10.8 to +26.4 Vdc),PoE: Less than 5.3 W External power: Less than 4.8 W,Lower limit: 0 deg. C (Environmental temperature) Upper limit: +40 deg. C (Environmental temperature),Lower limit: -20 deg. C (Environmental temperature) Upper limit: +80 deg. C (Environmental temperature),ams OSRAM DR-2X2K-7-inver,Global Shutter,Others,7.0 (H) x 7.0 (V) µm,56 (W) x 58 (H) x 35.1 (D) mm,Approximately 210 g,M42 Mount,No optical filter,RJ45 connector x 1,Power: HR10A-7R-6PB (Hirose Electric) or equivalent x 1 Signal: HR10A-10R-12PB (Hirose Electric) or equivalent x 1,Full scanning / ROI,Edge preset trigger / Pulse width trigger / Free-run,Mono8 / Mono10 / Mono12 / Mono10Packed / Mono12Packed,2 µseconds to 13.143 mseconds,x1 / x4,x1 to x5,,x2 horizontal and vertical individually / Off,x2 vertical only / Off,Vertical flip / Horizontal flip / Vertical and horizontal flip / Off,,Support (Eight settings),,Support,,Support,Support,Support,52 kHz
Sentech,fs-c4ku7dges-f,GigE Vision Line Cameras,FS-C4KU7DGES-F,Line Camera,4k Dual,Color,"4,096 (H) x 2 (V)",,PoE: IEEE802.3af CLASS1 (1000BASE-T),GigE Vision 2.1,Power Over Ethernet (PoE) (IEEE802.3af) External power (+10.8 to +26.4 Vdc),PoE: Less than 6.5 W External power: Less than 5.9 W,Lower limit: 0 deg. C (Environmental temperature) Upper limit: +40 deg. C (Environmental temperature),Lower limit: -20 deg. C (Environmental temperature) Upper limit: +80 deg. C (Environmental temperature),ams OSRAM DR-2X4K-7-inver-RGB,Global Shutter,Others,7.0 (H) x 7.0 (V) µm,56 (W) x 58 (H) x 73.6 (D) mm,Approximately 290 g,F Mount,No optical filter,RJ45 connector x 1,Power: HR10A-7R-6PB (Hirose Electric) or equivalent x 1 Signal: HR10A-10R-12PB (Hirose Electric) or equivalent x 1,Full scanning / ROI,Edge preset trigger / Pulse width trigger / Free-run,BayerGB8 / BayerGB10 / BayerGB12 / BayerGB10Packed / BayerGB12Packed RGB8 / YUV422_8 / YUV422_8_UYVY,2 µseconds to 3.55 seconds,x1 / x4,x1 to x5,,x2 horizontal and vertical individually / Off,,Vertical flip / Horizontal flip / Vertical and horizontal flip / Off,,Support (Eight settings),Manual white balance,Support,,Support,Support,Support,26 kHz
Sentech,fs-c4ku7dges-m42,GigE Vision Line Cameras,FS-C4KU7DGES-M42,Line Camera,4k Dual,Color,"4,096 (H) x 2 (V)",,PoE: IEEE802.3af CLASS1 (1000BASE-T),GigE Vision 2.1,Power Over Ethernet (PoE) (IEEE802.3af) External power (+10.8 to +26.4 Vdc),PoE: Less than 6.5 W External power: Less than 5.9 W,Lower limit: 0 deg. C (Environmental temperature) Upper limit: +40 deg. C (Environmental temperature),Lower limit: -20 deg. C (Environmental temperature) Upper limit: +80 deg. C (Environmental temperature),ams OSRAM DR-2X4K-7-inver-RGB,Global Shutter,Others,7.0 (H) x 7.0 (V) µm,56 (W) x 58 (H) x 35.1 (D) mm,Approximately 210 g,M42 Mount,No optical filter,RJ45 connector x 1,Power: HR10A-7R-6PB (Hirose Electric) or equivalent x 1 Signal: HR10A-10R-12PB (Hirose Electric) or equivalent x 1,Full scanning / ROI,Edge preset trigger / Pulse width trigger / Free-run,BayerGB8 / BayerGB10 / BayerGB12 / BayerGB10Packed / BayerGB12Packed RGB8 / YUV422_8 / YUV422_8_UYVY,2 µseconds to 3.55 seconds,x1 / x4,x1 to x5,,x2 horizontal and vertical individually / Off,,Vertical flip / Horizontal flip / Vertical and horizontal flip / Off,,Support (Eight settings),Manual white balance,Support,,Support,Support,Support,26 kHz
Sentech,fs-b2ku7clu-c,Camera Link Line Cameras,FS-B2KU7CLU-C,Line Camera,2k Single,Monochrome,"2,048 (H) x 1 (V)",,Camera Link Base,Camera Link 2.1,External power (+10.8 to +26.4 Vdc),Less than 3.1 W,Lower limit: 0 deg. C (Environmental temperature) Upper limit: +40 deg. C (Environmental temperature),Lower limit: -25 deg. C (Environmental temperature) Upper limit: +65 deg. C (Environmental temperature),ams OSRAM DR-2K-7,Global Shutter,Others,7.0 (H) x 7.0 (V) µm,56 (W) x 58 (H) x 36 (D) mm,Approximately 200 g,C Mount,No optical filter,MDR x 2,HR10A-7R-6PB (Hirose) or equivalent x 1 (Power),Full scanning / ROI,Edge preset trigger / Pulse width trigger / Free-run,Mono8 / Mono10 / Mono12,2 µseconds to 13.109 mseconds,x1 / x4,x1 to x5,,x2 horizontal and vertical individually / Off,,Vertical flip / Horizontal flip / Vertical and horizontal flip / Off,,Support,,Support,,,,,80 kHz
Sentech,fs-b2ku7clu-f,Camera Link Line Cameras,FS-B2KU7CLU-F,Line Camera,2k Single,Monochrome,"2,048 (H) x 1 (V)",,Camera Link Base,Camera Link 2.1,External power (+10.8 to +26.4 Vdc),Less than 3.1 W,Lower limit: 0 deg. C (Environmental temperature) Upper limit: +40 deg. C (Environmental temperature),Lower limit: -25 deg. C (Environmental temperature) Upper limit: +65 deg. C (Environmental temperature),ams OSRAM DR-2K-7,Global Shutter,Others,7.0 (H) x 7.0 (V) µm,56 (W) x 58 (H) x 65 (D) mm,Approximately 250 g,F Mount,No optical filter,MDR x 2,HR10A-7R-6PB (Hirose) or equivalent x 1 (Power),Full scanning / ROI,Edge preset trigger / Pulse width trigger / Free-run,Mono8 / Mono10 / Mono12,2 µseconds to 13.109 mseconds,x1 / x4,x1 to x5,,x2 horizontal and vertical individually / Off,,Vertical flip / Horizontal flip / Vertical and horizontal flip / Off,,Support,,Support,,,,,80 kHz
Sentech,fs-b2ku7clu-m42,Camera Link Line Cameras,FS-B2KU7CLU-M42,Line Camera,2k Single,Monochrome,"2,048 (H) x 1 (V)",,Camera Link Base,Camera Link 2.1,External power (+10.8 to +26.4 Vdc),Less than 3.1 W,Lower limit: 0 deg. C (Environmental temperature) Upper limit: +40 deg. C (Environmental temperature),Lower limit: -25 deg. C (Environmental temperature) Upper limit: +65 deg. C (Environmental temperature),ams OSRAM DR-2K-7,Global Shutter,Others,7.0 (H) x 7.0 (V) µm,56 (W) x 58 (H) x 26.5 (D) mm,Approximately 156 g,M42 Mount,No optical filter,MDR x 2,HR10A-7R-6PB (Hirose) or equivalent x 1 (Power),Full scanning / ROI,Edge preset trigger / Pulse width trigger / Free-run,Mono8 / Mono10 / Mono12,2 µseconds to 13.109 mseconds,x1 / x4,x1 to x5,,x2 horizontal and vertical individually / Off,,Vertical flip / Horizontal flip / Vertical and horizontal flip / Off,,Support,,Support,,,,,80 kHz
Sentech,fs-b4ku7clu-f,Camera Link Line Cameras,FS-B4KU7CLU-F,Line Camera,4k Single,Monochrome,"4,096 (H) x 1 (V)",,Camera Link Medium / Base,Camera Link 2.1,External power (+10.8 to +26.4 Vdc),Less than 4.4 W,Lower limit: 0 deg. C (Environmental temperature) Upper limit: +40 deg. C (Environmental temperature),Lower limit: -25 deg. C (Environmental temperature) Upper limit: +65 deg. C (Environmental temperature),ams OSRAM DR-4K-7,Global Shutter,Others,7.0 (H) x 7.0 (V) µm,56 (W) x 58 (H) x 65 (D) mm,Approximately 250 g,F Mount,No optical filter,MDR x 2,HR10A-7R-6PB (Hirose) or equivalent x 1 (Power),Full scanning / ROI,Edge preset trigger / Pulse width trigger / Free-run,Mono8 / Mono10 / Mono12,2 µseconds to 13.109 mseconds,x1 / x4,x1 to x5,,x2 horizontal and vertical individually / Off,,Vertical flip / Horizontal flip / Vertical and horizontal flip / Off,,Support,,Support,,,,,80 kHz
Sentech,fs-b4ku7clu-m42,Camera Link Line Cameras,FS-B4KU7CLU-M42,Line Camera,4k Single,Monochrome,"4,096 (H) x 1 (V)",,Camera Link Medium / Base,Camera Link 2.1,External power (+10.8 to +26.4 Vdc),Less than 4.4 W,Lower limit: 0 deg. C (Environmental temperature) Upper limit: +40 deg. C (Environmental temperature),Lower limit: 0 deg. C (Environmental temperature) Upper limit: +40 deg. C (Environmental temperature),ams OSRAM DR-4K-7,Global Shutter,Others,7.0 (H) x 7.0 (V) µm,56 (W) x 58 (H) x 26.5 (D) mm,Approximately 156 g,M42 Mount,No optical filter,MDR x 2,HR10A-7R-6PB (Hirose) or equivalent x 1 (Power),Full scanning / ROI,Edge preset trigger / Pulse width trigger / Free-run,Mono8 / Mono10 / Mono12,2 µseconds to 13.109 mseconds,x1 / x4,x1 to x5,,x2 horizontal and vertical individually / Off,,Vertical flip / Horizontal flip / Vertical and horizontal flip / Off,,Support,,Support,,,,,80 kHz
Sentech,fs-b8ku7clu-m72,Camera Link Line Cameras,FS-B8KU7CLU-M72,Line Camera,8k Single,Monochrome,"8,192 (H) x 1 (V)",,Camera Link Full / Medium / Base,Camera Link 2.1,External power (+10.8 to +26.4 Vdc),Less than 6.8 W,Lower limit: 0 deg. C (Environmental temperature) Upper limit: +40 deg. C (Environmental temperature),Lower limit: -25 deg. C (Environmental temperature) Upper limit: +65 deg. C (Environmental temperature),ams OSRAM DR-8K-7,Global Shutter,Others,7.0 (H) x 7.0 (V) μm,80 (W) x 100 (H) x 38.1 (D) mm,Approximately 453 g,M72 Mount,No optical filter,MDR x 2,HR10A-7R-6PB (Hirose) or equivalent x 1 (Power),Full scanning / ROI,Edge preset trigger / Pulse width trigger / Free-run,Mono8 / Mono10 / Mono12,2 µseconds to 13.109 mseconds,x1 / x4,x1 to x5,,,,Vertical flip / Horizontal flip / Vertical and horizontal flip / Off,,Support,,Support,,,,,80 kHz
Sentech,fs-b8ku35clu-f,Camera Link Line Cameras,FS-B8KU35CLU-F,Line Camera,8k Single,Monochrome,"8,192 (H) x 1 (V)",,Camera Link Full / Medium / Base,Camera Link 2.1,External power (+10.8 to +26.4 Vdc),Less than 6.4 W,Lower limit: 0 deg. C (Environmental temperature) Upper limit: +40 deg. C (Environmental temperature),Lower limit: -25 deg. C (Environmental temperature) Upper limit: +65 deg. C (Environmental temperature),ams OSRAM DR-8K-3.5,Global Shutter,Others,3.5 (H) x 3.5 (V) μm,56 (W) x 58 (H) x 65 (D) mm,Approximately 250 g,F Mount,No optical filter,MDR x 2,HR10A-7R-6PB (Hirose) or equivalent x 1 (Power),Full scanning / ROI,Edge preset trigger / Pulse width trigger / Free-run,Mono8 / Mono10 / Mono12,2 µseconds to 13.109 mseconds,x1 / x4,x1 to x5,,x2 horizontal and vertical individually / Off,,Vertical flip / Horizontal flip / Vertical and horizontal flip / Off,,Support,,Support,,,,,80 kHz
Sentech,fs-b8ku35clu-m42,Camera Link Line Cameras,FS-B8KU35CLU-M42,Line Camera,8k Single,Monochrome,"8,192 (H) x 1 (V)",,Camera Link Full / Medium / Base,Camera Link 2.1,External power (+10.8 to +26.4 Vdc),Less than 6.4 W,Lower limit: 0 deg. C (Environmental temperature) Upper limit: +40 deg. C (Environmental temperature),Lower limit: -25 deg. C (Environmental temperature) Upper limit: +65 deg. C (Environmental temperature),ams OSRAM DR-8K-3.5,Global Shutter,Others,3.5 (H) x 3.5 (V) μm,56 (W) x 58 (H) x 26.5 (D) mm,Approximately 156 g,M42 Mount,No optical filter,MDR x 2,HR10A-7R-6PB (Hirose) or equivalent x 1 (Power),Full scanning / ROI,Edge preset trigger / Pulse width trigger / Free-run,Mono8 / Mono10 / Mono12,2 µseconds to 13.109 mseconds,x1 / x4,x1 to x5,,x2 horizontal and vertical individually / Off,,Vertical flip / Horizontal flip / Vertical and horizontal flip / Off,,Support,,Support,,,,,80 kHz
Sentech,fs-b16ku35clu-m72,Camera Link Line Cameras,FS-B16KU35CLU-M72,Line Camera,16k Single,Monochrome,"16,384 (H) x 1 (V)",,Camera Link Full / Medium / Base,Camera Link 2.1,External power (+10.8 to +26.4 Vdc),Less than 8.3 W,Lower limit: 0 deg. C (Environmental temperature) Upper limit: +40 deg. C (Environmental temperature),Lower limit: -25 deg. C (Environmental temperature) Upper limit: +65 deg. C (Environmental temperature),ams OSRAM DR-16K-3.5,Global Shutter,Others,3.5 (H) x 3.5 (V) μm,80 (W) x 100 (H) x 38.1 (D) mm,Approximately 453 g,M72 Mount,No optical filter,MDR x 2,HR10A-7R-6PB (Hirose) or equivalent x 1 (Power),Full scanning / ROI,Edge preset trigger / Pulse width trigger / Free-run,Mono8 / Mono10 / Mono12,2 µseconds to 26.216 mseconds,x1 / x4,x1 to x5,,,,Vertical flip / Horizontal flip / Vertical and horizontal flip / Off,,Support,,Support,,,,,40 kHz
Sentech,fs-b2ku7dclu-c,Camera Link Line Cameras,FS-B2KU7DCLU-C,Line Camera,2k Dual,Monochrome,"2,048 (H) x 2 (V)",,Camera Link Full / Medium / Base,Camera Link 2.1,External power (+10.8 to +26.4 Vdc),Less than 4.2 W,Lower limit: 0 deg. C (Environmental temperature) Upper limit: +40 deg. C (Environmental temperature),Lower limit: -25 deg. C (Environmental temperature) Upper limit: +65 deg. C (Environmental temperature),ams OSRAM DR-2X2K-7-inver,Global Shutter,Others,7.0 (H) x 7.0 (V) μm,56 (W) x 58 (H) x 36 (D) mm,Approximately 200 g,C Mount,No optical filter,MDR x 2,HR10A-7R-6PB (Hirose) or equivalent x 1 (Power),Full scanning / ROI,Edge preset trigger / Pulse width trigger / Free-run,Mono8 / Mono10 / Mono12,2 µseconds to 13.109 mseconds,x1 / x4,x1 to x5,,x2 horizontal and vertical individually / Off,x2 vertical only / Off,Vertical flip / Horizontal flip / Vertical and horizontal flip / Off,,Support,,Support,,,,,160 kHz
Sentech,fs-b2ku7dclu-f,Camera Link Line Cameras,FS-B2KU7DCLU-F,Line Camera,2k Dual,Monochrome,"2,048 (H) x 2 (V)",,Camera Link Full / Medium / Base,Camera Link 2.1,External power (+10.8 to +26.4 Vdc),Less than 4.2 W,Lower limit: 0 deg. C (Environmental temperature) Upper limit: +40 deg. C (Environmental temperature),Lower limit: -25 deg. C (Environmental temperature) Upper limit: +65 deg. C (Environmental temperature),ams OSRAM DR-2X2K-7-inver,Global Shutter,Others,7.0 (H) x 7.0 (V) μm,56 (W) x 58 (H) x 65 (D) mm,Approximately 250 g,F Mount,No optical filter,MDR x 2,HR10A-7R-6PB (Hirose) or equivalent x 1 (Power),Full scanning / ROI,Edge preset trigger / Pulse width trigger / Free-run,Mono8 / Mono10 / Mono12,2 µseconds to 13.109 mseconds,x1 / x4,x1 to x5,,x2 horizontal and vertical individually / Off,x2 vertical only / Off,Vertical flip / Horizontal flip / Vertical and horizontal flip / Off,,Support,,Support,,,,,160 kHz
Sentech,fs-b2ku7dclu-m42,Camera Link Line Cameras,FS-B2KU7DCLU-M42,Line Camera,2k Dual,Monochrome,"2,048 (H) x 2 (V)",,Camera Link Full / Medium / Base,Camera Link 2.1,External power (+10.8 to +26.4 Vdc),Less than 4.2 W,Lower limit: 0 deg. C (Environmental temperature) Upper limit: +40 deg. C (Environmental temperature),Lower limit: -25 deg. C (Environmental temperature) Upper limit: +65 deg. C (Environmental temperature),ams OSRAM DR-2X2K-7-inver,Global Shutter,Others,7.0 (H) x 7.0 (V) μm,56 (W) x 58 (H) x 26.5 (D) mm,Approximately 156 g,M42 Mount,No optical filter,MDR x 2,HR10A-7R-6PB (Hirose) or equivalent x 1 (Power),Full scanning / ROI,Edge preset trigger / Pulse width trigger / Free-run,Mono8 / Mono10 / Mono12,2 µseconds to 13.109 mseconds,x1 / x4,x1 to x5,,x2 horizontal and vertical individually / Off,x2 vertical only / Off,Vertical flip / Horizontal flip / Vertical and horizontal flip / Off,,Support,,Support,,,,,160 kHz
Sentech,fs-b8ku7dclu-m72,Camera Link Line Cameras,FS-B8KU7DCLU-M72,Line Camera,8k Dual,Monochrome,"8,192 (H) x 2 (V)",,Camera Link Full / Medium / Base,Camera Link 2.1,External power (+10.8 to +26.4 Vdc),Less than 8.8 W,Lower limit: 0 deg. C (Environmental temperature) Upper limit: +40 deg. C (Environmental temperature),Lower limit: -25 deg. C (Environmental temperature) Upper limit: +65 deg. C (Environmental temperature),ams OSRAM DR-2X8K-7,Global Shutter,Others,7.0 (H) x 7.0 (V) μm,80 (W) x 100 (H) x 38.1 (D) mm,Approximately 453 g,M72 Mount,No optical filter,MDR x 2,HR10A-7R-6PB (Hirose) or equivalent x 1 (Power),Full scanning / ROI,Edge preset trigger / Pulse width trigger / Free-run,Mono8 / Mono10 / Mono12,2 µseconds to 26.216 mseconds,x1 / x4,x1 to x5,,x2 horizontal and vertical individually / Off,x2 vertical only / Off,Vertical flip / Horizontal flip / Vertical and horizontal flip / Off,,Support,,Support,,,,,80 kHz
Sentech,fs-c4ku7dclu-f,Camera Link Line Cameras,FS-C4KU7DCLU-F,Line Camera,4k Dual,Color,"4,096 (H) x 2 (V)",,Camera Link Full / Medium / Base,Camera Link 2.1,External power (+10.8 to +26.4 Vdc),Less than 5.8 W,Lower limit: 0 deg. C (Environmental temperature) Upper limit: +40 deg. C (Environmental temperature),Lower limit: -25 deg. C (Environmental temperature) Upper limit: +65 deg. C (Environmental temperature),ams OSRAM DR-2X4K-7-inver-RGB,Global Shutter,Others,7.0 (H) x 7.0 (V) μm,56 (W) x 58 (H) x 65 (D) mm,Approximately 250 g,F Mount,No optical filter,MDR x 2,HR10A-7R-6PB (Hirose) or equivalent x 1 (Power),Full scanning / ROI,Edge preset trigger / Pulse width trigger / Free-run,BayerGB8 / BayerGB10 / BayerGB12,2 µseconds to 13.109 mseconds,x1 / x4,x1 to x5,,,,Vertical flip / Horizontal flip / Vertical and horizontal flip / Off,,Support,Manual white balance,Support,,,,,80 kHz
Sentech,fs-c4ku7dclu-m42,Camera Link Line Cameras,FS-C4KU7DCLU-M42,Line Camera,4k Dual,Color,"4,096 (H) x 2 (V)",,Camera Link Full / Medium / Base,Camera Link 2.1,External power (+10.8 to +26.4 Vdc),Less than 5.8 W,Lower limit: 0 deg. C (Environmental temperature) Upper limit: +40 deg. C (Environmental temperature),Lower limit: -25 deg. C (Environmental temperature) Upper limit: +65 deg. C (Environmental temperature),ams OSRAM DR-2X4K-7-inver-RGB,Global Shutter,Others,7.0 (H) x 7.0 (V) μm,56 (W) x 58 (H) x 26.5 (D) mm,Approximately 156 g,M42 Mount,No optical filter,MDR x 2,HR10A-7R-6PB (Hirose) or equivalent x 1 (Power),Full scanning / ROI,Edge preset trigger / Pulse width trigger / Free-run,BayerGB8 / BayerGB10 / BayerGB12,2 µseconds to 13.109 mseconds,x1 / x4,x1 to x5,,,,Vertical flip / Horizontal flip / Vertical and horizontal flip / Off,,Support,Manual white balance,Support,,,,,80 kHz
Sentech,fs-c8ku7dclu-m72,Camera Link Line Cameras,FS-C8KU7DCLU-M72,Line Camera,8k Dual,Color,"8,192 (H) x 2 (V)",,Camera Link Full / Medium / Base,Camera Link 2.1,External power (+10.8 to +26.4 Vdc),Less than 8.8 W,Lower limit: 0 deg. C (Environmental temperature) Upper limit: +40 deg. C (Environmental temperature),Lower limit: -25 deg. C (Environmental temperature) Upper limit: +65 deg. C (Environmental temperature),ams OSRAM DR-2X8K-7-RGB,Global Shutter,Others,7.0 (H) x 7.0 (V) μm,80 (W) x 100 (H) x 38.1 (D) mm,Approximately 453 g,M72 Mount,No optical filter,MDR x 2,HR10A-7R-6PB (Hirose) or equivalent x 1 (Power),Full scanning / ROI,Edge preset trigger / Pulse width trigger / Free-run,BayerGB8 / BayerGB10 / BayerGB12,2 µseconds to 26.216 mseconds,x1 / x4,x1 to x5,,,,Vertical flip / Horizontal flip / Vertical and horizontal flip / Off,,Support,Manual white balance,Support,,,,,40.5 kHz
Sentech,stc-mbs163cxp6,CoaXPress Area camera,STC-MBS163CXP6,Area Camera,1.6MP,Monochrome,"1,440 (H) x 1,080 (V)",278.0 fps,"CoaXPress (CXP-6, 1 lane)",CoaXPress Standard Version 1.1.1,PoCXP,Less than 3.5 W,Lower limit: 0 deg. C (Environmental temperature) Upper limit: +45 deg. C (Environmental temperature),Lower limit: -20 deg. C (Environmental temperature) Upper limit: +75 deg. C (Environmental temperature),SONY IMX273,Global Shutter,"1/2.9""",3.45 (H) x 3.45 (V) µm,28 (W) x 28 (H) x 40 (D) mm,Approximately 52 g,C Mount,No optical filter,BNC (75 ohm) x 1,HR10A-7R-6PB (Hirose) or equivalent x 1,Full scanning / ROI,Edge preset trigger / Pulse width trigger / CXP_Packet trigger / Burst trigger / Free-run,Mono8 / Mono10 / Mono12,1 µsecond to 16.777 seconds,0 to 18 dB,x1 to x7,,x2 vertical only / Off,x2 horizontal and vertical simultaneously / Off,Vertical flip / Horizontal flip / Vertical and horizontal flip/ Off,Up to 512 pixels,Support (Eight settings),,,,,,,
Sentech,stc-mcs163cxp6,CoaXPress Area camera,STC-MCS163CXP6,Area Camera,1.6MP,Color,"1,440 (H) x 1,080 (V)",278.0 fps,"CoaXPress (CXP-6, 1 lane)",CoaXPress Standard Version 1.1.1,PoCXP,Less than 3.5 W,Lower limit: 0 deg. C (Environmental temperature) Upper limit: +45 deg. C (Environmental temperature),Lower limit: -20 deg. C (Environmental temperature) Upper limit: +75 deg. C (Environmental temperature),SONY IMX273,Global Shutter,"1/2.9""",3.45 (H) x 3.45 (V) µm,28 (W) x 28 (H) x 40 (D) mm,Approximately 52 g,C Mount,No optical filter,BNC (75 ohm) x 1,HR10A-7R-6PB (Hirose) or equivalent x 1,Full scanning / ROI,Edge preset trigger / Pulse width trigger / CXP_Packet trigger / Burst trigger / Free-run,BayerRG8 / BayerRG10 / BayerRG12,1 µs to 16.777 seconds,0 to 18 dB,x1 to x7,,,x2 horizontal and vertical simultaneously / Off,Vertical flip / Horizontal flip / Vertical and horizontal flip / Off,Up to 512 pixels,Support (Eight settings),Auto / Manual / Push to set white balance,,Auto white balance,,,,
Sentech,stc-mbs212cxp6,CoaXPress Area camera,STC-MBS212CXP6,Area Camera,2MP,Monochrome,"1,632 (H) x 1,240 (V)",239.0 fps,"CoaXPress (CXP-6, 1 lane)",CoaXPress Standard Version 1.1.1,PoCXP,Less than 4.0 W,Lower limit: 0 deg. C (approximately) Upper limit: +39 deg. C (approximately),Lower limit: -20 deg. C (Environmental temperature) Upper limit: +75 deg. C (Environmental temperature),SONY IMX422,Global Shutter,"1/1.7""",4.5 (H) x 4.5 (V) µm,28 (W) x 28 (H) x 40 (D) mm,Approximately 52 g,C Mount,No optical filter,BNC (75 ohm) x 1,HR10A-7R-6PB (Hirose) or equivalent x 1,Full scanning / ROI,Edge preset trigger / Pulse width trigger / CXP_Packet trigger / Burst trigger / Free-run,Mono8 / Mono10 / Mono12,1 µs to 16.777 seconds,0 to 42 dB (Image sensor gain including digital),x1 to x7,,x2 horizontal and vertical simultaneously / Off,x2 horizontal and vertical simultaneously / Off,Vertical flip / Horizontal flip / Vertical and horizontal flip / Off,Up to 512 pixels,Support (Eight settings),,,,,,,
Sentech,stc-mcs212cxp6,CoaXPress Area camera,STC-MCS212CXP6,Area Camera,2MP,Color,"1,632 (H) x 1,240 (V)",239.0 fps,"CoaXPress (CXP-6, 1 lane)",CoaXPress Standard Version 1.1.1,PoCXP,Less than 4.0 W,Lower limit: 0 deg. C (approximately) Upper limit: +39 deg. C (approximately),Lower limit: -20 deg. C (Environmental temperature) Upper limit: +75 deg. C (Environmental temperature),SONY IMX422,Global Shutter,"1/1.7""",4.5 (H) x 4.5 (V) µm,28 (W) x 28 (H) x 40 (D) mm,Approximately 52 g,C Mount,No optical filter,BNC (75 ohm) x 1,HR10A-7R-6PB (Hirose) or equivalent x 1,Full scanning / ROI,Edge preset trigger / Pulse width trigger / CXP_Packet trigger / Burst trigger / Free-run,BayerRG8 / BayerRG10 / BayerRG12,1 µs to 16.777 seconds,0 to 42 dB (Image sensor gain including digital),x1 to x7,,,x2 horizontal and vertical simultaneously / Off,Vertical flip / Horizontal flip / Vertical and horizontal flip / Off,Up to 512 pixels,Support (Eight settings),Auto / Manual / Push to set white balance,Auto white balance,,,,,
Sentech,stc-mbs322cxp6,CoaXPress Area camera,STC-MBS322CXP6,Area Camera,3.2MP,Monochrome,"2,048 (H) x 1,536 (V)",152.0 fps,"CoaXPress (CXP-6, 1 lane)",CoaXPress Standard Version 1.1.1,PoCXP,Less than 3.5 W,Lower limit: 0 deg. C (Environmental temperature) Upper limit: +40 deg. C (Environmental temperature),Lower limit: -20 deg. C (Environmental temperature) Upper limit: +75 deg. C (Environmental temperature),SONY IMX252,Global Shutter,"1/1.8""",3.45 (H) x 3.45 (V) µm,28 (W) x 28 (H) x 40 (D) mm,Approximately 52 g,C Mount,No optical filter,BNC (75 ohm) x 1,HR10A-7R-6PB (Hirose) or equivalent x 1,Full scanning / ROI,Edge preset trigger / Pulse width trigger / CXP_Packet trigger / Burst trigger / Free-run,Mono8 / Mono10 / Mono12,1 µs to 16.777 seconds,0 to 42 dB (Image sensor gain including digital),x1 to x7,,x2 horizontal and vertical simultaneously / Off,x2 horizontal and vertical simultaneously / Off,Vertical flip / Horizontal flip / Vertical and horizontal flip / Off,Up to 512 pixels,Support (Eight settings),,,,,,,
Sentech,stc-mcs322cxp6,CoaXPress Area camera,STC-MCS322CXP6,Area Camera,3.2MP,Color,"2,048 (H) x 1,536 (V)",152.0 fps,"CoaXPress (CXP-6, 1 lane)",CoaXPress Standard Version 1.1.1,PoCXP,Less than 3.5 W,Lower limit: 0 deg. C (Environmental temperature) Upper limit: +40 deg. C (Environmental temperature),Lower limit: -20 deg. C (Environmental temperature) Upper limit: +75 deg. C (Environmental temperature),SONY IMX252,Global Shutter,"1/1.8""",3.45 (H) x 3.45 (V) µm,28 (W) x 28 (H) x 40 (D) mm,Approximately 52 g,C Mount,No optical filter,BNC (75 ohm) x 1,HR10A-7R-6PB (Hirose) or equivalent x 1,Full scanning / ROI,Edge preset trigger / Pulse width trigger / CXP_Packet trigger / Burst trigger / Free-run,BayerRG8 / BayerRG10 / BayerRG12,1 µs to 16.777 seconds,0 to 42 dB (Image sensor gain including digital),x1 to x7,,,x2 horizontal and vertical simultaneously / Off,Vertical flip / Horizontal flip / Vertical and horizontal flip / Off,Up to 512 pixels,Support (Eight settings),Auto / Manual / Push to set white balance,,Auto white balance,,,,
Sentech,stc-cmb401cxp,CoaXPress Area camera,STC-CMB401CXP,Area Camera,4MP,Monochrome,"2,048 (H) x 2,048 (V)",142.5 fps,"CoaXPress (CXP-6, 1 lane)",CoaXPress Standard Version 1.1.1,PoCXP,Less than 5.3 W,Lower limit: 0 deg. C (Environmental temperature) Upper limit: +40 deg. C (Environmental temperature),Lower limit: -30 deg. C (Environmental temperature) Upper limit: +65 deg. C (Environmental temperature),ams OSRAM CMV4000,Global Shutter,"1""",5.5 (H) x 5.5 (V) µm,40 (W) x 40 (H) x 41.4 (D) mm,Approximately 124 g,C Mount,No optical filter,DIN1.0/2.3 (75 ohm Jack) x 1,HR10A-7R-6PB (Hirose) or equivalent x 1,Full scanning / ROI,Edge preset trigger / Pulse width trigger / CXP_Packet trigger / Burst trigger / Free-run,Mono8,14 µseconds to 16 seconds,x1 / x1.2 / x1.4 / x1.6,x1 to x5,,,,Vertical flip / Horizontal flip / Vertical and horizontal flip / Off,Up to 64 pixels,Support (Eight settings),,,,,,,
Sentech,stc-cmc401cxp,CoaXPress Area camera,STC-CMC401CXP,Area Camera,4MP,Color,"2,048 (H) x 2,048 (V)",142.5 fps,"CoaXPress (CXP-6, 1 lane)",CoaXPress Standard Version 1.1.1,PoCXP,Less than 5.3 W,Lower limit: 0 deg. C (Environmental temperature) Upper limit: +40 deg. C (Environmental temperature),Lower limit: -30 deg. C (Environmental temperature) Upper limit: +65 deg. C (Environmental temperature),ams OSRAM CMV4000,Global Shutter,"1""",5.5 (H) x 5.5 (V) µm,40 (W) x 40 (H) x 41.4 (D) mm,Approximately 124 g,C Mount,No optical filter,DIN1.0/2.3 (75 ohm Jack) x 1,HR10A-7R-6PB (Hirose) or equivalent x 1,Full scanning / ROI,Edge preset trigger / Pulse width trigger / CXP_Packet trigger / Burst trigger / Free-run,BayerGB8,14 µseconds to 16 seconds,x1 / x1.2 / x1.4 / x1.6,x1 to x5,,,,Vertical flip / Horizontal flip / Vertical and horizontal flip / Off,Up to 64 pixels,Support (Eight settings),Manual white balance,,,,,,
Sentech,stc-cmb401cxp-nir,CoaXPress Area camera,STC-CMB401CXP-NIR,Area Camera,4MP,Monochrome NIR,"2,048 (H) x 2,048 (V)",142.5 fps,"CoaXPress (CXP-6, 1 lane)",CoaXPress Standard Version 1.1.1,PoCXP,Less than 5.3 W,Lower limit: 0 deg. C (Environmental temperature) Upper limit: +40 deg. C (Environmental temperature),Lower limit: -30 deg. C (Environmental temperature) Upper limit: +65 deg. C (Environmental temperature),ams OSRAM CMV4000,Global Shutter,"1""",5.5 (H) x 5.5 (V) µm,40 (W) x 40 (H) x 41.4 (D) mm,Approximately 124 g,C Mount,No optical filter,DIN1.0/2.3 (75 ohm Jack) x 1,HR10A-7R-6PB (Hirose) or equivalent x 1,Full scanning / ROI,Edge preset trigger / Pulse width trigger / CXP_Packet trigger / Burst trigger / Free-run,Mono8,14 µseconds to 16 seconds,x1 / x1.2 / x1.4 / x1.6,x1 to x5,,,,Vertical flip / Horizontal flip / Vertical and horizontal flip / Off,Up to 64 pixels,Support (Eight settings),,,,,,,
Sentech,stc-mbs502cxp6,CoaXPress Area camera,STC-MBS502CXP6,Area Camera,5MP,Monochrome,"2,448 (H) x 2,048 (V)",103.0 fps,"CoaXPress (CXP-6, 1 lane)",CoaXPress Standard Version 1.1.1,PoCXP,Less than 3.8 W,Lower limit: 0 deg. C (Environmental temperature) Upper limit: +41 deg. C (Environmental temperature),Lower limit: -20 deg. C (Environmental temperature) Upper limit: +75 deg. C (Environmental temperature),SONY IMX547,Global Shutter,"1/1.8""",2.74 (H) x 2.74 (V) µm,28 (W) x 28 (H) x 40 (D) mm,Approximately 53 g,C Mount,No optical filter,BNC (75 ohm) x 1,HR10A-7R-6PB (Hirose) or equivalent x 1,Full scanning / ROI,Edge preset trigger / Pulse width trigger / CXP_Packet trigger / Burst trigger / Free-run,Mono8 / Mono10 / Mono12,1 µs to 16.777 seconds,0 to 18 dB,x1 to x7,0.10 to 4.00,x2 horizontal and vertical simultaneously / Off,x2 horizontal and vertical simultaneously / Off,Vertical flip / Horizontal flip / Vertical and horizontal flip / Off,"Up to 1,024 pixels",Support (Eight settings),,,,,,,
Sentech,stc-mcs502cxp6,CoaXPress Area camera,STC-MCS502CXP6,Area Camera,5MP,Color,"2,448 (H) x 2,048 (V)",103.0 fps,"CoaXPress (CXP-6, 1 lane)",CoaXPress Standard Version 1.1.1,PoCXP,Less than 3.8 W,Lower limit: 0 deg. C (Environmental temperature) Upper limit: +41 deg. C (Environmental temperature),Lower limit: -20 deg. C (Environmental temperature) Upper limit: +75 deg. C (Environmental temperature),SONY IMX547,Global Shutter,"1/1.8""",2.74 (H) x 2.74 (V) µm,28 (W) x 28 (H) x 40 (D) mm,Approximately 53 g,C Mount,No optical filter,BNC (75 ohm) x 1,HR10A-7R-6PB (Hirose) or equivalent x 1,Full scanning / ROI,Edge preset trigger / Pulse width trigger / CXP_Packet trigger / Burst trigger / Free-run,BayerRG8 / BayerRG10 / BayerRG12,1 µs to 16.777 seconds,0 to 18 dB,x1 to x7,0.10 to 4.00,,x2 horizontal and vertical simultaneously / Off,Vertical flip / Horizontal flip / Vertical and horizontal flip / Off,"Up to 1,024 pixels",Support (Eight settings),Auto / Manual / Push to set white balance,,Auto white balance,,,,
Sentech,stc-mbs510cxp6,CoaXPress Area camera,STC-MBS510CXP6,Area Camera,5MP,Monochrome,"2,448 (H) x 2,048 (V)",98.0 fps,"CoaXPress (CXP-6, 1 lane)",CoaXPress Standard Version 1.1.1,PoCXP,Less than 3.6 W,Lower limit: 0 deg. C (Environmental temperature) Upper limit: +40 deg. C (Environmental temperature),Lower limit: -20 deg. C (Environmental temperature) Upper limit: +75 deg. C (Environmental temperature),SONY IMX250,Global Shutter,"2/3""",3.45 (H) x 3.45 (V) µm,28 (W) x 28 (H) x 40 (D) mm,Approximately 52 g,C Mount,No optical filter,BNC (75 ohm) x 1,HR10A-7R-6PB (Hirose) or equivalent x 1,Full scanning / ROI,Edge preset trigger / Pulse width trigger / CXP_Packet trigger / Burst trigger / Free-run,Mono8 / Mono10 / Mono12,1 µs to 16.777 seconds,0 to 42 dB (Image sensor gain including digital),x1 to x7,,x2 horizontal and vertical simultaneously / Off,x2 horizontal and vertical simultaneously / Off,Vertical flip / Horizontal flip / Vertical and horizontal flip / Off,Up to 512 pixels,Support (Eight settings),,,,,,,
Sentech,stc-mcs510cxp6,CoaXPress Area camera,STC-MCS510CXP6,Area Camera,5MP,Color,"2,448 (H) x 2,048 (V)",98.0fps,"CoaXPress (CXP-6, 1 lane)",CoaXPress Standard Version 1.1.1,PoCXP,Less than 3.6 W,Lower limit: 0 deg. C (Environmental temperature) Upper limit: +40 deg. C (Environmental temperature),Lower limit: -20 deg. C (Environmental temperature) Upper limit: +75 deg. C (Environmental temperature),SONY IMX250,Global Shutter,"2/3""",3.45 (H) x 3.45 (V) µm,28 (W) x 28 (H) x 40 (D) mm,Approximately 52 g,C Mount,No optical filter,BNC (75 ohm) x 1,HR10A-7R-6PB (Hirose) or equivalent x 1,Full scanning / ROI,Edge preset trigger / Pulse width trigger / CXP_Packet trigger / Burst trigger / Free-run,BayerRG8 / BayerRG10 / BayerRG12,1 µs to 16.777 seconds,0 to 42 dB (Image sensor gain including digital),x1 to x7,,,x2 horizontal and vertical simultaneously / Off,Vertical flip / Horizontal flip / Vertical and horizontal flip / Off,Up to 512 pixels,Support (Eight settings),Auto / Manual / Push to set white balance,,Auto white balance,,,,
Sentech,stc-sbs510cxp62,CoaXPress Area camera,STC-SBS510CXP62,Area Camera,5MP,Monochrome,"2,448 (H) x 2,048 (V)",162.0 fps,"CoaXPress (CXP-6, 2 lane)",CoaXPress Standard Version 1.1.1,PoCXP External power (+18.5 to +26 Vdc),Less than 4.3 W,Lower limit: 0 deg. C (Environmental temperature) Upper limit: +45 deg. C (Environmental temperature),Lower limit: -20 deg. C (Environmental temperature) Upper limit: +75 deg. C (Environmental temperature),SONY IMX250,Global Shutter,"2/3""",3.45 (H) x 3.45 (V) µm,40 (W) x 40 (H) x 45.5 (D) mm,Approximately 120 g,C Mount,No optical filter,Micro BNC (75 ohm) x 2,HR10A-7R-6PB (Hirose) or equivalent x 1,Full scanning / ROI,Edge preset trigger / Pulse width trigger / CXP_Packet trigger / Burst trigger / Free-run,Mono8 / Mono10 / Mono12,1 µs to 16.777 seconds,0 to 18 dB,x1 to x7,,x2 horizontal and vertical simultaneously / Off,x2 horizontal and vertical simultaneously / Off,Vertical flip / Horizontal flip / Vertical and horizontal flip / Off,Up to 512 pixels,Support (Eight settings),,Support,,,,,
Sentech,stc-scs510cxp62,CoaXPress Area camera,STC-SCS510CXP62,Area Camera,5MP,Color,"2,448 (H) x 2,048 (V)",162.0 fps,"CoaXPress (CXP-6, 2 lane)",CoaXPress Standard Version 1.1.1,PoCXP External power (+18.5 to +26 Vdc),Less than 4.3 W,Lower limit: 0 deg. C (Environmental temperature) Upper limit: +45 deg. C (Environmental temperature),Lower limit: -20 deg. C (Environmental temperature) Upper limit: +75 deg. C (Environmental temperature),SONY IMX250,Global Shutter,"2/3""",3.45 (H) x 3.45 (V) µm,40 (W) x 40 (H) x 45.5 (D) mm,Approximately 120 g,C Mount,No optical filter,Micro BNC (75 ohm) x 2,HR10A-7R-6PB (Hirose) or equivalent x 1,Full scanning / ROI,Edge preset trigger / Pulse width trigger / CXP_Packet trigger / Burst trigger / Free-run,BayerRG8 / BayerRG10 / BayerRG12,1 µs to 16.777 seconds,0 to 18 dB,x1 to x7,,,x2 horizontal and vertical simultaneously / Off,Vertical flip / Horizontal flip / Vertical and horizontal flip / Off,Up to 512 pixels,Support (Eight settings),Auto / Manual / Push to set white balance,Support,Auto white balance,,,,
Sentech,stc-mbs800cxp6,CoaXPress Area camera,STC-MBS800CXP6,Area Camera,8MP,Monochrome,"2,840 (H) x 2,840 (V)",66.0 fps,"CoaXPress (CXP-6, 1 lane)",CoaXPress Standard Version 1.1.1,PoCXP,Less than 3.5 W,Lower limit: 0 deg. C (Environmental temperature) Upper limit: +41 deg. C (Environmental temperature),Lower limit: -25 deg. C (Environmental temperature) Upper limit: +75 deg. C (Environmental temperature),SONY IMX546,Global Shutter,"2/3""",2.74 (H) x 2.74 (V) µm,28 (W) x 28 (H) x 40 (D) mm,Approximately 53 g,C Mount,No optical filter,BNC (75 ohm) x 1,HR10A-7R-6PB (Hirose) or equivalent x 1,Full scanning / ROI,Edge preset trigger / Pulse width trigger / CXP_Packet trigger / Burst trigger / Free-run,Mono8 / Mono10 / Mono12,1 µs to 16.777 seconds,0 to 18 dB,x1 to x7,0.10 to 4.00,x2 horizontal and vertical simultaneously / Off,x2 horizontal and vertical simultaneously / Off,Vertical flip / Horizontal flip / Vertical and horizontal flip / Off,"Up to 1,536 pixels",Support (Eight settings),,Support,,,,,
Sentech,stc-mcs800cxp6,CoaXPress Area camera,STC-MCS800CXP6,Area Camera,8MP,Color,"2,840 (H) x 2,840 (V)",66.0 fps,"CoaXPress (CXP-6, 1 lane)",CoaXPress Standard Version 1.1.1,PoCXP,Less than 3.5 W,Lower limit: 0 deg. C (Environmental temperature) Upper limit: +41 deg. C (Environmental temperature),Lower limit: -25 deg. C (Environmental temperature) Upper limit: +75 deg. C (Environmental temperature),SONY IMX546,Global Shutter,"2/3""",2.74 (H) x 2.74 (V) µm,28 (W) x 28 (H) x 40 (D) mm,Approximately 53 g,C Mount,No optical filter,BNC (75 ohm) x 1,HR10A-7R-6PB (Hirose) or equivalent x 1,Full scanning / ROI,Edge preset trigger / Pulse width trigger / CXP_Packet trigger / Burst trigger / Free-run,BayerRG8 / BayerRG10 / BayerRG12,1 µs to 16.777 seconds,0 to 18 dB,x1 to x7,0.10 to 4.00,,x2 horizontal and vertical simultaneously / Off,Vertical flip / Horizontal flip / Vertical and horizontal flip / Off,"Up to 1,536 pixels",Support (Eight settings),Auto / Manual / Push to set white balance,Support,Auto white balance,,,,
Sentech,stc-cmb120acxp,CoaXPress Area camera,STC-CMB120ACXP,Area Camera,12MP,Monochrome,"4,096 (H) x 3,072 (V)",186.9 fps,"CoaXPress (CXP-6, 4 lane)",CoaXPress Standard Version 1.1,PoCXP External power (+18.5 to +26 Vdc),Less than 10 W,Lower limit: 0 deg. C (Environmental temperature) Upper limit: +40 deg. C (Environmental temperature),Lower limit: -30 deg. C (Environmental temperature) Upper limit: +65 deg. C (Environmental temperature),ams OSRAM CMV12000,Global Shutter,"1.76""",5.5 (H) x 5.5 (V) µm,68 (W) x 68 (H) x 40 (D) mm,Approximately 320 g,M42 Mount,No optical filter,DIN1.0/2.3 (75 ohm Jack) x 4,HR10A-7R-6PB (Hirose) or equivalent x 1,Full scanning / ROI,Edge preset trigger / Pulse width trigger / CXP_Packet trigger / Burst trigger / Free-run,Mono8,16 µseconds to 16.777 seconds,"x1, x2 and x3",x1 to x5,0.1 to 3.2,,,Vertical flip / Horizontal flip / Vertical and horizontal flip / Off,Up to 600 pixel,Support (Eight settings),,,,,,,
Sentech,stc-cmc120acxp,CoaXPress Area camera,STC-CMC120ACXP,Area Camera,12MP,Color,"4,096 (H) x 3,072 (V)",186.9 fps,"CoaXPress (CXP-6, 4 lane)",CoaXPress Standard Version 1.1,PoCXP External power (+18.5 to +26 Vdc),Less than 10 W,Lower limit: 0 deg. C (Environmental temperature) Upper limit: +40 deg. C (Environmental temperature),Lower limit: -30 deg. C (Environmental temperature) Upper limit: +65 deg. C (Environmental temperature),ams OSRAM CMV12000,Global Shutter,"1.76""",5.5 (H) x 5.5 (V) µm,68 (W) x 68 (H) x 40 (D) mm,Approximately 320 g,M42 Mount,No optical filter,DIN1.0/2.3 (75 ohm Jack) x 4,HR10A-7R-6PB (Hirose) or equivalent x 1,Full scanning / ROI,Edge preset trigger / Pulse width trigger / CXP_Packet trigger / Burst trigger / Free-run,BayerGR8,16 µseconds to 16.777 seconds,"x1, x2 and x3",x1 to x5,1.0,,,Vertical flip / Horizontal flip / Vertical and horizontal flip / Off,Up to 600 pixel,Support (Eight settings),Manual white balance,,,,,,
Sentech,stc-cmb120acxp-t,CoaXPress Area camera,STC-CMB120ACXP-T,Area Camera,12MP,Monochrome,"4,096 (H) x 3,072 (V)",186.9 fps,"CoaXPress (CXP-6, 4 lane)",CoaXPress Standard Version 1.1,PoCXP External power (+18.5 to +26 Vdc),Less than 10 W,Lower limit: 0 deg. C (Environmental temperature) Upper limit: +40 deg. C (Environmental temperature),Lower limit: -30 deg. C (Environmental temperature) Upper limit: +65 deg. C (Environmental temperature),ams OSRAM CMV12000,Global Shutter,"1.76""",5.5 (H) x 5.5 (V) µm,68 (W) x 68 (H) x 46 (D) mm,Approximately 320 g,M42 Mount,No optical filter,DIN1.0/2.3 (75 ohm Jack) x 4,HR10A-7R-6PB (Hirose) or equivalent x 1,Full scanning / ROI,Edge preset trigger / Pulse width trigger / CXP_Packet trigger / Burst trigger / Free-run,Mono8,16 µseconds to 16.777 seconds,"x1, x2 and x3",x1 to x5,0.1 to 3.2,,,Vertical flip / Horizontal flip / Vertical and horizontal flip / Off,Up to 600 pixel,Support (Eight settings),,,,,,,
Sentech,stc-cmc120acxp-t,CoaXPress Area camera,STC-CMC120ACXP-T,Area Camera,12MP,Color,"4,096 (H) x 3,072 (V)",186.9 fps,"CoaXPress (CXP-6, 4 lane)",CoaXPress Standard Version 1.1,PoCXP External power (+18.5 to +26 Vdc),Less than 10 W,Lower limit: 0 deg. C (Environmental temperature) Upper limit: +40 deg. C (Environmental temperature),Lower limit: -30 deg. C (Environmental temperature) Upper limit: +65 deg. C (Environmental temperature),ams OSRAM CMV12000,Global Shutter,"1.76""",5.5 (H) x 5.5 (V) µm,68 (W) x 68 (H) x 46 (D) mm,Approximately 320 g,M42 Mount,No optical filter,DIN1.0/2.3 (75 ohm Jack) x 4,HR10A-7R-6PB (Hirose) or equivalent x 1,Full scanning / ROI,Edge preset trigger / Pulse width trigger / CXP_Packet trigger / Burst trigger / Free-run,BayerGR8,16 µseconds to 16.777 seconds,"x1, x2 and x3",x1 to x5,1.0,,,Vertical flip / Horizontal flip / Vertical and horizontal flip / Off,Up to 600 pixel,Support (Eight settings),Manual white balance,,,,,,
Sentech,stc-cmc120acxp-f,CoaXPress Area camera,STC-CMC120ACXP-F,Area Camera,12MP,Color,"4,096 (H) x 3,072 (V)",186.9 fps,"CoaXPress (CXP-6, 4 lane)",CoaXPress Standard Version 1.1,PoCXP External power (+18.5 to +26 Vdc),Less than 10 W,Lower limit: 0 deg. C (Environmental temperature) Upper limit: +40 deg. C (Environmental temperature),Lower limit: -30 deg. C (Environmental temperature) Upper limit: +65 deg. C (Environmental temperature),ams OSRAM CMV12000,Global Shutter,"1.76""",5.5 (H) x 5.5 (V) µm,68 (W) x 68 (H) x 76.5 (D) mm,Approximately 395 g,F Mount,No optical filter,DIN1.0/2.3 (75 ohm Jack) x 4,HR10A-7R-6PB (Hirose) or equivalent x 1,Full scanning / ROI,Edge preset trigger / Pulse width trigger / CXP_Packet trigger / Burst trigger / Free-run,BayerGR8,16 µseconds to 16.777 seconds,"x1, x2 and x3",x1 to x5,1.0,,,Vertical flip / Horizontal flip / Vertical and horizontal flip / Off,Up to 600 pixel,Support (Eight settings),Manual white balance,,,,,,
Sentech,stc-cmb120acxp-f,CoaXPress Area camera,STC-CMB120ACXP-F,Area Camera,12MP,Monochrome,"4,096 (H) x 3,072 (V)",186.9 fps,"CoaXPress (CXP-6, 4 lane)",CoaXPress Standard Version 1.1,PoCXP External power (+18.5 to +26 Vdc),Less than 10 W,Lower limit: 0 deg. C (Environmental temperature) Upper limit: +40 deg. C (Environmental temperature),Lower limit: -30 deg. C (Environmental temperature) Upper limit: +65 deg. C (Environmental temperature),ams OSRAM CMV12000,Global Shutter,"1.76""",5.5 (H) x 5.5 (V) µm,68 (W) x 68 (H) x 76.5 (D) mm,Approximately 395 g,F Mount,No optical filter,DIN1.0/2.3 (75 ohm Jack) x 4,HR10A-7R-6PB (Hirose) or equivalent x 1,Full scanning / ROI,Edge preset trigger / Pulse width trigger / CXP_Packet trigger / Burst trigger / Free-run,Mono8,16 µseconds to 16.777 seconds,"x1, x2 and x3",x1 to x5,0.1 to 3.2,,,Vertical flip / Horizontal flip / Vertical and horizontal flip / Off,Up to 600 pixel,Support (Eight settings),,,,,,,
Sentech,stc-cmb120acxp-t-f,CoaXPress Area camera,STC-CMB120ACXP-T-F,Area Camera,12MP,Monochrome,"4,096 (H) x 3,072 (V)",186.9 fps,"CoaXPress (CXP-6, 4 lane)",CoaXPress Standard Version 1.1,PoCXP External power (+18.5 to +26 Vdc),Less than 10 W,Lower limit: 0 deg. C (Environmental temperature) Upper limit: +40 deg. C (Environmental temperature),Lower limit: -30 deg. C (Environmental temperature) Upper limit: +65 deg. C (Environmental temperature),ams OSRAM CMV12000,Global Shutter,"1.76""",5.5 (H) x 5.5 (V) µm,68 (W) x 68 (H) x 82.5 (D) mm,Approximately 395 g,F Mount,No optical filter,DIN1.0/2.3 (75 ohm Jack) x 4,HR10A-7R-6PB (Hirose) or equivalent x 1,Full scanning / ROI,Edge preset trigger / Pulse width trigger / CXP_Packet trigger / Burst trigger / Free-run,Mono8,16 µseconds to 16.777 seconds,"x1, x2 and x3",x1 to x5,0.1 to 3.2,,,Vertical flip / Horizontal flip / Vertical and horizontal flip / Off,Up to 600 pixel,Support (Eight settings),,,,,,,
Sentech,stc-cmc120acxp-t-f,CoaXPress Area camera,STC-CMC120ACXP-T-F,Area Camera,12MP,Color,"4,096 (H) x 3,072 (V)",186.9 fps,"CoaXPress (CXP-6, 4 lane)",CoaXPress Standard Version 1.1,PoCXP External power (+18.5 to +26 Vdc),Less than 10 W,Lower limit: 0 deg. C (Environmental temperature) Upper limit: +40 deg. C (Environmental temperature),Lower limit: -30 deg. C (Environmental temperature) Upper limit: +65 deg. C (Environmental temperature),ams OSRAM CMV12000,Global Shutter,"1.76""",5.5 (H) x 5.5 (V) µm,68 (W) x 68 (H) x 82.5 (D) mm,Approximately 395 g,F Mount,No optical filter,DIN1.0/2.3 (75 ohm Jack) x 4,HR10A-7R-6PB (Hirose) or equivalent x 1,Full scanning / ROI,Edge preset trigger / Pulse width trigger / CXP_Packet trigger / Burst trigger / Free-run,BayerGR8,16 µseconds to 16.777 seconds,"x1, x2 and x3",x1 to x5,1.0,,,Vertical flip / Horizontal flip / Vertical and horizontal flip / Off,Up to 600 pixel,Support (Eight settings),Manual white balance,,,,,,
Sentech,stc-sbs123bcxp62,CoaXPress Area camera,STC-SBS123BCXP62,Area Camera,12MP,Monochrome,"4,096 (H) x 3,000 (V)",67.0 fps,"CoaXPress (CXP-6, 2 lane)",CoaXPress Standard Version 1.1.1,PoCXP External power (+18.5 to +26 Vdc),Less than 4.7 W,Lower limit: 0 deg. C (Environmental temperature) Upper limit: +45 deg. C (Environmental temperature),Upper limit: -20 deg. C(Environmental temperature) Lower limit: +75 deg. C (Environmental temperature),SONY IMX253,Global Shutter,"1.1""",3.45 (H) x 3.45 (V) µm,40 (W) x 40 (H) x 45.5 (D) mm,Approximately 120 g,C Mount,No optical filter,Micro BNC (75 ohm) x 2,HR10A-7R-6PB (Hirose) or equivalent x 1,Full scanning / ROI,Edge preset trigger / Pulse width trigger / CXP_Packet trigger / Burst trigger / Free-run,Mono8 / Mono10 / Mono12,1 µs to 16.777 seconds,0 to 18 dB,x1 to x7,,x2 horizontal and vertical simultaneously / Off,x2 horizontal and vertical simultaneously / Off,Vertical flip / Horizontal flip / Vertical and horizontal flip / Off,"Up to 1,280 pixels",Support (Eight settings),,Support,,,,,
Sentech,stc-scs123bcxp62,CoaXPress Area camera,STC-SCS123BCXP62,Area Camera,12MP,Color,"4,096 (H) x 3,000 (V)",67.0 fps,"CoaXPress (CXP-6, 2 lane)",CoaXPress Standard Version 1.1.1,PoCXP External power (+18.5 to +26 Vdc),Less than 4.7 W,Lower limit: 0 deg. C (Environmental temperature) Upper limit: +45 deg. C (Environmental temperature),Upper limit: -20 deg. C(Environmental temperature) Lower limit: +75 deg. C (Environmental temperature),SONY IMX253,Global Shutter,"1.1""",3.45 (H) x 3.45 (V) µm,40 (W) x 40 (H) x 45.5 (D) mm,Approximately 120 g,C Mount,No optical filter,Micro BNC (75 ohm) x 2,HR10A-7R-6PB (Hirose) or equivalent x 1,Full scanning / ROI,Edge preset trigger / Pulse width trigger / CXP_Packet trigger / Burst trigger / Free-run,BayerRG8 / BayerRG10 / BayerRG12,1 µs to 16.777 seconds,0 to 18 dB,x1 to x7,,,x2 horizontal and vertical simultaneously / Off,Vertical flip / Horizontal flip / Vertical and horizontal flip / Off,"Up to 1,280 pixels",Support (Eight settings),Auto / Manual / Push to set white balance,Support,Auto white balance,,,,
Sentech,stc-mbs1221cxp6,CoaXPress Area camera,STC-MBS1221CXP6,Area Camera,12MP,Monochrome,"4,096 (H) x 3,000 (V)",44.0 fps,"CoaXPress (CXP-6, 1 lane)",CoaXPress Standard Version 1.1.1,PoCXP,Less than 3.9 W,Lower limit: 0 deg. C (Environmental temperature) Upper limit: +41 deg. C (Environmental temperature),Lower limit: -25 deg. C (Environmental temperature) Upper limit: +75 deg. C (Environmental temperature),SONY IMX545,Global Shutter,"1/1.1""",2.74 (H) x 2.74 (V) µm,28 (W) x 28 (H) x 40 (D) mm,Approximately 53 g,C Mount,No optical filter,BNC (75 ohm) x 1,HR10A-7R-6PB (Hirose) or equivalent x 1,Full scanning / ROI,Edge preset trigger / Pulse width trigger / CXP_Packet trigger / Burst trigger / Free-run,Mono8 / Mono10 / Mono12,1 µs to 16.777 seconds,0 to 18 dB,x1 to x7,0.10 to 4.00,x2 horizontal and vertical simultaneously / Off,x2 horizontal and vertical simultaneously / Off,Vertical flip / Horizontal flip / Vertical and horizontal flip / Off,"Up to 2,304 pixels",Support (Eight settings),,Support,,,,,
Sentech,stc-mcs1221cxp6,CoaXPress Area camera,STC-MCS1221CXP6,Area Camera,12MP,Color,"4,096 (H) x 3,000 (V)",44.0 fps,"CoaXPress (CXP-6, 1 lane)",CoaXPress Standard Version 1.1.1,PoCXP,Less than 3.9 W,Lower limit: 0 deg. C (Environmental temperature) Upper limit: +41 deg. C (Environmental temperature),Lower limit: -25 deg. C (Environmental temperature) Upper limit: +75 deg. C (Environmental temperature),SONY IMX545,Global Shutter,"1/1.1""",2.74 (H) x 2.74 (V) µm,28 (W) x 28 (H) x 40 (D) mm,Approximately 53 g,C Mount,No optical filter,BNC (75 Ω) x 1 個,HR10A-7R-6PB (Hirose) or equivalent x 1,Full scanning / ROI,Edge preset trigger / Pulse width trigger / CXP_Packet trigger / Burst trigger / Free-run,BayerRG8 / BayerRG10 / BayerRG12,1 µs to 16.777 seconds,0 to 18 dB,x1 to x7,0.10 to 4.00,,x2 horizontal and vertical simultaneously / Off,Vertical flip / Horizontal flip / Vertical and horizontal flip/ Off,"Up to 2,304 pixels",Support (Eight settings),Auto / Manual / Push to set white balance,Support,Auto white balance,,,,
Sentech,stc-mbs502cxp121,CoaXPress Area camera,STC-MBS502CXP121,Area Camera,5MP,Monochrome,"2,448 (H) x 2,048 (V)",123.9 fps,"CoaXPress (CXP-12, 1 lane)",CoaXPress Standard Version 2.0,PoCXP External power (+18.5 to +26 Vdc),3.2 W or less,Lower limit: 0 deg. C (Environmental temperature) Upper limit: +56 deg. C (Environmental temperature),Lower limit: -25 deg. C (Environmental temperature) Upper limit: +75 deg. C (Environmental temperature),SONY IMX547,Global Shutter,"1/1.8""",2.74 (H) x 2.74 (V) µm,29 (W) x 29 (H) x 40 (D) mm,Approximately 54 g,C Mount,No optical filter,Micro BNC (75 ohm) x 1,HR10A-7R-6PB (Hirose) or equivalent x 1,Full scanning / ROI,Edge preset trigger / Pulse width trigger / CXP_Packet trigger / Burst trigger / Free-run,Mono8 / Mono10 / Mono12,1 µs to 16.777 seconds,0 to 18 dB,x1 to x7,0.10 to 4.00,x2 horizontal and vertical simultaneously / Off,x2 horizontal and vertical simultaneously / Off,Vertical flip / Horizontal flip / Vertical and horizontal flip/ Off,"Up to 1,024 pixels",Support (Eight settings),,,,,,,
Sentech,stc-mcs502cxp121,CoaXPress Area camera,STC-MCS502CXP121,Area Camera,5MP,Color,"2,448 (H) x 2,048 (V)",123.9 fps,"CoaXPress (CXP-12, 1 lane)",CoaXPress Standard Version 2.0,PoCXP External power (+18.5 to +26 Vdc),3.2 W or less,Lower limit: 0 deg. C (Environmental temperature) Upper limit: +56 deg. C(Environmental temperature),Lower limit: -25 deg. C (Environmental temperature) Upper limit: +75 deg. C (Environmental temperature),SONY IMX547,Global Shutter,"1/1.8""",2.74 (H) x 2.74 (V) µm,29 (W) x 29 (H) x 40 (D) mm,Approximately 54 g,C Mount,No optical filter,Micro BNC (75 ohm) x 1,HR10A-7R-6PB (Hirose) or equivalent x 1,Full scanning / ROI,Edge preset trigger / Pulse width trigger / CXP_Packet trigger / Burst trigger / Free-run,BayerRG8 / BayerRG10 / BayerRG12,1 µs to 16.777 seconds,0 to 18 dB,x1 to x7,0.10 to 4.00,,x2 horizontal and vertical simultaneously / Off,Vertical flip / Horizontal flip / Vertical and horizontal flip/ Off,"Up to 1,024 pixels",Support (Eight settings),Auto / Manual / Push to set white balance,,Auto white balance,,,,
Sentech,stc-mbs512cxp121,CoaXPress Area camera,STC-MBS512CXP121,Area Camera,5MP,Monochrome,"2,448 (H) x 2,048 (V)",198.5 fps,"CoaXPress (CXP-12, 1 lane)",CoaXPress Standard Version 2.0,PoCXP External power (+18.5 to +26 Vdc),Less than 3.8 W,Lower limit: 0 deg. C (Environmental temperature) Upper limit: +45 deg. C (Environmental temperature),Lower limit: -25 deg. C (Environmental temperature) Upper limit: +75 deg. C (Environmental temperature),SONY IMX537,Global Shutter,"1/1.8""",2.74 (H) x 2.74 (V) µm,29 (W) x 29 (H) x 40 (D) mm,Approximately 54 g,C Mount,No optical filter,Micro BNC (75 ohm) x 1,HR10A-7R-6PB (Hirose) or equivalent x 1,Full scanning / ROI,Edge preset trigger / Pulse width trigger / CXP_Packet trigger / Burst trigger / Free-run,Mono8 / Mono10 / Mono12,1 µs to 16.777 seconds,0 to 42 dB (Image sensor gain including digital),x1 to x7,0.10 to 4.00,x2 horizontal and vertical simultaneously / Off,x2 horizontal and vertical simultaneously / Off,Vertical flip / Horizontal flip / Vertical and horizontal flip/ Off,"Up to 1,024 pixels",Support (Eight settings),,,,,,,
Sentech,stc-mcs512cxp121,CoaXPress Area camera,STC-MCS512CXP121,Area Camera,5MP,Color,"2,448 (H) x 2,048 (V)",198.5 fps,"CoaXPress (CXP-12, 1 lane)",CoaXPress Standard Version 2.0,PoCXP External power (+18.5 to +26 Vdc),Less than 3.8 W,Lower limit: 0 deg. C (Environmental temperature) Upper limit: +45 deg. C (Environmental temperature),Lower limit: -25 deg. C (Environmental temperature) Upper limit: +75 deg. C (Environmental temperature),SONY IMX537,Global Shutter,"1/1.8""",2.74 (H) x 2.74 (V) µm,29 (W) x 29 (H) x 40 (D) mm,Approximately 54 g,C Mount,No optical filter,Micro BNC (75 ohm) x 1,HR10A-7R-6PB (Hirose) or equivalent x 1,Full scanning / ROI,Edge preset trigger / Pulse width trigger / CXP_Packet trigger / Burst trigger / Free-run,BayerRG8 / BayerRG10 / BayerRG12,1 µs to 16.777 seconds,0 to 42 dB (Image sensor gain including digital),x1 to x7,0.10 to 4.00,,x2 horizontal and vertical simultaneously / Off,Vertical flip / Horizontal flip / Vertical and horizontal flip/ Off,"Up to 1,024 pixels",Support (Eight settings),Auto / Manual / Push to set white balance,,Auto white balance,,,,
Sentech,stc-mbs510cxp121,CoaXPress Area camera,STC-MBS510CXP121,Area Camera,5MP,Monochrome,"2,448 (H) x 2,048 (V)",164.0 fps,"CoaXPress (CXP-12, 1 lane)",CoaXPress Standard Version 2.0,PoCXP External power (+18.5 to +26 Vdc),Less than 3.6 W,Lower limit: 0 deg. C (Environmental temperature) Upper limit: +42 deg. C (Environmental temperature),Lower limit: -25 deg. C (Environmental temperature) Upper limit: +75 deg. C (Environmental temperature),SONY IMX250,Global Shutter,"2/3""",3.45 (H) x 3.45 (V) µm,29 (W) x 29 (H) x 40 (D) mm,Approximately 54 g,C Mount,No optical filter,Micro BNC (75 ohm) x 1,HR10A-7R-6PB (Hirose) or equivalent x 1,Full scanning / ROI,Edge preset trigger / Pulse width trigger / CXP_Packet trigger / Burst trigger / Free-run,Mono8 / Mono10 / Mono12,1 µs to 16.777 seconds,0 to 42 dB (Image sensor gain including digital),x1 to x7,0.10 to 4.00,x2 horizontal and vertical simultaneously / Off,x2 horizontal and vertical simultaneously / Off,Vertical flip / Horizontal flip / Vertical and horizontal flip/ Off,Up to 512 pixels,Support (Eight settings),,,,,,,
Sentech,stc-mcs510cxp121,CoaXPress Area camera,STC-MCS510CXP121,Area Camera,5MP,Color,"2,448 (H) x 2,048 (V)",164.0 fps,"CoaXPress (CXP-12, 1 lane)",CoaXPress Standard Version 2.0,PoCXP External power (+18.5 to +26 Vdc),Less than 3.6 W,Lower limit: 0 deg. C (Environmental temperature) Upper limit: +42 deg. C (Environmental temperature),Lower limit: -25 deg. C (Environmental temperature) Upper limit: +75 deg. C (Environmental temperature),SONY IMX250,Global Shutter,"2/3""",3.45 (H) x 3.45 (V) µm,29 (W) x 29 (H) x 40 (D) mm,Approximately 54 g,C Mount,No optical filter,Micro BNC (75 ohm) x 1,HR10A-7R-6PB (Hirose) or equivalent x 1,Full scanning / ROI,Edge preset trigger / Pulse width trigger / CXP_Packet trigger / Burst trigger / Free-run,BayerRG8 / BayerRG10 / BayerRG12,1 µs to 16.777 seconds,0 to 42 dB (Image sensor gain including digital),x1 to x7,0.10 to 4.00,,x2 horizontal and vertical simultaneously / Off,Vertical flip / Horizontal flip / Vertical and horizontal flip/ Off,Up to 512 pixels,Support (Eight settings),Auto / Manual / Push to set white balance,,Auto white balance,,,,
Sentech,stc-mbs800cxp121,CoaXPress Area camera,STC-MBS800CXP121,Area Camera,8MP,Monochrome,"2,840 (H) x 2,840 (V)",91.0 fps,"CoaXPress (CXP-12, 1 lane)",CoaXPress Standard Version 2.0,PoCXP External power (+18.5 to +26 Vdc),Less than 3.5 W,Lower limit: 0 deg. C (Environmental temperature) Upper limit: +56 deg. C (Environmental temperature),Lower limit: -25 deg. C (Environmental temperature) Upper limit: +75 deg. C (Environmental temperature),SONY IMX546,Global Shutter,"2/3""",2.74 (H) x 2.74 (V) µm,29 (W) x 29 (H) x 40 (D) mm,Approximately 54 g,C Mount,No optical filter,Micro BNC (75 ohm) x 1,HR10A-7R-6PB (Hirose) or equivalent x 1,Full scanning / ROI,Edge preset trigger / Pulse width trigger / CXP_Packet trigger / Burst trigger / Free-run,Mono8 / Mono10 / Mono12,1 µs to 16.777 seconds,0 to 18 dB,x1 to x7,0.10 to 4.00,x2 horizontal and vertical simultaneously / Off,x2 horizontal and vertical simultaneously / Off,Vertical flip / Horizontal flip / Vertical and horizontal flip/ Off,"Up to 1,536 pixels",Support (Eight settings),,Support,,,,,
Sentech,stc-mcs800cxp121,CoaXPress Area camera,STC-MCS800CXP121,Area Camera,8MP,Color,"2,840 (H) x 2,840 (V)",91.0 fps,"CoaXPress (CXP-12, 1 lane)",CoaXPress Standard Version 2.0,PoCXP External power (+18.5 to +26 Vdc),Less than 3.5 W,Lower limit: 0 deg. C (Environmental temperature) Upper limit: +56 deg. C (Environmental temperature),Lower limit: -25 deg. C (Environmental temperature) Upper limit: +75 deg. C (Environmental temperature),SONY IMX546,Global Shutter,"2/3""",2.74 (H) x 2.74 (V) µm,29 (W) x 29 (H) x 40 (D) mm,Approximately 54 g,C Mount,No optical filter,Micro BNC (75 ohm) x 1,HR10A-7R-6PB (Hirose) or equivalent x 1,Full scanning / ROI,Edge preset trigger / Pulse width trigger / CXP_Packet trigger / Burst trigger / Free-run,BayerRG8 / BayerRG10 / BayerRG12,1 µs to 16.777 seconds,0 to 18 dB,x1 to x7,0.10 to 4.00,,x2 horizontal and vertical simultaneously / Off,Vertical flip / Horizontal flip / Vertical and horizontal flip/ Off,"Up to 1,536 pixels",Support (Eight settings),Auto / Manual / Push to set white balance,Support,Auto white balance,,,,
Sentech,stc-mbs1221cxp121,CoaXPress Area camera,STC-MBS1221CXP121,Area Camera,12MP,Monochrome,"4,096 (H) x 3,000 (V)",68.3 fps,"CoaXPress (CXP-12, 1 lane)",CoaXPress Standard Version 2.0,PoCXP External power (+18.5 to +26 Vdc),Less than 3.6 W,Lower limit: 0 deg. C (Environmental temperature) Upper limit: +40 deg. C (Environmental temperature),Lower limit: -25 deg. C (Environmental temperature) Upper limit: +75 deg. C (Environmental temperature),SONY IMX545,Global Shutter,"1/1.1""",2.74 (H) x 2.74 (V) µm,29 (W) x 29 (H) x 40 (D) mm,Approximately 54 g,C Mount,No optical filter,Micro BNC (75 ohm) x 1,HR10A-7R-6PB (Hirose) or equivalent x 1,Full scanning / ROI,Edge preset trigger / Pulse width trigger / CXP trigger packet / Free-run,Mono8 / Mono10 / Mono12,1 µsecond to 16.777 seconds,0 to 18 dB,x1 to x7,0.10 to 4.00,x2 horizontal and vertical simultaneously / Off,x2 horizontal and vertical simultaneously / Off,Vertical flip / Horizontal flip / Vertical and horizontal flip/ Off,"Up to 2,304 pixels",Support (Eight settings),,Support,,,,,
Sentech,stc-mcs1221cxp121,CoaXPress Area camera,STC-MCS1221CXP121,Area Camera,12MP,Color,"4,096 (H) x 3,000 (V)",68.3 fps,"CoaXPress (CXP-12, 1 lane)",CoaXPress Standard Version 2.0,PoCXP External power (+18.5 to +26 Vdc),Less than 3.6 W,Lower limit: 0 deg. C (Environmental temperature) Upper limit: +40 deg. C (Environmental temperature),Lower limit: -25 deg. C (Environmental temperature) Upper limit: +75 deg. C (Environmental temperature),SONY IMX545,Global Shutter,"1/1.1""",2.74 (H) x 2.74 (V) µm,29 (W) x 29 (H) x 40 (D) mm,Approximately 54 g,C Mount,No optical filter,Micro BNC (75 ohm) x 1,HR10A-7R-6PB (Hirose) or equivalent x 1,Full scanning / ROI,Edge preset trigger / Pulse width trigger / CXP_Packet trigger / Burst trigger / Free-run,BayerRG8 / BayerRG10 / BayerRG12,1 µs to 16.777 seconds,0 to 18 dB,x1 to x7,0.10 to 4.00,,x2 horizontal and vertical simultaneously / Off,Vertical flip / Horizontal flip / Vertical and horizontal flip/ Off,"Up to 2,304 pixels",Support (Eight settings),Auto / Manual / Push to set white balance,Support,Auto white balance,,,,
Sentech,stc-mbs1231cxp121,CoaXPress Area camera,STC-MBS1231CXP121,Area Camera,12MP,Monochrome,"4,096 (H) x 3,000 (V)",88.1 fps,"CoaXPress (CXP-12, 1 lane)",CoaXPress Standard Version 2.0,PoCXP External power (+18.5 to +26 Vdc),Less than 4.5 W,Lower limit: 0 deg. C (Environmental temperature) Upper limit: +45 deg. C (Environmental temperature),Lower limit: -25 deg. C (Environmental temperature) Upper limit: +75 deg. C (Environmental temperature),SONY IMX535,Global Shutter,"1/1.1""",2.74 (H) x 2.74 (V) µm,29 (W) x 29 (H) x 40 (D) mm,Approximately 54 g,C Mount,No optical filter,Micro BNC (75 ohm) x 1,HR10A-7R-6PB (Hirose) or equivalent x 1,Full scanning / ROI,Edge preset trigger / Pulse width trigger / CXP_Packet trigger / Burst trigger / Free-run,Mono8 / Mono10 / Mono12,1 µs to 16.777 seconds,0 to 42 dB (Image sensor gain including digital),x1 to x7,0.10 to 4.00,x2 horizontal and vertical simultaneously / Off,x2 horizontal and vertical simultaneously / Off,Vertical flip / Horizontal flip / Vertical and horizontal flip/ Off,"Up to 2,560 pixels",Support (Eight settings),,Support,,,,,
Sentech,stc-mcs1231cxp121,CoaXPress Area camera,STC-MCS1231CXP121,Area Camera,12MP,Color,"4,096 (H) x 3,000 (V)",88.1 fps,"CoaXPress (CXP-12, 1 lane)",CoaXPress Standard Version 2.0,PoCXP External power (+18.5 to +26 Vdc),Less than 4.5 W,Lower limit: 0 deg. C (Environmental temperature) Upper limit: +45 deg. C (Environmental temperature),Lower limit: -25 deg. C (Environmental temperature) Upper limit: +75 deg. C (Environmental temperature),SONY IMX535,Global Shutter,"1/1.1""",2.74 (H) x 2.74 (V) µm,29 (W) x 29 (H) x 40 (D) mm,Approximately 54 g,C Mount,No optical filter,Micro BNC (75 ohm) x 1,HR10A-7R-6PB (Hirose) or equivalent x 1,Full scanning / ROI,Edge preset trigger / Pulse width trigger / CXP_Packet trigger / Burst trigger / Free-run,BayerRG8 / BayerRG10 / BayerRG12,1 µs to 16.777 seconds,0 to 42 dB (Image sensor gain including digital),x1 to x7,0.10 to 4.00,,x2 horizontal and vertical simultaneously / Off,Vertical flip / Horizontal flip / Vertical and horizontal flip/ Off,"Up to 2,560 pixels",Support (Eight settings),Auto / Manual / Push to set white balance,Support,Auto white balance,,,,
Sentech,stc-mbs123bcxp121,CoaXPress Area camera,STC-MBS123BCXP121,Area Camera,12MP,Monochrome,"4,096 (H) x 3,000 (V)",68.0 fps,"CoaXPress (CXP-12, 1 lane)",CoaXPress Standard Version 2.0,PoCXP External power (+18.5 to +26 Vdc),Less than 4.0 W,Lower limit: 0 deg. C (Environmental temperature) Upper limit: +42 deg. C (Environmental temperature),Lower limit: -25 deg. C (Environmental temperature) Upper limit: +75 deg. C (Environmental temperature),SONY IMX253,Global Shutter,"1.1""",3.45 (H) x 3.45 (V) µm,29 (W) x 29 (H) x 40 (D) mm,Approximately 54 g,C Mount,No optical filter,Micro BNC (75 ohm) x 1,HR10A-7R-6PB (Hirose) or equivalent x 1,Full scanning / ROI,Edge preset trigger / Pulse width trigger / CXP_Packet trigger / Burst trigger / Free-run,Mono8 / Mono10 / Mono12,1 µs to 16.777 seconds,0 to 42 dB (Image sensor gain including digital),x1 to x7,,x2 horizontal and vertical simultaneously / Off,x2 horizontal and vertical simultaneously / Off,Vertical flip / Horizontal flip / Vertical and horizontal flip / Off,"Up to 1,280 pixels",Support (Eight settings),,Support,,,,,
Sentech,stc-mcs123bcxp121,CoaXPress Area camera,STC-MCS123BCXP121,Area Camera,12MP,Color,"4,096 (H) x 3,000 (V)",68.0 fps,"CoaXPress (CXP-12, 1 lane)",CoaXPress Standard Version 2.0,PoCXP External power (+18.5 to +26 Vdc),Less than 4.0 W,Lower limit: 0 deg. C (Environmental temperature) Upper limit: +42 deg. C (Environmental temperature),Lower limit: -25 deg. C (Environmental temperature) Upper limit: +75 deg. C (Environmental temperature),SONY IMX253,Global Shutter,"1.1""",3.45 (H) x 3.45 (V) µm,29 (W) x 29 (H) x 40 (D) mm,Approximately 54 g,C Mount,No optical filter,Micro BNC (75 ohm) x 1,HR10A-7R-6PB (Hirose) or equivalent x 1,Full scanning / ROI,Edge preset trigger / Pulse width trigger / CXP_Packet trigger / Burst trigger / Free-run,BayerRG8 / BayerRG10 / BayerRG12,1 µs to 16.777 seconds,0 to 42 dB (Image sensor gain including digital),x1 to x7,,,x2 horizontal and vertical simultaneously / Off,Vertical flip / Horizontal flip / Vertical and horizontal flip / Off,"Up to 1,280 pixels",Support (Eight settings),Auto / Manual / Push to set white balance,Support,Auto white balance,,,,
Sentech,stc-mbs161bcxp121,CoaXPress Area camera,STC-MBS161BCXP121,Area Camera,16MP,Monochrome,"5,320 (H) x 3,032 (V)",52.6 fps,CoaXPress (CXP-12 1 lane),CoaXPress Standard Version 2.0,PoCXP External power (+18.5 to +26 Vdc),Less than 3.6 W,Lower limit: 0 deg. C (Environmental temperature) Upper limit: +40 deg. C (Environmental temperature),Lower limit: -25 deg. C (Environmental temperature) Upper limit: +75 deg. C (Environmental temperature),SONY IMX542,Global Shutter,"1.1""",2.74 (H) x 2.74 (V) µm,29 (W) x 29 (H) x 40 (D) mm,Approximately 54 g,C Mount,No optical filter,Micro BNC (75 ohm) x 1,HR10A-7R-6PB (Hirose) or equivalent x 1,Full scanning / ROI,Edge preset trigger / Pulse width trigger / CXP_Packet trigger / Burst trigger / Free-run,Mono8 / Mono10 / Mono12,1 µs to 16.777 seconds,0 to 18 dB,x1 to x7,0.10 to 4.00,x2 horizontal and vertical simultaneously / Off,x2 horizontal and vertical simultaneously / Off,Vertical flip / Horizontal flip / Vertical and horizontal flip / Off,"Up to 3,072 pixels",Support (Eight settings),,Support,,,,,
Sentech,stc-mcs161bcxp121,CoaXPress Area camera,STC-MCS161BCXP121,Area Camera,16MP,Color,"5,320 (H) x 3,032 (V)",52.6 fps,CoaXPress (CXP-12 1 lane),CoaXPress Standard Version 2.0,PoCXP External power (+18.5 to +26 Vdc),Less than 3.6 W,Lower limit: 0 deg. C (Environmental temperature) Upper limit: +40 deg. C (Environmental temperature),Lower limit: -25 deg. C (Environmental temperature) Upper limit: +75 deg. C (Environmental temperature),SONY IMX542,Global Shutter,"1.1""",2.74 (H) x 2.74 (V) µm,29 (W) x 29 (H) x 40 (D) mm,Approximately 54 g,C Mount,No optical filter,Micro BNC (75 ohm) x 1,HR10A-7R-6PB (Hirose) or equivalent x 1,Full scanning / ROI,Edge preset trigger / Pulse width trigger / CXP_Packet trigger / Burst trigger / Free-run,BayerRG8 / BayerRG10 / BayerRG12,1 µs to 16.777 seconds,0 to 18 dB,x1 to x7,0.10 to 4.00,,x2 horizontal and vertical simultaneously / Off,Vertical flip / Horizontal flip / Vertical and horizontal flip / Off,"Up to 3,072 pixels",Support (Eight settings),Auto / Manual / Push to set white balance,Support,Auto white balance,,,,
Sentech,stc-lbs162bcxp124,CoaXPress Area camera,STC-LBS162BCXP124,Area Camera,16MP,Monochrome,"5,320 (H) x 3,032 (V)",158.0 fps,CoaXPress (CXP-12 4 lane),CoaXPress Standard Version 2.0,PoCXP External power (+18.5 to +26 Vdc),Less than 8.2 W,Lower limit: 0 deg. C (Environmental temperature) Upper limit: +40 deg. C (Environmental temperature),Lower limit: -25 deg. C (Environmental temperature) Upper limit: +75 deg. C (Environmental temperature),SONY IMX532,Global Shutter,"1.1""",2.74 (H) x 2.74 (V) µm,55 (W) x 55 (H) x 46.5 (D) mm,Approximately 220 g,C Mount,No optical filter,Micro BNC (75 ohm) x 4,HR10A-7R-6PB (Hirose) or equivalent x 1,Full scanning / ROI,Edge preset trigger / Pulse width trigger / CXP_Packet trigger / Burst trigger / Free-run,Mono8 / Mono10 / Mono12,1 µs to 16.777 seconds,0 to 18 dB,x1 to x7,0.10 to 4.00,x2 horizontal and vertical simultaneously / Off,x2 horizontal and vertical simultaneously / Off,Vertical flip / Horizontal flip / Vertical and horizontal flip / Off,"Up to 3,072 pixels",Support (Eight settings),,Support,,,,,
Sentech,stc-lcs162bcxp124,CoaXPress Area camera,STC-LCS162BCXP124,Area Camera,16MP,Color,"5,320 (H) x 3,032 (V)",158.0 fps,CoaXPress (CXP-12 4 lane),CoaXPress Standard Version 2.0,PoCXP External power (+18.5 to +26 Vdc),Less than 8.2 W,Lower limit: 0 deg. C (Environmental temperature) Upper limit: +40 deg. C (Environmental temperature),Lower limit: -25 deg. C (Environmental temperature) Upper limit: +75 deg. C (Environmental temperature),SONY IMX532,Global Shutter,"1.1""",2.74 (H) x 2.74 (V) µm,55 (W) x 55 (H) x 46.5 (D) mm,Approximately 220 g,C Mount,No optical filter,Micro BNC (75 ohm) x 4,HR10A-7R-6PB (Hirose) or equivalent x 1,Full scanning / ROI,Edge preset trigger / Pulse width trigger / CXP_Packet trigger / Burst trigger / Free-run,BayerRG8 / BayerRG10 / BayerRG12,1 µs to 16.777 seconds,0 to 18 dB,x1 to x7,0.10 to 4.00,,x2 horizontal and vertical simultaneously / Off,Vertical flip / Horizontal flip / Vertical and horizontal flip / Off,"Up to 3,072 pixels",Support (Eight settings),Auto / Manual / Push to set white balance,Support,Auto white balance,,,,
Sentech,stc-lbs162bcxp124-t,CoaXPress Area camera,STC-LBS162BCXP124-T,Area Camera,16MP,Monochrome,"5,320 (H) x 3,032 (V)",158.0 fps,CoaXPress (CXP-12 4 lane),CoaXPress Standard Version 2.0,PoCXP External power (+18.5 to +26 Vdc),Less than 8.2 W,Lower limit: 0 deg. C (Environmental temperature) Upper limit: +40 deg. C (Environmental temperature),Lower limit: -25 deg. C (Environmental temperature) Upper limit: +75 deg. C (Environmental temperature),SONY IMX532,Global Shutter,"1.1""",2.74 (H) x 2.74 (V) µm,55 (W) x 55 (H) x 49 (D) mm,Approximately 250 g,C Mount,No optical filter,Micro BNC (75 ohm) x 4,HR10A-7R-6PB (Hirose) or equivalent x 1,Full scanning / ROI,Edge preset trigger / Pulse width trigger / CXP_Packet trigger / Burst trigger / Free-run,Mono8 / Mono10 / Mono12,1 µs to 16.777 seconds,0 to 18 dB,x1 to x7,0.10 to 4.00,x2 horizontal and vertical simultaneously / Off,x2 horizontal and vertical simultaneously / Off,Vertical flip / Horizontal flip / Vertical and horizontal flip / Off,"Up to 3,072 pixels",Support (Eight settings),,Support,,,,,
Sentech,stc-lcs162bcxp124-t,CoaXPress Area camera,STC-LCS162BCXP124-T,Area Camera,16MP,Color,"5,320 (H) x 3,032 (V)",158.0 fps,CoaXPress (CXP-12 4 lane),CoaXPress Standard Version 2.0,PoCXP External power (+18.5 to +26 Vdc),Less than 8.2 W,Lower limit: 0 deg. C (Environmental temperature) Upper limit: +40 deg. C (Environmental temperature),Lower limit: -25 deg. C (Environmental temperature) Upper limit: +75 deg. C (Environmental temperature),SONY IMX532,Global Shutter,"1.1""",2.74 (H) x 2.74 (V) µm,55 (W) x 55 (H) x 49 (D) mm,Approximately 250 g,C Mount,No optical filter,Micro BNC (75 ohm) x 4,HR10A-7R-6PB (Hirose) or equivalent x 1,Full scanning / ROI,Edge preset trigger / Pulse width trigger / CXP_Packet trigger / Burst trigger / Free-run,BayerRG8 / BayerRG10 / BayerRG12,1 µs to 16.777 seconds,0 to 18 dB,x1 to x7,0.10 to 4.00,,x2 horizontal and vertical simultaneously / Off,Vertical flip / Horizontal flip / Vertical and horizontal flip / Off,"Up to 3,072 pixels",Support (Eight settings),Auto / Manual / Push to set white balance,Support,Auto white balance,,,,
Sentech,stc-mbs203bcxp121,CoaXPress Area camera,STC-MBS203BCXP121,Area Camera,20MP,Monochrome,"4,504 (H) x 4,504 (V)",42.7 fps,CoaXPress (CXP-12 1 lane),CoaXPress Standard Version 2.0,PoCXP External power (+18.5 to +26 Vdc),Less than 3.6 W,Lower limit: 0 deg. C (Environmental temperature) Upper limit: +40 deg. C (Environmental temperature),Lower limit: -25 deg. C (Environmental temperature) Upper limit: +75 deg. C (Environmental temperature),SONY IMX541,Global Shutter,"1.1""",2.74 (H) x 2.74 (V) µm,29 (W) x 29 (H) x 40 (D) mm,Approximately 54 g,C Mount,No optical filter,Micro BNC (75 ohm) x 1,HR10A-7R-6PB (Hirose) or equivalent x 1,Full scanning / ROI,Edge preset trigger / Pulse width trigger / CXP_Packet trigger / Burst trigger / Free-run,Mono8 / Mono10 / Mono12,1 µs to 16.777 seconds,0 to 18 dB,x1 to x7,0.10 to 4.00,x2 horizontal and vertical simultaneously / Off,x2 horizontal and vertical simultaneously / Off,Vertical flip / Horizontal flip / Vertical and horizontal flip / Off,"Up to 3,840 pixels",Support (Eight settings),,Support,,,,,
Sentech,stc-mcs203bcxp121,CoaXPress Area camera,STC-MCS203BCXP121,Area Camera,20MP,Color,"4,504 (H) x 4,504 (V)",42.7 fps,CoaXPress (CXP-12 1 lane),CoaXPress Standard Version 2.0,PoCXP External power (+18.5 to +26 Vdc),Less than 3.6 W,Lower limit: 0 deg. C (Environmental temperature) Upper limit: +40 deg. C (Environmental temperature),Lower limit: -25 deg. C (Environmental temperature) Upper limit: +75 deg. C (Environmental temperature),SONY IMX541,Global Shutter,"1.1""",2.74 (H) x 2.74 (V) µm,29 (W) x 29 (H) x 40 (D) mm,Approximately 54 g,C Mount,No optical filter,Micro BNC (75 ohm) x 1,HR10A-7R-6PB (Hirose) or equivalent x 1,Full scanning / ROI,Edge preset trigger / Pulse width trigger / CXP_Packet trigger / Burst trigger / Free-run,BayerRG8 / BayerRG10 / BayerRG12,1 µs to 16.777 seconds,0 to 18 dB,x1 to x7,0.10 to 4.00,,x2 horizontal and vertical simultaneously / Off,Vertical flip / Horizontal flip / Vertical and horizontal flip / Off,"Up to 3,840 pixels",Support (Eight settings),Auto / Manual / Push to set white balance,Support,Auto white balance,,,,
Sentech,stc-mbs204bcxp121,CoaXPress Area camera,STC-MBS204BCXP121,Area Camera,20MP,Monochrome,"4,504 (H) x 4,504 (V)",55.8 fps,CoaXPress (CXP-12 1 lane),CoaXPress Standard Version 2.0,PoCXP External power (+18.5 to +26 Vdc),Less than 4.8 W,Lower limit: 0 deg. C (Environmental temperature) Upper limit: +40 deg. C (Environmental temperature),Lower limit: -25 deg. C (Environmental temperature) Upper limit: +75 deg. C (Environmental temperature),SONY IMX531,Global Shutter,"1.1""",2.74 (H) x 2.74 (V) µm,29 (W) x 29 (H) x 40 (D) mm,Approximately 54 g,C Mount,No optical filter,Micro BNC (75 ohm) x 1,HR10A-7R-6PB (Hirose) or equivalent x 1,Full scanning / ROI,Edge preset trigger / Pulse width trigger / CXP_Packet trigger / Burst trigger / Free-run,Mono8 / Mono10 / Mono12,1 µs to 16.777 seconds,0 to 42 dB (Image sensor gain including digital),x1 to x7,0.10 to 4.00,x2 horizontal and vertical simultaneously / Off,x2 horizontal and vertical simultaneously / Off,Vertical flip / Horizontal flip / Vertical and horizontal flip / Off,"Up to 3,840 pixels",Support (Eight settings),,Support,,,,,
Sentech,stc-mcs204bcxp121,CoaXPress Area camera,STC-MCS204BCXP121,Area Camera,20MP,Color,"4,504 (H) x 4,504 (V)",55.8 fps,CoaXPress (CXP-12 1 lane),CoaXPress Standard Version 2.0,PoCXP External power (+18.5 to +26 Vdc),Less than 4.8 W,Lower limit: 0 deg. C (Environmental temperature) Upper limit: +40 deg. C (Environmental temperature),Lower limit: -25 deg. C (Environmental temperature) Upper limit: +75 deg. C (Environmental temperature),SONY IMX531,Global Shutter,"1.1""",2.74 (H) x 2.74 (V) µm,29 (W) x 29 (H) x 40 (D) mm,Approximately 54 g,C Mount,No optical filter,Micro BNC (75 ohm) x 1,HR10A-7R-6PB (Hirose) or equivalent x 1,Full scanning / ROI,Edge preset trigger / Pulse width trigger / CXP_Packet trigger / Burst trigger / Free-run,BayerRG8 / BayerRG10 / BayerRG12,1 µs to 16.777 seconds,0 to 42 dB (Image sensor gain including digital),x1 to x7,0.10 to 4.00,,x2 horizontal and vertical simultaneously / Off,Vertical flip / Horizontal flip / Vertical and horizontal flip / Off,"Up to 3,840 pixels",Support (Eight settings),Auto / Manual / Push to set white balance,Support,Auto white balance,,,,
Sentech,stc-lbs204bcxp124,CoaXPress Area camera,STC-LBS204BCXP124,Area Camera,20MP,Monochrome,"4,504 (H) x 4,504 (V)",109.0 fps,CoaXPress (CXP-12 4 lane),CoaXPress Standard Version 2.0,PoCXP External power (+18.5 to +26 Vdc),Less than 8.2 W,Lower limit: 0 deg. C (Environmental temperature) Upper limit: +40 deg. C (Environmental temperature),Lower limit: -25 deg. C (Environmental temperature) Upper limit: +75 deg. C (Environmental temperature),SONY IMX531,Global Shutter,"1.1""",2.74 (H) x 2.74 (V) µm,55 (W) x 55 (H) x 46.5 (D) mm,Approximately 220 g,C Mount,No optical filter,Micro BNC (75 ohm) x 4,HR10A-7R-6PB (Hirose) or equivalent x 1,Full scanning / ROI,Edge preset trigger / Pulse width trigger / CXP_Packet trigger / Burst trigger / Free-run,Mono8 / Mono10 / Mono12,1 µs to 16.777 seconds,0 to 18 dB,x1 to x7,0.10 to 4.00,x2 horizontal and vertical simultaneously / Off,x2 horizontal and vertical simultaneously / Off,Vertical flip / Horizontal flip / Vertical and horizontal flip / Off,"Up to 3,840 pixels",Support (Eight settings),,Support,,,,,
Sentech,stc-lcs204bcxp124,CoaXPress Area camera,STC-LCS204BCXP124,Area Camera,20MP,Color,"4,504 (H) x 4,504 (V)",109.0 fps,CoaXPress (CXP-12 4 lane),CoaXPress Standard Version 2.0,PoCXP External power (+18.5 to +26 Vdc),Less than 8.2 W,Lower limit: 0 deg. C (Environmental temperature) Upper limit: +40 deg. C (Environmental temperature),Lower limit: -25 deg. C (Environmental temperature) Upper limit: +75 deg. C (Environmental temperature),SONY IMX531,Global Shutter,"1.1""",2.74 (H) x 2.74 (V) µm,55 (W) x 55 (H) x 46.5 (D) mm,Approximately 220 g,C Mount,No optical filter,Micro BNC (75 ohm) x 4,HR10A-7R-6PB (Hirose) or equivalent x 1,Full scanning / ROI,Edge preset trigger / Pulse width trigger / CXP_Packet trigger / Burst trigger / Free-run,BayerRG8 / BayerRG10 / BayerRG12,1 µsecond to 16.777 seconds,0 to 18 dB,x1 to x7,0.10 to 4.00,,x2 horizontal and vertical simultaneously / Off,Vertical flip / Horizontal flip / Vertical and horizontal flip/ Off,"Up to 3,840 pixels",Support (Eight settings),Auto / Manual / Push to set white balance,Support,Auto white balance,,,,
Sentech,stc-lbs204bcxp124-t,CoaXPress Area camera,STC-LBS204BCXP124-T,Area Camera,20MP,Monochrome,"4,504 (H) x 4,504 (V)",109.0 fps,CoaXPress (CXP-12 4 lane),CoaXPress Standard Version 2.0,PoCXP External power (+18.5 to +26 Vdc),Less than 8.2 W,Lower limit: 0 deg. C (Environmental temperature) Upper limit: +40 deg. C (Environmental temperature),Lower limit: -25 deg. C (Environmental temperature) Upper limit: +75 deg. C (Environmental temperature),SONY IMX531,Global Shutter,"1.1""",2.74 (H) x 2.74 (V) µm,55 (W) x 55 (H) x 49 (D) mm,Approximately 250 g,C Mount,No optical filter,Micro BNC (75 ohm) x 4,HR10A-7R-6PB (Hirose) or equivalent x 1,Full scanning / ROI,Edge preset trigger / Pulse width trigger / CXP_Packet trigger / Burst trigger / Free-run,Mono8 / Mono10 / Mono12,1 µs to 16.777 seconds,0 to 18 dB,x1 to x7,0.10 to 4.00,x2 horizontal and vertical simultaneously / Off,x2 horizontal and vertical simultaneously / Off,Vertical flip / Horizontal flip / Vertical and horizontal flip / Off,"Up to 3,840 pixels",Support (Eight settings),,Support,,,,,
Sentech,stc-lcs204bcxp124-t,CoaXPress Area camera,STC-LCS204BCXP124-T,Area Camera,20MP,Color,"4,504 (H) x 4,504 (V)",109.0 fps,CoaXPress (CXP-12 4 lane),CoaXPress Standard Version 2.0,PoCXP External power (+18.5 to +26 Vdc),Less than 8.2 W,Lower limit: 0 deg. C (Environmental temperature) Upper limit: +40 deg. C (Environmental temperature),Lower limit: -25 deg. C (Environmental temperature) Upper limit: +75 deg. C (Environmental temperature),SONY IMX531,Global Shutter,"1.1""",2.74 (H) x 2.74 (V) µm,55 (W) x 55 (H) x 49 (D) mm,Approximately 250 g,C Mount,No optical filter,Micro BNC (75 ohm) x 4,HR10A-7R-6PB (Hirose) or equivalent x 1,Full scanning / ROI,Edge preset trigger / Pulse width trigger / CXP_Packet trigger / Burst trigger / Free-run,BayerRG8 / BayerRG10 / BayerRG12,1 µs to 16.777 seconds,0 to 18 dB,x1 to x7,0.10 to 4.00,,x2 horizontal and vertical simultaneously / Off,Vertical flip / Horizontal flip / Vertical and horizontal flip / Off,"Up to 3,840 pixels",Support (Eight settings),Auto / Manual / Push to set white balance,Support,Auto white balance,,,,
Sentech,stc-mbs245ccxp121,CoaXPress Area camera,STC-MBS245CCXP121,Area Camera,24.5MP,Monochrome,"5,320 (H) x 4,600 (V)",35.0 fps,CoaXPress (CXP-12 1 lane),CoaXPress Standard Version 2.0,PoCXP External power (+18.5 to +26 Vdc),Less than 3.8 W,Lower limit: 0 deg. C (Environmental temperature) Upper limit: +40 deg. C (Environmental temperature),Lower limit: -25 deg. C (Environmental temperature) Upper limit: +75 deg. C (Environmental temperature),SONY IMX540,Global Shutter,"1.2""",2.74 (H) x 2.74 (V) µm,29 (W) x 29 (H) x 40 (D) mm,Approximately 54 g,C Mount,No optical filter,Micro BNC (75 ohm) x 1,HR10A-7R-6PB (Hirose) or equivalent x 1,Full scanning / ROI,Edge preset trigger / Pulse width trigger / CXP_Packet trigger / Burst trigger / Free-run,Mono8 / Mono10 / Mono12,1 µs to 16.777 seconds,0 to 18 dB,x1 to x7,0.10 to 4.00,x2 horizontal and vertical simultaneously / Off,x2 horizontal and vertical simultaneously / Off,Vertical flip / Horizontal flip / Vertical and horizontal flip / Off,"Up to 4,608 pixels",Support (Eight settings),,Support,,,,,
Sentech,stc-mcs245ccxp121,CoaXPress Area camera,STC-MCS245CCXP121,Area Camera,24.5MP,Color,"5,320 (H) x 4,600 (V)",35.0 fps,CoaXPress (CXP-12 1 lane),CoaXPress Standard Version 2.0,PoCXP External power (+18.5 to +26 Vdc),Less than 3.8 W,Lower limit: 0 deg. C (Environmental temperature) Upper limit: +40 deg. C (Environmental temperature),Lower limit: -25 deg. C (Environmental temperature) Upper limit: +75 deg. C (Environmental temperature),SONY IMX540,Global Shutter,"1.2""",2.74 (H) x 2.74 (V) µm,29 (W) x 29 (H) x 40 (D) mm,Approximately 54 g,C Mount,No optical filter,Micro BNC (75 ohm) x 1,HR10A-7R-6PB (Hirose) or equivalent x 1,Full scanning / ROI,Edge preset trigger / Pulse width trigger / CXP_Packet trigger / Burst trigger / Free-run,BayerRG8 / BayerRG10 / BayerRG12,1 µs to 16.777 seconds,0 to 18 dB,x1 to x7,0.10 to 4.00,,x2 horizontal and vertical simultaneously / Off,Vertical flip / Horizontal flip / Vertical and horizontal flip / Off,"Up to 4,608 pixels",Support (Eight settings),Auto / Manual / Push to set white balance,Support,Auto white balance,,,,
Sentech,stc-mbs246ccxp121,CoaXPress Area camera,STC-MBS246CCXP121,Area Camera,24.5MP,Monochrome,"5,320 (H) x 4,600 (V)",45.0 fps,CoaXPress (CXP-12 1 lane),CoaXPress Standard Version 2.0,PoCXP External power (+18.5 to +26 Vdc),Less than 5.0 W,Lower limit: 0 deg. C (Environmental temperature) Upper limit: +40 deg. C (Environmental temperature),Lower limit: -25 deg. C (Environmental temperature) Upper limit: +75 deg. C (Environmental temperature),SONY IMX530,Global Shutter,"1.2""",2.74 (H) x 2.74 (V) µm,29 (W) x 29 (H) x 40 (D) mm,Approximately 54 g,C Mount,No optical filter,Micro BNC (75 ohm) x 1,HR10A-7R-6PB (Hirose) or equivalent x 1,Full scanning / ROI,Edge preset trigger / Pulse width trigger / CXP_Packet trigger / Burst trigger / Free-run,Mono8 / Mono10 / Mono12,1 µs to 16.777 seconds,0 to 18 dB,x1 to x7,0.10 to 4.00,x2 horizontal and vertical simultaneously / Off,x2 horizontal and vertical simultaneously / Off,Vertical flip / Horizontal flip / Vertical and horizontal flip / Off,"Up to 4,608 pixels",Support (Eight settings),,Support,,,,,
Sentech,stc-mcs246ccxp121,CoaXPress Area camera,STC-MCS246CCXP121,Area Camera,24.5MP,Color,"5,320 (H) x 4,600 (V)",45.0 fps,CoaXPress (CXP-12 1 lane),CoaXPress Standard Version 2.0,PoCXP External power (+18.5 to +26 Vdc),Less than 5.0 W,Lower limit: 0 deg. C (Environmental temperature) Upper limit: +40 deg. C (Environmental temperature),Lower limit: -25 deg. C (Environmental temperature) Upper limit: +75 deg. C (Environmental temperature),SONY IMX530,Global Shutter,"1.2""",2.74 (H) x 2.74 (V) µm,29 (W) x 29 (H) x 40 (D) mm,Approximately 54 g,C Mount,No optical filter,Micro BNC (75 ohm) x 1,HR10A-7R-6PB (Hirose) or equivalent x 1,Full scanning / ROI,Edge preset trigger / Pulse width trigger / CXP_Packet trigger / Burst trigger / Free-run,BayerRG8 / BayerRG10 / BayerRG12,1 µs to 16.777 seconds,0 to 18 dB,x1 to x7,0.10 to 4.00,,x2 horizontal and vertical simultaneously / Off,Vertical flip / Horizontal flip / Vertical and horizontal flip / Off,"Up to 4,608 pixels",Support (Eight settings),Auto / Manual / Push to set white balance,Support,Auto white balance,,,,
Sentech,stc-lbs246ccxp124,CoaXPress Area camera,STC-LBS246CCXP124,Area Camera,24.5MP,Monochrome,"5,320 (H) x 4,600 (V)",106.0 fps,CoaXPress (CXP-12 4 lane),CoaXPress Standard Version 2.0,PoCXP External power (+18.5 to +26 Vdc),Less than 8.2 W,Lower limit: 0 deg. C (Environmental temperature) Upper limit: +40 deg. C (Environmental temperature),Lower limit: -25 deg. C (Environmental temperature) Upper limit: +75 deg. C (Environmental temperature),SONY IMX530,Global Shutter,"1.2""",2.74 (H) x 2.74 (V) µm,55 (W) x 55 (H) x 46.5 (D) mm,Approximately 220 g,C Mount,No optical filter,Micro BNC (75 ohm) x 4,HR10A-7R-6PB (Hirose) or equivalent x 1,Full scanning / ROI,Edge preset trigger / Pulse width trigger / CXP_Packet trigger / Burst trigger / Free-run,Mono8 / Mono10 / Mono12,1 µs to 16.777 seconds,0 to 18 dB,x1 to x7,0.10 to 4.00,x2 horizontal and vertical simultaneously / Off,x2 horizontal and vertical simultaneously / Off,Vertical flip / Horizontal flip / Vertical and horizontal flip / Off,"Up to 4,608 pixels",Support (Eight settings),,Support,,,,,
Sentech,stc-lcs246ccxp124,CoaXPress Area camera,STC-LCS246CCXP124,Area Camera,24.5MP,Color,"5,320 (H) x 4,600 (V)",106.0 fps,CoaXPress (CXP-12 4 lane),CoaXPress Standard Version 2.0,PoCXP External power (+18.5 to +26 Vdc),Less than 8.2 W,Lower limit: 0 deg. C (Environmental temperature) Upper limit: +40 deg. C (Environmental temperature),Lower limit: -25 deg. C (Environmental temperature) Upper limit: +75 deg. C (Environmental temperature),SONY IMX530,Global Shutter,"1.2""",2.74 (H) x 2.74 (V) µm,55 (W) x 55 (H) x 46.5 (D) mm,Approximately 220 g,C Mount,No optical filter,Micro BNC (75 ohm) x 4,HR10A-7R-6PB (Hirose) or equivalent x 1,Full scanning / ROI,Edge preset trigger / Pulse width trigger / CXP_Packet trigger / Burst trigger / Free-run,BayerRG8 / BayerRG10 / BayerRG12,1 µs to 16.777 seconds,0 to 18 dB,x1 to x7,0.10 to 4.00,,x2 horizontal and vertical simultaneously / Off,Vertical flip / Horizontal flip / Vertical and horizontal flip / Off,"Up to 4,608 pixels",Support (Eight settings),Auto / Manual / Push to set white balance,Support,Auto white balance,,,,
Sentech,stc-lbs246ccxp124-t,CoaXPress Area camera,STC-LBS246CCXP124-T,Area Camera,24.5MP,Monochrome,"5,320 (H) x 4,600 (V)",106.0 fps,CoaXPress (CXP-12 4 lane),CoaXPress Standard Version 2.0,PoCXP External power (+18.5 to +26 Vdc),Less than 8.2 W,Lower limit: 0 deg. C (Environmental temperature) Upper limit: +40 deg. C (Environmental temperature),Lower limit: -25 deg. C (Environmental temperature) Upper limit: +75 deg. C (Environmental temperature),SONY IMX530,Global Shutter,"1.2""",2.74 (H) x 2.74 (V) µm,55 (W) x 55 (H) x 49 (D) mm,Approximately 250 g,C Mount,No optical filter,Micro BNC (75 ohm) x 4,HR10A-7R-6PB (Hirose) or equivalent x 1,Full scanning / ROI,Edge preset trigger / Pulse width trigger / CXP_Packet trigger / Burst trigger / Free-run,Mono8 / Mono10 / Mono12,1 µs to 16.777 seconds,0 to 18 dB,x1 to x7,0.10 to 4.00,x2 horizontal and vertical simultaneously / Off,x2 horizontal and vertical simultaneously / Off,Vertical flip / Horizontal flip / Vertical and horizontal flip / Off,"Up to 4,608 pixels",Support (Eight settings),,Support,,,,,
Sentech,stc-lcs246ccxp124-t,CoaXPress Area camera,STC-LCS246CCXP124-T,Area Camera,24.5MP,Color,"5,320 (H) x 4,600 (V)",106.0 fps,CoaXPress (CXP-12 4 lane),CoaXPress Standard Version 2.0,PoCXP External power (+18.5 to +26 Vdc),Less than 8.2 W,Lower limit: 0 deg. C (Environmental temperature) Upper limit: +40 deg. C (Environmental temperature),Lower limit: -25 deg. C (Environmental temperature) Upper limit: +75 deg. C (Environmental temperature),SONY IMX530,Global Shutter,"1.2""",2.74 (H) x 2.74 (V) µm,55 (W) x 55 (H) x 49 (D) mm,Approximately 250 g,C Mount,No optical filter,Micro BNC (75 ohm) x 4,HR10A-7R-6PB (Hirose) or equivalent x 1,Full scanning / ROI,Edge preset trigger / Pulse width trigger / CXP_Packet trigger / Burst trigger / Free-run,BayerRG8 / BayerRG10 / BayerRG12,1 µs to 16.777 seconds,0 to 18 dB,x1 to x7,0.10 to 4.00,,x2 horizontal and vertical simultaneously / Off,Vertical flip / Horizontal flip / Vertical and horizontal flip / Off,"Up to 4,608 pixels",Support (Eight settings),Auto / Manual / Push to set white balance,Support,Auto white balance,,,,
Sentech,stc-lbgp250bcxp122,CoaXPress Area camera,STC-LBGP250BCXP122,Area Camera,25MP,Monochrome,"5,120 (H) x 5,120 (V)",50.0 fps,CoaXPress (CXP-12 2 lane),CoaXPress Standard Version 2.0,PoCXP External power (+18.5 to +26 Vdc),Less than 6.6 W,Lower limit: 0 deg. C (Environmental temperature) Upper limit: +42 deg. C (Environmental temperature),Lower limit: -25 deg. C (Environmental temperature) Upper limit: +75 deg. C (Environmental temperature),Gpixel GMAX0505,Global Shutter,"1.1""",2.5 (H) x 2.5 (V) µm,55 (W) x 55 (H) x 47.5 (D) mm,Approximately 225 g,C Mount,No optical filter,Micro BNC (75 ohm) x 2,HR10A-7R-6PB (Hirose) or equivalent x 1,Full scanning / ROI,Edge preset trigger / Pulse width trigger / CXP_Packet trigger / Burst trigger / Free-run,Mono8 / Mono10,8 µseconds to 16.777 seconds,x1.5 / x2.0 / x2.5,x1 to x7,0.10 to 4.00,x2 horizontal and vertical simultaneously / Off,x2 horizontal and vertical simultaneously / Off,Vertical flip / Horizontal flip / Vertical and horizontal flip / Off,"Up to 2,048 pixels",Support (Eight settings),,Support,,,,,
Sentech,stc-lcgp250bcxp122,CoaXPress Area camera,STC-LCGP250BCXP122,Area Camera,25MP,Color,"5,120 (H) x 5,120 (V)",50.0 fps,CoaXPress (CXP-12 2 lane),CoaXPress Standard Version 2.0,PoCXP External power (+18.5 to +26 Vdc),Less than 6.6 W,Lower limit: 0 deg. C (Environmental temperature) Upper limit: +42 deg. C (Environmental temperature),Lower limit: -25 deg. C (Environmental temperature) Upper limit: +75 deg. C (Environmental temperature),Gpixel GMAX0505,Global Shutter,"1.1""",2.5 (H) x 2.5 (V) µm,55 (W) x 55 (H) x 47.5 (D) mm,Approximately 225 g,C Mount,No optical filter,Micro BNC (75 ohm) x 2,HR10A-7R-6PB (Hirose) or equivalent x 1,Full scanning / ROI,Edge preset trigger / Pulse width trigger / CXP_Packet trigger / Burst trigger / Free-run,BayerRG8 / BayerRG10,8 µseconds to 16.777 seconds,x1.5 / x2.0 / x2.5,x1 to x7,0.10 to 4.00,,x2 horizontal and vertical simultaneously / Off,Vertical flip / Horizontal flip / Vertical and horizontal flip / Off,"Up to 2,048 pixels",Support (Eight settings),Auto / Manual / Push to set white balance,Support,Auto white balance,,,,
Sentech,stc-lbgp251bcxp124,CoaXPress Area camera,STC-LBGP251BCXP124,Area Camera,25MP,Monochrome,"5,120 (H) x 5,120 (V)",150.0 fps,CoaXPress (CXP-12 4 lane),CoaXPress Standard Version 2.0,PoCXP External power (+18.5 to +26 Vdc),Less than 10.5 W,Lower limit: 0 deg. C (Environmental temperature) Upper limit: +37 deg. C (Environmental temperature),Lower limit: -20 deg. C (Environmental temperature) Upper limit: +75 deg. C (Environmental temperature),Gpixel GMAX0505,Global Shutter,"1.1""",2.5 (H) x 2.5 (V) µm,68 (W) x 68 (H) x 53.5 (D) mm,Approximately 460 g,C Mount,No optical filter,Micro BNC (75 ohm) x 4,HR10A-7R-6PB (Hirose) or equivalent x 1,Full scanning / ROI,Edge preset trigger / Pulse width trigger / CXP_Packet trigger / Burst trigger / Free-run,Mono8 / Mono10,8 µseconds to 16.777 seconds,x1.5 / x2.0 / x2.5,x1 to x7,0.10 to 4.00,x2 horizontal and vertical simultaneously / Off,x2 horizontal and vertical simultaneously / Off,Vertical flip / Horizontal flip / Vertical and horizontal flip / Off,"Up to 2,048 pixels",Support (Eight settings),,Support,,,,,
Sentech,stc-lcgp251bcxp124,CoaXPress Area camera,STC-LCGP251BCXP124,Area Camera,25MP,Color,"5,120 (H) x 5,120 (V)",150.0 fps,CoaXPress (CXP-12 4 lane),CoaXPress Standard Version 2.0,PoCXP External power (+18.5 to +26 Vdc),Less than 10.5 W,Lower limit: 0 deg. C (Environmental temperature) Upper limit: +37 deg. C (Environmental temperature),Lower limit: -20 deg. C (Environmental temperature) Upper limit: +75 deg. C (Environmental temperature),Gpixel GMAX0505,Global Shutter,"1.1""",2.5 (H) x 2.5 (V) µm,68 (W) x 68 (H) x 53.5 (D) mm,Approximately 460 g,C Mount,No optical filter,Micro BNC (75 ohm) x 4,HR10A-7R-6PB (Hirose) or equivalent x 1,Full scanning / ROI,Edge preset trigger / Pulse width trigger / CXP_Packet trigger / Burst trigger / Free-run,BayerRG8 / BayerRG10,8 µseconds to 16.777 seconds,x1.5 / x2.0 / x2.5,x1 to x7,0.10 to 4.00,,x2 horizontal and vertical simultaneously / Off,Vertical flip / Horizontal flip / Vertical and horizontal flip / Off,"Up to 2,048 pixels",Support (Eight settings),Auto / Manual / Push to set white balance,Support,Auto white balance,,,,
Sentech,stc-lbgp251bcxp124-t,CoaXPress Area camera,STC-LBGP251BCXP124-T,Area Camera,25MP,Monochrome,"5,120 (H) x 5,120 (V)",150.0 fps,CoaXPress (CXP-12 4 lane),CoaXPress Standard Version 2.0,PoCXP External power (+18.5 to +26 Vdc),Less than 10.5 W,Lower limit: 0 deg. C (Environmental temperature) Upper limit: +37 deg. C (Environmental temperature),Lower limit: -20 deg. C (Environmental temperature) Upper limit: +75 deg. C (Environmental temperature),Gpixel GMAX0505,Global Shutter,"1.1""",2.5 (H) x 2.5 (V) µm,68 (W) x 68 (H) x 53.5 (D) mm,Approximately 460 g,C Mount,No optical filter,Micro BNC (75 ohm) x 4,HR10A-7R-6PB (Hirose) or equivalent x 1,Full scanning / ROI,Edge preset trigger / Pulse width trigger / CXP_Packet trigger / Burst trigger / Free-run,Mono8 / Mono10,8 µseconds to 16.777 seconds,x1.5 / x2.0 / x2.5,x1 to x7,0.10 to 4.00,x2 horizontal and vertical simultaneously / Off,x2 horizontal and vertical simultaneously / Off,Vertical flip / Horizontal flip / Vertical and horizontal flip / Off,"Up to 2,048 pixels",Support (Eight settings),,Support,,,,,
Sentech,stc-lcgp251bcxp124-t,CoaXPress Area camera,STC-LCGP251BCXP124-T,Area Camera,25MP,Color,"5,120 (H) x 5,120 (V)",150.0 fps,CoaXPress (CXP-12 4 lane),CoaXPress Standard Version 2.0,PoCXP External power (+18.5 to +26 Vdc),Less than 10.5 W,Lower limit: 0 deg. C (Environmental temperature) Upper limit: +37 deg. C (Environmental temperature),Lower limit: -20 deg. C (Environmental temperature) Upper limit: +75 deg. C (Environmental temperature),Gpixel GMAX0505,Global Shutter,"1.1""",2.5 (H) x 2.5 (V) µm,68 (W) x 68 (H) x 53.5 (D) mm,Approximately 460 g,C Mount,No optical filter,Micro BNC (75 ohm) x 4,HR10A-7R-6PB (Hirose) or equivalent x 1,Full scanning / ROI,Edge preset trigger / Pulse width trigger / CXP_Packet trigger / Burst trigger / Free-run,BayerRG8 / BayerRG10,8 µseconds to 16.777 seconds,x1.5 / x2.0 / x2.5,x1 to x7,0.10 to 4.00,,x2 horizontal and vertical simultaneously / Off,Vertical flip / Horizontal flip / Vertical and horizontal flip / Off,"Up to 2,048 pixels",Support (Eight settings),Auto / Manual / Push to set white balance,Support,Auto white balance,,,,
Sentech,stc-lbe671fcxp124,CoaXPress Area camera,STC-LBE671FCXP124,Area Camera,67MP,Monochrome,"8,192 (H) x 8,192 (V)",65.0 fps,CoaXPress (CXP-12 4 lane),CoaXPress Standard Version 2.0,PoCXP External power (+18.5 to +26 Vdc),Less than 13.0 W,Lower limit: 0 deg. C (Environmental temperature) Upper limit: +46 deg. C (Environmental temperature),Lower limit: -20 deg. C (Environmental temperature) Upper limit: +75 deg. C (Environmental temperature),Teledyne e2v EV2S67MB,Global Shutter,APS-C,2.5 (H) x 2.5 (V) µm,68 (W) x 68 (H) x 40 (D) mm,Approximately 370 g,M42 Mount,No optical filter,Micro BNC (75 ohm) x 4,HR10A-7R-6PB (Hirose) or equivalent x 1,Full scanning / ROI,Edge preset trigger / Pulse width trigger / CXP_Packet trigger / Burst trigger / Free-run,Mono8 / Mono10,8 µseconds to 16.777 seconds,,x1 to x7,0.10 to 4.00,,Vertical flip / Horizontal flip / Vertical and horizontal flip / Off,"Up to 2,048 pixels",Support (Eight settings),,,Support,,,,,
Sentech,stc-lce671fcxp124,CoaXPress Area camera,STC-LCE671FCXP124,Area Camera,67MP,Color,"8,192 (H) x 8,192 (V)",65.0 fps,CoaXPress (CXP-12 4 lane),CoaXPress Standard Version 2.0,PoCXP External power (+18.5 to +26 Vdc),Less than 13.0 W,Lower limit: 0 deg. C (Environmental temperature) Upper limit: +46 deg. C (Environmental temperature),Lower limit: -20 deg. C (Environmental temperature) Upper limit: +75 deg. C (Environmental temperature),Teledyne e2v EV2S67MB,Global Shutter,APS-C,2.5 (H) x 2.5 (V) µm,68 (W) x 68 (H) x 40 (D) mm,Approximately 370 g,M42 Mount,No optical filter,Micro BNC (75 ohm) x 4,HR10A-7R-6PB (Hirose) or equivalent x 1,Full scanning / ROI,Edge preset trigger / Pulse width trigger / CXP_Packet trigger / Burst trigger / Free-run,BayerRG8 / BayerRG10,8 µseconds to 16.777 seconds,,x1 to x7,0.10 to 4.00,,,Vertical flip / Horizontal flip / Vertical and horizontal flip / Off,"Up to 2,048 pixels",Support (Eight settings),Auto / Manual / Push to set white balance,Support,Auto white balance,,,,
Sentech,stc-lbe671fcxp124-t,CoaXPress Area camera,STC-LBE671FCXP124-T,Area Camera,67MP,Monochrome,"8,192 (H) x 8,192 (V)",65.0 fps,CoaXPress (CXP-12 4 lane),CoaXPress Standard Version 2.0,PoCXP External power (+18.5 to +26 Vdc),Less than 13.0 W,Lower limit: 0 deg. C (Environmental temperature) Upper limit: +46 deg. C (Environmental temperature),Lower limit: -20 deg. C (Environmental temperature) Upper limit: +75 deg. C (Environmental temperature),Teledyne e2v EV2S67MB,Global Shutter,APS-C,2.5 (H) x 2.5 (V) µm,68 (W) x 68 (H) x 46 (D) mm,Approximately 430 g,M42 Mount,No optical filter,Micro BNC (75 ohm) x 4,HR10A-7R-6PB (Hirose) or equivalent x 1,Full scanning / ROI,Edge preset trigger / Pulse width trigger / CXP_Packet trigger / Burst trigger / Free-run,Mono8 / Mono10,8 µseconds to 16.777 seconds,,x1 to x7,0.10 to 4.00,,,Vertical flip / Horizontal flip / Vertical and horizontal flip / Off,"Up to 2,048 pixels",Support (Eight settings),,Support,,,,,
Sentech,stc-lce671fcxp124-t,CoaXPress Area camera,STC-LCE671FCXP124-T,Area Camera,67MP,Color,"8,192 (H) x 8,192 (V)",65.0 fps,CoaXPress (CXP-12 4 lane),CoaXPress Standard Version 2.0,PoCXP External power (+18.5 to +26 Vdc),Less than 13.0 W,Lower limit: 0 deg. C (Environmental temperature) Upper limit: +46 deg. C (Environmental temperature),Lower limit: -20 deg. C (Environmental temperature) Upper limit: +75 deg. C (Environmental temperature),Teledyne e2v EV2S67MB,Global Shutter,APS-C,2.5 (H) x 2.5 (V) µm,68 (W) x 68 (H) x 46 (D) mm,Approximately 430 g,M42 Mount,No optical filter,Micro BNC (75 ohm) x 4,HR10A-7R-6PB (Hirose) or equivalent x 1,Full scanning / ROI,Edge preset trigger / Pulse width trigger / CXP_Packet trigger / Burst trigger / Free-run,BayerRG8 / BayerRG10,8 µseconds to 16.777 seconds,,x1 to x7,0.10 to 4.00,,,Vertical flip / Horizontal flip / Vertical and horizontal flip / Off,"Up to 2,048 pixels",Support (Eight settings),Auto / Manual / Push to set white balance,Support,Auto white balance,,,,
Sentech,stc-lbe671fcxp124-f,CoaXPress Area camera,STC-LBE671FCXP124-F,Area Camera,67MP,Monochrome,"8,192 (H) x 8,192 (V)",65.0 fps,CoaXPress (CXP-12 4 lane),CoaXPress Standard Version 2.0,PoCXP External power (+18.5 to +26 Vdc),Less than 13.0 W,Lower limit: 0 deg. C (Environmental temperature) Upper limit: +46 deg. C (Environmental temperature),Lower limit: -20 deg. C (Environmental temperature) Upper limit: +75 deg. C (Environmental temperature),Teledyne e2v EV2S67MB,Global Shutter,APS-C,2.5 (H) x 2.5 (V) µm,68 (W) x 68 (H) x 76.5 (D) mm,Approximately 470 g,M42 Mount,No optical filter,Micro BNC (75 ohm) x 4,HR10A-7R-6PB (Hirose) or equivalent x 1,Full scanning / ROI,Edge preset trigger / Pulse width trigger / CXP_Packet trigger / Burst trigger / Free-run,Mono8 / Mono10,8 µseconds to 16.777 seconds,,x1 to x7,0.10 to 4.00,,,Vertical flip / Horizontal flip / Vertical and horizontal flip / Off,"Up to 2,048 pixels",Support (Eight settings),,Support,,,,,
Sentech,stc-lce671fcxp124-f,CoaXPress Area camera,STC-LCE671FCXP124-F,Area Camera,67MP,Color,"8,192 (H) x 8,192 (V)",65.0 fps,CoaXPress (CXP-12 4 lane),CoaXPress Standard Version 2.0,PoCXP External power (+18.5 to +26 Vdc),Less than 13.0 W,Lower limit: 0 deg. C (Environmental temperature) Upper limit: +46 deg. C (Environmental temperature),Lower limit: -20 deg. C (Environmental temperature) Upper limit: +75 deg. C (Environmental temperature),Teledyne e2v EV2S67MB,Global Shutter,APS-C,2.5 (H) x 2.5 (V) µm,68 (W) x 68 (H) x 76.5 (D) mm,Approximately 470 g,F Mount,No optical filter,Micro BNC (75 ohm) x 4,HR10A-7R-6PB (Hirose) or equivalent x 1,Full scanning / ROI,Edge preset trigger / Pulse width trigger / CXP_Packet trigger / Burst trigger / Free-run,BayerRG8 / BayerRG10,8 µseconds to 16.777 seconds,,x1 to x7,0.10 to 4.00,,,Vertical flip / Horizontal flip / Vertical and horizontal flip / Off,"Up to 2,048 pixels",Support (Eight settings),Auto / Manual / Push to set white balance,Support,Auto white balance,,,,
Sentech,stc-lbe671fcxp124-t-f,CoaXPress Area camera,STC-LBE671FCXP124-T-F,Area Camera,67MP,Monochrome,"8,192 (H) x 8,192 (V)",65.0 fps,CoaXPress (CXP-12 4 lane),CoaXPress Standard Version 2.0,PoCXP External power (+18.5 to +26 Vdc),Less than 13.0 W,Lower limit: 0 deg. C (Environmental temperature) Upper limit: +46 deg. C (Environmental temperature),Lower limit: -20 deg. C (Environmental temperature) Upper limit: +75 deg. C (Environmental temperature),Teledyne e2v EV2S67MB,Global Shutter,APS-C,2.5 (H) x 2.5 (V) µm,68 (W) x 68 (H) x 82.5 (D) mm,Approximately 530 g,F Mount,No optical filter,Micro BNC (75 ohm) x 4,HR10A-7R-6PB (Hirose) or equivalent x 1,Full scanning / ROI,Edge preset trigger / Pulse width trigger / CXP_Packet trigger / Burst trigger / Free-run,Mono8 / Mono10,8 µseconds to 16.777 seconds,,x1 to x7,0.10 to 4.00,,,Vertical flip / Horizontal flip / Vertical and horizontal flip / Off,"Up to 2,048 pixels",Support (Eight settings),,Support,,,,,
Sentech,stc-lce671fcxp124-t-f,CoaXPress Area camera,STC-LCE671FCXP124-T-F,Area Camera,67MP,Color,"8,192 (H) x 8,192 (V)",65.0 fps,CoaXPress (CXP-12 4 lane),CoaXPress Standard Version 2.0,PoCXP External power (+18.5 to +26 Vdc),Less than 13.0 W,Lower limit: 0 deg. C (Environmental temperature) Upper limit: +46 deg. C (Environmental temperature),Lower limit: -20 deg. C (Environmental temperature) Upper limit: +75 deg. C (Environmental temperature),Teledyne e2v EV2S67MB,Global Shutter,APS-C,2.5 (H) x 2.5 (V) µm,68 (W) x 68 (H) x 82.5 (D) mm,Approximately 530 g,F Mount,No optical filter,Micro BNC (75 ohm) x 4,HR10A-7R-6PB (Hirose) or equivalent x 1,Full scanning / ROI,Edge preset trigger / Pulse width trigger / CXP_Packet trigger / Burst trigger / Free-run,BayerRG8 / BayerRG10,8 µseconds to 16.777 seconds,,x1 to x7,0.10 to 4.00,,,Vertical flip / Horizontal flip / Vertical and horizontal flip / Off,"Up to 2,048 pixels",Support (Eight settings),Auto / Manual / Push to set white balance,Support,Auto white balance,,,,
Sentech,stc-mbs43cxp3,CoaXPress Area camera,STC-MBS43CXP3,Area Camera,0.4MP,Monochrome,720 (H) x 540 (V),523.0 fps,"CoaXPress (CXP-3, 1 lane)",CoaXPress Standard Version 1.1.1,PoCXP,Less than 3.0 W,Lower limit: 0 deg. C (Environmental temperature) Upper limit: +45 deg. C (Environmental temperature),Lower limit: -20 deg. C (Environmental temperature) Upper limit: +75 deg. C (Environmental temperature),SONY IMX287,Global Shutter,"1/2.9""",6.90 (H) x 6.90 (V) µm,28 (W) x 28 (H) x 40 (D) mm,Approximately 52 g,C Mount,No optical filter,BNC (75 ohm) x 1,HR10A-7R-6PB (Hirose) or equivalent x 1,Full scanning / ROI,Edge preset trigger / Pulse width trigger / CXP_Packet trigger / Burst trigger / Free-run,Mono8 / Mono10 / Mono12,1 µs to 16.777 seconds,0 to 42 dB (Image sensor gain including digital),x1 to x7,,,,Vertical flip / Horizontal flip / Vertical and horizontal flip / Off,Up to 512 pixels,Support (Eight settings),,,,,,,
Sentech,stc-mcs43cxp3,CoaXPress Area camera,STC-MCS43CXP3,Area Camera,0.4MP,Color,720 (H) x 540 (V),523.0 fps,"CoaXPress (CXP-3, 1 lane)",CoaXPress Standard Version 1.1.1,PoCXP,Less than 3.0 W,Lower limit: 0 deg. C (Environmental temperature) Upper limit: +45 deg. C (Environmental temperature),Lower limit: -20 deg. C (Environmental temperature) Upper limit: +75 deg. C (Environmental temperature),SONY IMX287,Global Shutter,"1/2.9""",6.90 (H) x 6.90 (V) µm,28 (W) x 28 (H) x 40 (D) mm,Approximately 52 g,C Mount,No optical filter,BNC (75 ohm) x 1,HR10A-7R-6PB (Hirose) or equivalent x 1,Full scanning / ROI,Edge preset trigger / Pulse width trigger / CXP_Packet trigger / Burst trigger / Free-run,BayerRG8 / BayerRG10 / BayerRG12,1 µs to 16.777 seconds,0 to 42 dB (Image sensor gain including digital),x1 to x7,,,,Vertical flip / Horizontal flip / Vertical and horizontal flip / Off,Up to 512 pixels,Support (Eight settings),Auto / Manual / Push to set white balance,,Auto white balance,,,,
Sentech,stc-lbs246cpoe10,10GigE Area Cameras,STC-LBS246CPOE10,Area Camera,24.5MP,Monochrome,"5,320 (H) x 4,600 (V)",50.4 fps,"PoE: IEEE802.3af CLASS3 (10GBASE-T, 5GBASE-T, 1000BASE-T)",GigE Vision 2.1,Power Over Ethernet (IEEE802.3af) External power (+10.8 to +26.4 Vdc),PoE: Less than 9.3 W External power: Less than 8.2 W,Lower limit: 0 deg. C (Environmental temperature) Upper limit: +50 deg. C (Environmental temperature),Lower limit: -20 deg. C (Environmental temperature) Upper limit: +80 deg. C (Environmental temperature),SONY IMX530,Global Shutter,"1.2""",2.74 (H) x 2.74 (V) µm,55 (W) x 55 (H) x 75.45 (D) mm,Approximately 360 g,C Mount,No optical filter,RJ45 connector x 1,HR10A-7R-6PB (Hirose) or equivalent x 1,Full scanning / ROI,Edge preset trigger / Pulse width trigger / Free-run,Mono8 / Mono10 / Mono12 / Mono10Packed / Mono12Packed,3 µseconds to 16.777 seconds,0 to 20.8 dB,x1 to x3,0.10 to 4.00,x2 horizontal and vertical simultaneously / Off,x2 horizontal and vertical simultaneously / Off,Vertical flip / Horizontal flip / Vertical and horizontal flip/ Off,"Up to 8,192 pixels",Support (Eight settings),,,Auto exposure / Auto gain,Support,Support,Support,
Sentech,stc-lcs246cpoe10,10GigE Area Cameras,STC-LCS246CPOE10,Area Camera,24.5MP,Color,"5,320 (H) x 4,600 (V)",50.4 fps,"PoE: IEEE802.3af CLASS3 (10GBASE-T, 5GBASE-T, 1000BASE-T)",GigE Vision 2.1,Power Over Ethernet (IEEE802.3af) External power (+10.8 to +26.4 Vdc),PoE: Less than 9.3 W External power: Less than 8.2 W,Lower limit: 0 deg. C (Environmental temperature) Upper limit: +50 deg. C (Environmental temperature),Lower limit: -20 deg. C (Environmental temperature) Upper limit: +80 deg. C (Environmental temperature),SONY IMX530,Global Shutter,"1.2""",2.74 (H) x 2.74 (V) µm,55 (W) x 55 (H) x 75.45 (D) mm,Approximately 360 g,C Mount,IR cut filter on it,RJ45 connector x 1,HR10A-7R-6PB (Hirose) or equivalent x 1,Full scanning / ROI,Edge preset trigger / Pulse width trigger / Free-run,Mono8 / Mono10 / Mono12 / Mono10Packed / Mono12Packed BayerRG8 / BayerRG10 / BayerRG12 / BayerRG10Packed / BayerRG12Packed RGB8,3 µseconds to 16.777 seconds,0 to 20.8 dB,x1 to x3,0.10 to 4.00,x2 horizontal and vertical simultaneously / Off,x2 horizontal and vertical simultaneously / Off,Vertical flip / Horizontal flip / Vertical and horizontal flip/ Off,"Up to 8,192 pixels",Support (Eight settings),Auto exposure / Auto gain,,Auto / Manual / Push to set white balance,Support,Support,Support,
Sentech,stc-mbs43poe,GigE Vision Area Cameras,STC-MBS43POE,Area Camera,0.4MP,Monochrome,720 (H) x 540 (V),282.8 fps,PoE: IEEE802.3af CLASS2 (1000BASE-T),GigE Vision 2.1,Power Over Ethernet (IEEE802.3af) External power (+10.8 to +26.4 Vdc),PoE: Less than 4.7 W External power: Less than 3.7 W,Lower limit: 0 deg. C (approximately) Upper limit: +39 deg. C (approximately),Lower limit: -20 deg. C (Environmental temperature) Upper limit: +70 deg. C (Environmental temperature),SONY IMX287,Global Shutter,"1/2.9""",6.90 (H) x 6.90 (V) µm,29 (W) x 29 (H) x 53 (D) mm,Approximately 65 g,C Mount,No optical filter,RJ45 connector x 1,HR10A-7R-6PB (Hirose) or equivalent x 1,Full scanning / ROI,Edge preset trigger / Pulse width trigger / Free-run,Mono8 / Mono10 / Mono12 / Mono10Packed / Mono12Packed,1 µs to 16.777 seconds,0 to 20.8 dB,x1 to x3,0.1 to 4.0,,,Vertical flip / Horizontal flip / Vertical and horizontal flip / Off,"Up to 2,048 pixels",Support (Eight settings),,,Auto exposure / Auto gain,Support,Support,Support,
Sentech,stc-mcs43poe,GigE Vision Area Cameras,STC-MCS43POE,Area Camera,0.4MP,Color,720 (H) x 540 (V),282.8 fps,PoE: IEEE802.3af CLASS2 (1000BASE-T),GigE Vision 2.1,Power Over Ethernet (IEEE802.3af) External power (+10.8 to +26.4 Vdc),PoE: Less than 4.7 W External power: Less than 3.7 W,Lower limit: 0 deg. C (approximately) Upper limit: +39 deg. C (approximately),Lower limit: -20 deg. C (Environmental temperature) Upper limit: +70 deg. C (Environmental temperature),SONY IMX287,Global Shutter,"1/2.9""",6.90 (H) x 6.90 (V) µm,29 (W) x 29 (H) x 53 (D) mm,Approximately 65 g,C Mount,IR cut filter on it,RJ45 connector x 1,HR10A-7R-6PB (Hirose) or equivalent x 1,Full scanning / ROI,Edge preset trigger / Pulse width trigger / Free-run,Mono8 / Mono10 / Mono12 / Mono10Packed / Mono12Packed BayerRG8 / BayerRG10 / BayerRG12 / BayerRG10Packed / BayerRG12Packed RGB8,1 µs to 16.777 seconds,0 to 20.8 dB,x1 to x3,0.1 to 4.0,,,Vertical flip / Horizontal flip / Vertical and horizontal flip / Off,"Up to 2,048 pixels",Support (Eight settings),Auto exposure / Auto gain,,Auto / Manual / Push to set white balance,Support,Support,Support,
Sentech,stc-mbs52poe,GigE Vision Area Cameras,STC-MBS52POE,Area Camera,0.5MP,Monochrome,816 (H) x 624 (V),166.5 fps,PoE: IEEE802.3af CLASS2 (1000BASE-T),GigE Vision 2.1,Power Over Ethernet (IEEE802.3af) External power (+10.8 to +26.4 Vdc),PoE: Less than 4.7 W External power: Less than 4.1 W,Lower limit: 0 deg. C (Environmental temperature) Upper limit: +36 deg. C (Environmental temperature),Lower limit: -20 deg. C (Environmental temperature) Upper limit: +70 deg. C (Environmental temperature),SONY IMX433,Global Shutter,"1/1.7""",9.0 (H) x 9.0 (V) µm,29 (W) x 29 (H) x 53 (D) mm,Approximately 63 g,C Mount,No optical filter,RJ45 connector x 1,HR10A-7R-6PB (Hirose) or equivalent x 1,Full scanning / ROI,Edge preset trigger / Pulse width trigger / Free-run,Mono8 / Mono10 / Mono12 / Mono10Packed / Mono12Packed,1 µs to 16.777 seconds,0 to 20.8 dB,x1 to x3,0.1 to 4.0,,,Vertical flip / Horizontal flip / Vertical and horizontal flip / Off,"Up to 2,048 pixels",Support (Eight settings),,,Auto exposure / Auto gain,Support,Support,Support,
Sentech,stc-mcs52poe,GigE Vision Area Cameras,STC-MCS52POE,Area Camera,0.5MP,Color,816 (H) x 624 (V),166.5 fps,PoE: IEEE802.3af CLASS2 (1000BASE-T),GigE Vision 2.1,Power Over Ethernet (IEEE802.3af) External power (+10.8 to +26.4 Vdc),PoE: Less than 4.7 W External power: Less than 4.1 W,Lower limit: 0 deg. C (Environmental temperature) Upper limit: +36 deg. C (Environmental temperature),Lower limit: -20 deg. C (Environmental temperature) Upper limit: +70 deg. C (Environmental temperature),SONY IMX433,Global Shutter,"1/1.7""",9.0 (H) x 9.0 (V) µm,29 (W) x 29 (H) x 53 (D) mm,Approximately 63 g,C Mount,IR cut filter on it,RJ45 connector x 1,HR10A-7R-6PB (Hirose) or equivalent x 1,Full scanning / ROI,Edge preset trigger / Pulse width trigger / Free-run,Mono8 / Mono10 / Mono12 / Mono10Packed / Mono12Packed BayerRG8 / BayerRG10 / BayerRG12 / BayerRG10Packed / BayerRG12Packed RGB8,1 µs to 16.777 seconds,0 to 20.8 dB,x1 to x3,0.1 to 4.0,,,Vertical flip / Horizontal flip / Vertical and horizontal flip / Off,"Up to 2,048 pixels",Support (Eight settings),Auto exposure / Auto gain,,Auto / Manual / Push to set white balance,Support,Support,Support,
Sentech,stc-mbe132poe,GigE Vision Area Cameras,STC-MBE132POE,Area Camera,1.3MP,Monochrome,"1,280 (H) x 1,024 (V)",61.0 fps,PoE: IEEE802.3af CLASS1 (1000BASE-T),GigE Vision 2.1,Power Over Ethernet (IEEE802.3af) External power (+10.8 to +26.4 Vdc),PoE: Less than 3.7 W External power: Less than 3.1 W,Lower limit: -5 deg. C (Environmental temperature Upper limit: +35 deg. C (),Lower limit: -20 deg. C (Environmental temperature) Upper limit: +75 deg. C (Environmental temperature),Teledyne e2v EV76C560,Global Shutter / Rolling Shutter,"1/1.8""",5.3 (H) x 5.3 (V) µm,29 (W) x 29 (H) x 53 (D) mm,Approximately 63 g,C Mount,No optical filter,RJ45 connector x 1,HR10A-7R-6PB (Hirose) or equivalent x 1,Full scanning / ROI,Edge preset trigger / Free-run,Mono8 / Mono10 / Mono10Packed,10 µseconds to 1 second,x1 to x2,x1 to x3,0.1 to 4.0,x2 horizontal and vertical simultaneously / Off,x2 horizontal and vertical individually / x4 horizontal and vertical individually / Off,Vertical flip / Horizontal flip / Vertical and horizontal flip / Off,"Up to 2,048 pixels",Support (Eight settings),,,Auto exposure / Auto gain,Support,Support,Support,
Sentech,stc-mce132poe,GigE Vision Area Cameras,STC-MCE132POE,Area Camera,1.3MP,Color,"1,280 (H) x 1,024 (V)",61.0 fps,PoE: IEEE802.3af CLASS1 (1000BASE-T),GigE Vision 2.1,Power Over Ethernet (IEEE802.3af) External power (+10.8 to +26.4 Vdc),PoE: Less than 3.7 W External power: Less than 3.1 W,Lower limit: -5 deg. C (Environmental temperature Upper limit: +35 deg. C (),Lower limit: -20 deg. C (Environmental temperature) Upper limit: +75 deg. C (Environmental temperature),Teledyne e2v EV76C560,Global Shutter,"1/1.8""",5.3 (H) x 5.3 (V) µm,29 (W) x 29 (H) x 53 (D) mm,Approximately 63 g,C Mount,IR cut filter on it,RJ45 connector x 1,HR10A-7R-6PB (Hirose) or equivalent x 1,Full scanning / ROI,Edge preset trigger / Free-run,Mono8 / Mono10 / Mono10Packed BayerBG8 / BayerBG10 / BayerBG10Packed RGB8,10 µseconds to 1 second,x1 to x2,x1 to x3,0.1 to 4.0,x2 horizontal and vertical simultaneously / Off,x2 horizontal and vertical individually / x4 horizontal and vertical individually / Off,Vertical flip / Horizontal flip / Vertical and horizontal flip / Off,"Up to 2,048 pixels",Support (Eight settings),Auto exposure / Auto gain,,Auto / Manual / Push to set white balance,Support,Support,Support,
Sentech,stc-mbs163poe,GigE Vision Area Cameras,STC-MBS163POE,Area Camera,1.6MP,Monochrome,"1,440 (H) x 1,088 (V)",70.7 fps,PoE: IEEE802.3af CLASS2 (1000BASE-T),GigE Vision 2.1,Power Over Ethernet (IEEE802.3af) External power (+10.8 to +26.4 Vdc),PoE: Less than 4.7 W External power: Less than 3.7 W,Lower limit: 0 deg. C (approximately) Upper limit: +39 deg. C (approximately),Lower limit: -20 deg. C (Environmental temperature) Upper limit: +70 deg. C (Environmental temperature),SONY IMX273,Global Shutter,"1/2.9""",3.45 (H) x 3.45 (V) µm,29 (W) x 29 (H) x 53 (D) mm,Approximately 65 g,C Mount,No optical filter,RJ45 connector x 1,HR10A-7R-6PB (Hirose) or equivalent x 1,Full scanning / ROI,Edge preset trigger / Pulse width trigger / Free-run,Mono8 / Mono10 / Mono12 / Mono10Packed / Mono12Packed,1 µs to 16.777 seconds,0 to 20.8 dB,x1 to x3,0.1 to 4.0,x2 horizontal and vertical simultaneously / Off,x2 horizontal and vertical simultaneously / Off,Vertical flip / Horizontal flip / Vertical and horizontal flip / Off,"Up to 2,048 pixels",Support (Eight settings),,,Auto exposure / Auto gain,Support,Support,Support,
Sentech,stc-mcs163poe,GigE Vision Area Cameras,STC-MCS163POE,Area Camera,1.6MP,Color,"1,440 (H) x 1,088 (V)",70.7 fps,PoE: IEEE802.3af CLASS2 (1000BASE-T),GigE Vision 2.1,Power Over Ethernet (IEEE802.3af) External power (+10.8 to +26.4 Vdc),PoE: Less than 4.7 W External power: Less than 3.7 W,Lower limit: 0 deg. C (approximately) Upper limit: +39 deg. C (approximately),Lower limit: -20 deg. C (Environmental temperature) Upper limit: +70 deg. C (Environmental temperature),SONY IMX273,Global Shutter,"1/2.9""",3.45 (H) x 3.45 (V) µm,29 (W) x 29 (H) x 53 (D) mm,Approximately 65 g,C Mount,IR cut filter on it,RJ45 connector x 1,HR10A-7R-6PB (Hirose) or equivalent x 1,Full scanning / ROI,Edge preset trigger / Pulse width trigger / Free-run,Mono8 / Mono10 / Mono12 / Mono10Packed / Mono12Packed BayerRG8 / BayerRG10 / BayerRG12 / BayerRG10Packed / BayerRG12Packed RGB8,1 µs to 16.777 seconds,0 to 20.8 dB,x1 to x3,0.1 to 4.0,,x2 horizontal and vertical simultaneously / Off,Vertical flip / Horizontal flip / Vertical and horizontal flip / Off,"Up to 2,048 pixels",Support (Eight settings),Auto exposure / Auto gain,,Auto / Manual / Push to set white balance,Support,Support,Support,
Sentech,stc-mbs202poe,GigE Vision Area Cameras,STC-MBS202POE,Area Camera,2MP,Monochrome,"1,624 (H) x 1,240 (V)",54.6 fps,PoE: IEEE802.3af CLASS2 (1000BASE-T),GigE Vision 2.1,Power Over Ethernet (IEEE802.3af) External power (+10.8 to +26.4 Vdc),PoE: Less than 4.9 W External power: Less than 4.0 W,Lower limit: 0 deg. C (Environmental temperature) Upper limit: +36 deg. C (Environmental temperature),Lower limit: -20 deg. C (Environmental temperature) Upper limit: +70 deg. C (Environmental temperature),SONY IMX430,Global Shutter,"1/1.7""",4.5 (H) x 4.5 (V) µm,29 (W) x 29 (H) x 53 (D) mm,Approximately 65 g,C Mount,No optical filter,RJ45 connector x 1,HR10A-7R-6PB (Hirose) or equivalent x 1,Full scanning / ROI,Edge preset trigger / Pulse width trigger / Free-run,Mono8 / Mono10 / Mono12 / Mono10Packed / Mono12Packed,1 µs to 16.777 seconds,0 to 20.8 dB,x1 to x3,0.1 to 4.0,x2 horizontal and vertical simultaneously / Off,x2 horizontal and vertical simultaneously / Off,Vertical flip / Horizontal flip / Vertical and horizontal flip / Off,"Up to 2,048 pixels",Support (Eight settings),,,Auto exposure / Auto gain,Support,Support,Support,
Sentech,stc-mcs202poe,GigE Vision Area Cameras,STC-MCS202POE,Area Camera,2MP,Color,"1,624 (H) x 1,240 (V)",54.6 fps,PoE: IEEE802.3af CLASS2 (1000BASE-T),GigE Vision 2.1,Power Over Ethernet (IEEE802.3af) External power (+10.8 to +26.4 Vdc),PoE: Less than 4.9 W External power: Less than 4.0 W,Lower limit: 0 deg. C (Environmental temperature) Upper limit: +36 deg. C (Environmental temperature),Lower limit: -20 deg. C (Environmental temperature) Upper limit: +70 deg. C (Environmental temperature),SONY IMX430,Global Shutter,"1/1.7""",4.5 (H) x 4.5 (V) µm,29 (W) x 29 (H) x 53 (D) mm,Approximately 65 g,C Mount,IR cut filter on it,RJ45 connector x 1,HR10A-7R-6PB (Hirose) or equivalent x 1,Full scanning / ROI,Edge preset trigger / Pulse width trigger / Free-run,Mono8 / Mono10 / Mono12 / Mono10Packed / Mono12Packed BayerRG8 / BayerRG10 / BayerRG12 / BayerRG10Packed / BayerRG12Packed RGB8,1 µs to 16.777 seconds,0 to 20.8 dB,x1 to x3,0.1 to 4.0,,x2 horizontal and vertical simultaneously / Off,Vertical flip / Horizontal flip / Vertical and horizontal flip / Off,"Up to 2,048 pixels",Support (Eight settings),Auto exposure / Auto gain,,Auto / Manual / Push to set white balance,Support,Support,Support,
Sentech,stc-mbs231poe,GigE Vision Area Cameras,STC-MBS231POE,Area Camera,2.3MP,Monochrome,"1,920 (H) x 1,200 (V)",41.3 fps,PoE: IEEE802.3af CLASS1 (1000BASE-T),GigE Vision 2.1,Power Over Ethernet (IEEE802.3af) External power (+10.8 to +26.4 Vdc),PoE: Less than 4.2 W External power: Less than 3.6 W,Lower limit: 0 deg. C (approximately) Upper limit: +39 deg. C (approximately),Lower limit: -20 deg. C (Environmental temperature) Upper limit: +70 deg. C (Environmental temperature),SONY IMX249,Global Shutter,"1/1.2""",5.86 (H) x 5.86 (V) µm,29 (W) x 29 (H) x 53 (D) mm,Approximately 63 g,C Mount,No optical filter,RJ45 connector x 1,HR10A-7R-6PB (Hirose) or equivalent x 1,Full scanning / ROI,Edge preset trigger / Free-run,Mono8 / Mono10 / Mono12 / Mono10Packed / Mono12Packed,33.12 µseconds to 16.777 seconds,0 to 20.8 dB,x1 to x3,0.1 to 4.0,x2 horizontal and vertical simultaneously / Off,x2 horizontal and vertical simultaneously / Off,Vertical flip / Horizontal flip / Vertical and horizontal flip / Off,"Up to 2,048 pixels",Support (Eight settings),,,Auto exposure / Auto gain,Support,Support,Support,
Sentech,stc-mcs231poe,GigE Vision Area Cameras,STC-MCS231POE,Area Camera,2.3MP,Color,"1,920 (H) x 1,200 (V)",41.3 fps,PoE: IEEE802.3af CLASS1 (1000BASE-T),GigE Vision 2.1,Power Over Ethernet (IEEE802.3af) External power (+10.8 to +26.4 Vdc),PoE: Less than 4.2 W External power: Less than 3.6 W,Lower limit: 0 deg. C (approximately) Upper limit: +39 deg. C (approximately),Lower limit: -20 deg. C (Environmental temperature) Upper limit: +70 deg. C (Environmental temperature),SONY IMX249,Global Shutter,"1/1.2""",5.86 (H) x 5.86 (V) µm,29 (W) x 29 (H) x 53 (D) mm,Approximately 63 g,C Mount,IR cut filter on it,RJ45 connector x 1,HR10A-7R-6PB (Hirose) or equivalent x 1,Full scanning / ROI,Edge preset trigger / Free-run,Mono8 / Mono10 / Mono12 / Mono10Packed / Mono12Packed BayerRG8 / BayerRG10 / BayerRG12 / BayerRG10Packed / BayerRG12Packed RGB8,33.12 µseconds to 16.777 seconds,0 to 20.8 dB,x1 to x3,0.1 to 4.0,x2 horizontal and vertical simultaneously / Off,x2 horizontal and vertical simultaneously / Off,Vertical flip / Horizontal flip / Vertical and horizontal flip / Off,"Up to 2,048 pixels",Support (Eight settings),Auto exposure / Auto gain,,Auto / Manual / Push to set white balance,Support,Support,Support,
Sentech,stc-mbs312poe,GigE Vision Area Cameras,STC-MBS312POE,Area Camera,3.2MP,Monochrome,"2,048 (H) x 1,536 (V)",34.9 fps,PoE: IEEE802.3af CLASS2 (1000BASE-T),GigE Vision 2.1,Power Over Ethernet (IEEE802.3af) External power (+10.8 to +26.4 Vdc),PoE: Less than 4.4 W External power: Less than 3.6 W,Lower limit: 0 deg. C (approximately) Upper limit: +39 deg. C (approximately),Lower limit: -20 deg. C (Environmental temperature) Upper limit: +70 deg. C (Environmental temperature),SONY IMX265,Global Shutter,"1/1.8""",3.45 (H) x 3.45 (V) µm,29 (W) x 29 (H) x 53 (D) mm,Approximately 65 g,C Mount,No optical filter,RJ45 connector x 1,HR10A-7R-6PB (Hirose) or equivalent x 1,Full scanning / ROI,Edge preset trigger / Pulse width trigger / Free-run,Mono8 / Mono10 / Mono12 / Mono10Packed / Mono12Packed,1 µs to 16.777 seconds,0 to 20.8 dB,x1 to x3,0.1 to 4.0,,x2 horizontal and vertical simultaneously / Off,Vertical flip / Horizontal flip / Vertical and horizontal flip / Off,"Up to 2,048 pixels",Support (Eight settings),,,Auto exposure / Auto gain,Support,Support,Support,
Sentech,stc-mcs312poe,GigE Vision Area Cameras,STC-MCS312POE,Area Camera,3.2MP,Color,"2,048 (H) x 1,536 (V)",34.9 fps,PoE: IEEE802.3af CLASS2 (1000BASE-T),GigE Vision 2.1,Power Over Ethernet (IEEE802.3af) External power (+10.8 to +26.4 Vdc),PoE: Less than 4.4 W External power: Less than 3.6 W,Lower limit: 0 deg. C (approximately) Upper limit: +39 deg. C (approximately),Lower limit: -20 deg. C (Environmental temperature) Upper limit: +70 deg. C (Environmental temperature),SONY IMX265,Global Shutter,"1/1.8""",3.45 (H) x 3.45 (V) µm,29 (W) x 29 (H) x 53 (D) mm,Approximately 65 g,C Mount,IR cut filter on it,RJ45 connector x 1,HR10A-7R-6PB (Hirose) or equivalent x 1,Full scanning / ROI,Edge preset trigger / Pulse width trigger / Free-run,Mono8 / Mono10 / Mono12 / Mono10Packed / Mono12Packed BayerRG8 / BayerRG10 / BayerRG12 / BayerRG10Packed / BayerRG12Packed RGB8,1 µs to 16.777 seconds,0 to 20.8 dB,x1 to x3,0.1 to 4.0,,x2 horizontal and vertical simultaneously / Off,Vertical flip / Horizontal flip / Vertical and horizontal flip / Off,"Up to 2,048 pixels",Support (Eight settings),Auto exposure / Auto gain,,Auto / Manual / Push to set white balance,Support,Support,Support,
Sentech,stc-mbs500poe,GigE Vision Area Cameras,STC-MBS500POE,Area Camera,5MP,Monochrome,"2,448 (H) x 2,048 (V)",21.9 fps,PoE: IEEE802.3af CLASS2 (1000BASE-T,GigE Vision 2.1,Power Over Ethernet (IEEE802.3af) External power (+10.8 to +26.4 Vdc),PoE: Less than 4.4 W External power: Less than 3.6 W,Lower limit: 0 deg. C (Environmental temperature) Upper limit: +40 deg. C (Environmental temperature),Lower limit: -20 deg. C (Environmental temperature) Upper limit: +70 deg. C (Environmental temperature),SONY IMX264,Global Shutter,"2/3""",3.45 (H) x 3.45 (V) µm,29 (W) x 29 (H) x 53 (D) mm,Approximately 65 g,C Mount,No optical filter,RJ45 connector x 1,HR10A-7R-6PB (Hirose) or equivalent x 1,Full scanning / ROI,Edge preset trigger / Pulse width trigger / Free-run,Mono8 / Mono10 / Mono12 / Mono10Packed / Mono12Packed,1 µs to 16.777 seconds,0 to 20.8 dB,x1 to x3,0.01 to 4.00,,x2 horizontal and vertical simultaneously / Off,Vertical flip / Horizontal flip / Vertical and horizontal flip / Off,"Up to 2,048 pixels",Support (Eight settings),,,Auto exposure / Auto gain,Support,Support,Support,
Sentech,stc-mcs500poe,GigE Vision Area Cameras,STC-MCS500POE,Area Camera,5MP,Color,"2,448 (H) x 2,048 (V)",21.9 fps,PoE: IEEE802.3af CLASS2 (1000BASE-T),GigE Vision 2.1,Power Over Ethernet (IEEE802.3af) External power (+10.8 to +26.4 Vdc),PoE: Less than 4.4 W External power: Less than 3.6 W,Lower limit: 0 deg. C (Environmental temperature) Upper limit: +40 deg. C (Environmental temperature),Lower limit: -20 deg. C (Environmental temperature) Upper limit: +70 deg. C (Environmental temperature),SONY IMX264,Global Shutter,"2/3""",3.45 (H) x 3.45 (V) µm,29 (W) x 29 (H) x 53 (D) mm,Approximately 65 g,C Mount,IR cut filter on it,RJ45 connector x 1,HR10A-7R-6PB (Hirose) or equivalent x 1,Full scanning / ROI,Edge preset trigger / Pulse width trigger / Free-run,Mono8 / Mono10 / Mono12 / Mono10Packed / Mono12Packed BayerRG8 / BayerRG10 / BayerRG12 / BayerRG10Packed / BayerRG12Packed RGB8,1 µs to 16.777 seconds,0 to 20.8 dB,x1 to x3,0.01 to 4.00,,x2 horizontal and vertical simultaneously / Off,Vertical flip / Horizontal flip / Vertical and horizontal flip / Off,"Up to 2,048 pixels",Support (Eight settings),Auto exposure / Auto gain,,Auto / Manual / Push to set white balance,Support,Support,Support,
Sentech,stc-mba503poe-hs,GigE Vision Area Cameras,STC-MBA503POE-HS,Area Camera,5MP,Monochrome,"2,592 (H) x 1,944 (V)",21.8 fps,PoE: IEEE802.3af CLASS1 (1000BASE-T),GigE Vision 2.1,Power Over Ethernet (IEEE802.3af) External power (+10.8 to +26.4 Vdc),PoE: Less than 3.6 W External power: Less than 3.0 W,Lower limit: 0 deg. C (Environmental temperature) Upper limit: +45 deg. C (Environmental temperature),Lower limit: -25 deg. C (Environmental temperature) Upper limit: +75 deg. C (Environmental temperature),onsemi AR0521,Rolling Shutter / Global Reset,"1/2.5""",2.2 (H) x 2.2 (V) µm,29 (W) x 29 (H) x 53 (D) mm,Approximately 62 g,C Mount,No optical filter,RJ45 connector x 1,HR10A-7R-6PB (Hirose) or equivalent x 1,Full scanning / ROI,Edge preset trigger / Free-run,Mono8 / Mono10 / Mono12 / Mono10Packed / Mono12Packed,20.2 µseconds to 1.323 seconds,x1 to x15.28,x1 to x3,0.1 to 4.0,x2 horizontal and vertical individually / x4 horizontal and vertical individually / Off,x2 horizontal and vertical individually / x4 horizontal and vertical individually / Off,Vertical flip / Horizontal flip / Vertical and horizontal flip/ Off,"Up to 4,096 pixels",Support (Eight settings),,,Auto exposure / Auto gain,Support,Support,Support,
Sentech,stc-mca503poe-hs,GigE Vision Area Cameras,STC-MCA503POE-HS,Area Camera,5MP,Color,"2,592 (H) x 1,944 (V)",21.8 fps,PoE: IEEE802.3af CLASS1 (1000BASE-T),GigE Vision 2.1,Power Over Ethernet (IEEE802.3af) External power (+10.8 to +26.4 Vdc),PoE: Less than 3.6 W External power: Less than 3.0 W,Lower limit: 0 deg. C (Environmental temperature) Upper limit: +45 deg. C (Environmental temperature),Lower limit: -25 deg. C (Environmental temperature) Upper limit: +75 deg. C (Environmental temperature),onsemi AR0521,Rolling Shutter / Global Reset,"1/2.5""",2.2 (H) x 2.2 (V),29 (W) x 29 (H) x 53 (D) mm (*1),Approximately 62 g,C Mount,IR cut filter on it,RJ45 connector x 1,HR10A-7R-6PB (Hirose) or equivalent x 1,Full scanning / ROI,Edge preset trigger / Free-run,Mono8 / Mono10 / Mono12 / Mono10Packed / Mono12Packed BayerRG8 / BayerRG10 / BayerRG12 / BayerRG10Packed / BayerRG12Packed RGB8,20.2 µseconds to 1.323 seconds,x1 to x15.28,x1 to x3,0.1 to 4.0,x2 horizontal and vertical individually / x4 horizontal and vertical individually / Off,x2 horizontal and vertical individually / x4 horizontal and vertical individually / Off,Vertical flip / Horizontal flip / Vertical and horizontal flip/ Off,"Up to 4,096 pixels",Support (Eight settings),Auto / Manual / Push to set white balance,,Auto exposure / Auto gain / Auto white balance,Support,Support,Support,
Sentech,stc-mbs642poe,GigE Vision Area Cameras,STC-MBS642POE,Area Camera,6.4MP,Monochrome,"3,072 (H) x 2,048 (V)",17.4 fps,PoE: IEEE802.3af CLASS2 (1000BASE-T),GigE Vision 2.1,Power Over Ethernet (IEEE802.3af) External power (+10.8 to +26.4 Vdc),PoE: Less than 4.2 W External power: Less than 3.3 W,Lower limit: 0 deg. C (Environmental temperature) Upper limit: +41 deg. C (Environmental temperature),Lower limit: -20 deg. C (Environmental temperature) Upper limit: +70 deg. C (Environmental temperature),SONY IMX178,Rolling Shutter / Global Reset,"1/1.8""",2.4 (H) x 2.4 (V) µm,29 (W) x 29 (H) x 53 (D) mm,Approximately 63 g,C Mount,No optical filter,RJ45 connector x 1,HR10A-7R-6PB (Hirose) or equivalent x 1,Full scanning / ROI,Edge preset trigger / Free-run,Mono8 / Mono10 / Mono12 / Mono10Packed / Mono12Packed,28.523 µseconds to 16.777 seconds,0 to 20.8 dB,x1 to x3,0.1 to 4.0,,,Vertical flip / Horizontal flip / Vertical and horizontal flip / Off,"Up to 2,048 pixels",Support (Eight settings),,,Auto exposure / Auto gain,Support,Support,Support,
Sentech,stc-mcs642poe,GigE Vision Area Cameras,STC-MCS642POE,Area Camera,6.4MP,Color,"3,072 (H) x 2,048 (V)",17.4 fps,PoE: IEEE802.3af CLASS2 (1000BASE-T),GigE Vision 2.1,Power Over Ethernet (IEEE802.3af) External power (+10.8 to +26.4 Vdc),PoE: Less than 4.2 W External power: Less than 3.3 W,Lower limit: 0 deg. C (Environmental temperature) Upper limit: +41 deg. C (Environmental temperature),Lower limit: -20 deg. C (Environmental temperature) Upper limit: +70 deg. C (Environmental temperature),SONY IMX178,Rolling Shutter / Global Reset,"1/1.8""",2.4 (H) x 2.4 (V) µm,29 (W) x 29 (H) x 53 (D) mm,Approximately 63 g,C Mount,IR cut filter on it,RJ45 connector x 1,HR10A-7R-6PB (Hirose) or equivalent x 1,Full scanning / ROI,Edge preset trigger / Free-run,Mono8 / Mono10 / Mono12 / Mono10Packed / Mono12Packed BayerRG8 / BayerRG10 / BayerRG12 / BayerRG10Packed / BayerRG12Packed RGB8,28.523 µseconds to 16.777 seconds,0 to 20.8 dB,x1 to x3,0.1 to 4.0,,,Vertical flip / Horizontal flip / Vertical and horizontal flip / Off,"Up to 2,048 pixels",Support (Eight settings),Auto exposure / Auto gain,,Auto / Manual / Push to set white balance,Support,Support,Support,
Sentech,stc-mbs881poe,GigE Vision Area Cameras,STC-MBS881POE,Area Camera,8.9MP,Monochrome,"4,096 (H) x 2,160 (V)",12.4 fps,PoE: IEEE802.3af CLASS1 (1000BASE-T),GigE Vision 2.1,Power Over Ethernet (IEEE802.3af) External power (+10.8 to +26.4 Vdc),PoE: Less than 4.6 W External power: Less than 4.3 W,Lower limit: 0 deg. C (Environmental temperature) Upper limit: +40 deg. C (Environmental temperature),Lower limit: -20 deg. C (Environmental temperature) Upper limit: +70 deg. C (Environmental temperature),SONY IMX267,Global Shutter,"1""",3.45 (H) x 3.45 (V) µm,40 (W) x 30 (H) x 54.5 (D) mm,Approximately 100 g,C Mount,No optical filter,RJ45 connector x 1,HR10A-7R-6PB (Hirose) or equivalent x 1,Full scanning / ROI,Edge preset trigger / Pulse width trigger / Free-run,Mono8 / Mono10 / Mono12 / Mono10Packed / Mono12Packed,1 µs to 16.777 seconds,0 to 20.8 dB,x1 to x3,0.1 to 4.0,,x2 horizontal and vertical simultaneously / Off,Vertical flip / Horizontal flip / Vertical and horizontal flip / Off,"Up to 2,048 pixels",Support (Eight settings),,Support,Auto exposure / Auto gain,Support,Support,Support,
Sentech,stc-mcs881poe,GigE Vision Area Cameras,STC-MCS881POE,Area Camera,8.9MP,Color,"4,096 (H) x 2,160 (V)",12.4 fps,PoE: IEEE802.3af CLASS1 (1000BASE-T),GigE Vision 2.1,Power Over Ethernet (IEEE802.3af) External power (+10.8 to +26.4 Vdc),PoE: Less than 4.6 W External power: Less than 4.3 W,Lower limit: 0 deg. C (Environmental temperature) Upper limit: +40 deg. C (Environmental temperature),Lower limit: -20 deg. C (Environmental temperature) Upper limit: +70 deg. C (Environmental temperature),SONY IMX267,Global Shutter,"1""",3.45 (H) x 3.45 (V) µm,40 (W) x 30 (H) x 54.5 (D) mm,Approximately 100 g,C Mount,IR cut filter on it,RJ45 connector x 1,HR10A-7R-6PB (Hirose) or equivalent x 1,Full scanning / ROI,Edge preset trigger / Pulse width trigger / Free-run,Mono8 / Mono10 / Mono12 / Mono10Packed / Mono12Packed BayerRG8 / BayerRG10 / BayerRG12 / BayerRG10Packed / BayerRG12Packed RGB8,1 µs to 16.777 seconds,0 to 20.8 dB,x1 to x3,0.1 to 4.0,,x2 horizontal and vertical simultaneously / Off,Vertical flip / Horizontal flip / Vertical and horizontal flip / Off,"Up to 2,048 pixels",Support (Eight settings),Auto exposure / Auto gain,Support,Auto / Manual / Push to set white balance,Support,Support,Support,
Sentech,stc-mbs1242poe,GigE Vision Area Cameras,STC-MBS1242POE,Area Camera,12MP,Monochrome,"4,000 (H) x 3,000 (V)",9.2 fps,PoE: IEEE802.3af CLASS1 (1000BASE-T),GigE Vision 2.1,Power Over Ethernet (IEEE802.3af) External power (+10.8 to +26.4 Vdc),PoE: Less than 4.1 W External pwoer: Less than 3.4 W,Lower limit: 0 deg. C (Environmental temperature) Upper limit: +40 deg. C (Environmental temperature),Lower limit: -20 deg. C (Environmental temperature) Upper limit: +70 deg. C (Environmental temperature),SONY IMX226,Rolling Shutter / Global Reset,"1/1.7""",1.85 (H) x 1.85 (V) µm,29 (W) x 29 (H) x 53 (D) mm,Approximately 65 g,C Mount,No optical filter,RJ45 connector x 1,HR10A-7R-6PB (Hirose) or equivalent x 1,Full scanning / ROI,Edge preset trigger / Pulse width trigger / Free-run,Mono8 / Mono10 / Mono12 / Mono10Packed / Mono12Packed,213 µseconds to 16.777 seconds,0 to 15 dB,x1 to x3,0.1 to 4.0,,,Vertical flip / Off (Not support horizontal flip),"Up to 2,048 pixels",Support (Eight settings),,,Auto exposure / Auto gain,Support,Support,Support,
Sentech,stc-mcs1242poe,GigE Vision Area Cameras,STC-MCS1242POE,Area Camera,12MP,Color,"4,000 (H) x 3,000 (V)",9.2 fps,PoE: IEEE802.3af CLASS1 (1000BASE-T),GigE Vision 2.1,Power Over Ethernet (IEEE802.3af) External power (+10.8 to +26.4 Vdc),PoE: Less than 4.1 W External pwoer: Less than 3.4 W,Lower limit: 0 deg. C (Environmental temperature) Upper limit: +40 deg. C (Environmental temperature),Lower limit: -20 deg. C (Environmental temperature) Upper limit: +70 deg. C (Environmental temperature),SONY IMX226,Rolling Shutter / Global Reset,"1/1.7""",1.85 (H) x 1.85 (V) µm,29 (W) x 29 (H) x 53 (D) mm,Approximately 65 g,C Mount,IR cut filter on it,RJ45 connector x 1,HR10A-7R-6PB (Hirose) or equivalent x 1,Full scanning / ROI,Edge preset trigger / Pulse width trigger / Free-run,Mono8 / Mono10 / Mono12 / Mono10Packed / Mono12Packed BayerRG8 / BayerRG10 / BayerRG12 / BayerRG10Packed / BayerRG12Packed RGB8,213 µseconds to 16.777 seconds,0 to 15 dB,x1 to x3,0.1 to 4.0,,,Vertical flip / Off (Not support horizontal flip),"Up to 2,048 pixels",Support (Eight settings),Auto exposure / Auto gain,,Auto / Manual / Push to set white balance,Support,Support,Support,
Sentech,stc-mbs122bpoe,GigE Vision Area Cameras,STC-MBS122BPOE,Area Camera,12MP,Monochrome,"4,096 (H) x 3,000 (V)",8.9 fps,PoE: IEEE802.3af CLASS2 (1000BASE-T),GigE Vision 2.1,Power Over Ethernet (IEEE802.3af) External power (+10.8 to +26.4 Vdc),PoE: Less than 4.6 W External power: Less than 4.1 W,Lower limit: 0 deg. C (Environmental temperature) Upper limit: +40 deg. C (Environmental temperature),Lower limit: -20 deg. C (Environmental temperature) Upper limit: +70 deg. C (Environmental temperature),SONY IMX304,Global Shutter,"1.1""",3.45 (H) x 3.45 (V) µm,40 (W) x 30 (H) x 54.5 (D) mm,Approximately 100 g,C Mount,No optical filter,RJ45 connector x 1,HR10A-7R-6PB (Hirose) or equivalent x 1,Full scanning / ROI,Edge preset trigger / Pulse width trigger / Free-run,Mono8 / Mono10 / Mono12 / Mono10Packed / Mono12Packed,1 µs to 16.777 seconds,0 to 20.8 dB,x1 to x3,0.1 to 4.0,,x2 horizontal and vertical simultaneously / Off,Vertical flip / Horizontal flip / Vertical and horizontal flip / Off,"Up to 2,048 pixels",Support (Eight settings),,Support,Auto exposure / Auto gain,Support,Support,Support,
Sentech,stc-mcs122bpoe,GigE Vision Area Cameras,STC-MCS122BPOE,Area Camera,12MP,Color,"4,096 (H) x 3,000 (V)",8.9 fps,PoE: IEEE802.3af CLASS2 (1000BASE-T),GigE Vision 2.1,Power Over Ethernet (IEEE802.3af) External power (+10.8 to +26.4 Vdc),PoE: Less than 4.6 W External power: Less than 4.1 W,Lower limit: 0 deg. C (Environmental temperature) Upper limit: +40 deg. C (Environmental temperature),Lower limit: -20 deg. C (Environmental temperature) Upper limit: +70 deg. C (Environmental temperature),SONY IMX304,Global Shutter,"1.1""",3.45 (H) x 3.45 (V) µm,40 (W) x 30 (H) x 54.5 (D) mm,Approximately 100 g,C Mount,IR cut filter on it,RJ45 connector x 1,HR10A-7R-6PB (Hirose) or equivalent x 1,Full scanning / ROI,Edge preset trigger / Pulse width trigger / Free-run,Mono8 / Mono10 / Mono12 / Mono10Packed / Mono12Packed BayerRG8 / BayerRG10 / BayerRG12 / BayerRG10Packed / BayerRG12Packed RGB8,1 µs to 16.777 seconds,0 to 20.8 dB,x1 to x3,0.1 to 4.0,,x2 horizontal and vertical simultaneously / Off,Vertical flip / Horizontal flip / Vertical and horizontal flip / Off,"Up to 2,048 pixels",Support (Eight settings),Auto exposure / Auto gain,Support,Auto / Manual / Push to set white balance,Support,Support,Support,
Sentech,stc-mbs2041poe,GigE Vision Area Cameras,STC-MBS2041POE,Area Camera,20MP,Monochrome,"5,472 (H) x 3,648 (V)",5.5 fps,PoE: IEEE802.3af CLASS1 (1000BASE-T),GigE Vision 2.1,Power Over Ethernet (IEEE802.3af) External power (+10.8 to +26.4 Vdc),PoE: Less than 4.4 W External power: Less than 3.4 W,Lower limit: 0 deg. C (approximately) Upper limit: +39 deg. C (approximately),Lower limit: -20 deg. C (Environmental temperature) Upper limit: +70 deg. C (Environmental temperature),SONY IMX183,Rolling Shutter / Global Reset,"1""",2.4 (H) x 2.4 (V) µm,29 (W) x 29 (H) x 53 (D) mm,Approximately 65 g,C Mount,No optical filter,RJ45 connector x 1,HR10A-7R-6PB (Hirose) or equivalent x 1,Full scanning / ROI,Edge preset trigger / Pulse width trigger / Free-run,Mono8 / Mono10 / Mono12 / Mono10Packed / Mono12Packed,280.902 µseconds to 16.777 seconds,0 to 15 dB,x1 to x3,0.1 to 4.0,,,Vertical flip / Off (Not support horizontal flip),"Up to 4,096 pixels",Support (Eight settings),,,Auto exposure / Auto gain,Support,Support,Support,
Sentech,stc-mcs2041poe,GigE Vision Area Cameras,STC-MCS2041POE,Area Camera,20MP,Color,"5,472 (H) x 3,648 (V)",5.5 fps,PoE: IEEE802.3af CLASS1 (1000BASE-T),GigE Vision 2.1,Power Over Ethernet (IEEE802.3af) External power (+10.8 to +26.4 Vdc),PoE: Less than 4.4 W External power: Less than 3.4 W,Lower limit: 0 deg. C (approximately) Upper limit: +39 deg. C (approximately),Lower limit: -20 deg. C (Environmental temperature) Upper limit: +70 deg. C (Environmental temperature),SONY IMX183,Rolling Shutter / Global Reset,"1""",2.4 (H) x 2.4 (V) µm,29 (W) x 29 (H) x 53 (D) mm,Approximately 65 g,C Mount,IR cut filter on it,RJ45 connector x 1,HR10A-7R-6PB (Hirose) or equivalent x 1,Full scanning / ROI,Edge preset trigger / Pulse width trigger / Free-run,Mono8 / Mono10 / Mono12 / Mono10Packed / Mono12Packed BayerRG8 / BayerRG10 / BayerRG12 / BayerRG10Packed / BayerRG12Packed RGB8,280.902 µseconds to 16.777 seconds,0 to 15 dB,x1 to x3,0.1 to 4.0,,,Vertical flip / Off (Not support horizontal flip),"Up to 4,096 pixels",Support (Eight settings),Auto exposure / Auto gain,,Auto / Manual / Push to set white balance,Support,Support,Support,
Sentech,stc-bbs43poe-bc,GigE Vision Board Area Cameras,STC-BBS43POE-BC,Area Camera,0.4MP,Monochrome,720 (H) x 540 (V),282.8 fps,PoE: IEEE802.3af CLASS2 (1000BASE-T),GigE Vision 2.1,Power Over Ethernet (PoE) (IEEE802.3af),Less than 5.1 W,Lower limit: 0 deg. C (Environmental temperature) Upper limit: +67 deg. C (Temperature sensor on camera),Lower limit: -20 deg. C (Environmental temperature) Upper limit: +70 deg. C (Environmental temperature),SONY IMX287,Global Shutter,"1/2.9""",6.90 (H) x 6.90 (V) µm,38 (W) x 38 (H) x 40.1 (D) mm,Approximately 49 g,C Mount,No optical filter,RJ45 connector x 1,SM06B-SRSS (JST) x 1,Full scanning / ROI,Edge preset trigger / Pulse width trigger / Free-run,Mono8 / Mono10 / Mono12 / Mono10Packed / Mono12Packed,1 µs to 16.777 seconds,0 to 20.8 dB,x1 to x3,0.1 to 4.0,,,Vertical flip / Horizontal flip / Vertical and horizontal flip / Off,"Up to 2,048 pixels",Support (Eight settings),,,Auto exposure / Auto gain,Support,Support,Support,
Sentech,stc-bcs43poe-bc,GigE Vision Board Area Cameras,STC-BCS43POE-BC,Area Camera,0.4MP,Color,720 (H) x 540 (V),282.8 fps,PoE: IEEE802.3af CLASS2 (1000BASE-T),GigE Vision 2.1,Power Over Ethernet (PoE) (IEEE802.3af),Less than 5.1 W,Lower limit: 0 deg. C (Environmental temperature) Upper limit: +67 deg. C (Temperature sensor on camera),Lower limit: -20 deg. C (Environmental temperature) Upper limit: +70 deg. C (Environmental temperature),SONY IMX287,Global Shutter,"1/2.9""",6.90 (H) x 6.90 (V) µm,38 (W) x 38 (H) x 40.4 (D) mm,Approximately 49 g,C Mount,IR cut filter on it,RJ45 connector x 1,SM06B-SRSS (JST) x 1,Full scanning / ROI,Edge preset trigger / Pulse width trigger / Free-run,Mono8 / Mono10 / Mono12 / Mono10Packed / Mono12Packed BayerRG8 / BayerRG10 / BayerRG12 / BayerRG10Packed / BayerRG12Packed RGB8,1 µs to 16.777 seconds,0 to 20.8 dB,x1 to x3,0.1 to 4.0,,,Vertical flip / Horizontal flip / Vertical and horizontal flip / Off,"Up to 2,048 pixels",Support (Eight settings),Auto exposure / Auto gain,,Auto / Manual / Push to set white balance,Support,Support,Support,
Sentech,stc-bbs43poe-bl,GigE Vision Board Area Cameras,STC-BBS43POE-BL,Area Camera,0.4MP,Monochrome,720 (H) x 540 (V),282.8 fps,PoE: IEEE802.3af CLASS2 (1000BASE-T),GigE Vision 2.1,Power Over Ethernet (PoE) (IEEE802.3af),Less than 5.1 W,Lower limit: 0 deg. C (Environmental temperature) Upper limit: +68 deg. C (Temperature sensor on camera),Lower limit: -20 deg. C (Environmental temperature) Upper limit: +70 deg. C (Environmental temperature),SONY IMX287,Global Shutter,"1/2.9""",6.90 (H) x 6.90 (V) µm,38 (W) x 38 (H) x 34.7 (D) mm,Approximately 48 g,S Mount,No optical filter,RJ45 connector x 1,SM06B-SRSS (JST) x 1,Full scanning / ROI,Edge preset trigger / Pulse width trigger / Free-run,Mono8 / Mono10 / Mono12 / Mono10Packed / Mono12Packed,1 µs to 16.777 seconds,0 to 20.8 dB,x1 to x3,0.1 to 4.0,,,Vertical flip / Horizontal flip / Vertical and horizontal flip / Off,"Up to 2,048 pixels",Support (Eight settings),,,Auto exposure / Auto gain,Support,Support,Support,
Sentech,stc-bcs43poe-bl,GigE Vision Board Area Cameras,STC-BCS43POE-BL,Area Camera,0.4MP,Color,720 (H) x 540 (V),282.8 fps,PoE: IEEE802.3af CLASS2 (1000BASE-T),GigE Vision 2.1,Power Over Ethernet (PoE) (IEEE802.3af),Less than 5.1 W,Lower limit: 0 deg. C (Environmental temperature) Upper limit: +68 deg. C (Temperature sensor on camera),Lower limit: -20 deg. C (Environmental temperature) Upper limit: +70 deg. C (Environmental temperature),SONY IMX287,Global Shutter,"1/2.9""",6.90 (H) x 6.90 (V) µm,38 (W) x 38 (H) x 35.0 (D) mm,Approximately 48 g,S Mount,IR cut filter on it,RJ45 connector x 1,SM06B-SRSS (JST) x 1,Full scanning / ROI,Edge preset trigger / Pulse width trigger / Free-run,Mono8 / Mono10 / Mono12 / Mono10Packed / Mono12Packed BayerRG8 / BayerRG10 / BayerRG12 / BayerRG10Packed / BayerRG12Packed RGB8,1 µs to 16.777 seconds,0 to 20.8 dB,x1 to x3,0.1 to 4.0,,,Vertical flip / Horizontal flip / Vertical and horizontal flip / Off,"Up to 2,048 pixels",Support (Eight settings),Auto exposure / Auto gain,,Auto / Manual / Push to set white balance,Support,Support,Support,
Sentech,stc-bbs43ge-bc,GigE Vision Board Area Cameras,STC-BBS43GE-BC,Area Camera,0.4MP,Monochrome,720 (H) x 540 (V),282.8 fps,IEEE802.3ab (1000BASE-T),GigE Vision 2.1,External power (+10.8 to +26.4 Vdc),Less than 3.8 W,Lower limit: 0 deg. C (Environmental temperature) Upper limit: +67 deg. C (Temperature sensor on camera),Lower limit: -20 deg. C (Environmental temperature) Upper limit: +70 deg. C (Environmental temperature),SONY IMX287,Global Shutter,"1/2.9""",6.90 (H) x 6.90 (V) µm,38 (W) x 38 (H) x 40.1 (D) mm,Approximately 49 g,C Mount,No optical filter,RJ45 connector x 1,SM06B-SRSS (JST) x 1,Full scanning / ROI,Edge preset trigger / Pulse width trigger / Free-run,Mono8 / Mono10 / Mono12 / Mono10Packed / Mono12Packed,1 µs to 16.777 seconds,0 to 20.8 dB,x1 to x3,0.1 to 4.0,,,Vertical flip / Horizontal flip / Vertical and horizontal flip / Off,"Up to 2,048 pixels",Support (Eight settings),,,Auto exposure / Auto gain,Support,Support,Support,
Sentech,stc-bcs43ge-bc,GigE Vision Board Area Cameras,STC-BCS43GE-BC,Area Camera,0.4MP,Color,720 (H) x 540 (V),282.8 fps,IEEE802.3ab (1000BASE-T),GigE Vision 2.1,External power (+10.8 to +26.4 Vdc),Less than 3.8 W,Lower limit: 0 deg. C (Environmental temperature) Upper limit: +67 deg. C (Temperature sensor on camera),Lower limit: -20 deg. C (Environmental temperature) Upper limit: +70 deg. C (Environmental temperature),SONY IMX287,Global Shutter,"1/2.9""",6.90 (H) x 6.90 (V) µm,38 (W) x 38 (H) x 40.4 (D) mm,Approximately 49 g,C Mount,IR cut filter on it,RJ45 connector x 1,SM06B-SRSS (JST) x 1,Full scanning / ROI,Edge preset trigger / Pulse width trigger / Free-run,Mono8 / Mono10 / Mono12 / Mono10Packed / Mono12Packed BayerRG8 / BayerRG10 / BayerRG12 / BayerRG10Packed / BayerRG12Packed RGB8,1 µs to 16.777 seconds,0 to 20.8 dB,x1 to x3,0.1 to 4.0,,,Vertical flip / Horizontal flip / Vertical and horizontal flip / Off,"Up to 2,048 pixels",Support (Eight settings),Auto exposure / Auto gain,,Auto / Manual / Push to set white balance,Support,Support,Support,
Sentech,stc-bbs43ge-bl,GigE Vision Board Area Cameras,STC-BBS43GE-BL,Area Camera,0.4MP,Monochrome,720 (H) x 540 (V),282.8 fps,IEEE802.3ab (1000BASE-T),GigE Vision 2.1,External power (+10.8 to +26.4 Vdc),Less than 3.8 W,Lower limit: 0 deg. C (Environmental temperature) Upper limit: +68 deg. C (Temperature sensor on camera),Lower limit: -20 deg. C (Environmental temperature) Upper limit: +70 deg. C (Environmental temperature),SONY IMX287,Global Shutter,"1/2.9""",6.90 (H) x 6.90 (V) µm,38 (W) x 38 (H) x 34.7 (D) mm,Approximately 48 g,S Mount,No optical filter,RJ45 connector x 1,SM06B-SRSS (JST) x 1,Full scanning / ROI,Edge preset trigger / Pulse width trigger / Free-run,Mono8 / Mono10 / Mono12 / Mono10Packed / Mono12Packed,1 µs to 16.777 seconds,0 to 20.8 dB,x1 to x3,0.1 to 4.0,,,Vertical flip / Horizontal flip / Vertical and horizontal flip / Off,"Up to 2,048 pixels",Support (Eight settings),,,Auto exposure / Auto gain,Support,Support,Support,
Sentech,stc-bcs43ge-bl,GigE Vision Board Area Cameras,STC-BCS43GE-BL,Area Camera,0.4MP,Color,720 (H) x 540 (V),282.8 fps,IEEE802.3ab (1000BASE-T),GigE Vision 2.1,External power (+10.8 to +26.4 Vdc),Less than 3.8 W,Lower limit: 0 deg. C (Environmental temperature) Upper limit: +68 deg. C (Temperature sensor on camera),Lower limit: -20 deg. C (Environmental temperature) Upper limit: +70 deg. C (Environmental temperature),SONY IMX287,Global Shutter,"1/2.9""",6.90 (H) x 6.90 (V) µm,38 (W) x 38 (H) x 35.0 (D) mm,Approximately 48 g,S Mount,IR cut filter on it,RJ45 connector x 1,SM06B-SRSS (JST) x 1,Full scanning / ROI,Edge preset trigger / Pulse width trigger / Free-run,Mono8 / Mono10 / Mono12 / Mono10Packed / Mono12Packed BayerRG8 / BayerRG10 / BayerRG12 / BayerRG10Packed / BayerRG12Packed RGB8,1 µs to 16.777 seconds,0 to 20.8 dB,x1 to x3,0.1 to 4.0,,,Vertical flip / Horizontal flip / Vertical and horizontal flip / Off,"Up to 2,048 pixels",Support (Eight settings),Auto exposure / Auto gain,,Auto / Manual / Push to set white balance,Support,Support,Support,
Sentech,stc-bbs163poe-bc,GigE Vision Board Area Cameras,STC-BBS163POE-BC,Area Camera,1.6MP,Monochrome,"1,440 (H) x 1,088 (V)",70.7 fps,PoE: IEEE802.3af CLASS2 (1000BASE-T),GigE Vision 2.1,Power Over Ethernet (PoE) (IEEE802.3af),Less than 5.1 W,Lower limit: 0 deg. C (Environmental temperature) Upper limit: +67 deg. C (Temperature sensor on camera),Lower limit: -20 deg. C (Environmental temperature) Upper limit: +70 deg. C (Environmental temperature),SONY IMX273,Global Shutter,"1/2.9""",3.45 (H) x 3.45 (V) µm,38 (W) x 38 (H) x 40.1 (D) mm,Approximately 48 g,C Mount,No optical filter,RJ45 connector x 1,SM06B-SRSS (JST) x 1,Full scanning / ROI,Edge preset trigger / Pulse width trigger / Free-run,Mono8 / Mono10 / Mono12 / Mono10Packed / Mono12Packed,1 µs to 16.777 seconds,0 to 20.8 dB,x1 to x3,0.1 to 4.0,x2 horizontal and vertical simultaneously / Off,x2 horizontal and vertical / Off,Vertical flip / Horizontal flip / Vertical and horizontal flip / Off,"Up to 2,048 pixels",Support (Eight settings),,,Auto exposure / Auto gain,Support,Support,Support,
Sentech,stc-bcs163poe-bc,GigE Vision Board Area Cameras,STC-BCS163POE-BC,Area Camera,1.6MP,Color,"1,440 (H) x 1,088 (V)",70.7 fps,IEEE802.3ab (1000BASE-T),GigE Vision 2.1,External power (+10.8 to +26.4 Vdc),Less than 3.9 W,Lower limit: 0 deg. C (Environmental temperature) Upper limit: +67 deg. C (Temperature sensor on camera),Lower limit: -20 deg. C (Environmental temperature) Upper limit: +70 deg. C (Environmental temperature),SONY IMX273,Global Shutter,"1/2.9""",3.45 (H) x 3.45 (V) µm,38 (W) x 38 (H) x 40.4 (D) mm,Approximately 48 g,C Mount,IR cut filter on it,RJ45 connector x 1,SM06B-SRSS (JST) x 1,Full scanning / ROI,Edge preset trigger / Pulse width trigger / Free-run,Mono8 / Mono10 / Mono12 / Mono10Packed / Mono12Packed BayerRG8 / BayerRG10 / BayerRG12 / BayerRG10Packed / BayerRG12Packed RGB8,1 µs to 16.777 seconds,0 to 20.8 dB,x1 to x3,0.1 to 4.0,,x2 horizontal and vertical / Off,Vertical flip / Horizontal flip / Vertical and horizontal flip / Off,"Up to 2,048 pixels",Support (Eight settings),Auto exposure / Auto gain,,Auto / Manual / Push to set white balance,Support,Support,Support,
Sentech,stc-bbs163poe-bl,GigE Vision Board Area Cameras,STC-BBS163POE-BL,Area Camera,1.6MP,Monochrome,"1,440 (H) x 1,088 (V)",70.7 fps,PoE: IEEE802.3af CLASS2 (1000BASE-T),GigE Vision 2.1,Power Over Ethernet (PoE) (IEEE802.3af),Less than 5.1 W,Lower limit: 0 deg. C (Environmental temperature) Upper limit: +68 deg. C (Temperature sensor on camera),Lower limit: -20 deg. C (Environmental temperature) Upper limit: +70 deg. C (Environmental temperature),SONY IMX273,Global Shutter,"1/2.9""",3.45 (H) x 3.45 (V) µm,38 (W) x 38 (H) x 34.7 (D) mm,Approximately 47 g,S Mount,No optical filter,RJ45 connector x 1,SM06B-SRSS (JST) x 1,Full scanning / ROI,Edge preset trigger / Pulse width trigger / Free-run,Mono8 / Mono10 / Mono12 / Mono10Packed / Mono12Packed,1 µsecond to 16.777 seconds,0 to 20.8 dB,x1 to x3,0.1 to 4.0,x2 horizontal and vertical simultaneously / Off,x2 horizontal and vertical / Off,Vertical flip / Horizontal flip / Vertical and horizontal flip/ Off,"Up to 2,048 pixels",Support (Eight settings),,,Auto exposure / Auto gain,Support,Support,Support,
Sentech,stc-bcs163poe-bl,GigE Vision Board Area Cameras,STC-BCS163POE-BL,Area Camera,1.6MP,Color,"1,440 (H) x 1,088 (V)",70.7 fps,PoE: IEEE802.3af CLASS2 (1000BASE-T),GigE Vision 2.1,Power Over Ethernet (PoE) (IEEE802.3af),Less than 5.1 W,Lower limit: 0 deg. C (Environmental temperature) Upper limit: +68 deg. C (Temperature sensor on camera),Lower limit: -20 deg. C (Environmental temperature) Upper limit: +70 deg. C (Environmental temperature),SONY IMX273,Global Shutter,"1/2.9""",3.45 (H) x 3.45 (V) µm,38 (W) x 38 (H) x 35.0 (D) mm,Approximately 47 g,S Mount,No optical filter,RJ45 connector x 1,SM06B-SRSS (JST) x 1,Full scanning / ROI,Edge preset trigger / Pulse width trigger / Free-run,Mono8 / Mono10 / Mono12 / Mono10Packed / Mono12Packed BayerRG8 / BayerRG10 / BayerRG12 / BayerRG10Packed / BayerRG12Packed RGB8,1 µsecond to 16.777 seconds,0 to 20.8 dB,x1 to x3,0.1 to 4.0,,x2 horizontal and vertical / Off,Vertical flip / Horizontal flip / Vertical and horizontal flip/ Off,"Up to 2,048 pixels",Support (Eight settings),Auto exposure / Auto gain,,Auto exposure / Auto gain / Auto white balance,Support,Support,Support,
Sentech,stc-bbs163ge-bc,GigE Vision Board Area Cameras,STC-BBS163GE-BC,Area Camera,1.6MP,Monochrome,"1,440 (H) x 1,088 (V)",70.7 fps,IEEE802.3ab (1000BASE-T),GigE Vision 2.1,External power (+10.8 to +26.4 Vdc),Less than 3.9 W,Lower limit: 0 deg. C (Environmental temperature) Upper limit: +67 deg. C (Temperature sensor on camera),Lower limit: -20 deg. C (Environmental temperature) Upper limit: +70 deg. C (Environmental temperature),SONY IMX273,Global Shutter,"1/2.9""",3.45 (H) x 3.45 (V) µm,38 (W) x 38 (H) x 40.1 (D) mm,Approximately 48 g,C Mount,No optical filter,RJ45 connector x 1,SM06B-SRSS (JST) x 1,Full scanning / ROI,Edge preset trigger / Pulse width trigger / Free-run,Mono8 / Mono10 / Mono12 / Mono10Packed / Mono12Packed,1 µs to 16.777 seconds,0 to 20.8 dB,x1 to x3,0.1 to 4.0,x2 horizontal and vertical simultaneously / Off,x2 horizontal and vertical / Off,Vertical flip / Horizontal flip / Vertical and horizontal flip / Off,"Up to 2,048 pixels",Support (Eight settings),,,Auto exposure / Auto gain,Support,Support,Support,
Sentech,stc-bcs163ge-bc,GigE Vision Board Area Cameras,STC-BCS163GE-BC,Area Camera,1.6MP,Color,"1,440 (H) x 1,088 (V)",70.7 fps,IEEE802.3ab (1000BASE-T),GigE Vision 2.1,External power (+10.8 to +26.4 Vdc),Less than 3.9 W,Lower limit: 0 deg. C (Environmental temperature) Upper limit: +67 deg. C (Temperature sensor on camera),Lower limit: -20 deg. C (Environmental temperature) Upper limit: +70 deg. C (Environmental temperature),SONY IMX273,Global Shutter,"1/2.9""",3.45 (H) x 3.45 (V) µm,38 (W) x 38 (H) x 40.4 (D) mm,Approximately 48 g,C Mount,IR cut filter on it,RJ45 connector x 1,SM06B-SRSS (JST) x 1,Full scanning / ROI,Edge preset trigger / Pulse width trigger / Free-run,Mono8 / Mono10 / Mono12 / Mono10Packed / Mono12Packed BayerRG8 / BayerRG10 / BayerRG12 / BayerRG10Packed / BayerRG12Packed RGB8,1 µs to 16.777 seconds,0 to 20.8 dB,x1 to x3,0.1 to 4.0,,x2 horizontal and vertical / Off,Vertical flip / Horizontal flip / Vertical and horizontal flip / Off,"Up to 2,048 pixels",Support (Eight settings),Auto exposure / Auto gain,,Auto / Manual / Push to set white balance,Support,Support,Support,
Sentech,stc-bbs163ge-bl,GigE Vision Board Area Cameras,STC-BBS163GE-BL,Area Camera,1.6MP,Monochrome,"1,440 (H) x 1,088 (V)",70.7 fps,IEEE802.3ab (1000BASE-T),GigE Vision 2.1,External power (+10.8 to +26.4 Vdc),Less than 3.9 W,Lower limit: 0 deg. C (Environmental temperature) Upper limit: +68 deg. C (Temperature sensor on camera),Lower limit: -20 deg. C (Environmental temperature) Upper limit: +70 deg. C (Environmental temperature),SONY IMX273,Global Shutter,"1/2.9""",3.45 (H) x 3.45 (V) µm,38 (W) x 38 (H) x 34.7 (D) mm,Approximately 47 g,S Mount,No optical filter,RJ45 connector x 1,SM06B-SRSS (JST) x 1,Full scanning / ROI,Edge preset trigger / Pulse width trigger / Free-run,Mono8 / Mono10 / Mono12 / Mono10Packed / Mono12Packed,1 µsecond to 16.777 seconds,0 to 20.8 dB,x1 to x3,0.1 to 4.0,x2 horizontal and vertical simultaneously / Off,x2 horizontal and vertical / Off,Vertical flip / Horizontal flip / Vertical and horizontal flip/ Off,"Up to 2,048 pixels",Support (Eight settings),,,Auto exposure / Auto gain,Support,Support,Support,
Sentech,stc-bcs163ge-bl,GigE Vision Board Area Cameras,STC-BCS163GE-BL,Area Camera,1.6MP,Color,"1,440 (H) x 1,088 (V)",70.7 fps,IEEE802.3ab (1000BASE-T),GigE Vision 2.1,External power (+10.8 to +26.4 Vdc),Less than 3.9 W,Lower limit: 0 deg. C (Environmental temperature) Upper limit: +68 deg. C (Temperature sensor on camera),Lower limit: -20 deg. C (Environmental temperature) Upper limit: +70 deg. C (Environmental temperature),SONY IMX273,Global Shutter,"1/2.9""",3.45 (H) x 3.45 (V) µm,38 (W) x 38 (H) x 35.0 (D) mm,Approximately 47 g,S Mount,No optical filter,RJ45 connector x 1,SM06B-SRSS (JST) x 1,Full scanning / ROI,Edge preset trigger / Pulse width trigger / Free-run,Mono8 / Mono10 / Mono12 / Mono10Packed / Mono12Packed BayerRG8 / BayerRG10 / BayerRG12 / BayerRG10Packed / BayerRG12Packed RGB8,1 µsecond to 16.777 seconds,0 to 20.8 dB,x1 to x3,0.1 to 4.0,,x2 horizontal and vertical / Off,Vertical flip / Horizontal flip / Vertical and horizontal flip/ Off,"Up to 2,048 pixels",Support (Eight settings),Auto exposure / Auto gain,,Auto exposure / Auto gain / Auto white balance,Support,Support,Support,
Sentech,stc-bbs202poe-bc,GigE Vision Board Area Cameras,STC-BBS202POE-BC,Area Camera,2MP,Monochrome,"1,624 (H) x 1,240 (V)",54.6 fps,PoE: IEEE802.3af CLASS2 (1000BASE-T),GigE Vision 2.1,Power Over Ethernet (PoE) (IEEE802.3af),Less than 5.6 W,Lower limit: 0 deg. C (Environmental temperature) Upper limit: +66 deg. C (Temperature sensor on camera),Lower limit: -20 deg. C (Environmental temperature) Upper limit: +70 deg. C (Environmental temperature),SONY IMX430,Global Shutter,"1/1.7""",4.5 (H) x 4.5 (V) µm,38 (W) x 38 (H) x 40 (D) mm,Approximately 49 g,C Mount,No optical filter,RJ45 connector x 1,SM06B-SRSS (JST) x 1,Full scanning / ROI,Edge preset trigger / Pulse width trigger / Free-run,Mono8 / Mono10 / Mono12 / Mono10Packed / Mono12Packed,1 µsecond to 16.777 seconds,0 to 20.8 dB,x1 to x3,0.1 to 4.0,x2 horizontal and vertical simultaneously / Off,x2 horizontal and vertical / Off,Vertical flip / Horizontal flip / Vertical and horizontal flip/ Off,"Up to 2,048 pixels",Support (Eight settings),,,Auto exposure / Auto gain,Support,Support,Support,
Sentech,stc-bcs202poe-bc,GigE Vision Board Area Cameras,STC-BCS202POE-BC,Area Camera,2MP,Color,"1,624 (H) x 1,240 (V)",54.6 fps,PoE: IEEE802.3af CLASS2 (1000BASE-T),GigE Vision 2.1,Power Over Ethernet (PoE) (IEEE802.3af),Less than 5.6 W,Lower limit: 0 deg. C (Environmental temperature) Upper limit: +66 deg. C (Temperature sensor on camera),Lower limit: -20 deg. C (Environmental temperature) Upper limit: +70 deg. C (Environmental temperature),SONY IMX430,Global Shutter,"1/1.7""",4.5 (H) x 4.5 (V) µm,38 (W) x 38 (H) x 40.3 (D) mm,Approximately 49 g,C Mount,No optical filter,RJ45 connector x 1,SM06B-SRSS (JST) x 1,Full scanning / ROI,Edge preset trigger / Pulse width trigger / Free-run,Mono8 / Mono10 / Mono12 / Mono10Packed / Mono12Packed BayerRG8 / BayerRG10 / BayerRG12 / BayerRG10Packed / BayerRG12Packed RGB8,1 µsecond to 16.777 seconds,0 to 20.8 dB,x1 to x3,0.1 to 4.0,,x2 horizontal and vertical / Off,Vertical flip / Horizontal flip / Vertical and horizontal flip/ Off,"Up to 2,048 pixels",Support (Eight settings),Auto exposure / Auto gain,,Auto exposure / Auto gain / Auto white balance,Support,Support,Support,
Sentech,stc-bbs202poe-bl,GigE Vision Board Area Cameras,STC-BBS202POE-BL,Area Camera,2MP,Monochrome,"1,624 (H) x 1,240 (V)",54.6 fps,PoE: IEEE802.3af CLASS2 (1000BASE-T),GigE Vision 2.1,Power Over Ethernet (PoE) (IEEE802.3af),Less than 5.6 W,Lower limit: 0 deg. C (Environmental temperature) Upper limit: +66 deg. C (Temperature sensor on camera),Lower limit: -20 deg. C (Environmental temperature) Upper limit: +70 deg. C (Environmental temperature),SONY IMX430,Global Shutter,"1/1.7""",4.5 (H) x 4.5 (V) μm,38 (W) x 38 (H) x 34.6 (D) mm,Approximately 48 g,S Mount,IR cut filter on it,RJ45 connector x 1,SM06B-SRSS (JST) x 1,Full scanning / ROI,Edge preset trigger / Pulse width trigger / Free-run,Mono8 / Mono10 / Mono12 / Mono10Packed / Mono12Packed,1 µs to 16.777 seconds,0 to 20.8 dB,x1 to x3,0.1 to 4.0,x2 horizontal and vertical simultaneously / Off,x2 horizontal and vertical / Off,Vertical flip / Horizontal flip / Vertical and horizontal flip / Off,"Up to 2,048 pixels",Support (Eight settings),,,Auto exposure / Auto gain,Support,Support,Support,
Sentech,stc-bcs202poe-bl,GigE Vision Board Area Cameras,STC-BCS202POE-BL,Area Camera,2MP,Color,"1,624 (H) x 1,240 (V)",54.6 fps,PoE: IEEE802.3af CLASS2 (1000BASE-T),GigE Vision 2.1,Power Over Ethernet (PoE) (IEEE802.3af),Less than 5.6 W,Lower limit: 0 deg. C (Environmental temperature) Upper limit: +66 deg. C (Temperature sensor on camera),Lower limit: -20 deg. C (Environmental temperature) Upper limit: +70 deg. C (Environmental temperature),SONY IMX430,Global Shutter,"1/1.7""",4.5 (H) x 4.5 (V) μm,38 (W) x 38 (H) x 34.9 (D) mm,Approximately 48 g,S Mount,IR cut filter on it,RJ45 connector x 1,SM06B-SRSS (JST) x 1,Full scanning / ROI,Edge preset trigger / Pulse width trigger / Free-run,Mono8 / Mono10 / Mono12 / Mono10Packed / Mono12Packed BayerRG8 / BayerRG10 / BayerRG12 / BayerRG10Packed / BayerRG12Packed RGB8,1 µs to 16.777 seconds,0 to 20.8 dB,x1 to x3,0.1 to 4.0,,x2 horizontal and vertical / Off,Vertical flip / Horizontal flip / Vertical and horizontal flip / Off,"Up to 2,048 pixels",Support (Eight settings),Auto exposure / Auto gain,,Auto / Manual / Push to set white balance,Support,Support,Support,
Sentech,stc-bbs202ge-bc,GigE Vision Board Area Cameras,STC-BBS202GE-BC,Area Camera,2MP,Monochrome,"1,624 (H) x 1,240 (V)",54.6 fps,IEEE802.3ab (1000BASE-T),GigE Vision 2.1,External power (+10.8 to +26.4 Vdc),Less than 4.1 W,Lower limit: 0 deg. C (Environmental temperature) Upper limit: +66 deg. C (Temperature sensor on camera),Lower limit: -20 deg. C (Environmental temperature) Upper limit: +70 deg. C (Environmental temperature),SONY IMX430,Global Shutter,"1/1.7""",4.5 (H) x 4.5 (V) µm,38 (W) x 38 (H) x 40 (D) mm,Approximately 49 g,C Mount,No optical filter,RJ45 connector x 1,SM06B-SRSS (JST) x 1,Full scanning / ROI,Edge preset trigger / Pulse width trigger / Free-run,Mono8 / Mono10 / Mono12 / Mono10Packed / Mono12Packed,1 µsecond to 16.777 seconds,0 to 20.8 dB,x1 to x3,0.1 to 4.0,x2 horizontal and vertical simultaneously / Off,x2 horizontal and vertical / Off,Vertical flip / Horizontal flip / Vertical and horizontal flip/ Off,"Up to 2,048 pixels",Support (Eight settings),,,Auto exposure / Auto gain,Support,Support,Support,
Sentech,stc-bcs202ge-bc,GigE Vision Board Area Cameras,STC-BCS202GE-BC,Area Camera,2MP,Color,"1,624 (H) x 1,240 (V)",54.6 fps,IEEE802.3ab (1000BASE-T),GigE Vision 2.1,External power (+10.8 to +26.4 Vdc),Less than 4.1 W,Lower limit: 0 deg. C (Environmental temperature) Upper limit: +66 deg. C (Temperature sensor on camera),Lower limit: -20 deg. C (Environmental temperature) Upper limit: +70 deg. C (Environmental temperature),SONY IMX430,Global Shutter,"1/1.7""",4.5 (H) x 4.5 (V) µm,38 (W) x 38 (H) x 40.3 (D) mm,Approximately 49 g,C Mount,No optical filter,RJ45 connector x 1,SM06B-SRSS (JST) x 1,Full scanning / ROI,Edge preset trigger / Pulse width trigger / Free-run,Mono8 / Mono10 / Mono12 / Mono10Packed / Mono12Packed BayerRG8 / BayerRG10 / BayerRG12 / BayerRG10Packed / BayerRG12Packed RGB8,1 µsecond to 16.777 seconds,0 to 20.8 dB,x1 to x3,0.1 to 4.0,,x2 horizontal and vertical / Off,Vertical flip / Horizontal flip / Vertical and horizontal flip/ Off,"Up to 2,048 pixels",Support (Eight settings),Auto exposure / Auto gain,,Auto exposure / Auto gain / Auto white balance,Support,Support,Support,
Sentech,stc-bbs202ge-bl,GigE Vision Board Area Cameras,STC-BBS202GE-BL,Area Camera,2MP,Monochrome,"1,624 (H) x 1,240 (V)",54.6 fps,IEEE802.3ab (1000BASE-T),GigE Vision 2.1,External power (+10.8 to +26.4 Vdc),Less than 4.1 W,Lower limit: 0 deg. C (Environmental temperature) Upper limit: +66 deg. C (Temperature sensor on camera),Lower limit: -20 deg. C (Environmental temperature) Upper limit: +70 deg. C (Environmental temperature),SONY IMX430,Global Shutter,"1/1.7""",4.5 (H) x 4.5 (V) µm,38 (W) x 38 (H) x 34.6 (D) mm,Approximately 48 g,S Mount,IR cut filter on it,RJ45 connector x 1,SM06B-SRSS (JST) x 1,Full scanning / ROI,Edge preset trigger / Pulse width trigger / Free-run,Mono8 / Mono10 / Mono12 / Mono10Packed / Mono12Packed,1 µsecond to 16.777 seconds,0 to 20.8 dB,x1 to x3,0.1 to 4.0,x2 horizontal and vertical simultaneously / Off,x2 horizontal and vertical / Off,Vertical flip / Horizontal flip / Vertical and horizontal flip/ Off,"Up to 2,048 pixels",Support (Eight settings),,,Auto exposure / Auto gain,Support,Support,Support,
Sentech,stc-bcs202ge-bl,GigE Vision Board Area Cameras,STC-BCS202GE-BL,Area Camera,2MP,Color,"1,624 (H) x 1,240 (V)",54.6 fps,IEEE802.3ab (1000BASE-T),GigE Vision 2.1,External power (+10.8 to +26.4 Vdc),Less than 4.1 W,Lower limit: 0 deg. C (Environmental temperature) Upper limit: +66 deg. C (Temperature sensor on camera),Lower limit: -20 deg. C (Environmental temperature) Upper limit: +70 deg. C (Environmental temperature),SONY IMX430,Global Shutter,"1/1.7""",4.5 (H) x 4.5 (V) µm,38 (W) x 38 (H) x 34.9 (D) mm,Approximately 48 g,S Mount,IR cut filter on it,RJ45 connector x 1,SM06B-SRSS (JST) x 1,Full scanning / ROI,Edge preset trigger / Pulse width trigger / Free-run,Mono8 / Mono10 / Mono12 / Mono10Packed / Mono12Packed BayerRG8 / BayerRG10 / BayerRG12 / BayerRG10Packed / BayerRG12Packed RGB8,1 µsecond to 16.777 seconds,0 to 20.8 dB,x1 to x3,0.1 to 4.0,,x2 horizontal and vertical / Off,Vertical flip / Horizontal flip / Vertical and horizontal flip/ Off,"Up to 2,048 pixels",Support (Eight settings),Auto exposure / Auto gain,,Auto exposure / Auto gain / Auto white balance,Support,Support,Support,
Sentech,stc-bbs213poe-bc,GigE Vision Board Area Cameras,STC-BBS213POE-BC,Area Camera,2.1MP,Monochrome,"1,920 (H) x 1,080 (V)",53.0 fps,PoE: IEEE802.3af CLASS2 (1000BASE-T),GigE Vision 2.1,Power Over Ethernet (PoE) (IEEE802.3af),Less than 4.1 W,Lower limit: 0 deg. C (Environmental temperature) Upper limit: +67 deg. C (Temperature sensor on camera),Lower limit: -20 deg. C (Environmental temperature) Upper limit: +70 deg. C (Environmental temperature),SONY IMX290,Rolling Shutter / Global Reset,"1/2.8""",2.9 (H) x 2.9 (V) µm,38 (W) x 38 (H) x 39.7 (D) mm,Approximately 47 g,C Mount,No optical filter,RJ45 connector x 1,SM06B-SRSS (JST) x 1,Full scanning / ROI,Edge preset trigger / Pulse width trigger / Free-run,Mono8 / Mono10 / Mono12 / Mono10Packed / Mono12Packed,126 µseconds to 999 mseconds,0 to 25.2 dB,x1 to x3,0.1 to 4.0,,,Vertical flip / Horizontal flip / Vertical and horizontal flip/ Off,"Up to 2,048 pixels",Support (Eight settings),,,Auto exposure / Auto gain,Support,Support,Support,
Sentech,stc-bcs213poe-bc,GigE Vision Board Area Cameras,STC-BCS213POE-BC,Area Camera,2.1MP,Color,"1,920 (H) x 1,080 (V)",53.0 fps,PoE: IEEE802.3af CLASS2 (1000BASE-T),GigE Vision 2.1,Power Over Ethernet (PoE) (IEEE802.3af),Less than 4.1 W,Lower limit: 0 deg. C (Environmental temperature) Upper limit: +67 deg. C (Temperature sensor on camera),Lower limit: -20 deg. C (Environmental temperature) Upper limit: +70 deg. C (Environmental temperature),SONY IMX291,Rolling Shutter / Global Reset,"1/2.8""",2.9 (H) x 2.9 (V) µm,38 (W) x 38 (H) x 40.1 (D) mm,Approximately 47 g,C Mount,No optical filter,RJ45 connector x 1,SM06B-SRSS (JST) x 1,Full scanning / ROI,Edge preset trigger / Pulse width trigger / Free-run,Mono8 / Mono10 / Mono12 / Mono10Packed / Mono12Packed BayerRG8 / BayerRG10 / BayerRG12 / BayerRG10Packed / BayerRG12Packed RGB8,126 µseconds to 999 mseconds,0 to 25.2 dB,x1 to x3,0.1 to 4.0,,,Vertical flip / Horizontal flip / Vertical and horizontal flip/ Off,"Up to 2,048 pixels",Support (Eight settings),Auto exposure / Auto gain,,Auto exposure / Auto gain / Auto white balance,Support,Support,Support,
Sentech,stc-bcs213poe-bc-nir,GigE Vision Board Area Cameras,STC-BCS213POE-BC-NIR,Area Camera,2.1MP,Color NIR,"1,920 (H) x 1,080 (V)",53.0 fps,PoE: IEEE802.3af CLASS2 (1000BASE-T),GigE Vision 2.1,Power Over Ethernet (PoE) (IEEE802.3af),Less than 4.1 W,Lower limit: 0 deg. C (Environmental temperature) Upper limit: +67 deg. C (Temperature sensor on camera),Lower limit: -20 deg. C (Environmental temperature) Upper limit: +70 deg. C (Environmental temperature),SONY IMX462,Rolling Shutter / Global Reset,"1/2.8""",2.9 (H) x 2.9 (V) µm,38 (W) x 38 (H) x 40 (D) mm,Approximately 47 g,C Mount,Dual pass filter on it,RJ45 connector x 1,SM06B-SRSS (JST) x 1,Full scanning / ROI,Edge preset trigger / Pulse width trigger / Free-run,Mono8 / Mono10 / Mono12 / Mono10Packed / Mono12Packed BayerRG8 / BayerRG10 / BayerRG12 / BayerRG10Packed / BayerRG12Packed RGB8,126 µseconds to 999 mseconds,0 to 25.2 dB,x1 to x3,0.1 to 4.0,,,Vertical flip / Horizontal flip / Vertical and horizontal flip/ Off,"Up to 2,048 pixels",Support (Eight settings),Auto exposure / Auto gain,,Auto exposure / Auto gain / Auto white balance,Support,Support,Support,
Sentech,stc-bbs213poe-bl,GigE Vision Board Area Cameras,STC-BBS213POE-BL,Area Camera,2.1MP,Monochrome,"1,920 (H) x 1,080 (V)",53.0 fps,PoE: IEEE802.3af CLASS2 (1000BASE-T),GigE Vision 2.1,Power Over Ethernet (PoE) (IEEE802.3af),Less than 4.1 W,Lower limit: 0 deg. C (Environmental temperature) Upper limit: +68 deg. C (Temperature sensor on camera),Lower limit: -20 deg. C (Environmental temperature) Upper limit: +70 deg. C (Environmental temperature),SONY IMX290,Rolling Shutter / Global Reset,"1/2.8""",2.9 (H) x 2.9 (V),38 (W) x 38 (H) x 34.4 (D) mm,Approximately 46 g,S Mount,IR cut filter on it,RJ45 connector x 1,SM06B-SRSS (JST) x 1,Full scanning / ROI,Edge preset trigger / Pulse width trigger / Free-run,Mono8 / Mono10 / Mono12 / Mono10Packed / Mono12Packed,126 µseconds to 999 mseconds,0 to 25.2 dB,x1 to x3,0.1 to 4.0,,,Vertical flip / Horizontal flip / Vertical and horizontal flip/ Off,"Up to 2,048 pixels",Support (Eight settings),,,Auto exposure / Auto gain,Support,Support,Support,
Sentech,stc-bcs213poe-bl,GigE Vision Board Area Cameras,STC-BCS213POE-BL,Area Camera,2.1MP,Color,"1,920 (H) x 1,080 (V)",53.0 fps,PoE: IEEE802.3af CLASS2 (1000BASE-T),GigE Vision 2.1,Power Over Ethernet (PoE) (IEEE802.3af),Less than 4.1 W,Lower limit: 0 deg. C (Environmental temperature) Upper limit: +68 deg. C (Temperature sensor on camera),Lower limit: -20 deg. C (Environmental temperature) Upper limit: +70 deg. C (Environmental temperature),SONY IMX291,Rolling Shutter / Global Reset,"1/2.8""",2.9 (H) x 2.9 (V),38 (W) x 38 (H) x 34.7 (D) mm,Approximately 46 g,S Mount,IR cut filter on it,RJ45 connector x 1,SM06B-SRSS (JST) x 1,Full scanning / ROI,Edge preset trigger / Pulse width trigger / Free-run,Mono8 / Mono10 / Mono12 / Mono10Packed / Mono12Packed BayerRG8 / BayerRG10 / BayerRG12 / BayerRG10Packed / BayerRG12Packed RGB8,126 µseconds to 999 mseconds,0 to 25.2 dB,x1 to x3,0.1 to 4.0,,,Vertical flip / Horizontal flip / Vertical and horizontal flip/ Off,"Up to 2,048 pixels",Support (Eight settings),Auto exposure / Auto gain,,Auto exposure / Auto gain / Auto white balance,Support,Support,Support,
Sentech,stc-bcs213poe-bl-nir,GigE Vision Board Area Cameras,STC-BCS213POE-BL-NIR,Area Camera,2.1MP,Color NIR,"1,920 (H) x 1,080 (V)",53.0 fps,PoE: IEEE802.3af CLASS2 (1000BASE-T),GigE Vision 2.1,Power Over Ethernet (PoE) (IEEE802.3af),Less than 4.1 W,Lower limit: 0 deg. C (Environmental temperature) Upper limit: +68 deg. C (Temperature sensor on camera),Lower limit: -20 deg. C (Environmental temperature) Upper limit: +70 deg. C (Environmental temperature),SONY IMX462,Rolling Shutter / Global Reset,"1/2.8""",2.9 (H) x 2.9 (V),38 (W) x 38 (H) x 34.6 (D) mm,Approximately 46 g,S Mount,Dual pass filter on it,RJ45 connector x 1,SM06B-SRSS (JST) x 1,Full scanning / ROI,Edge preset trigger / Pulse width trigger / Free-run,Mono8 / Mono10 / Mono12 / Mono10Packed / Mono12Packed BayerRG8 / BayerRG10 / BayerRG12 / BayerRG10Packed / BayerRG12Packed RGB8,126 µseconds to 999 mseconds,0 to 25.2 dB,x1 to x3,0.1 to 4.0,,,Vertical flip / Horizontal flip / Vertical and horizontal flip/ Off,"Up to 2,048 pixels",Support (Eight settings),Auto exposure / Auto gain,,Auto exposure / Auto gain / Auto white balance,Support,Support,Support,
Sentech,stc-bbs213ge-bc,GigE Vision Board Area Cameras,STC-BBS213GE-BC,Area Camera,2.1MP,Monochrome,"1,920 (H) x 1,080 (V)",53.0 fps,IEEE802.3ab (1000BASE-T),GigE Vision 2.1,External power (+10.8 to +26.4 Vdc),Less than 3.3 W,Lower limit: 0 deg. C (Environmental temperature) Upper limit: +67 deg. C (Temperature sensor on camera),Lower limit: -20 deg. C (Environmental temperature) Upper limit: +70 deg. C (Environmental temperature),SONY IMX290,Rolling Shutter / Global Reset,"1/2.8""",2.9 (H) x 2.9 (V) µm,38 (W) x 38 (H) x 39.7 (D) mm,Approximately 47 g,C Mount,No optical filter,RJ45 connector x 1,SM06B-SRSS (JST) x 1,Full scanning / ROI,Edge preset trigger / Pulse width trigger / Free-run,Mono8 / Mono10 / Mono12 / Mono10Packed / Mono12Packed,126 µseconds to 999 mseconds,0 to 25.2 dB,x1 to x3,0.1 to 4.0,,,Vertical flip / Horizontal flip / Vertical and horizontal flip/ Off,"Up to 2,048 pixels",Support (Eight settings),,,Auto exposure / Auto gain,Support,Support,Support,
Sentech,stc-bcs213ge-bc,GigE Vision Board Area Cameras,STC-BCS213GE-BC,Area Camera,2.1MP,Color,"1,920 (H) x 1,080 (V)",53.0 fps,IEEE802.3ab (1000BASE-T),GigE Vision 2.1,External power (+10.8 to +26.4 Vdc),Less than 3.3 W,Lower limit: 0 deg. C (Environmental temperature) Upper limit: +67 deg. C (Temperature sensor on camera),Lower limit: -20 deg. C (Environmental temperature) Upper limit: +70 deg. C (Environmental temperature),SONY IMX291,Rolling Shutter / Global Reset,"1/2.8""",2.9 (H) x 2.9 (V) µm,38 (W) x 38 (H) x 40.1 (D) mm,Approximately 47 g,C Mount,No optical filter,RJ45 connector x 1,SM06B-SRSS (JST) x 1,Full scanning / ROI,Edge preset trigger / Pulse width trigger / Free-run,Mono8 / Mono10 / Mono12 / Mono10Packed / Mono12Packed BayerRG8 / BayerRG10 / BayerRG12 / BayerRG10Packed / BayerRG12Packed RGB8,126 µseconds to 999 mseconds,0 to 25.2 dB,x1 to x3,0.1 to 4.0,,,Vertical flip / Horizontal flip / Vertical and horizontal flip/ Off,"Up to 2,048 pixels",Support (Eight settings),Auto exposure / Auto gain,,Auto exposure / Auto gain / Auto white balance,Support,Support,Support,
Sentech,stc-bcs213ge-bc-nir,GigE Vision Board Area Cameras,STC-BCS213GE-BC-NIR,Area Camera,2.1MP,Color NIR,"1,920 (H) x 1,080 (V)",53.0 fps,IEEE802.3ab (1000BASE-T),GigE Vision 2.1,External power (+10.8 to +26.4 Vdc),Less than 3.3 W,Lower limit: 0 deg. C (Environmental temperature) Upper limit: +67 deg. C (Temperature sensor on camera),Lower limit: -20 deg. C (Environmental temperature) Upper limit: +70 deg. C (Environmental temperature),SONY IMX462,Rolling Shutter / Global Reset,"1/2.8""",2.9 (H) x 2.9 (V) µm,38 (W) x 38 (H) x 40 (D) mm,Approximately 47 g,C Mount,Dual pass filter on it,RJ45 connector x 1,SM06B-SRSS (JST) x 1,Full scanning / ROI,Edge preset trigger / Pulse width trigger / Free-run,Mono8 / Mono10 / Mono12 / Mono10Packed / Mono12Packed BayerRG8 / BayerRG10 / BayerRG12 / BayerRG10Packed / BayerRG12Packed RGB8,126 µseconds to 999 mseconds,0 to 25.2 dB,x1 to x3,0.1 to 4.0,,,Vertical flip / Horizontal flip / Vertical and horizontal flip/ Off,"Up to 2,048 pixels",Support (Eight settings),Auto exposure / Auto gain,,Auto exposure / Auto gain / Auto white balance,Support,Support,Support,
Sentech,stc-bbs213ge-bl,GigE Vision Board Area Cameras,STC-BBS213GE-BL,Area Camera,2.1MP,Monochrome,"1,920 (H) x 1,080 (V)",53.0 fps,IEEE802.3ab (1000BASE-T),GigE Vision 2.1,External power (+10.8 to +26.4 Vdc),Less than 3.3 W,Lower limit: 0 deg. C (Environmental temperature) Upper limit: +68 deg. C (Temperature sensor on camera),Lower limit: -20 deg. C (Environmental temperature) Upper limit: +70 deg. C (Environmental temperature),SONY IMX290,Rolling Shutter / Global Reset,"1/2.8""",2.9 (H) x 2.9 (V) µm,38 (W) x 38 (H) x 34.4 (D) mm,Approximately 46 g,S Mount,IR cut filter on it,RJ45 connector x 1,SM06B-SRSS (JST) x 1,Full scanning / ROI,Edge preset trigger / Pulse width trigger / Free-run,Mono8 / Mono10 / Mono12 / Mono10Packed / Mono12Packed,126 µseconds to 999 mseconds,0 to 25.2 dB,x1 to x3,0.1 to 4.0,,,Vertical flip / Horizontal flip / Vertical and horizontal flip/ Off,"Up to 2,048 pixels",Support (Eight settings),,,Auto exposure / Auto gain,Support,Support,Support,
Sentech,stc-bcs213ge-bl,GigE Vision Board Area Cameras,STC-BCS213GE-BL,Area Camera,2.1MP,Color,"1,920 (H) x 1,080 (V)",53.0 fps,IEEE802.3ab (1000BASE-T),GigE Vision 2.1,External power (+10.8 to +26.4 Vdc),Less than 3.3 W,Lower limit: 0 deg. C (Environmental temperature) Upper limit: +68 deg. C (Temperature sensor on camera),Lower limit: -20 deg. C (Environmental temperature) Upper limit: +70 deg. C (Environmental temperature),SONY IMX291,Rolling Shutter / Global Reset,"1/2.8""",2.9 (H) x 2.9 (V) µm,38 (W) x 38 (H) x 34.7 (D) mm,Approximately 46 g,S Mount,IR cut filter on it,RJ45 connector x 1,SM06B-SRSS (JST) x 1,Full scanning / ROI,Edge preset trigger / Pulse width trigger / Free-run,Mono8 / Mono10 / Mono12 / Mono10Packed / Mono12Packed BayerRG8 / BayerRG10 / BayerRG12 / BayerRG10Packed / BayerRG12Packed RGB8,126 µseconds to 999 mseconds,0 to 25.2 dB,x1 to x3,0.1 to 4.0,,,Vertical flip / Horizontal flip / Vertical and horizontal flip/ Off,"Up to 2,048 pixels",Support (Eight settings),Auto exposure / Auto gain,,Auto exposure / Auto gain / Auto white balance,Support,Support,Support,
Sentech,stc-bcs213ge-bl-nir,GigE Vision Board Area Cameras,STC-BCS213GE-BL-NIR,Area Camera,2.1MP,Color NIR,"1,920 (H) x 1,080 (V)",53.0 fps,IEEE802.3ab (1000BASE-T),GigE Vision 2.1,External power (+10.8 to +26.4 Vdc),Less than 3.3 W,Lower limit: 0 deg. C (Environmental temperature) Upper limit: +68 deg. C (Temperature sensor on camera),Lower limit: -20 deg. C (Environmental temperature) Upper limit: +70 deg. C (Environmental temperature),SONY IMX462,Rolling Shutter / Global Reset,"1/2.8""",2.9 (H) x 2.9 (V) µm,38 (W) x 38 (H) x 34.6 (D) mm,Approximately 46 g,S Mount,Dual pass filter on it,RJ45 connector x 1,SM06B-SRSS (JST) x 1,Full scanning / ROI,Edge preset trigger / Pulse width trigger / Free-run,Mono8 / Mono10 / Mono12 / Mono10Packed / Mono12Packed BayerRG8 / BayerRG10 / BayerRG12 / BayerRG10Packed / BayerRG12Packed RGB8,126 µseconds to 999 mseconds,0 to 25.2 dB,x1 to x3,0.1 to 4.0,,,Vertical flip / Horizontal flip / Vertical and horizontal flip/ Off,"Up to 2,048 pixels",Support (Eight settings),Auto exposure / Auto gain,,Auto exposure / Auto gain / Auto white balance,Support,Support,Support,
Sentech,stc-bbs312poe-bc,GigE Vision Board Area Cameras,STC-BBS312POE-BC,Area Camera,3.2MP,Monochrome,"2,048 (H) x 1,536 (V)",34.9 fps,PoE: IEEE802.3af CLASS2 (1000BASE-T),GigE Vision 2.1,Power Over Ethernet (PoE) (IEEE802.3af),Less than 5.1 W,Lower limit: 0 deg. C (Environmental temperature) Upper limit: +67 deg. C (Temperature sensor on camera),Lower limit: -20 deg. C (Environmental temperature) Upper limit: +70 deg. C (Environmental temperature),SONY IMX265,Global Shutter,"1/1.8""",3.45 (H) x 3.45 (V) µm,38 (W) x 38 (H) x 40.1 (D) mm,Approximately 49 g,C Mount,No optical filter,RJ45 connector x 1,SM06B-SRSS (JST) x 1,Full scanning / ROI,Edge preset trigger / Pulse width trigger / Free-run,Mono8 / Mono10 / Mono12 / Mono10Packed / Mono12Packed,1 µs to 16.777 seconds,0 to 20.8 dB,x1 to x3,0.1 to 4.0,,x2 horizontal and vertical / Off,Vertical flip / Horizontal flip / Vertical and horizontal flip / Off,"Up to 2,048 pixels",Support (Eight settings),,,Auto exposure / Auto gain,Support,Support,Support,
Sentech,stc-bcs312poe-bc,GigE Vision Board Area Cameras,STC-BCS312POE-BC,Area Camera,3.2MP,Color,"2,048 (H) x 1,536 (V)",34.9 fps,PoE: IEEE802.3af CLASS2 (1000BASE-T),GigE Vision 2.1,Power Over Ethernet (PoE) (IEEE802.3af),Less than 5.1 W,Lower limit: 0 deg. C (Environmental temperature) Upper limit: +67 deg. C (Temperature sensor on camera),Lower limit: -20 deg. C (Environmental temperature) Upper limit: +70 deg. C (Environmental temperature),SONY IMX265,Global Shutter,"1/1.8""",3.45 (H) x 3.45 (V) µm,38 (W) x 38 (H) x 40.4 (D) mm,Approximately 49 g,C Mount,IR cut filter on it,RJ45 connector x 1,SM06B-SRSS (JST) x 1,Full scanning / ROI,Edge preset trigger / Pulse width trigger / Free-run,Mono8 / Mono10 / Mono12 / Mono10Packed / Mono12Packed BayerRG8 / BayerRG10 / BayerRG12 / BayerRG10Packed / BayerRG12Packed RGB8,1 µs to 16.777 seconds,0 to 20.8 dB,x1 to x3,0.1 to 4.0,,x2 horizontal and vertical / Off,Vertical flip / Horizontal flip / Vertical and horizontal flip / Off,"Up to 2,048 pixels",Support (Eight settings),Auto exposure / Auto gain,,Auto / Manual / Push to set white balance,Support,Support,Support,
Sentech,stc-bbs312poe-bl,GigE Vision Board Area Cameras,STC-BBS312POE-BL,Area Camera,3.2MP,Monochrome,"2,048 (H) x 1,536 (V)",34.9 fps,PoE: IEEE802.3af CLASS2 (1000BASE-T),GigE Vision 2.1,Power Over Ethernet (PoE) (IEEE802.3af),Less than 5.1 W,Lower limit: 0 deg. C (Environmental temperature) Upper limit: +68 deg. C (Temperature sensor on camera),Lower limit: -20 deg. C (Environmental temperature) Upper limit: +70 deg. C (Environmental temperature),SONY IMX265,Global Shutter,"1/1.8""",3.45 (H) x 3.45 (V) µm,38 (W) x 38 (H) x 34.7 (D) mm,Approximately 48 g,S Mount,No optical filter,RJ45 connector x 1,SM06B-SRSS (JST) x 1,Full scanning / ROI,Edge preset trigger / Pulse width trigger / Free-run,Mono8 / Mono10 / Mono12 / Mono10Packed / Mono12Packed,1 µs to 16.777 seconds,0 to 20.8 dB,x1 to x3,0.1 to 4.0,,x2 horizontal and vertical / Off,Vertical flip / Horizontal flip / Vertical and horizontal flip / Off,"Up to 2,048 pixels",Support (Eight settings),,,Auto exposure / Auto gain,Support,Support,Support,
Sentech,stc-bcs312poe-bl,GigE Vision Board Area Cameras,STC-BCS312POE-BL,Area Camera,3.2MP,Color,"2,048 (H) x 1,536 (V)",34.9 fps,PoE: IEEE802.3af CLASS2 (1000BASE-T),GigE Vision 2.1,Power Over Ethernet (PoE) (IEEE802.3af),Less than 5.1 W,Lower limit: 0 deg. C (Environmental temperature) Upper limit: +68 deg. C (Temperature sensor on camera),Lower limit: -20 deg. C (Environmental temperature) Upper limit: +70 deg. C (Environmental temperature),SONY IMX265,Global Shutter,"1/1.8""",3.45 (H) x 3.45 (V) µm,38 (W) x 38 (H) x 35.0 (D) mm,Approximately 48 g,S Mount,IR cut filter on it,RJ45 connector x 1,SM06B-SRSS (JST) x 1,Full scanning / ROI,Edge preset trigger / Pulse width trigger / Free-run,Mono8 / Mono10 / Mono12 / Mono10Packed / Mono12Packed BayerRG8 / BayerRG10 / BayerRG12 / BayerRG10Packed / BayerRG12Packed RGB8,1 µs to 16.777 seconds,0 to 20.8 dB,x1 to x3,0.1 to 4.0,,x2 horizontal and vertical / Off,Vertical flip / Horizontal flip / Vertical and horizontal flip / Off,"Up to 2,048 pixels",Support (Eight settings),Auto exposure / Auto gain,,Auto / Manual / Push to set white balance,Support,Support,Support,
Sentech,stc-bbs312ge-bc,GigE Vision Board Area Cameras,STC-BBS312GE-BC,Area Camera,3.2MP,Monochrome,"2,048 (H) x 1,536 (V)",34.9 fps,IEEE802.3ab (1000BASE-T),GigE Vision 2.1,External power (+10.8 to +26.4 Vdc),Less than 3.8 W,Lower limit: 0 deg. C (Environmental temperature) Upper limit: +67 deg. C (Temperature sensor on camera),Lower limit: -20 deg. C (Environmental temperature) Upper limit: +70 deg. C (Environmental temperature),SONY IMX265,Global Shutter,"1/1.8""",3.45 (H) x 3.45 (V) µm,38 (W) x 38 (H) x 40.1 (D) mm,Approximately 49 g,C Mount,No optical filter,RJ45 connector x 1,SM06B-SRSS (JST) x 1,Full scanning / ROI,Edge preset trigger / Pulse width trigger / Free-run,Mono8 / Mono10 / Mono12 / Mono10Packed / Mono12Packed,1 µs to 16.777 seconds,0 to 20.8 dB,x1 to x3,0.1 to 4.0,,x2 horizontal and vertical / Off,Vertical flip / Horizontal flip / Vertical and horizontal flip / Off,"Up to 2,048 pixels",Support (Eight settings),,,Auto exposure / Auto gain,Support,Support,Support,
Sentech,stc-bcs312ge-bc,GigE Vision Board Area Cameras,STC-BCS312GE-BC,Area Camera,3.2MP,Color,"2,048 (H) x 1,536 (V)",34.9 fps,IEEE802.3ab (1000BASE-T),GigE Vision 2.1,External power (+10.8 to +26.4 Vdc),Less than 3.8 W,Lower limit: 0 deg. C (Environmental temperature) Upper limit: +67 deg. C (Temperature sensor on camera),Lower limit: -20 deg. C (Environmental temperature) Upper limit: +70 deg. C (Environmental temperature),SONY IMX265,Global Shutter,"1/1.8""",3.45 (H) x 3.45 (V) µm,38 (W) x 38 (H) x 40.4 (D) mm,Approximately 49 g,C Mount,IR cut filter on it,RJ45 connector x 1,SM06B-SRSS (JST) x 1,Full scanning / ROI,Edge preset trigger / Pulse width trigger / Free-run,Mono8 / Mono10 / Mono12 / Mono10Packed / Mono12Packed BayerRG8 / BayerRG10 / BayerRG12 / BayerRG10Packed / BayerRG12Packed RGB8,1 µs to 16.777 seconds,0 to 20.8 dB,x1 to x3,0.1 to 4.0,,x2 horizontal and vertical / Off,Vertical flip / Horizontal flip / Vertical and horizontal flip / Off,"Up to 2,048 pixels",Support (Eight settings),Auto exposure / Auto gain,,Auto / Manual / Push to set white balance,Support,Support,Support,
Sentech,stc-bbs312ge-bl,GigE Vision Board Area Cameras,STC-BBS312GE-BL,Area Camera,3.2MP,Monochrome,"2,048 (H) x 1,536 (V)",34.9 fps,IEEE802.3ab (1000BASE-T),GigE Vision 2.1,External power (+10.8 to +26.4 Vdc),Less than 3.8 W,Lower limit: 0 deg. C (Environmental temperature) Upper limit: +68 deg. C (Temperature sensor on camera),Lower limit: -20 deg. C (Environmental temperature) Upper limit: +70 deg. C (Environmental temperature),SONY IMX265,Global Shutter,"1/1.8""",3.45 (H) x 3.45 (V) µm,38 (W) x 38 (H) x 34.7 (D) mm,Approximately 48 g,S Mount,No optical filter,RJ45 connector x 1,SM06B-SRSS (JST) x 1,Full scanning / ROI,Edge preset trigger / Pulse width trigger / Free-run,Mono8 / Mono10 / Mono12 / Mono10Packed / Mono12Packed,1 µs to 16.777 seconds,0 to 20.8 dB,x1 to x3,0.1 to 4.0,,x2 horizontal and vertical / Off,Vertical flip / Horizontal flip / Vertical and horizontal flip / Off,"Up to 2,048 pixels",Support (Eight settings),,,Auto exposure / Auto gain,Support,Support,Support,
Sentech,stc-bcs312ge-bl,GigE Vision Board Area Cameras,STC-BCS312GE-BL,Area Camera,3.2MP,Color,"2,048 (H) x 1,536 (V)",34.9 fps,IEEE802.3ab (1000BASE-T),GigE Vision 2.1,External power (+10.8 to +26.4 Vdc),Less than 3.8 W,Lower limit: 0 deg. C (Environmental temperature) Upper limit: +68 deg. C (Temperature sensor on camera),Lower limit: -20 deg. C (Environmental temperature) Upper limit: +70 deg. C (Environmental temperature),SONY IMX265,Global Shutter,"1/1.8""",3.45 (H) x 3.45 (V) µm,38 (W) x 38 (H) x 35.0 (D) mm,Approximately 48 g,S Mount,IR cut filter on it,RJ45 connector x 1,SM06B-SRSS (JST) x 1,Full scanning / ROI,Edge preset trigger / Pulse width trigger / Free-run,Mono8 / Mono10 / Mono12 / Mono10Packed / Mono12Packed BayerRG8 / BayerRG10 / BayerRG12 / BayerRG10Packed / BayerRG12Packed RGB8,1 µs to 16.777 seconds,0 to 20.8 dB,x1 to x3,0.1 to 4.0,,x2 horizontal and vertical / Off,Vertical flip / Horizontal flip / Vertical and horizontal flip / Off,"Up to 2,048 pixels",Support (Eight settings),Auto exposure / Auto gain,,Auto / Manual / Push to set white balance,Support,Support,Support,
Sentech,stc-bbs500poe-bc,GigE Vision Board Area Cameras,STC-BBS500POE-BC,Area Camera,5MP,Monochrome,"2,448 (H) x 2,048 (V)",21.9 fps,PoE: IEEE802.3af CLASS2 (1000BASE-T),GigE Vision 2.1,Power Over Ethernet (PoE) (IEEE802.3af),Less than 5.1 W,Lower limit: 0 deg. C (Environmental temperature) Upper limit: +67 deg. C (Temperature sensor on camera),Lower limit: -20 deg. C (Environmental temperature) Upper limit: +70 deg. C (Environmental temperature),SONY IMX264,Global Shutter,"2/3""",3.45 (H) x 3.45 (V) µm,38 (W) x 38 (H) x 40.1 (D) mm,Approximately 49 g,C Mount,No optical filter,RJ45 connector x 1,SM06B-SRSS (JST) x 1,Full scanning / ROI,Edge preset trigger / Pulse width trigger / Free-run,Mono8 / Mono10 / Mono12 / Mono10Packed / Mono12Packed,1 µs to 16.777 seconds,0 to 20.8 dB,x1 to x3,0.1 to 4.0,,x2 horizontal and vertical / Off,Vertical flip / Horizontal flip / Vertical and horizontal flip / Off,"Up to 2,048 pixels",Support (Eight settings),,,Auto exposure / Auto gain,Support,Support,Support,
Sentech,stc-bcs500poe-bc,GigE Vision Board Area Cameras,STC-BCS500POE-BC,Area Camera,5MP,Color,"2,448 (H) x 2,048 (V)",21.9 fps,PoE: IEEE802.3af CLASS2 (1000BASE-T),GigE Vision 2.1,Power Over Ethernet (PoE) (IEEE802.3af),Less than 5.1 W,Lower limit: 0 deg. C (Environmental temperature) Upper limit: +67 deg. C (Temperature sensor on camera),Lower limit: -20 deg. C (Environmental temperature) Upper limit: +70 deg. C (Environmental temperature),SONY IMX264,Global Shutter,"2/3""",3.45 (H) x 3.45 (V) µm,38 (W) x 38 (H) x 40.4 (D) mm,Approximately 49 g,C Mount,IR cut filter on it,RJ45 connector x 1,SM06B-SRSS (JST) x 1,Full scanning / ROI,Edge preset trigger / Pulse width trigger / Free-run,Mono8 / Mono10 / Mono12 / Mono10Packed / Mono12Packed BayerRG8 / BayerRG10 / BayerRG12 / BayerRG10Packed / BayerRG12Packed RGB8,1 µs to 16.777 seconds,0 to 20.8 dB,x1 to x3,0.1 to 4.0,,x2 horizontal and vertical / Off,Vertical flip / Horizontal flip / Vertical and horizontal flip / Off,"Up to 2,048 pixels",Support (Eight settings),,Auto exposure / Auto gain,Auto / Manual / Push to set white balance,Support,Support,Support,
Sentech,stc-bbs500ge-bc,GigE Vision Board Area Cameras,STC-BBS500GE-BC,Area Camera,5MP,Monochrome,"2,448 (H) x 2,048 (V)",21.9 fps,IEEE802.3ab (1000BASE-T),GigE Vision 2.1,External power (+10.8 to +26.4 Vdc),Less than 3.8 W,Lower limit: 0 deg. C (Environmental temperature) Upper limit: +67 deg. C (Temperature sensor on camera),Lower limit: -20 deg. C (Environmental temperature) Upper limit: +70 deg. C (Environmental temperature),SONY IMX264,Global Shutter,"2/3""",3.45 (H) x 3.45 (V) µm,38 (W) x 38 (H) x 40.1 (D) mm,Approximately 49 g,C Mount,No optical filter,RJ45 connector x 1,SM06B-SRSS (JST) x 1,Full scanning / ROI,Edge preset trigger / Pulse width trigger / Free-run,Mono8 / Mono10 / Mono12 / Mono10Packed / Mono12Packed,1 µs to 16.777 seconds,0 to 20.8 dB,x1 to x3,0.1 to 4.0,,x2 horizontal and vertical / Off,Vertical flip / Horizontal flip / Vertical and horizontal flip / Off,"Up to 2,048 pixels",Support (Eight settings),,,Auto exposure / Auto gain,Support,Support,Support,
Sentech,stc-bcs500ge-bc,GigE Vision Board Area Cameras,STC-BCS500GE-BC,Area Camera,5MP,Color,"2,448 (H) x 2,048 (V)",21.9 fps,IEEE802.3ab (1000BASE-T),GigE Vision 2.1,External power (+10.8 to +26.4 Vdc),Less than 3.8 W,Lower limit: 0 deg. C (Environmental temperature) Upper limit: +67 deg. C (Temperature sensor on camera),Lower limit: -20 deg. C (Environmental temperature) Upper limit: +70 deg. C (Environmental temperature),SONY IMX264,Global Shutter,"2/3""",3.45 (H) x 3.45 (V) µm,38 (W) x 38 (H) x 40.4 (D) mm,Approximately 49 g,C Mount,IR cut filter on it,RJ45 connector x 1,SM06B-SRSS (JST) x 1,Full scanning / ROI,Edge preset trigger / Pulse width trigger / Free-run,Mono8 / Mono10 / Mono12 / Mono10Packed / Mono12Packed BayerRG8 / BayerRG10 / BayerRG12 / BayerRG10Packed / BayerRG12Packed RGB8,1 µs to 16.777 seconds,0 to 20.8 dB,x1 to x3,0.1 to 4.0,,x2 horizontal and vertical / Off,Vertical flip / Horizontal flip / Vertical and horizontal flip / Off,"Up to 2,048 pixels",Support (Eight settings),Auto exposure / Auto gain,,Auto exposure / Auto gain,Support,Support,Support,
Sentech,stc-bbs1242poe-bc,GigE Vision Board Area Cameras,STC-BBS1242POE-BC,Area Camera,12MP,Monochrome,"4,000 (H) x 3,000 (V)",9.2 fps,PoE: IEEE802.3af CLASS2 (1000BASE-T),GigE Vision 2.1,Power Over Ethernet (PoE) (IEEE802.3af),Less than 4.7 W,Lower limit: 0 deg. C (Environmental temperature) Upper limit: +67 deg. C (Temperature sensor on camera),Lower limit: -20 deg. C (Environmental temperature) Upper limit: +70 deg. C (Environmental temperature),SONY IMX226,Rolling Shutter / Global Reset,"1/1.7""",1.85 (H) x 1.85 (V) µm,38 (W) x 38 (H) x 40 (D) mm,Approximately 48 g,C Mount,No optical filter,RJ45 connector x 1,SM06B-SRSS (JST) x 1,Full scanning / ROI,Edge preset trigger / Pulse width trigger / Free-run,Mono8 / Mono10 / Mono12 / Mono10Packed / Mono12Packed,423 µseconds to 16.777 seconds,0 to 15 dB,x1 to x3,0.1 to 4.0,,,Vertical flip / Off (Not support horizontal flip),"Up to 2,048 pixels",Support (Eight settings),,,Auto exposure / Auto gain,Support,Support,Support,
Sentech,stc-bcs1242poe-bc,GigE Vision Board Area Cameras,STC-BCS1242POE-BC,Area Camera,12MP,Color,"4,000 (H) x 3,000 (V)",9.2 fps,PoE: IEEE802.3af CLASS2 (1000BASE-T),GigE Vision 2.1,Power Over Ethernet (PoE) (IEEE802.3af),Less than 4.7 W,Lower limit: 0 deg. C (Environmental temperature) Upper limit: +67 deg. C (Temperature sensor on camera),Lower limit: -20 deg. C (Environmental temperature) Upper limit: +70 deg. C (Environmental temperature),SONY IMX226,Rolling Shutter / Global Reset,"1/1.7""",1.85 (H) x 1.85 (V) µm,38 (W) x 38 (H) x 40.4 (D) mm,Approximately 48 g,C Mount,IR cut filter on it,RJ45 connector x 1,SM06B-SRSS (JST) x 1,Full scanning / ROI,Edge preset trigger / Pulse width trigger / Free-run,Mono8 / Mono10 / Mono12 / Mono10Packed / Mono12Packed BayerRG8 / BayerRG10 / BayerRG12 / BayerRG10Packed / BayerRG12Packed RGB8,423 µseconds to 16.777 seconds,0 to 15 dB,x1 to x3,0.1 to 4.0,,,Vertical flip / Off (Not support horizontal flip),"Up to 2,048 pixels",Support (Eight settings),Auto exposure / Auto gain,,Auto / Manual / Push to set white balance,Support,Support,Support,
Sentech,stc-bbs1242ge-bc,GigE Vision Board Area Cameras,STC-BBS1242GE-BC,Area Camera,12MP,Monochrome,"4,000 (H) x 3,000 (V)",9.2 fps,IEEE802.3ab (1000BASE-T),GigE Vision 2.1,External power (+10.8 to +26.4 Vdc),Less than 3.8 W,Lower limit: 0 deg. C (Environmental temperature) Upper limit: +68 deg. C (Temperature sensor on camera),Lower limit: -20 deg. C (Environmental temperature) Upper limit: +70 deg. C (Environmental temperature),SONY IMX226,Rolling Shutter / Global Reset,"1/1.7""",1.85 (H) x 1.85 (V) µm,38 (W) x 38 (H) x 40 (D) mm,Approximately 48 g,C Mount,No optical filter,RJ45 connector x 1,SM06B-SRSS (JST) x 1,Full scanning / ROI,Edge preset trigger / Pulse width trigger / Free-run,Mono8 / Mono10 / Mono12 / Mono10Packed / Mono12Packed,423 µseconds to 16.777 seconds,0 to 15 dB,x1 to x3,0.1 to 4.0,,,Vertical flip / Off (Not support horizontal flip),"Up to 2,048 pixels",Support (Eight settings),,,Auto exposure / Auto gain,Support,Support,Support,
Sentech,stc-bcs1242ge-bc,GigE Vision Board Area Cameras,STC-BCS1242GE-BC,Area Camera,12MP,Color,"4,000 (H) x 3,000 (V)",9.2 fps,IEEE802.3ab (1000BASE-T),GigE Vision 2.1,External power (+10.8 to +26.4 Vdc),Less than 3.8 W,Lower limit: 0 deg. C (Environmental temperature) Upper limit: +68 deg. C (Temperature sensor on camera),Lower limit: -20 deg. C (Environmental temperature) Upper limit: +70 deg. C (Environmental temperature),SONY IMX226,Rolling Shutter / Global Reset,"1/1.7""",1.85 (H) x 1.85 (V) µm,38 (W) x 38 (H) x 40.4 (D) mm,Approximately 48 g,C Mount,IR cut filter on it,RJ45 connector x 1,SM06B-SRSS (JST) x 1,Full scanning / ROI,Edge preset trigger / Pulse width trigger / Free-run,Mono8 / Mono10 / Mono12 / Mono10Packed / Mono12Packed BayerRG8 / BayerRG10 / BayerRG12 / BayerRG10Packed / BayerRG12Packed RGB8,423 µseconds to 16.777 seconds,0 to 15 dB,x1 to x3,0.1 to 4.0,,,Vertical flip / Off (Not support horizontal flip),"Up to 2,048 pixels",Support (Eight settings),Auto exposure / Auto gain,,Auto / Manual / Push to set white balance,Support,Support,Support,
Sentech,stc-bbs2041poe-bc,GigE Vision Board Area Cameras,STC-BBS2041POE-BC,Area Camera,20MP,Monochrome,"5,472 (H) x 3,648 (V)",5.5 fps,PoE: IEEE802.3af CLASS2 (1000BASE-T),GigE Vision 2.1,Power Over Ethernet (PoE) (IEEE802.3af),Less than 5.1 W,Lower limit: 0 deg. C (Environmental temperature) Upper limit: +67 deg. C (Temperature sensor on camera),Lower limit: -20 deg. C (Environmental temperature) Upper limit: +70 deg. C (Environmental temperature),SONY IMX183,Rolling Shutter / Global Reset,"1""",2.4 (H) x 2.4 (V) µm,38 (W) x 38 (H) x 40 (D) mm,Approximately 48 g,C Mount,No optical filter,RJ45 connector x 1,SM06B-SRSS (JST) x 1,Full scanning / ROI,Edge preset trigger / Pulse width trigger / Free-run,Mono8 / Mono10 / Mono12 / Mono10Packed / Mono12Packed,261.652 µseconds to 16.777 seconds,0 to 15 dB,x1 to x3,0.1 to 4.0,,,Vertical flip / Off (Not support horizontal flip),"Up to 4,096 pixels",,,,Auto exposure / Auto gain,Support,Support,Support,
Sentech,stc-bcs2041poe-bc,GigE Vision Board Area Cameras,STC-BCS2041POE-BC,Area Camera,20MP,Color,"5,472 (H) x 3,648 (V)",5.5 fps,PoE: IEEE802.3af CLASS2 (1000BASE-T),GigE Vision 2.1,Power Over Ethernet (PoE) (IEEE802.3af),Less than 5.1 W,Lower limit: 0 deg. C (Environmental temperature) Upper limit: +67 deg. C (Temperature sensor on camera),Lower limit: -20 deg. C (Environmental temperature) Upper limit: +70 deg. C (Environmental temperature),SONY IMX183,Rolling Shutter / Global Reset,"1""",2.4 (H) x 2.4 (V) µm,38 (W) x 38 (H) x 40.4 (D) mm,Approximately 48 g,C Mount,IR cut filter on it,RJ45 connector x 1,SM06B-SRSS (JST) x 1,Full scanning / ROI,Edge preset trigger / Pulse width trigger / Free-run,Mono8 / Mono10 / Mono12 / Mono10Packed / Mono12Packed BayerRG8 / BayerRG10 / BayerRG12 / BayerRG10Packed / BayerRG12Packed RGB8,261.652 µseconds to 16.777 seconds,0 to 15 dB,x1 to x3,0.1 to 4.0,,,Vertical flip / Off (Not support horizontal flip),"Up to 4,096 pixels",Support (Eight settings),Auto exposure / Auto gain,,Auto / Manual / Push to set white balance,Support,Support,Support,
Sentech,stc-bbs2041ge-bc,GigE Vision Board Area Cameras,STC-BBS2041GE-BC,Area Camera,20MP,Monochrome,"5,472 (H) x 3,648 (V)",5.5 fps,IEEE802.3ab (1000BASE-T),GigE Vision 2.1,External power (+10.8 to +26.4 Vdc),Less than 4.0 W,Lower limit: 0 deg. C (Environmental temperature) Upper limit: +68 deg. C (Temperature sensor on camera),Lower limit: -20 deg. C (Environmental temperature) Upper limit: +70 deg. C (Environmental temperature),SONY IMX183,Rolling Shutter / Global Reset,"1""",2.4 (H) x 2.4 (V) µm,38 (W) x 38 (H) x 40 (D) mm,Approximately 48 g,C Mount,No optical filter,RJ45 connector x 1,SM06B-SRSS (JST) x 1,Full scanning / ROI,Edge preset trigger / Pulse width trigger / Free-run,Mono8 / Mono10 / Mono12 / Mono10Packed / Mono12Packed,261.652 µseconds to 16.777 seconds,0 to 15 dB,x1 to x3,0.1 to 4.0,,,Vertical flip / Off (Not support horizontal flip),"Up to 4,096 pixels",Support (Eight settings),,,Auto exposure / Auto gain,Support,Support,Support,
Sentech,stc-bcs2041ge-bc,GigE Vision Board Area Cameras,STC-BCS2041GE-BC,Area Camera,20MP,Color,"5,472 (H) x 3,648 (V)",5.5 fps,IEEE802.3ab (1000BASE-T),GigE Vision 2.1,External power (+10.8 to +26.4 Vdc),Less than 4.0 W,Lower limit: 0 deg. C (Environmental temperature) Upper limit: +68 deg. C (Temperature sensor on camera),Lower limit: -20 deg. C (Environmental temperature) Upper limit: +70 deg. C (Environmental temperature),SONY IMX183,Rolling Shutter / Global Reset,"1""",2.4 (H) x 2.4 (V) µm,38 (W) x 38 (H) x 40.4 (D) mm,Approximately 48 g,C Mount,IR cut filter on it,RJ45 connector x 1,SM06B-SRSS (JST) x 1,Full scanning / ROI,Edge preset trigger / Pulse width trigger / Free-run,Mono8 / Mono10 / Mono12 / Mono10Packed / Mono12Packed BayerRG8 / BayerRG10 / BayerRG12 / BayerRG10Packed / BayerRG12Packed RGB8,261.652 µseconds to 16.777 seconds,0 to 15 dB,x1 to x3,0.1 to 4.0,,,Vertical flip / Off (Not support horizontal flip),"Up to 4,096 pixels",Support (Eight settings),Auto exposure / Auto gain,,Auto / Manual / Push to set white balance,Support,Support,Support,
Sentech,stc-sbs800u3v-uv,USB3 Vision Area Cameras,STC-SBS800U3V-UV,Area Camera,8.1MP,UV,"2,848 (H) x 2,848 (V)",45.1 fps,USB3.0,USB3 Vision 1.0.1,USB bus power (+5 V) / External power (+8.0 to +24 Vdc),Less than 4.3 W,Lower limit: 0 deg. C (Environmental temperature) Upper limit: +45 deg. C (Environmental temperature),Lower limit: -25 deg. C (Environmental temperature) Upper limit: +75 deg. C (Environmental temperature),SONY IMX487,Global Shutter,"1/2.3""",2.74 (H) x 2.74 (V) µm,35 (W) x 35 (H) x 41.5 (D) mm,Approximately 76 g,C Mount,No optical filter,USB3.0 micro B x 1,HR10A-7R-6PB (Hirose) or equivalent x 1,Full scanning / ROI,Edge preset trigger / Pulse width trigger / Free-run,Mono8 / Mono10 / Mono12 / Mono10Packed / Mono12Packed,1 µseconds to 16.77 seconds,0.0 to 42.0 dB,x1.0 to x7.0,0.10 to 4.00,x2 horizontal and vertical simultaneously / Off,x2 horizontal and vertical simultaneously / Off,Vertical flip / Horizontal flip / Vertical and horizontal flip/ Off,"Up to 2,048 pixels",Support (Eight settings),,,Auto exposure / Auto gain,Support,Support,,
Sentech,stc-mbs43u3v,USB3 Vision Area Cameras,STC-MBS43U3V,Area Camera,0.4MP,Monochrome,720 (H) x 540 (V),527.1 fps,USB3.0,USB3 Vision 1.0.1,USB bus power (+5 V),Less than 3.4 W,Lower limit: 0 deg. C (Environmental temperature) Upper limit: +64 deg. C (Temperature sensor on camera),Lower limit: -25 deg. C (Environmental temperature) Upper limit: +70 deg. C (Environmental temperature),SONY IMX287,Global Shutter,"1/2.9""",6.9 (H) x 6.9 (V) µm,28 (W) x 28 (H) x 40 (D) mm,Approximately 46 g,C Mount,No optical filter,USB3.0 micro B x 1,HR10A-7R-6PB (Hirose) or equivalent x 1,Full scanning / ROI,Edge preset trigger / Pulse width trigger / Start stop trigger/ Free-run,Mono8 / Mono10 / Mono12 / Mono10Packed / Mono12Packed,1 µs to 16.777 seconds,0 to 19.2 dB,x1 to x2,0.1 to 4.0,,,Vertical flip / Horizontal flip / Vertical and horizontal flip/ Off,"Up to 2,048 pixels",Support (Eight settings),,,Auto exposure / Auto gain,Support,Support,,
Sentech,stc-mcs43u3v,USB3 Vision Area Cameras,STC-MCS43U3V,Area Camera,0.4MP,Color,720 (H) x 540 (V),527.1 fps,USB3.0,USB3 Vision 1.0.1,USB bus power (+5 V),Less than 3.4 W,Lower limit: 0 deg. C (Environmental temperature) Upper limit: +64 deg. C (Temperature sensor on camera),Lower limit: -25 deg. C (Environmental temperature) Upper limit: +70 deg. C (Environmental temperature),SONY IMX287,Global Shutter,"1/2.9""",6.9 (H) x 6.9 (V) µm,28 (W) x 28 (H) x 40 (D) mm,Approximately 46 g,C Mount,IR cut filter on it,USB3.0 micro B x 1,HR10A-7R-6PB (Hirose) or equivalent x 1,Full scanning / ROI,Edge preset trigger / Pulse width trigger / Start stop trigger/ Free-run,BayerRG8 / BayerRG10 / BayerRG12 / BayerRG10Packed / BayerRG12Packed,1 µs to 16.777 seconds,0 to 19.2 dB,x1 to x2,0.1 to 4.0,,,Vertical flip / Horizontal flip / Vertical and horizontal flip/ Off,"Up to 2,048 pixels",Support (Eight settings),Auto exposure / Auto gain,,Auto / Manual / Push to set white balance,Support,Support,,
Sentech,stc-mbs52u3v,USB3 Vision Area Cameras,STC-MBS52U3V,Area Camera,0.5MP,Monochrome,816 (H) x 624 (V),721.5 fps,USB3.0,USB3 Vision 1.0.1,USB bus power (+5 V),Less than 5.0 W,Lower limit: 0 deg. C (Environmental temperature) Upper limit: +40 deg. C (Environmental temperature),Lower limit: -25 deg. C (Environmental temperature) Upper limit: +70 deg. C (Environmental temperature),SONY IMX426,Global Shutter,"1/1.7""",9.0 (H) x 9.0 (V) µm,28 (W) x 28 (H) x 40 (D) mm,Approximately 46 g,C Mount,No optical filter,USB3.0 micro B x 1,HR10A-7R-6PB (Hirose) or equivalent x 1,Full scanning / ROI,Edge preset trigger / Pulse width trigger / Start stop trigger/ Free-run,Mono8 / Mono10 / Mono12 / Mono10Packed / Mono12Packed,1 µs to 16.777 seconds,0 to 43.2 dB (Image sensor gain including digital),x1 to x2,0.1 to 4.0,,,Vertical flip / Horizontal flip / Vertical and horizontal flip/ Off,Up to 256 pixels,Support (Eight settings),,,Auto exposure / Auto gain,Support,Support,,
Sentech,stc-mcs52u3v,USB3 Vision Area Cameras,STC-MCS52U3V,Area Camera,0.5MP,Color,816 (H) x 624 (V),721.5 fps,USB3.0,USB3 Vision 1.0.1,USB bus power (+5 V),Less than 5.0 W,Lower limit: 0 deg. C (Environmental temperature) Upper limit: +40 deg. C (Environmental temperature),Lower limit: -25 deg. C (Environmental temperature) Upper limit: +70 deg. C (Environmental temperature),SONY IMX426,Global Shutter,"1/1.7""",9.0 (H) x 9.0 (V) µm,28 (W) x 28 (H) x 40 (D) mm,Approximately 46 g,C Mount,IR cut filter on it,USB3.0 micro B x 1,HR10A-7R-6PB (Hirose) or equivalent x 1,Full scanning / ROI,Edge preset trigger / Pulse width trigger / Start stop trigger/ Free-run,BayerRG8 / BayerRG10 / BayerRG12 / BayerRG10Packed / BayerRG12Packed,1 µs to 16.777 seconds,0 to 43.2 dB (Image sensor gain including digital),x1 to x2,0.1 to 4.0,,,Vertical flip / Horizontal flip / Vertical and horizontal flip/ Off,Up to 256 pixels,Support (Eight settings),Auto exposure / Auto gain,,Auto / Manual / Push to set white balance,Support,Support,,
Sentech,stc-mbe132u3v,USB3 Vision Area Cameras,STC-MBE132U3V,Area Camera,1.3MP,Monochrome,"1,280 (H) x 1,024 (V)",60.0 fps,USB3.0,USB3 Vision 1.0.1,USB bus power (+5 V),Less than 2.0 W,Lower limit: 0 deg. C (Environmental temperature) Upper limit: +40 deg. C (Environmental temperature),Lower limit: -30 deg. C (Environmental temperature) Upper limit: +70 deg. C (Environmental temperature),Teledyne e2v EV76C560,Global Shutter / Rolling Shutter,"1/1.8""",5.3 (H) x 5.3 (V) µm,28 (W) x 28 (H) x 33.8 (D) mm,Approximately 38 g,CS Mount,No optical filter,USB3.0 micro B x 1,HR10A-7R-6PB (Hirose) or equivalent x 1,Full scanning / ROI,Edge preset trigger / Free-run,Mono8 / Mono10,15.72 µseconds to 1.03 seconds,x1 to x3.96,x1 to x3.98,0.1 to 4.0,x2 horizontal and vertical individually / Off,x2 horizontal and vertical individually / Off,Vertical flip / Horizontal flip / Vertical and horizontal flip/ Off,Up to 32 pixels,Support (Eight settings),,,Auto exposure / Auto gain,Support,Support,,
Sentech,stc-mce132u3v,USB3 Vision Area Cameras,STC-MCE132U3V,Area Camera,1.3MP,Color,"1,280 (H) x 1,024 (V)",60.0 fps,USB3.0,USB3 Vision 1.0.1,USB bus power (+5 V),Less than 2.0 W,Lower limit: 0 deg. C (Environmental temperature) Upper limit: +40 deg. C (Environmental temperature),Lower limit: -30 deg. C (Environmental temperature) Upper limit: +70 deg. C (Environmental temperature),Teledyne e2v EV76C560,Global Shutter / Rolling Shutter,"1/1.8""",5.3 (H) x 5.3 (V) µm,28 (W) x 28 (H) x 33.8 (D) mm,Approximately 38 g,CS Mount,IR cut filter on it,USB3.0 micro B x 1,HR10A-7R-6PB (Hirose) or equivalent x 1,Full scanning / ROI,Edge preset trigger / Free-run,BayerRG8 / BayerRG10,15.72 µseconds to 1.03 seconds,x1 to x3.96,x1 to x3.98,0.1 to 4.0,,x2 horizontal and vertical individually / Off,Vertical flip / Horizontal flip / Vertical and horizontal flip/ Off,Up to 32 pixels,Support (Eight settings),Auto exposure / Auto gain,,Auto / Manual / Push to set white balance,Support,Support,,
Sentech,stc-mbs163u3v,USB3 Vision Area Cameras,STC-MBS163U3V,Area Camera,1.6MP,Monochrome,"1,440 (H) x 1,080 (V)",238.0 fps,USB3.0,USB3 Vision 1.0.1,USB bus power (+5 V),Less than 3.8 W,Lower limit: 0 deg. C (Environmental temperature) Upper limit: +64 deg. C (Temperature sensor on camera),Lower limit: -25 deg. C (Environmental temperature) Upper limit: +70 deg. C (Environmental temperature),SONY IMX273,Global Shutter,"1/2.9""",3.45 (H) x 3.45 (V) µm,28 (W) x 28 (H) x 40 (D) mm,Approximately 46 g,C Mount,No optical filter,USB3.0 micro B x 1,HR10A-7R-6PB (Hirose) or equivalent x 1,Full scanning / ROI,Edge preset trigger / Pulse width trigger / Start stop trigger/ Free-run,Mono8 / Mono10 / Mono12 / Mono10Packed / Mono12Packed,1 µs to 16.777 seconds,0 to 19.2 dB,x1 to x2,0.1 to 4.0,x2 horizontal and vertical individually / Off,x2 horizontal and vertical individually / Off,Vertical flip / Horizontal flip / Vertical and horizontal flip/ Off,"Up to 2,048 pixels",Support (Eight settings),,,Auto exposure / Auto gain,Support,Support,,
Sentech,stc-mcs163u3v,USB3 Vision Area Cameras,STC-MCS163U3V,Area Camera,1.6MP,Color,"1,440 (H) x 1,080 (V)",238.0 fps,USB3.0,USB3 Vision 1.0.1,USB bus power (+5 V),Less than 3.8 W,Lower limit: 0 deg. C (Environmental temperature) Upper limit: +64 deg. C (Temperature sensor on camera),Lower limit: -25 deg. C (Environmental temperature) Upper limit: +70 deg. C (Environmental temperature),SONY IMX273,Global Shutter,"1/2.9""",3.45 (H) x 3.45 (V) µm,28 (W) x 28 (H) x 40 (D) mm,Approximately 46 g,C Mount,IR cut filter on it,USB3.0 micro B x 1,HR10A-7R-6PB (Hirose) or equivalent x 1,Full scanning / ROI,Edge preset trigger / Pulse width trigger / Start stop trigger/ Free-run,BayerRG8 / BayerRG10 / BayerRG12 / BayerRG10Packed / BayerRG12Packed,1 µs to 16.777 seconds,0 to 19.2 dB,x1 to x2,0.1 to 4.0,,x2 horizontal and vertical individually / Off,Vertical flip / Horizontal flip / Vertical and horizontal flip/ Off,"Up to 2,048 pixels",Support (Eight settings),Auto exposure / Auto gain,,Auto / Manual / Push to set white balance,Support,Support,,
Sentech,stc-mbs231u3v,USB3 Vision Area Cameras,STC-MBS231U3V,Area Camera,2.3MP,Monochrome,"1,920 (H) x 1,200 (V)",41.6 fps,USB3.0,USB3 Vision 1.0.1,USB bus power (+5 V),Less than 3.0 W,Lower limit: 0 deg. C (Environmental temperature) Upper limit: +67 deg. C (Temperature sensor on camera),Lower limit: -30 deg. C (Environmental temperature) Upper limit: +70 deg. C (Environmental temperature),SONY IMX249,Global Shutter,"1/1.2""",5.86 (H) x 5.86 (V) µm,28 (W) x 28 (H) x 40 (D) mm,Approximately 48 g,C Mount,No optical filter,USB3.0 micro B x 1,HR10A-7R-6PB (Hirose) or equivalent x 1,Full scanning / ROI,Edge preset trigger / Pulse width trigger / Start stop trigger/ Free-run,Mono8 / Mono10 / Mono12,33 µseconds to 81.3 seconds,0 to 24.0 dB,x1 to x2,1.0,x2 horizontal and vertical individually / Off,x2 horizontal and vertical individually / Off,Vertical flip / Horizontal flip / Vertical and horizontal flip/ Off,Up to 64 pixels,Support (Eight settings),,,Auto exposure / Auto gain,Support,Support,,
Sentech,stc-mcs231u3v,USB3 Vision Area Cameras,STC-MCS231U3V,Area Camera,2.3MP,Color,"1,920 (H) x 1,200 (V)",41.6 fps,USB3.0,USB3 Vision 1.0.1,USB bus power (+5 V),Less than 3.0 W,Lower limit: 0 deg. C (Environmental temperature) Upper limit: +67 deg. C (Temperature sensor on camera),Lower limit: -30 deg. C (Environmental temperature) Upper limit: +70 deg. C (Environmental temperature),SONY IMX249,Global Shutter,"1/1.2""",5.86 (H) x 5.86 (V) µm,28 (W) x 28 (H) x 40 (D) mm,Approximately 48 g,C Mount,IR cut filter on it,USB3.0 micro B x 1,HR10A-7R-6PB (Hirose) or equivalent x 1,Full scanning / ROI,Edge preset trigger / Pulse width trigger / Start stop trigger/ Free-run,BayerRG8 / BayerRG10 / BayerRG12,33 µseconds to 81.3 seconds,0 to 24.0 dB,x1 to x2,1.0,,x2 horizontal and vertical individually / Off,Vertical flip / Horizontal flip / Vertical and horizontal flip/ Off,Up to 64 pixels,Support (Eight settings),Auto exposure / Auto gain,,Auto / Manual / Push to set white balance,Support,Support,,
Sentech,stc-mbs241u3v,USB3 Vision Area Cameras,STC-MBS241U3V,Area Camera,2.3MP,Monochrome,"1,920 (H) x 1,200 (V)",163.0 fps,USB3.0,USB3 Vision 1.0.1,USB bus power (+5 V),Less than 4.0 W,Lower limit: 0 deg. C (Environmental temperature) Upper limit: +64 deg. C (Temperature sensor on camera),Lower limit: -30 deg. C (Environmental temperature) Upper limit: +70 deg. C (Environmental temperature),SONY IMX174,Global Shutter,"1/1.2""",5.86 (H) x 5.86 (V) µm,28 (W) x 28 (H) x 40 (D) mm,Approximately 48 g,C Mount,No optical filter,USB3.0 micro B x 1,HR10A-7R-6PB (Hirose) or equivalent x 1,Full scanning / ROI,Edge preset trigger / Pulse width trigger / Start stop trigger/ Free-run,Mono8 / Mono10 / Mono12,18.6 µseconds to 20 seconds,0 to 24.0 dB,x1 to x2,1.0,x2 horizontal and vertical individually / Off,x2 horizontal and vertical individually / Off,Vertical flip / Horizontal flip / Vertical and horizontal flip/ Off,Up to 64 pixels,Support (Eight settings),,,Auto exposure / Auto gain,Support,Support,,
Sentech,stc-mcs241u3v,USB3 Vision Area Cameras,STC-MCS241U3V,Area Camera,2.3MP,Color,"1,920 (H) x 1,200 (V)",163.0 fps,USB3.0,USB3 Vision 1.0.1,USB bus power (+5 V),Less than 4.0 W,Lower limit: 0 deg. C (Environmental temperature) Upper limit: +64 deg. C (Temperature sensor on camera),Lower limit: -30 deg. C (Environmental temperature) Upper limit: +70 deg. C (Environmental temperature),SONY IMX174,Global Shutter,"1/1.2""",5.86 (H) x 5.86 (V) µm,28 (W) x 28 (H) x 40 (D) mm,Approximately 48 g,C Mount,IR cut filter on it,USB3.0 micro B x 1,HR10A-7R-6PB (Hirose) or equivalent x 1,Full scanning / ROI,Edge preset trigger / Pulse width trigger / Start stop trigger/ Free-run,BayerRG8 / BayerRG10 / BayerRG12,18.6 µseconds to 20 seconds,0 to 24.0 dB,x1 to x2,1.0,,x2 horizontal and vertical individually / Off,Vertical flip / Horizontal flip / Vertical and horizontal flip/ Off,Up to 64 pixels,Support (Eight settings),Auto exposure / Auto gain,,Auto / Manual / Push to set white balance,Support,Support,,
Sentech,stc-mbs312u3v,USB3 Vision Area Cameras,STC-MBS312U3V,Area Camera,3.2MP,Monochrome,"2,048 (H) x 1,536 (V)",56.0 fps,USB3.0,USB3 Vision 1.0.1,USB bus power (+5 V),Less than 3.4 W,Lower limit: 0 deg. C (Environmental temperature) Upper limit: +67 deg. C (Temperature sensor on camera),Lower limit: -30 deg. C (Environmental temperature) Upper limit: +70 deg. C (Environmental temperature),SONY IMX265,Global Shutter,"1/1.8""",3.45 (H) x 3.45 (V) µm,28 (W) x 28 (H) x 40 (D) mm,Approximately 48 g,C Mount,No optical filter,USB3.0 micro B x 1,HR10A-7R-6PB (Hirose) or equivalent x 1,Full scanning / ROI,Edge preset trigger / Pulse width trigger / Start stop trigger/ Free-run,Mono8 / Mono10 / Mono12 / Mono10Packed / Mono12Packed,25.2 µseconds to 47 seconds,0 to 19.2 dB,x1 to x2,0.1 to 4.0,x2 horizontal and vertical individually / Off,x2 horizontal and vertical individually / Off,Vertical flip / Horizontal flip / Vertical and horizontal flip/ Off,Up to 64 pixels,Support (Eight settings),,,Auto exposure / Auto gain,Support,Support,,
Sentech,stc-mcs312u3v,USB3 Vision Area Cameras,STC-MCS312U3V,Area Camera,3.2MP,Color,"2,048 (H) x 1,536 (V)",56.0 fps,USB3.0,USB3 Vision 1.0.1,USB bus power (+5 V),Less than 3.4 W,Lower limit: 0 deg. C (Environmental temperature) Upper limit: +67 deg. C (Temperature sensor on camera),Lower limit: -30 deg. C (Environmental temperature) Upper limit: +70 deg. C (Environmental temperature),SONY IMX265,Global Shutter,"1/1.8""",3.45 (H) x 3.45 (V) µm,28 (W) x 28 (H) x 40 (D) mm,Approximately 48 g,C Mount,IR cut filter on it,USB3.0 micro B x 1,HR10A-7R-6PB (Hirose) or equivalent x 1,Full scanning / ROI,Edge preset trigger / Pulse width trigger / Start stop trigger/ Free-run,BayerRG8 / BayerRG10 / BayerRG12 / BayerRG10Packed / BayerRG12Packed,25.2 µseconds to 47 seconds,0 to 19.2 dB,x1 to x2,0.1 to 4.0,,x2 horizontal and vertical individually / Off,Vertical flip / Horizontal flip / Vertical and horizontal flip/ Off,Up to 64 pixels,Support (Eight settings),Auto exposure / Auto gain,,Auto / Manual / Push to set white balance,Support,Support,,
Sentech,stc-mbs322u3v,USB3 Vision Area Cameras,STC-MBS322U3V,Area Camera,3.2MP,Monochrome,"2,048 (H) x 1,536 (V)",121.0 fps,USB3.0,USB3 Vision 1.0.1,USB bus power (+5 V),Less than 4.2 W,Lower limit: 0 deg. C (Environmental temperature) Upper limit: +65 deg. C (Temperature sensor on camera),Lower limit: -30 deg. C (Environmental temperature) Upper limit: +70 deg. C (Environmental temperature),SONY IMX252,Global Shutter,"1/1.8""",3.45 (H) x 3.45 (V) µm,28 (W) x 28 (H) x 40 (D) mm,Approximately 48 g,C Mount,No optical filter,USB3.0 micro B x 1,HR10A-7R-6PB (Hirose) or equivalent x 1,Full scanning / ROI,Edge preset trigger / Pulse width trigger / Start stop trigger/ Free-run,Mono8 / Mono10 / Mono12 / Mono10Packed / Mono12Packed,19.0 µseconds to 22 seconds,0 to 19.2 dB,x1 to x2,0.1 to 4.0,x2 horizontal and vertical individually / Off,x2 horizontal and vertical individually / Off,Vertical flip / Horizontal flip / Vertical and horizontal flip/ Off,Up to 64 pixels,Support (Eight settings),,,Auto exposure / Auto gain,Support,Support,,
Sentech,stc-mcs322u3v,USB3 Vision Area Cameras,STC-MCS322U3V,Area Camera,3.2MP,Color,"2,048 (H) x 1,536 (V)",121.0 fps,USB3.0,USB3 Vision 1.0.1,USB bus power (+5 V),Less than 4.2 W,Lower limit: 0 deg. C (Environmental temperature) Upper limit: +65 deg. C (Temperature sensor on camera),Lower limit: -30 deg. C (Environmental temperature) Upper limit: +70 deg. C (Environmental temperature),SONY IMX252,Global Shutter,"1/1.8""",3.45 (H) x 3.45 (V) µm,28 (W) x 28 (H) x 40 (D) mm,Approximately 48 g,C Mount,IR cut filter on it,USB3.0 micro B x 1,HR10A-7R-6PB (Hirose) or equivalent x 1,Full scanning / ROI,Edge preset trigger / Pulse width trigger / Start stop trigger/ Free-run,BayerRG8 / BayerRG10 / BayerRG12 / BayerRG10Packed / BayerRG12Packed,19.0 µseconds to 22 seconds,0 to 19.2 dB,x1 to x2,0.1 to 4.0,,x2 horizontal and vertical individually / Off,Vertical flip / Horizontal flip / Vertical and horizontal flip/ Off,Up to 64 pixels,Support (Eight settings),Auto exposure / Auto gain,,Auto / Manual / Push to set white balance,Support,Support,,
Sentech,stc-mbcm401u3v,USB3 Vision Area Cameras,STC-MBCM401U3V,Area Camera,4MP,Monochrome,"2,048 (H) x 2,048 (V)",89.0 fps,USB3.0,USB3 Vision 1.0.1,USB bus power (+5 V),Less than 4.0 W,Lower limit: 0 deg. C (Environmental temperature) Upper limit: +63 deg. C (Temperature sensor on camera),Lower limit: -30 deg. C (Environmental temperature) Upper limit: +65 deg. C (Environmental temperature),ams OSRAM CMV4000,Global Shutter,"1""",5.5 (H) x 5.5 (V) µm,28 (W) x 28 (H) x 40 (D) mm,Approximately 52 g,C Mount,No optical filter,USB3.0 micro B x 1,HR10A-7R-6PB (Hirose) or equivalent x 1,Full scanning / ROI,Edge preset trigger / Pulse width trigger / Free-run,Mono8 / Mono10 / Mono12,"22 µseconds to 16,777 seconds",,0 to 13.9 dB,,x2 horizontal and vertical individually / x4 horizontal and vertical individually / Off,x2 horizontal and vertical individually / x4 horizontal and vertical individually / Off,Vertical flip / Horizontal flip / Vertical and horizontal flip/ Off,Up to 64 pixels,Support (Eight settings),,,Auto exposure / Auto gain,Support,Support,,
Sentech,stc-mccm401u3v,USB3 Vision Area Cameras,STC-MCCM401U3V,Area Camera,4MP,Color,"2,048 (H) x 2,048 (V)",89.0 fps,USB3.0,USB3 Vision 1.0.1,USB bus power (+5 V),Less than 4.0 W,Lower limit: 0 deg. C (Environmental temperature) Upper limit: +63 deg. C (Temperature sensor on camera),Lower limit: -30 deg. C (Environmental temperature) Upper limit: +65 deg. C (Environmental temperature),ams OSRAM CMV4000,Global Shutter,"1""",5.5 (H) x 5.5 (V) µm,28 (W) x 28 (H) x 40 (D) mm,Approximately 52 g,C Mount,IR cut filter on it,USB3.0 micro B x 1,HR10A-7R-6PB (Hirose) or equivalent x 1,Full scanning / ROI,Edge preset trigger / Pulse width trigger / Free-run,BayerRG8 / BayerRG10 / BayerRG12,"22 µseconds to 16,777 seconds",,0 to 13.9 dB,,,x2 vertical / x4 vertical / Off,Vertical flip / Horizontal flip / Vertical and horizontal flip/ Off,Up to 64 pixels,Support (Eight settings),Auto exposure / Auto gain,,Auto / Manual / Push to set white balance,Support,Support,,
Sentech,stc-mbcm401u3v-nir,USB3 Vision Area Cameras,STC-MBCM401U3V-NIR,Area Camera,4MP,Monochrome NIR,"2,048 (H) x 2,048 (V)",89.0 fps,USB3.0,USB3 Vision 1.0.1,USB bus power (+5 V),Less than 4.0 W,Lower limit: 0 deg. C (Environmental temperature) Upper limit: +63 deg. C (Temperature sensor on camera),Lower limit: -30 deg. C (Environmental temperature) Upper limit: +65 deg. C (Environmental temperature),ams OSRAM CMV4000,Global Shutter,"1""",5.5 (H) x 5.5 (V) µm,28 (W) x 28 (H) x 40 (D) mm,Approximately 52 g,C Mount,No optical filter,USB3.0 micro B x 1,HR10A-7R-6PB (Hirose) or equivalent x 1,Full scanning / ROI,Edge preset trigger / Pulse width trigger / Free-run,Mono8 / Mono10 / Mono12,"22 µseconds to 16,777 seconds",,0 to 13.9 dB,,x2 horizontal and vertical individually / x4 horizontal and vertical individually / Off,x2 horizontal and vertical individually / x4 horizontal and vertical individually / Off,Vertical flip / Horizontal flip / Vertical and horizontal flip/ Off,Up to 64 pixels,Support (Eight settings),,,Auto exposure / Auto gain,Support,Support,,
Sentech,stc-mbs500u3v,USB3 Vision Area Cameras,STC-MBS500U3V,Area Camera,5MP,Monochrome,"2,448 (H) x 2,048 (V)",35.8 fps,USB3.0,USB3 Vision 1.0.1,USB bus power (+5 V),Less than 3.4 W,Lower limit: 0 deg. C (Environmental temperature) Upper limit: +67 deg. C (Temperature sensor on camera),Lower limit: -30 deg. C (Environmental temperature) Upper limit: +70 deg. C (Environmental temperature),SONY IMX264,Global Shutter,"2/3""",3.45 (H) x 3.45 (V) µm,28 (W) x 28 (H) x 40 (D) mm,Approximately 48 g,C Mount,No optical filter,USB3.0 micro B x 1,HR10A-7R-6PB (Hirose) or equivalent x 1,Full scanning / ROI,Edge preset trigger / Pulse width trigger / Start stop trigger/ Free-run,Mono8 / Mono10 / Mono12 / Mono10Packed / Mono12Packed,27.2 µseconds to 56 seconds,0 to 19.2 dB,x1 to x2,0.1 to 4.0,x2 horizontal and vertical individually / Off,x2 horizontal and vertical individually / Off,Vertical flip / Horizontal flip / Vertical and horizontal flip/ Off,Up to 64 pixels,Support (Eight settings),,,Auto exposure / Auto gain,Support,Support,,
Sentech,stc-mcs500u3v,USB3 Vision Area Cameras,STC-MCS500U3V,Area Camera,5MP,Color,"2,448 (H) x 2,048 (V)",35.8 fps,USB3.0,USB3 Vision 1.0.1,USB bus power (+5 V),Less than 3.4 W,Lower limit: 0 deg. C (Environmental temperature) Upper limit: +67 deg. C (Temperature sensor on camera),Lower limit: -30 deg. C (Environmental temperature) Upper limit: +70 deg. C (Environmental temperature),SONY IMX264,Global Shutter,"2/3""",3.45 (H) x 3.45 (V) µm,28 (W) x 28 (H) x 40 (D) mm,Approximately 48 g,C Mount,IR cut filter on it,USB3.0 micro B x 1,HR10A-7R-6PB (Hirose) or equivalent x 1,Full scanning / ROI,Edge preset trigger / Pulse width trigger / Start stop trigger/ Free-run,BayerRG8 / BayerRG10 / BayerRG12 / BayerRG10Packed / BayerRG12Packed,27.2 µseconds to 56 seconds,0 to 19.2 dB,x1 to x2,0.1 to 4.0,,x2 horizontal and vertical individually / Off,Vertical flip / Horizontal flip / Vertical and horizontal flip/ Off,Up to 64 pixels,Support (Eight settings),Auto exposure / Auto gain,,Auto / Manual / Push to set white balance,Support,Support,,
Sentech,stc-mbs510u3v,USB3 Vision Area Cameras,STC-MBS510U3V,Area Camera,5MP,Monochrome,"2,448 (H) x 2,048 (V)",75.7 fps,USB3.0,USB3 Vision 1.0.1,USB bus power (+5 V),Less than 4.2 W,Lower limit: 0 deg. C (Environmental temperature) Upper limit: +65 deg. C (Temperature sensor on camera),Lower limit: -30 deg. C (Environmental temperature) Upper limit: +70 deg. C (Environmental temperature),SONY IMX250,Global Shutter,"2/3""",3.45 (H) x 3.45 (V) µm,28 (W) x 28 (H) x 40 (D) mm,Approximately 48 g,C Mount,No optical filter,USB3.0 micro B x 1,HR10A-7R-6PB (Hirose) or equivalent x 1,Full scanning / ROI,Edge preset trigger / Pulse width trigger / Start stop trigger/ Free-run,Mono8 / Mono10 / Mono12 / Mono10Packed / Mono12Packed,20.1 µseconds to 26 seconds,0 to 19.2 dB,x1 to x2,0.1 to 4.0,x2 horizontal and vertical individually / Off,x2 horizontal and vertical individually / Off,Vertical flip / Horizontal flip / Vertical and horizontal flip/ Off,Up to 64 pixels,Support (Eight settings),,,Auto exposure / Auto gain,Support,Support,,
Sentech,stc-mcs510u3v,USB3 Vision Area Cameras,STC-MCS510U3V,Area Camera,5MP,Color,"2,448 (H) x 2,048 (V)",75.7 fps,USB3.0,USB3 Vision 1.0.1,USB bus power (+5 V),Less than 4.2 W,Lower limit: 0 deg. C (Environmental temperature) Upper limit: +65 deg. C (Temperature sensor on camera),Lower limit: -30 deg. C (Environmental temperature) Upper limit: +70 deg. C (Environmental temperature),SONY IMX250,Global Shutter,"2/3""",3.45 (H) x 3.45 (V) µm,28 (W) x 28 (H) x 40 (D) mm,Approximately 48 g,C Mount,IR cut filter on it,HR10A-7R-6PB (Hirose) or equivalent x 1,HR10A-7R-6PB (Hirose) or equivalent x 1,Full scanning / ROI,Edge preset trigger / Pulse width trigger / Start stop trigger/ Free-run,BayerRG8 / BayerRG10 / BayerRG12 / BayerRG10Packed / BayerRG12Packed,20.1 µseconds to 26 seconds,0 to 19.2 dB,x1 to x2,0.1 to 4.0,,x2 horizontal and vertical individually / Off,Vertical flip / Horizontal flip / Vertical and horizontal flip / Off,Up to 64 pixels,Support (Eight settings),Auto / Manual / Push to set white balance,,Auto / Manual / Push to set white balance,Support,Support,,
Sentech,stc-mbpl510u3v,USB3 Vision Area Cameras,STC-MBPL510U3V,Area Camera,5MP,Polarization,"2,448 (H) x 2,048 (V)",75.7 fps,USB3.0,USB3 Vision 1.0.1,USB bus power (+5 V) External power (+8.0 to +24 Vdc),Less than 5.0 W,Lower limit: 0 deg. C (Environmental temperature) Upper limit: +73 deg. C (Temperature sensor on camera),Lower limit: -25 deg. C (Environmental temperature) Upper limit: +75 deg. C (Environmental temperature),SONY IMX250MZR,Global Shutter,"2/3""",3.45 (H) x 3.45 (V) µm,35 (W) x 35 (H) x 41.5 (D) mm,Approximately 78 g,C Mount,No optical filter,USB3.0 micro B x 1,HR10A-7R-6PB (Hirose) or equivalent x 1,Full scanning / ROI,Edge preset trigger / Pulse width trigger / Start stop trigger/ Free-run,Mono8 / Mono10 / Mono12 / Mono10Packed / Mono12Packed,"1 µsecond to 16,777 seconds",0 to 19.2 dB,x1 to x2,0.1 to 4.0,,,Vertical flip / Horizontal flip / Vertical and horizontal flip / Off,"Up to 1,080 pixels",Support (Eight settings),,,Auto exposure / Auto gain,Support,Support,,
Sentech,stc-mbs70bu3v,USB3 Vision Area Cameras,STC-MBS70BU3V,Area Camera,7.1MP,Monochrome,"3,216 (H) x 2,208 (V)",51.2 fps,USB3.0,USB3 Vision 1.0.1,USB bus power (+5 V) External power (+8.0 to +24 Vdc),Less than 5.9 W,Lower limit: 0 deg. C (Environmental temperature) Upper limit: +40 deg. C (Environmental temperature),Lower limit: -25 deg. C (Environmental temperature) Upper limit: +70 deg. C (Environmental temperature),SONY IMX428,Global Shutter,"1.1""",4.5 (H) x 4.5 (V) µm,35 (W) x 35 (H) x 41.5 (D) mm,Approximately 78 g,C Mount,No optical filter,USB3.0 micro B x 1,HR10A-7R-6PB (Hirose) or equivalent x 1,Full scanning / ROI,Edge preset trigger / Pulse width trigger / Start stop trigger/ Free-run,Mono8 / Mono10 / Mono12 / Mono10Packed / Mono12Packed,"1 µsecond to 16,777 seconds",0 to 19.2 dB,x1 to x2,0.1 to 4.0,x2 horizontal and vertical individually / Off,,Vertical flip / Horizontal flip / Vertical and horizontal flip/ Off,"Up to 1,080 pixels",Support (Eight settings),,Support,Auto exposure / Auto gain,Support,Support,,
Sentech,stc-mcs70bu3v,USB3 Vision Area Cameras,STC-MCS70BU3V,Area Camera,7.1MP,Color,"3,216 (H) x 2,208 (V)",51.2 fps,USB3.0,USB3 Vision 1.0.1,USB bus power (+5 V) External power (+8.0 to +24 Vdc),Less than 5.9 W,Lower limit: 0 deg. C (Environmental temperature) Upper limit: +40 deg. C (Environmental temperature),Lower limit: -25 deg. C (Environmental temperature) Upper limit: +70 deg. C (Environmental temperature),SONY IMX428,Global Shutter,"1.1""",4.5 (H) x 4.5 (V) µm,35 (W) x 35 (H) x 41.5 (D) mm,Approximately 78 g,C Mount,IR cut filter on it,USB3.0 micro B x 1,HR10A-7R-6PB (Hirose) or equivalent x 1,Full scanning / ROI,Edge preset trigger / Pulse width trigger / Start stop trigger/ Free-run,BayerRG8 / BayerRG10 / BayerRG12 / BayerRG10Packed / BayerRG12Packed,"1 µsecond to 16,777 seconds",0 to 19.2 dB,x1 to x2,0.1 to 4.0,,,Vertical flip / Horizontal flip / Vertical and horizontal flip/ Off,"Up to 1,080 pixels",Support (Eight settings),Auto exposure / Auto gain,Support,Auto / Manual / Push to set white balance,Support,Support,,
Sentech,stc-mbs881u3v,USB3 Vision Area Cameras,STC-MBS881U3V,Area Camera,8.9MP,Monochrome,"4,096 (H) x 2,160 (V)",32.5 fps,USB3.0,USB3 Vision 1.0.1,USB bus power (+5 V) External power (+8.0 to +24 Vdc),Less than 5.1 W,Lower limit: 0 deg. C (Environmental temperature) Upper limit: +40 deg. C (Environmental temperature),Lower limit: -30 deg. C (Environmental temperature) Upper limit: +70 deg. C (Environmental temperature),SONY IMX267,Global Shutter,"1""",3.45 (H) x 3.45 (V) µm,35 (W) x 35 (H) x 41.5 (D) mm,Approximately 78 g,C Mount,No optical filter,USB3.0 micro B x 1,HR10A-7R-6PB (Hirose) or equivalent x 1,Full scanning / ROI,Edge preset trigger / Pulse width trigger / Start stop trigger/ Free-run,Mono8 / Mono10 / Mono12 / Mono10Packed / Mono12Packed,"1.5 µseconds to 16,777 seconds",0 to 19.2 dB,x1 to x2,0.1 to 4.0,,x2 horizontal and vertical individually / Off,Vertical flip / Horizontal flip / Vertical and horizontal flip/ Off,"Up to 1,080 pixels",Support (Eight settings),,,Auto exposure / Auto gain,Support,Support,,
Sentech,stc-mcs881u3v,USB3 Vision Area Cameras,STC-MCS881U3V,Area Camera,8.9MP,Color,"4,096 (H) x 2,160 (V)",32.5 fps,USB3.0,USB3 Vision 1.0.1,USB bus power (+5 V) External power (+8.0 to +24 Vdc),Less than 5.1 W,Lower limit: 0 deg. C (Environmental temperature) Upper limit: +40 deg. C (Environmental temperature),Lower limit: -30 deg. C (Environmental temperature) Upper limit: +70 deg. C (Environmental temperature),SONY IMX267,Global Shutter,"1""",3.45 (H) x 3.45 (V) µm,35 (W) x 35 (H) x 41.5 (D) mm,Approximately 78 g,C Mount,IR cut filter on it,USB3.0 micro B x 1,HR10A-7R-6PB (Hirose) or equivalent x 1,Full scanning / ROI,Edge preset trigger / Pulse width trigger / Start stop trigger/ Free-run,BayerRG8 / BayerRG10 / BayerRG12 / BayerRG10Packed / BayerRG12Packed,"1.5 µseconds to 16,777 seconds",0 to 19.2 dB,x1 to x2,0.1 to 4.0,,x2 horizontal and vertical individually / Off,Vertical flip / Horizontal flip / Vertical and horizontal flip/ Off,"Up to 1,080 pixels",Support (Eight settings),Auto exposure / Auto gain,,Auto / Manual / Push to set white balance,Support,Support,,
Sentech,stc-mbs891u3v,USB3 Vision Area Cameras,STC-MBS891U3V,Area Camera,8.9MP,Monochrome,"4,096 (H) x 2,160 (V)",41.9 fps,USB3.0,USB3 Vision 1.0.1,USB bus power (+5 V) External power (+8.0 to +24 Vdc),Less than 5.7 W,Lower limit: 0 deg. C (Environmental temperature) Upper limit: +72 deg. C (Temperature sensor on camera),Lower limit: -30 deg. C (Environmental temperature) Upper limit: +70 deg. C (Environmental temperature),SONY IMX255,Global Shutter,"1""",3.45 (H) x 3.45 (V) µm,35 (W) x 35 (H) x 41.5 (D) mm,Approximately 78 g,C Mount,No optical filter,USB3.0 micro B x 1,HR10A-7R-6PB (Hirose) or equivalent x 1,Full scanning / ROI,Edge preset trigger / Pulse width trigger / Start stop trigger/ Free-run,Mono8 / Mono10 / Mono12 / Mono10Packed / Mono12Packed,"2 µseconds to 16,777 seconds",0 to 19.2 dB,x1 to x2,0.1 to 4.0,x2 horizontal and vertical individually / Off,x2 horizontal and vertical individually / Off,Vertical flip / Horizontal flip / Vertical and horizontal flip/ Off,Up to 256 pixels,Support (Eight settings),,,Auto exposure / Auto gain,Support,Support,,
Sentech,stc-mcs891u3v,USB3 Vision Area Cameras,STC-MCS891U3V,Area Camera,8.9MP,Color,"4,096 (H) x 2,160 (V)",41.9 fps,USB3.0,USB3 Vision 1.0.1,USB bus power (+5 V) External power (+8.0 to +24 Vdc),Less than 5.7 W,Lower limit: 0 deg. C (Environmental temperature) Upper limit: +72 deg. C (Temperature sensor on camera),Lower limit: -30 deg. C (Environmental temperature) Upper limit: +70 deg. C (Environmental temperature),SONY IMX255,Global Shutter,"1""",3.45 (H) x 3.45 (V) µm,35 (W) x 35 (H) x 41.5 (D) mm,Approximately 78 g,C Mount,IR cut filter on it,USB3.0 micro B x 1,HR10A-7R-6PB (Hirose) or equivalent x 1,Full scanning / ROI,Edge preset trigger / Pulse width trigger / Start stop trigger/ Free-run,BayerRG8 / BayerRG10 / BayerRG12 / BayerRG10Packed / BayerRG12Packed,"2 µseconds to 16,777 seconds",0 to 19.2 dB,x1 to x2,0.1 to 4.0,,x2 horizontal and vertical individually / Off,Vertical flip / Horizontal flip / Vertical and horizontal flip/ Off,Up to 256 pixels,Support (Eight settings),Auto exposure / Auto gain,,Auto / Manual / Push to set white balance,Support,Support,,
Sentech,stc-mbs122bu3v,USB3 Vision Area Cameras,STC-MBS122BU3V,Area Camera,12MP,Monochrome,"4,096 (H) x 3,000 (V)",23.5 fps,USB3.0,USB3 Vision 1.0.1,USB bus power (+5 V) External power (+8.0 to +24 Vdc),Less than 5.1 W,Lower limit: 0 deg. C (Environmental temperature) Upper limit: +40 deg. C (Environmental temperature),Lower limit: -30 deg. C (Environmental temperature) Upper limit: +70 deg. C (Environmental temperature),SONY IMX304,Global Shutter,"1.1""",3.45 (H) x 3.45 (V) µm,35 (W) x 35 (H) x 41.5 (D) mm,Approximately 78 g,C Mount,No optical filter,USB3.0 micro B x 1,HR10A-7R-6PB (Hirose) or equivalent x 1,Full scanning / ROI,Edge preset trigger / Pulse width trigger / Start stop trigger/ Free-run,Mono8 / Mono10 / Mono12 / Mono10Packed / Mono12Packed,"1.5 µseconds to 16,777 seconds",0 to 19.2 dB,x1 to x2,0.1 to 4.0,,x2 horizontal and vertical individually / Off,Vertical flip / Horizontal flip / Vertical and horizontal flip/ Off,"Up to 1,080 pixels",Support (Eight settings),,,Auto exposure / Auto gain,Support,Support,,
Sentech,stc-mcs122bu3v,USB3 Vision Area Cameras,STC-MCS122BU3V,Area Camera,12MP,Color,"4,096 (H) x 3,000 (V)",23.5 fps,USB3.0,USB3 Vision 1.0.1,USB bus power (+5 V) External power (+8.0 to +24 Vdc),Less than 5.1 W,Lower limit: 0 deg. C (Environmental temperature) Upper limit: +40 deg. C (Environmental temperature),Lower limit: -30 deg. C (Environmental temperature) Upper limit: +70 deg. C (Environmental temperature),SONY IMX304,Global Shutter,"1.1""",3.45 (H) x 3.45 (V) µm,35 (W) x 35 (H) x 41.5 (D) mm,Approximately 78 g,C Mount,IR cut filter on it,USB3.0 micro B x 1,HR10A-7R-6PB (Hirose) or equivalent x 1,Full scanning / ROI,Edge preset trigger / Pulse width trigger / Start stop trigger/ Free-run,BayerRG8 / BayerRG10 / BayerRG12 / BayerRG10Packed / BayerRG12Packed,"1.5 µseconds to 16,777 seconds",0 to 19.2 dB,x1 to x2,0.1 to 4.0,,x2 horizontal and vertical individually / Off,Vertical flip / Horizontal flip / Vertical and horizontal flip/ Off,"Up to 1,080 pixels",Support (Eight settings),Auto exposure / Auto gain,,Auto / Manual / Push to set white balance,Support,Support,,
Sentech,stc-mbs123bu3v,USB3 Vision Area Cameras,STC-MBS123BU3V,Area Camera,12MP,Monochrome,"4,096 (H) x 3,000 (V)",30.4 fps,USB3.0,USB3 Vision 1.0.1,USB bus power (+5 V) External power (+8.0 to +24 Vdc),Less than 6.0 W,Lower limit: 0 deg. C (Environmental temperature) Upper limit: +72 deg. C (Temperature sensor on camera),Lower limit: -30 deg. C (Environmental temperature) Upper limit: +70 deg. C (Environmental temperature),SONY IMX253,Global Shutter,"1.1""",3.45 (H) x 3.45 (V) µm,35 (W) x 35 (H) x 41.5 (D) mm,Approximately 78 g,C Mount,No optical filter,USB3.0 micro B x 1,HR10A-7R-6PB (Hirose) or equivalent x 1,Full scanning / ROI,Edge preset trigger / Pulse width trigger / Start stop trigger/ Free-run,Mono8 / Mono10 / Mono12 / Mono10Packed / Mono12Packed,"2 µseconds to 16,777 seconds",0 to 19.2 dB,x1 to x2,0.1 to 4.0,x2 horizontal and vertical individually / Off,x2 horizontal and vertical individually / Off,Vertical flip / Horizontal flip / Vertical and horizontal flip/ Off,Up to 256 pixels,Support (Eight settings),,,Auto exposure / Auto gain,Support,Support,,
Sentech,stc-mcs123bu3v,USB3 Vision Area Cameras,STC-MCS123BU3V,Area Camera,12MP,Color,"4,096 (H) x 3,000 (V)",30.4 fps,USB3.0,USB3 Vision 1.0.1,USB bus power (+5 V) External power (+8.0 to +24 Vdc),Less than 6.0 W,Lower limit: 0 deg. C (Environmental temperature) Upper limit: +72 deg. C (Temperature sensor on camera),Lower limit: -30 deg. C (Environmental temperature) Upper limit: +70 deg. C (Environmental temperature),SONY IMX253,Global Shutter,"1.1""",3.45 (H) x 3.45 (V) µm,35 (W) x 35 (H) x 41.5 (D) mm,Approximately 78 g,C Mount,IR cut filter on it,USB3.0 micro B x 1,HR10A-7R-6PB (Hirose) or equivalent x 1,Full scanning / ROI,Edge preset trigger / Pulse width trigger / Start stop trigger/ Free-run,BayerRG8 / BayerRG10 / BayerRG12 / BayerRG10Packed / BayerRG12Packed,"2 µseconds to 16,777 seconds",0 to 19.2 dB,x1 to x2,0.1 to 4.0,,x2 horizontal and vertical individually / Off,Vertical flip / Horizontal flip / Vertical and horizontal flip/ Off,Up to 256 pixels,Support (Eight settings),Auto exposure / Auto gain,,Auto / Manual / Push to set white balance,Support,Support,,
Sentech,stc-mbs1242u3v,USB3 Vision Area Cameras,STC-MBS1242U3V,Area Camera,12MP,Monochrome,"4,000 (H) x 3,000 (V)",31.2 fps,USB3.0,USB3 Vision 1.0.1,USB bus power (+5 V) External power (+8.0 to +24 Vdc),Less than 3.9 W,Lower limit: 0 deg. C (Environmental temperature) Upper limit: +72 deg. C (Temperature sensor on camera),Lower limit: -20 deg. C (Environmental temperature) Upper limit: +80 deg. C (Environmental temperature),SONY IMX226,Rolling Shutter / Global Reset,"1/1.7""",1.85 (H) x 1.85 (V) µm,35 (W) x 35 (H) x 41.5 (D) mm,Approximately 77 g,C Mount,No optical filter,USB3.0 micro B x 1,HR10A-7R-6PB (Hirose) or equivalent x 1,Full scanning / ROI,Edge preset trigger / Pulse width trigger / Start stop trigger/ Free-run,Mono8 / Mono10 / Mono12 / Mono10Packed / Mono12Packed,"43.64 µseconds to 16,777 seconds",0 to 22.2 dB,x1 to x2,0.1 to 4.0,,,Vertical flip / Horizontal flip / Vertical and horizontal flip/ Off,Up to 512 pixels,Support (Eight settings),,,Auto exposure / Auto gain,Support,Support,,
Sentech,stc-mcs1242u3v,USB3 Vision Area Cameras,STC-MCS1242U3V,Area Camera,12MP,Color,"4,000 (H) x 3,000 (V)",31.2 fps,USB3.0,USB3 Vision 1.0.1,USB bus power (+5 V) External power (+8.0 to +24 Vdc),Less than 3.9 W,Lower limit: 0 deg. C (Environmental temperature) Upper limit: +72 deg. C (Temperature sensor on camera),Lower limit: -20 deg. C (Environmental temperature) Upper limit: +80 deg. C (Environmental temperature),SONY IMX226,Rolling Shutter / Global Reset,"1/1.7""",1.85 (H) x 1.85 (V) µm,35 (W) x 35 (H) x 41.5 (D) mm,Approximately 77 g,C Mount,IR cut filter on it,USB3.0 micro B x 1,HR10A-7R-6PB (Hirose) or equivalent x 1,Full scanning / ROI,Edge preset trigger / Pulse width trigger / Start stop trigger/ Free-run,BayerRG8 / BayerRG10 / BayerRG12 / BayerRG10Packed / BayerRG12Packed,"43.64 µseconds to 16,777 seconds",0 to 22.2 dB,x1 to x2,0.1 to 4.0,,,Vertical flip / Horizontal flip / Vertical and horizontal flip/ Off,Up to 512 pixels,Support (Eight settings),Auto exposure / Auto gain,,Auto / Manual / Push to set white balance,Support,Support,,
Sentech,stc-mbs2041u3v,USB3 Vision Area Cameras,STC-MBS2041U3V,Area Camera,20MP,Monochrome,"5,472(H) x 3,648 (V)",18.5 fps,USB3.0,USB3 Vision 1.0.1,USB bus power (+5 V) External power (+8.0 to +24 Vdc),Less than 4.3 W,Lower limit: 0 deg. C (Environmental temperature) Upper limit: +72 deg. C (Temperature sensor on camera),Lower limit: -20 deg. C (Environmental temperature) Upper limit: +80 deg. C (Environmental temperature),SONY IMX183,Rolling Shutter / Global Reset,"1""",2.40 (H) x 2.40 (V) µm,35 (W) x 35 (H) x 41.5 (D) mm,Approximately 77 g,C Mount,No optical filter,USB3.0 micro B x 1,HR10A-7R-6PB (Hirose) or equivalent x 1,Full scanning / ROI,Edge preset trigger / Pulse width trigger / Start stop trigger/ Free-run,Mono8 / Mono10 / Mono12 / Mono10Packed / Mono12Packed,"60.58 µseconds to 16,777 seconds",0 to 22.2 dB,x1 to x2,0.1 to 4.0,,,Vertical flip / Horizontal flip / Vertical and horizontal flip/ Off,Up to 512 pixels,Support (Eight settings),,,Auto exposure / Auto gain,Support,Support,,
Sentech,stc-mcs2041u3v,USB3 Vision Area Cameras,STC-MCS2041U3V,Area Camera,20MP,Color,"5,472(H) x 3,648 (V)",18.5 fps,USB3.0,USB3 Vision 1.0.1,USB bus power (+5 V) External power (+8.0 to +24 Vdc),Less than 4.3 W,Lower limit: 0 deg. C (Environmental temperature) Upper limit: +72 deg. C (Temperature sensor on camera),Lower limit: -20 deg. C (Environmental temperature) Upper limit: +80 deg. C (Environmental temperature),SONY IMX183,Rolling Shutter / Global Reset,"1""",2.40 (H) x 2.40 (V) µm,35 (W) x 35 (H) x 41.5 (D) mm,Approximately 77 g,C Mount,IR cut filter on it,USB3.0 micro B x 1,HR10A-7R-6PB (Hirose) or equivalent x 1,Full scanning / ROI,Edge preset trigger / Pulse width trigger / Start stop trigger/ Free-run,BayerRG8 / BayerRG10 / BayerRG12 / BayerRG10Packed / BayerRG12Packed,"60.58 µseconds to 16,777 seconds",0 to 22.2 dB,x1 to x2,0.1 to 4.0,,,Vertical flip / Horizontal flip / Vertical and horizontal flip/ Off,Up to 512 pixels,Support (Eight settings),Auto exposure / Auto gain,,Auto / Manual / Push to set white balance,Support,Support,,
Sentech,stc-bbs43u3v-ac,USB3 Vision Small Area Cameras,STC-BBS43U3V-AC,Area Camera,0.4MP,Monochrome,720 (H) x 540 (V),527.1 fps,USB3.0,USB3 Vision 1.0.1,USB bus power (+5 V),Less than 2.0 W,Lower limit: 0 deg. C (Environmental temperature) Upper limit: +51 deg. C (Environmental temperature),Lower limit: -20 deg. C (Environmental temperature) Upper limit: +70 deg. C (Environmental temperature),SONY IMX287,Global Shutter,"1/2.9""",6.9 (H) x 6.9 (V) µm,30.5 (W) x 29 (H) x 25.55 (D) mm,Approximately 26 g,C Mount,No optical filter,USB3.0 micro B x 1,BM04B (JST) x 1,Full scanning / ROI,Edge preset trigger / Free-run,Mono8 / Mono10 / Mono12 / Mono10Packed / Mono12Packed,1 µs to 16.777 seconds,0 to 43.2 dB,x1 to x2,0.1 to 4.0,,,Vertical flip / Horizontal flip / Vertical and horizontal flip/ Off,Up to 640 pixels,Support (Eight settings),,,Auto exposure / Auto gain,Support,Support,,
Sentech,stc-bcs43u3v-ac,USB3 Vision Small Area Cameras,STC-BCS43U3V-AC,Area Camera,0.4MP,Color,720 (H) x 540 (V),527.1 fps,USB3.0,USB3 Vision 1.0.1,USB bus power (+5 V),Less than 2.0 W,Lower limit: 0 deg. C (Environmental temperature) Upper limit: +51 deg. C (Environmental temperature),Lower limit: -20 deg. C (Environmental temperature) Upper limit: +70 deg. C (Environmental temperature),SONY IMX287,Global Shutter,"1/2.9""",6.9 (H) x 6.9 (V) µm,30.5 (W) x 29 (H) x 25.75 (D) mm,Approximately 27 g,C Mount,IR cut filter on it,USB3.0 micro B x 1,BM04B (JST) x 1,Full scanning / ROI,Edge preset trigger / Free-run,BayerRG8 / BayerRG10 / BayerRG12 / BayerRG10Packed / BayerRG12Packed,1 µseconds to 16.777 seconds,0 to 43.2 dB,x1 to x2,0.1 to 4.0,,,Vertical flip / Horizontal flip / Vertical and horizontal flip/ Off,Up to 640 pixels,Support (Eight settings),Auto exposure / Auto gain,,Auto exposure / Auto gain / Auto white balance,Support,Support,,
Sentech,stc-bbs163u3v-ac,USB3 Vision Small Area Cameras,STC-BBS163U3V-AC,Area Camera,1.6MP,Monochrome,"1,440 (H) x 1,080 (V)",238.0 fps,USB3.0,USB3 Vision 1.0.1,USB bus power (+5 V) /,Less than 2.0 W,Lower limit: 0 deg. C (Environmental temperature) Upper limit: +51 deg. C (Environmental temperature),Lower limit: -20 deg. C (Environmental temperature) Upper limit: +70 deg. C (Environmental temperature),SONY IMX273,Global Shutter,"1/2.9""",3.45 (H) x 3.45 (V) µm,30.5 (W) x 29 (H) x 25.55 (D) mm,Approximately 26 g,C Mount,No optical filter,USB3.0 micro B x 1,BM04B (JST) x 1,Full scanning / ROI,Edge preset trigger / Free-run,Mono8 / Mono10 / Mono12 / Mono10Packed / Mono12Packed,1 µsecond to 16.777 seconds,0 to 43.2 dB,x1 to x2,0.1 to 4.0,x2 horizontal and vertical individually / Off,x2 horizontal and vertical individually / Off,Vertical flip / Horizontal flip / Vertical and horizontal flip/ Off,Up to 640 pixels,Support (Eight settings),,,Auto exposure / Auto gain,Support,Support,,
Sentech,stc-bcs163u3v-ac,USB3 Vision Small Area Cameras,STC-BCS163U3V-AC,Area Camera,1.6MP,Color,"1,440 (H) x 1,080 (V)",238.0 fps,USB3.0,USB3 Vision 1.0.1,USB bus power (+5 V),Less than 2.0 W,Lower limit: 0 deg. C (Environmental temperature) Upper limit: +51 deg. C (Environmental temperature),Lower limit: -20 deg. C (Environmental temperature) Upper limit: +70 deg. C (Environmental temperature),SONY IMX273,Global Shutter,"1/2.9""",3.45 (H) x 3.45 (V) µm,30.5 (W) x 29 (H) x 25.75 (D) mm,Approximately 27 g,C Mount,IR cut filter on it,USB3.0 micro B x 1,BM04B (JST) x 1,Full scanning / ROI,Edge preset trigger / Free-run,BayerRG8 / BayerRG10 / BayerRG12 / BayerRG10Packed / BayerRG12Packed,1 µsecond to 16.777 seconds,0 to 43.2 dB,x1 to x2,0.1 to 4.0,,x2 horizontal and vertical individually / Off,Vertical flip / Horizontal flip / Vertical and horizontal flip/ Off,Up to 640 pixels,Support (Eight settings),Auto exposure / Auto gain,,Auto exposure / Auto gain / Auto white balance,Support,Support,,
Sentech,stc-bbs502u3v-ac,USB3 Vision Small Area Cameras,STC-BBS502U3V-AC,Area Camera,5MP,Monochrome,"2,448 (H) x 2,048 (V)",70.8 fps,USB3.0,USB3 Vision 1.0.1,USB bus power (+5 V),Less than 1.9 W,Lower limit: 0 deg. C (Environmental temperature) Upper limit: +51 deg. C (Environmental temperature),Lower limit: -20 deg. C (Environmental temperature) Upper limit: +70 deg. C (Environmental temperature),SONY IMX568,Global Shutter,"1/1.8""",2.74 (H) x 2.74 (V) µm,30.5 (W) x 29 (H) x 25.55 (D) mm,Approximately 26 g,C Mount,No optical filter,USB3.0 micro B x 1,BM04B (JST) x 1,Full scanning / ROI,Edge preset trigger / Free-run,Mono8 / Mono10 / Mono12 / Mono10Packed / Mono12Packed,1 µsecond to 16.777 seconds,0 to 43.2 dB,x1 to x2,0.1 to 4.0,x2 horizontal and vertical individually / Off,x2 horizontal and vertical individually / Off,Vertical flip / Horizontal flip / Vertical and horizontal flip/ Off,"Up to 1,024 pixels",Support (Eight settings),,,Auto exposure / Auto gain,Support,Support,,
Sentech,stc-bcs502u3v-ac,USB3 Vision Small Area Cameras,STC-BCS502U3V-AC,Area Camera,5MP,Color,"2,448 (H) x 2,048 (V)",70.8 fps,USB3.0,USB3 Vision 1.0.1,USB bus power (+5 V),Less than 1.9 W,Lower limit: 0 deg. C (Environmental temperature) Upper limit: +51 deg. C (Environmental temperature),Lower limit: -20 deg. C (Environmental temperature) Upper limit: +70 deg. C (Environmental temperature),SONY IMX568,Global Shutter,"1/1.8""",2.74 (H) x 2.74 (V) µm,30.5 (W) x 29 (H) x 25.75 (D) mm,Approximately 27 g,C Mount,IR cut filter on it,USB3.0 micro B x 1,BM04B (JST) x 1,Full scanning / ROI,Edge preset trigger / Free-run,BayerRG8 / BayerRG10 / BayerRG12 / BayerRG10Packed / BayerRG12Packed,1 µsecond to 16.777 seconds,0 to 43.2 dB,x1 to x2,0.1 to 4.0,,x2 horizontal and vertical individually / Off,Vertical flip / Horizontal flip / Vertical and horizontal flip/ Off,"Up to 1,024 pixels",Support (Eight settings),Auto exposure / Auto gain,,Auto exposure / Auto gain / Auto white balance,Support,Support,,
Sentech,stc-bbs642u3v-ac,USB3 Vision Small Area Cameras,STC-BBS642U3V-AC,Area Camera,6.4MP,Monochrome,"3,072 (H) x 2,048 (V)",29.5 fps,USB3.0,USB3 Vision 1.0.1,USB bus power (+5 V),Less than 1.5 W,Lower limit: 0 deg. C (Environmental temperature) Upper limit: +52 deg. C (Environmental temperature),Lower limit: -20 deg. C (Environmental temperature) Upper limit: +70 deg. C (Environmental temperature),SONY IMX178,Rolling Shutter / Global Reset,"1/1.8""",2.4 (H) x 2.4 (V) µm,30.5 (W) x 29 (H) x 25.55 (D) mm,Approximately 26 g,C Mount,No optical filter,USB3.0 micro B x 1,BM04B (JST) x 1,Full scanning / ROI,Edge preset trigger / Free-run,Mono8 / Mono10 / Mono12 / Mono10Packed / Mono12Packed,64.4 µseconds to 16.777 seconds,0 to 19.2 dB,x1 to x2,0.1 to 4.0,,,Vertical flip / Horizontal flip / Vertical and horizontal flip/ Off,Up to 640 pixels,Support (Eight settings),,,Auto exposure / Auto gain,Support,Support,,
Sentech,stc-bcs642u3v-ac,USB3 Vision Small Area Cameras,STC-BCS642U3V-AC,Area Camera,6.4MP,Color,"3,072 (H) x 2,048 (V)",29.5 fps,USB3.0,USB3 Vision 1.0.1,USB bus power (+5 V),Less than 1.5 W,Lower limit: 0 deg. C (Environmental temperature) Upper limit: +52 deg. C (Environmental temperature),Lower limit: -20 deg. C (Environmental temperature) Upper limit: +70 deg. C (Environmental temperature),SONY IMX178,Rolling Shutter / Global Reset,"1/1.8""",2.4 (H) x 2.4 (V) µm,30.5 (W) x 29 (H) x 25.8 (D) mm,Approximately 26 g,C Mount,IR cut filter on it,USB3.0 micro B x 1,BM04B (JST) x 1,Full scanning / ROI,Edge preset trigger / Free-run,BayerRG8 / BayerRG10 / BayerRG12 / BayerRG10Packed / BayerRG12Packed,64.4 µseconds to 16.777 seconds,0 to 19.2 dB,x1 to x2,0.1 to 4.0,,,Vertical flip / Horizontal flip / Vertical and horizontal flip/ Off,Up to 640 pixels,Support (Eight settings),Auto exposure / Auto gain,,Auto exposure / Auto gain / Auto white balance,Support,Support,,
Sentech,stc-bbs1242u3v-ac,USB3 Vision Small Area Cameras,STC-BBS1242U3V-AC,Area Camera,12MP,Monochrome,"4,000 (H) x 3,000 (V)",25.8 fps,USB3.0,USB3 Vision 1.0.1,USB bus power (+5 V),Less than 1.6 W,Lower limit: 0 deg. C (Environmental temperature) Upper limit: +52 deg. C (Environmental temperature),Lower limit: -20 deg. C (Environmental temperature) Upper limit: +70 deg. C (Environmental temperature),SONY IMX226,Rolling Shutter / Global Reset,"1/1.7""",1.85 (H) x 1.85 (V) µm,30.5 (W) x 29 (H) x 25.55 (D) mm,Approximately 26 g,C Mount,No optical filter,USB3.0 micro B x 1,BM04B (JST) x 1,Full scanning / ROI,Edge preset trigger / Free-run,Mono8 / Mono10 / Mono12 / Mono10Packed / Mono12Packed,52.34 µseconds to 16.777 seconds,0 to 19.2 dB,x1 to x2,0.1 to 4.0,,,Vertical flip / Off,"Up to 1,024 pixels",Support (Eight settings),,,Auto exposure / Auto gain,Support,Support,,
Sentech,stc-bcs1242u3v-ac,USB3 Vision Small Area Cameras,STC-BCS1242U3V-AC,Area Camera,12MP,Color,"4,000 (H) x 3,000 (V)",25.8 fps,USB3.0,USB3 Vision 1.0.1,USB bus power (+5 V),Less than 1.6 W,Lower limit: 0 deg. C (Environmental temperature) Upper limit: +52 deg. C (Environmental temperature),Lower limit: -20 deg. C (Environmental temperature) Upper limit: +70 deg. C (Environmental temperature),SONY IMX226,Rolling Shutter / Global Reset,"1/1.7""",1.85 (H) x 1.85 (V) µm,30.5 (W) x 29 (H) x 25.8 (D) mm,Approximately 26 g,C Mount,IR cut filter on it,USB3.0 micro B x 1,BM04B (JST) x 1,Full scanning / ROI,Edge preset trigger / Free-run,BayerRG8 / BayerRG10 / BayerRG12 / BayerRG10Packed / BayerRG12Packed,52.34 µseconds to 16.777 seconds,0 to 19.2 dB,x1 to x2,0.1 to 4.0,,,Vertical flip / Off,"Up to 1,024 pixels",Support (Eight settings),Auto exposure / Auto gain,,Auto exposure / Auto gain / Auto white balance,Support,Support,,
Sentech,stc-bbs43u3v-al,USB3 Vision Small Area Cameras,STC-BBS43U3V-AL,Area Camera,0.4MP,Monochrome,720 (H) x 540 (V),527.1 fps,USB3.0,USB3 Vision 1.0.1,USB bus power (+5 V),Less than 2.0 W,Lower limit: 0 deg. C (Environmental temperature) Upper limit: +51 deg. C (Environmental temperature),Lower limit: -20 deg. C (Environmental temperature) Upper limit: +70 deg. C (Environmental temperature),SONY IMX287,Global Shutter,"1/2.9""",6.9 (H) x 6.9 (V) µm,30.5 (W) x 29 (H) x 20.1 (D) mm,Approximately 26 g,S Mount,No optical filter,USB3.0 micro B x 1,BM04B (JST) x 1,Full scanning / ROI,Edge preset trigger / Free-run,Mono8 / Mono10 / Mono12 / Mono10Packed / Mono12Packed,1 µs to 16.777 seconds,0 to 43.2 dB,x1 to x2,0.1 to 4.0,,,Vertical flip / Horizontal flip / Vertical and horizontal flip / Off,Up to 640 pixels,Support (Eight settings),,,Auto exposure / Auto gain,Support,Support,,
Sentech,stc-bcs43u3v-al,USB3 Vision Small Area Cameras,STC-BCS43U3V-AL,Area Camera,0.4MP,Color,720 (H) x 540 (V),527.1 fps,USB3.0,USB3 Vision 1.0.1,USB bus power (+5 V),Less than 2.0 W,Lower limit: 0 deg. C (Environmental temperature) Upper limit: +51 deg. C (Environmental temperature),Lower limit: -20 deg. C (Environmental temperature) Upper limit: +70 deg. C (Environmental temperature),SONY IMX287,Global Shutter,"1/2.9""",6.9 (H) x 6.9 (V) µm,30.5 (W) x 29 (H) x 20.1 (D) mm,Approximately 26 g,S Mount,IR cut filter on it,USB3.0 micro B x 1,BM04B (JST) x 1,Full scanning / ROI,Edge preset trigger / Free-run,BayerRG8 / BayerRG10 / BayerRG12 / BayerRG10Packed / BayerRG12Packed,1 µs to 16.777 seconds,0 to 43.2 dB,x1 to x2,0.1 to 4.0,,,Vertical flip / Horizontal flip / Vertical and horizontal flip / Off,Up to 640 pixels,Support (Eight settings),Auto / Manual / Push to set white balance,,Auto exposure / Auto gain / Auto white balance,Support,Support,,
Sentech,stc-bbs163u3v-al,USB3 Vision Small Area Cameras,STC-BBS163U3V-AL,Area Camera,1.6MP,Monochrome,"1,440 (H) x 1,080 (V)",238.0 fps,USB3.0,USB3 Vision 1.0.1,USB bus power (+5 V),Less than 2.0 W,Lower limit: 0 deg. C (Environmental temperature) Upper limit: +51 deg. C (Environmental temperature),Lower limit: -20 deg. C (Environmental temperature) Upper limit: +70 deg. C (Environmental temperature),SONY IMX273,Global Shutter,"1/2.9""",3.45 (H) x 3.45 (V) µm,30.5 (W) x 29 (H) x 20.1 (D) mm,Approximately 26 g,S Mount,No optical filter,USB3.0 micro B x 1,BM04B (JST) x 1,Full scanning / ROI,Edge preset trigger / Free-run,Mono8 / Mono10 / Mono12 / Mono10Packed / Mono12Packed,1 µsecond to 16.777 seconds,0 to 43.2 dB,x1 to x2,0.1 to 4.0,x2 horizontal and vertical individually / Off,x2 horizontal and vertical individually / Off,Vertical flip / Horizontal flip / Vertical and horizontal flip/ Off,Up to 640 pixels,Support (Eight settings),Auto exposure / Auto gain,,Auto exposure / Auto gain / Auto white balance,Support,Support,,
Sentech,stc-bcs163u3v-al,USB3 Vision Small Area Cameras,STC-BCS163U3V-AL,Area Camera,1.6MP,Color,"1,440 (H) x 1,080 (V)",238.0 fps,USB3.0,USB3 Vision 1.0.1,USB bus power (+5 V),Less than 2.0 W,Lower limit: 0 deg. C (Environmental temperature) Upper limit: +51 deg. C (Environmental temperature),Lower limit: -20 deg. C (Environmental temperature) Upper limit: +70 deg. C (Environmental temperature),SONY IMX273,Global Shutter,"1/2.9""",3.45 (H) x 3.45 (V) µm,30.5 (W) x 29 (H) x 20.1 (D) mm,Approximately 26 g,S Mount,IR cut filter on it,USB3.0 micro B x 1,BM04B (JST) x 1,Full scanning / ROI,Edge preset trigger / Free-run,BayerRG8 / BayerRG10 / BayerRG12 / BayerRG10Packed / BayerRG12Packed,1 µs to 16.777 seconds,0 to 43.2 dB,x1 to x2,0.1 to 4.0,,x2 horizontal and vertical individually / Off,Vertical flip / Horizontal flip / Vertical and horizontal flip / Off,Up to 640 pixels,,Auto / Manual / Push to set white balance,,Auto exposure / Auto gain / Auto white balance,Support,Support,,
Sentech,stc-bbs502u3v-al,USB3 Vision Small Area Cameras,STC-BBS502U3V-AL,Area Camera,5MP,Monochrome,"2,448 (H) x 2,048 (V)",70.8 fps,USB3.0,USB3 Vision 1.0.1,USB bus power (+5 V),Less than 1.9 W,Lower limit: 0 deg. C (Environmental temperature) Upper limit: +51 deg. C (Environmental temperature),Lower limit: -20 deg. C (Environmental temperature) Upper limit: +70 deg. C (Environmental temperature),SONY IMX568,Global Shutter,"1/1.8""",2.74 (H) x 2.74 (V) µm,30.5 (W) x 29 (H) x 20.1 (D) mm,Approximately 26 g,S Mount,No optical filter,USB3.0 micro B x 1,BM04B (JST) x 1,Full scanning / ROI,Edge preset trigger / Free-run,Mono8 / Mono10 / Mono12 / Mono10Packed / Mono12Packed,1 µs to 16.777 seconds,0 to 43.2 dB,x1 to x2,0.1 to 4.0,x2 horizontal and vertical individually / Off,x2 horizontal and vertical individually / Off,Vertical flip / Horizontal flip / Vertical and horizontal flip / Off,"Up to 1,024 pixels",Support (Eight settings),,,Auto exposure / Auto gain,Support,Support,,
Sentech,stc-bcs502u3v-al,USB3 Vision Small Area Cameras,STC-BCS502U3V-AL,Area Camera,5MP,Color,"2,448 (H) x 2,048 (V)",70.8 fps,USB3.0,USB3 Vision 1.0.1,USB bus power (+5 V),Less than 1.9 W,Lower limit: 0 deg. C (Environmental temperature) Upper limit: +51 deg. C (Environmental temperature),Lower limit: -20 deg. C (Environmental temperature) Upper limit: +70 deg. C (Environmental temperature),SONY IMX568,Global Shutter,"1/1.8""",2.74 (H) x 2.74 (V) µm,30.5 (W) x 29 (H) x 20.1 (D) mm,Approximately 26 g,S Mount,IR cut filter on it,USB3.0 micro B x 1,BM04B (JST) x 1,Full scanning / ROI,Edge preset trigger / Free-run,BayerRG8 / BayerRG10 / BayerRG12 / BayerRG10Packed / BayerRG12Packed,1 µs to 16.777 seconds,0 to 43.2 dB,x1 to x2,0.1 to 4.0,,x2 horizontal and vertical individually / Off,Vertical flip / Horizontal flip / Vertical and horizontal flip / Off,"Up to 1,024 pixels",Support (Eight settings),Auto / Manual / Push to set white balance,,Auto exposure / Auto gain / Auto white balance,Support,Support,,
Sentech,stc-bbs642u3v-al,USB3 Vision Small Area Cameras,STC-BBS642U3V-AL,Area Camera,6.4MP,Monochrome,"3,072 (H) x 2,048 (V)",29.5 fps,USB3.0,USB3 Vision 1.0.1,USB bus power (+5 V),Less than 1.5 W,Lower limit: 0 deg. C (Environmental temperature) Upper limit: +52 deg. C (Environmental temperature),Lower limit: -20 deg. C (Environmental temperature) Upper limit: +70 deg. C (Environmental temperature),SONY IMX178,Rolling Shutter / Global Reset,"1/1.8""",2.4 (H) x 2.4 (V) µm,30.5 (W) x 29 (H) x 20.1 (D) mm,Approximately 25 g,S Mount,No optical filter,USB3.0 micro B x 1,BM04B (JST) x 1,Full scanning / ROI,Edge preset trigger / Free-run,Mono8 / Mono10 / Mono12 / Mono10Packed / Mono12Packed,64.4 µseconds to 16.777 seconds,0 to 19.2 dB,x1 to x2,0.1 to 4.0,,,Vertical flip / Horizontal flip / Vertical and horizontal flip / Off,Up to 640 pixels,Support (Eight settings),,,Auto exposure / Auto gain,Support,Support,,
Sentech,stc-bcs642u3v-al,USB3 Vision Small Area Cameras,STC-BCS642U3V-AL,Area Camera,6.4MP,Color,"3,072 (H) x 2,048 (V)",29.5 fps,USB3.0,USB3 Vision 1.0.1,USB bus power (+5 V),Less than 1.5 W,Lower limit: 0 deg. C (Environmental temperature) Upper limit: +52 deg. C (Environmental temperature),Lower limit: -20 deg. C (Environmental temperature) Upper limit: +70 deg. C (Environmental temperature),SONY IMX178,Rolling Shutter / Global Reset,"1/1.8""",2.4 (H) x 2.4 (V) µm,30.5 (W) x 29 (H) x 20.1 (D) mm,Approximately 25 g,S Mount,IR cut filter on it,USB3.0 micro B x 1,BM04B (JST) x 1,Full scanning / ROI,Edge preset trigger / Free-run,BayerRG8 / BayerRG10 / BayerRG12 / BayerRG10Packed / BayerRG12Packed,64.4 µseconds to 16.777 seconds,0 to 19.2 dB,x1 to x2,0.1 to 4.0,,,Vertical flip / Horizontal flip / Vertical and horizontal flip / Off,Up to 640 pixels,Support (Eight settings),Auto / Manual / Push to set white balance,,Auto exposure / Auto gain / Auto white balance,Support,Support,,
Sentech,stc-bbs43u3v,USB3 Vision Small Area Cameras,STC-BBS43U3V,Area Camera,0.4MP,Monochrome,720 (H) x 540 (V),527.1 fps,USB3.0,USB3 Vision 1.0.1,USB bus power (+5 V),Less than 2.0 W,Lower limit: 0 deg. C (Environmental temperature) Upper limit: +69 deg. C (Temperature sensor on camera),Lower limit: -25 deg. C (Environmental temperature) Upper limit: +80 deg. C (Environmental temperature),SONY IMX287,Global Shutter,"1/2.9""",6.9 (H) x 6.9 (V) µm,26.8 (W) x 26.8 (H) x 6.49 (D) mm,Approximately 5 g,No Lens Mount,No optical filter,USB3.0 micro B x 1,BM04B (JST) x 1,Full scanning / ROI,Edge preset trigger / Free-run,Mono8 / Mono10 / Mono12 / Mono10Packed / Mono12Packed,1 µs to 16.777 seconds,0 to 43.2 dB,x1 to x2,0.1 to 4.0,,,Vertical flip / Horizontal flip / Vertical and horizontal flip/ Off,Up to 640 pixels,Support (Eight settings),,,Auto exposure / Auto gain,Support,Support,,
Sentech,stc-bcs43u3v,USB3 Vision Small Area Cameras,STC-BCS43U3V,Area Camera,0.4MP,Color,720 (H) x 540 (V),527.1 fps,USB3.0,USB3 Vision 1.0.1,USB bus power (+5 V),Less than 2.0 W,Lower limit: 0 deg. C (Environmental temperature) Upper limit: +69 deg. C (Temperature sensor on camera),Lower limit: -25 deg. C (Environmental temperature) Upper limit: +80 deg. C (Environmental temperature),SONY IMX287,Global Shutter,"1/2.9""",6.9 (H) x 6.9 (V) µm,26.8 (W) x 26.8 (H) x 6.49 (D) mm,Approximately 5 g,No Lens Mount,No optical filter,USB3.0 micro B x 1,BM04B (JST) x 1,Full scanning / ROI,Edge preset trigger / Free-run,BayerRG8 / BayerRG10 / BayerRG12 / BayerRG10Packed / BayerRG12Packed,1 µs to 16.777 seconds,0 to 43.2 dB,x1 to x2,0.1 to 4.0,,,Vertical flip / Horizontal flip / Vertical and horizontal flip/ Off,Up to 640 pixels,Support (Eight settings),Auto exposure / Auto gain,,Auto / Manual / Push to set white balance,Support,Support,,
Sentech,stc-bbs43u3v-bc,USB3 Vision Small Area Cameras,STC-BBS43U3V-BC,Area Camera,0.4MP,Monochrome,720 (H) x 540 (V),527.1 fps,USB3.0,USB3 Vision 1.0.1,USB bus power (+5 V),Less than 2.0 W,Lower limit: 0 deg. C (Environmental temperature) Upper limit: +36 deg. C (Environmental temperature),Lower limit: -25 deg. C (Environmental temperature) Upper limit: +75 deg. C (Environmental temperature),SONY IMX287,Global Shutter,"1/2.9""",6.9 (H) x 6.9 (V) µm,27.5 (W) x 27.5 (H) x 23.13 (D) mm,Approximately 15 g,C Mount,No optical filter,USB3.0 micro B x 1,BM04B (JST) x 1,Full scanning / ROI,Edge preset trigger / Free-run,Mono8 / Mono10 / Mono12 / Mono10Packed / Mono12Packed,1 µs to 16.777 seconds,0 to 43.2 dB,x1 to x2,0.1 to 4.0,,,Vertical flip / Horizontal flip / Vertical and horizontal flip/ Off,Up to 640 pixels,Support (Eight settings),,,Auto exposure / Auto gain,Support,Support,,
Sentech,stc-bcs43u3v-bc,USB3 Vision Small Area Cameras,STC-BCS43U3V-BC,Area Camera,0.4MP,Color,720 (H) x 540 (V),527.1 fps,USB3.0,USB3 Vision 1.0.1,USB bus power (+5 V),Less than 2.0 W,Lower limit: 0 deg. C (Environmental temperature) Upper limit: +36 deg. C (Environmental temperature),Lower limit: -25 deg. C (Environmental temperature) Upper limit: +75 deg. C (Environmental temperature),SONY IMX287,Global Shutter,"1/2.9""",6.9 (H) x 6.9 (V) µm,27.5 (W) x 27.5 (H) x 23.33 (D) mm,Approximately 16 g,C Mount,IR cut filter on it,USB3.0 micro B x 1,BM04B (JST) x 1,Full scanning / ROI,Edge preset trigger / Free-run,BayerRG8 / BayerRG10 / BayerRG12 / BayerRG10Packed / BayerRG12Packed,1 µs to 16.777 seconds,0 to 43.2 dB,x1 to x2,0.1 to 4.0,,,Vertical flip / Horizontal flip / Vertical and horizontal flip/ Off,Up to 640 pixels,Support (Eight settings),Auto exposure / Auto gain,,Auto / Manual / Push to set white balance,Support,Support,,
Sentech,stc-bbs43u3v-bl,USB3 Vision Small Area Cameras,STC-BBS43U3V-BL,Area Camera,0.4MP,Monochrome,720 (H) x 540 (V),527.1 fps,USB3.0,USB3 Vision 1.0.1,USB bus power (+5 V),Less than 2.0 W,Lower limit: 0 deg. C (Environmental temperature) Upper limit: +24 deg. C (Environmental temperature),Lower limit: -25 deg. C (Environmental temperature) Upper limit: +80 deg. C (Environmental temperature),SONY IMX287,Global Shutter,"1/2.9""",6.9 (H) x 6.9 (V) µm,27.5 (W) x 27.5 (H) x 17.68 (D) mm,Approximately 17 g,S Mount,No optical filter,USB3.0 micro B x 1,BM04B (JST) x 1,Full scanning / ROI,Edge preset trigger / Free-run,Mono8 / Mono10 / Mono12 / Mono10Packed / Mono12Packed,1 µsecond to 16.777 seconds,0 to 43.2 dB,x1 to x2,0.1 to 4.0,,,Vertical flip / Horizontal flip / Vertical and horizontal flip/ Off,Up to 640 pixels,Support (Eight settings),,,Auto exposure / Auto gain,Support,Support,,
Sentech,stc-bcs43u3v-bl,USB3 Vision Small Area Cameras,STC-BCS43U3V-BL,Area Camera,0.4MP,Color,720 (H) x 540 (V),527.1 fps,USB3.0,USB3 Vision 1.0.1,USB bus power (+5 V),Less than 2.0 W,Lower limit: 0 deg. C (Environmental temperature) Upper limit: +24 deg. C (Environmental temperature),Lower limit: -25 deg. C (Environmental temperature) Upper limit: +80 deg. C (Environmental temperature),SONY IMX287,Global Shutter,"1/2.9""",6.9 (H) x 6.9 (V) µm,27.5 (W) x 27.5 (H) x 17.68 (D) mm,Approximately 18 g,S Mount,IR cut filter on it,USB3.0 micro B x 1,BM04B (JST) x 1,Full scanning / ROI,Edge preset trigger / Free-run,BayerRG8 / BayerRG10 / BayerRG12 / BayerRG10Packed / BayerRG12Packed,1 µs to 16.777 seconds,0 to 43.2 dB,x1 to x2,0.1 to 4.0,,,Vertical flip / Horizontal flip / Vertical and horizontal flip/ Off,Up to 640 pixels,Support (Eight settings),Auto exposure / Auto gain,,Auto / Manual / Push to set white balance,Support,Support,,
Sentech,stc-bbs163u3v,USB3 Vision Small Area Cameras,STC-BBS163U3V,Area Camera,1.6MP,Monochrome,"1,440 (H) x 1,080 (V)",238.0 fps,USB3.0,USB3 Vision 1.0.1,USB bus power (+5 V),Less than 2.0 W,Lower limit: 0 deg. C (Environmental temperature) Upper limit: +69 deg. C (Temperature sensor on camera),Lower limit: -25 deg. C (Environmental temperature) Upper limit: +80 deg. C (Environmental temperature),SONY IMX273,Global Shutter,"1/2.9""",3.45 (H) x 3.45 (V) µm,26.8 (W) x 26.8 (H) x 6.49 (D) mm,Approximately 5 g,No Lens Mount,No optical filter,USB3.0 micro B x 1,BM04B (JST) x 1,Full scanning / ROI,Edge preset trigger / Free-run,Mono8 / Mono10 / Mono12 / Mono10Packed / Mono12Packed,1 µs to 16.777 seconds,0 to 43.2 dB,x1 to x2,0.1 to 4.0,x2 horizontal and vertical individually / Off,x2 horizontal and vertical individually / Off,Vertical flip / Horizontal flip / Vertical and horizontal flip/ Off,Up to 640 pixels,Support (Eight settings),,,Auto exposure / Auto gain,Support,Support,,
Sentech,stc-bcs163u3v,USB3 Vision Small Area Cameras,STC-BCS163U3V,Area Camera,1.6MP,Color,"1,440 (H) x 1,080 (V)",238.0 fps,USB3.0,USB3 Vision 1.0.1,USB bus power (+5 V),Less than 2.0 W,Lower limit: 0 deg. C (Environmental temperature) Upper limit: +69 deg. C (Temperature sensor on camera),Lower limit: -25 deg. C (Environmental temperature) Upper limit: +80 deg. C (Environmental temperature),SONY IMX273,Global Shutter,"1/2.9""",3.45 (H) x 3.45 (V) µm,26.8 (W) x 26.8 (H) x 6.49 (D) mm,Approximately 5 g,No Lens Mount,No optical filter,USB3.0 micro B x 1,BM04B (JST) x 1,Full scanning / ROI,Edge preset trigger / Free-run,BayerRG8 / BayerRG10 / BayerRG12 / BayerRG10Packed / BayerRG12Packed,1 µs to 16.777 seconds,0 to 43.2 dB,x1 to x2,0.1 to 4.0,,x2 horizontal and vertical individually / Off,Vertical flip / Horizontal flip / Vertical and horizontal flip/ Off,Up to 640 pixels,Support (Eight settings),Auto exposure / Auto gain,,Auto / Manual / Push to set white balance,Support,Support,,
Sentech,stc-bbs163u3v-bc,USB3 Vision Small Area Cameras,STC-BBS163U3V-BC,Area Camera,1.6MP,Monochrome,"1,440 (H) x 1,080 (V)",238.0 fps,USB3.0,USB3 Vision 1.0.1,USB bus power (+5 V),Less than 2.0 W,Lower limit: 0 deg. C (Environmental temperature) Upper limit: +36 deg. C (Environmental temperature),Lower limit: -25 deg. C (Environmental temperature) Upper limit: +75 deg. C (Environmental temperature),SONY IMX273,Global Shutter,"1/2.9""",3.45 (H) x 3.45 (V) µm,27.5 (W) x 27.5 (H) x 23.13 (D) mm,Approximately 15 g,C Mount,No optical filter,USB3.0 micro B x 1,BM04B (JST) x 1,Full scanning / ROI,Edge preset trigger / Free-run,Mono8 / Mono10 / Mono12 / Mono10Packed / Mono12Packed,1 µs to 16.777 seconds,0 to 43.2 dB,x1 to x2,0.1 to 4.0,x2 horizontal and vertical individually / Off,x2 horizontal and vertical individually / Off,Vertical flip / Horizontal flip / Vertical and horizontal flip/ Off,Up to 640 pixels,Support (Eight settings),,,Auto exposure / Auto gain,Support,Support,,
Sentech,stc-bcs163u3v-bc,USB3 Vision Small Area Cameras,STC-BCS163U3V-BC,Area Camera,1.6MP,Color,"1,440 (H) x 1,080 (V)",238.0 fps,USB3.0,USB3 Vision 1.0.1,USB bus power (+5 V),Less than 2.0 W,Lower limit: 0 deg. C (Environmental temperature) Upper limit: +36 deg. C (Environmental temperature),Lower limit: -25 deg. C (Environmental temperature) Upper limit: +75 deg. C (Environmental temperature),SONY IMX273,Global Shutter,"1/2.9""",3.45 (H) x 3.45 (V) µm,27.5 (W) x 27.5 (H) x 23.33 (D) mm,Approximately 16 g,C Mount,IR cut filter on it,USB3.0 micro B x 1,BM04B (JST) x 1,Full scanning / ROI,Edge preset trigger / Free-run,BayerRG8 / BayerRG10 / BayerRG12 / BayerRG10Packed / BayerRG12Packed,1 µs to 16.777 seconds,0 to 43.2 dB,x1 to x2,0.1 to 4.0,,x2 horizontal and vertical individually / Off,Vertical flip / Horizontal flip / Vertical and horizontal flip/ Off,Up to 640 pixels,Support (Eight settings),Auto exposure / Auto gain,,Auto / Manual / Push to set white balance,Support,Support,,
Sentech,stc-bbs163u3v-bl,USB3 Vision Small Area Cameras,STC-BBS163U3V-BL,Area Camera,1.6MP,Monochrome,"1,440 (H) x 1,080 (V)",238.0 fps,USB3.0,USB3 Vision 1.0.1,USB bus power (+5 V),Less than 2.0 W,Lower limit: 0 deg. C (Environmental temperature) Upper limit: +24 deg. C (Environmental temperature),Lower limit: -25 deg. C (Environmental temperature) Upper limit: +80 deg. C (Environmental temperature),SONY IMX273,Global Shutter,"1/2.9""",3.45 (H) x 3.45 (V) µm,27.5 (W) x 27.5 (H) x 17.68 (D) mm,Approximately 17 g,S Mount,No optical filter,USB3.0 micro B x 1,BM04B (JST) x 1,Full scanning / ROI,Edge preset trigger / Free-run,Mono8 / Mono10 / Mono12 / Mono10Packed / Mono12Packed,1 µs to 16.777 seconds,0 to 43.2 dB,x1 to x2,0.1 to 4.0,x2 horizontal and vertical individually / Off,x2 horizontal and vertical individually / Off,Vertical flip / Horizontal flip / Vertical and horizontal flip/ Off,Up to 640 pixels,Support (Eight settings),,,Auto exposure / Auto gain,Support,Support,,
Sentech,stc-bcs163u3v-bl,USB3 Vision Small Area Cameras,STC-BCS163U3V-BL,Area Camera,1.6MP,Color,"1,440 (H) x 1,080 (V)",238.0 fps,USB3.0,USB3 Vision 1.0.1,USB bus power (+5 V),Less than 2.0 W,Lower limit: 0 deg. C (Environmental temperature) Upper limit: +24 deg. C (Environmental temperature),Lower limit: -25 deg. C (Environmental temperature) Upper limit: +80 deg. C (Environmental temperature),SONY IMX273,Global Shutter,"1/2.9""",3.45 (H) x 3.45 (V) µm,27.5 (W) x 27.5 (H) x 17.68 (D) mm,Approximately 18 g,S Mount,IR cut filter on it,USB3.0 micro B x 1,BM04B (JST) x 1,Full scanning / ROI,Edge preset trigger / Free-run,BayerRG8 / BayerRG10 / BayerRG12 / BayerRG10Packed / BayerRG12Packed,1 µs to 16.777 seconds,0 to 43.2 dB,x1 to x2,0.1 to 4.0,,x2 horizontal and vertical individually / Off,Vertical flip / Horizontal flip / Vertical and horizontal flip/ Off,Up to 640 pixels,Support (Eight settings),Auto exposure / Auto gain,,Auto / Manual / Push to set white balance,Support,Support,,
Sentech,stc-bbs502u3v,USB3 Vision Small Area Cameras,STC-BBS502U3V,Area Camera,5MP,Monochrome,"2,448 (H) x 2,048 (V)",70.8 fps,USB3.0,USB3 Vision 1.0.1,USB bus power (+5 V),Less than 1.9 W,Lower limit: 0 deg. C (Environmental temperature) Upper limit: +68 deg. C (Temperature sensor on camera),Lower limit: -25 deg. C (Environmental temperature) Upper limit: +85 deg. C (Environmental temperature),SONY IMX568,Global Shutter,"1/1.8""",2.74 (H) x 2.74 (V) µm,26.8 (W) x 26.8 (H) x 6.49 (D) mm,Approximately 5 g,No Lens Mount,No optical filter,USB3.0 micro B x 1,BM04B (JST) x 1,Full scanning / ROI,Edge preset trigger / Free-run,Mono8 / Mono10 / Mono12 / Mono10Packed / Mono12Packed,1 µs to 16.777 seconds,0 to 43.2 dB,x1 to x2,0.1 to 4.0,x2 horizontal and vertical individually / Off,x2 horizontal and vertical individually / Off,Vertical flip / Horizontal flip / Vertical and horizontal flip/ Off,"Up to 1,024 pixels",Support (Eight settings),,,Auto exposure / Auto gain,Support,Support,,
Sentech,stc-bcs502u3v,USB3 Vision Small Area Cameras,STC-BCS502U3V,Area Camera,5MP,Color,"2,448 (H) x 2,048 (V)",70.8 fps,USB3.0,USB3 Vision 1.0.1,USB bus power (+5 V),Less than 1.9 W,Lower limit: 0 deg. C (Environmental temperature) Upper limit: +68 deg. C (Temperature sensor on camera),Lower limit: -25 deg. C (Environmental temperature) Upper limit: +85 deg. C (Environmental temperature),SONY IMX568,Global Shutter,"1/1.8""",2.74 (H) x 2.74 (V) µm,26.8 (W) x 26.8 (H) x 6.49 (D) mm,Approximately 5 g,No Lens Mount,No optical filter,USB3.0 micro B x 1,BM04B (JST) x 1,Full scanning / ROI,Edge preset trigger / Free-run,BayerRG8 / BayerRG10 / BayerRG12 / BayerRG10Packed / BayerRG12Packed,1 µs to 16.777 seconds,0 to 43.2 dB,x1 to x2,0.1 to 4.0,,x2 horizontal and vertical individually / Off,Vertical flip / Horizontal flip / Vertical and horizontal flip/ Off,"Up to 1,024 pixels",Support (Eight settings),Auto exposure / Auto gain,,Auto / Manual / Push to set white balance,Support,Support,,
Sentech,stc-bbs502u3v-bc,USB3 Vision Small Area Cameras,STC-BBS502U3V-BC,Area Camera,5MP,Monochrome,"2,448 (H) x 2,048 (V)",70.8 fps,USB3.0,USB3 Vision 1.0.1,USB bus power (+5 V),Less than 1.9 W,Lower limit: 0 deg. C (Environmental temperature) Upper limit: +38 deg. C (Environmental temperature),Lower limit: -25 deg. C (Environmental temperature) Upper limit: +75 deg. C (Environmental temperature),SONY IMX568,Global Shutter,"1/1.8""",2.74 (H) x 2.74 (V) µm,27.5 (W) x 27.5 (H) x 23.13 (D) mm,Approximately 15 g,C Mount,No optical filter,USB3.0 micro B x 1,BM04B (JST) x 1,Full scanning / ROI,Edge preset trigger / Free-run,Mono8 / Mono10 / Mono12 / Mono10Packed / Mono12Packed,1 µs to 16.777 seconds,0 to 43.2 dB,x1 to x2,0.1 to 4.0,x2 horizontal and vertical individually / Off,x2 horizontal and vertical individually / Off,Vertical flip / Horizontal flip / Vertical and horizontal flip/ Off,"Up to 1,024 pixels",Support (Eight settings),,,Auto exposure / Auto gain,Support,Support,,
Sentech,stc-bcs502u3v-bc,USB3 Vision Small Area Cameras,STC-BCS502U3V-BC,Area Camera,5MP,Color,"2,448 (H) x 2,048 (V)",70.8 fps,USB3.0,USB3 Vision 1.0.1,USB bus power (+5 V),Less than 1.9 W,Lower limit: 0 deg. C (Environmental temperature) Upper limit: +38 deg. C (Environmental temperature),Lower limit: -25 deg. C (Environmental temperature) Upper limit: +75 deg. C (Environmental temperature),SONY IMX568,Global Shutter,"1/1.8""",2.74 (H) x 2.74 (V) µm,27.5 (W) x 27.5 (H) x 23.33 (D) mm,Approximately 16 g,C Mount,IR cut filter on it,USB3.0 micro B x 1,BM04B (JST) x 1,Full scanning / ROI,Edge preset trigger / Free-run,BayerRG8 / BayerRG10 / BayerRG12 / BayerRG10Packed / BayerRG12Packed,1 µs to 16.777 seconds,0 to 43.2 dB,x1 to x2,0.1 to 4.0,,x2 horizontal and vertical individually / Off,Vertical flip / Horizontal flip / Vertical and horizontal flip/ Off,"Up to 1,024 pixels",Support (Eight settings),Auto exposure / Auto gain,,Auto / Manual / Push to set white balance,Support,Support,,
Sentech,stc-bbs502u3v-bl,USB3 Vision Small Area Cameras,STC-BBS502U3V-BL,Area Camera,5MP,Monochrome,"2,448 (H) x 2,048 (V)",70.8 fps,USB3.0,USB3 Vision 1.0.1,USB bus power (+5 V),Less than 1.9 W,Lower limit: 0 deg. C (Environmental temperature) Upper limit: +32 deg. C (Environmental temperature),Lower limit: -25 deg. C (Environmental temperature) Upper limit: +80 deg. C (Environmental temperature),SONY IMX568,Global Shutter,"1/1.8""",2.74 (H) x 2.74 (V) µm,27.5 (W) x 27.5 (H) x 17.68 (D) mm,Approximately 17 g,S Mount,No optical filter,USB3.0 micro B x 1,BM04B (JST) x 1,Full scanning / ROI,Edge preset trigger / Free-run,Mono8 / Mono10 / Mono12 / Mono10Packed / Mono12Packed,1 µs to 16.777 seconds,0 to 43.2 dB,x1 to x2,0.1 to 4.0,x2 horizontal and vertical individually / Off,x2 horizontal and vertical individually / Off,Vertical flip / Horizontal flip / Vertical and horizontal flip/ Off,"Up to 1,024 pixels",Support (Eight settings),,,Auto exposure / Auto gain,Support,Support,,
Sentech,stc-bcs502u3v-bl,USB3 Vision Small Area Cameras,STC-BCS502U3V-BL,Area Camera,5MP,Color,"2,448 (H) x 2,048 (V)",70.8 fps,USB3.0,USB3 Vision 1.0.1,USB bus power (+5 V),Less than 1.9 W,Lower limit: 0 deg. C (Environmental temperature) Upper limit: +32 deg. C (Environmental temperature),Lower limit: -25 deg. C (Environmental temperature) Upper limit: +80 deg. C (Environmental temperature),SONY IMX568,Global Shutter,"1/1.8""",2.74 (H) x 2.74 (V) µm,27.5 (W) x 27.5 (H) x 17.68 (D) mm,Approximately 18 g,S Mount,IR cut filter on it,USB3.0 micro B x 1,BM04B (JST) x 1,Full scanning / ROI,Edge preset trigger / Free-run,BayerRG8 / BayerRG10 / BayerRG12 / BayerRG10Packed / BayerRG12Packed,1 µs to 16.777 seconds,0 to 43.2 dB,x1 to x2,0.1 to 4.0,,x2 horizontal and vertical individually / Off,Vertical flip / Horizontal flip / Vertical and horizontal flip/ Off,"Up to 1,024 pixels",Support (Eight settings),Auto exposure / Auto gain,,Auto / Manual / Push to set white balance,Support,Support,,
Sentech,stc-bbs642u3v,USB3 Vision Small Area Cameras,STC-BBS642U3V,Area Camera,6.4MP,Monochrome,"3,072 (H) x 2,048 (V)",29.5 fps,USB3.0,USB3 Vision 1.0.1,USB bus power (+5 V),Less than 1.5 W,Lower limit: 0 deg. C (Environmental temperature) Upper limit: +71 deg. C (Temperature sensor on camera),Lower limit: -25 deg. C (Environmental temperature) Upper limit: +85 deg. C (Environmental temperature),SONY IMX178,Rolling Shutter / Global Reset,"1/1.8""",2.4 (H) x 2.4 (V) µm,26.8 (W) x 26.8 (H) x 6.49 (D) mm,Approximately 5 g,No Lens Mount,No optical filter,USB3.0 micro B x 1,BM04B (JST) x 1,Full scanning / ROI,Edge preset trigger / Free-run,Mono8 / Mono10 / Mono12 / Mono10Packed / Mono12Packed,64.4 µseconds to 16.777 seconds,0 to 19.2 dB,x1 to x2,0.1 to 4.0,,,Vertical flip / Horizontal flip / Vertical and horizontal flip/ Off,Up to 640 pixels,Support (Eight settings),,,Auto exposure / Auto gain,Support,Support,,
Sentech,stc-bcs642u3v,USB3 Vision Small Area Cameras,STC-BCS642U3V,Area Camera,6.4MP,Color,"3,072 (H) x 2,048 (V)",29.5 fps,USB3.0,USB3 Vision 1.0.1,USB bus power (+5 V),Less than 1.5 W,Lower limit: 0 deg. C (Environmental temperature) Upper limit: +71 deg. C (Temperature sensor on camera),Lower limit: -25 deg. C (Environmental temperature) Upper limit: +85 deg. C (Environmental temperature),SONY IMX178,Rolling Shutter / Global Reset,"1/1.8""",2.4 (H) x 2.4 (V) µm,26.8 (W) x 26.8 (H) x 6.49 (D) mm,Approximately 5 g,No Lens Mount,No optical filter,USB3.0 micro B x 1,BM04B (JST) x 1,Full scanning / ROI,Edge preset trigger / Free-run,BayerRG8 / BayerRG10 / BayerRG12 / BayerRG10Packed / BayerRG12Packed,64.4 µseconds to 16.777 seconds,0 to 19.2 dB,x1 to x2,0.1 to 4.0,,,Vertical flip / Horizontal flip / Vertical and horizontal flip / Off,Up to 640 pixels,Support (Eight settings),Auto / Manual / Push to set white balance,,Auto / Manual / Push to set white balance,Support,Support,,
Sentech,stc-bbs642u3v-bc,USB3 Vision Small Area Cameras,STC-BBS642U3V-BC,Area Camera,6.4MP,Monochrome,"3,072 (H) x 2,048 (V)",29.5 fps,USB3.0,USB3 Vision 1.0.1,USB bus power (+5 V),Less than 1.5 W,Lower limit: 0 deg. C (Environmental temperature) Upper limit: +46 deg. C (Environmental temperature),Lower limit: -25 deg. C (Environmental temperature) Upper limit: +70 deg. C (Environmental temperature),SONY IMX178,Rolling Shutter / Global Reset,"1/1.8""",2.4 (H) x 2.4 (V) µm,27.5 (W) x 27.5 (H) x 23.13 (D) mm,Approximately 15 g,C Mount,No optical filter,USB3.0 micro B x 1,BM04B (JST) x 1,Full scanning / ROI,Edge preset trigger / Free-run,Mono8 / Mono10 / Mono12 / Mono10Packed / Mono12Packed,64.4 µseconds to 16.777 seconds,0 to 19.2 dB,x1 to x2,0.1 to 4.0,,,Vertical flip / Horizontal flip / Vertical and horizontal flip/ Off,Up to 640 pixels,Support (Eight settings),,,Auto exposure / Auto gain,Support,Support,,
Sentech,stc-bcs642u3v-bc,USB3 Vision Small Area Cameras,STC-BCS642U3V-BC,Area Camera,6.4MP,Color,"3,072 (H) x 2,048 (V)",29.5 fps,USB3.0,USB3 Vision 1.0.1,USB bus power (+5 V),Less than 1.5 W,Lower limit: 0 deg. C (Environmental temperature) Upper limit: +46 deg. C (Environmental temperature),Lower limit: -25 deg. C (Environmental temperature) Upper limit: +70 deg. C (Environmental temperature),SONY IMX178,Rolling Shutter / Global Reset,"1/1.8""",2.4 (H) x 2.4 (V) µm,27.5 (W) x 27.5 (H) x 23.38 (D) mm,Approximately 16 g,C Mount,IR cut filter on it,USB3.0 micro B x 1,BM04B (JST) x 1,Full scanning / ROI,Edge preset trigger / Free-run,BayerRG8 / BayerRG10 / BayerRG12 / BayerRG10Packed / BayerRG12Packed,64.4 µseconds to 16.777 seconds,0 to 19.2 dB,x1 to x2,0.1 to 4.0,,,Vertical flip / Horizontal flip / Vertical and horizontal flip/ Off,Up to 640 pixels,Support (Eight settings),Auto exposure / Auto gain,,Auto / Manual / Push to set white balance,Support,Support,,
Sentech,stc-bbs642u3v-bcs,USB3 Vision Small Area Cameras,STC-BBS642U3V-BCS,Area Camera,6.4MP,Monochrome,"3,072 (H) x 2,048 (V)",29.5 fps,USB3.0,USB3 Vision 1.0.1,USB bus power (+5 V),Less than 1.5 W,Lower limit: 0 deg. C (Environmental temperature) Upper limit: +46 deg. C (Environmental temperature),Lower limit: -25 deg. C (Environmental temperature) Upper limit: +70 deg. C (Environmental temperature),SONY IMX178,Rolling Shutter / Global Reset,"1/1.8""",2.4 (H) x 2.4 (V) µm,27.5 (W) x 27.5 (H) x 18.18 (D) mm,Approximately 14 g,CS Mount,No optical filter,USB3.0 micro B x 1,BM04B (JST) x 1,Full scanning / ROI,Edge preset trigger / Free-run,Mono8 / Mono10 / Mono12 / Mono10Packed / Mono12Packed,64.4 µseconds to 16.777 seconds,0 to 19.2 dB,x1 to x2,0.1 to 4.0,,,Vertical flip / Horizontal flip / Vertical and horizontal flip/ Off,Up to 640 pixels,Support (Eight settings),,,Auto exposure / Auto gain,Support,Support,,
Sentech,stc-bcs642u3v-bcs,USB3 Vision Small Area Cameras,STC-BCS642U3V-BCS,Area Camera,6.4MP,Color,"3,072 (H) x 2,048 (V)",29.5 fps,USB3.0,USB3 Vision 1.0.1,USB bus power (+5 V),Less than 1.5 W,Lower limit: 0 deg. C (Environmental temperature) Upper limit: +46 deg. C (Environmental temperature),Lower limit: -25 deg. C (Environmental temperature) Upper limit: +80 deg. C (Environmental temperature),SONY IMX178,Rolling Shutter / Global Reset,"1/1.8""",2.4 (H) x 2.4 (V) µm,27.5 (W) x 27.5 (H) x 18.43 (D) mm,Approximately 14 g,CS Mount,IR cut filter on it,USB3.0 micro B x 1,BM04B (JST) x 1,Full scanning / ROI,Edge preset trigger / Free-run,BayerRG8 / BayerRG10 / BayerRG12 / BayerRG10Packed / BayerRG12Packed,64.4 µseconds to 16.777 seconds,0 to 19.2 dB,x1 to x2,0.1 to 4.0,,,Vertical flip / Horizontal flip / Vertical and horizontal flip/ Off,Up to 640 pixels,Support (Eight settings),Auto exposure / Auto gain,,Auto exposure / Auto gain / Auto white balance,Support,Support,,
Sentech,stc-bbs642u3v-bl,USB3 Vision Small Area Cameras,STC-BBS642U3V-BL,Area Camera,6.4MP,Monochrome,"3,072 (H) x 2,048 (V)",29.5 fps,USB3.0,USB3 Vision 1.0.1,USB bus power (+5 V),Less than 1.5 W,Lower limit: 0 deg. C (Environmental temperature) Upper limit: +46 deg. C (Environmental temperature),Lower limit: -25 deg. C (Environmental temperature) Upper limit: +80 deg. C (Environmental temperature),SONY IMX178,Rolling Shutter / Global Reset,"1/1.8""",2.4 (H) x 2.4 (V) µm,27.5 (W) x 27.5 (H) x 17.68 (D) mm,Approximately 17 g,S Mount,No optical filter,USB3.0 micro B x 1,BM04B (JST) x 1,Full scanning / ROI,Edge preset trigger / Free-run,Mono8 / Mono10 / Mono12 / Mono10Packed / Mono12Packed,64.4 µseconds to 16.777 seconds,0 to 19.2 dB,x1 to x2,0.1 to 4.0,,,Vertical flip / Horizontal flip / Vertical and horizontal flip/ Off,Up to 640 pixels,Support (Eight settings),,,Auto exposure / Auto gain,Support,Support,,
Sentech,stc-bcs642u3v-bl,USB3 Vision Small Area Cameras,STC-BCS642U3V-BL,Area Camera,6.4MP,Color,"3,072 (H) x 2,048 (V)",29.5 fps,USB3.0,USB3 Vision 1.0.1,USB bus power (+5 V),Less than 1.5 W,Lower limit: 0 deg. C (Environmental temperature) Upper limit: +46 deg. C (Environmental temperature),Lower limit: -25 deg. C (Environmental temperature) Upper limit: +80 deg. C (Environmental temperature),SONY IMX178,Rolling Shutter / Global Reset,"1/1.8""",2.4 (H) x 2.4 (V) µm,27.5 (W) x 27.5 (H) x 17.68 (D) mm,Approximately 18 g,S Mount,IR cut filter on it,USB3.0 micro B x 1,BM04B (JST) x 1,Full scanning / ROI,Edge preset trigger / Free-run,BayerRG8 / BayerRG10 / BayerRG12 / BayerRG10Packed / BayerRG12Packed,64.4 µseconds to 16.777 seconds,0 to 19.2 dB,x1 to x2,0.1 to 4.0,,,Vertical flip / Horizontal flip / Vertical and horizontal flip/ Off,Up to 640 pixels,Support (Eight settings),Auto exposure / Auto gain,,Auto / Manual / Push to set white balance,Support,Support,,
Sentech,stc-bbs1242u3v,USB3 Vision Small Area Cameras,STC-BBS1242U3V,Area Camera,12MP,Monochrome,"4,000 (H) x 3,000 (V)",25.8 fps,USB3.0,USB3 Vision 1.0.1,USB bus power (+5 V),Less than 1.6 W,Lower limit: 0 deg. C (Environmental temperature) Upper limit: +68 deg. C (Temperature sensor on camera),Lower limit: -25 deg. C (Environmental temperature) Upper limit: +80 deg. C (Environmental temperature),SONY IMX226,Rolling Shutter / Global Reset,"1/1.7""",1.85 (H) x 1.85 (V) µm,26.8 (W) x 26.8 (H) x 6.49 (D) mm,Approximately 5 g,No Lens Mount,No optical filter,USB3.0 micro B x 1,BM04B (JST) x 1,Full scanning / ROI,Edge preset trigger / Free-run,Mono8 / Mono10 / Mono12 / Mono10Packed / Mono12Packed,52.34 µseconds to 16.777 seconds,0 to 19.2 dB,x1 to x2,0.1 to 4.0,,,Vertical flip / Off,"Up to 1,024 pixels",Support (Eight settings),,,Auto exposure / Auto gain,Support,Support,,
Sentech,stc-bcs1242u3v,USB3 Vision Small Area Cameras,STC-BCS1242U3V,Area Camera,12MP,Color,"4,000 (H) x 3,000 (V)",25.8 fps,USB3.0,USB3 Vision 1.0.1,USB bus power (+5 V),Less than 1.6 W,Lower limit: 0 deg. C (Environmental temperature) Upper limit: +68 deg. C (Temperature sensor on camera),Lower limit: -25 deg. C (Environmental temperature) Upper limit: +80 deg. C (Environmental temperature),SONY IMX226,Rolling Shutter / Global Reset,"1/1.7""",1.85 (H) x 1.85 (V) µm,26.8 (W) x 26.8 (H) x 6.49 (D) mm,Approximately 5 g,No Lens Mount,No optical filter,USB3.0 micro B x 1,BM04B (JST) x 1,Full scanning / ROI,Edge preset trigger / Free-run,BayerRG8 / BayerRG10 / BayerRG12 / BayerRG10Packed / BayerRG12Packed,52.34 µseconds to 16.777 seconds,0 to 19.2 dB,x1 to x2,0.1 to 4.0,,,Vertical flip / Off,"Up to 1,024 pixels",Support (Eight settings),Auto exposure / Auto gain,,Auto / Manual / Push to set white balance,Support,Support,,
Sentech,stc-bbs1242u3v-bc,USB3 Vision Small Area Cameras,STC-BBS1242U3V-BC,Area Camera,12MP,Monochrome,"4,000 (H) x 3,000 (V)",25.8 fps,USB3.0,USB3 Vision 1.0.1,USB bus power (+5 V),Less than 1.6 W,Lower limit: 0 deg. C (Environmental temperature) Upper limit: +44 deg. C (Environmental temperature),Lower limit: -25 deg. C (Environmental temperature) Upper limit: +70 deg. C (Environmental temperature),SONY IMX226,Rolling Shutter / Global Reset,"1/1.7""",1.85 (H) x 1.85 (V) µm,27.5 (W) x 27.5 (H) x 23.13 (D) mm,Approximately 15 g,C Mount,No optical filter,USB3.0 micro B x 1,BM04B (JST) x 1,Full scanning / ROI,Edge preset trigger / Free-run,Mono8 / Mono10 / Mono12 / Mono10Packed / Mono12Packed,52.34 µseconds to 16.777 seconds,0 to 19.2 dB,x1 to x2,0.1 to 4.0,,,Vertical flip / Off,"Up to 1,024 pixels",Support (Eight settings),,,Auto exposure / Auto gain,Support,Support,,
Sentech,stc-bcs1242u3v-bc,USB3 Vision Small Area Cameras,STC-BCS1242U3V-BC,Area Camera,12MP,Color,"4,000 (H) x 3,000 (V)",25.8 fps,USB3.0,USB3 Vision 1.0.1,USB bus power (+5 V),Less than 1.6 W,Lower limit: 0 deg. C (Environmental temperature) Upper limit: +44 deg. C (Environmental temperature),Lower limit: -25 deg. C (Environmental temperature) Upper limit: +70 deg. C (Environmental temperature),SONY IMX226,Rolling Shutter / Global Reset,"1/1.7""",1.85 (H) x 1.85 (V) µm,27.5 (W) x 27.5 (H) x 23.38 (D) mm,Approximately 16 g,C Mount,IR cut filter on it,USB3.0 micro B x 1,BM04B (JST) x 1,Full scanning / ROI,Edge preset trigger / Free-run,BayerRG8 / BayerRG10 / BayerRG12 / BayerRG10Packed / BayerRG12Packed,52.34 µseconds to 16.777 seconds,0 to 19.2 dB,x1 to x2,0.1 to 4.0,,,Vertical flip / Off,"Up to 1,024 pixels",Support (Eight settings),Auto exposure / Auto gain,,Auto / Manual / Push to set white balance,Support,Support,,
Sentech,stc-rbs163u3v-sm121,USB3 Vision Remote Head Area Cameras,STC-RBS163U3V-SM121,Area Camera,1.6MP,Monochrome,"1,440 (H) x 1,080 (V)",238.0 fps,USB3.0,USB3 Vision 1.0.1,USB bus power (+5 V),Less than 4.0 W,Lower limit: 0 deg. C (Environmental temperature) Upper limit: +42 deg. C (Environmental temperature),Lower limit: -30 deg. C (Environmental temperature) Upper limit: +60 deg. C (Environmental temperature),SONY IMX273,Global Shutter,"1/2.9""",3.45 (H) x 3.45 (V) µm,Camera Head: 18 (W) x 18 (H) x 23.42 (D) mm CCU: 94 (W) x 72 (H) x 20 (D) mm Cable: 1 m (Cable from Rear of Camera Head),Approximately 280 g,S Mount,No optical filter,USB3.0 micro B x 1,HR10A-7R-6PB (Hirose) or equivalent x 1,Full scanning / ROI,Edge preset trigger / Pulse width trigger / Start stop trigger/ Free-run,Mono8 / Mono10 / Mono12 / Mono10Packed / Mono12Packed,1 µsecond to 16.777 seconds,0 to 19.2 dB,x1 to x2,0.1 to 4.0,x2 horizontal and vertical individually / Off,x2 horizontal and vertical individually / Off,Vertical flip / Horizontal flip / Vertical and horizontal flip/ Off,Up to 256 pixels,Support (Eight settings),,,Auto exposure / Auto gain,Support,Support,,
Sentech,stc-rcs163u3v-sm121,USB3 Vision Remote Head Area Cameras,STC-RCS163U3V-SM121,Area Camera,1.6MP,Color,"1,440 (H) x 1,080 (V)",238.0 fps,USB3.0,USB3 Vision 1.0.1,USB bus power (+5 V),Less than 4.0 W,Lower limit: 0 deg. C (Environmental temperature) Upper limit: +42 deg. C (Environmental temperature),Lower limit: -30 deg. C (Environmental temperature) Upper limit: +60 deg. C (Environmental temperature),SONY IMX273,Global Shutter,"1/2.9""",3.45 (H) x 3.45 (V) µm,Camera Head: 18 (W) x 18 (H) x 23.62 (D) mm CCU: 94 (W) x 72 (H) x 20 (D) mm Cable: 1 m (Cable from Rear of Camera Head),Approximately 280 g,S Mount,IR cut filter on it,USB3.0 micro B x 1,HR10A-7R-6PB (Hirose) or equivalent x 1,Full scanning / ROI,Edge preset trigger / Pulse width trigger / Start stop trigger/ Free-run,BayerRG8 / BayerRG10 / BayerRG12 / BayerRG10Packed / BayerRG12Packed,1 µsecond to 16.777 seconds,0 to 19.2 dB,x1 to x2,0.1 to 4.0,,x2 horizontal and vertical individually / Off,Vertical flip / Horizontal flip / Vertical and horizontal flip/ Off,Up to 256 pixels,Support (Eight settings),Auto exposure / Auto gain,,Auto exposure / Auto gain / Auto white balance,Support,Support,,
Sentech,stc-rbs163u3v-sm12,USB3 Vision Remote Head Area Cameras,STC-RBS163U3V-SM12,Area Camera,1.6MP,Monochrome,"1,440 (H) x 1,080 (V)",238.0 fps,USB3.0,USB3 Vision 1.0.1,USB bus power (+5 V),Less than 4.0 W,Lower limit: 0 deg. C (Environmental temperature) Upper limit: +42 deg. C (Environmental temperature),Lower limit: -30 deg. C (Environmental temperature) Upper limit: +60 deg. C (Environmental temperature),SONY IMX273,Global Shutter,"1/2.9""",3.45 (H) x 3.45 (V) µm,Camera Head: 18 (W) x 18 (H) x 23.42 (D) mm CCU: 94 (W) x 72 (H) x 20 (D) mm Cable: 2.5 m (Cable from Rear of Camera Head),Approximately 360 g,S Mount,No optical filter,USB3.0 micro B x 1,HR10A-7R-6PB (Hirose) or equivalent x 1,Full scanning / ROI,Edge preset trigger / Pulse width trigger / Start stop trigger/ Free-run,Mono8 / Mono10 / Mono12 / Mono10Packed / Mono12Packed,1 µsecond to 16.777 seconds,0 to 19.2 dB,x1 to x2,0.1 to 4.0,x2 horizontal and vertical individually / Off,x2 horizontal and vertical individually / Off,Vertical flip / Horizontal flip / Vertical and horizontal flip/ Off,Up to 256 pixels,Support (Eight settings),,,Auto exposure / Auto gain,Support,Support,,
Sentech,stc-rcs163u3v-sm12,USB3 Vision Remote Head Area Cameras,STC-RCS163U3V-SM12,Area Camera,1.6MP,Color,"1,440 (H) x 1,080 (V)",238.0 fps,USB3.0,USB3 Vision 1.0.1,USB bus power (+5 V),Less than 4.0 W,Lower limit: 0 deg. C (Environmental temperature) Upper limit: +42 deg. C (Environmental temperature),Lower limit: -30 deg. C (Environmental temperature) Upper limit: +60 deg. C (Environmental temperature),SONY IMX273,Global Shutter,"1/2.9""",3.45 (H) x 3.45 (V) µm,Camera Head: 18 (W) x 18 (H) x 23.62 (D) mm CCU: 94 (W) x 72 (H) x 20 (D) mm Cable: 2.5 m (Cable from Rear of Camera Head),Approximately 360 g,S Mount,IR cut filter on it,USB3.0 micro B x 1,HR10A-7R-6PB (Hirose) or equivalent x 1,Full scanning / ROI,Edge preset trigger / Pulse width trigger / Start stop trigger/ Free-run,BayerRG8 / BayerRG10 / BayerRG12 / BayerRG10Packed / BayerRG12Packed,1 µsecond to 16.777 seconds,0 to 19.2 dB,x1 to x2,0.1 to 4.0,,x2 horizontal and vertical individually / Off,Vertical flip / Horizontal flip / Vertical and horizontal flip/ Off,Up to 256 pixels,Support (Eight settings),Auto exposure / Auto gain,,Auto exposure / Auto gain / Auto white balance,Support,Support,,
Sentech,stc-rbs163u3v-um121,USB3 Vision Remote Head Area Cameras,STC-RBS163U3V-UM121,Area Camera,1.6MP,Monochrome,"1,440 (H) x 1,080 (V)",238.0 fps,USB3.0,USB3 Vision 1.0.1,USB bus power (+5 V),Less than 4.0 W,Lower limit: 0 deg. C (Environmental temperature) Upper limit: +42 deg. C (Environmental temperature),Lower limit: -30 deg. C (Environmental temperature) Upper limit: +60 deg. C (Environmental temperature),SONY IMX273,Global Shutter,"1/2.9""",3.45 (H) x 3.45 (V) µm,Camera Head: 18 (W) x 18 (H) x 21.42 (D) mm CCU: 94 (W) x 72 (H) x 20 (D) mm Cable: 1 m (Cable from Top of Camera Head),Approximately 280 g,S Mount,No optical filter,USB3.0 micro B x 1,HR10A-7R-6PB (Hirose) or equivalent x 1,Full scanning / ROI,Edge preset trigger / Pulse width trigger / Start stop trigger/ Free-run,Mono8 / Mono10 / Mono12 / Mono10Packed / Mono12Packed,1 µsecond to 16.777 seconds,0 to 19.2 dB,x1 to x2,0.1 to 4.0,x2 horizontal and vertical individually / Off,x2 horizontal and vertical individually / Off,Vertical flip / Horizontal flip / Vertical and horizontal flip/ Off,Up to 256 pixels,Support (Eight settings),,,Auto exposure / Auto gain,Support,Support,,
Sentech,stc-rcs163u3v-um121,USB3 Vision Remote Head Area Cameras,STC-RCS163U3V-UM121,Area Camera,1.6MP,Color,"1,440 (H) x 1,080 (V)",238.0 fps,USB3.0,USB3 Vision 1.0.1,USB bus power (+5 V),Less than 4.0 W,Lower limit: 0 deg. C (Environmental temperature) Upper limit: +42 deg. C (Environmental temperature),Lower limit: -30 deg. C (Environmental temperature) Upper limit: +60 deg. C (Environmental temperature),SONY IMX273,Global Shutter,"1/2.9""",3.45 (H) x 3.45 (V) µm,Camera Head: 18 (W) x 18 (H) x 21.66 (D) mm CCU: 94 (W) x 72 (H) x 20 (D) mm Cable: 1 m (Cable from Top of Camera Head),Approximately 280 g,S Mount,IR cut filter on it,USB3.0 micro B x 1,HR10A-7R-6PB (Hirose) or equivalent x 1,Full scanning / ROI,Edge preset trigger / Pulse width trigger / Start stop trigger/ Free-run,BayerRG8 / BayerRG10 / BayerRG12 / BayerRG10Packed / BayerRG12Packed,1 µsecond to 16.777 seconds,0 to 19.2 dB,x1 to x2,0.1 to 4.0,,x2 horizontal and vertical individually / Off,Vertical flip / Horizontal flip / Vertical and horizontal flip/ Off,Up to 256 pixels,Support (Eight settings),Auto exposure / Auto gain,,Auto exposure / Auto gain / Auto white balance,Support,Support,,
Sentech,stc-rbs163u3v-um12,USB3 Vision Remote Head Area Cameras,STC-RBS163U3V-UM12,Area Camera,1.6MP,Monochrome,"1,440 (H) x 1,080 (V)",238.0 fps,USB3.0,USB3 Vision 1.0.1,USB bus power (+5 V),Less than 4.0 W,Lower limit: 0 deg. C (Environmental temperature) Upper limit: +42 deg. C (Environmental temperature),Lower limit: -30 deg. C (Environmental temperature) Upper limit: +60 deg. C (Environmental temperature),SONY IMX273,Global Shutter,"1/2.9""",3.45 (H) x 3.45 (V) µm,Camera Head: 18 (W) x 18 (H) x 21.42 (D) mm CCU: 94 (W) x 72 (H) x 20 (D) mm Cable: 2.5 m (Cable from Top of Camera Head),Approximately 360 g,S Mount,No optical filter,USB3.0 micro B x 1,HR10A-7R-6PB (Hirose) or equivalent x 1,Full scanning / ROI,Edge preset trigger / Pulse width trigger / Start stop trigger/ Free-run,Mono8 / Mono10 / Mono12 / Mono10Packed / Mono12Packed,1 µsecond to 16.777 seconds,0 to 19.2 dB,x1 to x2,0.1 to 4.0,x2 horizontal and vertical individually / Off,x2 horizontal and vertical individually / Off,Vertical flip / Horizontal flip / Vertical and horizontal flip/ Off,Up to 256 pixels,Support (Eight settings),,,Auto exposure / Auto gain,Support,Support,,
Sentech,stc-rcs163u3v-um12,USB3 Vision Remote Head Area Cameras,STC-RCS163U3V-UM12,Area Camera,1.6MP,Color,"1,440 (H) x 1,080 (V)",238.0 fps,USB3.0,USB3 Vision 1.0.1,USB bus power (+5 V),Less than 4.0 W,Lower limit: 0 deg. C (Environmental temperature) Upper limit: +42 deg. C (Environmental temperature),Lower limit: -30 deg. C (Environmental temperature) Upper limit: +60 deg. C (Environmental temperature),SONY IMX273,Global Shutter,"1/2.9""",3.45 (H) x 3.45 (V) µm,Camera Head: 18 (W) x 18 (H) x 21.66 (D) mm CCU: 94 (W) x 72 (H) x 20 (D) mm Cable: 2.5 m (Cable from Top of Camera Head),Approximately 360 g,S Mount,IR cut filter on it,USB3.0 micro B x 1,HR10A-7R-6PB (Hirose) or equivalent x 1,Full scanning / ROI,Edge preset trigger / Pulse width trigger / Start stop trigger/ Free-run,BayerRG8 / BayerRG10 / BayerRG12 / BayerRG10Packed / BayerRG12Packed,1 µsecond to 16.777 seconds,0 to 19.2 dB,x1 to x2,0.1 to 4.0,,x2 horizontal and vertical individually / Off,Vertical flip / Horizontal flip / Vertical and horizontal flip/ Off,Up to 256 pixels,Support (Eight settings),Auto exposure / Auto gain,,Auto exposure / Auto gain / Auto white balance,Support,Support,,
Sentech,stc-mbv133u3v-sp,USB3 Vision High-Speed Area Cameras,STC-MBV133U3V-SP,Area Camera,1.3MP,Monochrome,"1,296 (H) x 976 (V)",500.0 fps,USB3.0,USB3 Vision 1.0.1,USB bus power (+5 V),3.2 W or less,Lower limit: 0 deg. C (Environmental temperature) Upper limit: +66 deg. C (Temperature sensor on camera),Lower limit: -25 deg. C (Environmental temperature) Upper limit: +65 deg. C (Environmental temperature),SONY IMX382,Rolling Shutter,"1/3.2""",3.5 (H) x 3.5 (V) µm,50 (W) x 28 (H) x 29 (D) mm,Approximately 40 g,C Mount,No optical filter,USB3.0 micro B x 1,SM06B-SHJH-TF (HF) (JST) x 1,Full scanning (1.3MP) / ROI (0.6MP / 0.3MP / 0.14MP),Detect trigger / Edge preset trigger / Free-run,Mono8 / Mono10 / Mono12 / Mono4Packed / Mono10Packed / Mono12Packed,"8 to 1,998 µseconds",0 to 28 dB,0 to 12 dB,1.0,x2 horizontal and vertical (0.14MP / 0.3MP mode) / Off (0.6M / 1.3MP mode),,Vertical flip / Horizontal flip / Vertical and horizontal flip / Off,Up to 256 pixels,Support (Eight settings),,,Auto exposure,Support,Support,,
Sentech,stc-mcv133u3v-sp,USB3 Vision High-Speed Area Cameras,STC-MCV133U3V-SP,Area Camera,1.3MP,Color,"1,296 (H) x 976 (V)",500.0 fps,USB3.0,USB3 Vision 1.0.1,USB bus power (+5 V),3.2 W or less,Lower limit: 0 deg. C (Environmental temperature) Upper limit: +66 deg. C (Temperature sensor on camera),Lower limit: -25 deg. C (Environmental temperature) Upper limit: +65 deg. C (Environmental temperature),SONY IMX382,Rolling Shutter,"1/3.2""",3.5 (H) x 3.5 (V) µm,50 (W) x 28 (H) x 29 (D) mm,Approximately 40 g,C Mount,No optical filter,USB3.0 micro B x 1,SM06B-SHJH-TF (HF) (JST) x 1,Full scanning (1.3MP) / ROI (0.6MP / 0.3MP / 0.14MP),Detect trigger / Edge preset trigger / Free-run,Mono8 / Mono10 / Mono12 / Mono4Packed / Mono10Packed / Mono12Packed,"8 to 1,998 µseconds",0 to 28 dB,0 to 12 dB,1.0,x2 horizontal and vertical (0.14MP / 0.3MP mode) / Off (0.6M / 1.3MP mode),,Vertical flip / Horizontal flip / Vertical and horizontal flip / Off,Up to 256 pixels,Support (Eight settings),Manual / Push to set white balance,,Auto exposure,Support,Support,,
Sentech,stc-mbv133u3v-tp,USB3 Vision High-Speed Area Cameras,STC-MBV133U3V-TP,Area Camera,1.3MP,Monochrome,"1,296 (H) x 976 (V)",500.0 fps,USB3.0,USB3 Vision 1.0.1,USB bus power (+5 V),3.2 W or less,Lower limit: 0 deg. C (Environmental temperature) Upper limit: +66 deg. C (Temperature sensor on camera),Lower limit: -25 deg. C (Environmental temperature) Upper limit: +65 deg. C (Environmental temperature),SONY IMX382,Rolling Shutter,"1/3.2""",3.5 (H) x 3.5 (V) µm,28 (W) x 50 (H) x 29 (D) mm,Approximately 40 g,C Mount,No optical filter,USB3.0 micro B x 1,SM06B-SHJH-TF (HF) (JST) x 1,Full scanning (1296x976) / ROI (0.6M / 0.3M / 0.14M),Detect trigger / Edge preset trigger / Free-run,Mono8 / Mono10 / Mono12 / Mono4Packed / Mono10Packed / Mono12Packed,"8 to 1,998 µseconds",0 to 28 dB,0 to 12 dB,1.0,x2 horizontal and vertical (0.14MP / 0.3MP mode) / Off (0.6M / 1.3MP mode),,Vertical flip / Horizontal flip / Vertical and horizontal flip / Off,Up to 256 pixels,Support (Eight settings),,,Auto exposure,Support,Support,,
Sentech,stc-mcv133u3v-tp,USB3 Vision High-Speed Area Cameras,STC-MCV133U3V-TP,Area Camera,1.3MP,Color,"1,296 (H) x 976 (V)",500.0 fps,USB3.0,USB3 Vision 1.0.1,USB bus power (+5 V),3.2 W or less,Lower limit: 0 deg. C (Environmental temperature) Upper limit: +66 deg. C (Temperature sensor on camera),Lower limit: -25 deg. C (Environmental temperature) Upper limit: +65 deg. C (Environmental temperature),SONY IMX382,Rolling Shutter,"1/3.2""",3.5 (H) x 3.5 (V) µm,28 (W) x 50 (H) x 29 (D) mm,Approximately 40 g,C Mount,IR cut filter on it,USB3.0 micro B x 1,SM06B-SHJH-TF (HF) (JST) x 1,Full scanning (1296x976) / ROI (0.6M / 0.3M / 0.14M),Detect trigger / Edge preset trigger / Free-run,BayerRG8 / BayerRG10 / BayerRG12 / BayerRG4Packed / BayerRG10Packed / BayerRG12Packed,"8 to 1,998 µseconds",0 to 28 dB,0 to 12 dB,1.0,x2 horizontal and vertical (0.14MP / 0.3MP mode) / Off (0.6M / 1.3MP mode),,Vertical flip / Horizontal flip / Vertical and horizontal flip / Off,Up to 256 pixels,Support (Eight settings),Manual / Push to set white balance,,Auto exposure,Support,Support,,
Sentech,stc-cmb120aopq,Opt-C:Link Cameras,STC-CMB120AOPQ,Area Camera,12MP,Monochrome,"4,096 (H) x 3,072 (V)",279.0 fps,Opt-C:Link 40Gbps,Opt-C:Link,External power (+24 Vdc),Less than 18 W,Lower limit: 0 deg. C (Environmental temperature) Upper limit: +35 deg. C (Environmental temperature),Lower limit: -20 deg. C (Environmental temperature) Upper limit: +80 deg. C (Environmental temperature),ams OSRAM CMV12000,Global Shutter,"1.76""",5.5 (H) x 5.5 (V) µm,80 (W) x 80 (H) x 62.5 (D) mm,Approximately 815 g,M42 Mount,No optical filter,QSFP+ Optical connector (Avago) x 1,HR10A-7R-6PB (Hirose) or equivalent x 1,Full scanning / ROI,Edge preset trigger (V reset) / Pulse width trigger (V reset) / Free-run,Mono8,20 µseconds to 16.777 seconds,x1 to x3,x1 to x5,1.0,,,Vertical flip / Horizontal flip / Vertical and horizontal flip / Off,Up to 600 pixels,Support (One setting),,,,,,,
Sentech,stc-cmc120aopq,Opt-C:Link Cameras,STC-CMC120AOPQ,Area Camera,12MP,Color,"4,096 (H) x 3,072 (V)",279.0 fps,Opt-C:Link 40Gbps,Opt-C:Link,External power (+24 Vdc),Less than 18 W,Lower limit: 0 deg. C (Environmental temperature) Upper limit: +35 deg. C (Environmental temperature),Lower limit: -20 deg. C (Environmental temperature) Upper limit: +80 deg. C (Environmental temperature),ams OSRAM CMV12000,Global Shutter,"1.76""",5.5 (H) x 5.5 (V) µm,80 (W) x 80 (H) x 62.5 (D) mm,Approximately 815 g,M42 Mount,No optical filter,QSFP+ Optical connector (Avago) x 1,HR10A-7R-6PB (Hirose) or equivalent x 1,Full scanning / ROI,Edge preset trigger (V reset) / Pulse width trigger (V reset) / Free-run,BayerGR8,20 µseconds to 16.777 seconds,x1 to x3,x1 to x5,1.0,,,Vertical flip / Horizontal flip / Vertical and horizontal flip / Off,Up to 600 pixels,Support (One setting),Manual white balance,,,,,,
Sentech,stc-cmb120aopq-f,Opt-C:Link Cameras,STC-CMB120AOPQ-F,Area Camera,12MP,Monochrome,"4,096 (H) x 3,072 (V)",279.0 fps,Opt-C:Link 40Gbps,Opt-C:Link,External power (+24 Vdc),Less than 18 W,Lower limit: 0 deg. C (Environmental temperature) Upper limit: +35 deg. C (Environmental temperature),Lower limit: -20 deg. C (Environmental temperature) Upper limit: +80 deg. C (Environmental temperature),ams OSRAM CMV12000,Global Shutter,"1.76""",5.5 (H) x 5.5 (V) µm,80 (W) x 80 (H) x 99 (D) mm,Approximately 930 g,F Mount,No optical filter,QSFP+ Optical connector (Avago) x 1,HR10A-7R-6PB (Hirose) or equivalent x 1,Full scanning / ROI,Edge preset trigger (V reset) / Pulse width trigger (V reset) / Free-run,Mono8,20 µseconds to 16.777 seconds,x1 to x3,x1 to x5,1.0,,,Vertical flip / Horizontal flip / Vertical and horizontal flip / Off,Up to 600 pixels,Support (One setting),,,,,,,
Sentech,stc-cmc120aopq-f,Opt-C:Link Cameras,STC-CMC120AOPQ-F,Area Camera,12MP,Color,"4,096 (H) x 3,072 (V)",279.0 fps,Opt-C:Link 40Gbps,Opt-C:Link,External power (+24 Vdc),Less than 18 W,Lower limit: 0 deg. C (Environmental temperature) Upper limit: +35 deg. C (Environmental temperature),Lower limit: -20 deg. C (Environmental temperature) Upper limit: +80 deg. C (Environmental temperature),ams OSRAM CMV12000,Global Shutter,"1.76""",5.5 (H) x 5.5 (V) µm,80 (W) x 80 (H) x 99 (D) mm,Approximately 930 g,F Mount,No optical filter,QSFP+ Optical connector (Avago) x 1,HR10A-7R-6PB (Hirose) or equivalent x 1,Full scanning / ROI,Edge preset trigger (V reset) / Pulse width trigger (V reset) / Free-run,BayerGR8,20 µseconds to 16.777 seconds,x1 to x3,x1 to x5,1.0,,,Vertical flip / Horizontal flip / Vertical and horizontal flip / Off,Up to 600 pixels,Support (One setting),Manual white balance,,,,,,
Sentech,stc-cmb120aopt,Opt-C:Link Cameras,STC-CMB120AOPT,Area Camera,12MP,Monochrome,"4,096 (H) x 3,072 (V)",93.4 fps,Opt-C:Link,Opt-C:Link,External power (+12 Vdc),Less than 8.5 W,Lower limit: 0 deg. C (Environmental temperature) Upper limit: +45 deg. C (Environmental temperature),Lower limit: -30 deg. C (Environmental temperature) Upper limit: +70 deg. C (Environmental temperature),ams OSRAM CMV12000,Global Shutter,"1.76""",5.5 (H) x 5.5 (V) µm,72 (W) x 72 (H) x 90 (D) mm,Approximately 445 g,M42 Mount,No optical filter,SFP+ Optical connector (Avago ) x 2,HR10A-7R-6PB (Hirose) or equivalent x 1,Full scanning / ROI,Edge preset trigger (V reset) / Pulse width trigger (V reset) / Free-run,Mono8,32 µseconds to 16.777 seconds,,x1 to x5,1.0,,,Vertical flip / Horizontal flip / Vertical and horizontal flip / Off,Up to 600 pixels,Support (One setting),,,,,,,
Sentech,stc-cmc120aopt,Opt-C:Link Cameras,STC-CMC120AOPT,Area Camera,12MP,Color,"4,096 (H) x 3,072 (V)",93.4 fps,Opt-C:Link,Opt-C:Link,External power (+12 Vdc),Less than 8.5 W,Lower limit: 0 deg. C (Environmental temperature) Upper limit: +45 deg. C (Environmental temperature),Lower limit: -30 deg. C (Environmental temperature) Upper limit: +70 deg. C (Environmental temperature),ams OSRAM CMV12000,Global Shutter,"1.76""",5.5 (H) x 5.5 (V) µm,72 (W) x 72 (H) x 90 (D) mm,Approximately 445 g,M42 Mount,No optical filter,SFP+ Optical connector (Avago ) x 2,HR10A-7R-6PB (Hirose) or equivalent x 1,Full scanning / ROI,Edge preset trigger (V reset) / Pulse width trigger (V reset) / Free-run,BayerGR8,32 µseconds to 16.777 seconds,,x1 to x5,1.0,,,Vertical flip / Horizontal flip / Vertical and horizontal flip / Off,Up to 600 pixels,Support (One setting),Manual white balance,,,,,,
Sentech,stc-cmb120aopt-f,Opt-C:Link Cameras,STC-CMB120AOPT-F,Area Camera,12MP,Monochrome,"4,096 (H) x 3,072 (V)",93.4 fps,Opt-C:Link,Opt-C:Link,External power (+12 Vdc),Less than 8.5 W,Lower limit: 0 deg. C (Environmental temperature) Upper limit: +45 deg. C (Environmental temperature),Lower limit: -30 deg. C (Environmental temperature) Upper limit: +70 deg. C (Environmental temperature),ams OSRAM CMV12000,Global Shutter,"1.76""",5.5 (H) x 5.5 (V) µm,72 (W) x 72 (H) x 126.5 (D) mm,Approximately 520 g,F Mount,No optical filter,SFP+ Optical connector (Avago ) x 2,HR10A-7R-6PB (Hirose) or equivalent x 1,Full scanning / ROI,Edge preset trigger (V reset) / Pulse width trigger (V reset) / Free-run,Mono8,32 µseconds to 16.777 seconds,,x1 to x5,1.0,,,Vertical flip / Horizontal flip / Vertical and horizontal flip / Off,Up to 600 pixels,Support (One setting),,,,,,,
Sentech,stc-cmc120aopt-f,Opt-C:Link Cameras,STC-CMC120AOPT-F,Area Camera,12MP,Color,"4,096 (H) x 3,072 (V)",93.4 fps,Opt-C:Link,Opt-C:Link,External power (+12 Vdc),Less than 8.5 W,Lower limit: 0 deg. C (Environmental temperature) Upper limit: +45 deg. C (Environmental temperature),Lower limit: -30 deg. C (Environmental temperature) Upper limit: +70 deg. C (Environmental temperature),ams OSRAM CMV12000,Global Shutter,"1.76""",5.5 (H) x 5.5 (V) µm,72 (W) x 72 (H) x 126.5 (D) mm,Approximately 520 g,F Mount,No optical filter,SFP+ Optical connector (Avago ) x 2,HR10A-7R-6PB (Hirose) or equivalent x 1,Full scanning / ROI,Edge preset trigger (V reset) / Pulse width trigger (V reset) / Free-run,BayerGR8,32 µseconds to 16.777 seconds,,x1 to x5,1.0,,,Vertical flip / Horizontal flip / Vertical and horizontal flip / Off,Up to 600 pixel,Support (One setting),Manual white balance,,,,,,
Sentech,stc-spb43pcl,Camera Link Area Cameras,STC-SPB43PCL,Area Camera,0.4MP,Monochrome,720 (H) x 540 (V),523.5 fps,Camera Link Base,Camera Link 2.1,PoCL External power (+12 Vdc),Less than 1.7 W,Lower limit: 0 deg. C (Environmental temperature) Upper limit: +45 deg. C (Environmental temperature),Lower limit: -20 deg. C (Environmental temperature) Upper limit: +65 deg. C (Environmental temperature),SONY IMX287,Global Shutter,"1/2.9""",6.90 (H) x 6.90 (V) µm,28 (W) x 28 (H) x 40 (D) mm,Approximately 40 g,C Mount,No optical filter,SDR x 1,HR10A-7R-6PB (Hirose) or equivalent x 1,Full scanning / ROI,Edge preset trigger / Pulse width trigger / Free-run,Mono8 / Mono10 / Mono12,1 µs to 16.777 seconds,0 to 18 dB,x1 to x16,Programmable (32 points table) / Off (1.0),,,Vertical flip / Horizontal flip / Vertical and horizontal flip / Off,Up to 200 pixels,Support,,,,,,,
Sentech,stc-spc43pcl,Camera Link Area Cameras,STC-SPC43PCL,Area Camera,0.4MP,Color,720 (H) x 540 (V),523.5 fps,Camera Link Base,Camera Link 2.1,PoCL External power (+12 Vdc),Less than 1.7 W,Lower limit: 0 deg. C (Environmental temperature) Upper limit: +45 deg. C (Environmental temperature),Lower limit: -20 deg. C (Environmental temperature) Upper limit: +65 deg. C (Environmental temperature),SONY IMX287,Global Shutter,"1/2.9""",6.90 (H) x 6.90 (V) µm,28 (W) x 28 (H) x 40 (D) mm,Approximately 40 g,C Mount,No optical filter,SDR x 1,HR10A-7R-6PB (Hirose) or equivalent x 1,Full scanning / ROI,Edge preset trigger / Pulse width trigger / Free-run,BayerRG8 / BayerRG10 / BayerRG12,1 µs to 16.777 seconds,0 to 18 dB,x1 to x16,Programmable (32 points table) / Off (1.0),,,Vertical flip / Horizontal flip / Vertical and horizontal flip / Off,Up to 200 pixels,Support,Manual white balance,,,,,,
Sentech,stc-spb52pcl,Camera Link Area Cameras,STC-SPB52PCL,Area Camera,0.5MP,Monochrome,812 (H) x 620 (V),166.5 fps,Camera Link Base,Camera Link 2.1,PoCL External power (+12 Vdc),Less than 2.4 W,Lower limit: 0 deg. C (Environmental temperature) Upper limit: +41 deg. C (Environmental temperature),Lower limit: -20 deg. C (Environmental temperature) Upper limit: +65 deg. C (Environmental temperature),SONY IMX433,Global Shutter,"1/1.7""",9.0 (H) x 9.0 (V) µm,28 (W) x 28 (H) x 40 (D) mm,Approximately 40 g,C Mount,No optical filter,SDR x 1,HR10A-7R-6PB (Hirose) or equivalent x 1,Full scanning / ROI,Edge preset trigger / Pulse width trigger / Free-run,Mono8 / Mono10 / Mono12,1 µsecond to 16.777 seconds,0 to 42 dB,x1 to x16,Programmable (32 points table) / Off (1.0),,,Vertical flip / Horizontal flip / Vertical and horizontal flip / Off,Up to 256 pixels,Support,,,,,,,
Sentech,stc-spc52pcl,Camera Link Area Cameras,STC-SPC52PCL,Area Camera,0.5MP,Color,812 (H) x 620 (V),166.5 fps,Camera Link Base,Camera Link 2.1,PoCL External power (+12 Vdc),Less than 2.4 W,Lower limit: 0 deg. C (Environmental temperature) Upper limit: +41 deg. C (Environmental temperature),Lower limit: -20 deg. C (Environmental temperature) Upper limit: +65 deg. C (Environmental temperature),SONY IMX433,Global Shutter,"1/1.7""",9.0 (H) x 9.0 (V) µm,28 (W) x 28 (H) x 40 (D) mm,Approximately 40 g,C Mount,No optical filter,SDR x 1,HR10A-7R-6PB (Hirose) or equivalent x 1,Full scanning / ROI,Edge preset trigger / Pulse width trigger / Free-run,BayerRG8 / BayerRG10 / BayerRG12,1 µsecond to 16.777 seconds,0 to 42 dB,x1 to x16,Programmable (32 points table) / Off (1.0),,,Vertical flip / Horizontal flip / Vertical and horizontal flip / Off,Up to 256 pixels,Support,Manual white balance,,,,,,
Sentech,stc-spb163pcl,Camera Link Area Cameras,STC-SPB163PCL,Area Camera,1.6MP,Monochrome,"1,440 (H) x 1,080 (V)",154.6 fps,Camera Link Base,Camera Link 2.1,PoCL External power (+12 Vdc),Less than 1.7 W,Lower limit: 0 deg. C (Environmental temperature) Upper limit: +45 deg. C (Environmental temperature),Lower limit: -20 deg. C (Environmental temperature) Upper limit: +65 deg. C (Environmental temperature),SONY IMX273,Global Shutter,"1/2.9""",3.45 (H) x 3.45 (V) µm,28 (W) x 28 (H) x 40 (D) mm,Approximately 40 g,C Mount,No optical filter,SDR x 1,HR10A-7R-6PB (Hirose) or equivalent x 1,Full scanning / ROI,Edge preset trigger / Pulse width trigger / Free-run,Mono8 / Mono10 / Mono12,1 µsecond to 16.777 seconds,0 to 18 dB,x1 to x16,Programmable (32 points table) / Off (1.0),x2 horizontal and vertical simultaneously / Off,x2 horizontal and vertical simultaneously / Off,Vertical flip / Horizontal flip / Vertical and horizontal flip / Off,Up to 200 pixels,Support,,,,,,,
Sentech,stc-spc163pcl,Camera Link Area Cameras,STC-SPC163PCL,Area Camera,1.6MP,Color,"1,440 (H) x 1,080 (V)",154.6 fps,Camera Link Base,Camera Link 2.1,PoCL External power (+12 Vdc),Less than 1.7 W,Lower limit: 0 deg. C (Environmental temperature) Upper limit: +45 deg. C (Environmental temperature),Lower limit: -20 deg. C (Environmental temperature) Upper limit: +65 deg. C (Environmental temperature),SONY IMX273,Global Shutter,"1/2.9""",3.45 (H) x 3.45 (V) µm,28 (W) x 28 (H) x 40 (D) mm,Approximately 40 g,C Mount,No optical filter,SDR x 1,HR10A-7R-6PB (Hirose) or equivalent x 1,Full scanning / ROI,Edge preset trigger / Pulse width trigger / Free-run,BayerRG8 / BayerRG10 / BayerRG12,1 µsecond to 16.777 seconds,0 to 18 dB,x1 to x16,Programmable (32 points table) / Off (1.0),,x2 horizontal and vertical simultaneously / Off,Vertical flip / Horizontal flip / Vertical and horizontal flip / Off,Up to 200 pixels,Support,Manual white balance,,,,,,
Sentech,stc-spb202pcl,Camera Link Area Cameras,STC-SPB202PCL,Area Camera,2MP,Monochrome,"1,624 (H) x 1,240 (V)",89.1 fps,Camera Link Base,Camera Link 2.1,PoCL External power (+12 Vdc),Less than 2.4 W,Lower limit: 0 deg. C (Environmental temperature) Upper limit: +41 deg. C (Environmental temperature),Lower limit: -20 deg. C (Environmental temperature) Upper limit: +65 deg. C (Environmental temperature),SONY IMX430,Global Shutter,"1/1.7""",4.5 (H) x 4.5 (V) µm,28 (W) x 28 (H) x 40 (D) mm,Approximately 40 g,C Mount,No optical filter,SDR x 1,HR10A-7R-6PB (Hirose) or equivalent x 1,Full scanning / ROI,Edge preset trigger / Pulse width trigger / Free-run,Mono8 / Mono10 / Mono12,1 µsecond to 16.777 seconds,0 to 42 dB,x1 to x16,Programmable (32 points table) / Off (1.0),x2 horizontal and vertical simultaneously / Off,x2 horizontal and vertical simultaneously / Off,Vertical flip / Horizontal flip / Vertical and horizontal flip / Off,Up to 256 pixels,Support,,,,,,,
Sentech,stc-spc202pcl,Camera Link Area Cameras,STC-SPC202PCL,Area Camera,2MP,Color,"1,624 (H) x 1,240 (V)",89.1 fps,Camera Link Base,Camera Link 2.1,PoCL External power (+12 Vdc),Less than 2.4 W,Lower limit: 0 deg. C (Environmental temperature) Upper limit: +41 deg. C (Environmental temperature),Lower limit: -20 deg. C (Environmental temperature) Upper limit: +65 deg. C (Environmental temperature),SONY IMX430,Global Shutter,"1/1.7""",4.5 (H) x 4.5 (V) µm,28 (W) x 28 (H) x 40 (D) mm,Approximately 40 g,C Mount,No optical filter,SDR x 1,HR10A-7R-6PB (Hirose) or equivalent x 1,Full scanning / ROI,Edge preset trigger / Pulse width trigger / Free-run,BayerRG8 / BayerRG10 / BayerRG12,1 µsecond to 16.777 seconds,0 to 42 dB,x1 to x16,Programmable (32 points table) / Off (1.0),,x2 horizontal and vertical simultaneously / Off,Vertical flip / Horizontal flip / Vertical and horizontal flip / Off,Up to 256 pixels,Support,Manual white balance,,,,,,
Sentech,stc-cmb200pcl,Camera Link Area Cameras,STC-CMB200PCL,Area Camera,2MP,Monochrome,"2,048 (H) x 1,088 (V)",333.3 fps,Camera Link 80bit / Full / Medium / Base,Camera Link 2.1,PoCL External power (+12 Vdc),Less than 3.0 W,Lower limit: -5 deg. C (Environmental temperature) Upper limit: +40 deg. C (Environmental temperature),Lower limit: -30 deg. C (Environmental temperature) Upper limit: +65 deg. C (Environmental temperature),ams OSRAM CMV2000,Global Shutter,"2/3""",5.5 (H) x 5.5 (V) µm,40 (W) x 40 (H) x 40.5 (D) mm,Approximately 90 g,C Mount,No optical filter,SDR x 2,HR10A-7R-6PB (Hirose) or equivalent x 1,Full scanning / ROI,Edge preset trigger / Pulse width trigger / Free-run,Mono8 / Mono10,21 µseconds to 45 seconds,,x1 to x5,1.0,x2 vertical only / Off,x2 horizontal and vertical simultaneously / Off,Vertical flip / Horizontal flip / Vertical and horizontal flip / Off,Up to 64 pixels,Support,,,,,,,
Sentech,stc-cmc200pcl,Camera Link Area Cameras,STC-CMC200PCL,Area Camera,2MP,Color,"2,048 (H) x 1,088 (V)",333.3 fps,Camera Link 80bit / Full / Medium / Base,Camera Link 2.1,PoCL External power (+12 Vdc),Less than 3.0 W,Lower limit: -5 deg. C (Environmental temperature) Upper limit: +40 deg. C (Environmental temperature),Lower limit: -30 deg. C (Environmental temperature) Upper limit: +65 deg. C (Environmental temperature),ams OSRAM CMV2000,Global Shutter,"2/3""",5.5 (H) x 5.5 (V) µm,40 (W) x 40 (H) x 40.5 (D) mm,Approximately 90 g,C Mount,No optical filter,SDR x 2,HR10A-7R-6PB (Hirose) or equivalent x 1,Full scanning / ROI,Edge preset trigger / Pulse width trigger / Free-run,BayerRG8 / BayerRG10,21 µseconds to 45 seconds,,x1 to x5,1.0,,,Vertical flip / Horizontal flip / Vertical and horizontal flip / Off,Up to 64 pixels,Support,Manual white balance,,,,,,
Sentech,stc-cmb200pcl-nir,Camera Link Area Cameras,STC-CMB200PCL-NIR,Area Camera,2MP,Monochrome NIR,"2,048 (H) x 1,088 (V)",333.3 fps,Camera Link 80bit / Full / Medium / Base,Camera Link 2.1,PoCL External power (+12 Vdc),Less than 3.0 W,Lower limit: -5 deg. C (Environmental temperature) Upper limit: +40 deg. C (Environmental temperature),Lower limit: -30 deg. C (Environmental temperature) Upper limit: +65 deg. C (Environmental temperature),ams OSRAM CMV2000,Global Shutter,"2/3""",5.5 (H) x 5.5 (V) µm,40 (W) x 40 (H) x 40.5 (D) mm,Approximately 90 g,C Mount,No optical filter,SDR x 2,HR10A-7R-6PB (Hirose) or equivalent x 1,Full scanning / ROI,Edge preset trigger / Pulse width trigger / Free-run,Mono8 / Mono10,21 µseconds to 45 seconds,,x1 to x5,1.0,x2 vertical only / Off,x2 horizontal and vertical simultaneously / Off,Vertical flip / Horizontal flip / Vertical and horizontal flip / Off,Up to 64 pixels,Support,,,,,,,
Sentech,stc-spb312pcl,Camera Link Area Cameras,STC-SPB312PCL,Area Camera,3.2MP,Monochrome,"2,048 (H) x 1,535 (V)",55.5 fps,Camera Link Base,Camera Link 2.1,PoCL External power (+12 Vdc),Less than 2.5 W,Lower limit: 0 deg. C (Environmental temperature) Upper limit: +45 deg. C (Environmental temperature),Lower limit: -20 deg. C (Environmental temperature) Upper limit: +75 deg. C (Environmental temperature),SONY IMX265,Global Shutter,"1/1.8""",3.45 (H) x 3.45 (V) µm,35 (W) x 35 (H) x 40.7 (D) mm,Approximately 69 g,C Mount,No optical filter,SDR x 1,HR10A-7R-6PB (Hirose) or equivalent x 1,Full scanning / ROI,Edge preset trigger / Pulse width trigger / Free-run,Mono8 / Mono10 / Mono12,1 µsecond to 16.777 seconds,0 to 18 dB,x1 to x11.59,Programmable (32 points table) / Off (1.0),x2 vertical only / Off,x2 horizontal and vertical simultaneously / Off,Vertical flip / Horizontal flip / Vertical and horizontal flip / Off,Up to 256 pixels,Support,,,,,,,
Sentech,stc-spc312pcl,Camera Link Area Cameras,STC-SPC312PCL,Area Camera,3.2MP,Color,"2,048 (H) x 1,535 (V)",55.5 fps,Camera Link Base,Camera Link 2.1,PoCL External power (+12 Vdc),Less than 2.5 W,Lower limit: 0 deg. C (Environmental temperature) Upper limit: +45 deg. C (Environmental temperature),Lower limit: -20 deg. C (Environmental temperature) Upper limit: +75 deg. C (Environmental temperature),SONY IMX265,Global Shutter,"1/1.8""",3.45 (H) x 3.45 (V) µm,35 (W) x 35 (H) x 40.7 (D) mm,Approximately 69 g,C Mount,No optical filter,SDR x 1,HR10A-7R-6PB (Hirose) or equivalent x 1,Full scanning / ROI,Edge preset trigger / Pulse width trigger / Free-run,BayerRG8 / BayerRG10 / BayerRG12,1 µsecond to 16.777 seconds,0 to 18 dB,x1 to x11.59,Programmable (32 points table) / Off (1.0),,x2 horizontal and vertical simultaneously / Off,Vertical flip / Horizontal flip / Vertical and horizontal flip / Off,Up to 256 pixels,Support,Manual white balance,,,,,,
Sentech,stc-spb322pcl,Camera Link Area Cameras,STC-SPB322PCL,Area Camera,3.2MP,Monochrome,"2,048 (H) x 1,535 (V)",216.3 fps,Camera Link 80bit / Full / Medium / Base,Camera Link 2.1,PoCL External power (+12 Vdc),3.2 W or less,Lower limit: 0 deg. C (Environmental temperature) Upper limit: +45 deg. C (Environmental temperature),Lower limit: -20 deg. C (Environmental temperature) Upper limit: +75 deg. C (Environmental temperature),SONY IMX252,Global Shutter,"1/1.8""",3.45 (H) x 3.45 (V) µm,35 (W) x 35 (H) x 40.7 (D) mm,Approximately 71 g,C Mount,No optical filter,SDR x 2,HR10A-7R-6PB (Hirose) or equivalent x 1,Full scanning / ROI,Edge preset trigger / Pulse width trigger / Free-run,Mono8 / Mono10 / Mono12,1 µsecond to 16.777 seconds,0 to 18 dB,x1 to x11.59,Programmable (32 points table) / Off (1.0),x2 vertical only / Off,x2 horizontal and vertical simultaneously / Off,Vertical flip / Horizontal flip / Vertical and horizontal flip / Off,Up to 256 pixels,Support,,,,,,,
Sentech,stc-spc322pcl,Camera Link Area Cameras,STC-SPC322PCL,Area Camera,3.2MP,Color,"2,048 (H) x 1,535 (V)",216.3 fps,Camera Link 80bit / Full / Medium / Base,Camera Link 2.1,PoCL External power (+12 Vdc),3.2 W or less,Lower limit: 0 deg. C (Environmental temperature) Upper limit: +45 deg. C (Environmental temperature),Lower limit: -20 deg. C (Environmental temperature) Upper limit: +75 deg. C (Environmental temperature),SONY IMX252,Global Shutter,"1/1.8""",3.45 (H) x 3.45 (V) µm,35 (W) x 35 (H) x 40.7 (D) mm,Approximately 71 g,C Mount,No optical filter,SDR x 2,HR10A-7R-6PB (Hirose) or equivalent x 1,Full scanning / ROI,Edge preset trigger / Pulse width trigger / Free-run,BayerRG8 / BayerRG10 / BayerRG12,1 µsecond to 16.777 seconds,0 to 18 dB,x1 to x11.59,Programmable (32 points table) / Off (1.0),,x2 horizontal and vertical simultaneously / Off,Vertical flip / Horizontal flip / Vertical and horizontal flip / Off,Up to 256 pixels,Support,Manual white balance,,,,,,
Sentech,stc-cmb401pcl,Camera Link Area Cameras,STC-CMB401PCL,Area Camera,4MP,Monochrome,"2,048 (H) x 2,048 (V)",179.2 fps,Camera Link 80bit / Full / Medium / Base,Camera Link 2.1,PoCL External power (+12 Vdc),Less than 3.0 W,Lower limit: -5 deg. C (Environmental temperature) Upper limit: +40 deg. C (Environmental temperature),Lower limit: -30 deg. C (Environmental temperature) Upper limit: +65 deg. C (Environmental temperature),ams OSRAM CMV4000,Global Shutter,"1""",5.5 (H) x 5.5 (V) µm,40 (W) x 40 (H) x 40.5 (D) mm,Approximately 90 g,C Mount,No optical filter,SDR x 2,HR10A-7R-6PB (Hirose) or equivalent x 1,Full scanning / ROI,Edge preset trigger / Pulse width trigger / Free-run,Mono8 / Mono10,21 µseconds to 45 seconds,,x1 to x5,1.0,x2 vertical only / Off,x2 horizontal and vertical simultaneously / Off,Vertical flip / Horizontal flip / Vertical and horizontal flip / Off,Up to 64 pixels,Support,,,,,,,
Sentech,stc-cmc401pcl,Camera Link Area Cameras,STC-CMC401PCL,Area Camera,4MP,Color,"2,048 (H) x 2,048 (V)",179.2 fps,Camera Link 80bit / Full / Medium / Base,Camera Link 2.1,PoCL External power (+12 Vdc),Less than 3.0 W,Lower limit: -5 deg. C (Environmental temperature) Upper limit: +40 deg. C (Environmental temperature),Lower limit: -30 deg. C (Environmental temperature) Upper limit: +65 deg. C (Environmental temperature),ams OSRAM CMV4000,Global Shutter,"1""",5.5 (H) x 5.5 (V) µm,40 (W) x 40 (H) x 40.5 (D) mm,Approximately 90 g,C Mount,No optical filter,SDR x 2,HR10A-7R-6PB (Hirose) or equivalent x 1,Full scanning / ROI,Edge preset trigger / Pulse width trigger / Free-run,BayerRG8 / BayerRG10,21 µseconds to 45 seconds,,x1 to x5,1.0,,,Vertical flip / Horizontal flip / Vertical and horizontal flip / Off,Up to 64 pixels,Support,Manual white balance,,,,,,
Sentech,stc-cmb401pcl-nir,Camera Link Area Cameras,STC-CMB401PCL-NIR,Area Camera,4MP,Monochrome NIR,"2,048 (H) x 2,048 (V)",179.2 fps,Camera Link 80bit / Full / Medium / Base,Camera Link 2.1,PoCL External power (+12 Vdc),Less than 3.0 W,Lower limit: -5 deg. C (Environmental temperature) Upper limit: +40 deg. C (Environmental temperature),Lower limit: -30 deg. C (Environmental temperature) Upper limit: +65 deg. C (Environmental temperature),ams OSRAM CMV4000,Global Shutter,"1""",5.5 (H) x 5.5 (V) µm,40 (W) x 40 (H) x 40.5 (D) mm,Approximately 90 g,C Mount,No optical filter,SDR x 2,HR10A-7R-6PB (Hirose) or equivalent x 1,Full scanning / ROI,Edge preset trigger / Pulse width trigger / Free-run,Mono8 / Mono10,21 µseconds to 45 seconds,,x1 to x5,1.0,x2 vertical only / Off,x2 horizontal and vertical simultaneously / Off,Vertical flip / Horizontal flip / Vertical and horizontal flip / Off,Up to 64 pixels,Support,,,,,,,
Sentech,stc-spb500pcl,Camera Link Area Cameras,STC-SPB500PCL,Area Camera,5MP,Monochrome,"2,448 (H) x 2,048 (V)",35.6 fps,Camera Link Base,Camera Link 2.1,PoCL External power (+12 Vdc),Less than 2.6 W,Lower limit: 0 deg. C (Environmental temperature) Upper limit: +45 deg. C (Environmental temperature),Lower limit: -20 deg. C (Environmental temperature) Upper limit: +75 deg. C (Environmental temperature),SONY IMX264,Global Shutter,"2/3""",3.45 (H) x 3.45 (V) µm,35 (W) x 35 (H) x 40.7 (D) mm,Approximately 69 g,C Mount,No optical filter,SDR x 1,HR10A-7R-6PB (Hirose) or equivalent x 1,Full scanning / ROI,Edge preset trigger / Pulse width trigger / Free-run,Mono8 / Mono10 / Mono12,1 µsecond to 16.777 seconds,0 to 18 dB,x1 to x11.59,Programmable (32 points table) / Off (1.0),x2 vertical only / Off,x2 horizontal and vertical simultaneously / Off,Vertical flip / Horizontal flip / Vertical and horizontal flip / Off,Up to 256 pixels,Support,,,,,,,
Sentech,stc-spc500pcl,Camera Link Area Cameras,STC-SPC500PCL,Area Camera,5MP,Color,"2,448 (H) x 2,048 (V)",35.6 fps,Camera Link Base,Camera Link 2.1,PoCL External power (+12 Vdc),Less than 2.6 W,Lower limit: 0 deg. C (Environmental temperature) Upper limit: +45 deg. C (Environmental temperature),Lower limit: -20 deg. C (Environmental temperature) Upper limit: +75 deg. C (Environmental temperature),SONY IMX264,Global Shutter,"2/3""",3.45 (H) x 3.45 (V) µm,35 (W) x 35 (H) x 40.7 (D) mm,Approximately 69 g,C Mount,No optical filter,SDR x 1,HR10A-7R-6PB (Hirose) or equivalent x 1,Full scanning / ROI,Edge preset trigger / Pulse width trigger / Free-run,BayerRG8 / BayerRG10 / BayerRG12,1 µsecond to 16.777 seconds,0 to 18 dB,x1 to x11.59,Programmable (32 points table) / Off (1.0),,x2 horizontal and vertical simultaneously / Off,Vertical flip / Horizontal flip / Vertical and horizontal flip / Off,Up to 256 pixels,Support,Manual white balance,,,,,,
Sentech,stc-spb510pcl,Camera Link Area Cameras,STC-SPB510PCL,Area Camera,5MP,Monochrome,"2,448 (H) x 2,048 (V)",161.9 fps,Camera Link 80bit / Full / Medium / Base,Camera Link 2.1,PoCL External power (+12 Vdc),Less than 3.3 W,Lower limit: 0 deg. C (Environmental temperature) Upper limit: +45 deg. C (Environmental temperature),Lower limit: -20 deg. C (Environmental temperature) Upper limit: +75 deg. C (Environmental temperature),SONY IMX250,Global Shutter,"2/3""",3.45 (H) x 3.45 (V) µm,35 (W) x 35 (H) x 40.7 (D) mm,Approximately 71 g,C Mount,No optical filter,SDR x 2,HR10A-7R-6PB (Hirose) or equivalent x 1,Full scanning / ROI,Edge preset trigger / Pulse width trigger / Free-run,Mono8 / Mono10 / Mono12,1 µsecond to 16.777 seconds,0 to 18 dB,x1 to x11.59,Programmable (32 points table) / Off (1.0),x2 vertical only / Off,x2 horizontal and vertical simultaneously / Off,Vertical flip / Horizontal flip / Vertical and horizontal flip / Off,Up to 256 pixels,Support,,,,,,,
Sentech,stc-spc510pcl,Camera Link Area Cameras,STC-SPC510PCL,Area Camera,5MP,Color,"2,448 (H) x 2,048 (V)",161.9 fps,Camera Link 80bit / Full / Medium / Base,Camera Link 2.1,PoCL External power (+12 Vdc),Less than 3.3 W,Lower limit: 0 deg. C (Environmental temperature) Upper limit: +45 deg. C (Environmental temperature),Lower limit: -20 deg. C (Environmental temperature) Upper limit: +75 deg. C (Environmental temperature),SONY IMX250,Global Shutter,"2/3""",3.45 (H) x 3.45 (V) µm,35 (W) x 35 (H) x 40.7 (D) mm,Approximately 71 g,C Mount,No optical filter,SDR x 2,HR10A-7R-6PB (Hirose) or equivalent x 1,Full scanning / ROI,Edge preset trigger / Pulse width trigger / Free-run,BayerRG8 / BayerRG10 / BayerRG12,1 µsecond to 16.777 seconds,0 to 18 dB,x1 to x11.59,Programmable (32 points table) / Off (1.0),,x2 horizontal and vertical simultaneously / Off,Vertical flip / Horizontal flip / Vertical and horizontal flip / Off,Up to 256 pixels,Support,Manual white balance,,,,,,
Sentech,stc-spb881pcl,Camera Link Area Cameras,STC-SPB881PCL,Area Camera,8.9MP,Monochrome,"4,096 (H) x 2,160 (V)",20.6 fps,Camera Link Base,Camera Link 2.1,PoCL External power (+12 Vdc),Less than 2.8 W,Lower limit: 0 deg. C (Environmental temperature) Upper limit: +45 deg. C (Environmental temperature),Lower limit: -20 deg. C (Environmental temperature) Upper limit: +75 deg. C (Environmental temperature),SONY IMX267,Global Shutter,"1""",3.45 (H) x 3.45 (V) µm,35 (W) x 35 (H) x 40.7 (D) mm,Approximately 69 g,C Mount,No optical filter,SDR x 1,HR10A-7R-6PB (Hirose) or equivalent x 1,Full scanning / ROI,Edge preset trigger / Pulse width trigger / Free-run,Mono8 / Mono10 / Mono12,1 µsecond to 16.777 seconds,0 to 18 dB,x1 to x11.59,Programmable (32 points table) / Off (1.0),x2 vertical only / Off,x2 horizontal and vertical simultaneously / Off,Vertical flip / Horizontal flip / Vertical and horizontal flip / Off,Up to 256 pixels,Support,,,,,,,
Sentech,stc-spc881pcl,Camera Link Area Cameras,STC-SPC881PCL,Area Camera,8.9MP,Color,"4,096 (H) x 2,160 (V)",20.6 fps,Camera Link Base,Camera Link 2.1,PoCL External power (+12 Vdc),Less than 2.8 W,Lower limit: 0 deg. C (Environmental temperature) Upper limit: +45 deg. C (Environmental temperature),Lower limit: -20 deg. C (Environmental temperature) Upper limit: +75 deg. C (Environmental temperature),SONY IMX267,Global Shutter,"1""",3.45 (H) x 3.45 (V) µm,35 (W) x 35 (H) x 40.7 (D) mm,Approximately 69 g,C Mount,No optical filter,SDR x 1,HR10A-7R-6PB (Hirose) or equivalent x 1,Full scanning / ROI,Edge preset trigger / Pulse width trigger / Free-run,BayerRG8 / BayerRG10 / BayerRG12,1 µsecond to 16.777 seconds,0 to 18 dB,x1 to x11.59,Programmable (32 points table) / Off (1.0),,x2 horizontal and vertical simultaneously / Off,Vertical flip / Horizontal flip / Vertical and horizontal flip / Off,Up to 256 pixels,Support,Manual white balance,,,,,,
Sentech,stc-spb891pcl,Camera Link Area Cameras,STC-SPB891PCL,Area Camera,8.9MP,Monochrome,"4,096 (H) x 2,160 (V)",91.5 fps,Camera Link 80bit / Full / Medium / Base,Camera Link 2.1,PoCL External power (+12 Vdc),Less than 3.5 W,Lower limit: 0 deg. C (Environmental temperature) Upper limit: +45 deg. C (Environmental temperature),Lower limit: -20 deg. C (Environmental temperature) Upper limit: +75 deg. C (Environmental temperature),SONY IMX255,Global Shutter,"1""",3.45 (H) x 3.45 (V) µm,35 (W) x 35 (H) x 40.7 (D) mm,Approximately 71 g,C Mount,No optical filter,SDR x 2,HR10A-7R-6PB (Hirose) or equivalent x 1,Full scanning / ROI,Edge preset trigger / Pulse width trigger / Free-run,Mono8 / Mono10 / Mono12,1 µsecond to 16.777 seconds,0 to 18 dB,x1 to x11.59,Programmable (32 points table) / Off (1.0),x2 vertical only / Off,x2 horizontal and vertical simultaneously / Off,Vertical flip / Horizontal flip / Vertical and horizontal flip / Off,Up to 256 pixels,Support,,,,,,,
Sentech,stc-spc891pcl,Camera Link Area Cameras,STC-SPC891PCL,Area Camera,8.9MP,Color,"4,096 (H) x 2,160 (V)",91.5 fps,Camera Link 80bit / Full / Medium / Base,Camera Link 2.1,PoCL External power (+12 Vdc),Less than 3.5 W,Lower limit: 0 deg. C (Environmental temperature) Upper limit: +45 deg. C (Environmental temperature),Lower limit: -20 deg. C (Environmental temperature) Upper limit: +75 deg. C (Environmental temperature),SONY IMX255,Global Shutter,"1""",3.45 (H) x 3.45 (V) µm,35 (W) x 35 (H) x 40.7 (D) mm,Approximately 71 g,C Mount,No optical filter,SDR x 2,HR10A-7R-6PB (Hirose) or equivalent x 1,Full scanning / ROI,Edge preset trigger / Pulse width trigger / Free-run,BayerRG8 / BayerRG10 / BayerRG12,1 µsecond to 16.777 seconds,0 to 18 dB,x1 to x11.59,Programmable (32 points table) / Off (1.0),,x2 horizontal and vertical simultaneously / Off,Vertical flip / Horizontal flip / Vertical and horizontal flip / Off,Up to 256 pixels,Support,Manual white balance,,,,,,
Sentech,stc-spb122bpcl,Camera Link Area Cameras,STC-SPB122BPCL,Area Camera,12MP,Monochrome,"4,096 (H) x 3,000 (V)",15.0 fps,Camera Link Base,Camera Link 2.1,PoCL External power (+12 Vdc),Less than 2.8 W,Lower limit: 0 deg. C (Environmental temperature) Upper limit: +45 deg. C (Environmental temperature),Lower limit: -20 deg. C (Environmental temperature) Upper limit: +75 deg. C (Environmental temperature),SONY IMX304,Global Shutter,"1.1""",3.45 (H) x 3.45 (V) µm,35 (W) x 35 (H) x 40.7 (D) mm,Approximately 69 g,C Mount,No optical filter,SDR x 1,HR10A-7R-6PB (Hirose) or equivalent x 1,Full scanning / ROI,Edge preset trigger / Pulse width trigger / Free-run,Mono8 / Mono10 / Mono12,1 µsecond to 16.777 seconds,0 to 18 dB,x1 to x11.59,Programmable (32 points table) / Off (1.0),x2 vertical only / Off,x2 horizontal and vertical simultaneously / Off,Vertical flip / Horizontal flip / Vertical and horizontal flip / Off,Up to 256 pixels,Support,,,,,,,
Sentech,stc-spc122bpcl,Camera Link Area Cameras,STC-SPC122BPCL,Area Camera,12MP,Color,"4,096 (H) x 3,000 (V)",15.0 fps,Camera Link Base,Camera Link 2.1,PoCL External power (+12 Vdc),Less than 2.8 W,Lower limit: 0 deg. C (Environmental temperature) Upper limit: +45 deg. C (Environmental temperature),Lower limit: -20 deg. C (Environmental temperature) Upper limit: +75 deg. C (Environmental temperature),SONY IMX304,Global Shutter,"1.1""",3.45 (H) x 3.45 (V) µm,35 (W) x 35 (H) x 40.7 (D) mm,Approximately 69 g,C Mount,No optical filter,SDR x 1,HR10A-7R-6PB (Hirose) or equivalent x 1,Full scanning / ROI,Edge preset trigger / Pulse width trigger / Free-run,BayerRG8 / BayerRG10 / BayerRG12,1 µsecond to 16.777 seconds,0 to 18 dB,x1 to x11.59,Programmable (32 points table) / Off (1.0),,x2 horizontal and vertical simultaneously / Off,Vertical flip / Horizontal flip / Vertical and horizontal flip / Off,Up to 256 pixels,Support,Manual white balance,,,,,,
Sentech,stc-spb123bpcl,Camera Link Area Cameras,STC-SPB123BPCL,Area Camera,12MP,Monochrome,"4,096 (H) x 3,000 (V)",66.6 fps,Camera Link 80bit / Full / Medium / Base,Camera Link 2.1,PoCL External power (+12 Vdc),Less than 3.6 W,Lower limit: 0 deg. C (Environmental temperature) Upper limit: +45 deg. C (Environmental temperature),Lower limit: -20 deg. C (Environmental temperature) Upper limit: +75 deg. C (Environmental temperature),SONY IMX253,Global Shutter,"1.1""",3.45 (H) x 3.45 (V) µm,35 (W) x 35 (H) x 40.7 (D) mm,Approximately 71 g,C Mount,No optical filter,SDR x 1,HR10A-7R-6PB (Hirose) or equivalent x 1,Full scanning / ROI,Edge preset trigger / Pulse width trigger / Free-run,Mono8 / Mono10 / Mono12,1 µsecond to 16.777 seconds,0 to 18 dB,x1 to x11.59,Programmable (32 points table) / Off (1.0),x2 vertical only / Off,x2 horizontal and vertical simultaneously / Off,Vertical flip / Horizontal flip / Vertical and horizontal flip / Off,Up to 256 pixels,Support,,,,,,,
Sentech,stc-spc123bpcl,Camera Link Area Cameras,STC-SPC123BPCL,Area Camera,12MP,Color,"4,096 (H) x 3,000 (V)",66.6 fps,Camera Link 80bit / Full / Medium / Base,Camera Link 2.1,PoCL External power (+12 Vdc),Less than 3.6 W,Lower limit: 0 deg. C (Environmental temperature) Upper limit: +45 deg. C (Environmental temperature),Lower limit: -20 deg. C (Environmental temperature) Upper limit: +75 deg. C (Environmental temperature),SONY IMX253,Global Shutter,"1.1""",3.45 (H) x 3.45 (V) µm,35 (W) x 35 (H) x 40.7 (D) mm,Approximately 71 g,C Mount,No optical filter,SDR x 2,HR10A-7R-6PB (Hirose) or equivalent x 1,Full scanning / ROI,Edge preset trigger / Pulse width trigger / Free-run,BayerRG8 / BayerRG10 / BayerRG12,1 µsecond to 16.777 seconds,0 to 18 dB,x1 to x11.59,Programmable (32 points table) / Off (1.0),,x2 horizontal and vertical simultaneously / Off,Vertical flip / Horizontal flip / Vertical and horizontal flip / Off,Up to 256 pixels,Support,Manual white balance,,,,,,
Sentech,stc-spb161bpcl,Camera Link Area Cameras,STC-SPB161BPCL,Area Camera,16MP,Monochrome,"5,320 (H) x 3,032 (V)",33.0 fps,Camera Link 80bit / Full / Medium / Base,Camera Link 2.1,PoCL External power (+12 Vdc),Less than 4.0 W,Lower limit: 0 deg. C (Environmental temperature) Upper limit: +40 deg. C (Environmental temperature),Lower limit: -25 deg. C (Environmental temperature) Upper limit: +75 deg. C (Environmental temperature),SONY IMX542,Global Shutter,"1.1""",2.74 (H) x 2.74 (V) µm,35 (W) x 35 (H) x 40.7 (D) mm,Approximately 70 g,C Mount,No optical filter,SDR x 2,HR10A-7R-6PB (Hirose) or equivalent x 1,Full scanning / ROI,Edge preset trigger / Pulse width trigger / Free-run,Mono8 / Mono10 / Mono12,1 µsecond to 16.777 seconds,0 to 42 dB (Image sensor gain including digital),,0.4 to 1.0,x2 horizontal and vertical simultaneously / Off,x2 horizontal and vertical simultaneously / Off,Vertical flip / Horizontal flip / Vertical and horizontal flip / Off,"Up to 4,096 pixels",Support,,,,,,,
Sentech,stc-spc161bpcl,Camera Link Area Cameras,STC-SPC161BPCL,Area Camera,16MP,Color,"5,320 (H) x 3,032 (V)",33.0 fps,Camera Link 80bit / Full / Medium / Base,Camera Link 2.1,PoCL External power (+12 Vdc),Less than 4.0 W,Lower limit: 0 deg. C (Environmental temperature) Upper limit: +40 deg. C (Environmental temperature),Lower limit: -25 deg. C (Environmental temperature) Upper limit: +75 deg. C (Environmental temperature),SONY IMX542,Global Shutter,"1.1""",2.74 (H) x 2.74 (V) µm,35 (W) x 35 (H) x 40.7 (D) mm,Approximately 70 g,C Mount,No optical filter,SDR x 2,HR10A-7R-6PB (Hirose) or equivalent x 1,Full scanning / ROI,Edge preset trigger / Pulse width trigger / Free-run,BayerRG8 / BayerRG10 / BayerRG12,1 µsecond to 16.777 seconds,0 to 42 dB (Image sensor gain including digital),,0.4 to 1.0,,x2 horizontal and vertical simultaneously / Off,Vertical flip / Horizontal flip / Vertical and horizontal flip / Off,"Up to 4,096 pixels",Support,Manual white balance,,,,,,
Sentech,stc-spb203bpcl,Camera Link Area Cameras,STC-SPB203BPCL,Area Camera,20MP,Monochrome,"4,504 (H) x 4,504 (V)",26.0 fps,Camera Link 80bit / Full / Medium / Base,Camera Link 2.1,PoCL External power (+12 Vdc),Less than 4.0 W,Lower limit: 0 deg. C (Environmental temperature) Upper limit: +40 deg. C (Environmental temperature),Lower limit: -25 deg. C (Environmental temperature) Upper limit: +75 deg. C (Environmental temperature),SONY IMX541,Global Shutter,"1.1""",2.74 (H) x 2.74 (V) µm,35 (W) x 35 (H) x 40.7 (D) mm,Approximately 70 g,C Mount,No optical filter,SDR x 2,HR10A-7R-6PB (Hirose) or equivalent x 1,Full scanning / ROI,Edge preset trigger / Pulse width trigger / Free-run,Mono8 / Mono10 / Mono12,1 µsecond to 16.777 seconds,0 to 42 dB (Image sensor gain including digital),,0.4 to 1.0,x2 horizontal and vertical simultaneously / Off,x2 horizontal and vertical simultaneously / Off,Vertical flip / Horizontal flip / Vertical and horizontal flip / Off,"Up to 4,096 pixels",Support,,,,,,,
Sentech,stc-spc203bpcl,Camera Link Area Cameras,STC-SPC203BPCL,Area Camera,20MP,Color,"4,504 (H) x 4,504 (V)",26.0 fps,Camera Link 80bit / Full / Medium / Base,Camera Link 2.1,PoCL External power (+12 Vdc),Less than 4.0 W,Lower limit: 0 deg. C (Environmental temperature) Upper limit: +40 deg. C (Environmental temperature),Lower limit: -25 deg. C (Environmental temperature) Upper limit: +75 deg. C (Environmental temperature),SONY IMX541,Global Shutter,"1.1""",2.74 (H) x 2.74 (V) µm,35 (W) x 35 (H) x 40.7 (D) mm,Approximately 70 g,C Mount,No optical filter,SDR x 2,HR10A-7R-6PB (Hirose) or equivalent x 1,Full scanning / ROI,Edge preset trigger / Pulse width trigger / Free-run,BayerRG8 / BayerRG10 / BayerRG12,1 µsecond to 16.777 seconds,0 to 42 dB (Image sensor gain including digital),,0.4 to 1.0,,x2 horizontal and vertical simultaneously / Off,Vertical flip / Horizontal flip / Vertical and horizontal flip / Off,"Up to 4,096 pixels",Support,Manual white balance,,,,,,
Sentech,stc-spb245cpcl,Camera Link Area Cameras,STC-SPB245CPCL,Area Camera,24.5MP,Monochrome,"5,320 (H) x 4,600 (V)",22.0 fps,Camera Link 80bit / Full / Medium / Base,Camera Link 2.1,PoCL External power (+12 Vdc),Less than 4.0 W,Lower limit: 0 deg. C (Environmental temperature) Upper limit: +40 deg. C (Environmental temperature),Lower limit: -25 deg. C (Environmental temperature) Upper limit: +75 deg. C (Environmental temperature),SONY IMX540,Global Shutter,"1.2""",2.74 (H) x 2.74 (V) µm,35 (W) x 35 (H) x 40.7 (D) mm,Approximately 70 g,C Mount,No optical filter,SDR x 2,HR10A-7R-6PB (Hirose) or equivalent x 1,Full scanning / ROI,Edge preset trigger / Pulse width trigger / Free-run,Mono8 / Mono10 / Mono12,1 µsecond to 16.777 seconds,0 to 42 dB (Image sensor gain including digital),,0.4 to 1.0,x2 horizontal and vertical simultaneously / Off,x2 horizontal and vertical simultaneously / Off,Vertical flip / Horizontal flip / Vertical and horizontal flip / Off,"Up to 4,096 pixels",Support,,,,,,,
Sentech,stc-spc245cpcl,Camera Link Area Cameras,STC-SPC245CPCL,Area Camera,24.5MP,Color,"5,320 (H) x 4,600 (V)",22.0 fps,Camera Link 80bit / Full / Medium / Base,Camera Link 2.1,PoCL External power (+12 Vdc),Less than 4.0 W,Lower limit: 0 deg. C (Environmental temperature) Upper limit: +40 deg. C (Environmental temperature),Lower limit: -25 deg. C (Environmental temperature) Upper limit: +75 deg. C (Environmental temperature),SONY IMX540,Global Shutter,"1.2""",2.74 (H) x 2.74 (V) µm,35 (W) x 35 (H) x 40.7 (D) mm,Approximately 70 g,C Mount,No optical filter,SDR x 2,HR10A-7R-6PB (Hirose) or equivalent x 1,Full scanning / ROI,Edge preset trigger / Pulse width trigger / Free-run,BayerRG8 / BayerRG10 / BayerRG12,1 µsecond to 16.777 seconds,0 to 42 dB (Image sensor gain including digital),,0.4 to 1.0,,x2 horizontal and vertical simultaneously / Off,Vertical flip / Horizontal flip / Vertical and horizontal flip / Off,"Up to 4,096 pixels",Support,Manual white balance,,,,,,
Sentech,stc-gpb250bpcl,Camera Link Area Cameras,STC-GPB250BPCL,Area Camera,25MP,Monochrome,"5,120 (H) x 5,120 (V)",30.7 fps,Camera Link 80bit / Full / Medium / Base,Camera Link 2.1,PoCL External power (+12 Vdc),Less than 4.0 W,Lower limit: 0 deg. C (Environmental temperature) Upper limit: +42 deg. C (Environmental temperature),Lower limit: -25 deg. C (Environmental temperature) Upper limit: +75 deg. C (Environmental temperature),Gpixel GMAX0505,Global Shutter,"1.1""",2.5 (H) x 2.5 (V) µm,35 (W) x 35 (H) x 42.2 (D) mm,Approximately 77 g,C Mount,No optical filter,SDR x 2,HR10A-7R-6PB (Hirose) or equivalent x 1,Full scanning / ROI,Edge preset trigger / Pulse width trigger / Free-run,Mono8 / Mono10 / Mono12,14 µseconds to 16.777 seconds,,x1 to x5,,x2 horizontal and vertical simultaneously / x4 horizontal and vertical simultaneously / Off,x2 horizontal and vertical simultaneously / x4 horizontal and vertical simultaneously / Off,Vertical flip / Horizontal flip / Vertical and horizontal flip / Off,"Up to 2,046 pixels",Support,,,,,,,
Sentech,stc-gpc250bpcl,Camera Link Area Cameras,STC-GPC250BPCL,Area Camera,25MP,Color,"5,120 (H) x 5,120 (V)",30.7 fps,Camera Link 80bit / Full / Medium / Base,Camera Link 2.1,PoCL External power (+12 Vdc),Less than 4.0 W,Lower limit: 0 deg. C (Environmental temperature) Upper limit: +42 deg. C (Environmental temperature),Lower limit: -25 deg. C (Environmental temperature) Upper limit: +75 deg. C (Environmental temperature),Gpixel GMAX0505,Global Shutter,"1.1""",2.5 (H) x 2.5 (V) µm,35 (W) x 35 (H) x 42.2 (D) mm,Approximately 77 g,C Mount,No optical filter,SDR x 2,HR10A-7R-6PB (Hirose) or equivalent x 1,Full scanning / ROI,Edge preset trigger / Pulse width trigger / Free-run,BayerRG8 / BayerRG10 / BayerRG12,14 µseconds to 16.777 seconds,,x1 to x5,,,x2 horizontal and vertical simultaneously / x4 horizontal and vertical simultaneously / Off,Vertical flip / Horizontal flip / Vertical and horizontal flip / Off,"Up to 2,046 pixels",Support,Manual white balance,,,,,,
Sentech,stc-osb250cl,Camera Link Area Cameras,STC-OSB250CL,Area Camera,25MP,Monochrome,"5,120 (H) x 5,120 (V)",31.8 fps,Camera Link 80bit / Full / Base,Camera Link 2.1,External power (+12 to +24 Vdc),Less than 9.7 W,Lower limit: 0 deg. C (Environmental temperature) Upper limit: +50 deg. C (Environmental temperature),Lower limit: 0 deg. C (Environmental temperature) Upper limit: +80 deg. C (Environmental temperature),onsemi Python25k,Global Shutter,APS-H,4.5 (H) x 4.5 (V) µm,75 (W) x 75 (H) x 40 (D) mm,Approximately 400 g,M42 Mount,No optical filter,SDR x 2,HR10A-7R-6PB (Hirose) or equivalent x 1,Full scanning / ROI,Edge preset trigger / Pulse width trigger / Free-run,Mono8 / Mono10,21 µseconds to 16.777 seconds,x1,x1 to x5,,,,Vertical flip / Horizontal flip / Vertical and horizontal flip / Off,"Up to 1,024 pixels",Support,,,,,,,
Sentech,stc-osc250cl,Camera Link Area Cameras,STC-OSC250CL,Area Camera,25MP,Color,"5,120 (H) x 5,120 (V)",31.8 fps,Camera Link 80bit / Full / Base,Camera Link 2.1,External power (+12 to +24 Vdc),Less than 9.7 W,Lower limit: 0 deg. C (Environmental temperature) Upper limit: +50 deg. C (Environmental temperature),Lower limit: 0 deg. C (Environmental temperature) Upper limit: +80 deg. C (Environmental temperature),onsemi Python25k,Global Shutter,APS-H,4.5 (H) x 4.5 (V) µm,75 (W) x 75 (H) x 40 (D) mm,Approximately 400 g,M42 Mount,No optical filter,SDR x 2,HR10A-7R-6PB (Hirose) or equivalent x 1,Full scanning / ROI,Edge preset trigger / Pulse width trigger / Free-run,BayerRG8 / BayerRG10,21 µseconds to 16.777 seconds,x1,x1 to x5,,,,Vertical flip / Horizontal flip / Vertical and horizontal flip / Off,"Up to 1,024 pixels",Support,Manual white balance,,,,,,
Sentech,stc-osb250cl-f,Camera Link Area Cameras,STC-OSB250CL-F,Area Camera,25MP,Monochrome,"5,120 (H) x 5,120 (V)",31.8 fps,Camera Link 80bit / Full / Base,Camera Link 2.1,External power (+12 to +24 Vdc),Less than 9.7 W,Lower limit: 0 deg. C (Environmental temperature) Upper limit: +50 deg. C (Environmental temperature),Lower limit: 0 deg. C (Environmental temperature) Upper limit: +80 deg. C (Environmental temperature),onsemi Python25k,Global Shutter,APS-H,4.5 (H) x 4.5 (V) µm,75 (W) x 75 (H) x 76.5 (D) mm,Approximately 505 g,F Mount,No optical filter,SDR x 2,HR10A-7R-6PB (Hirose) or equivalent x 1,Full scanning / ROI,Edge preset trigger / Pulse width trigger / Free-run,Mono8 / Mono10,21 µseconds to 16.777 seconds,x1,x1 to x5,,,,Vertical flip / Horizontal flip / Vertical and horizontal flip / Off,"Up to 1,024 pixels",Support,,,,,,,
Sentech,stc-osc250cl-f,Camera Link Area Cameras,STC-OSC250CL-F,Area Camera,25MP,Color,"5,120 (H) x 5,120 (V)",31.8 fps,Camera Link 80bit / Full / Base,Camera Link 2.1,External power (+12 to +24 Vdc),Less than 9.7 W,Lower limit: 0 deg. C (Environmental temperature) Upper limit: +50 deg. C (Environmental temperature),Lower limit: 0 deg. C (Environmental temperature) Upper limit: +80 deg. C (Environmental temperature),onsemi Python25k,Global Shutter,APS-H,4.5 (H) x 4.5 (V) µm,75 (W) x 75 (H) x 76.5 (D) mm,Approximately 505 g,F Mount,No optical filter,SDR x 2,HR10A-7R-6PB (Hirose) or equivalent x 1,Full scanning / ROI,Edge preset trigger / Pulse width trigger / Free-run,BayerRG8 / BayerRG10,21 µseconds to 16.777 seconds,x1,x1 to x5,,,,Vertical flip / Horizontal flip / Vertical and horizontal flip / Off,"Up to 1,024 pixels",Support,Manual white balance,,,,,,
Sentech,stc-rbs43pcl-sm12,Camera Link Remote Head Area Cameras,STC-RBS43PCL-SM12,Area Camera,0.4MP,Monochrome,720 (H) x 540 (V),532.6 fps,Camera Link Base,Camera Link 2.1,PoCL External power (+12 Vdc),Less than 2.0 W,Lower limit: 0 deg. C (Environmental temperature) Upper limit: Camera Head: +44 deg. C (Environmental temperature) CCU: +59 deg. C (Environmental temperature),Lower limit: -25 deg. C (Environmental temperature) Upper limit: +70 deg. C (Environmental temperature),SONY IMX287,Global Shutter,"1/2.9""",6.9 (H) x 6.9 (V) µm,Camera Head: 18 (W) x 18 (H) x 23.42 (D) mm CCU: 80 (W) x 65 (H) x 16 (D) mm Cable: 2.5 m (Cable from Rear of Camera Head),Approximately 300 g,S Mount,No optical filter,SDR x 1,HR10A-7R-6PB (Hirose) or equivalent x 1,Full scanning / ROI,Edge preset trigger / Pulse width trigger / Free-run,Mono8 / Mono10 / Mono12,1 µsecond to 16.777 seconds,0 to 18 dB,x1 to x16,Programmable (32 points table) / Off (1.0),,,Vertical flip / Horizontal flip / Vertical and horizontal flip/ Off,Up to 200 pixels,Support,,,,,,,
Sentech,stc-rcs43pcl-sm12,Camera Link Remote Head Area Cameras,STC-RCS43PCL-SM12,Area Camera,0.4MP,Color,720 (H) x 540 (V),532.6 fps,Camera Link Base,Camera Link 2.1,PoCL External power (+12 Vdc),Less than 2.0 W,Lower limit: 0 deg. C (Environmental temperature) Upper limit: Camera Head: +44 deg. C (Environmental temperature) CCU: +59 deg. C (Environmental temperature),Lower limit: -25 deg. C (Environmental temperature) Upper limit: +70 deg. C (Environmental temperature),SONY IMX287,Global Shutter,"1/2.9""",6.9 (H) x 6.9 (V) µm,Camera Head: 18 (W) x 18 (H) x 23.42 (D) mm CCU: 80 (W) x 65 (H) x 16 (D) mm Cable: 2.5 m (Cable from Rear of Camera Head),Approximately 300 g,S Mount,No optical filter,SDR x 1,HR10A-7R-6PB (Hirose) or equivalent x 1,Full scanning / ROI,Edge preset trigger / Pulse width trigger / Free-run,BayerRG8 / BayerRG10 / BayerRG12,1 µsecond to 16.777 seconds,0 to 18 dB,x1 to x16,Programmable (32 points table) / Off (1.0),,,Vertical flip / Horizontal flip / Vertical and horizontal flip/ Off,Up to 200 pixels,Support,Manual white balance,,,,,,
Sentech,stc-rbs43pcl-um12,Camera Link Remote Head Area Cameras,STC-RBS43PCL-UM12,Area Camera,0.4MP,Monochrome,720 (H) x 540 (V),532.6 fps,Camera Link Base,Camera Link 2.1,PoCL External power (+12 Vdc),Less than 2.0 W,Lower limit: 0 deg. C (Environmental temperature) Upper limit: Camera Head: +44 deg. C (Environmental temperature) CCU: +59 deg. C (Environmental temperature),Lower limit: -25 deg. C (Environmental temperature) Upper limit: +70 deg. C (Environmental temperature),SONY IMX287,Global Shutter,"1/2.9""",6.9 (H) x 6.9 (V) µm,Camera Head: 18 (W) x 18 (H) x 21.42 (D) mm CCU: 80 (W) x 65 (H) x 16 (D) mm Cable: 2.5 m (Cable from Top of Camera Head),Approximately 300 g,S Mount,No optical filter,SDR x 1,HR10A-7R-6PB (Hirose) or equivalent x 1,Full scanning / ROI,Edge preset trigger / Pulse width trigger / Free-run,Mono8 / Mono10 / Mono12,1 µsecond to 16.777 seconds,0 to 18 dB,x1 to x16,Programmable (32 points table) / Off (1.0),,,Vertical flip / Horizontal flip / Vertical and horizontal flip/ Off,Up to 200 pixels,Support,,,,,,,
Sentech,stc-rcs43pcl-um12,Camera Link Remote Head Area Cameras,STC-RCS43PCL-UM12,Area Camera,0.4MP,Color,720 (H) x 540 (V),532.6 fps,Camera Link Base,Camera Link 2.1,PoCL External power (+12 Vdc),Less than 2.0 W,Lower limit: 0 deg. C (Environmental temperature) Upper limit: Camera Head: +44 deg. C (Environmental temperature) CCU: +59 deg. C (Environmental temperature),Lower limit: -25 deg. C (Environmental temperature) Upper limit: +70 deg. C (Environmental temperature),SONY IMX287,Global Shutter,"1/2.9""",6.9 (H) x 6.9 (V) µm,Camera Head: 18 (W) x 18 (H) x 21.42 (D) mm CCU: 80 (W) x 65 (H) x 16 (D) mm Cable: 2.5 m (Cable from Top of Camera Head),Approximately 300 g,S Mount,No optical filter,SDR x 1,HR10A-7R-6PB (Hirose) or equivalent x 1,Full scanning / ROI,Edge preset trigger / Pulse width trigger / Free-run,BayerRG8 / BayerRG10 / BayerRG12,1 µsecond to 16.777 seconds,0 to 18 dB,x1 to x16,Programmable (32 points table) / Off (1.0),,,Vertical flip / Horizontal flip / Vertical and horizontal flip/ Off,Up to 200 pixels,Support,Manual white balance,,,,,,
Sentech,stc-rbs163pcl-sm12,Camera Link Remote Head Area Cameras,STC-RBS163PCL-SM12,Area Camera,1.6MP,Monochrome,"1,440 (H) x 1,080 (V)",155.0 fps,Camera Link Base,Camera Link 2.1,PoCL External power (+12 Vdc),Less than 2.0 W,Lower limit: 0 deg. C (Environmental temperature) Upper limit: Cmaera Head: +44 deg. C (Environmental temperature) CCU: +59 deg. C (Environmental temperature),Lower limit: -25 deg. C (Environmental temperature) Upper limit: +70 deg. C (Environmental temperature),SONY IMX273,Global Shutter,"1/2.9""",3.45 (H) x 3.45 (V) µm,Camera Head: 18 (W) x 18 (H) x 23.42 (D) mm CCU: 80 (W) x 65 (H) x 16 (D) mm Cable: 2.5 m (Cable from Rear of Camera Head),Approximately 300 g,S Mount,No optical filter,SDR x 1,HR10A-7R-6PB (Hirose) or equivalent x 1,Full scanning / ROI,Edge preset trigger / Pulse width trigger / Free-run,Mono8 / Mono10 / Mono12,1 µsecond to 16.777 seconds,0 to 18 dB,x1 to x16,Programmable (32 points table) / Off (1.0),x2 vertical only / Off,x2 horizontal and vertical simultaneously / Off,Vertical flip / Horizontal flip / Vertical and horizontal flip/ Off,Up to 200 pixels,Support,,,,,,,
Sentech,stc-rcs163pcl-sm12,Camera Link Remote Head Area Cameras,STC-RCS163PCL-SM12,Area Camera,1.6MP,Color,"1,440 (H) x 1,080 (V)",155.0 fps,Camera Link Base,Camera Link 2.1,PoCL External power (+12 Vdc),Less than 2.0 W,Lower limit: 0 deg. C (Environmental temperature) Upper limit: Camera Head: +44 deg. C (Environmental temperature) CCU: +59 deg. C (Environmental temperature),Lower limit: -25 deg. C (Environmental temperature) Upper limit: +70 deg. C (Environmental temperature),SONY IMX273,Global Shutter,"1/2.9""",3.45 (H) x 3.45 (V) µm,Camera Head: 18 (W) x 18 (H) x 23.42 (D) mm CCU: 80 (W) x 65 (H) x 16 (D) mm Cable: 2.5 m (Cable from Rear of Camera Head),Approximately 300 g,S Mount,No optical filter,SDR x 1,HR10A-7R-6PB (Hirose) or equivalent x 1,Full scanning / ROI,Edge preset trigger / Pulse width trigger / Free-run,BayerRG8 / BayerRG10 / BayerRG12,1 µsecond to 16.777 seconds,0 to 18 dB,x1 to x16,Programmable (32 points table) / Off (1.0),,x2 horizontal and vertical simultaneously / Off,Vertical flip / Horizontal flip / Vertical and horizontal flip/ Off,Up to 200 pixels,Support,Manual white balance,,,,,,
Sentech,stc-rbs163pcl-um12,Camera Link Remote Head Area Cameras,STC-RBS163PCL-UM12,Area Camera,1.6MP,Monochrome,"1,440 (H) x 1,080 (V)",155.0 fps,Camera Link Base,Camera Link 2.1,PoCL External power (+12 Vdc),Less than 2.0 W,Lower limit: 0 deg. C (Environmental temperature) Upper limit: Camera Head: +44 deg. C (Environmental temperature) CCU: +59 deg. C (Environmental temperature),Lower limit: -25 deg. C (Environmental temperature) Upper limit: +70 deg. C (Environmental temperature),SONY IMX273,Global Shutter,"1/2.9""",3.45 (H) x 3.45 (V) µm,Camera Head: 18 (W) x 18 (H) x 21.42 (D) mm CCU: 80 (W) x 65 (H) x 16 (D) mm Cable: 2.5 m (Cable from Top of Camera Head),Approximately 300 g,S Mount,No optical filter,SDR x 1,HR10A-7R-6PB (Hirose) or equivalent x 1,Full scanning / ROI,Edge preset trigger / Pulse width trigger / Free-run,Mono8 / Mono10 / Mono12,1 µsecond to 16.777 seconds,0 to 18 dB,x1 to x16,Programmable (32 points table) / Off (1.0),x2 vertical only / Off,x2 horizontal and vertical simultaneously / Off,Vertical flip / Horizontal flip / Vertical and horizontal flip/ Off,Up to 200 pixels,Support,,,,,,,
Sentech,stc-rcs163pcl-um12,Camera Link Remote Head Area Cameras,STC-RCS163PCL-UM12,Area Camera,1.6MP,Color,"1,440 (H) x 1,080 (V)",155.0 fps,Camera Link Base,Camera Link 2.1,PoCL External power (+12 Vdc),Less than 2.0 W,Lower limit: 0 deg. C (Environmental temperature) Upper limit: Camera Head: +44 deg. C (Environmental temperature) CCU: +59 deg. C (Environmental temperature),Lower limit: -25 deg. C (Environmental temperature) Upper limit: +70 deg. C (Environmental temperature),SONY IMX273,Global Shutter,"1/2.9""",3.45 (H) x 3.45 (V) µm,Camera Head: 18 (W) x 18 (H) x 21.42 (D) mm CCU: 80 (W) x 65 (H) x 16 (D) mm Cable: 2.5 m (Cable from Top of Camera Head),Approximately 300 g,S Mount,No optical filter,SDR x 1,HR10A-7R-6PB (Hirose) or equivalent x 1,Full scanning / ROI,Edge preset trigger / Pulse width trigger / Free-run,BayerRG8 / BayerRG10 / BayerRG12,1 µsecond to 16.777 seconds,0 to 18 dB,x1 to x16,Programmable (32 points table) / Off (1.0),,x2 horizontal and vertical simultaneously / Off,Vertical flip / Horizontal flip / Vertical and horizontal flip/ Off,Up to 200 pixels,Support,Manual white balance,,,,,,
Sentech,stc-hd213dv,Full HD / HD DVI Area Cameras,STC-HD213DV,Area Camera,1080P,Color,"1,920 (H) x 1,080 (V)",60.0 fps,DVI 1.0 (RGB),DVI 1.0,External power (+9 to +15 Vdc),Less than 3.2 W,Lower limit: 0 deg. C (Environmental temperature) Upper limit: +40 deg. C (Environmental temperature),Lower limit: -25 deg. C (Environmental temperature) Upper limit: +65 deg. C (Environmental temperature),SONY IMX291,Rolling Shutter,"1/2.8""",2.9 (H) x 2.9 (V) µm,40 (W) x 40 (H) x 48.9 (D) mm,Approximately 129 g,C Mount,OPLF with built-in IR-cut filter on it,HDMI x 1,Power: DC power jack (PC721A) x 1 Communication/Control: 3.5mm stereo pin jack x 1,1080P60 / 1080P59.94 / 1080P50 / 1080P30 / 1080P29.97 / 1080P25 / 1080i60 / 1080i59.94 / 1080i50 / 720P60 / 720P59.94 / 720P50,Free run,RGB8bit,29.6 µseconds to 2.12 seconds,0 to 45 dB (including digital gain),,Manual / 0.3 / 0.45 / 0.5 / 0.6 / 0.7 / 0.8 / 0.9 / 1.0,,,Vertical flip / Horizontal flip / Vertical and horizontal flip / Off,Up to 256 pixels,Support,Auto / Manual / Push to set white balance,,Auto / Manual / Push to set white balance,,,,
Sentech,stc-hd213dv-cs,Full HD / HD DVI Area Cameras,STC-HD213DV-CS,Area Camera,1080P,Color,"1,920 (H) x 1,080 (V)",60.0 fps,DVI 1.0 (RGB),DVI 1.0,External power (+9 to +15 Vdc),Less than 3.2 W,Lower limit: 0 deg. C (Environmental temperature) Upper limit: +40 deg. C (Environmental temperature),Lower limit: -25 deg. C (Environmental temperature) Upper limit: +65 deg. C (Environmental temperature),SONY IMX291,Rolling Shutter,"1/2.8""",2.9 (H) x 2.9 (V) µm,40 (W) x 40 (H) x 43.9 (D) mm,Approximately121 g,CS Mount,OPLF with built-in IR-cut filter on it,HDMI x 1,Power: DC power jack (PC721A) x 1 Communication/Control: 3.5mm stereo pin jack x 1,1080P60 / 1080P59.94 / 1080P50 / 1080P30 / 1080P29.97 / 1080P25 / 1080i60 / 1080i59.94 / 1080i50 / 720P60 / 720P59.94 / 720P50,Free run,RGB8bit,29.6 µseconds to 2.12 seconds,0 to 45 dB (including digital gain),,Manual / 0.3 / 0.45 / 0.5 / 0.6 / 0.7 / 0.8 / 0.9 / 1.0,,,Vertical flip / Horizontal flip / Vertical and horizontal flip / Off,Up to 256 pixels,Support,Auto / Manual / Push to set white balance,,Auto / Manual / Push to set white balance,,,,
Sentech,stc-hd213dvn,Full HD / HD DVI Area Cameras,STC-HD213DVN,Area Camera,1080P,Color,"1,920 (H) x 1,080 (V)",60.0 fps,DVI 1.0 (RGB),DVI 1.0,External power (+9 to +15 Vdc),Less than 2.1 W,Lower limit: 0 deg. C (Environmental temperature) Upper limit: +48 deg. C (Environmental temperature),Lower limit: -25 deg. C (Environmental temperature) Upper limit: +65 deg. C (Environmental temperature),SONY IMX291,Rolling Shutter,"1/2.8""",2.9 (H) x 2.9 (V) µm,40 (W) x 40 (H) x 48.9 (D) mm,Approximately 129 g,C Mount,OPLF with built-in IR-cut filter on it,HDMI x 1,Power: DC power jack (PC721A) x 1 Communication/Control: 3.5mm stereo pin jack x 1,1080P60 / 1080P59.94 / 1080P50 / 1080P30 / 1080P29.97 / 1080P25 / 1080i60 / 1080i59.94 / 1080i50 / 720P60 / 720P59.94 / 720P50,Free run,RGB8bit,29.6 µseconds to 2.12 seconds,0 to 45 dB (including digital gain),,Manual / 0.3 / 0.45 / 0.5 / 0.6 / 0.7 / 0.8 / 0.9 / 1.0,,,Vertical flip / Horizontal flip / Vertical and horizontal flip / Off,Up to 256 pixels,Support,Auto / Manual / Push to set white balance,,Auto / Manual / Push to set white balance,,,,
Sentech,stc-hd213dvn-cs,Full HD / HD DVI Area Cameras,STC-HD213DVN-CS,Area Camera,1080P,Color,"1,920 (H) x 1,080 (V)",60.0 fps,DVI 1.0 (RGB),DVI 1.0,External power (+9 to +15 Vdc),Less than 2.1 W,Lower limit: 0 deg. C (Environmental temperature) Upper limit: +48 deg. C (Environmental temperature),Lower limit: -25 deg. C (Environmental temperature) Upper limit: +65 deg. C (Environmental temperature),SONY IMX291,Rolling Shutter,"1/2.8""",2.9 (H) x 2.9 (V) µm,40 (W) x 40 (H) x 43.9 (D) mm,Approximately121 g,CS Mount,OPLF with built-in IR-cut filter on it,HDMI x 1,Power: DC power jack (PC721A) x 1 Communication/Control: 3.5mm stereo pin jack x 1,1080P60 / 1080P59.94 / 1080P50 / 1080P30 / 1080P29.97 / 1080P25 / 1080i60 / 1080i59.94 / 1080i50 / 720P60 / 720P59.94 / 720P50,Free run,RGB8bit,29.6 µseconds to 2.12 seconds,0 to 45 dB (including digital gain),,Manual / 0.3 / 0.45 / 0.5 / 0.6 / 0.7 / 0.8 / 0.9 / 1.0,,,Vertical flip / Horizontal flip / Vertical and horizontal flip / Off,Up to 256 pixels,Support,Auto / Manual / Push to set white balance,,Auto / Manual / Push to set white balance,,,,
Sentech,stc-hd213dvn-b,Full HD / HD DVI Area Cameras,STC-HD213DVN-B,Area Camera,1080P,Color,"1,920 (H) x 1,080 (V)",60.0 fps,DVI 1.0 (RGB),DVI 1.0,External power (+9 to +15 Vdc),Less than 2.1 W,Lower limit: 0 deg. C (Environmental temperature) Upper limit: +44 deg. C (Environmental temperature),Lower limit: -25 deg. C (Environmental temperature) Upper limit: +65 deg. C (Environmental temperature),SONY IMX291,Rolling Shutter,"1/2.8""",2.9 (H) x 2.9 (V) µm,35 (W) x 35 (H) x 34.2 (D) mm,approximately 45 g,C Mount,OPLF with built-in IR-cut filter on it,HDMI x 1,Power: DC power jack (PC721A) x 1 Communication/Control: 3.5mm stereo pin jack x 1,1080P60 / 1080P59.94 / 1080P50 / 1080P30 / 1080P29.97 / 1080P25 / 1080i60 / 1080i59.94 / 1080i50 / 720P60 / 720P59.94 / 720P50,Free run,RGB8bit,29.6 µseconds to 2.12 seconds,0 to 45 dB (including digital gain),,Manual / 0.3 / 0.45 / 0.5 / 0.6 / 0.7 / 0.8 / 0.9 / 1.0,,,Vertical flip / Horizontal flip / Vertical and horizontal flip / Off,Up to 256 pixels,Support,Auto / Manual / Push to set white balance,,Auto / Manual / Push to set white balance,,,,
Sentech,stc-hd213sdi,3G-SDI / HD-SDI Area Cameras,STC-HD213SDI,Area Camera,1080P,Color,"1,920 (H) x 1,080 (V)",60.0 fps,3G-SDI 4:2:2 YCrCb 10bits,"3G-SDI (Physical Layer: SMPTE 424M, Data mapping: SMITE 425M Level-A)",External power (+9 to +15 Vdc),Less than 3.3 W,Lower limit: 0 deg. C (Environmental temperature) Upper limit: +43 deg. C (Environmental temperature),Lower limit: -25 deg. C (Environmental temperature) Upper limit: +65 deg. C (Environmental temperature),SONY IMX291,Rolling Shutter,"1/2.8""",2.9 (H) x 2.9 (V) µm,40 (W) x 40 (H) x 48.9 (D) mm,Approximately 138 g,C Mount,OPLF with built-in IR-cut filter on it,BNC x 1,Power: DC power jack (PC721A) x 1 Communication/Control: 3.5mm stereo pin jack x 1,1080P60 / 1080P59.94 / 1080P50 / 1080P30 / 1080P29.97 / 1080P25 / 1080i60 / 1080i59.94 / 1080i50 / 720P60 / 720P59.94 / 720P50,Free run,RGB8bit,29.6 µseconds to 2.12 seconds,0 to 45 dB (including digital gain),,Manual / 0.3 / 0.45 / 0.5 / 0.6 / 0.7 / 0.8 / 0.9 / 1.0,,,Vertical flip / Horizontal flip / Vertical and horizontal flip / Off,Up to 256 pixels,Support,Auto / Manual / Push to set white balance,,Auto / Manual / Push to set white balance,,,,
Sentech,stc-hd213sdi-cs,3G-SDI / HD-SDI Area Cameras,STC-HD213SDI-CS,Area Camera,1080P,Color,"1,920 (H) x 1,080 (V)",60.0 fps,3G-SDI 4:2:2 YCrCb 10bits,"3G-SDI (Physical Layer: SMPTE 424M, Data mapping: SMITE 425M Level-A)",External power (+9 to +15 Vdc),Less than 3.3 W,Lower limit: 0 deg. C (Environmental temperature) Upper limit: +43 deg. C (Environmental temperature),Lower limit: -25 deg. C (Environmental temperature) Upper limit: +65 deg. C (Environmental temperature),SONY IMX291,Rolling Shutter,"1/2.8""",2.9 (H) x 2.9 (V) µm,40 (W) x 40 (H) x 43.9 (D) mm,Approximately 130 g,CS Mount,OPLF with built-in IR-cut filter on it,BNC x 1,Power: DC power jack (PC721A) x 1 Communication/Control: 3.5mm stereo pin jack x 1,1080P60 / 1080P59.94 / 1080P50 / 1080P30 / 1080P29.97 / 1080P25 / 1080i60 / 1080i59.94 / 1080i50 / 720P60 / 720P59.94 / 720P50,Free run,RGB8bit,29.6 µseconds to 2.12 seconds,0 to 45 dB (including digital gain),,Manual / 0.3 / 0.45 / 0.5 / 0.6 / 0.7 / 0.8 / 0.9 / 1.0,,,Vertical flip / Horizontal flip / Vertical and horizontal flip / Off,Up to 256 pixels,Support,Auto / Manual / Push to set white balance,,Auto / Manual / Push to set white balance,,,,
Sentech,stc-hd213sdin,3G-SDI / HD-SDI Area Cameras,STC-HD213SDIN,Area Camera,1080P,Color,"1,920 (H) x 1,080 (V)",60.0 fps,3G-SDI 4:2:2 YCrCb 10bits,"3G-SDI (Physical Layer: SMPTE 424M, Data mapping: SMITE 425M Level-A)",External power (+9 to +15 Vdc),Less than 2.1 W,Lower limit: 0 deg. C (Environmental temperature) Upper limit: +49 deg. C (Environmental temperature),Lower limit: -25 deg. C (Environmental temperature) Upper limit: +65 deg. C (Environmental temperature),SONY IMX291,Rolling Shutter,"1/2.8""",2.9 (H) x 2.9 (V) µm,40 (W) x 40 (H) x 48.9 (D) mm,Approximately 138 g,C Mount,OPLF with built-in IR-cut filter on it,BNC x 1,Power: DC power jack (PC721A) x 1 Communication/Control: 3.5mm stereo pin jack x 1,1080P60 / 1080P59.94 / 1080P50 / 1080P30 / 1080P29.97 / 1080P25 / 1080i60 / 1080i59.94 / 1080i50 / 720P60 / 720P59.94 / 720P50,Free run,RGB8bit,29.6 µseconds to 2.12 seconds,0 to 45 dB (including digital gain),,Manual / 0.3 / 0.45 / 0.5 / 0.6 / 0.7 / 0.8 / 0.9 / 1.0,,,Vertical flip / Horizontal flip / Vertical and horizontal flip / Off,Up to 256 pixels,Support,Auto / Manual / Push to set white balance,,Auto / Manual / Push to set white balance,,,,
Sentech,stc-hd213sdin-cs,3G-SDI / HD-SDI Area Cameras,STC-HD213SDIN-CS,Area Camera,1080P,Color,"1,920 (H) x 1,080 (V)",60.0 fps,3G-SDI 4:2:2 YCrCb 10bits,"3G-SDI (Physical Layer: SMPTE 424M, Data mapping: SMITE 425M Level-A)",External power (+9 to +15 Vdc),Less than 2.1 W,Lower limit: 0 deg. C (Environmental temperature) Upper limit: +49 deg. C (Environmental temperature),Lower limit: -25 deg. C (Environmental temperature) Upper limit: +65 deg. C (Environmental temperature),SONY IMX291,Rolling Shutter,"1/2.8""",2.9 (H) x 2.9 (V) µm,40 (W) x 40 (H) x 43.9 (D) mm,Approximately 130 g,CS Mount,OPLF with built-in IR-cut filter on it,BNC x 1,Power: DC power jack (PC721A) x 1 Communication/Control: 3.5mm stereo pin jack x 1,1080P60 / 1080P59.94 / 1080P50 / 1080P30 / 1080P29.97 / 1080P25 / 1080i60 / 1080i59.94 / 1080i50 / 720P60 / 720P59.94 / 720P50,Free run,RGB8bit,29.6 µseconds to 2.12 seconds,0 to 45 dB (including digital gain),,Manual / 0.3 / 0.45 / 0.5 / 0.6 / 0.7 / 0.8 / 0.9 / 1.0,,,Vertical flip / Horizontal flip / Vertical and horizontal flip / Off,Up to 256 pixels,Support,Auto / Manual / Push to set white balance,,Auto / Manual / Push to set white balance,,,,
Sentech,stc-hd213sdin-b,3G-SDI / HD-SDI Area Cameras,STC-HD213SDIN-B,Area Camera,1080P,Color,"1,920 (H) x 1,080 (V)",60.0 fps,3G-SDI 4:2:2 YCrCb 10bits,"3G-SDI (Physical Layer: SMPTE 424M, Data mapping: SMITE 425M Level-A)",External power (+9 to +15 Vdc),Less than 2.1 W,Lower limit: 0 deg. C (Environmental temperature) Upper limit: +44 deg. C (Environmental temperature),Lower limit: -25 deg. C (Environmental temperature) Upper limit: +65 deg. C (Environmental temperature),SONY IMX291,Rolling Shutter,"1/2.8""",2.9 (H) x 2.9 (V) µm,35 (W) x 35 (H) x 34.2 (D) mm,Approximately 50 g,C Mount,OPLF with built-in IR-cut filter on it,BNC x 1,Power: DC power jack (PC721A) x 1 Communication/Control: 3.5mm stereo pin jack x 1,1080P60 / 1080P59.94 / 1080P50 / 1080P30 / 1080P29.97 / 1080P25 / 1080i60 / 1080i59.94 / 1080i50 / 720P60 / 720P59.94 / 720P50,Free run,RGB8bit,29.6 µseconds to 2.12 seconds,0 to 45 dB (including digital gain),,Manual / 0.3 / 0.45 / 0.5 / 0.6 / 0.7 / 0.8 / 0.9 / 1.0,,,Vertical flip / Horizontal flip / Vertical and horizontal flip / Off,Up to 256 pixels,Support,Auto / Manual / Push to set white balance,,Auto / Manual / Push to set white balance,,,,
Sentech,stc-s133uvc-bl,UVC Cameras,STC-S133UVC-BL,Area Camera,1.3MP,Color,"1,280 (H) x 720 (V)",60.0 fps,USB3.0,UVC 1.1,USB bus power (+5 V),Less than 0.8 W,Lower limit: 0 deg. C (Environmental temperature) Upper limit: +55 deg. C (Environmental temperature),Lower limit:-25 deg. C (Environmental temperature) Upper limit: +75 deg. C (Environmental temperature),SONY ISX017,Rolling Shutter,"1/3.2""",3.5 (H) x 3.5 (V) µm,23 (W) x 20 (H) x 15.1 (D) mm,Approximately 8 g,No Lens Mount,IR cut filter on it,USB3.0 micro B x 1,,"Full scanning (1,280x720) / ROI (1,280x960 / 800x800 / 640x480)",Free run,8bits,1.65 µseconds to 33.333 mseconds,0 to 40 dB,x1 to x4,Off / Gamma table,,,Vertical flip / Horizontal flip / Vertical and horizontal flip / Off,Support,Support (One setting),Auto exposure / Auto gain,,Auto / Manual / Push to set white balance,,,,
Sentech,stc-s133uvc-bll,UVC Cameras,STC-S133UVC-BLL,Area Camera,1.3MP,Color,"1,280 (H) x 720 (V)",60.0 fps,USB3.0,UVC 1.1,USB bus power (+5 V),Less than 0.8 W,Lower limit: 0 deg. C (Environmental temperature) Upper limit: +55 deg. C (Environmental temperature),Lower limit:-25 deg. C (Environmental temperature) Upper limit: +75 deg. C (Environmental temperature),SONY ISX017,Rolling Shutter,"1/3.2""",3.5 (H) x 3.5 (V) µm,25 (W) x 22 (H) x 24.5 (D) mm,Approximately 13 g,S Mount,IR cut filter on it,USB3.0 micro B x 1,,"Full scanning (1,280x720) / ROI (1,280x960 / 800x800 /640x480)",Free run,8bits,1.65 µseconds to 33.333 mseconds,0 to 40 dB,x1 to x4,Off / Gamma table,,,Vertical flip / Horizontal flip / Vertical and horizontal flip / Off,Support,Support (One setting),Auto exposure / Auto gain,,Auto / Manual / Push to set white balance,,,,
Sentech,stc-s133uvc-blcs,UVC Cameras,STC-S133UVC-BLCS,Area Camera,1.3MP,Color,"1,280 (H) x 720 (V)",60.0 fps,USB3.0,UVC 1.1,USB bus power (+5 V),Less than 0.8 W,Lower limit: 0 deg. C (Environmental temperature) Upper limit: +55 deg. C (Environmental temperature),Lower limit:-25 deg. C (Environmental temperature) Upper limit: +75 deg. C (Environmental temperature),SONY ISX017,Rolling Shutter,"1/3.2""",3.5 (H) x 3.5 (V) µm,28 diameter x 21.7 (D) mm,Approximately 12 g,CS Mount,IR cut filter on it,USB3.0 micro B x 1,,"Full scanning (1,280x720) / ROI (1,280x960 / 800x800 /640x480)",Free run,8bits,1.65 µseconds to 33.333 mseconds,0 to 40 dB,x1 to x4,Off / Gamma table,,,Vertical flip / Horizontal flip / Vertical and horizontal flip / Off,Support,Support (One setting),Auto exposure / Auto gain,,Auto / Manual / Push to set white balance,,,,
Sentech,stc-s133uvc-dbl,UVC Cameras,STC-S133UVC-DBL,Area Camera,1.3MP,Color,"1,280 (H) x 720 (V)",60.0 fps,USB3.0,UVC 1.1,USB bus power (+5 V),Less than 0.8 W,Lower limit: 0 deg. C (Environmental temperature) Upper limit: +55 deg. C (Environmental temperature),Lower limit:-25 deg. C (Environmental temperature) Upper limit: +75 deg. C (Environmental temperature),SONY ISX017,Rolling Shutter,"1/3.2""",3.5 (H) x 3.5 (V) µm,23 (W) x 20 (H) x 15.1 (D) mm,Approximately 8 g,No Lens Mount,Dual pass filter on it,USB3.0 micro B x 1,,"Full scanning (1,280x720) / ROI (1,280x960 / 800x800 /640x480)",Free run,8bits,1.65 µseconds to 33.333 mseconds,0 to 40 dB,x1 to x4,Off / Gamma table,,,Vertical flip / Horizontal flip / Vertical and horizontal flip / Off,Support,Support (One setting),Auto exposure / Auto gain,,Auto / Manual / Push to set white balance,,,,
Sentech,stc-s133uvc-dbll,UVC Cameras,STC-S133UVC-DBLL,Area Camera,1.3MP,Color,"1,280 (H) x 720 (V)",60.0 fps,USB3.0,UVC 1.1,USB bus power (+5 V),Less than 0.8 W,Lower limit: 0 deg. C (Environmental temperature) Upper limit: +55 deg. C (Environmental temperature),Lower limit:-25 deg. C (Environmental temperature) Upper limit: +75 deg. C (Environmental temperature),SONY ISX017,Rolling Shutter,"1/3.2""",3.5 (H) x 3.5 (V) µm,25 (W) x 22 (H) x 24.5 (D) mm,Approximately 13 g,S Mount,Dual pass filter on it,USB3.0 micro B x 1,,"Full scanning (1,280x720) / ROI (1,280x960 / 800x800 /640x480)",Free run,8bits,1.65 µseconds to 33.333 mseconds,0 to 40 dB,x1 to x4,Off / Gamma table,,,Vertical flip / Horizontal flip / Vertical and horizontal flip / Off,Support,Support (One setting),Auto exposure / Auto gain,,Auto / Manual / Push to set white balance,,,,
Sentech,stc-s133uvc-dblcs,UVC Cameras,STC-S133UVC-DBLCS,Area Camera,0.3MP,Color,"1,280 (H) x 720 (V)",60.0 fps,USB3.0,UVC 1.1,USB bus power (+5 V),Less than 0.8 W,Lower limit: 0 deg. C (Environmental temperature) Upper limit: +55 deg. C (Environmental temperature),Lower limit:-25 deg. C (Environmental temperature) Upper limit: +75 deg. C (Environmental temperature),SONY ISX017,Rolling Shutter,"1/3.2""",3.5 (H) x 3.5 (V) µm,28 diameter x 21.7 (D) mm,Approximately 12 g,CS Mount,Dual pass filter on it,USB3.0 micro B x 1,,"Full scanning (1,280x720) / ROI (1,280x960 / 800x800 /640x480)",Free run,8bits,1.65 µseconds to 33.333 mseconds,0 to 40 dB,x1 to x4,Off / Gamma table,,,Vertical flip / Horizontal flip / Vertical and horizontal flip / Off,Support,Support (One setting),Auto exposure / Auto gain,,Auto / Manual / Push to set white balance,,,,
Sentech,stc-s133uvc-all,UVC Cameras,STC-S133UVC-ALL,Area Camera,1.3MP,Color,"1,280 (H) x 720 (V)",60.0 fps,USB3.0,UVC 1.1,USB bus power (+5 V),Less than 0.8 W,Lower limit: 0 deg. C (Environmental temperature) Upper limit: +55 deg. C (Environmental temperature),Lower limit:-25 deg. C (Environmental temperature) Upper limit: +75 deg. C (Environmental temperature),SONY ISX017,Rolling Shutter,"1/3.2""",3.5 (H) x 3.5 (V) µm,25 (W) x 25 (H) x 18 (D) mm,Approximately 23 g,S Mount,IR cut filter on it,USB3.0 micro B x 1,,"Full scanning (1,280x720) / ROI (1,280x960 / 800x800 /640x480)",Free run,8bits,1.65 µseconds to 33.333 mseconds,0 to 40 dB,x1 to x4,Off / Gamma table,,,Vertical flip / Horizontal flip / Vertical and horizontal flip / Off,Support,Support (One setting),Auto exposure / Auto gain,,Auto / Manual / Push to set white balance,,,,
Sentech,stc-s133uvc-alcs,UVC Cameras,STC-S133UVC-ALCS,Area Camera,1.3MP,Color,"1,280 (H) x 720 (V)",60.0 fps,USB3.0,UVC 1.1,USB bus power (+5 V),Less than 0.8 W,Lower limit: 0 deg. C (Environmental temperature) Upper limit: +55 deg. C (Environmental temperature),Lower limit:-25 deg. C (Environmental temperature) Upper limit: +75 deg. C (Environmental temperature),SONY ISX017,Rolling Shutter,"1/3.2""",3.5 (H) x 3.5 (V) µm,25 (W) x 25 (H) x 25.6 (D) mm,Approximately 24 g,CS Mount,IR cut filter on it,USB3.0 micro B x 1,,"Full scanning (1,280x720) / ROI (1,280x960 / 800x800 /640x480)",Free run,8bits,1.65 µseconds to 33.333 mseconds,0 to 40 dB,x1 to x4,Off / Gamma table,,,Vertical flip / Horizontal flip / Vertical and horizontal flip / Off,Support,Support (One setting),Auto exposure / Auto gain,,Auto / Manual / Push to set white balance,,,,
Sentech,stc-s133uvc-dall,UVC Cameras,STC-S133UVC-DALL,Area Camera,1.3MP,Color,"1,280 (H) x 720 (V)",60.0 fps,USB3.0,UVC 1.1,USB bus power (+5 V),Less than 0.8 W,Lower limit: 0 deg. C (Environmental temperature) Upper limit: +55 deg. C (Environmental temperature),Lower limit:-25 deg. C (Environmental temperature) Upper limit: +75 deg. C (Environmental temperature),SONY ISX017,Rolling Shutter,"1/3.2""",3.5 (H) x 3.5 (V) µm,25 (W) x 25 (H) x 18 (D) mm,Approximately 23 g,S Mount,Dual pass filter on it,USB3.0 micro B x 1,,"Full scanning (1,280x720) / ROI (1,280x960 / 800x800 /640x480)",Free run,8bits,1.65 µseconds to 33.333 mseconds,0 to 40 dB,x1 to x4,Off / Gamma table,,,Vertical flip / Horizontal flip / Vertical and horizontal flip / Off,Support,Support (One setting),Auto exposure / Auto gain,,Auto / Manual / Push to set white balance,,,,
Sentech,stc-s133uvc-dalcs,UVC Cameras,STC-S133UVC-DALCS,Area Camera,1.3MP,Color,"1,280 (H) x 720 (V)",60.0 fps,USB3.0,UVC 1.1,USB bus power (+5 V),Less than 0.8 W,Lower limit: 0 deg. C (Environmental temperature) Upper limit: +55 deg. C (Environmental temperature),Lower limit:-25 deg. C (Environmental temperature) Upper limit: +75 deg. C (Environmental temperature),SONY ISX017,Rolling Shutter,"1/3.2""",3.5 (H) x 3.5 (V) µm,25 (W) x 25 (H) x 25.6 (D) mm,Approximately 24 g,CS Mount,Dual pass filter on it,USB3.0 micro B x 1,,"Full scanning (1,280x720) / ROI (1,280x960 / 800x800 /640x480)",Free run,8bits,1.65 µseconds to 33.333 mseconds,0 to 40 dB,x1 to x4,Off / Gamma table,,,Vertical flip / Horizontal flip / Vertical and horizontal flip / Off,Support,Support (One setting),Auto exposure / Auto gain,,Auto / Manual / Push to set white balance,,,,
Sentech,stc-p213uvc-bll,UVC Cameras,STC-P213UVC-BLL,Area Camera,2MP,Color,"1,920 (H) x 1,080 (V)",30.0 fps,USB3.0,UVC 1.1,USB bus power (+5 V),Less than 1.0 W,Lower limit: 0 deg. C (Environmental temperature) Upper limit: +54 deg. C (Environmental temperature),Lower limit: -25 deg. C (Environmental temperature) Upper limit: +80 deg. C (Environmental temperature),Pixelplus PV4209K,Rolling Shutter,"1/2.9""",2.8 (H) x 2.8 (V) µm,25 diameter x 25.03 (D) mm,Approximately14 g,S Mount,IR cut filter on it,USB3.0 micro B x 1,,"Full scanning (1,920x1,080) / ROI (1,280x720 / 640x480)",Free run,8bits,37.03 µseconds to 33.333 mseconds,0 to 42 dB,x1 to x4,Off / Gamma table,,,Vertical flip / Horizontal flip / Vertical and horizontal flip/ Off,Support,Support (One setting),Auto / Manual white balance,,Auto exposure / Auto gain / Auto white balance,,,,
Sentech,stc-p213uvc-blcs,UVC Cameras,STC-P213UVC-BLCS,Area Camera,2MP,Color,"1,920 (H) x 1,080 (V)",30.0 fps,USB3.0,UVC 1.1,USB bus power (+5 V),Less than 1.0 W,Lower limit: 0 deg. C (Environmental temperature) Upper limit: +58 deg. C (Environmental temperature),Lower limit: -25 deg. C (Environmental temperature) Upper limit: +75 deg. C (Environmental temperature),Pixelplus PV4209K,Rolling Shutter,"1/2.9""",2.8 (H) x 2.8 (V) µm,28 diameter x 22.38 (D) mm,Approximately 12 g,CS Mount,IR cut filter on it,USB3.0 micro B x 1,,"Full scanning (1,920x1,080) / ROI (1,280x720 / 640x480)",Free run,8bits,37.03 µseconds to 33.333 mseconds,0 to 42 dB,x1 to x4,Off / Gamma table,,,Vertical flip / Horizontal flip / Vertical and horizontal flip/ Off,Support,Support (One setting),Auto / Manual white balance,,Auto exposure / Auto gain / Auto white balance,,,,
Sentech,stc-p213uvc-all,UVC Cameras,STC-P213UVC-ALL,Area Camera,2MP,Color,"1,920 (H) x 1,080 (V)",30.0 fps,USB3.0,UVC 1.1,USB bus power (+5 V),Less than 1.0 W,Lower limit: 0 deg. C (Environmental temperature) Upper limit: +56 deg. C (Environmental temperature),Lower limit: -25 deg. C (Environmental temperature) Upper limit: +80 deg. C (Environmental temperature),Pixelplus PV4209K,Rolling Shutter,"1/2.9""",2.8 (H) x 2.8 (V) µm,25 (W) x 25 (H) x 29.5 (D) mm,Approximately 23 g,S Mount,IR cut filter on it,USB3.0 micro B x 1,,"Full scanning (1,920x1,080) / ROI (1,280x720 / 640x480)",Free run,8bits,37.03 µseconds to 33.333 mseconds,0 to 42 dB,x1 to x4,Off / Gamma table,,,Vertical flip / Horizontal flip / Vertical and horizontal flip/ Off,Support,Support (One setting),Auto / Manual white balance,,Auto exposure / Auto gain / Auto white balance,,,,
Sentech,stc-p213uvc-alcs,UVC Cameras,STC-P213UVC-ALCS,Area Camera,2MP,Color,"1,920 (H) x 1,080 (V)",30.0 fps,USB3.0,UVC 1.1,USB bus power (+5 V),Less than 1.0 W,Lower limit: 0 deg. C (Environmental temperature) Upper limit: +59 deg. C (Environmental temperature),Lower limit: -25 deg. C (Environmental temperature) Upper limit: +75 deg. C (Environmental temperature),Pixelplus PV4209K,Rolling Shutter,"1/2.9""",2.8 (H) x 2.8 (V) µm,28 diameter x 26.7 (D) mm,Approximately 24 g,CS Mount,IR cut filter on it,USB3.0 micro B x 1,,"Full scanning (1,920x1,080) / ROI (1,280x720 / 640x480)",Free run,8bits,37.03 µseconds to 33.333 mseconds,0 to 42 dB,x1 to x4,Off / Gamma table,,,Vertical flip / Horizontal flip / Vertical and horizontal flip/ Off,Support,Support (One setting),Auto / Manual white balance,,Auto exposure / Auto gain / Auto white balance,,,,
Sentech,stc-s133mip-nf,MIPI Cameras,STC-S133MIP-NF,Area Camera,1.3MP,Color,"1,280 (H) x 720 (V)",60.0 fps,MIPI CSI-2 2 lane,MIPI CSI-2 2 lane,External power (+3.15 to +5.0 V),Less than 0.7 W,Lower limit: 0 deg. C (Environmental temperature) Upper limit: +60 deg. C (Environmental temperature),Lower limit: -20 deg. C (Environmental temperature) Upper limit: +75 deg. C (Environmental temperature),SONY ISX017,Rolling Shutter,"1/3.2""",3.5 (H) x 3.5 (V) µm,22.4 (W) x 19 (H) x 1.2 (D) mm,Approximately 2 g,No Lens Mount,No optical filter,52808-1571 (Molex) x 1 (Common power/IO connector),52808-1571 (Molex) x 1 (Common interface connector),"Full scanning (1,280x720) / ROI (1,280x960)",Free run,RGB8bits,1.65 to 16 mseconds,0 to 40 dB,,1.0 / Manual,,,Vertical flip / Horizontal flip / Vertical and horizontal flip / Off,Support,Support,Auto exposure / Auto gain,,Auto / Manual / Push to set white balance,,,,
Sentech,stc-s133mip,MIPI Cameras,STC-S133MIP,Area Camera,1.3MP,Color,"1,280 (H) x 720 (V)",60.0 fps,MIPI CSI-2 2 lane,MIPI CSI-2 2 lane,External power (+3.15 to +5.0 V),Less than 0.7 W,Lower limit: 0 deg. C (Environmental temperature) Upper limit: +60 deg. C (Environmental temperature),Lower limit: -20 deg. C (Environmental temperature) Upper limit: +75 deg. C (Environmental temperature),SONY ISX017,Rolling Shutter,"1/3.2""",3.5 (H) x 3.5 (V) µm,23 (W) x 20 (H) x 8.2 (D) mm,Approximately 6 g,No Lens Mount,IR cut filter on it,52808-1571 (Molex) x 1 (Common power/IO connector),52808-1571 (Molex) x 1 (Common interface connector),"Full scanning (1,280x720) / ROI (1,280x960)",Free run,RGB8bits,1.65 to 16 mseconds,0 to 40 dB,,1.0 / Manual,,,Vertical flip / Horizontal flip / Vertical and horizontal flip / Off,Support,Support,Auto exposure / Auto gain,,Auto / Manual / Push to set white balance,,,,
Sentech,stc-s133mip-cs,MIPI Cameras,STC-S133MIP-CS,Area Camera,1.3MP,Color,"1,280 (H) x 720 (V)",60.0 fps,MIPI CSI-2 2 lane,MIPI CSI-2 2 lane,External power (+3.15 to +5.0 V),Less than 0.7 W,Lower limit: 0 deg. C (Environmental temperature) Upper limit: +60 deg. C (Environmental temperature),Lower limit: -20 deg. C (Environmental temperature) Upper limit: +75 deg. C (Environmental temperature),SONY ISX017,Rolling Shutter,"1/3.2""",3.5 (H) x 3.5 (V) µm,28 diameter x 14.8 (D) mm,Approximately 9 g,CS Mount,IR cut filter on it,52808-1571 (Molex) x 1 (Common power/IO connector),52808-1571 (Molex) x 1 (Common interface connector),"Full scanning (1,280x720) / ROI (1,280x960)",Free run,RGB8bits,1.65 to 16 mseconds,0 to 40 dB,,1.0 / Manual,,,Vertical flip / Horizontal flip / Vertical and horizontal flip / Off,Support,Support,Auto exposure / Auto gain,,Auto / Manual / Push to set white balance,,,,
Sentech,stc-s133mip-l,MIPI Cameras,STC-S133MIP-L,Area Camera,1.3MP,Color,"1,280 (H) x 720 (V)",60.0 fps,MIPI CSI-2 2 lane,MIPI CSI-2 2 lane,External power (+3.15 to +5.0 V),Less than 0.7 W,Lower limit: 0 deg. C (Environmental temperature) Upper limit: +60 deg. C (Environmental temperature),Lower limit: -20 deg. C (Environmental temperature) Upper limit: +75 deg. C (Environmental temperature),SONY ISX017,Rolling Shutter,"1/3.2""",3.5 (H) x 3.5 (V) µm,25 (W) x 22 (H) x 17.6 (D) mm,Approximately 10 g,S Mount,IR cut filter on it,52808-1571 (Molex) x 1 (Common power/IO connector),52808-1571 (Molex) x 1 (Common interface connector),"Full scanning (1,280x720) / ROI (1,280x960)",Free run,RGB8bits,1.65 to 16 mseconds,0 to 40 dB,,1.0 / Manual,,,Vertical flip / Horizontal flip / Vertical and horizontal flip / Off,Support,Support,Auto exposure / Auto gain,,Auto / Manual / Push to set white balance,,,,
Sentech,stc-s133mip-d,MIPI Cameras,STC-S133MIP-D,Area Camera,1.3MP,Color,"1,280 (H) x 720 (V)",60.0 fps,MIPI CSI-2 2 lane,MIPI CSI-2 2 lane,External power (+3.15 to +5.0 V),Less than 0.7 W,Lower limit: 0 deg. C (Environmental temperature) Upper limit: +60 deg. C (Environmental temperature),Lower limit: -20 deg. C (Environmental temperature) Upper limit: +75 deg. C (Environmental temperature),SONY ISX017,Rolling Shutter,"1/3.2""",3.5 (H) x 3.5 (V) µm,23 (W) x 20 (H) x 8.2 (D) mm,Approximately 6 g,No Lens Mount,Dual pass filter on it,52808-1571 (Molex) x 1 (Common power/IO connector),52808-1571 (Molex) x 1 (Common interface connector),"Full scanning (1,280x720) / ROI (1,280x960)",Free run,RGB8bits,1.65 to 16 mseconds,0 to 40 dB,,1.0 / Manual,,,Vertical flip / Horizontal flip / Vertical and horizontal flip / Off,Support,Support,Auto exposure / Auto gain,,Auto / Manual / Push to set white balance,,,,
Sentech,stc-s133mip-dcs,MIPI Cameras,STC-S133MIP-DCS,Area Camera,1.3MP,Color,"1,280 (H) x 720 (V)",60.0 fps,MIPI CSI-2 2 lane,MIPI CSI-2 2 lane,External power (+3.15 to +5.0 V),Less than 0.7 W,Lower limit: 0 deg. C (Environmental temperature) Upper limit: +60 deg. C (Environmental temperature),Lower limit: -20 deg. C (Environmental temperature) Upper limit: +75 deg. C (Environmental temperature),SONY ISX017,Rolling Shutter,"1/3.2""",3.5 (H) x 3.5 (V) µm,28 diameter x 14.8 (D) mm,Approximately 9 g,CS Mount,Dual pass filter on it,52808-1571 (Molex) x 1 (Common power/IO connector),52808-1571 (Molex) x 1 (Common interface connector),"Full scanning (1,280x720) / ROI (1,280x960)",Free run,RGB8bits,1.65 to 16 mseconds,0 to 40 dB,,1.0 / Manual,,,Vertical flip / Horizontal flip / Vertical and horizontal flip / Off,Support,Support,Auto exposure / Auto gain,,Auto / Manual / Push to set white balance,,,,
Sentech,stc-s133mip-dl,MIPI Cameras,STC-S133MIP-DL,Area Camera,1.3MP,Color,"1,280 (H) x 720 (V)",60.0 fps,MIPI CSI-2 2 lane,MIPI CSI-2 2 lane,External power (+3.15 to +5.0 V),Less than 0.7 W,Lower limit: 0 deg. C (Environmental temperature) Upper limit: +60 deg. C (Environmental temperature),Lower limit: -20 deg. C (Environmental temperature) Upper limit: +75 deg. C (Environmental temperature),SONY ISX017,Rolling Shutter,"1/3.2""",3.5 (H) x 3.5 (V) µm,25 (W) x 22 (H) x 17.6 (D) mm,Approximately 10 g,S Mount,Dual pass filter on it,52808-1571 (Molex) x 1 (Common power/IO connector),52808-1571 (Molex) x 1 (Common interface connector),"Full scanning (1,280x720) / ROI (1,280x960)",Free run,RGB8bits,1.65 to 16 mseconds,0 to 40 dB,,1.0 / Manual,,,Vertical flip / Horizontal flip / Vertical and horizontal flip / Off,Support,Support,Auto exposure / Auto gain,,Auto / Manual / Push to set white balance,,,,
Sentech,stc-s133mip-alcs,MIPI Cameras,STC-S133MIP-ALCS,Area Camera,1.3MP,Color,"1,280 (H) x 720 (V)",60.0 fps,MIPI CSI-2 2 lane,MIPI CSI-2 2 lane,External power (+3.15 to +5.0 V),Less than 0.7 W,Lower limit: 0 deg. C (Environmental temperature) Upper limit: +60 deg. C (Environmental temperature),Lower limit: -20 deg. C (Environmental temperature) Upper limit: +75 deg. C (Environmental temperature),SONY ISX017,Rolling Shutter,"1/3.2""",3.5 (H) x 3.5 (V) µm,25 (W) x 25 (H) x 21.9 (D) mm,Approximately 18 g,CS Mount,IR cut filter on it,52808-1571 (Molex) x 1 (Common power/IO connector),52808-1571 (Molex) x 1 (Common interface connector),"Full scanning (1,280x720) / ROI (1,280x960)",Free run,RGB8bits,1.65 to 16 mseconds,0 to 40 dB,,1.0 / Manual,,,Vertical flip / Horizontal flip / Vertical and horizontal flip / Off,Support,Support,Auto exposure / Auto gain,,Auto / Manual / Push to set white balance,,,,
Sentech,stc-s133mip-all,MIPI Cameras,STC-S133MIP-ALL,Area Camera,1.3MP,Color,"1,280 (H) x 720 (V)",60.0 fps,MIPI CSI-2 2 lane,MIPI CSI-2 2 lane,External power (+3.15 to +5.0 V),Less than 0.7 W,Lower limit: 0 deg. C (Environmental temperature) Upper limit: +60 deg. C (Environmental temperature),Lower limit: -20 deg. C (Environmental temperature) Upper limit: +75 deg. C (Environmental temperature),SONY ISX017,Rolling Shutter,"1/3.2""",3.5 (H) x 3.5 (V) µm,25 (W) x 25 (H) x 24.8 (D) mm,Approximately 17 g,S Mount,IR cut filter on it,52808-1571 (Molex) x 1 (Common power/IO connector),52808-1571 (Molex) x 1 (Common interface connector),"Full scanning (1,280x720) / ROI (1,280x960)",Free run,RGB8bits,1.65 to 16 mseconds,0 to 40 dB,,1.0 / Manual,,,Vertical flip / Horizontal flip / Vertical and horizontal flip / Off,Support,Support,Auto exposure / Auto gain,,Auto / Manual / Push to set white balance,,,,
Sentech,stc-s133mip-dalcs,MIPI Cameras,STC-S133MIP-DALCS,Area Camera,1.3MP,Color,"1,280 (H) x 720 (V)",60.0 fps,MIPI CSI-2 2 lane,MIPI CSI-2 2 lane,External power (+3.15 to +5.0 V),Less than 0.7 W,Lower limit: 0 deg. C (Environmental temperature) Upper limit: +60 deg. C (Environmental temperature),Lower limit: -20 deg. C (Environmental temperature) Upper limit: +75 deg. C (Environmental temperature),SONY ISX017,Rolling Shutter,"1/3.2""",3.5 (H) x 3.5 (V) µm,25 (W) x 25 (H) x 21.9 (D) mm,Approximately 18 g,CS Mount,Dual pass filter on it,52808-1571 (Molex) x 1 (Common power/IO connector),52808-1571 (Molex) x 1 (Common interface connector),"Full scanning (1,280x720) / ROI (1,280x960)",Free run,RGB8bits,1.65 to 16 mseconds,0 to 40 dB,,1.0 / Manual,,,Vertical flip / Horizontal flip / Vertical and horizontal flip / Off,Support,Support,Auto exposure / Auto gain,,Auto / Manual / Push to set white balance,,,,
Sentech,stc-s133mip-dall,MIPI Cameras,STC-S133MIP-DALL,Area Camera,1.3MP,Color,"1,280 (H) x 720 (V)",60.0 fps,MIPI CSI-2 2 lane,MIPI CSI-2 2 lane,External power (+3.15 to +5.0 V),Less than 0.7 W,Lower limit: 0 deg. C (Environmental temperature) Upper limit: +60 deg. C (Environmental temperature),Lower limit: -20 deg. C (Environmental temperature) Upper limit: +75 deg. C (Environmental temperature),SONY ISX017,Rolling Shutter,"1/3.2""",3.5 (H) x 3.5 (V) µm,25 (W) x 25 (H) x 24.8 (D) mm,Approximately 17 g,S Mount,Dual pass filter on it,52808-1571 (Molex) x 1 (Common power/IO connector),52808-1571 (Molex) x 1 (Common interface connector),"Full scanning (1,280x720) / ROI (1,280x960)",Free run,RGB8bits,1.65 to 16 mseconds,0 to 40 dB,,1.0 / Manual,,,Vertical flip / Horizontal flip / Vertical and horizontal flip / Off,Support,Support,Auto exposure / Auto gain,,Auto / Manual / Push to set white balance,,,,
Sentech,stc-s133n-nf,Color TV Format Cameras,STC-S133N-NF,Area Camera,NTSC (0.61MP),Color,"1,280 (H) x 486 (V)",59.94 fps,Analog TV format,NTSC (SMTPE170M),External power (+5.6 to +13.2 Vdc),Less than 0.7 W,Lower limit: 0 deg. C (Environmental temperature) Upper limit: +45 deg. C (Environmental temperature),Lower limit: -20 deg. C (Environmental temperature) Upper liimt: +85 deg. C (Environmental temperature),SONY ISX017,Rolling Shutter,"1/3.2""",3.5 (H) x 3.5 (V) µm,23 (W) x 20 (H) x 8.2 (D) mm,Approximately 6 g,No Lens Mount,Dual pass filter on it,BM8B-SRSS-TB (JST) x 1 (Common Power/IO connector),BM8B-SRSS-TB (JST) x 1 (Common interface connector),Full scanning,Free run,NTSC (SMTPE170M),1.65 to 16 mseconds,0 to 40 dB,,Manual / 1.0,,,Vertical flip / Horizontal flip / Vertical and horizontal flip / Off,Support,Support,Auto exposure / Auto gain,,Auto / Manual / Push to set white balance,,,,
Sentech,stc-s133n,Color TV Format Cameras,STC-S133N,Area Camera,NTSC (0.61MP),Color,"1,280 (H) x 486 (V)",59.94 fps,Analog TV format,NTSC (SMTPE170M),External power (+5.6 to +13.2 Vdc),Less than 0.7 W,Lower limit: 0 deg. C (Environmental temperature) Upper limit: +45 deg. C (Environmental temperature),Lower limit: -20 deg. C (Environmental temperature) Upper liimt: +85 deg. C (Environmental temperature),SONY ISX017,Rolling Shutter,"1/3.2""",3.5 (H) x 3.5 (V) µm,23 (W) x 20 (H) x 8.2 (D) mm,Approximately 6 g,No Lens Mount,Dual pass filter on it,BM8B-SRSS-TB (JST) x 1 (Common Power/IO connector),BM8B-SRSS-TB (JST) x 1 (Common interface connector),Full scanning,Free run,NTSC (SMTPE170M),1.65 to 16 mseconds,0 to 40 dB,,Manual / 1.0,,,Vertical flip / Horizontal flip / Vertical and horizontal flip / Off,Support,Support,Auto exposure / Auto gain,,Auto / Manual / Push to set white balance,,,,
Sentech,stc-s133n-cs,Color TV Format Cameras,STC-S133N-CS,Area Camera,NTSC (0.61MP),Color,"1,280 (H) x 486 (V)",59.94 fps,Analog TV format,NTSC (SMTPE170M),External power (+5.6 to +13.2 Vdc),Less than 0.7 W,Lower limit: 0 deg. C (Environmental temperature) Upper limit: +60 deg. C (Environmental temperature),Lower limit: -20 deg. C (Environmental temperature) Upper liimt: +85 deg. C (Environmental temperature),SONY ISX017,Rolling Shutter,"1/3.2""",3.5 (H) x 3.5 (V) µm,28 diameter x 14.8 (D) mm,Approximately 10 g,No Lens Mount,Dual pass filter on it,BM8B-SRSS-TB (JST) x 1 (Common Power/IO connector),BM8B-SRSS-TB (JST) x 1 (Common interface connector),Full scanning,Free run,NTSC (SMTPE170M),1.65 to 16 mseconds,0 to 40 dB,,Manual / 1.0,,,Vertical flip / Horizontal flip / Vertical and horizontal flip / Off,Support,Support,Auto exposure / Auto gain,,Auto / Manual / Push to set white balance,,,,
Sentech,stc-s133n-l,Color TV Format Cameras,STC-S133N-L,Area Camera,NTSC (0.61MP),Color,"1,280 (H) x 486 (V)",59.94 fps,Analog TV format,NTSC (SMTPE170M),External power (+5.6 to +13.2 Vdc),Less than 0.7 W,Lower limit: 0 deg. C (Environmental temperature) Upper limit: +45 deg. C (Environmental temperature),Lower limit: -20 deg. C (Environmental temperature) Upper liimt: +85 deg. C (Environmental temperature),SONY ISX017,Rolling Shutter,"1/3.2""",3.5 (H) x 3.5 (V) µm,25 (W) x 22 (H) x 17.6 (D) mm,Approximately 11 g,S Mount,Dual pass filter on it,BM8B-SRSS-TB (JST) x 1 (Common Power/IO connector),BM8B-SRSS-TB (JST) x 1 (Common interface connector),Full scanning,Free run,NTSC (SMTPE170M),1.65 to 16 mseconds,0 to 40 dB,,Manual / 1.0,,,Vertical flip / Horizontal flip / Vertical and horizontal flip / Off,Support,Support,Auto exposure / Auto gain,,Auto / Manual / Push to set white balance,,,,
Sentech,stc-s133n-ls,Color TV Format Cameras,STC-S133N-LS,Area Camera,NTSC (0.61MP),Color,"1,280 (H) x 486 (V)",59.94 fps,Analog TV format,NTSC (SMTPE170M),External power (+5.6 to +13.2 Vdc),Less than 0.7 W,Lower limit: 0 deg. C (Environmental temperature) Upper limit: +45 deg. C (Environmental temperature),Lower limit: -20 deg. C (Environmental temperature) Upper liimt: +85 deg. C (Environmental temperature),SONY ISX017,Rolling Shutter,"1/3.2""",3.5 (H) x 3.5 (V) µm,25 (W) x 22 (H) x 17.6 (D) mm,Approximately 11 g,S Mount,Dual pass filter on it,BM8B-SRSS-TB (JST) x 1 (Common Power/IO connector),BM8B-SRSS-TB (JST) x 1 (Common interface connector),Full scanning,Free run,NTSC (SMTPE170M),1.65 to 16 mseconds,0 to 40 dB,,Manual / 1.0,,,Vertical flip / Horizontal flip / Vertical and horizontal flip / Off,Support,Support,Auto exposure / Auto gain,,Auto exposure / Auto gain,,,,
Sentech,stc-s133n-i,Color TV Format Cameras,STC-S133N-I,Area Camera,NTSC (0.61MP),Color,"1,280 (H) x 486 (V)",59.94 fps,Analog TV format,NTSC (SMTPE170M),External power (+5.6 to +13.2 Vdc),Less than 0.7 W,Lower limit: 0 deg. C (Environmental temperature) Upper limit: +45 deg. C (Environmental temperature),Lower limit: -20 deg. C (Environmental temperature) Upper liimt: +85 deg. C (Environmental temperature),SONY ISX017,Rolling Shutter,"1/3.2""",3.5 (H) x 3.5 (V) µm,25 (W) x 22 (H) x 14.4 (D) mm,Approximately 6 g,No Lens Mount,IR cut filter on it,BM8B-SRSS-TB (JST) x 1 (Common Power/IO connector),BM8B-SRSS-TB (JST) x 1 (Common interface connector),Full scanning,Free run,NTSC (SMTPE170M),1.65 to 16 mseconds,0 to 40 dB,,Manual / 1.0,,,Vertical flip / Horizontal flip / Vertical and horizontal flip / Off,Support,Support,Auto exposure / Auto gain,,Auto / Manual / Push to set white balance,,,,
Sentech,stc-s133n-ics,Color TV Format Cameras,STC-S133N-ICS,Area Camera,NTSC (0.61MP),Color,"1,280 (H) x 486 (V)",59.94 fps,Analog TV format,NTSC (SMTPE170M),External power (+5.6 to +13.2 Vdc),Less than 0.7 W,Lower limit: 0 deg. C (Environmental temperature) Upper limit: +60 deg. C (Environmental temperature),Lower limit: -20 deg. C (Environmental temperature) Upper liimt: +85 deg. C (Environmental temperature),SONY ISX017,Rolling Shutter,"1/3.2""",3.5 (H) x 3.5 (V) µm,28 diameter x 14.8 (D) mm,Approximately 10 g,CS Mount,IR cut filter on it,BM8B-SRSS-TB (JST) x 1 (Common Power/IO connector),BM8B-SRSS-TB (JST) x 1 (Common interface connector),Full scanning,Free run,NTSC (SMTPE170M),1.65 to 16 mseconds,0 to 40 dB,,Manual / 1.0,,,Vertical flip / Horizontal flip / Vertical and horizontal flip / Off,Support,Support,Auto exposure / Auto gain,,Auto / Manual / Push to set white balance,,,,
Sentech,stc-s133n-il,Color TV Format Cameras,STC-S133N-IL,Area Camera,NTSC (0.61MP),Color,"1,280 (H) x 486 (V)",59.94 fps,Analog TV format,NTSC (SMTPE170M),External power (+5.6 to +13.2 Vdc),Less than 0.7 W,Lower limit: 0 deg. C (Environmental temperature) Upper limit: +45 deg. C (Environmental temperature),Lower limit: -20 deg. C (Environmental temperature) Upper liimt: +85 deg. C (Environmental temperature),SONY ISX017,Rolling Shutter,"1/3.2""",3.5 (H) x 3.5 (V) µm,25 (W) x 22 (H) x 17.6 (D) mm,Approximately 11 g,S Mount,IR cut filter on it,BM8B-SRSS-TB (JST) x 1 (Common Power/IO connector),BM8B-SRSS-TB (JST) x 1 (Common interface connector),Full scanning,Free run,NTSC (SMTPE170M),1.65 to 16 mseconds,0 to 40 dB,,Manual / 1.0,,,Vertical flip / Horizontal flip / Vertical and horizontal flip / Off,Support,Support,Auto exposure / Auto gain,,Auto / Manual / Push to set white balance,,,,
Sentech,stc-s133n-ils,Color TV Format Cameras,STC-S133N-ILS,Area Camera,NTSC (0.61MP),Color,"1,280 (H) x 486 (V)",59.94 fps,Analog TV format,NTSC (SMTPE170M),External power (+5.6 to +13.2 Vdc),Less than 0.7 W,Lower limit: 0 deg. C (Environmental temperature) Upper limit: +45 deg. C (Environmental temperature),Lower limit: -20 deg. C (Environmental temperature) Upper liimt: +85 deg. C (Environmental temperature),SONY ISX017,Rolling Shutter,"1/3.2""",3.5 (H) x 3.5 (V) µm,25 (W) x 22 (H) x 14.4 (D) mm,Approximately 10 g,S Mount,IR cut filter on it,BM8B-SRSS-TB (JST) x 1 (Common Power/IO connector),BM8B-SRSS-TB (JST) x 1 (Common interface connector),Full scanning,Free run,NTSC (SMTPE170M),1.65 to 16 mseconds,0 to 40 dB,,Manual / 1.0,,,Vertical flip / Horizontal flip / Vertical and horizontal flip / Off,Support,Support,Auto exposure / Auto gain,,Auto / Manual / Push to set white balance,,,,
Sentech,stc-s133n-acs,Color TV Format Cameras,STC-S133N-ACS,Area Camera,NTSC (0.61MP),Color,"1,280 (H) x 486 (V)",59.94 fps,Analog TV format,NTSC (SMTPE170M),External power (+5.6 to +13.2 Vdc),Less than 0.7 W,Lower limit: 0 deg. C (Environmental temperature) Upper limit: +60 deg. C (Environmental temperature),Lower limit: -20 deg. C (Environmental temperature) Upper liimt: +85 deg. C (Environmental temperature),SONY ISX017,Rolling Shutter,"1/3.2""",3.5 (H) x 3.5 (V) µm,25 (W) x 25 (H) x 22 (D) mm,Approximately 21 g,CS Mount,Dual pass filter on it,BM8B-SRSS-TB (JST) x 1 (Common Power/IO connector),BM8B-SRSS-TB (JST) x 1 (Common interface connector),Full scanning,Free run,NTSC (SMTPE170M),1.65 to 16 mseconds,0 to 40 dB,,Manual / 1.0,,,Vertical flip / Horizontal flip / Vertical and horizontal flip / Off,Support,Support,Auto exposure / Auto gain,,Auto / Manual / Push to set white balance,,,,
Sentech,stc-s133n-al,Color TV Format Cameras,STC-S133N-AL,Area Camera,NTSC (0.61MP),Color,"1,280 (H) x 486 (V)",59.94 fps,Analog TV format,NTSC (SMTPE170M),External power (+5.6 to +13.2 Vdc),Less than 0.7 W,Lower limit: 0 deg. C (Environmental temperature) Upper limit: +45 deg. C (Environmental temperature),Lower limit: -20 deg. C (Environmental temperature) Upper liimt: +85 deg. C (Environmental temperature),SONY ISX017,Rolling Shutter,"1/3.2""",3.5 (H) x 3.5 (V) µm,25 (W) x 25 (H) x 14.4 (D) mm,Approximately20 g,S Mount,Dual pass filter on it,BM8B-SRSS-TB (JST) x 1 (Common Power/IO connector),BM8B-SRSS-TB (JST) x 1 (Common interface connector),Full scanning,Free run,NTSC (SMTPE170M),1.65 to 16 mseconds,0 to 40 dB,,Manual / 1.0,,,Vertical flip / Horizontal flip / Vertical and horizontal flip / Off,Support,Support,Auto exposure / Auto gain,,Auto / Manual / Push to set white balance,,,,
Sentech,stc-s133n-iacs,Color TV Format Cameras,STC-S133N-IACS,Area Camera,NTSC (0.61MP),Color,"1,280 (H) x 486 (V)",59.94 fps,Analog TV format,NTSC (SMTPE170M),External power (+5.6 to +13.2 Vdc),Less than 0.7 W,Lower limit: 0 deg. C (Environmental temperature) Upper limit: +60 deg. C (Environmental temperature),Lower limit: -20 deg. C (Environmental temperature) Upper liimt: +85 deg. C (Environmental temperature),SONY ISX017,Rolling Shutter,"1/3.2""",3.5 (H) x 3.5 (V) µm,25 (W) x 25 (H) x 22 (D) mm,Approximately 21 g,C Mount,IR cut filter on it,BM8B-SRSS-TB (JST) x 1 (Common Power/IO connector),BM8B-SRSS-TB (JST) x 1 (Common interface connector),Full scanning,Free run,NTSC (SMTPE170M),1.65 to 16 mseconds,0 to 40 dB,,Manual / 1.0,,,Vertical flip / Horizontal flip / Vertical and horizontal flip / Off,Support,Support,Auto exposure / Auto gain,,Auto / Manual / Push to set white balance,,,,
Sentech,stc-s133n-ial,Color TV Format Cameras,STC-S133N-IAL,Area Camera,NTSC (0.61MP),Color,"1,280 (H) x 486 (V)",59.94 fps,Analog TV format,NTSC (SMTPE170M),External power (+5.6 to +13.2 Vdc),Less than 0.7 W,Lower limit: 0 deg. C (Environmental temperature) Upper limit: +45 deg. C (Environmental temperature),Lower limit: -20 deg. C (Environmental temperature) Upper liimt: +85 deg. C (Environmental temperature),SONY ISX017,Rolling Shutter,"1/3.2""",3.5 (H) x 3.5 (V) µm,25 (W) x 25 (H) x 14.4 (D) mm,Approximately20 g,CS Mount,IR cut filter on it,BM8B-SRSS-TB (JST) x 1 (Common Power/IO connector),BM8B-SRSS-TB (JST) x 1 (Common interface connector),Full scanning,Free run,NTSC (SMTPE170M),1.65 to 16 mseconds,0 to 40 dB,,Manual / 1.0,,,Vertical flip / Horizontal flip / Vertical and horizontal flip / Off,Support,Support,Auto exposure / Auto gain,,Auto / Manual / Push to set white balance,,,,
Sentech,stc-s133p-nf,Color TV Format Cameras,STC-S133P-NF,Area Camera,PAL (0.69MP),Color,"1,211 (H) x 576 (V)",50.0 fps,Analog TV format,PAL (ITU-R BT.1700),External power (+5.6 to +13.2 Vdc),Less than 0.7 W,Lower limit: 0 deg. C (Environmental temperature) Upper limit: +45 deg. C (Environmental temperature),Lower limit: -20 deg. C (Environmental temperature) Upper liimt: +85 deg. C (Environmental temperature),SONY ISX017,Rolling Shutter,"1/3.2""",3.5 (H) x 3.5 (V) µm,22.4 (W) x 19 (H) x 2.72 (D) mm,Approximately 2 g,No Lens Mount,No optical filter,BM8B-SRSS-TB (JST) x 1 (Common Power/IO connector),BM8B-SRSS-TB (JST) x 1 (Common interface connector),Full scanning,Free run,PAL (ITU-R BT.1700),1.65 to 20 mseconds,0 to 40 dB,,Manual / 1.0,,,Vertical flip / Horizontal flip / Vertical and horizontal flip / Off,Support,Support,Auto exposure / Auto gain,Support,Auto / Manual / Push to set white balance,,,,
Sentech,stc-s133p,Color TV Format Cameras,STC-S133P,Area Camera,PAL (0.69MP),Color,"1,211 (H) x 576 (V)",50.0 fps,Analog TV format,PAL (ITU-R BT.1700),External power (+5.6 to +13.2 Vdc),Less than 0.7 W,Lower limit: 0 deg. C (Environmental temperature) Upper limit: +45 deg. C (Environmental temperature),Lower limit: -20 deg. C (Environmental temperature) Upper liimt: +85 deg. C (Environmental temperature),SONY ISX017,Rolling Shutter,"1/3.2""",3.5 (H) x 3.5 (V) µm,23 (W) x 20 (H) x 8.2 (D) mm,Approximately 6 g,No Lens Mount,Dual pass filter on it,BM8B-SRSS-TB (JST) x 1 (Common Power/IO connector),BM8B-SRSS-TB (JST) x 1 (Common interface connector),Full scanning,Free run,PAL (ITU-R BT.1700),1.65 to 20 mseconds,0 to 40 dB,,Manual / 1.0,,,Vertical flip / Horizontal flip / Vertical and horizontal flip / Off,Support,Support,Auto exposure / Auto gain,,Auto / Manual / Push to set white balance,,,,
Sentech,stc-s133p-cs,Color TV Format Cameras,STC-S133P-CS,Area Camera,PAL (0.69MP),Color,"1,211 (H) x 576 (V)",50.0 fps,Analog TV format,PAL (ITU-R BT.1700),External power (+5.6 to +13.2 Vdc),Less than 0.7 W,Lower limit: 0 deg. C (Environmental temperature) Upper limit: +60 deg. C (Environmental temperature),Lower limit: -20 deg. C (Environmental temperature) Upper liimt: +85 deg. C (Environmental temperature),SONY ISX017,Rolling Shutter,"1/3.2""",3.5 (H) x 3.5 (V) µm,28 diameter x 14.8 (D) mm,Approximately 10 g,CS Mount,Dual pass filter on it,BM8B-SRSS-TB (JST) x 1 (Common Power/IO connector),BM8B-SRSS-TB (JST) x 1 (Common interface connector),Full scanning,Free run,PAL (ITU-R BT.1700),1.65 to 20 mseconds,0 to 40 dB,,Manual / 1.0,,,Vertical flip / Horizontal flip / Vertical and horizontal flip / Off,Support,Support,Auto exposure / Auto gain,,Auto / Manual / Push to set white balance,,,,
Sentech,stc-s133p-l,Color TV Format Cameras,STC-S133P-L,Area Camera,PAL (0.69MP),Color,"1,211 (H) x 576 (V)",50.0 fps,Analog TV format,PAL (ITU-R BT.1700),External power (+5.6 to +13.2 Vdc),Less than 0.7 W,Lower limit: 0 deg. C (Environmental temperature) Upper limit: +45 deg. C (Environmental temperature),Lower limit: -20 deg. C (Environmental temperature) Upper liimt: +85 deg. C (Environmental temperature),SONY ISX017,Rolling Shutter,"1/3.2""",3.5 (H) x 3.5 (V) µm,25 (W) x 22 (H) x 17.6 (D) mm,Approximately 11 g,S Mount,Dual pass filter on it,BM8B-SRSS-TB (JST) x 1 (Common Power/IO connector),BM8B-SRSS-TB (JST) x 1 (Common interface connector),Full scanning,Free run,PAL (ITU-R BT.1700),1.65 to 20 mseconds,0 to 40 dB,,Manual / 1.0,,,Vertical flip / Horizontal flip / Vertical and horizontal flip / Off,Support,Support,Auto exposure / Auto gain,,Auto / Manual / Push to set white balance,,,,
Sentech,stc-s133p-ls,Color TV Format Cameras,STC-S133P-LS,Area Camera,PAL (0.69MP),Color,"1,211 (H) x 576 (V)",50.0 fps,Analog TV format,PAL (ITU-R BT.1700),External power (+5.6 to +13.2 Vdc),Less than 0.7 W,Lower limit: 0 deg. C (Environmental temperature) Upper limit: +45 deg. C (Environmental temperature),Lower limit: -20 deg. C (Environmental temperature) Upper liimt: +85 deg. C (Environmental temperature),SONY ISX017,Rolling Shutter,"1/3.2""",3.5 (H) x 3.5 (V) µm,25 (W) x 22 (H) x 14.4 (D) mm,Approximately 10 g,S Mount,Dual pass filter on it,BM8B-SRSS-TB (JST) x 1 (Common Power/IO connector),BM8B-SRSS-TB (JST) x 1 (Common interface connector),Full scanning,Free run,PAL (ITU-R BT.1700),1.65 to 20 mseconds,0 to 40 dB,,Manual / 1.0,,,Vertical flip / Horizontal flip / Vertical and horizontal flip / Off,Support,Support,Auto exposure / Auto gain,,Auto / Manual / Push to set white balance,,,,
Sentech,stc-s133p-i,Color TV Format Cameras,STC-S133P-I,Area Camera,PAL (0.69MP),Color,"1,211 (H) x 576 (V)",50.0 fps,Analog TV format,PAL (ITU-R BT.1700),External power (+5.6 to +13.2 Vdc),Less than 0.7 W,Lower limit: 0 deg. C (Environmental temperature) Upper limit: +45 deg. C (Environmental temperature),Lower limit: -20 deg. C (Environmental temperature) Upper liimt: +85 deg. C (Environmental temperature),SONY ISX017,Rolling Shutter,"1/3.2""",3.5 (H) x 3.5 (V) µm,23 (W) x 20 (H) x 8.2 (D) mm,Approximately 10 g,No Lens Mount,IR cut filter on it,BM8B-SRSS-TB (JST) x 1 (Common Power/IO connector),BM8B-SRSS-TB (JST) x 1 (Common interface connector),Full scanning,Free run,PAL (ITU-R BT.1700),1.65 to 20 mseconds,0 to 40 dB,,Manual / 1.0,,,Vertical flip / Horizontal flip / Vertical and horizontal flip / Off,Support,Support,Auto exposure / Auto gain,,Auto / Manual / Push to set white balance,,,,
Sentech,stc-s133p-ics,Color TV Format Cameras,STC-S133P-ICS,Area Camera,PAL (0.69MP),Color,"1,211 (H) x 576 (V)",50.0 fps,Analog TV format,PAL (ITU-R BT.1700),External power (+5.6 to +13.2 Vdc),Less than 0.7 W,Lower limit: 0 deg. C (Environmental temperature) Upper limit: +60 deg. C (Environmental temperature),Lower limit: -20 deg. C (Environmental temperature) Upper liimt: +85 deg. C (Environmental temperature),SONY ISX017,Rolling Shutter,"1/3.2""",3.5 (H) x 3.5 (V) µm,28 diameter x 14.8 (D) mm,Approximately 10 g,CS Mount,IR cut filter on it,BM8B-SRSS-TB (JST) x 1 (Common Power/IO connector),BM8B-SRSS-TB (JST) x 1 (Common interface connector),Full scanning,Free run,PAL (ITU-R BT.1700),1.65 to 20 mseconds,0 to 40 dB,,Manual / 1.0,,,Vertical flip / Horizontal flip / Vertical and horizontal flip / Off,Support,Support,Auto exposure / Auto gain,,Auto / Manual / Push to set white balance,,,,
Sentech,stc-s133p-il,Color TV Format Cameras,STC-S133P-IL,Area Camera,PAL (0.69MP),Color,,"1,211 (H) x 576 (V)",Analog TV format,PAL (ITU-R BT.1700),External power (+5.6 to +13.2 Vdc),Less than 0.7 W,Lower limit: 0 deg. C (Environmental temperature) Upper limit: +45 deg. C (Environmental temperature),Lower limit: -20 deg. C (Environmental temperature) Upper liimt: +85 deg. C (Environmental temperature),SONY ISX017,Rolling Shutter,"1/3.2""",3.5 (H) x 3.5 (V) µm,25 (W) x 22 (H) x 17.6 (D) mm,Approximately 11 g,S Mount,IR cut filter on it,BM8B-SRSS-TB (JST) x 1 (Common Power/IO connector),BM8B-SRSS-TB (JST) x 1 (Common interface connector),Full scanning,Free run,PAL (ITU-R BT.1700),1.65 to 20 mseconds,0 to 40 dB,,Manual / 1.0,,,Vertical flip / Horizontal flip / Vertical and horizontal flip / Off,Support,Support,Auto exposure / Auto gain,,Auto / Manual / Push to set white balance,,,,
Sentech,stc-s133p-ils,Color TV Format Cameras,STC-S133P-ILS,Area Camera,PAL (0.69MP),Color,"1,211 (H) x 576 (V)",50.0 fps,Analog TV format,PAL (ITU-R BT.1700),External power (+5.6 to +13.2 Vdc),Less than 0.7 W,Lower limit: 0 deg. C (Environmental temperature) Upper limit: +45 deg. C (Environmental temperature),Lower limit: -20 deg. C (Environmental temperature) Upper liimt: +85 deg. C (Environmental temperature),SONY ISX017,Rolling Shutter,"1/3.2""",3.5 (H) x 3.5 (V) µm,25 (W) x 22 (H) x 14.4 (D) mm,Approximately 10 g,S Mount,IR cut filter on it,BM8B-SRSS-TB (JST) x 1 (Common Power/IO connector),BM8B-SRSS-TB (JST) x 1 (Common interface connector),Full scanning,Free run,PAL (ITU-R BT.1700),1.65 to 20 mseconds,0 to 40 dB,,Manual / 1.0,,,Vertical flip / Horizontal flip / Vertical and horizontal flip / Off,Support,Support,Auto exposure / Auto gain,,Auto / Manual / Push to set white balance,,,,
Sentech,stc-s133p-acs,Color TV Format Cameras,STC-S133P-ACS,Area Camera,PAL (0.69MP),Color,"1,211 (H) x 576 (V)",50.0 fps,Analog TV format,PAL (ITU-R BT.1700),External power (+5.6 to +13.2 Vdc),Less than 0.7 W,Lower limit: 0 deg. C (Environmental temperature) Upper limit: +60 deg. C (Environmental temperature),Lower limit: -20 deg. C (Environmental temperature) Upper liimt: +85 deg. C (Environmental temperature),SONY ISX017,Rolling Shutter,"1/3.2""",3.5 (H) x 3.5 (V) µm,36 (W) x 36 (H) x 37 (D) mm,25 (W) x 25 (H) x 22 (D) mm,CS Mount,Dual pass filter on it,BM8B-SRSS-TB (JST) x 1 (Common Power/IO connector),BM8B-SRSS-TB (JST) x 1 (Common interface connector),Full scanning,Free run,PAL (ITU-R BT.1700),1.65 to 20 mseconds,0 to 40 dB,,Manual / 1.0,,,Vertical flip / Horizontal flip / Vertical and horizontal flip / Off,Support,Support,Auto exposure / Auto gain,,Auto / Manual / Push to set white balance,,,,
Sentech,stc-s133p-al,Color TV Format Cameras,STC-S133P-AL,Area Camera,PAL (0.69MP),Color,"1,211 (H) x 576 (V)",50.0 fps,Analog TV format,PAL (ITU-R BT.1700),External power (+5.6 to +13.2 Vdc),Less than 0.7 W,Lower limit: 0 deg. C (Environmental temperature) Upper limit: +45 deg. C (Environmental temperature),Lower limit: -20 deg. C (Environmental temperature) Upper liimt: +85 deg. C (Environmental temperature),SONY ISX017,Rolling Shutter,"1/3.2""",3.5 (H) x 3.5 (V) µm,25 (W) x 25 (H) x 14.4 (D) mm,Approximately20 g,S Mount,Dual pass filter on it,BM8B-SRSS-TB (JST) x 1 (Common Power/IO connector),BM8B-SRSS-TB (JST) x 1 (Common interface connector),Full scanning,Free run,PAL (ITU-R BT.1700),1.65 to 20 mseconds,0 to 40 dB,,Manual / 1.0,,,Vertical flip / Horizontal flip / Vertical and horizontal flip / Off,Support,Support,Auto exposure / Auto gain,,Auto / Manual / Push to set white balance,,,,
Sentech,stc-s133p-iacs,Color TV Format Cameras,STC-S133P-IACS,Area Camera,PAL (0.69MP),Color,"1,211 (H) x 576 (V)",50.0 fps,Analog TV format,PAL (ITU-R BT.1700),External power (+5.6 to +13.2 Vdc),Less than 0.7 W,Lower limit: 0 deg. C (Environmental temperature) Upper limit: +60 deg. C (Environmental temperature),Lower limit: -20 deg. C (Environmental temperature) Upper liimt: +85 deg. C (Environmental temperature),SONY ISX017,Rolling Shutter,"1/3.2""",3.5 (H) x 3.5 (V) µm,25 (W) x 25 (H) x 22 (D) mm,Approximately 21 g,CS Mount,IR cut filter on it,BM8B-SRSS-TB (JST) x 1 (Common Power/IO connector),BM8B-SRSS-TB (JST) x 1 (Common interface connector),Full scanning,Free run,PAL (ITU-R BT.1700),1.65 to 20 mseconds,0 to 40 dB,,Manual / 1.0,,,Vertical flip / Horizontal flip / Vertical and horizontal flip / Off,Support,Support,Auto exposure / Auto gain,,Auto / Manual / Push to set white balance,,,,
Sentech,stc-s133p-ial,Color TV Format Cameras,STC-S133P-IAL,Area Camera,PAL (0.69MP),Color,"1,211 (H) x 576 (V)",50.0 fps,Analog TV format,PAL (ITU-R BT.1700),External power (+5.6 to +13.2 Vdc),Less than 0.7 W,Lower limit: 0 deg. C (Environmental temperature) Upper limit: +45 deg. C (Environmental temperature),Lower limit: -20 deg. C (Environmental temperature) Upper liimt: +85 deg. C (Environmental temperature),SONY ISX017,Rolling Shutter,"1/3.2""",3.5 (H) x 3.5 (V) µm,25 (W) x 25 (H) x 14.4 (D) mm,Approximately20 g,S Mount,IR cut filter on it,BM8B-SRSS-TB (JST) x 1 (Common Power/IO connector),BM8B-SRSS-TB (JST) x 1 (Common interface connector),Full scanning,Free run,PAL (ITU-R BT.1700),1.65 to 20 mseconds,0 to 40 dB,,Manual / 1.0,,,Vertical flip / Horizontal flip / Vertical and horizontal flip / Off,Support,Support,Auto exposure / Auto gain,,Auto / Manual / Push to set white balance,,,,
Sentech,stc-s133n-bj,Color TV Format Cameras (Cased),STC-S133N-BJ,Area Camera,NTSC (1.2MP),Color,"1,280 (H) x 960 (V)",59.94 fps,Analog TV format,NTSC (SMTPE170M),External power (+5.6 to +13.2 Vdc),Less than 0.78 W,Lower limit: 0 deg. C (Environmental temperature) Upper limit: +40 deg. C (Environmental temperature),Lower limit: -10 deg. C (Environmental temperature) Upper limit: +60 deg. C (Environmental temperature),SONY ISX017,Rolling Shutter,"1/3.2""",3.5 (H) x 3.5 (V) µm,36 (W) x 36 (H) x 37 (D) mm,Approximately 68 g,CS Mount,IR cut filter on it,BNC x 1,Power: DC jack x 1 Control: 3.5mm stereo pin jack x 1,Full scanning,Free run,NTSC (SMTPE170M),1.65 to 16 mseconds,0 to 40 dB,,Manual / 1.0,,,Vertical flip / Horizontal flip / Vertical and horizontal flip / Off,Support,Support,Auto exposure / Auto gain,,Auto / Manual / Push to set white balance,,,,
Sentech,stc-s133n-bt,Color TV Format Cameras (Cased),STC-S133N-BT,Area Camera,NTSC (1.2MP),Color,"1,280 (H) x 960 (V)",59.94 fps,Analog TV format,NTSC (SMTPE170M),External power (+5.6 to +13.2 Vdc),Less than 0.78 W,Lower limit: 0 deg. C (Environmental temperature) Upper limit: +40 deg. C (Environmental temperature),Lower limit: -10 deg. C (Environmental temperature) Upper limit: +60 deg. C (Environmental temperature),SONY ISX017,Rolling Shutter,"1/3.2""",3.5 (H) x 3.5 (V) µm,36 (W) x 36 (H) x 37 (D) mm,Approximately 67.5 g,CS Mount,IR cut filter on it,BNC x 1,Power: Power terminal x 1 Control: 3.5mm stereo pin jack x 1,Full scanning,Free run,NTSC (SMTPE170M),1.65 to 16 mseconds,0 to 40 dB,,Manual / 1.0,,,Vertical flip / Horizontal flip / Vertical and horizontal flip / Off,Support,Support,Auto exposure / Auto gain,,Auto / Manual / Push to set white balance,,,,
Sentech,stc-s133p-bj,Color TV Format Cameras (Cased),STC-S133P-BJ,Area Camera,PAL (1.18MP),Color,"1,280 (H) x 924 (V)",50.0 fps,Analog TV format,PAL (ITU-R BT.1700),External power (+5.6 to +13.2 Vdc),Less than 0.78 W,Lower limit: 0 deg. C (Environmental temperature) Upper limit: +40 deg. C (Environmental temperature),Lower limit: -10 deg. C (Environmental temperature) Upper limit: +60 deg. C (Environmental temperature),SONY ISX017,Rolling Shutter,"1/3.2""",3.5 (H) x 3.5 (V) µm,36 (W) x 36 (H) x 37 (D) mm,Approximately 68 g,CS Mount,IR cut filter on it,BNC x 1,Power: DC jack x 1 Control: 3.5mm stereo pin jack x 1,Full scanning,Free run,PAL (ITU-R BT.1700),1.65 to 20 mseconds,0 to 40 dB,,Manual / 1.0,,,Vertical flip / Horizontal flip / Vertical and horizontal flip / Off,Support,Support,Auto exposure / Auto gain,,Auto / Manual / Push to set white balance,,,,
Sentech,stc-s133p-bt,Color TV Format Cameras (Cased),STC-S133P-BT,Area Camera,PAL (1.18MP),Color,"1,280 (H) x 924 (V)",50.0 fps,Analog TV format,PAL (ITU-R BT.1700),External power (+5.6 to +13.2 Vdc),Less than 0.78 W,Lower limit: 0 deg. C (Environmental temperature) Upper limit: +40 deg. C (Environmental temperature),Lower limit: -10 deg. C (Environmental temperature) Upper limit: +60 deg. C (Environmental temperature),SONY ISX017,Rolling Shutter,"1/3.2""",3.5 (H) x 3.5 (V) µm,36 (W) x 36 (H) x 37 (D) mm,Approximately 67.5 g,CS Mount,IR cut filter on it,BNC x 1,Power: Power terminal x 1 Control: 3.5mm stereo pin jack x 1,Full scanning,Free run,PAL (ITU-R BT.1700),1.65 to 20 mseconds,0 to 40 dB,,Manual / 1.0,,,Vertical flip / Horizontal flip / Vertical and horizontal flip / Off,Support,Support,Auto exposure / Auto gain,,Auto / Manual / Push to set white balance,,,,
