brand,model_name,camera_type,family_name,부품 번호,해상도,메가픽셀,최대 라인 속도,센서 모델,화소 크기,센서 유형,스펙트럼,렌즈 마운트,동기화,데이터 인터페이스,보호,부분 이미지 모드,사용자 세트,이미지 처리,플래시 메모리,획득 모드,단파장,동적 범위 dB,일시적 다크 노이즈(리드 노이즈),장파장,최대 파장 값,포화 능력 (e-),디지털화 비트 깊이(ADC),보관 온도,소요 전력,작동 습도,작동 온도,저장소 습도,전력 소비량 [최대],질량,커넥터,크기 [W x H x D],전력원 설비,포트,필수 액세서리,규정 준수,머신 비전(Machine Vision) 기준,Camera Type,Sensor Technology,Supported Interfaces,Spectrum Capability,Features,Part Number,Resolution,Max Line Rate,Sensor Model,Pixel Size,Sensor Type,Shutter type,Spectrum,Optical Filter,Lens Mount,Synchronization,Data Interface,Protection,Acquisition Modes,Exposure Control,Exposure Range,Flash Memory,Gain Control,Image Buffer,Image Processing,Partial Image Modes,User Sets,Dynamic Range dB,Gain Range,Peak Wavelength,QE Blue,QE Green,QE Red,Responsivity,Saturation Capacity (e-),Connector,Digitization Bit Depth (ADC),Dimensions [W x H x L],Mass,Non-Isolated I/O Ports,Operating Humidity,Operating Temperature,Power Consumption [Maximum],Power Requirements,Storage Humidity,Storage Temperature,Port,Power Sourcing Equipment,Required Accessories,Compliance,Machine Vision Standard,Warranty,QE (Mono),Temporal Dark Noise (Read Noise),Power Supply,Opto-isolated I/O Ports,Spectral rate,Typical spectrometric well capacity,Digitization,Minimum exposure,Sensor type,Max Frame Rate Standard,Conversion Gain,Dark Current,Full Well Capacity (Qsat),Read Noise,Sensor Material,Cooling,Mounting,Accessories (Included),OS,셔터 유형,광학 필터,게인 (Gain) 제어,노출 범위,노출 제어,이미지 버퍼,게인 (Gain) 범위,응답성,QE 그린,QE 레드,QE 블루,비절연 I/O 포트,보증,QE(모노),최대 프레임 속도 표준,센서 형식,화이트 밸런스,양자 효율,절대 예민도 역치 (y),광아이솔레이터_격리 IO 포트,보조 출력,센서 셔터 유형,Quantum Efficiency,Spectrum Capabilities,Read Noise (median),Megapixels,Sensor Diagonal,Color/Mono,Triggering Modes,Dynamic Range,Field of View,CPU,Hard Drive,RAM,Certification,최대 프레임 속도 터보드라이브/무손실 압축,시리얼 포트,운영 시스템 [권장],하드 드라이브,CPU [권장],High Dynamic Range,Frame Rate,Readout,컬러/모노,리드 노이즈,센서 소재,암전류,전체 웰 용량(Qsat),시야각 (FOV),액세서리(포함 사항),인증,최대 프레임 속도 버스트,전력 소비량,동작 범위,Options,Max Frame Rate Burst,Sensor Format,White Balance,Quantum efficiency,Pixel size,Dark Noise,Max Frame Rate Turbodrive/Lossless Compression,Absolute Sensitivity Threshold (y),Serial Port,GPIO,Shutter Type,C-Mount Coupler Magnification,Angular FOV,Aperture,Dewar Hours,Operation Mode,Dark Current Noise,작업 거리,마운트 장착,베이스라인,교정,3D Processing,비디오 출력(SDK),_mp_combined,_res_combined,_pixel_combined,_fps_combined,_shutter_combined,_line_rate_combined,_spectrum_combined,_spectrum_range_combined,_mount_combined,_interface_combined,_dim_combined,_weight_combined,_sensor_arch_combined
Teledyne Dalsa,KL-GS-12H03H-00-L25,Line Scan,KL-GS-12H03H-00-L25,KL-GS-12H03H-00-L25,"1,280 x 256",0.327,2.3 kHz,Teledyne DALSA,14,InGaAs,SWIR,M42x1 (lens included),"Free-running, external trigger",10 GigEVision,IP54,"ROI, multi ROI, spectral and digital bining",,"Flat-field correction, defective pixel correction, linearity correction",256 MB,Synchronous,950,61,120 e-,"1,750","1,750",120 ke,"12-bit, 12-bit packed",-20 C to 60 C,24 V via GPIO connector,15 to 85% (no condensation),5-45 C ambient,15 to 85% (no condensation),22 W,2.3 kg,M12 to RJ45 Ethernet,100 x 120 x 184 mm,External camera power supply,M12 Ethernet (10 Gbps),"Cable, 10 GigE NIC or Xtium XGV frame grabber","CE, FCC, RoHS. The ECCN for this product is: EAR099(?)","GigE Vision™ v1.2, Onvif™ v1.01, http, rtsp, udp, SMPTE 292M, SMPTE 424M",,,,,,,,,,,,,,,,,,,,,,,,,,,,,,,,,,,,,,,,,,,,,,,,,,,,,,,,,,,,,,,,,,,,,,,,,,,,,,,,,,,,,,,,,,,,,,,,,,,,,,,,,,,,,,,,,,,,,,,,,,,,,,,,,,,,,,,,,,,,,,,,,,,,,,0.327,"1,280 x 256",,,,2.3 kHz,SWIR,,M42x1 (lens included),10 GigEVision,100 x 120 x 184 mm,2.3 kg,InGaAs
Teledyne Dalsa,Linea Lite 2k Color L2-GC-02K02B-00-A,Line Scan,Linea Lite,,,,,,,,,,,,,,,,,,,,,,,,,,,,,,,,,,,,,,,Line Scan,CMOS,GigE Vision,Visible (400-700 nm),Power over Ethernet (PoE),L2-GC-02k02B,2048 x 2 (Bilinear),25 kHz,Teledyne e2v,14,CMOS,Global shutter,Color,,M42 x 1 mm,"Image sync: Free-running, software & hardware trigger, action command | Timestamp Sync: PTP (IEEE1588)",Gigabit Ethernet 1 Gbps,IP30,Continuous  / Single Frame,"Hardware trigger, programmable via camera API",5 µs to 2500 µs,32 MB non-volatile memory,Manual,90 MB,"Image Compression (TurboDrive), Gamma, Lookup table,  Pixel correction, Flat line correction and Line spacial correction","ROI, Muti-ROI",4 user configuration sets for custom camera settings,72.0,1x to 10x,R 680 / G 550 / B 470 nm,Peak @ 470 nm,Peak @ 550 nm,Peak @ 680 nm,"55, 40, 25 (DN8/nJ/cm2)",30000,RJ-45 (vertical & horizontal locking) | HD15 type (female),"8-bit, 12-bit",46 mm × 46 mm × 37 mm,111 g,"2 RS-422 input, 2 RS-422 output, 1 RS-422 Bi-directional",15 to 85% (no condensation),-10°C to 65°C (measured at the front face of the camera),5 W,Power Over Ethernet (PoE) or 12 to 24 V via GPIO connector,15 to 85% (no condensation),-20°C to 80°C,Gigabit Ethernet Port,IEEE802.3af-2003 PoE Interface Card / Injector/ Switch or External Camera Power Supply,"Lens, Cable, Host Adapter (GigE Nic or Xtium2-XGV frame grabber)","CE, FCC, KCC, RoHS. The ECCN for this product is: EAR099.",GigE Vision v1.2,3 years,,,,,,,,,,,,,,,,,,,,,,,,,,,,,,,,,,,,,,,,,,,,,,,,,,,,,,,,,,,,,,,,,,,,,,,,,,,,,,,,,,,,,,,,,,,,,,,,,,,2048 x 2 (Bilinear),14,,Global shutter,25 kHz,Color,Visible (400-700 nm),M42 x 1 mm,Gigabit Ethernet 1 Gbps,46 mm × 46 mm × 37 mm,111 g,CMOS
Teledyne Dalsa,Linea Lite 2k Mono L2-GM-02K05B-00-A,Line Scan,Linea Lite,,,,,,,,,,,,,,,,,,,,,,,,,,,,,,,,,,,,,,,Line Scan,CMOS,GigE Vision,Visible (400-700 nm),Power over Ethernet (PoE),L2-GM-02K05B-00-A,2048 x 2 (Bilinear),50 kHz,Teledyne e2v,14,CMOS,Global shutter,Mono,,M42 x 1 mm,"Image sync: Free-running, software & hardware trigger, action command | Timestamp Sync: PTP (IEEE1588)",Gigabit Ethernet 1 Gbps,IP30,Continuous  / Single Frame,"Hardware trigger, programmable via camera API",5 µs to 2500 µs,32 MB non-volatile memory,Manual,90 MB,"Image Compression (TurboDrive), Gamma, Lookup table,  Pixel correction, Flat line correction and Line spacial correction","Pixel binning,  ROI, Muti-ROI",4 user configuration sets for custom camera settings,72.0,1x to 10x,700 nm,,,,75 (DN8/nJ/cm2),30000,RJ-45 (vertical & horizontal locking) | HD15 type (female),"8-bit, 12-bit",46 mm × 46 mm × 37 mm,111 g,"2 RS-422 input, 2 RS-422 output, 1 RS-422 Bi-directional",15 to 85% (no condensation),-10°C to 65°C (measured at the front face of the camera),5 W,Power Over Ethernet (PoE) or 12 to 24 V via GPIO connector,15 to 85% (no condensation),-20°C to 80°C,Gigabit Ethernet Port,IEEE802.3af-2003 PoE Interface Card / Injector/ Switch or External Camera Power Supply,"Lens, Cable, Host Adapter (GigE Nic or Xtium2-XGV frame grabber)","CE, FCC, KCC, RoHS. The ECCN for this product is: EAR099.",GigE Vision v1.2,3 years,700 nm,,,,,,,,,,,,,,,,,,,,,,,,,,,,,,,,,,,,,,,,,,,,,,,,,,,,,,,,,,,,,,,,,,,,,,,,,,,,,,,,,,,,,,,,,,,,,,,,,,2048 x 2 (Bilinear),14,,Global shutter,50 kHz,Mono,Visible (400-700 nm),M42 x 1 mm,Gigabit Ethernet 1 Gbps,46 mm × 46 mm × 37 mm,111 g,CMOS
Teledyne Dalsa,Linea Lite 4k Color L2-GC-04K01B-00-A,Line Scan,Linea Lite,,,,,,,,,,,,,,,,,,,,,,,,,,,,,,,,,,,,,,,Line Scan,CMOS,GigE Vision,Visible (400-700 nm),Power over Ethernet (PoE),L2-GC-04k01B,4096 x 2 (Bilinear),12.5 kHz,Teledyne e2v,7,CMOS,Global shutter,Color,,M42 x 1 mm,"Image sync: Free-running, software & hardware trigger, action command | Timestamp Sync: PTP (IEEE1588)",Gigabit Ethernet 1 Gbps,IP30,Continuous  / Single Frame,"Hardware trigger, programmable via camera API",5 µs to 2500 µs,32 MB non-volatile memory,Manual,90 MB,"Image Compression (TurboDrive), Gamma, Lookup table,  Pixel correction, Flat line correction and Line spacial correction","ROI, Muti-ROI",4 user configuration sets for custom camera settings,72.0,1x to 10x,R 625 / G 550 / B 470 nm,Peak @ 470 nm,Peak @ 550 nm,Peak @ 625 nm,"9, 9, 6 (DN8/nJ/cm2)",30000,RJ-45 (vertical & horizontal locking) | HD15 type (female),"8-bit, 12-bit",46 mm × 46 mm × 37 mm,111 g,"2 RS-422 input, 2 RS-422 output, 1 RS-422 Bi-directional",15 to 85% (no condensation),-10°C to 65°C (measured at the front face of the camera),5 W,Power Over Ethernet (PoE) or 12 to 24 V via GPIO connector,15 to 85% (no condensation),-20°C to 80°C,Gigabit Ethernet Port,IEEE802.3af-2003 PoE Interface Card / Injector/ Switch or External Camera Power Supply,"Lens, Cable, Host Adapter (GigE Nic or Xtium2-XGV frame grabber)","CE, FCC, KCC, RoHS. The ECCN for this product is: EAR099.",GigE Vision v1.2,3 years,,,,,,,,,,,,,,,,,,,,,,,,,,,,,,,,,,,,,,,,,,,,,,,,,,,,,,,,,,,,,,,,,,,,,,,,,,,,,,,,,,,,,,,,,,,,,,,,,,,4096 x 2 (Bilinear),7,,Global shutter,12.5 kHz,Color,Visible (400-700 nm),M42 x 1 mm,Gigabit Ethernet 1 Gbps,46 mm × 46 mm × 37 mm,111 g,CMOS
Teledyne Dalsa,Linea Lite 4k Mono L2-GM-04K02B-00-A,Line Scan,Linea Lite,,,,,,,,,,,,,,,,,,,,,,,,,,,,,,,,,,,,,,,Line Scan,CMOS,GigE Vision,Visible (400-700 nm),Power over Ethernet (PoE),L2-GM-04K02B-00-A,4096 x 2 (Bilinear),25 kHz,Teledyne e2v,7,CMOS,Global shutter,Mono,,M42 x 1 mm,"Image sync: Free-running, software & hardware trigger, action command | Timestamp Sync: PTP (IEEE1588)",Gigabit Ethernet 1 Gbps,IP30,Continuous  / Single Frame,"Hardware trigger, programmable via camera API",5 µs to 2500 µs,32 MB non-volatile memory,Manual,90 MB,"Image Compression (TurboDrive), Gamma, Lookup table,  Pixel correction, Flat line correction and Line spacial correction","Pixel binning,  ROI, Muti-ROI",4 user configuration sets for custom camera settings,72.0,1x to 10x,700 nm,,,,12 (DN8/nJ/cm2),30000,RJ-45 (vertical & horizontal locking) | HD15 type (female),"8-bit, 12-bit",46 mm × 46 mm × 37 mm,111 g,"2 RS-422 input, 2 RS-422 output, 1 RS-422 Bi-directional",15 to 85% (no condensation),-10°C to 65°C (measured at the front face of the camera),5 W,Power Over Ethernet (PoE) or 12 to 24 V via GPIO connector,15 to 85% (no condensation),-20°C to 80°C,Gigabit Ethernet Port,IEEE802.3af-2003 PoE Interface Card / Injector/ Switch or External Camera Power Supply,"Lens, Cable, Host Adapter (GigE Nic or Xtium2-XGV frame grabber)","CE, FCC, KCC, RoHS. The ECCN for this product is: EAR099.",GigE Vision v1.2,3 years,700 nm,,,,,,,,,,,,,,,,,,,,,,,,,,,,,,,,,,,,,,,,,,,,,,,,,,,,,,,,,,,,,,,,,,,,,,,,,,,,,,,,,,,,,,,,,,,,,,,,,,4096 x 2 (Bilinear),7,,Global shutter,25 kHz,Mono,Visible (400-700 nm),M42 x 1 mm,Gigabit Ethernet 1 Gbps,46 mm × 46 mm × 37 mm,111 g,CMOS
Teledyne Dalsa,Linea Lite 8k Mono L2-GM-08K02S-00-A,Line Scan,Linea Lite,,,,,,,,,,,,,,,,,,,,,,,,,,,,,,,,,,,,,,,Line Scan,CMOS,GigE Vision,Visible (400-700 nm),Power over Ethernet (PoE),L2-GM-08K02S-00-A,8192 x 1 SR,25 kHz,Teledyne e2v,3.5 SR,CMOS,Global shutter,Mono,,M42 x 1 mm,"Image sync: Free-running, software & hardware trigger, action command | Timestamp Sync: PTP (IEEE1588)",Gigabit Ethernet 1 Gbps,IP30,Continuous  / Single Frame,"Hardware trigger, programmable via camera API",5 µs to 2500 µs,32 MB non-volatile memory,Manual,90 MB,"Image Compression (TurboDrive), Gamma, Lookup table,  Pixel correction, Flat line correction and Line spacial correction","Pixel binning, ROI, Muti-ROI",4 user configuration sets for custom camera settings,72.0,1x to 10x,700 nm,,,,12 (DN8/nJ/cm2),30000,RJ-45 (vertical & horizontal locking) | HD15 type (female),"8-bit, 12-bit",46 mm × 46 mm × 37 mm,111 g,,15 to 85% (no condensation),-10°C to 65°C (measured at the front face of the camera),,Power Over Ethernet (PoE) or 12 to 24 V via GPIO connector,15 to 85% (no condensation),-20°C to 80°C,Gigabit Ethernet Port,IEEE802.3af-2003 PoE Interface Card / Injector/ Switch or External Camera Power Supply,"Lens, Cable, Host Adapter (GigE Nic or Xtium2-XGV frame grabber)","CE, FCC, KCC, RoHS. The ECCN for this product is: EAR099.",GigE Vision v1.2,3 years,,,,,,,,,,,,,,,,,,,,,,,,,,,,,,,,,,,,,,,,,,,,,,,,,,,,,,,,,,,,,,,,,,,,,,,,,,,,,,,,,,,,,,,,,,,,,,,,,,,8192 x 1 SR,3.5 SR,,Global shutter,25 kHz,Mono,Visible (400-700 nm),M42 x 1 mm,Gigabit Ethernet 1 Gbps,46 mm × 46 mm × 37 mm,111 g,CMOS
Teledyne Dalsa,Linea Color 2k 26 kHz GigE LA-GC-02K05B,Line Scan,Linea,,,,,,,,,,,,,,,,,,,,,,,,,,,,,,,,,,,,,,,Line Scan,CMOS,"GigE Vision, Camera Link, Camera Link HS, Gigabit Ethernet","Visible (400-700 nm), Near Infrared (700-1000 nm)",Power over Ethernet (PoE),LA-GC-02K05B,2048 x 2 (Bilinear),26 kHz / 45 kHz with TurboDrive,Teledyne DALSA,7.04,CMOS,Global shutter,Color,,M42 x 1 mm,"Image sync: Free-running, software & hardware trigger",Gigabit Ethernet 1 Gbps,IP30,Continuous  / Single Frame,"Hardware trigger, programmable via camera API",,512 MB non-volatile memory,Manual,224 MB,"Image Compression (TurboDrive), Pixel correction, Flat line correction and Line spacial correction","ROI, Muti-ROI",2 user configuration sets for custom camera settings,60.0,1x to 10x,R 640 / G 520 / B 480 nm,Peak @ 480 nm,Peak @ 520 nm,Peak @ 640 nm,"22, 18, 18 (DN8/nJ/cm2)",20000,RJ-45 (vertical & horizontal locking) | HD15 type (female),8-bit,62 mm x 62 mm x 47 mm,280 g,"2 RS-422 input, 2 RS-422 output, 2 RS-422 Bi-directional",15 to 85% (no condensation),0°C to 65°C (measured at the front face of the camera),8  W,12 to 24 V via GPIO connector,15 to 85% (no condensation),-20°C to 80°C,Gigabit Ethernet Port,External Camera Power Supply,"Lens, Cable, Host Adapter (GigE Nic or Xtium2-XGV frame grabber)","CE, FCC, KCC, RoHS. The ECCN for this product is: EAR099.",GigE Vision v1.2,3 years,,,,,,,,,,,,,,,,,,,,,,,,,,,,,,,,,,,,,,,,,,,,,,,,,,,,,,,,,,,,,,,,,,,,,,,,,,,,,,,,,,,,,,,,,,,,,,,,,,,2048 x 2 (Bilinear),7.04,,Global shutter,26 kHz / 45 kHz with TurboDrive,Color,"Visible (400-700 nm), Near Infrared (700-1000 nm)",M42 x 1 mm,Gigabit Ethernet 1 Gbps,62 mm x 62 mm x 47 mm,280 g,CMOS
Teledyne Dalsa,Linea Color 4k 13 kHz GigE LA-GC-04K05B,Line Scan,Linea,,,,,,,,,,,,,,,,,,,,,,,,,,,,,,,,,,,,,,,Line Scan,CMOS,"GigE Vision, Camera Link, Camera Link HS, Gigabit Ethernet","Visible (400-700 nm), Near Infrared (700-1000 nm)",Power over Ethernet (PoE),LA-GC-04K05B,4096 x 2 (Bilinear),13 kHz / 45 kHz with TurboDrive,Teledyne DALSA,7.04,CMOS,Global shutter,Color,,M42 x 1 mm,"Image sync: Free-running, software & hardware trigger",Gigabit Ethernet 1 Gbps,IP30,Continuous  / Single Frame,"Hardware trigger, programmable via camera API",,512 MB non-volatile memory,Manual,224 MB,"Image Compression (TurboDrive), Pixel correction, Flat line correction and Line spacial correction","ROI, Muti-ROI",2 user configuration sets for custom camera settings,60.0,1x to 10x,R 640 / G 520 / B 480 nm,Peak @ 480 nm,Peak @ 520 nm,Peak @ 640 nm,"22, 18, 18 (DN8/nJ/cm2)",20000,RJ-45 (vertical & horizontal locking) | HD15 type (female),8-bit,62 mm x 62 mm x 47 mm,280 g,"2 RS-422 input, 2 RS-422 output, 2 RS-422 Bi-directional",15 to 85% (no condensation),0°C to 65°C (measured at the front face of the camera),8  W,12 to 24 V via GPIO connector,15 to 85% (no condensation),-20°C to 80°C,Gigabit Ethernet Port,External Camera Power Supply,"Lens, Cable, Host Adapter (GigE Nic or Xtium2-XGV frame grabber)","CE, FCC, KCC, RoHS. The ECCN for this product is: EAR099.",GigE Vision v1.2,3 years,,,,,,,,,,,,,,,,,,,,,,,,,,,,,,,,,,,,,,,,,,,,,,,,,,,,,,,,,,,,,,,,,,,,,,,,,,,,,,,,,,,,,,,,,,,,,,,,,,,4096 x 2 (Bilinear),7.04,,Global shutter,13 kHz / 45 kHz with TurboDrive,Color,"Visible (400-700 nm), Near Infrared (700-1000 nm)",M42 x 1 mm,Gigabit Ethernet 1 Gbps,62 mm x 62 mm x 47 mm,280 g,CMOS
Teledyne Dalsa,Linea Color 4k 48 kHz CL LA-CC-04K05B,Line Scan,Linea,,,,,,,,,,,,,,,,,,,,,,,,,,,,,,,,,,,,,,,Line Scan,CMOS,"GigE Vision, Camera Link, Camera Link HS, Gigabit Ethernet","Visible (400-700 nm), Near Infrared (700-1000 nm)",Power over Ethernet (PoE),LA-CC-04K05B,4096 x 2 (Bilinear),48 kHz,Teledyne DALSA,7.04,CMOS,Global shutter,Color,,M42 x 1 mm,"Image sync: Free-running, external trigger, CC1 trigger","Camera Link (Base, Medium, Full & Deca configuration)",IP30,Continuous,"Hardware trigger, programmable via camera API",,512 MB non-volatile memory,Manual,,"Lookup table,  Pixel correction and Flat line correction","ROI, Muti-ROI",2 user configuration sets for custom camera settings,60.0,1x to 10x,R 640 / G 520 / B 480 nm,Peak @ 480 nm,Peak @ 520 nm,Peak @ 640 nm,"22, 18, 18 (DN8/nJ/cm2)",20000,2x SDR-26 | Hirose 6-pin circular (male),"8-bit, 12-bit",62 mm x 62 mm x 31 mm,190 g,1 input (CC1),15 to 85% (no condensation),0°C to 65°C (measured at the front face of the camera),8  W,Power-Over-CameraLink (PoCL) or 12 to 24 V via GPIO,15 to 85% (no condensation),-20°C to 80°C,CameraLink (2 x SDR-26 cables),PoCL or External Camera Power Supply,"Lens, Cable, Host Adapter (CameraLink frame grabber)","CE, FCC, KCC, RoHS. The ECCN for this product is: EAR099.",CameraLink v.2.1,3 years,,,,,,,,,,,,,,,,,,,,,,,,,,,,,,,,,,,,,,,,,,,,,,,,,,,,,,,,,,,,,,,,,,,,,,,,,,,,,,,,,,,,,,,,,,,,,,,,,,,4096 x 2 (Bilinear),7.04,,Global shutter,48 kHz,Color,"Visible (400-700 nm), Near Infrared (700-1000 nm)",M42 x 1 mm,"Camera Link (Base, Medium, Full & Deca configuration)",62 mm x 62 mm x 31 mm,190 g,CMOS
Teledyne Dalsa,Linea Color 8k 48 kHz CL LA-CC-08K05B,Line Scan,Linea,,,,,,,,,,,,,,,,,,,,,,,,,,,,,,,,,,,,,,,Line Scan,CMOS,"GigE Vision, Camera Link, Camera Link HS, Gigabit Ethernet","Visible (400-700 nm), Near Infrared (700-1000 nm)",Power over Ethernet (PoE),LA-CC-08K05B,8192 x 2 (Bilinear),48 kHz,Teledyne DALSA,7.04,CMOS,Global shutter,Color,,M72 x 0.75 mm,"Image sync: Free-running, external trigger, CC1 trigger","Camera Link (Base, Medium, Full & Deca configuration)",IP30,Continuous,"Hardware trigger, programmable via camera API",,512 MB non-volatile memory,Manual,,"Lookup table,  Pixel correction and Flat line correction","ROI, Muti-ROI",2 user configuration sets for custom camera settings,60.0,1x to 10x,R 640 / G 520 / B 480 nm,Peak @ 480 nm,Peak @ 520 nm,Peak @ 640 nm,"22, 18, 18 (DN8/nJ/cm2)",20000,2x SDR-26 | Hirose 6-pin circular (male),"8-bit, 12-bit",76 mm x 76 mm x 31 mm,310 g,1 input (CC1),15 to 85% (no condensation),0°C to 65°C (measured at the front face of the camera),11 W,Power-Over-CameraLink (PoCL) or 12 to 24 V via GPIO,15 to 85% (no condensation),-20°C to 80°C,CameraLink (2 x SDR-26 cables),PoCL or External Camera Power Supply,"Lens, Cable, Host Adapter (CameraLink frame grabber)","CE, FCC, KCC, RoHS. The ECCN for this product is: EAR099.",CameraLink v.2.1,3 years,,,,,,,,,,,,,,,,,,,,,,,,,,,,,,,,,,,,,,,,,,,,,,,,,,,,,,,,,,,,,,,,,,,,,,,,,,,,,,,,,,,,,,,,,,,,,,,,,,,8192 x 2 (Bilinear),7.04,,Global shutter,48 kHz,Color,"Visible (400-700 nm), Near Infrared (700-1000 nm)",M72 x 0.75 mm,"Camera Link (Base, Medium, Full & Deca configuration)",76 mm x 76 mm x 31 mm,310 g,CMOS
Teledyne Dalsa,Linea Mono 16k 48 kHz CL LA-CM-16K05A,Line Scan,Linea,,,,,,,,,,,,,,,,,,,,,,,,,,,,,,,,,,,,,,,Line Scan,CMOS,"GigE Vision, Camera Link, Camera Link HS, Gigabit Ethernet","Visible (400-700 nm), Near Infrared (700-1000 nm)",Power over Ethernet (PoE),LA-CM-16K05A,16384 x 1,48 kHz,Teledyne DALSA,3.52,CMOS,Global shutter,Mono,,M72 x 0.75 mm,"Image sync: Free-running, external trigger, CC1 trigger","Camera Link (Base, Medium, Full & Deca configuration)",IP30,Continuous,"Hardware trigger, programmable via camera API",,512 MB non-volatile memory,Manual,,"Lookup table,  Pixel correction and Flat line correction","ROI, Muti-ROI",2 user configuration sets for custom camera settings,60.0,1x to 10x,570 nm,,,,80 DN / (nJ / cm2 ) in 12 bit @ 1x gain,20000,2x SDR-26 | Hirose 6-pin circular (male),"8-bit, 12-bit",76 mm x 76 mm x 36.7 mm,360 g,1 input (CC1),15 to 85% (no condensation),0°C to 65°C (measured at the front face of the camera),11 W,Power-Over-CameraLink (PoCL) or 12 to 24 V via GPIO,15 to 85% (no condensation),-20°C to 80°C,CameraLink (2 x SDR-26 cables),PoCL or External Camera Power Supply,"Lens, Cable, Host Adapter (CameraLink frame grabber)","CE, FCC, KCC, RoHS. The ECCN for this product is: EAR099.",CameraLink v.2.1,3 years,,,,,,,,,,,,,,,,,,,,,,,,,,,,,,,,,,,,,,,,,,,,,,,,,,,,,,,,,,,,,,,,,,,,,,,,,,,,,,,,,,,,,,,,,,,,,,,,,,,16384 x 1,3.52,,Global shutter,48 kHz,Mono,"Visible (400-700 nm), Near Infrared (700-1000 nm)",M72 x 0.75 mm,"Camera Link (Base, Medium, Full & Deca configuration)",76 mm x 76 mm x 36.7 mm,360 g,CMOS
Teledyne Dalsa,Linea Mono 16K 71 kHz CLHS LA-HM-16K07A,Line Scan,Linea,,,,,,,,,,,,,,,,,,,,,,,,,,,,,,,,,,,,,,,Line Scan,CMOS,"GigE Vision, Camera Link, Camera Link HS, Gigabit Ethernet","Visible (400-700 nm), Near Infrared (700-1000 nm)",Power over Ethernet (PoE),LA-HM-16K07A,16384 x 1,71 kHz,Teledyne DALSA,3.52,CMOS,Global shutter,Mono,,M72 x 0.75 mm,"Image sync: Free-running,  external trigger, CLHS trigger",Camera Link HS (CX4/AOC),IP30,Continuous,"Hardware trigger, programmable via camera API",,517 MB non-volatile memory,Manual,,"Lookup table,  Pixel correction and Flat line correction","ROI, Muti-ROI",2 user configuration sets for custom camera settings,60.0,1x to 10x,570 nm,,,,71  (DN8/nJ/cm2),20000,CX4 | Hirose 6-pin circular (male),8-bit,76 mm x 76 mm x 53 mm,360 g,,15 to 85% (no condensation),0°C to 65°C (measured at the front face of the camera),,12 to 24 V via GPIO connector,15 to 85% (no condensation),-20°C to 80°C,CLHS 7 Data Lanes (10.3 Gbps/lane),External Camera Power Supply,"Lens, Cable, Host Adapter (Xtium2-CLHS PX8 CLHS frame grabber pn: OR-A8S0-PX870)","CE, FCC, KCC, RoHS. The ECCN for this product is: EAR099.",CameraLink HS v1.0,3 years,,,,,,,,,,,,,,,,,,,,,,,,,,,,,,,,,,,,,,,,,,,,,,,,,,,,,,,,,,,,,,,,,,,,,,,,,,,,,,,,,,,,,,,,,,,,,,,,,,,16384 x 1,3.52,,Global shutter,71 kHz,Mono,"Visible (400-700 nm), Near Infrared (700-1000 nm)",M72 x 0.75 mm,Camera Link HS (CX4/AOC),76 mm x 76 mm x 53 mm,360 g,CMOS
Teledyne Dalsa,Linea Mono 2k 52 kHz GigE LA-GM-02K08A,Line Scan,Linea,,,,,,,,,,,,,,,,,,,,,,,,,,,,,,,,,,,,,,,Line Scan,CMOS,"GigE Vision, Camera Link, Camera Link HS, Gigabit Ethernet","Visible (400-700 nm), Near Infrared (700-1000 nm)",Power over Ethernet (PoE),LA-GM-02K08A,2048 x 1,52 kHz / 80 kHz with TurboDrive,Teledyne DALSA,7.04,CMOS,Global shutter,Mono,,M42 x 1 mm,"Image sync: Free-running, software & hardware trigger",Gigabit Ethernet 1 Gbps,IP30,Continuous  / Single Frame,"Hardware trigger, programmable via camera API",,512 MB non-volatile memory,Manual,224 MB,"Image Compression (TurboDrive), Pixel correction, Flat line correction and Line spacial correction","ROI, Muti-ROI",2 user configuration sets for custom camera settings,60.0,1x to 10x,570 nm,,,,20  (DN8/nJ/cm2),20000,RJ-45 (vertical & horizontal locking) | HD15 type (female),8-bit,62 mm x 62 mm x 31 mm,200 g,"2 RS-422 input, 2 RS-422 output, 2 RS-422 Bi-directional",15 to 85% (no condensation),0°C to 65°C (measured at the front face of the camera),6 W,12 to 24 V via GPIO connector,15 to 85% (no condensation),-20°C to 80°C,Gigabit Ethernet Port,External Camera Power Supply,"Lens, Cable, Host Adapter (GigE Nic or Xtium2-XGV frame grabber)","CE, FCC, KCC, RoHS. The ECCN for this product is: EAR099.",GigE Vision v1.2,3 years,,,,,,,,,,,,,,,,,,,,,,,,,,,,,,,,,,,,,,,,,,,,,,,,,,,,,,,,,,,,,,,,,,,,,,,,,,,,,,,,,,,,,,,,,,,,,,,,,,,2048 x 1,7.04,,Global shutter,52 kHz / 80 kHz with TurboDrive,Mono,"Visible (400-700 nm), Near Infrared (700-1000 nm)",M42 x 1 mm,Gigabit Ethernet 1 Gbps,62 mm x 62 mm x 31 mm,200 g,CMOS
Teledyne Dalsa,Linea Mono 2k 80 kHz CL LA-CM-02K08A,Line Scan,Linea,,,,,,,,,,,,,,,,,,,,,,,,,,,,,,,,,,,,,,,Line Scan,CMOS,"GigE Vision, Camera Link, Camera Link HS, Gigabit Ethernet","Visible (400-700 nm), Near Infrared (700-1000 nm)",Power over Ethernet (PoE),LA-CM-02K08A,2048 x 1,80 kHz,Teledyne DALSA,7.04,CMOS,Global shutter,Mono,,M42 x 1 mm,"Image sync: Free-running, external trigger, CC1 trigger","Camera Link (Base, Medium, Full & Deca configuration)",IP30,Continuous,"Hardware trigger, programmable via camera API",,512 MB non-volatile memory,Manual,,"Lookup table,  Pixel correction and Flat line correction","ROI, Muti-ROI",2 user configuration sets for custom camera settings,60.0,1x to 10x,570 nm,,,,320 DN / (nJ / cm2 ) in 12 bit at 1x gain,20000,2x SDR-26 | Hirose 6-pin circular (male),"8-bit, 12-bit",62 mm x 62 mm x 31 mm,190 g,1 input (CC1),15 to 85% (no condensation),0°C to 65°C (measured at the front face of the camera),4.5 W,Power-Over-CameraLink (PoCL) or 12 to 24 V via GPIO,15 to 85% (no condensation),-20°C to 80°C,CameraLink (2 x SDR-26 cables),PoCL or External Camera Power Supply,"Lens, Cable, Host Adapter (CameraLink frame grabber)","CE, FCC, KCC, RoHS. The ECCN for this product is: EAR099.",CameraLink v.2.1,3 years,,,,,,,,,,,,,,,,,,,,,,,,,,,,,,,,,,,,,,,,,,,,,,,,,,,,,,,,,,,,,,,,,,,,,,,,,,,,,,,,,,,,,,,,,,,,,,,,,,,2048 x 1,7.04,,Global shutter,80 kHz,Mono,"Visible (400-700 nm), Near Infrared (700-1000 nm)",M42 x 1 mm,"Camera Link (Base, Medium, Full & Deca configuration)",62 mm x 62 mm x 31 mm,190 g,CMOS
Teledyne Dalsa,Linea Mono 4k 26 kHz GigE LA-GM-04K08A,Line Scan,Linea,,,,,,,,,,,,,,,,,,,,,,,,,,,,,,,,,,,,,,,Line Scan,CMOS,"GigE Vision, Camera Link, Camera Link HS, Gigabit Ethernet","Visible (400-700 nm), Near Infrared (700-1000 nm)",Power over Ethernet (PoE),LA-GM-04K08A,4096 x 1,26 kHz / 80 kHz with TurboDrive,Teledyne DALSA,7.04,CMOS,Global shutter,Mono,,M42 x 1 mm,"Image sync: Free-running, software & hardware trigger",Gigabit Ethernet 1 Gbps,IP30,Continuous  / Single Frame,"Hardware trigger, programmable via camera API",,512 MB non-volatile memory,Manual,224 MB,"Image Compression (TurboDrive), Pixel correction, Flat line correction and Line spacial correction","ROI, Muti-ROI",2 user configuration sets for custom camera settings,60.0,1x to 10x,570 nm,,,,20  (DN8/nJ/cm2),20000,RJ-45 (vertical & horizontal locking) | HD15 type (female),8-bit,62 mm x 62 mm x 31 mm,200 g,"2 RS-422 input, 2 RS-422 output, 2 RS-422 Bi-directional",15 to 85% (no condensation),0°C to 65°C (measured at the front face of the camera),6 W,12 to 24 V via GPIO connector,15 to 85% (no condensation),-20°C to 80°C,Gigabit Ethernet Port,External Camera Power Supply,"Lens, Cable, Host Adapter (GigE Nic or Xtium2-XGV frame grabber)","CE, FCC, KCC, RoHS. The ECCN for this product is: EAR099.",GigE Vision v1.2,3 years,,,,,,,,,,,,,,,,,,,,,,,,,,,,,,,,,,,,,,,,,,,,,,,,,,,,,,,,,,,,,,,,,,,,,,,,,,,,,,,,,,,,,,,,,,,,,,,,,,,4096 x 1,7.04,,Global shutter,26 kHz / 80 kHz with TurboDrive,Mono,"Visible (400-700 nm), Near Infrared (700-1000 nm)",M42 x 1 mm,Gigabit Ethernet 1 Gbps,62 mm x 62 mm x 31 mm,200 g,CMOS
Teledyne Dalsa,Linea Mono 4k 80 kHz CL LA-CM-04K08A,Line Scan,Linea,,,,,,,,,,,,,,,,,,,,,,,,,,,,,,,,,,,,,,,Line Scan,CMOS,"GigE Vision, Camera Link, Camera Link HS, Gigabit Ethernet","Visible (400-700 nm), Near Infrared (700-1000 nm)",Power over Ethernet (PoE),LA-CM-04K08A,4096 x 1,80 kHz,Teledyne DALSA,7.04,CMOS,Global shutter,Mono,,M42 x 1 mm,"Image sync: Free-running, external trigger, CC1 trigger","Camera Link (Base, Medium, Full & Deca configuration)",IP30,Continuous,"Hardware trigger, programmable via camera API",,512 MB non-volatile memory,Manual,,"Lookup table,  Pixel correction and Flat line correction","ROI, Muti-ROI",2 user configuration sets for custom camera settings,60.0,1x to 10x,570 nm,,,,320 DN / (nJ / cm2 ) in 12 bit at 1x gain,20000,2x SDR-26 | Hirose 6-pin circular (male),"8-bit, 12-bit",62 mm x 62 mm x 31 mm,190 g,1 input (CC1),15 to 85% (no condensation),0°C to 65°C (measured at the front face of the camera),4.5 W,Power-Over-CameraLink (PoCL) or 12 to 24 V via GPIO,15 to 85% (no condensation),-20°C to 80°C,CameraLink (2 x SDR-26 cables),PoCL or External Camera Power Supply,"Lens, Cable, Host Adapter (CameraLink frame grabber)","CE, FCC, KCC, RoHS. The ECCN for this product is: EAR099.",CameraLink v.2.1,3 years,,,,,,,,,,,,,,,,,,,,,,,,,,,,,,,,,,,,,,,,,,,,,,,,,,,,,,,,,,,,,,,,,,,,,,,,,,,,,,,,,,,,,,,,,,,,,,,,,,,4096 x 1,7.04,,Global shutter,80 kHz,Mono,"Visible (400-700 nm), Near Infrared (700-1000 nm)",M42 x 1 mm,"Camera Link (Base, Medium, Full & Deca configuration)",62 mm x 62 mm x 31 mm,190 g,CMOS
Teledyne Dalsa,Linea Mono 8k 13 kHz GigE LA-GM-08K08A,Line Scan,Linea,,,,,,,,,,,,,,,,,,,,,,,,,,,,,,,,,,,,,,,Line Scan,CMOS,"GigE Vision, Camera Link, Camera Link HS, Gigabit Ethernet","Visible (400-700 nm), Near Infrared (700-1000 nm)",Power over Ethernet (PoE),LA-GM-08K08A,8192 x 1,13 kHz / 45 kHz with TurboDrive,Teledyne DALSA,7.04,CMOS,Global shutter,Mono,,M72 x 0.75 mm,"Image sync: Free-running, software & hardware trigger",Gigabit Ethernet 1 Gbps,IP30,Continuous  / Single Frame,"Hardware trigger, programmable via camera API",,512 MB non-volatile memory,Manual,224 MB,"Image Compression (TurboDrive), Pixel correction, Flat line correction and Line spacial correction","ROI, Muti-ROI",2 user configuration sets for custom camera settings,60.0,1x to 10x,570 nm,,,,13  (DN8/nJ/cm2),20000,RJ-45 (vertical & horizontal locking) | HD15 type (female),8-bit,76 mm x 76 mm x 47 mm,380 g,"2 RS-422 input, 2 RS-422 output, 2 RS-422 Bi-directional",15 to 85% (no condensation),0°C to 65°C (measured at the front face of the camera),,12 to 24 V via GPIO connector,15 to 85% (no condensation),-20°C to 80°C,Gigabit Ethernet Port,External Camera Power Supply,"Lens, Cable, Host Adapter (GigE Nic or Xtium2-XGV frame grabber)","CE, FCC, KCC, RoHS. The ECCN for this product is: EAR099.",GigE Vision v1.2,3 years,,,,,,,,,,,,,,,,,,,,,,,,,,,,,,,,,,,,,,,,,,,,,,,,,,,,,,,,,,,,,,,,,,,,,,,,,,,,,,,,,,,,,,,,,,,,,,,,,,,8192 x 1,7.04,,Global shutter,13 kHz / 45 kHz with TurboDrive,Mono,"Visible (400-700 nm), Near Infrared (700-1000 nm)",M72 x 0.75 mm,Gigabit Ethernet 1 Gbps,76 mm x 76 mm x 47 mm,380 g,CMOS
Teledyne Dalsa,Linea Mono 8k 80 kHz CL LA-CM-08K08A,Line Scan,Linea,,,,,,,,,,,,,,,,,,,,,,,,,,,,,,,,,,,,,,,Line Scan,CMOS,"GigE Vision, Camera Link, Camera Link HS, Gigabit Ethernet","Visible (400-700 nm), Near Infrared (700-1000 nm)",Power over Ethernet (PoE),LA-CM-08K08A,8192 x 1,80 kHz,Teledyne DALSA,7.04,CMOS,Global shutter,Mono,,M72 x 0.75 mm,"Image sync: Free-running, external trigger, CC1 trigger","Camera Link (Base, Medium, Full & Deca configuration)",IP30,Continuous,"Hardware trigger, programmable via camera API",,512 MB non-volatile memory,Manual,,"Lookup table,  Pixel correction and Flat line correction","ROI, Muti-ROI",2 user configuration sets for custom camera settings,60.0,1x to 10x,570 nm,,,,320 DN / (nJ / cm2 ) in 12 bit @ 1x gain,20000,2x SDR-26 | Hirose 6-pin circular (male),"8-bit, 12-bit",76 mm x 76 mm x 36.7 mm,310 g,1 input (CC1),15 to 85% (no condensation),0°C to 65°C (measured at the front face of the camera),8  W,Power-Over-CameraLink (PoCL) or 12 to 24 V via GPIO,15 to 85% (no condensation),-20°C to 80°C,CameraLink (2 x SDR-26 cables),PoCL or External Camera Power Supply,"Lens, Cable, Host Adapter (CameraLink frame grabber)","CE, FCC, KCC, RoHS. The ECCN for this product is: EAR099.",CameraLink v.2.1,3 years,,,,,,,,,,,,,,,,,,,,,,,,,,,,,,,,,,,,,,,,,,,,,,,,,,,,,,,,,,,,,,,,,,,,,,,,,,,,,,,,,,,,,,,,,,,,,,,,,,,8192 x 1,7.04,,Global shutter,80 kHz,Mono,"Visible (400-700 nm), Near Infrared (700-1000 nm)",M72 x 0.75 mm,"Camera Link (Base, Medium, Full & Deca configuration)",76 mm x 76 mm x 36.7 mm,310 g,CMOS
Teledyne Dalsa,Linea2 Color 5GigE L2-GC-04k04T-00,Line Scan,Linea2,,,,,,,,,,,,,,,,,,,,,,,,,,,,,,,,,,,,,,,,,,,,L2-GC-0404T-00,4096 x 3,40 kHz,Teledyne e2v,7,CMOS,Global shutter,Color,,M42 x 1 mm,"Image sync: Free-running, software & hardware trigger, action command | Timestamp Sync: PTP (IEEE1588)",Gigabit Ethernet 5 Gbps / 2.5 Gbps / 1 Gbps,IP30,Continuous  / Single Frame,"Hardware trigger, Individual Red, Green, Blue  programmable via camera API",5 µs to 3000 µs,32 MB non-volatile memory,Manual,90 MB,"Image Compression (TurboDrive), Gamma, Lookup table,  Pixel correction, Flat line correction and Line spacial correction","ROI, Muti-ROI",4 user configuration sets for custom camera settings,71.0,1x to 10x,R 650 / G 550 / B 460 nm,25 @450 nm,39 @550 nm,42 @620 nm,"14, 11,  6 (DN8/nJ/cm2)",32000,RJ-45 (vertical & horizontal locking) | HD15 type (female),"8-bit, 12-bit",62 mm x 62 mm x 49.3 mm,280 g,"2 RS-422 input, 2 RS-422 output, 2 RS-422 Bi-directional",15 to 85% (no condensation),-10°C to 65°C (measured at the front face of the camera),13 W,Power Over Ethernet (PoE) or 12 to 24 V via GPIO connector,15 to 85% (no condensation),-20°C to 80°C,Gigabit Ethernet Port,IEEE802.3af-2003 PoE Interface Card / Injector/ Switch or External Camera Power Supply,"Lens, Cable, Host Adapter (GigE Nic or Xtium2-XGV frame grabber)","CE, FCC, KCC, RoHS. The ECCN for this product is: EAR099.",GigE Vision v1.2,2 years,,9.5,,,,,,,,,,,,,,,,,,,,,,,,,,,,,,,,,,,,,,,,,,,,,,,,,,,,,,,,,,,,,,,,,,,,,,,,,,,,,,,,,,,,,,,,,,,,,,,,,4096 x 3,7,,Global shutter,40 kHz,Color,,M42 x 1 mm,Gigabit Ethernet 5 Gbps / 2.5 Gbps / 1 Gbps,62 mm x 62 mm x 49.3 mm,280 g,CMOS
Teledyne Dalsa,Linea2 Multispectral 5GigE L2-GC-04K03N-00,Line Scan,Linea2,,,,,,,,,,,,,,,,,,,,,,,,,,,,,,,,,,,,,,,,,,,,L2-GC-04k03N-00,4096 x 4,30 kHz,Teledyne e2v,7,CMOS,Global shutter,Color & NIR-enhanced,,M42 x 1 mm,"Image sync: Free-running, software & hardware trigger, action command | Timestamp Sync: PTP (IEEE1588)",Gigabit Ethernet 5 Gbps / 2.5 Gbps / 1 Gbps,IP30,Continuous  / Single Frame,"Hardware trigger, Individual Red, Green, Blue, NIR  programmable via camera API",5 µs to 3000 µs,32 MB non-volatile memory,Manual,90 MB,"Image Compression (TurboDrive), Gamma, Lookup table,  Pixel correction, Flat line correction and Line spacial correction","ROI, Muti-ROI",4 user configuration sets for custom camera settings,71.0,1x to 10x,R 650 / G 550 / B 460 nm,25 @450 nm,39 @550 nm,42 @620 nm,"14, 11, 6, 6 (DN8/nJ/cm2)",32000,RJ-45 (vertical & horizontal locking) | HD15 type (female),"8-bit, 12-bit",62 mm x 62 mm x 49.3 mm,280 g,"2 RS-422 input, 2 RS-422 output, 2 RS-422 Bi-directional",15 to 85% (no condensation),-10°C to 65°C (measured at the front face of the camera),13 W,Power Over Ethernet (PoE) or 12 to 24 V via GPIO connector,15 to 85% (no condensation),-20°C to 80°C,Gigabit Ethernet Port,IEEE802.3af-2003 PoE Interface Card / Injector/ Switch or External Camera Power Supply,"Lens, Cable, Host Adapter (GigE Nic or Xtium2-XGV frame grabber)","CE, FCC, KCC, RoHS. The ECCN for this product is: EAR099.",GigE Vision v1.2,2 years,,9.5,,,,,,,,,,,,,,,,,,,,,,,,,,,,,,,,,,,,,,,,,,,,,,,,,,,,,,,,,,,,,,,,,,,,,,,,,,,,,,,,,,,,,,,,,,,,,,,,,4096 x 4,7,,Global shutter,30 kHz,Color & NIR-enhanced,,M42 x 1 mm,Gigabit Ethernet 5 Gbps / 2.5 Gbps / 1 Gbps,62 mm x 62 mm x 49.3 mm,280 g,CMOS
Teledyne Dalsa,Linea ML 8k Mono ML-HM-08k30H-00-R,Line Scan,Linea ML,,,,,,,,,,,,,,,,,,,,,,,,,,,,,,,,,,,,,,,Line Scan,CMOS,"Camera Link HS, Fiber Optic","Visible (400-700 nm), Near Infrared (700-1000 nm)",,ML-HM-08k30H-00-R,8192 x 4,300 kHz,Teledyne DALSA,5,CMOS,Global shutter,Mono,,M58 x 0.75 mm,"Image sync: Free-running,  external trigger, CLHS trigger",Camera Link HS (CX4/AOC),IP30,Continuous,"Hardware trigger, Multi-Line mode programmable via camera API",,4 GB non-volatile memory,Manual,,"Lookup table,  Pixel correction and Flat line correction","Pixel binning, ROI, Muti-ROI",16 user configuration sets for custom camera settings,,1x to 10x,650 nm,,,,18 (DN8/nJ/cm2),7200,CX4 | Hirose 12-pin circular (male),"8-bit, 12-bit",76 mm × 76 mm × 85 mm,500 g,,15 to 85% (no condensation),0°C to 65°C (measured at the front face of the camera),15 W,12 to 24 V via GPIO connector,15 to 85% (no condensation),-20°C to 80°C,CLHS 7 Data Lanes (10.3 Gbps/lane),External Camera Power Supply,"Lens, Cable, Host Adapter (Xtium2-CLHS PX8 CLHS frame grabber pn: OR-A8S0-PX870)","CE, FCC, KCC, RoHS. The ECCN for this product is: EAR099.",CameraLink HS v1.0,2 years,,,,,,,,,,,,,,,,,,,,,,,,,,,,,,,,,,,,,,,,,,,,,,,,,,,,,,,,,,,,,,,,,,,,,,,,,,,,,,,,,,,,,,,,,,,,,,,,,,,8192 x 4,5,,Global shutter,300 kHz,Mono,"Visible (400-700 nm), Near Infrared (700-1000 nm)",M58 x 0.75 mm,Camera Link HS (CX4/AOC),76 mm × 76 mm × 85 mm,500 g,CMOS
Teledyne Dalsa,Linea ML 8k Multispectral ML-FC-08k07N,Line Scan,Linea ML,,,,,,,,,,,,,,,,,,,,,,,,,,,,,,,,,,,,,,,Line Scan,CMOS,"Camera Link HS, Fiber Optic","Visible (400-700 nm), Near Infrared (700-1000 nm)",,ML-FC-08k07N,8192 x 4,70 kHz,Teledyne DALSA,5,CMOS,Global shutter,Color,,M58 x 0.75 mm,"Image sync: Free-running,  external trigger, CLHS trigger",Camera Link HS (LC),IP30,Continuous,"Hardware trigger, Individual Red, Green, Blue, NIR  programmable via camera API",,4 GB non-volatile memory,Manual,,"Lookup table,  Pixel correction and Flat line correction","ROI, Muti-ROI",16 user configuration sets for custom camera settings,53.0,1x to 10x,R 625 / G 525 / B 475 nm,Peak @ 475 nm,Peak @ 525 nm,Peak @ 625 nm,"280, 200, 180 (DN8/nJ/cm2)",25000,2x LC fiber optic | Hirose 12-pin circular (male),8-bit,76 mm × 76 mm × 85 mm,500 g,,15 to 85% (no condensation),0°C to 65°C (measured at the front face of the camera),16 W,12 to 24 V via GPIO connector,15 to 85% (no condensation),-20°C to 80°C,CLHS 2 Fiber optic Lanes (10 Gbps/lane),External Camera Power Supply,"Lens, Cable, Host Adapter (Xtium2-CLHS FX8 LC CLHS frame grabber pn: OR-A8S0-FX820)","CE, FCC, KCC, RoHS. The ECCN for this product is: EAR099.",CameraLink HS v1.0,2 years,,15,,,,,,,,,,,,,,,,,,,,,,,,,,,,,,,,,,,,,,,,,,,,,,,,,,,,,,,,,,,,,,,,,,,,,,,,,,,,,,,,,,,,,,,,,,,,,,,,,8192 x 4,5,,Global shutter,70 kHz,Color,"Visible (400-700 nm), Near Infrared (700-1000 nm)",M58 x 0.75 mm,Camera Link HS (LC),76 mm × 76 mm × 85 mm,500 g,CMOS
Teledyne Dalsa,Linea ML Color 16k 141 kHz ML-FC-16K04T,Line Scan,Linea ML,,,,,,,,,,,,,,,,,,,,,,,,,,,,,,,,,,,,,,,Line Scan,CMOS,"Camera Link HS, Fiber Optic","Visible (400-700 nm), Near Infrared (700-1000 nm)",,ML-FC-16k04T-00-R,16384 x 3,141 kHz,Teledyne DALSA,5,CMOS,Global shutter,Color,,M90 x 1 mm,"Image sync: Free-running,  external trigger, CLHS trigger",Camera Link HS (LC),IP30,Continuous,"Hardware trigger, Individual Red, Green, Blue  programmable via camera API",,4 GB non-volatile memory,Manual,,"Lookup table,  Pixel correction and Flat line correction","ROI, Muti-ROI",16 user configuration sets for custom camera settings,60.0,1x to 10x,R 625 / G 525 / B 475 nm,Peak @ 475 nm,Peak @ 525 nm,Peak @ 625 nm,"16, 13, 11 (DN8/nJ/cm2)",7200,2x LC fiber optic | Hirose 12-pin circular (male),8-bit,97 mm x 140.5 mm x 78.6 mm,1.2 kg,,15 to 85% (no condensation),0°C to 65°C (measured at the front face of the camera),28 W,12 to 24 V via GPIO connector,15 to 85% (no condensation),-20°C to 80°C,CLHS 2 Fiber optic Lanes (10 Gbps/lane),External Camera Power Supply,"Lens, Cable, Host Adapter (Xtium2-CLHS FX8 LC CLHS frame grabber pn: OR-A8S0-FX820)","CE, FCC, KCC, RoHS. The ECCN for this product is: EAR099.",CameraLink HS v1.0,2 years,,,,,,,,,,,,,,,,,,,,,,,,,,,,,,,,,,,,,,,,,,,,,,,,,,,,,,,,,,,,,,,,,,,,,,,,,,,,,,,,,,,,,,,,,,,,,,,,,,,16384 x 3,5,,Global shutter,141 kHz,Color,"Visible (400-700 nm), Near Infrared (700-1000 nm)",M90 x 1 mm,Camera Link HS (LC),97 mm x 140.5 mm x 78.6 mm,1.2 kg,CMOS
Teledyne Dalsa,Linea ML Color 16k 300 kHz ML-HC-16K10T,Line Scan,Linea ML,,,,,,,,,,,,,,,,,,,,,,,,,,,,,,,,,,,,,,,Line Scan,CMOS,"Camera Link HS, Fiber Optic","Visible (400-700 nm), Near Infrared (700-1000 nm)",,ML-HC-16k10T-00-R,16384 x 3,300 kHz,Teledyne DALSA,5,CMOS,Global shutter,Color,,M90 x 1 mm,"Image sync: Free-running,  external trigger, CLHS trigger",Camera Link HS (CX4/AOC),IP30,Continuous,"Hardware trigger, Individual Red, Green, Blue  programmable via camera API",,4 GB non-volatile memory,Manual,,"Lookup table,  Pixel correction and Flat line correction","ROI, Muti-ROI",16 user configuration sets for custom camera settings,60.0,1x to 10x,R 625 / G 525 / B 475 nm,Peak @ 475 nm,Peak @ 525 nm,Peak @ 625 nm,"16, 13, 11 (DN8/nJ/cm2)",7200,CX4 | Hirose 12-pin circular (male),8-bit,97 mm x 140.5 mm x 78.6 mm,1.2 kg,,15 to 85% (no condensation),0°C to 65°C (measured at the front face of the camera),28 W,12 to 24 V via GPIO connector,15 to 85% (no condensation),-20°C to 80°C,CLHS 7 Data Lanes (10.3 Gbps/lane),External Camera Power Supply,"Lens, Cable, Host Adapter (Xtium2-CLHS PX8 CLHS frame grabber pn: OR-A8S0-PX870)","CE, FCC, KCC, RoHS. The ECCN for this product is: EAR099.",CameraLink HS v1.0,2 years,,,,,,,,,,,,,,,,,,,,,,,,,,,,,,,,,,,,,,,,,,,,,,,,,,,,,,,,,,,,,,,,,,,,,,,,,,,,,,,,,,,,,,,,,,,,,,,,,,,16384 x 3,5,,Global shutter,300 kHz,Color,"Visible (400-700 nm), Near Infrared (700-1000 nm)",M90 x 1 mm,Camera Link HS (CX4/AOC),97 mm x 140.5 mm x 78.6 mm,1.2 kg,CMOS
Teledyne Dalsa,Linea ML Color 16k 75 kHz ML-FC-16K02T,Line Scan,Linea ML,,,,,,,,,,,,,,,,,,,,,,,,,,,,,,,,,,,,,,,Line Scan,CMOS,"Camera Link HS, Fiber Optic","Visible (400-700 nm), Near Infrared (700-1000 nm)",,ML-FC-16k02T-00-R,16384 x 3,75 kHz,Teledyne DALSA,5,CMOS,Global shutter,Color,,M90 x 1 mm,"Image sync: Free-running,  external trigger, CLHS trigger",Camera Link HS (LC),IP30,Continuous,"Hardware trigger, Individual Red, Green, Blue  programmable via camera API",,4 GB non-volatile memory,Manual,,"Lookup table,  Pixel correction and Flat line correction","ROI, Muti-ROI",16 user configuration sets for custom camera settings,60.0,1x to 10x,R 625 / G 525 / B 475 nm,Peak @ 475 nm,Peak @ 525 nm,Peak @ 625 nm,"16, 13, 11 (DN8/nJ/cm2)",7200,2x LC fiber optic | Hirose 12-pin circular (male),8-bit,97 mm x 140.5 mm x 78.6 mm,1.2 kg,,15 to 85% (no condensation),0°C to 65°C (measured at the front face of the camera),28 W,12 to 24 V via GPIO connector,15 to 85% (no condensation),-20°C to 80°C,CLHS 2 Fiber optic Lanes (10 Gbps/lane),External Camera Power Supply,"Lens, Cable, Host Adapter (Xtium2-CLHS FX8 LC CLHS frame grabber pn: OR-A8S0-FX820)","CE, FCC, KCC, RoHS. The ECCN for this product is: EAR099.",CameraLink HS v1.0,2 years,,,,,,,,,,,,,,,,,,,,,,,,,,,,,,,,,,,,,,,,,,,,,,,,,,,,,,,,,,,,,,,,,,,,,,,,,,,,,,,,,,,,,,,,,,,,,,,,,,,16384 x 3,5,,Global shutter,75 kHz,Color,"Visible (400-700 nm), Near Infrared (700-1000 nm)",M90 x 1 mm,Camera Link HS (LC),97 mm x 140.5 mm x 78.6 mm,1.2 kg,CMOS
Teledyne Dalsa,Linea ML Color 8k 300 kHz ML-HC-08k10T-00-R,Line Scan,Linea ML,,,,,,,,,,,,,,,,,,,,,,,,,,,,,,,,,,,,,,,Line Scan,CMOS,"Camera Link HS, Fiber Optic","Visible (400-700 nm), Near Infrared (700-1000 nm)",,ML-HC-08k10T-00-R,8192 x 4,300 kHz,Teledyne DALSA,5,CMOS,Global shutter,Color,,M58 x 0.75 mm,"Image sync: Free-running,  external trigger, CLHS trigger",Camera Link HS (CX4/AOC),IP30,Continuous,"Hardware trigger, Individual Red, Green, Blue  programmable via camera API",,4 GB non-volatile memory,Manual,,"Lookup table,  Pixel correction and Flat line correction",,16 user configuration sets for custom camera settings,,1x to 10x,R 625 / G 525 / B 475 nm,Peak @ 475 nm,Peak @ 525 nm,Peak @ 625 nm,18 (DN8/nJ/cm2),7200,CX4 | Hirose 12-pin circular (male),"8-bit, 12-bit",76 mm × 76 mm × 85 mm,500 g,,15 to 85% (no condensation),0°C to 65°C (measured at the front face of the camera),15 W,12 to 24 V via GPIO connector,15 to 85% (no condensation),-20°C to 80°C,CLHS 7 Data Lanes (10.3 Gbps/lane),External Camera Power Supply,"Lens, Cable, Host Adapter (Xtium2-CLHS PX8 CLHS frame grabber pn: OR-A8S0-PX870)","CE, FCC, KCC, RoHS. The ECCN for this product is: EAR099.",CameraLink HS v1.0,2 years,,,,,,,,,,,,,,,,,,,,,,,,,,,,,,,,,,,,,,,,,,,,,,,,,,,,,,,,,,,,,,,,,,,,,,,,,,,,,,,,,,,,,,,,,,,,,,,,,,,8192 x 4,5,,Global shutter,300 kHz,Color,"Visible (400-700 nm), Near Infrared (700-1000 nm)",M58 x 0.75 mm,Camera Link HS (CX4/AOC),76 mm × 76 mm × 85 mm,500 g,CMOS
Teledyne Dalsa,Linea ML Color 8k Fiber 280 kHz ML-FC-08K10T,Line Scan,Linea ML,,,,,,,,,,,,,,,,,,,,,,,,,,,,,,,,,,,,,,,Line Scan,CMOS,"Camera Link HS, Fiber Optic","Visible (400-700 nm), Near Infrared (700-1000 nm)",,ML-FC-08K10T,8192 x 3,280 kHz,Teledyne DALSA,5,CMOS,Global shutter,Color,,M58 x 0.75 mm,"Image sync: Free-running,  external trigger, CLHS trigger",Camera Link HS (LC),IP30,Continuous,"Hardware trigger, Individual Red, Green, Blue  programmable via camera API",,4 GB non-volatile memory,Manual,,"Lookup table,  Pixel correction and Flat line correction","ROI, Muti-ROI",16 user configuration sets for custom camera settings,60.0,1x to 10x,R 625 / G 525 / B 475 nm,Peak @ 475 nm,Peak @ 525 nm,Peak @ 625 nm,"16, 13, 11 (DN8/nJ/cm2)",7200,2x LC fiber optic | Hirose 12-pin circular (male),8-bit,76 mm × 76 mm × 85 mm,500 g,,15 to 85% (no condensation),0°C to 65°C (measured at the front face of the camera),16 W,12 to 24 V via GPIO connector,15 to 85% (no condensation),-20°C to 80°C,CLHS 2 Fiber optic Lanes (10 Gbps/lane),External Camera Power Supply,"Lens, Cable, Host Adapter (Xtium2-CLHS FX8 LC CLHS frame grabber pn: OR-A8S0-FX820)","CE, FCC, KCC, RoHS. The ECCN for this product is: EAR099.",CameraLink HS v1.0,2 years,,,,,,,,,,,,,,,,,,,,,,,,,,,,,,,,,,,,,,,,,,,,,,,,,,,,,,,,,,,,,,,,,,,,,,,,,,,,,,,,,,,,,,,,,,,,,,,,,,,8192 x 3,5,,Global shutter,280 kHz,Color,"Visible (400-700 nm), Near Infrared (700-1000 nm)",M58 x 0.75 mm,Camera Link HS (LC),76 mm × 76 mm × 85 mm,500 g,CMOS
Teledyne Dalsa,Linea ML Mono 16k 300 kHz ML-HM-16k30H-00-R,Line Scan,Linea ML,,,,,,,,,,,,,,,,,,,,,,,,,,,,,,,,,,,,,,,Line Scan,CMOS,"Camera Link HS, Fiber Optic","Visible (400-700 nm), Near Infrared (700-1000 nm)",,ML-HM-16k30H-00-R,16384 x 4,300 kHz,Teledyne DALSA,5,CMOS,Global shutter,Mono,,M90 x 1 mm,"Image sync: Free-running,  external trigger, CLHS trigger",Camera Link HS (CX4/AOC),IP30,Continuous,"Hardware trigger, Multi-Line modeprogrammable via camera API",,4 GB non-volatile memory,Manual,,"Lookup table,  Pixel correction and Flat line correction","Pixel binning, ROI, Muti-ROI",16 user configuration sets for custom camera settings,72.0,1x to 10x,650 nm,,,,18 (DN8/nJ/cm2),7200,CX4 | Hirose 12-pin circular (male),"8-bit, 12-bit",97 mm x 140.5 mm x 78.6 mm,1.2 kg,,15 to 85% (no condensation),0°C to 65°C (measured at the front face of the camera),25 W,12 to 24 V via GPIO connector,15 to 85% (no condensation),-20°C to 80°C,CLHS 7 Data Lanes (10.3 Gbps/lane),External Camera Power Supply,"Lens, Cable, Host Adapter (Xtium2-CLHS PX8 CLHS frame grabber pn: OR-A8S0-PX870)","CE, FCC, KCC, RoHS. The ECCN for this product is: EAR099.",CameraLink HS v1.0,2 years,,,,,,,,,,,,,,,,,,,,,,,,,,,,,,,,,,,,,,,,,,,,,,,,,,,,,,,,,,,,,,,,,,,,,,,,,,,,,,,,,,,,,,,,,,,,,,,,,,,16384 x 4,5,,Global shutter,300 kHz,Mono,"Visible (400-700 nm), Near Infrared (700-1000 nm)",M90 x 1 mm,Camera Link HS (CX4/AOC),97 mm x 140.5 mm x 78.6 mm,1.2 kg,CMOS
Teledyne Dalsa,Linea ML Mono 16k Fiber 143 kHz ML-FM-16K15A,Line Scan,Linea ML,,,,,,,,,,,,,,,,,,,,,,,,,,,,,,,,,,,,,,,Line Scan,CMOS,"Camera Link HS, Fiber Optic","Visible (400-700 nm), Near Infrared (700-1000 nm)",,ML-FM-16k15A-00-R,16384 x 1,140 kHz,Teledyne DALSA,5,CMOS,Global shutter,Mono,,M90 x 1 mm,"Image sync: Free-running,  external trigger, CLHS trigger",Camera Link HS (LC),IP30,Continuous,"Hardware trigger, programmable via camera API",,4 GB non-volatile memory,Manual,,"Lookup table,  Pixel correction and Flat line correction","Pixel binning, ROI, Muti-ROI",16 user configuration sets for custom camera settings,72.0,1x to 10x,650 nm,,,,18 (DN8/nJ/cm2),7200,2x LC fiber optic | Hirose 12-pin circular (male),"8-bit, 12-bit",97 mm x 140.5 mm x 78.6 mm,1.2 kg,,15 to 85% (no condensation),0°C to 65°C (measured at the front face of the camera),25 W,12 to 24 V via GPIO connector,15 to 85% (no condensation),-20°C to 80°C,CLHS 2 Fiber optic Lanes (10 Gbps/lane),External Camera Power Supply,"Lens, Cable, Host Adapter (Xtium2-CLHS FX8 LC CLHS frame grabber pn: OR-A8S0-FX820)","CE, FCC, KCC, RoHS. The ECCN for this product is: EAR099.",CameraLink HS v1.0,2 years,,,,,,,,,,,,,,,,,,,,,,,,,,,,,,,,,,,,,,,,,,,,,,,,,,,,,,,,,,,,,,,,,,,,,,,,,,,,,,,,,,,,,,,,,,,,,,,,,,,16384 x 1,5,,Global shutter,140 kHz,Mono,"Visible (400-700 nm), Near Infrared (700-1000 nm)",M90 x 1 mm,Camera Link HS (LC),97 mm x 140.5 mm x 78.6 mm,1.2 kg,CMOS
Teledyne Dalsa,Linea ML Mono 16k Fiber 70 kHz ML-FM-16k07A-00-R,Line Scan,Linea ML,,,,,,,,,,,,,,,,,,,,,,,,,,,,,,,,,,,,,,,Line Scan,CMOS,"Camera Link HS, Fiber Optic","Visible (400-700 nm), Near Infrared (700-1000 nm)",,ML-FM-16k07A-00-R,16384 x 1,70 kHz,Teledyne DALSA,5,CMOS,Global shutter,Mono,,M90 x 1 mm,"Image sync: Free-running,  external trigger, CLHS trigger",Camera Link HS (LC),IP30,Continuous,"Hardware trigger, programmable via camera API",,4 GB non-volatile memory,Manual,,"Lookup table,  Pixel correction and Flat line correction","Pixel binning, ROI, Muti-ROI",16 user configuration sets for custom camera settings,72.0,1x to 10x,650 nm,,,,18 (DN8/nJ/cm2),7200,2x LC fiber optic | Hirose 12-pin circular (male),"8-bit, 12-bit",97 mm x 140.5 mm x 78.6 mm,1.2 kg,,15 to 85% (no condensation),0°C to 65°C (measured at the front face of the camera),25 W,12 to 24 V via GPIO connector,15 to 85% (no condensation),-20°C to 80°C,CLHS 2 Fiber optic Lanes (10 Gbps/lane),External Camera Power Supply,"Lens, Cable, Host Adapter (Xtium2-CLHS FX8 LC CLHS frame grabber pn: OR-A8S0-FX820)","CE, FCC, KCC, RoHS. The ECCN for this product is: EAR099.",CameraLink HS v1.0,2 years,,,,,,,,,,,,,,,,,,,,,,,,,,,,,,,,,,,,,,,,,,,,,,,,,,,,,,,,,,,,,,,,,,,,,,,,,,,,,,,,,,,,,,,,,,,,,,,,,,,16384 x 1,5,,Global shutter,70 kHz,Mono,"Visible (400-700 nm), Near Infrared (700-1000 nm)",M90 x 1 mm,Camera Link HS (LC),97 mm x 140.5 mm x 78.6 mm,1.2 kg,CMOS
Teledyne Dalsa,Linea ML Mono 8k Fiber 280 kHz ML-FM-08K30H-00-R,Line Scan,Linea ML,,,,,,,,,,,,,,,,,,,,,,,,,,,,,,,,,,,,,,,Line Scan,CMOS,"Camera Link HS, Fiber Optic","Visible (400-700 nm), Near Infrared (700-1000 nm)",,ML-FM-08k30H-00-R,8192 x 4,280 kHz,Teledyne DALSA,5,CMOS,Global shutter,Mono,,M58 x 0.75 mm,"Image sync: Free-running,  external trigger, CLHS trigger",Camera Link HS (LC),IP30,Continuous,"Hardware trigger, Multi-Line mode programmable via camera API",,4 GB non-volatile memory,Manual,,"Lookup table,  Pixel correction and Flat line correction","Pixel binning, ROI, Muti-ROI",16 user configuration sets for custom camera settings,72.0,1x to 10x,650 nm,,,,18 (DN8/nJ/cm2),7200,2x LC fiber optic | Hirose 12-pin circular (male),"8-bit, 12-bit",76 mm × 76 mm × 85 mm,500 g,,15 to 85% (no condensation),0°C to 65°C (measured at the front face of the camera),15 W,12 to 24 V via GPIO connector,15 to 85% (no condensation),-20°C to 80°C,CLHS 2 Fiber optic Lanes (10 Gbps/lane),External Camera Power Supply,"Lens, Cable, Host Adapter (Xtium2-CLHS FX8 LC CLHS frame grabber pn: OR-A8S0-FX820)","CE, FCC, KCC, RoHS. The ECCN for this product is: EAR099.",CameraLink HS v1.0,2 years,,,,,,,,,,,,,,,,,,,,,,,,,,,,,,,,,,,,,,,,,,,,,,,,,,,,,,,,,,,,,,,,,,,,,,,,,,,,,,,,,,,,,,,,,,,,,,,,,,,8192 x 4,5,,Global shutter,280 kHz,Mono,"Visible (400-700 nm), Near Infrared (700-1000 nm)",M58 x 0.75 mm,Camera Link HS (LC),76 mm × 76 mm × 85 mm,500 g,CMOS
Teledyne Dalsa,Linea HS 13k 180 kHz SFP+ HL-FM-13K18H-00-R,Line Scan,Linea HS,,,,,,,,,,,,,,,,,,,,,,,,,,,,,,,,,,,,,,,TDI Line Scan,CMOS,Camera Link HS,"Visible (400-700 nm), Near Infrared (700-1000 nm)",,HL-FM-13K18H-00-R,13056 x 192 (2 TDI arrays  128 + 64),180 kHz,Teledyne DALSA,5,CMOS,Time Delay Integration (TDI),Mono,,M58 x 0.75 mm,"Image sync: Free-running,  external trigger, CLHS trigger",Camera Link HS (CX4/AOC),IP30,Continuous,"Hardware trigger via lines rate, programmable via lines rate",,4 GB non-volatile memory,Manual,,"Lookup table,  Pixel correction and Flat line correction","Pixel binning, ROI, Muti-ROI",16 user configuration sets for custom camera settings,70.0,1x to 10x,690 nm,,,,"500, 250  (DN8/nJ/cm2)",25000,2x LC fiber optic | Hirose 12-pin circular (male),"8-bit, 12-bit",97 mm x 140.5 mm x 78.6 mm,1.2 kg,,15 to 85% (no condensation),0°C to 65°C (measured at the front face of the camera),,12 to 24 V via GPIO connector,15 to 85% (no condensation),-20°C to 80°C,CLHS 2 Fiber optic Lanes (10 Gbps/lane),External Camera Power Supply,"Lens, Cable, Host Adapter (Xtium2-CLHS FX8 LC CLHS frame grabber pn: OR-A8S0-FX820)","CE, FCC, KCC, RoHS. The ECCN for this product is: EAR099.",CameraLink HS v1.0,2 years,690 nm,,,,,,,,,,,,,,,,,,,,,,,,,,,,,,,,,,,,,,,,,,,,,,,,,,,,,,,,,,,,,,,,,,,,,,,,,,,,,,,,,,,,,,,,,,,,,,,,,,13056 x 192 (2 TDI arrays  128 + 64),5,,Time Delay Integration (TDI),180 kHz,Mono,"Visible (400-700 nm), Near Infrared (700-1000 nm)",M58 x 0.75 mm,Camera Link HS (CX4/AOC),97 mm x 140.5 mm x 78.6 mm,1.2 kg,CMOS
Teledyne Dalsa,Linea HS 13k 300 kHz HL-HM-13K30H-00-R,Line Scan,Linea HS,,,,,,,,,,,,,,,,,,,,,,,,,,,,,,,,,,,,,,,TDI Line Scan,CMOS,Camera Link HS,"Visible (400-700 nm), Near Infrared (700-1000 nm)",,HL-HM-13K30H-00-R,13056 x 192 (2 TDI arrays  128 + 64),300 kHz,Teledyne DALSA,5,CMOS,Time Delay Integration (TDI),Mono,,M90 x 1 mm,"Image sync: Free-running,  external trigger, CLHS trigger",Camera Link HS (CX4/AOC),IP30,Continuous,"Hardware trigger via lines rate, programmable via lines rate",,4 GB non-volatile memory,Manual,,"Lookup table,  Pixel correction and Flat line correction","Pixel binning, ROI, Muti-ROI",16 user configuration sets for custom camera settings,70.0,1x to 10x,690 nm,,,,"500, 250  (DN8/nJ/cm2)",25000,2x LC fiber optic | Hirose 12-pin circular (male),"8-bit, 12-bit",97 mm x 140.5 mm x 78.6 mm,1.2 kg,,15 to 85% (no condensation),0°C to 65°C (measured at the front face of the camera),,12 to 24 V via GPIO connector,15 to 85% (no condensation),-20°C to 80°C,CLHS 7 Data Lanes (10.3 Gbps/lane),External Camera Power Supply,"Lens, Cable, Host Adapter (Xtium2-CLHS PX8 CLHS frame grabber pn: OR-A8S0-PX870)","CE, FCC, KCC, RoHS. The ECCN for this product is: EAR099.",CameraLink HS v1.0,2 years,690 nm,,,,,,,,,,,,,,,,,,,,,,,,,,,,,,,,,,,,,,,,,,,,,,,,,,,,,,,,,,,,,,,,,,,,,,,,,,,,,,,,,,,,,,,,,,,,,,,,,,13056 x 192 (2 TDI arrays  128 + 64),5,,Time Delay Integration (TDI),300 kHz,Mono,"Visible (400-700 nm), Near Infrared (700-1000 nm)",M90 x 1 mm,Camera Link HS (CX4/AOC),97 mm x 140.5 mm x 78.6 mm,1.2 kg,CMOS
Teledyne Dalsa,Linea HS 16k 143 kHz SFP+ HL-FM-16K15A-00-R,Line Scan,Linea HS,,,,,,,,,,,,,,,,,,,,,,,,,,,,,,,,,,,,,,,TDI Line Scan,CMOS,Camera Link HS,"Visible (400-700 nm), Near Infrared (700-1000 nm)",,HL-FM-16K15A-00-R,16384 x 128  (TDI 128 stages),143 kHz,Teledyne DALSA,5,CMOS,Time Delay Integration (TDI),Mono,,M90 x 1 mm,"Image sync: Free-running,  external trigger, CLHS trigger",Camera Link HS (CX4/AOC),IP30,Continuous,"Hardware trigger via lines rate, programmable via lines rate",,4 GB non-volatile memory,Manual,,"Lookup table,  Pixel correction and Flat line correction","Pixel binning, ROI, Muti-ROI",16 user configuration sets for custom camera settings,70.0,1x to 10x,690 nm,,,,500 (DN8/nJ/cm2),25000,2x LC fiber optic | Hirose 12-pin circular (male),"8-bit, 12-bit",97 mm x 140.5 mm x 78.6 mm,1.2 kg,,15 to 85% (no condensation),0°C to 65°C (measured at the front face of the camera),,12 to 24 V via GPIO connector,15 to 85% (no condensation),-20°C to 80°C,CLHS 2 Fiber optic Lanes (10 Gbps/lane),External Camera Power Supply,"Lens, Cable, Host Adapter (Xtium2-CLHS FX8 LC CLHS frame grabber pn: OR-A8S0-FX820)","CE, FCC, KCC, RoHS. The ECCN for this product is: EAR099.",CameraLink HS v1.0,2 years,690 nm,,,,,,,,,,,,,,,,,,,,,,,,,,,,,,,,,,,,,,,,,,,,,,,,,,,,,,,,,,,,,,,,,,,,,,,,,,,,,,,,,,,,,,,,,,,,,,,,,,16384 x 128  (TDI 128 stages),5,,Time Delay Integration (TDI),143 kHz,Mono,"Visible (400-700 nm), Near Infrared (700-1000 nm)",M90 x 1 mm,Camera Link HS (CX4/AOC),97 mm x 140.5 mm x 78.6 mm,1.2 kg,CMOS
Teledyne Dalsa,Linea HS 16k 200 kHz BSI HL-HM-16K20H-00-B,Line Scan,Linea HS,,,,,,,,,,,,,,,,,,,,,,,,,,,,,,,,,,,,,,,TDI Line Scan,CMOS,Camera Link HS,"Visible (400-700 nm), Near Infrared (700-1000 nm)",,HL-HM-16k20H-00-B,16384 x 192  (2 TDI arrays  128 + 64 ),200kHz,Teledyne DALSA,5,CMOS,Time Delay Integration (TDI),Mono,,M90 x 1 mm,"Image sync: Free-running,  external trigger, CLHS trigger",Camera Link HS (CX4/AOC),IP30,Continuous,"Hardware trigger via lines rate, programmable via lines rate",,4 GB non-volatile memory,Manual,,"Lookup table,  Pixel correction and Flat line correction","Pixel binning, ROI, Muti-ROI",16 user configuration sets for custom camera settings,70.0,1x to 10x,620 nm,,,,"500, 250  (DN8/nJ/cm2)",25000,CX4 | Hirose 12-pin circular (male),"8-bit, 12-bit",97 mm x 140.5 mm x 78.6 mm,1.2 kg,,15 to 85% (no condensation),0°C to 60°C (measured at the front face of the camera),30 W,12 to 24 V via GPIO connector,15 to 85% (no condensation),-20°C to 80°C,CLHS 7 Data Lanes (10.3 Gbps/lane),External Camera Power Supply,"Lens, Cable, Host Adapter (Xtium2-CLHS PX8 CLHS frame grabber pn: OR-A8S0-PX870)","CE, FCC, KCC, RoHS. The ECCN for this product is: EAR099.",CameraLink HS v1.0,2 years,Peak  @ 620 nm,,,,,,,,,,,,,,,,,,,,,,,,,,,,,,,,,,,,,,,,,,,,,,,,,,,,,,,,,,,,,,,,,,,,,,,,,,,,,,,,,,,,,,,,,,,,,,,,,,16384 x 192  (2 TDI arrays  128 + 64 ),5,,Time Delay Integration (TDI),200kHz,Mono,"Visible (400-700 nm), Near Infrared (700-1000 nm)",M90 x 1 mm,Camera Link HS (CX4/AOC),97 mm x 140.5 mm x 78.6 mm,1.2 kg,CMOS
Teledyne Dalsa,Linea HS 16k 300 kHz HL-HM-16K30H-00-R,Line Scan,Linea HS,,,,,,,,,,,,,,,,,,,,,,,,,,,,,,,,,,,,,,,TDI Line Scan,CMOS,Camera Link HS,"Visible (400-700 nm), Near Infrared (700-1000 nm)",,HL-HM-16K30H-00-R,16384 x 192 (2 TDI arrays  128 + 64),300 kHz,Teledyne DALSA,5,CMOS,Time Delay Integration (TDI),Mono,,M90 x 1 mm,"Image sync: Free-running,  external trigger, CLHS trigger",Camera Link HS (CX4/AOC),IP30,Continuous,"Hardware trigger via lines rate, programmable via lines rate",,4 GB non-volatile memory,Manual,,"Lookup table,  Pixel correction and Flat line correction","Pixel binning, ROI, Muti-ROI",16 user configuration sets for custom camera settings,70.0,1x to 10x,690 nm,,,,"500, 250  (DN8/nJ/cm2)",25000,CX4 | Hirose 12-pin circular (male),"8-bit, 12-bit",97 mm x 140.5 mm x 78.6 mm,1.2 kg,,15 to 85% (no condensation),0°C to 65°C (measured at the front face of the camera),30 W,12 to 24 V via GPIO connector,15 to 85% (no condensation),-20°C to 80°C,CLHS 7 Data Lanes (10.3 Gbps/lane),External Camera Power Supply,"Lens, Cable, Host Adapter (Xtium2-CLHS PX8 CLHS frame grabber pn: OR-A8S0-PX870)","CE, FCC, KCC, RoHS. The ECCN for this product is: EAR099.",CameraLink HS v1.0,2 years,Peak  @ 690 nm,,,,,,,,,,,,,,,,,,,,,,,,,,,,,,,,,,,,,,,,,,,,,,,,,,,,,,,,,,,,,,,,,,,,,,,,,,,,,,,,,,,,,,,,,,,,,,,,,,16384 x 192 (2 TDI arrays  128 + 64),5,,Time Delay Integration (TDI),300 kHz,Mono,"Visible (400-700 nm), Near Infrared (700-1000 nm)",M90 x 1 mm,Camera Link HS (CX4/AOC),97 mm x 140.5 mm x 78.6 mm,1.2 kg,CMOS
Teledyne Dalsa,Linea HS 16k 400 kHz HL-HM-16K40H,Line Scan,Linea HS,,,,,,,,,,,,,,,,,,,,,,,,,,,,,,,,,,,,,,,TDI Line Scan,CMOS,Camera Link HS,"Visible (400-700 nm), Near Infrared (700-1000 nm)",,HL-HM-16K40H,16384 x 192  (2 TDI arrays  128 + 64),400 kHz,Teledyne DALSA,5,CMOS,Time Delay Integration (TDI),Mono,,M90 x 1 mm,"Image sync: Free-running,  external trigger, CLHS trigger",Camera Link HS (CX4/AOC),IP30,Continuous,"Hardware trigger via lines rate, programmable via lines rate",,4 GB non-volatile memory,Manual,,"Lookup table,  Pixel correction and Flat line correction","Pixel binning, ROI, Muti-ROI",16 user configuration sets for custom camera settings,70.0,1x to 10x,690 nm,,,,"500, 250  (DN8/nJ/cm2)",25000,CX4 | Hirose 12-pin circular (male),"8-bit, 12-bit",97 mm x 140.5 mm x 78.6 mm,1.2 kg,,15 to 85% (no condensation),0°C to 65°C (measured at the front face of the camera),30 W,12 to 24 V via GPIO connector,15 to 85% (no condensation),-20°C to 80°C,CLHS 7 Data Lanes (10.3 Gbps/lane),External Camera Power Supply,"Lens, Cable, Host Adapter (Xtium2-CLHS PX8 CLHS frame grabber pn: OR-A8S0-PX870)","CE, FCC, KCC, RoHS. The ECCN for this product is: EAR099.",CameraLink HS v1.0,2 years,Peak  @ 690 nm,,,,,,,,,,,,,,,,,,,,,,,,,,,,,,,,,,,,,,,,,,,,,,,,,,,,,,,,,,,,,,,,,,,,,,,,,,,,,,,,,,,,,,,,,,,,,,,,,,16384 x 192  (2 TDI arrays  128 + 64),5,,Time Delay Integration (TDI),400 kHz,Mono,"Visible (400-700 nm), Near Infrared (700-1000 nm)",M90 x 1 mm,Camera Link HS (CX4/AOC),97 mm x 140.5 mm x 78.6 mm,1.2 kg,CMOS
Teledyne Dalsa,Linea HS 16k 400 kHz BSI HL-HM-16k40H-00-B,Line Scan,Linea HS,,,,,,,,,,,,,,,,,,,,,,,,,,,,,,,,,,,,,,,TDI Line Scan,CMOS,Camera Link HS,"Visible (400-700 nm), Near Infrared (700-1000 nm)",,HL-HM-16k40H-00-B,16384 x 192  (2 TDI arrays  128 + 64 ),400 kHz,Teledyne DALSA,5,CMOS,Time Delay Integration (TDI),Mono,,M90 x 1 mm,"Image sync: Free-running,  external trigger, CLHS trigger",Camera Link HS (CX4/AOC),IP30,Continuous,"Hardware trigger via lines rate, programmable via lines rate",,4 GB non-volatile memory,Manual,,"Lookup table,  Pixel correction and Flat line correction","Pixel binning, ROI, Muti-ROI",16 user configuration sets for custom camera settings,70.0,1x to 10x,620 nm,,,,"500, 250  (DN8/nJ/cm2)",25000,CX4 | Hirose 12-pin circular (male),"8-bit, 12-bit",97 mm x 140.5 mm x 78.6 mm,1.2 kg,,15 to 85% (no condensation),0°C to 60°C (measured at the front face of the camera),30 W,12 to 24 V via GPIO connector,15 to 85% (no condensation),-20°C to 80°C,CLHS 7 Data Lanes (10.3 Gbps/lane),External Camera Power Supply,"Lens, Cable, Host Adapter (Xtium2-CLHS PX8 CLHS frame grabber pn: OR-A8S0-PX870)","CE, FCC, KCC, RoHS. The ECCN for this product is: EAR099.",CameraLink HS v1.0,2 years,Peak  @ 620 nm,,,,,,,,,,,,,,,,,,,,,,,,,,,,,,,,,,,,,,,,,,,,,,,,,,,,,,,,,,,,,,,,,,,,,,,,,,,,,,,,,,,,,,,,,,,,,,,,,,16384 x 192  (2 TDI arrays  128 + 64 ),5,,Time Delay Integration (TDI),400 kHz,Mono,"Visible (400-700 nm), Near Infrared (700-1000 nm)",M90 x 1 mm,Camera Link HS (CX4/AOC),97 mm x 140.5 mm x 78.6 mm,1.2 kg,CMOS
Teledyne Dalsa,Linea HS 32k 400 kHz HL-HM-32k40S-00-R,Line Scan,Linea HS,,,,,,,,,,,,,,,,,,,,,,,,,,,,,,,,,,,,,,,TDI Line Scan,CMOS,Camera Link HS,"Visible (400-700 nm), Near Infrared (700-1000 nm)",,HL-HM-32k40S-00-R,32768 x 64 ( TDI 64 stages),400 kHz,Teledyne DALSA,5,CMOS,Time Delay Integration (TDI),Mono,,M90 x 1 mm,"Image sync: Free-running,  external trigger, CLHS trigger",Camera Link HS (CX4/AOC),IP30,Continuous,"Hardware trigger via lines rate, programmable via lines rate",,4 GB non-volatile memory,Manual,,"Lookup table,  Pixel correction and Flat line correction","Pixel binning, ROI, Muti-ROI",16 user configuration sets for custom camera settings,70.0,1x to 10x,690 nm,,,,250  (DN8/nJ/cm2),25000,CX4 | Hirose 12-pin circular (male),8-bit,97 mm x 140.5 mm x 78.6 mm,1.2 kg,,15 to 85% (no condensation),0°C to 60°C (measured at the front face of the camera),28 W,12 to 24 V via GPIO connector,15 to 85% (no condensation),-20°C to 80°C,CLHS 7 Data Lanes (10.3 Gbps/lane),External Camera Power Supply,"Lens, Cable, Host Adapter (Xtium2-CLHS PX8 CLHS frame grabber pn: OR-A8S0-HX870)","CE, FCC, KCC, RoHS. The ECCN for this product is: EAR099.",CameraLink HS v1.0,2 years,Peak  @ 690 nm,,,,,,,,,,,,,,,,,,,,,,,,,,,,,,,,,,,,,,,,,,,,,,,,,,,,,,,,,,,,,,,,,,,,,,,,,,,,,,,,,,,,,,,,,,,,,,,,,,32768 x 64 ( TDI 64 stages),5,,Time Delay Integration (TDI),400 kHz,Mono,"Visible (400-700 nm), Near Infrared (700-1000 nm)",M90 x 1 mm,Camera Link HS (CX4/AOC),97 mm x 140.5 mm x 78.6 mm,1.2 kg,CMOS
Teledyne Dalsa,Linea HS 4k 300 kHz SFP+ HL-FM-04k30H-00-R,Line Scan,Linea HS,,,,,,,,,,,,,,,,,,,,,,,,,,,,,,,,,,,,,,,TDI Line Scan,CMOS,Camera Link HS,"Visible (400-700 nm), Near Infrared (700-1000 nm)",,HL-FM-04k30H-00-R,4096 x 192 (2 TDI arrays  128 + 64),300 kHz,Teledyne DALSA,5,CMOS,Time Delay Integration (TDI),Mono,,M58 x 0.75 mm,"Image sync: Free-running,  external trigger, CLHS trigger",Camera Link HS (CX4/AOC),IP30,Continuous,"Hardware trigger via lines rate, programmable via lines rate",,4 GB non-volatile memory,Manual,,"Lookup table,  Pixel correction and Flat line correction","Pixel binning, ROI, Muti-ROI",16 user configuration sets for custom camera settings,70.0,1x to 10x,690 nm,,,,"500, 250  (DN8/nJ/cm2)",25000,2x LC fiber optic | Hirose 12-pin circular (male),"8-bit, 12-bit",76 mm x 76 mm x 85 mm,500 g,,15 to 85% (no condensation),0°C to 65°C (measured at the front face of the camera),,12 to 24 V via GPIO connector,15 to 85% (no condensation),-20°C to 80°C,CLHS 2 Fiber optic Lanes (10 Gbps/lane),External Camera Power Supply,"Lens, Cable, Host Adapter (Xtium2-CLHS FX8 LC CLHS frame grabber pn: OR-A8S0-FX820)","CE, FCC, KCC, RoHS. The ECCN for this product is: EAR099.",CameraLink HS v1.0,2 years,690 nm,,,,,,,,,,,,,,,,,,,,,,,,,,,,,,,,,,,,,,,,,,,,,,,,,,,,,,,,,,,,,,,,,,,,,,,,,,,,,,,,,,,,,,,,,,,,,,,,,,4096 x 192 (2 TDI arrays  128 + 64),5,,Time Delay Integration (TDI),300 kHz,Mono,"Visible (400-700 nm), Near Infrared (700-1000 nm)",M58 x 0.75 mm,Camera Link HS (CX4/AOC),76 mm x 76 mm x 85 mm,500 g,CMOS
Teledyne Dalsa,Linea HS 8k 280 kHz SFP+ HL-FM-08k30H-00-R,Line Scan,Linea HS,,,,,,,,,,,,,,,,,,,,,,,,,,,,,,,,,,,,,,,TDI Line Scan,CMOS,Camera Link HS,"Visible (400-700 nm), Near Infrared (700-1000 nm)",,HL-FM-08k30H-00-R,8192 x 192 (2 TDI arrays  128 + 64),280 kHz,Teledyne DALSA,5,CMOS,Time Delay Integration (TDI),Mono,,M58 x 0.75 mm,"Image sync: Free-running,  external trigger, CLHS trigger",Camera Link HS (CX4/AOC),IP30,Continuous,"Hardware trigger via lines rate, programmable via lines rate",,4 GB non-volatile memory,Manual,,"Lookup table,  Pixel correction and Flat line correction","Pixel binning, ROI, Muti-ROI",16 user configuration sets for custom camera settings,70.0,1x to 10x,690 nm,,,,"500, 250  (DN8/nJ/cm2)",25000,2x LC fiber optic | Hirose 12-pin circular (male),"8-bit, 12-bit",76 mm x 76 mm x 85 mm,500 g,,15 to 85% (no condensation),0°C to 65°C (measured at the front face of the camera),,12 to 24 V via GPIO connector,15 to 85% (no condensation),-20°C to 80°C,CLHS 2 Fiber optic Lanes (10 Gbps/lane),External Camera Power Supply,"Lens, Cable, Host Adapter (Xtium2-CLHS FX8 LC CLHS frame grabber pn: OR-A8S0-FX820)","CE, FCC, KCC, RoHS. The ECCN for this product is: EAR099.",CameraLink HS v1.0,2 years,690 nm,,,,,,,,,,,,,,,,,,,,,,,,,,,,,,,,,,,,,,,,,,,,,,,,,,,,,,,,,,,,,,,,,,,,,,,,,,,,,,,,,,,,,,,,,,,,,,,,,,8192 x 192 (2 TDI arrays  128 + 64),5,,Time Delay Integration (TDI),280 kHz,Mono,"Visible (400-700 nm), Near Infrared (700-1000 nm)",M58 x 0.75 mm,Camera Link HS (CX4/AOC),76 mm x 76 mm x 85 mm,500 g,CMOS
Teledyne Dalsa,Linea HS 8k 300 kHz HL-HM-08k30H-00-R,Line Scan,Linea HS,,,,,,,,,,,,,,,,,,,,,,,,,,,,,,,,,,,,,,,TDI Line Scan,CMOS,Camera Link HS,"Visible (400-700 nm), Near Infrared (700-1000 nm)",,HL-HM-08k30H-00-R,8192 x 192 (2 TDI arrays  128 + 64),300 kHz,Teledyne DALSA,5,CMOS,Time Delay Integration (TDI),Mono,,M58 x 0.75 mm,"Image sync: Free-running,  external trigger, CLHS trigger",Camera Link HS (CX4/AOC),IP30,Continuous,"Hardware trigger via lines rate, programmable via lines rate",,4 GB non-volatile memory,Manual,,"Lookup table,  Pixel correction and Flat line correction","Pixel binning, ROI, Muti-ROI",16 user configuration sets for custom camera settings,70.0,1x to 10x,690 nm,,,,"500, 250  (DN8/nJ/cm2)",25000,CX4 | Hirose 12-pin circular (male),"8-bit, 12-bit",76 mm x 76 mm x 85 mm,500 g,,15 to 85% (no condensation),0°C to 65°C (measured at the front face of the camera),18 W,12 to 24 V via GPIO connector,15 to 85% (no condensation),-20°C to 80°C,CLHS 7 Data Lanes (10.3 Gbps/lane),External Camera Power Supply,"Lens, Cable, Host Adapter (Xtium2-CLHS PX8 CLHS frame grabber pn: OR-A8S0-PX870)","CE, FCC, KCC, RoHS. The ECCN for this product is: EAR099.",CameraLink HS v1.0,2 years,Peak  @ 690 nm,,,,,,,,,,,,,,,,,,,,,,,,,,,,,,,,,,,,,,,,,,,,,,,,,,,,,,,,,,,,,,,,,,,,,,,,,,,,,,,,,,,,,,,,,,,,,,,,,,8192 x 192 (2 TDI arrays  128 + 64),5,,Time Delay Integration (TDI),300 kHz,Mono,"Visible (400-700 nm), Near Infrared (700-1000 nm)",M58 x 0.75 mm,Camera Link HS (CX4/AOC),76 mm x 76 mm x 85 mm,500 g,CMOS
Teledyne Dalsa,Linea HS 8k 400 kHz HL-HM-08K40H-00-R,Line Scan,Linea HS,,,,,,,,,,,,,,,,,,,,,,,,,,,,,,,,,,,,,,,TDI Line Scan,CMOS,Camera Link HS,"Visible (400-700 nm), Near Infrared (700-1000 nm)",,HL-HM-08K40H-00-R,8192 x 192  (2 TDI arrays  128 + 64),400 kHz,Teledyne DALSA,5,CMOS,Time Delay Integration (TDI),Mono,,M58 x 0.75 mm,"Image sync: Free-running,  external trigger, CLHS trigger",Camera Link HS (CX4/AOC),IP30,Continuous,"Hardware trigger via lines rate, programmable via lines rate",,4 GB non-volatile memory,Manual,,"Lookup table,  Pixel correction and Flat line correction","Pixel binning, ROI, Muti-ROI",16 user configuration sets for custom camera settings,70.0,1x to 10x,690 nm,,,,"500, 250  (DN8/nJ/cm2)",25000,CX4 | Hirose 12-pin circular (male),"8-bit, 12-bit",76 mm x 76 mm x 85 mm,500 g,,15 to 85% (no condensation),0°C to 65°C (measured at the front face of the camera),18 W,12 to 24 V via GPIO connector,15 to 85% (no condensation),-20°C to 80°C,CLHS 7 Data Lanes (10.3 Gbps/lane),External Camera Power Supply,"Lens, Cable, Host Adapter (Xtium2-CLHS PX8 CLHS frame grabber pn: OR-A8S0-PX870)","CE, FCC, KCC, RoHS. The ECCN for this product is: EAR099.",CameraLink HS v1.0,2 years,Peak  @ 690 nm,,,,,,,,,,,,,,,,,,,,,,,,,,,,,,,,,,,,,,,,,,,,,,,,,,,,,,,,,,,,,,,,,,,,,,,,,,,,,,,,,,,,,,,,,,,,,,,,,,8192 x 192  (2 TDI arrays  128 + 64),5,,Time Delay Integration (TDI),400 kHz,Mono,"Visible (400-700 nm), Near Infrared (700-1000 nm)",M58 x 0.75 mm,Camera Link HS (CX4/AOC),76 mm x 76 mm x 85 mm,500 g,CMOS
Teledyne Dalsa,Linea HS 9k 400 kHz BSI HL-HM-09k40H-00-B,Line Scan,Linea HS,,,,,,,,,,,,,,,,,,,,,,,,,,,,,,,,,,,,,,,TDI Line Scan,CMOS,Camera Link HS,"Visible (400-700 nm), Near Infrared (700-1000 nm)",,HL-HM-09k40H-00-B,9216 x 192  (2 TDI arrays  128 + 64 ),400 kHz,Teledyne DALSA,5,CMOS,Time Delay Integration (TDI),Mono,,M90 x 1 mm,"Image sync: Free-running,  external trigger, CLHS trigger",Camera Link HS (CX4/AOC),IP30,Continuous,"Hardware trigger via lines rate, programmable via lines rate",,4 GB non-volatile memory,Manual,,"Lookup table,  Pixel correction and Flat line correction","Pixel binning, ROI, Muti-ROI",16 user configuration sets for custom camera settings,70.0,1x to 10x,620 nm,,,,"500, 250  (DN8/nJ/cm2)",25000,CX4 | Hirose 12-pin circular (male),"8-bit, 12-bit",97 mm x 140.5 mm x 78.6 mm,1.2 kg,,15 to 85% (no condensation),0°C to 60°C (measured at the front face of the camera),30 W,12 to 24 V via GPIO connector,15 to 85% (no condensation),-20°C to 80°C,CLHS 7 Data Lanes (10.3 Gbps/lane),External Camera Power Supply,"Lens, Cable, Host Adapter (Xtium2-CLHS PX8 CLHS frame grabber pn: OR-A8S0-PX870)","CE, FCC, KCC, RoHS. The ECCN for this product is: EAR099.",CameraLink HS v1.0,2 years,Peak  @ 620 nm,,,,,,,,,,,,,,,,,,,,,,,,,,,,,,,,,,,,,,,,,,,,,,,,,,,,,,,,,,,,,,,,,,,,,,,,,,,,,,,,,,,,,,,,,,,,,,,,,,9216 x 192  (2 TDI arrays  128 + 64 ),5,,Time Delay Integration (TDI),400 kHz,Mono,"Visible (400-700 nm), Near Infrared (700-1000 nm)",M90 x 1 mm,Camera Link HS (CX4/AOC),97 mm x 140.5 mm x 78.6 mm,1.2 kg,CMOS
Teledyne Dalsa,Linea HS Color 16k 100 kHz HL-HC-16K10T-00-R,Line Scan,Linea HS,,,,,,,,,,,,,,,,,,,,,,,,,,,,,,,,,,,,,,,TDI Line Scan,CMOS,Camera Link HS,"Visible (400-700 nm), Near Infrared (700-1000 nm)",,HL-HC-16K10T-00-R,16384 x 256 (3 TDI arrays   64  + 128 + 64),100 kHz,Teledyne DALSA,5,CMOS,Time Delay Integration (TDI),Color,,M90 x 1 mm,"Image sync: Free-running,  external trigger, CLHS trigger",Camera Link HS (CX4/AOC),IP30,Continuous,"Hardware trigger via lines rate, programmable via lines rate",,4 GB non-volatile memory,Manual,,"Lookup table,  Pixel correction , Flat line correction, and Line spacial correction","ROI, Muti-ROI",16 user configuration sets for custom camera settings,70.0,1x to 10x,R 675 / G 550 / B 490 nm,Peak @ 490 nm,Peak @ 550 nm,Peak @ 675 nm,"250, 150, 180  (DN8/nJ/cm2)",25000,CX4 | Hirose 12-pin circular (male),"8-bit, 12-bit",97 mm x 140.5 mm x 78.6 mm,1.2 kg,,15 to 85% (no condensation),0°C to 65°C (measured at the front face of the camera),30 W,12 to 24 V via GPIO connector,15 to 85% (no condensation),-20°C to 80°C,CLHS 7 Data Lanes (10.3 Gbps/lane),External Camera Power Supply,"Lens, Cable, Host Adapter (Xtium2-CLHS PX8 CLHS frame grabber pn: OR-A8S0-HX870)","CE, FCC, KCC, RoHS. The ECCN for this product is: EAR099.",CameraLink HS v1.0,2 years,,,,,,,,,,,,,,,,,,,,,,,,,,,,,,,,,,,,,,,,,,,,,,,,,,,,,,,,,,,,,,,,,,,,,,,,,,,,,,,,,,,,,,,,,,,,,,,,,,,16384 x 256 (3 TDI arrays   64  + 128 + 64),5,,Time Delay Integration (TDI),100 kHz,Color,"Visible (400-700 nm), Near Infrared (700-1000 nm)",M90 x 1 mm,Camera Link HS (CX4/AOC),97 mm x 140.5 mm x 78.6 mm,1.2 kg,CMOS
Teledyne Dalsa,Linea HS Multifield 16k 133 kHz HL-HF-16K13T-00-R,Line Scan,Linea HS,,,,,,,,,,,,,,,,,,,,,,,,,,,,,,,,,,,,,,,TDI Line Scan,CMOS,Camera Link HS,"Visible (400-700 nm), Near Infrared (700-1000 nm)",,HL-HF-16K13T-00-R,16384 x 256 (3 TDI arrays   64  + 128 + 64),133 kHz,Teledyne DALSA,5,CMOS,Time Delay Integration (TDI),Color,,M90 x 1 mm,"Image sync: Free-running,  external trigger, CLHS trigger",Camera Link HS (CX4/AOC),IP30,Continuous,"Hardware trigger via lines rate, programmable via lines rate",,4 GB non-volatile memory,Manual,,"Lookup table,  Pixel correction and Flat line correction","ROI, Muti-ROI",16 user configuration sets for custom camera settings,69.0,1x to 10x,R 650 / G 575 / B 465 nm,Peak @ 465 nm,Peak @ 575 nm,Peak @ 650 nm,"280, 200, 180  (DN8/nJ/cm2)",25000,CX4 | Hirose 12-pin circular (male),"8-bit, 12-bit",97 mm x 140.5 mm x 78.6 mm,1.2 kg,,15 to 85% (no condensation),0°C to 65°C (measured at the front face of the camera),30 W,12 to 24 V via GPIO connector,15 to 85% (no condensation),-20°C to 80°C,CLHS 7 Data Lanes (10.3 Gbps/lane),External Camera Power Supply,"Lens, Cable, Host Adapter (Xtium2-CLHS PX8 CLHS frame grabber pn: OR-A8S0-PX870)","CE, FCC, KCC, RoHS. The ECCN for this product is: EAR099.",CameraLink HS v1.0,2 years,,,,,,,,,,,,,,,,,,,,,,,,,,,,,,,,,,,,,,,,,,,,,,,,,,,,,,,,,,,,,,,,,,,,,,,,,,,,,,,,,,,,,,,,,,,,,,,,,,,16384 x 256 (3 TDI arrays   64  + 128 + 64),5,,Time Delay Integration (TDI),133 kHz,Color,"Visible (400-700 nm), Near Infrared (700-1000 nm)",M90 x 1 mm,Camera Link HS (CX4/AOC),97 mm x 140.5 mm x 78.6 mm,1.2 kg,CMOS
Teledyne Dalsa,Linea HS2 16k 1MHz BSI,Line Scan,Linea HS2 16k 1MHz BSI,,,,,,,,,,,,,,,,,,,,,,,,,,,,,,,,,,,,,,,TDI Line Scan,CMOS,Camera Link HS,"Ultraviolet (350-400 nm), Visible (400-700 nm), Near Infrared (700-1000 nm)",,H2-HM-16K100H-00-B,16384 x 288  (3 TDI arrays  128 + 128 + 32),1000 kHz,Teledyne DALSA,5,CMOS,Time Delay Integration (TDI),Mono,,M90 x 1 mm,"Image sync: Free-running,  external trigger, CLHS trigger",Camera Link HS (CX4/AOC),IP30,Continuous,"Hardware trigger via lines rate, programmable via lines rate",1 µs to 50 µs,4 GB non-volatile memory,Manual,,"Lookup table,  Pixel correction and Flat line correction","Pixel binning, ROI, Muti-ROI",16 user configuration sets for custom camera settings,65.0,1x to 10x,620 nm,,,,"700, 700, 175  (DN8/nJ/cm2)",30000,2x CX4 | Hirose 12-pin circular (male),"8-bit, 10-bit",97 mm x 180 mm x 76.9 mm,1.48 kg,,15 to 85% (no condensation),0°C to 50°C (measured at the front face of the camera),56 W,24 V via GPIO connector,15 to 85% (no condensation),-20°C to 80°C,CLHS 7 Data Lanes (10.3 Gbps/lane),External Camera Power Supply,"Lens, Cable, Host Adapter (2x Xtium3-CLHS PX8 frame grabber pn: OR-B8S0-PX870)","CE, FCC, KCC, RoHS. The ECCN for this product is: EAR099.",CameraLink HS v1.0,3 years,Peak  @ 620 nm,< 2 DN,,,,,,,,,,,,,,,,,,,,,,,,,,,,,,,,,,,,,,,,,,,,,,,,,,,,,,,,,,,,,,,,,,,,,,,,,,,,,,,,,,,,,,,,,,,,,,,,,16384 x 288  (3 TDI arrays  128 + 128 + 32),5,,Time Delay Integration (TDI),1000 kHz,Mono,"Ultraviolet (350-400 nm), Visible (400-700 nm), Near Infrared (700-1000 nm)",M90 x 1 mm,Camera Link HS (CX4/AOC),97 mm x 180 mm x 76.9 mm,1.48 kg,CMOS
Teledyne Dalsa,"Piranha4 2k, 100/200 kHz P4-CM-02K10D",Line Scan,Piranha4,,,,,,,,,,,,,,,,,,,,,,,,,,,,,,,,,,,,,,,Line Scan,CMOS,Camera Link,"Visible (400-700 nm), Near Infrared (700-1000 nm)",,P4-CM-02K10D,2048 x 2,200 kHz,Teledyne DALSA,10.56,CMOS,Global shutter,Mono,,M42 x 1 mm,"Image sync: Free-running, external trigger, CC1 trigger",Camera Link,IP30,Continuous,"Hardware trigger, programmable via camera API",,,Manual,,"Lookup table,  Pixel correction and Flat line correction",ROI,2 user configuration sets for custom camera settings,65.0,1x to 10x,640 nm,,,,87  (DN8/nJ/cm2),20000,,"8-bit, 10-bit, 12-bit",62 x 62 x 48 mm,340 g,,15 to 85% (no condensation),0°C to 65°C (measured at the front face of the camera),< 8.3W,19 to 24 V via GPIO connector,15 to 85% (no condensation),-20°C to 80°C,CameraLink (2 x SDR-26 cables),External Camera Power Supply,"Lens, Cable, Host Adapter (CameraLink frame grabber)","CE, FCC, and RoHS",CameraLink v.2.1,2 years,,,Hirose 6-pin male,,,,,,,,,,,,,,,,,,,,,,,,,,,,,,,,,,,,,,,,,,,,,,,,,,,,,,,,,,,,,,,,,,,,,,,,,,,,,,,,,,,,,,,,,,,,,,,,2048 x 2,10.56,,Global shutter,200 kHz,Mono,"Visible (400-700 nm), Near Infrared (700-1000 nm)",M42 x 1 mm,Camera Link,62 x 62 x 48 mm,340 g,CMOS
Teledyne Dalsa,"Piranha4 2k, 50/100 kHz P4-CM-02K05D",Line Scan,Piranha4,,,,,,,,,,,,,,,,,,,,,,,,,,,,,,,,,,,,,,,Line Scan,CMOS,Camera Link,"Visible (400-700 nm), Near Infrared (700-1000 nm)",,P4-CM-02K05D,2048 x 2,100 kHz,Teledyne DALSA,10.56,CMOS,Global shutter,Mono,,M42 x 1 mm,"Image sync: Free-running, external trigger, CC1 trigger",Camera Link,IP30,Continuous,"Hardware trigger, programmable via camera API",,,Manual,,"Lookup table,  Pixel correction and Flat line correction",ROI,2 user configuration sets for custom camera settings,65.0,1x to 10x,640 nm,,,,87  (DN8/nJ/cm2),20000,,"8-bit, 10-bit, 12-bit",62 x 62 x 48 mm,340 g,,15 to 85% (no condensation),0°C to 65°C (measured at the front face of the camera),< 8.3W,18 to 24 V via GPIO connector,15 to 85% (no condensation),-20°C to 80°C,CameraLink (2 x SDR-26 cables),External Camera Power Supply,"Lens, Cable, Host Adapter (CameraLink frame grabber)","CE, FCC, and RoHS",CameraLink v.2.1,2 years,,,Hirose 6-pin male,,,,,,,,,,,,,,,,,,,,,,,,,,,,,,,,,,,,,,,,,,,,,,,,,,,,,,,,,,,,,,,,,,,,,,,,,,,,,,,,,,,,,,,,,,,,,,,,2048 x 2,10.56,,Global shutter,100 kHz,Mono,"Visible (400-700 nm), Near Infrared (700-1000 nm)",M42 x 1 mm,Camera Link,62 x 62 x 48 mm,340 g,CMOS
Teledyne Dalsa,"Piranha4 4k, 100/200 kHz P4-CM-04K10D",Line Scan,Piranha4,,,,,,,,,,,,,,,,,,,,,,,,,,,,,,,,,,,,,,,Line Scan,CMOS,Camera Link,"Visible (400-700 nm), Near Infrared (700-1000 nm)",,P4-CM-04K10D,4096 x 2,200 kHz,Teledyne DALSA,10.56,CMOS,Global shutter,Mono,,M58 x 0.75 mm,"Image sync: Free-running, external trigger, CC1 trigger",Camera Link,IP30,Continuous,"Hardware trigger, programmable via camera API",,,Manual,,"Lookup table,  Pixel correction and Flat line correction",ROI,2 user configuration sets for custom camera settings,65.0,1x to 10x,640 nm,,,,65  (DN8/nJ/cm2),20000,,"8-bit, 10-bit, 12-bit",62 x 62 x 48 mm,340 g,,15 to 85% (no condensation),0°C to 65°C (measured at the front face of the camera),< 11W,21 to 24 V via GPIO connector,15 to 85% (no condensation),-20°C to 80°C,CameraLink (2 x SDR-26 cables),External Camera Power Supply,"Lens, Cable, Host Adapter (CameraLink frame grabber)","CE, FCC, and RoHS",CameraLink v.2.1,2 years,,,Hirose 6-pin male,,,,,,,,,,,,,,,,,,,,,,,,,,,,,,,,,,,,,,,,,,,,,,,,,,,,,,,,,,,,,,,,,,,,,,,,,,,,,,,,,,,,,,,,,,,,,,,,4096 x 2,10.56,,Global shutter,200 kHz,Mono,"Visible (400-700 nm), Near Infrared (700-1000 nm)",M58 x 0.75 mm,Camera Link,62 x 62 x 48 mm,340 g,CMOS
Teledyne Dalsa,"Piranha4 4k, 50/100 kHz P4-CM-04K05D",Line Scan,Piranha4,,,,,,,,,,,,,,,,,,,,,,,,,,,,,,,,,,,,,,,Line Scan,CMOS,Camera Link,"Visible (400-700 nm), Near Infrared (700-1000 nm)",,P4-CM-04K05D,4096 x 2,100 kHz,Teledyne DALSA,10.56,CMOS,Global shutter,Mono,,M58 x 0.75 mm,"Image sync: Free-running, external trigger, CC1 trigger",Camera Link,IP30,Continuous,"Hardware trigger, programmable via camera API",,,Manual,,"Lookup table,  Pixel correction and Flat line correction",ROI,2 user configuration sets for custom camera settings,65.0,1x to 10x,640 nm,,,,65  (DN8/nJ/cm2),20000,,"8-bit, 10-bit",62 x 62 x 48 mm,340 g,,15 to 85% (no condensation),0°C to 65°C (measured at the front face of the camera),< 11W,20 to 24 V via GPIO connector,15 to 85% (no condensation),-20°C to 80°C,CameraLink (2 x SDR-26 cables),External Camera Power Supply,"Lens, Cable, Host Adapter (CameraLink frame grabber)","CE, FCC, and RoHS",CameraLink v.2.1,2 years,,,Hirose 6-pin male,,,,,,,,,,,,,,,,,,,,,,,,,,,,,,,,,,,,,,,,,,,,,,,,,,,,,,,,,,,,,,,,,,,,,,,,,,,,,,,,,,,,,,,,,,,,,,,,4096 x 2,10.56,,Global shutter,100 kHz,Mono,"Visible (400-700 nm), Near Infrared (700-1000 nm)",M58 x 0.75 mm,Camera Link,62 x 62 x 48 mm,340 g,CMOS
Teledyne Dalsa,"Piranha4 8k, 70 kHz P4-CM-08k070",Line Scan,Piranha4,,,,,,,,,,,,,,,,,,,,,,,,,,,,,,,,,,,,,,,Line Scan,CMOS,Camera Link,"Visible (400-700 nm), Near Infrared (700-1000 nm)",,P4-CM-08k070,8192 x 2,70 kHz,Teledyne DALSA,7.04,CMOS,Global shutter,Mono,,M58 x 0.75 mm,"Image sync: Free-running, external trigger, CC1 trigger",Camera Link,IP30,Continuous,"Hardware trigger, programmable via camera API",,,Manual,,"Lookup table,  Pixel correction and Flat line correction",ROI,2 user configuration sets for custom camera settings,63.0,1x to 10x,670 nm,,,,20 (DN8/nJ/cm2),20000,,"8-bit, 12-bit",80 x 80 x 57 mm,700 g,,15 to 85% (no condensation),0°C to 50°C (measured at the front face of the camera),< 16 W,22 to 24 V via GPIO connector,15 to 85% (no condensation),-20°C to 80°C,CameraLink (2 x SDR-26 cables),External Camera Power Supply,"Lens, Cable, Host Adapter (CameraLink frame grabber)","CE, FCC, and RoHS",CameraLink v.2.1,2 years,,,"Hirose 6-pin male, +12 VDC to +24 VDC",,,,,,,,,,,,,,,,,,,,,,,,,,,,,,,,,,,,,,,,,,,,,,,,,,,,,,,,,,,,,,,,,,,,,,,,,,,,,,,,,,,,,,,,,,,,,,,,8192 x 2,7.04,,Global shutter,70 kHz,Mono,"Visible (400-700 nm), Near Infrared (700-1000 nm)",M58 x 0.75 mm,Camera Link,80 x 80 x 57 mm,700 g,CMOS
Teledyne Dalsa,"Piranha4 Color 2k, 40 kHz P4-CC-02K04T",Line Scan,Piranha4,,,,,,,,,,,,,,,,,,,,,,,,,,,,,,,,,,,,,,,Line Scan,CMOS,Camera Link,"Visible (400-700 nm), Near Infrared (700-1000 nm)",,P4-CC-02K04T,2048 x 3,40 kHz,Teledyne DALSA,14.08,CMOS,Global shutter,Color,,M42 x 1 mm,"Image sync: Free-running, external trigger, CC1 trigger",Camera Link,IP30,Continuous,"Hardware trigger, programmable via camera API",,,Manual,,"Lookup table,  Pixel correction and Flat line correction",ROI,2 user configuration sets for custom camera settings,65.0,1x to 10x,R 640 / G 550 / B 470 nm,Peak @ 470 nm,Peak @ 550 nm,Peak @ 640 nm,"65, 58, 38 (DN8/nJ/cm2)",20000,,"8-bit, 10-bit, 12-bit",62 x 62 x 37 mm,340 g,,15 to 85% (no condensation),0°C to 60°C (measured at the front face of the camera),< 8W,12 to 24 V via GPIO connector,15 to 85% (no condensation),-20°C to 80°C,CameraLink (2 x SDR-26 cables),External Camera Power Supply,"Lens, Cable, Host Adapter (Xtium2-CL frame grabber pn: OR-A8S0-FX820)","CE, FCC, and RoHS",CameraLink v.2.1,2 years,,,Hirose 6-pin male,,,,,,,,,,,,,,,,,,,,,,,,,,,,,,,,,,,,,,,,,,,,,,,,,,,,,,,,,,,,,,,,,,,,,,,,,,,,,,,,,,,,,,,,,,,,,,,,2048 x 3,14.08,,Global shutter,40 kHz,Color,"Visible (400-700 nm), Near Infrared (700-1000 nm)",M42 x 1 mm,Camera Link,62 x 62 x 37 mm,340 g,CMOS
Teledyne Dalsa,"Piranha4 Color 2k, 70 kHz P4-CC-02K07T",Line Scan,Piranha4,,,,,,,,,,,,,,,,,,,,,,,,,,,,,,,,,,,,,,,Line Scan,CMOS,Camera Link,"Visible (400-700 nm), Near Infrared (700-1000 nm)",,P4-CC-02K07T,2048 x 3,70 kHz,Teledyne DALSA,14.08,CMOS,Global shutter,Color,,M42 x 1 mm,"Image sync: Free-running, external trigger, CC1 trigger",Camera Link,IP30,Continuous,"Hardware trigger, programmable via camera API",,,Manual,,"Lookup table,  Pixel correction and Flat line correction",ROI,2 user configuration sets for custom camera settings,65.0,1x to 10x,R 640 / G 550 / B 470 nm,Peak @ 470 nm,Peak @ 550 nm,Peak @ 640 nm,"65, 58, 38 (DN8/nJ/cm2)",20000,,"8-bit, 10-bit",62 x 62 x 48 mm,340 g,,15 to 85% (no condensation),0°C to 60°C (measured at the front face of the camera),< 8W,13 to 24 V via GPIO connector,15 to 85% (no condensation),-20°C to 80°C,CameraLink (2 x SDR-26 cables),External Camera Power Supply,"Lens, Cable, Host Adapter (CameraLink frame grabber)","CE, FCC, and RoHS",CameraLink v.2.1,2 years,,,Hirose 6-pin male,,,,,,,,,,,,,,,,,,,,,,,,,,,,,,,,,,,,,,,,,,,,,,,,,,,,,,,,,,,,,,,,,,,,,,,,,,,,,,,,,,,,,,,,,,,,,,,,2048 x 3,14.08,,Global shutter,70 kHz,Color,"Visible (400-700 nm), Near Infrared (700-1000 nm)",M42 x 1 mm,Camera Link,62 x 62 x 48 mm,340 g,CMOS
Teledyne Dalsa,"Piranha4 Color 4k, 40 kHz P4-CC-04K04T",Line Scan,Piranha4,,,,,,,,,,,,,,,,,,,,,,,,,,,,,,,,,,,,,,,Line Scan,CMOS,Camera Link,"Visible (400-700 nm), Near Infrared (700-1000 nm)",,P4-CC-04K04T,4096 x 3,40 kHz,Teledyne DALSA,10.56,CMOS,Global shutter,Color,,M58 x 0.75 mm,"Image sync: Free-running, external trigger, CC1 trigger",Camera Link,IP30,Continuous,"Hardware trigger, programmable via camera API",,,Manual,,"Lookup table,  Pixel correction and Flat line correction",ROI,2 user configuration sets for custom camera settings,65.0,1x to 10x,R 640 / G 525 / B 460 nm,Peak @ 460 nm,Peak @ 525 nm,Peak @ 640 nm,"33, 25, 26 (DN8/nJ/cm2)",20000,,"8-bit, 10-bit, 12-bit",62 x 62 x 37 mm,340 g,,15 to 85% (no condensation),0°C to 65°C (measured at the front face of the camera),< 12W,14 to 24 V via GPIO connector,15 to 85% (no condensation),-20°C to 80°C,CameraLink (2 x SDR-26 cables),External Camera Power Supply,"Lens, Cable, Host Adapter (CameraLink frame grabber)","CE, FCC, and RoHS",CameraLink v.2.1,2 years,,,Hirose 6-pin male,,,,,,,,,,,,,,,,,,,,,,,,,,,,,,,,,,,,,,,,,,,,,,,,,,,,,,,,,,,,,,,,,,,,,,,,,,,,,,,,,,,,,,,,,,,,,,,,4096 x 3,10.56,,Global shutter,40 kHz,Color,"Visible (400-700 nm), Near Infrared (700-1000 nm)",M58 x 0.75 mm,Camera Link,62 x 62 x 37 mm,340 g,CMOS
Teledyne Dalsa,"Piranha4 Color 4k, 70 kHz P4-CC-04K07T",Line Scan,Piranha4,,,,,,,,,,,,,,,,,,,,,,,,,,,,,,,,,,,,,,,Line Scan,CMOS,Camera Link,"Visible (400-700 nm), Near Infrared (700-1000 nm)",,P4-CC-04K07T,4096 x 3,70 kHz,Teledyne DALSA,10.56,CMOS,Global shutter,Color,,M58 x 0.75 mm,"Image sync: Free-running, external trigger, CC1 trigger",Camera Link,IP30,Continuous,"Hardware trigger, programmable via camera API",,,Manual,,"Lookup table,  Pixel correction and Flat line correction",ROI,2 user configuration sets for custom camera settings,65.0,1x to 10x,R 640 / G 525 / B 460 nm,Peak @ 460 nm,Peak @ 525 nm,Peak @ 640 nm,"33, 25, 26 (DN8/nJ/cm2)",20000,,"8-bit, 10-bit",62 x 62 x 48 mm,340 g,,15 to 85% (no condensation),0°C to 65°C (measured at the front face of the camera),< 12W,15 to 24 V via GPIO connector,15 to 85% (no condensation),-20°C to 80°C,CameraLink (2 x SDR-26 cables),External Camera Power Supply,"Lens, Cable, Host Adapter (CameraLink frame grabber)","CE, FCC, and RoHS",CameraLink v.2.1,2 years,,,Hirose 6-pin male,,,,,,,,,,,,,,,,,,,,,,,,,,,,,,,,,,,,,,,,,,,,,,,,,,,,,,,,,,,,,,,,,,,,,,,,,,,,,,,,,,,,,,,,,,,,,,,,4096 x 3,10.56,,Global shutter,70 kHz,Color,"Visible (400-700 nm), Near Infrared (700-1000 nm)",M58 x 0.75 mm,Camera Link,62 x 62 x 48 mm,340 g,CMOS
Teledyne Dalsa,"Piranha4 Color 8k, 50 kHz P4-CC-08k050",Line Scan,Piranha4,,,,,,,,,,,,,,,,,,,,,,,,,,,,,,,,,,,,,,,Line Scan,CMOS,Camera Link,"Visible (400-700 nm), Near Infrared (700-1000 nm)",,P4-CC-08k050,8192 x 2,50 kHz,Teledyne DALSA,7.04,CMOS,Global shutter,Color,,M58 x 0.75 mm,"Image sync: Free-running, external trigger, CC1 trigger",Camera Link,IP30,Continuous,"Hardware trigger, programmable via camera API",,,Manual,,"Lookup table,  Pixel correction and Flat line correction",ROI,2 user configuration sets for custom camera settings,62.0,1x to 10x,R 650 / G 550 / B 470 nm,Peak @ 470 nm,Peak @ 550 nm,Peak @ 650 nm,"8, 8, 5 (DN8/nJ/cm2)",20000,,8 bit,80 x 80 x 57 mm,700 g,,15 to 85% (no condensation),0°C to 50°C (measured at the front face of the camera),< 16W,17 to 24 V via GPIO connector,15 to 85% (no condensation),-20°C to 80°C,CameraLink (2 x SDR-26 cables),External Camera Power Supply,"Lens, Cable, Host Adapter (CameraLink frame grabber)","CE, FCC, and RoHS",CameraLink v.2.1,2 years,,,"+12 V to +24 V DC, Hirose 12-pin",,,,,,,,,,,,,,,,,,,,,,,,,,,,,,,,,,,,,,,,,,,,,,,,,,,,,,,,,,,,,,,,,,,,,,,,,,,,,,,,,,,,,,,,,,,,,,,,8192 x 2,7.04,,Global shutter,50 kHz,Color,"Visible (400-700 nm), Near Infrared (700-1000 nm)",M58 x 0.75 mm,Camera Link,80 x 80 x 57 mm,700 g,CMOS
Teledyne Dalsa,"Piranha4 Multispectral RGB+NIR 2k, 70 kHz P4-CC-02K07N",Line Scan,Piranha4,,,,,,,,,,,,,,,,,,,,,,,,,,,,,,,,,,,,,,,Line Scan,CMOS,Camera Link,"Visible (400-700 nm), Near Infrared (700-1000 nm)",,P4-CC-02K07N,2048 x 4,70 kHz,Teledyne DALSA,14.08,CMOS,Global shutter,RGBN,,M42 x 1 mm,"Image sync: Free-running, external trigger, CC1 trigger",Camera Link,IP30,Continuous,"Hardware trigger, programmable via camera API",,,Manual,,"Lookup table,  Pixel correction and Flat line correction",ROI,2 user configuration sets for custom camera settings,,1x to 10x,R 610 / G 500 / B 450 / NIR 820 nm,Peak @ 450 nm,Peak @ 500 nm,Peak @ 610 nm,"45,44,38,22 (DN8/nJ/cm2)",20000,,"8-bit, 10-bit, 12-bit",62 x 62 x 48 mm,340 g,,15 to 85% (no condensation),0°C to 60°C (measured at the front face of the camera),,24 to 24 V via GPIO connector,15 to 85% (no condensation),-20°C to 80°C,CameraLink (2 x SDR-26 cables),External Camera Power Supply,"Lens, Cable, Host Adapter (CameraLink frame grabber)","CE, FCC, and RoHS",CameraLink v.2.1,2 years,Peak  @ 820 nm,,,,,,,,,,,,,,,,,,,,,,,,,,,,,,,,,,,,,,,,,,,,,,,,,,,,,,,,,,,,,,,,,,,,,,,,,,,,,,,,,,,,,,,,,,,,,,,,,,2048 x 4,14.08,,Global shutter,70 kHz,RGBN,"Visible (400-700 nm), Near Infrared (700-1000 nm)",M42 x 1 mm,Camera Link,62 x 62 x 48 mm,340 g,CMOS
Teledyne Dalsa,"Piranha4 Trilinear Color 8k, 33 kHz P4-CC-08K03T-01-R",Line Scan,Piranha4,,,,,,,,,,,,,,,,,,,,,,,,,,,,,,,,,,,,,,,Line Scan,CMOS,Camera Link,"Visible (400-700 nm), Near Infrared (700-1000 nm)",,P4-CC-08K03T-01-R,8192 x 3,33 kHz,Teledyne DALSA,7.5,CMOS,Global shutter,Color,,M58 x 0.75 mm,"Image sync: Free-running, external trigger, CC1 trigger",Camera Link,IP30,Continuous,"Hardware trigger, programmable via camera API",,,Manual,,"Lookup table,  Pixel correction and Flat line correction",ROI,2 user configuration sets for custom camera settings,56.0,1x to 10x,R 640 / G 525 / B 460 nm,Peak @ 460 nm,Peak @ 525 nm,Peak @ 640 nm,"12, 9.5, 7 (DN8/nJ/cm2)",20000,,8 bit,80 x 80 x 40 mm,295 g,,15 to 85% (no condensation),0°C to 60°C (measured at the front face of the camera),< 6.5W,16 to 24 V via GPIO connector,15 to 85% (no condensation),-20°C to 80°C,CameraLink (2 x SDR-26 cables),External Camera Power Supply,"Lens, Cable, Host Adapter (CameraLink frame grabber)","CE, FCC, and RoHS",CameraLink v.2.1,2 years,,,"+12 V to +24 V DC, Hirose 12-pin",,,,,,,,,,,,,,,,,,,,,,,,,,,,,,,,,,,,,,,,,,,,,,,,,,,,,,,,,,,,,,,,,,,,,,,,,,,,,,,,,,,,,,,,,,,,,,,,8192 x 3,7.5,,Global shutter,33 kHz,Color,"Visible (400-700 nm), Near Infrared (700-1000 nm)",M58 x 0.75 mm,Camera Link,80 x 80 x 40 mm,295 g,CMOS
Teledyne Dalsa,AxCIS Mono 400 mm AX-FM-04B12H-00,Line Scan,AxCIS,,,,,,,,,,,,,,,,,,,,,,,,,,,,,,,,,,,,,,,Line Scan,CMOS,Camera Link HS,"Visible (400-700 nm), Near Infrared (700-1000 nm)",T2IR,AX-FM-04B12H-00,14304 × 2,120 kHz,Teledyne DALSA,28,CMOS,Global shutter,Mono,,N/A (lens included),"Image sync: Free-running, external trigger, CLHS trigger",Camera Link HS (SFP+),IP60,Continuous,"Hardware trigger, programmable via camera API",2.5 µs to 1310 µs,4 GB non-volatile memory,Manual,,"Lookup table,  Pixel correction and Flat line correction","ROI, Muti-ROI",16 user configuration sets for custom camera settings,76.0,1x to 10x,650 nm,,,,,40000,2 x input for SFP+ module | HD D-Sub 26-Pin (male),"8-bit, 12-bit",75 x 100 x 441.8 mm,3.2 kg,,15 to 85% (no condensation),0°C to 50°C (measured at the front face of the camera),65 W (86W with LED),24 V via GPIO connector,15 to 85% (no condensation),-20°C to 80°C,CLHS 2 Fiber optic Lanes (10 Gbps/lane),External Camera Power Supply,"Cable, Host Adapter (Xtium2-CLHS FX8 LC CLHS frame grabber pn: OR-A8S0-FX820)","CE, FCC, KCC, RoHS. The ECCN for this product is: EAR099.",CameraLink HS v1.0,2 years,670 nm,,,,,,,,,,,,,,,,,,,,,,,,,,,,,,,,,,,,,,,,,,,,,,,,,,,,,,,,,,,,,,,,,,,,,,,,,,,,,,,,,,,,,,,,,,,,,,,,,,14304 × 2,28,,Global shutter,120 kHz,Mono,"Visible (400-700 nm), Near Infrared (700-1000 nm)",N/A (lens included),Camera Link HS (SFP+),75 x 100 x 441.8 mm,3.2 kg,CMOS
Teledyne Dalsa,AxCIS Color 400 mm AX-FC-04B06T-00,Line Scan,AxCIS,,,,,,,,,,,,,,,,,,,,,,,,,,,,,,,,,,,,,,,Line Scan,CMOS,Camera Link HS,"Visible (400-700 nm), Near Infrared (700-1000 nm)",T2IR,AX-FC-04B06T-00,14304 x 3,60 kHz x 3,Teledyne DALSA,28,CMOS,Global shutter,Color,,N/A (lens included),"Image sync: Free-running, external trigger, CLHS trigger",Camera Link HS (SFP+),IP60,Continuous,"Hardware trigger, programmable via camera API",2.5 µs to 1310 µs,4 GB non-volatile memory,Manual,,"Lookup table,  Pixel correction and Flat line correction","ROI, Muti-ROI",16 user configuration sets for custom camera settings,76.0,1x to 10x,650 nm,Peak @ 480 nm,Peak @ 550 nm,Peak @ 610 nm,,40000,2 x input for SFP+ module | HD D-Sub 26-Pin (male),"8-bit, 12-bit",75 x 100 x 441.8 mm,3.2 kg,,15 to 85% (no condensation),0°C to 50°C (measured at the front face of the camera),65 W (86W with LED),24 V via GPIO connector,15 to 85% (no condensation),-20°C to 80°C,CLHS 2 Fiber optic Lanes (10 Gbps/lane),External Camera Power Supply,"Cable, Host Adapter (Xtium2-CLHS FX8 LC CLHS frame grabber pn: OR-A8S0-FX820)","CE, FCC, KCC, RoHS. The ECCN for this product is: EAR099.",CameraLink HS v1.0,2 years,,,,,,,,,,,,,,,,,,,,,,,,,,,,,,,,,,,,,,,,,,,,,,,,,,,,,,,,,,,,,,,,,,,,,,,,,,,,,,,,,,,,,,,,,,,,,,,,,,,14304 x 3,28,,Global shutter,60 kHz x 3,Color,"Visible (400-700 nm), Near Infrared (700-1000 nm)",N/A (lens included),Camera Link HS (SFP+),75 x 100 x 441.8 mm,3.2 kg,CMOS
Teledyne Dalsa,AxCIS Color 600 mm AX-FC-06B06T-00,Line Scan,AxCIS,,,,,,,,,,,,,,,,,,,,,,,,,,,,,,,,,,,,,,,Line Scan,CMOS,Camera Link HS,"Visible (400-700 nm), Near Infrared (700-1000 nm)",T2IR,AX-FC-06B06T-00,21440 x 3,60 kHz x 3,Teledyne DALSA,28,CMOS,Global shutter,Color,,N/A (lens included),"Image sync: Free-running, external trigger, CLHS trigger","Camera Link HS, Fiber Optic",IP60,Continuous,"Hardware trigger, programmable via camera API",2.5 µs to 1310 µs,4 GB non-volatile memory,Manual,,"Lookup table,  Pixel correction and Flat line correction","ROI, Muti-ROI",16 user configuration sets for custom camera settings,76.0,1x to 10x,650 nm,Peak @ 480 nm,Peak @ 550 nm,Peak @ 610 nm,,40000,4 x input for SFP+ module | HD D-Sub 26-Pin (male),"8-bit, 12-bit",75 x 100 x 641.8 mm,4.9 kg,,15 to 85% (no condensation),0°C to 50°C (measured at the front face of the camera),86 W (135W with LED),24 V via GPIO connector,15 to 85% (no condensation),-20°C to 80°C,CLHS 4 Fiber optic Lanes (10 Gbps/lane),External Camera Power Supply,"Cable, Host Adapter (Xtium2-CLHS FX8 CLHS frame grabber pn: OR-A8S0-FX840)","CE, FCC, KCC, RoHS. The ECCN for this product is: EAR099.",CameraLink HS v1.0,2 years,,,,,,,,,,,,,,,,,,,,,,,,,,,,,,,,,,,,,,,,,,,,,,,,,,,,,,,,,,,,,,,,,,,,,,,,,,,,,,,,,,,,,,,,,,,,,,,,,,,21440 x 3,28,,Global shutter,60 kHz x 3,Color,"Visible (400-700 nm), Near Infrared (700-1000 nm)",N/A (lens included),"Camera Link HS, Fiber Optic",75 x 100 x 641.8 mm,4.9 kg,CMOS
Teledyne Dalsa,AxCIS Mono 700 mm AX-FM-07B12H-00,Line Scan,AxCIS,,,,,,,,,,,,,,,,,,,,,,,,,,,,,,,,,,,,,,,Line Scan,CMOS,Camera Link HS,"Visible (400-700 nm), Near Infrared (700-1000 nm)",T2IR,AX-FM-07B12H-00,25024 x 2,120 kHz,Teledyne DALSA,28,CMOS,Global shutter,Mono,,N/A (lens included),"Image sync: Free-running, external trigger, CLHS trigger",Camera Link HS (SFP+),IP60,Continuous,"Hardware trigger, programmable via camera API",2.5 µs to 1310 µs,4 GB non-volatile memory,Manual,,"Lookup table,  Pixel correction and Flat line correction","ROI, Muti-ROI",16 user configuration sets for custom camera settings,76.0,1x to 10x,650 nm,,,,,40000,4 x input for SFP+ module | HD D-Sub 26-Pin (male),"8-bit, 12-bit",75 x 100 x 781.8 mm,5.2 kg,,15 to 85% (no condensation),0°C to 50°C (measured at the front face of the camera),96 W,24 V via GPIO connector,15 to 85% (no condensation),-20°C to 80°C,CLHS 4 Fiber optic Lanes (10 Gbps/lane),External Camera Power Supply,"Cable, Host Adapter (Xtium2-CLHS FX8 CLHS frame grabber pn: OR-A8S0-FX840)","CE, FCC, KCC, RoHS. The ECCN for this product is: EAR099.",CameraLink HS v1.0,2 years,670 nm,,,,,,,,,,,,,,,,,,,,,,,,,,,,,,,,,,,,,,,,,,,,,,,,,,,,,,,,,,,,,,,,,,,,,,,,,,,,,,,,,,,,,,,,,,,,,,,,,,25024 x 2,28,,Global shutter,120 kHz,Mono,"Visible (400-700 nm), Near Infrared (700-1000 nm)",N/A (lens included),Camera Link HS (SFP+),75 x 100 x 781.8 mm,5.2 kg,CMOS
Teledyne Dalsa,AxCIS Mono 800 mm AX-FM-08B12H-00,Line Scan,AxCIS,,,,,,,,,,,,,,,,,,,,,,,,,,,,,,,,,,,,,,,Line Scan,CMOS,Camera Link HS,"Visible (400-700 nm), Near Infrared (700-1000 nm)",T2IR,AX-FM-08B12H-00,28608 × 2,120 kHz,Teledyne DALSA,28,CMOS,Global shutter,Mono,,N/A (lens included),"Image sync: Free-running, external trigger, CLHS trigger",Camera Link HS (SFP+),IP60,Continuous,"Hardware trigger, programmable via camera API",2.5 µs to 1310 µs,4 GB non-volatile memory,Manual,,"Lookup table,  Pixel correction and Flat line correction","ROI, Muti-ROI",16 user configuration sets for custom camera settings,76.0,1x to 10x,650 nm,,,,,40000,4 x input for SFP+ module | HD D-Sub 26-Pin (male),"8-bit, 12-bit",75 x 100 x 837.4 mm,6.3 kg,,15 to 85% (no condensation),0°C to 50°C (measured at the front face of the camera),130 W (175W with LED),24 V via GPIO connector,15 to 85% (no condensation),-20°C to 80°C,CLHS 4 Fiber optic Lanes (10 Gbps/lane),External Camera Power Supply,"Cable, Host Adapter (Xtium2-CLHS FX8 CLHS frame grabber pn: OR-A8S0-FX840)","CE, FCC, KCC, RoHS. The ECCN for this product is: EAR099.",CameraLink HS v1.0,2 years,670 nm,,,,,,,,,,,,,,,,,,,,,,,,,,,,,,,,,,,,,,,,,,,,,,,,,,,,,,,,,,,,,,,,,,,,,,,,,,,,,,,,,,,,,,,,,,,,,,,,,,28608 × 2,28,,Global shutter,120 kHz,Mono,"Visible (400-700 nm), Near Infrared (700-1000 nm)",N/A (lens included),Camera Link HS (SFP+),75 x 100 x 837.4 mm,6.3 kg,CMOS
Teledyne Dalsa,AxCIS Color 800 mm AX-FC-08B06T-00,Line Scan,AxCIS,,,,,,,,,,,,,,,,,,,,,,,,,,,,,,,,,,,,,,,Line Scan,CMOS,Camera Link HS,"Visible (400-700 nm), Near Infrared (700-1000 nm)",T2IR,AX-FC-08B06T-00,28603 x 3,60 kHz x 3,Teledyne DALSA,28,CMOS,Global shutter,Color,,N/A (lens included),"Image sync: Free-running, external trigger, CLHS trigger",Camera Link HS (SFP+),IP60,Continuous,"Hardware trigger, programmable via camera API",2.5 µs to 1310 µs,4 GB non-volatile memory,Manual,,"Lookup table,  Pixel correction and Flat line correction","ROI, Muti-ROI",16 user configuration sets for custom camera settings,76.0,1x to 10x,650 nm,Peak @ 480 nm,Peak @ 550 nm,Peak @ 610 nm,,40000,4 x input for SFP+ module | HD D-Sub 26-Pin (male),"8-bit, 12-bit",75 x 100 x 841.8 mm,6.3 kg,,15 to 85% (no condensation),0°C to 50°C (measured at the front face of the camera),130 W (175W with LED),24 V via GPIO connector,15 to 85% (no condensation),-20°C to 80°C,CLHS 4 Fiber optic Lanes (10 Gbps/lane),External Camera Power Supply,"Cable, Host Adapter (Xtium2-CLHS FX8 CLHS frame grabber pn: OR-A8S0-FX840)","CE, FCC, KCC, RoHS. The ECCN for this product is: EAR099.",CameraLink HS v1.0,2 years,,,,,,,,,,,,,,,,,,,,,,,,,,,,,,,,,,,,,,,,,,,,,,,,,,,,,,,,,,,,,,,,,,,,,,,,,,,,,,,,,,,,,,,,,,,,,,,,,,,28603 x 3,28,,Global shutter,60 kHz x 3,Color,"Visible (400-700 nm), Near Infrared (700-1000 nm)",N/A (lens included),Camera Link HS (SFP+),75 x 100 x 841.8 mm,6.3 kg,CMOS
Teledyne Dalsa,AxCIS Mono 1500 mm AX-FM-15B12H-00,Line Scan,AxCIS,,,,,,,,,,,,,,,,,,,,,,,,,,,,,,,,,,,,,,,Line Scan,CMOS,Camera Link HS,"Visible (400-700 nm), Near Infrared (700-1000 nm)",T2IR,,53664 x 2,120 kHz,Teledyne DALSA,28,CMOS,Global shutter,Mono,,N/A (lens included),"Image sync: Free-running, external trigger, CLHS trigger",Camera Link HS (SFP+),IP60,Continuous,"Hardware trigger, programmable via camera API",2.5 µs to 1310 µs,4 GB non-volatile memory,Manual,,"Lookup table, Pixel correction and Flat line correction","ROI, Muti-ROI",16 user configuration sets for custom camera settings,76.0,1x to 10x,650 nm,,,,,40000,6 x input for SFP+ module | HD D-Sub 26-Pin (male),"8-bit, 12-bit",75 x 100 x 1541.8 mm,10.2 kg,,15 to 85% (no condensation),0°C to 50°C (measured at the front face of the camera),240 W,24 V via GPIO connector,15 to 85% (no condensation),-20°C to 80°C,CLHS 8 Fiber optic Lanes (10 Gbps/lane),External Camera Power Supply,"Cable, Host Adapter (Xtium2-CLHS FX8 CLHS frame grabber pn: OR-A8S0-FX840)","CE, FCC, KCC, RoHS. The ECCN for this product is: EAR099.",CameraLink HS v1.0,2 years,670 nm,,,,,,,,,,,,,,,,,,,,,,,,,,,,,,,,,,,,,,,,,,,,,,,,,,,,,,,,,,,,,,,,,,,,,,,,,,,,,,,,,,,,,,,,,,,,,,,,,,53664 x 2,28,,Global shutter,120 kHz,Mono,"Visible (400-700 nm), Near Infrared (700-1000 nm)",N/A (lens included),Camera Link HS (SFP+),75 x 100 x 1541.8 mm,10.2 kg,CMOS
Teledyne Dalsa,Linea SWIR 1k SL-GA-01K04A-00-R,Line Scan,Linea SWIR,,,,,,,,,,,,,,,,,,,,,,,,,,,,,,,,,,,,,,,,,,,,SL-GA-01K04A-00-R,1024 x 1,40 kHz,Teledyne DALSA,12.5,InGaAs,Global shutter,SWIR,,C-mount,"Image sync: Free-running, software & hardware trigger",Gigabit Ethernet 1 Gbps,IP30,Continuous  / Single Frame,"Hardware trigger, programmable via camera API",,32 MB non-volatile memory,Manual,32 MB,Pixel correction and Flat line correction,ROI,4 user configuration sets for custom camera settings,72.0,1x to 10x,1550 nm,,,,0.63 (DN8/nJ/cm2),10000,RJ-45 (vertical locking) | SAMTEC TFM-105 type,"8-bit, 12-bit",46 mm x 46 mm x 55 mm,150 g,,15 to 85% (no condensation),0°C to 40°C (measured at the front face of the camera),,Power Over Ethernet (PoE) or 12 to 24 V via GPIO connector,15 to 85% (no condensation),-20°C to 80°C,Gigabit Ethernet Port,IEEE802.3af-2003 PoE Interface Card / Injector/ Switch or External Camera Power Supply,"Lens, Cable, Host Adapter (GigE Nic or Xtium2-XGV frame grabber)","CE, FCC, KCC, RoHS. The ECCN for this product is: Dual-Use.",GigE Vision v1.2,2 years,1550 nm,12,,"2 input, 2 output",,,,,,,,,,,,,,,,,,,,,,,,,,,,,,,,,,,,,,,,,,,,,,,,,,,,,,,,,,,,,,,,,,,,,,,,,,,,,,,,,,,,,,,,,,,,,,,1024 x 1,12.5,,Global shutter,40 kHz,SWIR,,C-mount,Gigabit Ethernet 1 Gbps,46 mm x 46 mm x 55 mm,150 g,InGaAs
Teledyne Dalsa,Linea SWIR 512 SL-GA-05H04A-00-R,Line Scan,Linea SWIR,,,,,,,,,,,,,,,,,,,,,,,,,,,,,,,,,,,,,,,,,,,,SL-GA-05H04A-00-R,512 x 1,40 kHz,Teledyne DALSA,25,InGaAs,Global shutter,SWIR,,C-mount,"Image sync: Free-running, software & hardware trigger",Gigabit Ethernet 1 Gbps,IP30,Continuous  / Single Frame,"Hardware trigger, programmable via camera API",,32 MB non-volatile memory,Manual,32 MB,Pixel correction and Flat line correction,ROI,4 user configuration sets for custom camera settings,66.0,1x to 10x,1550 nm,,,,1.3 (DN8/nJ/cm2),10000,RJ-45 (vertical locking) | SAMTEC TFM-105 type,"8-bit, 12-bit",46 mm x 46 mm x 55 mm,150 g,,15 to 85% (no condensation),0°C to 40°C (measured at the front face of the camera),,Power Over Ethernet (PoE) or 12 to 24 V via GPIO connector,15 to 85% (no condensation),-20°C to 80°C,Gigabit Ethernet Port,IEEE802.3af-2003 PoE Interface Card / Injector/ Switch or External Camera Power Supply,"Lens, Cable, Host Adapter (GigE Nic or Xtium2-XGV frame grabber)","CE, FCC, KCC, RoHS. The ECCN for this product is: Dual-Use.",GigE Vision v1.2,2 years,1550 nm,21,,"2 input, 2 output",,,,,,,,,,,,,,,,,,,,,,,,,,,,,,,,,,,,,,,,,,,,,,,,,,,,,,,,,,,,,,,,,,,,,,,,,,,,,,,,,,,,,,,,,,,,,,,512 x 1,25,,Global shutter,40 kHz,SWIR,,C-mount,Gigabit Ethernet 1 Gbps,46 mm x 46 mm x 55 mm,150 g,InGaAs
Teledyne Dalsa,OctoPlus,Line Scan,OctoPlus,,,,,,,,,,,,,,,,,,,,,,,,,,,,,,,,,,,,,,,Line Scan,CMOS,"Camera Link, USB3 interfaces",,,EV71YO1,2048,250 kHz,,10,,,,,,,,,,,,,,,,,,,,,,,,,,,,,,,,,,,,,,,,,,,,,,,,,,,,,,,,,,,,,,,,,,,,,,,,,,,,,,,,,,,,,,,,,,,,,,,,,,,,,,,,,,,,,,,,,,,,,,,,,,,,,,,,,,,,,,,,,,,,,2048,10,,,250 kHz,,,,"Camera Link, USB3 interfaces",,,CMOS
Teledyne Dalsa,PyLoN-IR 1.7 PYR-1024-17,Line Scan,Pylon IR,,,,,,,,,,,,,,,,,,,,,,,,,,,,,,,,,,,,,,,,,,,,,1024 x 1,500 kHz,,25 µm x 500 µm,Linear InGaAs photodiode array,External,800-1700nm,,,,,,,20  µs minimum exposure time,,,"High, Low",,,,,,,,,,,,,,16 bits,8.2 in (208 mm) x 14.6 in (371mm) x 10.5 in (267mm),10 lbs (4.5kg),,80% RH non-condensing,0°C to 30°C,,,,,Gigabit Ethernet Port,,,,,,0.88,,,,6600 spectra/sec,"Low gain: 120 Me-, 100 Me- minHigh gain: 4.5 Me-, 4 Me- min",16 bits,20 μs,Linear InGaAs photodiode array,6600 spectra/s,Low gain: 2000 e/ctHigh gain: 75 e/ct,Low gain: 6.5 ke-/p/sHigh gain: 5.7 ke-/p/s,Low gain: 120 Me-High gain: 4.5 Me-,Low gain: 5000 e-High gain: 400 e-,InGaAs,Liquid Nitrogen,Spec Mount,"Power Supply, Power Cable, GigE cable, AUX I/O cable","Windows, Linux",,,,,,,,,,,,,,,,,,,,,,,,,,,,,,,,,,,,,,,,,,,,,,,,,,,,,,,,,,,,,,,,,,,,,,,,,,,,,,,,1024 x 1,25 µm x 500 µm,6600 spectra/s,External,500 kHz,800-1700nm,,,,8.2 in (208 mm) x 14.6 in (371mm) x 10.5 in (267mm),10 lbs (4.5kg),Linear InGaAs photodiode array
Teledyne Dalsa,PyLoN-IR 2.2 PYR-1024-22,Line Scan,Pylon IR,,,,,,,,,,,,,,,,,,,,,,,,,,,,,,,,,,,,,,,,,,,,,1024 x 1,500 kHz,,25 µm x 250 µm,Linear InGaAs photodiode array,External,,,,,,,,20  µs minimum exposure time,,,"High, Low",,,,,,,,,,,,,,16 bits,8.2 in (208 mm) x 14.6 in (371mm) x 10.5 in (267mm),,,80% RH non-condensing,0°C to 30°C,,,,,Gigabit Ethernet Port,,,,,,0.7,,,,6600 spectra/sec,"Low gain: 120 Me-, 100 Me- minHigh gain: 4.5 Me-, 4 Me- min",16 bits,20 μs,Linear InGaAs photodiode array,6600 spectra/s,Low gain: 2000 e/ctHigh gain: 75 e/ct,Low gain: 0.55 Me-/p/sHigh gain: 0.6 Me-/p/s,Low gain: 110 Me-High gain: 4.1 Me-,Low gain: 6000 e-High gain: 400 e-,InGaAs,Liquid Nitrogen,Spec Mount,"Power Supply, Power Cable, GigE cable, AUX I/O cable","Windows, Linux",,,,,,,,,,,,,,,,,,,,,,,,,,,,,,,,,,,,,,,,,,,,,,,,,,,,,,,,,,,,,,,,,,,,,,,,,,,,,,,,1024 x 1,25 µm x 250 µm,6600 spectra/s,External,500 kHz,,,,,8.2 in (208 mm) x 14.6 in (371mm) x 10.5 in (267mm),,Linear InGaAs photodiode array
Teledyne Dalsa,Tetra 2k Color TL-GC-02K05T-00,Line Scan,Tetra,TL-GC-02K05T-00,2048 × 3,,50 kHz × 3,Teledyne DALSA,,CMOS,Color,M42 x 1 mm,"Image sync: Free-running, software & hardware trigger, action command",Gigabit Ethernet 2.5 Gbps,IP30,"Pixel binning,  ROI, Muti-ROI",,"Lookup table,  Pixel correction, Flat line correction and Line spatial correction",32 MB non-volatile memory,Continuous  / Single Frame,400 mm,70,,1000 nm,R 650 / G 550 / B 460 nm,30000,8-bit,-20°C to 80°C,Power Over Ethernet (PoE) or 12 to 24 V via GPIO connector,15 to 85% (no condensation),0°C to 55°C (measured at the front face of the camera),15 to 85% (no condensation),6 W,297 g,RJ-45 (horizontal locking) | Hirose12 (male),62 mm × 62 mm × 50 mm,IEEE802.3af-2003 PoE Interface Card / Injector/ Switch or External Camera Power Supply,Gigabit Ethernet Port,"Lens, Cable, Host Adapter (GigE Nic or Xtium2-XGV frame grabber)","CE, FCC, KCC, RoHS. The ECCN for this product is: EAR099.",GigE Vision v1.2,,,,,,,,,,,,,,,,,,,,,,,,,,,,,,,,,,,,,,,,,,,,,,,,,,,,,,,,,,,,,,,,,,,,,,,,Global shutter,,Manual,5 µs to 2500 µs,"Hardware trigger, programmable via camera API",90 MB,1x to 10x,"55,, 40, 25 (DN8/nJ/cm2)",Peak @ 550 nm,Peak @ 650 nm,Peak @ 460 nm,"2 RS-422 input, 2 RS-422 output, 1 RS-422 Bi-directional",2 years,,,,,,,,,,,,,,,,,,,,,,,,,,,,,,,,,,,,,,,,,,,,,,,,,,,,,,,,,,,,,,,,,,,2048 × 3,,,Global shutter,50 kHz × 3,Color,,M42 x 1 mm,Gigabit Ethernet 2.5 Gbps,62 mm × 62 mm × 50 mm,297 g,CMOS
Teledyne Dalsa,Tetra 2k Mono TL-GM-02K15B-00,Line Scan,Tetra,TL-GM-02K15B-00,2048 × 2,,150 kHz,Teledyne DALSA,,CMOS,Mono,M42 x 1 mm,"Image sync: Free-running, software & hardware trigger, action command",Gigabit Ethernet 2.5 Gbps,IP30,"Pixel binning,  ROI, Muti-ROI",,"Lookup table,  Pixel correction, Flat line correction and Line spatial correction",32 MB non-volatile memory,Continuous  / Single Frame,400 mm,70,,1000 nm,650 nm,30000,"8-bit, 10-bit",-20°C to 80°C,Power Over Ethernet (PoE) or 12 to 24 V via GPIO connector,15 to 85% (no condensation),0°C to 55°C (measured at the front face of the camera),15 to 85% (no condensation),6 W,297 g,RJ-45 (horizontal locking) | Hirose12 (male),62 mm × 62 mm × 50 mm,IEEE802.3af-2003 PoE Interface Card / Injector/ Switch or External Camera Power Supply,Gigabit Ethernet Port,"Lens, Cable, Host Adapter (GigE Nic or Xtium2-XGV frame grabber)","CE, FCC, KCC, RoHS. The ECCN for this product is: EAR099.",GigE Vision v1.2,,,,,,,,,,,,,,,,,,,,,,,,,,,,,,,,,,,,,,,,,,,,,,,,,,,,,,,,,,,,,,,,,,,,,,,,Global shutter,,Manual,5 µs to 2500 µs,"Hardware trigger, programmable via camera API",90 MB,1x to 10x,75 (DN8/nJ/cm2),,,,"2 RS-422 input, 2 RS-422 output, 1 RS-422 Bi-directional",2 years,650 nm,,,,,,,,,,,,,,,,,,,,,,,,,,,,,,,,,,,,,,,,,,,,,,,,,,,,,,,,,,,,,,,,,,2048 × 2,,,Global shutter,150 kHz,Mono,,M42 x 1 mm,Gigabit Ethernet 2.5 Gbps,62 mm × 62 mm × 50 mm,297 g,CMOS
Teledyne Dalsa,Tetra 4k Color TL-GC-04K02T-00,Line Scan,Tetra,TL-GC-04K02T-00,4096 × 3,,25 kHz × 3,Teledyne DALSA,,CMOS,Color,M42 x 1 mm,"Image sync: Free-running, software & hardware trigger, action command",Gigabit Ethernet 2.5 Gbps,IP30,"Pixel binning,  ROI, Muti-ROI",,"Lookup table,  Pixel correction, Flat line correction and Line spatial correction",32 MB non-volatile memory,Continuous  / Single Frame,400 mm,70,,1000 nm,R 650 / G 550 / B 460 nm,30000,8-bit,-20°C to 80°C,Power Over Ethernet (PoE) or 12 to 24 V via GPIO connector,15 to 85% (no condensation),0°C to 55°C (measured at the front face of the camera),15 to 85% (no condensation),6 W,297 g,RJ-45 (horizontal locking) | Hirose12 (male),62 mm × 62 mm × 50 mm,IEEE802.3af-2003 PoE Interface Card / Injector/ Switch or External Camera Power Supply,Gigabit Ethernet Port,"Lens, Cable, Host Adapter (GigE Nic or Xtium2-XGV frame grabber)","CE, FCC, KCC, RoHS. The ECCN for this product is: EAR099.",GigE Vision v1.2,,,,,,,,,,,,,,,,,,,,,,,,,,,,,,,,,,,,,,,,,,,,,,,,,,,,,,,,,,,,,,,,,,,,,,,,Global shutter,,Manual,5 µs to 2500 µs,"Hardware trigger, programmable via camera API",90 MB,1x to 10x,"9, 9, 6 (DN8/nJ/cm2)",Peak @ 550 nm,Peak @ 650 nm,Peak @ 460 nm,"2 RS-422 input, 2 RS-422 output, 1 RS-422 Bi-directional",2 years,,,,,,,,,,,,,,,,,,,,,,,,,,,,,,,,,,,,,,,,,,,,,,,,,,,,,,,,,,,,,,,,,,,4096 × 3,,,Global shutter,25 kHz × 3,Color,,M42 x 1 mm,Gigabit Ethernet 2.5 Gbps,62 mm × 62 mm × 50 mm,297 g,CMOS
Teledyne Dalsa,Tetra 4k Color 10GigE TL-GC-04k04T-00,Line Scan,Tetra,TL-GC-04K04T-00,4096 × 3,,42 kHz × 3,Teledyne DALSA,7,CMOS,Color,M42 x 1 mm,"Image sync: Free-running, software & hardware trigger, action command",Gigabit Ethernet 10 Gbps,IP30,"ROI, Muti-ROI",,"Lookup table,  Pixel correction, Flat line correction and Line spatial correction",32 MB non-volatile memory,Continuous  / Single Frame,400 mm,70,,1000 nm,R 650 / G 550 / B 460 nm,30000,"8-bit, 10-bit",-20°C to 80°C,Power Over Ethernet (PoE) or 12 to 24 V via GPIO connector,15 to 85% (no condensation),0°C to 55°C (measured at the front face of the camera),15 to 85% (no condensation),11 W,297 g,RJ-45 (horizontal locking) | Hirose12 (male),62 mm × 62 mm × 50 mm,IEEE802.3af-2003 PoE Interface Card / Injector/ Switch or External Camera Power Supply,Gigabit Ethernet Port,"Lens, Cable, Host Adapter (GigE Nic or Xtium2-XGV frame grabber)","CE, FCC, KCC, RoHS. The ECCN for this product is: EAR099.",GigE Vision v1.2,,,,,,,,,,,,,,,,,,,,,,,,,,,,,,,,,,,,,,,,,,,,,,,,,,,,,,,,,,,,,,,,,,,,,,,,Global shutter,,Manual,5 µs to 2500 µs,"Hardware trigger, programmable via camera API",90 MB,1x to 10x,"9, 9, 6 (DN8/nJ/cm2)",Peak @ 550 nm,Peak @ 650 nm,Peak @ 460 nm,"2 RS-422 input, 2 RS-422 output, 1 RS-422 Bi-directional",2 years,,,,,,,,,,,,,,,,,,,,,,,,,,,,,,,,,,,,,,,,,,,,,,,,,,,,,,,,,,,,,,,,,,,4096 × 3,,,Global shutter,42 kHz × 3,Color,,M42 x 1 mm,Gigabit Ethernet 10 Gbps,62 mm × 62 mm × 50 mm,297 g,CMOS
Teledyne Dalsa,Tetra 4k Mono TL-GM-04K07B-00,Line Scan,Tetra,TL-GM-04K07B-00,4096 × 2,,75 kHz,Teledyne DALSA,,CMOS,Mono,M42 x 1 mm,"Image sync: Free-running, software & hardware trigger, action command",Gigabit Ethernet 2.5 Gbps,IP30,"Pixel binning,  ROI, Muti-ROI",,"Lookup table,  Pixel correction, Flat line correction and Line spatial correction",32 MB non-volatile memory,Continuous  / Single Frame,400 mm,70,,1000 nm,650 nm,30000,"8-bit, 10-bit",-20°C to 80°C,Power Over Ethernet (PoE) or 12 to 24 V via GPIO connector,15 to 85% (no condensation),0°C to 55°C (measured at the front face of the camera),15 to 85% (no condensation),6 W,297 g,RJ-45 (horizontal locking) | Hirose12 (male),62 mm × 62 mm × 50 mm,IEEE802.3af-2003 PoE Interface Card / Injector/ Switch or External Camera Power Supply,Gigabit Ethernet Port,"Lens, Cable, Host Adapter (GigE Nic or Xtium2-XGV frame grabber)","CE, FCC, KCC, RoHS. The ECCN for this product is: EAR099.",GigE Vision v1.2,,,,,,,,,,,,,,,,,,,,,,,,,,,,,,,,,,,,,,,,,,,,,,,,,,,,,,,,,,,,,,,,,,,,,,,,Global shutter,,Manual,5 µs to 2500 µs,"Hardware trigger, programmable via camera API",90 MB,1x to 10x,12 (DN8/nJ/cm2),,,,"2 RS-422 input, 2 RS-422 output, 1 RS-422 Bi-directional",2 years,650 nm,,,,,,,,,,,,,,,,,,,,,,,,,,,,,,,,,,,,,,,,,,,,,,,,,,,,,,,,,,,,,,,,,,4096 × 2,,,Global shutter,75 kHz,Mono,,M42 x 1 mm,Gigabit Ethernet 2.5 Gbps,62 mm × 62 mm × 50 mm,297 g,CMOS
Teledyne Dalsa,Tetra 4k Mono 10GigE TL-GM-04k16B-00,Line Scan,Tetra,TL-GM-04K16B-00,4096 × 2,,165 kHz,Teledyne DALSA,7,CMOS,Mono,M42 x 1 mm,"Image sync: Free-running, software & hardware trigger, action command",Gigabit Ethernet 10 Gbps,IP30,"Pixel binning,  ROI, Muti-ROI",,"Lookup table,  Pixel correction, Flat line correction and Line spatial correction",32 MB non-volatile memory,Continuous  / Single Frame,400 mm,70,,1000 nm,650 nm,30000,"8-bit, 10-bit, 12-bit",-20°C to 80°C,Power Over Ethernet (PoE) or 12 to 24 V via GPIO connector,15 to 85% (no condensation),0°C to 55°C (measured at the front face of the camera),15 to 85% (no condensation),6 W,297 g,RJ-45 (horizontal locking) | Hirose12 (male),62 mm × 62 mm × 50 mm,IEEE802.3af-2003 PoE Interface Card / Injector/ Switch or External Camera Power Supply,Gigabit Ethernet Port,"Lens, Cable, Host Adapter (GigE Nic or Xtium2-XGV frame grabber)","CE, FCC, KCC, RoHS. The ECCN for this product is: EAR099.",GigE Vision v1.2,,,,,,,,,,,,,,,,,,,,,,,,,,,,,,,,,,,,,,,,,,,,,,,,,,,,,,,,,,,,,,,,,,,,,,,,Global shutter,,Manual,5 µs to 2500 µs,"Hardware trigger, programmable via camera API",90 MB,1x to 10x,12 (DN8/nJ/cm2),,,,"2 RS-422 input, 2 RS-422 output, 1 RS-422 Bi-directional",2 years,650 nm,,,,,,,,,,,,,,,,,,,,,,,,,,,,,,,,,,,,,,,,,,,,,,,,,,,,,,,,,,,,,,,,,,4096 × 2,,,Global shutter,165 kHz,Mono,,M42 x 1 mm,Gigabit Ethernet 10 Gbps,62 mm × 62 mm × 50 mm,297 g,CMOS
Teledyne Dalsa,Tetra 8k Mono TL-GM-08K07S-00,Line Scan,Tetra,TL-GM-08K07S-00,8192 × 1 SR,,75 kHz,Teledyne DALSA,3.5 SR,CMOS,Mono,M42 x 1 mm,"Image sync: Free-running, software & hardware trigger, action command",Gigabit Ethernet 2.5 Gbps,IP30,"Pixel binning,  ROI, Muti-ROI",,"Lookup table,  Pixel correction, Flat line correction and Line spatial correction",32 MB non-volatile memory,Continuous  / Single Frame,400 mm,70,,1000 nm,650 nm,30000,"8-bit, 10-bit",-20°C to 80°C,Power Over Ethernet (PoE) or 12 to 24 V via GPIO connector,15 to 85% (no condensation),0°C to 55°C (measured at the front face of the camera),15 to 85% (no condensation),6 W,297 g,RJ-45 (horizontal locking) | Hirose12 (male),62 mm × 62 mm × 50 mm,IEEE802.3af-2003 PoE Interface Card / Injector/ Switch or External Camera Power Supply,Gigabit Ethernet Port,"Lens, Cable, Host Adapter (GigE Nic or Xtium2-XGV frame grabber)","CE, FCC, KCC, RoHS. The ECCN for this product is: EAR099.",GigE Vision v1.2,,,,,,,,,,,,,,,,,,,,,,,,,,,,,,,,,,,,,,,,,,,,,,,,,,,,,,,,,,,,,,,,,,,,,,,,Global shutter,,Manual,5 µs to 2500 µs,"Hardware trigger, programmable via camera API",90 MB,1x to 10x,12 (DN8/nJ/cm2),,,,"2 RS-422 input, 2 RS-422 output, 1 RS-422 Bi-directional",2 years,650 nm,,,,,,,,,,,,,,,,,,,,,,,,,,,,,,,,,,,,,,,,,,,,,,,,,,,,,,,,,,,,,,,,,,8192 × 1 SR,,,Global shutter,75 kHz,Mono,,M42 x 1 mm,Gigabit Ethernet 2.5 Gbps,62 mm × 62 mm × 50 mm,297 g,CMOS
Teledyne Dalsa,Tetra 8k Mono SR 10GigE TL-GM-08k08S-00,Line Scan,Tetra,TL-GM-08K08S-00,8192 × 1 SR,,82 kHz,Teledyne DALSA,3.5 SR,CMOS,Mono,M42 x 1 mm,"Image sync: Free-running, software & hardware trigger, action command",Gigabit Ethernet 10 Gbps,IP30,"Pixel binning,  ROI, Muti-ROI",,"Lookup table,  Pixel correction, Flat line correction and Line spatial correction",32 MB non-volatile memory,Continuous  / Single Frame,400 mm,70,,1000 nm,650 nm,30000,"8-bit, 10-bit, 12-bit",-20°C to 80°C,Power Over Ethernet (PoE) or 12 to 24 V via GPIO connector,15 to 85% (no condensation),0°C to 55°C (measured at the front face of the camera),15 to 85% (no condensation),6 W,297 g,RJ-45 (horizontal locking) | Hirose12 (male),62 mm × 62 mm × 50 mm,IEEE802.3af-2003 PoE Interface Card / Injector/ Switch or External Camera Power Supply,Gigabit Ethernet Port,"Lens, Cable, Host Adapter (GigE Nic or Xtium2-XGV frame grabber)","CE, FCC, KCC, RoHS. The ECCN for this product is: EAR099.",GigE Vision v1.2,,,,,,,,,,,,,,,,,,,,,,,,,,,,,,,,,,,,,,,,,,,,,,,,,,,,,,,,,,,,,,,,,,,,,,,,Global shutter,,Manual,5 µs to 2500 µs,"Hardware trigger, programmable via camera API",90 MB,1x to 10x,12 (DN8/nJ/cm2),,,,"2 RS-422 input, 2 RS-422 output, 1 RS-422 Bi-directional",2 years,650 nm,,,,,,,,,,,,,,,,,,,,,,,,,,,,,,,,,,,,,,,,,,,,,,,,,,,,,,,,,,,,,,,,,,8192 × 1 SR,,,Global shutter,82 kHz,Mono,,M42 x 1 mm,Gigabit Ethernet 10 Gbps,62 mm × 62 mm × 50 mm,297 g,CMOS
Teledyne Dalsa,"Forge 1GigE SWIR: 1.3MP, C-마운트",Area Scan,"Forge 1GigE SWIR: 1.3MP, C-마운트",FG-PGE-13S3S-U-C,1280 x 1024,1.3,,Sony IMX990,5,InGaAs,SWIR (400nm ~ 1700nm),C-마운트,"소프트웨어 트리거, 하드웨어 트리거, 동작 명령, PTP",기가비트 이더넷 1Gbps,,"데시메이션, ROI",사용자 카메라 설정을 위한 사용자 구성 세트 2개,"감마, 룩업 테이블(순람표) 및 선명도",1MB 비휘발성 메모리,연속 단일 프레임 다중 프레임,,57,256,,,184780,"8비트, 10비트, 12비트",-30°C~65°C(주변),"파워 오버 이더넷 (PoE, Power over Ethernet), 또는 12 V 공칭 (9.5 - 24 V)",20에서 80%(응결 없음),0°~50°C(주변 온도),30~95%(응결 없음),2.9W,116g,RJ45(수평 잠금) | Hirose HR10A-7R-6PB,40mm x 40mm x 43mm,,기가비트 이더넷 포트,"SWIR 렌즈, 케이블, 호스트 어댑터(GigE)","CE, FCC, KCC, RoHS, REACH. ECCN: 미국 ECCN 6A003.b.4.a / 캐나다 ECL 1-6.A.3.b.4.a",GigE Vision v1.2,,,,,,,,,,,,,,,,,,,,,,,,,,,,,,,,,,,,,,,,,,,,,,,,,,,,,,,,,,,,,,,,,,,,,,,,글로벌 셔터,,"수동, 자동(AGC)",15µ~30초,,240 MB,0dB~42dB,,,,,"1 양방향, 1 입력",3년,63,92,"1/2""","수동, 자동(AWB)",63,408,"1 input, 1 output","3.3 V, 120 mA maximum",글로벌 셔터,,,,,,,,,,,,,,,,,,,,,,,,,,,,,,,,,,,,,,,,,,,,,,,,,,,,,,,,,1.3,1280 x 1024,,92,글로벌 셔터,,SWIR (400nm ~ 1700nm),,C-마운트,기가비트 이더넷 1Gbps,40mm x 40mm x 43mm,116g,InGaAs
Teledyne Dalsa,Kinetix 01-KINETIX-M-C,Area Scan,Kinetix,,,,,,,,,,,,,,,,,,,,,,,,,,,,,,,,,,,,,,,,sCMOS,PCIe and USB 3.2,,,,3200 x 3200,0.63 µs,Teledyne Photometrics Kinetix Sensor,6.5,CMOS,Rolling Shutter,200–1100 nm,,"C-Mount, F-Mount, T-Mount",,"PCI-Express Gen 3, USB 3.2 10 Gbps",,"Speed, Sensitivity, Sub-Electron, Dynamic Range, (Rolling Shutter, Effective Global Shutter, Programmable Scan Mode)",,,,,,,,,,,,,,,,,,"8-bit, 12-bit, 16-bit",106.2 x 106.2 x 126.4 mm,1.8 kg,,0 to 80% (non condensing),0 to 30 °C,,,0 to 90% (non condensing),–20 to 60 °C,"PCIe Gen 3, USB 3.2 10 Gbps",,,,,3 Years,95%,,"12 V DC, 10 A",,,,,,,500 fps,"0.85 (Speed), 0.25 (Sensitivity), 0.015 (Sub-Electron), 0.23 (Dynamic Range)",0.47 e⁻/p/s,"15,000 e⁻",0.7 e⁻,Silicon,0 °C at 30 °C ambient,"Two ¼""–20 threads per side","PCIe 3.0 Card and 2x Cables, USB 3.2 10 Gbps Card, 2x USB 3.2 10 Gbps cables (1 m A-C and 3m C-C), Power Supply, BNC Trigger Cable, PVCAM Library and Drivers, Quickstart Guide, 3x Front Plates (C-Mount, F-Mount, T-Mount)","Windows 7, 8, 8.1, 10, 11 (64 bit)",,,,,,,,,,,,,,,,,,,,,,,96%,"UV (200-400 nm), Visible (400-700 nm), Near Infrared (700-1000 nm)",0.7 e-,10.2,29 mm,Mono,"Input (Trigger-First, Level, Edge, SMART Streaming), Output (Any Row, First Row, Line Output), Effective Global Shutter (All Rows, Rolling Shutter), Expose Out","10,000",20.8 x 20.8 mm,"3.0 GHz or faster Intel Processor, 4 or more cores",m.2 NVME SSD,32 GB DDR4,"CE, UL, CUL, FCC, PSE Efficiency level VI",,,,,,,,,,,,,,,,,,,,,,,,,,,,,,,,,,,,,,,,,,,,10.2,3200 x 3200,6.5,500 fps,Rolling Shutter,0.63 µs,200–1100 nm,"UV (200-400 nm), Visible (400-700 nm), Near Infrared (700-1000 nm)","C-Mount, F-Mount, T-Mount","PCI-Express Gen 3, USB 3.2 10 Gbps",106.2 x 106.2 x 126.4 mm,1.8 kg,sCMOS
Teledyne Dalsa,Kinetix22 01-KINETIX-22MM-M-C,Area Scan,Kinetix,,,,,,,,,,,,,,,,,,,,,,,,,,,,,,,,,,,,,,,,sCMOS,PCIe and USB 3.2,,,,2400 x 2400,0.625 µs,Teledyne Photometrics Kinetix Sensor,6.5,CMOS,Rolling Shutter,200–1100 nm,,C-Mount,,"PCI-Express Gen 3, USB 3.2 10 Gbps",,"Speed, Sensitivity, Sub-Electron, Dynamic Range, (Rolling Shutter, Effective Global Shutter, Programmable Scan Mode)",,,,,,,,,,,,,,,,,,"8-bit, 12-bit, 16-bit",106.2 x 106.2 x 126.4 mm,1.8 kg,,0 to 80% (non condensing),0 to 30 °C,,,0 to 90% (non condensing),–20 to 60 °C,"PCIe Gen 3, USB 3.2 10 Gbps",,,,,3 Years,95%,,"12 V DC, 10 A",,,,,,,664 fps,"0.85 (Speed), 0.25 (Sensitivity), 0.015 (Sub-Electron), 0.23 (Dynamic Range)",0.47 e⁻/p/s,"15,000 e⁻",0.7 e⁻,Silicon,0 °C at 30 °C ambient,"Two ¼""–20 threads per side","PCIe 3.0 Card and Cable, USB 3.2 10 Gbps Card, 2x USB 3.2 10 Gbps cables (1 m A-C and 3m C-C), Power Supply, BNC Trigger Cable, PVCAM Library and Drivers, Quickstart Guide","Windows 7, 8, 8.1, 10, 11 (64 bit)",,,,,,,,,,,,,,,,,,,,,,,96%,"UV (200-400 nm), Visible (400-700 nm), Near Infrared (700-1000 nm)",0.7 e-,5.7,22 mm,Mono,"Input (Trigger-First, Level, Edge, SMART Streaming), Output (Any Row, First Row, Line Output), Effective Global Shutter (All Rows, Rolling Shutter), Expose Out","10,000",15.6 x 15.6 mm,"3.0 GHz or faster Intel Processor, 4 or more cores",m.2 NVME SSD,32 GB DDR4,"CE, UL, CUL, FCC, PSE Efficiency level VI",,,,,,,,,,,,,,,,,,,,,,,,,,,,,,,,,,,,,,,,,,,,5.7,2400 x 2400,6.5,664 fps,Rolling Shutter,0.625 µs,200–1100 nm,"UV (200-400 nm), Visible (400-700 nm), Near Infrared (700-1000 nm)",C-Mount,"PCI-Express Gen 3, USB 3.2 10 Gbps",106.2 x 106.2 x 126.4 mm,1.8 kg,sCMOS
Teledyne Dalsa,"Blackfly S GigE: 0.4 MP, 컬러, CS-마운트 BFS-PGE-04S2C-CS",Area Scan,Blackfly S GigE,BFS-PGE-04S2C-CS,720 x 540,0.4,,Sony IMX287,6.9 µm,CMOS,색상,CS-마운트,"소프트웨어 트리거, 하드웨어 트리거, 동작 명령, PTP",기가비트 이더넷 1Gbps,,"픽셀 비닝, 데시메이션, ROI",맞춤형 카메라 설정을 위한 2가지 사용자 설정 세트,"색상 보정 매트릭스, 감마, 룩업 테이블(순람표), 채도 및 선명도",6MB 비휘발성 메모리,연속 / 단일 프레임 / 다중 프레임,,74.29,3.81,,,22346,"8비트, 10비트, 12비트",-30°에서 60°C,"파워 오버 이더넷 (PoE, Power over Ethernet), 또는 GPIO를 통해 12 V 공청 (8 - 24 V)",20에서 80% (응결 없음),0°~50°C(주변 온도),30 - 95% (응결 없음),3 W (2.8 W nominal),36g,RJ45(수평 잠금) | Hirose HR10A-7R-6PB,29 mm × 29 mm × 30 mm,"IEEE802.3af-2003 PoE 인터페이스 카드 / 인젝터 / 스위치 또는 카메라 전력 공급 (12 V 1.5 A, 6핀 광속)",기가비트 이더넷 포트,"렌즈, 케이블, 호스트 어댑터(GigE)","CE, FCC, KCC, RoHS. 본 제품의 ECCN은 다음과 같습니다: EAR099.",GigE Vision v1.2,,,,,,,,,,,,,,,,,,,,,,,,,,,,,,,,,,,,,,,,,,,,,,,,,,,,,,,,,,,,,,,,,,,,,,,,글로벌 셔터,IR 차단(670nm),"수동, 자동(AGC)",4 µs 에서 30초,,240 MB,0 dB에서 47 dB,,61 @525nm,48 @630nm,52 @470nm,"1 양방향, 1 입력",3년,,291,"1/2.9""","수동, 자동(AWB)",,7.10,"1 input, 1 output","3.3 V, 120 mA maximum",글로벌 셔터,,,,,,,,,,,,2 GB RAM or more,,350.0,지원됨,Windows or Linux (32–bit or 64–bit),200 MB 하드 드라이브 저장 공간,3.1 GHz 또는 동일 CPU,,,,,,,,,,,,,,,,,,,,,,,,,,,,,,,,,,,,,,,0.4,720 x 540,,291,글로벌 셔터,,색상,,CS-마운트,기가비트 이더넷 1Gbps,29 mm × 29 mm × 30 mm,36g,CMOS
Teledyne Dalsa,"Blackfly S GigE: 0.4 MP, 단색, CS-마운트 BFS-PGE-04S2M-CS",Area Scan,Blackfly S GigE,BFS-PGE-04S2M-CS,720 × 540,0.4,,Sony IMX287,6.9 µm,CMOS,단색,CS-마운트,"소프트웨어 트리거, 하드웨어 트리거, 동작 명령, PTP",기가비트 이더넷 1Gbps,,"픽셀 비닝, 데시메이션, ROI",맞춤형 카메라 설정을 위한 2가지 사용자 설정 세트,"감마, 룩업 테이블(순람표) 및 선명도",6 MB 비휘발성 메모리,연속 / 단일 프레임 / 다중 프레임,,74.42,3.74,,,22302,"8비트, 10비트, 12비트",-30°에서 60°C,"파워 오버 이더넷 (PoE, Power over Ethernet), 또는 GPIO를 통해 12 V 공청 (8 - 24 V)",20에서 80% (응결 없음),0°~50°C(주변 온도),30 - 95% (응결 없음),3 W (2.8 W nominal),36g,RJ45(수평 잠금) | Hirose HR10A-7R-6PB,29 mm × 29 mm × 30 mm,"IEEE802.3af-2003 PoE 인터페이스 카드 / 인젝터 / 스위치 또는 카메라 전력 공급 (12 V 1.5 A, 6핀 광속)",기가비트 이더넷 포트,"렌즈, 케이블, 호스트 어댑터(GigE)","CE, FCC, KCC, RoHS. 본 제품의 ECCN은 다음과 같습니다: EAR099.",GigE Vision v1.2,,,,,,,,,,,,,,,,,,,,,,,,,,,,,,,,,,,,,,,,,,,,,,,,,,,,,,,,,,,,,,,,,,,,,,,,글로벌 셔터,없음,"수동, 자동(AGC)",4 µs 에서 30초,,240 MB,0 dB에서 47 dB,,,,,"1 양방향, 1 입력",3년,65 @525nm,291,"1/2.9""",,65 (525 nm),6.57,"1 input, 1 output","3.3 V, 120 mA maximum",글로벌 셔터,,,,,,,,,,,,2 GB RAM or more,,350.0,Supported,Windows or Linux (32–bit or 64–bit),200 MB 하드 드라이브 저장 공간,3.1 GHz 또는 동일 CPU,,,,,,,,,,,,,,,,,,,,,,,,,,,,,,,,,,,,,,,0.4,720 × 540,,291,글로벌 셔터,,단색,,CS-마운트,기가비트 이더넷 1Gbps,29 mm × 29 mm × 30 mm,36g,CMOS
Teledyne Dalsa,"Blackfly S GigE: 1.3 MP, 컬러, C-마운트 BFS-PGE-13Y3C-C",Area Scan,Blackfly S GigE,BFS-PGE-13Y3C-C,1280 × 1024,1.3,,onsemi Python 1300,4.8 µm,CMOS,색상,C-마운트,"소프트웨어 트리거, 하드웨어 트리거, 동작 명령, PTP",기가비트 이더넷 1Gbps,,"픽셀 비닝, 데시메이션, ROI",맞춤형 카메라 설정을 위한 2가지 사용자 설정 세트,"감마, 룩업 테이블(순람표) 및 선명도",6 MB 비휘발성 메모리,연속 / 단일 프레임 / 다중 프레임,,55.55,9.48,,,5979,10비트,-30°에서 60°C,"파워 오버 이더넷 (PoE, Power over Ethernet), 또는 GPIO를 통해 12 V 공청 (8 - 24 V)",20에서 80% (응결 없음),0°~50°C(주변 온도),30 - 95% (응결 없음),<2.5 W,36g,RJ45(수평 잠금) | Hirose HR10A-7R-6PB,29 mm × 29 mm × 30 mm,"IEEE802.3af-2003 PoE 인터페이스 카드 / 인젝터 / 스위치 또는 카메라 전력 공급 (12 V 1.5 A, 6핀 광속)",기가비트 이더넷 포트,"렌즈, 케이블, 호스트 어댑터(GigE)","CE, FCC, KCC, RoHS. 본 제품의 ECCN은 다음과 같습니다: EAR099.",GigE Vision v1.2,,,,,,,,,,,,,,,,,,,,,,,,,,,,,,,,,,,,,,,,,,,,,,,,,,,,,,,,,,,,,,,,,,,,,,,,글로벌 셔터,IR 차단(670nm),"수동, 자동(AGC)",11µs~30초,,240 MB,0dB~18dB,,39.78 @530nm,36.66 @625nm,38.26 @460nm,"1 양방향, 1 입력",3년,,85,"1/2""","수동, 자동(AWB)",,25.09,"1 input, 1 output","3.3 V, 120 mA maximum",글로벌 셔터,,,,,,,,,,,,2 GB RAM or more,,75.0,Supported,Windows or Linux (32–bit or 64–bit),200 MB 하드 드라이브 저장 공간,3.1 GHz 또는 동일 CPU,,,,,,,,,,,,,,,,,,,,,,,,,,,,,,,,,,,,,,,1.3,1280 × 1024,,85,글로벌 셔터,,색상,,C-마운트,기가비트 이더넷 1Gbps,29 mm × 29 mm × 30 mm,36g,CMOS
Teledyne Dalsa,"Blackfly S GigE: 1.3 MP, 단색, C-마운트 BFS-PGE-14Y3M-C",Area Scan,Blackfly S GigE,BFS-PGE-14Y3M-C,1280 × 1024,1.3,,onsemi Python 1300 P1,4.8 µm,CMOS,단색,C-마운트,"소프트웨어 트리거, 하드웨어 트리거, 동작 명령, PTP",기가비트 이더넷 1Gbps,,"픽셀 비닝, 데시메이션, ROI",맞춤형 카메라 설정을 위한 2가지 사용자 설정 세트,"감마, 룩업 테이블(순람표) 및 선명도",6 MB 비휘발성 메모리,연속 / 단일 프레임 / 다중 프레임,,55.67,9.21,,,5898,10비트,-30°에서 60°C,"파워 오버 이더넷 (PoE, Power over Ethernet), 또는 GPIO를 통해 12 V 공청 (8 - 24 V)",20에서 80% (응결 없음),0°~50°C(주변 온도),30 - 95% (응결 없음),2.9 W maximum PoE / 2.4 W maximum GPIO,36g,RJ45(수평 잠금) | Hirose HR10A-7R-6PB,29 mm × 29 mm × 30 mm,"IEEE802.3af-2003 PoE 인터페이스 카드 / 인젝터 / 스위치 또는 카메라 전력 공급 (12 V 1.5 A, 6핀 광속)",기가비트 이더넷 포트,"렌즈, 케이블, 호스트 어댑터(GigE)","CE, FCC, KCC, RoHS. 본 제품의 ECCN은 다음과 같습니다: EAR099.",GigE Vision v1.2,,,,,,,,,,,,,,,,,,,,,,,,,,,,,,,,,,,,,,,,,,,,,,,,,,,,,,,,,,,,,,,,,,,,,,,,글로벌 셔터,없음,"수동, 자동(AGC)",6.0 µs 에서 30초,,240 MB,0 dB에서 18 dB,,,,,"1 양방향, 1 입력",3년,52 @525nm,92,"1/2""",,52 (% at 525 nm),18.45,"1 input, 1 output","3.3 V, 120 mA maximum",글로벌 셔터,,,,,,,,,,,,2 GB RAM or more,,150.0,Supported,Windows or Linux (32–bit or 64–bit),200 MB 하드 드라이브 저장 공간,3.1 GHz 또는 동일 CPU,,,,,,,,,,,,,,,,,,,,,,,,,,,,,,,,,,,,,,,1.3,1280 × 1024,,92,글로벌 셔터,,단색,,C-마운트,기가비트 이더넷 1Gbps,29 mm × 29 mm × 30 mm,36g,CMOS
Teledyne Dalsa,"Blackfly S GigE: 1.3 MP, 단색, C-마운트 BFS-PGE-13Y3M-C",Area Scan,Blackfly S GigE,BFS-PGE-13Y3M-C,1280 × 1024,1.3,,onsemi Python 1300,4.8 µm,CMOS,단색,C-마운트,"소프트웨어 트리거, 하드웨어 트리거, 동작 명령, PTP",기가비트 이더넷 1Gbps,,"픽셀 비닝, 데시메이션, ROI",맞춤형 카메라 설정을 위한 2가지 사용자 설정 세트,"감마, 룩업 테이블(순람표) 및 선명도",6 MB 비휘발성 메모리,연속 / 단일 프레임 / 다중 프레임,,55.10,9.66,,,5778,10비트,-30°에서 60°C,"파워 오버 이더넷 (PoE, Power over Ethernet), 또는 GPIO를 통해 12 V 공청 (8 - 24 V)",20에서 80% (응결 없음),0°~50°C(주변 온도),30 - 95% (응결 없음),2.5 W,36g,RJ45(수평 잠금) | Hirose HR10A-7R-6PB,29 mm × 29 mm × 30 mm,"IEEE802.3af-2003 PoE 인터페이스 카드 / 인젝터 / 스위치 또는 카메라 전력 공급 (12 V 1.5 A, 6핀 광속)",기가비트 이더넷 포트,"렌즈, 케이블, 호스트 어댑터(GigE)","CE, FCC, KCC, RoHS. 본 제품의 ECCN은 다음과 같습니다: EAR099.",GigE Vision v1.2,,,,,,,,,,,,,,,,,,,,,,,,,,,,,,,,,,,,,,,,,,,,,,,,,,,,,,,,,,,,,,,,,,,,,,,,글로벌 셔터,없음,"수동, 자동(AGC)",11µs~30초,,240 MB,0dB~18dB,,,,,"1 양방향, 1 입력",3년,53 @525nm,85,"1/2""",,53.35(525nm에서 %),19.04,"1 input, 1 output","3.3 V, 120 mA maximum",글로벌 셔터,,,,,,,,,,,,2 GB RAM or more,,75.0,Supported,Windows or Linux (32–bit or 64–bit),200 MB 하드 드라이브 저장 공간,3.1 GHz 또는 동일 CPU,,,,,,,,,,,,,,,,,,,,,,,,,,,,,,,,,,,,,,,1.3,1280 × 1024,,85,글로벌 셔터,,단색,,C-마운트,기가비트 이더넷 1Gbps,29 mm × 29 mm × 30 mm,36g,CMOS
Teledyne Dalsa,"Blackfly S GigE: 1.6 MP, 컬러, CS-마운트 BFS-PGE-16S2C-CS",Area Scan,Blackfly S GigE,BFS-PGE-16S2C-CS,1440 × 1080,1.6,,Sony IMX273,3.45 µm,CMOS,색상,CS-마운트,"소프트웨어 트리거, 하드웨어 트리거, 동작 명령, PTP",기가비트 이더넷 1Gbps,,"픽셀 비닝, 데시메이션, ROI",맞춤형 카메라 설정을 위한 2가지 사용자 설정 세트,"색상 보정 매트릭스, 감마, 룩업 테이블(순람표), 채도 및 선명도",6 MB 비휘발성 메모리,연속 / 단일 프레임 / 다중 프레임,,71.49,2.18,,,10546,"10비트, 12비트",-30°에서 60°C,"파워 오버 이더넷 (PoE, Power over Ethernet), 또는 GPIO를 통해 12 V 공청 (8 - 24 V)",20에서 80% (응결 없음),0°~50°C(주변 온도),30 - 95% (응결 없음),3 W (2.8 W nominal),36g,RJ45(수평 잠금) | Hirose HR10A-7R-6PB,29 mm × 29 mm × 30 mm,"IEEE802.3af-2003 PoE 인터페이스 카드 / 인젝터 / 스위치 또는 카메라 전력 공급 (12 V 1.5 A, 6핀 광속)",기가비트 이더넷 포트,"렌즈, 케이블, 호스트 어댑터(GigE)","CE, FCC, KCC, RoHS. 본 제품의 ECCN은 다음과 같습니다: EAR099.",GigE Vision v1.2,,,,,,,,,,,,,,,,,,,,,,,,,,,,,,,,,,,,,,,,,,,,,,,,,,,,,,,,,,,,,,,,,,,,,,,,글로벌 셔터,IR 차단(670nm),"수동, 자동(AGC)",20µ~30초,,240 MB,0 dB에서 47 dB,,57.93 @525nm,45.34 @630nm,48.02 @470nm,"1 양방향, 1 입력",3년,,78,"1/2.9""","수동, 자동(AWB)",,4.87,"1 input, 1 output","3.3 V, 120 mA maximum",글로벌 셔터,,,,,,,,,,,,2 GB RAM or more,,137.0,Supported,Windows or Linux (32–bit or 64–bit),200 MB 하드 드라이브 저장 공간,3.1 GHz 또는 동일 CPU,,,,,,,,,,,,,,,,,,,,,,,,,,,,,,,,,,,,,,,1.6,1440 × 1080,,78,글로벌 셔터,,색상,,CS-마운트,기가비트 이더넷 1Gbps,29 mm × 29 mm × 30 mm,36g,CMOS
Teledyne Dalsa,"Blackfly S GigE: 1.6 MP, 단색, CS-마운트 BFS-PGE-16S2M-CS",Area Scan,Blackfly S GigE,BFS-PGE-16S2M-CS,1440 × 1080,1.6,,Sony IMX273,3.45 µm,CMOS,단색,CS-마운트,"소프트웨어 트리거, 하드웨어 트리거, 동작 명령, PTP",기가비트 이더넷 1Gbps,,"픽셀 비닝, 데시메이션, ROI",맞춤형 카메라 설정을 위한 2가지 사용자 설정 세트,"감마, 룩업 테이블(순람표) 및 선명도",6 MB 비휘발성 메모리,연속 / 단일 프레임 / 다중 프레임,,71.20,2.26,,,10499,"10비트, 12비트",-30°에서 60°C,"파워 오버 이더넷 (PoE, Power over Ethernet), 또는 GPIO를 통해 12 V 공청 (8 - 24 V)",20에서 80% (응결 없음),0°~50°C(주변 온도),30 - 95% (응결 없음),3 W (2.8 W nominal),36g,RJ45(수평 잠금) | Hirose HR10A-7R-6PB,29 mm × 29 mm × 30 mm,"IEEE802.3af-2003 PoE 인터페이스 카드 / 인젝터 / 스위치 또는 카메라 전력 공급 (12 V 1.5 A, 6핀 광속)",기가비트 이더넷 포트,"렌즈, 케이블, 호스트 어댑터(GigE)","CE, FCC, KCC, RoHS. 본 제품의 ECCN은 다음과 같습니다: EAR099.",GigE Vision v1.2,,,,,,,,,,,,,,,,,,,,,,,,,,,,,,,,,,,,,,,,,,,,,,,,,,,,,,,,,,,,,,,,,,,,,,,,글로벌 셔터,없음,"수동, 자동(AGC)",20µ~30초,,240 MB,0 dB에서 47 dB,,,,,"1 양방향, 1 입력",3년,63 @525nm,78,"1/2.9""",,63.24(525nm),4.57,"1 input, 1 output","3.3 V, 120 mA maximum",글로벌 셔터,,,,,,,,,,,,2 GB RAM or more,,137.0,Supported,Windows or Linux (32–bit or 64–bit),200 MB 하드 드라이브 저장 공간,3.1 GHz 또는 동일 CPU,,,,,,,,,,,,,,,,,,,,,,,,,,,,,,,,,,,,,,,1.6,1440 × 1080,,78,글로벌 셔터,,단색,,CS-마운트,기가비트 이더넷 1Gbps,29 mm × 29 mm × 30 mm,36g,CMOS
Teledyne Dalsa,"Blackfly S GigE: 1.6 MP, 컬러, C-마운트 BFS-PGE-16S7C-C",Area Scan,Blackfly S GigE,BFS-PGE-16S7C-C,1600 × 1100,1.76,,Sony IMX432,9,CMOS,색상,C-마운트,"소프트웨어 트리거, 하드웨어 트리거, 동작 명령, PTP",기가비트 이더넷 1Gbps,,"픽셀 비닝, 데시메이션, ROI",맞춤형 카메라 설정을 위한 2가지 사용자 설정 세트,"색상 보정 매트릭스, 감마, 룩업 테이블(순람표), 채도 및 선명도",6 MB 비휘발성 메모리,연속 / 단일 프레임 / 다중 프레임,,71.43 (HCG) / 72.39 (LCG),4.76(HCG) / 23.61(LCG),,,19621 (HCG) / 100439 (LCG),12비트,-30°에서 60°C,"파워 오버 이더넷 (PoE, Power over Ethernet), 또는 GPIO를 통해 12 V 공청 (8 - 24 V)",20에서 80% (응결 없음),0°~50°C(주변 온도),30 - 95% (응결 없음),4.2 W,53g,RJ45(수평 잠금) | Hirose HR10A-7R-6PB,29 mm × 29 mm × 39 mm,"IEEE802.3af-2003 PoE 인터페이스 카드 / 인젝터 / 스위치 또는 카메라 전력 공급 (12 V 1.5 A, 6핀 광속)",기가비트 이더넷 포트,"렌즈, 케이블, 호스트 어댑터(GigE)","CE, FCC, KCC, RoHS. 본 제품의 ECCN은 다음과 같습니다: EAR099.",GigE Vision v1.2,,,,,,,,,,,,,,,,,,,,,,,,,,,,,,,,,,,,,,,,,,,,,,,,,,,,,,,,,,,,,,,,,,,,,,,,글로벌 셔터,IR 차단(670nm),"수동, 자동(AGC)",14 µs to 30 s,,240 MB,0 dB에서 48 dB,,64(HCG) / 63(LCG) @525nm,52(HCG) / 51(LCG) @625nm,54(HCG) / 53(LCG) @460nm,"1 양방향, 1 입력",3년,,69,"1.1""","수동, 자동(AWB)",,8.22 (HCG) / 38.46 (LCG),"1 input, 1 output","3.3 V, 120 mA maximum",글로벌 셔터,,,,,,,,,,,,2 GB RAM or more,,,1 (비격리 I/O의 경우),Windows or Linux (32–bit or 64–bit),200 MB 하드 드라이브 저장 공간,3.1 GHz 또는 동일 CPU,,,,,,,,,,,,,,,,,,,,,,,,,,,,,,,,,,,,,,,1.76,1600 × 1100,,69,글로벌 셔터,,색상,,C-마운트,기가비트 이더넷 1Gbps,29 mm × 29 mm × 39 mm,53g,CMOS
Teledyne Dalsa,"Blackfly S GigE: 1.6 MP, 단색, C-마운트 BFS-PGE-16S7M-C",Area Scan,Blackfly S GigE,BFS-PGE-16S7M-C,1600 × 1100,1.76,,Sony IMX432,9,CMOS,단색,C-마운트,"소프트웨어 트리거, 하드웨어 트리거, 동작 명령, PTP",기가비트 이더넷 1Gbps,,"픽셀 비닝, 데시메이션, ROI",맞춤형 카메라 설정을 위한 2가지 사용자 설정 세트,"감마, 룩업 테이블(순람표), 픽셀 수정, 대상 그레이 값 및 선명도",6 MB 비휘발성 메모리,연속 / 단일 프레임 / 다중 프레임,,71.49 (HCG) / 72.44 (LCG),4.76(HCG) / 23.25(LCG),,,19744 (HCG) / 99483 (LCG),12비트,-30°에서 60°C,"파워 오버 이더넷 (PoE, Power over Ethernet), 또는 GPIO를 통해 12 V 공청 (8 - 24 V)",20에서 80% (응결 없음),0°~50°C(주변 온도),30 - 95% (응결 없음),4.2 W,53g,RJ45(수평 잠금) | Hirose HR10A-7R-6PB,29 mm × 29 mm × 39 mm,"IEEE802.3af-2003 PoE 인터페이스 카드 / 인젝터 / 스위치 또는 카메라 전력 공급 (12 V 1.5 A, 6핀 광속)",기가비트 이더넷 포트,"렌즈, 케이블, 호스트 어댑터(GigE)","CE, FCC, KCC, RoHS. 본 제품의 ECCN은 다음과 같습니다: EAR099.",GigE Vision v1.2,,,,,,,,,,,,,,,,,,,,,,,,,,,,,,,,,,,,,,,,,,,,,,,,,,,,,,,,,,,,,,,,,,,,,,,,글로벌 셔터,없음,"수동, 자동(AGC)",14 µs to 30 s,,240 MB,0 dB에서 48 dB,,,,,"1 양방향, 1 입력",3년,72(HCG) / 70(LCG) @525nm,69,"1.1""",,72 (HCG) / 70 (LCG) @525 nm,7.31 (HCG) / 33.75 (LCG),"1 input, 1 output","3.3 V, 120 mA maximum",글로벌 셔터,,,,,,,,,,,,2 GB RAM or more,,,1 (비격리 I/O의 경우),Windows or Linux (32–bit or 64–bit),200 MB 하드 드라이브 저장 공간,3.1 GHz 또는 동일 CPU,,,,,,,,,,,,,,,,,,,,,,,,,,,,,,,,,,,,,,,1.76,1600 × 1100,,69,글로벌 셔터,,단색,,C-마운트,기가비트 이더넷 1Gbps,29 mm × 29 mm × 39 mm,53g,CMOS
Teledyne Dalsa,"Blackfly S GigE: 2 MP, 컬러, C-마운트 BFS-PGE-19S4C-C",Area Scan,Blackfly S GigE,BFS-PGE-19S4C-C,1616 × 1240,",",,Sony IMX430,4.5 µm,CMOS,색상,C-마운트,"소프트웨어 트리거, 하드웨어 트리거, 동작 명령, PTP",기가비트 이더넷 1Gbps,,"픽셀 비닝, 데시메이션, ROI",맞춤형 카메라 설정을 위한 2가지 사용자 설정 세트,"색상 보정 매트릭스, 감마, 순람표, 포화도 및 선명도",6 MB 비휘발성 메모리,연속 / 단일 프레임 / 다중 프레임,,71.06 (HCG) / 71.93 (LCG),2.58(HCG) / 5.87(LCG),,,11011 (HCG) / 25186 (LCG),12비트,-30° to 60°C,"이더넷 전원 장치(PoE), 또는 GPIO를 통한 12 V 공칭 전압 (8 - 24 V)",20에서 80% (응축 없음),0°~50°C(주변 온도),30에서 95% (응축 없음),4.2 W,53g,RJ45(수평 잠금) | Hirose HR10A-7R-6PB,29 mm × 29 mm × 39 mm,"IEEE802.3af-2003 PoE 인터페이스 카드 / 인젝터 / 스위치 또는 카메라 전력 공급 (12 V 1.5 A, 6핀 광속)",기가비트 이더넷 포트,"렌즈, 케이블, 호스트 어댑터(GigE)","CE, FCC, KCC, RoHS. 본 제품의 ECCN은: EAR099입니다.",GigE Vision v1.2,,,,,,,,,,,,,,,,,,,,,,,,,,,,,,,,,,,,,,,,,,,,,,,,,,,,,,,,,,,,,,,,,,,,,,,,글로벌 셔터,IR 차단(670nm),"수동, 자동(AGC)",14 µs 에서 30초,,240 MB,0 dB에서 47 dB,,63(HCG) / 63(LCG) @525nm,49(HCG) / 50(LCG) @630nm,52(HCG) / 53(LCG) @470nm,"1 양방향, 1 입력",3년,,60,"1/1,7""","수동, 자동(AWB)",,4.90 (HCG) / 10.05 (LCG),"1 input, 1 output","3.3 V, 120 mA maximum",글로벌 셔터,,,,,,,,,,,,2 GB RAM 또는 그 이상,,79.0,Supported,Windows 또는 Linux (32비트 또는 64비트),200 MB 하드 드라이브 저장 공간,3.1 GHz 또는 동일 CPU,,,,,,,,,,,,,,,,,,,,,,,,,,,,,,,,,,,,,,,",",1616 × 1240,,60,글로벌 셔터,,색상,,C-마운트,기가비트 이더넷 1Gbps,29 mm × 29 mm × 39 mm,53g,CMOS
Teledyne Dalsa,"Blackfly S GigE: 2 MP, 단색, C-마운트 BFS-PGE-19S4M-C",Area Scan,Blackfly S GigE,BFS-PGE-19S4M-C,1616 × 1240,",",,Sony IMX430,4.5 µm,CMOS,단색,C-마운트,"소프트웨어 트리거, 하드웨어 트리거, 동작 명령, PTP",기가비트 이더넷 1Gbps,,"픽셀 비닝, 데시메이션, ROI",맞춤형 카메라 설정을 위한 2가지 사용자 설정 세트,"감마, 룩업 테이블(순람표) 및 선명도",6 MB 비휘발성 메모리,연속 / 단일 프레임 / 다중 프레임,,70.95 (HCG) / 71.99 (LCG),2.60(HCG) / 5.81(LCG),,,10920 (HCG) / 25090 (LCG),12비트,-30° to 60°C,"이더넷 전원 장치(PoE), 또는 GPIO를 통한 12 V 공칭 전압 (8 - 24 V)",20에서 80% (응축 없음),0°~50°C(주변 온도),30에서 95% (응축 없음),4.2 W,53g,RJ45(수평 잠금) | Hirose HR10A-7R-6PB,29 mm × 29 mm × 39 mm,"IEEE802.3af-2003 PoE 인터페이스 카드 / 인젝터 / 스위치 또는 카메라 전력 공급 (12 V 1.5 A, 6핀 광속)",기가비트 이더넷 포트,"렌즈, 케이블, 호스트 어댑터(GigE)","CE, FCC, KCC, RoHS. 본 제품의 ECCN은: EAR099입니다.",GigE Vision v1.2,,,,,,,,,,,,,,,,,,,,,,,,,,,,,,,,,,,,,,,,,,,,,,,,,,,,,,,,,,,,,,,,,,,,,,,,글로벌 셔터,없음,"수동, 자동(AGC)",14 µs 에서 30초,,240 MB,0 dB에서 47 dB,,,,,"1 양방향, 1 입력",3년,71(HCG) / 72(LCG) @525nm,60,"1/1,7""",,71 (HCG) / 72 (LCG) @525 nm,4.37 (HCG) / 8.82 (LCG),"1 input, 1 output","3.3 V, 120 mA maximum",글로벌 셔터,,,,,,,,,,,,2 GB RAM 또는 그 이상,,79.0,Supported,Windows 또는 Linux (32비트 또는 64비트),200 MB 하드 드라이브 저장 공간,3.1 GHz 또는 동일 CPU,,,,,,,,,,,,,,,,,,,,,,,,,,,,,,,,,,,,,,,",",1616 × 1240,,60,글로벌 셔터,,단색,,C-마운트,기가비트 이더넷 1Gbps,29 mm × 29 mm × 39 mm,53g,CMOS
Teledyne Dalsa,"Blackfly S GigE: 2.3 MP, 컬러, C-마운트 BFS-PGE-23S3C-C",Area Scan,Blackfly S GigE,BFS-PGE-23S3C-C,1920 × 1200,2.3,,Sony IMX392,3.45 µm,CMOS,색상,C-마운트,"소프트웨어 트리거, 하드웨어 트리거, 동작 명령, PTP",기가비트 이더넷 1Gbps,,"픽셀 비닝, 데시메이션, ROI",맞춤형 카메라 설정을 위한 2가지 사용자 설정 세트,"색상 보정 매트릭스, 감마, 룩업 테이블(순람표), 채도 및 선명도",6 MB 비휘발성 메모리,연속 / 단일 프레임 / 다중 프레임,,71.82,2.32,,,10987,"10비트, 12비트",-30°에서 60°C,"파워 오버 이더넷 (PoE, Power over Ethernet), 또는 GPIO를 통해 12 V 공청 (8 - 24 V)",20에서 80% (응결 없음),0°~50°C(주변 온도),30 - 95% (응결 없음),3 W (2.8 W nominal),36g,RJ45(수평 잠금) | Hirose HR10A-7R-6PB,29 mm × 29 mm × 30 mm,"IEEE802.3af-2003 PoE 인터페이스 카드 / 인젝터 / 스위치 또는 카메라 전력 공급 (12 V 1.5 A, 6핀 광속)",기가비트 이더넷 포트,"렌즈, 케이블, 호스트 어댑터(GigE)","CE, FCC, KCC, RoHS. 본 제품의 ECCN은 다음과 같습니다: EAR099.",GigE Vision v1.2,,,,,,,,,,,,,,,,,,,,,,,,,,,,,,,,,,,,,,,,,,,,,,,,,,,,,,,,,,,,,,,,,,,,,,,,글로벌 셔터,IR 차단(670nm),"수동, 자동(AGC)",9 µs 에서 30초,,240 MB,0 dB에서 47 dB,,59.13 @525nm,45.89 @630nm,49.01 @470nm,"1 양방향, 1 입력",3년,,53,"1/2.3""","수동, 자동(AWB)",,4.80,"1 input, 1 output","3.3 V, 120 mA maximum",글로벌 셔터,,,,,,,,,,,,2 GB RAM or more,,80.0,Supported,Windows or Linux (32–bit or 64–bit),200 MB 하드 드라이브 저장 공간,3.1 GHz 또는 동일 CPU,,,,,,,,,,,,,,,,,,,,,,,,,,,,,,,,,,,,,,,2.3,1920 × 1200,,53,글로벌 셔터,,색상,,C-마운트,기가비트 이더넷 1Gbps,29 mm × 29 mm × 30 mm,36g,CMOS
Teledyne Dalsa,"Blackfly S GigE: 2.3 MP, 단색, C-마운트 BFS-PGE-23S3M-C",Area Scan,Blackfly S GigE,BFS-PGE-23S3M-C,1920 × 1200,2.3,,Sony IMX392,3.45 µm,CMOS,단색,C-마운트,"소프트웨어 트리거, 하드웨어 트리거, 동작 명령, PTP",기가비트 이더넷 1Gbps,,"픽셀 비닝, 데시메이션, ROI",맞춤형 카메라 설정을 위한 2가지 사용자 설정 세트,"감마, 룩업 테이블(순람표) 및 선명도",6 MB 비휘발성 메모리,연속 / 단일 프레임 / 다중 프레임,,71.75,2.35,,,11031,"10비트, 12비트",-30°에서 60°C,"파워 오버 이더넷 (PoE, Power over Ethernet), 또는 GPIO를 통해 12 V 공청 (8 - 24 V)",20에서 80% (응결 없음),0°~50°C(주변 온도),30 - 95% (응결 없음),3 W (2.8 W nominal),36g,RJ45(수평 잠금) | Hirose HR10A-7R-6PB,29 mm × 29 mm × 30 mm,"IEEE802.3af-2003 PoE 인터페이스 카드 / 인젝터 / 스위치 또는 카메라 전력 공급 (12 V 1.5 A, 6핀 광속)",기가비트 이더넷 포트,"렌즈, 케이블, 호스트 어댑터(GigE)","CE, FCC, KCC, RoHS. 본 제품의 ECCN은 다음과 같습니다: EAR099.",GigE Vision v1.2,,,,,,,,,,,,,,,,,,,,,,,,,,,,,,,,,,,,,,,,,,,,,,,,,,,,,,,,,,,,,,,,,,,,,,,,글로벌 셔터,없음,"수동, 자동(AGC)",9 µs 에서 30초,,240 MB,0 dB에서 47 dB,,,,,"1 양방향, 1 입력",3년,64.61 @525nm,53,"1/2.3""",,64.61 (525 nm),4.41,"1 input, 1 output","3.3 V, 120 mA maximum",글로벌 셔터,,,,,,,,,,,,2 GB RAM or more,,80.0,Supported,Windows or Linux (32–bit or 64–bit),200 MB 하드 드라이브 저장 공간,3.1 GHz 또는 동일 CPU,,,,,,,,,,,,,,,,,,,,,,,,,,,,,,,,,,,,,,,2.3,1920 × 1200,,53,글로벌 셔터,,단색,,C-마운트,기가비트 이더넷 1Gbps,29 mm × 29 mm × 30 mm,36g,CMOS
Teledyne Dalsa,"Blackfly S GigE: 2.3 MP, 컬러, CS-마운트 BFS-PGE-23S3C-CS",Area Scan,Blackfly S GigE,BFS-PGE-23S3C-CS,1920 × 1200,2.3,,Sony IMX392,3.45 µm,CMOS,색상,C-마운트,"소프트웨어 트리거, 하드웨어 트리거, 동작 명령, PTP",기가비트 이더넷 1Gbps,,"픽셀 비닝, 데시메이션, ROI",맞춤형 카메라 설정을 위한 2가지 사용자 설정 세트,"색상 보정 매트릭스, 감마, 룩업 테이블(순람표), 채도 및 선명도",6 MB 비휘발성 메모리,연속 / 단일 프레임 / 다중 프레임,,71.52,2.33,,,10655,"10비트, 12비트",-30°에서 60°C,"파워 오버 이더넷 (PoE, Power over Ethernet), 또는 GPIO를 통해 12 V 공청 (8 - 24 V)",20에서 80% (응결 없음),0°~50°C(주변 온도),30 - 95% (응결 없음),3 W (2.8 W nominal),36g,RJ45(수평 잠금) | Hirose HR10A-7R-6PB,29 mm × 29 mm × 30 mm,"IEEE802.3af-2003 PoE 인터페이스 카드 / 인젝터 / 스위치 또는 카메라 전력 공급 (12 V 1.5 A, 6핀 광속)",기가비트 이더넷 포트,"렌즈, 케이블, 호스트 어댑터(GigE)","CE, FCC, KCC, RoHS. 본 제품의 ECCN은 다음과 같습니다: EAR099.",GigE Vision v1.2,,,,,,,,,,,,,,,,,,,,,,,,,,,,,,,,,,,,,,,,,,,,,,,,,,,,,,,,,,,,,,,,,,,,,,,,글로벌 셔터,IR 차단(670nm),"수동, 자동(AGC)",9 µs 에서 30초,,240 MB,0 dB에서 47 dB,,56.2 @530nm,45.09 @625nm,47.26 @460nm,"1 양방향, 1 입력",3년,,53,"1/2.3""","수동, 자동(AWB)",,5.03,"1 input, 1 output","3.3 V, 120 mA maximum",글로벌 셔터,,,,,,,,,,,,2 GB RAM or more,,80.0,Supported,Windows or Linux (32–bit or 64–bit),200 MB 하드 드라이브 저장 공간,3.1 GHz 또는 동일 CPU,,,,,,,,,,,,,,,,,,,,,,,,,,,,,,,,,,,,,,,2.3,1920 × 1200,,53,글로벌 셔터,,색상,,C-마운트,기가비트 이더넷 1Gbps,29 mm × 29 mm × 30 mm,36g,CMOS
Teledyne Dalsa,"Blackfly S GigE: 2.3 MP, 컬러, C-마운트 BFS-PGE-23S6C-C",Area Scan,Blackfly S GigE,BFS-PGE-23S6C-C,1920 × 1200,2.3,,Sony IMX249,5.86,CMOS,색상,C-마운트,"소프트웨어 트리거, 하드웨어 트리거, 동작 명령, PTP",기가비트 이더넷 1Gbps,,"픽셀 비닝, 데시메이션, ROI",사용자 카메라 설정을 위한 사용자 구성 세트 2개,"색상 보정 매트릭스, 감마, 룩업 테이블(순람표), 채도 및 선명도",6MB 비휘발성 메모리,연속 / 단일 프레임 / 다중 프레임,,73,6.83,,,53730,"10비트, 12비트",-30°~60°C,"파워 오버 이더넷(PoE, Power over Ethernet), 또는 GPIO를 통해 12 V 공청 (8 - 24 V)",20에서 80%(응결 없음),0°~50°C(주변 온도),30~95%(응결 없음),3.2W 최대 PoE / 2.6W 최대 GPIO,36g,RJ45(수평 잠금) | Hirose HR10A-7R-6PB,29mm × 29mm × 30mm,"IEEE802.3af-2003 PoE 인터페이스 카드 / 인젝터 / 스위치 또는 카메라 전원 공급 장치(12v 1.5A, 6–pin Hirose)",기가비트 이더넷 포트,"렌즈, 케이블, 호스트 어댑터(GigE)","CE, FCC, KCC, RoHS. 본 제품의 ECCN은 다음과 같습니다. EAR099.",GigE Vision v1.2,,,,,,,,,,,,,,,,,,,,,,,,,,,,,,,,,,,,,,,,,,,,,,,,,,,,,,,,,,,,,,,,,,,,,,,,글로벌 셔터,IR 차단(670nm),"수동, 자동(AGC)",33µs~30초,,240 MB,0dB~47dB,,64.67 @525nm,40.35 @630nm,57.62 @470nm,"1 양방향, 1 입력",3년,,41,"1/1.2""","수동, 자동(AWB)",,7.92,"1 input, 1 output","3.3 V, 120 mA maximum",글로벌 셔터,,,,,,,,,,,,2 GB RAM or more,,36.0,Supported,Windows or Linux (32–bit or 64–bit),200 MB 하드 드라이브 저장 공간,3.1 GHz 또는 동일 CPU,,,,,,,,,,,,,,,,,,,,,,,,,,,,,,,,,,,,,,,2.3,1920 × 1200,,41,글로벌 셔터,,색상,,C-마운트,기가비트 이더넷 1Gbps,29mm × 29mm × 30mm,36g,CMOS
Teledyne Dalsa,"Blackfly S GigE: 2.3 MP, 단색, C-마운트 BFS-PGE-23S6M-C",Area Scan,Blackfly S GigE,BFS-PGE-23S6M-C,1920 × 1200,2.3,,Sony IMX249,5.86,CMOS,단색,C-마운트,"소프트웨어 트리거, 하드웨어 트리거, 동작 명령, PTP",기가비트 이더넷 1Gbps,,"픽셀 비닝, 데시메이션, ROI",사용자 카메라 설정을 위한 사용자 구성 세트 2개,"감마, 룩업 테이블(순람표) 및 선명도",6MB 비휘발성 메모리,연속 / 단일 프레임 / 다중 프레임,,73,6.83,,,48985,"10비트, 12비트",-30°~60°C,"파워 오버 이더넷(PoE, Power over Ethernet), 또는 GPIO를 통해 12 V 공청 (8 - 24 V)",20에서 80%(응결 없음),0°~50°C(주변 온도),30~95%(응결 없음),3.2W 최대 PoE / 2.6W 최대 GPIO,36g,RJ45(수평 잠금) | Hirose HR10A-7R-6PB,29mm × 29mm × 30mm,"IEEE802.3af-2003 PoE 인터페이스 카드 / 인젝터 / 스위치 또는 카메라 전원 공급 장치(12v 1.5A, 6–pin Hirose)",기가비트 이더넷 포트,"렌즈, 케이블, 호스트 어댑터(GigE)","CE, FCC, KCC, RoHS. 본 제품의 ECCN은 다음과 같습니다. EAR099.",GigE Vision v1.2,,,,,,,,,,,,,,,,,,,,,,,,,,,,,,,,,,,,,,,,,,,,,,,,,,,,,,,,,,,,,,,,,,,,,,,,글로벌 셔터,없음,"수동, 자동(AGC)",33µs~30초,,240 MB,0dB~47dB,,,,,"1 양방향, 1 입력",3년,71 @525nm,41,"1/1.2""",,71 @525nm,7.77,"1 input, 1 output","3.3 V, 120 mA maximum",글로벌 셔터,,,,,,,,,,,,2 GB RAM or more,,36.0,Supported,Windows or Linux (32–bit or 64–bit),200 MB 하드 드라이브 저장 공간,3.1 GHz 또는 동일 CPU,,,,,,,,,,,,,,,,,,,,,,,,,,,,,,,,,,,,,,,2.3,1920 × 1200,,41,글로벌 셔터,,단색,,C-마운트,기가비트 이더넷 1Gbps,29mm × 29mm × 30mm,36g,CMOS
Teledyne Dalsa,"Blackfly S GigE: 2.8 MP, 컬러, C-마운트 BFS-PGE-27S5C-C",Area Scan,Blackfly S GigE,BFS-PGE-27S5C-C,1936 x 1464,2.8,,Sony IMX429,4.5 µm,CMOS,색상,C-마운트,"소프트웨어 트리거, 하드웨어 트리거, 동작 명령, PTP",기가비트 이더넷 1Gbps,,"픽셀 비닝, 데시메이션, ROI",맞춤형 카메라 설정을 위한 2가지 사용자 설정 세트,"색상 보정 매트릭스, 감마, 순람표, 포화도 및 선명도",6 MB 비휘발성 메모리,연속 / 단일 프레임 / 다중 프레임,,70.63 (HCG) / 71.81 (LCG),2.63 (HCG) / 5.79 (LCG),,,10652 (HCG) / 24495 (LCG),12비트,-30° to 60°C,"이더넷 전원 장치(PoE), 또는 GPIO를 통한 12 V 공칭 전압 (8 - 24 V)",20에서 80% (응축 없음),0°~50°C(주변 온도),30에서 95% (응축 없음),4.2 W,53g,RJ45(수평 잠금) | Hirose HR10A-7R-6PB,29 mm × 29 mm × 39 mm,"IEEE802.3af-2003 PoE 인터페이스 카드 / 인젝터 / 스위치 또는 카메라 전력 공급 (12 V 1.5 A, 6핀 광속)",기가비트 이더넷 포트,"렌즈, 케이블, 호스트 어댑터(GigE)","CE, FCC, KCC, RoHS. 본 제품의 ECCN은: EAR099입니다.",GigE Vision v1.2,,,,,,,,,,,,,,,,,,,,,,,,,,,,,,,,,,,,,,,,,,,,,,,,,,,,,,,,,,,,,,,,,,,,,,,,글로벌 셔터,IR 차단(670nm),"수동, 자동(AGC)",15 µs 에서 30초,,240 MB,0 dB에서 47 dB,,60(HCG) / 61(LCG) @530nm,47(HCG) / 47(LCG) @625nm,51(HCG) / 52(LCG) @460nm,"1 양방향, 1 입력",3년,,43,"2/3""","수동, 자동(AWB)",,3.13 (HCG) / 6.29 (LCG),"1 input, 1 output","3.3 V, 120 mA maximum",글로벌 셔터,,,,,,,,,,,,2 GB RAM 또는 그 이상,,,Supported,Windows 또는 Linux (32비트 또는 64비트),200 MB 하드 드라이브 저장 공간,3.1 GHz 또는 동일 CPU,,,,,,,,,,,,,,,,,,,,,,,,,,,,,,,,,,,,,,,2.8,1936 x 1464,,43,글로벌 셔터,,색상,,C-마운트,기가비트 이더넷 1Gbps,29 mm × 29 mm × 39 mm,53g,CMOS
Teledyne Dalsa,"Blackfly S GigE: 2.8 MP, 단색, C-마운트 BFS-PGE-27S5M-C",Area Scan,Blackfly S GigE,BFS-PGE-27S5M-C,1936 x 1464,2.8,,Sony IMX429,4.5 µm,CMOS,단색,C-마운트,"소프트웨어 트리거, 하드웨어 트리거, 동작 명령, PTP",기가비트 이더넷 1Gbps,,"픽셀 비닝, 데시메이션, ROI",맞춤형 카메라 설정을 위한 2가지 사용자 설정 세트,"색상 보정 매트릭스, 감마, 순람표, 포화도 및 선명도",6 MB 비휘발성 메모리,연속 / 단일 프레임 / 다중 프레임,,70.8 (HCG) / 72.0 (LCG),2.6(HCG) / 5.8(LCG),,,10912 (HCG) / 25048 (LCG),12비트,-30° to 60°C,"이더넷 전원 장치(PoE), 또는 GPIO를 통한 12 V 공칭 전압 (8 - 24 V)",20에서 80% (응축 없음),0°~50°C(주변 온도),30에서 95% (응축 없음),4.2 W,53g,RJ45(수평 잠금) | Hirose HR10A-7R-6PB,29 mm × 29 mm × 39 mm,"IEEE802.3af-2003 PoE 인터페이스 카드 / 인젝터 / 스위치 또는 카메라 전력 공급 (12 V 1.5 A, 6핀 광속)",기가비트 이더넷 포트,"렌즈, 케이블, 호스트 어댑터(GigE)","CE, FCC, KCC, RoHS. 본 제품의 ECCN은: EAR099입니다.",GigE Vision v1.2,,,,,,,,,,,,,,,,,,,,,,,,,,,,,,,,,,,,,,,,,,,,,,,,,,,,,,,,,,,,,,,,,,,,,,,,글로벌 셔터,없음,"수동, 자동(AGC)",15 µs 에서 30초,,240 MB,0 dB에서 47 dB,,,,,"1 양방향, 1 입력",3년,68(HCG) / 69(LCG) @530nm,43,"2/3""",,68 (HCG) / 69 (LCG) @530 nm,4.64 (HCG) / 9.20 (LCG),"1 input, 1 output","3.3 V, 120 mA maximum",글로벌 셔터,,,,,,,,,,,,2 GB RAM 또는 그 이상,,,Supported,Windows 또는 Linux (32비트 또는 64비트),200 MB 하드 드라이브 저장 공간,3.1 GHz 또는 동일 CPU,,,,,,,,,,,,,,,,,,,,,,,,,,,,,,,,,,,,,,,2.8,1936 x 1464,,43,글로벌 셔터,,단색,,C-마운트,기가비트 이더넷 1Gbps,29 mm × 29 mm × 39 mm,53g,CMOS
Teledyne Dalsa,"Blackfly S GigE: 3.2 MP, 컬러, C-마운트 BFS-PGE-31S4C-C",Area Scan,Blackfly S GigE,BFS-PGE-31S4C-C,2048 × 1536,3.2,,Sony IMX265,3.45 µm,CMOS,색상,C-마운트,"소프트웨어 트리거, 하드웨어 트리거, 동작 명령, PTP",기가비트 이더넷 1Gbps,,"픽셀 비닝, 데시메이션, ROI",맞춤형 카메라 설정을 위한 2가지 사용자 설정 세트,"색상 보정 매트릭스, 감마, 룩업 테이블(순람표), 채도 및 선명도",6 MB 비휘발성 메모리,연속 / 단일 프레임 / 다중 프레임,,72.00,2.30,,,11126,12비트,-30°에서 60°C,"파워 오버 이더넷 (PoE, Power over Ethernet), 또는 GPIO를 통해 12 V 공청 (8 - 24 V)",20에서 80% (응결 없음),0°~50°C(주변 온도),30 - 95% (응결 없음),<2.5 W,36g,RJ45(수평 잠금) | Hirose HR10A-7R-6PB,29 mm × 29 mm × 30 mm,"IEEE802.3af-2003 PoE 인터페이스 카드 / 인젝터 / 스위치 또는 카메라 전력 공급 (12 V 1.5 A, 6핀 광속)",기가비트 이더넷 포트,"렌즈, 케이블, 호스트 어댑터(GigE)","CE, FCC, KCC, RoHS. 본 제품의 ECCN은 다음과 같습니다: EAR099.",GigE Vision v1.2,,,,,,,,,,,,,,,,,,,,,,,,,,,,,,,,,,,,,,,,,,,,,,,,,,,,,,,,,,,,,,,,,,,,,,,,글로벌 셔터,IR 차단(670nm),"수동, 자동(AGC)",25µ~30초,,240 MB,0db~47dB,,59.51 @525nm,45.86 @630nm,48.34 @470nm,"1 양방향, 1 입력",3년,,35%,"1/1.8""","수동, 자동(AWB)",,4.71,"1 input, 1 output","3.3 V, 120 mA maximum",글로벌 셔터,,,,,,,,,,,,2 GB RAM or more,,51.0,Supported,Windows or Linux (32–bit or 64–bit),200 MB 하드 드라이브 저장 공간,3.1 GHz 또는 동일 CPU,,,,,,,,,,,,,,,,,,,,,,,,,,,,,,,,,,,,,,,3.2,2048 × 1536,,35%,글로벌 셔터,,색상,,C-마운트,기가비트 이더넷 1Gbps,29 mm × 29 mm × 30 mm,36g,CMOS
Teledyne Dalsa,"Blackfly S GigE: 3.2 MP, 단색, C-마운트 BFS-PGE-31S4M-C",Area Scan,Blackfly S GigE,BFS-PGE-31S4M-C,2048 × 1536,3.2,,Sony IMX265,3.45 µm,CMOS,단색,C-마운트,"소프트웨어 트리거, 하드웨어 트리거, 동작 명령, PTP",기가비트 이더넷 1Gbps,,"픽셀 비닝, 데시메이션, ROI",맞춤형 카메라 설정을 위한 2가지 사용자 설정 세트,"감마, 룩업 테이블(순람표) 및 선명도",6 MB 비휘발성 메모리,연속 / 단일 프레임 / 다중 프레임,,71.69,2.30,,,10760,12비트,-30°에서 60°C,"파워 오버 이더넷 (PoE, Power over Ethernet), 또는 GPIO를 통해 12 V 공청 (8 - 24 V)",20에서 80% (응결 없음),0°~50°C(주변 온도),30 - 95% (응결 없음),<2.5 W,36g,RJ45(수평 잠금) | Hirose HR10A-7R-6PB,29 mm × 29 mm × 30 mm,"IEEE802.3af-2003 PoE 인터페이스 카드 / 인젝터 / 스위치 또는 카메라 전력 공급 (12 V 1.5 A, 6핀 광속)",기가비트 이더넷 포트,"렌즈, 케이블, 호스트 어댑터(GigE)","CE, FCC, KCC, RoHS. 본 제품의 ECCN은 다음과 같습니다: EAR099.",GigE Vision v1.2,,,,,,,,,,,,,,,,,,,,,,,,,,,,,,,,,,,,,,,,,,,,,,,,,,,,,,,,,,,,,,,,,,,,,,,,글로벌 셔터,없음,"수동, 자동(AGC)",25µ~30초,,240 MB,0db~47dB,,,,,"1 양방향, 1 입력",3년,63 @525nm,35%,"1/1.8""",,63 (% at 525 nm),4.43,"1 input, 1 output","3.3 V, 120 mA maximum",글로벌 셔터,,,,,,,,,,,,2 GB RAM or more,,51.0,Supported,Windows or Linux (32–bit or 64–bit),200 MB 하드 드라이브 저장 공간,3.1 GHz 또는 동일 CPU,,,,,,,,,,,,,,,,,,,,,,,,,,,,,,,,,,,,,,,3.2,2048 × 1536,,35%,글로벌 셔터,,단색,,C-마운트,기가비트 이더넷 1Gbps,29 mm × 29 mm × 30 mm,36g,CMOS
Teledyne Dalsa,"Blackfly S GigE: 5 MP, 단색, C-마운트 BFS-PGE-50S4M-C",Area Scan,Blackfly S GigE,BFS-PGE-50S4M-C,2448 × 2048,5,,Sony IMX547,2.74,CMOS,단색,C-마운트,"소프트웨어 트리거, 하드웨어 트리거, 동작 명령, PTP",기가비트 이더넷 1Gbps,,"픽셀 비닝, 데시메이션, ROI",맞춤형 카메라 설정을 위한 2가지 사용자 설정 세트,"감마, 룩업 테이블(순람표) 및 선명도",6 MB 비휘발성 메모리,연속 / 단일 프레임 / 다중 프레임,,70.26,2.49,,,9748,"8비트, 10비트, 12비트",-30° to 60°C,"이더넷 전원 장치(PoE), 또는 GPIO를 통한 12 V 공칭 전압 (8 - 24 V)",20에서 80% (응축 없음),0°~50°C(주변 온도),30에서 95% (응축 없음),3 W,53g,RJ45(수평 잠금) | Hirose HR10A-7R-6PB,29 mm × 29 mm × 39 mm,"IEEE802.3af-2003 PoE 인터페이스 카드 / 인젝터 / 스위치 또는 카메라 전력 공급 (12 V 1.5 A, 6핀 광속)",기가비트 이더넷 포트,"렌즈, 케이블, 호스트 어댑터(GigE)","CE, FCC, KCC, RoHS. 본 제품의 ECCN은: EAR099입니다.",GigE Vision v1.2,,,,,,,,,,,,,,,,,,,,,,,,,,,,,,,,,,,,,,,,,,,,,,,,,,,,,,,,,,,,,,,,,,,,,,,,글로벌 셔터,없음,"수동, 자동(AGC)",16 µs 에서 30초,,240 MB,0 dB에서 47 dB,,,,,"1 양방향, 1 입력",3년,67.99 @525nm,24,"1/1.8""",,67.99 @525 nm,4.40,"1 input, 1 output","3.3 V, 120 mA maximum",글로벌 셔터,,,,,,,,,,,,2 GB RAM 또는 그 이상,,45.0,Supported,Windows 또는 Linux (32비트 또는 64비트),200 MB 하드 드라이브 저장 공간,3.1 GHz 또는 동일 CPU,,,,,,,,,,,,,,,,,,,,,,,,,,,,,,,,,,,,,,,5,2448 × 2048,,24,글로벌 셔터,,단색,,C-마운트,기가비트 이더넷 1Gbps,29 mm × 29 mm × 39 mm,53g,CMOS
Teledyne Dalsa,"Blackfly S GigE: 5 MP, 컬러, C-마운트 BFS-PGE-50S4C-C",Area Scan,Blackfly S GigE,BFS-PGE-50S4C-C,2448 × 2048,5,,Sony IMX547,2.74,CMOS,색상,C-마운트,"소프트웨어 트리거, 하드웨어 트리거, 동작 명령, PTP",기가비트 이더넷 1Gbps,,"픽셀 비닝, 데시메이션, ROI",맞춤형 카메라 설정을 위한 2가지 사용자 설정 세트,"색상 보정 매트릭스, 감마, 순람표, 포화도 및 선명도",6 MB 비휘발성 메모리,연속 / 단일 프레임 / 다중 프레임,,70.14,2.54,,,9749,"8비트, 10비트, 12비트",-30° to 60°C,"이더넷 전원 장치(PoE), 또는 GPIO를 통한 12 V 공칭 전압 (8 - 24 V)",20에서 80% (응축 없음),0°~50°C(주변 온도),30에서 95% (응축 없음),3 W,53g,RJ45(수평 잠금) | Hirose HR10A-7R-6PB,29 mm × 29 mm × 39 mm,"IEEE802.3af-2003 PoE 인터페이스 카드 / 인젝터 / 스위치 또는 카메라 전력 공급 (12 V 1.5 A, 6핀 광속)",기가비트 이더넷 포트,"렌즈, 케이블, 호스트 어댑터(GigE)","CE, FCC, KCC, RoHS. 본 제품의 ECCN은: EAR099입니다.",GigE Vision v1.2,,,,,,,,,,,,,,,,,,,,,,,,,,,,,,,,,,,,,,,,,,,,,,,,,,,,,,,,,,,,,,,,,,,,,,,,글로벌 셔터,IR 차단(670nm),"수동, 자동(AGC)",16 µs 에서 30초,,240 MB,0 dB에서 47 dB,,52.87 @525nm,32.90 @630nm,46.15 @470nm,"1 양방향, 1 입력",3년,,24,"1/1.8""","수동, 자동(AWB)",,5.75,"1 input, 1 output","3.3 V, 120 mA maximum",글로벌 셔터,,,,,,,,,,,,2 GB RAM 또는 그 이상,,45.0,Supported,Windows 또는 Linux (32비트 또는 64비트),200 MB 하드 드라이브 저장 공간,3.1 GHz 또는 동일 CPU,,,,,,,,,,,,,,,,,,,,,,,,,,,,,,,,,,,,,,,5,2448 × 2048,,24,글로벌 셔터,,색상,,C-마운트,기가비트 이더넷 1Gbps,29 mm × 29 mm × 39 mm,53g,CMOS
Teledyne Dalsa,"Blackfly S GigE: 5 MP, 컬러, C-마운트 BFS-PGE-50S5C-C",Area Scan,Blackfly S GigE,BFS-PGE-50S5C-C,2448 × 2048,5,,Sony IMX264,3.45 µm,CMOS,색상,C-마운트,"소프트웨어 트리거, 하드웨어 트리거, 동작 명령, PTP",기가비트 이더넷 1Gbps,,"픽셀 비닝, 데시메이션, ROI",맞춤형 카메라 설정을 위한 2가지 사용자 설정 세트,"색상 보정 매트릭스, 감마, 룩업 테이블(순람표), 채도 및 선명도",6 MB 비휘발성 메모리,연속 / 단일 프레임 / 다중 프레임,,71.56,2.33,,,10693,12비트,-30°에서 60°C,"파워 오버 이더넷 (PoE, Power over Ethernet), 또는 GPIO를 통해 12 V 공청 (8 - 24 V)",20에서 80% (응결 없음),0°~50°C(주변 온도),30 - 95% (응결 없음),3 W,36g,RJ45(수평 잠금) | Hirose HR10A-7R-6PB,29 mm × 29 mm × 30 mm,"IEEE802.3af-2003 PoE 인터페이스 카드 / 인젝터 / 스위치 또는 카메라 전력 공급 (12 V 1.5 A, 6핀 광속)",기가비트 이더넷 포트,"렌즈, 케이블, 호스트 어댑터(GigE)","CE, FCC, KCC, RoHS. 본 제품의 ECCN은 다음과 같습니다: EAR099.",GigE Vision v1.2,,,,,,,,,,,,,,,,,,,,,,,,,,,,,,,,,,,,,,,,,,,,,,,,,,,,,,,,,,,,,,,,,,,,,,,,글로벌 셔터,IR 차단(670nm),"수동, 자동(AGC)",0.013~30초,,240 MB,0 dB에서 48 dB,,59.02 @525nm,46.09 @630nm,49.06 @470nm,"1 양방향, 1 입력",3년,,24,"2/3""","수동, 자동(AWB)",,4.81,"1 input, 1 output","3.3 V, 120 mA maximum",글로벌 셔터,,,,,,,,,,,,2 GB RAM or more,,33.0,Supported,Windows or Linux (32–bit or 64–bit),200 MB 하드 드라이브 저장 공간,3.1 GHz 또는 동일 CPU,,,,,,,,,,,,,,,,,,,,,,,,,,,,,,,,,,,,,,,5,2448 × 2048,,24,글로벌 셔터,,색상,,C-마운트,기가비트 이더넷 1Gbps,29 mm × 29 mm × 30 mm,36g,CMOS
Teledyne Dalsa,"Blackfly S GigE: 5 MP, 단색, C-마운트 BFS-PGE-50S5M-C",Area Scan,Blackfly S GigE,BFS-PGE-50S5M-C,2448 × 2048,5,,Sony IMX264,3.45 µm,CMOS,단색,C-마운트,"소프트웨어 트리거, 하드웨어 트리거, 동작 명령, PTP",기가비트 이더넷 1Gbps,,"픽셀 비닝, 데시메이션, ROI",맞춤형 카메라 설정을 위한 2가지 사용자 설정 세트,"감마, 룩업 테이블(순람표), 픽셀 수정, 대상 그레이 값 및 선명도",6 MB 비휘발성 메모리,연속 / 단일 프레임 / 다중 프레임,,71.93,2.35,,,11278,12비트,-30°에서 60°C,"파워 오버 이더넷 (PoE, Power over Ethernet), 또는 GPIO를 통해 12 V 공청 (8 - 24 V)",20에서 80% (응결 없음),0°~50°C(주변 온도),30 - 95% (응결 없음),3 W,36g,RJ45(수평 잠금) | Hirose HR10A-7R-6PB,29 mm × 29 mm × 30 mm,"IEEE802.3af-2003 PoE 인터페이스 카드 / 인젝터 / 스위치 또는 카메라 전력 공급 (12 V 1.5 A, 6핀 광속)",기가비트 이더넷 포트,"렌즈, 케이블, 호스트 어댑터(GigE)","CE, FCC, KCC, RoHS. 본 제품의 ECCN은 다음과 같습니다: EAR099.",GigE Vision v1.2,,,,,,,,,,,,,,,,,,,,,,,,,,,,,,,,,,,,,,,,,,,,,,,,,,,,,,,,,,,,,,,,,,,,,,,,글로벌 셔터,없음,"수동, 자동(AGC)",13 µs to 30 s,,240 MB,0 dB에서 48 dB,,,,,"1 양방향, 1 입력",3년,66.08 @525nm,24,"2/3""",,66.08 (525 nm),4.32,"1 input, 1 output","3.3 V, 120 mA maximum",글로벌 셔터,,,,,,,,,,,,2 GB RAM or more,,33.0,1 (비격리 I/O의 경우),Windows or Linux (32–bit or 64–bit),200 MB 하드 드라이브 저장 공간,3.1 GHz 또는 동일 CPU,,,,,,,,,,,,,,,,,,,,,,,,,,,,,,,,,,,,,,,5,2448 × 2048,,24,글로벌 셔터,,단색,,C-마운트,기가비트 이더넷 1Gbps,29 mm × 29 mm × 30 mm,36g,CMOS
Teledyne Dalsa,"Blackfly S GigE: 5 MP, 컬러, CS-마운트 BFS-PGE-50Y2C",Area Scan,Blackfly S GigE,BFS-PGE-50Y2C,2592 x 1944,5,,onsemi AR0521,2.2,CMOS,색상,CS-마운트,"소프트웨어 트리거, 하드웨어 트리거, 동작 명령, PTP",기가비트 이더넷 1Gbps,,"픽셀 비닝, ROI",사용자 카메라 설정을 위한 사용자 구성 세트 2개,"색상 보정 매트릭스, 감마, 룩업 테이블(순람표), 채도 및 선명도",6MB 비휘발성 메모리,연속 / 단일 프레임 / 다중 프레임,,69.36,3.09,,,10838,"10비트, 12비트",-30°~60°C,"파워 오버 이더넷(PoE, Power over Ethernet), 또는 GPIO를 통해 12V 공칭(8 - 24V)",20에서 80%(응결 없음),0°~50°C(주변 온도),30~95%(응결 없음),3W,36g,RJ45(수평 잠금) | Hirose HR10A-7R-6PB,29mm × 29mm × 30mm,"IEEE802.3af-2003 PoE 인터페이스 카드 / 인젝터 / 스위치 또는 카메라 전원 공급 장치(12v 1.5A, 6–pin Hirose)",기가비트 이더넷 포트,"렌즈, 케이블, 호스트 어댑터(GigE)","CE, FCC, KCC, RoHS. 본 제품의 ECCN은 다음과 같습니다. EAR099.",GigE Vision v1.2,,,,,,,,,,,,,,,,,,,,,,,,,,,,,,,,,,,,,,,,,,,,,,,,,,,,,,,,,,,,,,,,,,,,,,,,글로벌 리셋 기능이 있는 롤링 셔터,IR 차단(670nm),"수동, 자동(AGC)",9µs~0.5s,"하드웨어 트리거, 카메라 API를 통해 프로그래밍 가능, 자동",240 MB,0dB~27dB,,,,,"1 양방향, 1 입력",3년,,24,"1/2.5""","수동, 자동(AWB)",,5.05,"1 input, 1 output","3.3 V, 120 mA maximum",,,,,,,,,,,,,,,,지원됨,,,,,,,,,,,,,,,,,,,,,,,,,,,,,,,,,,,,,,,,,,5,2592 x 1944,,24,글로벌 리셋 기능이 있는 롤링 셔터,,색상,,CS-마운트,기가비트 이더넷 1Gbps,29mm × 29mm × 30mm,36g,CMOS
Teledyne Dalsa,"Blackfly S GigE: 5 MP, 모노, CS-마운트 BFS-PGE-50Y2M",Area Scan,Blackfly S GigE,BFS-PGE-50Y2M,2592 x 1944,5,,onsemi AR0521,2.2,CMOS,단색,CS-마운트,"소프트웨어 트리거, 하드웨어 트리거, 동작 명령, PTP",기가비트 이더넷 1Gbps,,"픽셀 비닝, ROI",사용자 카메라 설정을 위한 사용자 구성 세트 2개,"감마, 룩업 테이블(순람표) 및 선명도",6MB 비휘발성 메모리,연속 / 단일 프레임 / 다중 프레임,,69,2.95,,,9976,"10비트, 12비트",-30°~60°C,"파워 오버 이더넷(PoE, Power over Ethernet), 또는 GPIO를 통해 12V 공칭(8 - 24V)",20에서 80%(응결 없음),0°~50°C(주변 온도),30~95%(응결 없음),3W,36g,RJ45(수평 잠금) | Hirose HR10A-7R-6PB,29mm × 29mm × 30mm,"IEEE802.3af-2003 PoE 인터페이스 카드 / 인젝터 / 스위치 또는 카메라 전원 공급 장치(12v 1.5A, 6–pin Hirose)",기가비트 이더넷 포트,"렌즈, 케이블, 호스트 어댑터(GigE)","CE, FCC, KCC, RoHS. 본 제품의 ECCN은 다음과 같습니다. EAR099.",GigE Vision v1.2,,,,,,,,,,,,,,,,,,,,,,,,,,,,,,,,,,,,,,,,,,,,,,,,,,,,,,,,,,,,,,,,,,,,,,,,글로벌 리셋 기능이 있는 롤링 셔터,없음,"수동, 자동(AGC)",9µs~0.5s,"하드웨어 트리거, 카메라 API를 통해 프로그래밍 가능, 자동",240 MB,0dB~27dB,,,,,"1 양방향, 1 입력",3년,,24,"1/2.5""",,,4.41,"1 input, 1 output","3.3 V, 120 mA maximum",,,,,,,,,,,,,,,,지원됨,,,,,,,,,,,,,,,,,,,,,,,,,,,,,,,,,,,,,,,,,,5,2592 x 1944,,24,글로벌 리셋 기능이 있는 롤링 셔터,,단색,,CS-마운트,기가비트 이더넷 1Gbps,29mm × 29mm × 30mm,36g,CMOS
Teledyne Dalsa,"Blackfly S GigE: 5 MP, 편광-컬러, C-마운트 BFS-PGE-51S5PC-C",Area Scan,Blackfly S GigE,BFS-PGE-51S5PC-C,2448 × 2048,5,,Sony IMX250MYR,3.45 µm,CMOS,편광,C-마운트,"소프트웨어 트리거, 하드웨어 트리거, 동작 명령, PTP",기가비트 이더넷 1Gbps,,ROI,맞춤형 카메라 설정을 위한 2가지 사용자 설정 세트,"감마, 룩업 테이블(순람표) 및 선명도",6 MB 비휘발성 메모리,연속 / 단일 프레임 / 다중 프레임,,71.51,2.48,,,11208,"10비트, 12비트",-30°에서 60°C,"파워 오버 이더넷 (PoE, Power over Ethernet), 또는 GPIO를 통해 12 V 공청 (8 - 24 V)",20에서 80% (응결 없음),0°~50°C(주변 온도),30 - 95% (응결 없음),3 W,36g,RJ45(수평 잠금) | Hirose HR10A-7R-6PB,29 mm × 29 mm × 30 mm,"IEEE802.3af-2003 PoE 인터페이스 카드 / 인젝터 / 스위치 또는 카메라 전력 공급 (12 V 1.5 A, 6핀 광속)",기가비트 이더넷 포트,"렌즈, 케이블, 호스트 어댑터(GigE)","CE, FCC, KCC, RoHS. 본 제품의 ECCN은 다음과 같습니다: EAR099.",GigE Vision v1.2,,,,,,,,,,,,,,,,,,,,,,,,,,,,,,,,,,,,,,,,,,,,,,,,,,,,,,,,,,,,,,,,,,,,,,,,글로벌 셔터,IR 차단(670nm),"수동, 자동(AGC)",25µ~30초,,240 MB,0db~47dB,,23 @525nm,19 @630nm,18 @470nm,"1 양방향, 1 입력",3년,,24,"2/3""","수동, 자동(AWB)",,13.30,"1 input, 1 output","3.3 V, 120 mA maximum",글로벌 셔터,,,,,,,,,,,,2 GB RAM or more,,39.0,Supported,Windows or Linux (32–bit or 64–bit),200 MB 하드 드라이브 저장 공간,3.1 GHz 또는 동일 CPU,,,,,,,,,,,,,,,,,,,,,,,,,,,,,,,,,,,,,,,5,2448 × 2048,,24,글로벌 셔터,,편광,,C-마운트,기가비트 이더넷 1Gbps,29 mm × 29 mm × 30 mm,36g,CMOS
Teledyne Dalsa,"Blackfly S GigE: 5 MP, 편광-단색, C-마운트 BFS-PGE-51S5P-C",Area Scan,Blackfly S GigE,BFS-PGE-51S5P-C,2448 × 2048,5,,Sony IMX250MZR,3.45 µm,CMOS,편광,C-마운트,"소프트웨어 트리거, 하드웨어 트리거, 동작 명령, PTP",기가비트 이더넷 1Gbps,,"픽셀 비닝, 데시메이션, ROI",맞춤형 카메라 설정을 위한 2가지 사용자 설정 세트,"감마, 룩업 테이블(순람표) 및 선명도",6 MB 비휘발성 메모리,연속 / 단일 프레임 / 다중 프레임,,71.49,2.48,,,11174,"10비트, 12비트",-30°에서 60°C,"파워 오버 이더넷 (PoE, Power over Ethernet), 또는 GPIO를 통해 12 V 공청 (8 - 24 V)",20에서 80% (응결 없음),0°~50°C(주변 온도),30 - 95% (응결 없음),3 W,36g,RJ45(수평 잠금) | Hirose HR10A-7R-6PB,29 mm × 29 mm × 30 mm,"IEEE802.3af-2003 PoE 인터페이스 카드 / 인젝터 / 스위치 또는 카메라 전력 공급 (12 V 1.5 A, 6핀 광속)",기가비트 이더넷 포트,"렌즈, 케이블, 호스트 어댑터(GigE)","CE, FCC, KCC, RoHS. 본 제품의 ECCN은 다음과 같습니다: EAR099.",GigE Vision v1.2,,,,,,,,,,,,,,,,,,,,,,,,,,,,,,,,,,,,,,,,,,,,,,,,,,,,,,,,,,,,,,,,,,,,,,,,글로벌 셔터,없음,"수동, 자동(AGC)",25µ~30초,,240 MB,0db~47dB,,,,,"1 양방향, 1 입력",3년,24 @525nm,24,"2/3""",,24,12.50,"1 input, 1 output","3.3 V, 120 mA maximum",글로벌 셔터,,,,,,,,,,,,2 GB RAM or more,,39.0,Supported,Windows or Linux (32–bit or 64–bit),200 MB 하드 드라이브 저장 공간,3.1 GHz 또는 동일 CPU,,,,,,,,,,,,,,,,,,,,,,,,,,,,,,,,,,,,,,,5,2448 × 2048,,24,글로벌 셔터,,편광,,C-마운트,기가비트 이더넷 1Gbps,29 mm × 29 mm × 30 mm,36g,CMOS
Teledyne Dalsa,"Blackfly S GigE: 6.3 MP, 컬러, C-마운트 BFS-PGE-63S4C-C",Area Scan,Blackfly S GigE,BFS-PGE-63S4C-C,3072 × 2048,6.3,,Sony IMX178,2.4 µm,CMOS,색상,C-마운트,"소프트웨어 트리거, 하드웨어 트리거, 동작 명령, PTP",기가비트 이더넷 1Gbps,,"픽셀 비닝, 데시메이션, ROI",맞춤형 카메라 설정을 위한 2가지 사용자 설정 세트,"색상 보정 매트릭스, 감마, 순람표, 포화도 및 선명도",6 MB 비휘발성 메모리,연속 / 단일 프레임 / 다중 프레임,,73.35,2.50,,,13965,"10비트, 14비트",-30° to 60°C,"이더넷 전원 장치(PoE), 또는 GPIO를 통한 12 V 공칭 전압 (8 - 24 V)",20에서 80% (응축 없음),0°~50°C(주변 온도),30에서 95% (응축 없음),<2.5 W,36g,RJ45(수평 잠금) | Hirose HR10A-7R-6PB,29 mm × 29 mm × 30 mm,"IEEE802.3af-2003 PoE 인터페이스 카드 / 인젝터 / 스위치 또는 카메라 전력 공급 (12 V 1.5 A, 6핀 광속)",기가비트 이더넷 포트,"렌즈, 케이블, 호스트 어댑터(GigE)","CE, FCC, KCC, RoHS. 본 제품의 ECCN은: EAR099입니다.",GigE Vision v1.2,,,,,,,,,,,,,,,,,,,,,,,,,,,,,,,,,,,,,,,,,,,,,,,,,,,,,,,,,,,,,,,,,,,,,,,,글로벌 리셋 기능이 있는 롤링 셔터,IR 차단(670nm),"수동, 자동(AGC)",14µs~30초,,240 MB,0 dB에서 47 dB,,67 @530nm,42 @625nm,62 @460nm,"1 양방향, 1 입력",3년,,19,"1/1.8""","수동, 자동(AWB)",,4.49,"1 input, 1 output","3.3 V, 120 mA maximum",글로벌 리셋 기능이 있는 롤링 셔터,,,,,,,,,,,,2 GB RAM or more,,48.0,Supported,Windows 또는 Linux (32비트 또는 64비트),200 MB 하드 드라이브 저장 공간,3.1 GHz 또는 동일 CPU,,,,,,,,,,,,,,,,,,,,,,,,,,,,,,,,,,,,,,,6.3,3072 × 2048,,19,글로벌 리셋 기능이 있는 롤링 셔터,,색상,,C-마운트,기가비트 이더넷 1Gbps,29 mm × 29 mm × 30 mm,36g,CMOS
Teledyne Dalsa,"Blackfly S GigE: 6.3 MP, 단색, C-마운트 BFS-PGE-63S4M-C",Area Scan,Blackfly S GigE,BFS-PGE-63S4M-C,3072 × 2048,6.3,,Sony IMX178,2.4 µm,CMOS,단색,C-마운트,"소프트웨어 트리거, 하드웨어 트리거, 동작 명령, PTP",기가비트 이더넷 1Gbps,,"픽셀 비닝, 데시메이션, ROI",맞춤형 카메라 설정을 위한 2가지 사용자 설정 세트,"감마, 순람표 및 선명도",6 MB 비휘발성 메모리,연속 / 단일 프레임 / 다중 프레임,,73.33,2.55,,,14177,"10비트, 14비트",-30° to 60°C,GPIO를 통한 8-24 V 또는 USB3을 통한 5 V,20에서 80% (응축 없음),0°~50°C(주변 온도),30에서 95% (응축 없음),<2.5 W,36g,RJ45(수평 잠금) | Hirose HR10A-7R-6PB,29 mm × 29 mm × 30 mm,"IEEE802.3af-2003 PoE 인터페이스 카드 / 인젝터 / 스위치 또는 카메라 전력 공급 (12 V 1.5 A, 6핀 광속)",기가비트 이더넷 포트,"렌즈, 케이블, 호스트 어댑터(GigE)","CE, FCC, KCC, RoHS. 본 제품의 ECCN은: EAR099입니다.",GigE Vision v1.2,,,,,,,,,,,,,,,,,,,,,,,,,,,,,,,,,,,,,,,,,,,,,,,,,,,,,,,,,,,,,,,,,,,,,,,,글로벌 리셋 기능이 있는 롤링 셔터,없음,"수동, 자동(AGC)",14µs~30초,,240 MB,0 dB에서 47 dB,,,,,"1 양방향, 1 입력",3년,77.07 @530nm,19,"1/1.8""",,77.07 (530nm),3.96,"1 input, 1 output","3.3 V, 120 mA maximum",글로벌 리셋 기능이 있는 롤링 셔터,,,,,,,,,,,,2 GB RAM 또는 그 이상,,48.0,Supported,Windows 또는 Linux (32비트 또는 64비트),200 MB 하드 드라이브 저장 공간,3.1 GHz 또는 동일 CPU,,,,,,,,,,,,,,,,,,,,,,,,,,,,,,,,,,,,,,,6.3,3072 × 2048,,19,글로벌 리셋 기능이 있는 롤링 셔터,,단색,,C-마운트,기가비트 이더넷 1Gbps,29 mm × 29 mm × 30 mm,36g,CMOS
Teledyne Dalsa,"Blackfly S GigE: 7.1 MP, 컬러, C-마운트 BFS-PGE-70S7C-C",Area Scan,Blackfly S GigE,BFS-PGE-70S7C-C,3208 × 2200,7.1,,Sony IMX428,4.5 µm,CMOS,색상,C-마운트,"소프트웨어 트리거, 하드웨어 트리거, 동작 명령, PTP",기가비트 이더넷 1Gbps,,"픽셀 비닝, 데시메이션, ROI",맞춤형 카메라 설정을 위한 2가지 사용자 설정 세트,"색상 보정 매트릭스, 감마, 순람표, 포화도 및 선명도",6 MB 비휘발성 메모리,연속 / 단일 프레임 / 다중 프레임,,70.59 (HCG) / 71.87 (LCG),2.62(HCG) / 5.92(LCG),,,10559 (HCG) / 25198 (LCG),12비트,-30° to 60°C,"이더넷 전원 장치(PoE), 또는 GPIO를 통한 12 V 공칭 전압 (8 - 24 V)",20에서 80% (응축 없음),0°~50°C(주변 온도),30에서 95% (응축 없음),4.2 W,53g,RJ45(수평 잠금) | Hirose HR10A-7R-6PB,29 mm × 29 mm × 39 mm,"IEEE802.3af-2003 PoE 인터페이스 카드 / 인젝터 / 스위치 또는 카메라 전력 공급 (12 V 1.5 A, 6핀 광속)",기가비트 이더넷 포트,"렌즈, 케이블, 호스트 어댑터(GigE)","CE, FCC, KCC, RoHS. 본 제품의 ECCN은: EAR099입니다.",GigE Vision v1.2,,,,,,,,,,,,,,,,,,,,,,,,,,,,,,,,,,,,,,,,,,,,,,,,,,,,,,,,,,,,,,,,,,,,,,,,글로벌 셔터,IR 차단(670nm),"수동, 자동(AGC)",22 µs 에서 30초,,240 MB,0 dB에서 47 dB,,62(HCG) / 63(LCG) @525nm,49(HCG) / 50(LCG) @630nm,52(HCG) / 53(LCG) @470nm,"1 양방향, 1 입력",3년,,17.4,"1.1""","수동, 자동(AWB)",,5.00 (HCG) / 10.11 (LCG),"1 input, 1 output","3.3 V, 120 mA maximum",글로벌 셔터,,,,,,,,,,,,2 GB RAM 또는 그 이상,,24.0,Supported,Windows 또는 Linux (32비트 또는 64비트),200 MB 하드 드라이브 저장 공간,3.1 GHz 또는 동일 CPU,,,,,,,,,,,,,,,,,,,,,,,,,,,,,,,,,,,,,,,7.1,3208 × 2200,,17.4,글로벌 셔터,,색상,,C-마운트,기가비트 이더넷 1Gbps,29 mm × 29 mm × 39 mm,53g,CMOS
Teledyne Dalsa,"Blackfly S GigE: 7.1 MP, 단색, C-마운트 BFS-PGE-70S7M-C",Area Scan,Blackfly S GigE,BFS-PGE-70S7M-C,3208 × 2200,7.1,,Sony IMX428,4.5 µm,CMOS,단색,C-마운트,"소프트웨어 트리거, 하드웨어 트리거, 동작 명령, PTP",기가비트 이더넷 1Gbps,,"픽셀 비닝, 데시메이션, ROI",맞춤형 카메라 설정을 위한 2가지 사용자 설정 세트,"감마, 순람표 및 선명도",6 MB 비휘발성 메모리,연속 / 단일 프레임 / 다중 프레임,,70.82 (HCG) / 71.88 (LCG),2.63(HCG) / 5.85(LCG),,,10864 (HCG) / 24920 (LCG),12비트,-30° to 60°C,"이더넷 전원 장치(PoE), 또는 GPIO를 통한 12 V 공칭 전압 (8 - 24 V)",20에서 80% (응축 없음),0°~50°C(주변 온도),30에서 95% (응축 없음),4.2 W,53g,RJ45(수평 잠금) | Hirose HR10A-7R-6PB,29 mm × 29 mm × 39 mm,"IEEE802.3af-2003 PoE 인터페이스 카드 / 인젝터 / 스위치 또는 카메라 전력 공급 (12 V 1.5 A, 6핀 광속)",기가비트 이더넷 포트,"렌즈, 케이블, 호스트 어댑터(GigE)","CE, FCC, KCC, RoHS. 본 제품의 ECCN은: EAR099입니다.",GigE Vision v1.2,,,,,,,,,,,,,,,,,,,,,,,,,,,,,,,,,,,,,,,,,,,,,,,,,,,,,,,,,,,,,,,,,,,,,,,,글로벌 셔터,없음,"수동, 자동(AGC)",22 µs 에서 30초,,240 MB,0 dB에서 47 dB,,,,,"1 양방향, 1 입력",3년,70.64(HCG) / 71.22(LCG) @525nm,17.4,"1.1""",,70.64 (HCG) / 71.22 (LCG) @525 nm,4.42 (HCG) / 8.92 (LCG),"1 input, 1 output","3.3 V, 120 mA maximum",글로벌 셔터,,,,,,,,,,,,2 GB RAM 또는 그 이상,,24.0,Supported,Windows 또는 Linux (32비트 또는 64비트),200 MB 하드 드라이브 저장 공간,3.1 GHz 또는 동일 CPU,,,,,,,,,,,,,,,,,,,,,,,,,,,,,,,,,,,,,,,7.1,3208 × 2200,,17.4,글로벌 셔터,,단색,,C-마운트,기가비트 이더넷 1Gbps,29 mm × 29 mm × 39 mm,53g,CMOS
Teledyne Dalsa,"Blackfly S GigE: 8 MP, 컬러, C-마운트 BFS-PGE-80S5C-C",Area Scan,Blackfly S GigE,BFS-PGE-80S5C-C,2840 × 2840,8.0,,Sony IMX546,2.74,CMOS,색상,C-마운트,"소프트웨어 트리거, 하드웨어 트리거, 동작 명령, PTP",기가비트 이더넷 1Gbps,,"픽셀 비닝, 데시메이션, ROI",맞춤형 카메라 설정을 위한 2가지 사용자 설정 세트,"색상 보정 매트릭스, 감마, 룩업 테이블(순람표), 채도 및 선명도",6 MB 비휘발성 메모리,연속 / 단일 프레임 / 다중 프레임,,70.10,2.61,,,9944,"8비트, 10비트, 12비트",-30°에서 60°C,"파워 오버 이더넷 (PoE, Power over Ethernet), 또는 GPIO를 통해 12 V 공청 (8 - 24 V)",20에서 80% (응결 없음),0°~50°C(주변 온도),30~95%(응결 없음),<2.5 W,53g,RJ45(수평 잠금) | Hirose HR10A-7R-6PB,29mm × 29mm × 39mm,"IEEE802.3af-2003 PoE 인터페이스 카드 / 인젝터 / 스위치 또는 카메라 전력 공급 (12 V 1.5 A, 6핀 광속)",기가비트 이더넷 포트,"렌즈, 케이블, 호스트 어댑터(GigE)","CE, FCC, KCC, RoHS. 본 제품의 ECCN은 다음과 같습니다: EAR099.",GigE Vision v1.2,,,,,,,,,,,,,,,,,,,,,,,,,,,,,,,,,,,,,,,,,,,,,,,,,,,,,,,,,,,,,,,,,,,,,,,,글로벌 셔터,IR 차단(670nm),"수동, 자동(AGC)",18µs~30초,,240 MB,0 dB에서 47 dB,,51 @525nm,33 @630nm,44 @470nm,"1 양방향, 1 입력",3년,,15,"2/3""","수동, 자동(AWB)",,6.12,"1 input, 1 output","3.3 V, 120 mA maximum",글로벌 셔터,,,,,,,,,,,,2 GB RAM or more,,30.0,Supported,Windows or Linux (32–bit or 64–bit),200 MB 하드 드라이브 저장 공간,3.1 GHz 또는 동일 CPU,,,,,,,,,,,,,,,,,,,,,,,,,,,,,,,,,,,,,,,8.0,2840 × 2840,,15,글로벌 셔터,,색상,,C-마운트,기가비트 이더넷 1Gbps,29mm × 29mm × 39mm,53g,CMOS
Teledyne Dalsa,"Blackfly S GigE: 8 MP, 단색, C-마운트 BFS-PGE-80S5M-C",Area Scan,Blackfly S GigE,BFS-PGE-80S5M-C,2840 × 2840,8.0,,Sony IMX546,2.74,CMOS,단색,C-마운트,"소프트웨어 트리거, 하드웨어 트리거, 동작 명령, PTP",기가비트 이더넷 1Gbps,,"픽셀 비닝, 데시메이션, ROI",맞춤형 카메라 설정을 위한 2가지 사용자 설정 세트,"감마, 룩업 테이블(순람표) 및 선명도",6 MB 비휘발성 메모리,연속 / 단일 프레임 / 다중 프레임,,69.96,2.56,,,9625,"8비트, 10비트, 12비트",-30°에서 60°C,"파워 오버 이더넷 (PoE, Power over Ethernet), 또는 GPIO를 통해 12 V 공청 (8 - 24 V)",20에서 80% (응결 없음),0°~50°C(주변 온도),30 - 95% (응결 없음),<2.5 W,53g,RJ45(수평 잠금) | Hirose HR10A-7R-6PB,29 mm × 29 mm × 30 mm,"IEEE802.3af-2003 PoE 인터페이스 카드 / 인젝터 / 스위치 또는 카메라 전력 공급 (12 V 1.5 A, 6핀 광속)",기가비트 이더넷 포트,"렌즈, 케이블, 호스트 어댑터(GigE)","CE, FCC, KCC, RoHS. 본 제품의 ECCN은 다음과 같습니다: EAR099.",GigE Vision v1.2,,,,,,,,,,,,,,,,,,,,,,,,,,,,,,,,,,,,,,,,,,,,,,,,,,,,,,,,,,,,,,,,,,,,,,,,글로벌 셔터,없음,"수동, 자동(AGC)",18 µs 에서 30초,,240 MB,0 dB에서 47 dB,,,,,"1 양방향, 1 입력",3년,68 @525nm,15,"2/3""",,68(525nm),4.53,"1 input, 1 output","3.3 V, 120 mA maximum",글로벌 셔터,,,,,,,,,,,,2 GB RAM or more,,30.0,Supported,Windows or Linux (32–bit or 64–bit),200 MB 하드 드라이브 저장 공간,3.1 GHz 또는 동일 CPU,,,,,,,,,,,,,,,,,,,,,,,,,,,,,,,,,,,,,,,8.0,2840 × 2840,,15,글로벌 셔터,,단색,,C-마운트,기가비트 이더넷 1Gbps,29 mm × 29 mm × 30 mm,53g,CMOS
Teledyne Dalsa,"Blackfly S GigE: 8.9 MP, 컬러, C-마운트 BFS-PGE-88S6C-C",Area Scan,Blackfly S GigE,BFS-PGE-88S6C-C,4096 × 2160,8.9,,Sony IMX267,3.45 µm,CMOS,색상,C-마운트,"소프트웨어 트리거, 하드웨어 트리거, 동작 명령, PTP",기가비트 이더넷 1Gbps,,"픽셀 비닝, 데시메이션, ROI",맞춤형 카메라 설정을 위한 2가지 사용자 설정 세트,"색상 보정 매트릭스, 감마, 룩업 테이블(순람표), 채도 및 선명도",6 MB 비휘발성 메모리,연속 / 단일 프레임 / 다중 프레임,,71.32,2.42,,,10740,12비트,-30°에서 60°C,"파워 오버 이더넷 (PoE, Power over Ethernet), 또는 GPIO를 통해 12 V 공청 (8 - 24 V)",20에서 80% (응결 없음),0°~50°C(주변 온도),30 - 95% (응결 없음),<2.5 W,36g,RJ45(수평 잠금) | Hirose HR10A-7R-6PB,29 mm × 29 mm × 30 mm,"IEEE802.3af-2003 PoE 인터페이스 카드 / 인젝터 / 스위치 또는 카메라 전력 공급 (12 V 1.5 A, 6핀 광속)",기가비트 이더넷 포트,"렌즈, 케이블, 호스트 어댑터(GigE)","CE, FCC, KCC, RoHS. 본 제품의 ECCN은 다음과 같습니다: EAR099.",GigE Vision v1.2,,,,,,,,,,,,,,,,,,,,,,,,,,,,,,,,,,,,,,,,,,,,,,,,,,,,,,,,,,,,,,,,,,,,,,,,글로벌 셔터,IR 차단(670nm),"수동, 자동(AGC)",36µs~30초,,240 MB,0 dB에서 47 dB,,57.23 @525nm,44.46 @630nm,46.33 @470nm,"1 양방향, 1 입력",3년,,13.9,"1""","수동, 자동(AWB)",,5.06,"1 input, 1 output","3.3 V, 120 mA maximum",글로벌 셔터,,,,,,,,,,,,2 GB RAM or more,,19.0,Supported,Windows or Linux (32–bit or 64–bit),200 MB 하드 드라이브 저장 공간,3.1 GHz 또는 동일 CPU,,,,,,,,,,,,,,,,,,,,,,,,,,,,,,,,,,,,,,,8.9,4096 × 2160,,13.9,글로벌 셔터,,색상,,C-마운트,기가비트 이더넷 1Gbps,29 mm × 29 mm × 30 mm,36g,CMOS
Teledyne Dalsa,"Blackfly S GigE: 8.9 MP, 단색, C-마운트 BFS-PGE-88S6M-C",Area Scan,Blackfly S GigE,BFS-PGE-88S6M-C,4096 × 2160,8.9,,Sony IMX267,3.45 µm,CMOS,단색,C-마운트,"소프트웨어 트리거, 하드웨어 트리거, 동작 명령, PTP",기가비트 이더넷 1Gbps,,"픽셀 비닝, 데시메이션, ROI",맞춤형 카메라 설정을 위한 2가지 사용자 설정 세트,"감마, 룩업 테이블(순람표) 및 선명도",6 MB 비휘발성 메모리,연속 / 단일 프레임 / 다중 프레임,,71.25,2.45,,,10784,12비트,-30°에서 60°C,"파워 오버 이더넷 (PoE, Power over Ethernet), 또는 GPIO를 통해 12 V 공청 (8 - 24 V)",20에서 80% (응결 없음),0°~50°C(주변 온도),30 - 95% (응결 없음),<2.5 W,36g,RJ45(수평 잠금) | Hirose HR10A-7R-6PB,29 mm × 29 mm × 30 mm,"IEEE802.3af-2003 PoE 인터페이스 카드 / 인젝터 / 스위치 또는 카메라 전력 공급 (12 V 1.5 A, 6핀 광속)",기가비트 이더넷 포트,"렌즈, 케이블, 호스트 어댑터(GigE)","CE, FCC, KCC, RoHS. 본 제품의 ECCN은 다음과 같습니다: EAR099.",GigE Vision v1.2,,,,,,,,,,,,,,,,,,,,,,,,,,,,,,,,,,,,,,,,,,,,,,,,,,,,,,,,,,,,,,,,,,,,,,,,글로벌 셔터,없음,"수동, 자동(AGC)",36µs~30초,,240 MB,0 dB에서 47 dB,,,,,"1 양방향, 1 입력",3년,63.45 @525nm,13.9,"1""",,63.45 (525 nm),4.66,"1 input, 1 output","3.3 V, 120 mA maximum",글로벌 셔터,,,,,,,,,,,,2 GB RAM or more,,19.0,Supported,Windows or Linux (32–bit or 64–bit),200 MB 하드 드라이브 저장 공간,3.1 GHz 또는 동일 CPU,,,,,,,,,,,,,,,,,,,,,,,,,,,,,,,,,,,,,,,8.9,4096 × 2160,,13.9,글로벌 셔터,,단색,,C-마운트,기가비트 이더넷 1Gbps,29 mm × 29 mm × 30 mm,36g,CMOS
Teledyne Dalsa,"Blackfly S GigE: 12 MP, 컬러, CS-마운트 BFS-PGE-120S4C-CS",Area Scan,Blackfly S GigE,BFS-PGE-120S4C-CS,4000 × 3000,12,,Sony IMX226,1.85 µm,CMOS,색상,CS-마운트,"소프트웨어 트리거, 하드웨어 트리거, 동작 명령, PTP",기가비트 이더넷 1Gbps,,"픽셀 비닝, 데시메이션, ROI",맞춤형 카메라 설정을 위한 2가지 사용자 설정 세트,"색상 보정 매트릭스, 감마, 룩업 테이블(순람표), 채도 및 선명도",6 MB 비휘발성 메모리,연속 / 단일 프레임 / 다중 프레임,,69.63,3.13,,,11307,"10비트, 12비트",-30°에서 60°C,"파워 오버 이더넷 (PoE, Power over Ethernet), 또는 GPIO를 통해 12 V 공청 (8 - 24 V)",20에서 80% (응결 없음),0°~50°C(주변 온도),30 - 95% (응결 없음),<2.5 W,36g,RJ45(수평 잠금) | Hirose HR10A-7R-6PB,29 mm × 29 mm × 30 mm,"IEEE802.3af-2003 PoE 인터페이스 카드 / 인젝터 / 스위치 또는 카메라 전력 공급 (12 V 1.5 A, 6핀 광속)",기가비트 이더넷 포트,"렌즈, 케이블, 호스트 어댑터(GigE)","CE, FCC, KCC, RoHS. 본 제품의 ECCN은 다음과 같습니다: EAR099.",GigE Vision v1.2,,,,,,,,,,,,,,,,,,,,,,,,,,,,,,,,,,,,,,,,,,,,,,,,,,,,,,,,,,,,,,,,,,,,,,,,글로벌 리셋 기능이 있는 롤링 셔터,IR 차단(670nm),"수동, 자동(AGC)",89µ~30초,,240 MB,0 dB에서 27 dB,,65.21 @525nm,39.01 @630nm,60.02 @470nm,"1 양방향, 1 입력",3년,,10,"1/1.7""","수동, 자동(AWB)",,5.71,"1 input, 1 output","3.3 V, 120 mA maximum",글로벌 리셋 기능이 있는 롤링 셔터,,,,,,,,,,,,2 GB RAM or more,,26.0,Supported,Windows or Linux (32–bit or 64–bit),200 MB 하드 드라이브 저장 공간,3.1 GHz 또는 동일 CPU,,,,,,,,,,,,,,,,,,,,,,,,,,,,,,,,,,,,,,,12,4000 × 3000,,10,글로벌 리셋 기능이 있는 롤링 셔터,,색상,,CS-마운트,기가비트 이더넷 1Gbps,29 mm × 29 mm × 30 mm,36g,CMOS
Teledyne Dalsa,"Blackfly S GigE: 12 MP, 단색, CS-마운트 BFS-PGE-120S4M-CS",Area Scan,Blackfly S GigE,BFS-PGE-120S4M-CS,4000 × 3000,12,,Sony IMX226,1.85 µm,CMOS,단색,CS-마운트,"소프트웨어 트리거, 하드웨어 트리거, 동작 명령, PTP",기가비트 이더넷 1Gbps,,"픽셀 비닝, 데시메이션, ROI",맞춤형 카메라 설정을 위한 2가지 사용자 설정 세트,"감마, 룩업 테이블(순람표) 및 선명도",6 MB 비휘발성 메모리,연속 / 단일 프레임 / 다중 프레임,,69.60,3.12,,,11252,"10비트, 12비트",-30°에서 60°C,"파워 오버 이더넷 (PoE, Power over Ethernet), 또는 GPIO를 통해 12 V 공청 (8 - 24 V)",20에서 80% (응결 없음),0°~50°C(주변 온도),30 - 95% (응결 없음),<2.5 W,36g,RJ45(수평 잠금) | Hirose HR10A-7R-6PB,29 mm × 29 mm × 30 mm,"IEEE802.3af-2003 PoE 인터페이스 카드 / 인젝터 / 스위치 또는 카메라 전력 공급 (12 V 1.5 A, 6핀 광속)",기가비트 이더넷 포트,"렌즈, 케이블, 호스트 어댑터(GigE)","CE, FCC, KCC, RoHS. 본 제품의 ECCN은 다음과 같습니다: EAR099.",GigE Vision v1.2,,,,,,,,,,,,,,,,,,,,,,,,,,,,,,,,,,,,,,,,,,,,,,,,,,,,,,,,,,,,,,,,,,,,,,,,글로벌 리셋 기능이 있는 롤링 셔터,없음,"수동, 자동(AGC)",89µ~30초,,240 MB,0 dB에서 27 dB,,,,,"1 양방향, 1 입력",3년,76.29 @525nm,10,"1/1.7""",,76.29(525nm),4.88,"1 input, 1 output","3.3 V, 120 mA maximum",글로벌 리셋 기능이 있는 롤링 셔터,,,,,,,,,,,,2 GB RAM or more,,26.0,Supported,Windows or Linux (32–bit or 64–bit),200 MB 하드 드라이브 저장 공간,3.1 GHz 또는 동일 CPU,,,,,,,,,,,,,,,,,,,,,,,,,,,,,,,,,,,,,,,12,4000 × 3000,,10,글로벌 리셋 기능이 있는 롤링 셔터,,단색,,CS-마운트,기가비트 이더넷 1Gbps,29 mm × 29 mm × 30 mm,36g,CMOS
Teledyne Dalsa,"Blackfly S GigE: 12 MP, 단색, C-마운트 BFS-PGE-120S4M-C",Area Scan,Blackfly S GigE,BFS-PGE-120S4M-C,4000 × 3000,12,,Sony IMX226,1.85,CMOS,단색,C-마운트,"소프트웨어 트리거, 하드웨어 트리거, 동작 명령, PTP",기가비트 이더넷 1Gbps,,"픽셀 비닝, 데시메이션, ROI",사용자 카메라 설정을 위한 사용자 구성 세트 2개,"감마, 룩업 테이블(순람표) 및 선명도",6MB 비휘발성 메모리,연속 / 단일 프레임 / 다중 프레임,,69.60,3.12,,,11252,"10비트, 12비트",-30°~60°C,"파워 오버 이더넷(PoE, Power over Ethernet), 또는 GPIO를 통해 12 V 공청 (8 - 24 V)",20에서 80%(응결 없음),0°~50°C(주변 온도),30~95%(응결 없음),<2.5W,36g,RJ45(수평 잠금) | Hirose HR10A-7R-6PB,29mm × 29mm × 30mm,"IEEE802.3af-2003 PoE 인터페이스 카드 / 인젝터 / 스위치 또는 카메라 전원 공급 장치(12v 1.5A, 6–pin Hirose)",기가비트 이더넷 포트,"렌즈, 케이블, 호스트 어댑터(GigE)","CE, FCC, KCC, RoHS. 본 제품의 ECCN은 다음과 같습니다. EAR099.",GigE Vision v1.2,,,,,,,,,,,,,,,,,,,,,,,,,,,,,,,,,,,,,,,,,,,,,,,,,,,,,,,,,,,,,,,,,,,,,,,,글로벌 리셋 기능이 있는 롤링 셔터,없음,"수동, 자동(AGC)",89µ~30초,,240 MB,0dB~27dB,,,,,"1 양방향, 1 입력",3년,76.29 @525nm,10,"1/1.7""",,76.29(525nm),4.88,"1 input, 1 output","3.3 V, 120 mA maximum",글로벌 리셋 기능이 있는 롤링 셔터,,,,,,,,,,,,2GB RAM 이상,,26.0,Supported,Windows 또는 Linux(32–비트 또는 64–비트),200MB 하드 드라이브 저장 공간,3.1GHz 또는 동급 CPU,,,,,,,,,,,,,,,,,,,,,,,,,,,,,,,,,,,,,,,12,4000 × 3000,,10,글로벌 리셋 기능이 있는 롤링 셔터,,단색,,C-마운트,기가비트 이더넷 1Gbps,29mm × 29mm × 30mm,36g,CMOS
Teledyne Dalsa,"Blackfly S GigE: 12.3 MP, 컬러, C-마운트 BFS-PGE-120S6C-C",Area Scan,Blackfly S GigE,BFS-PGE-120S6C-C,4096 × 3000,12.3,,Sony IMX545,2.74,CMOS,색상,C-마운트,"소프트웨어 트리거, 하드웨어 트리거, 동작 명령, PTP",기가비트 이더넷 1Gbps,,"픽셀 비닝, 데시메이션, ROI",맞춤형 카메라 설정을 위한 2가지 사용자 설정 세트,"색상 보정 매트릭스, 감마, 룩업 테이블(순람표), 채도 및 선명도",6 MB 비휘발성 메모리,연속 / 단일 프레임 / 다중 프레임,,69.99,2.51,,,9515,"8비트, 10비트, 12비트",-30°에서 60°C,"파워 오버 이더넷 (PoE, Power over Ethernet), 또는 GPIO를 통해 12 V 공청 (8 - 24 V)",20에서 80% (응결 없음),0°~50°C(주변 온도),30 - 95% (응결 없음),3 W,53g,RJ45(수평 잠금) | Hirose HR10A-7R-6PB,29mm × 29mm × 39mm,"IEEE802.3af-2003 PoE 인터페이스 카드 / 인젝터 / 스위치 또는 카메라 전력 공급 (12 V 1.5 A, 6핀 광속)",기가비트 이더넷 포트,"렌즈, 케이블, 호스트 어댑터(GigE)","CE, FCC, KCC, RoHS. 본 제품의 ECCN은 다음과 같습니다: EAR099.",GigE Vision v1.2,,,,,,,,,,,,,,,,,,,,,,,,,,,,,,,,,,,,,,,,,,,,,,,,,,,,,,,,,,,,,,,,,,,,,,,,글로벌 셔터,IR 차단(670nm),"수동, 자동(AGC)",21 µs 에서 30초,,240 MB,0 dB에서 47 dB,,52 @525nm,33 @630nm,45 @470nm,"1 양방향, 1 입력",3년,,10,"1/1.1""","수동, 자동(AWB)",,5.83,"1 input, 1 output","3.3 V, 120 mA maximum",글로벌 셔터,,,,,,,,,,,,2 GB RAM or more,,20.0,Supported,Windows or Linux (32–bit or 64–bit),200 MB 하드 드라이브 저장 공간,3.1 GHz 또는 동일 CPU,,,,,,,,,,,,,,,,,,,,,,,,,,,,,,,,,,,,,,,12.3,4096 × 3000,,10,글로벌 셔터,,색상,,C-마운트,기가비트 이더넷 1Gbps,29mm × 29mm × 39mm,53g,CMOS
Teledyne Dalsa,"Blackfly S GigE: 12.3 MP, 단색, C-마운트 BFS-PGE-120S6M-C",Area Scan,Blackfly S GigE,BFS-PGE-120S6M-C,4096 × 3000,12.3,,Sony IMX545,2.74,CMOS,단색,C-마운트,"소프트웨어 트리거, 하드웨어 트리거, 동작 명령, PTP",기가비트 이더넷 1Gbps,,"픽셀 비닝, 데시메이션, ROI",맞춤형 카메라 설정을 위한 2가지 사용자 설정 세트,"감마, 룩업 테이블(순람표) 및 선명도",6 MB 비휘발성 메모리,연속 / 단일 프레임 / 다중 프레임,,69.81,2.44,,,9086,"8비트, 10비트, 12비트",-30°에서 60°C,"파워 오버 이더넷 (PoE, Power over Ethernet), 또는 GPIO를 통해 12 V 공청 (8 - 24 V)",20에서 80% (응결 없음),0°~50°C(주변 온도),30 - 95% (응결 없음),3 W,53g,RJ45(수평 잠금) | Hirose HR10A-7R-6PB,29mm × 29mm × 39mm,"IEEE802.3af-2003 PoE 인터페이스 카드 / 인젝터 / 스위치 또는 카메라 전력 공급 (12 V 1.5 A, 6핀 광속)",기가비트 이더넷 포트,"렌즈, 케이블, 호스트 어댑터(GigE)","CE, FCC, KCC, RoHS. 본 제품의 ECCN은 다음과 같습니다: EAR099.",GigE Vision v1.2,,,,,,,,,,,,,,,,,,,,,,,,,,,,,,,,,,,,,,,,,,,,,,,,,,,,,,,,,,,,,,,,,,,,,,,,글로벌 셔터,없음,"수동, 자동(AGC)",21µ~30초,,240 MB,0 dB에서 47 dB,,,,,"1 양방향, 1 입력",3년,66 @525nm,10,"1/1.1""",,66 (525 nm),4.46,"1 input, 1 output","3.3 V, 120 mA maximum",글로벌 셔터,,,,,,,,,,,,2 GB RAM or more,,20.0,Supported,Windows or Linux (32–bit or 64–bit),200 MB 하드 드라이브 저장 공간,3.1 GHz 또는 동일 CPU,,,,,,,,,,,,,,,,,,,,,,,,,,,,,,,,,,,,,,,12.3,4096 × 3000,,10,글로벌 셔터,,단색,,C-마운트,기가비트 이더넷 1Gbps,29mm × 29mm × 39mm,53g,CMOS
Teledyne Dalsa,"Blackfly S GigE: 12.3 MP, 컬러, C-마운트 BFS-PGE-122S6C-C",Area Scan,Blackfly S GigE,BFS-PGE-122S6C-C,4096 × 3000,12.3,,Sony IMX304,3.45,CMOS,색상,C-마운트,"소프트웨어 트리거, 하드웨어 트리거, 동작 명령, PTP",기가비트 이더넷 1Gbps,,"픽셀 비닝, 데시메이션, ROI",맞춤형 카메라 설정을 위한 2가지 사용자 설정 세트,"색상 보정 매트릭스, 감마, 룩업 테이블(순람표), 채도 및 선명도",6 MB 비휘발성 메모리,연속 / 단일 프레임 / 다중 프레임,,71.50,2.45,,,11069,12비트,-30°에서 60°C,"파워 오버 이더넷 (PoE, Power over Ethernet), 또는 GPIO를 통해 12 V 공청 (8 - 24 V)",20에서 80% (응결 없음),0°~50°C(주변 온도),30 - 95% (응결 없음),<2.5 W,36g,RJ45(수평 잠금) | Hirose HR10A-7R-6PB,29mm × 29mm × 30mm,"IEEE802.3af-2003 PoE 인터페이스 카드 / 인젝터 / 스위치 또는 카메라 전력 공급 (12 V 1.5 A, 6핀 광속)",기가비트 이더넷 포트,"렌즈, 케이블, 호스트 어댑터(GigE)","CE, FCC, KCC, RoHS. 본 제품의 ECCN은 다음과 같습니다: EAR099.",GigE Vision v1.2,,,,,,,,,,,,,,,,,,,,,,,,,,,,,,,,,,,,,,,,,,,,,,,,,,,,,,,,,,,,,,,,,,,,,,,,글로벌 셔터,IR 차단(670nm),"수동, 자동(AGC)",36µs~30초,,240 MB,0 dB에서 47 dB,,59.04 @525nm,46.11 @630nm,48.58 @470nm,"1 양방향, 1 입력",3년,,10,"1.1""","수동, 자동(AWB)",,4.98,"1 input, 1 output","3.3 V, 120 mA maximum",글로벌 셔터,,,,,,,,,,,,2 GB RAM or more,,14.0,Supported,Windows or Linux (32–bit or 64–bit),200 MB 하드 드라이브 저장 공간,3.1 GHz 또는 동일 CPU,,,,,,,,,,,,,,,,,,,,,,,,,,,,,,,,,,,,,,,12.3,4096 × 3000,,10,글로벌 셔터,,색상,,C-마운트,기가비트 이더넷 1Gbps,29mm × 29mm × 30mm,36g,CMOS
Teledyne Dalsa,"Blackfly S GigE: 12.3 MP, 단색, C-마운트 BFS-PGE-122S6M-C",Area Scan,Blackfly S GigE,BFS-PGE-122S6M-C,4096 × 3000,12.3,,Sony IMX304,3.45,CMOS,단색,C-마운트,"소프트웨어 트리거, 하드웨어 트리거, 동작 명령, PTP",기가비트 이더넷 1Gbps,,"픽셀 비닝, 데시메이션, ROI",맞춤형 카메라 설정을 위한 2가지 사용자 설정 세트,"감마, 룩업 테이블(순람표) 및 선명도",6 MB 비휘발성 메모리,연속 / 단일 프레임 / 다중 프레임,,71.29,2.49,,,10976,12비트,-30°에서 60°C,"파워 오버 이더넷 (PoE, Power over Ethernet), 또는 GPIO를 통해 12 V 공청 (8 - 24 V)",20에서 80% (응결 없음),0°~50°C(주변 온도),30 - 95% (응결 없음),<2.5 W,36g,RJ45(수평 잠금) | Hirose HR10A-7R-6PB,29mm × 29mm × 30mm,"IEEE802.3af-2003 PoE 인터페이스 카드 / 인젝터 / 스위치 또는 카메라 전력 공급 (12 V 1.5 A, 6핀 광속)",기가비트 이더넷 포트,"렌즈, 케이블, 호스트 어댑터(GigE)","CE, FCC, KCC, RoHS. 본 제품의 ECCN은 다음과 같습니다: EAR099.",GigE Vision v1.2,,,,,,,,,,,,,,,,,,,,,,,,,,,,,,,,,,,,,,,,,,,,,,,,,,,,,,,,,,,,,,,,,,,,,,,,글로벌 셔터,없음,"수동, 자동(AGC)",36µs~30초,,240 MB,0 dB에서 47 dB,,,,,"1 양방향, 1 입력",3년,64.58 @525nm,10,"1.1""",,64.58 (525 nm),4.64,"1 input, 1 output","3.3 V, 120 mA maximum",글로벌 셔터,,,,,,,,,,,,2 GB RAM or more,,14.0,Supported,Windows or Linux (32–bit or 64–bit),200 MB 하드 드라이브 저장 공간,3.1 GHz 또는 동일 CPU,,,,,,,,,,,,,,,,,,,,,,,,,,,,,,,,,,,,,,,12.3,4096 × 3000,,10,글로벌 셔터,,단색,,C-마운트,기가비트 이더넷 1Gbps,29mm × 29mm × 30mm,36g,CMOS
Teledyne Dalsa,"Blackfly S GigE: 12.3 MP, 편광-단색, C-마운트 BFS-PGE-123S6P-C",Area Scan,Blackfly S GigE,BFS-PGE-123S6P-C,4096 × 3000,12.3,,Sony IMX253MZR,3.45,CMOS,편광,C-마운트,"소프트웨어 트리거, 하드웨어 트리거, 동작 명령, PTP",기가비트 이더넷 1Gbps,,"픽셀 비닝, 데시메이션, ROI",사용자 카메라 설정을 위한 사용자 구성 세트 2개,"감마, 룩업 테이블(순람표) 및 선명도",6MB 비휘발성 메모리,연속 / 단일 프레임 / 다중 프레임,,70.77,2.68,,,10995,"10비트, 12비트",-30°~60°C,"파워 오버 이더넷 (PoE, Power over Ethernet), 또는 GPIO를 통해 12 V 공청 (8 - 24 V)",20에서 80%(응결 없음),0°~50°C(주변 온도),30~95%(응결 없음),<2.5W,36g,RJ45(수평 잠금) | Hirose HR10A-7R-6PB,29mm × 29mm × 30mm,"IEEE802.3af-2003 PoE 인터페이스 카드 / 인젝터/ 스위치 또는 카메라 전원 공급 장치(12 V 1.5 A, 6–pin Hirose)",기가비트 이더넷 포트,"렌즈, 케이블, 호스트 어댑터(GigE)","CE, FCC, RoHS. 본 제품의 ECCN은 다음과 같습니다. EAR099.",GigE Vision v1.2,,,,,,,,,,,,,,,,,,,,,,,,,,,,,,,,,,,,,,,,,,,,,,,,,,,,,,,,,,,,,,,,,,,,,,,,글로벌 셔터,없음,"수동, 자동(AGC)",36µs~30초,,240 MB,0dB~47dB,,,,,"1 양방향, 1 입력",3년,22 @525nm,10,"1.1""",,22(525nm),13.87,"1 input, 1 output","3.3 V, 120 mA maximum",글로벌 셔터,,,,,,,,,,,,2GB RAM 이상,,14.0,Supported,Windows 또는 Linux(32–비트 또는 64–비트),200MB 하드 드라이브 저장 공간,3.1GHz 또는 동급 CPU,,,,,,,,,,,,,,,,,,,,,,,,,,,,,,,,,,,,,,,12.3,4096 × 3000,,10,글로벌 셔터,,편광,,C-마운트,기가비트 이더넷 1Gbps,29mm × 29mm × 30mm,36g,CMOS
Teledyne Dalsa,"Blackfly S GigE: 16.1 MP, 컬러, C-마운트 BFS-PGE-161S7C-C",Area Scan,Blackfly S GigE,BFS-PGE-161S7C-C,5320 × 3032,16.1,,Sony IMX542,2.74,CMOS,색상,C-마운트,"소프트웨어 트리거, 하드웨어 트리거, 동작 명령, PTP",기가비트 이더넷 1Gbps,,"픽셀 비닝, 데시메이션, ROI",맞춤형 카메라 설정을 위한 2가지 사용자 설정 세트,"색상 보정 매트릭스, 감마, 룩업 테이블(순람표), 채도 및 선명도",6 MB 비휘발성 메모리,연속 / 단일 프레임 / 다중 프레임,,70.46,2.38,,,9609,"8비트, 10비트, 12비트",-30°에서 60°C,"파워 오버 이더넷 (PoE, Power over Ethernet), 또는 GPIO를 통해 12 V 공청 (8 - 24 V)",20에서 80% (응결 없음),0°~50°C(주변 온도),30 - 95% (응결 없음),4.2 W,53g,RJ45(수평 잠금) | Hirose HR10A-7R-6PB,29 mm × 29 mm × 39 mm,"IEEE802.3af-2003 PoE 인터페이스 카드 / 인젝터 / 스위치 또는 카메라 전력 공급 (12 V 1.5 A, 6핀 광속)",기가비트 이더넷 포트,"렌즈, 케이블, 호스트 어댑터(GigE)","CE, FCC, KCC, RoHS. 본 제품의 ECCN은 다음과 같습니다: EAR099.",GigE Vision v1.2,,,,,,,,,,,,,,,,,,,,,,,,,,,,,,,,,,,,,,,,,,,,,,,,,,,,,,,,,,,,,,,,,,,,,,,,글로벌 셔터,IR 차단(670nm),"수동, 자동(AGC)",26 µs 에서 30초,,240 MB,0 dB에서 47 dB,,52.26 @525nm,33.49 @630nm,45.76 @470nm,"1 양방향, 1 입력",3년,,7,"1.1""","수동, 자동(AWB)",,5.52,"1 input, 1 output","3.3 V, 120 mA maximum",글로벌 셔터,,,,,,,,,,,,2 GB RAM or more,,12.0,Supported,Windows or Linux (32–bit or 64–bit),200 MB 하드 드라이브 저장 공간,3.1 GHz 또는 동일 CPU,,,,,,,,,,,,,,,,,,,,,,,,,,,,,,,,,,,,,,,16.1,5320 × 3032,,7,글로벌 셔터,,색상,,C-마운트,기가비트 이더넷 1Gbps,29 mm × 29 mm × 39 mm,53g,CMOS
Teledyne Dalsa,"Blackfly S GigE: 16.1 MP, 단색, C-마운트 BFS-PGE-161S7M-C",Area Scan,Blackfly S GigE,BFS-PGE-161S7M-C,5320 × 3032,16.1,,Sony IMX542,2.74,CMOS,단색,C-마운트,"소프트웨어 트리거, 하드웨어 트리거, 동작 명령, PTP",기가비트 이더넷 1Gbps,,"픽셀 비닝, 데시메이션, ROI",맞춤형 카메라 설정을 위한 2가지 사용자 설정 세트,"감마, 순람표 및 선명도",6 MB 비휘발성 메모리,연속 / 단일 프레임 / 다중 프레임,,70.55,2.34,,,9562,"8비트, 10비트, 12비트",-30°에서 60°C,"파워 오버 이더넷 (PoE, Power over Ethernet), 또는 GPIO를 통해 12 V 공청 (8 - 24 V)",20에서 80% (응결 없음),0°~50°C(주변 온도),30 - 95% (응결 없음),4.2 W,53g,RJ45(수평 잠금) | Hirose HR10A-7R-6PB,29 mm × 29 mm × 39 mm,"IEEE802.3af-2003 PoE 인터페이스 카드 / 인젝터 / 스위치 또는 카메라 전력 공급 (12 V 1.5 A, 6핀 광속)",기가비트 이더넷 포트,"렌즈, 케이블, 호스트 어댑터(GigE)","CE, FCC, KCC, RoHS. 본 제품의 ECCN은 다음과 같습니다: EAR099.",GigE Vision v1.2,,,,,,,,,,,,,,,,,,,,,,,,,,,,,,,,,,,,,,,,,,,,,,,,,,,,,,,,,,,,,,,,,,,,,,,,글로벌 셔터,없음,"수동, 자동(AGC)",26 µs 에서 30초,,240 MB,0 dB에서 47 dB,,,,,"1 양방향, 1 입력",3년,69.26 @525nm,7,"1.1""",,69.26 (525 nm),4.10,"1 input, 1 output","3.3 V, 120 mA maximum",글로벌 셔터,,,,,,,,,,,,2 GB RAM or more,,12.0,Supported,Windows or Linux (32–bit or 64–bit),200 MB 하드 드라이브 저장 공간,3.1 GHz 또는 동일 CPU,,,,,,,,,,,,,,,,,,,,,,,,,,,,,,,,,,,,,,,16.1,5320 × 3032,,7,글로벌 셔터,,단색,,C-마운트,기가비트 이더넷 1Gbps,29 mm × 29 mm × 39 mm,53g,CMOS
Teledyne Dalsa,"Blackfly S GigE: 20 MP, 컬러, C-마운트 BFS-PGE-200S6C-C",Area Scan,Blackfly S GigE,BFS-PGE-200S6C-C,5472 × 3648,20,,Sony IMX183,2.4 µm,CMOS,색상,C-마운트,"소프트웨어 트리거, 하드웨어 트리거, 동작 명령, PTP",기가비트 이더넷 1Gbps,,"픽셀 비닝, 데시메이션, ROI",맞춤형 카메라 설정을 위한 2가지 사용자 설정 세트,"색상 보정 매트릭스, 감마, 룩업 테이블(순람표), 채도 및 선명도",6 MB 비휘발성 메모리,연속 / 단일 프레임 / 다중 프레임,,71.89,3.31,,,14978,"10비트, 12비트",-30°에서 60°C,"파워 오버 이더넷 (PoE, Power over Ethernet), 또는 GPIO를 통해 12 V 공청 (8 - 24 V)",20에서 80% (응결 없음),0°~50°C(주변 온도),30 - 95% (응결 없음),"3W 일반 PoE, 최대 4.2W PoE / 2.5W GPIO",36g,RJ45(수평 잠금) | Hirose HR10A-7R-6PB,29 mm × 29 mm × 30 mm,"IEEE802.3af-2003 PoE 인터페이스 카드 / 인젝터 / 스위치 또는 카메라 전력 공급 (12 V 1.5 A, 6핀 광속)",기가비트 이더넷 포트,"렌즈, 케이블, 호스트 어댑터(GigE)","CE, FCC, KCC, RoHS. 본 제품의 ECCN은 다음과 같습니다: EAR099.",GigE Vision v1.2,,,,,,,,,,,,,,,,,,,,,,,,,,,,,,,,,,,,,,,,,,,,,,,,,,,,,,,,,,,,,,,,,,,,,,,,글로벌 리셋 기능이 있는 롤링 셔터,IR 차단(670nm),"수동, 자동(AGC)",44 µs 에서 30초,,240 MB,0 dB에서 27 dB,,65.39 @530nm,41.01 @625nm,59.69 @460nm,"1 양방향, 1 입력",3년,,6.1,"1""","수동, 자동(AWB)",,5.83,"1 input, 1 output","3.3 V, 120 mA maximum",글로벌 리셋 기능이 있는 롤링 셔터,,,,,,,,,,,,2 GB RAM or more,,5.0,Supported,Windows or Linux (32–bit or 64–bit),200 MB 하드 드라이브 저장 공간,3.1 GHz 또는 동일 CPU,,,,,,,,,,,,,,,,,,,,,,,,,,,,,,,,,,,,,,,20,5472 × 3648,,6.1,글로벌 리셋 기능이 있는 롤링 셔터,,색상,,C-마운트,기가비트 이더넷 1Gbps,29 mm × 29 mm × 30 mm,36g,CMOS
Teledyne Dalsa,"Blackfly S GigE: 20 MP, 단색, C-마운트 BFS-PGE-200S6M-C",Area Scan,Blackfly S GigE,BFS-PGE-200S6M-C,5472 × 3648,20,,Sony IMX183,2.4 µm,CMOS,단색,C-마운트,"소프트웨어 트리거, 하드웨어 트리거, 동작 명령, PTP",기가비트 이더넷 1Gbps,,"픽셀 비닝, 데시메이션, ROI",맞춤형 카메라 설정을 위한 2가지 사용자 설정 세트,"감마, 룩업 테이블(순람표) 및 선명도",6 MB 비휘발성 메모리,연속 / 단일 프레임 / 다중 프레임,,71.89,3.26,,,14794,"10비트, 12비트",-30°에서 60°C,"파워 오버 이더넷 (PoE, Power over Ethernet), 또는 GPIO를 통해 12 V 공청 (8 - 24 V)",20에서 80% (응결 없음),0°~50°C(주변 온도),30 - 95% (응결 없음),"3 W typical PoE, 4.2 W maximum PoE / 2.5 W GPIO",36g,RJ45(수평 잠금) | Hirose HR10A-7R-6PB,29 mm × 29 mm × 30 mm,"IEEE802.3af-2003 PoE 인터페이스 카드 / 인젝터 / 스위치 또는 카메라 전력 공급 (12 V 1.5 A, 6핀 광속)",기가비트 이더넷 포트,"렌즈, 케이블, 호스트 어댑터(GigE)","CE, FCC, KCC, RoHS. 본 제품의 ECCN은 다음과 같습니다: EAR099.",GigE Vision v1.2,,,,,,,,,,,,,,,,,,,,,,,,,,,,,,,,,,,,,,,,,,,,,,,,,,,,,,,,,,,,,,,,,,,,,,,,글로벌 리셋 기능이 있는 롤링 셔터,없음,"수동, 자동(AGC)",44 µs 에서 30초,,240 MB,0 dB에서 27 dB,,,,,"1 양방향, 1 입력",3년,75.73 @530nm,6.1,"1""",,75.73 (530nm),4.97,"1 input, 1 output","3.3 V, 120 mA maximum",글로벌 리셋 기능이 있는 롤링 셔터,,,,,,,,,,,,2 GB RAM or more,,5.0,Supported,Windows or Linux (32–bit or 64–bit),200 MB 하드 드라이브 저장 공간,3.1 GHz 또는 동일 CPU,,,,,,,,,,,,,,,,,,,,,,,,,,,,,,,,,,,,,,,20,5472 × 3648,,6.1,글로벌 리셋 기능이 있는 롤링 셔터,,단색,,C-마운트,기가비트 이더넷 1Gbps,29 mm × 29 mm × 30 mm,36g,CMOS
Teledyne Dalsa,"Blackfly S GigE: 20 MP, 컬러, C-마운트 BFS-PGE-200S7C-C",Area Scan,Blackfly S GigE,BFS-PGE-200S7C-C,4504 × 4504,20,,Sony IMX541,2.74,CMOS,색상,C-마운트,"소프트웨어 트리거, 하드웨어 트리거, 동작 명령, PTP",기가비트 이더넷 1Gbps,,"픽셀 비닝, 데시메이션, ROI",맞춤형 카메라 설정을 위한 2가지 사용자 설정 세트,"색상 보정 매트릭스, 감마, 룩업 테이블(순람표), 채도 및 선명도",6 MB 비휘발성 메모리,연속 / 단일 프레임 / 다중 프레임,,70.83,2.27,,,9645,"8비트, 10비트, 12비트",-30°에서 60°C,"파워 오버 이더넷 (PoE, Power over Ethernet), 또는 GPIO를 통해 12 V 공청 (8 - 24 V)",20에서 80% (응결 없음),0°~50°C(주변 온도),30 - 95% (응결 없음),4.2 W,53g,RJ45(수평 잠금) | Hirose HR10A-7R-6PB,29 mm × 29 mm × 39 mm,"IEEE802.3af-2003 PoE 인터페이스 카드 / 인젝터 / 스위치 또는 카메라 전력 공급 (12 V 1.5 A, 6핀 광속)",기가비트 이더넷 포트,"렌즈, 케이블, 호스트 어댑터(GigE)","CE, FCC, KCC, RoHS. 본 제품의 ECCN은 다음과 같습니다: EAR099.",GigE Vision v1.2,,,,,,,,,,,,,,,,,,,,,,,,,,,,,,,,,,,,,,,,,,,,,,,,,,,,,,,,,,,,,,,,,,,,,,,,글로벌 셔터,IR 차단(670nm),"수동, 자동(AGC)",27µs~30초,,240 MB,0 dB에서 47 dB,,52.58 @525nm,34.15 @630nm,45.94 @470nm,"1 양방향, 1 입력",3년,,6,"1.1""","수동, 자동(AWB)",,5.28,"1 input, 1 output","3.3 V, 120 mA maximum",글로벌 셔터,,,,,,,,,,,,2 GB RAM or more,,13.0,Supported,Windows or Linux (32–bit or 64–bit),200 MB 하드 드라이브 저장 공간,3.1 GHz 또는 동일 CPU,,,,,,,,,,,,,,,,,,,,,,,,,,,,,,,,,,,,,,,20,4504 × 4504,,6,글로벌 셔터,,색상,,C-마운트,기가비트 이더넷 1Gbps,29 mm × 29 mm × 39 mm,53g,CMOS
Teledyne Dalsa,"Blackfly S GigE: 20 MP, 단색, C-마운트 BFS-PGE-200S7M-C",Area Scan,Blackfly S GigE,BFS-PGE-200S7M-C,4504 × 4504,20,,Sony IMX541,2.74,CMOS,단색,C-마운트,"소프트웨어 트리거, 하드웨어 트리거, 동작 명령, PTP",기가비트 이더넷 1Gbps,,"픽셀 비닝, 데시메이션, ROI",맞춤형 카메라 설정을 위한 2가지 사용자 설정 세트,"감마, 룩업 테이블(순람표) 및 선명도",6 MB 비휘발성 메모리,연속 / 단일 프레임 / 다중 프레임,,70.73,2.31,,,9657,"8비트, 10비트, 12비트",-30°에서 60°C,"파워 오버 이더넷 (PoE, Power over Ethernet), 또는 GPIO를 통해 12 V 공청 (8 - 24 V)",20에서 80% (응결 없음),0°~50°C(주변 온도),30 - 95% (응결 없음),4.2 W,53g,RJ45(수평 잠금) | Hirose HR10A-7R-6PB,29 mm × 29 mm × 39 mm,"IEEE802.3af-2003 PoE 인터페이스 카드 / 인젝터 / 스위치 또는 카메라 전력 공급 (12 V 1.5 A, 6핀 광속)",기가비트 이더넷 포트,"렌즈, 케이블, 호스트 어댑터(GigE)","CE, FCC, KCC, RoHS. 본 제품의 ECCN은 다음과 같습니다: EAR099.",GigE Vision v1.2,,,,,,,,,,,,,,,,,,,,,,,,,,,,,,,,,,,,,,,,,,,,,,,,,,,,,,,,,,,,,,,,,,,,,,,,글로벌 셔터,없음,"수동, 자동(AGC)",27µs~30초,,240 MB,0 dB에서 47 dB,,,,,"1 양방향, 1 입력",3년,68.05 @525nm,6,"1.1""",,68.05 (525 nm),4.13,"1 input, 1 output","3.3 V, 120 mA maximum",글로벌 셔터,,,,,,,,,,,,2 GB RAM or more,,13.0,Supported,Windows or Linux (32–bit or 64–bit),200 MB 하드 드라이브 저장 공간,3.1 GHz 또는 동일 CPU,,,,,,,,,,,,,,,,,,,,,,,,,,,,,,,,,,,,,,,20,4504 × 4504,,6,글로벌 셔터,,단색,,C-마운트,기가비트 이더넷 1Gbps,29 mm × 29 mm × 39 mm,53g,CMOS
Teledyne Dalsa,"Blackfly S GigE: 24.5 MP, 컬러, C-마운트 BFS-PGE-244S8C-C",Area Scan,Blackfly S GigE,BFS-PGE-244S8C-C,5320 x 4600,24.5,,Sony IMX540,2.74,CMOS,색상,C-마운트,"소프트웨어 트리거, 하드웨어 트리거, 동작 명령, PTP",기가비트 이더넷 1Gbps,,"픽셀 비닝, 데시메이션, ROI",맞춤형 카메라 설정을 위한 2가지 사용자 설정 세트,"색상 보정 매트릭스, 감마, 룩업 테이블(순람표), 채도 및 선명도",6 MB 비휘발성 메모리,연속 / 단일 프레임 / 다중 프레임,,70.75,2.29,,,9615,"8비트, 10비트, 12비트",-30° ~ 60°C,"파워 오버 이더넷 (PoE, Power over Ethernet), 또는 GPIO를 통해 12 V 공청 (8 - 24 V)",20에서 80% (응결 없음),0°~50°C(주변 온도),30 - 95% (응결 없음),4.2 W,53g,RJ45(수평 잠금) | Hirose HR10A-7R-6PB,29 mm × 29 mm × 39 mm,"IEEE802.3af-2003 PoE 인터페이스 카드 / 인젝터 / 스위치 또는 카메라 전력 공급 (12 V 1.5 A, 6핀 광속)",기가비트 이더넷 포트,"렌즈, 케이블, 호스트 어댑터(GigE)","CE, FCC, KCC, RoHS. 본 제품의 ECCN은 다음과 같습니다. EAR099.",GigE Vision v1.2,,,,,,,,,,,,,,,,,,,,,,,,,,,,,,,,,,,,,,,,,,,,,,,,,,,,,,,,,,,,,,,,,,,,,,,,글로벌 셔터,IR 차단(670nm),"수동, 자동(AGC)",31 µs 에서 30초,,240 MB,0 dB에서 47 dB,,52.29 @525nm,34.03 @630nm,45.37 @470nm,"1 양방향, 1 입력",3년,,5,"1.2""","수동, 자동(AWB)",,5.34,"1 input, 1 output","3.3 V, 120 mA maximum",글로벌 셔터,,,,,,,,,,,,2 GB RAM or more,,7.0,Supported,Windows or Linux (32–bit or 64–bit),200 MB 하드 드라이브 저장 공간,3.1 GHz 또는 동일 CPU,,,,,,,,,,,,,,,,,,,,,,,,,,,,,,,,,,,,,,,24.5,5320 x 4600,,5,글로벌 셔터,,색상,,C-마운트,기가비트 이더넷 1Gbps,29 mm × 29 mm × 39 mm,53g,CMOS
Teledyne Dalsa,"Blackfly S GigE: 24.5 MP, 단색, C-마운트 BFS-PGE-244S8M-C",Area Scan,Blackfly S GigE,BFS-PGE-244S8M-C,5320 × 4600,24.5,,Sony IMX540,2.74,CMOS,단색,C-마운트,"소프트웨어 트리거, 하드웨어 트리거, 동작 명령, PTP",기가비트 이더넷 1Gbps,,"픽셀 비닝, 데시메이션, ROI",맞춤형 카메라 설정을 위한 2가지 사용자 설정 세트,"감마, 순람표 및 선명도",6 MB 비휘발성 메모리,연속 / 단일 프레임 / 다중 프레임,,70.90,2.28,,,9770,"8비트, 10비트, 12비트",-30° ~ 60°C,"파워 오버 이더넷 (PoE, Power over Ethernet), 또는 GPIO를 통해 12 V 공청 (8 - 24 V)",20에서 80% (응결 없음),0°~50°C(주변 온도),30 - 95% (응결 없음),4.2 W,53g,RJ45(수평 잠금) | Hirose HR10A-7R-6PB,29 mm × 29 mm × 39 mm,"IEEE802.3af-2003 PoE 인터페이스 카드 / 인젝터 / 스위치 또는 카메라 전력 공급 (12 V 1.5 A, 6핀 광속)",기가비트 이더넷 포트,"렌즈, 케이블, 호스트 어댑터(GigE)","CE, FCC, KCC, RoHS. 본 제품의 ECCN은 다음과 같습니다. EAR099.",GigE Vision v1.2,,,,,,,,,,,,,,,,,,,,,,,,,,,,,,,,,,,,,,,,,,,,,,,,,,,,,,,,,,,,,,,,,,,,,,,,글로벌 셔터,없음,"수동, 자동(AGC)",31µs ~ 30초,,240 MB,0 dB에서 47 dB,,,,,"1 양방향, 1 입력",3년,68.61 @525nm,5,"1.2""",,68.61(525 nm),4.06,"1 input, 1 output","3.3 V, 120 mA maximum",글로벌 셔터,,,,,,,,,,,,2 GB RAM or more,,7.0,Supported,Windows or Linux (32–bit or 64–bit),200 MB 하드 드라이브 저장 공간,3.1 GHz 또는 동일 CPU,,,,,,,,,,,,,,,,,,,,,,,,,,,,,,,,,,,,,,,24.5,5320 × 4600,,5,글로벌 셔터,,단색,,C-마운트,기가비트 이더넷 1Gbps,29 mm × 29 mm × 39 mm,53g,CMOS
Teledyne Dalsa,COSMOS-8k COSMOS-8k,Area Scan,COSMOS,,,,,,,,,,,,,,,,,,,,,,,,,,,,,,,,,,,,,,,,,,,,,8120 x 8120,3.2 µs,Teledyne LACera CMOS,10 µm,CMOS,Rolling and Global Shutter,"Mono, UV",,,,CoaXPress,,"High Speed, Low Noise, HDR",38 µs to ≥ 1h,,,,,,,,,,,,,,,,,"14-bit, 16-bit, or 18-bit",262 x 262 x 328 mm,21.4 kg,,≤90% non-condensing,-30°C – +30°C,,,,,,,,,,1 year,91%,,,,,,,,,18.3 fps,,≤0.05 e⁻/p/s,>100 ke⁻,≤1e⁻,Silicon,Multistage TE cooling,,"Power supply, power cable, AC line cord (regional), CXP frame grabber card, CXP cables, liquid coolant quick disconnects","Windows 11, Linux",,,,,,,,,,,,,,,,,,,,,,,,,,66 MP,115 mm,,"Output (Ready, Expose, Shutter, Readout, Waiting for Trigger), Input (Trigger per Acquisition, Trigger per Readout, Bulb Exposure)","100,000 : 1",81.2 x 81.2 mm,,,,CE,,,,,,18-bit HDR mode,,,,,,,,,,,,,,,,,,,,,,,,,,,,,,,,,,,,,,66 MP,8120 x 8120,10 µm,18.3 fps,Rolling and Global Shutter,3.2 µs,"Mono, UV",,,CoaXPress,262 x 262 x 328 mm,21.4 kg,CMOS
Teledyne Dalsa,COSMOS-6k COSMOS-6k,Area Scan,COSMOS,,,,,,,,,,,,,,,,,,,,,,,,,,,,,,,,,,,,,,,,,,,,,6500 x 6500,3.2 µs,Teledyne LACera CMOS,10 µm,CMOS,Rolling and Global Shutter,"Mono, UV",,,,CoaXPress,,"High Speed, Low Noise, HDR",38 µs to ≥ 1h,,,,,,,,,,,,,,,,,"14-bit, 16-bit, or 18-bit",262 x 262 x 328 mm,21.4 kg,,≤90% non-condensing,-30°C – +30°C,,,,,,,,,,1 year,91%,,,,,,,,,22.9 fps,,≤0.05 e⁻/p/s,>100 ke⁻,≤1e⁻,Silicon,Multistage TE cooling,,"Power supply, power cable, AC line cord (regional), CXP frame grabber card, CXP cables, liquid coolant quick disconnects","Windows 11, Linux",,,,,,,,,,,,,,,,,,,,,,,,,,42 MP,92 mm,,"Output (Ready, Expose, Shutter, Readout, Waiting for Trigger), Input (Trigger per Acquisition, Trigger per Readout, Bulb Exposure)","100,000 : 1",65 x 65 mm,,,,CE,,,,,,18-bit HDR mode,,,,,,,,,,,,,,,,,,,,,,,,,,,,,,,,,,,,,,42 MP,6500 x 6500,10 µm,22.9 fps,Rolling and Global Shutter,3.2 µs,"Mono, UV",,,CoaXPress,262 x 262 x 328 mm,21.4 kg,CMOS
Teledyne Dalsa,COSMOS-4k COSMOS-4k,Area Scan,COSMOS,,,,,,,,,,,,,,,,,,,,,,,,,,,,,,,,,,,,,,,,,,,,,4880 x 4880,3.2 µs,Teledyne LACera CMOS,10 µm,CMOS,Rolling and Global Shutter,"Mono, UV",,,,CoaXPress,,"High Speed, Low Noise, HDR",38 µs to ≥ 1h,,,,,,,,,,,,,,,,,"14-bit, 16-bit, or 18-bit",150 x 150 x 200 mm,≤11 kg,,≤90% non-condensing,-30°C – +30°C (liquid cooling),,,,,,,,,,1 year,91%,,,,,,,,,37 fps,,≤0.05 e⁻/p/s (typical),>100 ke⁻,≤1e⁻,Silicon,Multistage TE cooling,,"Power supply, power cable, AC line cord (regional), CXP frame grabber card, CXP cables, liquid coolant quick disconnects","Windows 11, Linux",,,,,,,,,,,,,,,,,,,,,,,,,,24 MP,69 mm,,"Output (Ready, Expose, Shutter, Readout, Waiting for Trigger), Input (Trigger per Acquisition, Trigger per Readout, Bulb Exposure)","100,000 : 1",48.8 x 48.8 mm,,,,CE,,,,,,18-bit HDR mode,,,,,,,,,,,,,,,,,,,,,,,,,,,,,,,,,,,,,,24 MP,4880 x 4880,10 µm,37 fps,Rolling and Global Shutter,3.2 µs,"Mono, UV",,,CoaXPress,150 x 150 x 200 mm,≤11 kg,CMOS
Teledyne Dalsa,COSMOS-3k COSMOS-3k,Area Scan,COSMOS,,,,,,,,,,,,,,,,,,,,,,,,,,,,,,,,,,,,,,,,,,,,,3260 x 3260,3.2 µs,Teledyne LACera CMOS,10 µm,CMOS,Rolling and Global Shutter,"Mono, UV",,,,CoaXPress,,"High Speed, Low Noise, HDR",38 µs to ≥ 1h,,,,,,,,,,,,,,,,,"14-bit, 16-bit, or 18-bit",150 x 150 x 200 mm,≤10 kg,,≤90% non-condensing,-30°C – +30°C,,,,,,,,,,1 year,91%,,,,,,,,,56.5 fps,,≤0.05 e⁻/p/s,>100 ke⁻,≤1e⁻,Silicon,Multistage TE cooling,,"Power supply, power cable, AC line cord (regional), CXP frame grabber card, CXP cables, liquid coolant quick disconnects","Windows 11, Linux",,,,,,,,,,,,,,,,,,,,,,,,,,10 MP,46 mm,,"Output (Ready, Expose, Shutter, Readout, Waiting for Trigger), Input (Trigger per Acquisition, Trigger per Readout, Bulb Exposure)","100,000 : 1",32.6 x 32.6 mm,,,,CE,,,,,,18-bit HDR mode,,,,,,,,,,,,,,,,,,,,,,,,,,,,,,,,,,,,,,10 MP,3260 x 3260,10 µm,56.5 fps,Rolling and Global Shutter,3.2 µs,"Mono, UV",,,CoaXPress,150 x 150 x 200 mm,≤10 kg,CMOS
Teledyne Dalsa,SCION 640 SCION-VISGAS-640,Area Scan,SCION,SCION-VISGAS-640,640 x 512,,,Teledyne VisGaAs,10 µm,hybrid CMOS,400nm - 1700nm,C-Mount,,"CameraLink, USB3",,,,,,"Integrate then Read, Integrate While Read, Sample Up the Ramp",,,,,,,14,,,,,,,,,86 x 86 x 127 mm,,,,,,,Hybrid CMOSVisGaAs and HgCdTe (Teledyne Exclusive),,,,,,,,10 µm x 10 µm,,,,,,,,,,,,,,,,,,,,,,,,,,,,,,,,,,,,,,,,,,,,,,,,,,,,,,,,,,,,,,"Global, Rolling",,,,,,,,,,,,,85%,700 Hz,,,,,,,,85%,0.3-1.7 µm (VisGaAs)0.9-2.5 µm (HgCdTe),,,,,,,,,,,,,,,,,,700 Hz  (full frame),"integrate-then-read, integrate-while-read, sample-up-the-ramp",Mono,< 30 e⁻,InGaAs,< 60 e⁻/p/s,1 Me⁻ (low gain),6.4 x 5.1 mm,"Power supply, USB cable, trigger cables, quickstart guide",CE,,,,,,,,,,,,,,,,,,,,,,,,,,,,,640 x 512,10 µm x 10 µm,700 Hz,"Global, Rolling",,400nm - 1700nm,0.3-1.7 µm (VisGaAs)0.9-2.5 µm (HgCdTe),C-Mount,"CameraLink, USB3",86 x 86 x 127 mm,,Hybrid CMOSVisGaAs and HgCdTe (Teledyne Exclusive)
Teledyne Dalsa,SCION 1280 SCION-VISGAS-1280,Area Scan,SCION,SCION-VISGAS-1280,1280 x 1024,1.3,,Teledyne VisGaAs,,hybrid CMOS,400nm - 1700nm,C-Mount,,"CameraLink, USB3",,,,,,"Integrate then Read, Integrate While Read, Sample Up the Ramp",,,,,,,14,,,,,,,,,86 x 86 x 127 mm,,,,,,,Hybrid CMOSVisGaAs and HgCdTe (Teledyne Exclusive),,,,,,,,10 µm x 10 µm,,,,,,,,,,,,,,,,,,,,,,,,,,,,,,,,,,,,,,,,,,,,,,,,,,,,,,,,,,,,,,"Global, Rolling",,,,,,,,,,,,,85%,175 Hz,,,,,,,,85%,0.3-1.7 µm (VisGaAs)0.9-2.5 µm (HgCdTe),,,,,,,,,,,,,,,,,,700 Hz  (full frame),"integrate-then-read, integrate-while-read, sample-up-the-ramp",Mono,< 30 e⁻,InGaAs,< 60 e⁻/p/s,1 Me⁻ (low gain),12.8 x 10.2 mm,"Power supply, USB cable, trigger cables, quickstart guide",CE,,,,,,,,,,,,,,,,,,,,,,,,,,,,1.3,1280 x 1024,10 µm x 10 µm,175 Hz,"Global, Rolling",,400nm - 1700nm,0.3-1.7 µm (VisGaAs)0.9-2.5 µm (HgCdTe),C-Mount,"CameraLink, USB3",86 x 86 x 127 mm,,Hybrid CMOSVisGaAs and HgCdTe (Teledyne Exclusive)
Teledyne Dalsa,SCION MCT 640 SCION-MCT-640,Area Scan,SCION,SCION-MCT-640,640 x 512,,,Teledyne MCT,10 µm,hybrid CMOS,900nm - 2500nm,C-Mount,,"CameraLink, USB3",,,,,,"Integrate then Read, Integrate While Read, Sample Up the Ramp",,,,,,,14,,,,,,,,,86 x 86 x 127 mm,,,,,,,Hybrid CMOSVisGaAs and HgCdTe (Teledyne Exclusive),,,,,,,,10 µm x 10 µm,,,,,,,,,,,,,,,,,,,,,,,,,,,,,,,,,,,,,,,,,,,,,,,,,,,,,,,,,,,,,,"Global, Rolling",,,,,,,,,,,,,85%,700 Hz,,,,,,,,85%,0.3-1.7 µm (VisGaAs)0.9-2.5 µm (HgCdTe),,,,,,,,,,,,,,,,,,700 Hz  (full frame),"integrate-then-read, integrate-while-read, sample-up-the-ramp",Mono,< 30 e⁻,HgCdTe,< 400 ke⁻/p/s,1 Me⁻ (low gain),6.4 x 5.1 mm,"Power supply, USB cable, trigger cables, quickstart guide",CE,,,,,,,,,,,,,,,,,,,,,,,,,,,,,640 x 512,10 µm x 10 µm,700 Hz,"Global, Rolling",,900nm - 2500nm,0.3-1.7 µm (VisGaAs)0.9-2.5 µm (HgCdTe),C-Mount,"CameraLink, USB3",86 x 86 x 127 mm,,Hybrid CMOSVisGaAs and HgCdTe (Teledyne Exclusive)
Teledyne Dalsa,"Forge 5GigE: 5 MP, 컬러, C-마운트 FG-P5G-50S4C-C",Area Scan,Forge 5GigE,FG-P5G-50S4C-C,2448 × 2048,5,,Sony IMX547,2.74,CMOS,색상,C-마운트,"소프트웨어 트리거, 하드웨어 트리거, 동작 명령, PTP",기가비트 이더넷 5Gbps / 2.5Gbps / 1Gbps,,"픽셀 비닝, 데시메이션, ROI",맞춤형 카메라 설정을 위한 2가지 사용자 설정 세트,"감마, 룩업 테이블(순람표) 및 선명도",4 MB non-volatile memory,연속형 단일 프레임 다중 프레임,,70.00,2.49,,,9774,"8비트, 10비트, 12비트",-30°C~60°C,"파워 오버 이더넷(PoE, Power over Ethernet), 또는 GPIO를 통해 12 V 공청 (9.5 - 24 V)",20에서 80% (응축 없음),0°C ~ 65°C(카메라 전면에서 측정),30에서 95% (응축 없음),8.5W 최대 PoE / 6.6W 최대 GPIO,132g,RJ45(수평 잠금) | Hirose HR10A-7R-6PB,29 mm × 29 mm × 39 mm,IEEE802.3af-2003 PoE 인터페이스 카드 / 인젝터 / 스위치 또는 외부 카메라 전원 공급 장치,기가비트 이더넷 포트,"렌즈, 케이블, 호스트 어댑터(GigE)","CE, FCC, KCC, RoHS. 본 제품의 ECCN은: EAR099입니다.",GigE Vision v2.0,,,,,,,,,,,,,,,,,,,,,,,,,,,,,,,,,,,,,,,,,,,,,,,,,,,,,,,,,,,,,,,,,,,,,,,,글로벌 셔터,IR 차단(670nm),"수동, 자동(AGC)",6µ~30초,,500 MB,0dB~48dB,,51.13 @525nm,33.62 @630nm,44.52 @470nm,"1 양방향, 1 입력",3년,,122,"1/1.8""","수동, 자동(AWB)",,6.06,"1 input, 1 output","3.3 V, 120 mA maximum",글로벌 셔터,,,,,,,,,,,,2 GB RAM 또는 그 이상,,,1 (over non-isolated I/O),Windows 또는 Linux (32비트 또는 64비트),200 MB 하드 드라이브 저장 공간,3.1 GHz 또는 동일 CPU,,,,,,,,,,,,122.9,,,,,,,,,,,,,,,,,,,,,,,,,,,5,2448 × 2048,,122,글로벌 셔터,,색상,,C-마운트,기가비트 이더넷 5Gbps / 2.5Gbps / 1Gbps,29 mm × 29 mm × 39 mm,132g,CMOS
Teledyne Dalsa,"Forge 5GigE: 5 MP, 단색, C-마운트 FG-P5G-50S4M-C",Area Scan,Forge 5GigE,FG-P5G-50S4M-C,2448 × 2048,5,,Sony IMX547,2.74,CMOS,단색,C-마운트,"소프트웨어 트리거, 하드웨어 트리거, 동작 명령, PTP",기가비트 이더넷 5Gbps / 2.5Gbps / 1Gbps,,"픽셀 비닝, 데시메이션, ROI",맞춤형 카메라 설정을 위한 2가지 사용자 설정 세트,"색상 보정 매트릭스, 감마, 순람표, 포화도 및 선명도",4 MB non-volatile memory,연속형 단일 프레임 다중 프레임,,69.80,2.54,,,9687,"8비트, 10비트, 12비트",-30°C~60°C,"파워 오버 이더넷(PoE, Power over Ethernet), 또는 GPIO를 통해 12 V 공청 (9.5 - 24 V)",20에서 80% (응축 없음),0°C ~ 65°C(카메라 전면에서 측정),30에서 95% (응축 없음),8.5W 최대 PoE / 6.6W 최대 GPIO,132g,RJ45(수평 잠금) | Hirose HR10A-7R-6PB,29 mm × 29 mm × 39 mm,IEEE802.3af-2003 PoE 인터페이스 카드 / 인젝터 / 스위치 또는 외부 카메라 전원 공급 장치,기가비트 이더넷 포트,"렌즈, 케이블, 호스트 어댑터(GigE)","CE, FCC, KCC, RoHS. 본 제품의 ECCN은: EAR099입니다.",GigE Vision v2.0,,,,,,,,,,,,,,,,,,,,,,,,,,,,,,,,,,,,,,,,,,,,,,,,,,,,,,,,,,,,,,,,,,,,,,,,글로벌 셔터,없음,"수동, 자동(AGC)",16 µs 에서 30초,,500 MB,0dB~48dB,,,,,"1 양방향, 1 입력",3년,67.28 @525nm,122,"1/1.8""",,67.28 @525nm,4.66,"1 input, 1 output","3.3 V, 120 mA maximum",글로벌 셔터,,,,,,,,,,,,2 GB RAM 또는 그 이상,,,1 (over non-isolated I/O),Windows 또는 Linux (32비트 또는 64비트),200 MB 하드 드라이브 저장 공간,3.1 GHz 또는 동일 CPU,,,,,,,,,,,,122.9,,,,,,,,,,,,,,,,,,,,,,,,,,,5,2448 × 2048,,122,글로벌 셔터,,단색,,C-마운트,기가비트 이더넷 5Gbps / 2.5Gbps / 1Gbps,29 mm × 29 mm × 39 mm,132g,CMOS
Teledyne Dalsa,"Forge 5GigE: 5 MP, 컬러, C-마운트 FG-P5G-51S4C-C",Area Scan,Forge 5GigE,FG-P5G-51S4C-C,2448 × 2048,5,,Sony IMX537,2.74,CMOS,색상,C-마운트,"소프트웨어 트리거, 하드웨어 트리거, 동작 명령, PTP",기가비트 이더넷 5Gbps / 2.5Gbps / 1Gbps,,"픽셀 비닝, 데시메이션, ROI",맞춤형 카메라 설정을 위한 2가지 사용자 설정 세트,"감마, 룩업 테이블(순람표) 및 선명도",4 MB non-volatile memory,연속형 단일 프레임 다중 프레임,,69.62,2.49,,,9463,"8비트, 10비트, 12비트",-30°C~60°C,"파워 오버 이더넷(PoE, Power over Ethernet), 또는 GPIO를 통해 12 V 공청 (9.5 - 24 V)",20에서 80% (응축 없음),0°C ~ 65°C(카메라 전면에서 측정),30에서 95% (응축 없음),8.5W 최대 PoE / 6.6W 최대 GPIO,132g,RJ45(수평 잠금) | Hirose HR10A-7R-6PB,29 mm × 29 mm × 39 mm,IEEE802.3af-2003 PoE 인터페이스 카드 / 인젝터 / 스위치 또는 외부 카메라 전원 공급 장치,기가비트 이더넷 포트,"렌즈, 케이블, 호스트 어댑터(GigE)","CE, FCC, KCC, RoHS. 본 제품의 ECCN은: EAR099입니다.",GigE Vision v2.0,,,,,,,,,,,,,,,,,,,,,,,,,,,,,,,,,,,,,,,,,,,,,,,,,,,,,,,,,,,,,,,,,,,,,,,,글로벌 셔터,IR 차단(670nm),"수동, 자동(AGC)",6µ~30초,,500 MB,0dB~48dB,,54 @525nm,34 @630nm,47 @470nm,"1 양방향, 1 입력",3년,,122,"1/1.8""","수동, 자동(AWB)",,5.85,"1 input, 1 output","3.3 V, 120 mA maximum",글로벌 셔터,,,,,,,,,,,,2 GB RAM 또는 그 이상,,,1 (over non-isolated I/O),Windows 또는 Linux (32비트 또는 64비트),200 MB 하드 드라이브 저장 공간,3.1 GHz 또는 동일 CPU,,,,,,,,,,,,207.0,,,,,,,,,,,,,,,,,,,,,,,,,,,5,2448 × 2048,,122,글로벌 셔터,,색상,,C-마운트,기가비트 이더넷 5Gbps / 2.5Gbps / 1Gbps,29 mm × 29 mm × 39 mm,132g,CMOS
Teledyne Dalsa,"Forge 5GigE: 5 MP, 단색, C-마운트 FG-P5G-51S4M-C",Area Scan,Forge 5GigE,FG-P5G-51S4M-C,2448 × 2048,5,,Sony IMX537,2.74,CMOS,단색,C-마운트,"소프트웨어 트리거, 하드웨어 트리거, 동작 명령, PTP",기가비트 이더넷 5Gbps / 2.5Gbps / 1Gbps,,"픽셀 비닝, 데시메이션, ROI",맞춤형 카메라 설정을 위한 2가지 사용자 설정 세트,"색상 보정 매트릭스, 감마, 순람표, 포화도 및 선명도",4 MB non-volatile memory,연속형 단일 프레임 다중 프레임,,69.84,2.54,,,9558,"8비트, 10비트, 12비트",-30°C~60°C,"파워 오버 이더넷(PoE, Power over Ethernet), 또는 GPIO를 통해 12 V 공청 (9.5 - 24 V)",20에서 80% (응축 없음),0°C ~ 65°C(카메라 전면에서 측정),30에서 95% (응축 없음),8.5W 최대 PoE / 6.6W 최대 GPIO,132g,RJ45(수평 잠금) | Hirose HR10A-7R-6PB,29 mm × 29 mm × 39 mm,IEEE802.3af-2003 PoE 인터페이스 카드 / 인젝터 / 스위치 또는 외부 카메라 전원 공급 장치,기가비트 이더넷 포트,"렌즈, 케이블, 호스트 어댑터(GigE)","CE, FCC, KCC, RoHS. 본 제품의 ECCN은: EAR099입니다.",GigE Vision v2.0,,,,,,,,,,,,,,,,,,,,,,,,,,,,,,,,,,,,,,,,,,,,,,,,,,,,,,,,,,,,,,,,,,,,,,,,글로벌 셔터,없음,"수동, 자동(AGC)",16 µs 에서 30초,,500 MB,0dB~48dB,,,,,"1 양방향, 1 입력",3년,67.54 @525nm,122,"1/1.8""",,67.28 @525nm,4.57,"1 input, 1 output","3.3 V, 120 mA maximum",글로벌 셔터,,,,,,,,,,,,2 GB RAM 또는 그 이상,,,1 (over non-isolated I/O),Windows 또는 Linux (32비트 또는 64비트),200 MB 하드 드라이브 저장 공간,3.1 GHz 또는 동일 CPU,,,,,,,,,,,,207.0,,,,,,,,,,,,,,,,,,,,,,,,,,,5,2448 × 2048,,122,글로벌 셔터,,단색,,C-마운트,기가비트 이더넷 5Gbps / 2.5Gbps / 1Gbps,29 mm × 29 mm × 39 mm,132g,CMOS
Teledyne Dalsa,"Forge 5GigE: 12.4 MP, 컬러, C-마운트 FG-P5G-120S6C-C",Area Scan,Forge 5GigE,FG-P5G-120S6C-C,4096 x 3000,12.4,,Sony IMX545,2.74,CMOS,Color,C-mount,"Software trigger, hardware trigger, action command, PTP",Gigabit Ethernet 5 Gbps / 2.5 Gbps / 1 Gbps,,"Pixel binning, decimation, ROI",2 user configuration sets for custom camera settings,"Gamma, lookup table, and sharpness",4 MB non-volatile memory,연속 / 단일 프레임 / 다중 프레임,,70,2.37,,,8981,"8-bit, 10-bit, 12-bit",-30°C to 60°C,"Power over Ethernet (PoE), or 12 V nominal (9.5 - 24 V) via GPIO",20 to 80% (no condensation),0°C to 65°C (measured at the front face of the camera),30 to 95% (no condensation),8.5W 최대 PoE / 6.6W 최대 GPIO,132 g,RJ45 (horizontal locking) | Hirose HR10A-7R-6PB,29 mm × 44 mm × 74 mm,IEEE802.3af-2003 PoE Interface Card / Injector/ Switch or External Camera Power Supply,5Gigabit Ethernet Port,"Lens, Cable, Host Adapter (GigE)","CE, FCC, KCC, RoHS. The ECCN for this product is: EAR099.",GigE Vision v2.0,,,,,,,,,,,,,,,,,,,,,,,,,,,,,,,,,,,,,,,,,,,,,,,,,,,,,,,,,,,,,,,,,,,,,,,,글로벌 셔터,IR-Cut Off (670 nm),"Manual, automatic (AGC)",8 µs to 30 seconds,,500 MB,0 dB to 48 dB,,49 @525nm,32 @630nm,43 @470nm,"1 bi-directional, 1 input",3 years,,50,"1/1.1""","Manual, automatic (AWB)",,6,"1 input, 1 output","3.3 V, 120 mA maximum",,,,,,,,,,,,,,,,1 (over non-isolated I/O),,,,,,,,,,,,,,,68.0,,,,,,,,,,,,,,,,,,,,,,,,,,,12.4,4096 x 3000,,50,글로벌 셔터,,Color,,C-mount,Gigabit Ethernet 5 Gbps / 2.5 Gbps / 1 Gbps,29 mm × 44 mm × 74 mm,132 g,CMOS
Teledyne Dalsa,"Forge 5GigE: 12.4 MP, 단색, C-마운트 FG-P5G-120S6M-C",Area Scan,Forge 5GigE,FG-P5G-120S6M-C,4096 x 3000,12.4,,Sony IMX545,2.74,CMOS,Mono,C-mount,"Software trigger, hardware trigger, action command, PTP",Gigabit Ethernet 5 Gbps / 2.5 Gbps / 1 Gbps,,"Pixel binning, decimation, ROI",2 user configuration sets for custom camera settings,"Gamma, lookup table, and sharpness",4 MB non-volatile memory,연속 / 단일 프레임 / 다중 프레임,,70,2.36,,,8911,"8-bit, 10-bit, 12-bit",-30°C to 60°C,"Power over Ethernet (PoE), or 12 V nominal (9.5 - 24 V) via GPIO",20 to 80% (no condensation),0°C to 65°C (measured at the front face of the camera),30 to 95% (no condensation),,132 g,RJ45 (horizontal locking) | Hirose HR10A-7R-6PB,29 mm × 44 mm × 74 mm,IEEE802.3af-2003 PoE Interface Card / Injector/ Switch or External Camera Power Supply,5Gigabit Ethernet Port,"Lens, Cable, Host Adapter (GigE)","CE, FCC, KCC, RoHS. The ECCN for this product is: EAR099.",GigE Vision v2.0,,,,,,,,,,,,,,,,,,,,,,,,,,,,,,,,,,,,,,,,,,,,,,,,,,,,,,,,,,,,,,,,,,,,,,,,글로벌 셔터,,"Manual, automatic (AGC)",8 µs to 30 seconds,,500 MB,0 dB to 48 dB,,,,,"1 bi-directional, 1 input",3 years,63 @525nm,50,"1/1.1""",,,4.7,"1 input, 1 output","3.3 V, 120 mA maximum",,,,,,,,,,,,,,,,1 (over non-isolated I/O),,,,,,,,,,,,,,,68.0,,,,,,,,,,,,,,,,,,,,,,,,,,,12.4,4096 x 3000,,50,글로벌 셔터,,Mono,,C-mount,Gigabit Ethernet 5 Gbps / 2.5 Gbps / 1 Gbps,29 mm × 44 mm × 74 mm,132 g,CMOS
Teledyne Dalsa,"Forge 5GigE: 16.1 MP, 컬러, C-마운트 FG-P5G-161S7C-C",Area Scan,Forge 5GigE,FG-P5G-161S7C-C,5320 x 3032,16.1,,Sony IMX542,2.74,CMOS,색상,C-마운트,"소프트웨어 트리거, 하드웨어 트리거, 동작 명령, PTP",기가비트 이더넷 5Gbps / 2.5Gbps / 1Gbps,,"픽셀 비닝, 데시메이션, ROI",사용자 카메라 설정을 위한 사용자 구성 세트 2개,"감마, 룩업 테이블(순람표) 및 선명도",4MB 비휘발성 메모리,연속 / 단일 프레임 / 다중 프레임,,70,2.32,,,9466,"8비트, 10비트, 12비트",-30°C~60°C,"파워 오버 이더넷(PoE, Power over Ethernet), 또는 GPIO를 통해 12V 공청(9.5 - 24V)",20에서 80%(응결 없음),0°C ~ 65°C(카메라 전면에서 측정),30~95%(응결 없음),,132g,RJ45(수평 잠금) | Hirose HR10A-7R-6PB,29mm × 44mm × 74mm,IEEE802.3af-2003 PoE 인터페이스 카드 / 인젝터 / 스위치 또는 외부 카메라 전원 공급 장치,5기가비트 이더넷 포트,"렌즈, 케이블, 호스트 어댑터(GigE)","CE, FCC, KCC, RoHS. 본 제품의 ECCN은 다음과 같습니다. EAR099.",GigE Vision v2.0,,,,,,,,,,,,,,,,,,,,,,,,,,,,,,,,,,,,,,,,,,,,,,,,,,,,,,,,,,,,,,,,,,,,,,,,글로벌 셔터,IR 차단(670nm),"수동, 자동(AGC)",10µs~30초,,500 MB,0dB~48dB,,54 @525nm,34 @630nm,47 @470nm,"1 양방향, 1 입력",3년,,38,"1.1""","수동, 자동(AWB)",,5.5,"1 input, 1 output","3.3 V, 120 mA maximum",글로벌 셔터,,,,,,,,,,,,,,,1(비격리 I/O의 경우),,,,,,,,,,,,,,,52.5,,,,,,,,,,,,,,,,,,,,,,,,,,,16.1,5320 x 3032,,38,글로벌 셔터,,색상,,C-마운트,기가비트 이더넷 5Gbps / 2.5Gbps / 1Gbps,29mm × 44mm × 74mm,132g,CMOS
Teledyne Dalsa,"Forge 5GigE: 16.1 MP, 단색, C-마운트 FG-P5G-161S7M-C",Area Scan,Forge 5GigE,FG-P5G-161S7M-C,5320 x 3032,16.1,,Sony IMX542,2.74,CMOS,단색,C-마운트,"소프트웨어 트리거, 하드웨어 트리거, 동작 명령, PTP",기가비트 이더넷 5Gbps / 2.5Gbps / 1Gbps,,"픽셀 비닝, 데시메이션, ROI",사용자 카메라 설정을 위한 사용자 구성 세트 2개,"감마, 룩업 테이블(순람표) 및 선명도",4MB 비휘발성 메모리,연속 / 단일 프레임 / 다중 프레임,,71,2.23,,,9701,"8비트, 10비트, 12비트",-30°C~60°C,"파워 오버 이더넷(PoE, Power over Ethernet), 또는 GPIO를 통해 12 V 공청 (9.5 - 24V)",20에서 80%(응결 없음),0°C ~ 65°C(카메라 전면에서 측정),30~95%(응결 없음),,132g,RJ45(수평 잠금) | Hirose HR10A-7R-6PB,29mm × 44mm × 74mm,IEEE802.3af-2003 PoE 인터페이스 카드 / 인젝터 / 스위치 또는 외부 카메라 전원 공급 장치,5기가비트 이더넷 포트,"렌즈, 케이블, 호스트 어댑터(GigE)","CE, FCC, KCC, RoHS. 본 제품의 ECCN은 다음과 같습니다. EAR099.",GigE Vision v2.0,,,,,,,,,,,,,,,,,,,,,,,,,,,,,,,,,,,,,,,,,,,,,,,,,,,,,,,,,,,,,,,,,,,,,,,,글로벌 셔터,없음,"수동, 자동(AGC)",10µs~30초,,500 MB,0dB~48dB,,,,,"1 양방향, 1 입력",3년,69 @525nm,38,"1.1""",,,4,"1 input, 1 output","3.3 V, 120 mA maximum",글로벌 셔터,,,,,,,,,,,,,,,1(비격리 I/O의 경우),,,,,,,,,,,,,,,52.5,,,,,,,,,,,,,,,,,,,,,,,,,,,16.1,5320 x 3032,,38,글로벌 셔터,,단색,,C-마운트,기가비트 이더넷 5Gbps / 2.5Gbps / 1Gbps,29mm × 44mm × 74mm,132g,CMOS
Teledyne Dalsa,"Forge 5GigE: 24.5 MP, 컬러, C-마운트 FG-P5G-244S8C-C",Area Scan,Forge 5GigE,FG-P5G-244S8C-C,5320 x 4600,24.5,,Sony IMX540,2.74,CMOS,색상,C-마운트,"소프트웨어 트리거, 하드웨어 트리거, 동작 명령, PTP",기가비트 이더넷 5Gbps / 2.5Gbps / 1Gbps,,"픽셀 비닝, 데시메이션, ROI",사용자 카메라 설정을 위한 사용자 구성 세트 2개,"감마, 룩업 테이블(순람표) 및 선명도",4MB 비휘발성 메모리,연속 단일 프레임 다중 프레임,,71,2.29,,,9769,"8비트, 10비트, 12비트",-30°C~60°C,"파워 오버 이더넷(PoE, Power over Ethernet), 또는 GPIO를 통해 12 V 공청 (9.5 - 24 V)",20에서 80%(응결 없음),0°C ~ 65°C(카메라 전면에서 측정),30~95%(응결 없음),8.5W 최대 PoE / 6.6W 최대 GPIO,132g,RJ45(수평 잠금) | Hirose HR10A-7R-6PB,29mm × 44mm × 74mm,IEEE802.3af-2003 PoE 인터페이스 카드 / 인젝터 / 스위치 또는 외부 카메라 전원 공급 장치,5기가비트 이더넷 포트,"렌즈, 케이블, 호스트 어댑터(GigE)","CE, FCC, KCC, RoHS. 본 제품의 ECCN은 다음과 같습니다. EAR099.",GigE Vision v2.0,,,,,,,,,,,,,,,,,,,,,,,,,,,,,,,,,,,,,,,,,,,,,,,,,,,,,,,,,,,,,,,,,,,,,,,,글로벌 셔터,IR 차단(670nm),"수동, 자동(AGC)",10.0µs~30.0S,,500 MB,0dB~48dB,,53 @525nm,34 @630nm,46 @470nm,"1 양방향, 1 입력",3년,,25,"1.2""","수동, 자동(AWB)",,5.46,"1 input, 1 output","3.3 V, 120 mA maximum",글로벌 셔터,,,,,,,,,,,,2GB RAM 이상,,,1(비격리 I/O의 경우),Windows 또는 Linux(32–비트 또는 64–비트),200MB 하드 드라이브 저장 공간,3.1GHz 또는 동급 CPU,,,,,,,,,,,,35.0,,,,,,,,,,,,,,,,,,,,,,,,,,,24.5,5320 x 4600,,25,글로벌 셔터,,색상,,C-마운트,기가비트 이더넷 5Gbps / 2.5Gbps / 1Gbps,29mm × 44mm × 74mm,132g,CMOS
Teledyne Dalsa,"Forge 5GigE: 24.5 MP, 단색, C-마운트 FG-P5G-244S8M-C",Area Scan,Forge 5GigE,FG-P5G-244S8M-C,5320 x 4600,24.5,,Sony IMX540,2.74,CMOS,단색,C-마운트,"소프트웨어 트리거, 하드웨어 트리거, 동작 명령, PTP",기가비트 이더넷 5Gbps / 2.5Gbps / 1Gbps,,"픽셀 비닝, 데시메이션, ROI",사용자 카메라 설정을 위한 사용자 구성 세트 2개,"감마, 룩업 테이블(순람표) 및 선명도",4MB 비휘발성 메모리,연속 단일 프레임 다중 프레임,,71,2.29,,,9972,"8비트, 10비트, 12비트",-30°C~60°C,"파워 오버 이더넷(PoE, Power over Ethernet), 또는 GPIO를 통해 12 V 공청 (9.5 - 24 V)",20에서 80%(응결 없음),0°C ~ 65°C(카메라 전면에서 측정),30~95%(응결 없음),8.5W 최대 PoE / 6.6W 최대 GPIO,132g,RJ45(수평 잠금) | Hirose HR10A-7R-6PB,29mm × 44mm × 74mm,IEEE802.3af-2003 PoE 인터페이스 카드 / 인젝터 / 스위치 또는 외부 카메라 전원 공급 장치,5기가비트 이더넷 포트,"렌즈, 케이블, 호스트 어댑터(GigE)","CE, FCC, KCC, RoHS. 본 제품의 ECCN은 다음과 같습니다. EAR099.",GigE Vision v2.0,,,,,,,,,,,,,,,,,,,,,,,,,,,,,,,,,,,,,,,,,,,,,,,,,,,,,,,,,,,,,,,,,,,,,,,,글로벌 셔터,없음,"수동, 자동(AGC)",10.0µs~30.0S,,500 MB,0dB~48dB,,,,,"1 양방향, 1 입력",3년,68 @525nm,25,"1.2""",,68 @525nm,4.28,"1 input, 1 output","3.3 V, 120 mA maximum",글로벌 셔터,,,,,,,,,,,,2GB RAM 이상,,,1(비격리 I/O의 경우),Windows 또는 Linux(32–비트 또는 64–비트),200MB 하드 드라이브 저장 공간,3.1GHz 또는 동급 CPU,,,,,,,,,,,,35.0,,,,,,,,,,,,,,,,,,,,,,,,,,,24.5,5320 x 4600,,25,글로벌 셔터,,단색,,C-마운트,기가비트 이더넷 5Gbps / 2.5Gbps / 1Gbps,29mm × 44mm × 74mm,132g,CMOS
Teledyne Dalsa,FG-PGE-50S5C-C-IP FG-PGE-50S5C-C-IP,Area Scan,Forge 1GigE IP67,FG-PGE-50S5C-C-IP,2448 x 2048,5,,Sony IMX264,3.45,CMOS,색상,C-마운트,"소프트웨어 트리거, 하드웨어 트리거, 동작 명령, PTP",기가비트 이더넷 1Gbps,IP67,"픽셀 비닝, 데시메이션, ROI",사용자 카메라 설정을 위한 사용자 구성 세트 2개,"색상 보정 매트릭스, 감마, 룩업 테이블(순람표), 채도 및 선명도",6MB 비휘발성 메모리,연속 / 단일 프레임 / 다중 프레임,,72.03,2.24,,,11523,12비트,-30°C~60°C,PoE(Power over Ethernet) 또는 GPIO를 통해 12 - 24V,20에서 80%(응결 없음),0°~50°C,20에서 95%(응결 없음),3.3W 최대 PoE / 2.3W 최대 GPIO,132g,"이더넷용 M12 X 코드 8핀 | M8, 8위치, A 코드 소켓이 있는 IEC 메트릭 나사 크기 커넥터",IP67 케이싱 45mm x 45mm x 50mm,IEEE802.3af-2003 PoE 인터페이스 카드 / 인젝터 / 스위치 또는 외부 카메라 전원 공급 장치,기가비트 이더넷 포트,"렌즈, IP 등급 렌즈 커버, IP 등급 케이블, 호스트 어댑터(GigE)","CE, FCC, RoHS. 본 제품의 ECCN은 다음과 같습니다. EAR099.",GigE Vision v1.2,,,,,,,,,,,,,,,,,,,,,,,,,,,,,,,,,,,,,,,,,,,,,,,,,,,,,,,,,,,,,,,,,,,,,,,,글로벌 셔터,IR 차단(670nm),"수동, 자동(AGC)",27µs~30초,,240 MB,0dB~47dB,,60 @525nm,46 @630nm,49 @470nm,"1 양방향, 1 입력",3년,,24,"2/3""","수동, 자동(AWB)",,4.79,"1 input, 1 output","3.3 V, 120 mA maximum",글로벌 셔터,,,,,,,,,,,,,,33.0,지원됨(IP 등급 I/O 커넥터),,,,,,,,,,,,,,,,,,,,,,,,,,,,,,,,,,,,,,,,,,5,2448 x 2048,,24,글로벌 셔터,,색상,,C-마운트,기가비트 이더넷 1Gbps,IP67 케이싱 45mm x 45mm x 50mm,132g,CMOS
Teledyne Dalsa,FG-PGE-50S5M-C-IP FG-PGE-50S5M-C-IP,Area Scan,Forge 1GigE IP67,FG-PGE-50S5M-C-IP,2448 x 2048,5,,Sony IMX264,3.45,CMOS,단색,C-마운트,"소프트웨어 트리거, 하드웨어 트리거, 동작 명령, PTP",기가비트 이더넷 1Gbps,IP67,"픽셀 비닝, 데시메이션, ROI",사용자 카메라 설정을 위한 사용자 구성 세트 2개,"감마, 룩업 테이블(순람표) 및 선명도",6MB 비휘발성 메모리,Continuous  / Single Frame / Multi Frame,,71.72,2.21,,,10996,12비트,-30°C~60°C,"Power over Ethernet (PoE), or 12 - 24 V via GPIO",20에서 80%(응결 없음),0° to 50°C,20에서 95%(응결 없음),3.3 W maximum PoE / 2.3 W maximum GPIO,132 g,"이더넷용 M12 X 코드 8핀 | M8, 8위치, A 코드 소켓이 있는 IEC 메트릭 나사 크기 커넥터",IP67 casing 45 mm x 45 mm x 50 mm,IEEE802.3af-2003 PoE 인터페이스 카드 / 인젝터 / 스위치 또는 외부 카메라 전원 공급 장치,기가비트 이더넷 포트,"렌즈, IP 등급 렌즈 커버, 케이블, 호스트 어댑터(GigE)","CE, FCC, RoHS. 본 제품의 ECCN은 다음과 같습니다. EAR099.",GigE Vision v1.2,,,,,,,,,,,,,,,,,,,,,,,,,,,,,,,,,,,,,,,,,,,,,,,,,,,,,,,,,,,,,,,,,,,,,,,,글로벌 셔터,없음,"수동, 자동(AGC)",27µs~30초,,240 MB,0dB~47dB,,,,,"1 양방향, 1 입력",3년,65 @525nm,24,"2/3""",,,4.36,"1 input, 1 output","3.3 V, 120 mA maximum",글로벌 셔터,,,,,,,,,,,,,,33.0,Supported (on an IP-rated I/O connector),,,,,,,,,,,,,,,,,,,,,,,,,,,,,,,,,,,,,,,,,,5,2448 x 2048,,24,글로벌 셔터,,단색,,C-마운트,기가비트 이더넷 1Gbps,IP67 casing 45 mm x 45 mm x 50 mm,132 g,CMOS
Teledyne Dalsa,"BFS 보드 레벨 GigE: 1.6 MP, 컬러 BFS-GE-16S2C-BD2",Area Scan,Blackfly S 보드 레벨,BFS-GE-16S2C-BD2,1440 × 1080,1.6,,Sony IMX273,3.45 µm,CMOS,색상,렌즈 마운트 개별 판매,"소프트웨어 트리거, 하드웨어 트리거, 동작 명령, PTP",기가비트 이더넷 1Gbps,,"픽셀 비닝, 데시메이션, ROI",맞춤형 카메라 설정을 위한 2가지 사용자 설정 세트,"색상 보정 매트릭스, 감마, 룩업 테이블(순람표), 채도 및 선명도",6 MB 비휘발성 메모리,연속 / 단일 프레임 / 다중 프레임,,71.63,2.39,,,11017,"10비트, 12비트",-30°에서 60°C,5 V via FPC connector,20에서 80% (응결 없음),0°~50°C(주변 온도),30 - 95% (응결 없음),3 W (2.8 W 공청),10g,GigE TF38 | JST BM06B-NSHSS-TBT,29 mm × 29 mm × 10 mm,,기가비트 이더넷 포트,"렌즈 마운트 및 렌즈, 케이블, 호스트 어댑터(GigE), TF38 - FPC RJ45 PoE 패널 마운트 어댑터(ACC-02-7002), 히트싱크(권장)","CE, FCC, RoHS. 본 제품의 ECCN은 다음과 같습니다: EAR099.",GigE Vision v1.2,,,,,,,,,,,,,,,,,,,,,,,,,,,,,,,,,,,,,,,,,,,,,,,,,,,,,,,,,,,,,,,,,,,,,,,,글로벌 셔터,,"수동, 자동(AGC)",21 µs 에서 30초,,240 MB,0 dB에서 47 dB,,58.07 @530nm,44.96 @625nm,47.91 @460nm,3 양방향,3년,,78,"1/2.9""","수동, 자동(AWB)",,4.98,,"3.3 V, 120 mA maximum",글로벌 셔터,,,,,,,,,,,,2 GB RAM or more,,,Supported,Windows or Linux (32–bit or 64–bit),200 MB 하드 드라이브 저장 공간,3.1 GHz 또는 동일 CPU,,,,,,,,,,,,,,,,,,,,,,,,,,,,,,,,,,,,,,,1.6,1440 × 1080,,78,글로벌 셔터,,색상,,렌즈 마운트 개별 판매,기가비트 이더넷 1Gbps,29 mm × 29 mm × 10 mm,10g,CMOS
Teledyne Dalsa,"BFS 보드 레벨 GigE: 1.6 MP, 단색 BFS-GE-16S2M-BD2",Area Scan,Blackfly S 보드 레벨,BFS-GE-16S2M-BD2,1440 × 1080,1.6,,Sony IMX273,3.45 µm,CMOS,단색,렌즈 마운트 개별 판매,"소프트웨어 트리거, 하드웨어 트리거, 동작 명령, PTP",기가비트 이더넷 1Gbps,,"픽셀 비닝, 데시메이션, ROI",맞춤형 카메라 설정을 위한 2가지 사용자 설정 세트,"감마, 룩업 테이블(순람표) 및 선명도",6 MB 비휘발성 메모리,연속 / 단일 프레임 / 다중 프레임,,71.60,2.44,,,11170,"10비트, 12비트",-30°에서 60°C,5 V via FPC connector,20에서 80% (응결 없음),0°~50°C(주변 온도),30 - 95% (응결 없음),3 W (2.8 W 공청),10g,GigE TF38 | JST BM06B-NSHSS-TBT,29 mm × 29 mm × 10 mm,,기가비트 이더넷 포트,"렌즈 마운트 및 렌즈, 케이블, 호스트 어댑터(GigE), TF38 - FPC RJ45 PoE 패널 마운트 어댑터(ACC-02-7002), 히트싱크(권장)","CE, FCC, RoHS. 본 제품의 ECCN은 다음과 같습니다: EAR099.",GigE Vision v1.2,,,,,,,,,,,,,,,,,,,,,,,,,,,,,,,,,,,,,,,,,,,,,,,,,,,,,,,,,,,,,,,,,,,,,,,,글로벌 셔터,,"수동, 자동(AGC)",21 µs 에서 30초,,240 MB,0 dB에서 47 dB,,,,,3 양방향,3년,64.7 @530nm,78,"1/2.9""",,64.7 (530nm),4.54,,"3.3 V, 120 mA maximum",글로벌 셔터,,,,,,,,,,,,2 GB RAM or more,,,Supported,Windows or Linux (32–bit or 64–bit),200 MB 하드 드라이브 저장 공간,3.1 GHz 또는 동일 CPU,,,,,,,,,,,,,,,,,,,,,,,,,,,,,,,,,,,,,,,1.6,1440 × 1080,,78,글로벌 셔터,,단색,,렌즈 마운트 개별 판매,기가비트 이더넷 1Gbps,29 mm × 29 mm × 10 mm,10g,CMOS
Teledyne Dalsa,"BFS 보드 레벨 GigE: 5MP, 컬러 BFS-GE-50S5C-BD2",Area Scan,Blackfly S 보드 레벨,BFS-GE-50S5C-BD2,2448 × 2048,5,,Sony IMX264,3.45 µm,CMOS,색상,렌즈 마운트 개별 판매,"소프트웨어 트리거, 하드웨어 트리거, 동작 명령, PTP",기가비트 이더넷 1Gbps,,"픽셀 비닝, 데시메이션, ROI",맞춤형 카메라 설정을 위한 2가지 사용자 설정 세트,"색상 보정 매트릭스, 감마, 룩업 테이블(순람표), 채도 및 선명도",6 MB 비휘발성 메모리,연속 / 단일 프레임 / 다중 프레임,,72.02,2.37,,,11440,12비트,-30°에서 60°C,5 V via FPC connector,20에서 80% (응결 없음),0°~50°C(주변 온도),30 - 95% (응결 없음),3 W (2.8 W 공청),10g,GigE TF38 | JST BM06B-NSHSS-TBT,29 mm × 29 mm × 10 mm,,기가비트 이더넷 포트,"렌즈 마운트 및 렌즈, 케이블, 호스트 어댑터(GigE), TF38 - FPC RJ45 PoE 패널 마운트 어댑터(ACC-02-7002), 히트싱크(권장)","CE, FCC, RoHS. 본 제품의 ECCN은 다음과 같습니다: EAR099.",GigE Vision v1.2,,,,,,,,,,,,,,,,,,,,,,,,,,,,,,,,,,,,,,,,,,,,,,,,,,,,,,,,,,,,,,,,,,,,,,,,글로벌 셔터,,"수동, 자동(AGC)",27 µs 에서 30초,,240 MB,0 dB에서 47 dB,,60.65 @530nm,46.50 @625nm,49.87 @460nm,3 양방향,3년,,24,"2/3""","수동, 자동(AWB)",,4.72,,"3.3 V, 120 mA maximum",글로벌 셔터,,,,,,,,,,,,2 GB RAM or more,,,Supported,Windows or Linux (32–bit or 64–bit),200 MB 하드 드라이브 저장 공간,3.1 GHz 또는 동일 CPU,,,,,,,,,,,,,,,,,,,,,,,,,,,,,,,,,,,,,,,5,2448 × 2048,,24,글로벌 셔터,,색상,,렌즈 마운트 개별 판매,기가비트 이더넷 1Gbps,29 mm × 29 mm × 10 mm,10g,CMOS
Teledyne Dalsa,"BFS 보드 레벨 GigE: 5 MP, 단색 BFS-GE-50S5M-BD2",Area Scan,Blackfly S 보드 레벨,BFS-GE-50S5M-BD2,2448 × 2048,5,,Sony IMX264,3.45 µm,CMOS,단색,렌즈 마운트 개별 판매,"소프트웨어 트리거, 하드웨어 트리거, 동작 명령, PTP",기가비트 이더넷 1Gbps,,"픽셀 비닝, 데시메이션, ROI",맞춤형 카메라 설정을 위한 2가지 사용자 설정 세트,"감마, 룩업 테이블(순람표) 및 선명도",6 MB 비휘발성 메모리,연속 / 단일 프레임 / 다중 프레임,,71.87,2.27,,,10849,12비트,-30°에서 60°C,5 V via FPC connector,20에서 80% (응결 없음),0°~50°C(주변 온도),30 - 95% (응결 없음),3 W (2.8 W 공청),10g,GigE TF38 | JST BM06B-NSHSS-TBT,29 mm × 29 mm × 10 mm,,기가비트 이더넷 포트,"렌즈 마운트 및 렌즈, 케이블, 호스트 어댑터(GigE), TF38 - FPC RJ45 PoE 패널 마운트 어댑터(ACC-02-7002), 히트싱크(권장)","CE, FCC, RoHS. 본 제품의 ECCN은 다음과 같습니다: EAR099.",GigE Vision v1.2,,,,,,,,,,,,,,,,,,,,,,,,,,,,,,,,,,,,,,,,,,,,,,,,,,,,,,,,,,,,,,,,,,,,,,,,글로벌 셔터,,"수동, 자동(AGC)",27 µs 에서 30초,,240 MB,0 dB에서 47 dB,,,,,3 양방향,3년,,24,"2/3""",,,4.22,,"3.3 V, 120 mA maximum",글로벌 셔터,,,,,,,,,,,,2 GB RAM or more,,,Supported,Windows or Linux (32–bit or 64–bit),200 MB 하드 드라이브 저장 공간,3.1 GHz 또는 동일 CPU,,,,,,,,,,,,,,,,,,,,,,,,,,,,,,,,,,,,,,,5,2448 × 2048,,24,글로벌 셔터,,단색,,렌즈 마운트 개별 판매,기가비트 이더넷 1Gbps,29 mm × 29 mm × 10 mm,10g,CMOS
Teledyne Dalsa,"BFS 보드 레벨 GigE: 8.9 MP, 컬러 BFS-GE-88S6C-BD2",Area Scan,Blackfly S 보드 레벨,BFS-GE-88S6C-BD2,4096 × 2160,8.9,,Sony IMX267,3.45 µm,CMOS,색상,렌즈 마운트 개별 판매,"소프트웨어 트리거, 하드웨어 트리거, 동작 명령, PTP",기가비트 이더넷 1Gbps,,"픽셀 비닝, 데시메이션, ROI",맞춤형 카메라 설정을 위한 2가지 사용자 설정 세트,"색상 보정 매트릭스, 감마, 룩업 테이블(순람표), 채도 및 선명도",6 MB 비휘발성 메모리,연속 / 단일 프레임 / 다중 프레임,,71.54,2.38,,,10873,12비트,-30°에서 60°C,5 V via FPC connector,20에서 80% (응결 없음),0°~50°C(주변 온도),30 - 95% (응결 없음),3 W (2.8 W 공청),10g,GigE TF38 | JST BM06B-NSHSS-TBT,29 mm × 29 mm × 10 mm,,기가비트 이더넷 포트,"렌즈 마운트 및 렌즈, 케이블, 호스트 어댑터(GigE), TF38 - FPC RJ45 PoE 패널 마운트 어댑터(ACC-02-7002), 히트싱크(권장)","CE, FCC, RoHS. 본 제품의 ECCN은 다음과 같습니다: EAR099.",GigE Vision v1.2,,,,,,,,,,,,,,,,,,,,,,,,,,,,,,,,,,,,,,,,,,,,,,,,,,,,,,,,,,,,,,,,,,,,,,,,글로벌 셔터,,"수동, 자동(AGC)",36 µs 에서 30초,,240 MB,0 dB에서 47 dB,,59.24 @525nm,46.11 @630nm,48.51 @470nm,3 양방향,3년,,13,"1""","수동, 자동(AWB)",,4.83,,"3.3 V, 120 mA maximum",글로벌 셔터,,,,,,,,,,,,2 GB RAM or more,,,Supported,Windows or Linux (32–bit or 64–bit),200 MB 하드 드라이브 저장 공간,3.1 GHz 또는 동일 CPU,,,,,,,,,,,,,,,,,,,,,,,,,,,,,,,,,,,,,,,8.9,4096 × 2160,,13,글로벌 셔터,,색상,,렌즈 마운트 개별 판매,기가비트 이더넷 1Gbps,29 mm × 29 mm × 10 mm,10g,CMOS
Teledyne Dalsa,"BFS 보드 레벨 GigE: 8.9 MP, 단색 BFS-GE-88S6M-BD2",Area Scan,Blackfly S 보드 레벨,BFS-GE-88S6M-BD2,4096 × 2160,8.9,,Sony IMX267,3.45 µm,CMOS,단색,렌즈 마운트 개별 판매,"소프트웨어 트리거, 하드웨어 트리거, 동작 명령, PTP",기가비트 이더넷 1Gbps,,"픽셀 비닝, 데시메이션, ROI",맞춤형 카메라 설정을 위한 2가지 사용자 설정 세트,"감마, 룩업 테이블(순람표) 및 선명도",6 MB 비휘발성 메모리,연속 / 단일 프레임 / 다중 프레임,,71.78,2.30,,,10855,12비트,-30°에서 60°C,5 V via FPC connector,20에서 80% (응결 없음),0°~50°C(주변 온도),30 - 95% (응결 없음),3 W (2.8 W 공청),10g,GigE TF38 | JST BM06B-NSHSS-TBT,29 mm × 29 mm × 10 mm,,기가비트 이더넷 포트,"렌즈 마운트 및 렌즈, 케이블, 호스트 어댑터(GigE), TF38 - FPC RJ45 PoE 패널 마운트 어댑터(ACC-02-7002), 히트싱크(권장)","CE, FCC, RoHS. 본 제품의 ECCN은 다음과 같습니다: EAR099.",GigE Vision v1.2,,,,,,,,,,,,,,,,,,,,,,,,,,,,,,,,,,,,,,,,,,,,,,,,,,,,,,,,,,,,,,,,,,,,,,,,글로벌 셔터,,"수동, 자동(AGC)",36 µs 에서 30초,,240 MB,0 dB에서 47 dB,,,,,3 양방향,3년,66 @525nm,13,"1""",,65.70,4.26,,"3.3 V, 120 mA maximum",글로벌 셔터,,,,,,,,,,,,2 GB RAM or more,,,Supported,Windows or Linux (32–bit or 64–bit),200 MB 하드 드라이브 저장 공간,3.1 GHz 또는 동일 CPU,,,,,,,,,,,,,,,,,,,,,,,,,,,,,,,,,,,,,,,8.9,4096 × 2160,,13,글로벌 셔터,,단색,,렌즈 마운트 개별 판매,기가비트 이더넷 1Gbps,29 mm × 29 mm × 10 mm,10g,CMOS
Teledyne Dalsa,"BFS 보드 레벨 GigE: 12.3 MP, 컬러 BFS-GE-122S6C-BD2",Area Scan,Blackfly S 보드 레벨,BFS-GE-122S6C-BD2,4096 × 3000,12.3,,Sony IMX304,3.45 µm,CMOS,색상,렌즈 마운트 개별 판매,"소프트웨어 트리거, 하드웨어 트리거, 동작 명령, PTP",기가비트 이더넷 1Gbps,,"픽셀 비닝, 데시메이션, ROI",맞춤형 카메라 설정을 위한 2가지 사용자 설정 세트,"색상 보정 매트릭스, 감마, 룩업 테이블(순람표), 채도 및 선명도",6 MB 비휘발성 메모리,연속 / 단일 프레임 / 다중 프레임,,71.55,2.33,,,10702,12비트,-30°에서 60°C,5 V via FPC connector,20에서 80% (응결 없음),0°~50°C(주변 온도),30 - 95% (응결 없음),3 W (2.8 W 공청),10g,GigE TF38 | JST BM06B-NSHSS-TBT,29 mm × 29 mm × 10 mm,,기가비트 이더넷 포트,"렌즈 마운트 및 렌즈, 케이블, 호스트 어댑터(GigE), TF38 - FPC RJ45 PoE 패널 마운트 어댑터(ACC-02-7002), 히트싱크(권장)","CE, FCC, RoHS. 본 제품의 ECCN은 다음과 같습니다: EAR099.",GigE Vision v1.2,,,,,,,,,,,,,,,,,,,,,,,,,,,,,,,,,,,,,,,,,,,,,,,,,,,,,,,,,,,,,,,,,,,,,,,,글로벌 셔터,,"수동, 자동(AGC)",36 µs 에서 30초,,240 MB,0 dB에서 47 dB,,58.65 @525nm,45.62 @630nm,48.58 @470nm,3 양방향,3년,,10,"1.1""","수동, 자동(AWB)",,4.82,,"3.3 V, 120 mA maximum",글로벌 셔터,,,,,,,,,,,,2 GB RAM or more,,,Supported,Windows or Linux (32–bit or 64–bit),200 MB 하드 드라이브 저장 공간,3.1 GHz 또는 동일 CPU,,,,,,,,,,,,,,,,,,,,,,,,,,,,,,,,,,,,,,,12.3,4096 × 3000,,10,글로벌 셔터,,색상,,렌즈 마운트 개별 판매,기가비트 이더넷 1Gbps,29 mm × 29 mm × 10 mm,10g,CMOS
Teledyne Dalsa,"BFS 보드 레벨 GigE: 12.3 MP, 단색 BFS-GE-122S6M-BD2",Area Scan,Blackfly S 보드 레벨,BFS-GE-122S6M-BD2,4096 × 3000,12.3,,Sony IMX304,3.45 µm,CMOS,단색,렌즈 마운트 개별 판매,"소프트웨어 트리거, 하드웨어 트리거, 동작 명령, PTP",기가비트 이더넷 1Gbps,,"픽셀 비닝, 데시메이션, ROI",맞춤형 카메라 설정을 위한 2가지 사용자 설정 세트,"감마, 룩업 테이블(순람표) 및 선명도",6 MB 비휘발성 메모리,연속 / 단일 프레임 / 다중 프레임,,71.61,2.33,,,10764,12비트,-30°에서 60°C,5 V via FPC connector,20에서 80% (응결 없음),0°~50°C(주변 온도),30 - 95% (응결 없음),3 W (2.8 W 공청),10g,GigE TF38 | JST BM06B-NSHSS-TBT,29 mm × 29 mm × 10 mm,,기가비트 이더넷 포트,"렌즈 마운트 및 렌즈, 케이블, 호스트 어댑터(GigE), TF38 - FPC RJ45 PoE 패널 마운트 어댑터(ACC-02-7002), 히트싱크(권장)","CE, FCC, RoHS. 본 제품의 ECCN은 다음과 같습니다: EAR099.",GigE Vision v1.2,,,,,,,,,,,,,,,,,,,,,,,,,,,,,,,,,,,,,,,,,,,,,,,,,,,,,,,,,,,,,,,,,,,,,,,,글로벌 셔터,,"수동, 자동(AGC)",36 µs 에서 30초,,240 MB,0 dB에서 47 dB,,,,,3 양방향,3년,65 @525nm,10,"1.1""",,65.14,4.34,,"3.3 V, 120 mA maximum",글로벌 셔터,,,,,,,,,,,,2 GB RAM or more,,,Supported,Windows or Linux (32–bit or 64–bit),200 MB 하드 드라이브 저장 공간,3.1 GHz 또는 동일 CPU,,,,,,,,,,,,,,,,,,,,,,,,,,,,,,,,,,,,,,,12.3,4096 × 3000,,10,글로벌 셔터,,단색,,렌즈 마운트 개별 판매,기가비트 이더넷 1Gbps,29 mm × 29 mm × 10 mm,10g,CMOS
Teledyne Dalsa,"BFS 보드 레벨 USB3: 1.6 MP, 컬러 BFS-U3-16S2C-BD2",Area Scan,Blackfly S 보드 레벨,BFS-U3-16S2C-BD2,1440 × 1080,1.6,,Sony IMX273,3.45 µm,CMOS,색상,렌즈 마운트 개별 판매,"소프트웨어 트리거, 하드웨어 트리거, 동작 명령",USB 3.1 Gen 1,,"픽셀 비닝, 데시메이션, ROI",맞춤형 카메라 설정을 위한 2가지 사용자 설정 세트,"색상 보정 매트릭스, 감마, 룩업 테이블(순람표), 채도 및 선명도",6 MB 비휘발성 메모리,연속 / 단일 프레임 / 다중 프레임,,71.73,2.36,,,11046,"8비트, 10비트, 12비트",-30°에서 60°C,USB3 인터페이스를 통한 5 V,20에서 80% (응결 없음),0°~50°C(주변 온도),30 - 95% (응결 없음),3 W,10g,USB3 TF38 | JST BM06B-NSHSS-TBT,29 mm × 29 mm × 10 mm,,USB3 포트,"Lens mount and lens, cable, host adapter (USB 3.1 Gen 1), TF38 to FPC USB3 panel mount adapter, heatsink (recommended)","CE, FCC, RoHS. 본 제품의 ECCN은 다음과 같습니다: EAR099.",USB3 Vision v1.0,,,,,,,,,,,,,,,,,,,,,,,,,,,,,,,,,,,,,,,,,,,,,,,,,,,,,,,,,,,,,,,,,,,,,,,,글로벌 셔터,,"수동, 자동(AGC)",21 µs to 30 seconds,,240 MB,0 dB에서 47 dB,,60.28 @525nm,46.26 @630nm,49.91 @470nm,4 양방향,3년,,226,"1/2.9""","수동, 자동(AWB)",,4.77,,"3.3 V, 120 mA maximum",글로벌 셔터,,,,,,,,,,,,2 GB RAM or more,,,Supported,Windows or Linux (32–bit or 64–bit),200 MB 하드 드라이브 저장 공간,3.1 GHz 또는 동일 CPU,,,,,,,,,,,,,,,,,,,,,,,,,,,,,,,,,,,,,,,1.6,1440 × 1080,,226,글로벌 셔터,,색상,,렌즈 마운트 개별 판매,USB 3.1 Gen 1,29 mm × 29 mm × 10 mm,10g,CMOS
Teledyne Dalsa,"BFS 보드 레벨 USB3: 1.6 MP, 단색 BFS-U3-16S2M-BD2",Area Scan,Blackfly S 보드 레벨,BFS-U3-16S2M-BD2,1440 × 1080,1.6,,Sony IMX273,3.45 µm,CMOS,단색,렌즈 마운트 개별 판매,"소프트웨어 트리거, 하드웨어 트리거, 동작 명령",USB 3.1 Gen 1,,"픽셀 비닝, 데시메이션, ROI",맞춤형 카메라 설정을 위한 2가지 사용자 설정 세트,"색상 보정 매트릭스, 감마, 룩업 테이블(순람표), 채도 및 선명도",6 MB 비휘발성 메모리,연속 / 단일 프레임 / 다중 프레임,,71.52,2.50,,,11291,"8비트, 10비트, 12비트",-30°에서 60°C,USB3 인터페이스를 통한 5 V,20에서 80% (응결 없음),0°~50°C(주변 온도),30 - 95% (응결 없음),3 W,10g,USB3 TF38 | JST BM06B-NSHSS-TBT,29 mm × 29 mm × 10 mm,,USB3 포트,"Lens mount and lens, cable, host adapter (USB 3.1 Gen 1), TF38 to FPC USB3 panel mount adapter, heatsink (recommended)","CE, FCC, RoHS. 본 제품의 ECCN은 다음과 같습니다: EAR099.",USB3 Vision v1.0,,,,,,,,,,,,,,,,,,,,,,,,,,,,,,,,,,,,,,,,,,,,,,,,,,,,,,,,,,,,,,,,,,,,,,,,글로벌 셔터,,"수동, 자동(AGC)",21 µs to 30 seconds,,240 MB,0 dB에서 47 dB,,,,,4 양방향,3년,67.55 @525nm,226,"1/2.9""",,67.55 (525 nm),4.44,,"3.3 V, 120 mA maximum",글로벌 셔터,,,,,,,,,,,,2 GB RAM or more,,,Supported,Windows or Linux (32–bit or 64–bit),200 MB 하드 드라이브 저장 공간,3.1 GHz 또는 동일 CPU,,,,,,,,,,,,,,,,,,,,,,,,,,,,,,,,,,,,,,,1.6,1440 × 1080,,226,글로벌 셔터,,단색,,렌즈 마운트 개별 판매,USB 3.1 Gen 1,29 mm × 29 mm × 10 mm,10g,CMOS
Teledyne Dalsa,"BFS 보드 레벨 USB3: 2.8 MP, 컬러 BFS-U3-28S5C-BD2",Area Scan,Blackfly S 보드 레벨,BFS-U3-28S5C-BD2,1936 × 1464,2.8,,Sony IMX421,4.5,CMOS,색상,렌즈 마운트 개별 판매,"소프트웨어 트리거, 하드웨어 트리거, 동작 명령",USB 3.1 Gen 1,,"픽셀 비닝, 데시메이션, ROI",사용자 카메라 설정을 위한 사용자 구성 세트 2개,"색상 보정 매트릭스, 감마, 룩업 테이블(순람표), 채도 및 선명도",6MB 비휘발성 메모리,연속 / 단일 프레임 / 다중 프레임,,70.83 (HCG) / 71.83 (LCG),2.69(HCG) / 5.84(LCG),,,11095 (HCG) / 24751 (LCG),"10비트, 12비트",-30°~60°C,USB3 인터페이스를 통한 5V,20에서 80%(응결 없음),0°~50°C(주변 온도),30~95%(응결 없음),3W,10g,USB3 TF38 | JST BM06B-NSHSS-TBT,29mm × 29mm × 10mm,,USB3 포트,"렌즈 마운트 및 렌즈, 케이블, 호스트 어댑터(USB 3.1 Gen 1), FPC USB3 패널 마운트 어댑터, 히트싱크(권장)","CE, FCC, RoHS. 본 제품의 ECCN은 다음과 같습니다. EAR099.",USB3 Vision v1.0,,,,,,,,,,,,,,,,,,,,,,,,,,,,,,,,,,,,,,,,,,,,,,,,,,,,,,,,,,,,,,,,,,,,,,,,글로벌 셔터,,"수동, 자동(AGC)",10µ초~30초,,240 MB,0dB~47dB,,63(HCG) / 64(LCG) @525nm,50(HCG) / 51(LCG) @630nm,53(HCG) / 54(LCG) @470nm,4 양방향,3년,,130,"2/3""","수동, 자동(AWB)",,5.02 (HCG) / 9.86 (LCG),,"3.3 V, 120 mA maximum",글로벌 셔터,,,,,,,,,,,,2GB RAM 이상,,,Supported,Windows 또는 Linux(32–비트 또는 64–비트),200MB 하드 드라이브 저장 공간,3.1GHz 또는 동급 CPU,,,,,,,,,,,,,,,,,,,,,,,,,,,,,,,,,,,,,,,2.8,1936 × 1464,,130,글로벌 셔터,,색상,,렌즈 마운트 개별 판매,USB 3.1 Gen 1,29mm × 29mm × 10mm,10g,CMOS
Teledyne Dalsa,"BFS 보드 레벨 USB3: 2.8 MP, 단색 BFS-U3-28S5M-BD2",Area Scan,Blackfly S 보드 레벨,BFS-U3-28S5M-BD2,1936 × 1464,2.8,,Sony IMX421,4.5,CMOS,단색,렌즈 마운트 개별 판매,"소프트웨어 트리거, 하드웨어 트리거, 동작 명령",USB 3.1 Gen 1,,"픽셀 비닝, 데시메이션, ROI",사용자 카메라 설정을 위한 사용자 구성 세트 2개,"감마, 룩업 테이블(순람표) 및 선명도",6MB 비휘발성 메모리,연속 / 단일 프레임 / 다중 프레임,,70.82 (HCG) / 71.79 (LCG),2.59(HCG) / 5.87(LCG),,,10754 (HCG) / 24777 (LCG),"10비트, 12비트",-30°~60°C,USB3 인터페이스를 통한 5V,20에서 80%(응결 없음),0°~50°C(주변 온도),30~95%(응결 없음),3W,10g,USB3 TF38 | JST BM06B-NSHSS-TBT,29mm × 29mm × 10mm,,USB3 포트,"렌즈 마운트 및 렌즈, 케이블, 호스트 어댑터(USB 3.1 Gen 1), FPC USB3 패널 마운트 어댑터, 히트싱크(권장)","CE, FCC, RoHS. 본 제품의 ECCN은 다음과 같습니다. EAR099.",USB3 Vision v1.0,,,,,,,,,,,,,,,,,,,,,,,,,,,,,,,,,,,,,,,,,,,,,,,,,,,,,,,,,,,,,,,,,,,,,,,,글로벌 셔터,,"수동, 자동(AGC)",10µ초~30초,,240 MB,0dB~47dB,,,,,4 양방향,3년,72(HCG) / 73(LCG) @525nm,130,"2/3""",,72(HCG) / 73(LCG) @525nm,4.29 (HCG) / 8.72 (LCG),,"3.3 V, 120 mA maximum",글로벌 셔터,,,,,,,,,,,,2GB RAM 이상,,,Supported,Windows 또는 Linux(32–비트 또는 64–비트),200MB 하드 드라이브 저장 공간,3.1GHz 또는 동급 CPU,,,,,,,,,,,,,,,,,,,,,,,,,,,,,,,,,,,,,,,2.8,1936 × 1464,,130,글로벌 셔터,,단색,,렌즈 마운트 개별 판매,USB 3.1 Gen 1,29mm × 29mm × 10mm,10g,CMOS
Teledyne Dalsa,"BFS 보드 레벨 USB3: 3.2 MP, 컬러 BFS-U3-31S4C-BD2",Area Scan,Blackfly S 보드 레벨,BFS-U3-31S4C-BD2,2048 × 1536,3.2,,Sony IMX265,3.45 µm,CMOS,색상,렌즈 마운트 개별 판매,"소프트웨어 트리거, 하드웨어 트리거, 동작 명령",USB 3.1 Gen 1,,"픽셀 비닝, 데시메이션, ROI",맞춤형 카메라 설정을 위한 2가지 사용자 설정 세트,"색상 보정 매트릭스, 감마, 룩업 테이블(순람표), 채도 및 선명도",6 MB 비휘발성 메모리,연속 / 단일 프레임 / 다중 프레임,,71.86,2.27,,,10822,12비트,-30°에서 60°C,USB3 인터페이스를 통한 5 V,20에서 80% (응결 없음),0°~50°C(주변 온도),30 - 95% (응결 없음),3 W,10g,USB3 TF38 | JST BM06B-NSHSS-TBT,29 mm × 29 mm × 10 mm,,USB3 포트,"Lens mount and lens, cable, host adapter (USB 3.1 Gen 1), TF38 to FPC USB3 panel mount adapter, heatsink (recommended)","CE, FCC, RoHS. 본 제품의 ECCN은 다음과 같습니다: EAR099.",USB3 Vision v1.0,,,,,,,,,,,,,,,,,,,,,,,,,,,,,,,,,,,,,,,,,,,,,,,,,,,,,,,,,,,,,,,,,,,,,,,,글로벌 셔터,,"수동, 자동(AGC)",25 µs to 30 seconds,,240 MB,0 dB에서 47 dB,,60 @525nm,46 @630nm,49 @470nm,4 양방향,3년,,55,"1/1.8""","수동, 자동(AWB)",,4.63,,"3.3 V, 120 mA maximum",글로벌 셔터,,,,,,,,,,,,2 GB RAM or more,,,Supported,Windows or Linux (32–bit or 64–bit),200 MB 하드 드라이브 저장 공간,3.1 GHz 또는 동일 CPU,,,,,,,,,,,,,,,,,,,,,,,,,,,,,,,,,,,,,,,3.2,2048 × 1536,,55,글로벌 셔터,,색상,,렌즈 마운트 개별 판매,USB 3.1 Gen 1,29 mm × 29 mm × 10 mm,10g,CMOS
Teledyne Dalsa,"BFS 보드 레벨 USB3: 3.2 MP, 단색 BFS-U3-31S4M-BD2",Area Scan,Blackfly S 보드 레벨,BFS-U3-31S4M-BD2,2048 × 1536,3.2,,Sony IMX265,3.45 µm,CMOS,단색,렌즈 마운트 개별 판매,"소프트웨어 트리거, 하드웨어 트리거, 동작 명령",USB 3.1 Gen 1,,"픽셀 비닝, 데시메이션, ROI",맞춤형 카메라 설정을 위한 2가지 사용자 설정 세트,"감마, 룩업 테이블(순람표) 및 선명도",6 MB 비휘발성 메모리,연속 / 단일 프레임 / 다중 프레임,,71.89,2.37,,,11266,12비트,-30°에서 60°C,USB3 인터페이스를 통한 5 V,20에서 80% (응결 없음),0°~50°C(주변 온도),30 - 95% (응결 없음),3 W,10g,USB3 TF38 | JST BM06B-NSHSS-TBT,29 mm × 29 mm × 10 mm,,USB3 포트,"Lens mount and lens, cable, host adapter (USB 3.1 Gen 1), TF38 to FPC USB3 panel mount adapter, heatsink (recommended)","CE, FCC, RoHS. 본 제품의 ECCN은 다음과 같습니다: EAR099.",USB3 Vision v1.0,,,,,,,,,,,,,,,,,,,,,,,,,,,,,,,,,,,,,,,,,,,,,,,,,,,,,,,,,,,,,,,,,,,,,,,,글로벌 셔터,,"수동, 자동(AGC)",25 µs to 30 seconds,,240 MB,0 dB에서 47 dB,,,,,4 양방향,3년,66 @525nm,55,"1/1.8""",,66 (525 nm),4.33,,"3.3 V, 120 mA maximum",글로벌 셔터,,,,,,,,,,,,2 GB RAM or more,,,Supported,Windows or Linux (32–bit or 64–bit),200 MB 하드 드라이브 저장 공간,3.1 GHz 또는 동일 CPU,,,,,,,,,,,,,,,,,,,,,,,,,,,,,,,,,,,,,,,3.2,2048 × 1536,,55,글로벌 셔터,,단색,,렌즈 마운트 개별 판매,USB 3.1 Gen 1,29 mm × 29 mm × 10 mm,10g,CMOS
Teledyne Dalsa,"BFS 보드 레벨 USB3: 3.2 MP, 컬러 BFS-U3-32S4C-BD2",Area Scan,Blackfly S 보드 레벨,BFS-U3-32S4C-BD2,2048 × 1536,3.2,,Sony IMX252,3.45 µm,CMOS,색상,렌즈 마운트 개별 판매,"소프트웨어 트리거, 하드웨어 트리거, 동작 명령",USB 3.1 Gen 1,,"픽셀 비닝, 데시메이션, ROI",맞춤형 카메라 설정을 위한 2가지 사용자 설정 세트,"색상 보정 매트릭스, 감마, 룩업 테이블(순람표), 채도 및 선명도",6 MB 비휘발성 메모리,연속 / 단일 프레임 / 다중 프레임,,71.71,2.38,,,11086,"10비트, 12비트",-30°에서 60°C,USB3 인터페이스를 통한 5 V,20에서 80% (응결 없음),0°~50°C(주변 온도),30 - 95% (응결 없음),3 W,10g,USB3 TF38 | JST BM06B-NSHSS-TBT,29 mm × 29 mm × 10 mm,,USB3 포트,"Lens mount and lens, cable, host adapter (USB 3.1 Gen 1), TF38 to FPC USB3 panel mount adapter, heatsink (recommended)","CE, FCC, RoHS. 본 제품의 ECCN은 다음과 같습니다: EAR099.",USB3 Vision v1.0,,,,,,,,,,,,,,,,,,,,,,,,,,,,,,,,,,,,,,,,,,,,,,,,,,,,,,,,,,,,,,,,,,,,,,,,글로벌 셔터,,"수동, 자동(AGC)",19 µs to 30 seconds,,240 MB,0 dB에서 47 dB,,61 @525nm,47 @630nm,50 @470nm,4 양방향,3년,,118,"1/1.8""","수동, 자동(AWB)",,4.71,,"3.3 V, 120 mA maximum",글로벌 셔터,,,,,,,,,,,,2 GB RAM or more,,113.0,Supported,Windows or Linux (32–bit or 64–bit),200 MB 하드 드라이브 저장 공간,3.1 GHz 또는 동일 CPU,,,,,,,,,,,,,,,,,,,,,,,,,,,,,,,,,,,,,,,3.2,2048 × 1536,,118,글로벌 셔터,,색상,,렌즈 마운트 개별 판매,USB 3.1 Gen 1,29 mm × 29 mm × 10 mm,10g,CMOS
Teledyne Dalsa,"BFS 보드 레벨 USB3: 3.2 MP, 단색 BFS-U3-32S4M-BD2",Area Scan,Blackfly S 보드 레벨,BFS-U3-32S4M-BD2,2048 × 1536,3.2,,Sony IMX252,3.45 µm,CMOS,단색,렌즈 마운트 개별 판매,"소프트웨어 트리거, 하드웨어 트리거, 동작 명령",USB 3.1 Gen 1,,"픽셀 비닝, 데시메이션, ROI",맞춤형 카메라 설정을 위한 2가지 사용자 설정 세트,"감마, 룩업 테이블(순람표) 및 선명도",6 MB 비휘발성 메모리,연속 / 단일 프레임 / 다중 프레임,,71.79,2.39,,,11238,"10비트, 12비트",-30°에서 60°C,USB3 인터페이스를 통한 5 V,20에서 80% (응결 없음),0°~50°C(주변 온도),30 - 95% (응결 없음),3 W,10g,USB3 TF38 | JST BM06B-NSHSS-TBT,29 mm × 29 mm × 10 mm,,USB3 포트,"Lens mount and lens, cable, host adapter (USB 3.1 Gen 1), TF38 to FPC USB3 panel mount adapter, heatsink (recommended)","CE, FCC, RoHS. 본 제품의 ECCN은 다음과 같습니다: EAR099.",USB3 Vision v1.0,,,,,,,,,,,,,,,,,,,,,,,,,,,,,,,,,,,,,,,,,,,,,,,,,,,,,,,,,,,,,,,,,,,,,,,,글로벌 셔터,,"수동, 자동(AGC)",19 µs to 30 seconds,,240 MB,0 dB에서 47 dB,,,,,4 양방향,3년,66 @525nm,118,"1/1.8""",,66(525nm에서 %),4.38,,"3.3 V, 120 mA maximum",글로벌 셔터,,,,,,,,,,,,2 GB RAM or more,,113.0,Supported,Windows or Linux (32–bit or 64–bit),200 MB 하드 드라이브 저장 공간,3.1 GHz 또는 동일 CPU,,,,,,,,,,,,,,,,,,,,,,,,,,,,,,,,,,,,,,,3.2,2048 × 1536,,118,글로벌 셔터,,단색,,렌즈 마운트 개별 판매,USB 3.1 Gen 1,29 mm × 29 mm × 10 mm,10g,CMOS
Teledyne Dalsa,"BFS 보드 레벨 USB3: 5MP, 컬러 BFS-U3-50S4C-BD2",Area Scan,Blackfly S 보드 레벨,BFS-U3-50S4M-BD2,2448 x 2048,5.0,,Sony IMX547,2.74µm,CMOS,색상,렌즈 마운트 개별 판매,"소프트웨어 트리거, 하드웨어 트리거, 동작 명령",USB 3.1 Gen 1,,"픽셀 비닝, 데시메이션, ROI",사용자 카메라 설정을 위한 사용자 구성 세트 2개,"색상 보정 매트릭스, 감마, 룩업 테이블(순람표), 채도 및 선명도",6MB 비휘발성 메모리,연속 / 단일 프레임 / 다중 프레임,,70.11,2.46,,,9810,"8비트, 10비트, 12비트",-30°~60°C,USB3 인터페이스를 통한 5V,20에서 80%(응결 없음),0°~50°C(주변 온도),30~95%(응결 없음),최대 3.2W/ 3.1W 공칭,10g,USB3 TF38 | JST BM06B-NSHSS-TBT,29mm × 29mm × 10mm,,USB3 포트,"렌즈 마운트 및 렌즈, 케이블, 호스트 어댑터(USB 3.1 Gen 1), FPC USB3 패널 마운트 어댑터, 히트싱크(권장)","CE, FCC, RoHS. 본 제품의 ECCN은 다음과 같습니다. EAR099.",USB3 Vision v1.0,,,,,,,,,,,,,,,,,,,,,,,,,,,,,,,,,,,,,,,,,,,,,,,,,,,,,,,,,,,,,,,,,,,,,,,,글로벌 셔터,,"수동, 자동(AGC)",10.0µs~30.0S,,240 MB,0.0~47.9dB,,51.48 @525nm,32.99 @630nm,45.45 @470nm,4 양방향,3년,,73,"1/1.8""","수동, 자동(AWB)",,5.96,,"3.3 V, 120 mA maximum",글로벌 셔터,,,,,,,,,,,,2GB RAM 이상,,74.0,Supported,Windows 또는 Linux(32–비트 또는 64–비트),200MB 하드 드라이브 저장 공간,3.1GHz 또는 동급 CPU,,,,,,,,,,,,,,,,,,,,,,,,,,,,,,,,,,,,,,,5.0,2448 x 2048,,73,글로벌 셔터,,색상,,렌즈 마운트 개별 판매,USB 3.1 Gen 1,29mm × 29mm × 10mm,10g,CMOS
Teledyne Dalsa,"BFS 보드 레벨 USB3: 5 MP, 단색 BFS-U3-50S4M-BD2",Area Scan,Blackfly S 보드 레벨,BFS-U3-50S4M-BD2,2448 x 2048,5.0,,Sony IMX547,2.74µm,CMOS,단색,렌즈 마운트 개별 판매,"소프트웨어 트리거, 하드웨어 트리거, 동작 명령",USB 3.1 Gen 1,,"픽셀 비닝, 데시메이션, ROI",사용자 카메라 설정을 위한 사용자 구성 세트 2개,"감마, 룩업 테이블(순람표) 및 선명도",6MB 비휘발성 메모리,연속 / 단일 프레임 / 다중 프레임,,69.98,2.50,,,9789,"8비트, 10비트, 12비트",-30°~60°C,USB3 인터페이스를 통한 5V,20에서 80%(응결 없음),0°~50°C(주변 온도),30~95%(응결 없음),최대 3.2W/ 3.1W 공칭,10g,USB3 TF38 | JST BM06B-NSHSS-TBT,29mm × 29mm × 10mm,,USB3 포트,"렌즈 마운트 및 렌즈, 케이블, 호스트 어댑터(USB 3.1 Gen 1), FPC USB3 패널 마운트 어댑터, 히트싱크(권장)","CE, FCC, RoHS. 본 제품의 ECCN은 다음과 같습니다. EAR099.",USB3 Vision v1.0,,,,,,,,,,,,,,,,,,,,,,,,,,,,,,,,,,,,,,,,,,,,,,,,,,,,,,,,,,,,,,,,,,,,,,,,글로벌 셔터,,"수동, 자동(AGC)",10.0µs~30.0S,,240 MB,0.0~47.9dB,,,,,4 양방향,3년,68 @525nm,73,"1/1.8""",,68.28,4.54,,"3.3 V, 120 mA maximum",글로벌 셔터,,,,,,,,,,,,2GB RAM 이상,,74.0,Supported,Windows 또는 Linux(32–비트 또는 64–비트),200MB 하드 드라이브 저장 공간,3.1GHz 또는 동급 CPU,,,,,,,,,,,,,,,,,,,,,,,,,,,,,,,,,,,,,,,5.0,2448 x 2048,,73,글로벌 셔터,,단색,,렌즈 마운트 개별 판매,USB 3.1 Gen 1,29mm × 29mm × 10mm,10g,CMOS
Teledyne Dalsa,"BFS 보드 레벨 USB3: 5MP, 컬러 BFS-U3-50S5C-BD2",Area Scan,Blackfly S 보드 레벨,BFS-U3-50S5C-BD2,2448 × 2048,5,,Sony IMX264,3.45 µm,CMOS,색상,렌즈 마운트 개별 판매,"소프트웨어 트리거, 하드웨어 트리거, 동작 명령",USB 3.1 Gen 1,,"픽셀 비닝, 데시메이션, ROI",맞춤형 카메라 설정을 위한 2가지 사용자 설정 세트,"색상 보정 매트릭스, 감마, 룩업 테이블(순람표), 채도 및 선명도",6 MB 비휘발성 메모리,연속 / 단일 프레임 / 다중 프레임,,71.92,2.22,,,10740,12비트,-30°에서 60°C,USB3 인터페이스를 통한 5 V,20에서 80% (응결 없음),0°~50°C(주변 온도),30 - 95% (응결 없음),3 W,10g,USB3 TF38 | JST BM06B-NSHSS-TBT,29 mm × 29 mm × 10 mm,,USB3 포트,"Lens mount and lens, cable, host adapter (USB 3.1 Gen 1), TF38 to FPC USB3 panel mount adapter, heatsink (recommended)","CE, FCC, RoHS. 본 제품의 ECCN은 다음과 같습니다: EAR099.",USB3 Vision v1.0,,,,,,,,,,,,,,,,,,,,,,,,,,,,,,,,,,,,,,,,,,,,,,,,,,,,,,,,,,,,,,,,,,,,,,,,글로벌 셔터,,"수동, 자동(AGC)",13 µs 에서 30초,,240 MB,0 dB에서 47 dB,,58.3 @530nm,45.94 @625nm,48.21 @460nm,4 양방향,3년,,35%,"2/3""","수동, 자동(AWB)",,4.67,,"3.3 V, 120 mA maximum",글로벌 셔터,,,,,,,,,,,,2 GB RAM or more,,,Supported,Windows or Linux (32–bit or 64–bit),200 MB 하드 드라이브 저장 공간,3.1 GHz 또는 동일 CPU,,,,,,,,,,,,,,,,,,,,,,,,,,,,,,,,,,,,,,,5,2448 × 2048,,35%,글로벌 셔터,,색상,,렌즈 마운트 개별 판매,USB 3.1 Gen 1,29 mm × 29 mm × 10 mm,10g,CMOS
Teledyne Dalsa,"BFS 보드 레벨 USB3: 5 MP, 단색 BFS-U3-50S5M-BD2",Area Scan,Blackfly S 보드 레벨,BFS-U3-50S5M-BD2,2448 × 2048,5,,Sony IMX264,3.45 µm,CMOS,단색,렌즈 마운트 개별 판매,"소프트웨어 트리거, 하드웨어 트리거, 동작 명령",USB 3.1 Gen 1,,"픽셀 비닝, 데시메이션, ROI",맞춤형 카메라 설정을 위한 2가지 사용자 설정 세트,"감마, 룩업 테이블(순람표) 및 선명도",6 MB 비휘발성 메모리,연속 / 단일 프레임 / 다중 프레임,,71.83,2.27,,,10824,12비트,-30°에서 60°C,USB3 인터페이스를 통한 5 V,20에서 80% (응결 없음),0°~50°C(주변 온도),30 - 95% (응결 없음),3 W,10g,USB3 TF38 | JST BM06B-NSHSS-TBT,29 mm × 29 mm × 10 mm,,USB3 포트,"Lens mount and lens, cable, host adapter (USB 3.1 Gen 1), TF38 to FPC USB3 panel mount adapter, heatsink (recommended)","CE, FCC, RoHS. 본 제품의 ECCN은 다음과 같습니다: EAR099.",USB3 Vision v1.0,,,,,,,,,,,,,,,,,,,,,,,,,,,,,,,,,,,,,,,,,,,,,,,,,,,,,,,,,,,,,,,,,,,,,,,,글로벌 셔터,,"수동, 자동(AGC)",10 µs 에서 30초,,240 MB,0 dB에서 47 dB,,,,,4 양방향,3년,62.51 @530nm,35%,"2/3""",,62.51 (530 nm),4.43,,"3.3 V, 120 mA maximum",글로벌 셔터,,,,,,,,,,,,2 GB RAM or more,,,Supported,Windows or Linux (32–bit or 64–bit),200 MB 하드 드라이브 저장 공간,3.1 GHz 또는 동일 CPU,,,,,,,,,,,,,,,,,,,,,,,,,,,,,,,,,,,,,,,5,2448 × 2048,,35%,글로벌 셔터,,단색,,렌즈 마운트 개별 판매,USB 3.1 Gen 1,29 mm × 29 mm × 10 mm,10g,CMOS
Teledyne Dalsa,"BFS 보드 레벨 USB3: 5MP, 컬러 BFS-U3-51S5C-BD2",Area Scan,Blackfly S 보드 레벨,BFS-U3-51S5C-BD2,2448 × 2048,5,,Sony IMX250,3.45 µm,CMOS,색상,렌즈 마운트 개별 판매,"소프트웨어 트리거, 하드웨어 트리거, 동작 명령",USB 3.1 Gen 1,,"픽셀 비닝, 데시메이션, ROI",맞춤형 카메라 설정을 위한 2가지 사용자 설정 세트,"색상 보정 매트릭스, 감마, 룩업 테이블(순람표), 채도 및 선명도",6 MB 비휘발성 메모리,연속 / 단일 프레임 / 다중 프레임,,71.30,2.53,,,11121,"10비트, 12비트",-30°에서 60°C,"파워 오버 이더넷 (PoE, Power over Ethernet), 또는 GPIO를 통해 12 V 공청 (8 - 24 V)",20에서 80% (응결 없음),0°~50°C(주변 온도),30 - 95% (응결 없음),3 W,10g,USB3 TF38 | JST BM06B-NSHSS-TBT,29 mm × 29 mm × 30 mm,,USB3 포트,"Lens mount and lens, cable, host adapter (USB 3.1 Gen 1), TF38 to FPC USB3 panel mount adapter, heatsink (recommended)","CE, FCC, RoHS. 본 제품의 ECCN은 다음과 같습니다: EAR099.",USB3 Vision v1.0,,,,,,,,,,,,,,,,,,,,,,,,,,,,,,,,,,,,,,,,,,,,,,,,,,,,,,,,,,,,,,,,,,,,,,,,글로벌 셔터,,"수동, 자동(AGC)",20µ~30초,,240 MB,0 dB에서 47 dB,,56 @525nm,44 @630nm,47 @470nm,4 양방향,3년,,73,"2/3""","수동, 자동(AWB)",21,5.42,,"3.3 V, 120 mA maximum",글로벌 셔터,,,,,,,,,,,,2 GB RAM or more,,75.0,Supported,Windows or Linux (32–bit or 64–bit),200 MB 하드 드라이브 저장 공간,3.1 GHz 또는 동일 CPU,,,,,,,,,,,,,,,,,,,,,,,,,,,,,,,,,,,,,,,5,2448 × 2048,,73,글로벌 셔터,,색상,,렌즈 마운트 개별 판매,USB 3.1 Gen 1,29 mm × 29 mm × 30 mm,10g,CMOS
Teledyne Dalsa,"BFS 보드 레벨 USB3: 5 MP, 단색 BFS-U3-51S5M-BD2",Area Scan,Blackfly S 보드 레벨,BFS-U3-51S5M-BD2,2448 × 2048,5,,Sony IMX250,3.45 µm,CMOS,단색,렌즈 마운트 개별 판매,"소프트웨어 트리거, 하드웨어 트리거, 동작 명령",USB 3.1 Gen 1,,"픽셀 비닝, 데시메이션, ROI",맞춤형 카메라 설정을 위한 2가지 사용자 설정 세트,"감마, 룩업 테이블(순람표) 및 선명도",6 MB 비휘발성 메모리,연속 / 단일 프레임 / 다중 프레임,,71.59,2.43,,,11122,"10비트, 12비트",-30°에서 60°C,USB3 인터페이스를 통한 5 V,20에서 80% (응결 없음),0°~50°C(주변 온도),30 - 95% (응결 없음),3 W,10g,USB3 TF38 | JST BM06B-NSHSS-TBT,29 mm × 29 mm × 10 mm,,USB3 포트,"Lens mount and lens, cable, host adapter (USB 3.1 Gen 1), TF38 to FPC USB3 panel mount adapter, heatsink (recommended)","CE, FCC, RoHS. 본 제품의 ECCN은 다음과 같습니다: EAR099.",USB3 Vision v1.0,,,,,,,,,,,,,,,,,,,,,,,,,,,,,,,,,,,,,,,,,,,,,,,,,,,,,,,,,,,,,,,,,,,,,,,,글로벌 셔터,,"수동, 자동(AGC)",20µ~30초,,240 MB,0dB~47dB,,,,,4 양방향,3년,63 @525nm,73,"2/3""",,63(525nm에서 %),4.62,,"3.3 V, 120 mA maximum",글로벌 셔터,,,,,,,,,,,,2 GB RAM or more,,75.0,Supported,Windows or Linux (32–bit or 64–bit),200 MB 하드 드라이브 저장 공간,3.1 GHz 또는 동일 CPU,,,,,,,,,,,,,,,,,,,,,,,,,,,,,,,,,,,,,,,5,2448 × 2048,,73,글로벌 셔터,,단색,,렌즈 마운트 개별 판매,USB 3.1 Gen 1,29 mm × 29 mm × 10 mm,10g,CMOS
Teledyne Dalsa,"BFS 보드 레벨 USB3: 8.9 MP, 컬러 BFS-U3-88S6C-BD2",Area Scan,Blackfly S 보드 레벨,BFS-U3-88S6C-BD2,4096 × 2160,8.9,,Sony IMX267,3.45 µm,CMOS,색상,렌즈 마운트 개별 판매,"소프트웨어 트리거, 하드웨어 트리거, 동작 명령",USB 3.1 Gen 1,,"픽셀 비닝, 데시메이션, ROI",맞춤형 카메라 설정을 위한 2가지 사용자 설정 세트,"색상 보정 매트릭스, 감마, 룩업 테이블(순람표), 채도 및 선명도",6 MB 비휘발성 메모리,연속 / 단일 프레임 / 다중 프레임,,71.74,2.36,,,11073,12비트,-30°에서 60°C,USB3 인터페이스를 통한 5 V,20에서 80% (응결 없음),0°~50°C(주변 온도),30 - 95% (응결 없음),3 W,10g,USB3 TF38 | JST BM06B-NSHSS-TBT,29 mm × 29 mm × 10 mm,,USB3 포트,"Lens mount and lens, cable, host adapter (USB 3.1 Gen 1), TF38 to FPC USB3 panel mount adapter, heatsink (recommended)","CE, FCC, RoHS. 본 제품의 ECCN은 다음과 같습니다: EAR099.",USB3 Vision v1.0,,,,,,,,,,,,,,,,,,,,,,,,,,,,,,,,,,,,,,,,,,,,,,,,,,,,,,,,,,,,,,,,,,,,,,,,글로벌 셔터,,"수동, 자동(AGC)",28 µs to 30 seconds,,240 MB,0 dB에서 47 dB,,61 @525nm,47 @630nm,50 @470nm,4 양방향,3년,,32,"1""","수동, 자동(AWB)",,4.72,,"3.3 V, 120 mA maximum",글로벌 셔터,,,,,,,,,,,,2 GB RAM or more,,,Supported,Windows or Linux (32–bit or 64–bit),200 MB 하드 드라이브 저장 공간,3.1 GHz 또는 동일 CPU,,,,,,,,,,,,,,,,,,,,,,,,,,,,,,,,,,,,,,,8.9,4096 × 2160,,32,글로벌 셔터,,색상,,렌즈 마운트 개별 판매,USB 3.1 Gen 1,29 mm × 29 mm × 10 mm,10g,CMOS
Teledyne Dalsa,"BFS 보드 레벨 USB3: 8.9 MP, 단색 BFS-U3-88S6M-BD2",Area Scan,Blackfly S 보드 레벨,BFS-U3-88S6M-BD2,4096 × 2160,8.9,,Sony IMX267,3.45 µm,CMOS,단색,렌즈 마운트 개별 판매,"소프트웨어 트리거, 하드웨어 트리거, 동작 명령",USB 3.1 Gen 1,,"픽셀 비닝, 데시메이션, ROI",맞춤형 카메라 설정을 위한 2가지 사용자 설정 세트,"감마, 룩업 테이블(순람표) 및 선명도",6 MB 비휘발성 메모리,연속 / 단일 프레임 / 다중 프레임,,71.55,2.32,,,10689,12비트,-30°에서 60°C,USB3 인터페이스를 통한 5 V,20에서 80% (응결 없음),0°~50°C(주변 온도),30 - 95% (응결 없음),3 W,10g,USB3 TF38 | JST BM06B-NSHSS-TBT,29 mm × 29 mm × 10 mm,,USB3 포트,"Lens mount and lens, cable, host adapter (USB 3.1 Gen 1), TF38 to FPC USB3 panel mount adapter, heatsink (recommended)","CE, FCC, RoHS. 본 제품의 ECCN은 다음과 같습니다: EAR099.",USB3 Vision v1.0,,,,,,,,,,,,,,,,,,,,,,,,,,,,,,,,,,,,,,,,,,,,,,,,,,,,,,,,,,,,,,,,,,,,,,,,글로벌 셔터,,"수동, 자동(AGC)",28 µs to 30 seconds,,240 MB,0 dB에서 47 dB,,,,,4 양방향,3년,65 @525nm,32,"1""",,65 (525 nm),4.38,,"3.3 V, 120 mA maximum",글로벌 셔터,,,,,,,,,,,,2 GB RAM or more,,,Supported,Windows or Linux (32–bit or 64–bit),200 MB 하드 드라이브 저장 공간,3.1 GHz 또는 동일 CPU,,,,,,,,,,,,,,,,,,,,,,,,,,,,,,,,,,,,,,,8.9,4096 × 2160,,32,글로벌 셔터,,단색,,렌즈 마운트 개별 판매,USB 3.1 Gen 1,29 mm × 29 mm × 10 mm,10g,CMOS
Teledyne Dalsa,"BFS Board-level USB3: 12.3 MP, Color BFS-U3-120S6C-BD2",Area Scan,Blackfly S 보드 레벨,BFS-U3-120S6C-BD2,4096 x 3000,12.3,,Sony IMX545,2.74,CMOS,Color,Lens mount sold separately,"Software trigger, hardware trigger, action command",USB 3.1 Gen 1,,"Pixel binning, ROI",2 user configuration sets for custom camera settings,"Color correction matrix, gamma, lookup table, saturation, and sharpness",6 MB non-volatile memory,Continuous / Single Frame / Multi Frame,,69.93,2.34,,,9199,"8-bit, 10-bit, 12-bit",-30° to 60°C,5 V via USB3 interface,20 to 80% (no condensation),0° to 50°C (ambient),30 to 95% (no condensation),3 W,10 g,USB3 TF38 | JST BM06B-NSHSS-TBT,29 mm × 29 mm × 10 mm,,USB3 Port,"Lens mount and lens, cable, host adapter (USB 3.1 Gen 1), TF38 to FPC USB3 panel mount adapter, heatsink (recommended)","CE, FCC, RoHS. The ECCN for this product is: EAR099.",USB3 Vision v1.0,,,,,,,,,,,,,,,,,,,,,,,,,,,,,,,,,,,,,,,,,,,,,,,,,,,,,,,,,,,,,,,,,,,,,,,,Global shutter,,"Manual, automatic (AGC)",14 µs to 30 seconds,"Hardware trigger, programmable via camera API, automatic",240 MB,0 dB to 47 dB,,49 @523 nm,32 @628 nm,43 @457 nm,4 bi-directional,3 years,,30,"1/1.1""","Manual, automatic (AWB)",,5.95,,"3.3 V, 120 mA maximum",,,,,,,,,,,,,,,,Supported,,,,,,,,,,,,,,,,,,,,,,,,,,,,,,,,,,,,,,,,,,12.3,4096 x 3000,,30,Global shutter,,Color,,Lens mount sold separately,USB 3.1 Gen 1,29 mm × 29 mm × 10 mm,10 g,CMOS
Teledyne Dalsa,"BFS Board-level USB3: 12.3 MP, Mono BFS-U3-120S6M-BD2",Area Scan,Blackfly S 보드 레벨,BFS-U3-120S6M-BD2,4096 x 3000,12.3,,Sony IMX545,2.74,CMOS,Mono,Lens mount sold separately,"Software trigger, hardware trigger, action command",USB 3.1 Gen 1,,"Pixel binning, ROI",2 user configuration sets for custom camera settings,"Gamma, lookup table, and sharpness",6 MB non-volatile memory,Continuous / Single Frame / Multi Frame,,69.82,2.38,,,9221,"8-bit, 10-bit, 12-bit",-30° to 60°C,5 V via USB3 interface,20 to 80% (no condensation),0° to 50°C (ambient),30 to 95% (no condensation),3 W,10 g,USB3 TF38 | JST BM06B-NSHSS-TBT,29 mm × 29 mm × 10 mm,,USB3 Port,"Lens mount and lens, cable, host adapter (USB 3.1 Gen 1), TF38 to FPC USB3 panel mount adapter, heatsink (recommended)","CE, FCC, RoHS. The ECCN for this product is: EAR099.",USB3 Vision v1.0,,,,,,,,,,,,,,,,,,,,,,,,,,,,,,,,,,,,,,,,,,,,,,,,,,,,,,,,,,,,,,,,,,,,,,,,Global shutter,,"Manual, automatic (AGC)",14 µs to 30 seconds,"Hardware trigger, programmable via camera API, automatic",240 MB,0 dB to 47 dB,,,,,4 bi-directional,3 years,62 @523 nm,30,"1/1.1""",,,4.77,,"3.3 V, 120 mA maximum",,,,,,,,,,,,,,,,Supported,,,,,,,,,,,,,,,,,,,,,,,,,,,,,,,,,,,,,,,,,,12.3,4096 x 3000,,30,Global shutter,,Mono,,Lens mount sold separately,USB 3.1 Gen 1,29 mm × 29 mm × 10 mm,10 g,CMOS
Teledyne Dalsa,"BFS 보드 레벨 USB3: 12.3 MP, 컬러 BFS-U3-122S6C-BD2",Area Scan,Blackfly S 보드 레벨,BFS-U3-122S6C-BD2,4096 × 3000,12.3,,Sony IMX304,3.45 µm,CMOS,색상,렌즈 마운트 개별 판매,"소프트웨어 트리거, 하드웨어 트리거, 동작 명령",USB 3.1 Gen 1,,"픽셀 비닝, 데시메이션, ROI",맞춤형 카메라 설정을 위한 2가지 사용자 설정 세트,"색상 보정 매트릭스, 감마, 룩업 테이블(순람표), 채도 및 선명도",6 MB 비휘발성 메모리,연속 / 단일 프레임 / 다중 프레임,,71.57,2.36,,,10850,12비트,-30°에서 60°C,USB3 인터페이스를 통한 5 V,20에서 80% (응결 없음),0°~50°C(주변 온도),30 - 95% (응결 없음),3 W,10g,USB3 TF38 | JST BM06B-NSHSS-TBT,29 mm × 29 mm × 10 mm,,USB3 포트,"Lens mount and lens, cable, host adapter (USB 3.1 Gen 1), TF38 to FPC USB3 panel mount adapter, heatsink (recommended)","CE, FCC, RoHS. 본 제품의 ECCN은 다음과 같습니다: EAR099.",USB3 Vision v1.0,,,,,,,,,,,,,,,,,,,,,,,,,,,,,,,,,,,,,,,,,,,,,,,,,,,,,,,,,,,,,,,,,,,,,,,,글로벌 셔터,,"수동, 자동(AGC)",14 µs 에서 30초,,240 MB,0 dB에서 48 dB,,59 @530nm,47 @625nm,48 @460nm,4 양방향,3년,,23,"1.1""","수동, 자동(AWB)",,4.83,,"3.3 V, 120 mA maximum",글로벌 셔터,,,,,,,,,,,,2 GB RAM or more,,,Supported,Windows or Linux (32–bit or 64–bit),200 MB 하드 드라이브 저장 공간,3.1 GHz 또는 동일 CPU,,,,,,,,,,,,,,,,,,,,,,,,,,,,,,,,,,,,,,,12.3,4096 × 3000,,23,글로벌 셔터,,색상,,렌즈 마운트 개별 판매,USB 3.1 Gen 1,29 mm × 29 mm × 10 mm,10g,CMOS
Teledyne Dalsa,"BFS 보드 레벨 USB3: 12.3 MP, 단색 BFS-U3-122S6M-BD2",Area Scan,Blackfly S 보드 레벨,BFS-U3-122S6M-BD2,4096 × 3000,12.3,,Sony IMX304,3.45 µm,CMOS,단색,렌즈 마운트 개별 판매,"소프트웨어 트리거, 하드웨어 트리거, 동작 명령",USB 3.1 Gen 1,,"픽셀 비닝, 데시메이션, ROI",맞춤형 카메라 설정을 위한 2가지 사용자 설정 세트,"감마, 룩업 테이블(순람표) 및 선명도",6 MB 비휘발성 메모리,연속 / 단일 프레임 / 다중 프레임,,71.60,2.34,,,10789,12비트,-30°에서 60°C,USB3 인터페이스를 통한 5 V,20에서 80% (응결 없음),0°~50°C(주변 온도),30 - 95% (응결 없음),3 W,10g,USB3 TF38 | JST BM06B-NSHSS-TBT,29 mm × 29 mm × 10 mm,,USB3 포트,"Lens mount and lens, cable, host adapter (USB 3.1 Gen 1), TF38 to FPC USB3 panel mount adapter, heatsink (recommended)","CE, FCC, RoHS. 본 제품의 ECCN은 다음과 같습니다: EAR099.",USB3 Vision v1.0,,,,,,,,,,,,,,,,,,,,,,,,,,,,,,,,,,,,,,,,,,,,,,,,,,,,,,,,,,,,,,,,,,,,,,,,글로벌 셔터,,"수동, 자동(AGC)",14 µs 에서 30초,,240 MB,0 dB에서 48 dB,,,,,4 양방향,3년,67 @530nm,23,"1.1""",,67 (530 nm),4.26,,"3.3 V, 120 mA maximum",글로벌 셔터,,,,,,,,,,,,2 GB RAM or more,,,Supported,Windows or Linux (32–bit or 64–bit),200 MB 하드 드라이브 저장 공간,3.1 GHz 또는 동일 CPU,,,,,,,,,,,,,,,,,,,,,,,,,,,,,,,,,,,,,,,12.3,4096 × 3000,,23,글로벌 셔터,,단색,,렌즈 마운트 개별 판매,USB 3.1 Gen 1,29 mm × 29 mm × 10 mm,10g,CMOS
Teledyne Dalsa,"BFS 보드 레벨 USB3: 20MP, 컬러 BFS-U3-200S6C-BD2",Area Scan,Blackfly S 보드 레벨,BFS-U3-200S6C-BD2,5472 × 3648,20,,Sony IMX183,2.4 µm,CMOS,색상,렌즈 마운트 개별 판매,"소프트웨어 트리거, 하드웨어 트리거, 동작 명령",USB 3.1 Gen 1,,"픽셀 비닝, ROI",맞춤형 카메라 설정을 위한 2가지 사용자 설정 세트,"색상 보정 매트릭스, 감마, 룩업 테이블(순람표), 채도 및 선명도",6 MB 비휘발성 메모리,연속 / 단일 프레임 / 다중 프레임,,71.95,3.29,,,15012,"10비트, 12비트",-30°에서 60°C,USB3 인터페이스를 통한 5V,20에서 80% (응결 없음),0°~50°C(주변 온도),30 - 95% (응결 없음),3 W,10g,USB3 TF38 | JST BM06B-NSHSS-TBT,29 mm × 29 mm × 10 mm,,USB3 포트,"Lens mount and lens, cable, host adapter (USB 3.1 Gen 1), TF38 to FPC USB3 panel mount adapter, heatsink (recommended)","CE, FCC, RoHS. 본 제품의 ECCN은 다음과 같습니다: EAR099.",USB3 Vision v1.0,,,,,,,,,,,,,,,,,,,,,,,,,,,,,,,,,,,,,,,,,,,,,,,,,,,,,,,,,,,,,,,,,,,,,,,,글로벌 리셋 기능이 있는 롤링 셔터,,"수동, 자동(AGC)",11 µs 에서 30초,,240 MB,0 dB에서 27 dB,,68 @530nm,43 @625nm,63 @460nm,4 양방향,3년,,17,"1""","수동, 자동(AWB)",,5.54,,"3.3 V, 120 mA maximum",글로벌 리셋 기능이 있는 롤링 셔터,,,,,,,,,,,,2 GB RAM or more,,,Supported,Windows or Linux (32–bit or 64–bit),200 MB 하드 드라이브 저장 공간,3.1 GHz 또는 동일 CPU,,,,,,,,,,,,,,,,,,,,,,,,,,,,,,,,,,,,,,,20,5472 × 3648,,17,글로벌 리셋 기능이 있는 롤링 셔터,,색상,,렌즈 마운트 개별 판매,USB 3.1 Gen 1,29 mm × 29 mm × 10 mm,10g,CMOS
Teledyne Dalsa,"BFS 보드 레벨 USB3: 20 MP, 단색 BFS-U3-200S6M-BD2",Area Scan,Blackfly S 보드 레벨,BFS-U3-200S6M-BD2,5472 × 3648,20,,Sony IMX183,2.4 µm,CMOS,단색,렌즈 마운트 개별 판매,"소프트웨어 트리거, 하드웨어 트리거, 동작 명령",USB 3.1 Gen 1,,"픽셀 비닝, ROI",맞춤형 카메라 설정을 위한 2가지 사용자 설정 세트,"감마, 룩업 테이블(순람표) 및 선명도",6 MB 비휘발성 메모리,연속 / 단일 프레임 / 다중 프레임,,72.01,3.27,,,15032,"10비트, 12비트",-30°에서 60°C,5 V USB3,20에서 80% (응결 없음),0°~50°C(주변 온도),30 - 95% (응결 없음),3 W,10g,USB3 TF38 | JST BM06B-NSHSS-TBT,29 mm × 29 mm × 10 mm,,USB3 포트,"Lens mount and lens, cable, host adapter (USB 3.1 Gen 1), TF38 to FPC USB3 panel mount adapter, heatsink (recommended)","CE, FCC, RoHS. 본 제품의 ECCN은 다음과 같습니다: EAR099.",USB3 Vision v1.0,,,,,,,,,,,,,,,,,,,,,,,,,,,,,,,,,,,,,,,,,,,,,,,,,,,,,,,,,,,,,,,,,,,,,,,,글로벌 리셋 기능이 있는 롤링 셔터,,"수동, 자동(AGC)",11 µs 에서 30초,,240 MB,0 dB에서 27 dB,,,,,4 양방향,3년,80 @530nm,17,"1""",,80 (530 nm),4.72,,"3.3 V, 120 mA maximum",글로벌 리셋 기능이 있는 롤링 셔터,,,,,,,,,,,,2 GB RAM or more,,,Supported,Windows or Linux (32–bit or 64–bit),200 MB 하드 드라이브 저장 공간,3.1 GHz 또는 동일 CPU,,,,,,,,,,,,,,,,,,,,,,,,,,,,,,,,,,,,,,,20,5472 × 3648,,17,글로벌 리셋 기능이 있는 롤링 셔터,,단색,,렌즈 마운트 개별 판매,USB 3.1 Gen 1,29 mm × 29 mm × 10 mm,10g,CMOS
Teledyne Dalsa,"Blackfly S USB3: 0.4 MP, 컬러, C-마운트 BFS-U3-04S2C-C",Area Scan,Blackfly S USB3,BFS-U3-04S2C-C,720 × 540,0.4,,Sony IMX287,6.9,CMOS,색상,C-마운트,"소프트웨어 트리거, 하드웨어 트리거, 동작 명령",USB 3.1 Gen 1,,"픽셀 비닝, 데시메이션, ROI",사용자 카메라 설정을 위한 사용자 구성 세트 2개,"색상 보정 매트릭스, 감마, 룩업 테이블(순람표), 채도 및 선명도",6MB 비휘발성 메모리,연속 / 단일 프레임 / 다중 프레임,,74.35,3.80,,,22436,"8비트, 10비트, 12비트",-30°~60°C,GPIO를 통해 8-24 V 또는 USB3을 통해 5 V,20에서 80%(응결 없음),0°~50°C(주변 온도),30~95%(응결 없음),3 W,36g,USB3 마이크로-B | Hirose HR10A-7R-6PB,29mm × 29mm × 30mm,,USB3 포트,"렌즈, 케이블, 호스트 어댑터(USB 3.1 Gen 1)","CE, FCC, KCC, RoHS. 본 제품의 ECCN은 다음과 같습니다. EAR099.",USB3 Vision v1.0,,,,,,,,,,,,,,,,,,,,,,,,,,,,,,,,,,,,,,,,,,,,,,,,,,,,,,,,,,,,,,,,,,,,,,,,글로벌 셔터,IR 차단(670nm),"수동, 자동(AGC)",4µs~30초,,240 MB,0db~47dB,,56.96 @530nm,45.11 @625nm,49.86 @460nm,"1 양방향, 1 입력",3년,,522,"1/2.9""","수동, 자동(AWB)",,7.55,"1 input, 1 output","3.3 V, 120 mA maximum",글로벌 셔터,,,,,,,,,,,,2GB RAM 이상,,,Supported,Windows 또는 Linux(32–비트 또는 64–비트),200MB 하드 드라이브 저장 공간,3.1GHz 또는 동급 CPU,,,,,,,,,,,,,3 W,,,,,,,,,,,,,,,,,,,,,,,,,,0.4,720 × 540,,522,글로벌 셔터,,색상,,C-마운트,USB 3.1 Gen 1,29mm × 29mm × 30mm,36g,CMOS
Teledyne Dalsa,"Blackfly S USB3: 0.4 MP, 단색, C-마운트 BFS-U3-04S2M-C",Area Scan,Blackfly S USB3,BFS-U3-04S2M-C,720 × 540,0.4,,Sony IMX287,6.9,CMOS,단색,C-마운트,"소프트웨어 트리거, 하드웨어 트리거, 동작 명령",USB 3.1 Gen 1,,"픽셀 비닝, 데시메이션, ROI",사용자 카메라 설정을 위한 사용자 구성 세트 2개,"감마, 룩업 테이블(순람표) 및 선명도",6MB 비휘발성 메모리,연속 / 단일 프레임 / 다중 프레임,,74.43,3.71,,,22187,"8비트, 10비트, 12비트",-30°~60°C,GPIO를 통해 8-24 V 또는 USB3을 통해 5 V,20에서 80%(응결 없음),0°~50°C(주변 온도),30~95%(응결 없음),3 W,36g,USB3 마이크로-B | Hirose HR10A-7R-6PB,29mm × 29mm × 30mm,,USB3 포트,"렌즈, 케이블, 호스트 어댑터(USB 3.1 Gen 1)","CE, FCC, KCC, RoHS. 본 제품의 ECCN은 다음과 같습니다. EAR099.",USB3 Vision v1.0,,,,,,,,,,,,,,,,,,,,,,,,,,,,,,,,,,,,,,,,,,,,,,,,,,,,,,,,,,,,,,,,,,,,,,,,글로벌 셔터,없음,"수동, 자동(AGC)",4µs~30초,,240 MB,0db~47dB,,,,,"1 양방향, 1 입력",3년,61.82 @530nm,522,"1/2.9""",,61.82 (530nm),6.81,"1 input, 1 output","3.3 V, 120 mA maximum",글로벌 셔터,,,,,,,,,,,,2GB RAM 이상,,,Supported,Windows 또는 Linux(32–비트 또는 64–비트),200MB 하드 드라이브 저장 공간,3.1GHz 또는 동급 CPU,,,,,,,,,,,,,3 W,,,,,,,,,,,,,,,,,,,,,,,,,,0.4,720 × 540,,522,글로벌 셔터,,단색,,C-마운트,USB 3.1 Gen 1,29mm × 29mm × 30mm,36g,CMOS
Teledyne Dalsa,"Blackfly S USB3: 0.4 MP, 컬러, CS-마운트 BFS-U3-04S2C-CS",Area Scan,Blackfly S USB3,BFS-U3-04S2C-CS,720 × 540,0.4,,Sony IMX287,6.9 µm,CMOS,색상,CS-마운트,"소프트웨어 트리거, 하드웨어 트리거, 동작 명령",USB 3.1 Gen 1,,"픽셀 비닝, 데시메이션, ROI",맞춤형 카메라 설정을 위한 2가지 사용자 설정 세트,"색상 보정 매트릭스, 감마, 룩업 테이블(순람표), 채도 및 선명도",6 MB 비휘발성 메모리,연속 / 단일 프레임 / 다중 프레임,,74.35,3.80,,,22436,"8비트, 10비트, 12비트",-30°에서 60°C,GPIO를 통해 8-24 V 또는 USB3을 통해 5 V,20에서 80% (응결 없음),0°~50°C(주변 온도),30 - 95% (응결 없음),3 W,36g,USB3 마이크로-B | Hirose HR10A-7R-6PB,29 mm × 29 mm × 30 mm,,USB3 포트,"렌즈, 케이블, 호스트 어댑터(USB 3.1 Gen 1)","CE, FCC, KCC, RoHS. 본 제품의 ECCN은 다음과 같습니다: EAR099.",USB3 Vision v1.0,,,,,,,,,,,,,,,,,,,,,,,,,,,,,,,,,,,,,,,,,,,,,,,,,,,,,,,,,,,,,,,,,,,,,,,,글로벌 셔터,IR 차단(670nm),"수동, 자동(AGC)",4 µs 에서 30초,,240 MB,0 dB에서 47 dB,,56.96 @530nm,45.11 @625nm,49.86 @460nm,"1 양방향, 1 입력",3년,,522,"1/2.9""","수동, 자동(AWB)",,7.55,"1 input, 1 output","3.3 V, 120 mA maximum",글로벌 셔터,,,,,,,,,,,,2 GB RAM or more,,,Supported,Windows or Linux (32–bit or 64–bit),200 MB 하드 드라이브 저장 공간,3.1 GHz 또는 동일 CPU,,,,,,,,,,,,,3 W,,,,,,,,,,,,,,,,,,,,,,,,,,0.4,720 × 540,,522,글로벌 셔터,,색상,,CS-마운트,USB 3.1 Gen 1,29 mm × 29 mm × 30 mm,36g,CMOS
Teledyne Dalsa,"Blackfly S USB3: 0.4 MP, 단색, CS-마운트 BFS-U3-04S2M-CS",Area Scan,Blackfly S USB3,BFS-U3-04S2M-CS,720 × 540,0.4,,Sony IMX287,6.9 µm,CMOS,단색,CS-마운트,"소프트웨어 트리거, 하드웨어 트리거, 동작 명령",USB 3.1 Gen 1,,"픽셀 비닝, 데시메이션, ROI",맞춤형 카메라 설정을 위한 2가지 사용자 설정 세트,"감마, 룩업 테이블(순람표) 및 선명도",6 MB 비휘발성 메모리,연속 / 단일 프레임 / 다중 프레임,,74.43,3.71,,,22187,"8비트, 10비트, 12비트",-30°에서 60°C,GPIO를 통해 8-24 V 또는 USB3을 통해 5 V,20에서 80% (응결 없음),0°~50°C(주변 온도),30 - 95% (응결 없음),3 W,36g,USB3 마이크로-B | Hirose HR10A-7R-6PB,29 mm × 29 mm × 30 mm,,USB3 포트,"렌즈, 케이블, 호스트 어댑터(USB 3.1 Gen 1)","CE, FCC, KCC, RoHS. 본 제품의 ECCN은 다음과 같습니다: EAR099.",USB3 Vision v1.0,,,,,,,,,,,,,,,,,,,,,,,,,,,,,,,,,,,,,,,,,,,,,,,,,,,,,,,,,,,,,,,,,,,,,,,,글로벌 셔터,없음,"수동, 자동(AGC)",4 µs 에서 30초,,240 MB,0 dB에서 47 dB,,,,,"1 양방향, 1 입력",3년,61.82 @530nm,522,"1/2.9""",,61.82 (530nm),6.81,"1 input, 1 output","3.3 V, 120 mA maximum",글로벌 셔터,,,,,,,,,,,,2 GB RAM or more,,,Supported,Windows or Linux (32–bit or 64–bit),200 MB 하드 드라이브 저장 공간,3.1 GHz 또는 동일 CPU,,,,,,,,,,,,,3 W,,,,,,,,,,,,,,,,,,,,,,,,,,0.4,720 × 540,,522,글로벌 셔터,,단색,,CS-마운트,USB 3.1 Gen 1,29 mm × 29 mm × 30 mm,36g,CMOS
Teledyne Dalsa,"Blackfly S USB3: 1.3 MP, 컬러, C-마운트 BFS-U3-13Y3C-C",Area Scan,Blackfly S USB3,BFS-U3-13Y3C-C,1280 × 1024,1.3,,onsemi Python 1300,4.8 µm,CMOS,색상,C-마운트,"소프트웨어 트리거, 하드웨어 트리거, 동작 명령",USB 3.1 Gen 1,,"픽셀 비닝, 데시메이션, ROI",맞춤형 카메라 설정을 위한 2가지 사용자 설정 세트,"색상 보정 매트릭스, 감마, 룩업 테이블(순람표), 채도 및 선명도",6 MB 비휘발성 메모리,연속 / 단일 프레임 / 다중 프레임,,55.33,9.45,,,5808,10비트,-30°에서 60°C,GPIO를 통해 8-24 V 또는 USB3을 통해 5 V,20에서 80% (응결 없음),0°~50°C(주변 온도),30 - 95% (응결 없음),<3 W,36g,USB3 마이크로-B | Hirose HR10A-7R-6PB,29 mm × 29 mm × 30 mm,,USB3 포트,"렌즈, 케이블, 호스트 어댑터(USB 3.1 Gen 1)","CE, FCC, KCC, RoHS. 본 제품의 ECCN은 다음과 같습니다: EAR099.",USB3 Vision v1.0,,,,,,,,,,,,,,,,,,,,,,,,,,,,,,,,,,,,,,,,,,,,,,,,,,,,,,,,,,,,,,,,,,,,,,,,글로벌 셔터,IR 차단(670nm),"수동, 자동(AGC)",6 µs to 30 seconds,,240 MB,0 dB to 18 dB,,38.3 @530nm,36.34 @625nm,36.9 @460nm,"1 양방향, 1 입력",3년,,170,"1/2""","수동, 자동(AWB)",,25.97,"1 input, 1 output","3.3 V, 120 mA maximum",글로벌 셔터,,,,,,,,,,,,2 GB RAM or more,,,Supported,Windows or Linux (32–bit or 64–bit),200 MB 하드 드라이브 저장 공간,3.1 GHz 또는 동일 CPU,,,,,,,,,,,,,<3 W,,,,,,,,,,,,,,,,,,,,,,,,,,1.3,1280 × 1024,,170,글로벌 셔터,,색상,,C-마운트,USB 3.1 Gen 1,29 mm × 29 mm × 30 mm,36g,CMOS
Teledyne Dalsa,"Blackfly S USB3: 1.3 MP, 단색, C-마운트 BFS-U3-13Y3M-C",Area Scan,Blackfly S USB3,BFS-U3-13Y3M-C,1280 × 1024,1.3,,onsemi Python 1300,4.8 µm,CMOS,단색,C-마운트,"소프트웨어 트리거, 하드웨어 트리거, 동작 명령",USB 3.1 Gen 1,,"픽셀 비닝, 데시메이션, ROI",맞춤형 카메라 설정을 위한 2가지 사용자 설정 세트,"감마, 룩업 테이블(순람표) 및 선명도",6 MB 비휘발성 메모리,연속 / 단일 프레임 / 다중 프레임,,54.61,10.21,,,5756,10비트,-30°에서 60°C,GPIO를 통해 8-24 V 또는 USB3을 통해 5 V,20에서 80% (응결 없음),0°~50°C(주변 온도),30 - 95% (응결 없음),<3 W,36g,USB3 마이크로-B | Hirose HR10A-7R-6PB,29 mm × 29 mm × 30 mm,,USB3 포트,"렌즈, 케이블, 호스트 어댑터(USB 3.1 Gen 1)","CE, FCC, KCC, RoHS. 본 제품의 ECCN은 다음과 같습니다: EAR099.",USB3 Vision v1.0,,,,,,,,,,,,,,,,,,,,,,,,,,,,,,,,,,,,,,,,,,,,,,,,,,,,,,,,,,,,,,,,,,,,,,,,글로벌 셔터,없음,"수동, 자동(AGC)",6 µs to 30 seconds,,240 MB,0 dB to 18 dB,,,,,"1 양방향, 1 입력",3년,59 @525nm,170,"1/2""",,59 (% at 525 nm),21.22,"1 input, 1 output","3.3 V, 120 mA maximum",글로벌 셔터,,,,,,,,,,,,2 GB RAM or more,,,Supported,Windows or Linux (32–bit or 64–bit),200 MB 하드 드라이브 저장 공간,3.1 GHz 또는 동일 CPU,,,,,,,,,,,,,<3 W,,,,,,,,,,,,,,,,,,,,,,,,,,1.3,1280 × 1024,,170,글로벌 셔터,,단색,,C-마운트,USB 3.1 Gen 1,29 mm × 29 mm × 30 mm,36g,CMOS
Teledyne Dalsa,"Blackfly S USB3: 1.6 MP, 컬러, CS-마운트 BFS-U3-16S2C-CS",Area Scan,Blackfly S USB3,BFS-U3-16S2C-CS,1440 × 1080,1.6,,Sony IMX273,3.45 µm,CMOS,색상,CS-마운트,"소프트웨어 트리거, 하드웨어 트리거, 동작 명령",USB 3.1 Gen 1,,"픽셀 비닝, 데시메이션, ROI",맞춤형 카메라 설정을 위한 2가지 사용자 설정 세트,"색상 보정 매트릭스, 감마, 룩업 테이블(순람표), 채도 및 선명도",6 MB 비휘발성 메모리,연속 / 단일 프레임 / 다중 프레임,,71.43,2.41,,,10862,"10비트, 12비트",-30°에서 60°C,GPIO를 통해 8-24 V 또는 USB3을 통해 5 V,20에서 80% (응결 없음),0°~50°C(주변 온도),30 - 95% (응결 없음),3 W,36g,USB3 마이크로-B | Hirose HR10A-7R-6PB,29 mm × 29 mm × 30 mm,,USB3 포트,"렌즈, 케이블, 호스트 어댑터(USB 3.1 Gen 1)","CE, FCC, KCC, RoHS. 본 제품의 ECCN은 다음과 같습니다: EAR099.",USB3 Vision v1.0,,,,,,,,,,,,,,,,,,,,,,,,,,,,,,,,,,,,,,,,,,,,,,,,,,,,,,,,,,,,,,,,,,,,,,,,글로벌 셔터,IR 차단(670nm),"수동, 자동(AGC)",4 µs 에서 30초,,240 MB,0 dB에서 47 dB,,59.32 @530nm,47.08 @625nm,48.03 @460nm,"1 양방향, 1 입력",3년,,226,"1/2.9""","수동, 자동(AWB)",,4.91,"1 input, 1 output","3.3 V, 120 mA maximum",글로벌 셔터,,,,,,,,,,,,2 GB RAM or more,,,Supported,Windows or Linux (32–bit or 64–bit),200 MB 하드 드라이브 저장 공간,3.1 GHz 또는 동일 CPU,,,,,,,,,,,,,3 W,,,,,,,,,,,,,,,,,,,,,,,,,,1.6,1440 × 1080,,226,글로벌 셔터,,색상,,CS-마운트,USB 3.1 Gen 1,29 mm × 29 mm × 30 mm,36g,CMOS
Teledyne Dalsa,"Blackfly S USB3: 1.6 MP, 단색, CS-마운트 BFS-U3-16S2M-CS",Area Scan,Blackfly S USB3,BFS-U3-16S2M-CS,1440 × 1080,1.6,,Sony IMX273,3.45 µm,CMOS,단색,CS-마운트,"소프트웨어 트리거, 하드웨어 트리거, 동작 명령",USB 3.1 Gen 1,,"픽셀 비닝, 데시메이션, ROI",맞춤형 카메라 설정을 위한 2가지 사용자 설정 세트,"감마, 룩업 테이블(순람표) 및 선명도",6 MB 비휘발성 메모리,연속 / 단일 프레임 / 다중 프레임,,71.58,2.45,,,11179,"10비트, 12비트",-30°에서 60°C,GPIO를 통해 8-24 V 또는 USB3을 통해 5 V,20에서 80% (응결 없음),0°~50°C(주변 온도),30 - 95% (응결 없음),3 W,36g,USB3 마이크로-B | Hirose HR10A-7R-6PB,29 mm × 29 mm × 30 mm,,USB3 포트,"렌즈, 케이블, 호스트 어댑터(USB 3.1 Gen 1)","CE, FCC, KCC, RoHS. 본 제품의 ECCN은 다음과 같습니다: EAR099.",USB3 Vision v1.0,,,,,,,,,,,,,,,,,,,,,,,,,,,,,,,,,,,,,,,,,,,,,,,,,,,,,,,,,,,,,,,,,,,,,,,,글로벌 셔터,없음,"수동, 자동(AGC)",4 µs 에서 30초,,240 MB,0 dB에서 47 dB,,,,,"1 양방향, 1 입력",3년,64.81 @530nm,226,"1/2.9""",,64.81 (530nm),4.55,"1 input, 1 output","3.3 V, 120 mA maximum",글로벌 셔터,,,,,,,,,,,,2 GB RAM or more,,,Supported,Windows or Linux (32–bit or 64–bit),200 MB 하드 드라이브 저장 공간,3.1 GHz 또는 동일 CPU,,,,,,,,,,,,,3 W,,,,,,,,,,,,,,,,,,,,,,,,,,1.6,1440 × 1080,,226,글로벌 셔터,,단색,,CS-마운트,USB 3.1 Gen 1,29 mm × 29 mm × 30 mm,36g,CMOS
Teledyne Dalsa,"Blackfly S USB3: 1.7 MP, 컬러, C-마운트 BFS-U3-16S7C-C",Area Scan,Blackfly S USB3,BFS-U3-16S7C-C,1600 x 1100,1.7,,Sony IMX432,9,CMOS,색상,C-마운트,"소프트웨어 트리거, 하드웨어 트리거, 동작 명령",USB 3.1 Gen 1,,"픽셀 비닝, 데시메이션, ROI",맞춤형 카메라 설정을 위한 2가지 사용자 설정 세트,"색상 보정 매트릭스, 감마, 룩업 테이블(순람표), 채도 및 선명도",6 MB non-volatile memory,연속 / 단일 프레임 / 다중 프레임,,71.61 (HCG) / 72.55 (LCG),4.68(HCG) / 23.01(LCG),,,19643 (HCG) / 98965 (LCG),12비트,-30°에서 60°C,GPIO를 통해 8-24 V 또는 USB3을 통해 5 V,20에서 80% (응결 없음),0°~50°C(주변 온도),30 - 95% (응결 없음),4.2 W,53g,USB3 마이크로-B | Hirose HR10A-7R-6PB,29 mm × 29 mm × 39 mm,,USB3 포트,"렌즈, 케이블, 호스트 어댑터(USB 3.1 Gen 1)","CE, FCC, KCC, RoHS. 본 제품의 ECCN은 다음과 같습니다: EAR099.",USB3 Vision v1.0,,,,,,,,,,,,,,,,,,,,,,,,,,,,,,,,,,,,,,,,,,,,,,,,,,,,,,,,,,,,,,,,,,,,,,,,글로벌 셔터,IR 차단(670nm),"수동, 자동(AGC)",14 µs 에서 30초,,240 MB,0 dB에서 47 dB,,64(HCG) / 63(LCG) @525nm,52(HCG) / 51(LCG) @630nm,54(HCG) / 53(LCG) @470nm,"1 양방향, 1 입력",3년,,97,"1.1""","수동, 자동(AWB)",,8.10 (HCG) / 37.69 (LCG),"1 input, 1 output","3.3 V, 120 mA maximum",글로벌 셔터,,,,,,,,,,,,2 GB RAM or more,,,Supported,Windows or Linux (32–bit or 64–bit),200 MB 하드 드라이브 저장 공간,3.1 GHz 또는 동일 CPU,,,,,,,,,,,,,,,,,,,,,,,,,,,,,,,,,,,,,,,1.7,1600 x 1100,,97,글로벌 셔터,,색상,,C-마운트,USB 3.1 Gen 1,29 mm × 29 mm × 39 mm,53g,CMOS
Teledyne Dalsa,"Blackfly S USB3: 1.7 MP, 단색, C-마운트 BFS-U3-16S7M-C",Area Scan,Blackfly S USB3,BFS-U3-16S7M-C,1600 x 1100,1.7,,Sony IMX432,9,CMOS,단색,C-마운트,"소프트웨어 트리거, 하드웨어 트리거, 동작 명령",USB 3.1 Gen 1,,"픽셀 비닝, 데시메이션, ROI",맞춤형 카메라 설정을 위한 2가지 사용자 설정 세트,"감마, 룩업 테이블(순람표) 및 선명도",6 MB non-volatile memory,연속 / 단일 프레임 / 다중 프레임,,71.57 (HCG) / 72.48 (LCG),4.68(HCG) / 23.01(LCG),,,19643 (HCG) / 98965 (LCG),12비트,-30°에서 60°C,GPIO를 통해 8-24 V 또는 USB3을 통해 5 V,20에서 80% (응결 없음),0°~50°C(주변 온도),30 - 95% (응결 없음),4.2 W,53g,USB3 마이크로-B | Hirose HR10A-7R-6PB,29 mm × 29 mm × 39 mm,,USB3 포트,"렌즈, 케이블, 호스트 어댑터(USB 3.1 Gen 1)","CE, FCC, KCC, RoHS. 본 제품의 ECCN은 다음과 같습니다: EAR099.",USB3 Vision v1.0,,,,,,,,,,,,,,,,,,,,,,,,,,,,,,,,,,,,,,,,,,,,,,,,,,,,,,,,,,,,,,,,,,,,,,,,글로벌 셔터,없음,"수동, 자동(AGC)",14 µs 에서 30초,,240 MB,0 dB에서 47 dB,,,,,"1 양방향, 1 입력",3년,72(HCG) / 70(LCG) @525nm,97,"1.1""",,77 (HCG) / 78 (LCG) @530 nm,7.22 (HCG) / 33.49 (LCG),"1 input, 1 output","3.3 V, 120 mA maximum",글로벌 셔터,,,,,,,,,,,,2 GB RAM or more,,,Supported,Windows or Linux (32–bit or 64–bit),200 MB 하드 드라이브 저장 공간,3.1 GHz 또는 동일 CPU,,,,,,,,,,,,,,,,,,,,,,,,,,,,,,,,,,,,,,,1.7,1600 x 1100,,97,글로벌 셔터,,단색,,C-마운트,USB 3.1 Gen 1,29 mm × 29 mm × 39 mm,53g,CMOS
Teledyne Dalsa,"Blackfly S USB3: 1.7 MP, 컬러, C-마운트 BFS-U3-17S7C-C",Area Scan,Blackfly S USB3,BFS-U3-17S7C-C,1600 x 1100,1.7,,Sony IMX425,9,CMOS,색상,C-마운트,"소프트웨어 트리거, 하드웨어 트리거, 동작 명령",USB 3.1 Gen 1,,"픽셀 비닝, 데시메이션, ROI",맞춤형 카메라 설정을 위한 2가지 사용자 설정 세트,"색상 보정 매트릭스, 감마, 룩업 테이블(순람표), 채도 및 선명도",6 MB non-volatile memory,연속 / 단일 프레임 / 다중 프레임,,71.45 (HCG) / 72.20 (LCG),4.77(HCG) / 23.28(LCG),,,19687 (HCG) / 96889 (LCG),"12비트, 10비트",-30°에서 60°C,GPIO를 통해 8-24 V 또는 USB3을 통해 5 V,20에서 80% (응결 없음),0°~50°C(주변 온도),30 - 95% (응결 없음),4.2 W,53g,USB3 마이크로-B | Hirose HR10A-7R-6PB,29 mm × 29 mm × 39 mm,,USB3 포트,"렌즈, 케이블, 호스트 어댑터(USB 3.1 Gen 1)","CE, FCC, KCC, RoHS. 본 제품의 ECCN은 다음과 같습니다: EAR099.",USB3 Vision v1.0,,,,,,,,,,,,,,,,,,,,,,,,,,,,,,,,,,,,,,,,,,,,,,,,,,,,,,,,,,,,,,,,,,,,,,,,글로벌 셔터,IR 차단(670nm),"수동, 자동(AGC)",9 µs 에서 30초,,240 MB,0 dB에서 47 dB,,64(HCG) / 63(LCG) @525nm,53(HCG) / 52(LCG) @630nm,54(HCG) / 53(LCG) @470nm,"1 양방향, 1 입력",3년,,196,"1.1""","수동, 자동(AWB)",,8.24 (HCG) / 37.99 (LCG),"1 input, 1 output","3.3 V, 120 mA maximum",글로벌 셔터,,,,,,,,,,,,2 GB RAM or more,,,Supported,Windows or Linux (32–bit or 64–bit),200 MB 하드 드라이브 저장 공간,3.1 GHz 또는 동일 CPU,,,,,,,,,,,,,,,,,,,,,,,,,,,,,,,,,,,,,,,1.7,1600 x 1100,,196,글로벌 셔터,,색상,,C-마운트,USB 3.1 Gen 1,29 mm × 29 mm × 39 mm,53g,CMOS
Teledyne Dalsa,"Blackfly S USB3: 1.7 MP, 단색, C-마운트 BFS-U3-17S7M-C",Area Scan,Blackfly S USB3,BFS-U3-17S7M-C,1600 x 1100,1.7,,Sony IMX425,9,CMOS,단색,C-마운트,"소프트웨어 트리거, 하드웨어 트리거, 동작 명령",USB 3.1 Gen 1,,"픽셀 비닝, 데시메이션, ROI",맞춤형 카메라 설정을 위한 2가지 사용자 설정 세트,"감마, 룩업 테이블(순람표) 및 선명도",6 MB non-volatile memory,연속 / 단일 프레임 / 다중 프레임,,71.53 (HCG) / 72.46 (LCG),4.69(HCG) / 22.99(LCG),,,19557 (HCG) / 98654 (LCG),"12비트, 10비트",-30°에서 60°C,GPIO를 통해 8-24 V 또는 USB3을 통해 5 V,20에서 80% (응결 없음),0°~50°C(주변 온도),30 - 95% (응결 없음),4.2 W,53g,USB3 마이크로-B | Hirose HR10A-7R-6PB,29 mm × 29 mm × 39 mm,,USB3 포트,"렌즈, 케이블, 호스트 어댑터(USB 3.1 Gen 1)","CE, FCC, KCC, RoHS. 본 제품의 ECCN은 다음과 같습니다: EAR099.",USB3 Vision v1.0,,,,,,,,,,,,,,,,,,,,,,,,,,,,,,,,,,,,,,,,,,,,,,,,,,,,,,,,,,,,,,,,,,,,,,,,글로벌 셔터,없음,"수동, 자동(AGC)",9 µs 에서 30초,,240 MB,0 dB에서 47 dB,,,,,"1 양방향, 1 입력",3년,72(HCG) / 70(LCG) @525nm,196,"1.1""",,77 (HCG) / 78 (LCG) @530 nm,7.26 (HCG) / 33.52 (LCG),"1 input, 1 output","3.3 V, 120 mA maximum",글로벌 셔터,,,,,,,,,,,,2 GB RAM or more,,,Supported,Windows or Linux (32–bit or 64–bit),200 MB 하드 드라이브 저장 공간,3.1 GHz 또는 동일 CPU,,,,,,,,,,,,,,,,,,,,,,,,,,,,,,,,,,,,,,,1.7,1600 x 1100,,196,글로벌 셔터,,단색,,C-마운트,USB 3.1 Gen 1,29 mm × 29 mm × 39 mm,53g,CMOS
Teledyne Dalsa,"Blackfly S USB3: 1.9 MP, 컬러, C-마운트 BFS-U3-19S4C-C",Area Scan,Blackfly S USB3,BFS-U3-19S4C-C,1616 x 1240,2.0,,Sony IMX430,4.5 µm,CMOS,색상,C-마운트,"소프트웨어 트리거, 하드웨어 트리거, 동작 명령",USB 3.1 Gen 1,,"Pixel binning, decimation, ROI",2 user configuration sets for custom camera settings,"색상 보정 매트릭스, 감마, 룩업 테이블(순람표), 채도 및 선명도",6 MB non-volatile memory,연속 / 단일 프레임 / 다중 프레임,,70.95 (HCG) / 72.12 (LCG),2.61(HCG) / 5.74(LCG),,,10970 (HCG) / 25196 (LCG),12비트,-30°에서 60°C,GPIO를 통해 8-24 V 또는 USB3을 통해 5 V,20에서 80% (응결 없음),0°~50°C(주변 온도),30 - 95% (응결 없음),4.2 W,53g,USB3 마이크로-B | Hirose HR10A-7R-6PB,29 mm × 29 mm × 39 mm,,USB3 포트,"렌즈, 케이블, 호스트 어댑터(USB 3.1 Gen 1)","CE, FCC, KCC, RoHS. 본 제품의 ECCN은 다음과 같습니다: EAR099.",USB3 Vision v1.0,,,,,,,,,,,,,,,,,,,,,,,,,,,,,,,,,,,,,,,,,,,,,,,,,,,,,,,,,,,,,,,,,,,,,,,,글로벌 셔터,IR 차단(670nm),"수동, 자동(AGC)",11 µs to 30 seconds,,240 MB,0 dB to 47 dB,,62(HCG) / 63(LCG) @525nm,50(HCG) / 50(LCG) @630nm,52(HCG) / 53(LCG) @460nm,"1 양방향, 1 입력",3년,,131,1/1.7”,"수동, 자동(AWB)",,4.98 (HCG) / 9.88 (LCG),"1 input, 1 output","3.3 V, 120 mA maximum",글로벌 셔터,,,,,,,,,,,,,,,Supported,,200 MB 하드 드라이브 저장 공간,,,,,,,,,,,,,,,,,,,,,,,,,,,,,,,,,,,,,,,,2.0,1616 x 1240,,131,글로벌 셔터,,색상,,C-마운트,USB 3.1 Gen 1,29 mm × 29 mm × 39 mm,53g,CMOS
Teledyne Dalsa,"Blackfly S USB3: 1.9 MP, 단색, C-마운트 BFS-U3-19S4M-C",Area Scan,Blackfly S USB3,BFS-U3-19S4M-C,1616 x 1240,2.0,,Sony IMX430,4.5 µm,CMOS,단색,C-마운트,"소프트웨어 트리거, 하드웨어 트리거, 동작 명령",USB 3.1 Gen 1,,"Pixel binning, decimation, ROI",2 user configuration sets for custom camera settings,"감마, 룩업 테이블(순람표) 및 선명도",6 MB non-volatile memory,연속 / 단일 프레임 / 다중 프레임,,70.98 (HCG) / 72.02 (LCG),2.59(HCG) / 5.78(LCG),,,10922 (HCG) / 25053 (LCG),12비트,-30°에서 60°C,GPIO를 통해 8-24 V 또는 USB3을 통해 5 V,20에서 80% (응결 없음),0°~50°C(주변 온도),30 - 95% (응결 없음),4.2 W,53g,USB3 마이크로-B | Hirose HR10A-7R-6PB,29 mm × 29 mm × 39 mm,,USB3 포트,"렌즈, 케이블, 호스트 어댑터(USB 3.1 Gen 1)","CE, FCC, KCC, RoHS. 본 제품의 ECCN은 다음과 같습니다: EAR099.",USB3 Vision v1.0,,,,,,,,,,,,,,,,,,,,,,,,,,,,,,,,,,,,,,,,,,,,,,,,,,,,,,,,,,,,,,,,,,,,,,,,글로벌 셔터,없음,"수동, 자동(AGC)",11 µs to 30 seconds,,240 MB,0 dB to 47 dB,,,,,"1 양방향, 1 입력",3년,70(HCG) / 71(LCG) @530nm,131,1/1.7”,,76 (HCG) / 77 (LCG) @530 nm,4.38 (HCG) / 8.81 (LCG),"1 input, 1 output","3.3 V, 120 mA maximum",글로벌 셔터,,,,,,,,,,,,,,,Supported,,200 MB 하드 드라이브 저장 공간,,,,,,,,,,,,,,,,,,,,,,,,,,,,,,,,,,,,,,,,2.0,1616 x 1240,,131,글로벌 셔터,,단색,,C-마운트,USB 3.1 Gen 1,29 mm × 29 mm × 39 mm,53g,CMOS
Teledyne Dalsa,"Blackfly S USB3: 2 MP, 컬러, C-마운트 BFS-U3-20S4C-C",Area Scan,Blackfly S USB3,BFS-U3-20S4C-C,1616 x 1240,2.0,,Sony IMX422,4.5 µm,CMOS,색상,C-마운트,"소프트웨어 트리거, 하드웨어 트리거, 동작 명령",USB 3.1 Gen 1,,"Pixel binning, decimation, ROI",2 user configuration sets for custom camera settings,"색상 보정 매트릭스, 감마, 룩업 테이블(순람표), 채도 및 선명도",6 MB non-volatile memory,연속 / 단일 프레임 / 다중 프레임,,70.80 (HCG) / 71.87 (LCG),2.64(HCG) / 5.88(LCG),,,10868 (HCG) / 25023 (LCG),"10비트, 12비트",-30°에서 60°C,GPIO를 통해 8-24 V 또는 USB3을 통해 5 V,20에서 80% (응결 없음),0°~50°C(주변 온도),30 - 95% (응결 없음),4.2 W,53g,USB3 마이크로-B | Hirose HR10A-7R-6PB,29 mm × 29 mm × 39 mm,,USB3 포트,"렌즈, 케이블, 호스트 어댑터(USB 3.1 Gen 1)","CE, FCC, KCC, RoHS. 본 제품의 ECCN은 다음과 같습니다: EAR099.",USB3 Vision v1.0,,,,,,,,,,,,,,,,,,,,,,,,,,,,,,,,,,,,,,,,,,,,,,,,,,,,,,,,,,,,,,,,,,,,,,,,글로벌 셔터,IR 차단(670nm),"수동, 자동(AGC)",9 µs to 30 seconds,,240 MB,0 dB to 47 dB,,62(HCG) / 63(LCG) @525nm,50(HCG) / 50(LCG) @630nm,51(HCG) / 52(LCG) @470nm,"1 양방향, 1 입력",3년,,175,1/1.7”,"수동, 자동(AWB)",76 (HCG) / 77 (LCG) @530 nm,5.07 (HCG) / 10.16 (LCG),"1 input, 1 output","3.3 V, 120 mA maximum",글로벌 셔터,,,,,,,,,,,,,,,Supported,,200 MB 하드 드라이브 저장 공간,,,,,,,,,,,,,,,,,,,,,,,,,,,,,,,,,,,,,,,,2.0,1616 x 1240,,175,글로벌 셔터,,색상,,C-마운트,USB 3.1 Gen 1,29 mm × 29 mm × 39 mm,53g,CMOS
Teledyne Dalsa,"Blackfly S USB3: 2 MP, 단색, C-마운트 BFS-U3-20S4M-C",Area Scan,Blackfly S USB3,BFS-U3-20S4M-C,1616 x 1240,2.0,,Sony IMX422,4.5 µm,CMOS,단색,C-마운트,"소프트웨어 트리거, 하드웨어 트리거, 동작 명령",USB 3.1 Gen 1,,"Pixel binning, decimation, ROI",2 user configuration sets for custom camera settings,"감마, 룩업 테이블(순람표) 및 선명도",6 MB non-volatile memory,연속 / 단일 프레임 / 다중 프레임,,70.72 (HCG) / 71.63 (LCG),2.69(HCG) / 5.87(LCG),,,10961 (HCG) / 24277 (LCG),"10비트, 12비트",-30°에서 60°C,GPIO를 통해 8-24 V 또는 USB3을 통해 5 V,20에서 80% (응결 없음),0°~50°C(주변 온도),30 - 95% (응결 없음),4.2 W,53g,USB3 마이크로-B | Hirose HR10A-7R-6PB,29 mm × 29 mm × 39 mm,,USB3 포트,"렌즈, 케이블, 호스트 어댑터(USB 3.1 Gen 1)","CE, FCC, KCC, RoHS. 본 제품의 ECCN은 다음과 같습니다: EAR099.",USB3 Vision v1.0,,,,,,,,,,,,,,,,,,,,,,,,,,,,,,,,,,,,,,,,,,,,,,,,,,,,,,,,,,,,,,,,,,,,,,,,글로벌 셔터,없음,"수동, 자동(AGC)",9 µs to 30 seconds,,240 MB,0 dB to 47 dB,,,,,"1 양방향, 1 입력",3년,71(HCG) / 71(LCG) @530nm,175,1/1.7”,,76 (HCG) / 77 (LCG) @530 nm,4.51 (HCG) / 8.93 (LCG),"1 input, 1 output","3.3 V, 120 mA maximum",글로벌 셔터,,,,,,,,,,,,,,,Supported,,200 MB 하드 드라이브 저장 공간,,,,,,,,,,,,,,,,,,,,,,,,,,,,,,,,,,,,,,,,2.0,1616 x 1240,,175,글로벌 셔터,,단색,,C-마운트,USB 3.1 Gen 1,29 mm × 29 mm × 39 mm,53g,CMOS
Teledyne Dalsa,"Blackfly S USB3: 2.3 MP, 컬러, C-마운트 BFS-U3-23S3C-C",Area Scan,Blackfly S USB3,BFS-U3-23S3C-C,1920 × 1200,2.3,,Sony IMX392,3.45 µm,CMOS,색상,C-마운트,"소프트웨어 트리거, 하드웨어 트리거, 동작 명령",USB 3.1 Gen 1,,"픽셀 비닝, 데시메이션, ROI",맞춤형 카메라 설정을 위한 2가지 사용자 설정 세트,"색상 보정 매트릭스, 감마, 룩업 테이블(순람표), 채도 및 선명도",6 MB 비휘발성 메모리,연속 / 단일 프레임 / 다중 프레임,,71.45,2.38,,,10772,"10비트, 12비트",-30°에서 60°C,GPIO를 통해 8-24 V 또는 USB3을 통해 5 V,20에서 80% (응결 없음),0°~50°C(주변 온도),30 - 95% (응결 없음),<3 W,36g,USB3 마이크로-B | Hirose HR10A-7R-6PB,29 mm × 29 mm × 30 mm,,USB3 포트,"렌즈, 케이블, 호스트 어댑터(USB 3.1 Gen 1)","CE, FCC, KCC, RoHS. 본 제품의 ECCN은 다음과 같습니다: EAR099.",USB3 Vision v1.0,,,,,,,,,,,,,,,,,,,,,,,,,,,,,,,,,,,,,,,,,,,,,,,,,,,,,,,,,,,,,,,,,,,,,,,,글로벌 셔터,IR 차단(670nm),"수동, 자동(AGC)",5 µs 에서 30초,,240 MB,0 dB에서 47 dB,,60 @530nm,48.03 @625nm,49.48 @460nm,"1 양방향, 1 입력",3년,,163,"1/2.3""","수동, 자동(AWB)",,4.81,"1 input, 1 output","3.3 V, 120 mA maximum",글로벌 셔터,,,,,,,,,,,,2 GB RAM or more,,,Supported,Windows or Linux (32–bit or 64–bit),200 MB 하드 드라이브 저장 공간,3.1 GHz 또는 동일 CPU,,,,,,,,,,,,,<3 W,,,,,,,,,,,,,,,,,,,,,,,,,,2.3,1920 × 1200,,163,글로벌 셔터,,색상,,C-마운트,USB 3.1 Gen 1,29 mm × 29 mm × 30 mm,36g,CMOS
Teledyne Dalsa,"Blackfly S USB3: 2.3 MP, 단색, C-마운트 BFS-U3-23S3M-C",Area Scan,Blackfly S USB3,BFS-U3-23S3M-C,1920 × 1200,2.3,,Sony IMX392,3.45 µm,CMOS,단색,C-마운트,"소프트웨어 트리거, 하드웨어 트리거, 동작 명령",USB 3.1 Gen 1,,"픽셀 비닝, 데시메이션, ROI",맞춤형 카메라 설정을 위한 2가지 사용자 설정 세트,"감마, 룩업 테이블(순람표) 및 선명도",6 MB 비휘발성 메모리,연속 / 단일 프레임 / 다중 프레임,,71.68,2.39,,,11088,"10비트, 12비트",-30°에서 60°C,GPIO를 통해 8-24 V 또는 USB3을 통해 5 V,20에서 80% (응결 없음),0°~50°C(주변 온도),30 - 95% (응결 없음),<3 W,36g,USB3 마이크로-B | Hirose HR10A-7R-6PB,29 mm × 29 mm × 30 mm,,USB3 포트,"렌즈, 케이블, 호스트 어댑터(USB 3.1 Gen 1)","CE, FCC, KCC, RoHS. 본 제품의 ECCN은 다음과 같습니다: EAR099.",USB3 Vision v1.0,,,,,,,,,,,,,,,,,,,,,,,,,,,,,,,,,,,,,,,,,,,,,,,,,,,,,,,,,,,,,,,,,,,,,,,,글로벌 셔터,없음,"수동, 자동(AGC)",5 µs 에서 30초,,240 MB,0 dB에서 47 dB,,,,,"1 양방향, 1 입력",3년,65.78 @530nm,163,"1/2.3""",,65.78 (530nm),4.39,"1 input, 1 output","3.3 V, 120 mA maximum",글로벌 셔터,,,,,,,,,,,,2 GB RAM or more,,,Supported,Windows or Linux (32–bit or 64–bit),200 MB 하드 드라이브 저장 공간,3.1 GHz 또는 동일 CPU,,,,,,,,,,,,,<3 W,,,,,,,,,,,,,,,,,,,,,,,,,,2.3,1920 × 1200,,163,글로벌 셔터,,단색,,C-마운트,USB 3.1 Gen 1,29 mm × 29 mm × 30 mm,36g,CMOS
Teledyne Dalsa,"Blackfly S USB3: 2.3 MP, 컬러, C-마운트 BFS-U3-23S6C-C",Area Scan,Blackfly S USB3,BFS-U3-23S6C-C,1920 × 1200,2.3,,Sony IMX249,5.86,CMOS,색상,C-마운트,"소프트웨어 트리거, 하드웨어 트리거, 동작 명령",USB 3.1 Gen 1,,"픽셀 비닝, 데시메이션, ROI",사용자 카메라 설정을 위한 사용자 구성 세트 2개,"색상 보정 매트릭스, 감마, 룩업 테이블(순람표), 채도 및 선명도",6MB 비휘발성 메모리,연속 / 단일 프레임 / 다중 프레임,,73.42,6.52,,,53773,"10비트, 12비트",-30°~60°C,GPIO를 통해 8-24V 또는 USB3을 통해 5V,20에서 80%(응결 없음),0°~50°C(주변 온도),30~95%(응결 없음),<3 W,36g,USB3 마이크로-B | Hirose HR10A-7R-6PB,29mm × 29mm × 30mm,,USB3 포트,"렌즈, 케이블, 호스트 어댑터(USB 3.1 Gen 1)","CE, FCC, KCC, RoHS. 본 제품의 ECCN은 다음과 같습니다. EAR099.",USB3 Vision v1.0,,,,,,,,,,,,,,,,,,,,,,,,,,,,,,,,,,,,,,,,,,,,,,,,,,,,,,,,,,,,,,,,,,,,,,,,글로벌 셔터,IR 차단(670nm),"수동, 자동(AGC)",33µs~30초,,240 MB,0dB~47dB,,65 @525nm,40 @625nm,58 @470nm,"1 양방향, 1 입력",3년,,41,"1/1.2""","수동, 자동(AWB)",,7.48,"1 input, 1 output","3.3 V, 120 mA maximum",글로벌 셔터,,,,,,,,,,,,2 GB RAM or more,,,Supported,Windows or Linux (32–bit or 64–bit),200 MB 하드 드라이브 저장 공간,3.1 GHz 또는 동일 CPU,,,,,,,,,,,,,<3W,,,,,,,,,,,,,,,,,,,,,,,,,,2.3,1920 × 1200,,41,글로벌 셔터,,색상,,C-마운트,USB 3.1 Gen 1,29mm × 29mm × 30mm,36g,CMOS
Teledyne Dalsa,"Blackfly S USB3: 2.3 MP, 모노, C-마운트 BFS-U3-23S6M-C",Area Scan,Blackfly S USB3,BFS-U3-23S6M-C,1920 × 1200,2.3,,Sony IMX249,5.86,CMOS,단색,C-마운트,"소프트웨어 트리거, 하드웨어 트리거, 동작 명령",USB 3.1 Gen 1,,"픽셀 비닝, 데시메이션, ROI",사용자 카메라 설정을 위한 사용자 구성 세트 2개,"감마, 룩업 테이블(순람표) 및 선명도",6MB 비휘발성 메모리,연속 / 단일 프레임 / 다중 프레임,,73.27,6.58,,,48974,"10비트, 12비트",-30°~60°C,GPIO를 통해 8-24V 또는 USB3을 통해 5V,20에서 80%(응결 없음),0°~50°C(주변 온도),30~95%(응결 없음),<3 W,36g,USB3 마이크로-B | Hirose HR10A-7R-6PB,29mm × 29mm × 30mm,,USB3 포트,"렌즈, 케이블, 호스트 어댑터(USB 3.1 Gen 1)","CE, FCC, KCC, RoHS. 본 제품의 ECCN은 다음과 같습니다. EAR099.",USB3 Vision v1.0,,,,,,,,,,,,,,,,,,,,,,,,,,,,,,,,,,,,,,,,,,,,,,,,,,,,,,,,,,,,,,,,,,,,,,,,글로벌 셔터,없음,"수동, 자동(AGC)",33µs~30초,,240 MB,0dB~47dB,,,,,"1 양방향, 1 입력",3년,71 @525nm,41,"1/1.2""",,71 @525nm,7.53,"1 input, 1 output","3.3 V, 120 mA maximum",글로벌 셔터,,,,,,,,,,,,2 GB RAM or more,,,Supported,Windows or Linux (32–bit or 64–bit),200 MB 하드 드라이브 저장 공간,3.1 GHz 또는 동일 CPU,,,,,,,,,,,,,<3W,,,,,,,,,,,,,,,,,,,,,,,,,,2.3,1920 × 1200,,41,글로벌 셔터,,단색,,C-마운트,USB 3.1 Gen 1,29mm × 29mm × 30mm,36g,CMOS
Teledyne Dalsa,"Blackfly S USB3: 2.8 MP, 컬러, C-마운트 BFS-U3-27S5C-C",Area Scan,Blackfly S USB3,BFS-U3-27S5C-C,1936 × 1464,2.8,,Sony IMX429,4.5 µm,CMOS,색상,C-마운트,"소프트웨어 트리거, 하드웨어 트리거, 동작 명령",USB 3.1 Gen 1,,"Pixel binning, decimation, ROI",2 user configuration sets for custom camera settings,"색상 보정 매트릭스, 감마, 룩업 테이블(순람표), 채도 및 선명도",6 MB non-volatile memory,연속 / 단일 프레임 / 다중 프레임,,70.95 (HCG) / 72.02 (LCG),2.60(HCG) / 5.81(LCG),,,10942 (HCG) / 25176 (LCG),12비트,-30°에서 60°C,GPIO를 통해 8-24 V 또는 USB3을 통해 5 V,20에서 80% (응결 없음),0°~50°C(주변 온도),30 - 95% (응결 없음),4.2 W,53g,USB3 마이크로-B | Hirose HR10A-7R-6PB,29 mm × 29 mm × 39 mm,,USB3 포트,"렌즈, 케이블, 호스트 어댑터(USB 3.1 Gen 1)","CE, FCC, KCC, RoHS. 본 제품의 ECCN은 다음과 같습니다: EAR099.",USB3 Vision v1.0,,,,,,,,,,,,,,,,,,,,,,,,,,,,,,,,,,,,,,,,,,,,,,,,,,,,,,,,,,,,,,,,,,,,,,,,글로벌 셔터,IR 차단(670nm),"수동, 자동(AGC)",12 µs to 30 seconds,,240 MB,0 dB to 47 dB,,62(HCG) / 63(LCG) @525nm,50(HCG) / 50(LCG) @630nm,52(HCG) / 53(LCG) @470nm,"1 양방향, 1 입력",3년,,95,2/3”,"수동, 자동(AWB)",,4.98 (HCG) / 9.99 (LCG),"1 input, 1 output","3.3 V, 120 mA maximum",글로벌 셔터,,,,,,,,,,,,,,,Supported,,200 MB 하드 드라이브 저장 공간,,,,,,,,,,,,,,,,,,,,,,,,,,,,,,,,,,,,,,,,2.8,1936 × 1464,,95,글로벌 셔터,,색상,,C-마운트,USB 3.1 Gen 1,29 mm × 29 mm × 39 mm,53g,CMOS
Teledyne Dalsa,"Blackfly S USB3: 2.8 MP, 단색, C-마운트 BFS-U3-27S5M-C",Area Scan,Blackfly S USB3,BFS-U3-27S5M-C,1936 × 1464,2.8,,Sony IMX429,4.5 µm,CMOS,단색,C-마운트,"소프트웨어 트리거, 하드웨어 트리거, 동작 명령",USB 3.1 Gen 1,,"Pixel binning, decimation, ROI",2 user configuration sets for custom camera settings,"감마, 룩업 테이블(순람표) 및 선명도",6 MB non-volatile memory,연속 / 단일 프레임 / 다중 프레임,,70.77 (HCG) / 71.92 (LCG),2.63(HCG) / 5.80(LCG),,,10818 (HCG) / 24859 (LCG),12비트,-30°에서 60°C,GPIO를 통해 8-24 V 또는 USB3을 통해 5 V,20에서 80% (응결 없음),0°~50°C(주변 온도),30 - 95% (응결 없음),4.2 W,53g,USB3 마이크로-B | Hirose HR10A-7R-6PB,29 mm × 29 mm × 39 mm,,USB3 포트,"렌즈, 케이블, 호스트 어댑터(USB 3.1 Gen 1)","CE, FCC, KCC, RoHS. 본 제품의 ECCN은 다음과 같습니다: EAR099.",USB3 Vision v1.0,,,,,,,,,,,,,,,,,,,,,,,,,,,,,,,,,,,,,,,,,,,,,,,,,,,,,,,,,,,,,,,,,,,,,,,,글로벌 셔터,없음,"수동, 자동(AGC)",12 µs to 30 seconds,,240 MB,0 dB to 47 dB,,,,,"1 양방향, 1 입력",3년,70(HCG) / 71(LCG) @530nm,95,2/3”,,76 (HCG) / 77 (LCG) @530 nm,4.48 (HCG) / 8.91 (LCG),"1 input, 1 output","3.3 V, 120 mA maximum",글로벌 셔터,,,,,,,,,,,,,,,Supported,,200 MB 하드 드라이브 저장 공간,,,,,,,,,,,,,,,,,,,,,,,,,,,,,,,,,,,,,,,,2.8,1936 × 1464,,95,글로벌 셔터,,단색,,C-마운트,USB 3.1 Gen 1,29 mm × 29 mm × 39 mm,53g,CMOS
Teledyne Dalsa,"Blackfly S USB3: 2.8 MP, 컬러, C-마운트 BFS-U3-28S5C-C",Area Scan,Blackfly S USB3,BFS-U3-28S5C-C,1936 × 1464,2.8,,Sony IMX421,4.5 µm,CMOS,색상,C-마운트,"소프트웨어 트리거, 하드웨어 트리거, 동작 명령",USB 3.1 Gen 1,,"Pixel binning, decimation, ROI",2 user configuration sets for custom camera settings,"감마, 룩업 테이블(순람표) 및 선명도",6 MB non-volatile memory,연속 / 단일 프레임 / 다중 프레임,,70.87 (HCG) / 71.74 (LCG),2.68(HCG) / 6.06(LCG),,,11103 (HCG) / 25332 (LCG),12비트,-30°에서 60°C,GPIO를 통해 8-24 V 또는 USB3을 통해 5 V,20에서 80% (응결 없음),0°~50°C(주변 온도),30 - 95% (응결 없음),4.2 W,53g,USB3 마이크로-B | Hirose HR10A-7R-6PB,29 mm × 29 mm × 39 mm,,USB3 포트,"렌즈, 케이블, 호스트 어댑터(USB 3.1 Gen 1)","CE, FCC, KCC, RoHS. 본 제품의 ECCN은 다음과 같습니다: EAR099.",USB3 Vision v1.0,,,,,,,,,,,,,,,,,,,,,,,,,,,,,,,,,,,,,,,,,,,,,,,,,,,,,,,,,,,,,,,,,,,,,,,,글로벌 셔터,IR 차단(670nm),"수동, 자동(AGC)",10 µs to 30 seconds,,240 MB,0 dB to 47 dB,,68(HCG) / 69(LCG) @530nm,63(HCG) / 65(LCG) @625nm,54(HCG) / 55(LCG) @460nm,"1 양방향, 1 입력",3년,,130,2/3”,"수동, 자동(AWB)",,4.67 (HCG) / 9.49 (LCG),"1 input, 1 output","3.3 V, 120 mA maximum",글로벌 셔터,,,,,,,,,,,,,,,Supported,,200 MB 하드 드라이브 저장 공간,,,,,,,,,,,,,,,,,,,,,,,,,,,,,,,,,,,,,,,,2.8,1936 × 1464,,130,글로벌 셔터,,색상,,C-마운트,USB 3.1 Gen 1,29 mm × 29 mm × 39 mm,53g,CMOS
Teledyne Dalsa,"Blackfly S USB3: 2.8 MP, 단색, C-마운트 BFS-U3-28S5M-C",Area Scan,Blackfly S USB3,BFS-U3-28S5M-C,1936 × 1464,2.8,,Sony IMX421,4.5 µm,CMOS,단색,C-마운트,"소프트웨어 트리거, 하드웨어 트리거, 동작 명령",USB 3.1 Gen 1,,"Pixel binning, decimation, ROI",2 user configuration sets for custom camera settings,"감마, 룩업 테이블(순람표) 및 선명도",6 MB non-volatile memory,연속 / 단일 프레임 / 다중 프레임,,70.81 (HCG) / 71.73 (LCG),2.65(HCG) / 6.03(LCG),,,10940 (HCG) / 25219 (LCG),12비트,-30°에서 60°C,GPIO를 통해 8-24 V 또는 USB3을 통해 5 V,20에서 80% (응결 없음),0°~50°C(주변 온도),30 - 95% (응결 없음),4.2 W,53g,USB3 마이크로-B | Hirose HR10A-7R-6PB,29 mm × 29 mm × 39 mm,,USB3 포트,"렌즈, 케이블, 호스트 어댑터(USB 3.1 Gen 1)","CE, FCC, KCC, RoHS. 본 제품의 ECCN은 다음과 같습니다: EAR099.",USB3 Vision v1.0,,,,,,,,,,,,,,,,,,,,,,,,,,,,,,,,,,,,,,,,,,,,,,,,,,,,,,,,,,,,,,,,,,,,,,,,글로벌 셔터,없음,"수동, 자동(AGC)",10 µs to 30 seconds,,240 MB,0 dB to 47 dB,,,,,"1 양방향, 1 입력",3년,76(HCG) / 77(LCG) @530nm,130,2/3”,,76 (HCG) / 77 (LCG) @530 nm,4.16 (HCG) / 8.44 (LCG),"1 input, 1 output","3.3 V, 120 mA maximum",글로벌 셔터,,,,,,,,,,,,,,,Supported,,200 MB 하드 드라이브 저장 공간,,,,,,,,,,,,,,,,,,,,,,,,,,,,,,,,,,,,,,,,2.8,1936 × 1464,,130,글로벌 셔터,,단색,,C-마운트,USB 3.1 Gen 1,29 mm × 29 mm × 39 mm,53g,CMOS
Teledyne Dalsa,"Blackfly S USB3: 3.2 MP, 컬러, C-마운트 BFS-U3-31S4C-C",Area Scan,Blackfly S USB3,BFS-U3-31S4C-C,2048 × 1536,3.2,,Sony IMX265,3.45 µm,CMOS,색상,C-마운트,"소프트웨어 트리거, 하드웨어 트리거, 동작 명령",USB 3.1 Gen 1,,"픽셀 비닝, 데시메이션, ROI",맞춤형 카메라 설정을 위한 2가지 사용자 설정 세트,"색상 보정 매트릭스, 감마, 룩업 테이블(순람표), 채도 및 선명도",6 MB 비휘발성 메모리,연속 / 단일 프레임 / 다중 프레임,,71.92,2.21,,,10689,12비트,-30°에서 60°C,GPIO를 통해 8-24 V 또는 USB3을 통해 5 V,20에서 80% (응결 없음),0°~50°C(주변 온도),30 - 95% (응결 없음),<3 W,36g,USB3 마이크로-B | Hirose HR10A-7R-6PB,29 mm × 29 mm × 30 mm,,USB3 포트,"렌즈, 케이블, 호스트 어댑터(USB 3.1 Gen 1)","CE, FCC, KCC, RoHS. 본 제품의 ECCN은 다음과 같습니다: EAR099.",USB3 Vision v1.0,,,,,,,,,,,,,,,,,,,,,,,,,,,,,,,,,,,,,,,,,,,,,,,,,,,,,,,,,,,,,,,,,,,,,,,,글로벌 셔터,IR 차단(670nm),"수동, 자동(AGC)",11µs ~ 30초,,240 MB,0dB ~ 47dB,,56.1 @530nm,44.53 @625nm,47.13 @460nm,"1 양방향, 1 입력",3년,,55,"1/1.8""","수동, 자동(AWB)",,4.83,"1 input, 1 output","3.3 V, 120 mA maximum",글로벌 셔터,,,,,,,,,,,,2 GB RAM or more,,,Supported,Windows or Linux (32–bit or 64–bit),200 MB 하드 드라이브 저장 공간,3.1 GHz 또는 동일 CPU,,,,,,,,,,,,,<3 W,,,,,,,,,,,,,,,,,,,,,,,,,,3.2,2048 × 1536,,55,글로벌 셔터,,색상,,C-마운트,USB 3.1 Gen 1,29 mm × 29 mm × 30 mm,36g,CMOS
Teledyne Dalsa,"Blackfly S USB3: 3.2 MP, 단색, C-마운트 BFS-U3-31S4M-C",Area Scan,Blackfly S USB3,BFS-U3-31S4M-C,2048 × 1536,3.2,,Sony IMX265,3.45 µm,CMOS,단색,C-마운트,"소프트웨어 트리거, 하드웨어 트리거, 동작 명령",USB 3.1 Gen 1,,"픽셀 비닝, 데시메이션, ROI",맞춤형 카메라 설정을 위한 2가지 사용자 설정 세트,"감마, 룩업 테이블(순람표) 및 선명도",6 MB 비휘발성 메모리,연속 / 단일 프레임 / 다중 프레임,,71.83,2.26,,,10791,12비트,-30°에서 60°C,GPIO를 통해 8-24 V 또는 USB3을 통해 5 V,20에서 80% (응결 없음),0°~50°C(주변 온도),30 - 95% (응결 없음),<3 W,36g,USB3 마이크로-B | Hirose HR10A-7R-6PB,29 mm × 29 mm × 30 mm,,USB3 포트,"렌즈, 케이블, 호스트 어댑터(USB 3.1 Gen 1)","CE, FCC, KCC, RoHS. 본 제품의 ECCN은 다음과 같습니다: EAR099.",USB3 Vision v1.0,,,,,,,,,,,,,,,,,,,,,,,,,,,,,,,,,,,,,,,,,,,,,,,,,,,,,,,,,,,,,,,,,,,,,,,,글로벌 셔터,없음,"수동, 자동(AGC)",11µs ~ 30초,,240 MB,0dB ~ 47dB,,,,,"1 양방향, 1 입력",3년,62 @525nm,55,"1/1.8""",,62 (% at 525 nm),4.43,"1 input, 1 output","3.3 V, 120 mA maximum",글로벌 셔터,,,,,,,,,,,,2 GB RAM or more,,,Supported,Windows or Linux (32–bit or 64–bit),200 MB 하드 드라이브 저장 공간,3.1 GHz 또는 동일 CPU,,,,,,,,,,,,,<3 W,,,,,,,,,,,,,,,,,,,,,,,,,,3.2,2048 × 1536,,55,글로벌 셔터,,단색,,C-마운트,USB 3.1 Gen 1,29 mm × 29 mm × 30 mm,36g,CMOS
Teledyne Dalsa,"Blackfly S USB3: 3.2 MP, 컬러, C-마운트 BFS-U3-32S4C-C",Area Scan,Blackfly S USB3,BFS-U3-32S4C-C,2048 × 1536,3.2,,Sony IMX252,3.45 µm,CMOS,색상,C-마운트,"소프트웨어 트리거, 하드웨어 트리거, 동작 명령",USB 3.1 Gen 1,,"픽셀 비닝, 데시메이션, ROI",맞춤형 카메라 설정을 위한 2가지 사용자 설정 세트,"색상 보정 매트릭스, 감마, 룩업 테이블(순람표), 채도 및 선명도",6 MB 비휘발성 메모리,연속 / 단일 프레임 / 다중 프레임,,71.69,2.27,,,11181,"10비트, 12비트",-30°에서 60°C,GPIO를 통해 8-24 V 또는 USB3을 통해 5 V,20에서 80% (응결 없음),0°~50°C(주변 온도),30 - 95% (응결 없음),<3 W,36g,USB3 마이크로-B | Hirose HR10A-7R-6PB,29 mm × 29 mm × 30 mm,,USB3 포트,"렌즈, 케이블, 호스트 어댑터(USB 3.1 Gen 1)","CE, FCC, KCC, RoHS. 본 제품의 ECCN은 다음과 같습니다: EAR099.",USB3 Vision v1.0,,,,,,,,,,,,,,,,,,,,,,,,,,,,,,,,,,,,,,,,,,,,,,,,,,,,,,,,,,,,,,,,,,,,,,,,글로벌 셔터,IR 차단(670nm),"수동, 자동(AGC)",5µs ~ 30초,,240 MB,0dB ~ 47dB,,60 @525nm,47 @630nm,48 @470nm,"1 양방향, 1 입력",3년,,118,"1/1.8""","수동, 자동(AWB)",,4.89,"1 input, 1 output","3.3 V, 120 mA maximum",글로벌 셔터,,,,,,,,,,,,2 GB RAM or more,,,Supported,Windows or Linux (32–bit or 64–bit),200 MB 하드 드라이브 저장 공간,3.1 GHz 또는 동일 CPU,,,,,,,,,,,,,<3 W,50 dB,,,,,,,,,,,,,,,,,,,,,,,,,3.2,2048 × 1536,,118,글로벌 셔터,,색상,,C-마운트,USB 3.1 Gen 1,29 mm × 29 mm × 30 mm,36g,CMOS
Teledyne Dalsa,"Blackfly S USB3: 3.2 MP, 단색, C-마운트 BFS-U3-32S4M-C",Area Scan,Blackfly S USB3,BFS-U3-32S4M-C,2048 × 1536,3.2,,Sony IMX252,3.45 µm,CMOS,단색,C-마운트,"소프트웨어 트리거, 하드웨어 트리거, 동작 명령",USB 3.1 Gen 1,,"픽셀 비닝, 데시메이션, ROI",맞춤형 카메라 설정을 위한 2가지 사용자 설정 세트,"감마, 룩업 테이블(순람표) 및 선명도",6 MB 비휘발성 메모리,연속 / 단일 프레임 / 다중 프레임,,71.57,2.26,,,10982,"10비트, 12비트",-30°에서 60°C,GPIO를 통해 8-24 V 또는 USB3을 통해 5 V,20에서 80% (응결 없음),0°~50°C(주변 온도),30 - 95% (응결 없음),<3 W,36g,USB3 마이크로-B | Hirose HR10A-7R-6PB,29 mm × 29 mm × 30 mm,,USB3 포트,"렌즈, 케이블, 호스트 어댑터(USB 3.1 Gen 1)","CE, FCC, KCC, RoHS. 본 제품의 ECCN은 다음과 같습니다: EAR099.",USB3 Vision v1.0,,,,,,,,,,,,,,,,,,,,,,,,,,,,,,,,,,,,,,,,,,,,,,,,,,,,,,,,,,,,,,,,,,,,,,,,글로벌 셔터,없음,"수동, 자동(AGC)",5µs ~ 30초,,240 MB,0dB ~ 47dB,,,,,"1 양방향, 1 입력",3년,65 @525nm,118,"1/1.8""",,65(525nm),4.49,"1 input, 1 output","3.3 V, 120 mA maximum",글로벌 셔터,,,,,,,,,,,,2 GB RAM or more,,,Supported,Windows or Linux (32–bit or 64–bit),200 MB 하드 드라이브 저장 공간,3.1 GHz 또는 동일 CPU,,,,,,,,,,,,,<3 W,,,,,,,,,,,,,,,,,,,,,,,,,,3.2,2048 × 1536,,118,글로벌 셔터,,단색,,C-마운트,USB 3.1 Gen 1,29 mm × 29 mm × 30 mm,36g,CMOS
Teledyne Dalsa,"Blackfly S USB3: 5 MP, 컬러, C-마운트 BFS-U3-50S5C-C",Area Scan,Blackfly S USB3,BFS-U3-50S5C-C,2448 × 2048,5,,Sony IMX264,3.45 µm,CMOS,색상,C-마운트,"소프트웨어 트리거, 하드웨어 트리거, 동작 명령",USB 3.1 Gen 1,,"픽셀 비닝, 데시메이션, ROI",맞춤형 카메라 설정을 위한 2가지 사용자 설정 세트,"색상 보정 매트릭스, 감마, 룩업 테이블(순람표), 채도 및 선명도",6 MB 비휘발성 메모리,연속 / 단일 프레임 / 다중 프레임,,71.92,2.22,,,10740,12비트,-30°에서 60°C,USB3 인터페이스를 통한 5 V,20에서 80% (응결 없음),0°~50°C(주변 온도),30 - 95% (응결 없음),3 W,36g,USB3 마이크로-B | Hirose HR10A-7R-6PB,29 mm × 29 mm × 30 mm,,USB3 포트,"렌즈, 케이블, 호스트 어댑터(USB 3.1 Gen 1)","CE, FCC, KCC, RoHS. 본 제품의 ECCN은 다음과 같습니다: EAR099.",USB3 Vision v1.0,,,,,,,,,,,,,,,,,,,,,,,,,,,,,,,,,,,,,,,,,,,,,,,,,,,,,,,,,,,,,,,,,,,,,,,,글로벌 셔터,IR 차단(670nm),"수동, 자동(AGC)",10 µs 에서 30초,,240 MB,0 dB에서 47 dB,,58.3 @530nm,45.94 @625nm,48.21 @460nm,"1 양방향, 1 입력",3년,,35%,"2/3""","수동, 자동(AWB)",,4.67,"1 input, 1 output","3.3 V, 120 mA maximum",글로벌 셔터,,,,,,,,,,,,2 GB RAM or more,,,Supported,Windows or Linux (32–bit or 64–bit),200 MB 하드 드라이브 저장 공간,3.1 GHz 또는 동일 CPU,,,,,,,,,,,,,,,,,,,,,,,,,,,,,,,,,,,,,,,5,2448 × 2048,,35%,글로벌 셔터,,색상,,C-마운트,USB 3.1 Gen 1,29 mm × 29 mm × 30 mm,36g,CMOS
Teledyne Dalsa,"Blackfly S USB3: 5 MP, 단색, C-마운트 BFS-U3-50S5M-C",Area Scan,Blackfly S USB3,BFS-U3-50S5M-C,2448 × 2048,5,,Sony IMX264,3.45 µm,CMOS,단색,C-마운트,"소프트웨어 트리거, 하드웨어 트리거, 동작 명령",USB 3.1 Gen 1,,"픽셀 비닝, 데시메이션, ROI",맞춤형 카메라 설정을 위한 2가지 사용자 설정 세트,"감마, 룩업 테이블(순람표) 및 선명도",6 MB 비휘발성 메모리,연속 / 단일 프레임 / 다중 프레임,,71.83,2.27,,,10824,12비트,-30°에서 60°C,USB3 인터페이스를 통한 5 V,20에서 80% (응결 없음),0°~50°C(주변 온도),30 - 95% (응결 없음),3 W,36g,USB3 마이크로-B | Hirose HR10A-7R-6PB,29 mm × 29 mm × 30 mm,,USB3 포트,"렌즈, 케이블, 호스트 어댑터(USB 3.1 Gen 1)","CE, FCC, KCC, RoHS. 본 제품의 ECCN은 다음과 같습니다: EAR099.",USB3 Vision v1.0,,,,,,,,,,,,,,,,,,,,,,,,,,,,,,,,,,,,,,,,,,,,,,,,,,,,,,,,,,,,,,,,,,,,,,,,글로벌 셔터,없음,"수동, 자동(AGC)",10 µs 에서 30초,,240 MB,0 dB에서 47 dB,,,,,"1 양방향, 1 입력",3년,62.51 @530nm,35%,"2/3""",,62.51 (530 nm),4.43,"1 input, 1 output","3.3 V, 120 mA maximum",글로벌 셔터,,,,,,,,,,,,2 GB RAM or more,,,Supported,Windows or Linux (32–bit or 64–bit),200 MB 하드 드라이브 저장 공간,3.1 GHz 또는 동일 CPU,,,,,,,,,,,,,,,,,,,,,,,,,,,,,,,,,,,,,,,5,2448 × 2048,,35%,글로벌 셔터,,단색,,C-마운트,USB 3.1 Gen 1,29 mm × 29 mm × 30 mm,36g,CMOS
Teledyne Dalsa,"Blackfly S USB3: 5 MP, 단색, C-마운트 BFS-U3-50S4M-C",Area Scan,Blackfly S USB3,BFS-U3-50S4M-C,2448 × 2048,5,,Sony IMX547,,CMOS,단색,C-마운트,"소프트웨어 트리거, 하드웨어 트리거, 동작 명령",USB 3.1 Gen 1,,"픽셀 비닝, 데시메이션, ROI",맞춤형 카메라 설정을 위한 2가지 사용자 설정 세트,"감마, 룩업 테이블(순람표) 및 선명도",6 MB 비휘발성 메모리,연속 / 단일 프레임 / 다중 프레임,,69.89,2.53,,,9476,"8비트, 10비트, 12비트",-30°에서 60°C,GPIO를 통해 8-24 V 또는 USB3을 통해 5 V,20에서 80% (응결 없음),0°~50°C(주변 온도),30 - 95% (응결 없음),4.2 W,53g,USB3 마이크로-B | Hirose HR10A-7R-6PB,29 mm × 29 mm × 30 mm,,USB3 포트,"렌즈, 케이블, 호스트 어댑터(USB 3.1 Gen 1)","CE, FCC, KCC, RoHS. 본 제품의 ECCN은 다음과 같습니다: EAR099.",USB3 Vision v1.0,,,,,,,,,,,,,,,,,,,,,,,,,,,,,,,,,,,,,,,,,,,,,,,,,,,,,,,,,,,,,,,,,,,,,,,,글로벌 셔터,없음,"수동, 자동(AGC)",10 µs to 30 seconds,,240 MB,0 dB to 48 dB,,,,,"1 양방향, 1 입력",3년,68.27 @525nm,72,1/45.7mm,,68.27(525nm),4.44,"1 input, 1 output","3.3 V, 120 mA maximum",글로벌 셔터,,,,,,,,,,,,2 GB RAM or more,,,Supported,Windows or Linux (32–bit or 64–bit),200 MB 하드 드라이브 저장 공간,3.1 GHz 또는 동일 CPU,,,,,,,,,,,,,,,,,,,,,,,,,,,,,,,,,,,,,,,5,2448 × 2048,,72,글로벌 셔터,,단색,,C-마운트,USB 3.1 Gen 1,29 mm × 29 mm × 30 mm,53g,CMOS
Teledyne Dalsa,"Blackfly S USB3: 5 MP, 컬러, C-마운트 BFS-U3-50S4C-C",Area Scan,Blackfly S USB3,BFS-U3-50S4C-C,2448 × 2048,5,,Sony IMX547,2.74,CMOS,색상,C-마운트,"소프트웨어 트리거, 하드웨어 트리거, 동작 명령",USB 3.1 Gen 1,,"픽셀 비닝, 데시메이션, ROI",맞춤형 카메라 설정을 위한 2가지 사용자 설정 세트,"색상 보정 매트릭스, 감마, 룩업 테이블(순람표), 채도 및 선명도",6 MB 비휘발성 메모리,연속 / 단일 프레임 / 다중 프레임,,70.01,2.58,,,9767,"8비트, 10비트, 12비트",-30°에서 60°C,GPIO를 통해 8-24 V 또는 USB3을 통해 5 V,20에서 80% (응결 없음),0°~50°C(주변 온도),30 - 95% (응결 없음),4.2 W,53g,USB3 마이크로-B | Hirose HR10A-7R-6PB,29mm × 29mm × 39mm,,USB3 포트,"렌즈, 케이블, 호스트 어댑터(USB 3.1 Gen 1)","CE, FCC, KCC, RoHS. 본 제품의 ECCN은 다음과 같습니다: EAR099.",USB3 Vision v1.0,,,,,,,,,,,,,,,,,,,,,,,,,,,,,,,,,,,,,,,,,,,,,,,,,,,,,,,,,,,,,,,,,,,,,,,,글로벌 셔터,IR 차단(670nm),"수동, 자동(AGC)",10 µs to 30 seconds,,240 MB,0 dB to 48 dB,,52.87 @525nm,33.20 @630nm,46.15 @470nm,"1 양방향, 1 입력",3년,,72,1/45.7mm,"수동, 자동(AWB)",,5.84,"1 input, 1 output","3.3 V, 120 mA maximum",글로벌 셔터,,,,,,,,,,,,2 GB RAM or more,,,Supported,Windows or Linux (32–bit or 64–bit),200 MB 하드 드라이브 저장 공간,3.1 GHz 또는 동일 CPU,,,,,,,,,,,,,,,,,,,,,,,,,,,,,,,,,,,,,,,5,2448 × 2048,,72,글로벌 셔터,,색상,,C-마운트,USB 3.1 Gen 1,29mm × 29mm × 39mm,53g,CMOS
Teledyne Dalsa,"Blackfly S USB3: 5 MP, 컬러, C-마운트 BFS-U3-51S5C-C",Area Scan,Blackfly S USB3,BFS-U3-51S5C-C,2448 × 2048,5,,Sony IMX250,3.45 µm,CMOS,색상,C-마운트,"소프트웨어 트리거, 하드웨어 트리거, 동작 명령",USB 3.1 Gen 1,,"픽셀 비닝, 데시메이션, ROI",맞춤형 카메라 설정을 위한 2가지 사용자 설정 세트,"색상 보정 매트릭스, 감마, 룩업 테이블(순람표), 채도 및 선명도",6 MB 비휘발성 메모리,연속 / 단일 프레임 / 다중 프레임,,71.50,2.45,,,11071,"10비트, 12비트",-30°에서 60°C,GPIO를 통해 8-24 V 또는 USB3을 통해 5 V,20에서 80% (응결 없음),0°~50°C(주변 온도),30 - 95% (응결 없음),3 W,36g,USB3 마이크로-B | Hirose HR10A-7R-6PB,29 mm × 29 mm × 30 mm,,USB3 포트,"렌즈, 케이블, 호스트 어댑터(USB 3.1 Gen 1)","CE, FCC, KCC, RoHS. 본 제품의 ECCN은 다음과 같습니다: EAR099.",USB3 Vision v1.0,,,,,,,,,,,,,,,,,,,,,,,,,,,,,,,,,,,,,,,,,,,,,,,,,,,,,,,,,,,,,,,,,,,,,,,,글로벌 셔터,IR 차단(670nm),"수동, 자동(AGC)",6 µs to 30 seconds,,240 MB,0 dB to 48 dB,,56.33 @530nm,44.94 @625nm,46.57 @460nm,"1 양방향, 1 입력",3년,,75,"2/3""","수동, 자동(AWB)",,5.23,"1 input, 1 output","3.3 V, 120 mA maximum",글로벌 셔터,,,,,,,,,,,,2 GB RAM or more,,,Supported,Windows or Linux (32–bit or 64–bit),200 MB 하드 드라이브 저장 공간,3.1 GHz 또는 동일 CPU,,,,,,,,,,,,,,,,,,,,,,,,,,,,,,,,,,,,,,,5,2448 × 2048,,75,글로벌 셔터,,색상,,C-마운트,USB 3.1 Gen 1,29 mm × 29 mm × 30 mm,36g,CMOS
Teledyne Dalsa,"Blackfly S USB3: 5 MP, 컬러, CS-마운트 BFS-U3-50S4C-CS",Area Scan,Blackfly S USB3,BFS-U3-50S4C-CS,2448 × 2048,5,,Sony IMX547,2.74,CMOS,색상,CS-마운트,"소프트웨어 트리거, 하드웨어 트리거, 동작 명령",USB 3.1 Gen 1,,"픽셀 비닝, 데시메이션, ROI",사용자 카메라 설정을 위한 사용자 구성 세트 2개,"색상 보정 매트릭스, 감마, 룩업 테이블(순람표), 채도 및 선명도",6MB 비휘발성 메모리,연속 / 단일 프레임 / 다중 프레임,,70.01,2.58,,,9767,"8비트, 10비트, 12비트",-30°~60°C,GPIO를 통해 8-24V 또는 USB3을 통해 5V,20에서 80%(응결 없음),0°~50°C(주변 온도),30~95%(응결 없음),4.2 W,53g,,29mm × 29mm × 39mm,,USB3 포트,"렌즈, 케이블, 호스트 어댑터(USB 3.1 Gen 1)","CE, FCC, KCC, RoHS. 본 제품의 ECCN은 다음과 같습니다. EAR099.",USB3 Vision v1.0,,,,,,,,,,,,,,,,,,,,,,,,,,,,,,,,,,,,,,,,,,,,,,,,,,,,,,,,,,,,,,,,,,,,,,,,글로벌 셔터,IR 차단(670nm),"수동, 자동(AGC)",10 µs to 30 seconds,,240 MB,0 dB to 48 dB,,52.87 @525nm,33.20 @630nm,46.15 @470nm,"1 양방향, 1 입력",3년,,72,1/45.7mm,"수동, 자동(AWB)",,5.84,"1 input, 1 output","3.3 V, 120 mA maximum",글로벌 셔터,,,,,,,,,,,,2 GB RAM or more,,,Supported,Windows or Linux (32–bit or 64–bit),200 MB 하드 드라이브 저장 공간,3.1 GHz 또는 동일 CPU,,,,,,,,,,,,,,,,,,,,,,,,,,,,,,,,,,,,,,,5,2448 × 2048,,72,글로벌 셔터,,색상,,CS-마운트,USB 3.1 Gen 1,29mm × 29mm × 39mm,53g,CMOS
Teledyne Dalsa,"Blackfly S USB3: 5 MP, 모노, CS-마운트 BFS-U3-50S4M-CS",Area Scan,Blackfly S USB3,BFS-U3-50S4M-CS,2448 × 2048,5,,Sony IMX547,2.74,CMOS,단색,CS-마운트,"소프트웨어 트리거, 하드웨어 트리거, 동작 명령",USB 3.1 Gen 1,,"픽셀 비닝, 데시메이션, ROI",사용자 카메라 설정을 위한 사용자 구성 세트 2개,"감마, 룩업 테이블(순람표) 및 선명도",6MB 비휘발성 메모리,연속 / 단일 프레임 / 다중 프레임,,69.89,2.53,,,9476,"8비트, 10비트, 12비트",-30°~60°C,GPIO를 통해 8-24V 또는 USB3을 통해 5V,20에서 80%(응결 없음),0°~50°C(주변 온도),30~95%(응결 없음),4.2 W,53g,,29mm × 29mm × 39mm,,USB3 포트,"렌즈, 케이블, 호스트 어댑터(USB 3.1 Gen 1)","CE, FCC, KCC, RoHS. 본 제품의 ECCN은 다음과 같습니다. EAR099.",USB3 Vision v1.0,,,,,,,,,,,,,,,,,,,,,,,,,,,,,,,,,,,,,,,,,,,,,,,,,,,,,,,,,,,,,,,,,,,,,,,,글로벌 셔터,없음,"수동, 자동(AGC)",10 µs to 30 seconds,,240 MB,0 dB to 48 dB,,,,,"1 양방향, 1 입력",3년,68.27 @525nm,72,1/45.7mm,,68.27(525nm),4.44,"1 input, 1 output","3.3 V, 120 mA maximum",글로벌 셔터,,,,,,,,,,,,2 GB RAM or more,,,Supported,Windows or Linux (32–bit or 64–bit),200 MB 하드 드라이브 저장 공간,3.1 GHz 또는 동일 CPU,,,,,,,,,,,,,,,,,,,,,,,,,,,,,,,,,,,,,,,5,2448 × 2048,,72,글로벌 셔터,,단색,,CS-마운트,USB 3.1 Gen 1,29mm × 29mm × 39mm,53g,CMOS
Teledyne Dalsa,"Blackfly S USB3: 5 MP, 단색, C-마운트 BFS-U3-51S5M-C",Area Scan,Blackfly S USB3,BFS-U3-51S5M-C,2448 × 2048,5,,Sony IMX250,3.45 µm,CMOS,단색,C-마운트,"소프트웨어 트리거, 하드웨어 트리거, 동작 명령",USB 3.1 Gen 1,,"픽셀 비닝, 데시메이션, ROI",맞춤형 카메라 설정을 위한 2가지 사용자 설정 세트,"감마, 룩업 테이블(순람표) 및 선명도",6 MB 비휘발성 메모리,연속 / 단일 프레임 / 다중 프레임,,71.45,2.44,,,10970,"10비트, 12비트",-30°에서 60°C,GPIO를 통해 8-24 V 또는 USB3을 통해 5 V,20에서 80% (응결 없음),0°~50°C(주변 온도),30 - 95% (응결 없음),3 W,36g,USB3 마이크로-B | Hirose HR10A-7R-6PB,29 mm × 29 mm × 30 mm,,USB3 포트,"렌즈, 케이블, 호스트 어댑터(USB 3.1 Gen 1)","CE, FCC, KCC, RoHS. 본 제품의 ECCN은 다음과 같습니다: EAR099.",USB3 Vision v1.0,,,,,,,,,,,,,,,,,,,,,,,,,,,,,,,,,,,,,,,,,,,,,,,,,,,,,,,,,,,,,,,,,,,,,,,,글로벌 셔터,없음,"수동, 자동(AGC)",6 µs to 30 seconds,,240 MB,0 dB to 48 dB,,,,,"1 양방향, 1 입력",3년,72 @525nm,75,"2/3""",,72 (% at 525 nm),4.63,"1 input, 1 output","3.3 V, 120 mA maximum",글로벌 셔터,,,,,,,,,,,,2 GB RAM or more,,,Supported,Windows or Linux (32–bit or 64–bit),200 MB 하드 드라이브 저장 공간,3.1 GHz 또는 동일 CPU,,,,,,,,,,,,,,,,,,,,,,,,,,,,,,,,,,,,,,,5,2448 × 2048,,75,글로벌 셔터,,단색,,C-마운트,USB 3.1 Gen 1,29 mm × 29 mm × 30 mm,36g,CMOS
Teledyne Dalsa,"Blackfly S USB3: 5 MP, 편광-컬러, C-마운트 BFS-U3-51S5PC-C",Area Scan,Blackfly S USB3,BFS-U3-51S5PC-C,2448 × 2048,5,,Sony IMX250MYR,3.45 µm,CMOS,편광,C-마운트,"소프트웨어 트리거, 하드웨어 트리거, 동작 명령",USB 3.1 Gen 1,,"픽셀 비닝, 데시메이션, ROI",맞춤형 카메라 설정을 위한 2가지 사용자 설정 세트,"감마, 룩업 테이블(순람표) 및 선명도",6 MB 비휘발성 메모리,연속 / 단일 프레임 / 다중 프레임,,71.31,2.40,,,10649,"10비트, 12비트",-30°에서 60°C,"파워 오버 이더넷 (PoE, Power over Ethernet), 또는 GPIO를 통해 12 V 공청 (8 - 24 V)",20에서 80% (응결 없음),0°~50°C(주변 온도),30 - 95% (응결 없음),3 W,36g,USB3 마이크로-B | Hirose HR10A-7R-6PB,29 mm × 29 mm × 30 mm,,USB3 포트,"렌즈, 케이블, 호스트 어댑터(USB 3.1 Gen 1)","CE, FCC, KCC, RoHS. 본 제품의 ECCN은 다음과 같습니다: EAR099.",USB3 Vision v1.0,,,,,,,,,,,,,,,,,,,,,,,,,,,,,,,,,,,,,,,,,,,,,,,,,,,,,,,,,,,,,,,,,,,,,,,,글로벌 셔터,IR 차단(670nm),"수동, 자동(AGC)",20 µs to 30 seconds,,240 MB,0 dB to 48 dB,,22.45 @530nm,18.6 @625nm,17.27 @460nm,"1 양방향, 1 입력",3년,,75,"2/3""","수동, 자동(AWB)",,15.58,"1 input, 1 output","3.3 V, 120 mA maximum",글로벌 셔터,,,,,,,,,,,,2 GB RAM or more,,,Supported,Windows or Linux (32–bit or 64–bit),200 MB 하드 드라이브 저장 공간,3.1 GHz 또는 동일 CPU,,,,,,,,,,,,,,,,,,,,,,,,,,,,,,,,,,,,,,,5,2448 × 2048,,75,글로벌 셔터,,편광,,C-마운트,USB 3.1 Gen 1,29 mm × 29 mm × 30 mm,36g,CMOS
Teledyne Dalsa,"Blackfly S USB3: 5 MP, 편광-단색, C-마운트 BFS-U3-51S5P-C",Area Scan,Blackfly S USB3,BFS-U3-51S5P-C,2448 × 2048,5,,Sony IMX250MZR,3.45 µm,CMOS,편광,C-마운트,"소프트웨어 트리거, 하드웨어 트리거, 동작 명령",USB 3.1 Gen 1,,"픽셀 비닝, 데시메이션, ROI",맞춤형 카메라 설정을 위한 2가지 사용자 설정 세트,"감마, 룩업 테이블(순람표) 및 선명도",6 MB 비휘발성 메모리,연속 / 단일 프레임 / 다중 프레임,,71.81,2.42,,,11359,"10비트, 12비트",-30°에서 60°C,"파워 오버 이더넷 (PoE, Power over Ethernet), 또는 GPIO를 통해 12 V 공청 (8 - 24 V)",20에서 80% (응결 없음),0°~50°C(주변 온도),30 - 95% (응결 없음),<2.5 W,36g,USB3 마이크로-B | Hirose HR10A-7R-6PB,29 mm × 29 mm × 30 mm,,USB3 포트,"렌즈, 케이블, 호스트 어댑터(USB 3.1 Gen 1)","CE, FCC, KCC, RoHS. 본 제품의 ECCN은 다음과 같습니다: EAR099.",USB3 Vision v1.0,,,,,,,,,,,,,,,,,,,,,,,,,,,,,,,,,,,,,,,,,,,,,,,,,,,,,,,,,,,,,,,,,,,,,,,,글로벌 셔터,없음,"수동, 자동(AGC)",6 µs to 30 seconds,,240 MB,0 dB to 48 dB,,,,,"1 양방향, 1 입력",3년,24.1 @530nm,75,"2/3""",,24.1 (530nm),12.10,"1 input, 1 output","3.3 V, 120 mA maximum",글로벌 셔터,,,,,,,,,,,,2 GB RAM or more,,,Supported,Windows or Linux (32–bit or 64–bit),200 MB 하드 드라이브 저장 공간,3.1 GHz 또는 동일 CPU,,,,,,,,,,,,,<2.5 W,,,,,,,,,,,,,,,,,,,,,,,,,,5,2448 × 2048,,75,글로벌 셔터,,편광,,C-마운트,USB 3.1 Gen 1,29 mm × 29 mm × 30 mm,36g,CMOS
Teledyne Dalsa,"Blackfly S USB3: 6.3 MP, 컬러, C-마운트 BFS-U3-63S4C-C",Area Scan,Blackfly S USB3,BFS-U3-63S4C-C,3072 × 2048,6.3,,Sony IMX178,2.4 µm,CMOS,색상,C-마운트,"소프트웨어 트리거, 하드웨어 트리거, 동작 명령",USB 3.1 Gen 1,,"픽셀 비닝, 데시메이션, ROI",맞춤형 카메라 설정을 위한 2가지 사용자 설정 세트,"색상 보정 매트릭스, 감마, 룩업 테이블(순람표), 채도 및 선명도",6 MB 비휘발성 메모리,연속 / 단일 프레임 / 다중 프레임,,73.61,2.41,,,13921,"10비트, 14비트",-30°에서 60°C,"파워 오버 이더넷 (PoE, Power over Ethernet), 또는 GPIO를 통해 12 V 공청 (8 - 24 V)",20에서 80% (응결 없음),0°~50°C(주변 온도),30 - 95% (응결 없음),3 W,36g,USB3 마이크로-B | Hirose HR10A-7R-6PB,29 mm × 29 mm × 30 mm,,USB3 포트,"렌즈, 케이블, 호스트 어댑터(USB 3.1 Gen 1)","CE, FCC, KCC, RoHS. 본 제품의 ECCN은 다음과 같습니다: EAR099.",USB3 Vision v1.0,,,,,,,,,,,,,,,,,,,,,,,,,,,,,,,,,,,,,,,,,,,,,,,,,,,,,,,,,,,,,,,,,,,,,,,,글로벌 리셋 기능이 있는 롤링 셔터,IR 차단(670nm),"수동, 자동(AGC)",8 µs 에서 30초,,240 MB,0 dB에서 47 dB,,65.53 @530nm,41.46 @625nm,61.48 @460nm,"1 양방향, 1 입력",3년,,59.6,"1/1.8""","수동, 자동(AWB)",,4.65,"1 input, 1 output","3.3 V, 120 mA maximum",글로벌 리셋 기능이 있는 롤링 셔터,,,,,,,,,,,,2 GB RAM or more,,,Supported,Windows or Linux (32–bit or 64–bit),200 MB 하드 드라이브 저장 공간,3.1 GHz 또는 동일 CPU,,,,,,,,,,,,,3 W,,,,,,,,,,,,,,,,,,,,,,,,,,6.3,3072 × 2048,,59.6,글로벌 리셋 기능이 있는 롤링 셔터,,색상,,C-마운트,USB 3.1 Gen 1,29 mm × 29 mm × 30 mm,36g,CMOS
Teledyne Dalsa,"Blackfly S USB3: 6.3 MP, 단색, C-마운트 BFS-U3-63S4M-C",Area Scan,Blackfly S USB3,BFS-U3-63S4M-C,3072 × 2048,6.3,,Sony IMX178,2.4 µm,CMOS,단색,C-마운트,"소프트웨어 트리거, 하드웨어 트리거, 동작 명령",USB 3.1 Gen 1,,"픽셀 비닝, 데시메이션, ROI",맞춤형 카메라 설정을 위한 2가지 사용자 설정 세트,"감마, 룩업 테이블(순람표) 및 선명도",6 MB 비휘발성 메모리,연속 / 단일 프레임 / 다중 프레임,,73.73,2.42,,,14204,"10비트, 14비트",-30°에서 60°C,GPIO를 통해 8-24 V 또는 USB3을 통해 5 V,20에서 80% (응결 없음),0°~50°C(주변 온도),30 - 95% (응결 없음),3 W,36g,USB3 마이크로-B | Hirose HR10A-7R-6PB,29 mm × 29 mm × 30 mm,,USB3 포트,"렌즈, 케이블, 호스트 어댑터(USB 3.1 Gen 1)","CE, FCC, KCC, RoHS. 본 제품의 ECCN은 다음과 같습니다: EAR099.",USB3 Vision v1.0,,,,,,,,,,,,,,,,,,,,,,,,,,,,,,,,,,,,,,,,,,,,,,,,,,,,,,,,,,,,,,,,,,,,,,,,글로벌 리셋 기능이 있는 롤링 셔터,없음,"수동, 자동(AGC)",9 µs 에서 30초,,240 MB,0 dB에서 47 dB,,,,,"1 양방향, 1 입력",3년,75.05 @530nm,59.6,"1/1.8""",,75.05 (530nm),4.03,"1 input, 1 output","3.3 V, 120 mA maximum",글로벌 리셋 기능이 있는 롤링 셔터,,,,,,,,,,,,2 GB RAM or more,,,Supported,Windows or Linux (32–bit or 64–bit),200 MB 하드 드라이브 저장 공간,3.1 GHz 또는 동일 CPU,,,,,,,,,,,,,3 W,,,,,,,,,,,,,,,,,,,,,,,,,,6.3,3072 × 2048,,59.6,글로벌 리셋 기능이 있는 롤링 셔터,,단색,,C-마운트,USB 3.1 Gen 1,29 mm × 29 mm × 30 mm,36g,CMOS
Teledyne Dalsa,"Blackfly S USB3: 6.3 MP, 컬러, CS-마운트 BFS-U3-63S4C-CS",Area Scan,Blackfly S USB3,BFS-U3-63S4C-CS,3072 x 2048,6.3,,Sony IMX178,2.4,CMOS,색상,CS-마운트,"소프트웨어 트리거, 하드웨어 트리거, 동작 명령",USB 3.1 Gen 1,,"픽셀 비닝, 데시메이션, ROI",사용자 카메라 설정을 위한 사용자 구성 세트 2개,"색상 보정 매트릭스, 감마, 룩업 테이블(순람표), 채도 및 선명도",6MB 비휘발성 메모리,연속 / 단일 프레임 / 다중 프레임,,73.61,2.41,,,13921,"10비트, 14비트",-30°~60°C,"파워 오버 이더넷(PoE, Power over Ethernet), 또는 GPIO를 통해 12 V 공청 (8 - 24 V)",20에서 80%(응결 없음),0°~50°C(주변 온도),30~95%(응결 없음),3W,36g,USB3 마이크로-B | Hirose HR10A-7R-6PB,29mm × 29mm × 30mm,,USB3 포트,"렌즈, 케이블, 호스트 어댑터(USB 3.1 Gen 1)","CE, FCC, KCC, RoHS. 본 제품의 ECCN은 다음과 같습니다. EAR099.",USB3 Vision v1.0,,,,,,,,,,,,,,,,,,,,,,,,,,,,,,,,,,,,,,,,,,,,,,,,,,,,,,,,,,,,,,,,,,,,,,,,글로벌 리셋 기능이 있는 롤링 셔터,IR 차단(670nm),"수동, 자동(AGC)",0µ.008~30초,"하드웨어 트리거, 카메라 API를 통해 프로그래밍 가능, 자동",240 MB,0dB~47dB,,65.53 @530nm,41.46 @625nm,61.48 @460nm,"1 양방향, 1 입력",3년,,59.6,"1/1.8""","수동, 자동(AWB)",,4.65,"1 input, 1 output","3.3 V, 120 mA maximum",,,,,,,,,,,,,,,,지원됨,,,,,,,,,,,,,,,,,,,,,,,,,,,,,,,,,,,,,,,,,,6.3,3072 x 2048,,59.6,글로벌 리셋 기능이 있는 롤링 셔터,,색상,,CS-마운트,USB 3.1 Gen 1,29mm × 29mm × 30mm,36g,CMOS
Teledyne Dalsa,"Blackfly S USB3: 7.1 MP, 컬러, C-마운트 BFS-U3-70S7C-C",Area Scan,Blackfly S USB3,BFS-U3-70S7C-C,3208 × 2200,7.1,,Sony IMX428,4.5 µm,CMOS,색상,C-마운트,"소프트웨어 트리거, 하드웨어 트리거, 동작 명령",USB 3.1 Gen 1,,"픽셀 비닝, 데시메이션, ROI",맞춤형 카메라 설정을 위한 2가지 사용자 설정 세트,"감마, 룩업 테이블(순람표) 및 선명도",6 MB 비휘발성 메모리,연속 / 단일 프레임 / 다중 프레임,,70.72 (HCG) / 71.86 (LCG),2.70(HCG) / 6.06(LCG),,,11097 (HCG) / 25428 (LCG),12비트,-30°에서 60°C,GPIO를 통해 8-24 V 또는 USB3을 통해 5 V,20에서 80% (응결 없음),0°~50°C(주변 온도),30 - 95% (응결 없음),4.2 W,53g,USB3 마이크로-B | Hirose HR10A-7R-6PB,29 mm × 29 mm × 39 mm,,USB3 포트,"렌즈, 케이블, 호스트 어댑터(USB 3.1 Gen 1)","CE, FCC, KCC, RoHS. 본 제품의 ECCN은 다음과 같습니다: EAR099.",USB3 Vision v1.0,,,,,,,,,,,,,,,,,,,,,,,,,,,,,,,,,,,,,,,,,,,,,,,,,,,,,,,,,,,,,,,,,,,,,,,,글로벌 셔터,IR 차단(670nm),"수동, 자동(AGC)",9 µs 에서 30초,,240 MB,0 dB에서 47 dB,,68(HCG) / 69(LCG) @530nm,63(HCG) / 64(LCG) @625nm,52(HCG) / 53(LCG) @460nm,"1 양방향, 1 입력",3년,,51,"1.1""","수동, 자동(AWB)",,4.73 (HCG) / 9.52 (LCG),"1 input, 1 output","3.3 V, 120 mA maximum",글로벌 셔터,,,,,,,,,,,,2 GB RAM or more,,,Supported,Windows or Linux (32–bit or 64–bit),200 MB 하드 드라이브 저장 공간,3.1 GHz 또는 동일 CPU,,,,,,,,,,,,,,,,,,,,,,,,,,,,,,,,,,,,,,,7.1,3208 × 2200,,51,글로벌 셔터,,색상,,C-마운트,USB 3.1 Gen 1,29 mm × 29 mm × 39 mm,53g,CMOS
Teledyne Dalsa,"Blackfly S USB3: 7.1 MP, 단색, C-마운트 BFS-U3-70S7M-C",Area Scan,Blackfly S USB3,BFS-U3-70S7M-C,3208 × 2200,7.1,,Sony IMX428,4.5 µm,CMOS,단색,C-마운트,"소프트웨어 트리거, 하드웨어 트리거, 동작 명령",USB 3.1 Gen 1,,"픽셀 비닝, 데시메이션, ROI",맞춤형 카메라 설정을 위한 2가지 사용자 설정 세트,"감마, 룩업 테이블(순람표) 및 선명도",6 MB non-volatile memory,연속 / 단일 프레임 / 다중 프레임,,70.72 (HCG) / 71.86 (LCG),2.66(HCG) / 5.99(LCG),,,10867 (HCG) / 25420 (LCG),12비트,-30°에서 60°C,GPIO를 통해 8-24 V 또는 USB3을 통해 5 V,20에서 80% (응결 없음),0°~50°C(주변 온도),30 - 95% (응결 없음),4.2 W,53g,USB3 마이크로-B | Hirose HR10A-7R-6PB,29 mm × 29 mm × 39 mm,,USB3 포트,"렌즈, 케이블, 호스트 어댑터(USB 3.1 Gen 1)","CE, FCC, KCC, RoHS. 본 제품의 ECCN은 다음과 같습니다: EAR099.",USB3 Vision v1.0,,,,,,,,,,,,,,,,,,,,,,,,,,,,,,,,,,,,,,,,,,,,,,,,,,,,,,,,,,,,,,,,,,,,,,,,글로벌 셔터,없음,"수동, 자동(AGC)",9 µs 에서 30초,,240 MB,0 dB에서 47 dB,,,,,"1 양방향, 1 입력",3년,77(HCG) / 78(LCG) @530nm,51,"1.1""",,77 (HCG) / 78 (LCG) @530 nm,4.13 (HCG) / 8.34 (LCG),"1 input, 1 output","3.3 V, 120 mA maximum",글로벌 셔터,,,,,,,,,,,,2 GB RAM or more,,,Supported,Windows or Linux (32–bit or 64–bit),200 MB 하드 드라이브 저장 공간,3.1 GHz 또는 동일 CPU,,,,,,,,,,,,,,,,,,,,,,,,,,,,,,,,,,,,,,,7.1,3208 × 2200,,51,글로벌 셔터,,단색,,C-마운트,USB 3.1 Gen 1,29 mm × 29 mm × 39 mm,53g,CMOS
Teledyne Dalsa,"Blackfly S USB3: 8 MP, 컬러, C-마운트 BFS-U3-80S5C-C",Area Scan,Blackfly S USB3,BFS-U3-80S5C-C,2840 × 2840,8.0,,Sony IMX546,2.74,CMOS,색상,C-마운트,"소프트웨어 트리거, 하드웨어 트리거, 동작 명령",USB 3.1 Gen 1,,"픽셀 비닝, 데시메이션, ROI",사용자 카메라 설정을 위한 사용자 구성 세트 2개,"색상 보정 매트릭스, 감마, 룩업 테이블(순람표), 채도 및 선명도",6MB 비휘발성 메모리,연속 / 단일 프레임 / 다중 프레임,,69.82,2.53,,,9694,"8비트, 10비트, 12비트",-30°~60°C,GPIO를 통해 8-24V 또는 USB3을 통해 5V,20에서 80%(응결 없음),0°~50°C(주변 온도),30~95%(응결 없음),3 W,53g,USB3 마이크로-B | Hirose HR10A-7R-6PB,29mm × 29mm × 39mm,,USB3 포트,"렌즈, 케이블, 호스트 어댑터(USB 3.1 Gen 1)","CE, FCC, KCC, RoHS. 본 제품의 ECCN은 다음과 같습니다. EAR099.",USB3 Vision v1.0,,,,,,,,,,,,,,,,,,,,,,,,,,,,,,,,,,,,,,,,,,,,,,,,,,,,,,,,,,,,,,,,,,,,,,,,글로벌 셔터,IR 차단(670nm),"수동, 자동(AGC)",11 µs to 30 seconds,,240 MB,0 dB to 48 dB,,50.95 @525nm,32.64 @630nm,44.50 @470nm,"1 양방향, 1 입력",3년,,46,2/3”,"수동, 자동(AWB)",,6.16,"1 input, 1 output","3.3 V, 120 mA maximum",글로벌 셔터,,,,,,,,,,,,2GB RAM 이상,,,Supported,Windows 또는 Linux(32–비트 또는 64–비트),200MB 하드 드라이브 저장 공간,3.1GHz 또는 동급 CPU,,,,,,,,,,,,,,,,,,,,,,,,,,,,,,,,,,,,,,,8.0,2840 × 2840,,46,글로벌 셔터,,색상,,C-마운트,USB 3.1 Gen 1,29mm × 29mm × 39mm,53g,CMOS
Teledyne Dalsa,"Blackfly S USB3: 8 MP, 단색, C-마운트 BFS-U3-80S5M-C",Area Scan,Blackfly S USB3,BFS-U3-80S5M-C,2840 × 2840,8.0,,Sony IMX546,2.74,CMOS,단색,C-마운트,"소프트웨어 트리거, 하드웨어 트리거, 동작 명령",USB 3.1 Gen 1,,"픽셀 비닝, 데시메이션, ROI",사용자 카메라 설정을 위한 사용자 구성 세트 2개,"감마, 룩업 테이블(순람표) 및 선명도",6MB 비휘발성 메모리,연속 / 단일 프레임 / 다중 프레임,,69.90,2.48,,,9638,"8비트, 10비트, 12비트",-30°~60°C,GPIO를 통해 8-24V 또는 USB3을 통해 5V,20에서 80%(응결 없음),0°~50°C(주변 온도),30~95%(응결 없음),3 W,53g,USB3 마이크로-B | Hirose HR10A-7R-6PB,29mm × 29mm × 39mm,,USB3 포트,"렌즈, 케이블, 호스트 어댑터(USB 3.1 Gen 1)","CE, FCC, KCC, RoHS. 본 제품의 ECCN은 다음과 같습니다. EAR099.",USB3 Vision v1.0,,,,,,,,,,,,,,,,,,,,,,,,,,,,,,,,,,,,,,,,,,,,,,,,,,,,,,,,,,,,,,,,,,,,,,,,글로벌 셔터,없음,"수동, 자동(AGC)",11 µs to 30 seconds,,240 MB,0 dB to 48 dB,,,,,"1 양방향, 1 입력",3년,67.19 @525nm,46,2/3”,,67.19(525nm),4.59,"1 input, 1 output","3.3 V, 120 mA maximum",글로벌 셔터,,,,,,,,,,,,2GB RAM 이상,,,Supported,Windows 또는 Linux(32–비트 또는 64–비트),200MB 하드 드라이브 저장 공간,3.1GHz 또는 동급 CPU,,,,,,,,,,,,,,,,,,,,,,,,,,,,,,,,,,,,,,,8.0,2840 × 2840,,46,글로벌 셔터,,단색,,C-마운트,USB 3.1 Gen 1,29mm × 29mm × 39mm,53g,CMOS
Teledyne Dalsa,"Blackfly S USB3: 8.9 MP, 컬러, C-마운트 BFS-U3-88S6C-C",Area Scan,Blackfly S USB3,BFS-U3-88S6C-C,4096 × 2160,8.9,,Sony IMX267,3.45 µm,CMOS,색상,C-마운트,"소프트웨어 트리거, 하드웨어 트리거, 동작 명령",USB 3.1 Gen 1,,"픽셀 비닝, 데시메이션, ROI",맞춤형 카메라 설정을 위한 2가지 사용자 설정 세트,"색상 보정 매트릭스, 감마, 룩업 테이블(순람표), 채도 및 선명도",6 MB 비휘발성 메모리,연속 / 단일 프레임 / 다중 프레임,,71.57,2.31,,,10659,12비트,-30°에서 60°C,GPIO를 통해 8-24 V 또는 USB3을 통해 5 V,20에서 80% (응결 없음),0°~50°C(주변 온도),30 - 95% (응결 없음),3 W,36g,USB3 마이크로-B | Hirose HR10A-7R-6PB,29 mm × 29 mm × 30 mm,,USB3 포트,"렌즈, 케이블, 호스트 어댑터(USB 3.1 Gen 1)","CE, FCC, KCC, RoHS. 본 제품의 ECCN은 다음과 같습니다: EAR099.",USB3 Vision v1.0,,,,,,,,,,,,,,,,,,,,,,,,,,,,,,,,,,,,,,,,,,,,,,,,,,,,,,,,,,,,,,,,,,,,,,,,글로벌 셔터,IR 차단(670nm),"수동, 자동(AGC)",14 µs 에서 30초,,240 MB,0 dB에서 47 dB,,55.99 @530nm,44.33 @625nm,45.33 @460nm,"1 양방향, 1 입력",3년,,32,"1""","수동, 자동(AWB)",,5.02,"1 input, 1 output","3.3 V, 120 mA maximum",글로벌 셔터,,,,,,,,,,,,2 GB RAM or more,,,Supported,Windows or Linux (32–bit or 64–bit),200 MB 하드 드라이브 저장 공간,3.1 GHz 또는 동일 CPU,,,,,,,,,,,,,,,,,,,,,,,,,,,,,,,,,,,,,,,8.9,4096 × 2160,,32,글로벌 셔터,,색상,,C-마운트,USB 3.1 Gen 1,29 mm × 29 mm × 30 mm,36g,CMOS
Teledyne Dalsa,"Blackfly S USB3: 8.9 MP, 단색, C-마운트 BFS-U3-88S6M-C",Area Scan,Blackfly S USB3,BFS-U3-88S6M-C,4096 × 2160,8.9,,Sony IMX267,3.45 µm,CMOS,단색,C-마운트,"소프트웨어 트리거, 하드웨어 트리거, 동작 명령",USB 3.1 Gen 1,,"픽셀 비닝, 데시메이션, ROI",맞춤형 카메라 설정을 위한 2가지 사용자 설정 세트,"감마, 룩업 테이블(순람표) 및 선명도",6 MB 비휘발성 메모리,연속 / 단일 프레임 / 다중 프레임,,71.69,2.39,,,11107,12비트,-30°에서 60°C,GPIO를 통해 8-24 V 또는 USB3을 통해 5 V,20에서 80% (응결 없음),0°~50°C(주변 온도),30 - 95% (응결 없음),3 W,36g,USB3 마이크로-B | Hirose HR10A-7R-6PB,29 mm × 29 mm × 30 mm,,USB3 포트,"렌즈, 케이블, 호스트 어댑터(USB 3.1 Gen 1)","CE, FCC, KCC, RoHS. 본 제품의 ECCN은 다음과 같습니다: EAR099.",USB3 Vision v1.0,,,,,,,,,,,,,,,,,,,,,,,,,,,,,,,,,,,,,,,,,,,,,,,,,,,,,,,,,,,,,,,,,,,,,,,,글로벌 셔터,없음,"수동, 자동(AGC)",4 µs 에서 30초,,240 MB,0 dB에서 47 dB,,,,,"1 양방향, 1 입력",3년,62.26 @530nm,32,"1""",,62.26 (530nm),4.64,"1 input, 1 output","3.3 V, 120 mA maximum",글로벌 셔터,,,,,,,,,,,,2 GB RAM or more,,,Supported,Windows or Linux (32–bit or 64–bit),200 MB 하드 드라이브 저장 공간,3.1 GHz 또는 동일 CPU,,,,,,,,,,,,,,,,,,,,,,,,,,,,,,,,,,,,,,,8.9,4096 × 2160,,32,글로벌 셔터,,단색,,C-마운트,USB 3.1 Gen 1,29 mm × 29 mm × 30 mm,36g,CMOS
Teledyne Dalsa,"Blackfly S USB3: 8.9 MP, 컬러, C-마운트 BFS-U3-89S6C-C",Area Scan,Blackfly S USB3,BFS-U3-89S6C-C,4096 × 2160,8.9,,Sony IMX255,3.45 µm,CMOS,색상,C-마운트,"소프트웨어 트리거, 하드웨어 트리거, 동작 명령",USB 3.1 Gen 1,,"픽셀 비닝, 데시메이션, ROI",맞춤형 카메라 설정을 위한 2가지 사용자 설정 세트,"색상 보정 매트릭스, 감마, 룩업 테이블(순람표), 채도 및 선명도",6 MB 비휘발성 메모리,연속 / 단일 프레임 / 다중 프레임,,71.33,2.50,,,11038,"10비트, 12비트",-30°에서 60°C,GPIO를 통해 8-24 V 또는 USB3을 통해 5 V,20에서 80% (응결 없음),0°~50°C(주변 온도),30 - 95% (응결 없음),3 W,36g,USB3 마이크로-B | Hirose HR10A-7R-6PB,29 mm × 29 mm × 30 mm,,USB3 포트,"렌즈, 케이블, 호스트 어댑터(USB 3.1 Gen 1)","CE, FCC, KCC, RoHS. 본 제품의 ECCN은 다음과 같습니다: EAR099.",USB3 Vision v1.0,,,,,,,,,,,,,,,,,,,,,,,,,,,,,,,,,,,,,,,,,,,,,,,,,,,,,,,,,,,,,,,,,,,,,,,,글로벌 셔터,IR 차단(670nm),"수동, 자동(AGC)",10 µs 에서 30초,,240 MB,0 dB에서 47 dB,,56.28 @530nm,45.94 @625nm,46.43 @460nm,"1 양방향, 1 입력",3년,,42,"1""","수동, 자동(AWB)",,5.32,"1 input, 1 output","3.3 V, 120 mA maximum",글로벌 셔터,,,,,,,,,,,,2 GB RAM or more,,,Supported,Windows or Linux (32–bit or 64–bit),200 MB 하드 드라이브 저장 공간,3.1 GHz 또는 동일 CPU,,,,,,,,,,,,,,,,,,,,,,,,,,,,,,,,,,,,,,,8.9,4096 × 2160,,42,글로벌 셔터,,색상,,C-마운트,USB 3.1 Gen 1,29 mm × 29 mm × 30 mm,36g,CMOS
Teledyne Dalsa,"Blackfly S USB3: 8.9 MP, 단색, C-마운트 BFS-U3-89S6M-C",Area Scan,Blackfly S USB3,BFS-U3-89S6M-C,4096 × 2160,8.9,,Sony IMX255,3.45 µm,CMOS,단색,C-마운트,"소프트웨어 트리거, 하드웨어 트리거, 동작 명령",USB 3.1 Gen 1,,"픽셀 비닝, 데시메이션, ROI",맞춤형 카메라 설정을 위한 2가지 사용자 설정 세트,"감마, 룩업 테이블(순람표) 및 선명도",6 MB 비휘발성 메모리,연속 / 단일 프레임 / 다중 프레임,,70.97,2.47,,,10514,"10비트, 12비트",-30°에서 60°C,GPIO를 통해 8-24 V 또는 USB3을 통해 5 V,20에서 80% (응결 없음),0°~50°C(주변 온도),30 - 95% (응결 없음),3 W,36g,USB3 마이크로-B | Hirose HR10A-7R-6PB,29 mm × 29 mm × 30 mm,,USB3 포트,"렌즈, 케이블, 호스트 어댑터(USB 3.1 Gen 1)","CE, FCC, KCC, RoHS. 본 제품의 ECCN은 다음과 같습니다: EAR099.",USB3 Vision v1.0,,,,,,,,,,,,,,,,,,,,,,,,,,,,,,,,,,,,,,,,,,,,,,,,,,,,,,,,,,,,,,,,,,,,,,,,글로벌 셔터,없음,"수동, 자동(AGC)",10 µs 에서 30초,,240 MB,0 dB에서 47 dB,,,,,"1 양방향, 1 입력",3년,62.99 @530nm,42,"1""",,62.99 (530nm),4.72,"1 input, 1 output","3.3 V, 120 mA maximum",글로벌 셔터,,,,,,,,,,,,2 GB RAM or more,,,Supported,Windows or Linux (32–bit or 64–bit),200 MB 하드 드라이브 저장 공간,3.1 GHz 또는 동일 CPU,,,,,,,,,,,,,,,,,,,,,,,,,,,,,,,,,,,,,,,8.9,4096 × 2160,,42,글로벌 셔터,,단색,,C-마운트,USB 3.1 Gen 1,29 mm × 29 mm × 30 mm,36g,CMOS
Teledyne Dalsa,"Blackfly S USB3: 12 MP, 컬러, CS-마운트 BFS-U3-120S4C-CS",Area Scan,Blackfly S USB3,BFS-U3-120S4C-CS,4000 × 3000,12,,Sony IMX226,1.85 µm,CMOS,색상,CS-마운트,"소프트웨어 트리거, 하드웨어 트리거, 동작 명령",USB 3.1 Gen 1,,"픽셀 비닝, 데시메이션, ROI",맞춤형 카메라 설정을 위한 2가지 사용자 설정 세트,"색상 보정 매트릭스, 감마, 룩업 테이블(순람표), 채도 및 선명도",6 MB 비휘발성 메모리,연속 / 단일 프레임 / 다중 프레임,,69.38,3.24,,,11020,"10비트, 12비트",-30°에서 60°C,GPIO를 통해 8-24 V 또는 USB3을 통해 5 V,20에서 80% (응결 없음),0°~50°C(주변 온도),30 - 95% (응결 없음),3 W,36g,USB3 마이크로-B | Hirose HR10A-7R-6PB,29 mm × 29 mm × 30 mm,,USB3 포트,"렌즈, 케이블, 호스트 어댑터(USB 3.1 Gen 1)","CE, FCC, KCC, RoHS. 본 제품의 ECCN은 다음과 같습니다: EAR099.",USB3 Vision v1.0,,,,,,,,,,,,,,,,,,,,,,,,,,,,,,,,,,,,,,,,,,,,,,,,,,,,,,,,,,,,,,,,,,,,,,,,글로벌 리셋 기능이 있는 롤링 셔터,IR 차단(670nm),"수동, 자동(AGC)",10 µs 에서 30초,,240 MB,0 dB에서 27 dB,,62.65 @530nm,38.03 @625nm,58.15 @460nm,"1 양방향, 1 입력",3년,,31,"1/1.7""","수동, 자동(AWB)",,5.98,"1 input, 1 output","3.3 V, 120 mA maximum",글로벌 리셋 기능이 있는 롤링 셔터,,,,,,,,,,,,2 GB RAM or more,,,Supported,Windows or Linux (32–bit or 64–bit),200 MB 하드 드라이브 저장 공간,3.1 GHz 또는 동일 CPU,,,,,,,,,,,,,,,,,,,,,,,,,,,,,,,,,,,,,,,12,4000 × 3000,,31,글로벌 리셋 기능이 있는 롤링 셔터,,색상,,CS-마운트,USB 3.1 Gen 1,29 mm × 29 mm × 30 mm,36g,CMOS
Teledyne Dalsa,"Blackfly S USB3: 12 MP, 단색, CS-마운트 BFS-U3-120S4M-CS",Area Scan,Blackfly S USB3,BFS-U3-120S4M-CS,4000 × 3000,12,,Sony IMX226,1.85 µm,CMOS,단색,CS-마운트,"소프트웨어 트리거, 하드웨어 트리거, 동작 명령",USB 3.1 Gen 1,,"픽셀 비닝, 데시메이션, ROI",맞춤형 카메라 설정을 위한 2가지 사용자 설정 세트,"감마, 룩업 테이블(순람표) 및 선명도",6 MB 비휘발성 메모리,연속 / 단일 프레임 / 다중 프레임,,69.64,3.23,,,11323,"10비트, 12비트",-30°에서 60°C,GPIO를 통해 8-24 V 또는 USB3을 통해 5 V,20에서 80% (응결 없음),0°~50°C(주변 온도),30 - 95% (응결 없음),3 W,36g,USB3 마이크로-B | Hirose HR10A-7R-6PB,29 mm × 29 mm × 30 mm,,USB3 포트,"렌즈, 케이블, 호스트 어댑터(USB 3.1 Gen 1)","CE, FCC, KCC, RoHS. 본 제품의 ECCN은 다음과 같습니다: EAR099.",USB3 Vision v1.0,,,,,,,,,,,,,,,,,,,,,,,,,,,,,,,,,,,,,,,,,,,,,,,,,,,,,,,,,,,,,,,,,,,,,,,,글로벌 리셋 기능이 있는 롤링 셔터,없음,"수동, 자동(AGC)",10 µs 에서 30초,,240 MB,0 dB에서 27 dB,,,,,"1 양방향, 1 입력",3년,73.27 @530nm,31,"1/1.7""",,73.27 (530nm),5.09,"1 input, 1 output","3.3 V, 120 mA maximum",글로벌 리셋 기능이 있는 롤링 셔터,,,,,,,,,,,,2 GB RAM or more,,,Supported,Windows or Linux (32–bit or 64–bit),200 MB 하드 드라이브 저장 공간,3.1 GHz 또는 동일 CPU,,,,,,,,,,,,,,,,,,,,,,,,,,,,,,,,,,,,,,,12,4000 × 3000,,31,글로벌 리셋 기능이 있는 롤링 셔터,,단색,,CS-마운트,USB 3.1 Gen 1,29 mm × 29 mm × 30 mm,36g,CMOS
Teledyne Dalsa,"Blackfly S USB3: 12.3 MP, 컬러, C-마운트 BFS-U3-120S6C-C",Area Scan,Blackfly S USB3,BFS-U3-120S6C-C,4096 x 3000,12.3,,Sony IMX545,2.74,CMOS,색상,C-마운트,"소프트웨어 트리거, 하드웨어 트리거, 동작 명령",USB 3.1 Gen 1,,"픽셀 비닝, 데시메이션, ROI",사용자 카메라 설정을 위한 사용자 구성 세트 2개,"색상 보정 매트릭스, 감마, 룩업 테이블(순람표), 채도 및 선명도",6MB 비휘발성 메모리,연속 / 단일 프레임 / 다중 프레임,,68.54,2.91,,,9332,"8비트, 10비트, 12비트",-30°~60°C,GPIO를 통해 8-24V 또는 USB3을 통해 5V,20에서 80%(응결 없음),0°~50°C(주변 온도),30~95%(응결 없음),최대 3W,53g,USB3 마이크로-B | Hirose HR10A-7R-6PB,29mm × 29mm × 39mm,,USB3 포트,"렌즈, 케이블, 호스트 어댑터(USB 3.1 Gen 1)","CE, FCC, KCC, RoHS. 본 제품의 ECCN은 다음과 같습니다. EAR099.",USB3 Vision v1.0,,,,,,,,,,,,,,,,,,,,,,,,,,,,,,,,,,,,,,,,,,,,,,,,,,,,,,,,,,,,,,,,,,,,,,,,글로벌 셔터,IR 차단(670nm),"수동, 자동(AGC)",14 µs to 30 seconds,,240 MB,0 dB to 48 dB,,49.03 @525nm,31.15 @630nm,42.96 @470nm,"1 양방향, 1 입력",3년,,30,"1/1.1""","수동, 자동(AWB)",,7.13,"1 input, 1 output","3.3 V, 120 mA maximum",글로벌 셔터,,,,,,,,,,,,2GB RAM 이상,,,1(비격리 I/O의 경우),Windows 또는 Linux(32–비트 또는 64–비트),200MB 하드 드라이브 저장 공간,3.1GHz 또는 동급 CPU,,,,,,,,,,,,,,,,,,,,,,,,,,,,,,,,,,,,,,,12.3,4096 x 3000,,30,글로벌 셔터,,색상,,C-마운트,USB 3.1 Gen 1,29mm × 29mm × 39mm,53g,CMOS
Teledyne Dalsa,"Blackfly S USB3: 12.3 MP, 단색, C-마운트 BFS-U3-120S6M-C",Area Scan,Blackfly S USB3,BFS-U3-120S6M-C,4096 x 3000,12.3,,Sony IMX545,2.74,CMOS,단색,C-마운트,"소프트웨어 트리거, 하드웨어 트리거, 동작 명령",USB 3.1 Gen 1,,"픽셀 비닝, 데시메이션, ROI",사용자 카메라 설정을 위한 사용자 구성 세트 2개,"감마, 룩업 테이블(순람표) 및 선명도",6MB 비휘발성 메모리,연속 / 단일 프레임 / 다중 프레임,,68.60,2.85,,,9227,"8비트, 10비트, 12비트",-30°~60°C,GPIO를 통해 8-24V 또는 USB3을 통해 5V,20에서 80%(응결 없음),0°~50°C(주변 온도),30~95%(응결 없음),최대 3W,53g,USB3 마이크로-B | Hirose HR10A-7R-6PB,29mm × 29mm × 39mm,,USB3 포트,"렌즈, 케이블, 호스트 어댑터(USB 3.1 Gen 1)","CE, FCC, KCC, RoHS. 본 제품의 ECCN은 다음과 같습니다. EAR099.",USB3 Vision v1.0,,,,,,,,,,,,,,,,,,,,,,,,,,,,,,,,,,,,,,,,,,,,,,,,,,,,,,,,,,,,,,,,,,,,,,,,글로벌 셔터,없음,"수동, 자동(AGC)",14 µs to 30 seconds,,240 MB,0 dB to 48 dB,,,,,"1 양방향, 1 입력",3년,64.47 @525nm,30,"1/1.1""",,64.47 @525nm,5.32,"1 input, 1 output","3.3 V, 120 mA maximum",글로벌 셔터,,,,,,,,,,,,2GB RAM 이상,,,1(비격리 I/O의 경우),Windows 또는 Linux(32–비트 또는 64–비트),200MB 하드 드라이브 저장 공간,3.1GHz 또는 동급 CPU,,,,,,,,,,,,,,,,,,,,,,,,,,,,,,,,,,,,,,,12.3,4096 x 3000,,30,글로벌 셔터,,단색,,C-마운트,USB 3.1 Gen 1,29mm × 29mm × 39mm,53g,CMOS
Teledyne Dalsa,"Blackfly S USB3: 12.3 MP, 컬러, C-마운트 BFS-U3-122S6C-C",Area Scan,Blackfly S USB3,BFS-U3-122S6C-C,4096 × 3000,12.3,,Sony IMX304,3.45 µm,CMOS,색상,C-마운트,"소프트웨어 트리거, 하드웨어 트리거, 동작 명령",USB 3.1 Gen 1,,"픽셀 비닝, 데시메이션, ROI",맞춤형 카메라 설정을 위한 2가지 사용자 설정 세트,"색상 보정 매트릭스, 감마, 룩업 테이블(순람표), 채도 및 선명도",6 MB 비휘발성 메모리,연속 / 단일 프레임 / 다중 프레임,,71.51,2.33,,,10651,12비트,-30°에서 60°C,GPIO를 통해 8-24 V 또는 USB3을 통해 5 V,20에서 80% (응결 없음),0°~50°C(주변 온도),30 - 95% (응결 없음),3 W,36g,USB3 마이크로-B | Hirose HR10A-7R-6PB,29 mm × 29 mm × 30 mm,,USB3 포트,"렌즈, 케이블, 호스트 어댑터(USB 3.1 Gen 1)","CE, FCC, KCC, RoHS. 본 제품의 ECCN은 다음과 같습니다: EAR099.",USB3 Vision v1.0,,,,,,,,,,,,,,,,,,,,,,,,,,,,,,,,,,,,,,,,,,,,,,,,,,,,,,,,,,,,,,,,,,,,,,,,글로벌 셔터,IR 차단(670nm),"수동, 자동(AGC)",22 µs 에서 30초,,240 MB,0 dB에서 47 dB,,55.98 @530nm,44.07 @625nm,44.51 @460nm,"1 양방향, 1 입력",3년,,23,"1.1""","수동, 자동(AWB)",,5.06,"1 input, 1 output","3.3 V, 120 mA maximum",글로벌 셔터,,,,,,,,,,,,2 GB RAM or more,,,Supported,Windows or Linux (32–bit or 64–bit),200 MB 하드 드라이브 저장 공간,3.1 GHz 또는 동일 CPU,,,,,,,,,,,,,,,,,,,,,,,,,,,,,,,,,,,,,,,12.3,4096 × 3000,,23,글로벌 셔터,,색상,,C-마운트,USB 3.1 Gen 1,29 mm × 29 mm × 30 mm,36g,CMOS
Teledyne Dalsa,"Blackfly S USB3: 12.3 MP, 단색, C-마운트 BFS-U3-122S6M-C",Area Scan,Blackfly S USB3,BFS-U3-122S6M-C,4096 × 3000,12.3,,Sony IMX304,3.45 µm,CMOS,단색,C-마운트,"소프트웨어 트리거, 하드웨어 트리거, 동작 명령",USB 3.1 Gen 1,,"픽셀 비닝, 데시메이션, ROI",맞춤형 카메라 설정을 위한 2가지 사용자 설정 세트,"감마, 룩업 테이블(순람표) 및 선명도",6 MB 비휘발성 메모리,연속 / 단일 프레임 / 다중 프레임,,71.69,2.40,,,11130,12비트,-30°에서 60°C,GPIO를 통해 8-24 V 또는 USB3을 통해 5 V,20에서 80% (응결 없음),0°~50°C(주변 온도),30 - 95% (응결 없음),3 W,36g,USB3 마이크로-B | Hirose HR10A-7R-6PB,29 mm × 29 mm × 30 mm,,USB3 포트,"렌즈, 케이블, 호스트 어댑터(USB 3.1 Gen 1)","CE, FCC, KCC, RoHS. 본 제품의 ECCN은 다음과 같습니다: EAR099.",USB3 Vision v1.0,,,,,,,,,,,,,,,,,,,,,,,,,,,,,,,,,,,,,,,,,,,,,,,,,,,,,,,,,,,,,,,,,,,,,,,,글로벌 셔터,없음,"수동, 자동(AGC)",22 µs 에서 30초,,240 MB,0 dB에서 47 dB,,,,,"1 양방향, 1 입력",3년,62.29 @530nm,23,"1.1""",,62.29 (530nm),4.65,"1 input, 1 output","3.3 V, 120 mA maximum",글로벌 셔터,,,,,,,,,,,,2 GB RAM or more,,,Supported,Windows or Linux (32–bit or 64–bit),200 MB 하드 드라이브 저장 공간,3.1 GHz 또는 동일 CPU,,,,,,,,,,,,,,,,,,,,,,,,,,,,,,,,,,,,,,,12.3,4096 × 3000,,23,글로벌 셔터,,단색,,C-마운트,USB 3.1 Gen 1,29 mm × 29 mm × 30 mm,36g,CMOS
Teledyne Dalsa,"Blackfly S USB3: 12.3 MP, 컬러, C-마운트 BFS-U3-123S6C-C",Area Scan,Blackfly S USB3,BFS-U3-123S6C-C,4096 × 3000,12.3,,Sony IMX253,3.45 µm,CMOS,색상,C-마운트,"소프트웨어 트리거, 하드웨어 트리거, 동작 명령",USB 3.1 Gen 1,,"픽셀 비닝, 데시메이션, ROI",맞춤형 카메라 설정을 위한 2가지 사용자 설정 세트,"색상 보정 매트릭스, 감마, 룩업 테이블(순람표), 채도 및 선명도",6 MB 비휘발성 메모리,연속 / 단일 프레임 / 다중 프레임,,70.92,2.48,,,10476,"10비트, 12비트",-30°에서 60°C,GPIO를 통해 8-24 V 또는 USB3을 통해 5 V,20에서 80% (응결 없음),0°~50°C(주변 온도),30 - 95% (응결 없음),3 W,36g,USB3 마이크로-B | Hirose HR10A-7R-6PB,29 mm × 29 mm × 30 mm,,USB3 포트,"렌즈, 케이블, 호스트 어댑터(USB 3.1 Gen 1)","CE, FCC, KCC, RoHS. 본 제품의 ECCN은 다음과 같습니다: EAR099.",USB3 Vision v1.0,,,,,,,,,,,,,,,,,,,,,,,,,,,,,,,,,,,,,,,,,,,,,,,,,,,,,,,,,,,,,,,,,,,,,,,,글로벌 셔터,IR 차단(670nm),"수동, 자동(AGC)",10 µs 에서 30초,,240 MB,0 dB에서 47 dB,,57.09 @530nm,45.81 @625nm,46.27 @460nm,"1 양방향, 1 입력",3년,,30,"1.1""","수동, 자동(AWB)",,5.22,"1 input, 1 output","3.3 V, 120 mA maximum",글로벌 셔터,,,,,,,,,,,,2 GB RAM or more,,,Supported,Windows or Linux (32–bit or 64–bit),200 MB 하드 드라이브 저장 공간,3.1 GHz 또는 동일 CPU,,,,,,,,,,,,,,,,,,,,,,,,,,,,,,,,,,,,,,,12.3,4096 × 3000,,30,글로벌 셔터,,색상,,C-마운트,USB 3.1 Gen 1,29 mm × 29 mm × 30 mm,36g,CMOS
Teledyne Dalsa,"Blackfly S USB3: 12.3 MP, 단색, C-마운트 BFS-U3-123S6M-C",Area Scan,Blackfly S USB3,BFS-U3-123S6M-C,4096 × 3000,12.3,,Sony IMX253,3.45 µm,CMOS,단색,C-마운트,"소프트웨어 트리거, 하드웨어 트리거, 동작 명령",USB 3.1 Gen 1,,"픽셀 비닝, 데시메이션, ROI",맞춤형 카메라 설정을 위한 2가지 사용자 설정 세트,"감마, 룩업 테이블(순람표) 및 선명도",6 MB 비휘발성 메모리,연속 / 단일 프레임 / 다중 프레임,,71.30,2.30,,,10287,"10비트, 12비트",-30°에서 60°C,GPIO를 통해 8-24 V 또는 USB3을 통해 5 V,20에서 80% (응결 없음),0°~50°C(주변 온도),30 - 95% (응결 없음),3 W,36g,USB3 마이크로-B | Hirose HR10A-7R-6PB,29 mm × 29 mm × 30 mm,,USB3 포트,"렌즈, 케이블, 호스트 어댑터(USB 3.1 Gen 1)","CE, FCC, KCC, RoHS. 본 제품의 ECCN은 다음과 같습니다: EAR099.",USB3 Vision v1.0,,,,,,,,,,,,,,,,,,,,,,,,,,,,,,,,,,,,,,,,,,,,,,,,,,,,,,,,,,,,,,,,,,,,,,,,글로벌 셔터,없음,"수동, 자동(AGC)",10 µs 에서 30초,,240 MB,0 dB에서 47 dB,,,,,"1 양방향, 1 입력",3년,63.3 @530nm,30,"1.1""",,63.3 (530nm),4.43,"1 input, 1 output","3.3 V, 120 mA maximum",글로벌 셔터,,,,,,,,,,,,2 GB RAM or more,,,Supported,Windows or Linux (32–bit or 64–bit),200 MB 하드 드라이브 저장 공간,3.1 GHz 또는 동일 CPU,,,,,,,,,,,,,,,,,,,,,,,,,,,,,,,,,,,,,,,12.3,4096 × 3000,,30,글로벌 셔터,,단색,,C-마운트,USB 3.1 Gen 1,29 mm × 29 mm × 30 mm,36g,CMOS
Teledyne Dalsa,"Blackfly S USB3: 16.1 MP, 컬러, C-마운트 BFS-U3-161S7C-C",Area Scan,Blackfly S USB3,BFS-U3-161S7C-C,5320 × 3032,16.1,,Sony IMX542,2.74,CMOS,색상,C-마운트,"소프트웨어 트리거, 하드웨어 트리거, 동작 명령",USB 3.1 Gen 1,,"픽셀 비닝, 데시메이션, ROI",사용자 카메라 설정을 위한 사용자 구성 세트 2개,"색상 보정 매트릭스×, 감마, 룩업 테이블(순람표), 채도 및 선명도",6MB 비휘발성 메모리,연속 / 단일 프레임 / 다중 프레임,,70.75,2.31,,,9693,"8비트, 10비트, 12비트",-30°~60°C,GPIO를 통해 8-24 V 또는 USB3을 통해 5 V,20에서 80%(응결 없음),0°~50°C(주변 온도),30~95%(응결 없음),4.2 W,53g,USB3 마이크로-B | Hirose HR10A-7R-6PB,29mm × 29mm × 39mm,,USB3 포트,"렌즈, 케이블, 호스트 어댑터(USB 3.1 Gen 1)","CE, FCC, KCC, RoHS. 본 제품의 ECCN은 다음과 같습니다. EAR099.",USB3 Vision v1.0,,,,,,,,,,,,,,,,,,,,,,,,,,,,,,,,,,,,,,,,,,,,,,,,,,,,,,,,,,,,,,,,,,,,,,,,글로벌 셔터,IR 차단(670nm),"수동, 자동(AGC)",17µs~30초,,240 MB,0db~47dB,,54.43 @525nm,35.67 @630nm,47.38 @470nm,"1 양방향, 1 입력",3년,,23,"1.1""","수동, 자동(AWB)",,5.18,"1 input, 1 output","3.3 V, 120 mA maximum",글로벌 셔터,,,,,,,,,,,,2GB RAM 이상,,,Supported,Windows 또는 Linux(32–비트 또는 64–비트),200MB 하드 드라이브 저장 공간,3.1GHz 또는 동급 CPU,,,,,,,,,,,,,,,,,,,,,,,,,,,,,,,,,,,,,,,16.1,5320 × 3032,,23,글로벌 셔터,,색상,,C-마운트,USB 3.1 Gen 1,29mm × 29mm × 39mm,53g,CMOS
Teledyne Dalsa,"Blackfly S USB3: 16.1 MP, 단색, C-마운트 BFS-U3-161S7M-C",Area Scan,Blackfly S USB3,BFS-U3-161S7M-C,5320 × 3032,16.1,,Sony IMX542,2.74,CMOS,단색,C-마운트,"소프트웨어 트리거, 하드웨어 트리거, 동작 명령",USB 3.1 Gen 1,,"픽셀 비닝, 데시메이션, ROI",사용자 카메라 설정을 위한 사용자 구성 세트 2개,"감마, 룩업 테이블(순람표) 및 선명도",6MB 비휘발성 메모리,연속 / 단일 프레임 / 다중 프레임,,70.69,2.22,,,9695,"8비트, 10비트, 12비트",-30°~60°C,GPIO를 통해 8-24 V 또는 USB3을 통해 5 V,20에서 80%(응결 없음),0°~50°C(주변 온도),30~95%(응결 없음),4.2 W,53g,USB3 마이크로-B | Hirose HR10A-7R-6PB,29mm × 29mm × 39mm,,USB3 포트,"렌즈, 케이블, 호스트 어댑터(USB 3.1 Gen 1)","CE, FCC, KCC, RoHS. 본 제품의 ECCN은 다음과 같습니다. EAR099.",USB3 Vision v1.0,,,,,,,,,,,,,,,,,,,,,,,,,,,,,,,,,,,,,,,,,,,,,,,,,,,,,,,,,,,,,,,,,,,,,,,,글로벌 셔터,없음,"수동, 자동(AGC)",17µs~30초,,240 MB,0db~47dB,,,,,"1 양방향, 1 입력",3년,67.76 @525nm,23,"1.1""",,67.76(525nm),4.18,"1 input, 1 output","3.3 V, 120 mA maximum",글로벌 셔터,,,,,,,,,,,,2GB RAM 이상,,,Supported,Windows 또는 Linux(32–비트 또는 64–비트),200MB 하드 드라이브 저장 공간,3.1GHz 또는 동급 CPU,,,,,,,,,,,,,,,,,,,,,,,,,,,,,,,,,,,,,,,16.1,5320 × 3032,,23,글로벌 셔터,,단색,,C-마운트,USB 3.1 Gen 1,29mm × 29mm × 39mm,53g,CMOS
Teledyne Dalsa,"Blackfly S USB3: 20 MP, 컬러, C-마운트 BFS-U3-200S6C-C",Area Scan,Blackfly S USB3,BFS-U3-200S6C-C,5472 × 3648,20,,Sony IMX183,2.4 µm,CMOS,색상,C-마운트,"소프트웨어 트리거, 하드웨어 트리거, 동작 명령",USB 3.1 Gen 1,,"픽셀 비닝, 데시메이션, ROI",맞춤형 카메라 설정을 위한 2가지 사용자 설정 세트,"색상 보정 매트릭스, 감마, 룩업 테이블(순람표), 채도 및 선명도",6 MB 비휘발성 메모리,연속 / 단일 프레임 / 다중 프레임,,71.89,3.31,,,14978,"10비트, 12비트",-30°에서 60°C,GPIO를 통해 8-24 V 또는 USB3을 통해 5 V,20에서 80% (응결 없음),0°~50°C(주변 온도),30 - 95% (응결 없음),<3 W,36g,USB3 마이크로-B | Hirose HR10A-7R-6PB,29 mm × 29 mm × 30 mm,,USB3 포트,"렌즈, 케이블, 호스트 어댑터(USB 3.1 Gen 1)","CE, FCC, KCC, RoHS. 본 제품의 ECCN은 다음과 같습니다: EAR099.",USB3 Vision v1.0,,,,,,,,,,,,,,,,,,,,,,,,,,,,,,,,,,,,,,,,,,,,,,,,,,,,,,,,,,,,,,,,,,,,,,,,글로벌 리셋 기능이 있는 롤링 셔터,IR 차단(670nm),"수동, 자동(AGC)",69 µs to 30 seconds,,240 MB,0 dB to 27 dB,,69.49 @530nm,43.67 @625nm,63.18 @460nm,"1 양방향, 1 입력",3년,,18,"1""","수동, 자동(AWB)",,5.47,"1 input, 1 output","3.3 V, 120 mA maximum",글로벌 리셋 기능이 있는 롤링 셔터,,,,,,,,,,,,2 GB RAM or more,,,Supported,Windows or Linux (32–bit or 64–bit),200 MB 하드 드라이브 저장 공간,3.1 GHz 또는 동일 CPU,,,,,,,,,,,,,<3 W,,,,,,,,,,,,,,,,,,,,,,,,,,20,5472 × 3648,,18,글로벌 리셋 기능이 있는 롤링 셔터,,색상,,C-마운트,USB 3.1 Gen 1,29 mm × 29 mm × 30 mm,36g,CMOS
Teledyne Dalsa,"Blackfly S USB3: 20 MP, 단색, C-마운트 BFS-U3-200S6M-C",Area Scan,Blackfly S USB3,BFS-U3-200S6M-C,5472 × 3648,20,,Sony IMX183,2.4 µm,CMOS,단색,C-마운트,"소프트웨어 트리거, 하드웨어 트리거, 동작 명령",USB 3.1 Gen 1,,"픽셀 비닝, 데시메이션, ROI",맞춤형 카메라 설정을 위한 2가지 사용자 설정 세트,"감마, 룩업 테이블(순람표) 및 선명도",6 MB 비휘발성 메모리,연속 / 단일 프레임 / 다중 프레임,,71.89,3.26,,,14794,"10비트, 12비트",-30°에서 60°C,GPIO를 통해 8-24 V 또는 USB3을 통해 5 V,20에서 80% (응결 없음),0°~50°C(주변 온도),30 - 95% (응결 없음),<3 W,36g,USB3 마이크로-B | Hirose HR10A-7R-6PB,29 mm × 29 mm × 30 mm,,USB3 포트,"렌즈, 케이블, 호스트 어댑터(USB 3.1 Gen 1)","CE, FCC, KCC, RoHS. 본 제품의 ECCN은 다음과 같습니다: EAR099.",USB3 Vision v1.0,,,,,,,,,,,,,,,,,,,,,,,,,,,,,,,,,,,,,,,,,,,,,,,,,,,,,,,,,,,,,,,,,,,,,,,,글로벌 리셋 기능이 있는 롤링 셔터,없음,"수동, 자동(AGC)",69 µs to 30 seconds,,240 MB,0 dB to 27 dB,,,,,"1 양방향, 1 입력",3년,79 @525nm,18,"1""",,79 (% at 525 nm),4.97,"1 input, 1 output","3.3 V, 120 mA maximum",글로벌 리셋 기능이 있는 롤링 셔터,,,,,,,,,,,,2 GB RAM or more,,,Supported,Windows or Linux (32–bit or 64–bit),200 MB 하드 드라이브 저장 공간,3.1 GHz 또는 동일 CPU,,,,,,,,,,,,,<3 W,,,,,,,,,,,,,,,,,,,,,,,,,,20,5472 × 3648,,18,글로벌 리셋 기능이 있는 롤링 셔터,,단색,,C-마운트,USB 3.1 Gen 1,29 mm × 29 mm × 30 mm,36g,CMOS
Teledyne Dalsa,"Blackfly S USB3: 20 MP, 컬러, C-마운트 BFS-U3-200S7C-C",Area Scan,Blackfly S USB3,BFS-U3-200S7C-C,4504 × 4504,20,,Sony IMX541,2.74,CMOS,색상,C-마운트,"소프트웨어 트리거, 하드웨어 트리거, 동작 명령",USB 3.1 Gen 1,,"픽셀 비닝, 데시메이션, ROI",사용자 카메라 설정을 위한 사용자 구성 세트 2개,"색상 보정 매트릭스, 감마, 룩업 테이블(순람표), 채도 및 선명도",6MB 비휘발성 메모리,연속 / 단일 프레임 / 다중 프레임,,70.80,2.16,,,9595,"8비트, 10비트, 12비트",-30°~60°C(주변 온도),GPIO를 통해 8-24 V 또는 USB3을 통해 5 V,20에서 80%(응결 없음),0°C~65°C(케이스),30~95%(응결 없음),4.2 W,53g,USB3 마이크로-B | Hirose HR10A-7R-6PB,29mm × 29mm × 39mm,,USB3 포트,"렌즈, 케이블, 호스트 어댑터(USB 3.1 Gen 1)","CE, FCC, KCC, RoHS. 본 제품의 ECCN은 다음과 같습니다. EAR099.",USB3 Vision v1.0,,,,,,,,,,,,,,,,,,,,,,,,,,,,,,,,,,,,,,,,,,,,,,,,,,,,,,,,,,,,,,,,,,,,,,,,글로벌 셔터,IR 차단(670nm),"수동, 자동(AGC)",15µ~30초,,240 MB,0db~47dB,,53.93 @525nm,34.98 @630nm,47.47 @470nm,"1 양방향, 1 입력",3년,,18,"1.1""","수동, 자동(AWB)",62.99 (530nm),5.14,"1 input, 1 output","3.3 V, 120 mA maximum",글로벌 셔터,,,,,,,,,,,,2GB RAM 이상,,,Supported,Windows 또는 Linux(32–비트 또는 64–비트),200MB 하드 드라이브 저장 공간,3.1GHz 또는 동급 CPU,,,,,,,,,,,,,,,,,,,,,,,,,,,,,,,,,,,,,,,20,4504 × 4504,,18,글로벌 셔터,,색상,,C-마운트,USB 3.1 Gen 1,29mm × 29mm × 39mm,53g,CMOS
Teledyne Dalsa,"Blackfly S USB3: 20 MP, 단색, C-마운트 BFS-U3-200S7M-C",Area Scan,Blackfly S USB3,BFS-U3-200S7M-C,4504 × 4504,20,,Sony IMX541,2.74,CMOS,단색,C-마운트,"소프트웨어 트리거, 하드웨어 트리거, 동작 명령",USB 3.1 Gen 1,,"픽셀 비닝, 데시메이션, ROI",사용자 카메라 설정을 위한 사용자 구성 세트 2개,"감마, 룩업 테이블(순람표) 및 선명도",6MB 비휘발성 메모리,연속 / 단일 프레임 / 다중 프레임,,70.88,2.21,,,9870,"8비트, 10비트, 12비트",-30°~60°C(주변 온도),GPIO를 통해 8-24 V 또는 USB3을 통해 5 V,20에서 80%(응결 없음),0°C~65°C(케이스),30~95%(응결 없음),4.2 W,53g,USB3 마이크로-B | Hirose HR10A-7R-6PB,29mm × 29mm × 39mm,,USB3 포트,"렌즈, 케이블, 호스트 어댑터(USB 3.1 Gen 1)","CE, FCC, KCC, RoHS. 본 제품의 ECCN은 다음과 같습니다. EAR099.",USB3 Vision v1.0,,,,,,,,,,,,,,,,,,,,,,,,,,,,,,,,,,,,,,,,,,,,,,,,,,,,,,,,,,,,,,,,,,,,,,,,글로벌 셔터,없음,"수동, 자동(AGC)",15µ~30초,,240 MB,0db~47dB,,,,,"1 양방향, 1 입력",3년,67.18 @525nm,18,"1.1""",,67.18(525nm),4.20,"1 input, 1 output","3.3 V, 120 mA maximum",글로벌 셔터,,,,,,,,,,,,2GB RAM 이상,,,Supported,Windows 또는 Linux(32–비트 또는 64–비트),200MB 하드 드라이브 저장 공간,3.1GHz 또는 동급 CPU,,,,,,,,,,,,,,,,,,,,,,,,,,,,,,,,,,,,,,,20,4504 × 4504,,18,글로벌 셔터,,단색,,C-마운트,USB 3.1 Gen 1,29mm × 29mm × 39mm,53g,CMOS
Teledyne Dalsa,"Blackfly S USB3: 24.5 MP, 컬러, C-마운트 BFS-U3-244S8C-C",Area Scan,Blackfly S USB3,BFS-U3-244S8C-C,5320 x 4600,24.5,,Sony IMX540,2.74,CMOS,색상,C-마운트,"소프트웨어 트리거, 하드웨어 트리거, 동작 명령",USB 3.1 Gen 1,,"픽셀 비닝, 데시메이션, ROI",맞춤형 카메라 설정을 위한 2가지 사용자 설정 세트,"색상 보정 매트릭스, 감마, 룩업 테이블(순람표), 채도 및 선명도",6 MB non-volatile memory,연속 / 단일 프레임 / 다중 프레임,,70.69,2.31,,,9636,"8비트, 10비트, 12비트",-30° to 60°C (ambient),GPIO를 통해 8-24 V 또는 USB3을 통해 5 V,20에서 80% (응결 없음),0°~50°C(주변 온도),30 - 95% (응결 없음),4.2 W,53g,USB3 마이크로-B | Hirose HR10A-7R-6PB,29 mm × 29 mm × 39 mm,,USB3 포트,"렌즈, 케이블, 호스트 어댑터(USB 3.1 Gen 1)","CE, FCC, KCC, RoHS. 본 제품의 ECCN은 다음과 같습니다: EAR099.",USB3 Vision v1.0,,,,,,,,,,,,,,,,,,,,,,,,,,,,,,,,,,,,,,,,,,,,,,,,,,,,,,,,,,,,,,,,,,,,,,,,글로벌 셔터,IR 차단(670nm),"수동, 자동(AGC)",20 µs 에서 30초,,240 MB,0 dB에서 47 dB,,54 @525nm,35 @630nm,47 @470nm,"1 양방향, 1 입력",3년,,15,"1.2""","수동, 자동(AWB)",,5.22,"1 input, 1 output","3.3 V, 120 mA maximum",글로벌 셔터,,,,,,,,,,,,2 GB RAM or more,,,Supported,Windows or Linux (32–bit or 64–bit),200 MB 하드 드라이브 저장 공간,3.1 GHz 또는 동일 CPU,,,,,,,,,,,,,,,,,,,,,,,,,,,,,,,,,,,,,,,24.5,5320 x 4600,,15,글로벌 셔터,,색상,,C-마운트,USB 3.1 Gen 1,29 mm × 29 mm × 39 mm,53g,CMOS
Teledyne Dalsa,"Blackfly S USB3: 24.5 MP, 단색, C-마운트 BFS-U3-244S8M-C",Area Scan,Blackfly S USB3,BFS-U3-244S8M-C,5320 x 4600,24.5,,Sony IMX540,2.74,CMOS,단색,C-마운트,"소프트웨어 트리거, 하드웨어 트리거, 동작 명령",USB 3.1 Gen 1,,"픽셀 비닝, 데시메이션, ROI",맞춤형 카메라 설정을 위한 2가지 사용자 설정 세트,"감마, 룩업 테이블(순람표) 및 선명도",6 MB non-volatile memory,연속 / 단일 프레임 / 다중 프레임,,70.73,2.31,,,9648,"8비트, 10비트, 12비트",-30° to 60°C (ambient),GPIO를 통해 8-24 V 또는 USB3을 통해 5 V,20에서 80% (응결 없음),0°~50°C(주변 온도),30 - 95% (응결 없음),4.2 W,53g,USB3 마이크로-B | Hirose HR10A-7R-6PB,29 mm × 29 mm × 39 mm,,USB3 포트,"렌즈, 케이블, 호스트 어댑터(USB 3.1 Gen 1)","CE, FCC, KCC, RoHS. 본 제품의 ECCN은 다음과 같습니다: EAR099.",USB3 Vision v1.0,,,,,,,,,,,,,,,,,,,,,,,,,,,,,,,,,,,,,,,,,,,,,,,,,,,,,,,,,,,,,,,,,,,,,,,,글로벌 셔터,없음,"수동, 자동(AGC)",20 µs 에서 30초,,240 MB,0 dB에서 47 dB,,,,,"1 양방향, 1 입력",3년,69 @525nm,15,"1.2""",,69 @525 nm,4.05,"1 input, 1 output","3.3 V, 120 mA maximum",글로벌 셔터,,,,,,,,,,,,2 GB RAM or more,,,Supported,Windows or Linux (32–bit or 64–bit),200 MB 하드 드라이브 저장 공간,3.1 GHz 또는 동일 CPU,,,,,,,,,,,,,,,,,,,,,,,,,,,,,,,,,,,,,,,24.5,5320 x 4600,,15,글로벌 셔터,,단색,,C-마운트,USB 3.1 Gen 1,29 mm × 29 mm × 39 mm,53g,CMOS
Teledyne Dalsa,"DR USB3: 5 MP, Global Shutter, Mono, S-mount, Back DR-U3-50S4M-C1-S",Area Scan,Dragonfly S USB3,DR-U3-50S4M-C1-S,2448 x 2048,5.0,,Sony IMX568,2.74,CMOS,Mono,S-mount,,"USB 3.1 Micro-B, side connector (USB2 not supported)",,"Pixel binning, ROI",1,"Gamma, lookup table",6 MB,Continuous / Single Frame / Multi Frame,,70,2.64,,,9814,"8-bit, 10-bit, 12-bit",-30° to 60°C,5 V via USB3 interface,20 to 85% (no condensation),0° to 50°C (ambient),20 to 95% (no condensation),2.6 W Streaming | 1.8 W Idle,24 g,USB3 Micro-B (side) | JST BM06B-NSHSS-TBT,29.5 mm x 29.5 mm x 17.5 mm,,USB3 Port,"Lens, Cable, Host Adapter (USB 3.1 Gen 1)","CE, FCC, RoHS, KCC, REACH. The ECCN for this product is: EAR099.",USB3 Vision v1.0,,,,,,,,,,,,,,,,,,,,,,,,,,,,,,,,,,,,,,,,,,,,,,,,,,,,,,,,,,,,,,,,,,,,,,,,Global shutter,,"Manual, automatic (AGC)",12 µs to 2.0 seconds,"Hardware trigger, programmable via camera API, automatic",96 MB,0 dB to 47 dB,,,,,4 bi-directional,3 years,67 @523 nm,46,"1/1.8""",,,4.8,,"4.3 V to 5.25 V, up to 200 mA maximum",,,,,,,,,,,,,,,,1 over non-isolated I/O,,,,,,,,,,,,,,,,,,,,,,,,,,,,,,,,,,,,,,,,,,5.0,2448 x 2048,,46,Global shutter,,Mono,,S-mount,"USB 3.1 Micro-B, side connector (USB2 not supported)",29.5 mm x 29.5 mm x 17.5 mm,24 g,CMOS
Teledyne Dalsa,"DR USB3: 5 MP, Global Shutter, Color, S-mount, Back DR-U3-50S4C-C1-S",Area Scan,Dragonfly S USB3,DR-U3-50S4C-C1-S,2448 x 2048,5.0,,Sony IMX568,2.74,CMOS,Color,S-mount,,"USB 3.1 Micro-B, side connector (USB2 not supported)",,"Pixel binning, ROI",1,"Gamma, lookup table",6 MB,Continuous / Single Frame / Multi Frame,,69,2.67,,,9593,"8-bit, 10-bit, 12-bit",-30° to 60°C,5 V via USB3 interface,20 to 85% (no condensation),0° to 50°C (ambient),20 to 95% (no condensation),2.6 W Streaming | 1.8 W Idle,24 g,USB3 Micro-B (side) | JST BM06B-NSHSS-TBT,29.5 mm x 29.5 mm x 17.5 mm,,USB3 Port,"Lens, Cable, Host Adapter (USB 3.1 Gen 1)","CE, FCC, RoHS, KCC, REACH. The ECCN for this product is: EAR099.",USB3 Vision v1.0,,,,,,,,,,,,,,,,,,,,,,,,,,,,,,,,,,,,,,,,,,,,,,,,,,,,,,,,,,,,,,,,,,,,,,,,Global shutter,,"Manual, automatic (AGC)",12 µs to 2.0 seconds,"Hardware trigger, programmable via camera API, automatic",96 MB,0 dB to 47 dB,,53 @523 nm,33 @628 nm,45 @457 nm,4 bi-directional,3 years,,46,"1/1.8""","Manual, automatic (AWB)",,6.2,,"4.3 V to 5.25 V, up to 200 mA maximum",,,,,,,,,,,,,,,,1 over non-isolated I/O,,,,,,,,,,,,,,,,,,,,,,,,,,,,,,,,,,,,,,,,,,5.0,2448 x 2048,,46,Global shutter,,Color,,S-mount,"USB 3.1 Micro-B, side connector (USB2 not supported)",29.5 mm x 29.5 mm x 17.5 mm,24 g,CMOS
Teledyne Dalsa,"DR USB3: 5 MP, Global Shutter, Mono, C-mount, Back DR-U3-50S4M-C1-C",Area Scan,Dragonfly S USB3,DR-U3-50S4M-C1-C,2448 x 2048,5.0,,Sony IMX568,2.74,CMOS,Mono,C-mount,,"USB 3.1 Micro-B, side connector (USB2 not supported)",,"Pixel binning, ROI",1,"Gamma, lookup table",6 MB,Continuous / Single Frame / Multi Frame,,70,2.64,,,9814,"8-bit, 10-bit, 12-bit",-30° to 60°C,5 V via USB3 interface,20 to 85% (no condensation),0° to 50°C (ambient),20 to 95% (no condensation),2.6 W Streaming | 1.8 W Idle,23 g,USB3 Micro-B (side) | JST BM06B-NSHSS-TBT,29.5 mm x 29.5 mm x 18.3 mm,,USB3 Port,"Lens, Cable, Host Adapter (USB 3.1 Gen 1)","CE, FCC, RoHS, KCC, REACH. The ECCN for this product is: EAR099.",USB3 Vision v1.0,,,,,,,,,,,,,,,,,,,,,,,,,,,,,,,,,,,,,,,,,,,,,,,,,,,,,,,,,,,,,,,,,,,,,,,,Global shutter,,"Manual, automatic (AGC)",12 µs to 2.0 seconds,"Hardware trigger, programmable via camera API, automatic",96 MB,0 dB to 47 dB,,,,,4 bi-directional,3 years,67 @523 nm,46,"1/1.8""",,,4.8,,"4.3 V to 5.25 V, up to 200 mA maximum",,,,,,,,,,,,,,,,1 over non-isolated I/O,,,,,,,,,,,,,,,,,,,,,,,,,,,,,,,,,,,,,,,,,,5.0,2448 x 2048,,46,Global shutter,,Mono,,C-mount,"USB 3.1 Micro-B, side connector (USB2 not supported)",29.5 mm x 29.5 mm x 18.3 mm,23 g,CMOS
Teledyne Dalsa,"DR USB3: 5 MP, Global Shutter, Color, C-mount, Back DR-U3-50S4C-C1-C",Area Scan,Dragonfly S USB3,DR-U3-50S4C-C1-C,2448 x 2048,5.0,,Sony IMX568,2.74,CMOS,Color,C-mount,,"USB 3.1 Micro-B, side connector (USB2 not supported)",,"Pixel binning, ROI",1,"Gamma, lookup table",6 MB,Continuous / Single Frame / Multi Frame,,69,2.67,,,9593,"8-bit, 10-bit, 12-bit",-30° to 60°C,5 V via USB3 interface,20 to 85% (no condensation),0° to 50°C (ambient),20 to 95% (no condensation),2.6 W Streaming | 1.8 W Idle,23 g,USB3 Micro-B (side) | JST BM06B-NSHSS-TBT,29.5 mm x 29.5 mm x 18.3 mm,,USB3 Port,"Lens, Cable, Host Adapter (USB 3.1 Gen 1)","CE, FCC, RoHS, KCC, REACH. The ECCN for this product is: EAR099.",USB3 Vision v1.0,,,,,,,,,,,,,,,,,,,,,,,,,,,,,,,,,,,,,,,,,,,,,,,,,,,,,,,,,,,,,,,,,,,,,,,,Global shutter,,"Manual, automatic (AGC)",12 µs to 2.0 seconds,"Hardware trigger, programmable via camera API, automatic",96 MB,0 dB to 47 dB,,53 @523 nm,33 @628 nm,45 @457 nm,4 bi-directional,3 years,,46,"1/1.8""","Manual, automatic (AWB)",,6.2,,"4.3 V to 5.25 V, up to 200 mA maximum",,,,,,,,,,,,,,,,1 over non-isolated I/O,,,,,,,,,,,,,,,,,,,,,,,,,,,,,,,,,,,,,,,,,,5.0,2448 x 2048,,46,Global shutter,,Color,,C-mount,"USB 3.1 Micro-B, side connector (USB2 not supported)",29.5 mm x 29.5 mm x 18.3 mm,23 g,CMOS
Teledyne Dalsa,"DR USB3: 5 MP, Global Shutter, Mono, S-mount, Side DR-U3-50S4M-C3-S",Area Scan,Dragonfly S USB3,DR-U3-50S4M-C3-S,2448 x 2048,5.0,,Sony IMX568,2.74,CMOS,Mono,S-mount,,"USB 3.1 Micro-B, side connector (USB2 not supported)",,"Pixel binning, ROI",1,"Gamma, lookup table",6 MB,Continuous / Single Frame / Multi Frame,,70,2.64,,,9814,"8-bit, 10-bit, 12-bit",-30° to 60°C,5 V via USB3 interface,20 to 85% (no condensation),0° to 50°C (ambient),20 to 95% (no condensation),2.6 W Streaming | 1.8 W Idle,24 g,USB3 Micro-B (side) | JST BM06B-NSHSS-TBT,29.5 mm x 29.5 mm x 15.8 mm,,USB3 Port,"Lens, Cable, Host Adapter (USB 3.1 Gen 1)","CE, FCC, RoHS, KCC, REACH. The ECCN for this product is: EAR099.",USB3 Vision v1.0,,,,,,,,,,,,,,,,,,,,,,,,,,,,,,,,,,,,,,,,,,,,,,,,,,,,,,,,,,,,,,,,,,,,,,,,Global shutter,,"Manual, automatic (AGC)",12 µs to 2.0 seconds,"Hardware trigger, programmable via camera API, automatic",96 MB,0 dB to 47 dB,,,,,4 bi-directional,3 years,67 @523 nm,46,"1/1.8""",,,4.8,,"4.3 V to 5.25 V, up to 200 mA maximum",,,,,,,,,,,,,,,,1 over non-isolated I/O,,,,,,,,,,,,,,,,,,,,,,,,,,,,,,,,,,,,,,,,,,5.0,2448 x 2048,,46,Global shutter,,Mono,,S-mount,"USB 3.1 Micro-B, side connector (USB2 not supported)",29.5 mm x 29.5 mm x 15.8 mm,24 g,CMOS
Teledyne Dalsa,"DR USB3: 5 MP, Global Shutter, Color, S-mount, Side DR-U3-50S4C-C3-S",Area Scan,Dragonfly S USB3,DR-U3-50S4C-C3-S,2448 x 2048,5.0,,Sony IMX568,2.74,CMOS,Color,S-mount,,"USB 3.1 Micro-B, side connector (USB2 not supported)",,"Pixel binning, ROI",1,"Gamma, lookup table",6 MB,Continuous / Single Frame / Multi Frame,,69,2.67,,,9593,"8-bit, 10-bit, 12-bit",-30° to 60°C,5 V via USB3 interface,20 to 85% (no condensation),0° to 50°C (ambient),20 to 95% (no condensation),2.6 W Streaming | 1.8 W Idle,24 g,USB3 Micro-B (side) | JST BM06B-NSHSS-TBT,29.5 mm x 29.5 mm x 15.8 mm,,USB3 Port,"Lens, Cable, Host Adapter (USB 3.1 Gen 1)","CE, FCC, RoHS, KCC, REACH. The ECCN for this product is: EAR099.",USB3 Vision v1.0,,,,,,,,,,,,,,,,,,,,,,,,,,,,,,,,,,,,,,,,,,,,,,,,,,,,,,,,,,,,,,,,,,,,,,,,Global shutter,,"Manual, automatic (AGC)",12 µs to 2.0 seconds,"Hardware trigger, programmable via camera API, automatic",96 MB,0 dB to 47 dB,,53 @523 nm,33 @628 nm,45 @457 nm,4 bi-directional,3 years,,46,"1/1.8""","Manual, automatic (AWB)",,6.2,,"4.3 V to 5.25 V, up to 200 mA maximum",,,,,,,,,,,,,,,,1 over non-isolated I/O,,,,,,,,,,,,,,,,,,,,,,,,,,,,,,,,,,,,,,,,,,5.0,2448 x 2048,,46,Global shutter,,Color,,S-mount,"USB 3.1 Micro-B, side connector (USB2 not supported)",29.5 mm x 29.5 mm x 15.8 mm,24 g,CMOS
Teledyne Dalsa,"DR USB3: 5 MP, Global Shutter, Mono, C-mount, Side DR-U3-50S4M-C3-C",Area Scan,Dragonfly S USB3,DR-U3-50S4M-C3-C,2448 x 2048,5.0,,Sony IMX568,2.74,CMOS,Mono,C-mount,,"USB 3.1 Micro-B, side connector (USB2 not supported)",,"Pixel binning, ROI",1,"Gamma, lookup table",6 MB,Continuous / Single Frame / Multi Frame,,70,2.64,,,9814,"8-bit, 10-bit, 12-bit",-30° to 60°C,5 V via USB3 interface,20 to 85% (no condensation),0° to 50°C (ambient),20 to 95% (no condensation),2.6 W Streaming | 1.8 W Idle,23 g,USB3 Micro-B (side) | JST BM06B-NSHSS-TBT,29.5 mm x 29.5 mm x 16.6 mm,,USB3 Port,"Lens, Cable, Host Adapter (USB 3.1 Gen 1)","CE, FCC, RoHS, KCC, REACH. The ECCN for this product is: EAR099.",USB3 Vision v1.0,,,,,,,,,,,,,,,,,,,,,,,,,,,,,,,,,,,,,,,,,,,,,,,,,,,,,,,,,,,,,,,,,,,,,,,,Global shutter,,"Manual, automatic (AGC)",12 µs to 2.0 seconds,"Hardware trigger, programmable via camera API, automatic",96 MB,0 dB to 47 dB,,,,,4 bi-directional,3 years,67 @523 nm,46,"1/1.8""",,,4.8,,"4.3 V to 5.25 V, up to 200 mA maximum",,,,,,,,,,,,,,,,1 over non-isolated I/O,,,,,,,,,,,,,,,,,,,,,,,,,,,,,,,,,,,,,,,,,,5.0,2448 x 2048,,46,Global shutter,,Mono,,C-mount,"USB 3.1 Micro-B, side connector (USB2 not supported)",29.5 mm x 29.5 mm x 16.6 mm,23 g,CMOS
Teledyne Dalsa,"DR USB3: 5 MP, Global Shutter, Mono, Back DR-U3-50S4M-B1",Area Scan,Dragonfly S USB3,DR-U3-50S4M-B1,2448 x 2048,5.0,,Sony IMX568,2.74,CMOS,Mono,Sold Separately,,"USB 3.1 Micro-B, side connector (USB2 not supported)",,"Pixel binning, ROI",1,"Gamma, lookup table",6 MB,Continuous / Single Frame / Multi Frame,,70,2.64,,,9814,"8-bit, 10-bit, 12-bit",-30° to 60°C,5 V via USB3 interface,20 to 85% (no condensation),0° to 50°C (ambient),20 to 95% (no condensation),2.6 W Streaming | 1.8 W Idle,5 g,USB3 Micro-B (side) | JST BM06B-NSHSS-TBT,27.0 mm x 27.0 mm x 8.2 mm,,USB3 Port,"Lens, Cable, Host Adapter (USB 3.1 Gen 1), Custom Heatsink","CE, FCC, RoHS, KCC, REACH. The ECCN for this product is: EAR099.",USB3 Vision v1.0,,,,,,,,,,,,,,,,,,,,,,,,,,,,,,,,,,,,,,,,,,,,,,,,,,,,,,,,,,,,,,,,,,,,,,,,Global shutter,,"Manual, automatic (AGC)",12 µs to 2.0 seconds,"Hardware trigger, programmable via camera API, automatic",96 MB,0 dB to 47 dB,,,,,4 bi-directional,3 years,67 @523 nm,46,"1/1.8""",,,4.8,,"4.3 V to 5.25 V, up to 200 mA maximum",,,,,,,,,,,,,,,,1 over non-isolated I/O,,,,,,,,,,,,,,,,,,,,,,,,,,,,,,,,,,,,,,,,,,5.0,2448 x 2048,,46,Global shutter,,Mono,,Sold Separately,"USB 3.1 Micro-B, side connector (USB2 not supported)",27.0 mm x 27.0 mm x 8.2 mm,5 g,CMOS
Teledyne Dalsa,"DR USB3: 5 MP, Global Shutter, Color, Back DR-U3-50S4C-B1",Area Scan,Dragonfly S USB3,DR-U3-50S4C-B1,2448 x 2048,5.0,,Sony IMX568,2.74,CMOS,Color,Sold Separately,,"USB 3.1 Micro-B, side connector (USB2 not supported)",,"Pixel binning, ROI",1,"Gamma, lookup table",6 MB,Continuous / Single Frame / Multi Frame,,69,2.67,,,9593,"8-bit, 10-bit, 12-bit",-30° to 60°C,5 V via USB3 interface,20 to 85% (no condensation),0° to 50°C (ambient),20 to 95% (no condensation),2.6 W Streaming | 1.8 W Idle,5 g,USB3 Micro-B (side) | JST BM06B-NSHSS-TBT,27.0 mm x 27.0 mm x 8.2 mm,,USB3 Port,"Lens, Cable, Host Adapter (USB 3.1 Gen 1), Custom Heatsink","CE, FCC, RoHS, KCC, REACH. The ECCN for this product is: EAR099.",USB3 Vision v1.0,,,,,,,,,,,,,,,,,,,,,,,,,,,,,,,,,,,,,,,,,,,,,,,,,,,,,,,,,,,,,,,,,,,,,,,,Global shutter,,"Manual, automatic (AGC)",12 µs to 2.0 seconds,"Hardware trigger, programmable via camera API, automatic",96 MB,0 dB to 47 dB,,53 @523 nm,33 @628 nm,45 @457 nm,4 bi-directional,3 years,,46,"1/1.8""","Manual, automatic (AWB)",,6.2,,"4.3 V to 5.25 V, up to 200 mA maximum",,,,,,,,,,,,,,,,1 over non-isolated I/O,,,,,,,,,,,,,,,,,,,,,,,,,,,,,,,,,,,,,,,,,,5.0,2448 x 2048,,46,Global shutter,,Color,,Sold Separately,"USB 3.1 Micro-B, side connector (USB2 not supported)",27.0 mm x 27.0 mm x 8.2 mm,5 g,CMOS
Teledyne Dalsa,"DR USB3: 5 MP, Global Shutter, Mono, Side DR-U3-50S4M-B3",Area Scan,Dragonfly S USB3,DR-U3-50S4M-B3,2448 x 2048,5.0,,Sony IMX568,2.74,CMOS,Mono,Sold Separately,,"USB 3.1 Micro-B, side connector (USB2 not supported)",,"Pixel binning, ROI",1,"Gamma, lookup table",6 MB,Continuous / Single Frame / Multi Frame,,70,2.64,,,9814,"8-bit, 10-bit, 12-bit",-30° to 60°C,5 V via USB3 interface,20 to 85% (no condensation),0° to 50°C (ambient),20 to 95% (no condensation),2.6 W Streaming | 1.8 W Idle,5 g,USB3 Micro-B (side) | JST BM06B-NSHSS-TBT,27.0 mm x 27.0 mm x 7.7 mm,,USB3 Port,"Lens, Cable, Host Adapter (USB 3.1 Gen 1), Custom Heatsink","CE, FCC, RoHS, KCC, REACH. The ECCN for this product is: EAR099.",USB3 Vision v1.0,,,,,,,,,,,,,,,,,,,,,,,,,,,,,,,,,,,,,,,,,,,,,,,,,,,,,,,,,,,,,,,,,,,,,,,,Global shutter,,"Manual, automatic (AGC)",12 µs to 2.0 seconds,"Hardware trigger, programmable via camera API, automatic",96 MB,0 dB to 47 dB,,,,,4 bi-directional,3 years,67 @523 nm,46,"1/1.8""",,,4.8,,"4.3 V to 5.25 V, up to 200 mA maximum",,,,,,,,,,,,,,,,1 over non-isolated I/O,,,,,,,,,,,,,,,,,,,,,,,,,,,,,,,,,,,,,,,,,,5.0,2448 x 2048,,46,Global shutter,,Mono,,Sold Separately,"USB 3.1 Micro-B, side connector (USB2 not supported)",27.0 mm x 27.0 mm x 7.7 mm,5 g,CMOS
Teledyne Dalsa,"DR USB3: 5 MP, Global Shutter, Color, Side DR-U3-50S4C-B3",Area Scan,Dragonfly S USB3,DR-U3-50S4C-B3,2448 x 2048,5.0,,Sony IMX568,2.74,CMOS,Color,Sold Separately,,"USB 3.1 Micro-B, side connector (USB2 not supported)",,"Pixel binning, ROI",1,"Gamma, lookup table",6 MB,Continuous / Single Frame / Multi Frame,,69,2.67,,,9593,"8-bit, 10-bit, 12-bit",-30° to 60°C,5 V via USB3 interface,20 to 85% (no condensation),0° to 50°C (ambient),20 to 95% (no condensation),2.6 W Streaming | 1.8 W Idle,5 g,USB3 Micro-B (side) | JST BM06B-NSHSS-TBT,27.0 mm x 27.0 mm x 7.7 mm,,USB3 Port,"Lens, Cable, Host Adapter (USB 3.1 Gen 1), Custom Heatsink","CE, FCC, RoHS, KCC, REACH. The ECCN for this product is: EAR099.",USB3 Vision v1.0,,,,,,,,,,,,,,,,,,,,,,,,,,,,,,,,,,,,,,,,,,,,,,,,,,,,,,,,,,,,,,,,,,,,,,,,Global shutter,,"Manual, automatic (AGC)",12 µs to 2.0 seconds,"Hardware trigger, programmable via camera API, automatic",96 MB,0 dB to 47 dB,,53 @523 nm,33 @628 nm,45 @457 nm,4 bi-directional,3 years,,46,"1/1.8""","Manual, automatic (AWB)",,6.2,,"4.3 V to 5.25 V, up to 200 mA maximum",,,,,,,,,,,,,,,,1 over non-isolated I/O,,,,,,,,,,,,,,,,,,,,,,,,,,,,,,,,,,,,,,,,,,5.0,2448 x 2048,,46,Global shutter,,Color,,Sold Separately,"USB 3.1 Micro-B, side connector (USB2 not supported)",27.0 mm x 27.0 mm x 7.7 mm,5 g,CMOS
Teledyne Dalsa,"DR USB3: 5 MP, 단색, S-마운트, 후면 DR-U3-50Y2M-C1-S",Area Scan,Dragonfly S USB3,DR-U3-50Y2M-C1-S,2592 x 1944,5.0,,onsemi AR0521,2.2,CMOS,단색,S-마운트,,"USB 3.1 Micro-B, 후면 커넥터(USB2는 지원되지 않음)",,"픽셀 비닝, ROI",1,"감마, 룩업 테이블",6MB,연속 / 단일 프레임 / 다중 프레임,,69,3.04,,,10080,"10비트, 12비트",-30°~60°C,USB3 인터페이스를 통한 5V,20에서 95%(응결 없음),0°~50°C(주변 온도),20에서 95%(응결 없음),2.4W,24g,USB3 Micro-B(후면) | JST BM06B-NSHSS-TBT,29.5mm x 29.5mm x 23mm,,USB3 포트,"렌즈, 케이블, 호스트 어댑터(USB 3.1 Gen 1)","CE, FCC, RoHS, REACH. 본 제품의 ECCN은 다음과 같습니다. EAR099.",USB3 Vision v1.0,,,,,,,,,,,,,,,,,,,,,,,,,,,,,,,,,,,,,,,,,,,,,,,,,,,,,,,,,,,,,,,,,,,,,,,,롤링 셔터,없음,"수동, 자동(AGC)",9µs - 0.5s,,96 MB,0dB~27dB,,,,,4 양방향,3년,81 @525nm,49,"1/2.5""","수동, 자동(AWB)",81 @525nm,4.5,,"4.3 V to 5.25 V, up to 200 mA maximum",롤링 셔터,,,,,,,,,,,,,,,비격리 I/O의 경우 1,,,,,,,,,,,,,,,,2.3W,,,,,,,,,,,,,,,,,,,,,,,,,,5.0,2592 x 1944,,49,롤링 셔터,,단색,,S-마운트,"USB 3.1 Micro-B, 후면 커넥터(USB2는 지원되지 않음)",29.5mm x 29.5mm x 23mm,24g,CMOS
Teledyne Dalsa,"DR USB3: 5 MP, 컬러, S-마운트, 후면 DR-U3-50Y2C-C1-S",Area Scan,Dragonfly S USB3,DR-U3-50Y2C-C1-S,2592 x 1944,5.0,,onsemi AR0521,2.2,CMOS,색상,S-마운트,,"USB 3.1 Micro-B, 후면 커넥터(USB2는 지원되지 않음)",,"픽셀 비닝, ROI",1,"감마, 룩업 테이블",6MB,연속 / 단일 프레임 / 다중 프레임,,69,3.28,,,10558,"10비트, 12비트",-30°~60°C,USB3 인터페이스를 통한 5V,20에서 95%(응결 없음),0°~50°C(주변 온도),20에서 95%(응결 없음),2.4W,24g,USB3 Micro-B(후면) | JST BM06B-NSHSS-TBT,29.5mm x 29.5mm x 23mm,,USB3 포트,"렌즈, 케이블, 호스트 어댑터(USB 3.1 Gen 1)","CE, FCC, RoHS, REACH. 본 제품의 ECCN은 다음과 같습니다. EAR099.",USB3 Vision v1.0,,,,,,,,,,,,,,,,,,,,,,,,,,,,,,,,,,,,,,,,,,,,,,,,,,,,,,,,,,,,,,,,,,,,,,,,롤링 셔터,IR 차단(670nm),"수동, 자동(AGC)",9µs - 0.5s,,96 MB,0dB~27dB,,74 @525nm,48 @630nm,65 @470nm,4 양방향,3년,,49,"1/2.5""","수동, 자동(AWB)",,5.3,,"4.3 V to 5.25 V, up to 200 mA maximum",롤링 셔터,,,,,,,,,,,,,,,비격리 I/O의 경우 1,,,,,,,,,,,,,,,,2.3W,,,,,,,,,,,,,,,,,,,,,,,,,,5.0,2592 x 1944,,49,롤링 셔터,,색상,,S-마운트,"USB 3.1 Micro-B, 후면 커넥터(USB2는 지원되지 않음)",29.5mm x 29.5mm x 23mm,24g,CMOS
Teledyne Dalsa,"DR USB3: 5 MP, 단색, CS-마운트, 후면 DR-U3-50Y2M-C1-CS",Area Scan,Dragonfly S USB3,DR-U3-50Y2M-C1-CS,2592 x 1944,5.0,,onsemi AR0521,2.2,CMOS,단색,CS-마운트,,"USB 3.1 Micro-B, 후면 커넥터(USB2는 지원되지 않음)",,"픽셀 비닝, ROI",1,"감마, 룩업 테이블",6MB,연속 / 단일 프레임 / 다중 프레임,,69,3.04,,,10080,"10비트, 12비트",-30°~60°C,USB3 인터페이스를 통한 5V,20에서 95%(응결 없음),0°~50°C(주변 온도),20에서 95%(응결 없음),2.4W,23g,USB3 Micro-B(후면) | JST BM06B-NSHSS-TBT,29.5mm x 29.5mm x 23mm,,USB3 포트,"렌즈, 케이블, 호스트 어댑터(USB 3.1 Gen 1)","CE, FCC, RoHS, REACH. 본 제품의 ECCN은 다음과 같습니다. EAR099.",USB3 Vision v1.0,,,,,,,,,,,,,,,,,,,,,,,,,,,,,,,,,,,,,,,,,,,,,,,,,,,,,,,,,,,,,,,,,,,,,,,,롤링 셔터,없음,"수동, 자동(AGC)",9µs - 0.5s,,96 MB,0dB~27dB,,,,,4 양방향,3년,81 @525nm,49,"1/2.5""","수동, 자동(AWB)",81 @525nm,4.5,,"4.3 V to 5.25 V, up to 200 mA maximum",롤링 셔터,,,,,,,,,,,,,,,비격리 I/O의 경우 1,,,,,,,,,,,,,,,,2.3W,,,,,,,,,,,,,,,,,,,,,,,,,,5.0,2592 x 1944,,49,롤링 셔터,,단색,,CS-마운트,"USB 3.1 Micro-B, 후면 커넥터(USB2는 지원되지 않음)",29.5mm x 29.5mm x 23mm,23g,CMOS
Teledyne Dalsa,"DR USB3: 5 MP, 컬러, CS-마운트, 후면 DR-U3-50Y2C-C1-CS",Area Scan,Dragonfly S USB3,DR-U3-50Y2C-C1-CS,2592 x 1944,5.0,,onsemi AR0521,2.2,CMOS,색상,CS-마운트,,"USB 3.1 Micro-B, 후면 커넥터(USB2는 지원되지 않음)",,"픽셀 비닝, ROI",1,"감마, 룩업 테이블",6MB,연속 / 단일 프레임 / 다중 프레임,,69,3.28,,,10558,"10비트, 12비트",-30°~60°C,USB3 인터페이스를 통한 5V,20에서 95%(응결 없음),0°~50°C(주변 온도),20에서 95%(응결 없음),2.4W,23g,USB3 Micro-B(후면) | JST BM06B-NSHSS-TBT,29.5mm x 29.5mm x 23mm,,USB3 포트,"렌즈, 케이블, 호스트 어댑터(USB 3.1 Gen 1)","CE, FCC, RoHS, REACH. 본 제품의 ECCN은 다음과 같습니다. EAR099.",USB3 Vision v1.0,,,,,,,,,,,,,,,,,,,,,,,,,,,,,,,,,,,,,,,,,,,,,,,,,,,,,,,,,,,,,,,,,,,,,,,,롤링 셔터,IR 차단(670nm),"수동, 자동(AGC)",9µs - 0.5s,,96 MB,0dB~27dB,,74 @525nm,48 @630nm,65 @470nm,4 양방향,3년,,49,"1/2.5""","수동, 자동(AWB)",,5.3,,"4.3 V to 5.25 V, up to 200 mA maximum",롤링 셔터,,,,,,,,,,,,,,,비격리 I/O의 경우 1,,,,,,,,,,,,,,,,2.3W,,,,,,,,,,,,,,,,,,,,,,,,,,5.0,2592 x 1944,,49,롤링 셔터,,색상,,CS-마운트,"USB 3.1 Micro-B, 후면 커넥터(USB2는 지원되지 않음)",29.5mm x 29.5mm x 23mm,23g,CMOS
Teledyne Dalsa,"DR USB3: 5 MP, 단색, S-마운트, 측면 DR-U3-50Y2M-C3-S",Area Scan,Dragonfly S USB3,DR-U3-50Y2M-C3-S,2592 x 1944,5.0,,onsemi AR0521,2.2,CMOS,단색,S-마운트,,"USB 3.1 Micro-B, 측면 커넥터(USB2는 지원되지 않음)",,"픽셀 비닝, ROI",1,"감마, 룩업 테이블",6MB,연속 / 단일 프레임 / 다중 프레임,,69,3.04,,,10080,"10비트, 12비트",-30°~60°C,USB3 인터페이스를 통한 5V,20에서 95%(응결 없음),0°~50°C(주변 온도),20에서 95%(응결 없음),2.4W,24g,USB3 Micro-B(측면) | JST BM06B-NSHSS-TBT,29.5mm x 29.5mm x 23mm,,USB3 포트,"렌즈, 케이블, 호스트 어댑터(USB 3.1 Gen 1)","CE, FCC, RoHS, REACH. 본 제품의 ECCN은 다음과 같습니다. EAR099.",USB3 Vision v1.0,,,,,,,,,,,,,,,,,,,,,,,,,,,,,,,,,,,,,,,,,,,,,,,,,,,,,,,,,,,,,,,,,,,,,,,,롤링 셔터,없음,"수동, 자동(AGC)",9µs - 0.5s,,96 MB,0dB~27dB,,,,,4 양방향,3년,81 @525nm,49,"1/2.5""","수동, 자동(AWB)",81 @525nm,4.5,,"4.3 V to 5.25 V, up to 200 mA maximum",롤링 셔터,,,,,,,,,,,,,,,비격리 I/O의 경우 1,,,,,,,,,,,,,,,,2.3W,,,,,,,,,,,,,,,,,,,,,,,,,,5.0,2592 x 1944,,49,롤링 셔터,,단색,,S-마운트,"USB 3.1 Micro-B, 측면 커넥터(USB2는 지원되지 않음)",29.5mm x 29.5mm x 23mm,24g,CMOS
Teledyne Dalsa,"DR USB3: 5 MP, 컬러, S-마운트, 측면 DR-U3-50Y2C-C3-S",Area Scan,Dragonfly S USB3,DR-U3-50Y2C-C3-S,2592 x 1944,5.0,,onsemi AR0521,2.2,CMOS,색상,S-마운트,,"USB 3.1 Micro-B, 측면 커넥터(USB2는 지원되지 않음)",,"픽셀 비닝, ROI",1,"감마, 룩업 테이블",6MB,연속 / 단일 프레임 / 다중 프레임,,69,3.28,,,10558,"10비트, 12비트",-30°~60°C,USB3 인터페이스를 통한 5V,20에서 95%(응결 없음),0°~50°C(주변 온도),20에서 95%(응결 없음),2.4W,24g,USB3 Micro-B(측면) | JST BM06B-NSHSS-TBT,29.5mm x 29.5mm x 23mm,,USB3 포트,"렌즈, 케이블, 호스트 어댑터(USB 3.1 Gen 1)","CE, FCC, RoHS, REACH. 본 제품의 ECCN은 다음과 같습니다. EAR099.",USB3 Vision v1.0,,,,,,,,,,,,,,,,,,,,,,,,,,,,,,,,,,,,,,,,,,,,,,,,,,,,,,,,,,,,,,,,,,,,,,,,롤링 셔터,IR 차단(670nm),"수동, 자동(AGC)",9µs - 0.5s,,96 MB,0dB~27dB,,74 @525nm,48 @630nm,65 @470nm,4 양방향,3년,,49,"1/2.5""","수동, 자동(AWB)",,5.3,,"4.3 V to 5.25 V, up to 200 mA maximum",롤링 셔터,,,,,,,,,,,,,,,비격리 I/O의 경우 1,,,,,,,,,,,,,,,,2.3W,,,,,,,,,,,,,,,,,,,,,,,,,,5.0,2592 x 1944,,49,롤링 셔터,,색상,,S-마운트,"USB 3.1 Micro-B, 측면 커넥터(USB2는 지원되지 않음)",29.5mm x 29.5mm x 23mm,24g,CMOS
Teledyne Dalsa,"DR USB3: 5 MP, 단색, CS-마운트, 측면 DR-U3-50Y2M-C3-CS",Area Scan,Dragonfly S USB3,DR-U3-50Y2M-C3-CS,2592 x 1944,5.0,,onsemi AR0521,2.2,CMOS,단색,CS-마운트,,"USB 3.1 Micro-B, 측면 커넥터(USB2는 지원되지 않음)",,"픽셀 비닝, ROI",1,"감마, 룩업 테이블",6MB,연속 / 단일 프레임 / 다중 프레임,,69,3.04,,,10080,"10비트, 12비트",-30°~60°C,USB3 인터페이스를 통한 5V,20에서 95%(응결 없음),0°~50°C(주변 온도),20에서 95%(응결 없음),2.4W,23g,USB3 Micro-B(측면) | JST BM06B-NSHSS-TBT,29.5mm x 29.5mm x 23mm,,USB3 포트,"렌즈, 케이블, 호스트 어댑터(USB 3.1 Gen 1)","CE, FCC, RoHS, REACH. 본 제품의 ECCN은 다음과 같습니다. EAR099.",USB3 Vision v1.0,,,,,,,,,,,,,,,,,,,,,,,,,,,,,,,,,,,,,,,,,,,,,,,,,,,,,,,,,,,,,,,,,,,,,,,,롤링 셔터,없음,"수동, 자동(AGC)",9µs - 0.5s,,96 MB,0dB~27dB,,,,,4 양방향,3년,81 @525nm,49,"1/2.5""","수동, 자동(AWB)",81 @525nm,4.5,,"4.3 V to 5.25 V, up to 200 mA maximum",롤링 셔터,,,,,,,,,,,,,,,비격리 I/O의 경우 1,,,,,,,,,,,,,,,,2.3W,,,,,,,,,,,,,,,,,,,,,,,,,,5.0,2592 x 1944,,49,롤링 셔터,,단색,,CS-마운트,"USB 3.1 Micro-B, 측면 커넥터(USB2는 지원되지 않음)",29.5mm x 29.5mm x 23mm,23g,CMOS
Teledyne Dalsa,"DR USB3: 5 MP, 컬러, CS-마운트, 측면 DR-U3-50Y2C-C3-CS",Area Scan,Dragonfly S USB3,DR-U3-50Y2C-C3-CS,2592 x 1944,5.0,,onsemi AR0521,2.2,CMOS,색상,CS-마운트,,"USB 3.1 Micro-B, 측면 커넥터(USB2는 지원되지 않음)",,"픽셀 비닝, ROI",1,"감마, 룩업 테이블",6MB,연속 / 단일 프레임 / 다중 프레임,,69,3.28,,,10558,"10비트, 12비트",-30°~60°C,USB3 인터페이스를 통한 5V,20에서 95%(응결 없음),0°~50°C(주변 온도),20에서 95%(응결 없음),2.4W,23g,USB3 Micro-B(측면) | JST BM06B-NSHSS-TBT,29.5mm x 29.5mm x 23mm,,USB3 포트,"렌즈, 케이블, 호스트 어댑터(USB 3.1 Gen 1)","CE, FCC, RoHS, REACH. 본 제품의 ECCN은 다음과 같습니다. EAR099.",USB3 Vision v1.0,,,,,,,,,,,,,,,,,,,,,,,,,,,,,,,,,,,,,,,,,,,,,,,,,,,,,,,,,,,,,,,,,,,,,,,,롤링 셔터,IR 차단(670nm),"수동, 자동(AGC)",9µs - 0.5s,,96 MB,0dB~27dB,,74 @525nm,48 @630nm,65 @470nm,4 양방향,3년,,49,"1/2.5""","수동, 자동(AWB)",,5.3,,"4.3 V to 5.25 V, up to 200 mA maximum",롤링 셔터,,,,,,,,,,,,,,,비격리 I/O의 경우 1,,,,,,,,,,,,,,,,2.3W,,,,,,,,,,,,,,,,,,,,,,,,,,5.0,2592 x 1944,,49,롤링 셔터,,색상,,CS-마운트,"USB 3.1 Micro-B, 측면 커넥터(USB2는 지원되지 않음)",29.5mm x 29.5mm x 23mm,23g,CMOS
Teledyne Dalsa,"DR 보드 레벨 USB3: 5 MP, 단색, 후면 DR-U3-50Y2M-B1",Area Scan,Dragonfly S USB3,DR-U3-50Y2M-B1,2592 x 1944,5.0,,onsemi AR0521,2.2,CMOS,단색,별도 판매,,"USB 3.1 Micro-B, 후면 커넥터(USB2는 지원되지 않음)",,"픽셀 비닝, ROI",1,"감마, 룩업 테이블",6MB,연속 / 단일 프레임 / 다중 프레임,,69,3.04,,,10080,"10비트, 12비트",-30°~60°C,USB3 인터페이스를 통한 5V,20에서 95%(응결 없음),0°~50°C(주변 온도),20에서 95%(응결 없음),2.4W,5g,USB3 Micro-B(후면) | JST BM06B-NSHSS-TBT,27mm x 27mm x 9.46mm,,USB3 포트,"렌즈, 케이블, 호스트 어댑터(USB 3.1 Gen 1), 커스텀 방열판","CE, FCC, RoHS, REACH. 본 제품의 ECCN은 다음과 같습니다. EAR099.",USB3 Vision v1.0,,,,,,,,,,,,,,,,,,,,,,,,,,,,,,,,,,,,,,,,,,,,,,,,,,,,,,,,,,,,,,,,,,,,,,,,롤링 셔터,,"수동, 자동(AGC)",9µs - 0.5s,,96 MB,0dB~27dB,,,,,4 양방향,3년,81 @525nm,49,"1/2.5""","수동, 자동(AWB)",81 @525nm,4.5,,"4.3 V to 5.25 V, up to 200 mA maximum",롤링 셔터,,,,,,,,,,,,,,,비격리 I/O의 경우 1,,,,,,,,,,,,,,,,2.3W,,,,,,,,,,,,,,,,,,,,,,,,,,5.0,2592 x 1944,,49,롤링 셔터,,단색,,별도 판매,"USB 3.1 Micro-B, 후면 커넥터(USB2는 지원되지 않음)",27mm x 27mm x 9.46mm,5g,CMOS
Teledyne Dalsa,"DR 보드 레벨 USB3: 5 MP, 컬러, 후면 DR-U3-50Y2C-B1",Area Scan,Dragonfly S USB3,DR-U3-50Y2C-B1,2592 x 1944,5.0,,onsemi AR0521,2.2,CMOS,색상,별도 판매,,"USB 3.1 Micro-B, 후면 커넥터(USB2는 지원되지 않음)",,"픽셀 비닝, ROI",1,"감마, 룩업 테이블",6MB,연속 / 단일 프레임 / 다중 프레임,,69,3.28,,,10558,"10비트, 12비트",-30°~60°C,USB3 인터페이스를 통한 5V,20에서 95%(응결 없음),0°~50°C(주변 온도),20에서 95%(응결 없음),2.4W,5g,USB3 Micro-B(후면) | JST BM06B-NSHSS-TBT,27mm x 27mm x 9.46mm,,USB3 포트,"렌즈, 케이블, 호스트 어댑터(USB 3.1 Gen 1), 커스텀 방열판","CE, FCC, RoHS, REACH. 본 제품의 ECCN은 다음과 같습니다. EAR099.",USB3 Vision v1.0,,,,,,,,,,,,,,,,,,,,,,,,,,,,,,,,,,,,,,,,,,,,,,,,,,,,,,,,,,,,,,,,,,,,,,,,롤링 셔터,,"수동, 자동(AGC)",9µs - 0.5s,,96 MB,0dB~27dB,,74 @525nm,48 @630nm,65 @470nm,4 양방향,3년,,49,"1/2.5""","수동, 자동(AWB)",,5.3,,"4.3 V to 5.25 V, up to 200 mA maximum",롤링 셔터,,,,,,,,,,,,,,,비격리 I/O의 경우 1,,,,,,,,,,,,,,,,2.3W,,,,,,,,,,,,,,,,,,,,,,,,,,5.0,2592 x 1944,,49,롤링 셔터,,색상,,별도 판매,"USB 3.1 Micro-B, 후면 커넥터(USB2는 지원되지 않음)",27mm x 27mm x 9.46mm,5g,CMOS
Teledyne Dalsa,"DR 보드 레벨 USB3: 5 MP, 단색, 측면 DR-U3-50Y2M-B3",Area Scan,Dragonfly S USB3,DR-U3-50Y2M-B3,2592 x 1944,5.0,,onsemi AR0521,2.2,CMOS,단색,별도 판매,,"USB 3.1 Micro-B, 측면 커넥터(USB2는 지원되지 않음)",,"픽셀 비닝, ROI",1,"감마, 룩업 테이블",6MB,연속 / 단일 프레임 / 다중 프레임,,69,3.04,,,10080,"10비트, 12비트",-30°~60°C,USB3 인터페이스를 통한 5V,20에서 95%(응결 없음),0°~50°C(주변 온도),20에서 95%(응결 없음),2.4W,5g,USB3 Micro-B(측면) | JST BM06B-NSHSS-TBT,27mm x 27mm x 9.46mm,,USB3 포트,"렌즈, 케이블, 호스트 어댑터(USB 3.1 Gen 1), 커스텀 방열판","CE, FCC, RoHS, REACH. 본 제품의 ECCN은 다음과 같습니다. EAR099.",USB3 Vision v1.0,,,,,,,,,,,,,,,,,,,,,,,,,,,,,,,,,,,,,,,,,,,,,,,,,,,,,,,,,,,,,,,,,,,,,,,,롤링 셔터,,"수동, 자동(AGC)",9µs - 0.5s,,96 MB,0dB~27dB,,,,,4 양방향,3년,81 @525nm,49,"1/2.5""","수동, 자동(AWB)",81 @525nm,4.5,,"4.3 V to 5.25 V, up to 200 mA maximum",롤링 셔터,,,,,,,,,,,,,,,비격리 I/O의 경우 1,,,,,,,,,,,,,,,,2.3W,,,,,,,,,,,,,,,,,,,,,,,,,,5.0,2592 x 1944,,49,롤링 셔터,,단색,,별도 판매,"USB 3.1 Micro-B, 측면 커넥터(USB2는 지원되지 않음)",27mm x 27mm x 9.46mm,5g,CMOS
Teledyne Dalsa,"DR 보드 레벨 USB3: 5 MP, 컬러, 측면 DR-U3-50Y2C-B3",Area Scan,Dragonfly S USB3,DR-U3-50Y2C-B3,2592 x 1944,5.0,,onsemi AR0521,2.2,CMOS,색상,별도 판매,,"USB 3.1 Micro-B, 측면 커넥터(USB2는 지원되지 않음)",,"픽셀 비닝, ROI",1,"감마, 룩업 테이블",6MB,연속 / 단일 프레임 / 다중 프레임,,69,3.28,,,10558,"10비트, 12비트",-30°~60°C,USB3 인터페이스를 통한 5V,20에서 95%(응결 없음),0°~50°C(주변 온도),20에서 95%(응결 없음),2.4W,5g,USB3 Micro-B(측면) | JST BM06B-NSHSS-TBT,27mm x 27mm x 9.46mm,,USB3 포트,"렌즈, 케이블, 호스트 어댑터(USB 3.1 Gen 1), 커스텀 방열판","CE, FCC, RoHS, REACH. 본 제품의 ECCN은 다음과 같습니다. EAR099.",USB3 Vision v1.0,,,,,,,,,,,,,,,,,,,,,,,,,,,,,,,,,,,,,,,,,,,,,,,,,,,,,,,,,,,,,,,,,,,,,,,,롤링 셔터,,"수동, 자동(AGC)",9µs - 0.5s,,96 MB,0dB~27dB,,74 @525nm,48 @630nm,65 @470nm,4 양방향,3년,,49,"1/2.5""","수동, 자동(AWB)",,5.3,,"4.3 V to 5.25 V, up to 200 mA maximum",롤링 셔터,,,,,,,,,,,,,,,비격리 I/O의 경우 1,,,,,,,,,,,,,,,,2.3W,,,,,,,,,,,,,,,,,,,,,,,,,,5.0,2592 x 1944,,49,롤링 셔터,,색상,,별도 판매,"USB 3.1 Micro-B, 측면 커넥터(USB2는 지원되지 않음)",27mm x 27mm x 9.46mm,5g,CMOS
Teledyne Dalsa,Nano-10GigE-C6200 G6-GC31-C6205,Area Scan,Genie Nano 10GigE,,,,,,,,,,,,,,,,,,,,,,,,,,,,,,,,,,,,,,,Area Scan,CMOS,GigE Vision,"Visible (400-700 nm), Near Infrared (700-1000 nm)","T2IR, Power over Ethernet (PoE)",G6-GC31-C6205,6144 x 6144,,Teledyne e2v Emerald 36M,2.5,CMOS,Global shutter,Color,,M42 x 1 mm,"Image sync: Free-running, software & hardware trigger, action command, PTP modulo | Timestamp Sync: PTP (IEE1588)",Gigabit Ethernet 10 Gbps / 5 Gbps / 2.5 Gbps / 1 Gbps,IP40,Continuous  / Single Frame / Multi Frame,"Hardware trigger, programmable via camera API, automatic",14 µs to 30 seconds,32 MB non-volatile memory,"Manual, automatic (AGC)",430 MB,"Lookup table, pixel correction and lens shading correction","ROI, Muti-ROI",2 user configuration sets for custom camera settings,66.0,1x to 4x,,50 @450 nm,59 @530 nm,39 @605 nm,,6000,RJ45 (vertical locking) | SAMTEC TFM-105 type,"8-bit Factory Firmware, Optional 12-bit Firmware",59 mm x 59 mm x 42 mm,183 g,,10 to 80% (no condensation),-20 to 65 °C,12.5 W maximum PoE / 12.3 W maximum GPIO,Power Over Ethernet (PoE) or 10 to 36 V via GPIO connector,10 to 80% (no condensation),-40°C to 80°C,10Gigabit Ethernet Port,IEEE802.3af-2003 PoE Interface Card / Injector/ Switch or External Camera Power Supply,"Lens, Cable, Host Adapter (GigE)","CE, FCC, KCC, RoHS. The ECCN for this product is: EAR099.",GigE Vision v2.0,3 years,,4.5,,"2 input, 3 output",,,,,,18.5,,,,,,,,,,,,,,,,,,,,,,,,,,,,,,,,,,,37.7,,,,,,,,,,,,,,,,,,,,,,,,,,,,,Serial Port RS-232 available on demand,18.5,"1.4""","Manual, automatic (AWB)",,,,,,,,,,,,,,,,,,,,,37.7,6144 x 6144,2.5,18.5,Global shutter,,Color,"Visible (400-700 nm), Near Infrared (700-1000 nm)",M42 x 1 mm,Gigabit Ethernet 10 Gbps / 5 Gbps / 2.5 Gbps / 1 Gbps,59 mm x 59 mm x 42 mm,183 g,CMOS
Teledyne Dalsa,Nano-10GigE-C8200 G6-GC31-C8205,Area Scan,Genie Nano 10GigE,,,,,,,,,,,,,,,,,,,,,,,,,,,,,,,,,,,,,,,Area Scan,CMOS,GigE Vision,"Visible (400-700 nm), Near Infrared (700-1000 nm)","T2IR, Power over Ethernet (PoE)",G6-GC31-C8205,8192 x 8192,,Teledyne e2v Emerald 67M,2.5,CMOS,Global shutter,Color,,M42 x 1 mm,"Image sync: Free-running, software & hardware trigger, action command, PTP modulo | Timestamp Sync: PTP (IEE1588)",Gigabit Ethernet 10 Gbps / 5 Gbps / 2.5 Gbps / 1 Gbps,IP40,Continuous  / Single Frame / Multi Frame,"Hardware trigger, programmable via camera API, automatic",14 µs to 30 seconds,32 MB non-volatile memory,"Manual, automatic (AGC)",430 MB,"Lookup table, pixel correction and lens shading correction","ROI, Muti-ROI",2 user configuration sets for custom camera settings,66.0,1x to 4x,,50 @450 nm,59 @530 nm,39 @605 nm,,6000,RJ45 (vertical locking) | SAMTEC TFM-105 type,"8-bit Factory Firmware, Optional 12-bit Firmware",59 mm x 59 mm x 42 mm,183 g,,10 to 80% (no condensation),-20 to 65 °C,12.5 W maximum PoE / 12.3 W maximum GPIO,Power Over Ethernet (PoE) or 10 to 36 V via GPIO connector,10 to 80% (no condensation),-40°C to 80°C,10Gigabit Ethernet Port,IEEE802.3af-2003 PoE Interface Card / Injector/ Switch or External Camera Power Supply,"Lens, Cable, Host Adapter (GigE)","CE, FCC, KCC, RoHS. The ECCN for this product is: EAR099.",GigE Vision v2.0,3 years,,4.5,,"2 input, 3 output",,,,,,13.8,,,,,,,,,,,,,,,,,,,,,,,,,,,,,,,,,,,67.1,,,,,,,,,,,,,,,,,,,,,,,,,,,,,Serial Port RS-232 available on demand,13.8,APS-C,"Manual, automatic (AWB)",,,,,,,,,,,,,,,,,,,,,67.1,8192 x 8192,2.5,13.8,Global shutter,,Color,"Visible (400-700 nm), Near Infrared (700-1000 nm)",M42 x 1 mm,Gigabit Ethernet 10 Gbps / 5 Gbps / 2.5 Gbps / 1 Gbps,59 mm x 59 mm x 42 mm,183 g,CMOS
Teledyne Dalsa,Nano-10GigE-M6200 G6-GM31-M6205,Area Scan,Genie Nano 10GigE,,,,,,,,,,,,,,,,,,,,,,,,,,,,,,,,,,,,,,,Area Scan,CMOS,GigE Vision,"Visible (400-700 nm), Near Infrared (700-1000 nm)","T2IR, Power over Ethernet (PoE)",G6-GM31-M6205,6144 x 6144,,Teledyne e2v Emerald 36M,2.5,CMOS,Global shutter,Mono,,M42 x 1 mm,"Image sync: Free-running, software & hardware trigger, action command, PTP modulo | Timestamp Sync: PTP (IEE1588)",Gigabit Ethernet 10 Gbps / 5 Gbps / 2.5 Gbps / 1 Gbps,IP40,Continuous  / Single Frame / Multi Frame,"Hardware trigger, programmable via camera API, automatic",14 µs to 30 seconds,32 MB non-volatile memory,"Manual, automatic (AGC)",430 MB,"Lookup table, pixel correction and lens shading correction","Pixel binning,  ROI, Muti-ROI",2 user configuration sets for custom camera settings,66.0,1x to 4x,,,,,,6000,RJ45 (vertical locking) | SAMTEC TFM-105 type,"8-bit Factory Firmware, Optional 12-bit Firmware",59 mm x 59 mm x 42 mm,183 g,,10 to 80% (no condensation),-20 to 65 °C,12.5 W maximum PoE / 12.3 W maximum GPIO,Power Over Ethernet (PoE) or 10 to 36 V via GPIO connector,10 to 80% (no condensation),-40°C to 80°C,10Gigabit Ethernet Port,IEEE802.3af-2003 PoE Interface Card / Injector/ Switch or External Camera Power Supply,"Lens, Cable, Host Adapter (GigE)","CE, FCC, KCC, RoHS. The ECCN for this product is: EAR099.",GigE Vision v2.0,3 years,58 @520 nm,4.5,,"2 input, 3 output",,,,,,18.5,,,,,,,,,,,,,,,,,,,,,,,,,,,,,,,,,,,37.7,,,,,,,,,,,,,,,,,,,,,,,,,,,,,Serial Port RS-232 available on demand,18.5,"1.4""",,,,,,,,,,,,,,,,,,,,,,37.7,6144 x 6144,2.5,18.5,Global shutter,,Mono,"Visible (400-700 nm), Near Infrared (700-1000 nm)",M42 x 1 mm,Gigabit Ethernet 10 Gbps / 5 Gbps / 2.5 Gbps / 1 Gbps,59 mm x 59 mm x 42 mm,183 g,CMOS
Teledyne Dalsa,Nano-10GigE-M8200 G6-GM31-M8205,Area Scan,Genie Nano 10GigE,,,,,,,,,,,,,,,,,,,,,,,,,,,,,,,,,,,,,,,Area Scan,CMOS,GigE Vision,"Visible (400-700 nm), Near Infrared (700-1000 nm)","T2IR, Power over Ethernet (PoE)",G6-GM31-M8205,8192 x 8192,,Teledyne e2v Emerald 67M,2.5,CMOS,Global shutter,Mono,,M42 x 1 mm,"Image sync: Free-running, software & hardware trigger, action command, PTP modulo | Timestamp Sync: PTP (IEE1588)",Gigabit Ethernet 10 Gbps / 5 Gbps / 2.5 Gbps / 1 Gbps,IP40,Continuous  / Single Frame / Multi Frame,"Hardware trigger, programmable via camera API, automatic",14 µs to 30 seconds,32 MB non-volatile memory,"Manual, automatic (AGC)",430 MB,"Lookup table, pixel correction and lens shading correction","Pixel binning,  ROI, Muti-ROI",2 user configuration sets for custom camera settings,66.0,1x to 4x,,,,,,6000,RJ45 (vertical locking) | SAMTEC TFM-105 type,"8-bit Factory Firmware, Optional 12-bit Firmware",59 mm x 59 mm x 42 mm,183 g,,10 to 80% (no condensation),-20 to 65 °C,12.5 W maximum PoE / 12.3 W maximum GPIO,Power Over Ethernet (PoE) or 10 to 36 V via GPIO connector,10 to 80% (no condensation),-40°C to 80°C,10Gigabit Ethernet Port,IEEE802.3af-2003 PoE Interface Card / Injector/ Switch or External Camera Power Supply,"Lens, Cable, Host Adapter (GigE)","CE, FCC, KCC, RoHS. The ECCN for this product is: EAR099.",GigE Vision v2.0,3 years,58 @520 nm,4.5,,"2 input, 3 output",,,,,,13.8,,,,,,,,,,,,,,,,,,,,,,,,,,,,,,,,,,,67.1,,,,,,,,,,,,,,,,,,,,,,,,,,,,,Serial Port RS-232 available on demand,13.8,APS-C,,,,,,,,,,,,,,,,,,,,,,67.1,8192 x 8192,2.5,13.8,Global shutter,,Mono,"Visible (400-700 nm), Near Infrared (700-1000 nm)",M42 x 1 mm,Gigabit Ethernet 10 Gbps / 5 Gbps / 2.5 Gbps / 1 Gbps,59 mm x 59 mm x 42 mm,183 g,CMOS
Teledyne Dalsa,"Oryx 10GigE: 3.2 MP, 컬러, C-마운트 ORX-10GS-32S4C-C",Area Scan,Oryx 10GigE,ORX-10GS-32S4C-C,2048 × 1536,3.2,,Sony IMX252,3.45 µm,CMOS,색상,C-마운트,"Software trigger, hardware trigger",기가비트 이더넷 10Gbps / 1Gbps,,"픽셀 비닝, 데시메이션, ROI",맞춤형 카메라 설정을 위한 2가지 사용자 설정 세트,"색상 보정 매트릭스, 감마, 룩업 테이블(순람표), 채도 및 선명도",4 MB non-volatile memory,연속 / 단일 프레임 / 다중 프레임,,71.89,2.24,,,10787,"8비트, 10비트, 12비트",-30° to 60°C (ambient),GPIO 인터페이스를 통해 12-24 V,20에서 80% (응결 없음),0° to 70°C (case),20에서 95% (응결 없음),11.8W(11.3W 공칭); GPIO 전원만 해당,386g,RJ45(수평 잠금) | Hirose HR10A-10R-12SB,60 mm × 60 mm × 64 mm,"카메라 전력 공급 (12v 1.5A, 12핀 광속)",10GBASE–T 이더넷 포트,"렌즈, 케이블, 호스트 어댑터(10GigE), 전원 공급 장치(ACC-01-9013)","CE, FCC, KCC, RoHS, REACH. 본 제품의 ECCN은 다음과 같습니다: EAR099.",GigE Vision v1.2,,,,,,,,,,,,,,,,,,,,,,,,,,,,,,,,,,,,,,,,,,,,,,,,,,,,,,,,,,,,,,,,,,,,,,,,글로벌 셔터,IR 차단(670nm),"수동, 자동(AGC)",17 µs 에서 30초,,240 MB,0 dB에서 47 dB,,59(525nm),45(630nm),48(470nm),2 양방향,3년,,216,"1/1.8""","수동, 자동(AWB)",,4.67,"2 input, 2 output","3.3 V, 120 mA maximum",글로벌 셔터,,,,,,,,,,,,8 GB RAM 또는 그 이상 (이중 채널),,,1 (비격리 I/O의 경우),Windows 또는 Linux (32–bit 또는 64–bit),200 MB 하드 드라이브 저장 공간,4세대 Intel Core i7 (또는 더 최신),,,,,,,,,,,,,12.3 W (11.7 W 공청); GPIO power only,,,,,,,,,,,,,,,,,,,,,,,,,,3.2,2048 × 1536,,216,글로벌 셔터,,색상,,C-마운트,기가비트 이더넷 10Gbps / 1Gbps,60 mm × 60 mm × 64 mm,386g,CMOS
Teledyne Dalsa,"Oryx 10GigE: 3.2 MP, 단색, C-마운트 ORX-10GS-32S4M-C",Area Scan,Oryx 10GigE,ORX-10GS-32S4M-C,2048 × 1536,3.2,,Sony IMX252,3.45 µm,CMOS,단색,C-마운트,,기가비트 이더넷 10Gbps / 2.5Gbps / 1Gbps,,"픽셀 비닝, 데시메이션, ROI",맞춤형 카메라 설정을 위한 2가지 사용자 설정 세트,"감마, 룩업 테이블(순람표) 및 선명도",4 MB non-volatile memory,연속 / 단일 프레임 / 다중 프레임,,71.72,2.36,,,10649,"8비트, 10비트, 12비트",-30° to 60°C (ambient),GPIO 인터페이스를 통해 12-24 V,20에서 80% (응결 없음),0° to 70°C (case),20에서 95% (응결 없음),11.8W(11.3W 공칭); GPIO 전원만 해당,386g,RJ45(수평 잠금) | Hirose HR10A-10R-12SB,60 mm × 60 mm × 64 mm,"카메라 전력 공급 (12v 1.5A, 12핀 광속)",10GBASE–T 이더넷 포트,"렌즈, 케이블, 호스트 어댑터(10GigE), 전원 공급 장치(ACC-01-9013)","CE, FCC, KCC, RoHS, REACH. 본 제품의 ECCN은 다음과 같습니다: EAR099.",GigE Vision v1.2,,,,,,,,,,,,,,,,,,,,,,,,,,,,,,,,,,,,,,,,,,,,,,,,,,,,,,,,,,,,,,,,,,,,,,,,글로벌 셔터,없음,"수동, 자동(AGC)",17 µs 에서 30초,,240 MB,0 dB에서 47 dB,,,,,2 양방향,3년,64(530nm),216,"1/1.8""",,64 (530 nm),4.32,"2 input, 2 output","3.3 V, 120 mA maximum",글로벌 셔터,,,,,,,,,,,,8 GB RAM 또는 그 이상 (이중 채널),,,1 (비격리 I/O의 경우),Windows 또는 Linux (32–bit 또는 64–bit),200 MB 하드 드라이브 저장 공간,4세대 Intel Core i7 (또는 더 최신),,,,,,,,,,,,,12.3 W (11.7 W 공청); GPIO power only,,,,,,,,,,,,,,,,,,,,,,,,,,3.2,2048 × 1536,,216,글로벌 셔터,,단색,,C-마운트,기가비트 이더넷 10Gbps / 2.5Gbps / 1Gbps,60 mm × 60 mm × 64 mm,386g,CMOS
Teledyne Dalsa,"Oryx 10GigE: 5 MP, 컬러, C-마운트 ORX-10GS-51S5C-C",Area Scan,Oryx 10GigE,ORX-10GS-51S5C-C,2448 × 2048,5,,Sony IMX250,3.45 µm,CMOS,색상,C-마운트,"Software trigger, hardware trigger",기가비트 이더넷 10Gbps / 2.5Gbps / 1Gbps,,"픽셀 비닝, 데시메이션, ROI",맞춤형 카메라 설정을 위한 2가지 사용자 설정 세트,"감마, 룩업 테이블(순람표), 픽셀 수정, 대상 그레이 값 및 선명도",4 MB non-volatile memory,연속 / 단일 프레임 / 다중 프레임,,71.57,2.14,,,10496,"8비트, 10비트, 12비트",-30° to 60°C (ambient),GPIO 인터페이스를 통해 12-24 V,20에서 80% (응결 없음),0° to 70°C (case),20에서 95% (응결 없음),12.3W(11.7W 공칭); GPIO 전원만 해당,386g,RJ45(수평 잠금) | Hirose HR10A-10R-12SB,60 mm × 60 mm × 64 mm,"카메라 전력 공급 (12v 1.5A, 12핀 광속)",10GBASE–T 이더넷 포트,"렌즈, 케이블, 호스트 어댑터(10GigE), 전원 공급 장치(ACC-01-9013)","CE, FCC, KCC, RoHS, REACH. 본 제품의 ECCN은 다음과 같습니다: EAR099.",GigE Vision v1.2,,,,,,,,,,,,,,,,,,,,,,,,,,,,,,,,,,,,,,,,,,,,,,,,,,,,,,,,,,,,,,,,,,,,,,,,글로벌 셔터,IR 차단(670nm),"수동, 자동(AGC)",17µs~30초,,240 MB,0db~48dB,,57.82(525nm),45.27(630nm),46.38(470nm),2 양방향,3년,,162,"2/3""","수동, 자동(AWB)",,4.81,"2 input, 2 output","3.3 V, 120 mA maximum",글로벌 셔터,,,,,,,,,,,,8 GB RAM 또는 그 이상 (이중 채널),,,1 (비격리 I/O의 경우),Windows 또는 Linux (32–bit 또는 64–bit),200 MB 하드 드라이브 저장 공간,4세대 Intel Core i7 (또는 더 최신),,,,,,,,,,,,,12.3 W (11.7 W 공청); GPIO power only,,,,,,,,,,,,,,,,,,,,,,,,,,5,2448 × 2048,,162,글로벌 셔터,,색상,,C-마운트,기가비트 이더넷 10Gbps / 2.5Gbps / 1Gbps,60 mm × 60 mm × 64 mm,386g,CMOS
Teledyne Dalsa,"Oryx 10GigE: 5 MP, 단색, C-마운트 ORX-10GS-51S5M-C",Area Scan,Oryx 10GigE,ORX-10GS-51S5M-C,2448 × 2048,5,,Sony IMX250,3.45 µm,CMOS,단색,C-마운트,"Software trigger, hardware trigger",기가비트 이더넷 10Gbps / 2.5Gbps / 1Gbps,,"픽셀 비닝, 데시메이션, ROI",맞춤형 카메라 설정을 위한 2가지 사용자 설정 세트,"감마, 룩업 테이블(순람표) 및 선명도",4 MB non-volatile memory,연속 / 단일 프레임 / 다중 프레임,,71.72,2.10,,,10550,"8비트, 10비트, 12비트",-30° to 60°C (ambient),GPIO 인터페이스를 통해 12-24 V,20에서 80% (응결 없음),0° to 70°C (case),20에서 95% (응결 없음),12.3W(11.7W 공칭); GPIO 전원만 해당,386g,RJ45(수평 잠금) | Hirose HR10A-10R-12SB,60 mm × 60 mm × 64 mm,"카메라 전력 공급 (12v 1.5A, 12핀 광속)",10GBASE–T 이더넷 포트,"렌즈, 케이블, 호스트 어댑터(10GigE), 전원 공급 장치(ACC-01-9013)","CE, FCC, KCC, RoHS, REACH. 본 제품의 ECCN은 다음과 같습니다: EAR099.",GigE Vision v1.2,,,,,,,,,,,,,,,,,,,,,,,,,,,,,,,,,,,,,,,,,,,,,,,,,,,,,,,,,,,,,,,,,,,,,,,,글로벌 셔터,없음,"수동, 자동(AGC)",17µs~30초,,240 MB,0dB~48dB,,,,,2 양방향,3년,63.74(525nm),162,"2/3""",,63.74(525nm),4.29,"2 input, 2 output","3.3 V, 120 mA maximum",글로벌 셔터,,,,,,,,,,,,8 GB RAM 또는 그 이상 (이중 채널),,,1 (비격리 I/O의 경우),Windows 또는 Linux (32–bit 또는 64–bit),200 MB 하드 드라이브 저장 공간,4세대 Intel Core i7 (또는 더 최신),,,,,,,,,,,,,12.3 W (11.7 W 공청); GPIO power only,,,,,,,,,,,,,,,,,,,,,,,,,,5,2448 × 2048,,162,글로벌 셔터,,단색,,C-마운트,기가비트 이더넷 10Gbps / 2.5Gbps / 1Gbps,60 mm × 60 mm × 64 mm,386g,CMOS
Teledyne Dalsa,"Oryx 10GigE: 7.1 MP, 컬러, C-마운트 ORX-10G-71S7C-C",Area Scan,Oryx 10GigE,ORX-10G-71S7C-C,3208 × 2200,7.1,,Sony IMX420,4.5 µm,CMOS,색상,C-마운트,"Software trigger, hardware trigger",기가비트 이더넷 10Gbps / 2.5Gbps / 1Gbps,,"픽셀 비닝, 데시메이션, ROI",맞춤형 카메라 설정을 위한 2가지 사용자 설정 세트,"감마, 룩업 테이블(순람표), 픽셀 수정, 대상 그레이 값 및 선명도",4 MB non-volatile memory,연속 / 단일 프레임 / 다중 프레임,,70.57 (HCG) / 71.88 (LCG),2.78(HCG) / 6.02(LCG),,,11054 (HCG) / 25583 (LCG),"8비트, 10비트, 12비트",-30°에서 60°C,GPIO 인터페이스를 통해 12-24 V,20에서 80% (응결 없음),0°~50°C(주변 온도),20에서 95% (응결 없음),13.6W(13.2W 공칭); GPIO 전원만 해당,500g,RJ45(수평 잠금) | Hirose HR10A-10R-12SB,60 mm × 60 mm × 100 mm,"카메라 전력 공급 (12v 1.5A, 12핀 광속)",10GBASE–T 이더넷 포트,"렌즈, 케이블, 호스트 어댑터(10GigE), 전원 공급 장치(ACC-01-9013)","CE, FCC, KCC, RoHS, REACH. 본 제품의 ECCN은 다음과 같습니다: EAR099.",GigE Vision v1.2,,,,,,,,,,,,,,,,,,,,,,,,,,,,,,,,,,,,,,,,,,,,,,,,,,,,,,,,,,,,,,,,,,,,,,,,글로벌 셔터,IR 차단(670nm),"수동, 자동(AGC)",10 µs 에서 30초,,240 MB,0 dB에서 47 dB,,61(HCG) / 62(LCG) @530nm,48(HCG) / 49(LCG) @625nm,52(HCG) / 53(LCG) @460nm,2 양방향,3년,,112,"1.1""","수동, 자동(AWB)",,5.39 (HCG) / 10.53 (LCG),"2 input, 2 output","3.3 V, 120 mA maximum",글로벌 셔터,,,,,,,,,,,,8 GB RAM 또는 그 이상 (이중 채널),,,1 (비격리 I/O의 경우),Windows 또는 Linux (32–bit 또는 64–bit),200 MB 하드 드라이브 저장 공간,4세대 Intel Core i7 (또는 더 최신),,,,,,,,,,,,,13.6 W (13.2 W 공청); GPIO power only,,,,,,,,,,,,,,,,,,,,,,,,,,7.1,3208 × 2200,,112,글로벌 셔터,,색상,,C-마운트,기가비트 이더넷 10Gbps / 2.5Gbps / 1Gbps,60 mm × 60 mm × 100 mm,500g,CMOS
Teledyne Dalsa,"Oryx 10GigE: 7.1 MP, 단색, C-마운트 ORX-10G-71S7M-C",Area Scan,Oryx 10GigE,ORX-10G-71S7M-C,3208 × 2200,7.1,,Sony IMX420,4.5 µm,CMOS,단색,C-마운트,"Software trigger, hardware trigger",기가비트 이더넷 10Gbps / 2.5Gbps / 1Gbps,,"픽셀 비닝, 데시메이션, ROI",맞춤형 카메라 설정을 위한 2가지 사용자 설정 세트,"감마, 룩업 테이블(순람표) 및 선명도",4 MB non-volatile memory,연속 / 단일 프레임 / 다중 프레임,,70.59 (HCG) / 71.74 (LCG),2.66(HCG) / 5.92(LCG),,,10692 (HCG) / 24802 (LCG),"8비트, 10비트, 12비트",-30°에서 60°C,GPIO 인터페이스를 통해 12-24 V,20에서 80% (응결 없음),0°~50°C(주변 온도),20에서 95% (응결 없음),13.6W(13.2W 공칭); GPIO 전원만 해당,500g,RJ45(수평 잠금) | Hirose HR10A-10R-12SB,60 mm × 60 mm × 100 mm,"카메라 전력 공급 (12v 1.5A, 12핀 광속)",10GBASE–T 이더넷 포트,"렌즈, 케이블, 호스트 어댑터(10GigE), 전원 공급 장치(ACC-01-9013)","CE, FCC, KCC, RoHS, REACH. 본 제품의 ECCN은 다음과 같습니다: EAR099.",GigE Vision v1.2,,,,,,,,,,,,,,,,,,,,,,,,,,,,,,,,,,,,,,,,,,,,,,,,,,,,,,,,,,,,,,,,,,,,,,,,글로벌 셔터,없음,"수동, 자동(AGC)",10 µs 에서 30초,,240 MB,0 dB에서 47 dB,,,,,2 양방향,3년,67(HCG) / 68(LCG) @530nm,112,"1.1""",,67 (HCG) / 68 (LCG) @530 nm,4.74 (HCG) / 9.42 (LCG),"2 input, 2 output","3.3 V, 120 mA maximum",글로벌 셔터,,,,,,,,,,,,8 GB RAM 또는 그 이상 (이중 채널),,,1 (비격리 I/O의 경우),Windows 또는 Linux (32–bit 또는 64–bit),200 MB 하드 드라이브 저장 공간,4세대 Intel Core i7 (또는 더 최신),,,,,,,,,,,,,13.6 W (13.2 W 공청); GPIO power only,,,,,,,,,,,,,,,,,,,,,,,,,,7.1,3208 × 2200,,112,글로벌 셔터,,단색,,C-마운트,기가비트 이더넷 10Gbps / 2.5Gbps / 1Gbps,60 mm × 60 mm × 100 mm,500g,CMOS
Teledyne Dalsa,"Oryx 10GigE: 8.9 MP, 컬러, C-마운트 ORX-10GS-89S6C-C",Area Scan,Oryx 10GigE,ORX-10GS-89S6C-C,4096 × 2160,8.9,,Sony IMX255,3.45 µm,CMOS,색상,C-마운트,"Software trigger, hardware trigger",기가비트 이더넷 10Gbps / 2.5Gbps / 1Gbps,,"픽셀 비닝, 데시메이션, ROI",맞춤형 카메라 설정을 위한 2가지 사용자 설정 세트,"감마, 룩업 테이블(순람표), 픽셀 수정, 대상 그레이 값 및 선명도",4 MB non-volatile memory,연속 / 단일 프레임 / 다중 프레임,,71.57,2.31,,,10659,"8비트, 10비트, 12비트",-30° to 60°C (ambient),GPIO 인터페이스를 통해 12-24 V,20에서 80% (응결 없음),0° to 70°C (case),30 - 95% (응결 없음),12.6 W (12.3 W 공청); GPIO power only,386g,RJ45(수평 잠금) | Hirose HR10A-10R-12SB,60 mm × 60 mm × 64 mm,"카메라 전력 공급 (12v 1.5A, 12핀 광속)",10GBASE– 이더넷 포트,"렌즈, 케이블, 호스트 어댑터(10GigE), 전원 공급 장치(ACC-01-9013)","CE, FCC, KCC, RoHS. 본 제품의 ECCN은 다음과 같습니다: EAR099.",GigE Vision v1.2,,,,,,,,,,,,,,,,,,,,,,,,,,,,,,,,,,,,,,,,,,,,,,,,,,,,,,,,,,,,,,,,,,,,,,,,글로벌 셔터,IR 차단(670nm),"수동, 자동(AGC)",5 µs 에서 30초,,240 MB,0 dB에서 47 dB,,55.99(530nm),44.33(625nm),45.33(460nm),2 양방향,3년,,93,"1""","수동, 자동(AWB)",,5.02,"1 input, 1 output","3.3 V, 120 mA maximum",글로벌 셔터,,,,,,,,,,,,2 GB RAM 또는 그 이상,,,1 (비격리 I/O의 경우),Windows 또는 Linux (32–bit 또는 64–bit),200 MB 하드 드라이브 저장 공간,3.1 GHz 또는 동일 CPU,,,,,,,,,,,,,,,,,,,,,,,,,,,,,,,,,,,,,,,8.9,4096 × 2160,,93,글로벌 셔터,,색상,,C-마운트,기가비트 이더넷 10Gbps / 2.5Gbps / 1Gbps,60 mm × 60 mm × 64 mm,386g,CMOS
Teledyne Dalsa,"Oryx 10GigE: 8.9 MP, 단색, C-마운트 ORX-10GS-89S6M-C",Area Scan,Oryx 10GigE,ORX-10GS-89S6M-C,4096 × 2160,8.9,,Sony IMX255,3.45 µm,CMOS,단색,C-마운트,"Software trigger, hardware trigger",기가비트 이더넷 10Gbps / 2.5Gbps / 1Gbps,,"픽셀 비닝, 데시메이션, ROI",맞춤형 카메라 설정을 위한 2가지 사용자 설정 세트,"감마, 룩업 테이블(순람표) 및 선명도",4 MB non-volatile memory,연속 / 단일 프레임 / 다중 프레임,,70.97,2.47,,,10514,"8비트, 10비트, 12비트",-30° to 60°C (ambient),GPIO 인터페이스를 통해 12-24 V,20에서 80% (응결 없음),0° to 70°C (case),20에서 95% (응결 없음),15 W (11 W 공청),386g,RJ45(수평 잠금) | Hirose HR10A-10R-12SB,60 mm × 60 mm × 64 mm,"카메라 전력 공급 (12v 1.5A, 12핀 광속)",10GBASE– 이더넷 포트,"렌즈, 케이블, 호스트 어댑터(10GigE), 전원 공급 장치(ACC-01-9013)","CE, FCC, KCC, RoHS. 본 제품의 ECCN은 다음과 같습니다: EAR099.",GigE Vision v1.2,,,,,,,,,,,,,,,,,,,,,,,,,,,,,,,,,,,,,,,,,,,,,,,,,,,,,,,,,,,,,,,,,,,,,,,,글로벌 셔터,없음,"수동, 자동(AGC)",5 µs 에서 30초,,240 MB,0 dB에서 47 dB,,,,,2 양방향,3년,62.99(530nm),93,"1""",,62.99 (530nm),4.72,"1 input, 1 output","3.3 V, 120 mA maximum",글로벌 셔터,,,,,,,,,,,,2 GB RAM 또는 그 이상,,,,Windows 또는 Linux (32–bit 또는 64–bit),200 MB 하드 드라이브 저장 공간,3.1 GHz 또는 동일 CPU,,,,,,,,,,,,,,,,,,,,,,,,,,,,,,,,,,,,,,,8.9,4096 × 2160,,93,글로벌 셔터,,단색,,C-마운트,기가비트 이더넷 10Gbps / 2.5Gbps / 1Gbps,60 mm × 60 mm × 64 mm,386g,CMOS
Teledyne Dalsa,"Oryx 10GigE: 12.3 MP, 컬러, C-마운트 ORX-10GS-123S6C-C",Area Scan,Oryx 10GigE,ORX-10GS-123S6C-C,4096 × 3000,12.3,,Sony IMX253,3.45 µm,CMOS,색상,C-마운트,"Software trigger, hardware trigger",기가비트 이더넷 10Gbps / 2.5Gbps / 1Gbps,,"픽셀 비닝, 데시메이션, ROI",맞춤형 카메라 설정을 위한 2가지 사용자 설정 세트,"감마, 룩업 테이블(순람표), 픽셀 수정, 대상 그레이 값 및 선명도",4 MB non-volatile memory,연속 / 단일 프레임 / 다중 프레임,,70.92,2.48,,,10476,"8비트, 10비트, 12비트",-30° to 60°C (ambient),GPIO 인터페이스를 통해 12-24 V,20에서 80% (응결 없음),0° to 70°C (case),20에서 95% (응결 없음),"13W(12.8W 공칭), GPIO 전원만 해당",386g,RJ45(수평 잠금) | Hirose HR10A-10R-12SB,60 mm × 60 mm × 64 mm,"카메라 전력 공급 (12v 1.5A, 12핀 광속)",10GBASE–T 이더넷 포트,"렌즈, 케이블, 호스트 어댑터(10GigE), 전원 공급 장치(ACC-01-9013)","CE, FCC, KCC, RoHS, REACH. 본 제품의 ECCN은 다음과 같습니다: EAR099.",GigE Vision v1.2,,,,,,,,,,,,,,,,,,,,,,,,,,,,,,,,,,,,,,,,,,,,,,,,,,,,,,,,,,,,,,,,,,,,,,,,글로벌 셔터,IR 차단(670nm),"수동, 자동(AGC)",5 µs 에서 30초,,240 MB,0 dB에서 47 dB,,57.09(530nm),45.81(625nm),46.27(460nm),2 양방향,3년,,68,"1.1""","수동, 자동(AWB)",,5.22,"2 input, 2 output","3.3 V, 120 mA maximum",글로벌 셔터,,,,,,,,,,,,8 GB RAM 또는 그 이상 (이중 채널),,,1 (비격리 I/O의 경우),Windows 또는 Linux (32–bit 또는 64–bit),200 MB 하드 드라이브 저장 공간,4세대 Intel Core i7 (또는 더 최신 버전),,,,,,,,,,,,,13 W (12.8 W 공청); GPIO power only,,,,,,,,,,,,,,,,,,,,,,,,,,12.3,4096 × 3000,,68,글로벌 셔터,,색상,,C-마운트,기가비트 이더넷 10Gbps / 2.5Gbps / 1Gbps,60 mm × 60 mm × 64 mm,386g,CMOS
Teledyne Dalsa,"Oryx 10GigE: 12.3 MP, 단색, C-마운트 ORX-10GS-123S6M-C",Area Scan,Oryx 10GigE,ORX-10GS-123S6M-C,4096 × 3000,12.3,,Sony IMX253,3.45 µm,CMOS,단색,C-마운트,"Software trigger, hardware trigger",기가비트 이더넷 10Gbps / 2.5Gbps / 1Gbps,,"픽셀 비닝, 데시메이션, ROI",맞춤형 카메라 설정을 위한 2가지 사용자 설정 세트,"감마, 룩업 테이블(순람표), 픽셀 수정, 대상 그레이 값 및 선명도",4 MB non-volatile memory,연속 / 단일 프레임 / 다중 프레임,,71.30,2.30,,,10287,"8비트, 10비트, 12비트",-30° to 60°C (ambient),GPIO 인터페이스를 통해 12-24 V,20에서 80% (응결 없음),0° to 70°C (case),20에서 95% (응결 없음),"13W(12.8W 공칭), GPIO 전원만 해당",386g,RJ45(수평 잠금) | Hirose HR10A-10R-12SB,60 mm × 60 mm × 64 mm,"카메라 전력 공급 (12v 1.5A, 12핀 광속)",10GBASE–T 이더넷 포트,"렌즈, 케이블, 호스트 어댑터(10GigE), 전원 공급 장치(ACC-01-9013)","CE, FCC, KCC, RoHS, REACH. 본 제품의 ECCN은 다음과 같습니다: EAR099.",GigE Vision v1.2,,,,,,,,,,,,,,,,,,,,,,,,,,,,,,,,,,,,,,,,,,,,,,,,,,,,,,,,,,,,,,,,,,,,,,,,글로벌 셔터,없음,"수동, 자동(AGC)",5 µs 에서 30초,,240 MB,0 dB에서 47 dB,,,,,2 양방향,3년,63.3(530nm),68,"1.1""",,63.3 (530nm),4.43,"2 input, 2 output","3.3 V, 120 mA maximum",글로벌 셔터,,,,,,,,,,,,8 GB RAM 또는 그 이상 (이중 채널),,,1 (비격리 I/O의 경우),Windows 또는 Linux (32–bit 또는 64–bit),200 MB 하드 드라이브 저장 공간,4세대 Intel Core i7 (또는 더 최신),,,,,,,,,,,,,13 W (12.8 W 공청); GPIO power only,,,,,,,,,,,,,,,,,,,,,,,,,,12.3,4096 × 3000,,68,글로벌 셔터,,단색,,C-마운트,기가비트 이더넷 10Gbps / 2.5Gbps / 1Gbps,60 mm × 60 mm × 64 mm,386g,CMOS
Teledyne Dalsa,"Oryx 10GigE: 24.6 MP, 컬러 ORX-10G-245S8C",Area Scan,Oryx 10GigE,ORX-10G-245S8C,5320 x 4600,24.6,,Sony IMX530,2.74 µm,CMOS,색상,렌즈 마운트 개별 판매,"Software trigger, hardware trigger",기가비트 이더넷 10Gbps / 2.5Gbps / 1Gbps,,"픽셀 비닝, 데시메이션, ROI",맞춤형 카메라 설정을 위한 2가지 사용자 설정 세트,"감마, 룩업 테이블(순람표), 픽셀 수정, 대상 그레이 값 및 선명도",4 MB non-volatile memory,연속 / 단일 프레임 / 다중 프레임,,70.48,2.38,,,9643,12비트,-30°에서 60°C,GPIO 인터페이스를 통해 12-24 V,20에서 80% (응결 없음),0°~50°C(주변 온도),30 - 95% (응결 없음),"13.8 W, 공청: 13.4 W, GPIO power only",508g,RJ45(수평 잠금) | Hirose HR10A-10R-12SB,60 mm × 60 mm × 115 mm,"카메라 전력 공급 (12v 1.5A, 12핀 광속)",10GBASE– 이더넷 포트,"렌즈, 케이블, 호스트 어댑터(10GigE), 전원 공급 장치(ACC-01-9013), 렌즈 어댑터 F-마운트(ACC-01-5014)","CE, FCC, KCC, RoHS. 본 제품의 ECCN은 다음과 같습니다: EAR099.",GigE Vision v1.2,,,,,,,,,,,,,,,,,,,,,,,,,,,,,,,,,,,,,,,,,,,,,,,,,,,,,,,,,,,,,,,,,,,,,,,,글로벌 셔터,IR 차단(670nm),"수동, 자동(AGC)",7 µs 에서 30초,,240 MB,0 dB에서 48 dB,,53(530nm),41(625nm),46(460nm),2 양방향,3년,,44,"1.2""","수동, 자동(AWB)",,5.44,"2 input, 2 output","3.3 V, 120 mA maximum",글로벌 셔터,,,,,,,,,,,,2 GB RAM 또는 그 이상,,,1 (비격리 I/O의 경우),Windows 또는 Linux (32–bit 또는 64–bit),200 MB 하드 드라이브 저장 공간,3.1 GHz 또는 동일 CPU,,,,,,,,,,,,,,,,,,,,,,,,,,,,,,,,,,,,,,,24.6,5320 x 4600,,44,글로벌 셔터,,색상,,렌즈 마운트 개별 판매,기가비트 이더넷 10Gbps / 2.5Gbps / 1Gbps,60 mm × 60 mm × 115 mm,508g,CMOS
Teledyne Dalsa,"Oryx 10GigE: 24.6 MP, 단색 ORX-10G-245S8M",Area Scan,Oryx 10GigE,ORX-10G-245S8M,5320 x 4600,24.6,,Sony IMX530,2.74 µm,CMOS,단색,렌즈 마운트 개별 판매,"Software trigger, hardware trigger",기가비트 이더넷 10Gbps / 2.5Gbps / 1Gbps,,"픽셀 비닝, 데시메이션, ROI",맞춤형 카메라 설정을 위한 2가지 사용자 설정 세트,"감마, 룩업 테이블(순람표) 및 선명도",4 MB non-volatile memory,연속 / 단일 프레임 / 다중 프레임,,70.23,2.35,,,9259,12비트,-30°에서 60°C,GPIO 인터페이스를 통해 12-24 V,20에서 80% (응결 없음),0°~50°C(주변 온도),30 - 95% (응결 없음),"13.8 W, 공청: 13.4 W, GPIO power only",508g,RJ45(수평 잠금) | Hirose HR10A-10R-12SB,60 mm × 60 mm × 115 mm,"카메라 전력 공급 (12v 1.5A, 12핀 광속)",10GBASE– 이더넷 포트,"렌즈, 케이블, 호스트 어댑터(10GigE), 전원 공급 장치(ACC-01-9013), 렌즈 어댑터 F-마운트(ACC-01-5014)","CE, FCC, KCC, RoHS. 본 제품의 ECCN은 다음과 같습니다: EAR099.",GigE Vision v1.2,,,,,,,,,,,,,,,,,,,,,,,,,,,,,,,,,,,,,,,,,,,,,,,,,,,,,,,,,,,,,,,,,,,,,,,,글로벌 셔터,없음,"수동, 자동(AGC)",7 µs 에서 30초,,240 MB,0 dB에서 48 dB,,,,,2 양방향,3년,72(530nm),44,"1.2""",,,3.95,"2 input, 2 output","3.3 V, 120 mA maximum",글로벌 셔터,,,,,,,,,,,,2 GB RAM 또는 그 이상,,,1 (비격리 I/O의 경우),Windows 또는 Linux (32–bit 또는 64–bit),200 MB 하드 드라이브 저장 공간,3.1 GHz 또는 동일 CPU,,,,,,,,,,,,,,,,,,,,,,,,,,,,,,,,,,,,,,,24.6,5320 x 4600,,44,글로벌 셔터,,단색,,렌즈 마운트 개별 판매,기가비트 이더넷 10Gbps / 2.5Gbps / 1Gbps,60 mm × 60 mm × 115 mm,508g,CMOS
Teledyne Dalsa,"Oryx 10GigE: 31 MP, 컬러 ORX-10G-310S9C",Area Scan,Oryx 10GigE,ORX-10G-310S9C,6464 x 4852,31,,Sony IMX342,3.45 µm,CMOS,색상,F-마운트,"Software trigger, hardware trigger",기가비트 이더넷 10Gbps / 2.5Gbps / 1Gbps,,"픽셀 비닝, 데시메이션, ROI",맞춤형 카메라 설정을 위한 2가지 사용자 설정 세트,"감마, 룩업 테이블(순람표), 픽셀 수정, 대상 그레이 값 및 선명도",4 MB non-volatile memory,연속 / 단일 프레임 / 다중 프레임,,67.17,4.28,,,10908,"8비트, 10비트, 12비트",-30°에서 60°C,GPIO 인터페이스를 통해 12-24 V,20에서 80% (응결 없음),0°~50°C(주변 온도),30 - 95% (응결 없음),"13.9 W, 공청: 13.6 W, GPIO power only",508g,RJ45(수평 잠금) | Hirose HR10A-10R-12SB,60 mm × 60 mm × 115 mm,"카메라 전력 공급 (12v 1.5A, 12핀 광속)",10GBASE– 이더넷 포트,"렌즈, 케이블, 호스트 어댑터(10GigE), 전원 공급 장치(ACC-01-9013), 렌즈 어댑터 F-마운트(ACC-01-5014)","CE, FCC, KCC, RoHS. 본 제품의 ECCN은 다음과 같습니다: EAR099.",GigE Vision v1.2,,,,,,,,,,,,,,,,,,,,,,,,,,,,,,,,,,,,,,,,,,,,,,,,,,,,,,,,,,,,,,,,,,,,,,,,글로벌 셔터,IR 차단(670nm),"수동, 자동(AGC)",39 µs 에서 30초,,240 MB,0 dB에서 47 dB,,60(530nm),47(625nm),48(460nm),2 양방향,3년,,26,APS-C,"수동, 자동(AWB)",,8.00,"1 input, 1 output","3.3 V, 120 mA maximum",글로벌 셔터,,,,,,,,,,,,2 GB RAM 또는 그 이상,,,1 (비격리 I/O의 경우),Windows 또는 Linux (32–bit 또는 64–bit),200 MB 하드 드라이브 저장 공간,3.1 GHz 또는 동일 CPU,,,,,,,,,,,,,,,,,,,,,,,,,,,,,,,,,,,,,,,31,6464 x 4852,,26,글로벌 셔터,,색상,,F-마운트,기가비트 이더넷 10Gbps / 2.5Gbps / 1Gbps,60 mm × 60 mm × 115 mm,508g,CMOS
Teledyne Dalsa,"Oryx 10GigE: 31 MP, 단색 ORX-10G-310S9M",Area Scan,Oryx 10GigE,ORX-10G-310S9M,6464 x 4852,31,,Sony IMX342,3.45 µm,CMOS,단색,F -마운트,"Software trigger, hardware trigger",기가비트 이더넷 10Gbps / 2.5Gbps / 1Gbps,,"픽셀 비닝, 데시메이션, ROI",맞춤형 카메라 설정을 위한 2가지 사용자 설정 세트,"감마, 룩업 테이블(순람표) 및 선명도",4 MB non-volatile memory,연속 / 단일 프레임 / 다중 프레임,,65.89,5.18,,,11188,"8비트, 10비트, 12비트",-30°에서 60°C,GPIO 인터페이스를 통해 12-24 V,20에서 80% (응결 없음),0°~50°C(주변 온도),20에서 95% (응결 없음),"13.9 W, 공청: 13.6 W, GPIO power only",508g,RJ45(수평 잠금) | Hirose HR10A-10R-12SB,60 mm × 60 mm × 115 mm,"카메라 전력 공급 (12v 1.5A, 12핀 광속)",10GBASE– 이더넷 포트,"렌즈, 케이블, 호스트 어댑터(10GigE), 전원 공급 장치(ACC-01-9013), 렌즈 어댑터 F-마운트(ACC-01-5014)","CE, FCC, KCC, RoHS. 본 제품의 ECCN은 다음과 같습니다: EAR099.",GigE Vision v1.2,,,,,,,,,,,,,,,,,,,,,,,,,,,,,,,,,,,,,,,,,,,,,,,,,,,,,,,,,,,,,,,,,,,,,,,,글로벌 셔터,없음,"수동, 자동(AGC)",39 µs 에서 30초,,240 MB,0 dB에서 47 dB,,,,,2 양방향,3년,65(530nm),26,APS-C,,62.99 (530nm),5.68,"1 input, 1 output","3.3 V, 120 mA maximum",글로벌 셔터,,,,,,,,,,,,2 GB RAM 또는 그 이상,,,1 (over non-isolated I/O),Windows 또는 Linux (32–bit 또는 64–bit),200 MB 하드 드라이브 저장 공간,3.1 GHz 또는 동일 CPU,,,,,,,,,,,,,,,,,,,,,,,,,,,,,,,,,,,,,,,31,6464 x 4852,,26,글로벌 셔터,,단색,,F -마운트,기가비트 이더넷 10Gbps / 2.5Gbps / 1Gbps,60 mm × 60 mm × 115 mm,508g,CMOS
Teledyne Dalsa,"Firefly S USB3: 0.4 MP, 단색, C-마운트 FFY-U3-04S2M-C",Area Scan,Firefly S,FFY-U3-04S2M-C,750 x 540,0.4,,Sony IMX297,6.9,CMOS,단색,C-마운트,,USB 3.1 Gen 1,,ROI,2 user configuration sets for custom camera settings,"Gamma, lookup table, denoise, and sharpness",24 MB non-volatile memory,연속 / 단일 프레임 / 다중 프레임,,68.93,6.99,,,20925,10비트,-30°C to 60°C (ambient),5 V via USB 3.1 interface,20% to 80% (no condensation),0°C to 85°C (case),20% to 95% (no condensation),2.2 W,20 g,USB3 마이크로-B | JST BM06B-NSHSS-TBT,27 mm x 27 mm x 14.5 mm,,USB3 포트,,"CE, FCC, KCC, RoHS, REACH. The ECCN for this product is: EAR099",USB3 Vision v1.0,,,,,,,,,,,,,,,,,,,,,,,,,,,,,,,,,,,,,,,,,,,,,,,,,,,,,,,,,,,,,,,,,,,,,,,,글로벌 셔터,없음,,29.0 µs to 30.0 S,,32 MB,0.0 to 48.0 dB,,,,,4 양방향,3년,64(530nm),121,"1/2.9""",,,7.49,,"3.3 V, 120 mA maximum",글로벌 셔터,,,,,,,,,,,,,,,1 (over non-isolated I/O),Windows or Linux (32–bit or 64–bit),200 MB 하드 드라이브 저장 공간,3.1 GHz 또는 동일 CPU,,,,,,,,,,,,,,,,,,,,,,,,,,,,,,,,,,,,,,,0.4,750 x 540,,121,글로벌 셔터,,단색,,C-마운트,USB 3.1 Gen 1,27 mm x 27 mm x 14.5 mm,20 g,CMOS
Teledyne Dalsa,"Firefly S USB3: 0.4 MP, 단색, CS-마운트 FFY-U3-04S2M-CS",Area Scan,Firefly S,FFY-U3-04S2M-CS,750 x 540,0.4,,Sony IMX297,6.9,CMOS,단색,CS-마운트,,USB 3.1 Gen 1,,ROI,2 user configuration sets for custom camera settings,"Gamma, lookup table, denoise, and sharpness",24 MB non-volatile memory,연속 / 단일 프레임 / 다중 프레임,,68.93,6.99,,,20925,10비트,-30°C to 60°C (ambient),5 V via USB 3.1 interface,20% to 80% (no condensation),0°C to 85°C (case),20% to 95% (no condensation),2.2 W,20 g,USB3 마이크로-B | JST BM06B-NSHSS-TBT,27 mm x 27 mm x 14.5 mm,,USB3 포트,,"CE, FCC, KCC, RoHS, REACH. The ECCN for this product is: EAR099",USB3 Vision v1.0,,,,,,,,,,,,,,,,,,,,,,,,,,,,,,,,,,,,,,,,,,,,,,,,,,,,,,,,,,,,,,,,,,,,,,,,글로벌 셔터,없음,,29.0 µs to 30.0 S,,32 MB,0.0 to 48.0 dB,,,,,4 양방향,3년,64(530nm),121,"1/2.9""",,,7.49,,"3.3 V, 120 mA maximum",글로벌 셔터,,,,,,,,,,,,,,,1 (over non-isolated I/O),Windows or Linux (32–bit or 64–bit),200 MB 하드 드라이브 저장 공간,3.1 GHz 또는 동일 CPU,,,,,,,,,,,,,,,,,,,,,,,,,,,,,,,,,,,,,,,0.4,750 x 540,,121,글로벌 셔터,,단색,,CS-마운트,USB 3.1 Gen 1,27 mm x 27 mm x 14.5 mm,20 g,CMOS
Teledyne Dalsa,"Firefly S USB3: 0.4 MP, 단색, S-마운트 FFY-U3-04S2M-S",Area Scan,Firefly S,FFY-U3-04S2M-S,750 x 540,0.4,,Sony IMX297,6.9,CMOS,단색,S-mount,,USB 3.1 Gen 1,,ROI,2 user configuration sets for custom camera settings,"Gamma, lookup table, denoise, and sharpness",24 MB non-volatile memory,연속 / 단일 프레임 / 다중 프레임,,68.93,6.99,,,20925,10비트,-30°C to 60°C (ambient),5 V via USB 3.1 interface,20% to 80% (no condensation),0°C to 85°C (case),20% to 95% (no condensation),2.2 W,20 g,USB3 마이크로-B | JST BM06B-NSHSS-TBT,27 mm x 27 mm x 14.5 mm,,USB3 포트,,"CE, FCC, KCC, RoHS, REACH. The ECCN for this product is: EAR099",USB3 Vision v1.0,,,,,,,,,,,,,,,,,,,,,,,,,,,,,,,,,,,,,,,,,,,,,,,,,,,,,,,,,,,,,,,,,,,,,,,,글로벌 셔터,없음,,29.0 µs to 30.0 S,,32 MB,0.0 to 48.0 dB,,,,,4 양방향,3년,64(530nm),120,"1/2.9""",,,7.49,,"3.3 V, 120 mA maximum",글로벌 셔터,,,,,,,,,,,,,,,1 (over non-isolated I/O),Windows or Linux (32–bit or 64–bit),200 MB 하드 드라이브 저장 공간,3.1 GHz 또는 동일 CPU,,,,,,,,,,,,,,,,,,,,,,,,,,,,,,,,,,,,,,,0.4,750 x 540,,120,글로벌 셔터,,단색,,S-mount,USB 3.1 Gen 1,27 mm x 27 mm x 14.5 mm,20 g,CMOS
Teledyne Dalsa,"Firefly S USB3: 0.4 MP, 컬러, C-마운트 FFY-U3-04S2C-C",Area Scan,Firefly S,FFY-U3-04S2C-C,750 x 540,0.4,,Sony IMX297,6.9,CMOS,색상,C-마운트,,USB 3.1 Gen 1,,ROI,사용자 카메라 설정을 위한 사용자 구성 세트 2개,"감마, 룩업 테이블(순람표), 소음 제거 및 선명도",24MB 비휘발성 메모리,연속 / 단일 프레임 / 다중 프레임,,68.20,7.68,,,21014,10비트,-30°C~60°C(주변 온도),USB 3.1 인터페이스를 통한 5 V,20%~80%(응결 없음),0°C~85°C(케이스),20%에서 95%(응결 없음),2.2 W,20g,USB3 마이크로-B | JST BM06B-NSHSS-TBT,27mm x 27mm x 14.5mm,,USB3 포트,,"CE, FCC, KCC, RoHS, REACH. 본 제품의 ECCN은 다음과 같습니다. EAR099",USB3 Vision v1.0,,,,,,,,,,,,,,,,,,,,,,,,,,,,,,,,,,,,,,,,,,,,,,,,,,,,,,,,,,,,,,,,,,,,,,,,글로벌 셔터,IR 차단(670nm),,29.0 µs~30.0 S,,32 MB,0.0~48.0 dB,,57.17(525nm),44.78(630nm),47.31(470nm),4 양방향,3년,,120,"1/2.9""",,,8.18,,"3.3 V, 120 mA maximum",글로벌 셔터,,,,,,,,,,,,4GB RAM 이상,,,1(비격리 I/O의 경우),Windows 또는 Linux(32–비트 또는 64–비트),200MB 하드 드라이브 저장 공간,3.1GHz 또는 동급 CPU,,,,,,,,,,,,,2.2W,,,,,,,,,,,,,,,,,,,,,,,,,,0.4,750 x 540,,120,글로벌 셔터,,색상,,C-마운트,USB 3.1 Gen 1,27mm x 27mm x 14.5mm,20g,CMOS
Teledyne Dalsa,"Firefly S USB3: 0.4 MP, 컬러, CS-마운트 FFY-U3-04S2C-CS",Area Scan,Firefly S,FFY-U3-04S2C-CS,750 x 540,0.4,,Sony IMX297,6.9,CMOS,색상,CS-마운트,,USB 3.1 Gen 1,,ROI,사용자 카메라 설정을 위한 사용자 구성 세트 2개,"감마, 룩업 테이블(순람표), 소음 제거 및 선명도",24MB 비휘발성 메모리,연속 / 단일 프레임 / 다중 프레임,,68.20,7.68,,,21014,10비트,-30°C~60°C(주변 온도),USB 3.1 인터페이스를 통한 5 V,20%~80%(응결 없음),0°C~85°C(케이스),20%에서 95%(응결 없음),2.2 W,20g,USB3 마이크로-B | JST BM06B-NSHSS-TBT,27mm x 27mm x 14.5mm,,USB3 포트,,"CE, FCC, KCC, RoHS, REACH. 본 제품의 ECCN은 다음과 같습니다. EAR099",USB3 Vision v1.0,,,,,,,,,,,,,,,,,,,,,,,,,,,,,,,,,,,,,,,,,,,,,,,,,,,,,,,,,,,,,,,,,,,,,,,,글로벌 셔터,IR 차단(670nm),,29.0 µs~30.0 S,,32 MB,0.0~48.0 dB,,57.17(525nm),44.78(630nm),47.31(470nm),4 양방향,3년,,120,"1/2.9""",,,8.18,,"3.3 V, 120 mA maximum",글로벌 셔터,,,,,,,,,,,,4GB RAM 이상,,,1(비격리 I/O의 경우),Windows 또는 Linux(32–비트 또는 64–비트),200MB 하드 드라이브 저장 공간,3.1GHz 또는 동급 CPU,,,,,,,,,,,,,2.2W,,,,,,,,,,,,,,,,,,,,,,,,,,0.4,750 x 540,,120,글로벌 셔터,,색상,,CS-마운트,USB 3.1 Gen 1,27mm x 27mm x 14.5mm,20g,CMOS
Teledyne Dalsa,"Firefly S USB3: 0.4 MP, 컬러, S-마운트 FFY-U3-04S2C-S",Area Scan,Firefly S,FFY-U3-04S2C-S,750 x 540,0.4,,Sony IMX297,6.9,CMOS,색상,S-mount,,USB 3.1 Gen 1,,ROI,2 user configuration sets for custom camera settings,"Gamma, lookup table, denoise, and sharpness",24 MB non-volatile memory,연속 / 단일 프레임 / 다중 프레임,,68.20,7.68,,,21014,10비트,-30°C to 60°C (ambient),5 V via USB 3.1 interface,20% to 80% (no condensation),0°C to 85°C (case),20% to 95% (no condensation),2.2 W,20 g,USB3 마이크로-B | JST BM06B-NSHSS-TBT,27 mm x 27 mm x 14.5 mm,,USB3 포트,,"CE, FCC, KCC, RoHS, REACH. The ECCN for this product is: EAR099",USB3 Vision v1.0,,,,,,,,,,,,,,,,,,,,,,,,,,,,,,,,,,,,,,,,,,,,,,,,,,,,,,,,,,,,,,,,,,,,,,,,글로벌 셔터,IR 차단(670nm),,29.0 µs to 30.0 S,,32 MB,0.0 to 48.0 dB,,57.17(525nm),44.78(630nm),47.31(470nm),4 양방향,3년,,120,"1/2.9""",,,8.18,,"3.3 V, 120 mA maximum",글로벌 셔터,,,,,,,,,,,,,,,1 (over non-isolated I/O),Windows or Linux (32–bit or 64–bit),200 MB 하드 드라이브 저장 공간,3.1 GHz 또는 동일 CPU,,,,,,,,,,,,,,,,,,,,,,,,,,,,,,,,,,,,,,,0.4,750 x 540,,120,글로벌 셔터,,색상,,S-mount,USB 3.1 Gen 1,27 mm x 27 mm x 14.5 mm,20 g,CMOS
Teledyne Dalsa,"Firefly S USB3: 1.6 MP, 컬러, C-마운트 FFY-U3-16S2C-C",Area Scan,Firefly S,FFY-U3-16S2C-C,1440 x 1080,1.6,,Sony IMX296,3.45,CMOS,색상,C-마운트,,USB 3.1 Gen 1,,ROI,2 user configuration sets for custom camera settings,"Gamma, lookup table, denoise, and sharpness",24 MB non-volatile memory,연속 / 단일 프레임 / 다중 프레임,,65.56,4.93,,,10300,10비트,-30°C to 60°C (ambient),5 V via USB 3.1 interface,20% to 80% (no condensation),0°C to 85°C (case),20% to 95% (no condensation),2.2 W,20 g,USB3 마이크로-B | JST BM06B-NSHSS-TBT,27 mm x 27 mm x 14.5 mm,,USB3 포트,,"CE, FCC, KCC, RoHS, REACH. The ECCN for this product is: EAR099",USB3 Vision v1.0,,,,,,,,,,,,,,,,,,,,,,,,,,,,,,,,,,,,,,,,,,,,,,,,,,,,,,,,,,,,,,,,,,,,,,,,글로벌 셔터,IR 차단(670nm),,29.0 µs to 30.0 S,,32 MB,0.0 to 48.0 dB,,56.73(525nm),43.74(630nm),46.47(470nm),4 양방향,3년,,60,"1/2.9""",,,9.57,,"3.3 V, 120 mA maximum",글로벌 셔터,,,,,,,,,,,,,,,1 (over non-isolated I/O),Windows or Linux (32–bit or 64–bit),200 MB 하드 드라이브 저장 공간,3.1 GHz 또는 동일 CPU,,,,,,,,,,,,,,,,,,,,,,,,,,,,,,,,,,,,,,,1.6,1440 x 1080,,60,글로벌 셔터,,색상,,C-마운트,USB 3.1 Gen 1,27 mm x 27 mm x 14.5 mm,20 g,CMOS
Teledyne Dalsa,"Firefly S USB3: 1.6 MP, 컬러, CS-마운트 FFY-U3-16S2C-CS",Area Scan,Firefly S,FFY-U3-16S2C-CS,1440 x 1080,1.6,,Sony IMX296,3.45,CMOS,색상,CS-마운트,,USB 3.1 Gen 1,,ROI,2 user configuration sets for custom camera settings,"Gamma, lookup table, denoise, and sharpness",24 MB non-volatile memory,연속 / 단일 프레임 / 다중 프레임,,65.56,4.93,,,10300,10비트,-30°C to 60°C (ambient),5 V via USB 3.1 interface,20% to 80% (no condensation),0°C to 85°C (case),20% to 95% (no condensation),2.2 W,20 g,USB3 마이크로-B | JST BM06B-NSHSS-TBT,27 mm x 27 mm x 14.5 mm,,USB3 포트,,"CE, FCC, KCC, RoHS, REACH. The ECCN for this product is: EAR099",USB3 Vision v1.0,,,,,,,,,,,,,,,,,,,,,,,,,,,,,,,,,,,,,,,,,,,,,,,,,,,,,,,,,,,,,,,,,,,,,,,,글로벌 셔터,IR 차단(670nm),,29.0 µs to 30.0 S,,32 MB,0.0 to 48.0 dB,,56.73(525nm),43.74(630nm),46.47(470nm),4 양방향,3년,,60,"1/2.9""",,,9.57,,"3.3 V, 120 mA maximum",글로벌 셔터,,,,,,,,,,,,,,,1 (over non-isolated I/O),Windows or Linux (32–bit or 64–bit),200 MB 하드 드라이브 저장 공간,3.1 GHz 또는 동일 CPU,,,,,,,,,,,,,,,,,,,,,,,,,,,,,,,,,,,,,,,1.6,1440 x 1080,,60,글로벌 셔터,,색상,,CS-마운트,USB 3.1 Gen 1,27 mm x 27 mm x 14.5 mm,20 g,CMOS
Teledyne Dalsa,"Firefly S USB3: 1.6 MP, 컬러, S-마운트 FFY-U3-16S2C-S",Area Scan,Firefly S,FFY-U3-16S2C-S,1440 x 1080,1.6,,Sony IMX296,3.45,CMOS,색상,S-mount,,USB 3.1 Gen 1,,ROI,2 user configuration sets for custom camera settings,"Gamma, lookup table, denoise, and sharpness",24 MB non-volatile memory,연속 / 단일 프레임 / 다중 프레임,,65.56,4.93,,,10300,10비트,-30°C to 60°C (ambient),5 V via USB 3.1 interface,20% to 80% (no condensation),0°C to 85°C (case),20% to 95% (no condensation),2.2 W,20 g,USB3 마이크로-B | JST BM06B-NSHSS-TBT,27 mm x 27 mm x 14.5 mm,,USB3 포트,,"CE, FCC, KCC, RoHS, REACH. The ECCN for this product is: EAR099",USB3 Vision v1.0,,,,,,,,,,,,,,,,,,,,,,,,,,,,,,,,,,,,,,,,,,,,,,,,,,,,,,,,,,,,,,,,,,,,,,,,글로벌 셔터,IR 차단(670nm),,29.0 µs to 30.0 S,,32 MB,0.0 to 48.0 dB,,56.73(525nm),43.74(630nm),46.47(470nm),4 양방향,3년,,60,"1/2.9""",,,9.57,,"3.3 V, 120 mA maximum",글로벌 셔터,,,,,,,,,,,,,,,1 (over non-isolated I/O),Windows or Linux (32–bit or 64–bit),200 MB 하드 드라이브 저장 공간,3.1 GHz 또는 동일 CPU,,,,,,,,,,,,,,,,,,,,,,,,,,,,,,,,,,,,,,,1.6,1440 x 1080,,60,글로벌 셔터,,색상,,S-mount,USB 3.1 Gen 1,27 mm x 27 mm x 14.5 mm,20 g,CMOS
Teledyne Dalsa,"Firefly S USB3: 1.6 MP, 단색, C-마운트 FFY-U3-16S2M-C",Area Scan,Firefly S,FFY-U3-16S2M-C,1440 x 1080,1.6,,Sony IMX296,3.45,CMOS,단색,C-마운트,,USB 3.1 Gen 1,,ROI,2 user configuration sets for custom camera settings,"Gamma, lookup table, denoise, and sharpness",24 MB non-volatile memory,연속 / 단일 프레임 / 다중 프레임,,66.03,4.81,,,10636,10비트,-30°C to 60°C (ambient),5 V via USB 3.1 interface,20% to 80% (no condensation),0°C to 85°C (case),20% to 95% (no condensation),2.2 W,20 g,USB3 마이크로-B | JST BM06B-NSHSS-TBT,27 mm x 27 mm x 14.5 mm,,USB3 포트,,"CE, FCC, KCC, RoHS, REACH. The ECCN for this product is: EAR099",USB3 Vision v1.0,,,,,,,,,,,,,,,,,,,,,,,,,,,,,,,,,,,,,,,,,,,,,,,,,,,,,,,,,,,,,,,,,,,,,,,,글로벌 셔터,없음,,29.0 µs to 30.0 S,,32 MB,0.0 to 48.0 dB,,,,,4 양방향,3년,65(530nm),60,"1/2.9""",,,8.26,,"3.3 V, 120 mA maximum",글로벌 셔터,,,,,,,,,,,,,,,1 (over non-isolated I/O),Windows or Linux (32–bit or 64–bit),200 MB 하드 드라이브 저장 공간,3.1 GHz 또는 동일 CPU,,,,,,,,,,,,,,,,,,,,,,,,,,,,,,,,,,,,,,,1.6,1440 x 1080,,60,글로벌 셔터,,단색,,C-마운트,USB 3.1 Gen 1,27 mm x 27 mm x 14.5 mm,20 g,CMOS
Teledyne Dalsa,"Firefly S USB3: 1.6 MP, 단색, CS-마운트 FFY-U3-16S2M-CS",Area Scan,Firefly S,FFY-U3-16S2M-CS,1440 x 1080,1.6,,Sony IMX296,3.45,CMOS,단색,CS-마운트,,USB 3.1 Gen 1,,ROI,2 user configuration sets for custom camera settings,"Gamma, lookup table, denoise, and sharpness",24 MB non-volatile memory,연속 / 단일 프레임 / 다중 프레임,,66.03,4.81,,,10636,10비트,-30°C to 60°C (ambient),5 V via USB 3.1 interface,20% to 80% (no condensation),0°C to 85°C (case),20% to 95% (no condensation),2.2 W,20 g,USB3 마이크로-B | JST BM06B-NSHSS-TBT,27 mm x 27 mm x 14.5 mm,,USB3 포트,,"CE, FCC, KCC, RoHS, REACH. The ECCN for this product is: EAR099",USB3 Vision v1.0,,,,,,,,,,,,,,,,,,,,,,,,,,,,,,,,,,,,,,,,,,,,,,,,,,,,,,,,,,,,,,,,,,,,,,,,글로벌 셔터,없음,,29.0 µs to 30.0 S,,32 MB,0.0 to 48.0 dB,,,,,4 양방향,3년,65(530nm),60,"1/2.9""",,,8.26,,"3.3 V, 120 mA maximum",글로벌 셔터,,,,,,,,,,,,,,,1 (over non-isolated I/O),Windows or Linux (32–bit or 64–bit),200 MB 하드 드라이브 저장 공간,3.1 GHz 또는 동일 CPU,,,,,,,,,,,,,,,,,,,,,,,,,,,,,,,,,,,,,,,1.6,1440 x 1080,,60,글로벌 셔터,,단색,,CS-마운트,USB 3.1 Gen 1,27 mm x 27 mm x 14.5 mm,20 g,CMOS
Teledyne Dalsa,"Firefly S USB3: 1.6 MP, 단색, S-마운트 FFY-U3-16S2M-S",Area Scan,Firefly S,FFY-U3-16S2M-S,1440 x 1080,1.6,,Sony IMX296,3.45,CMOS,단색,S-mount,,USB 3.1 Gen 1,,ROI,2 user configuration sets for custom camera settings,"Gamma, lookup table, denoise, and sharpness",24 MB non-volatile memory,연속 / 단일 프레임 / 다중 프레임,,66.03,4.81,,,10636,10비트,-30°C to 60°C (ambient),5 V via USB 3.1 interface,20% to 80% (no condensation),0°C to 85°C (case),20% to 95% (no condensation),2.2 W,20 g,USB3 마이크로-B | JST BM06B-NSHSS-TBT,27 mm x 27 mm x 14.5 mm,,USB3 포트,,"CE, FCC, KCC, RoHS, REACH. The ECCN for this product is: EAR099",USB3 Vision v1.0,,,,,,,,,,,,,,,,,,,,,,,,,,,,,,,,,,,,,,,,,,,,,,,,,,,,,,,,,,,,,,,,,,,,,,,,글로벌 셔터,없음,,29.0 µs to 30.0 S,,32 MB,0.0 to 48.0 dB,,,,,4 양방향,3년,64.29(525nm),60,"1/2.9""",,64.29(525nm),8.26,,"3.3 V, 120 mA maximum",글로벌 셔터,,,,,,,,,,,,,,,1 (over non-isolated I/O),Windows or Linux (32–bit or 64–bit),200 MB 하드 드라이브 저장 공간,3.1 GHz 또는 동일 CPU,,,,,,,,,,,,,,,,,,,,,,,,,,,,,,,,,,,,,,,1.6,1440 x 1080,,60,글로벌 셔터,,단색,,S-mount,USB 3.1 Gen 1,27 mm x 27 mm x 14.5 mm,20 g,CMOS
Teledyne Dalsa,BLAZE 100HRX BLZ-100HRX,Area Scan,BLAZE,,,,,,,,,,,,,,,,,,,,,,,,,,,,,,,,,,,,,,,,,USB 3.0,,,,1340 x 100,,Teledyne e2v CCD,20 µm,CCD,,"Mono, UV, NIR",,,,USB 3.0,,"Full Frame, Cropped, Bi-Directional, Kinetics",,≤10µs to≥1h,,,,,,,,,,,,,,,,16-bit,129 x 142 x 225 mm,6.5 kg,,< 80% (non-condensing),,,,,,USB 3.0,,,,,"1 year, Lifetime Vacuum Warranty",98%,,,,,,,,,1650 spectra/sec,,0.0015 e⁻/p/s,128 ke⁻,<3 e⁻,Silicon,TE,Spec Mount,"Power Supply, AC line cord (regional), Trigger cables, Shutter cable, USB3 cable","Windows 10 (64bit), LInux",,,,,,,,,,,,,,,,,,,,,,,,,2.2 e-,<1.0,,,"Trigger In, TTL Out, Readout Monitor, Expose Monitor, Shutter Monitor, External Shutter Control","40,000 : 1",26.8 x 2.0 mm,,,,"CE, UL/CSA, FCC Part 15, VCCI, BSMI, KN32 & KN35, AS/NZS",,,,,,,,,,,,,,,,,,,,,,,,>90% at 450 nm98% at 900 nm75% at 1000 nm,20 x 20 μm,,,,,,,,,,,,,,,,,,,<1.0,1340 x 100,20 µm,1650 spectra/sec,,,"Mono, UV, NIR",,,USB 3.0,129 x 142 x 225 mm,6.5 kg,CCD
Teledyne Dalsa,BLAZE 400HRX BLZ-400HRX,Area Scan,BLAZE,,,,,,,,,,,,,,,,,,,,,,,,,,,,,,,,,,,,,,,,,USB 3.0,,,,1340 x 400,,Teledyne e2v CCD,20 µm,CCD,,"Mono, UV, NIR",,,,USB 3.0,,"Full Frame, Cropped, Bi-Directional, Kinetics",,≤10 µs to ≥1h,,,,,,,,,,,,,,,,16-bit,129 x 142 x 225 mm,6.5 kg,,<80% (non-condensing),,,,,,USB 3.0,,,,,"1 year, Lifetime Vacuum Warranty",98%,,,,,,,,,577 spectra/sec,,0.0015 e⁻/p/s,128 ke⁻,<3 e⁻,Silicon,TE,Spec Mount,"Power Supply, AC line cord, USB 3.0 cable, Trigger cable, shutter cable","Windows 10 (64bit), Linux",,,,,,,,,,,,,,,,,,,,,,,,,2.2 e-,<1.0,,,"Trigger In, TTL Out, Readout Monitor, Expose Monitor, Shutter Monitor, External Shutter Control","40,000 : 1",26.8 x 8.0 mm,,,,"CE, UL/CSA, FCC Part 15, VCCI, BSMI, KN32 & KN35, AS/NZS",,,,,,,,,,,,,,,,,,,,,,,,>90% at 450 nm98% at 900 nm75% at 1000 nm,20 x 20 μm,≤0.0015 e⁻/pix/sec,,,,,,,,,,,,,,,,,,<1.0,1340 x 400,20 µm,577 spectra/sec,,,"Mono, UV, NIR",,,USB 3.0,129 x 142 x 225 mm,6.5 kg,CCD
Teledyne Dalsa,Falcon4-CLHS M2240 FA-HM10-M2245,Area Scan,Falcon4-CLHS,,,,,,,,,,,,,,,,,,,,,,,,,,,,,,,,,,,,,,,Area Scan,CMOS,Camera Link HS,"Visible (400-700 nm), Near Infrared (700-1000 nm)",T2IR,FA-HM10-M2245,2240 x 1248,,Teledyne e2v Lince 2.8 MP,12,CMOS,Global shutter,Mono,,M42 x 1 mm,"Image sync: Free-running,  external trigger, CLHS trigger",Camera Link HS,IP40,Continuous / Single Frame / Multi Frame,"Hardware trigger, programmable via camera API, or controlled via FrameGrabber",5 µs to 0.5 seconds,32 MB non-volatile memory,Manual,,"Lookup table, pixel correction and lens shading correction","ROI, Muti-ROI",2 user configuration sets for custom camera settings,63.0,1x to 4x,,,,,,142000,CX4  | SAMTEC TFM-105 type,"8-bit, 10-bit",59 mm x 59 mm x 74.5 mm,317 g,,10 to 80% (no condensation),-20 to 50°C,13 W maximum GPIO,10 to 30 V via GPIO connector,20 to 80% (no condensation),-40°C to 80°C,CLHS 4 Data Lanes (10.3 Gps/lane),External Camera Power Supply,"Lens, Cable, Host Adapter (CLHS Frame Grabber)","CE, FCC, KCC, RoHS. The ECCN for this product is: EAR099.",CameraLink HS v1.0,3 years,54 @550 nm,36,,"2 input, 4 output",,,,,,1200,,,,,,,,,,,,,,,,,,,,,,,,,,,,,,,,,,,2.7,,,,,,,,,,,,,,,,,,,,,,,,,,,,,,,APS-C,,,,,,,,,,,,,,,,,,,,,,2.7,2240 x 1248,12,1200,Global shutter,,Mono,"Visible (400-700 nm), Near Infrared (700-1000 nm)",M42 x 1 mm,Camera Link HS,59 mm x 59 mm x 74.5 mm,317 g,CMOS
Teledyne Dalsa,Falcon4-CLHS M4400 FA-HM11-M4405,Area Scan,Falcon4-CLHS,,,,,,,,,,,,,,,,,,,,,,,,,,,,,,,,,,,,,,,Area Scan,CMOS,Camera Link HS,"Visible (400-700 nm), Near Infrared (700-1000 nm)",T2IR,FA-HM11-M4405,4480 x 2496,,Teledyne e2v Lince 11 MP,6,CMOS,Global shutter,Mono,,M42 x 1 mm,"Image sync: Free-running,  external trigger, CLHS trigger",Camera Link HS,IP40,Continuous / Single Frame / Multi Frame,"Hardware trigger, programmable via camera API, or controlled via FrameGrabber",5 µs to 0.5 seconds,32 MB non-volatile memory,Manual,,"Lookup table, pixel correction and lens shading correction","Pixel binning,  ROI, Muti-ROI",2 user configuration sets for custom camera settings,61.0,1x to 4x,,,,,,38000,CX4  | SAMTEC TFM-105 type,"8-bit, 10-bit",59 mm x 59 mm x 74.5 mm,317 g,,10 to 80% (no condensation),-20 to 65 °C,13 W maximum GPIO,10 to 30 V via GPIO connector,20 to 80% (no condensation),-40°C to 80°C,CLHS 7 Data Lanes (10.3 Gps/lane),External Camera Power Supply,"Lens, Cable, Host Adapter (CLHS Frame Grabber)","CE, FCC, KCC, RoHS. The ECCN for this product is: EAR099.",CameraLink HS v1.0,3 years,54 @550 nm,36,,"2 input, 4 output",,,,,,330,,,,,,,,,,,,,,,,,,,,,,,,,,,,,,,,,,,11.1,,,,,,,,,,,,,,,,,,,,,,,,,,,,,,,APS-C,,,,,,,,,,,,,,,,,,,,,,11.1,4480 x 2496,6,330,Global shutter,,Mono,"Visible (400-700 nm), Near Infrared (700-1000 nm)",M42 x 1 mm,Camera Link HS,59 mm x 59 mm x 74.5 mm,317 g,CMOS
Teledyne Dalsa,Falcon4-CLHS M4480 FA-HM10-M4485,Area Scan,Falcon4-CLHS,,,,,,,,,,,,,,,,,,,,,,,,,,,,,,,,,,,,,,,Area Scan,CMOS,Camera Link HS,"Visible (400-700 nm), Near Infrared (700-1000 nm)",T2IR,FA-HM10-M4485,4480 x 2496,,Teledyne e2v Lince 11 MP,6,CMOS,Global shutter,Mono,,M42 x 1 mm,"Image sync: Free-running,  external trigger, CLHS trigger",Camera Link HS,IP40,Continuous / Single Frame / Multi Frame,"Hardware trigger, programmable via camera API, or controlled via FrameGrabber",5 µs to 0.5 seconds,32 MB non-volatile memory,Manual,,"Lookup table, pixel correction and lens shading correction","Pixel binning,  ROI, Muti-ROI",2 user configuration sets for custom camera settings,61.0,1x to 4x,,,,,,38000,CX4  | SAMTEC TFM-105 type,"8-bit, 10-bit",59 mm x 59 mm x 74.5 mm,317 g,,10 to 80% (no condensation),-20 to 65 °C,13 W maximum GPIO,10 to 30 V via GPIO connector,20 to 80% (no condensation),-40°C to 80°C,CLHS 4 Data Lanes (10.3 Gps/lane),External Camera Power Supply,"Lens, Cable, Host Adapter (CLHS Frame Grabber)","CE, FCC, KCC, RoHS. The ECCN for this product is: EAR099.",CameraLink HS v1.0,3 years,54 @550 nm,36,,"2 input, 4 output",,,,,,600,,,,,,,,,,,,,,,,,,,,,,,,,,,,,,,,,,,11.1,,,,,,,,,,,,,,,,,,,,,,,,,,,,,,,APS-C,,,,,,,,,,,,,,,,,,,,,,11.1,4480 x 2496,6,600,Global shutter,,Mono,"Visible (400-700 nm), Near Infrared (700-1000 nm)",M42 x 1 mm,Camera Link HS,59 mm x 59 mm x 74.5 mm,317 g,CMOS
Teledyne Dalsa,Falcon4-CLHS M6200 FA-HM10-M6205,Area Scan,Falcon4-CLHS,,,,,,,,,,,,,,,,,,,,,,,,,,,,,,,,,,,,,,,Area Scan,CMOS,Camera Link HS,"Visible (400-700 nm), Near Infrared (700-1000 nm)",T2IR,FA-HM10-M6205,6144 x 6144,,Teledyne e2v Emerald 36M,2.5,CMOS,Global shutter,Mono,,M42 x 1 mm,"Image sync: Free-running,  external trigger, CLHS trigger",Camera Link HS,IP40,Continuous / Single Frame / Multi Frame,"Hardware trigger, programmable via camera API, or controlled via FrameGrabber",8 µs to 0.5 seconds,32 MB non-volatile memory,Manual,,"Lookup table, pixel correction and lens shading correction","Pixel binning,  ROI, Muti-ROI",2 user configuration sets for custom camera settings,58.0,1x to 4x,,,,,,5000,CX4  | SAMTEC TFM-105 type,"8-bit, 10-bit",59 mm x 59 mm x 74.9 mm,317 g,,10 to 80% (no condensation),-20 to 65 °C,15 W maximum GPIO,10 to 30 V via GPIO connector,20 to 80% (no condensation),-40°C to 80°C,CLHS 7 Data Lanes (10.3 Gps/lane),External Camera Power Supply,"Lens, Cable, Host Adapter (CLHS Frame Grabber)","CE, FCC, KCC, RoHS. The ECCN for this product is: EAR099.",CameraLink HS v1.0,3 years,63 @500 nm,4.5,,"2 input, 4 output",,,,,,120,,,,,,,,,,,,,,,,,,,,,,,,,,,,,,,,,,,37.7,,,,,,,,,,,,,,,,,,,,,,,,,,,,,,,"1.4""",,,,,,,,,,,,,,,,,,,,,,37.7,6144 x 6144,2.5,120,Global shutter,,Mono,"Visible (400-700 nm), Near Infrared (700-1000 nm)",M42 x 1 mm,Camera Link HS,59 mm x 59 mm x 74.9 mm,317 g,CMOS
Teledyne Dalsa,Falcon4-CLHS M8200 FA-HM10-M8205,Area Scan,Falcon4-CLHS,,,,,,,,,,,,,,,,,,,,,,,,,,,,,,,,,,,,,,,Area Scan,CMOS,Camera Link HS,"Visible (400-700 nm), Near Infrared (700-1000 nm)",T2IR,FA-HM10-M8205,8192 x 8192,,Teledyne e2v Emerald 67M,2.5,CMOS,Global shutter,Mono,,M42 x 1 mm,"Image sync: Free-running,  external trigger, CLHS trigger",Camera Link HS,IP40,Continuous / Single Frame / Multi Frame,"Hardware trigger, programmable via camera API, or controlled via FrameGrabber",8 µs to 0.5 seconds,32 MB non-volatile memory,Manual,,"Lookup table, pixel correction and lens shading correction","Pixel binning,  ROI, Muti-ROI",2 user configuration sets for custom camera settings,58.0,1x to 4x,,,,,,5000,CX4  | SAMTEC TFM-105 type,"8-bit, 10-bit",59 mm x 59 mm x 74.9 mm,317 g,,10 to 80% (no condensation),-20 to 65 °C,15 W maximum GPIO,10 to 30 V via GPIO connector,20 to 80% (no condensation),-40°C to 80°C,CLHS 7 Data Lanes (10.3 Gps/lane),External Camera Power Supply,"Lens, Cable, Host Adapter (CLHS Frame Grabber)","CE, FCC, KCC, RoHS. The ECCN for this product is: EAR099.",CameraLink HS v1.0,3 years,63 @500 nm,4.5,,"2 input, 4 output",,,,,,90,,,,,,,,,,,,,,,,,,,,,,,,,,,,,,,,,,,67.1,,,,,,,,,,,,,,,,,,,,,,,,,,,,,,,APS-C,,,,,,,,,,,,,,,,,,,,,,67.1,8192 x 8192,2.5,90,Global shutter,,Mono,"Visible (400-700 nm), Near Infrared (700-1000 nm)",M42 x 1 mm,Camera Link HS,59 mm x 59 mm x 74.9 mm,317 g,CMOS
Teledyne Dalsa,Genie Nano 5G C2050 Color G5-GC30-C2050,Area Scan,Genie Nano 5GigE,,,,,,,,,,,,,,,,,,,,,,,,,,,,,,,,,,,,,,,Area Scan,CMOS,GigE Vision,"Visible (400-700 nm), Near Infrared (700-1000 nm)","TurboDrive, T2IR",G5-GC30-C2050,2064 x 1544,,Sony IMX252,3.45,CMOS,Global shutter,Color,,C-mount,"Image sync: Free-running, software & hardware trigger, action command, PTP modulo | Timestamp Sync: PTP (IEE1588)",Gigabit Ethernet 5 Gbps / 2.5 Gbps / 1 Gbps,IP40,Continuous  / Single Frame / Multi Frame,"Hardware trigger, programmable via camera API, automatic",17.0 µs to 16.0 seconds,32 MB non-volatile memory,"Manual, automatic (AGC)",430 MB,"Image Compression (TurboDrive), lookup table, pixel correction and lens shading correction (RGB firmware available)","Pixel binning,  ROI, Muti-ROI",2 user configuration sets for custom camera settings,73.0,1x to 251x  (0 dB to 48 dB),,49 @470 nm,59 @525 nm,46 @630 nm,,10400,RJ45 (vertical locking) | SAMTEC TFM-105 type,"8-bit Factory Firmware, Optional 12-bit Firmware",59 mm x 44 mm x 42 mm,124 g,,10 to 80% (no condensation),-20°C to 65°C (measured at the front face of the camera),10.0 W maximum PoE / 9.4 W maximum GPIO,Power Over Ethernet (PoE) or 10 to 36 V via GPIO connector,10 to 80% (no condensation),-40°C to 80°C,5Gigabit Ethernet Port,IEEE802.3af-2003 PoE Interface Card / Injector/ Switch or External Camera Power Supply,"Lens, Cable, Host Adapter (GigE)","CE, FCC, KCC, RoHS. The ECCN for this product is: EAR099.",GigE Vision v2.0,3 years,,2.3,,"2 input, 3 output",,,,,,187,,,,,,,,,,,,,,,,,,,,,,,,,,,,,,,,,,,3.2,,,,,,,,,,,,,,,,,,,,,,,,,,,,,Color models available with IR cut-off filter @650 nm,187,"1/1.8""","Manual, automatic (AWB)",,,,187.0,4.7,(RS-232 available on Demand),,,,,,,,,,,,,,,3.2,2064 x 1544,3.45,187,Global shutter,,Color,"Visible (400-700 nm), Near Infrared (700-1000 nm)",C-mount,Gigabit Ethernet 5 Gbps / 2.5 Gbps / 1 Gbps,59 mm x 44 mm x 42 mm,124 g,CMOS
Teledyne Dalsa,Genie Nano 5G C2450 Color G5-GC30-C2450,Area Scan,Genie Nano 5GigE,,,,,,,,,,,,,,,,,,,,,,,,,,,,,,,,,,,,,,,Area Scan,CMOS,GigE Vision,"Visible (400-700 nm), Near Infrared (700-1000 nm)","TurboDrive, T2IR",G5-GC30-C2450,2464 x 2056,,Sony IMX250,3.45,CMOS,Global shutter,Color,,C-mount,"Image sync: Free-running, software & hardware trigger, action command, PTP modulo | Timestamp Sync: PTP (IEE1588)",Gigabit Ethernet 5 Gbps / 2.5 Gbps / 1 Gbps,IP40,Continuous  / Single Frame / Multi Frame,"Hardware trigger, programmable via camera API, automatic",17.0 µs to 16.0 seconds,32 MB non-volatile memory,"Manual, automatic (AGC)",430 MB,"Image Compression (TurboDrive), lookup table, pixel correction and lens shading correction (RGB firmware available)","Pixel binning,  ROI, Muti-ROI",2 user configuration sets for custom camera settings,72.9,1x to 251x  (0 dB to 48 dB),,49 @470 nm,59 @525 nm,46 @630 nm,,10400,RJ45 (vertical locking) | SAMTEC TFM-105 type,"8-bit Factory Firmware, Optional 12-bit Firmware",59 mm x 44 mm x 42 mm,124 g,,10 to 80% (no condensation),-20°C to 65°C (measured at the front face of the camera),10.0 W maximum PoE / 9.4 W maximum GPIO,Power Over Ethernet (PoE) or 10 to 36 V via GPIO connector,10 to 80% (no condensation),-40°C to 80°C,5Gigabit Ethernet Port,IEEE802.3af-2003 PoE Interface Card / Injector/ Switch or External Camera Power Supply,"Lens, Cable, Host Adapter (GigE)","CE, FCC, KCC, RoHS. The ECCN for this product is: EAR099.",GigE Vision v2.0,3 years,,2.3,,"2 input, 3 output",,,,,,121,,,,,,,,,,,,,,,,,,,,,,,,,,,,,,,,,,,5.1,,,,,,,,,,,,,,,,,,,,,,,,,,,,,Color models available with IR cut-off filter @650 nm,141,"2/3""","Manual, automatic (AWB)",,,,141.0,4.7,(RS-232 available on Demand),,,,,,,,,,,,,,,5.1,2464 x 2056,3.45,121,Global shutter,,Color,"Visible (400-700 nm), Near Infrared (700-1000 nm)",C-mount,Gigabit Ethernet 5 Gbps / 2.5 Gbps / 1 Gbps,59 mm x 44 mm x 42 mm,124 g,CMOS
Teledyne Dalsa,Genie Nano 5G C4040 Color G5-GC30-C4040,Area Scan,Genie Nano 5GigE,,,,,,,,,,,,,,,,,,,,,,,,,,,,,,,,,,,,,,,Area Scan,CMOS,GigE Vision,"Visible (400-700 nm), Near Infrared (700-1000 nm)","TurboDrive, T2IR",G5-GC30-C4040,4112 x 3008,,Sony IMX253,3.45,CMOS,Global shutter,Color,,C-mount,"Image sync: Free-running, software & hardware trigger, action command, PTP modulo | Timestamp Sync: PTP (IEE1588)",Gigabit Ethernet 5 Gbps / 2.5 Gbps / 1 Gbps,IP40,Continuous  / Single Frame / Multi Frame,"Hardware trigger, programmable via camera API, automatic",19.4 µs to 16.0 seconds,32 MB non-volatile memory,"Manual, automatic (AGC)",430 MB,"Image Compression (TurboDrive), lookup table, pixel correction and lens shading correction (RGB firmware available)","Pixel binning,  ROI, Muti-ROI",2 user configuration sets for custom camera settings,72.9,1x to 251x  (0 dB to 48 dB),,49 @470 nm,59 @525 nm,46 @630 nm,,10400,RJ45 (vertical locking) | SAMTEC TFM-105 type,"8-bit Factory Firmware, Optional 12-bit Firmware",59 mm x 44 mm x 42 mm,124 g,,10 to 80% (no condensation),-20°C to 65°C (measured at the front face of the camera),10.7 W maximum PoE / 9.6 W maximum GPIO,Power Over Ethernet (PoE) or 10 to 36 V via GPIO connector,10 to 80% (no condensation),-40°C to 80°C,5Gigabit Ethernet Port,IEEE802.3af-2003 PoE Interface Card / Injector/ Switch or External Camera Power Supply,"Lens, Cable, Host Adapter (GigE)","CE, FCC, KCC, RoHS. The ECCN for this product is: EAR099.",GigE Vision v2.0,3 years,,2.3,,"2 input, 3 output",,,,,,49,,,,,,,,,,,,,,,,,,,,,,,,,,,,,,,,,,,12.3,,,,,,,,,,,,,,,,,,,,,,,,,,,,,Color models available with IR cut-off filter @650 nm,63,"1.1""","Manual, automatic (AWB)",,,,63.0,4.7,(RS-232 available on Demand),,,,,,,,,,,,,,,12.3,4112 x 3008,3.45,49,Global shutter,,Color,"Visible (400-700 nm), Near Infrared (700-1000 nm)",C-mount,Gigabit Ethernet 5 Gbps / 2.5 Gbps / 1 Gbps,59 mm x 44 mm x 42 mm,124 g,CMOS
Teledyne Dalsa,Genie Nano 5G C4060 Color G5-GC30-C4060,Area Scan,Genie Nano 5GigE,,,,,,,,,,,,,,,,,,,,,,,,,,,,,,,,,,,,,,,Area Scan,CMOS,GigE Vision,"Visible (400-700 nm), Near Infrared (700-1000 nm)","TurboDrive, T2IR",G5-GC30-C4060,4112 x 2176,,Sony IMX255,3.45,CMOS,Global shutter,Color,,C-mount,"Image sync: Free-running, software & hardware trigger, action command, PTP modulo | Timestamp Sync: PTP (IEE1588)",Gigabit Ethernet 5 Gbps / 2.5 Gbps / 1 Gbps,IP40,Continuous  / Single Frame / Multi Frame,"Hardware trigger, programmable via camera API, automatic",19.4 µs to 16.0 seconds,32 MB non-volatile memory,"Manual, automatic (AGC)",430 MB,"Image Compression (TurboDrive), lookup table, pixel correction and lens shading correction (RGB firmware available)","Pixel binning,  ROI, Muti-ROI",2 user configuration sets for custom camera settings,72.9,1x to 251x  (0 dB to 48 dB),,49 @470 nm,59 @525 nm,46 @630 nm,,10400,RJ45 (vertical locking) | SAMTEC TFM-105 type,"8-bit Factory Firmware, Optional 12-bit Firmware",59 mm x 44 mm x 42 mm,124 g,,10 to 80% (no condensation),-20°C to 65°C (measured at the front face of the camera),10.7 W maximum PoE / 9.6 W maximum GPIO,Power Over Ethernet (PoE) or 10 to 36 V via GPIO connector,10 to 80% (no condensation),-40°C to 80°C,5Gigabit Ethernet Port,IEEE802.3af-2003 PoE Interface Card / Injector/ Switch or External Camera Power Supply,"Lens, Cable, Host Adapter (GigE)","CE, FCC, KCC, RoHS. The ECCN for this product is: EAR099.",GigE Vision v2.0,3 years,,2.3,,"2 input, 3 output",,,,,,68,,,,,,,,,,,,,,,,,,,,,,,,,,,,,,,,,,,8.9,,,,,,,,,,,,,,,,,,,,,,,,,,,,,Color models available with IR cut-off filter @650 nm,88,"1""","Manual, automatic (AWB)",,,,88.0,4.7,(RS-232 available on Demand),,,,,,,,,,,,,,,8.9,4112 x 2176,3.45,68,Global shutter,,Color,"Visible (400-700 nm), Near Infrared (700-1000 nm)",C-mount,Gigabit Ethernet 5 Gbps / 2.5 Gbps / 1 Gbps,59 mm x 44 mm x 42 mm,124 g,CMOS
Teledyne Dalsa,Genie Nano 5G C4500 Color G5-GC31-C4505,Area Scan,Genie Nano 5GigE,,,,,,,,,,,,,,,,,,,,,,,,,,,,,,,,,,,,,,,Area Scan,CMOS,GigE Vision,"Visible (400-700 nm), Near Infrared (700-1000 nm)","TurboDrive, T2IR",G5-GC31-C4505,4500 x 4500,,onsemi XGS20000,3.2,CMOS,Global shutter,Color,,M42 x 1 mm,"Image sync: Free-running, software & hardware trigger, action command, PTP modulo | Timestamp Sync: PTP (IEE1588)",Gigabit Ethernet 5 Gbps / 2.5 Gbps / 1 Gbps,IP40,Continuous  / Single Frame / Multi Frame,"Hardware trigger, programmable via camera API, automatic",40.0 µs to 16.0 seconds,32 MB non-volatile memory,"Manual, automatic (AGC)",430 MB,"Image Compression (TurboDrive), lookup table, pixel correction and lens shading correction","Pixel binning,  ROI, Muti-ROI",2 user configuration sets for custom camera settings,66.1,1x to 4x,,48 @455 nm,48 @540 nm,60 @610 nm,,10000,RJ45 (vertical locking) | SAMTEC TFM-105 type,"8-bit Factory Firmware, Optional 12-bit Firmware",59 mm x 59 mm x 41 mm,183 g,,10 to 80% (no condensation),-20°C to 65°C (measured at the front face of the camera),11.4 W maximum PoE / 10.3 W maximum GPIO,Power Over Ethernet (PoE) or 10 to 36 V via GPIO connector,10 to 80% (no condensation),-40°C to 80°C,5Gigabit Ethernet Port,IEEE802.3af-2003 PoE Interface Card / Injector/ Switch or External Camera Power Supply,"Lens, Cable, Host Adapter (GigE)","CE, FCC, KCC, RoHS. The ECCN for this product is: EAR099.",GigE Vision v2.0,3 years,,4.5,,"2 input, 3 output",,,,,,29,,,,,,,,,,,,,,,,,,,,,,,,,,,,,,,,,,,20.2,,,,,,,,,,,,,,,,,,,,,,,,,,,,,Color models available with IR cut-off filter @650 nm,39,"1.3""","Manual, automatic (AWB)",,,,39.0,,(RS-232 available on Demand),,,,,,,,,,,,,,,20.2,4500 x 4500,3.2,29,Global shutter,,Color,"Visible (400-700 nm), Near Infrared (700-1000 nm)",M42 x 1 mm,Gigabit Ethernet 5 Gbps / 2.5 Gbps / 1 Gbps,59 mm x 59 mm x 41 mm,183 g,CMOS
Teledyne Dalsa,Genie Nano 5G C5420 Color G5-GC31-C5425,Area Scan,Genie Nano 5GigE,,,,,,,,,,,,,,,,,,,,,,,,,,,,,,,,,,,,,,,Area Scan,CMOS,GigE Vision,"Visible (400-700 nm), Near Infrared (700-1000 nm)","TurboDrive, T2IR",G5-GC31-C5425,5420 x 5420,,onsemi XGS30000,3.2,CMOS,Global shutter,Color,,M42 x 1 mm,"Image sync: Free-running, software & hardware trigger, action command, PTP modulo | Timestamp Sync: PTP (IEE1588)",Gigabit Ethernet 5 Gbps / 2.5 Gbps / 1 Gbps,IP40,Continuous  / Single Frame / Multi Frame,"Hardware trigger, programmable via camera API, automatic",40.0 µs to 16.0 seconds,32 MB non-volatile memory,"Manual, automatic (AGC)",430 MB,"Image Compression (TurboDrive), lookup table, pixel correction and lens shading correction","Pixel binning,  ROI, Muti-ROI",2 user configuration sets for custom camera settings,66.1,1x to 4x,,48 @455 nm,48 @540 nm,60 @610 nm,,10000,RJ45 (vertical locking) | SAMTEC TFM-105 type,"8-bit Factory Firmware, Optional 12-bit Firmware",59 mm x 59 mm x 41 mm,183 g,,10 to 80% (no condensation),-20°C to 65°C (measured at the front face of the camera),11.4 W maximum PoE / 10.3 W maximum GPIO,Power Over Ethernet (PoE) or 10 to 36 V via GPIO connector,10 to 80% (no condensation),-40°C to 80°C,5Gigabit Ethernet Port,IEEE802.3af-2003 PoE Interface Card / Injector/ Switch or External Camera Power Supply,"Lens, Cable, Host Adapter (GigE)","CE, FCC, KCC, RoHS. The ECCN for this product is: EAR099.",GigE Vision v2.0,3 years,,4.5,,"2 input, 3 output",,,,,,19,,,,,,,,,,,,,,,,,,,,,,,,,,,,,,,,,,,29.3,,,,,,,,,,,,,,,,,,,,,,,,,,,,,Color models available with IR cut-off filter @650 nm,31,APS-C,"Manual, automatic (AWB)",,,,31.0,,(RS-232 available on Demand),,,,,,,,,,,,,,,29.3,5420 x 5420,3.2,19,Global shutter,,Color,"Visible (400-700 nm), Near Infrared (700-1000 nm)",M42 x 1 mm,Gigabit Ethernet 5 Gbps / 2.5 Gbps / 1 Gbps,59 mm x 59 mm x 41 mm,183 g,CMOS
Teledyne Dalsa,Genie Nano 5G C8100 Color G5-GC31-C8105,Area Scan,Genie Nano 5GigE,,,,,,,,,,,,,,,,,,,,,,,,,,,,,,,,,,,,,,,Area Scan,CMOS,GigE Vision,"Visible (400-700 nm), Near Infrared (700-1000 nm)","TurboDrive, T2IR",G5-GC31-C8105,8120 x 5420,,onsemi XGS45000,3.2,CMOS,Global shutter,Color,,M42 x 1 mm,"Image sync: Free-running, software & hardware trigger, action command, PTP modulo | Timestamp Sync: PTP (IEE1588)",Gigabit Ethernet 5 Gbps / 2.5 Gbps / 1 Gbps,IP40,Continuous  / Single Frame / Multi Frame,"Hardware trigger, programmable via camera API, automatic",40.0 µs to 16.0 seconds,32 MB non-volatile memory,"Manual, automatic (AGC)",430 MB,"Image Compression (TurboDrive), lookup table, pixel correction and lens shading correction","Pixel binning,  ROI, Muti-ROI",2 user configuration sets for custom camera settings,66.1,1x to 4x,,48 @455 nm,48 @540 nm,60 @610 nm,,10000,RJ45 (vertical locking) | SAMTEC TFM-105 type,"8-bit Factory Firmware, Optional 12-bit Firmware",59 mm x 59 mm x 41 mm,183 g,,10 to 80% (no condensation),-20°C to 65°C (measured at the front face of the camera),11.4 W maximum PoE / 10.3 W maximum GPIO,Power Over Ethernet (PoE) or 10 to 36 V via GPIO connector,10 to 80% (no condensation),-40°C to 80°C,5Gigabit Ethernet Port,IEEE802.3af-2003 PoE Interface Card / Injector/ Switch or External Camera Power Supply,"Lens, Cable, Host Adapter (GigE)","CE, FCC, KCC, RoHS. The ECCN for this product is: EAR099.",GigE Vision v2.0,3 years,,4.5,,"2 input, 3 output",,,,,,14,,,,,,,,,,,,,,,,,,,,,,,,,,,,,,,,,,,44,,,,,,,,,,,,,,,,,,,,,,,,,,,,,Color models available with IR cut-off filter @650 nm,19,Super 35 mm,"Manual, automatic (AWB)",,,,19.0,,(RS-232 available on Demand),,,,,,,,,,,,,,,44,8120 x 5420,3.2,14,Global shutter,,Color,"Visible (400-700 nm), Near Infrared (700-1000 nm)",M42 x 1 mm,Gigabit Ethernet 5 Gbps / 2.5 Gbps / 1 Gbps,59 mm x 59 mm x 41 mm,183 g,CMOS
Teledyne Dalsa,Genie Nano 5G M2050 Mono G5-GM30-M2050,Area Scan,Genie Nano 5GigE,,,,,,,,,,,,,,,,,,,,,,,,,,,,,,,,,,,,,,,Area Scan,CMOS,GigE Vision,"Visible (400-700 nm), Near Infrared (700-1000 nm)","TurboDrive, T2IR",G5-GM30-M2050,2064 x 1544,,Sony IMX252,3.45,CMOS,Global shutter,Mono,,C-mount,"Image sync: Free-running, software & hardware trigger, action command, PTP modulo | Timestamp Sync: PTP (IEE1588)",Gigabit Ethernet 5 Gbps / 2.5 Gbps / 1 Gbps,IP40,Continuous  / Single Frame / Multi Frame,"Hardware trigger, programmable via camera API, automatic",17.0 µs to 16.0 seconds,32 MB non-volatile memory,"Manual, automatic (AGC)",430 MB,"Image Compression (TurboDrive), lookup table, pixel correction and lens shading correction (run-length encoding and laser profile firmware available)","Pixel binning,  ROI, Muti-ROI",2 user configuration sets for custom camera settings,73.0,1x to 251x  (0 dB to 48 dB),,,,,,10400,RJ45 (vertical locking) | SAMTEC TFM-105 type,"8-bit Factory Firmware, Optional 12-bit Firmware",59 mm x 44 mm x 32 mm,124 g,,10 to 80% (no condensation),-20°C to 65°C (measured at the front face of the camera),10.0 W maximum PoE / 9.4 W maximum GPIO,Power Over Ethernet (PoE) or 10 to 36 V via GPIO connector,10 to 80% (no condensation),-40°C to 80°C,5Gigabit Ethernet Port,IEEE802.3af-2003 PoE Interface Card / Injector/ Switch or External Camera Power Supply,"Lens, Cable, Host Adapter (GigE)","CE, FCC, KCC, RoHS. The ECCN for this product is: EAR099.",GigE Vision v2.0,3 years,62 @530 nm,2.3,,"2 input, 3 output",,,,,,187,,,,,,,,,,,,,,,,,,,,,,,,,,,,,,,,,,,3.2,,,,,,,,,,,,,,,,,,,,,,,,,,,,,Color models available with IR cut-off filter @650 nm,187,"1/1.8""",,,,,187.0,4.7,(RS-232 available on Demand),,,,,,,,,,,,,,,3.2,2064 x 1544,3.45,187,Global shutter,,Mono,"Visible (400-700 nm), Near Infrared (700-1000 nm)",C-mount,Gigabit Ethernet 5 Gbps / 2.5 Gbps / 1 Gbps,59 mm x 44 mm x 32 mm,124 g,CMOS
Teledyne Dalsa,Genie Nano 5G M2450 Mono G5-GM30-M2450,Area Scan,Genie Nano 5GigE,,,,,,,,,,,,,,,,,,,,,,,,,,,,,,,,,,,,,,,Area Scan,CMOS,GigE Vision,"Visible (400-700 nm), Near Infrared (700-1000 nm)","TurboDrive, T2IR",G5-GM30-M2450,2464 x 2056,,Sony IMX250,3.45,CMOS,Global shutter,Mono,,C-mount,"Image sync: Free-running, software & hardware trigger, action command, PTP modulo | Timestamp Sync: PTP (IEE1588)",Gigabit Ethernet 5 Gbps / 2.5 Gbps / 1 Gbps,IP40,Continuous  / Single Frame / Multi Frame,"Hardware trigger, programmable via camera API, automatic",17.0 µs to 16.0 seconds,32 MB non-volatile memory,"Manual, automatic (AGC)",430 MB,"Image Compression (TurboDrive), lookup table, pixel correction and lens shading correction (run-length encoding and laser profile firmware available)","Pixel binning,  ROI, Muti-ROI",2 user configuration sets for custom camera settings,72.9,1x to 251x  (0 dB to 48 dB),,,,,,10400,RJ45 (vertical locking) | SAMTEC TFM-105 type,"8-bit Factory Firmware, Optional 12-bit Firmware",59 mm x 44 mm x 32 mm,124 g,,10 to 80% (no condensation),-20°C to 65°C (measured at the front face of the camera),10.0 W maximum PoE / 9.4 W maximum GPIO,Power Over Ethernet (PoE) or 10 to 36 V via GPIO connector,10 to 80% (no condensation),-40°C to 80°C,5Gigabit Ethernet Port,IEEE802.3af-2003 PoE Interface Card / Injector/ Switch or External Camera Power Supply,"Lens, Cable, Host Adapter (GigE)","CE, FCC, KCC, RoHS. The ECCN for this product is: EAR099.",GigE Vision v2.0,3 years,62 @530 nm,2.3,,"2 input, 3 output",,,,,,121,,,,,,,,,,,,,,,,,,,,,,,,,,,,,,,,,,,5.1,,,,,,,,,,,,,,,,,,,,,,,,,,,,,Color models available with IR cut-off filter @650 nm,141,"2/3""",,,,,141.0,4.7,(RS-232 available on Demand),,,,,,,,,,,,,,,5.1,2464 x 2056,3.45,121,Global shutter,,Mono,"Visible (400-700 nm), Near Infrared (700-1000 nm)",C-mount,Gigabit Ethernet 5 Gbps / 2.5 Gbps / 1 Gbps,59 mm x 44 mm x 32 mm,124 g,CMOS
Teledyne Dalsa,Genie Nano 5G M4040 Mono G5-GM30-M4040,Area Scan,Genie Nano 5GigE,,,,,,,,,,,,,,,,,,,,,,,,,,,,,,,,,,,,,,,Area Scan,CMOS,GigE Vision,"Visible (400-700 nm), Near Infrared (700-1000 nm)","TurboDrive, T2IR",G5-GM30-M4040,4112 x 3008,,Sony IMX253,3.45,CMOS,Global shutter,Mono,,C-mount,"Image sync: Free-running, software & hardware trigger, action command, PTP modulo | Timestamp Sync: PTP (IEE1588)",Gigabit Ethernet 5 Gbps / 2.5 Gbps / 1 Gbps,IP40,Continuous  / Single Frame / Multi Frame,"Hardware trigger, programmable via camera API, automatic",19.4 µs to 16.0 seconds,32 MB non-volatile memory,"Manual, automatic (AGC)",430 MB,"Image Compression (TurboDrive), lookup table, pixel correction and lens shading correction (run-length encoding and laser profile firmware available)","Pixel binning,  ROI, Muti-ROI",2 user configuration sets for custom camera settings,72.9,1x to 251x  (0 dB to 48 dB),,,,,,10400,RJ45 (vertical locking) | SAMTEC TFM-105 type,"8-bit Factory Firmware, Optional 12-bit Firmware",59 mm x 44 mm x 32 mm,124 g,,10 to 80% (no condensation),-20°C to 65°C (measured at the front face of the camera),10.7 W maximum PoE / 9.6 W maximum GPIO,Power Over Ethernet (PoE) or 10 to 36 V via GPIO connector,10 to 80% (no condensation),-40°C to 80°C,5Gigabit Ethernet Port,IEEE802.3af-2003 PoE Interface Card / Injector/ Switch or External Camera Power Supply,"Lens, Cable, Host Adapter (GigE)","CE, FCC, KCC, RoHS. The ECCN for this product is: EAR099.",GigE Vision v2.0,3 years,62 @530 nm,2.3,,"2 input, 3 output",,,,,,49,,,,,,,,,,,,,,,,,,,,,,,,,,,,,,,,,,,12.3,,,,,,,,,,,,,,,,,,,,,,,,,,,,,Color models available with IR cut-off filter @650 nm,63,"1.1""",,,,,63.0,4.7,(RS-232 available on Demand),,,,,,,,,,,,,,,12.3,4112 x 3008,3.45,49,Global shutter,,Mono,"Visible (400-700 nm), Near Infrared (700-1000 nm)",C-mount,Gigabit Ethernet 5 Gbps / 2.5 Gbps / 1 Gbps,59 mm x 44 mm x 32 mm,124 g,CMOS
Teledyne Dalsa,Genie Nano 5G M4060 Mono G5-GM30-M4060,Area Scan,Genie Nano 5GigE,,,,,,,,,,,,,,,,,,,,,,,,,,,,,,,,,,,,,,,Area Scan,CMOS,GigE Vision,"Visible (400-700 nm), Near Infrared (700-1000 nm)","TurboDrive, T2IR",G5-GM30-M4060,4112 x 2176,,Sony IMX255,3.45,CMOS,Global shutter,Mono,,C-mount,"Image sync: Free-running, software & hardware trigger, action command, PTP modulo | Timestamp Sync: PTP (IEE1588)",Gigabit Ethernet 5 Gbps / 2.5 Gbps / 1 Gbps,IP40,Continuous  / Single Frame / Multi Frame,"Hardware trigger, programmable via camera API, automatic",19.4 µs to 16.0 seconds,32 MB non-volatile memory,"Manual, automatic (AGC)",430 MB,"Image Compression (TurboDrive), lookup table, pixel correction and lens shading correction (run-length encoding and laser profile firmware available)","Pixel binning,  ROI, Muti-ROI",2 user configuration sets for custom camera settings,72.9,1x to 251x  (0 dB to 48 dB),,,,,,10400,RJ45 (vertical locking) | SAMTEC TFM-105 type,"8-bit Factory Firmware, Optional 12-bit Firmware",59 mm x 44 mm x 32 mm,124 g,,10 to 80% (no condensation),-20°C to 65°C (measured at the front face of the camera),10.7 W maximum PoE / 9.6 W maximum GPIO,Power Over Ethernet (PoE) or 10 to 36 V via GPIO connector,10 to 80% (no condensation),-40°C to 80°C,5Gigabit Ethernet Port,IEEE802.3af-2003 PoE Interface Card / Injector/ Switch or External Camera Power Supply,"Lens, Cable, Host Adapter (GigE)","CE, FCC, KCC, RoHS. The ECCN for this product is: EAR099.",GigE Vision v2.0,3 years,62 @530 nm,2.3,,"2 input, 3 output",,,,,,68,,,,,,,,,,,,,,,,,,,,,,,,,,,,,,,,,,,8.9,,,,,,,,,,,,,,,,,,,,,,,,,,,,,Color models available with IR cut-off filter @650 nm,88,"1""",,,,,88.0,4.7,(RS-232 available on Demand),,,,,,,,,,,,,,,8.9,4112 x 2176,3.45,68,Global shutter,,Mono,"Visible (400-700 nm), Near Infrared (700-1000 nm)",C-mount,Gigabit Ethernet 5 Gbps / 2.5 Gbps / 1 Gbps,59 mm x 44 mm x 32 mm,124 g,CMOS
Teledyne Dalsa,Genie Nano 5G M4500 Mono G5-GM31-M4505,Area Scan,Genie Nano 5GigE,,,,,,,,,,,,,,,,,,,,,,,,,,,,,,,,,,,,,,,Area Scan,CMOS,GigE Vision,"Visible (400-700 nm), Near Infrared (700-1000 nm)","TurboDrive, T2IR",G5-GM31-M4505,4500 x 4500,,onsemi XGS20000,3.2,CMOS,Global shutter,Mono,,M42 x 1 mm,"Image sync: Free-running, software & hardware trigger, action command, PTP modulo | Timestamp Sync: PTP (IEE1588)",Gigabit Ethernet 5 Gbps / 2.5 Gbps / 1 Gbps,IP40,Continuous  / Single Frame / Multi Frame,"Hardware trigger, programmable via camera API, automatic",40.0 µs to 16.0 seconds,32 MB non-volatile memory,"Manual, automatic (AGC)",430 MB,"Image Compression (TurboDrive), lookup table, pixel correction and lens shading correction","Pixel binning,  ROI, Muti-ROI",2 user configuration sets for custom camera settings,66.1,1x to 4x,,,,,,10000,RJ45 (vertical locking) | SAMTEC TFM-105 type,"8-bit Factory Firmware, Optional 12-bit Firmware",59 mm x 59 mm x 41 mm,183 g,,10 to 80% (no condensation),-20°C to 65°C (measured at the front face of the camera),11.4 W maximum PoE / 10.3 W maximum GPIO,Power Over Ethernet (PoE) or 10 to 36 V via GPIO connector,10 to 80% (no condensation),-40°C to 80°C,5Gigabit Ethernet Port,IEEE802.3af-2003 PoE Interface Card / Injector/ Switch or External Camera Power Supply,"Lens, Cable, Host Adapter (GigE)","CE, FCC, KCC, RoHS. The ECCN for this product is: EAR099.",GigE Vision v2.0,3 years,63 @500 nm,4.5,,"2 input, 3 output",,,,,,29,,,,,,,,,,,,,,,,,,,,,,,,,,,,,,,,,,,20.2,,,,,,,,,,,,,,,,,,,,,,,,,,,,,Color models available with IR cut-off filter @650 nm,39,"1.3""",,,,,39.0,,(RS-232 available on Demand),,,,,,,,,,,,,,,20.2,4500 x 4500,3.2,29,Global shutter,,Mono,"Visible (400-700 nm), Near Infrared (700-1000 nm)",M42 x 1 mm,Gigabit Ethernet 5 Gbps / 2.5 Gbps / 1 Gbps,59 mm x 59 mm x 41 mm,183 g,CMOS
Teledyne Dalsa,Genie Nano 5G M5420 Mono G5-GM31-M5425,Area Scan,Genie Nano 5GigE,,,,,,,,,,,,,,,,,,,,,,,,,,,,,,,,,,,,,,,Area Scan,CMOS,GigE Vision,"Visible (400-700 nm), Near Infrared (700-1000 nm)","TurboDrive, T2IR",G5-GM31-M5425,5420 x 5420,,onsemi XGS30000,3.2,CMOS,Global shutter,Mono,,M42 x 1 mm,"Image sync: Free-running, software & hardware trigger, action command, PTP modulo | Timestamp Sync: PTP (IEE1588)",Gigabit Ethernet 5 Gbps / 2.5 Gbps / 1 Gbps,IP40,Continuous  / Single Frame / Multi Frame,"Hardware trigger, programmable via camera API, automatic",40.0 µs to 16.0 seconds,32 MB non-volatile memory,"Manual, automatic (AGC)",430 MB,"Image Compression (TurboDrive), lookup table, pixel correction and lens shading correction","Pixel binning,  ROI, Muti-ROI",2 user configuration sets for custom camera settings,66.1,1x to 4x,,,,,,10000,RJ45 (vertical locking) | SAMTEC TFM-105 type,"8-bit Factory Firmware, Optional 12-bit Firmware",59 mm x 59 mm x 41 mm,183 g,,10 to 80% (no condensation),-20°C to 65°C (measured at the front face of the camera),11.4 W maximum PoE / 10.3 W maximum GPIO,Power Over Ethernet (PoE) or 10 to 36 V via GPIO connector,10 to 80% (no condensation),-40°C to 80°C,5Gigabit Ethernet Port,IEEE802.3af-2003 PoE Interface Card / Injector/ Switch or External Camera Power Supply,"Lens, Cable, Host Adapter (GigE)","CE, FCC, KCC, RoHS. The ECCN for this product is: EAR099.",GigE Vision v2.0,3 years,63 @500 nm,4.5,,"2 input, 3 output",,,,,,19,,,,,,,,,,,,,,,,,,,,,,,,,,,,,,,,,,,29.3,,,,,,,,,,,,,,,,,,,,,,,,,,,,,Color models available with IR cut-off filter @650 nm,31,APS-C,,,,,31.0,,(RS-232 available on Demand),,,,,,,,,,,,,,,29.3,5420 x 5420,3.2,19,Global shutter,,Mono,"Visible (400-700 nm), Near Infrared (700-1000 nm)",M42 x 1 mm,Gigabit Ethernet 5 Gbps / 2.5 Gbps / 1 Gbps,59 mm x 59 mm x 41 mm,183 g,CMOS
Teledyne Dalsa,Genie Nano 5G M8100 Mono G5-GM31-M8105,Area Scan,Genie Nano 5GigE,,,,,,,,,,,,,,,,,,,,,,,,,,,,,,,,,,,,,,,Area Scan,CMOS,GigE Vision,"Visible (400-700 nm), Near Infrared (700-1000 nm)","TurboDrive, T2IR",G5-GM31-M8105,8192 x 5420,,onsemi XGS45000,3.2,CMOS,Global shutter,Mono,,M42 x 1 mm,"Image sync: Free-running, software & hardware trigger, action command, PTP modulo | Timestamp Sync: PTP (IEE1588)",Gigabit Ethernet 5 Gbps / 2.5 Gbps / 1 Gbps,IP40,Continuous  / Single Frame / Multi Frame,"Hardware trigger, programmable via camera API, automatic",40.0 µs to 16.0 seconds,32 MB non-volatile memory,"Manual, automatic (AGC)",430 MB,"Image Compression (TurboDrive), lookup table, pixel correction and lens shading correction","Pixel binning,  ROI, Muti-ROI",2 user configuration sets for custom camera settings,66.1,1x to 4x,,,,,,10000,RJ45 (vertical locking) | SAMTEC TFM-105 type,"8-bit Factory Firmware, Optional 12-bit Firmware",59 mm x 59 mm x 41 mm,183 g,,10 to 80% (no condensation),-20°C to 65°C (measured at the front face of the camera),11.4 W maximum PoE / 10.3 W maximum GPIO,Power Over Ethernet (PoE) or 10 to 36 V via GPIO connector,10 to 80% (no condensation),-40°C to 80°C,5Gigabit Ethernet Port,IEEE802.3af-2003 PoE Interface Card / Injector/ Switch or External Camera Power Supply,"Lens, Cable, Host Adapter (GigE)","CE, FCC, KCC, RoHS. The ECCN for this product is: EAR099.",GigE Vision v2.0,3 years,63 @500 nm,4.5,,"2 input, 3 output",,,,,,14,,,,,,,,,,,,,,,,,,,,,,,,,,,,,,,,,,,44.4,,,,,,,,,,,,,,,,,,,,,,,,,,,,,Color models available with IR cut-off filter @650 nm,19,Super 35 mm,,,,,19.0,,(RS-232 available on Demand),,,,,,,,,,,,,,,44.4,8192 x 5420,3.2,14,Global shutter,,Mono,"Visible (400-700 nm), Near Infrared (700-1000 nm)",M42 x 1 mm,Gigabit Ethernet 5 Gbps / 2.5 Gbps / 1 Gbps,59 mm x 59 mm x 41 mm,183 g,CMOS
Teledyne Dalsa,Genie Nano C1280 Color G3-GC10-C1280,Area Scan,Genie Nano GigE,,,,,,,,,,,,,,,,,,,,,,,,,,,,,,,,,,,,,,,Area Scan,CMOS,GigE Vision,"Visible (400-700 nm),Near Infrared (700-1000 nm)","TurboDrive, T2IR",G3-GC10-C1280,1280 x 1024,,onsemi Python 1300 P1,4.8,CMOS,Global shutter,Color,,C-mount,"Image sync: Free-running, software & hardware trigger, action command, PTP modulo | Timestamp Sync: PTP (IEE1588)",Gigabit Ethernet 1 Gbps,IP40,Continuous / Single Frame / Multi Frame,"Hardware trigger, programmable via camera API, automatic",34 µs to 16.0 seconds,32 MB non-volatile memory,"Manual, automatic (AGC)",90 MB,"Image Compression (TurboDrive), gamma, lookup table,  auto white balance (color conversion available with  RGB Firmware)","ROI, Muti-ROI",2 user configuration sets for custom camera settings,62.0,1x to 32x,,40 @470 nm,47 @540 nm,48 @ 610 nm,,10000,RJ45 (vertical locking) | SAMTEC TFM-105 type,"8-bit, 10-bit",44 mm x 29 mm x 21 mm,46 g,,10 to 80% (no condensation),-20 to 65 °C,3.6 W to 4.6 W (12 V),"Power over Ethernet (PoE), or 9.5 to 24 V via GPIO connector",20 to 80% (no condensation),-40°C to 80°C,Gigabit Ethernet Port,IEEE802.3af-2003 PoE Interface Card / Injector/ Switch or External Camera Power Supply,"Lens, Cable, Host Adapter (GigE)","CE, FCC, KCC, RoHS. The ECCN for this product is: EAR099.",GigE Vision v1.2,3 years,,9,,"2 input, 2 output",,,,,,92,,,,,,,,,,,,,,,,,,,,,,,,,,,,,,,,,,,1.3,,,,,,,,,,,,,,,,,,,,,,,,,,,,,C-mount available as CS-mountOpto-isolated 2 input / 2 output available as 1 input / 3 outputColor models available with IR cut-off filter @650 nmAll models available with RS-232 serial port,213,"1/2""","Manual, automatic (AWB)",,,,200.0,,,,,,,,,,,,,,,,,1.3,1280 x 1024,4.8,92,Global shutter,,Color,"Visible (400-700 nm),Near Infrared (700-1000 nm)",C-mount,Gigabit Ethernet 1 Gbps,44 mm x 29 mm x 21 mm,46 g,CMOS
Teledyne Dalsa,Genie Nano C1450 Color G3-GC10-C1450,Area Scan,Genie Nano GigE,,,,,,,,,,,,,,,,,,,,,,,,,,,,,,,,,,,,,,,Area Scan,CMOS,GigE Vision,"Visible (400-700 nm),Near Infrared (700-1000 nm)","TurboDrive, T2IR",G3-GC10-C1450,1456 x 1088,,Sony IMX273,3.45,CMOS,Global shutter,Color,,C-mount,"Image sync: Free-running, software & hardware trigger, action command, PTP modulo | Timestamp Sync: PTP (IEE1588)",Gigabit Ethernet 1 Gbps,IP40,Continuous / Single Frame / Multi Frame,"Hardware trigger, programmable via camera API, automatic",19.7 µs to 30 seconds,32 MB non-volatile memory,"Manual, automatic (AGC)",90 MB,"Image Compression (TurboDrive), gamma, lookup table,  auto white balance (color conversion available with  RGB Firmware)","ROI, Muti-ROI",2 user configuration sets for custom camera settings,76.0,1x to 251x  (0 dB to 48 dB),,52 @470 nm,61 @525 nm,48 @630 nm,,11000,RJ45 (vertical locking) | SAMTEC TFM-105 type,"8-bit, 12-bit",44 mm x 29 mm x 21 mm,47 g,,10 to 80% (no condensation),-20 to 65 °C,3.6 W to 4.6 W (12 V),"Power over Ethernet (PoE), or 9.5 to 24 V via GPIO connector",20 to 80% (no condensation),-40°C to 80°C,Gigabit Ethernet Port,IEEE802.3af-2003 PoE Interface Card / Injector/ Switch or External Camera Power Supply,"Lens, Cable, Host Adapter (GigE)","CE, FCC, KCC, RoHS. The ECCN for this product is: EAR099.",GigE Vision v1.2,3 years,,2.4,,"2 input, 2 output",,,,,,76,,,,,,,,,,,,,,,,,,,,,,,,,,,,,,,,,,,1.5,,,,,,,,,,,,,,,,,,,,,,,,,,,,,C-mount available as CS-mountOpto-isolated 2 input / 2 output available as 1 input / 3 outputColor models available with IR cut-off filter @650 nmAll models available with RS-232 serial port,,"1/2.9""","Manual, automatic (AWB)",,,,150.0,4.8,,,,,,,,,,,,,,,,1.5,1456 x 1088,3.45,76,Global shutter,,Color,"Visible (400-700 nm),Near Infrared (700-1000 nm)",C-mount,Gigabit Ethernet 1 Gbps,44 mm x 29 mm x 21 mm,47 g,CMOS
Teledyne Dalsa,Genie Nano C1610 Color G3-GC11-C1610,Area Scan,Genie Nano GigE,,,,,,,,,,,,,,,,,,,,,,,,,,,,,,,,,,,,,,,Area Scan,CMOS,GigE Vision,"Visible (400-700 nm),Near Infrared (700-1000 nm)","TurboDrive, T2IR",G3-GC11-C1610,1608 x 1104,,Sony IMX432,9,CMOS,Global shutter,Color,,C-mount,"Image sync: Free-running, software & hardware trigger, action command, PTP modulo | Timestamp Sync: PTP (IEE1588)",Gigabit Ethernet 1 Gbps,IP40,Continuous / Single Frame / Multi Frame,"Hardware trigger, programmable via camera API, automatic",14 µs to 16 seconds,32 MB non-volatile memory,"Manual, automatic (AGC)",90 MB,"Image Compression (TurboDrive), gamma, lookup table,  auto white balance (color conversion available with  RGB Firmware)","ROI, Muti-ROI",2 user configuration sets for custom camera settings,72.0,1x to 251x  (0 dB to 48 dB),,53 @470 nm,63@525 nm,50 @630 nm,,99000,RJ45 (vertical locking) | SAMTEC TFM-105 type,"8-bit, 12-bit",44 mm x 29 mm x 21 mm,46 g,,10 to 80% (no condensation),-20 to 65 °C,3.6 W to 4.6 W (12 V),"Power over Ethernet (PoE), or 9.5 to 24 V via GPIO connector",20 to 80% (no condensation),-40°C to 80°C,Gigabit Ethernet Port,IEEE802.3af-2003 PoE Interface Card / Injector/ Switch or External Camera Power Supply,"Lens, Cable, Host Adapter (GigE)","CE, FCC, KCC, RoHS. The ECCN for this product is: EAR099.",GigE Vision v1.2,3 years,,23,,"2 input, 2 output",,,,,,63,,,,,,,,,,,,,,,,,,,,,,,,,,,,,,,,,,,1.7,,,,,,,,,,,,,,,,,,,,,,,,,,,,,C-mount available as CS-mountOpto-isolated 2 input / 2 output available as 1 input / 3 outputColor models available with IR cut-off filter @650 nmAll models available with RS-232 serial port,,"1.1""","Manual, automatic (AWB)",,,,90.0,33,,,,,,,,,,,,,,,,1.7,1608 x 1104,9,63,Global shutter,,Color,"Visible (400-700 nm),Near Infrared (700-1000 nm)",C-mount,Gigabit Ethernet 1 Gbps,44 mm x 29 mm x 21 mm,46 g,CMOS
Teledyne Dalsa,Genie Nano C1630 Color G3-GC11-C1630,Area Scan,Genie Nano GigE,,,,,,,,,,,,,,,,,,,,,,,,,,,,,,,,,,,,,,,Area Scan,CMOS,GigE Vision,"Visible (400-700 nm),Near Infrared (700-1000 nm)","TurboDrive, T2IR",G3-GC11-C1630,1632 x 1248,,Sony IMX430,4.5,CMOS,Global shutter,Color,,C-mount,"Image sync: Free-running, software & hardware trigger, action command, PTP modulo | Timestamp Sync: PTP (IEE1588)",Gigabit Ethernet 1 Gbps,IP40,Continuous / Single Frame / Multi Frame,"Hardware trigger, programmable via camera API, automatic",14 µs to 16.0 seconds,32 MB non-volatile memory,"Manual, automatic (AGC)",90 MB,"Image Compression (TurboDrive), gamma, lookup table,  auto white balance (color conversion available with  RGB Firmware)","ROI, Muti-ROI",2 user configuration sets for custom camera settings,73.0,1x to 251x  (0 dB to 48 dB),,53 @470 nm,63@525 nm,50 @630 nm,,25000,RJ45 (vertical locking) | SAMTEC TFM-105 type,"8-bit, 12-bit",44 mm x 29 mm x 21 mm,46 g,,10 to 80% (no condensation),-20 to 65 °C,3.6 W to 4.6 W (12 V),"Power over Ethernet (PoE), or 9.5 to 24 V via GPIO connector",20 to 80% (no condensation),-40°C to 80°C,Gigabit Ethernet Port,IEEE802.3af-2003 PoE Interface Card / Injector/ Switch or External Camera Power Supply,"Lens, Cable, Host Adapter (GigE)","CE, FCC, KCC, RoHS. The ECCN for this product is: EAR099.",GigE Vision v1.2,3 years,,5.7,,"2 input, 2 output",,,,,,57,,,,,,,,,,,,,,,,,,,,,,,,,,,,,,,,,,,2,,,,,,,,,,,,,,,,,,,,,,,,,,,,,C-mount available as CS-mountOpto-isolated 2 input / 2 output available as 1 input / 3 outputColor models available with IR cut-off filter @650 nmAll models available with RS-232 serial port,,"1/1.7""","Manual, automatic (AWB)",,,,85.0,10.1,,,,,,,,,,,,,,,,2,1632 x 1248,4.5,57,Global shutter,,Color,"Visible (400-700 nm),Near Infrared (700-1000 nm)",C-mount,Gigabit Ethernet 1 Gbps,44 mm x 29 mm x 21 mm,46 g,CMOS
Teledyne Dalsa,Genie Nano C1920 Color G3-GC11-C1920,Area Scan,Genie Nano GigE,,,,,,,,,,,,,,,,,,,,,,,,,,,,,,,,,,,,,,,Area Scan,CMOS,GigE Vision,"Visible (400-700 nm),Near Infrared (700-1000 nm)","TurboDrive, T2IR",G3-GC11-C1920,1936 x 1216,,Sony IMX249,5.86,CMOS,Global shutter,Color,,C-mount,"Image sync: Free-running, software & hardware trigger, action command, PTP modulo | Timestamp Sync: PTP (IEE1588)",Gigabit Ethernet 1 Gbps,IP40,Continuous / Single Frame / Multi Frame,"Hardware trigger, programmable via camera API, automatic",34.2 µs to 16.0 seconds,32 MB non-volatile memory,"Manual, automatic (AGC)",90 MB,"Image Compression (TurboDrive), gamma, lookup table,  auto white balance (color conversion available with  RGB Firmware)","ROI, Muti-ROI",2 user configuration sets for custom camera settings,75.0,1x to 251x  (0 dB to 48 dB),,60 @460 nm,59 @530 nm,38 @625 nm,,32500,RJ45 (vertical locking) | SAMTEC TFM-105 type,"8-bit, 12-bit",44 mm x 29 mm x 21 mm,46 g,,10 to 80% (no condensation),-20 to 65 °C,3.6 W to 4.6 W (12 V),"Power over Ethernet (PoE), or 9.5 to 24 V via GPIO connector",20 to 80% (no condensation),-40°C to 80°C,Gigabit Ethernet Port,IEEE802.3af-2003 PoE Interface Card / Injector/ Switch or External Camera Power Supply,"Lens, Cable, Host Adapter (GigE)","CE, FCC, KCC, RoHS. The ECCN for this product is: EAR099.",GigE Vision v1.2,3 years,,6.7,,"2 input, 2 output",,,,,,38.8,,,,,,,,,,,,,,,,,,,,,,,,,,,,,,,,,,,2.3,,,,,,,,,,,,,,,,,,,,,,,,,,,,,C-mount available as CS-mountOpto-isolated 2 input / 2 output available as 1 input / 3 outputColor models available with IR cut-off filter @650 nmAll models available with RS-232 serial port,,"1/1.2""","Manual, automatic (AWB)",,,,38.8,23.1,,,,,,,,,,,,,,,,2.3,1936 x 1216,5.86,38.8,Global shutter,,Color,"Visible (400-700 nm),Near Infrared (700-1000 nm)",C-mount,Gigabit Ethernet 1 Gbps,44 mm x 29 mm x 21 mm,46 g,CMOS
Teledyne Dalsa,Genie Nano C1930 Color G3-GC10-C1930,Area Scan,Genie Nano GigE,,,,,,,,,,,,,,,,,,,,,,,,,,,,,,,,,,,,,,,Area Scan,CMOS,GigE Vision,"Visible (400-700 nm),Near Infrared (700-1000 nm)","TurboDrive, T2IR",G3-GC10-C1930,1984 x 1264,,onsemi Python2000 P1,4.8,CMOS,Global shutter,Color,,C-mount,"Image sync: Free-running, software & hardware trigger, action command, PTP modulo | Timestamp Sync: PTP (IEE1588)",Gigabit Ethernet 1 Gbps,IP40,Continuous / Single Frame / Multi Frame,"Hardware trigger, programmable via camera API, automatic",87 µs to 16.0 seconds,32 MB non-volatile memory,"Manual, automatic (AGC)",90 MB,"Image Compression (TurboDrive), gamma, lookup table,  auto white balance (color conversion available with  RGB Firmware)","ROI, Muti-ROI",2 user configuration sets for custom camera settings,62.0,1x to 32x,,40 @470 nm,47 @540 nm,48 @ 610 nm,,10000,RJ45 (vertical locking) | SAMTEC TFM-105 type,"8-bit, 10-bit",44 mm x 29 mm x 21 mm,46 g,,10 to 80% (no condensation),-20 to 65 °C,3.6 W to 4.6 W (12 V),"Power over Ethernet (PoE), or 9.5 to 24 V via GPIO connector",20 to 80% (no condensation),-40°C to 80°C,Gigabit Ethernet Port,IEEE802.3af-2003 PoE Interface Card / Injector/ Switch or External Camera Power Supply,"Lens, Cable, Host Adapter (GigE)","CE, FCC, KCC, RoHS. The ECCN for this product is: EAR099.",GigE Vision v1.2,3 years,,10.7,,"2 input, 2 output",,,,,,48,,,,,,,,,,,,,,,,,,,,,,,,,,,,,,,,,,,2.5,,,,,,,,,,,,,,,,,,,,,,,,,,,,,C-mount available as CS-mountOpto-isolated 2 input / 2 output available as 1 input / 3 outputColor models available with IR cut-off filter @650 nmAll models available with RS-232 serial port,116,"2/3""","Manual, automatic (AWB)",,,,110.0,,,,,,,,,,,,,,,,,2.5,1984 x 1264,4.8,48,Global shutter,,Color,"Visible (400-700 nm),Near Infrared (700-1000 nm)",C-mount,Gigabit Ethernet 1 Gbps,44 mm x 29 mm x 21 mm,46 g,CMOS
Teledyne Dalsa,Genie Nano C1940 Color G3-GC10-C1940,Area Scan,Genie Nano GigE,,,,,,,,,,,,,,,,,,,,,,,,,,,,,,,,,,,,,,,Area Scan,CMOS,GigE Vision,"Visible (400-700 nm),Near Infrared (700-1000 nm)","TurboDrive, T2IR",G3-GC10-C1940,1936 x 1216,,Sony IMX174,5.86,CMOS,Global shutter,Color,,C-mount,"Image sync: Free-running, software & hardware trigger, action command, PTP modulo | Timestamp Sync: PTP (IEE1588)",Gigabit Ethernet 1 Gbps,IP40,Continuous / Single Frame / Multi Frame,"Hardware trigger, programmable via camera API, automatic",23.2 µs to 16.0 seconds,32 MB non-volatile memory,"Manual, automatic (AGC)",90 MB,"Image Compression (TurboDrive), gamma, lookup table,  auto white balance (color conversion available with  RGB Firmware)","ROI, Muti-ROI",2 user configuration sets for custom camera settings,72.0,1x to 251x  (0 dB to 48 dB),,60 @460 nm,59 @530 nm,38 @625 nm,,32500,RJ45 (vertical locking) | SAMTEC TFM-105 type,"8-bit, 10-bit",44 mm x 29 mm x 21 mm,46 g,,10 to 80% (no condensation),-20 to 65 °C,3.6 W to 4.6 W (12 V),"Power over Ethernet (PoE), or 9.5 to 24 V via GPIO connector",20 to 80% (no condensation),-40°C to 80°C,Gigabit Ethernet Port,IEEE802.3af-2003 PoE Interface Card / Injector/ Switch or External Camera Power Supply,"Lens, Cable, Host Adapter (GigE)","CE, FCC, KCC, RoHS. The ECCN for this product is: EAR099.",GigE Vision v1.2,3 years,,6.7,,"2 input, 2 output",,,,,,53,,,,,,,,,,,,,,,,,,,,,,,,,,,,,,,,,,,2.3,,,,,,,,,,,,,,,,,,,,,,,,,,,,,C-mount available as CS-mountOpto-isolated 2 input / 2 output available as 1 input / 3 outputColor models available with IR cut-off filter @650 nmAll models available with RS-232 serial port,,"1/1.2""","Manual, automatic (AWB)",,,,83.9,23.1,,,,,,,,,,,,,,,,2.3,1936 x 1216,5.86,53,Global shutter,,Color,"Visible (400-700 nm),Near Infrared (700-1000 nm)",C-mount,Gigabit Ethernet 1 Gbps,44 mm x 29 mm x 21 mm,46 g,CMOS
Teledyne Dalsa,Genie Nano C1950 Color G3-GC10-C1950,Area Scan,Genie Nano GigE,,,,,,,,,,,,,,,,,,,,,,,,,,,,,,,,,,,,,,,Area Scan,CMOS,GigE Vision,"Visible (400-700 nm),Near Infrared (700-1000 nm)","TurboDrive, T2IR",G3-GC10-C1950,1936 x 1216,,Sony IMX392,3.45,CMOS,Global shutter,Color,,C-mount,"Image sync: Free-running, software & hardware trigger, action command, PTP modulo | Timestamp Sync: PTP (IEE1588)",Gigabit Ethernet 1 Gbps,IP40,Continuous / Single Frame / Multi Frame,"Hardware trigger, programmable via camera API, automatic",19 µs to 30 seconds,32 MB non-volatile memory,"Manual, automatic (AGC)",90 MB,"Image Compression (TurboDrive), gamma, lookup table,  auto white balance (color conversion available with  RGB Firmware)","ROI, Muti-ROI",2 user configuration sets for custom camera settings,75.0,1x to 251x  (0 dB to 48 dB),,49 @470 nm,59 @525 nm,46 @630 nm,,10400,RJ45 (vertical locking) | SAMTEC TFM-105 type,"8-bit, 12-bit",44 mm x 29 mm x 21 mm,46 g,,10 to 80% (no condensation),-20 to 65 °C,3.6 W to 4.6 W (12 V),"Power over Ethernet (PoE), or 9.5 to 24 V via GPIO connector",20 to 80% (no condensation),-40°C to 80°C,Gigabit Ethernet Port,IEEE802.3af-2003 PoE Interface Card / Injector/ Switch or External Camera Power Supply,"Lens, Cable, Host Adapter (GigE)","CE, FCC, KCC, RoHS. The ECCN for this product is: EAR099.",GigE Vision v1.2,3 years,,2.3,,"2 input, 2 output",,,,,,51,,,,,,,,,,,,,,,,,,,,,,,,,,,,,,,,,,,2.3,,,,,,,,,,,,,,,,,,,,,,,,,,,,,C-mount available as CS-mountOpto-isolated 2 input / 2 output available as 1 input / 3 outputColor models available with IR cut-off filter @650 nmAll models available with RS-232 serial port,,"1/2.3""","Manual, automatic (AWB)",,,,102.0,4.7,,,,,,,,,,,,,,,,2.3,1936 x 1216,3.45,51,Global shutter,,Color,"Visible (400-700 nm),Near Infrared (700-1000 nm)",C-mount,Gigabit Ethernet 1 Gbps,44 mm x 29 mm x 21 mm,46 g,CMOS
Teledyne Dalsa,Genie Nano C2020 Color G3-GC11-C2020,Area Scan,Genie Nano GigE,,,,,,,,,,,,,,,,,,,,,,,,,,,,,,,,,,,,,,,Area Scan,CMOS,GigE Vision,"Visible (400-700 nm),Near Infrared (700-1000 nm)","TurboDrive, T2IR",G3-GC11-C2020,2064 x 1544,,Sony IMX265,3.45,CMOS,Global shutter,Color,,C-mount,"Image sync: Free-running, software & hardware trigger, action command, PTP modulo | Timestamp Sync: PTP (IEE1588)",Gigabit Ethernet 1 Gbps,IP40,Continuous / Single Frame / Multi Frame,"Hardware trigger, programmable via camera API, automatic",25.6 µs to 30 seconds,32 MB non-volatile memory,"Manual, automatic (AGC)",90 MB,"Image Compression (TurboDrive), gamma, lookup table,  auto white balance (color conversion available with  RGB Firmware)","ROI, Muti-ROI",2 user configuration sets for custom camera settings,76.0,1x to 251x  (0 dB to 48 dB),,49 @470 nm,59 @525 nm,46 @630 nm,,10400,RJ45 (vertical locking) | SAMTEC TFM-105 type,"8-bit, 12-bit",44 mm x 29 mm x 21 mm,46 g,,10 to 80% (no condensation),-20 to 65 °C,3.6 W to 4.6 W (12 V),"Power over Ethernet (PoE), or 9.5 to 24 V via GPIO connector",20 to 80% (no condensation),-40°C to 80°C,Gigabit Ethernet Port,IEEE802.3af-2003 PoE Interface Card / Injector/ Switch or External Camera Power Supply,"Lens, Cable, Host Adapter (GigE)","CE, FCC, KCC, RoHS. The ECCN for this product is: EAR099.",GigE Vision v1.2,3 years,,2.3,,"2 input, 2 output",,,,,,38,,,,,,,,,,,,,,,,,,,,,,,,,,,,,,,,,,,3.1,,,,,,,,,,,,,,,,,,,,,,,,,,,,,C-mount available as CS-mountOpto-isolated 2 input / 2 output available as 1 input / 3 outputColor models available with IR cut-off filter @650 nmAll models available with RS-232 serial port,53,"1/1.8""","Manual, automatic (AWB)",,,,53.0,4.7,,,,,,,,,,,,,,,,3.1,2064 x 1544,3.45,38,Global shutter,,Color,"Visible (400-700 nm),Near Infrared (700-1000 nm)",C-mount,Gigabit Ethernet 1 Gbps,44 mm x 29 mm x 21 mm,46 g,CMOS
Teledyne Dalsa,Genie Nano C2050 Color G3-GC10-C2050,Area Scan,Genie Nano GigE,,,,,,,,,,,,,,,,,,,,,,,,,,,,,,,,,,,,,,,Area Scan,CMOS,GigE Vision,"Visible (400-700 nm),Near Infrared (700-1000 nm)","TurboDrive, T2IR",G3-GC10-C2050,2064 x 1544,,Sony IMX252,3.45,CMOS,Global shutter,Color,,C-mount,"Image sync: Free-running, software & hardware trigger, action command, PTP modulo | Timestamp Sync: PTP (IEE1588)",Gigabit Ethernet 1 Gbps,IP40,Continuous / Single Frame / Multi Frame,"Hardware trigger, programmable via camera API, automatic",18 µs to 30 seconds,32 MB non-volatile memory,"Manual, automatic (AGC)",90 MB,"Image Compression (TurboDrive), gamma, lookup table,  auto white balance (color conversion available with  RGB Firmware)","ROI, Muti-ROI",2 user configuration sets for custom camera settings,56.0,1x to 251x  (0 dB to 48 dB),,49 @470 nm,59 @525 nm,46 @630 nm,,10400,RJ45 (vertical locking) | SAMTEC TFM-105 type,8-bit,44 mm x 29 mm x 21 mm,46 g,,10 to 80% (no condensation),-20 to 65 °C,3.6 W to 4.6 W (12 V),"Power over Ethernet (PoE), or 9.5 to 24 V via GPIO connector",20 to 80% (no condensation),-40°C to 80°C,Gigabit Ethernet Port,IEEE802.3af-2003 PoE Interface Card / Injector/ Switch or External Camera Power Supply,"Lens, Cable, Host Adapter (GigE)","CE, FCC, KCC, RoHS. The ECCN for this product is: EAR099.",GigE Vision v1.2,3 years,,2.3,,"2 input, 2 output",,,,,,37.8,,,,,,,,,,,,,,,,,,,,,,,,,,,,,,,,,,,3.1,,,,,,,,,,,,,,,,,,,,,,,,,,,,,C-mount available as CS-mountOpto-isolated 2 input / 2 output available as 1 input / 3 outputColor models available with IR cut-off filter @650 nmAll models available with RS-232 serial port,82,"1/1.8""","Manual, automatic (AWB)",,,,82.0,4.7,,,,,,,,,,,,,,,,3.1,2064 x 1544,3.45,37.8,Global shutter,,Color,"Visible (400-700 nm),Near Infrared (700-1000 nm)",C-mount,Gigabit Ethernet 1 Gbps,44 mm x 29 mm x 21 mm,46 g,CMOS
Teledyne Dalsa,Genie Nano C2420 Color G3-GC11-C2420,Area Scan,Genie Nano GigE,,,,,,,,,,,,,,,,,,,,,,,,,,,,,,,,,,,,,,,Area Scan,CMOS,GigE Vision,"Visible (400-700 nm),Near Infrared (700-1000 nm)","TurboDrive, T2IR",G3-GC11-C2420,2464 x 2056,,Sony IMX264,3.45,CMOS,Global shutter,Color,,C-mount,"Image sync: Free-running, software & hardware trigger, action command, PTP modulo | Timestamp Sync: PTP (IEE1588)",Gigabit Ethernet 1 Gbps,IP40,Continuous / Single Frame / Multi Frame,"Hardware trigger, programmable via camera API, automatic",27.6 µs to 30 seconds,32 MB non-volatile memory,"Manual, automatic (AGC)",90 MB,"Image Compression (TurboDrive), gamma, lookup table,  auto white balance (color conversion available with  RGB Firmware)","ROI, Muti-ROI",2 user configuration sets for custom camera settings,76.0,1x to 251x  (0 dB to 48 dB),,49 @470 nm,59 @525 nm,46 @630 nm,,10400,RJ45 (vertical locking) | SAMTEC TFM-105 type,"8-bit, 12-bit",44 mm x 29 mm x 21 mm,46 g,,10 to 80% (no condensation),-20 to 65 °C,3.6 W to 4.6 W (12 V),"Power over Ethernet (PoE), or 9.5 to 24 V via GPIO connector",20 to 80% (no condensation),-40°C to 80°C,Gigabit Ethernet Port,IEEE802.3af-2003 PoE Interface Card / Injector/ Switch or External Camera Power Supply,"Lens, Cable, Host Adapter (GigE)","CE, FCC, KCC, RoHS. The ECCN for this product is: EAR099.",GigE Vision v1.2,3 years,,2.3,,"2 input, 2 output",,,,,,23.8,,,,,,,,,,,,,,,,,,,,,,,,,,,,,,,,,,,5,,,,,,,,,,,,,,,,,,,,,,,,,,,,,C-mount available as CS-mountOpto-isolated 2 input / 2 output available as 1 input / 3 outputColor models available with IR cut-off filter @650 nmAll models available with RS-232 serial port,,"2/3""","Manual, automatic (AWB)",,,,34.4,4.7,,,,,,,,,,,,,,,,5,2464 x 2056,3.45,23.8,Global shutter,,Color,"Visible (400-700 nm),Near Infrared (700-1000 nm)",C-mount,Gigabit Ethernet 1 Gbps,44 mm x 29 mm x 21 mm,46 g,CMOS
Teledyne Dalsa,Genie Nano C2450 Color G3-GC10-C2450,Area Scan,Genie Nano GigE,,,,,,,,,,,,,,,,,,,,,,,,,,,,,,,,,,,,,,,Area Scan,CMOS,GigE Vision,"Visible (400-700 nm),Near Infrared (700-1000 nm)","TurboDrive, T2IR",G3-GC10-C2450,2464 x 2056,,Sony IMX250,3.45,CMOS,Global shutter,Color,,C-mount,"Image sync: Free-running, software & hardware trigger, action command, PTP modulo | Timestamp Sync: PTP (IEE1588)",Gigabit Ethernet 1 Gbps,IP40,Continuous / Single Frame / Multi Frame,"Hardware trigger, programmable via camera API, automatic",19 µs to 30 seconds,32 MB non-volatile memory,"Manual, automatic (AGC)",90 MB,"Image Compression (TurboDrive), gamma, lookup table,  auto white balance (color conversion available with  RGB Firmware)","ROI, Muti-ROI",2 user configuration sets for custom camera settings,56.0,1x to 251x  (0 dB to 48 dB),,49 @470 nm,59 @525 nm,46 @630 nm,,10400,RJ45 (vertical locking) | SAMTEC TFM-105 type,8-bit,44 mm x 29 mm x 21 mm,46 g,,10 to 80% (no condensation),-20 to 65 °C,3.6 W to 4.6 W (12 V),"Power over Ethernet (PoE), or 9.5 to 24 V via GPIO connector",20 to 80% (no condensation),-40°C to 80°C,Gigabit Ethernet Port,IEEE802.3af-2003 PoE Interface Card / Injector/ Switch or External Camera Power Supply,"Lens, Cable, Host Adapter (GigE)","CE, FCC, KCC, RoHS. The ECCN for this product is: EAR099.",GigE Vision v1.2,3 years,,2.3,,"2 input, 2 output",,,,,,23.8,,,,,,,,,,,,,,,,,,,,,,,,,,,,,,,,,,,5,,,,,,,,,,,,,,,,,,,,,,,,,,,,,C-mount available as CS-mountOpto-isolated 2 input / 2 output available as 1 input / 3 outputColor models available with IR cut-off filter @650 nmAll models available with RS-232 serial port,,"2/3""","Manual, automatic (AWB)",,,,52.0,4.7,,,,,,,,,,,,,,,,5,2464 x 2056,3.45,23.8,Global shutter,,Color,"Visible (400-700 nm),Near Infrared (700-1000 nm)",C-mount,Gigabit Ethernet 1 Gbps,44 mm x 29 mm x 21 mm,46 g,CMOS
Teledyne Dalsa,Genie Nano C2590 Color G3-GC10-C2590,Area Scan,Genie Nano GigE,,,,,,,,,,,,,,,,,,,,,,,,,,,,,,,,,,,,,,,Area Scan,CMOS,GigE Vision,"Visible (400-700 nm),Near Infrared (700-1000 nm)","TurboDrive, T2IR",G3-GC10-C2590,2592 x 2048,,onsemi Python5000 P1,4.8,CMOS,Global shutter,Color,,C-mount,"Image sync: Free-running, software & hardware trigger, action command, PTP modulo | Timestamp Sync: PTP (IEE1588)",Gigabit Ethernet 1 Gbps,IP40,Continuous / Single Frame / Multi Frame,"Hardware trigger, programmable via camera API, automatic",87 µs to 16.0 seconds,32 MB non-volatile memory,"Manual, automatic (AGC)",90 MB,"Image Compression (TurboDrive), gamma, lookup table,  auto white balance (color conversion available with  RGB Firmware)","ROI, Muti-ROI",2 user configuration sets for custom camera settings,62.0,1x to 32x,,40 @470 nm,47 @540 nm,48 @ 610 nm,,10000,RJ45 (vertical locking) | SAMTEC TFM-105 type,"8-bit, 10-bit",44 mm x 29 mm x 21 mm,46 g,,10 to 80% (no condensation),-20 to 65 °C,3.6 W to 4.6 W (12 V),"Power over Ethernet (PoE), or 9.5 to 24 V via GPIO connector",20 to 80% (no condensation),-40°C to 80°C,Gigabit Ethernet Port,IEEE802.3af-2003 PoE Interface Card / Injector/ Switch or External Camera Power Supply,"Lens, Cable, Host Adapter (GigE)","CE, FCC, KCC, RoHS. The ECCN for this product is: EAR099.",GigE Vision v1.2,3 years,,10.7,,"2 input, 2 output",,,,,,22.7,,,,,,,,,,,,,,,,,,,,,,,,,,,,,,,,,,,5.3,,,,,,,,,,,,,,,,,,,,,,,,,,,,,C-mount available as CS-mountOpto-isolated 2 input / 2 output available as 1 input / 3 outputColor models available with IR cut-off filter @650 nmAll models available with RS-232 serial port,,"1""","Manual, automatic (AWB)",,,,47.0,,,,,,,,,,,,,,,,,5.3,2592 x 2048,4.8,22.7,Global shutter,,Color,"Visible (400-700 nm),Near Infrared (700-1000 nm)",C-mount,Gigabit Ethernet 1 Gbps,44 mm x 29 mm x 21 mm,46 g,CMOS
Teledyne Dalsa,Genie Nano C4020 Color G3-GC11-C4020,Area Scan,Genie Nano GigE,,,,,,,,,,,,,,,,,,,,,,,,,,,,,,,,,,,,,,,Area Scan,CMOS,GigE Vision,"Visible (400-700 nm),Near Infrared (700-1000 nm)","TurboDrive, T2IR",G3-GC11-C4020,4112 x 3008,,Sony IMX304,3.45,CMOS,Global shutter,Color,,C-mount,"Image sync: Free-running, software & hardware trigger, action command, PTP modulo | Timestamp Sync: PTP (IEE1588)",Gigabit Ethernet 1 Gbps,IP40,Continuous / Single Frame / Multi Frame,"Hardware trigger, programmable via camera API, automatic",29.2 µs to 30 seconds,32 MB non-volatile memory,"Manual, automatic (AGC)",220 MB,"Image Compression (TurboDrive), gamma, lookup table,  auto white balance (color conversion available with  RGB Firmware)","ROI, Muti-ROI",2 user configuration sets for custom camera settings,76.0,1x to 251x  (0 dB to 48 dB),,49 @470 nm,59 @525 nm,46 @630 nm,,10400,RJ45 (vertical locking) | SAMTEC TFM-105 type,"8-bit, 12-bit",44 mm x 29 mm x 21 mm,46 g,,10 to 80% (no condensation),-20 to 65 °C,3.6 W to 4.6 W (12 V),"Power over Ethernet (PoE), or 9.5 to 24 V via GPIO connector",20 to 80% (no condensation),-40°C to 80°C,Gigabit Ethernet Port,IEEE802.3af-2003 PoE Interface Card / Injector/ Switch or External Camera Power Supply,"Lens, Cable, Host Adapter (GigE)","CE, FCC, KCC, RoHS. The ECCN for this product is: EAR099.",GigE Vision v1.2,3 years,,2.3,,"2 input, 2 output",,,,,,9.7,,,,,,,,,,,,,,,,,,,,,,,,,,,,,,,,,,,12.3,,,,,,,,,,,,,,,,,,,,,,,,,,,,,C-mount available as CS-mountOpto-isolated 2 input / 2 output available as 1 input / 3 outputColor models available with IR cut-off filter @650 nmAll models available with RS-232 serial port,21,"1.1""","Manual, automatic (AWB)",,,,20.0,4.7,,,,,,,,,,,,,,,,12.3,4112 x 3008,3.45,9.7,Global shutter,,Color,"Visible (400-700 nm),Near Infrared (700-1000 nm)",C-mount,Gigabit Ethernet 1 Gbps,44 mm x 29 mm x 21 mm,46 g,CMOS
Teledyne Dalsa,Genie Nano C4030 Color G3-GC11-C4030,Area Scan,Genie Nano GigE,,,,,,,,,,,,,,,,,,,,,,,,,,,,,,,,,,,,,,,Area Scan,CMOS,GigE Vision,"Visible (400-700 nm),Near Infrared (700-1000 nm)","TurboDrive, T2IR",G3-GC11-C4030,4112 x 2176,,Sony IMX267,3.45,CMOS,Global shutter,Color,,C-mount,"Image sync: Free-running, software & hardware trigger, action command, PTP modulo | Timestamp Sync: PTP (IEE1588)",Gigabit Ethernet 1 Gbps,IP40,Continuous / Single Frame / Multi Frame,"Hardware trigger, programmable via camera API, automatic",29.2 µs to 30 seconds,32 MB non-volatile memory,"Manual, automatic (AGC)",220 MB,"Image Compression (TurboDrive), gamma, lookup table,  auto white balance (color conversion available with  RGB Firmware)","ROI, Muti-ROI",2 user configuration sets for custom camera settings,76.0,1x to 251x  (0 dB to 48 dB),,49 @470 nm,59 @525 nm,46 @630 nm,,10400,RJ45 (vertical locking) | SAMTEC TFM-105 type,"8-bit, 12-bit",44 mm x 29 mm x 21 mm,46 g,,10 to 80% (no condensation),-20 to 65 °C,3.6 W to 4.6 W (12 V),"Power over Ethernet (PoE), or 9.5 to 24 V via GPIO connector",20 to 80% (no condensation),-40°C to 80°C,Gigabit Ethernet Port,IEEE802.3af-2003 PoE Interface Card / Injector/ Switch or External Camera Power Supply,"Lens, Cable, Host Adapter (GigE)","CE, FCC, KCC, RoHS. The ECCN for this product is: EAR099.",GigE Vision v1.2,3 years,,2.3,,"2 input, 2 output",,,,,,13.4,,,,,,,,,,,,,,,,,,,,,,,,,,,,,,,,,,,8.9,,,,,,,,,,,,,,,,,,,,,,,,,,,,,C-mount available as CS-mountOpto-isolated 2 input / 2 output available as 1 input / 3 outputColor models available with IR cut-off filter @650 nmAll models available with RS-232 serial port,30,"1""","Manual, automatic (AWB)",,,,28.0,4.7,,,,,,,,,,,,,,,,8.9,4112 x 2176,3.45,13.4,Global shutter,,Color,"Visible (400-700 nm),Near Infrared (700-1000 nm)",C-mount,Gigabit Ethernet 1 Gbps,44 mm x 29 mm x 21 mm,46 g,CMOS
Teledyne Dalsa,Genie Nano C4040 Color G3-GC10-C4040,Area Scan,Genie Nano GigE,,,,,,,,,,,,,,,,,,,,,,,,,,,,,,,,,,,,,,,Area Scan,CMOS,GigE Vision,"Visible (400-700 nm),Near Infrared (700-1000 nm)","TurboDrive, T2IR",G3-GC10-C4040,4112 x 3008,,Sony IMX253,3.45,CMOS,Global shutter,Color,,C-mount,"Image sync: Free-running, software & hardware trigger, action command, PTP modulo | Timestamp Sync: PTP (IEE1588)",Gigabit Ethernet 1 Gbps,IP40,Continuous / Single Frame / Multi Frame,"Hardware trigger, programmable via camera API, automatic",22 µs to 30 seconds,32 MB non-volatile memory,"Manual, automatic (AGC)",220 MB,"Image Compression (TurboDrive), gamma, lookup table,  auto white balance (color conversion available with  RGB Firmware)","ROI, Muti-ROI",2 user configuration sets for custom camera settings,56.0,1x to 251x  (0 dB to 48 dB),,49 @470 nm,44 @530 nm,46 @610 nm,,10400,RJ45 (vertical locking) | SAMTEC TFM-105 type,8-bit,44 mm x 29 mm x 21 mm,46 g,,10 to 80% (no condensation),-20 to 65 °C,3.6 W to 4.6 W (12 V),"Power over Ethernet (PoE), or 9.5 to 24 V via GPIO connector",20 to 80% (no condensation),-40°C to 80°C,Gigabit Ethernet Port,IEEE802.3af-2003 PoE Interface Card / Injector/ Switch or External Camera Power Supply,"Lens, Cable, Host Adapter (GigE)","CE, FCC, KCC, RoHS. The ECCN for this product is: EAR099.",GigE Vision v1.2,3 years,,2.3,,"2 input, 2 output",,,,,,9.7,,,,,,,,,,,,,,,,,,,,,,,,,,,,,,,,,,,12.3,,,,,,,,,,,,,,,,,,,,,,,,,,,,,C-mount available as CS-mountOpto-isolated 2 input / 2 output available as 1 input / 3 outputColor models available with IR cut-off filter @650 nmAll models available with RS-232 serial port,,"1.1""","Manual, automatic (AWB)",,,,20.0,4.7,,,,,,,,,,,,,,,,12.3,4112 x 3008,3.45,9.7,Global shutter,,Color,"Visible (400-700 nm),Near Infrared (700-1000 nm)",C-mount,Gigabit Ethernet 1 Gbps,44 mm x 29 mm x 21 mm,46 g,CMOS
Teledyne Dalsa,Genie Nano C4060 Color G3-GC10-C4060,Area Scan,Genie Nano GigE,,,,,,,,,,,,,,,,,,,,,,,,,,,,,,,,,,,,,,,Area Scan,CMOS,GigE Vision,"Visible (400-700 nm),Near Infrared (700-1000 nm)","TurboDrive, T2IR",G3-GC10-C4060,4112 x 2176,,Sony IMX255,3.45,CMOS,Global shutter,Color,,C-mount,"Image sync: Free-running, software & hardware trigger, action command, PTP modulo | Timestamp Sync: PTP (IEE1588)",Gigabit Ethernet 1 Gbps,IP40,Continuous / Single Frame / Multi Frame,"Hardware trigger, programmable via camera API, automatic",22 µs to 30 seconds,32 MB non-volatile memory,"Manual, automatic (AGC)",220 MB,"Image Compression (TurboDrive), gamma, lookup table,  auto white balance (color conversion available with  RGB Firmware)","ROI, Muti-ROI",2 user configuration sets for custom camera settings,56.0,1x to 251x  (0 dB to 48 dB),,49 @470 nm,44 @530 nm,46 @610 nm,,10400,RJ45 (vertical locking) | SAMTEC TFM-105 type,8-bit,44 mm x 29 mm x 21 mm,46 g,,10 to 80% (no condensation),-20 to 65 °C,3.6 W to 4.6 W (12 V),"Power over Ethernet (PoE), or 9.5 to 24 V via GPIO connector",20 to 80% (no condensation),-40°C to 80°C,Gigabit Ethernet Port,IEEE802.3af-2003 PoE Interface Card / Injector/ Switch or External Camera Power Supply,"Lens, Cable, Host Adapter (GigE)","CE, FCC, KCC, RoHS. The ECCN for this product is: EAR099.",GigE Vision v1.2,3 years,,2.3,,"2 input, 2 output",,,,,,13.4,,,,,,,,,,,,,,,,,,,,,,,,,,,,,,,,,,,8.9,,,,,,,,,,,,,,,,,,,,,,,,,,,,,C-mount available as CS-mountOpto-isolated 2 input / 2 output available as 1 input / 3 outputColor models available with IR cut-off filter @650 nmAll models available with RS-232 serial port,,"1""","Manual, automatic (AWB)",,,,28.0,4.7,,,,,,,,,,,,,,,,8.9,4112 x 2176,3.45,13.4,Global shutter,,Color,"Visible (400-700 nm),Near Infrared (700-1000 nm)",C-mount,Gigabit Ethernet 1 Gbps,44 mm x 29 mm x 21 mm,46 g,CMOS
Teledyne Dalsa,Genie Nano C4900 Color G3-GC10-C4900,Area Scan,Genie Nano GigE,,,,,,,,,,,,,,,,,,,,,,,,,,,,,,,,,,,,,,,Area Scan,CMOS,GigE Vision,"Visible (400-700 nm),Near Infrared (700-1000 nm)","TurboDrive, T2IR",G3-GC10-C4900,4912 x 3684,,onsemi AR1820HS,1.25,CMOS,Rolling shutter with global reset,Color,,C-mount,"Image sync: Free-running, software & hardware trigger, action command, PTP modulo | Timestamp Sync: PTP (IEE1588)",Gigabit Ethernet 1 Gbps,IP40,Continuous / Single Frame / Multi Frame,"Hardware trigger, programmable via camera API, automatic",118 µs to 30 seconds,32 MB non-volatile memory,"Manual, automatic (AGC)",220 MB,"Gamma, lookup table,  auto white balance and color conversion","ROI, Muti-ROI",2 user configuration sets for custom camera settings,76.0,1x to24x,,55 @470 nm,70 @530 nm,64 @600 nm,,4300,RJ45 (vertical locking) | SAMTEC TFM-105 type,"8-bit, 12-bit",44 mm x 29 mm x 21 mm,46 g,,10 to 80% (no condensation),-20 to 65 °C,3.6 W to 4.6 W (12 V),"Power over Ethernet (PoE), or 9.5 to 24 V via GPIO connector",20 to 80% (no condensation),-40°C to 80°C,Gigabit Ethernet Port,IEEE802.3af-2003 PoE Interface Card / Injector/ Switch or External Camera Power Supply,"Lens, Cable, Host Adapter (GigE)","CE, FCC, KCC, RoHS. The ECCN for this product is: EAR099.",GigE Vision v1.2,3 years,,,,"2 input, 2 output",,,,,,6.6,,,,,,,,,,,,,,,,,,,,,,,,,,,,,,,,,,,18,,,,,,,,,,,,,,,,,,,,,,,,,,,,,C-mount available as CS-mountOpto-isolated 2 input / 2 output available as 1 input / 3 outputColor models available with IR cut-off filter @650 nmAll models available with RS-232 serial port,,"1/2""","Manual, automatic (AWB)",,,,13.0,,,,,,,,,,,,,,,,,18,4912 x 3684,1.25,6.6,Rolling shutter with global reset,,Color,"Visible (400-700 nm),Near Infrared (700-1000 nm)",C-mount,Gigabit Ethernet 1 Gbps,44 mm x 29 mm x 21 mm,46 g,CMOS
Teledyne Dalsa,Genie Nano C640 Color G3-GC10-C0640,Area Scan,Genie Nano GigE,,,,,,,,,,,,,,,,,,,,,,,,,,,,,,,,,,,,,,,Area Scan,CMOS,GigE Vision,"Visible (400-700 nm),Near Infrared (700-1000 nm)","TurboDrive, T2IR",G3-GC10-C0640,672 x 512,,onsemi Python300 P1,4.8,CMOS,Global shutter,Color,,C-mount,"Image sync: Free-running, software & hardware trigger, action command, PTP modulo | Timestamp Sync: PTP (IEE1588)",Gigabit Ethernet 1 Gbps,IP40,Continuous / Single Frame / Multi Frame,"Hardware trigger, programmable via camera API, automatic",34 µs to 16.0 seconds,32 MB non-volatile memory,"Manual, automatic (AGC)",90 MB,"Image Compression (TurboDrive), gamma, lookup table,  auto white balance (color conversion available with  RGB Firmware)","ROI, Muti-ROI",2 user configuration sets for custom camera settings,62.0,1x to 32x,,40 @470 nm,47 @540 nm,48 @ 610 nm,,10000,RJ45 (vertical locking) | SAMTEC TFM-105 type,"8-bit, 10-bit",44 mm x 29 mm x 21 mm,46 g,,10 to 80% (no condensation),-20 to 65 °C,3.6 W to 4.6 W (12 V),"Power over Ethernet (PoE), or 9.5 to 24 V via GPIO connector",20 to 80% (no condensation),-40°C to 80°C,Gigabit Ethernet Port,IEEE802.3af-2003 PoE Interface Card / Injector/ Switch or External Camera Power Supply,"Lens, Cable, Host Adapter (GigE)","CE, FCC, KCC, RoHS. The ECCN for this product is: EAR099.",GigE Vision v1.2,3 years,,9,,"2 input, 2 output",,,,,,350,,,,,,,,,,,,,,,,,,,,,,,,,,,,,,,,,,,0.3,,,,,,,,,,,,,,,,,,,,,,,,,,,,,C-mount available as CS-mountOpto-isolated 2 input / 2 output available as 1 input / 3 outputColor models available with IR cut-off filter @650 nmAll models available with RS-232 serial port,862,"1/4""","Manual, automatic (AWB)",,,,800.0,,,,,,,,,,,,,,,,,0.3,672 x 512,4.8,350,Global shutter,,Color,"Visible (400-700 nm),Near Infrared (700-1000 nm)",C-mount,Gigabit Ethernet 1 Gbps,44 mm x 29 mm x 21 mm,46 g,CMOS
Teledyne Dalsa,Genie Nano C700 Color G3-GC10-C0700,Area Scan,Genie Nano GigE,,,,,,,,,,,,,,,,,,,,,,,,,,,,,,,,,,,,,,,Area Scan,CMOS,GigE Vision,"Visible (400-700 nm),Near Infrared (700-1000 nm)","TurboDrive, T2IR",G3-GC10-C0700,728 x 544,,Sony IMX287,6.9,CMOS,Global shutter,Color,,C-mount,"Image sync: Free-running, software & hardware trigger, action command, PTP modulo | Timestamp Sync: PTP (IEE1588)",Gigabit Ethernet 1 Gbps,IP40,Continuous / Single Frame / Multi Frame,"Hardware trigger, programmable via camera API, automatic",19.7 µs to 30 seconds,32 MB non-volatile memory,"Manual, automatic (AGC)",90 MB,"Image Compression (TurboDrive), gamma, lookup table,  auto white balance (color conversion available with  RGB Firmware)","ROI, Muti-ROI",2 user configuration sets for custom camera settings,74.0,1x to 251x  (0 dB to 48 dB),,52 @470 nm,61 @525 nm,48 @630 nm,,22000,RJ45 (vertical locking) | SAMTEC TFM-105 type,"8-bit, 12-bit",44 mm x 29 mm x 21 mm,46 g,,10 to 80% (no condensation),-20 to 65 °C,3.6 W to 4.6 W (12 V),"Power over Ethernet (PoE), or 9.5 to 24 V via GPIO connector",20 to 80% (no condensation),-40°C to 80°C,Gigabit Ethernet Port,IEEE802.3af-2003 PoE Interface Card / Injector/ Switch or External Camera Power Supply,"Lens, Cable, Host Adapter (GigE)","CE, FCC, KCC, RoHS. The ECCN for this product is: EAR099.",GigE Vision v1.2,3 years,,3.8,,"2 input, 2 output",,,,,,308,,,,,,,,,,,,,,,,,,,,,,,,,,,,,,,,,,,0.3,,,,,,,,,,,,,,,,,,,,,,,,,,,,,C-mount available as CS-mountOpto-isolated 2 input / 2 output available as 1 input / 3 outputColor models available with IR cut-off filter @650 nmAll models available with RS-232 serial port,311,"1/2.9""","Manual, automatic (AWB)",,,,310.0,6.5,,,,,,,,,,,,,,,,0.3,728 x 544,6.9,308,Global shutter,,Color,"Visible (400-700 nm),Near Infrared (700-1000 nm)",C-mount,Gigabit Ethernet 1 Gbps,44 mm x 29 mm x 21 mm,46 g,CMOS
Teledyne Dalsa,Genie Nano C810 Color G3-GC11-C0810,Area Scan,Genie Nano GigE,,,,,,,,,,,,,,,,,,,,,,,,,,,,,,,,,,,,,,,Area Scan,CMOS,GigE Vision,"Visible (400-700 nm),Near Infrared (700-1000 nm)","TurboDrive, T2IR",G3-GC11-C0810,816 x 624,,Sony IMX433,9,CMOS,Global shutter,Color,,C-mount,"Image sync: Free-running, software & hardware trigger, action command, PTP modulo | Timestamp Sync: PTP (IEE1588)",Gigabit Ethernet 1 Gbps,IP40,Continuous / Single Frame / Multi Frame,"Hardware trigger, programmable via camera API, automatic",14 µs to 16.0 seconds,32 MB non-volatile memory,"Manual, automatic (AGC)",90 MB,"Image Compression (TurboDrive), gamma, lookup table,  auto white balance (color conversion available with  RGB Firmware)","ROI, Muti-ROI",2 user configuration sets for custom camera settings,73.0,1x to 251x  (0 dB to 48 dB),,53 @470 nm,63@525 nm,50 @630 nm,,99000,RJ45 (vertical locking) | SAMTEC TFM-105 type,"8-bit, 12-bit",44 mm x 29 mm x 21 mm,46 g,,10 to 80% (no condensation),-20 to 65 °C,3.6 W to 4.6 W (12 V),"Power over Ethernet (PoE), or 9.5 to 24 V via GPIO connector",20 to 80% (no condensation),-40°C to 80°C,Gigabit Ethernet Port,IEEE802.3af-2003 PoE Interface Card / Injector/ Switch or External Camera Power Supply,"Lens, Cable, Host Adapter (GigE)","CE, FCC, KCC, RoHS. The ECCN for this product is: EAR099.",GigE Vision v1.2,3 years,,23,,"2 input, 2 output",,,,,,160,,,,,,,,,,,,,,,,,,,,,,,,,,,,,,,,,,,0.5,,,,,,,,,,,,,,,,,,,,,,,,,,,,,C-mount available as CS-mountOpto-isolated 2 input / 2 output available as 1 input / 3 outputColor models available with IR cut-off filter @650 nmAll models available with RS-232 serial port,,"1/1.7""","Manual, automatic (AWB)",,,,160.0,33,,,,,,,,,,,,,,,,0.5,816 x 624,9,160,Global shutter,,Color,"Visible (400-700 nm),Near Infrared (700-1000 nm)",C-mount,Gigabit Ethernet 1 Gbps,44 mm x 29 mm x 21 mm,46 g,CMOS
Teledyne Dalsa,Genie Nano M1280 Mono G3-GM10-M1280,Area Scan,Genie Nano GigE,,,,,,,,,,,,,,,,,,,,,,,,,,,,,,,,,,,,,,,Area Scan,CMOS,GigE Vision,"Visible (400-700 nm),Near Infrared (700-1000 nm)","TurboDrive, T2IR",G3-GM10-M1280,1280 x 1024,,onsemi Python 1300 P1,4.8,CMOS,Global shutter,Mono,,C-mount,"Image sync: Free-running, software & hardware trigger, action command, PTP modulo | Timestamp Sync: PTP (IEE1588)",Gigabit Ethernet 1 Gbps,IP40,Continuous / Single Frame / Multi Frame,"Hardware trigger, programmable via camera API, automatic",34 µs to 16.0 seconds,32 MB non-volatile memory,"Manual, automatic (AGC)",90 MB,"Image Compression (TurboDrive), gamma, lookup table, pixel correction (laser profile available in optional firmware)","Pixel binning,  ROI, Muti-ROI",2 user configuration sets for custom camera settings,62.0,1x to 32x,,,,,,10000,RJ45 (vertical locking) | SAMTEC TFM-105 type,"8-bit, 10-bit",44 mm x 29 mm x 21 mm,46 g,,10 to 80% (no condensation),-20 to 65 °C,3.6 W to 4.6 W (12 V),"Power over Ethernet (PoE), or 9.5 to 24 V via GPIO connector",20 to 80% (no condensation),-40°C to 80°C,Gigabit Ethernet Port,IEEE802.3af-2003 PoE Interface Card / Injector/ Switch or External Camera Power Supply,"Lens, Cable, Host Adapter (GigE)","CE, FCC, KCC, RoHS. The ECCN for this product is: EAR099.",GigE Vision v1.2,3 years,60 @560 nm,9,,"2 input, 2 output",,,,,,92,,,,,,,,,,,,,,,,,,,,,,,,,,,,,,,,,,,1.3,,,,,,,,,,,,,,,,,,,,,,,,,,,,,C-mount available as CS-mountOpto-isolated 2 input / 2 output available as 1 input / 3 outputColor models available with IR cut-off filter @650 nmAll models available with RS-232 serial port,213,"1/2""",,,,,200.0,,,,,,,,,,,,,,,,,1.3,1280 x 1024,4.8,92,Global shutter,,Mono,"Visible (400-700 nm),Near Infrared (700-1000 nm)",C-mount,Gigabit Ethernet 1 Gbps,44 mm x 29 mm x 21 mm,46 g,CMOS
Teledyne Dalsa,Genie Nano M1280-NIR G3-GM12-M1280,Area Scan,Genie Nano GigE,,,,,,,,,,,,,,,,,,,,,,,,,,,,,,,,,,,,,,,Area Scan,CMOS,GigE Vision,"Visible (400-700 nm),Near Infrared (700-1000 nm)","TurboDrive, T2IR",G3-GM12-M1280,1280 x 1024,,onsemi Python1300 NIR,4.8,CMOS,Global shutter,"Mono, NIR-enhanced",,C-mount,"Image sync: Free-running, software & hardware trigger, action command, PTP modulo | Timestamp Sync: PTP (IEE1588)",Gigabit Ethernet 1 Gbps,IP40,Continuous / Single Frame / Multi Frame,"Hardware trigger, programmable via camera API, automatic",34 µs to 16.0 seconds,32 MB non-volatile memory,"Manual, automatic (AGC)",90 MB,"Image Compression (TurboDrive), gamma, lookup table, pixel correction (laser profile available in optional firmware)","Pixel binning,  ROI, Muti-ROI",2 user configuration sets for custom camera settings,62.0,1x to 32x,,,,,,10000,RJ45 (vertical locking) | SAMTEC TFM-105 type,"8-bit, 10-bit",44 mm x 29 mm x 21 mm,46 g,,10 to 80% (no condensation),-20 to 65 °C,3.6 W to 4.6 W (12 V),"Power over Ethernet (PoE), or 9.5 to 24 V via GPIO connector",20 to 80% (no condensation),-40°C to 80°C,Gigabit Ethernet Port,IEEE802.3af-2003 PoE Interface Card / Injector/ Switch or External Camera Power Supply,"Lens, Cable, Host Adapter (GigE)","CE, FCC, KCC, RoHS. The ECCN for this product is: EAR099.",GigE Vision v1.2,3 years,62 @650 nm,9.3,,"2 input, 2 output",,,,,,92,,,,,,,,,,,,,,,,,,,,,,,,,,,,,,,,,,,1.3,,,,,,,,,,,,,,,,,,,,,,,,,,,,,C-mount available as CS-mountOpto-isolated 2 input / 2 output available as 1 input / 3 outputColor models available with IR cut-off filter @650 nmAll models available with RS-232 serial port,213,"1/2""",,,,,200.0,,,,,,,,,,,,,,,,,1.3,1280 x 1024,4.8,92,Global shutter,,"Mono, NIR-enhanced","Visible (400-700 nm),Near Infrared (700-1000 nm)",C-mount,Gigabit Ethernet 1 Gbps,44 mm x 29 mm x 21 mm,46 g,CMOS
Teledyne Dalsa,Genie Nano M1450 Mono G3-GM10-M1450,Area Scan,Genie Nano GigE,,,,,,,,,,,,,,,,,,,,,,,,,,,,,,,,,,,,,,,Area Scan,CMOS,GigE Vision,"Visible (400-700 nm),Near Infrared (700-1000 nm)","TurboDrive, T2IR",G3-GM10-M1450,1456 x 1088,,Sony IMX273,3.45,CMOS,Global shutter,Mono,,C-mount,"Image sync: Free-running, software & hardware trigger, action command, PTP modulo | Timestamp Sync: PTP (IEE1588)",Gigabit Ethernet 1 Gbps,IP40,Continuous / Single Frame / Multi Frame,"Hardware trigger, programmable via camera API, automatic",19.7 µs to 30 seconds,32 MB non-volatile memory,"Manual, automatic (AGC)",90 MB,"Image Compression (TurboDrive), gamma, lookup table, pixel correction (run-length encoding available in optional firmware)","Pixel binning,  ROI, Muti-ROI",2 user configuration sets for custom camera settings,76.0,1x to 251x  (0 dB to 48 dB),,,,,,11000,RJ45 (vertical locking) | SAMTEC TFM-105 type,"8-bit, 12-bit",44 mm x 29 mm x 21 mm,47 g,,10 to 80% (no condensation),-20 to 65 °C,3.6 W to 4.6 W (12 V),"Power over Ethernet (PoE), or 9.5 to 24 V via GPIO connector",20 to 80% (no condensation),-40°C to 80°C,Gigabit Ethernet Port,IEEE802.3af-2003 PoE Interface Card / Injector/ Switch or External Camera Power Supply,"Lens, Cable, Host Adapter (GigE)","CE, FCC, KCC, RoHS. The ECCN for this product is: EAR099.",GigE Vision v1.2,3 years,65 @525 nm,2.4,,"2 input, 2 output",,,,,,76,,,,,,,,,,,,,,,,,,,,,,,,,,,,,,,,,,,1.5,,,,,,,,,,,,,,,,,,,,,,,,,,,,,C-mount available as CS-mountOpto-isolated 2 input / 2 output available as 1 input / 3 outputColor models available with IR cut-off filter @650 nmAll models available with RS-232 serial port,150,"1/2.9""",,,,,150.0,4.5,,,,,,,,,,,,,,,,1.5,1456 x 1088,3.45,76,Global shutter,,Mono,"Visible (400-700 nm),Near Infrared (700-1000 nm)",C-mount,Gigabit Ethernet 1 Gbps,44 mm x 29 mm x 21 mm,47 g,CMOS
Teledyne Dalsa,Genie Nano M1610 Mono G3-GM11-M1610,Area Scan,Genie Nano GigE,,,,,,,,,,,,,,,,,,,,,,,,,,,,,,,,,,,,,,,Area Scan,CMOS,GigE Vision,"Visible (400-700 nm),Near Infrared (700-1000 nm)","TurboDrive, T2IR",G3-GM11-M1610,1608 x 1104,,Sony IMX432,9,CMOS,Global shutter,Mono,,C-mount,"Image sync: Free-running, software & hardware trigger, action command, PTP modulo | Timestamp Sync: PTP (IEE1588)",Gigabit Ethernet 1 Gbps,IP40,Continuous / Single Frame / Multi Frame,"Hardware trigger, programmable via camera API, automatic",14 µs to 16 seconds,32 MB non-volatile memory,"Manual, automatic (AGC)",90 MB,"Image Compression (TurboDrive), gamma, lookup table","Pixel binning,  ROI, Muti-ROI",2 user configuration sets for custom camera settings,73.0,1x to 251x  (0 dB to 48 dB),,,,,,99000,RJ45 (vertical locking) | SAMTEC TFM-105 type,"8-bit, 12-bit",44 mm x 29 mm x 21 mm,46 g,,10 to 80% (no condensation),-20 to 65 °C,3.6 W to 4.6 W (12 V),"Power over Ethernet (PoE), or 9.5 to 24 V via GPIO connector",20 to 80% (no condensation),-40°C to 80°C,Gigabit Ethernet Port,IEEE802.3af-2003 PoE Interface Card / Injector/ Switch or External Camera Power Supply,"Lens, Cable, Host Adapter (GigE)","CE, FCC, KCC, RoHS. The ECCN for this product is: EAR099.",GigE Vision v1.2,3 years,70 @525 nm,23,,"2 input, 2 output",,,,,,63,,,,,,,,,,,,,,,,,,,,,,,,,,,,,,,,,,,1.7,,,,,,,,,,,,,,,,,,,,,,,,,,,,,C-mount available as CS-mountOpto-isolated 2 input / 2 output available as 1 input / 3 outputColor models available with IR cut-off filter @650 nmAll models available with RS-232 serial port,90,"1.1""",,,,,90.0,33,,,,,,,,,,,,,,,,1.7,1608 x 1104,9,63,Global shutter,,Mono,"Visible (400-700 nm),Near Infrared (700-1000 nm)",C-mount,Gigabit Ethernet 1 Gbps,44 mm x 29 mm x 21 mm,46 g,CMOS
Teledyne Dalsa,Genie Nano M1630 Mono G3-GM11-M1630,Area Scan,Genie Nano GigE,,,,,,,,,,,,,,,,,,,,,,,,,,,,,,,,,,,,,,,Area Scan,CMOS,GigE Vision,"Visible (400-700 nm),Near Infrared (700-1000 nm)","TurboDrive, T2IR",G3-GM11-M1630,1632 x 1248,,Sony IMX430,4.5,CMOS,Global shutter,Mono,,C-mount,"Image sync: Free-running, software & hardware trigger, action command, PTP modulo | Timestamp Sync: PTP (IEE1588)",Gigabit Ethernet 1 Gbps,IP40,Continuous / Single Frame / Multi Frame,"Hardware trigger, programmable via camera API, automatic",14 µs to 16.0 seconds,32 MB non-volatile memory,"Manual, automatic (AGC)",90 MB,"Image Compression (TurboDrive), gamma, lookup table","Pixel binning,  ROI, Muti-ROI",2 user configuration sets for custom camera settings,73.0,1x to 251x  (0 dB to 48 dB),,,,,,25000,RJ45 (vertical locking) | SAMTEC TFM-105 type,"8-bit, 12-bit",44 mm x 29 mm x 21 mm,46 g,,10 to 80% (no condensation),-20 to 65 °C,3.6 W to 4.6 W (12 V),"Power over Ethernet (PoE), or 9.5 to 24 V via GPIO connector",20 to 80% (no condensation),-40°C to 80°C,Gigabit Ethernet Port,IEEE802.3af-2003 PoE Interface Card / Injector/ Switch or External Camera Power Supply,"Lens, Cable, Host Adapter (GigE)","CE, FCC, KCC, RoHS. The ECCN for this product is: EAR099.",GigE Vision v1.2,3 years,70 @525 nm,5.7,,"2 input, 2 output",,,,,,57,,,,,,,,,,,,,,,,,,,,,,,,,,,,,,,,,,,2,,,,,,,,,,,,,,,,,,,,,,,,,,,,,C-mount available as CS-mountOpto-isolated 2 input / 2 output available as 1 input / 3 outputColor models available with IR cut-off filter @650 nmAll models available with RS-232 serial port,85,"1/1.7""",,,,,85.0,8.8,,,,,,,,,,,,,,,,2,1632 x 1248,4.5,57,Global shutter,,Mono,"Visible (400-700 nm),Near Infrared (700-1000 nm)",C-mount,Gigabit Ethernet 1 Gbps,44 mm x 29 mm x 21 mm,46 g,CMOS
Teledyne Dalsa,Genie Nano M1920 Mono G3-GM11-M1920,Area Scan,Genie Nano GigE,,,,,,,,,,,,,,,,,,,,,,,,,,,,,,,,,,,,,,,Area Scan,CMOS,GigE Vision,"Visible (400-700 nm),Near Infrared (700-1000 nm)","TurboDrive, T2IR",G3-GM11-M1920,1936 x 1216,,Sony IMX249,5.86,CMOS,Global shutter,Mono,,C-mount,"Image sync: Free-running, software & hardware trigger, action command, PTP modulo | Timestamp Sync: PTP (IEE1588)",Gigabit Ethernet 1 Gbps,IP40,Continuous / Single Frame / Multi Frame,"Hardware trigger, programmable via camera API, automatic",34.2 µs to 16.0 seconds,32 MB non-volatile memory,"Manual, automatic (AGC)",90 MB,"Image Compression (TurboDrive), gamma, lookup table","Pixel binning,  ROI, Muti-ROI",2 user configuration sets for custom camera settings,75.0,1x to 251x  (0 dB to 48 dB),,,,,,32500,RJ45 (vertical locking) | SAMTEC TFM-105 type,"8-bit, 12-bit",44 mm x 29 mm x 21 mm,46 g,,10 to 80% (no condensation),-20 to 65 °C,3.6 W to 4.6 W (12 V),"Power over Ethernet (PoE), or 9.5 to 24 V via GPIO connector",20 to 80% (no condensation),-40°C to 80°C,Gigabit Ethernet Port,IEEE802.3af-2003 PoE Interface Card / Injector/ Switch or External Camera Power Supply,"Lens, Cable, Host Adapter (GigE)","CE, FCC, KCC, RoHS. The ECCN for this product is: EAR099.",GigE Vision v1.2,3 years,70 @530 nm,6.7,,"2 input, 2 output",,,,,,38.8,,,,,,,,,,,,,,,,,,,,,,,,,,,,,,,,,,,2.3,,,,,,,,,,,,,,,,,,,,,,,,,,,,,C-mount available as CS-mountOpto-isolated 2 input / 2 output available as 1 input / 3 outputColor models available with IR cut-off filter @650 nmAll models available with RS-232 serial port,38.8,"1/1.2""",,,,,38.8,23,,,,,,,,,,,,,,,,2.3,1936 x 1216,5.86,38.8,Global shutter,,Mono,"Visible (400-700 nm),Near Infrared (700-1000 nm)",C-mount,Gigabit Ethernet 1 Gbps,44 mm x 29 mm x 21 mm,46 g,CMOS
Teledyne Dalsa,Genie Nano M1930 Mono G3-GM10-M1930,Area Scan,Genie Nano GigE,,,,,,,,,,,,,,,,,,,,,,,,,,,,,,,,,,,,,,,Area Scan,CMOS,GigE Vision,"Visible (400-700 nm),Near Infrared (700-1000 nm)","TurboDrive, T2IR",G3-GM10-M1930,1984 x 1264,,onsemi Python2000 P1,4.8,CMOS,Global shutter,Mono,,C-mount,"Image sync: Free-running, software & hardware trigger, action command, PTP modulo | Timestamp Sync: PTP (IEE1588)",Gigabit Ethernet 1 Gbps,IP40,Continuous / Single Frame / Multi Frame,"Hardware trigger, programmable via camera API, automatic",87 µs to 16.0 seconds,32 MB non-volatile memory,"Manual, automatic (AGC)",90 MB,"Image Compression (TurboDrive), gamma, lookup table, pixel correction (laser profile available in optional firmware)","Pixel binning,  ROI, Muti-ROI",2 user configuration sets for custom camera settings,62.0,1x to 32x,,,,,,10000,RJ45 (vertical locking) | SAMTEC TFM-105 type,"8-bit, 10-bit",44 mm x 29 mm x 21 mm,46 g,,10 to 80% (no condensation),-20 to 65 °C,3.6 W to 4.6 W (12 V),"Power over Ethernet (PoE), or 9.5 to 24 V via GPIO connector",20 to 80% (no condensation),-40°C to 80°C,Gigabit Ethernet Port,IEEE802.3af-2003 PoE Interface Card / Injector/ Switch or External Camera Power Supply,"Lens, Cable, Host Adapter (GigE)","CE, FCC, KCC, RoHS. The ECCN for this product is: EAR099.",GigE Vision v1.2,3 years,60 @560 nm,10.7,,"2 input, 2 output",,,,,,48,,,,,,,,,,,,,,,,,,,,,,,,,,,,,,,,,,,2.5,,,,,,,,,,,,,,,,,,,,,,,,,,,,,C-mount available as CS-mountOpto-isolated 2 input / 2 output available as 1 input / 3 outputColor models available with IR cut-off filter @650 nmAll models available with RS-232 serial port,116,"2/3""",,,,,110.0,,,,,,,,,,,,,,,,,2.5,1984 x 1264,4.8,48,Global shutter,,Mono,"Visible (400-700 nm),Near Infrared (700-1000 nm)",C-mount,Gigabit Ethernet 1 Gbps,44 mm x 29 mm x 21 mm,46 g,CMOS
Teledyne Dalsa,Genie Nano M1930-NIR G3-GM12-M1930,Area Scan,Genie Nano GigE,,,,,,,,,,,,,,,,,,,,,,,,,,,,,,,,,,,,,,,Area Scan,CMOS,GigE Vision,"Visible (400-700 nm),Near Infrared (700-1000 nm)","TurboDrive, T2IR",G3-GM12-M1930,1984 x 1264,,onsemi Python2000 NIR,4.8,CMOS,Global shutter,"Mono, NIR-enhanced",,C-mount,"Image sync: Free-running, software & hardware trigger, action command, PTP modulo | Timestamp Sync: PTP (IEE1588)",Gigabit Ethernet 1 Gbps,IP40,Continuous / Single Frame / Multi Frame,"Hardware trigger, programmable via camera API, automatic",87 µs to 16.0 seconds,32 MB non-volatile memory,"Manual, automatic (AGC)",90 MB,"Image Compression (TurboDrive), gamma, lookup table, pixel correction (laser profile available in optional firmware)","Pixel binning,  ROI, Muti-ROI",2 user configuration sets for custom camera settings,62.0,1x to 32x,,,,,,10000,RJ45 (vertical locking) | SAMTEC TFM-105 type,"8-bit, 10-bit",44 mm x 29 mm x 21 mm,46 g,,10 to 80% (no condensation),-20 to 65 °C,3.6 W to 4.6 W (12 V),"Power over Ethernet (PoE), or 9.5 to 24 V via GPIO connector",20 to 80% (no condensation),-40°C to 80°C,Gigabit Ethernet Port,IEEE802.3af-2003 PoE Interface Card / Injector/ Switch or External Camera Power Supply,"Lens, Cable, Host Adapter (GigE)","CE, FCC, KCC, RoHS. The ECCN for this product is: EAR099.",GigE Vision v1.2,3 years,62 @650 nm,10.7,,"2 input, 2 output",,,,,,48,,,,,,,,,,,,,,,,,,,,,,,,,,,,,,,,,,,2.5,,,,,,,,,,,,,,,,,,,,,,,,,,,,,C-mount available as CS-mountOpto-isolated 2 input / 2 output available as 1 input / 3 outputColor models available with IR cut-off filter @650 nmAll models available with RS-232 serial port,116,"2/3""",,,,,110.0,,,,,,,,,,,,,,,,,2.5,1984 x 1264,4.8,48,Global shutter,,"Mono, NIR-enhanced","Visible (400-700 nm),Near Infrared (700-1000 nm)",C-mount,Gigabit Ethernet 1 Gbps,44 mm x 29 mm x 21 mm,46 g,CMOS
Teledyne Dalsa,Genie Nano M1940 Mono G3-GM10-M1940,Area Scan,Genie Nano GigE,,,,,,,,,,,,,,,,,,,,,,,,,,,,,,,,,,,,,,,Area Scan,CMOS,GigE Vision,"Visible (400-700 nm),Near Infrared (700-1000 nm)","TurboDrive, T2IR",G3-GM10-M1940,1936 x 1216,,Sony IMX174,5.86,CMOS,Global shutter,Mono,,C-mount,"Image sync: Free-running, software & hardware trigger, action command, PTP modulo | Timestamp Sync: PTP (IEE1588)",Gigabit Ethernet 1 Gbps,IP40,Continuous / Single Frame / Multi Frame,"Hardware trigger, programmable via camera API, automatic",23.2 µs to 16.0 seconds,32 MB non-volatile memory,"Manual, automatic (AGC)",90 MB,"Image Compression (TurboDrive), gamma, lookup table","Pixel binning,  ROI, Muti-ROI",2 user configuration sets for custom camera settings,72.0,1x to 251x  (0 dB to 48 dB),,,,,,32500,RJ45 (vertical locking) | SAMTEC TFM-105 type,"8-bit, 10-bit",44 mm x 29 mm x 21 mm,46 g,,10 to 80% (no condensation),-20 to 65 °C,3.6 W to 4.6 W (12 V),"Power over Ethernet (PoE), or 9.5 to 24 V via GPIO connector",20 to 80% (no condensation),-40°C to 80°C,Gigabit Ethernet Port,IEEE802.3af-2003 PoE Interface Card / Injector/ Switch or External Camera Power Supply,"Lens, Cable, Host Adapter (GigE)","CE, FCC, KCC, RoHS. The ECCN for this product is: EAR099.",GigE Vision v1.2,3 years,70 @530 nm,6.7,,"2 input, 2 output",,,,,,51,,,,,,,,,,,,,,,,,,,,,,,,,,,,,,,,,,,2.3,,,,,,,,,,,,,,,,,,,,,,,,,,,,,C-mount available as CS-mountOpto-isolated 2 input / 2 output available as 1 input / 3 outputColor models available with IR cut-off filter @650 nmAll models available with RS-232 serial port,83.9,"1/1.2""",,,,,83.9,23,,,,,,,,,,,,,,,,2.3,1936 x 1216,5.86,51,Global shutter,,Mono,"Visible (400-700 nm),Near Infrared (700-1000 nm)",C-mount,Gigabit Ethernet 1 Gbps,44 mm x 29 mm x 21 mm,46 g,CMOS
Teledyne Dalsa,Genie Nano M1950 Mono G3-GM10-M1950,Area Scan,Genie Nano GigE,,,,,,,,,,,,,,,,,,,,,,,,,,,,,,,,,,,,,,,Area Scan,CMOS,GigE Vision,"Visible (400-700 nm),Near Infrared (700-1000 nm)","TurboDrive, T2IR",G3-GM10-M1950,1936 x 1216,,Sony IMX392,3.45,CMOS,Global shutter,Mono,,C-mount,"Image sync: Free-running, software & hardware trigger, action command, PTP modulo | Timestamp Sync: PTP (IEE1588)",Gigabit Ethernet 1 Gbps,IP40,Continuous / Single Frame / Multi Frame,"Hardware trigger, programmable via camera API, automatic",19 µs to 30 seconds,32 MB non-volatile memory,"Manual, automatic (AGC)",90 MB,"Image Compression (TurboDrive), gamma, lookup table","Pixel binning,  ROI, Muti-ROI",2 user configuration sets for custom camera settings,75.0,1x to 251x  (0 dB to 48 dB),,,,,,10400,RJ45 (vertical locking) | SAMTEC TFM-105 type,"8-bit, 12-bit",44 mm x 29 mm x 21 mm,46 g,,10 to 80% (no condensation),-20 to 65 °C,3.6 W to 4.6 W (12 V),"Power over Ethernet (PoE), or 9.5 to 24 V via GPIO connector",20 to 80% (no condensation),-40°C to 80°C,Gigabit Ethernet Port,IEEE802.3af-2003 PoE Interface Card / Injector/ Switch or External Camera Power Supply,"Lens, Cable, Host Adapter (GigE)","CE, FCC, KCC, RoHS. The ECCN for this product is: EAR099.",GigE Vision v1.2,3 years,62 @530 nm,2.3,,"2 input, 2 output",,,,,,51,,,,,,,,,,,,,,,,,,,,,,,,,,,,,,,,,,,2.3,,,,,,,,,,,,,,,,,,,,,,,,,,,,,C-mount available as CS-mountOpto-isolated 2 input / 2 output available as 1 input / 3 outputColor models available with IR cut-off filter @650 nmAll models available with RS-232 serial port,151,"1/2.3""",,,,,102.0,4.7,,,,,,,,,,,,,,,,2.3,1936 x 1216,3.45,51,Global shutter,,Mono,"Visible (400-700 nm),Near Infrared (700-1000 nm)",C-mount,Gigabit Ethernet 1 Gbps,44 mm x 29 mm x 21 mm,46 g,CMOS
Teledyne Dalsa,Genie Nano M2020 Mono G3-GM11-M2020,Area Scan,Genie Nano GigE,,,,,,,,,,,,,,,,,,,,,,,,,,,,,,,,,,,,,,,Area Scan,CMOS,GigE Vision,"Visible (400-700 nm),Near Infrared (700-1000 nm)","TurboDrive, T2IR",G3-GM11-M2020,2064 x 1544,,Sony IMX265,3.45,CMOS,Global shutter,Mono,,C-mount,"Image sync: Free-running, software & hardware trigger, action command, PTP modulo | Timestamp Sync: PTP (IEE1588)",Gigabit Ethernet 1 Gbps,IP40,Continuous / Single Frame / Multi Frame,"Hardware trigger, programmable via camera API, automatic",25.6 µs to 30 seconds,32 MB non-volatile memory,"Manual, automatic (AGC)",90 MB,"Image Compression (TurboDrive), gamma, lookup table","Pixel binning,  ROI, Muti-ROI",2 user configuration sets for custom camera settings,76.0,1x to 251x  (0 dB to 48 dB),,,,,,10400,RJ45 (vertical locking) | SAMTEC TFM-105 type,"8-bit, 12-bit",44 mm x 29 mm x 21 mm,46 g,,10 to 80% (no condensation),-20 to 65 °C,3.6 W to 4.6 W (12 V),"Power over Ethernet (PoE), or 9.5 to 24 V via GPIO connector",20 to 80% (no condensation),-40°C to 80°C,Gigabit Ethernet Port,IEEE802.3af-2003 PoE Interface Card / Injector/ Switch or External Camera Power Supply,"Lens, Cable, Host Adapter (GigE)","CE, FCC, KCC, RoHS. The ECCN for this product is: EAR099.",GigE Vision v1.2,3 years,62 @530 nm,2.3,,"2 input, 2 output",,,,,,38,,,,,,,,,,,,,,,,,,,,,,,,,,,,,,,,,,,3.1,,,,,,,,,,,,,,,,,,,,,,,,,,,,,C-mount available as CS-mountOpto-isolated 2 input / 2 output available as 1 input / 3 outputColor models available with IR cut-off filter @650 nmAll models available with RS-232 serial port,53,"1/1.8""",,,,,53.0,4.7,,,,,,,,,,,,,,,,3.1,2064 x 1544,3.45,38,Global shutter,,Mono,"Visible (400-700 nm),Near Infrared (700-1000 nm)",C-mount,Gigabit Ethernet 1 Gbps,44 mm x 29 mm x 21 mm,46 g,CMOS
Teledyne Dalsa,Genie Nano M2050 Mono G3-GM10-M2050,Area Scan,Genie Nano GigE,,,,,,,,,,,,,,,,,,,,,,,,,,,,,,,,,,,,,,,Area Scan,CMOS,GigE Vision,"Visible (400-700 nm),Near Infrared (700-1000 nm)","TurboDrive, T2IR",G3-GM10-M2050,2064 x 1544,,Sony IMX252,3.45,CMOS,Global shutter,Mono,,C-mount,"Image sync: Free-running, software & hardware trigger, action command, PTP modulo | Timestamp Sync: PTP (IEE1588)",Gigabit Ethernet 1 Gbps,IP40,Continuous / Single Frame / Multi Frame,"Hardware trigger, programmable via camera API, automatic",18 µs to 30 seconds,32 MB non-volatile memory,"Manual, automatic (AGC)",90 MB,"Image Compression (TurboDrive), gamma, lookup table","Pixel binning,  ROI, Muti-ROI",2 user configuration sets for custom camera settings,56.0,1x to 251x  (0 dB to 48 dB),,,,,,10400,RJ45 (vertical locking) | SAMTEC TFM-105 type,8-bit,44 mm x 29 mm x 21 mm,46 g,,10 to 80% (no condensation),-20 to 65 °C,3.6 W to 4.6 W (12 V),"Power over Ethernet (PoE), or 9.5 to 24 V via GPIO connector",20 to 80% (no condensation),-40°C to 80°C,Gigabit Ethernet Port,IEEE802.3af-2003 PoE Interface Card / Injector/ Switch or External Camera Power Supply,"Lens, Cable, Host Adapter (GigE)","CE, FCC, KCC, RoHS. The ECCN for this product is: EAR099.",GigE Vision v1.2,3 years,62 @530 nm,2.3,,"2 input, 2 output",,,,,,37.8,,,,,,,,,,,,,,,,,,,,,,,,,,,,,,,,,,,3.1,,,,,,,,,,,,,,,,,,,,,,,,,,,,,C-mount available as CS-mountOpto-isolated 2 input / 2 output available as 1 input / 3 outputColor models available with IR cut-off filter @650 nmAll models available with RS-232 serial port,143,"1/1.8""",,,,,82.0,4.7,,,,,,,,,,,,,,,,3.1,2064 x 1544,3.45,37.8,Global shutter,,Mono,"Visible (400-700 nm),Near Infrared (700-1000 nm)",C-mount,Gigabit Ethernet 1 Gbps,44 mm x 29 mm x 21 mm,46 g,CMOS
Teledyne Dalsa,Genie Nano M2420 Mono G3-GM11-M2420,Area Scan,Genie Nano GigE,,,,,,,,,,,,,,,,,,,,,,,,,,,,,,,,,,,,,,,Area Scan,CMOS,GigE Vision,"Visible (400-700 nm),Near Infrared (700-1000 nm)","TurboDrive, T2IR",G3-GM11-M2420,2464 x 2056,,Sony IMX264,3.45,CMOS,Global shutter,Mono,,C-mount,"Image sync: Free-running, software & hardware trigger, action command, PTP modulo | Timestamp Sync: PTP (IEE1588)",Gigabit Ethernet 1 Gbps,IP40,Continuous / Single Frame / Multi Frame,"Hardware trigger, programmable via camera API, automatic",27.6 µs to 30 seconds,32 MB non-volatile memory,"Manual, automatic (AGC)",90 MB,"Image Compression (TurboDrive), gamma, lookup table","Pixel binning,  ROI, Muti-ROI",2 user configuration sets for custom camera settings,76.0,1x to 251x  (0 dB to 48 dB),,,,,,10400,RJ45 (vertical locking) | SAMTEC TFM-105 type,"8-bit, 12-bit",44 mm x 29 mm x 21 mm,46 g,,10 to 80% (no condensation),-20 to 65 °C,3.6 W to 4.6 W (12 V),"Power over Ethernet (PoE), or 9.5 to 24 V via GPIO connector",20 to 80% (no condensation),-40°C to 80°C,Gigabit Ethernet Port,IEEE802.3af-2003 PoE Interface Card / Injector/ Switch or External Camera Power Supply,"Lens, Cable, Host Adapter (GigE)","CE, FCC, KCC, RoHS. The ECCN for this product is: EAR099.",GigE Vision v1.2,3 years,62 @530 nm,2.3,,"2 input, 2 output",,,,,,23.8,,,,,,,,,,,,,,,,,,,,,,,,,,,,,,,,,,,5,,,,,,,,,,,,,,,,,,,,,,,,,,,,,C-mount available as CS-mountOpto-isolated 2 input / 2 output available as 1 input / 3 outputColor models available with IR cut-off filter @650 nmAll models available with RS-232 serial port,34.4,"2/3""",,,,,34.4,4.7,,,,,,,,,,,,,,,,5,2464 x 2056,3.45,23.8,Global shutter,,Mono,"Visible (400-700 nm),Near Infrared (700-1000 nm)",C-mount,Gigabit Ethernet 1 Gbps,44 mm x 29 mm x 21 mm,46 g,CMOS
Teledyne Dalsa,Genie Nano M2450 Mono G3-GM10-M2450,Area Scan,Genie Nano GigE,,,,,,,,,,,,,,,,,,,,,,,,,,,,,,,,,,,,,,,Area Scan,CMOS,GigE Vision,"Visible (400-700 nm),Near Infrared (700-1000 nm)","TurboDrive, T2IR",G3-GM10-M2450,2464 x 2056,,Sony IMX250,3.45,CMOS,Global shutter,Mono,,C-mount,"Image sync: Free-running, software & hardware trigger, action command, PTP modulo | Timestamp Sync: PTP (IEE1588)",Gigabit Ethernet 1 Gbps,IP40,Continuous / Single Frame / Multi Frame,"Hardware trigger, programmable via camera API, automatic",19 µs to 30 seconds,32 MB non-volatile memory,"Manual, automatic (AGC)",90 MB,"Image Compression (TurboDrive), gamma, lookup table","Pixel binning,  ROI, Muti-ROI",2 user configuration sets for custom camera settings,56.0,1x to 251x  (0 dB to 48 dB),,,,,,10400,RJ45 (vertical locking) | SAMTEC TFM-105 type,8-bit,44 mm x 29 mm x 21 mm,46 g,,10 to 80% (no condensation),-20 to 65 °C,3.6 W to 4.6 W (12 V),"Power over Ethernet (PoE), or 9.5 to 24 V via GPIO connector",20 to 80% (no condensation),-40°C to 80°C,Gigabit Ethernet Port,IEEE802.3af-2003 PoE Interface Card / Injector/ Switch or External Camera Power Supply,"Lens, Cable, Host Adapter (GigE)","CE, FCC, KCC, RoHS. The ECCN for this product is: EAR099.",GigE Vision v1.2,3 years,62 @530 nm,2.3,,"2 input, 2 output",,,,,,22,,,,,,,,,,,,,,,,,,,,,,,,,,,,,,,,,,,5,,,,,,,,,,,,,,,,,,,,,,,,,,,,,C-mount available as CS-mountOpto-isolated 2 input / 2 output available as 1 input / 3 outputColor models available with IR cut-off filter @650 nmAll models available with RS-232 serial port,93,"2/3""",,,,,49.0,4.7,,,,,,,,,,,,,,,,5,2464 x 2056,3.45,22,Global shutter,,Mono,"Visible (400-700 nm),Near Infrared (700-1000 nm)",C-mount,Gigabit Ethernet 1 Gbps,44 mm x 29 mm x 21 mm,46 g,CMOS
Teledyne Dalsa,Genie Nano M2450 Polarized G3-GM14-M2450,Area Scan,Genie Nano GigE,,,,,,,,,,,,,,,,,,,,,,,,,,,,,,,,,,,,,,,Area Scan,CMOS,GigE Vision,"Visible (400-700 nm),Near Infrared (700-1000 nm)","TurboDrive, T2IR",G3-GM14-M2450,2448 x 2048,,Sony IMX250MZR,3.45,CMOS,Global shutter,Mono,,C-mount,"Image sync: Free-running, software & hardware trigger, action command, PTP modulo | Timestamp Sync: PTP (IEE1588)",Gigabit Ethernet 1 Gbps,IP40,Continuous / Single Frame / Multi Frame,"Hardware trigger, programmable via camera API, automatic",19 µs to 30 seconds,32 MB non-volatile memory,"Manual, automatic (AGC)",90 MB,"Image Compression (TurboDrive), gamma, lookup table","Pixel binning,  ROI, Muti-ROI",2 user configuration sets for custom camera settings,56.0,1x to 251x  (0 dB to 48 dB),,,,,,10400,RJ45 (vertical locking) | SAMTEC TFM-105 type,"8-bit, 12-bit",44 mm x 29 mm x 21 mm,46 g,,10 to 80% (no condensation),-20 to 65 °C,3.6 W to 4.6 W (12 V),"Power over Ethernet (PoE), or 9.5 to 24 V via GPIO connector",20 to 80% (no condensation),-40°C to 80°C,Gigabit Ethernet Port,IEEE802.3af-2003 PoE Interface Card / Injector/ Switch or External Camera Power Supply,"Lens, Cable, Host Adapter (GigE)","CE, FCC, KCC, RoHS. The ECCN for this product is: EAR099.",GigE Vision v1.2,3 years,62 @530 nm,2.3,,"2 input, 2 output",,,,,,22,,,,,,,,,,,,,,,,,,,,,,,,,,,,,,,,,,,5,,,,,,,,,,,,,,,,,,,,,,,,,,,,,C-mount available as CS-mountOpto-isolated 2 input / 2 output available as 1 input / 3 outputColor models available with IR cut-off filter @650 nmAll models available with RS-232 serial port,57,"2/3""",,,,,52.0,4.7,,,,,,,,,,,,,,,,5,2448 x 2048,3.45,22,Global shutter,,Mono,"Visible (400-700 nm),Near Infrared (700-1000 nm)",C-mount,Gigabit Ethernet 1 Gbps,44 mm x 29 mm x 21 mm,46 g,CMOS
Teledyne Dalsa,Genie Nano M2590 Mono G3-GM10-M2590,Area Scan,Genie Nano GigE,,,,,,,,,,,,,,,,,,,,,,,,,,,,,,,,,,,,,,,Area Scan,CMOS,GigE Vision,"Visible (400-700 nm),Near Infrared (700-1000 nm)","TurboDrive, T2IR",G3-GM10-M2590,2592 x 2048,,onsemi Python5000 P1,4.8,CMOS,Global shutter,Mono,,C-mount,"Image sync: Free-running, software & hardware trigger, action command, PTP modulo | Timestamp Sync: PTP (IEE1588)",Gigabit Ethernet 1 Gbps,IP40,Continuous / Single Frame / Multi Frame,"Hardware trigger, programmable via camera API, automatic",87 µs to 16.0 seconds,32 MB non-volatile memory,"Manual, automatic (AGC)",90 MB,"Image Compression (TurboDrive), gamma, lookup table, pixel correction (laser profile available in optional firmware)","Pixel binning,  ROI, Muti-ROI",2 user configuration sets for custom camera settings,62.0,1x to 32x,,,,,,10000,RJ45 (vertical locking) | SAMTEC TFM-105 type,"8-bit, 10-bit",44 mm x 29 mm x 21 mm,46 g,,10 to 80% (no condensation),-20 to 65 °C,3.6 W to 4.6 W (12 V),"Power over Ethernet (PoE), or 9.5 to 24 V via GPIO connector",20 to 80% (no condensation),-40°C to 80°C,Gigabit Ethernet Port,IEEE802.3af-2003 PoE Interface Card / Injector/ Switch or External Camera Power Supply,"Lens, Cable, Host Adapter (GigE)","CE, FCC, KCC, RoHS. The ECCN for this product is: EAR099.",GigE Vision v1.2,3 years,60 @560 nm,10.7,,"2 input, 2 output",,,,,,22.7,,,,,,,,,,,,,,,,,,,,,,,,,,,,,,,,,,,5.3,,,,,,,,,,,,,,,,,,,,,,,,,,,,,C-mount available as CS-mountOpto-isolated 2 input / 2 output available as 1 input / 3 outputColor models available with IR cut-off filter @650 nmAll models available with RS-232 serial port,51,"1""",,,,,47.0,,,,,,,,,,,,,,,,,5.3,2592 x 2048,4.8,22.7,Global shutter,,Mono,"Visible (400-700 nm),Near Infrared (700-1000 nm)",C-mount,Gigabit Ethernet 1 Gbps,44 mm x 29 mm x 21 mm,46 g,CMOS
Teledyne Dalsa,Genie Nano M2590-NIR G3-GM12-M2590,Area Scan,Genie Nano GigE,,,,,,,,,,,,,,,,,,,,,,,,,,,,,,,,,,,,,,,Area Scan,CMOS,GigE Vision,"Visible (400-700 nm),Near Infrared (700-1000 nm)","TurboDrive, T2IR",G3-GM12-M2590,2592 x 2048,,onsemi Python5000 NIR,4.8,CMOS,Global shutter,"Mono, NIR-enhanced",,C-mount,"Image sync: Free-running, software & hardware trigger, action command, PTP modulo | Timestamp Sync: PTP (IEE1588)",Gigabit Ethernet 1 Gbps,IP40,Continuous / Single Frame / Multi Frame,"Hardware trigger, programmable via camera API, automatic",87 µs to 16.0 seconds,32 MB non-volatile memory,"Manual, automatic (AGC)",90 MB,"Image Compression (TurboDrive), gamma, lookup table, pixel correction (laser profile available in optional firmware)","Pixel binning,  ROI, Muti-ROI",2 user configuration sets for custom camera settings,62.0,1x to 32x,,,,,,10000,RJ45 (vertical locking) | SAMTEC TFM-105 type,"8-bit, 10-bit",44 mm x 29 mm x 21 mm,46 g,,10 to 80% (no condensation),-20 to 65 °C,3.6 W to 4.6 W (12 V),"Power over Ethernet (PoE), or 9.5 to 24 V via GPIO connector",20 to 80% (no condensation),-40°C to 80°C,Gigabit Ethernet Port,IEEE802.3af-2003 PoE Interface Card / Injector/ Switch or External Camera Power Supply,"Lens, Cable, Host Adapter (GigE)","CE, FCC, KCC, RoHS. The ECCN for this product is: EAR099.",GigE Vision v1.2,3 years,62 @650 nm,10.7,,"2 input, 2 output",,,,,,22.7,,,,,,,,,,,,,,,,,,,,,,,,,,,,,,,,,,,5.3,,,,,,,,,,,,,,,,,,,,,,,,,,,,,C-mount available as CS-mountOpto-isolated 2 input / 2 output available as 1 input / 3 outputColor models available with IR cut-off filter @650 nmAll models available with RS-232 serial port,51,"1""",,,,,47.0,,,,,,,,,,,,,,,,,5.3,2592 x 2048,4.8,22.7,Global shutter,,"Mono, NIR-enhanced","Visible (400-700 nm),Near Infrared (700-1000 nm)",C-mount,Gigabit Ethernet 1 Gbps,44 mm x 29 mm x 21 mm,46 g,CMOS
Teledyne Dalsa,Genie Nano M4020 Mono G3-GM11-M4020,Area Scan,Genie Nano GigE,,,,,,,,,,,,,,,,,,,,,,,,,,,,,,,,,,,,,,,Area Scan,CMOS,GigE Vision,"Visible (400-700 nm),Near Infrared (700-1000 nm)","TurboDrive, T2IR",G3-GM11-M4020,4112 x 3008,,Sony IMX304,3.45,CMOS,Global shutter,Mono,,C-mount,"Image sync: Free-running, software & hardware trigger, action command, PTP modulo | Timestamp Sync: PTP (IEE1588)",Gigabit Ethernet 1 Gbps,IP40,Continuous / Single Frame / Multi Frame,"Hardware trigger, programmable via camera API, automatic",29.2 µs to 30 seconds,32 MB non-volatile memory,"Manual, automatic (AGC)",90 MB,"Image Compression (TurboDrive), gamma, lookup table","Pixel binning,  ROI, Muti-ROI",2 user configuration sets for custom camera settings,76.0,1x to 251x  (0 dB to 48 dB),,,,,,10400,RJ45 (vertical locking) | SAMTEC TFM-105 type,"8-bit, 12-bit",44 mm x 29 mm x 21 mm,46 g,,10 to 80% (no condensation),-20 to 65 °C,3.6 W to 4.6 W (12 V),"Power over Ethernet (PoE), or 9.5 to 24 V via GPIO connector",20 to 80% (no condensation),-40°C to 80°C,Gigabit Ethernet Port,IEEE802.3af-2003 PoE Interface Card / Injector/ Switch or External Camera Power Supply,"Lens, Cable, Host Adapter (GigE)","CE, FCC, KCC, RoHS. The ECCN for this product is: EAR099.",GigE Vision v1.2,3 years,62 @530 nm,2.3,,"2 input, 2 output",,,,,,9.7,,,,,,,,,,,,,,,,,,,,,,,,,,,,,,,,,,,12.3,,,,,,,,,,,,,,,,,,,,,,,,,,,,,C-mount available as CS-mountOpto-isolated 2 input / 2 output available as 1 input / 3 outputColor models available with IR cut-off filter @650 nmAll models available with RS-232 serial port,21,"1.1""",,,,,20.0,4.7,,,,,,,,,,,,,,,,12.3,4112 x 3008,3.45,9.7,Global shutter,,Mono,"Visible (400-700 nm),Near Infrared (700-1000 nm)",C-mount,Gigabit Ethernet 1 Gbps,44 mm x 29 mm x 21 mm,46 g,CMOS
Teledyne Dalsa,Genie Nano M4030 Mono G3-GM11-M4030,Area Scan,Genie Nano GigE,,,,,,,,,,,,,,,,,,,,,,,,,,,,,,,,,,,,,,,Area Scan,CMOS,GigE Vision,"Visible (400-700 nm),Near Infrared (700-1000 nm)","TurboDrive, T2IR",G3-GM11-M4030,4112 x 2176,,Sony IMX267,3.45,CMOS,Global shutter,Mono,,C-mount,"Image sync: Free-running, software & hardware trigger, action command, PTP modulo | Timestamp Sync: PTP (IEE1588)",Gigabit Ethernet 1 Gbps,IP40,Continuous / Single Frame / Multi Frame,"Hardware trigger, programmable via camera API, automatic",29.2 µs to 30 seconds,32 MB non-volatile memory,"Manual, automatic (AGC)",90 MB,"Image Compression (TurboDrive), gamma, lookup table","Pixel binning,  ROI, Muti-ROI",2 user configuration sets for custom camera settings,,1x to 251x  (0 dB to 48 dB),,,,,,10400,RJ45 (vertical locking) | SAMTEC TFM-105 type,"8-bit, 12-bit",44 mm x 29 mm x 21 mm,46 g,,10 to 80% (no condensation),-20 to 65 °C,3.6 W to 4.6 W (12 V),"Power over Ethernet (PoE), or 9.5 to 24 V via GPIO connector",20 to 80% (no condensation),-40°C to 80°C,Gigabit Ethernet Port,IEEE802.3af-2003 PoE Interface Card / Injector/ Switch or External Camera Power Supply,"Lens, Cable, Host Adapter (GigE)","CE, FCC, KCC, RoHS. The ECCN for this product is: EAR099.",GigE Vision v1.2,3 years,62 @530 nm,2.3,,"2 input, 2 output",,,,,,13.4,,,,,,,,,,,,,,,,,,,,,,,,,,,,,,,,,,,8.9,,,,,,,,,,,,,,,,,,,,,,,,,,,,,C-mount available as CS-mountOpto-isolated 2 input / 2 output available as 1 input / 3 outputColor models available with IR cut-off filter @650 nmAll models available with RS-232 serial port,30,"1""",,,,,28.0,4.7,,,,,,,,,,,,,,,,8.9,4112 x 2176,3.45,13.4,Global shutter,,Mono,"Visible (400-700 nm),Near Infrared (700-1000 nm)",C-mount,Gigabit Ethernet 1 Gbps,44 mm x 29 mm x 21 mm,46 g,CMOS
Teledyne Dalsa,Genie Nano M4040 Mono G3-GM10-M4040,Area Scan,Genie Nano GigE,,,,,,,,,,,,,,,,,,,,,,,,,,,,,,,,,,,,,,,Area Scan,CMOS,GigE Vision,"Visible (400-700 nm),Near Infrared (700-1000 nm)","TurboDrive, T2IR",G3-GM10-M4040,4112 x 3008,,Sony IMX253,3.45,CMOS,Global shutter,Mono,,C-mount,"Image sync: Free-running, software & hardware trigger, action command, PTP modulo | Timestamp Sync: PTP (IEE1588)",Gigabit Ethernet 1 Gbps,IP40,Continuous / Single Frame / Multi Frame,"Hardware trigger, programmable via camera API, automatic",22 µs to 30 seconds,32 MB non-volatile memory,"Manual, automatic (AGC)",220 MB,"Image Compression (TurboDrive), gamma, lookup table","Pixel binning,  ROI, Muti-ROI",2 user configuration sets for custom camera settings,56.0,1x to 251x  (0 dB to 48 dB),,,,,,10400,RJ45 (vertical locking) | SAMTEC TFM-105 type,8-bit,44 mm x 29 mm x 21 mm,46 g,,10 to 80% (no condensation),-20 to 65 °C,3.6 W to 4.6 W (12 V),"Power over Ethernet (PoE), or 9.5 to 24 V via GPIO connector",20 to 80% (no condensation),-40°C to 80°C,Gigabit Ethernet Port,IEEE802.3af-2003 PoE Interface Card / Injector/ Switch or External Camera Power Supply,"Lens, Cable, Host Adapter (GigE)","CE, FCC, KCC, RoHS. The ECCN for this product is: EAR099.",GigE Vision v1.2,3 years,62 @530 nm,2.3,,"2 input, 2 output",,,,,,9.7,,,,,,,,,,,,,,,,,,,,,,,,,,,,,,,,,,,12.3,,,,,,,,,,,,,,,,,,,,,,,,,,,,,C-mount available as CS-mountOpto-isolated 2 input / 2 output available as 1 input / 3 outputColor models available with IR cut-off filter @650 nmAll models available with RS-232 serial port,41,"1.1""",,,,,20.0,4.7,,,,,,,,,,,,,,,,12.3,4112 x 3008,3.45,9.7,Global shutter,,Mono,"Visible (400-700 nm),Near Infrared (700-1000 nm)",C-mount,Gigabit Ethernet 1 Gbps,44 mm x 29 mm x 21 mm,46 g,CMOS
Teledyne Dalsa,Genie Nano M4046 Mono G3-GM10-M4060,Area Scan,Genie Nano GigE,,,,,,,,,,,,,,,,,,,,,,,,,,,,,,,,,,,,,,,Area Scan,CMOS,GigE Vision,"Visible (400-700 nm),Near Infrared (700-1000 nm)","TurboDrive, T2IR",G3-GM10-M4060,4112 x 2176,,Sony IMX255,3.45,CMOS,Global shutter,Mono,,C-mount,"Image sync: Free-running, software & hardware trigger, action command, PTP modulo | Timestamp Sync: PTP (IEE1588)",Gigabit Ethernet 1 Gbps,IP40,Continuous / Single Frame / Multi Frame,"Hardware trigger, programmable via camera API, automatic",22 µs to 30 seconds,32 MB non-volatile memory,"Manual, automatic (AGC)",220 MB,"Image Compression (TurboDrive), gamma, lookup table","Pixel binning,  ROI, Muti-ROI",2 user configuration sets for custom camera settings,56.0,1x to 251x  (0 dB to 48 dB),,,,,,10400,RJ45 (vertical locking) | SAMTEC TFM-105 type,8-bit,44 mm x 29 mm x 21 mm,46 g,,10 to 80% (no condensation),-20 to 65 °C,3.6 W to 4.6 W (12 V),"Power over Ethernet (PoE), or 9.5 to 24 V via GPIO connector",20 to 80% (no condensation),-40°C to 80°C,Gigabit Ethernet Port,IEEE802.3af-2003 PoE Interface Card / Injector/ Switch or External Camera Power Supply,"Lens, Cable, Host Adapter (GigE)","CE, FCC, KCC, RoHS. The ECCN for this product is: EAR099.",GigE Vision v1.2,3 years,62 @530 nm,2.3,,"2 input, 2 output",,,,,,13.4,,,,,,,,,,,,,,,,,,,,,,,,,,,,,,,,,,,8.9,,,,,,,,,,,,,,,,,,,,,,,,,,,,,C-mount available as CS-mountOpto-isolated 2 input / 2 output available as 1 input / 3 outputColor models available with IR cut-off filter @650 nmAll models available with RS-232 serial port,56,"1""",,,,,28.0,4.7,,,,,,,,,,,,,,,,8.9,4112 x 2176,3.45,13.4,Global shutter,,Mono,"Visible (400-700 nm),Near Infrared (700-1000 nm)",C-mount,Gigabit Ethernet 1 Gbps,44 mm x 29 mm x 21 mm,46 g,CMOS
Teledyne Dalsa,Genie Nano M640 Mono G3-GM10-M0640,Area Scan,Genie Nano GigE,,,,,,,,,,,,,,,,,,,,,,,,,,,,,,,,,,,,,,,Area Scan,CMOS,GigE Vision,"Visible (400-700 nm),Near Infrared (700-1000 nm)","TurboDrive, T2IR",G3-GM10-M0640,672 x 512,,onsemi Python300 P1,4.8,CMOS,Global shutter,Mono,,C-mount,"Image sync: Free-running, software & hardware trigger, action command, PTP modulo | Timestamp Sync: PTP (IEE1588)",Gigabit Ethernet 1 Gbps,IP40,Continuous / Single Frame / Multi Frame,"Hardware trigger, programmable via camera API, automatic",34 µs to 16.0 seconds,32 MB non-volatile memory,"Manual, automatic (AGC)",90 MB,"Image Compression (TurboDrive), gamma, lookup table, pixel correction (laser profile available in optional firmware)","Pixel binning,  ROI, Muti-ROI",2 user configuration sets for custom camera settings,62.1,1x to 32x,,,,,,10000,RJ45 (vertical locking) | SAMTEC TFM-105 type,"8-bit, 10-bit",44 mm x 29 mm x 21 mm,46 g,,10 to 80% (no condensation),-20 to 65 °C,3.6 W to 4.6 W (12 V),"Power over Ethernet (PoE), or 9.5 to 24 V via GPIO connector",20 to 80% (no condensation),-40°C to 80°C,Gigabit Ethernet Port,IEEE802.3af-2003 PoE Interface Card / Injector/ Switch or External Camera Power Supply,"Lens, Cable, Host Adapter (GigE)","CE, FCC, KCC, RoHS. The ECCN for this product is: EAR099.",GigE Vision v1.2,3 years,60 @560 nm,9,,"2 input, 2 output",,,,,,350,,,,,,,,,,,,,,,,,,,,,,,,,,,,,,,,,,,0.3,,,,,,,,,,,,,,,,,,,,,,,,,,,,,C-mount available as CS-mountOpto-isolated 2 input / 2 output available as 1 input / 3 outputColor models available with IR cut-off filter @650 nmAll models available with RS-232 serial port,862,"1/4""",,,,,800.0,,,,,,,,,,,,,,,,,0.3,672 x 512,4.8,350,Global shutter,,Mono,"Visible (400-700 nm),Near Infrared (700-1000 nm)",C-mount,Gigabit Ethernet 1 Gbps,44 mm x 29 mm x 21 mm,46 g,CMOS
Teledyne Dalsa,Genie Nano M640-NIR G3-GM12-M0640,Area Scan,Genie Nano GigE,,,,,,,,,,,,,,,,,,,,,,,,,,,,,,,,,,,,,,,Area Scan,CMOS,GigE Vision,"Visible (400-700 nm),Near Infrared (700-1000 nm)","TurboDrive, T2IR",G3-GM12-M0640,672 x 512,,onsemi Python300 NIR,4.8,CMOS,Global shutter,"Mono, NIR-enhanced",,C-mount,"Image sync: Free-running, software & hardware trigger, action command, PTP modulo | Timestamp Sync: PTP (IEE1588)",Gigabit Ethernet 1 Gbps,IP40,Continuous / Single Frame / Multi Frame,"Hardware trigger, programmable via camera API, automatic",34 µs to 16.0 seconds,32 MB non-volatile memory,"Manual, automatic (AGC)",90 MB,"Image Compression (TurboDrive), gamma, lookup table, pixel correction (laser profile available in optional firmware)","Pixel binning,  ROI, Muti-ROI",2 user configuration sets for custom camera settings,62.0,1x to 32x,,,,,,10000,RJ45 (vertical locking) | SAMTEC TFM-105 type,"8-bit, 10-bit",44 mm x 29 mm x 21 mm,46 g,,10 to 80% (no condensation),-20 to 65 °C,3.6 W to 4.6 W (12 V),"Power over Ethernet (PoE), or 9.5 to 24 V via GPIO connector",20 to 80% (no condensation),-40°C to 80°C,Gigabit Ethernet Port,IEEE802.3af-2003 PoE Interface Card / Injector/ Switch or External Camera Power Supply,"Lens, Cable, Host Adapter (GigE)","CE, FCC, KCC, RoHS. The ECCN for this product is: EAR099.",GigE Vision v1.2,3 years,62 @650 nm,9.3,,"2 input, 2 output",,,,,,350,,,,,,,,,,,,,,,,,,,,,,,,,,,,,,,,,,,0.3,,,,,,,,,,,,,,,,,,,,,,,,,,,,,C-mount available as CS-mountOpto-isolated 2 input / 2 output available as 1 input / 3 outputColor models available with IR cut-off filter @650 nmAll models available with RS-232 serial port,862,"1/4""",,,,,800.0,,,,,,,,,,,,,,,,,0.3,672 x 512,4.8,350,Global shutter,,"Mono, NIR-enhanced","Visible (400-700 nm),Near Infrared (700-1000 nm)",C-mount,Gigabit Ethernet 1 Gbps,44 mm x 29 mm x 21 mm,46 g,CMOS
Teledyne Dalsa,Genie Nano M700 Mono G3-GM10-M0700,Area Scan,Genie Nano GigE,,,,,,,,,,,,,,,,,,,,,,,,,,,,,,,,,,,,,,,Area Scan,CMOS,GigE Vision,"Visible (400-700 nm),Near Infrared (700-1000 nm)","TurboDrive, T2IR",G3-GM10-M0700,728 x 544,,Sony IMX287,6.9,CMOS,Global shutter,Mono,,C-mount,"Image sync: Free-running, software & hardware trigger, action command, PTP modulo | Timestamp Sync: PTP (IEE1588)",Gigabit Ethernet 1 Gbps,IP40,Continuous / Single Frame / Multi Frame,"Hardware trigger, programmable via camera API, automatic",19.7 µs to 30 seconds,32 MB non-volatile memory,"Manual, automatic (AGC)",90 MB,"Image Compression (TurboDrive), gamma, lookup table, pixel correction (run-length encoding available in optional firmware)","Pixel binning,  ROI, Muti-ROI",2 user configuration sets for custom camera settings,74.0,1x to 251x  (0 dB to 48 dB),,,,,,22000,RJ45 (vertical locking) | SAMTEC TFM-105 type,"8-bit, 12-bit",44 mm x 29 mm x 21 mm,46 g,,10 to 80% (no condensation),-20 to 65 °C,3.6 W to 4.6 W (12 V),"Power over Ethernet (PoE), or 9.5 to 24 V via GPIO connector",20 to 80% (no condensation),-40°C to 80°C,Gigabit Ethernet Port,IEEE802.3af-2003 PoE Interface Card / Injector/ Switch or External Camera Power Supply,"Lens, Cable, Host Adapter (GigE)","CE, FCC, KCC, RoHS. The ECCN for this product is: EAR099.",GigE Vision v1.2,3 years,65 @525 nm,3.8,,"2 input, 2 output",,,,,,308,,,,,,,,,,,,,,,,,,,,,,,,,,,,,,,,,,,0.3,,,,,,,,,,,,,,,,,,,,,,,,,,,,,C-mount available as CS-mountOpto-isolated 2 input / 2 output available as 1 input / 3 outputColor models available with IR cut-off filter @650 nmAll models available with RS-232 serial port,311.8,"1/2.9""",,,,,310.7,6.5,,,,,,,,,,,,,,,,0.3,728 x 544,6.9,308,Global shutter,,Mono,"Visible (400-700 nm),Near Infrared (700-1000 nm)",C-mount,Gigabit Ethernet 1 Gbps,44 mm x 29 mm x 21 mm,46 g,CMOS
Teledyne Dalsa,Genie Nano M810 Mono G3-GM11-M0810,Area Scan,Genie Nano GigE,,,,,,,,,,,,,,,,,,,,,,,,,,,,,,,,,,,,,,,Area Scan,CMOS,GigE Vision,"Visible (400-700 nm),Near Infrared (700-1000 nm)","TurboDrive, T2IR",G3-GM11-M0810,816 x 624,,Sony IMX433,9,CMOS,Global shutter,Mono,,C-mount,"Image sync: Free-running, software & hardware trigger, action command, PTP modulo | Timestamp Sync: PTP (IEE1588)",Gigabit Ethernet 1 Gbps,IP40,Continuous / Single Frame / Multi Frame,"Hardware trigger, programmable via camera API, automatic",14 µs to 16.0 seconds,32 MB non-volatile memory,"Manual, automatic (AGC)",90 MB,"Image Compression (TurboDrive), gamma, lookup table","Pixel binning,  ROI, Muti-ROI",2 user configuration sets for custom camera settings,73.0,1x to 251x  (0 dB to 48 dB),,,,,,99000,RJ45 (vertical locking) | SAMTEC TFM-105 type,"8-bit, 12-bit",44 mm x 29 mm x 21 mm,46 g,,10 to 80% (no condensation),-20 to 65 °C,3.6 W to 4.6 W (12 V),"Power over Ethernet (PoE), or 9.5 to 24 V via GPIO connector",20 to 80% (no condensation),-40°C to 80°C,Gigabit Ethernet Port,IEEE802.3af-2003 PoE Interface Card / Injector/ Switch or External Camera Power Supply,"Lens, Cable, Host Adapter (GigE)","CE, FCC, KCC, RoHS. The ECCN for this product is: EAR099.",GigE Vision v1.2,3 years,70 @525 nm,23,,"2 input, 2 output",,,,,,160,,,,,,,,,,,,,,,,,,,,,,,,,,,,,,,,,,,0.5,,,,,,,,,,,,,,,,,,,,,,,,,,,,,C-mount available as CS-mountOpto-isolated 2 input / 2 output available as 1 input / 3 outputColor models available with IR cut-off filter @650 nmAll models available with RS-232 serial port,160,"1/1.7""",,,,,160.0,33,,,,,,,,,,,,,,,,0.5,816 x 624,9,160,Global shutter,,Mono,"Visible (400-700 nm),Near Infrared (700-1000 nm)",C-mount,Gigabit Ethernet 1 Gbps,44 mm x 29 mm x 21 mm,46 g,CMOS
Teledyne Dalsa,Genie Nano XL C4090 Color G3-GC30-C4095,Area Scan,Genie Nano GigE,,,,,,,,,,,,,,,,,,,,,,,,,,,,,,,,,,,,,,,Area Scan,CMOS,GigE Vision,"Visible (400-700 nm),Near Infrared (700-1000 nm)","TurboDrive, T2IR",G3-GC30-C4095,4096 x 4096,,onsemi Python 16K,4.5,CMOS,Global shutter,Color,,M42 x 1 mm,"Image sync: Free-running, software & hardware trigger, action command, PTP modulo | Timestamp Sync: PTP (IEE1588)",Gigabit Ethernet 1 Gbps,IP40,Continuous / Single Frame / Multi Frame,"Hardware trigger, programmable via camera API, automatic",34 µs to 16.0 seconds,32 MB non-volatile memory,"Manual, automatic (AGC)",500 MB,"Image Compression (TurboDrive), gamma, lookup table,  auto white balance and pixel correction  and lens shading correction","ROI, Muti-ROI",2 user configuration sets for custom camera settings,55.2,1x to 16x,,38 @460 nm,47 @540 nm,48 @ 610 nm,,12000,RJ45 (vertical locking) | SAMTEC TFM-105 type,"8-bit, 10-bit",59 mm x 59 mm x 30 mm,163 g,,10 to 80% (no condensation),-20 to 65 °C,3.6 W to 4.6 W (12 V),"Power over Ethernet (PoE), or 9.5 to 24 V via GPIO connector",20 to 80% (no condensation),-40°C to 80°C,Gigabit Ethernet Port,IEEE802.3af-2003 PoE Interface Card / Injector/ Switch or External Camera Power Supply,"Lens, Cable, Host Adapter (GigE)","CE, FCC, KCC, RoHS. The ECCN for this product is: EAR099.",GigE Vision v1.2,3 years,,14,,"2 input, 3 output",,,,,,7.1,,,,,,,,,,,,,,,,,,,,,,,,,,,,,,,,,,,16.7,,,,,,,,,,,,,,,,,,,,,,,,,,,,,C-mount available as CS-mountOpto-isolated 2 input / 2 output available as 1 input / 3 outputColor models available with IR cut-off filter @650 nmAll models available with RS-232 serial port,31.2,APS-H,"Manual, automatic (AWB)",,,,14.0,,,,,,,,,,,,,,,,,16.7,4096 x 4096,4.5,7.1,Global shutter,,Color,"Visible (400-700 nm),Near Infrared (700-1000 nm)",M42 x 1 mm,Gigabit Ethernet 1 Gbps,59 mm x 59 mm x 30 mm,163 g,CMOS
Teledyne Dalsa,Genie Nano XL C5100 Color G3-GC30-C5105,Area Scan,Genie Nano GigE,,,,,,,,,,,,,,,,,,,,,,,,,,,,,,,,,,,,,,,Area Scan,CMOS,GigE Vision,"Visible (400-700 nm),Near Infrared (700-1000 nm)","TurboDrive, T2IR",G3-GC30-C5105,4096 x 4096,,onsemi Python 25K,4.5,CMOS,Global shutter,Color,,M42 x 1 mm,"Image sync: Free-running, software & hardware trigger, action command, PTP modulo | Timestamp Sync: PTP (IEE1588)",Gigabit Ethernet 1 Gbps,IP40,Continuous / Single Frame / Multi Frame,"Hardware trigger, programmable via camera API, automatic",34 µs to 16.0 seconds,32 MB non-volatile memory,"Manual, automatic (AGC)",500 MB,"Image Compression (TurboDrive), gamma, lookup table,  auto white balance and pixel correction  and lens shading correction","ROI, Muti-ROI",2 user configuration sets for custom camera settings,55.2,1x to 16x,,38 @460 nm,47 @540 nm,48 @ 610 nm,,12000,RJ45 (vertical locking) | SAMTEC TFM-105 type,"8-bit, 10-bit",59 mm x 59 mm x 30 mm,163 g,,10 to 80% (no condensation),-20 to 65 °C,3.6 W to 4.6 W (12 V),"Power over Ethernet (PoE), or 9.5 to 24 V via GPIO connector",20 to 80% (no condensation),-40°C to 80°C,Gigabit Ethernet Port,IEEE802.3af-2003 PoE Interface Card / Injector/ Switch or External Camera Power Supply,"Lens, Cable, Host Adapter (GigE)","CE, FCC, KCC, RoHS. The ECCN for this product is: EAR099.",GigE Vision v1.2,3 years,,14,,"2 input, 3 output",,,,,,4.6,,,,,,,,,,,,,,,,,,,,,,,,,,,,,,,,,,,26.7,,,,,,,,,,,,,,,,,,,,,,,,,,,,,C-mount available as CS-mountOpto-isolated 2 input / 2 output available as 1 input / 3 outputColor models available with IR cut-off filter @650 nmAll models available with RS-232 serial port,20.1,APS-H,"Manual, automatic (AWB)",,,,9.5,,,,,,,,,,,,,,,,,26.7,4096 x 4096,4.5,4.6,Global shutter,,Color,"Visible (400-700 nm),Near Infrared (700-1000 nm)",M42 x 1 mm,Gigabit Ethernet 1 Gbps,59 mm x 59 mm x 30 mm,163 g,CMOS
Teledyne Dalsa,Genie Nano XL M4090 Mono G3-GM30-M4095,Area Scan,Genie Nano GigE,,,,,,,,,,,,,,,,,,,,,,,,,,,,,,,,,,,,,,,Area Scan,CMOS,GigE Vision,"Visible (400-700 nm),Near Infrared (700-1000 nm)","TurboDrive, T2IR",G3-GM30-M4095,4096 x 4096,,onsemi Python 16K,4.5,CMOS,Global shutter,Mono,,M42 x 1 mm,"Image sync: Free-running, software & hardware trigger, action command, PTP modulo | Timestamp Sync: PTP (IEE1588)",Gigabit Ethernet 1 Gbps,IP40,Continuous / Single Frame / Multi Frame,"Hardware trigger, programmable via camera API, automatic",34 µs to 16.0 seconds,32 MB non-volatile memory,"Manual, automatic (AGC)",500 MB,"Image Compression (TurboDrive), gamma, lookup table,  pixel correction and lens shading correction","Pixel binning,  ROI, Muti-ROI",2 user configuration sets for custom camera settings,55.2,1x to 16x,,,,,,12000,RJ45 (vertical locking) | SAMTEC TFM-105 type,"8-bit, 10-bit",30 mm x 59 mm x 59 mm,163 g,,10 to 80% (no condensation),-20 to 65 °C,3.6 W to 4.6 W (12 V),"Power over Ethernet (PoE), or 9.5 to 24 V via GPIO connector",20 to 80% (no condensation),-40°C to 80°C,Gigabit Ethernet Port,IEEE802.3af-2003 PoE Interface Card / Injector/ Switch or External Camera Power Supply,"Lens, Cable, Host Adapter (GigE)","CE, FCC, KCC, RoHS. The ECCN for this product is: EAR099.",GigE Vision v1.2,3 years,51 @570 nm,14,,"2 input, 3 output",,,,,,7.1,,,,,,,,,,,,,,,,,,,,,,,,,,,,,,,,,,,16.7,,,,,,,,,,,,,,,,,,,,,,,,,,,,,C-mount available as CS-mountOpto-isolated 2 input / 2 output available as 1 input / 3 outputColor models available with IR cut-off filter @650 nmAll models available with RS-232 serial port,31.2,APS-H,,,,,14.0,,,,,,,,,,,,,,,,,16.7,4096 x 4096,4.5,7.1,Global shutter,,Mono,"Visible (400-700 nm),Near Infrared (700-1000 nm)",M42 x 1 mm,Gigabit Ethernet 1 Gbps,30 mm x 59 mm x 59 mm,163 g,CMOS
Teledyne Dalsa,Genie Nano XL M4090-NIR G3-GM32-M4095,Area Scan,Genie Nano GigE,,,,,,,,,,,,,,,,,,,,,,,,,,,,,,,,,,,,,,,Area Scan,CMOS,GigE Vision,"Visible (400-700 nm),Near Infrared (700-1000 nm)","TurboDrive, T2IR",G3-GM32-M4095,4096 x 4096,,onsemi Python16K NIR,4.5,CMOS,Global shutter,"Mono, NIR-enhanced",,M42 x 1 mm,"Image sync: Free-running, software & hardware trigger, action command, PTP modulo | Timestamp Sync: PTP (IEE1588)",Gigabit Ethernet 1 Gbps,IP40,Continuous / Single Frame / Multi Frame,"Hardware trigger, programmable via camera API, automatic",34 µs to 16 seconds,32 MB non-volatile memory,"Manual, automatic (AGC)",500 MB,"Image Compression (TurboDrive), gamma, lookup table,  pixel correction and lens shading correction","Pixel binning,  ROI, Muti-ROI",2 user configuration sets for custom camera settings,55.2,1x to 16x,,,,,,12000,RJ45 (vertical locking) | SAMTEC TFM-105 type,"8-bit, 10-bit",30 mm x 59 mm x 59 mm,163 g,,10 to 80% (no condensation),-20 to 65 °C,3.6 W to 4.6 W (12 V),"Power over Ethernet (PoE), or 9.5 to 24 V via GPIO connector",20 to 80% (no condensation),-40°C to 80°C,Gigabit Ethernet Port,IEEE802.3af-2003 PoE Interface Card / Injector/ Switch or External Camera Power Supply,"Lens, Cable, Host Adapter (GigE)","CE, FCC, KCC, RoHS. The ECCN for this product is: EAR099.",GigE Vision v1.2,3 years,55 @640 nm,14,,"2 input, 3 output",,,,,,7.1,,,,,,,,,,,,,,,,,,,,,,,,,,,,,,,,,,,16.7,,,,,,,,,,,,,,,,,,,,,,,,,,,,,C-mount available as CS-mountOpto-isolated 2 input / 2 output available as 1 input / 3 outputColor models available with IR cut-off filter @650 nmAll models available with RS-232 serial port,31.2,APS-C,,,,,14.0,,,,,,,,,,,,,,,,,16.7,4096 x 4096,4.5,7.1,Global shutter,,"Mono, NIR-enhanced","Visible (400-700 nm),Near Infrared (700-1000 nm)",M42 x 1 mm,Gigabit Ethernet 1 Gbps,30 mm x 59 mm x 59 mm,163 g,CMOS
Teledyne Dalsa,Genie Nano XL M5100 Mono G3-GM30-M5105,Area Scan,Genie Nano GigE,,,,,,,,,,,,,,,,,,,,,,,,,,,,,,,,,,,,,,,Area Scan,CMOS,GigE Vision,"Visible (400-700 nm),Near Infrared (700-1000 nm)","TurboDrive, T2IR",G3-GM30-M5105,5120 x 5120,,onsemi Python 25K,4.5,CMOS,Global shutter,Mono,,M42 x 1 mm,"Image sync: Free-running, software & hardware trigger, action command, PTP modulo | Timestamp Sync: PTP (IEE1588)",Gigabit Ethernet 1 Gbps,IP40,Continuous / Single Frame / Multi Frame,"Hardware trigger, programmable via camera API, automatic",34 µs to 16 seconds,32 MB non-volatile memory,"Manual, automatic (AGC)",500 MB,"Image Compression (TurboDrive), gamma, lookup table,  pixel correction and lens shading correction","Pixel binning,  ROI, Muti-ROI",2 user configuration sets for custom camera settings,55.2,1x to 16x,,,,,,12000,RJ45 (vertical locking) | SAMTEC TFM-105 type,"8-bit, 10-bit",30 mm x 59 mm x 59 mm,163 g,,10 to 80% (no condensation),-20 to 65 °C,3.6 W to 4.6 W (12 V),"Power over Ethernet (PoE), or 9.5 to 24 V via GPIO connector",20 to 80% (no condensation),-40°C to 80°C,Gigabit Ethernet Port,IEEE802.3af-2003 PoE Interface Card / Injector/ Switch or External Camera Power Supply,"Lens, Cable, Host Adapter (GigE)","CE, FCC, KCC, RoHS. The ECCN for this product is: EAR099.",GigE Vision v1.2,3 years,51 @570 nm,14,,"2 input, 3 output",,,,,,4.6,,,,,,,,,,,,,,,,,,,,,,,,,,,,,,,,,,,26.2,,,,,,,,,,,,,,,,,,,,,,,,,,,,,C-mount available as CS-mountOpto-isolated 2 input / 2 output available as 1 input / 3 outputColor models available with IR cut-off filter @650 nmAll models available with RS-232 serial port,20.1,APS-H,,,,,9.5,,,,,,,,,,,,,,,,,26.2,5120 x 5120,4.5,4.6,Global shutter,,Mono,"Visible (400-700 nm),Near Infrared (700-1000 nm)",M42 x 1 mm,Gigabit Ethernet 1 Gbps,30 mm x 59 mm x 59 mm,163 g,CMOS
Teledyne Dalsa,Genie Nano XL M5100-NIR G3-GM32-M5105,Area Scan,Genie Nano GigE,,,,,,,,,,,,,,,,,,,,,,,,,,,,,,,,,,,,,,,Area Scan,CMOS,GigE Vision,"Visible (400-700 nm),Near Infrared (700-1000 nm)","TurboDrive, T2IR",G3-GM32-M5105,5120 x 5120,,onsemi Python25K NIR,4.5,CMOS,Global shutter,"Mono, NIR-enhanced",,M42 x 1 mm,"Image sync: Free-running, software & hardware trigger, action command, PTP modulo | Timestamp Sync: PTP (IEE1588)",Gigabit Ethernet 1 Gbps,IP40,Continuous / Single Frame / Multi Frame,"Hardware trigger, programmable via camera API, automatic",34 µs to 16 seconds,32 MB non-volatile memory,"Manual, automatic (AGC)",500 MB,"Image Compression (TurboDrive), gamma, lookup table,  pixel correction and lens shading correction","Pixel binning,  ROI, Muti-ROI",2 user configuration sets for custom camera settings,55.2,1x to 16x,,,,,,12000,RJ45 (vertical locking) | SAMTEC TFM-105 type,"8-bit, 10-bit",30 mm x 59 mm x 59 mm,163 g,,10 to 80% (no condensation),-20 to 65 °C,3.6 W to 4.6 W (12 V),"Power over Ethernet (PoE), or 9.5 to 24 V via GPIO connector",20 to 80% (no condensation),-40°C to 80°C,Gigabit Ethernet Port,IEEE802.3af-2003 PoE Interface Card / Injector/ Switch or External Camera Power Supply,"Lens, Cable, Host Adapter (GigE)","CE, FCC, KCC, RoHS. The ECCN for this product is: EAR099.",GigE Vision v1.2,3 years,55 @640 nm,14,,"2 input, 3 output",,,,,,4.6,,,,,,,,,,,,,,,,,,,,,,,,,,,,,,,,,,,26.2,,,,,,,,,,,,,,,,,,,,,,,,,,,,,C-mount available as CS-mountOpto-isolated 2 input / 2 output available as 1 input / 3 outputColor models available with IR cut-off filter @650 nmAll models available with RS-232 serial port,20.1,APS-H,,,,,9.5,,,,,,,,,,,,,,,,,26.2,5120 x 5120,4.5,4.6,Global shutter,,"Mono, NIR-enhanced","Visible (400-700 nm),Near Infrared (700-1000 nm)",M42 x 1 mm,Gigabit Ethernet 1 Gbps,30 mm x 59 mm x 59 mm,163 g,CMOS
Teledyne Dalsa,Genie Nano-CL C2420 G3-CC31-C2420,Area Scan,Genie Nano-CL,,,,,,,,,,,,,,,,,,,,,,,,,,,,,,,,,,,,,,,Area Scan,CMOS,Camera Link,"Visible (400-700 nm), Near Infrared (700-1000 nm)","TurboDrive, T2IR, Power over Camera Link (PoCL)",G3-CC31-C2420,2448 x 2048,,Sony IMX264,3.45,CMOS,Global shutter,Color,,C-mount,"Image sync: Free-running, external trigger, CC1 trigger",Camera Link (Base configuration),IP40,Continuous  / Single Frame,"Programmable via camera API, or controlled via FrameGrabber",28.2 µs to 16.0 seconds,32 MB non-volatile memory,Manual,,Pixel correction,ROI,2 user configuration sets for custom camera settings,56.4,1x to 251x  (0 dB to 48 dB),,49 @470 nm,59 @525 nm,46 @630 nm,,10400,SDR  | SAMTEC TFM-105 type,"8-bit, 12-bit",44 mm x 44 mm x 21 mm,72 g,1 input (CC1),10 to 80% (no condensation),-20 to 65 °C,6.5 W  maximum  GPIO or PoCL,Power-Over-CameraLink (PoCL) or 10 to 30 V via GPIO,20 to 80% (no condensation),-40°C to 80°C,CameraLink (1 x SDR  cables),PoCL or External Camera Power Supply,"Lens, Cable, Host Adapter (CameraLink Frame Grabber)","CE, FCC, KCC, RoHS. The ECCN for this product is: EAR099.",CameraLink v.2.1,3 years,,2.3,,,,,,,,35,,,,,,,,,,,,,,,,,,,,,,,,,,,,,,,,,,,5,,,,,,,,,,,,,,,,,,,,,,,,,,,,,,,"2/3""",,,,,,4.7,,1 digital input (CC1),,,,,,,,,,,,,,5,2448 x 2048,3.45,35,Global shutter,,Color,"Visible (400-700 nm), Near Infrared (700-1000 nm)",C-mount,Camera Link (Base configuration),44 mm x 44 mm x 21 mm,72 g,CMOS
Teledyne Dalsa,Genie Nano-CL C2450 G3-CC30-C2450,Area Scan,Genie Nano-CL,,,,,,,,,,,,,,,,,,,,,,,,,,,,,,,,,,,,,,,Area Scan,CMOS,Camera Link,"Visible (400-700 nm), Near Infrared (700-1000 nm)","TurboDrive, T2IR, Power over Camera Link (PoCL)",G3-CC30-C2450,2464 x 2056,,Sony IMX250,3.45,CMOS,Global shutter,Color,,C-mount,"Image sync: Free-running, external trigger, CC1 trigger",Camera Link (Deca configuration),IP40,Continuous  / Single Frame,"Programmable via camera API, or controlled via FrameGrabber",19.4 µs to 16.0 seconds,32 MB non-volatile memory,Manual,,Pixel correction,ROI,2 user configuration sets for custom camera settings,56.4,1x to 251x  (0 dB to 48 dB),,49 @470 nm,59 @525 nm,46 @630 nm,,10400,SDR  | SAMTEC TFM-105 type,8-bit,44 mm x 44 mm x 23 mm,72 g,1 input (CC1),10 to 80% (no condensation),-20 to 65 °C,6.5 W  maximum  GPIO or PoCL,Power-Over-CameraLink (PoCL) or 10 to 30 V via GPIO,20 to 80% (no condensation),-40°C to 80°C,CameraLink (2 x SDR cables),PoCL or External Camera Power Supply,"Lens, Cable, Host Adapter (CameraLink Frame Grabber)","CE, FCC, KCC, RoHS. The ECCN for this product is: EAR099.",CameraLink v.2.1,3 years,,2.3,,,,,,,,141,,,,,,,,,,,,,,,,,,,,,,,,,,,,,,,,,,,5,,,,,,,,,,,,,,,,,,,,,,,,,,,,,,,"2/3""",,,,,,4.7,,1 digital input (CC1),,,,,,,,,,,,,,5,2464 x 2056,3.45,141,Global shutter,,Color,"Visible (400-700 nm), Near Infrared (700-1000 nm)",C-mount,Camera Link (Deca configuration),44 mm x 44 mm x 23 mm,72 g,CMOS
Teledyne Dalsa,Genie Nano-CL C4020 G3-CC31-C4020,Area Scan,Genie Nano-CL,,,,,,,,,,,,,,,,,,,,,,,,,,,,,,,,,,,,,,,Area Scan,CMOS,Camera Link,"Visible (400-700 nm), Near Infrared (700-1000 nm)","TurboDrive, T2IR, Power over Camera Link (PoCL)",G3-CC31-C4020,4112 x 3008,,Sony IMX304,3.45,CMOS,Global shutter,Color,,C-mount,"Image sync: Free-running, external trigger, CC1 trigger",Camera Link (Base configuration),IP40,Continuous  / Single Frame,"Programmable via camera API, or controlled via FrameGrabber",28.2 µs to 16.0 seconds,32 MB non-volatile memory,Manual,,Pixel correction,ROI,2 user configuration sets for custom camera settings,56.4,1x to 251x  (0 dB to 48 dB),,49 @470 nm,59 @525 nm,46 @630 nm,,10400,SDR  | SAMTEC TFM-105 type,"8-bit, 12-bit",44 mm x 44 mm x 21 mm,72 g,1 input (CC1),10 to 80% (no condensation),-20 to 65 °C,6.5 W  maximum  GPIO or PoCL,Power-Over-CameraLink (PoCL) or 10 to 30 V via GPIO,20 to 80% (no condensation),-40°C to 80°C,CameraLink (1 x SDR  cables),PoCL or External Camera Power Supply,"Lens, Cable, Host Adapter (CameraLink Frame Grabber)","CE, FCC, KCC, RoHS. The ECCN for this product is: EAR099.",CameraLink v.2.1,3 years,,4.5,,,,,,,,20,,,,,,,,,,,,,,,,,,,,,,,,,,,,,,,,,,,12.3,,,,,,,,,,,,,,,,,,,,,,,,,,,,,,,"1.1""",,,,,,4.7,,1 digital input (CC1),,,,,,,,,,,,,,12.3,4112 x 3008,3.45,20,Global shutter,,Color,"Visible (400-700 nm), Near Infrared (700-1000 nm)",C-mount,Camera Link (Base configuration),44 mm x 44 mm x 21 mm,72 g,CMOS
Teledyne Dalsa,Genie Nano-CL C4040 G3-CC30-C4040,Area Scan,Genie Nano-CL,,,,,,,,,,,,,,,,,,,,,,,,,,,,,,,,,,,,,,,Area Scan,CMOS,Camera Link,"Visible (400-700 nm), Near Infrared (700-1000 nm)","TurboDrive, T2IR, Power over Camera Link (PoCL)",G3-CC30-C4040,4112 x 3008,,Sony IMX253,3.45,CMOS,Global shutter,Color,,C-mount,"Image sync: Free-running, external trigger, CC1 trigger",Camera Link (Deca configuration),IP40,Continuous  / Single Frame,"Programmable via camera API, or controlled via FrameGrabber",19.4 µs to 16.0 seconds,32 MB non-volatile memory,Manual,,Pixel correction,ROI,2 user configuration sets for custom camera settings,56.4,1x to 251x  (0 dB to 48 dB),,49 @470 nm,59 @525 nm,46 @630 nm,,10400,SDR  | SAMTEC TFM-105 type,8-bit,44 mm x 44 mm x 23 mm,72 g,1 input (CC1),10 to 80% (no condensation),-20 to 65 °C,6.5 W  maximum  GPIO or PoCL,Power-Over-CameraLink (PoCL) or 10 to 30 V via GPIO,20 to 80% (no condensation),-40°C to 80°C,CameraLink (2 x SDR cables),PoCL or External Camera Power Supply,"Lens, Cable, Host Adapter (CameraLink Frame Grabber)","CE, FCC, KCC, RoHS. The ECCN for this product is: EAR099.",CameraLink v.2.1,3 years,,4.5,,,,,,,,64,,,,,,,,,,,,,,,,,,,,,,,,,,,,,,,,,,,12.3,,,,,,,,,,,,,,,,,,,,,,,,,,,,,,,"1.1""",,,,,,4.7,,1 digital input (CC1),,,,,,,,,,,,,,12.3,4112 x 3008,3.45,64,Global shutter,,Color,"Visible (400-700 nm), Near Infrared (700-1000 nm)",C-mount,Camera Link (Deca configuration),44 mm x 44 mm x 23 mm,72 g,CMOS
Teledyne Dalsa,Genie Nano-CL C4060 G3-CC30-C4060,Area Scan,Genie Nano-CL,,,,,,,,,,,,,,,,,,,,,,,,,,,,,,,,,,,,,,,Area Scan,CMOS,Camera Link,"Visible (400-700 nm), Near Infrared (700-1000 nm)","TurboDrive, T2IR, Power over Camera Link (PoCL)",G3-CC30-C4060,4112 x 2176,,Sony IMX255,3.45,CMOS,Global shutter,Color,,C-mount,"Image sync: Free-running, external trigger, CC1 trigger",Camera Link (Deca configuration),IP40,Continuous  / Single Frame,"Programmable via camera API, or controlled via FrameGrabber",19.4 µs to 16.0 seconds,32 MB non-volatile memory,Manual,,Pixel correction,ROI,2 user configuration sets for custom camera settings,56.4,1x to 251x  (0 dB to 48 dB),,49 @470 nm,59 @525 nm,46 @630 nm,,10400,SDR  | SAMTEC TFM-105 type,8-bit,44 mm x 44 mm x 23 mm,72 g,1 input (CC1),10 to 80% (no condensation),-20 to 65 °C,6.5 W  maximum  GPIO or PoCL,Power-Over-CameraLink (PoCL) or 10 to 30 V via GPIO,20 to 80% (no condensation),-40°C to 80°C,CameraLink (2 x SDR cables),PoCL or External Camera Power Supply,"Lens, Cable, Host Adapter (CameraLink Frame Grabber)","CE, FCC, KCC, RoHS. The ECCN for this product is: EAR099.",CameraLink v.2.1,3 years,,4.5,,,,,,,,88,,,,,,,,,,,,,,,,,,,,,,,,,,,,,,,,,,,8.9,,,,,,,,,,,,,,,,,,,,,,,,,,,,,,,"1""",,,,,,4.7,,1 digital input (CC1),,,,,,,,,,,,,,8.9,4112 x 2176,3.45,88,Global shutter,,Color,"Visible (400-700 nm), Near Infrared (700-1000 nm)",C-mount,Camera Link (Deca configuration),44 mm x 44 mm x 23 mm,72 g,CMOS
Teledyne Dalsa,Genie Nano-CL C4090 G3-CC10-C4095,Area Scan,Genie Nano-CL,,,,,,,,,,,,,,,,,,,,,,,,,,,,,,,,,,,,,,,Area Scan,CMOS,Camera Link,"Visible (400-700 nm), Near Infrared (700-1000 nm)","TurboDrive, T2IR, Power over Camera Link (PoCL)",G3-CC10-C4095,4096 x 4096,,onsemi Python 16K,4.5,CMOS,Global shutter,Color,,M42 x 1 mm,"Image sync: Free-running, external trigger, CC1 trigger",Camera Link (Deca configuration),IP40,Continuous  / Single Frame,"Programmable via camera API, or controlled via FrameGrabber",34 µs to 16.0 seconds,32 MB non-volatile memory,Manual,,Pixel correction and lens shading correction,ROI,2 user configuration sets for custom camera settings,55.2,1x to 16x,,38 @460 nm,47 @540 nm,48 @ 610 nm,,12000,SDR  | SAMTEC TFM-105 type,"8-bit, 10-bit",59 mm x 59 mm x 30 mm,163 g,1 input (CC1),10 to 80% (no condensation),-20 to 65 °C,6.5 W  maximum  GPIO or PoCL,Power-Over-CameraLink (PoCL) or 10 to 30 V via GPIO,20 to 80% (no condensation),-40°C to 80°C,CameraLink (2 x SDR cables),PoCL or External Camera Power Supply,"Lens, Cable, Host Adapter (CameraLink Frame Grabber)","CE, FCC, KCC, RoHS. The ECCN for this product is: EAR099.",CameraLink v.2.1,3 years,,14,,,,,,,,45,,,,,,,,,,,,,,,,,,,,,,,,,,,,,,,,,,,16.7,,,,,,,,,,,,,,,,,,,,,,,,,,,,,,,APS-H,,,,,,,,1 digital input (CC1),,,,,,,,,,,,,,16.7,4096 x 4096,4.5,45,Global shutter,,Color,"Visible (400-700 nm), Near Infrared (700-1000 nm)",M42 x 1 mm,Camera Link (Deca configuration),59 mm x 59 mm x 30 mm,163 g,CMOS
Teledyne Dalsa,Genie Nano-CL C5100 G3-CC10-C5105,Area Scan,Genie Nano-CL,,,,,,,,,,,,,,,,,,,,,,,,,,,,,,,,,,,,,,,Area Scan,CMOS,Camera Link,"Visible (400-700 nm), Near Infrared (700-1000 nm)","TurboDrive, T2IR, Power over Camera Link (PoCL)",G3-CC10-C5105,5112 x 5112,,onsemi Python 25K,4.5,CMOS,Global shutter,Color,,M42 x 1 mm,"Image sync: Free-running, external trigger, CC1 trigger",Camera Link (Deca configuration),IP40,Continuous  / Single Frame,"Programmable via camera API, or controlled via FrameGrabber",34 µs to 16 seconds,32 MB non-volatile memory,Manual,,Pixel correction and lens shading correction,ROI,2 user configuration sets for custom camera settings,55.2,1x to 16x,,38 @460 nm,47 @540 nm,48 @ 610 nm,,12000,SDR  | SAMTEC TFM-105 type,"8-bit, 10-bit",59 mm x 59 mm x 30 mm,163 g,1 input (CC1),10 to 80% (no condensation),-20 to 65 °C,6.5 W  maximum  GPIO or PoCL,Power-Over-CameraLink (PoCL) or 10 to 30 V via GPIO,20 to 80% (no condensation),-40°C to 80°C,CameraLink (2 x SDR cables),PoCL or External Camera Power Supply,"Lens, Cable, Host Adapter (CameraLink Frame Grabber)","CE, FCC, KCC, RoHS. The ECCN for this product is: EAR099.",CameraLink v.2.1,3 years,,14,,,,,,,,32,,,,,,,,,,,,,,,,,,,,,,,,,,,,,,,,,,,26.1,,,,,,,,,,,,,,,,,,,,,,,,,,,,,,,APS-H,,,,,,,,1 digital input (CC1),,,,,,,,,,,,,,26.1,5112 x 5112,4.5,32,Global shutter,,Color,"Visible (400-700 nm), Near Infrared (700-1000 nm)",M42 x 1 mm,Camera Link (Deca configuration),59 mm x 59 mm x 30 mm,163 g,CMOS
Teledyne Dalsa,Genie Nano-CL M2420 G3-CM31-M2420,Area Scan,Genie Nano-CL,,,,,,,,,,,,,,,,,,,,,,,,,,,,,,,,,,,,,,,Area Scan,CMOS,Camera Link,"Visible (400-700 nm), Near Infrared (700-1000 nm)","TurboDrive, T2IR, Power over Camera Link (PoCL)",G3-CM31-M2420,2448 x 2048,,Sony IMX264,3.45,CMOS,Global shutter,Mono,,C-mount,"Image sync: Free-running, external trigger, CC1 trigger",Camera Link (Base configuration),IP40,Continuous  / Single Frame,"Programmable via camera API, or controlled via FrameGrabber",28.2 µs to 16.0 seconds,32 MB non-volatile memory,Manual,,Pixel correction,ROI,2 user configuration sets for custom camera settings,56.4,1x to 251x  (0 dB to 48 dB),,,,,,10400,SDR  | SAMTEC TFM-105 type,"8-bit, 12-bit",44 mm x 44 mm x 21 mm,72 g,1 input (CC1),10 to 80% (no condensation),-20 to 65 °C,6.5 W  maximum  GPIO or PoCL,Power-Over-CameraLink (PoCL) or 10 to 30 V via GPIO,20 to 80% (no condensation),-40°C to 80°C,CameraLink (1 x SDR  cables),PoCL or External Camera Power Supply,"Lens, Cable, Host Adapter (CameraLink Frame Grabber)","CE, FCC, KCC, RoHS. The ECCN for this product is: EAR099.",CameraLink v.2.1,3 years,62 @530 nm,2.3,,,,,,,,35,,,,,,,,,,,,,,,,,,,,,,,,,,,,,,,,,,,5,,,,,,,,,,,,,,,,,,,,,,,,,,,,,,,"2/3""",,,,,,4.7,,1 digital input (CC1),,,,,,,,,,,,,,5,2448 x 2048,3.45,35,Global shutter,,Mono,"Visible (400-700 nm), Near Infrared (700-1000 nm)",C-mount,Camera Link (Base configuration),44 mm x 44 mm x 21 mm,72 g,CMOS
Teledyne Dalsa,Genie Nano-CL M2450 G3-CM30-M2450,Area Scan,Genie Nano-CL,,,,,,,,,,,,,,,,,,,,,,,,,,,,,,,,,,,,,,,Area Scan,CMOS,Camera Link,"Visible (400-700 nm), Near Infrared (700-1000 nm)","TurboDrive, T2IR, Power over Camera Link (PoCL)",G3-CM30-M2450,2464 x 2056,,Sony IMX250,3.45,CMOS,Global shutter,Mono,,C-mount,"Image sync: Free-running, external trigger, CC1 trigger",Camera Link (Deca configuration),IP40,Continuous  / Single Frame,"Programmable via camera API, or controlled via FrameGrabber",19.4 µs to 16.0 seconds,32 MB non-volatile memory,Manual,,Pixel correction,ROI,2 user configuration sets for custom camera settings,56.4,1x to 251x  (0 dB to 48 dB),,,,,,10400,SDR  | SAMTEC TFM-105 type,8-bit,44 mm x 44 mm x 23 mm,72 g,1 input (CC1),10 to 80% (no condensation),-20 to 65 °C,6.5 W  maximum  GPIO or PoCL,Power-Over-CameraLink (PoCL) or 10 to 30 V via GPIO,20 to 80% (no condensation),-40°C to 80°C,CameraLink (2 x SDR cables),PoCL or External Camera Power Supply,"Lens, Cable, Host Adapter (CameraLink Frame Grabber)","CE, FCC, KCC, RoHS. The ECCN for this product is: EAR099.",CameraLink v.2.1,3 years,62 @530 nm,2.3,,,,,,,,141,,,,,,,,,,,,,,,,,,,,,,,,,,,,,,,,,,,5,,,,,,,,,,,,,,,,,,,,,,,,,,,,,,,"2/3""",,,,,,4.7,,1 digital input (CC1),,,,,,,,,,,,,,5,2464 x 2056,3.45,141,Global shutter,,Mono,"Visible (400-700 nm), Near Infrared (700-1000 nm)",C-mount,Camera Link (Deca configuration),44 mm x 44 mm x 23 mm,72 g,CMOS
Teledyne Dalsa,Genie Nano-CL M4020 G3-CM31-M4020,Area Scan,Genie Nano-CL,,,,,,,,,,,,,,,,,,,,,,,,,,,,,,,,,,,,,,,Area Scan,CMOS,Camera Link,"Visible (400-700 nm), Near Infrared (700-1000 nm)","TurboDrive, T2IR, Power over Camera Link (PoCL)",G3-CM31-M4020,4112 x 3008,,Sony IMX304,3.45,CMOS,Global shutter,Mono,,C-mount,"Image sync: Free-running, external trigger, CC1 trigger",Camera Link (Base configuration),IP40,Continuous  / Single Frame,"Programmable via camera API, or controlled via FrameGrabber",28.2 µs to 16.0 seconds,32 MB non-volatile memory,Manual,,Pixel correction,ROI,2 user configuration sets for custom camera settings,56.4,1x to 251x  (0 dB to 48 dB),,,,,,10400,SDR  | SAMTEC TFM-105 type,"8-bit, 12-bit",44 mm x 44 mm x 21 mm,72 g,1 input (CC1),10 to 80% (no condensation),-20 to 65 °C,6.5 W  maximum  GPIO or PoCL,Power-Over-CameraLink (PoCL) or 10 to 30 V via GPIO,20 to 80% (no condensation),-40°C to 80°C,CameraLink (1 x SDR  cables),PoCL or External Camera Power Supply,"Lens, Cable, Host Adapter (CameraLink Frame Grabber)","CE, FCC, KCC, RoHS. The ECCN for this product is: EAR099.",CameraLink v.2.1,3 years,62 @530 nm,4.5,,,,,,,,20,,,,,,,,,,,,,,,,,,,,,,,,,,,,,,,,,,,12.3,,,,,,,,,,,,,,,,,,,,,,,,,,,,,,,"1.1""",,,,,,4.7,,1 digital input (CC1),,,,,,,,,,,,,,12.3,4112 x 3008,3.45,20,Global shutter,,Mono,"Visible (400-700 nm), Near Infrared (700-1000 nm)",C-mount,Camera Link (Base configuration),44 mm x 44 mm x 21 mm,72 g,CMOS
Teledyne Dalsa,Genie Nano-CL M4040 G3-CM30-M4040,Area Scan,Genie Nano-CL,,,,,,,,,,,,,,,,,,,,,,,,,,,,,,,,,,,,,,,Area Scan,CMOS,Camera Link,"Visible (400-700 nm), Near Infrared (700-1000 nm)","TurboDrive, T2IR, Power over Camera Link (PoCL)",G3-CM30-M4040,4112 x 3008,,Sony IMX253,3.45,CMOS,Global shutter,Mono,,C-mount,"Image sync: Free-running, external trigger, CC1 trigger",Camera Link (Deca configuration),IP40,Continuous  / Single Frame,"Programmable via camera API, or controlled via FrameGrabber",19.4 µs to 16.0 seconds,32 MB non-volatile memory,Manual,,Pixel correction,"Pixel binning,  ROI",2 user configuration sets for custom camera settings,56.4,1x to 251x  (0 dB to 48 dB),,,,,,10400,SDR  | SAMTEC TFM-105 type,8-bit,44 mm x 44 mm x 23 mm,72 g,1 input (CC1),10 to 80% (no condensation),-20 to 65 °C,6.5 W  maximum  GPIO or PoCL,Power-Over-CameraLink (PoCL) or 10 to 30 V via GPIO,20 to 80% (no condensation),-40°C to 80°C,CameraLink (2 x SDR cables),PoCL or External Camera Power Supply,"Lens, Cable, Host Adapter (CameraLink Frame Grabber)","CE, FCC, KCC, RoHS. The ECCN for this product is: EAR099.",CameraLink v.2.1,3 years,62 @530 nm,4.5,,,,,,,,64,,,,,,,,,,,,,,,,,,,,,,,,,,,,,,,,,,,12.3,,,,,,,,,,,,,,,,,,,,,,,,,,,,,,,"1.1""",,,,,,4.7,,1 digital input (CC1),,,,,,,,,,,,,,12.3,4112 x 3008,3.45,64,Global shutter,,Mono,"Visible (400-700 nm), Near Infrared (700-1000 nm)",C-mount,Camera Link (Deca configuration),44 mm x 44 mm x 23 mm,72 g,CMOS
Teledyne Dalsa,Genie Nano-CL M4060 G3-CM30-M4060,Area Scan,Genie Nano-CL,,,,,,,,,,,,,,,,,,,,,,,,,,,,,,,,,,,,,,,Area Scan,CMOS,Camera Link,"Visible (400-700 nm), Near Infrared (700-1000 nm)","TurboDrive, T2IR, Power over Camera Link (PoCL)",G3-CM30-M4060,4112 x 2176,,Sony IMX255,3.45,CMOS,Global shutter,Mono,,C-mount,"Image sync: Free-running, external trigger, CC1 trigger",Camera Link (Deca configuration),IP40,Continuous  / Single Frame,"Programmable via camera API, or controlled via FrameGrabber",19.4 µs to 16.0 seconds,32 MB non-volatile memory,Manual,,Pixel correction,"Pixel binning,  ROI",2 user configuration sets for custom camera settings,56.4,1x to 251x  (0 dB to 48 dB),,,,,,10400,SDR  | SAMTEC TFM-105 type,8-bit,44 mm x 44 mm x 23 mm,72 g,1 input (CC1),10 to 80% (no condensation),-20 to 65 °C,6.5 W  maximum  GPIO or PoCL,Power-Over-CameraLink (PoCL) or 10 to 30 V via GPIO,20 to 80% (no condensation),-40°C to 80°C,CameraLink (2 x SDR cables),PoCL or External Camera Power Supply,"Lens, Cable, Host Adapter (CameraLink Frame Grabber)","CE, FCC, KCC, RoHS. The ECCN for this product is: EAR099.",CameraLink v.2.1,3 years,62 @530 nm,4.5,,,,,,,,88,,,,,,,,,,,,,,,,,,,,,,,,,,,,,,,,,,,8.9,,,,,,,,,,,,,,,,,,,,,,,,,,,,,,,"1""",,,,,,4.7,,1 digital input (CC1),,,,,,,,,,,,,,8.9,4112 x 2176,3.45,88,Global shutter,,Mono,"Visible (400-700 nm), Near Infrared (700-1000 nm)",C-mount,Camera Link (Deca configuration),44 mm x 44 mm x 23 mm,72 g,CMOS
Teledyne Dalsa,Genie Nano-CL M4090 G3-CM10-M4095,Area Scan,Genie Nano-CL,,,,,,,,,,,,,,,,,,,,,,,,,,,,,,,,,,,,,,,Area Scan,CMOS,Camera Link,"Visible (400-700 nm), Near Infrared (700-1000 nm)","TurboDrive, T2IR, Power over Camera Link (PoCL)",G3-CM10-M4095,4096 x 4096,,onsemi Python 16K,4.5,CMOS,Global shutter,Mono,,M42 x 1 mm,"Image sync: Free-running, external trigger, CC1 trigger",Camera Link (Deca configuration),IP40,Continuous  / Single Frame,"Programmable via camera API, or controlled via FrameGrabber",34 µs to 16.0 seconds,32 MB non-volatile memory,Manual,,Pixel correction and lens shading correction,ROI,2 user configuration sets for custom camera settings,55.2,1x to 16x,,,,,,12000,SDR  | SAMTEC TFM-105 type,"8-bit, 10-bit",59 mm x 59 mm x 30 mm,163 g,1 input (CC1),10 to 80% (no condensation),-20 to 65 °C,6.5 W  maximum  GPIO or PoCL,Power-Over-CameraLink (PoCL) or 10 to 30 V via GPIO,20 to 80% (no condensation),-40°C to 80°C,CameraLink (2 x SDR cables),PoCL or External Camera Power Supply,"Lens, Cable, Host Adapter (CameraLink Frame Grabber)","CE, FCC, KCC, RoHS. The ECCN for this product is: EAR099.",CameraLink v.2.1,3 years,51 @570 nm,14,,,,,,,,45,,,,,,,,,,,,,,,,,,,,,,,,,,,,,,,,,,,16.7,,,,,,,,,,,,,,,,,,,,,,,,,,,,,,,APS-H,,,,,,,,1 digital input (CC1),,,,,,,,,,,,,,16.7,4096 x 4096,4.5,45,Global shutter,,Mono,"Visible (400-700 nm), Near Infrared (700-1000 nm)",M42 x 1 mm,Camera Link (Deca configuration),59 mm x 59 mm x 30 mm,163 g,CMOS
Teledyne Dalsa,Genie Nano-CL M4090-NIR G3-CM12-M4095,Area Scan,Genie Nano-CL,,,,,,,,,,,,,,,,,,,,,,,,,,,,,,,,,,,,,,,Area Scan,CMOS,Camera Link,"Visible (400-700 nm), Near Infrared (700-1000 nm)","TurboDrive, T2IR, Power over Camera Link (PoCL)",G3-CM12-M4095,4096 x 4096,,onsemi Python16K NIR,4.5,CMOS,Global shutter,"Mono, NIR-enhanced",,M42 x 1 mm,"Image sync: Free-running, external trigger, CC1 trigger",Camera Link (Deca configuration),IP40,Continuous  / Single Frame,"Programmable via camera API, or controlled via FrameGrabber",34 µs to 16 seconds,32 MB non-volatile memory,Manual,,Pixel correction and lens shading correction,ROI,2 user configuration sets for custom camera settings,55.2,1x to 16x,,,,,,12000,SDR  | SAMTEC TFM-105 type,"8-bit, 10-bit",59 mm x 59 mm x 30 mm,163 g,1 input (CC1),10 to 80% (no condensation),-20 to 65 °C,6.5 W  maximum  GPIO or PoCL,Power-Over-CameraLink (PoCL) or 10 to 30 V via GPIO,20 to 80% (no condensation),-40°C to 80°C,CameraLink (2 x SDR cables),PoCL or External Camera Power Supply,"Lens, Cable, Host Adapter (CameraLink Frame Grabber)","CE, FCC, KCC, RoHS. The ECCN for this product is: EAR099.",CameraLink v.2.1,3 years,55 @640 nm,14,,,,,,,,45,,,,,,,,,,,,,,,,,,,,,,,,,,,,,,,,,,,16.7,,,,,,,,,,,,,,,,,,,,,,,,,,,,,,,APS-C,,,,,,,,1 digital input (CC1),,,,,,,,,,,,,,16.7,4096 x 4096,4.5,45,Global shutter,,"Mono, NIR-enhanced","Visible (400-700 nm), Near Infrared (700-1000 nm)",M42 x 1 mm,Camera Link (Deca configuration),59 mm x 59 mm x 30 mm,163 g,CMOS
Teledyne Dalsa,Genie Nano-CL M5100 G3-CM10-M5105,Area Scan,Genie Nano-CL,,,,,,,,,,,,,,,,,,,,,,,,,,,,,,,,,,,,,,,Area Scan,CMOS,Camera Link,"Visible (400-700 nm), Near Infrared (700-1000 nm)","TurboDrive, T2IR, Power over Camera Link (PoCL)",G3-CM10-M5105,5112 x 5112,,onsemi Python 25K,4.5,CMOS,Global shutter,Mono,,M42 x 1 mm,"Image sync: Free-running, external trigger, CC1 trigger",Camera Link (Deca configuration),IP40,Continuous  / Single Frame,"Programmable via camera API, or controlled via FrameGrabber",34 µs to 16 seconds,32 MB non-volatile memory,Manual,,Pixel correction and lens shading correction,ROI,2 user configuration sets for custom camera settings,55.2,1x to 16x,,,,,,12000,SDR  | SAMTEC TFM-105 type,"8-bit, 10-bit",59 mm x 59 mm x 30 mm,163 g,1 input (CC1),10 to 80% (no condensation),-20 to 65 °C,6.5 W  maximum  GPIO or PoCL,Power-Over-CameraLink (PoCL) or 10 to 30 V via GPIO,20 to 80% (no condensation),-40°C to 80°C,CameraLink (2 x SDR cables),PoCL or External Camera Power Supply,"Lens, Cable, Host Adapter (CameraLink Frame Grabber)","CE, FCC, KCC, RoHS. The ECCN for this product is: EAR099.",CameraLink v.2.1,3 years,51 @570 nm,14,,,,,,,,32,,,,,,,,,,,,,,,,,,,,,,,,,,,,,,,,,,,26.1,,,,,,,,,,,,,,,,,,,,,,,,,,,,,,,APS-H,,,,,,,,1 digital input (CC1),,,,,,,,,,,,,,26.1,5112 x 5112,4.5,32,Global shutter,,Mono,"Visible (400-700 nm), Near Infrared (700-1000 nm)",M42 x 1 mm,Camera Link (Deca configuration),59 mm x 59 mm x 30 mm,163 g,CMOS
Teledyne Dalsa,Genie Nano-CL M5100-NIR G3-CM12-M5105,Area Scan,Genie Nano-CL,,,,,,,,,,,,,,,,,,,,,,,,,,,,,,,,,,,,,,,Area Scan,CMOS,Camera Link,"Visible (400-700 nm), Near Infrared (700-1000 nm)","TurboDrive, T2IR, Power over Camera Link (PoCL)",G3-CM12-M5105,5120 x 5120,,onsemi Python25K NIR,4.5,CMOS,Global shutter,"Mono, NIR-enhanced",,M42 x 1 mm,"Image sync: Free-running, external trigger, CC1 trigger",Camera Link (Deca configuration),IP40,Continuous  / Single Frame,"Programmable via camera API, or controlled via FrameGrabber",34 µs to 16 seconds,32 MB non-volatile memory,Manual,,Pixel correction and lens shading correction,ROI,2 user configuration sets for custom camera settings,55.2,1x to 16x,,,,,,12000,SDR  | SAMTEC TFM-105 type,"8-bit, 10-bit",59 mm x 59 mm x 30 mm,163 g,1 input (CC1),10 to 80% (no condensation),-20 to 65 °C,6.5 W  maximum  GPIO or PoCL,Power-Over-CameraLink (PoCL) or 10 to 30 V via GPIO,20 to 80% (no condensation),-40°C to 80°C,CameraLink (2 x SDR cables),PoCL or External Camera Power Supply,"Lens, Cable, Host Adapter (CameraLink Frame Grabber)","CE, FCC, KCC, RoHS. The ECCN for this product is: EAR099.",CameraLink v.2.1,3 years,55 @640 nm,14,,,,,,,,32,,,,,,,,,,,,,,,,,,,,,,,,,,,,,,,,,,,26.1,,,,,,,,,,,,,,,,,,,,,,,,,,,,,,,APS-H,,,,,,,,1 digital input (CC1),,,,,,,,,,,,,,26.1,5120 x 5120,4.5,32,Global shutter,,"Mono, NIR-enhanced","Visible (400-700 nm), Near Infrared (700-1000 nm)",M42 x 1 mm,Camera Link (Deca configuration),59 mm x 59 mm x 30 mm,163 g,CMOS
Teledyne Dalsa,Genie Nano-CXP C4090 G3-XC30-C4095,Area Scan,Genie Nano-CXP,,,,,,,,,,,,,,,,,,,,,,,,,,,,,,,,,,,,,,,Area Scan,CMOS,CoaXPress,"Visible (400-700 nm), Near Infrared (700-1000 nm)",,G3-XC30-C4095,4096 x 4096,,onsemi Python 16K,4.5,CMOS,Global shutter,Color,,M42 x 1 mm,"Image sync: Free-running, software trigger, CXP trigger",CoaXPress (6.125 Gbps),IP40,Continuous  / Single Frame,"Programmable via camera API, or controlled via FrameGrabber",34 µs to 10 seconds,32 MB non-volatile memory,Manual,,"Lookup table, pixel correction and lens shading correction","ROI, Muti-ROI",2 user configuration sets for custom camera settings,55.0,1x to 16x,,38 @460 nm,47 @540 nm,48 @ 610 nm,,12000,DIN 1.0/2.3  | SAMTEC TFM-105 type,"8-bit, 10-bit",52 mm x 59 mm x 32 mm,163 g,,10 to 80% (no condensation),-20 to 60 °C,13 W maximum GPIO,Power over CoaXPress (PoCXP)  requires 2 × DIN connectors  or 12 to 24 V via GPIO,20 to 80% (no condensation),-40°C to 80°C,CXP6 x 4 Lanes,PoCXP or External Camera Power Supply,"Lens, Cable, Host Adapter (CXP6 Frame Grabber)","CE, FCC, KCC, RoHS. The ECCN for this product is: EAR099.",CoaXPress 1.1,3 years,,14,,,,,,,,120,,,,,,,,,,,,,,,,,,,,,,,,,,,,,,,,,,,16.7,,,,,,,,,,,,,,,,,,,,,,,,,,,,,,,APS-H,,,,,,,,SAMTEC TFM-105 type,Global Shutter,,,,,,,,,,,,,16.7,4096 x 4096,4.5,120,Global shutter,,Color,"Visible (400-700 nm), Near Infrared (700-1000 nm)",M42 x 1 mm,CoaXPress (6.125 Gbps),52 mm x 59 mm x 32 mm,163 g,CMOS
Teledyne Dalsa,Genie Nano-CXP C5100 G3-XC30-C5105,Area Scan,Genie Nano-CXP,,,,,,,,,,,,,,,,,,,,,,,,,,,,,,,,,,,,,,,Area Scan,CMOS,CoaXPress,"Visible (400-700 nm), Near Infrared (700-1000 nm)",,G3-XC30-C5105,5120 x 5120,,onsemi Python 25K,4.5,CMOS,Global shutter,Color,,M42 x 1 mm,"Image sync: Free-running, software trigger, CXP trigger",CoaXPress (6.125 Gbps),IP40,Continuous  / Single Frame,"Programmable via camera API, or controlled via FrameGrabber",34 µs to 10 seconds,32 MB non-volatile memory,Manual,,"Lookup table, pixel correction and lens shading correction","ROI, Muti-ROI",2 user configuration sets for custom camera settings,55.0,1x to 16x,,38 @460 nm,47 @540 nm,48 @ 610 nm,,12000,DIN 1.0/2.3  | SAMTEC TFM-105 type,"8-bit, 10-bit",53 mm x 59 mm x 32 mm,163 g,,10 to 80% (no condensation),-20 to 60 °C,13 W maximum GPIO,Power over CoaXPress (PoCXP)  requires 2 × DIN connectors  or 12 to 24 V via GPIO,20 to 80% (no condensation),-40°C to 80°C,CXP6 x 4 Lanes,PoCXP or External Camera Power Supply,"Lens, Cable, Host Adapter (CXP6 Frame Grabber)","CE, FCC, KCC, RoHS. The ECCN for this product is: EAR099.",CoaXPress 1.1,3 years,,14,,,,,,,,80,,,,,,,,,,,,,,,,,,,,,,,,,,,,,,,,,,,26.2,,,,,,,,,,,,,,,,,,,,,,,,,,,,,,,APS-H,,,,,,,,SAMTEC TFM-105 type,Global Shutter,,,,,,,,,,,,,26.2,5120 x 5120,4.5,80,Global shutter,,Color,"Visible (400-700 nm), Near Infrared (700-1000 nm)",M42 x 1 mm,CoaXPress (6.125 Gbps),53 mm x 59 mm x 32 mm,163 g,CMOS
Teledyne Dalsa,Genie Nano-CXP C6200 G3-XC01-C6205,Area Scan,Genie Nano-CXP,,,,,,,,,,,,,,,,,,,,,,,,,,,,,,,,,,,,,,,Area Scan,CMOS,CoaXPress,"Visible (400-700 nm), Near Infrared (700-1000 nm)",,G3-XC01-C6205,6144 x 6144,,Teledyne e2v Emerald 36M,2.5,CMOS,Global shutter,Color,,M42 x 1 mm,"Image sync: Free-running, software trigger, external trigger, CXP trigger",CoaXPress (6.125 Gbps),IP40,Continuous  / Single Frame,"Programmable via camera API, or controlled via FrameGrabber",14 µs to 10 seconds,32 MB non-volatile memory,Manual,,"Lookup table, pixel correction and lens shading correction","ROI, Muti-ROI",2 user configuration sets for custom camera settings,62.0,1x to 4x,,50 @450 nm,59 @530 nm,39 @605 nm,,6000,DIN 1.0/2.3  | SAMTEC TFM-105 type,"8-bit, 10-bit",50 mm x 59 mm x 32 mm,163 g,,10 to 80% (no condensation),-20 to 60 °C,13 W maximum GPIO,Power over CoaXPress (PoCXP)  requires 2 × DIN connectors  or 12 to 24 V via GPIO,20 to 80% (no condensation),-40°C to 80°C,CXP6 x 4 Lanes,PoCXP or External Camera Power Supply,"Lens, Cable, Host Adapter (CXP6 Frame Grabber)","CE, FCC, KCC, RoHS. The ECCN for this product is: EAR099.",CoaXPress 1.1,3 years,,4.5,,"2 input, 2 output",,,,,,43,,,,,,,,,,,,,,,,,,,,,,,,,,,,,,,,,,,37.7,,,,,,,,,,,,,,,,,,,,,,,,,,,,,,,"1.4""",,,,,,,,SAMTEC TFM-105 type,Global Shutter,,,,,,,,,,,,,37.7,6144 x 6144,2.5,43,Global shutter,,Color,"Visible (400-700 nm), Near Infrared (700-1000 nm)",M42 x 1 mm,CoaXPress (6.125 Gbps),50 mm x 59 mm x 32 mm,163 g,CMOS
Teledyne Dalsa,Genie Nano-CXP C8200 G3-XC01-C8205,Area Scan,Genie Nano-CXP,,,,,,,,,,,,,,,,,,,,,,,,,,,,,,,,,,,,,,,Area Scan,CMOS,CoaXPress,"Visible (400-700 nm), Near Infrared (700-1000 nm)",,G3-XC01-C8205,8192 x 8192,,Teledyne e2v Emerald 67M,2.5,CMOS,Global shutter,Color,,M42 x 1 mm,"Image sync: Free-running, software trigger, external trigger, CXP trigger",CoaXPress (6.125 Gbps),IP40,Continuous  / Single Frame,"Hardware trigger, programmable via camera API, or controlled via FrameGrabber",14 µs to 10 seconds,32 MB non-volatile memory,Manual,,"Lookup table, pixel correction and lens shading correction","ROI, Muti-ROI",2 user configuration sets for custom camera settings,62.0,1x to 4x,,50 @450 nm,59 @530 nm,39 @605 nm,,6000,DIN 1.0/2.3  | SAMTEC TFM-105 type,"8-bit, 10-bit",51 mm x 59 mm x 32 mm,163 g,,10 to 80% (no condensation),-20 to 60 °C,13 W maximum GPIO,Power over CoaXPress (PoCXP)  requires 2 × DIN connectors  or 12 to 24 V via GPIO,20 to 80% (no condensation),-40°C to 80°C,CXP6 x 4 Lanes,PoCXP or External Camera Power Supply,"Lens, Cable, Host Adapter (CXP6 Frame Grabber)","CE, FCC, KCC, RoHS. The ECCN for this product is: EAR099.",CoaXPress 1.1,3 years,,4.5,,"2 input, 2 output",,,,,,30,,,,,,,,,,,,,,,,,,,,,,,,,,,,,,,,,,,67.1,,,,,,,,,,,,,,,,,,,,,,,,,,,,,,,APS-C,,,,,,,,SAMTEC TFM-105 type,Global Shutter,,,,,,,,,,,,,67.1,8192 x 8192,2.5,30,Global shutter,,Color,"Visible (400-700 nm), Near Infrared (700-1000 nm)",M42 x 1 mm,CoaXPress (6.125 Gbps),51 mm x 59 mm x 32 mm,163 g,CMOS
Teledyne Dalsa,Genie Nano-CXP M4090 G3-XM30-M4095,Area Scan,Genie Nano-CXP,,,,,,,,,,,,,,,,,,,,,,,,,,,,,,,,,,,,,,,Area Scan,CMOS,CoaXPress,"Visible (400-700 nm), Near Infrared (700-1000 nm)",,G3-XM30-M4095,4096 x 4096,,onsemi Python 16K,4.5,CMOS,Global shutter,Mono,,M42 x 1 mm,"Image sync: Free-running, software trigger, CXP trigger",CoaXPress (6.125 Gbps),IP40,Continuous  / Single Frame,"Programmable via camera API, or controlled via FrameGrabber",34 µs to 10 seconds,32 MB non-volatile memory,Manual,,"Lookup table, pixel correction and lens shading correction","Pixel binning,  ROI, Muti-ROI",2 user configuration sets for custom camera settings,55.0,1x to 16x,,,,,,12000,DIN 1.0/2.3  | SAMTEC TFM-105 type,"8-bit, 10-bit",56 mm x 59 mm x 32 mm,163 g,,10 to 80% (no condensation),-20 to 60 °C,13 W maximum GPIO,Power over CoaXPress (PoCXP)  requires 2 × DIN connectors  or 12 to 24 V via GPIO,20 to 80% (no condensation),-40°C to 80°C,CXP6 x 4 Lanes,PoCXP or External Camera Power Supply,"Lens, Cable, Host Adapter (CXP6 Frame Grabber)","CE, FCC, KCC, RoHS. The ECCN for this product is: EAR099.",CoaXPress 1.1,3 years,51 @570 nm,14,,,,,,,,120,,,,,,,,,,,,,,,,,,,,,,,,,,,,,,,,,,,16.7,,,,,,,,,,,,,,,,,,,,,,,,,,,,,,,APS-H,,,,,,,,SAMTEC TFM-105 type,Global Shutter,,,,,,,,,,,,,16.7,4096 x 4096,4.5,120,Global shutter,,Mono,"Visible (400-700 nm), Near Infrared (700-1000 nm)",M42 x 1 mm,CoaXPress (6.125 Gbps),56 mm x 59 mm x 32 mm,163 g,CMOS
Teledyne Dalsa,Genie Nano-CXP M4090-NIR G3-XM32-M4095,Area Scan,Genie Nano-CXP,,,,,,,,,,,,,,,,,,,,,,,,,,,,,,,,,,,,,,,Area Scan,CMOS,CoaXPress,"Visible (400-700 nm), Near Infrared (700-1000 nm)",,G3-XM32-M4095,4096 x 4096,,onsemi Python16K NIR,4.5,CMOS,Global shutter,"Mono, NIR-enhanced",,M42 x 1 mm,"Image sync: Free-running, software trigger, CXP trigger",CoaXPress (6.125 Gbps),IP40,Continuous  / Single Frame,"Programmable via camera API, or controlled via FrameGrabber",34 µs to 10 seconds,32 MB non-volatile memory,Manual,,"Lookup table, pixel correction and lens shading correction","Pixel binning,  ROI, Muti-ROI",2 user configuration sets for custom camera settings,55.2,1x to 16x,,,,,,12000,DIN 1.0/2.3  | SAMTEC TFM-105 type,"8-bit, 10-bit",58 mm x 59 mm x 32 mm,163 g,,10 to 80% (no condensation),-20 to 60 °C,13 W maximum GPIO,Power over CoaXPress (PoCXP)  requires 2 × DIN connectors  or 12 to 24 V via GPIO,20 to 80% (no condensation),-40°C to 80°C,CXP6 x 4 Lanes,PoCXP or External Camera Power Supply,"Lens, Cable, Host Adapter (CXP6 Frame Grabber)","CE, FCC, KCC, RoHS. The ECCN for this product is: EAR099.",CoaXPress 1.1,3 years,55 @640 nm,14,,,,,,,,120,,,,,,,,,,,,,,,,,,,,,,,,,,,,,,,,,,,16.7,,,,,,,,,,,,,,,,,,,,,,,,,,,,,,,APS-C,,,,,,,,SAMTEC TFM-105 type,Global Shutter,,,,,,,,,,,,,16.7,4096 x 4096,4.5,120,Global shutter,,"Mono, NIR-enhanced","Visible (400-700 nm), Near Infrared (700-1000 nm)",M42 x 1 mm,CoaXPress (6.125 Gbps),58 mm x 59 mm x 32 mm,163 g,CMOS
Teledyne Dalsa,Genie Nano-CXP M5100 G3-XM30-M5105,Area Scan,Genie Nano-CXP,,,,,,,,,,,,,,,,,,,,,,,,,,,,,,,,,,,,,,,Area Scan,CMOS,CoaXPress,"Visible (400-700 nm), Near Infrared (700-1000 nm)",,G3-XM30-M5105,5120 x 5120,,onsemi Python 25K,4.5,CMOS,Global shutter,Mono,,M42 x 1 mm,"Image sync: Free-running, software trigger, CXP trigger",CoaXPress (6.125 Gbps),IP40,Continuous  / Single Frame,"Programmable via camera API, or controlled via FrameGrabber",34 µs to 10 seconds,32 MB non-volatile memory,Manual,,"Lookup table, pixel correction and lens shading correction","Pixel binning,  ROI, Muti-ROI",2 user configuration sets for custom camera settings,55.0,1x to 16x,,,,,,12000,DIN 1.0/2.3  | SAMTEC TFM-105 type,"8-bit, 10-bit",57 mm x 59 mm x 32 mm,163 g,,10 to 80% (no condensation),-20 to 60 °C,13 W maximum GPIO,Power over CoaXPress (PoCXP)  requires 2 × DIN connectors  or 12 to 24 V via GPIO,20 to 80% (no condensation),-40°C to 80°C,CXP6 x 4 Lanes,PoCXP or External Camera Power Supply,"Lens, Cable, Host Adapter (CXP6 Frame Grabber)","CE, FCC, KCC, RoHS. The ECCN for this product is: EAR099.",CoaXPress 1.1,3 years,51 @570 nm,14,,,,,,,,80,,,,,,,,,,,,,,,,,,,,,,,,,,,,,,,,,,,26.2,,,,,,,,,,,,,,,,,,,,,,,,,,,,,,,APS-H,,,,,,,,SAMTEC TFM-105 type,Global Shutter,,,,,,,,,,,,,26.2,5120 x 5120,4.5,80,Global shutter,,Mono,"Visible (400-700 nm), Near Infrared (700-1000 nm)",M42 x 1 mm,CoaXPress (6.125 Gbps),57 mm x 59 mm x 32 mm,163 g,CMOS
Teledyne Dalsa,Genie Nano-CXP M5100-NIR G3-XM32-M5105,Area Scan,Genie Nano-CXP,,,,,,,,,,,,,,,,,,,,,,,,,,,,,,,,,,,,,,,Area Scan,CMOS,CoaXPress,"Visible (400-700 nm), Near Infrared (700-1000 nm)",,G3-XM32-M5105,5120 x 5120,,onsemi Python25K NIR,4.5,CMOS,Global shutter,"Mono, NIR-enhanced",,M42 x 1 mm,"Image sync: Free-running, software trigger, CXP trigger",CoaXPress (6.125 Gbps),IP40,Continuous  / Single Frame,"Programmable via camera API, or controlled via FrameGrabber",34 µs to 10 seconds,32 MB non-volatile memory,Manual,,"Lookup table, pixel correction and lens shading correction","Pixel binning,  ROI, Muti-ROI",2 user configuration sets for custom camera settings,55.2,1x to 16x,,,,,,12000,DIN 1.0/2.3  | SAMTEC TFM-105 type,"8-bit, 10-bit",59 mm x 59 mm x 32 mm,163 g,,10 to 80% (no condensation),-20 to 60 °C,13 W maximum GPIO,Power over CoaXPress (PoCXP)  requires 2 × DIN connectors  or 12 to 24 V via GPIO,20 to 80% (no condensation),-40°C to 80°C,CXP6 x 4 Lanes,PoCXP or External Camera Power Supply,"Lens, Cable, Host Adapter (CXP6 Frame Grabber)","CE, FCC, KCC, RoHS. The ECCN for this product is: EAR099.",CoaXPress 1.1,3 years,55 @640 nm,14,,,,,,,,80,,,,,,,,,,,,,,,,,,,,,,,,,,,,,,,,,,,26.2,,,,,,,,,,,,,,,,,,,,,,,,,,,,,,,APS-H,,,,,,,,SAMTEC TFM-105 type,Global Shutter,,,,,,,,,,,,,26.2,5120 x 5120,4.5,80,Global shutter,,"Mono, NIR-enhanced","Visible (400-700 nm), Near Infrared (700-1000 nm)",M42 x 1 mm,CoaXPress (6.125 Gbps),59 mm x 59 mm x 32 mm,163 g,CMOS
Teledyne Dalsa,Genie Nano-CXP M6200 G3-XM01-M6205,Area Scan,Genie Nano-CXP,,,,,,,,,,,,,,,,,,,,,,,,,,,,,,,,,,,,,,,Area Scan,CMOS,CoaXPress,"Visible (400-700 nm), Near Infrared (700-1000 nm)",,G3-XM01-M6205,6144 x 6144,,Teledyne e2v Emerald 36M,2.5,CMOS,Global shutter,Mono,,M42 x 1 mm,"Image sync: Free-running, software trigger, external trigger, CXP trigger",CoaXPress (6.125 Gbps),IP40,Continuous  / Single Frame,"Hardware trigger, programmable via camera API, or controlled via FrameGrabber",14 µs to 10 seconds,32 MB non-volatile memory,Manual,,"Lookup table, pixel correction and lens shading correction","Pixel binning,  ROI, Muti-ROI",2 user configuration sets for custom camera settings,62.0,1x to 4x,,,,,,6000,DIN 1.0/2.3  | SAMTEC TFM-105 type,"8-bit, 10-bit",54 mm x 59 mm x 32 mm,163 g,,10 to 80% (no condensation),-20 to 60 °C,13 W maximum GPIO,Power over CoaXPress (PoCXP)  requires 2 × DIN connectors  or 12 to 24 V via GPIO,20 to 80% (no condensation),-40°C to 80°C,CXP6 x 4 Lanes,PoCXP or External Camera Power Supply,"Lens, Cable, Host Adapter (CXP6 Frame Grabber)","CE, FCC, KCC, RoHS. The ECCN for this product is: EAR099.",CoaXPress 1.1,3 years,58 @520 nm,4.5,,"2 input, 2 output",,,,,,43,,,,,,,,,,,,,,,,,,,,,,,,,,,,,,,,,,,37.7,,,,,,,,,,,,,,,,,,,,,,,,,,,,,,,"1.4""",,,,,,,,SAMTEC TFM-105 type,Global Shutter,,,,,,,,,,,,,37.7,6144 x 6144,2.5,43,Global shutter,,Mono,"Visible (400-700 nm), Near Infrared (700-1000 nm)",M42 x 1 mm,CoaXPress (6.125 Gbps),54 mm x 59 mm x 32 mm,163 g,CMOS
Teledyne Dalsa,Genie Nano-CXP M8200 G3-XM01-M8205,Area Scan,Genie Nano-CXP,,,,,,,,,,,,,,,,,,,,,,,,,,,,,,,,,,,,,,,Area Scan,CMOS,CoaXPress,"Visible (400-700 nm), Near Infrared (700-1000 nm)",,G3-XM01-M8205,8192 x 8192,,Teledyne e2v Emerald 67M,2.5,CMOS,Global shutter,Mono,,M42 x 1 mm,"Image sync: Free-running, software trigger, external trigger, CXP trigger",CoaXPress (6.125 Gbps),IP40,Continuous  / Single Frame,"Hardware trigger, programmable via camera API, or controlled via FrameGrabber",14 µs to 10 seconds,32 MB non-volatile memory,Manual,,"Lookup table, pixel correction and lens shading correction","Pixel binning,  ROI, Muti-ROI",2 user configuration sets for custom camera settings,62.0,1x to 4x,,,,,,6000,DIN 1.0/2.3  | SAMTEC TFM-105 type,"8-bit, 10-bit",55 mm x 59 mm x 32 mm,163 g,,10 to 80% (no condensation),-20 to 60 °C,13 W maximum GPIO,Power over CoaXPress (PoCXP)  requires 2 × DIN connectors  or 12 to 24 V via GPIO,20 to 80% (no condensation),-40°C to 80°C,CXP6 x 4 Lanes,PoCXP or External Camera Power Supply,"Lens, Cable, Host Adapter (CXP6 Frame Grabber)","CE, FCC, KCC, RoHS. The ECCN for this product is: EAR099.",CoaXPress 1.1,3 years,58 @520 nm,4.5,,"2 input, 2 output",,,,,,30,,,,,,,,,,,,,,,,,,,,,,,,,,,,,,,,,,,67.1,,,,,,,,,,,,,,,,,,,,,,,,,,,,,,,APS-C,,,,,,,,SAMTEC TFM-105 type,Global Shutter,,,,,,,,,,,,,67.1,8192 x 8192,2.5,30,Global shutter,,Mono,"Visible (400-700 nm), Near Infrared (700-1000 nm)",M42 x 1 mm,CoaXPress (6.125 Gbps),55 mm x 59 mm x 32 mm,163 g,CMOS
Teledyne Dalsa,INFINITY8-3C I8-LC00-03M,Area Scan,INFINITY Series,,,,,,,,,,,,,,,,,,,,,,,,,,,,,,,,,,,,,,,,,,,,,1944 x 1472,,Sony IMX429,4.5,CMOS,Global,Color,,C-mount,,USB 3.0 (5.0 Gbps),,"Single Capture, Fluorescence Mode, Timelapse, Video",Manual and automatic control,,,Manual and automatic control,128 MB,,"Subsampling 2x2, ROI",,72.0,,,,0.72,,,24900,USB3 Micro-B (Horizontal locking) | JST HSHR-09V-S,"8-bit, 12-bit",41.5 mm x 45 mm x 45 mm,108 g,,"5 to 95%, non-condensing",0 to 50 °C,2.3 W to 3.6 W,Power over USB  or 5 to 25 V via GPIO connector,,,USB 3.0,,,"CE, FCC, RoHS, WEEE. The ECCN for this product is: EAR099.",,3 years,72%,7.2,,,,,,,,62,,,"24,900 e-",,,,,"3 m USB 3.0 cable, INFINITY ANALYZE license",,,,,,,,,,,,,,,,,,,,,,,,,,,2.8,,,,72,-,,,,,,,,,,,,,,,,,,,,,,,,,,"2/3""",Manual and automatic control,,,,,,,,,0.63x - 0.7x C-mount coupler,,,,,,,,,,,,2.8,1944 x 1472,4.5,62,Global,,Color,,C-mount,USB 3.0 (5.0 Gbps),41.5 mm x 45 mm x 45 mm,108 g,CMOS
Teledyne Dalsa,INFINITY8-8C I8-LC00-08M,Area Scan,INFINITY Series,,,,,,,,,,,,,,,,,,,,,,,,,,,,,,,,,,,,,,,,,,,,,3840 x 2160,,Sony IMX334,2,CMOS,Rolling,Color,,C-mount,,USB 3.0 (5.0 Gbps),,"Single Capture, Fluorescence Mode, Timelapse, Video",Manual and automatic control,,,Manual and automatic control,128 MB,,"Averaging 2x2, ROI",,73.0,,,,0.76,,,7030,USB3 Micro-B (Horizontal locking) | JST HSHR-09V-S,"8-bit, 12-bit",41.5 mm x 45 mm x 45 mm,108 g,,"5 to 95%, non-condensing",0 to 50 °C,2.3 W to 3.6 W,Power over USB  or 5 to 25 V via GPIO connector,,,USB 3.0,,,"CE, FCC, RoHS, WEEE. The ECCN for this product is: EAR099.",,3 years,76%,2,,,,,,,,44,,,"7,030 e-",,,,,"3 m USB 3.0 cable, INFINITY ANALYZE license",,,,,,,,,,,,,,,,,,,,,,,,,,,8.2,,,,73,-,,,,,,,,,,,,,,,,,,,,,,,,,,"1/1.8""",Manual and automatic control,,,,,,,,,0.5x - 0.63x C-mount coupler,,,,,,,,,,,,8.2,3840 x 2160,2,44,Rolling,,Color,,C-mount,USB 3.0 (5.0 Gbps),41.5 mm x 45 mm x 45 mm,108 g,CMOS
Teledyne Dalsa,INFINITY8-9C I8-LC00-09M,Area Scan,INFINITY Series,,,,,,,,,,,,,,,,,,,,,,,,,,,,,,,,,,,,,,,,,,,,,4112 x 2176,,Sony IMX267,3.45,CMOS,Global,Color,,C-mount,,USB 3.0 (5.0 Gbps),,"Single Capture, Fluorescence Mode, Timelapse, Video",Manual and automatic control,,,Manual and automatic control,128 MB,,"Subsampling 2x2, ROI",,73.3,,,,0.73,,,10600,USB3 Micro-B (Horizontal locking) | JST HSHR-09V-S,"8-bit, 12-bit",41.5 mm x 45 mm x 45 mm,108 g,,"5 to 95%, non-condensing",0 to 50 °C,2.3 W to 3.6 W,Power over USB  or 5 to 25 V via GPIO connector,,,USB 3.0,,,"CE, FCC, RoHS, WEEE. The ECCN for this product is: EAR099.",,3 years,73%,2.3,,,,,,,,31,,,"10,600 e-",,,,,"3 m USB 3.0 cable, INFINITY ANALYZE license",,,,,,,,,,,,,,,,,,,,,,,,,,,8.9,,,,73.3,-,,,,,,,,,,,,,,,,,,,,,,,,,,"1""",Manual and automatic control,,,,,,,,,1.0x C-mount coupler,,,,,,,,,,,,8.9,4112 x 2176,3.45,31,Global,,Color,,C-mount,USB 3.0 (5.0 Gbps),41.5 mm x 45 mm x 45 mm,108 g,CMOS
Teledyne Dalsa,INFINITY8-20C I8-LC00-20M,Area Scan,INFINITY Series,,,,,,,,,,,,,,,,,,,,,,,,,,,,,,,,,,,,,,,,,,,,,5472 x 3648,,Sony IMX183,2.4,CMOS,Rolling,Color,,C-mount,,USB 3.0 (5.0 Gbps),,"Single Capture, Fluorescence Mode, Timelapse, Video",Manual and automatic control,,,Manual and automatic control,128 MB,,"Averaging 2x2, ROI",,73.0,,,,0.74,,,14600,USB3 Micro-B (Horizontal locking) | JST HSHR-09V-S,"8-bit, 12-bit",41.5 mm x 45 mm x 45 mm,108 g,,"5 to 95%, non-condensing",0 to 50 °C,2.3 W to 3.6 W,Power over USB  or 5 to 25 V via GPIO connector,,,USB 3.0,,,"CE, FCC, RoHS, WEEE. The ECCN for this product is: EAR099.",,3 years,74%,3.25,,,,,,,,19,,,"14,600 e-",,,,,"3 m USB 3.0 cable, INFINITY ANALYZE license",,,,,,,,,,,,,,,,,,,,,,,,,,,19.9,,,,73,-,,,,,,,,,,,,,,,,,,,,,,,,,,"1""",Manual and automatic control,,,,,,,,,1.0x C-mount coupler,,,,,,,,,,,,19.9,5472 x 3648,2.4,19,Rolling,,Color,,C-mount,USB 3.0 (5.0 Gbps),41.5 mm x 45 mm x 45 mm,108 g,CMOS
Teledyne Dalsa,INFINITY8-2M I8-LM00-02M,Area Scan,INFINITY Series,,,,,,,,,,,,,,,,,,,,,,,,,,,,,,,,,,,,,,,,,,,,,1608 x 1104,,Sony IMX432,9,CMOS,Global,Mono,,C-mount,,USB 3.0 (5.0 Gbps),,"Single Capture, Fluorescence Mode, Timelapse, Video",Manual and automatic control,,,Manual and automatic control,128 MB,,ROI,,72.0,,,,,,,100400  (19200 with HCG mode),USB3 Micro-B (Horizontal locking) | JST HSHR-09V-S,"8-bit, 12-bit",41.5 mm x 45 mm x 45 mm,108 g,,"5 to 95%, non-condensing",0 to 50 °C,2.3 W to 3.6 W,Power over USB  or 5 to 25 V via GPIO connector,,,USB 3.0,,,"CE, FCC, RoHS, WEEE. The ECCN for this product is: EAR099.",,3 years,76%,21.6 (4.4 e- with HCG mode),,,,,,,,96,,,"100,400 e-",,,,,"3 m USB 3.0 cable, INFINITY ANALYZE license",,,,,,,,,,,,,,,,,,,,,,,,,,,1.7,,,,72,-,,,,,,,,,,,,,,,,,,,,,,,,,,"1.1""",Manual and automatic control,,,,,,,,,1.0x C-mount coupler,,,,,,,,,,,,1.7,1608 x 1104,9,96,Global,,Mono,,C-mount,USB 3.0 (5.0 Gbps),41.5 mm x 45 mm x 45 mm,108 g,CMOS
Teledyne Dalsa,INFINITY8-3M I8-LM00-03M,Area Scan,INFINITY Series,,,,,,,,,,,,,,,,,,,,,,,,,,,,,,,,,,,,,,,,,,,,,1944 x 1472,,Sony IMX429,4.5,CMOS,Global,Mono,,C-mount,,USB 3.0 (5.0 Gbps),,"Single Capture, Fluorescence Mode, Timelapse, Video",Manual and automatic control,,,Manual and automatic control,128 MB,,"Subsampling 2x2, ROI",,72.0,,,,,,,24900,USB3 Micro-B (Horizontal locking) | JST HSHR-09V-S,"8-bit, 12-bit",41.5 mm x 45 mm x 45 mm,108 g,,"5 to 95%, non-condensing",0 to 50 °C,2.3 W to 3.6 W,Power over USB  or 5 to 25 V via GPIO connector,,,USB 3.0,,,"CE, FCC, RoHS, WEEE. The ECCN for this product is: EAR099.",,3 years,74%,7.2,,,,,,,,62,,,"24,900 e-",,,,,"3 m USB 3.0 cable, INFINITY ANALYZE license",,,,,,,,,,,,,,,,,,,,,,,,,,,2.8,,,,72,-,,,,,,,,,,,,,,,,,,,,,,,,,,"2/3""",Manual and automatic control,,,,,,,,,0.63x - 0.7x C-mount coupler,,,,,,,,,,,,2.8,1944 x 1472,4.5,62,Global,,Mono,,C-mount,USB 3.0 (5.0 Gbps),41.5 mm x 45 mm x 45 mm,108 g,CMOS
Teledyne Dalsa,INFINITY8-8M I8-LM00-08M,Area Scan,INFINITY Series,,,,,,,,,,,,,,,,,,,,,,,,,,,,,,,,,,,,,,,,,,,,,3840 x 2160,,Sony IMX334,2,CMOS,Rolling,Mono,,C-mount,,USB 3.0 (5.0 Gbps),,"Single Capture, Fluorescence Mode, Timelapse, Video",Manual and automatic control,,,Manual and automatic control,128 MB,,"Averaging 2x2, ROI",,73.0,,,,,,,7030,USB3 Micro-B (Horizontal locking) | JST HSHR-09V-S,"8-bit, 12-bit",41.5 mm x 45 mm x 45 mm,108 g,,"5 to 95%, non-condensing",0 to 50 °C,2.3 W to 3.6 W,Power over USB  or 5 to 25 V via GPIO connector,,,USB 3.0,,,"CE, FCC, RoHS, WEEE. The ECCN for this product is: EAR099.",,3 years,82%,2,,,,,,,,44,,,"7,030 e-",,,,,"3 m USB 3.0 cable, INFINITY ANALYZE license",,,,,,,,,,,,,,,,,,,,,,,,,,,8.2,,,,73,-,,,,,,,,,,,,,,,,,,,,,,,,,,"1/1.8""",Manual and automatic control,,,,,,,,,0.5x - 0.63x C-mount coupler,,,,,,,,,,,,8.2,3840 x 2160,2,44,Rolling,,Mono,,C-mount,USB 3.0 (5.0 Gbps),41.5 mm x 45 mm x 45 mm,108 g,CMOS
Teledyne Dalsa,INFINITY8-9M I8-LM00-09M,Area Scan,INFINITY Series,,,,,,,,,,,,,,,,,,,,,,,,,,,,,,,,,,,,,,,,,,,,,4112 x 2176,,Sony IMX267,3.45,CMOS,Global,Mono,,C-mount,,USB 3.0 (5.0 Gbps),,"Single Capture, Fluorescence Mode, Timelapse, Video",Manual and automatic control,,,Manual and automatic control,128 MB,,"Subsampling 2x2, ROI",,73.3,,,,,,,10600,USB3 Micro-B (Horizontal locking) | JST HSHR-09V-S,"8-bit, 12-bit",41.5 mm x 45 mm x 45 mm,108 g,,"5 to 95%, non-condensing",0 to 50 °C,2.3 W to 3.6 W,Power over USB  or 5 to 25 V via GPIO connector,,,USB 3.0,,,"CE, FCC, RoHS, WEEE. The ECCN for this product is: EAR099.",,3 years,67%,2.3,,,,,,,,31,,,"10,600 e-",,,,,"3 m USB 3.0 cable, INFINITY ANALYZE license",,,,,,,,,,,,,,,,,,,,,,,,,,,8.9,,,,73.3,-,,,,,,,,,,,,,,,,,,,,,,,,,,"1""",Manual and automatic control,,,,,,,,,1.0x C-mount coupler,,,,,,,,,,,,8.9,4112 x 2176,3.45,31,Global,,Mono,,C-mount,USB 3.0 (5.0 Gbps),41.5 mm x 45 mm x 45 mm,108 g,CMOS
Teledyne Dalsa,INFINITY5-3C INFINITY5-3C,Area Scan,INFINITY Series,,,,,,,,,,,,,,,,,,,,,,,,,,,,,,,,,,,,,,,,,,,,,2064 x 1544,,Sony IMX252,3.45,CMOS,Global,Color,,C-mount,,USB 3.0 (5.0 Gbps),,"Single Capture, Fluorescence Mode, Timelapse, Video",Manual and automatic control,,,Manual and automatic control,,,"Subsampling 2x2, ROI",,73.0,,,,0.6,,,10775,Hirose MXR-8R-8SA,"8-bit, 12-bit",97.8 mm x 69.8 mm x 50.8 mm,330 g,,"5 to 95%, non-condensing",0 to 50 °C,4 W,"External 5 V DC, 1.2 A",,,"USB 3.0, HDMI",,,"CE, FCC, RoHS, WEEE. The ECCN for this product is: EAR099.",,3 years,60%,2.35,,,,,,,,120,,,"10,775 e-",,,,,"3 m USB 3.0 cable, 5V DC, 15W, 3A power supply, INFINITY ANALYZE license",,,,,,,,,,,,,,,,,,,,,,,,,,,3.1,8.9 mm,,,60,-,,,,,,,,,,,,,,,,,,,,,,,,,,"1/1.8""",Manual and automatic control,,,,,4.4 DN/(nJ/cm²),,,,0.5x or 0.63x C-mount coupler,,,,,,,,,,,,3.1,2064 x 1544,3.45,120,Global,,Color,,C-mount,USB 3.0 (5.0 Gbps),97.8 mm x 69.8 mm x 50.8 mm,330 g,CMOS
Teledyne Dalsa,INFINITY5-3M INFINITY5-3M,Area Scan,INFINITY Series,,,,,,,,,,,,,,,,,,,,,,,,,,,,,,,,,,,,,,,,,,,,,2064 x 1544,,Sony IMX252,3.45,CMOS,Global,Mono,,C-mount,,USB 3.0 (5.0 Gbps),,"Single Capture, Fluorescence Mode, Timelapse, Video",Manual and automatic control,,,Manual and automatic control,,,"Subsampling 2x2, ROI",,73.0,,,,,,,10775,Hirose MXR-8R-8SA,"8-bit, 12-bit",97.8 mm x 69.8 mm x 50.8 mm,330 g,,"5 to 95%, non-condensing",0 to 50 °C,4 W,"External 5 V DC, 1.2 A",,,"USB 3.0, HDMI",,,"CE, FCC, RoHS, WEEE. The ECCN for this product is: EAR099.",,3 years,63%,2.35,,,,,,,,120,,,"10,775 e-",,,,,"3 m USB 3.0 cable, 5V DC, 15W, 3A power supply, INFINITY ANALYZE license",,,,,,,,,,,,,,,,,,,,,,,,,,,3.1,8.9 mm,,,63,-,,,,,,,,,,,,,,,,,,,,,,,,,,"1/1.8""",Manual and automatic control,,,,,4.8 DN/(nJ/cm²),,,,0.5x or 0.63x C-mount coupler,,,,,,,,,,,,3.1,2064 x 1544,3.45,120,Global,,Mono,,C-mount,USB 3.0 (5.0 Gbps),97.8 mm x 69.8 mm x 50.8 mm,330 g,CMOS
Teledyne Dalsa,INFINITY5-5C INFINITY5-5C,Area Scan,INFINITY Series,,,,,,,,,,,,,,,,,,,,,,,,,,,,,,,,,,,,,,,,,,,,,2464 x 2056,,Sony IMX250,3.45,CMOS,Global,Color,,C-mount,,USB 3.0 (5.0 Gbps),,"Single Capture, Fluorescence Mode, Timelapse, Video",Manual and automatic control,,,Manual and automatic control,,,"Subsampling 2x2, ROI",,72.0,,,,0.59,,,10500,Hirose MXR-8R-8SA,"8-bit, 12-bit",97.8 mm x 69.8 mm x 50.8 mm,330 g,,"5 to 95%, non-condensing",0 to 50 °C,4 W,"External 5 V DC, 1.2 A",,,"USB 3.0, HDMI",,,"CE, FCC, RoHS, WEEE. The ECCN for this product is: EAR099.",,3 years,59%,2.3,,,,,,,,75,,,"10,500 e-",,,,,"3 m USB 3.0 cable, 5V DC, 15W, 3A power supply, INFINITY ANALYZE license",,,,,,,,,,,,,,,,,,,,,,,,,,,5,11.1 mm,,,72,-,,,,,,,,,,,,,,,,,,,,,,,,,,"2/3""",Manual and automatic control,,,,,4.3 DN/(nJ/cm²),,,,0.63x - 0.7x C-mount coupler,,,,,,,,,,,,5,2464 x 2056,3.45,75,Global,,Color,,C-mount,USB 3.0 (5.0 Gbps),97.8 mm x 69.8 mm x 50.8 mm,330 g,CMOS
Teledyne Dalsa,INFINITY5-5M INFINITY5-5M,Area Scan,INFINITY Series,,,,,,,,,,,,,,,,,,,,,,,,,,,,,,,,,,,,,,,,,,,,,2464 x 2056,,Sony IMX250,3.45,CMOS,Global,Mono,,C-mount,,USB 3.0 (5.0 Gbps),,"Single Capture, Fluorescence Mode, Timelapse, Video",Manual and automatic control,,,Manual and automatic control,,,"Subsampling 2x2, ROI",,72.0,,,,,,,10500,Hirose MXR-8R-8SA,"8-bit, 12-bit",97.8 mm x 69.8 mm x 50.8 mm,330 g,,"5 to 95%, non-condensing",0 to 50 °C,4 W,"External 5 V DC, 1.2 A",,,"USB 3.0, HDMI",,,"CE, FCC, RoHS, WEEE. The ECCN for this product is: EAR099.",,3 years,63%,2.3,,,,,,,,75,,,"10,500 e-",,,,,"3 m USB 3.0 cable, 5V DC, 15W, 3A power supply, INFINITY ANALYZE license",,,,,,,,,,,,,,,,,,,,,,,,,,,5,11.1 mm,,,72,-,,,,,,,,,,,,,,,,,,,,,,,,,,"2/3""",Manual and automatic control,,,,,4.9 DN/(nJ/cm²),,,,0.63x - 0.7x C-mount coupler,,,,,,,,,,,,5,2464 x 2056,3.45,75,Global,,Mono,,C-mount,USB 3.0 (5.0 Gbps),97.8 mm x 69.8 mm x 50.8 mm,330 g,CMOS
Teledyne Dalsa,Iris 15 (PCIe) 01-IRIS-15-PCIE-M-16-C,Area Scan,Iris,,,,,,,,,,,,,,,,,,,,,,,,,,,,,,,,,,,,,,,,sCMOS,PCIe or USB 3.0 Options,,,,5056 x 2960,6.6 µs,GPixel Gsense 5130,4.25 µm,CMOS,Rolling Shutter,400–1000 nm,,F-Mount,,PCle,,,,,,,,,,,,,,,,,,,,,,,,,,,,,,,,,,,,,,,,,,,,,30 fps,,,,,,,,,,,,,,,,,,,,,,,,,,,,,,,,73%,"UV (200-440 nm), Visible (400-700 nm), Near Infrared (700-1000 nm)",1.5 e-,14.9,25 mm,Mono,,,Up to 25 mm,,,,,,,,,,,,,,,,,,,,,,,,,,,,,,,,,,,,,,,,,,,,,,,,14.9,5056 x 2960,4.25 µm,30 fps,Rolling Shutter,6.6 µs,400–1000 nm,"UV (200-440 nm), Visible (400-700 nm), Near Infrared (700-1000 nm)",F-Mount,PCle,,,sCMOS
Teledyne Dalsa,Iris 15 (USB 3.0) 01-IRIS-15-USB-M-16-C,Area Scan,Iris,,,,,,,,,,,,,,,,,,,,,,,,,,,,,,,,,,,,,,,,sCMOS,PCIe or USB 3.0 Options,,,,5056 x 2960,6.6 µs,GPixel Gsense 5130,4.25 µm,CMOS,Rolling Shutter,400–1000 nm,,F-Mount,,"PCle, USB 3.0",,,,,,,,,,,,,,,,,,,,,,,,,,,,,,,,,,,,,,,,,,,,,10 fps,,,,,,,,,,,,,,,,,,,,,,,,,,,,,,,,73%,"UV (200-440 nm), Visible (400-700 nm), Near Infrared (700-1000 nm)",1.5 e-,14.9,25 mm,Mono,,,Up to 25 mm,,,,,,,,,,,,,,,,,,,,,,,,,,,,,,,,,,,,,,,,,,,,,,,,14.9,5056 x 2960,4.25 µm,10 fps,Rolling Shutter,6.6 µs,400–1000 nm,"UV (200-440 nm), Visible (400-700 nm), Near Infrared (700-1000 nm)",F-Mount,"PCle, USB 3.0",,,sCMOS
Teledyne Dalsa,Iris 9 (PCIe) 01-IRIS-9-PCIE-M-16-C,Area Scan,Iris,,,,,,,,,,,,,,,,,,,,,,,,,,,,,,,,,,,,,,,,sCMOS,PCIe or USB 3.0 Options,,,,2960 x 2960,11.3 µs,GPixel Gsense 5130,4.25 µm,CMOS,Rolling Shutter,400–1000 nm,,C-Mount,,PCle,,,,,,,,,,,,,,,,,,,,,,,,,,,,,,,,,,,,,,,,,,,,,30 fps,,,,,,,,,,,,,,,,,,,,,,,,,,,,,,,,73%,"UV (200-440 nm), Visible (400-700 nm), Near Infrared (700-1000 nm)",1.5 e-,8.7,17.8 mm,Mono,,,Up to 25 mm,,,,,,,,,,,,,,,,,,,,,,,,,,,,,,,,,,,,,,,,,,,,,,,,8.7,2960 x 2960,4.25 µm,30 fps,Rolling Shutter,11.3 µs,400–1000 nm,"UV (200-440 nm), Visible (400-700 nm), Near Infrared (700-1000 nm)",C-Mount,PCle,,,sCMOS
Teledyne Dalsa,Iris 9 (USB 3.0) 01-IRIS-9-USB-M-16-C,Area Scan,Iris,,,,,,,,,,,,,,,,,,,,,,,,,,,,,,,,,,,,,,,,sCMOS,PCIe or USB 3.0 Options,,,,2960 x 2960,11.3 µs,GPixel Gsense 5130,4.25 µm,CMOS,Rolling Shutter,400–1000 nm,,C-Mount,,USB 3.0,,,,,,,,,,,,,,,,,,,,,,,,,,,,,,,,,,,,,,,,,,,,,30 fps,,,,,,,,,,,,,,,,,,,,,,,,,,,,,,,,73%,"UV (200-440 nm), Visible (400-700 nm), Near Infrared (700-1000 nm)",1.5 e-,8.7,17.8 mm,Mono,,,Up to 25 mm,,,,,,,,,,,,,,,,,,,,,,,,,,,,,,,,,,,,,,,,,,,,,,,,8.7,2960 x 2960,4.25 µm,30 fps,Rolling Shutter,11.3 µs,400–1000 nm,"UV (200-440 nm), Visible (400-700 nm), Near Infrared (700-1000 nm)",C-Mount,USB 3.0,,,sCMOS
Teledyne Dalsa,KURO 1200B KURO-1200B,Area Scan,KURO,,,,,,,,,,,,,,,,,,,,,,,,,,,,,,,,,,,,,,,,,,,,,1200 x 1200,,"Back-illuminated, scientific CMOS",11 µm,CMOS,"Rolling, effective global","Mono, UV",,"C-mount, optional C-to-spectrometer and C-to-F mount",,USB 3.0,,"Rolling Shutter, effective Global shutter",,≤10 s,,,,,,,,,,,,,,,,"12-bit, 16-bit",102.6 x 102.6 x 156.2 mm,1.7 kg,,80% RH non-condensing,0°C to 30°C,,,,,USB 3.0,,,,,1 year,95%,,,,,,,,,82 fps,,0.7 e⁻/p/s,"80,000 e⁻",1.3 e⁻,Silicon,TE,"C-mount, optional C-to-spectrometer and C-to-F mount","USB 3.0 cable, I/O breakout cable, power supply","Windows 10 (64 bit), Linux",,,,,,,,,,,,,,,,,,,,,,,,,,1.44,18.6 mm,,"Expose (first row, any row, all rows), Readout, Ready, Shutter Out","50,000 : 1",13.2 x 13.2 mm,,,,CE,,,,,,,,,,,,,,,,,,,,,,,,,,0.7 e⁻/p/s,,,,,,,,,,,,,,,,,,1.44,1200 x 1200,11 µm,82 fps,"Rolling, effective global",,"Mono, UV",,"C-mount, optional C-to-spectrometer and C-to-F mount",USB 3.0,102.6 x 102.6 x 156.2 mm,1.7 kg,CMOS
Teledyne Dalsa,KURO 2048B KURO 2048B,Area Scan,KURO,,,,,,,,,,,,,,,,,,,,,,,,,,,,,,,,,,,,,,,,,,,,,2048 x 2048,,"Back-illuminated, scientific CMOS",11 µm,CMOS,"Rolling, effective global","Mono, UV",,"F-mount, optional F-to-spectrometer and C-mount",,USB 3.0,,"Rolling Shutter, effective Global shutter",,≤10 s,,,,,,,,,,,,,,,,"12-bit, 16-bit",102.6 x 102.6 x 185.4 mm,1.7 kg,,80% RH non-condensing,0°C to 30°C,,,,,USB 3.0,,,,,1 year,95%,,,,,,,,,47 fps,,0.7 e⁻/p/s,"80,000 e⁻",1.3 e⁻,Silicon,TE,"F-mount, optional F-to-spectrometer and C-mount","USB 3.0 cable, I/O breakout cable, power supply","Windows 10 (64bit), Linux",,,,,,,,,,,,,,,,,,,,,,,,,,4.2,31.8 mm,,"Expose (first row, any row, all rows), Readout, Ready, Shutter Out","50,000 : 1",22.5 x 22.5 mm,,,,CE,,,,,,,,,,,,,,,,,,,,,,,,,,0.7 e⁻/p/s,,,,,,,,,,,,,,,,,,4.2,2048 x 2048,11 µm,47 fps,"Rolling, effective global",,"Mono, UV",,"F-mount, optional F-to-spectrometer and C-mount",USB 3.0,102.6 x 102.6 x 185.4 mm,1.7 kg,CMOS
Teledyne Dalsa,LANSIS 261 LANSIS 261,Area Scan,LANSIS,,,,,,,,,,,,,,,,,,,,,,,,,,,,,,,,,,,,,,,,,,,,,2048 x 263,,"Back-illuminated AIMO CCD sensor, Grade 1",15 µm,CCD,,200–1100 nm,,Spectroscopy mount,,USB 3.0,,,,,,,,,,,,,,,,,,,,16-bit,151 x 123.5 x 123.5 mm,"3.05 kg, 6.72 lbs",,0 to 80% (non condensing),5 °C to 30 °C (non-condensing),,,0 to 90% (non condensing),-20 to 60 °C,,,,,,"1 year, permanent vacuum guarantee",95%,,,,,,,,,,,0.02 e⁻/p/s @ -65 °C,"70,000 e⁻ (typical, low gain)",5.0 e⁻,Silicon,-65 °C (TEC air cooled);  -75 °C (liquid cooled),,"Power Supply/Cables, MCX to BNC Cables (x3), USB 3.2 Interface Cable, Data Acquisition Software, Certificate of Performance",,,,,,,,,,,,,,,,,,,,,,,,,,,0.5,,Mono,"Start on single trigger, Readout per trigger, Exposure during trigger pulse","14,000 : 1",30.72 x 3.96 mm,,,,"FCC Part 15, Subpart B; Class A, CE, UKCA, RoHS 3, PSE, ISO 9001:2015",,,,,,,,,,,,,,,,,,,,,,,,,,,,,,,,,,,,,,,,,,,,0.5,2048 x 263,15 µm,,,,200–1100 nm,,Spectroscopy mount,USB 3.0,151 x 123.5 x 123.5 mm,"3.05 kg, 6.72 lbs",CCD
Teledyne Dalsa,LANSIS 424 LANSIS 424,Area Scan,LANSIS,,,,,,,,,,,,,,,,,,,,,,,,,,,,,,,,,,,,,,,,,,,,,2048 x 2048,,"Back-illuminated AIMO CCD sensor, Grade 1",13.5 µm,CCD,,200–1100 nm,,"F-mount standard, other mounts available by special order",,USB 3.0,,,,,,,,,,,,,,,,,,,,16-bit,151 x 123.5 x 123.5 mm,"3.05 kg, 6.72 lbs",,0 to 80% (non condensing),5 °C to 30 °C (non-condensing),,,0 to 90% (non condensing),-20 to 60 °C,,,,,,"1 year, permanent vacuum guarantee",95 %,,,,,,,,,0.05 fps,,0.008 e⁻/p/s @ -90 °C,"100,000 e⁻ (typical, low gain)",≤4.0 e⁻,Silicon,-90 °C (liquid cooled),,"Power Supply/Cables, MCX to BNC Cables (x3), USB 3.0 Interface Cable, Data Acquisition Software, Certificate of Performance",,,,,,,,,,,,,,,,,,,,,,,,,,,4.2,39.03 mm,Mono,"Start on single trigger, Readout per trigger, Exposure during trigger pulse","25,000 : 1",27.6 x 27.6 mm,,,,"FCC Part 15, Subpart B; Class A, CE, UKCA, RoHS 3, PSE, ISO 9001:2015",,,,,,,,,,,,,,,,,,,,,,,,,,,,,,,,,,,,,,,,,,,,4.2,2048 x 2048,13.5 µm,0.05 fps,,,200–1100 nm,,"F-mount standard, other mounts available by special order",USB 3.0,151 x 123.5 x 123.5 mm,"3.05 kg, 6.72 lbs",CCD
Teledyne Dalsa,LANSIS 471 LANSIS 471,Area Scan,LANSIS,,,,,,,,,,,,,,,,,,,,,,,,,,,,,,,,,,,,,,,,,,,,,1024 x 1024,,"Teledyne e2v 47-10 Back-illuminated, AIMO CCD sensor, Grade 1",13.0 µm,CCD,,200–1100 nm,,"C-mount standard, other mounts available by special order",,USB 3.0,,,,,,,,,,,,,,,,,,,,16-bit,151 x 123.5 x 123.5 mm,"3.05 kg, 6.72 lbs",,0 to 80% (non condensing),5 °C to 30 °C (non-condensing),,,0 to 90% (non condensing),-20 to 60 °C,,,,,,"1 year, permanent vacuum guarantee",95 %,,,,,,,,,"1x1 bin: 2.49 fps
2x2 bin: 5.02 fps
4x4 bin: 11.1 fps
8x8 bin: 18.5 fps",,0.001 e⁻/p/s @ -90 °C,"100,000 e⁻ (typical, low gain)",3.0 e⁻,Silicon,-90 °C (liquid cooled),,"Power Supply/Cables, MCX to BNC Cables (x3), USB 3.0 Interface Cable, Data Acquisition Software, Certificate of Performance",,,,,,,,,,,,,,,,,,,,,,,,,,,1.05,18.4 mm,Mono,"Start on single trigger, Readout per trigger, Exposure during trigger pulse","25,000 : 1",13.3 x 13.3 mm,,,,"FCC Part 15, Subpart B; Class A, CE, UKCA, RoHS 3, PSE, ISO 9001:2015",,,,,,,,,,,,,,,,,,,,,,,,,,,,,,,,,,,,,,,,,,,,1.05,1024 x 1024,13.0 µm,"1x1 bin: 2.49 fps
2x2 bin: 5.02 fps
4x4 bin: 11.1 fps
8x8 bin: 18.5 fps",,,200–1100 nm,,"C-mount standard, other mounts available by special order",USB 3.0,151 x 123.5 x 123.5 mm,"3.05 kg, 6.72 lbs",CCD
Teledyne Dalsa,LT-C1610B LT-C1610B,Area Scan,LT Series Board Level,,,,,,,,,,,,,,,,,,,,,,,,,,,,,,,,,,,,,,,,,,,,LT-UC11-C161NBL,1608 x 1104,,Sony IMX432,9,CMOS,Global shutter,Color,,,"Image sync: Free-running,  software & external trigger",USB 3.0 (5.0 Gbps),IPx,Continuous  / Single Frame,"Hardware trigger, programmable via camera API, automatic",5 µs to 30 seconds,8 MB non-volatile memory,"Manual, automatic (AGC)",128 MB,"Gamma, lookup table,  auto white balance, brightness and contrast",ROI,2 user configuration sets for custom camera settings,72.0,1x to 251x  (0 dB to 48 dB),,53 @470 nm,63@525 nm,50 @630 nm,,99000,USB3 Micro-B (horizontal locking) | JST HSHR-09V-S,"8-bit, 12-bit",40.4 mm x 40.4 mm x 17.1 mm,28 g,2 Bi-directional,10 to 80% (no condensation),0 to 50 °C,2.3 W to 3.6 W,Power over USB  or 5 to 25 V via GPIO connector,20 to 80% (no condensation),-30°C to 70°C,USB3,USB3 Port or External Camera Power Supply,"Lens, Cable, Host Adapter (USB Port)","CE, FCC, KCC, RoHS. The ECCN for this product is: EAR099.",USB3 Vision v1.0,3 years,,23,,"1 input, 1 output",,,,,,96,,,,,,,,3m USB 3.0 cable,,,,,,,,,,,,,,,,,,,,,,,,,,,1.7,,,,,,,,,,,,,,,,,,,,,,,,,,,,,,96,"1.1""","Manual, automatic (AWB)",,,,,33,,JST# SM09B-NSHSS-TB,,,,,,,,,,,,,,1.7,1608 x 1104,9,96,Global shutter,,Color,,,USB 3.0 (5.0 Gbps),40.4 mm x 40.4 mm x 17.1 mm,28 g,CMOS
Teledyne Dalsa,LT-C1630B LT-C1630B,Area Scan,LT Series Board Level,,,,,,,,,,,,,,,,,,,,,,,,,,,,,,,,,,,,,,,,,,,,LT-UC11-C163NBL,1632 x 1248,,Sony IMX430,4.5,CMOS,Global shutter,Color,,,"Image sync: Free-running, software & hardware trigger",USB 3.0 (5.0 Gbps),IPx,Continuous  / Single Frame,"Hardware trigger, programmable via camera API, automatic",5 µs to 30 seconds,8 MB non-volatile memory,"Manual, automatic (AGC)",128 MB,"Gamma, lookup table,  auto white balance, brightness and contrast",ROI,2 user configuration sets for custom camera settings,73.0,1x to 251x  (0 dB to 48 dB),,53 @470 nm,63@525 nm,50 @630 nm,,25000,USB3 Micro-B (horizontal locking) | JST HSHR-09V-S,"8-bit, 12-bit",40.4 mm x 40.4 mm x 17.1 mm,28 g,2 Bi-directional,10 to 80% (no condensation),0 to 50 °C,2.3 W to 3.6 W,Power over USB  or 5 to 25 V via GPIO connector,20 to 80% (no condensation),-30°C to 70°C,USB3,USB3 Port or External Camera Power Supply,"Lens, Cable, Host Adapter (USB Port)","CE, FCC, KCC, RoHS. The ECCN for this product is: EAR099.",USB3 Vision v1.0,3 years,,5.7,,"1 input, 1 output",,,,,,86,,,,,,,,3m USB 3.0 cable,,,,,,,,,,,,,,,,,,,,,,,,,,,2,,,,,,,,,,,,,,,,,,,,,,,,,,,,,,86,"1/1.7""","Manual, automatic (AWB)",,,,,10.1,,JST# SM09B-NSHSS-TB,,,,,,,,,,,,,,2,1632 x 1248,4.5,86,Global shutter,,Color,,,USB 3.0 (5.0 Gbps),40.4 mm x 40.4 mm x 17.1 mm,28 g,CMOS
Teledyne Dalsa,LT-C1900B LT-C1900B,Area Scan,LT Series Board Level,,,,,,,,,,,,,,,,,,,,,,,,,,,,,,,,,,,,,,,,,,,,LT-UC10-C190NBL,1944 x 1096,,Sony IMX327,2.9,CMOS,Rolling shutter with global reset,Color,,,"Image sync: Free-running, software & hardware trigger",USB 3.0 (5.0 Gbps),IPx,Continuous  / Single Frame,"Hardware trigger, programmable via camera API, automatic",15 µs to 1 seconds,8 MB non-volatile memory,"Manual, automatic (AGC)",128 MB,"Gamma, lookup table,  auto white balance, brightness and contrast",ROI,2 user configuration sets for custom camera settings,72.8,1x to 3715x,,,,,,11200,USB3 Micro-B (horizontal locking) | JST HSHR-09V-S,"8-bit, 12-bit",40.4 mm x 40.4 mm x 17.1 mm,28 g,2 Bi-directional,10 to 80% (no condensation),0 to 50 °C,2.3 W to 3.6 W,Power over USB  or 5 to 25 V via GPIO connector,20 to 80% (no condensation),-30°C to 70°C,USB3,USB3 Port or External Camera Power Supply,"Lens, Cable, Host Adapter (USB Port)","CE, FCC, KCC, RoHS. The ECCN for this product is: EAR099.",USB3 Vision v1.0,3 years,,,,"1 input, 1 output",,,,,,60,,,,,,,,3m USB 3.0 cable,,,,,,,,,,,,,,,,,,,,,,,,,,,2.1,,,,,,,,,,,,,,,,,,,,,,,,,,,,,,60,"1/2.8""","Manual, automatic (AWB)",,,,,,,JST# SM09B-NSHSS-TB,,,,,,,,,,,,,,2.1,1944 x 1096,2.9,60,Rolling shutter with global reset,,Color,,,USB 3.0 (5.0 Gbps),40.4 mm x 40.4 mm x 17.1 mm,28 g,CMOS
Teledyne Dalsa,LT-C1950B LT-C1950B,Area Scan,LT Series Board Level,,,,,,,,,,,,,,,,,,,,,,,,,,,,,,,,,,,,,,,,,,,,LT-UC10-C195NBL,1936 x 1216,,Sony IMX392,3.45,CMOS,Global shutter,Color,,,"Image sync: Free-running, software & hardware trigger",USB 3.0 (5.0 Gbps),IPx,Continuous  / Single Frame,"Hardware trigger, programmable via camera API, automatic",14 µs to 30 seconds,8 MB non-volatile memory,"Manual, automatic (AGC)",128 MB,"Gamma, lookup table,  auto white balance, brightness and contrast",ROI,2 user configuration sets for custom camera settings,73.27,1x to 251x  (0 dB to 48 dB),,49 @470 nm,59 @525 nm,46 @630 nm,,10400,USB3 Micro-B (horizontal locking) | JST HSHR-09V-S,"8-bit, 12-bit",40.4 mm x 40.4 mm x 17.1 mm,28 g,2 Bi-directional,10 to 80% (no condensation),0 to 50 °C,2.3 W to 3.6 W,Power over USB  or 5 to 25 V via GPIO connector,20 to 80% (no condensation),-30°C to 70°C,USB3,USB3 Port or External Camera Power Supply,"Lens, Cable, Host Adapter (USB Port)","CE, FCC, KCC, RoHS. The ECCN for this product is: EAR099.",USB3 Vision v1.0,3 years,,2.3,,"1 input, 1 output",,,,,,162,,,,,,,,3m USB 3.0 cable,,,,,,,,,,,,,,,,,,,,,,,,,,,2.3,,,,,,,,,,,,,,,,,,,,,,,,,,,,,,162,"1/2.3""","Manual, automatic (AWB)",,,,,4.7,,JST# SM09B-NSHSS-TB,,,,,,,,,,,,,,2.3,1936 x 1216,3.45,162,Global shutter,,Color,,,USB 3.0 (5.0 Gbps),40.4 mm x 40.4 mm x 17.1 mm,28 g,CMOS
Teledyne Dalsa,LT-C2020B LT-C2020B,Area Scan,LT Series Board Level,,,,,,,,,,,,,,,,,,,,,,,,,,,,,,,,,,,,,,,,,,,,LT-UC11-C202NBL,2064 x 1544,,Sony IMX265,3.45,CMOS,Global shutter,Color,,,"Image sync: Free-running, software & hardware trigger",USB 3.0 (5.0 Gbps),IPx,Continuous  / Single Frame,"Hardware trigger, programmable via camera API, automatic",14 µs to 30 seconds,8 MB non-volatile memory,"Manual, automatic (AGC)",128 MB,"Gamma, lookup table,  auto white balance, brightness and contrast",ROI,2 user configuration sets for custom camera settings,73.0,1x to 251x  (0 dB to 48 dB),,49 @470 nm,59 @525 nm,46 @630 nm,,10400,USB3 Micro-B (horizontal locking) | JST HSHR-09V-S,"8-bit, 12-bit",40.4 mm x 40.4 mm x 17.1 mm,28 g,2 Bi-directional,10 to 80% (no condensation),0 to 50 °C,2.3 W to 3.6 W,Power over USB  or 5 to 25 V via GPIO connector,20 to 80% (no condensation),-30°C to 70°C,USB3,USB3 Port or External Camera Power Supply,"Lens, Cable, Host Adapter (USB Port)","CE, FCC, KCC, RoHS. The ECCN for this product is: EAR099.",USB3 Vision v1.0,3 years,,2.3,,"1 input, 1 output",,,,,,55,,,,,,,,3m USB 3.0 cable,,,,,,,,,,,,,,,,,,,,,,,,,,,3.1,,,,,,,,,,,,,,,,,,,,,,,,,,,,,,55,"1/1.8""","Manual, automatic (AWB)",,,,,4.7,,JST# SM09B-NSHSS-TB,,,,,,,,,,,,,,3.1,2064 x 1544,3.45,55,Global shutter,,Color,,,USB 3.0 (5.0 Gbps),40.4 mm x 40.4 mm x 17.1 mm,28 g,CMOS
Teledyne Dalsa,LT-C2420B LT-C2420B,Area Scan,LT Series Board Level,,,,,,,,,,,,,,,,,,,,,,,,,,,,,,,,,,,,,,,,,,,,LT-UC11-C242NBL,2464 x 2056,,Sony IMX264,3.45,CMOS,Global shutter,Color,,,"Image sync: Free-running, software & hardware trigger",USB 3.0 (5.0 Gbps),IPx,Continuous  / Single Frame,"Hardware trigger, programmable via camera API, automatic",14 µs to 30 seconds,8 MB non-volatile memory,"Manual, automatic (AGC)",128 MB,"Gamma, lookup table,  auto white balance, brightness and contrast",ROI,2 user configuration sets for custom camera settings,73.02,1x to 251x  (0 dB to 48 dB),,49 @470 nm,59 @525 nm,46 @630 nm,,10400,USB3 Micro-B (horizontal locking) | JST HSHR-09V-S,"8-bit, 12-bit",40.4 mm x 40.4 mm x 17.1 mm,28 g,2 Bi-directional,10 to 80% (no condensation),0 to 50 °C,2.3 W to 3.6 W,Power over USB  or 5 to 25 V via GPIO connector,20 to 80% (no condensation),-30°C to 70°C,USB3,USB3 Port or External Camera Power Supply,"Lens, Cable, Host Adapter (USB Port)","CE, FCC, KCC, RoHS. The ECCN for this product is: EAR099.",USB3 Vision v1.0,3 years,,2.3,,"1 input, 1 output",,,,,,35,,,,,,,,3m USB 3.0 cable,,,,,,,,,,,,,,,,,,,,,,,,,,,5.1,,,,,,,,,,,,,,,,,,,,,,,,,,,,,,35,"2/3""","Manual, automatic (AWB)",,,,,4.7,,JST# SM09B-NSHSS-TB,,,,,,,,,,,,,,5.1,2464 x 2056,3.45,35,Global shutter,,Color,,,USB 3.0 (5.0 Gbps),40.4 mm x 40.4 mm x 17.1 mm,28 g,CMOS
Teledyne Dalsa,LT-C3200B LT-C3200B,Area Scan,LT Series Board Level,,,,,,,,,,,,,,,,,,,,,,,,,,,,,,,,,,,,,,,,,,,,LT-UC11-C320NBL,3216 x 2208,,Sony IMX428,4.5,CMOS,Global shutter,Color,,,"Image sync: Free-running, software & hardware trigger",USB 3.0 (5.0 Gbps),IPx,Continuous  / Single Frame,"Hardware trigger, programmable via camera API, automatic",5 µs to 30 seconds,8 MB non-volatile memory,"Manual, automatic (AGC)",128 MB,"Gamma, lookup table,  auto white balance, brightness and contrast",ROI,2 user configuration sets for custom camera settings,73.0,1x to 251x  (0 dB to 48 dB),,53 @470 nm,63@525 nm,50 @630 nm,,25000,USB3 Micro-B (horizontal locking) | JST HSHR-09V-S,"8-bit, 12-bit",40.4 mm x 40.4 mm x 17.1 mm,28 g,2 Bi-directional,10 to 80% (no condensation),0 to 50 °C,2.3 W to 3.6 W,Power over USB  or 5 to 25 V via GPIO connector,20 to 80% (no condensation),-30°C to 70°C,USB3,USB3 Port or External Camera Power Supply,"Lens, Cable, Host Adapter (USB Port)","CE, FCC, KCC, RoHS. The ECCN for this product is: EAR099.",USB3 Vision v1.0,3 years,,5.7,,"1 input, 1 output",,,,,,50,,,,,,,,3m USB 3.0 cable,,,,,,,,,,,,,,,,,,,,,,,,,,,7.1,,,,,,,,,,,,,,,,,,,,,,,,,,,,,,50,"1.1""","Manual, automatic (AWB)",,,,,10.1,,JST# SM09B-NSHSS-TB,,,,,,,,,,,,,,7.1,3216 x 2208,4.5,50,Global shutter,,Color,,,USB 3.0 (5.0 Gbps),40.4 mm x 40.4 mm x 17.1 mm,28 g,CMOS
Teledyne Dalsa,LT-C3840B LT-C3840B,Area Scan,LT Series Board Level,,,,,,,,,,,,,,,,,,,,,,,,,,,,,,,,,,,,,,,,,,,,LT-UC10-C384NBL,3840 x 2160,,Sony IMX334,2,CMOS,Rolling shutter with global reset,Color,,,"Image sync: Free-running, software & hardware trigger",USB 3.0 (5.0 Gbps),IPx,Continuous  / Single Frame,"Hardware trigger, programmable via camera API, automatic",12 µs to 30 seconds,8 MB non-volatile memory,"Manual, automatic (AGC)",128 MB,"Gamma, lookup table,  auto white balance, brightness and contrast",ROI,2 user configuration sets for custom camera settings,70.0,1x to 3317x,,,,,,7300,USB3 Micro-B (horizontal locking) | JST HSHR-09V-S,"8-bit, 12-bit",40.4 mm x 40.4 mm x 17.1 mm,28 g,2 Bi-directional,10 to 80% (no condensation),0 to 50 °C,2.3 W to 3.6 W,Power over USB  or 5 to 25 V via GPIO connector,20 to 80% (no condensation),-30°C to 70°C,USB3,USB3 Port or External Camera Power Supply,"Lens, Cable, Host Adapter (USB Port)","CE, FCC, KCC, RoHS. The ECCN for this product is: EAR099.",USB3 Vision v1.0,3 years,,2,,"1 input, 1 output",,,,,,44,,,,,,,,3m USB 3.0 cable,,,,,,,,,,,,,,,,,,,,,,,,,,,8.2,,,,,,,,,,,,,,,,,,,,,,,,,,,,,,44,"1/1.8""","Manual, automatic (AWB)",,,,,,,JST# SM09B-NSHSS-TB,,,,,,,,,,,,,,8.2,3840 x 2160,2,44,Rolling shutter with global reset,,Color,,,USB 3.0 (5.0 Gbps),40.4 mm x 40.4 mm x 17.1 mm,28 g,CMOS
Teledyne Dalsa,LT-C4020B LT-C4020B,Area Scan,LT Series Board Level,,,,,,,,,,,,,,,,,,,,,,,,,,,,,,,,,,,,,,,,,,,,LT-UC11-C402NBL,4112 x 3008,,Sony IMX304,3.45,CMOS,Global shutter,Color,,,"Image sync: Free-running, software & hardware trigger",USB 3.0 (5.0 Gbps),IPx,Continuous  / Single Frame,"Hardware trigger, programmable via camera API, automatic",14 µs to 30 seconds,8 MB non-volatile memory,"Manual, automatic (AGC)",128 MB,"Gamma, lookup table,  auto white balance, brightness and contrast",ROI,2 user configuration sets for custom camera settings,73.22,1x to 251x  (0 dB to 48 dB),,49 @470 nm,59 @525 nm,46 @630 nm,,10400,USB3 Micro-B (horizontal locking) | JST HSHR-09V-S,"8-bit, 12-bit",40.4 mm x 40.4 mm x 17.1 mm,28 g,2 Bi-directional,10 to 80% (no condensation),0 to 50 °C,2.3 W to 3.6 W,Power over USB  or 5 to 25 V via GPIO connector,20 to 80% (no condensation),-30°C to 70°C,USB3,USB3 Port or External Camera Power Supply,"Lens, Cable, Host Adapter (USB Port)","CE, FCC, KCC, RoHS. The ECCN for this product is: EAR099.",USB3 Vision v1.0,3 years,,,,"1 input, 1 output",,,,,,22,,,,,,,,3m USB 3.0 cable,,,,,,,,,,,,,,,,,,,,,,,,,,,12.3,,,,,,,,,,,,,,,,,,,,,,,,,,,,,,22,"1.1""","Manual, automatic (AWB)",,,,,4.7,,JST# SM09B-NSHSS-TB,,,,,,,,,,,,,,12.3,4112 x 3008,3.45,22,Global shutter,,Color,,,USB 3.0 (5.0 Gbps),40.4 mm x 40.4 mm x 17.1 mm,28 g,CMOS
Teledyne Dalsa,LT-C4030B LT-C4030B,Area Scan,LT Series Board Level,,,,,,,,,,,,,,,,,,,,,,,,,,,,,,,,,,,,,,,,,,,,LT-UC11-C403NBL,4112 x 2176,,Sony IMX267,3.45,CMOS,Global shutter,Color,,,"Image sync: Free-running, software & hardware trigger",USB 3.0 (5.0 Gbps),IPx,Continuous  / Single Frame,"Hardware trigger, programmable via camera API, automatic",14 µs to 30 seconds,8 MB non-volatile memory,"Manual, automatic (AGC)",128 MB,"Gamma, lookup table,  auto white balance, brightness and contrast",ROI,2 user configuration sets for custom camera settings,73.27,1x to 251x  (0 dB to 48 dB),,49 @470 nm,59 @525 nm,46 @630 nm,,10400,USB3 Micro-B (horizontal locking) | JST HSHR-09V-S,"8-bit, 12-bit",40.4 mm x 40.4 mm x 17.1 mm,28 g,2 Bi-directional,10 to 80% (no condensation),0 to 50 °C,2.3 W to 3.6 W,Power over USB  or 5 to 25 V via GPIO connector,20 to 80% (no condensation),-30°C to 70°C,USB3,USB3 Port or External Camera Power Supply,"Lens, Cable, Host Adapter (USB Port)","CE, FCC, KCC, RoHS. The ECCN for this product is: EAR099.",USB3 Vision v1.0,3 years,,,,"1 input, 1 output",,,,,,31,,,,,,,,3m USB 3.0 cable,,,,,,,,,,,,,,,,,,,,,,,,,,,8.9,,,,,,,,,,,,,,,,,,,,,,,,,,,,,,31,"1""","Manual, automatic (AWB)",,,,,4.7,,JST# SM09B-NSHSS-TB,,,,,,,,,,,,,,8.9,4112 x 2176,3.45,31,Global shutter,,Color,,,USB 3.0 (5.0 Gbps),40.4 mm x 40.4 mm x 17.1 mm,28 g,CMOS
Teledyne Dalsa,LT-M1610B LT-M1610B,Area Scan,LT Series Board Level,,,,,,,,,,,,,,,,,,,,,,,,,,,,,,,,,,,,,,,,,,,,LT-UM11-M161NBL,1608 x 1104,,Sony IMX432,9,CMOS,Global shutter,Mono,,,"Image sync: Free-running, software & hardware trigger",USB 3.0 (5.0 Gbps),IPx,Continuous  / Single Frame,"Hardware trigger, programmable via camera API, automatic",5 µs to 30 seconds,8 MB non-volatile memory,"Manual, automatic (AGC)",128 MB,"Gamma, lookup table",ROI,2 user configuration sets for custom camera settings,72.0,1x to 251x  (0 dB to 48 dB),,,,,,99000,USB3 Micro-B (horizontal locking) | JST HSHR-09V-S,"8-bit, 12-bit",40.4 mm x 40.4 mm x 17.1 mm,28 g,2 Bi-directional,10 to 80% (no condensation),0 to 50 °C,2.3 W to 3.6 W,Power over USB  or 5 to 25 V via GPIO connector,20 to 80% (no condensation),-30°C to 70°C,USB3,USB3 Port or External Camera Power Supply,"Lens, Cable, Host Adapter (USB Port)","CE, FCC, KCC, RoHS. The ECCN for this product is: EAR099.",USB3 Vision v1.0,3 years,70 @525 nm,23,,"1 input, 1 output",,,,,,96,,,,,,,,3m USB 3.0 cable,,,,,,,,,,,,,,,,,,,,,,,,,,,1.7,,,,,,,,,,,,,,,,,,,,,,,,,,,,,,96,"1.1""",Manual and automatic control,,,,,33,,JST# SM09B-NSHSS-TB,,,,,,,,,,,,,,1.7,1608 x 1104,9,96,Global shutter,,Mono,,,USB 3.0 (5.0 Gbps),40.4 mm x 40.4 mm x 17.1 mm,28 g,CMOS
Teledyne Dalsa,LT-M1630B LT-M1630B,Area Scan,LT Series Board Level,,,,,,,,,,,,,,,,,,,,,,,,,,,,,,,,,,,,,,,,,,,,LT-UM11-M163NBL,1632 x 1248,,Sony IMX430,4.5,CMOS,Global shutter,Mono,,,"Image sync: Free-running, software & hardware trigger",USB 3.0 (5.0 Gbps),IPx,Continuous  / Single Frame,"Hardware trigger, programmable via camera API, automatic",5 µs to 30 seconds,8 MB non-volatile memory,"Manual, automatic (AGC)",128 MB,"Gamma, lookup table","Pixel binning, decimation, ROI",2 user configuration sets for custom camera settings,73.0,1x to 251x  (0 dB to 48 dB),,,,,,25000,USB3 Micro-B (horizontal locking) | JST HSHR-09V-S,"8-bit, 12-bit",40.4 mm x 40.4 mm x 17.1 mm,28 g,2 Bi-directional,10 to 80% (no condensation),0 to 50 °C,2.3 W to 3.6 W,Power over USB  or 5 to 25 V via GPIO connector,20 to 80% (no condensation),-30°C to 70°C,USB3,USB3 Port or External Camera Power Supply,"Lens, Cable, Host Adapter (USB Port)","CE, FCC, KCC, RoHS. The ECCN for this product is: EAR099.",USB3 Vision v1.0,3 years,70 @525 nm,5.7,,"1 input, 1 output",,,,,,86,,,,,,,,3m USB 3.0 cable,,,,,,,,,,,,,,,,,,,,,,,,,,,2,,,,,,,,,,,,,,,,,,,,,,,,,,,,,,86,"1/1.7""",Manual and automatic control,,,,,8.8,,JST# SM09B-NSHSS-TB,,,,,,,,,,,,,,2,1632 x 1248,4.5,86,Global shutter,,Mono,,,USB 3.0 (5.0 Gbps),40.4 mm x 40.4 mm x 17.1 mm,28 g,CMOS
Teledyne Dalsa,LT-M1950B LT-M1950B,Area Scan,LT Series Board Level,,,,,,,,,,,,,,,,,,,,,,,,,,,,,,,,,,,,,,,,,,,,LT-UM10-M195NBL,1936 x 1216,,Sony IMX392,3.45,CMOS,Global shutter,Mono,,,"Image sync: Free-running, software & hardware trigger",USB 3.0 (5.0 Gbps),IPx,Continuous  / Single Frame,"Hardware trigger, programmable via camera API, automatic",14 µs to 30 seconds,8 MB non-volatile memory,"Manual, automatic (AGC)",128 MB,"Gamma, lookup table","Pixel binning, decimation, ROI",2 user configuration sets for custom camera settings,73.27,1x to 251x  (0 dB to 48 dB),,,,,,10400,USB3 Micro-B (horizontal locking) | JST HSHR-09V-S,"8-bit, 12-bit",40.4 mm x 40.4 mm x 17.1 mm,28 g,2 Bi-directional,10 to 80% (no condensation),0 to 50 °C,2.3 W to 3.6 W,Power over USB  or 5 to 25 V via GPIO connector,20 to 80% (no condensation),-30°C to 70°C,USB3,USB3 Port or External Camera Power Supply,"Lens, Cable, Host Adapter (USB Port)","CE, FCC, KCC, RoHS. The ECCN for this product is: EAR099.",USB3 Vision v1.0,3 years,62 @530 nm,2.3,,"1 input, 1 output",,,,,,162,,,,,,,,3m USB 3.0 cable,,,,,,,,,,,,,,,,,,,,,,,,,,,2.3,,,,,,,,,,,,,,,,,,,,,,,,,,,,,,162,"1/2.3""",Manual and automatic control,,,,,4.7,,JST# SM09B-NSHSS-TB,,,,,,,,,,,,,,2.3,1936 x 1216,3.45,162,Global shutter,,Mono,,,USB 3.0 (5.0 Gbps),40.4 mm x 40.4 mm x 17.1 mm,28 g,CMOS
Teledyne Dalsa,LT-M2020B LT-M2020B,Area Scan,LT Series Board Level,,,,,,,,,,,,,,,,,,,,,,,,,,,,,,,,,,,,,,,,,,,,LT-UM11-M202NBL,2064 x 1544,,Sony IMX265,3.45,CMOS,Global shutter,Mono,,,"Image sync: Free-running, software & hardware trigger",USB 3.0 (5.0 Gbps),IPx,Continuous  / Single Frame,"Hardware trigger, programmable via camera API, automatic",14 µs to 30 seconds,8 MB non-volatile memory,"Manual, automatic (AGC)",128 MB,"Gamma, lookup table","Pixel binning, decimation, ROI",2 user configuration sets for custom camera settings,73.0,1x to 251x  (0 dB to 48 dB),,,,,,10400,USB3 Micro-B (horizontal locking) | JST HSHR-09V-S,"8-bit, 12-bit",40.4 mm x 40.4 mm x 17.1 mm,28 g,2 Bi-directional,10 to 80% (no condensation),0 to 50 °C,2.3 W to 3.6 W,Power over USB  or 5 to 25 V via GPIO connector,20 to 80% (no condensation),-30°C to 70°C,USB3,USB3 Port or External Camera Power Supply,"Lens, Cable, Host Adapter (USB Port)","CE, FCC, KCC, RoHS. The ECCN for this product is: EAR099.",USB3 Vision v1.0,3 years,62 @530 nm,2.3,,"1 input, 1 output",,,,,,55,,,,,,,,3m USB 3.0 cable,,,,,,,,,,,,,,,,,,,,,,,,,,,3.1,,,,,,,,,,,,,,,,,,,,,,,,,,,,,,55,"1/1.8""",Manual and automatic control,,,,,4.7,,JST# SM09B-NSHSS-TB,,,,,,,,,,,,,,3.1,2064 x 1544,3.45,55,Global shutter,,Mono,,,USB 3.0 (5.0 Gbps),40.4 mm x 40.4 mm x 17.1 mm,28 g,CMOS
Teledyne Dalsa,LT-M2420B LT-M2420B,Area Scan,LT Series Board Level,,,,,,,,,,,,,,,,,,,,,,,,,,,,,,,,,,,,,,,,,,,,LT-UM11-M242NBL,2464 x 2056,,Sony IMX264,3.45,CMOS,Global shutter,Mono,,,"Image sync: Free-running, software & hardware trigger",USB 3.0 (5.0 Gbps),IPx,Continuous  / Single Frame,"Hardware trigger, programmable via camera API, automatic",14 µs to 30 seconds,8 MB non-volatile memory,"Manual, automatic (AGC)",128 MB,"Gamma, lookup table","Pixel binning, decimation, ROI",2 user configuration sets for custom camera settings,73.02,1x to 251x  (0 dB to 48 dB),,,,,,10400,USB3 Micro-B (horizontal locking) | JST HSHR-09V-S,"8-bit, 12-bit",40.4 mm x 40.4 mm x 17.1 mm,28 g,2 Bi-directional,10 to 80% (no condensation),0 to 50 °C,2.3 W to 3.6 W,Power over USB  or 5 to 25 V via GPIO connector,20 to 80% (no condensation),-30°C to 70°C,USB3,USB3 Port or External Camera Power Supply,"Lens, Cable, Host Adapter (USB Port)","CE, FCC, KCC, RoHS. The ECCN for this product is: EAR099.",USB3 Vision v1.0,3 years,62 @530 nm,2.3,,"1 input, 1 output",,,,,,35,,,,,,,,3m USB 3.0 cable,,,,,,,,,,,,,,,,,,,,,,,,,,,5,,,,,,,,,,,,,,,,,,,,,,,,,,,,,,35,"2/3""",Manual and automatic control,,,,,4.7,,JST# SM09B-NSHSS-TB,,,,,,,,,,,,,,5,2464 x 2056,3.45,35,Global shutter,,Mono,,,USB 3.0 (5.0 Gbps),40.4 mm x 40.4 mm x 17.1 mm,28 g,CMOS
Teledyne Dalsa,LT-M3200B LT-M3200B,Area Scan,LT Series Board Level,,,,,,,,,,,,,,,,,,,,,,,,,,,,,,,,,,,,,,,,,,,,LT-UM11-M320NBL,3216 x 2208,,Sony IMX428,4.5,CMOS,Global shutter,Mono,,,"Image sync: Free-running, software & hardware trigger",USB 3.0 (5.0 Gbps),IPx,Continuous  / Single Frame,"Hardware trigger, programmable via camera API, automatic",5 µs to 30 seconds,8 MB non-volatile memory,"Manual, automatic (AGC)",128 MB,"Gamma, lookup table","Pixel binning, decimation, ROI",2 user configuration sets for custom camera settings,73.0,1x to 251x  (0 dB to 48 dB),,,,,,25000,USB3 Micro-B (horizontal locking) | JST HSHR-09V-S,"8-bit, 12-bit",40.4 mm x 40.4 mm x 17.1 mm,28 g,2 Bi-directional,10 to 80% (no condensation),0 to 50 °C,2.3 W to 3.6 W,Power over USB  or 5 to 25 V via GPIO connector,20 to 80% (no condensation),-30°C to 70°C,USB3,USB3 Port or External Camera Power Supply,"Lens, Cable, Host Adapter (USB Port)","CE, FCC, KCC, RoHS. The ECCN for this product is: EAR099.",USB3 Vision v1.0,3 years,70 @525 nm,5.7,,"1 input, 1 output",,,,,,50,,,,,,,,3m USB 3.0 cable,,,,,,,,,,,,,,,,,,,,,,,,,,,7.1,,,,,,,,,,,,,,,,,,,,,,,,,,,,,,50,"1.1""",Manual and automatic control,,,,,8.8,,JST# SM09B-NSHSS-TB,,,,,,,,,,,,,,7.1,3216 x 2208,4.5,50,Global shutter,,Mono,,,USB 3.0 (5.0 Gbps),40.4 mm x 40.4 mm x 17.1 mm,28 g,CMOS
Teledyne Dalsa,LT-M3840B LT-M3840B,Area Scan,LT Series Board Level,,,,,,,,,,,,,,,,,,,,,,,,,,,,,,,,,,,,,,,,,,,,LT-UM10-M384NBL,3840 x 2160,,Sony IMX334,2,CMOS,Rolling shutter with global reset,Mono,,,"Image sync: Free-running, software & hardware trigger",USB 3.0 (5.0 Gbps),IPx,Continuous  / Single Frame,"Hardware trigger, programmable via camera API, automatic",12 µs to 1 seconds,8 MB non-volatile memory,"Manual, automatic (AGC)",128 MB,"Gamma, lookup table","Pixel binning, decimation, ROI",2 user configuration sets for custom camera settings,70.0,1x to 3317x,,,,,,7300,USB3 Micro-B (horizontal locking) | JST HSHR-09V-S,"8-bit, 12-bit",40.4 mm x 40.4 mm x 17.1 mm,28 g,2 Bi-directional,10 to 80% (no condensation),0 to 50 °C,2.3 W to 3.6 W,Power over USB  or 5 to 25 V via GPIO connector,20 to 80% (no condensation),-30°C to 70°C,USB3,USB3 Port or External Camera Power Supply,"Lens, Cable, Host Adapter (USB Port)","CE, FCC, KCC, RoHS. The ECCN for this product is: EAR099.",USB3 Vision v1.0,3 years,0.72,2,,"1 input, 1 output",,,,,,44,,,,,,,,3m USB 3.0 cable,,,,,,,,,,,,,,,,,,,,,,,,,,,8.2,,,,,,,,,,,,,,,,,,,,,,,,,,,,,,44,"1/1.8""",Manual and automatic control,,,,,,,JST# SM09B-NSHSS-TB,,,,,,,,,,,,,,8.2,3840 x 2160,2,44,Rolling shutter with global reset,,Mono,,,USB 3.0 (5.0 Gbps),40.4 mm x 40.4 mm x 17.1 mm,28 g,CMOS
Teledyne Dalsa,LT-M4020B LT-M4020B,Area Scan,LT Series Board Level,,,,,,,,,,,,,,,,,,,,,,,,,,,,,,,,,,,,,,,,,,,,LT-UM11-M402NBL,4112 x 3008,,Sony IMX304,3.45,CMOS,Global shutter,Mono,,,"Image sync: Free-running, software & hardware trigger",USB 3.0 (5.0 Gbps),IPx,Continuous  / Single Frame,"Hardware trigger, programmable via camera API, automatic",14 µs to 30 seconds,8 MB non-volatile memory,"Manual, automatic (AGC)",128 MB,"Gamma, lookup table","Pixel binning, decimation, ROI",2 user configuration sets for custom camera settings,73.22,1x to 251x  (0 dB to 48 dB),,,,,,10400,USB3 Micro-B (horizontal locking) | JST HSHR-09V-S,"8-bit, 12-bit",40.4 mm x 40.4 mm x 17.1 mm,28 g,2 Bi-directional,10 to 80% (no condensation),0 to 50 °C,2.3 W to 3.6 W,Power over USB  or 5 to 25 V via GPIO connector,20 to 80% (no condensation),-30°C to 70°C,USB3,USB3 Port or External Camera Power Supply,"Lens, Cable, Host Adapter (USB Port)","CE, FCC, KCC, RoHS. The ECCN for this product is: EAR099.",USB3 Vision v1.0,3 years,62 @530 nm,,,"1 input, 1 output",,,,,,22,,,,,,,,3m USB 3.0 cable,,,,,,,,,,,,,,,,,,,,,,,,,,,12.3,,,,,,,,,,,,,,,,,,,,,,,,,,,,,,22,"1.1""",Manual and automatic control,,,,,4.7,,JST# SM09B-NSHSS-TB,,,,,,,,,,,,,,12.3,4112 x 3008,3.45,22,Global shutter,,Mono,,,USB 3.0 (5.0 Gbps),40.4 mm x 40.4 mm x 17.1 mm,28 g,CMOS
Teledyne Dalsa,LT-M4030B LT-M4030B,Area Scan,LT Series Board Level,,,,,,,,,,,,,,,,,,,,,,,,,,,,,,,,,,,,,,,,,,,,LT-UM11-M403NBL,4112 x 2176,,Sony IMX267,3.45,CMOS,Global shutter,Mono,,,"Image sync: Free-running, software & hardware trigger",USB 3.0 (5.0 Gbps),IPx,Continuous  / Single Frame,"Hardware trigger, programmable via camera API, automatic",14 µs to 30 seconds,8 MB non-volatile memory,"Manual, automatic (AGC)",128 MB,"Gamma, lookup table","Pixel binning, decimation, ROI",2 user configuration sets for custom camera settings,73.27,1x to 251x  (0 dB to 48 dB),,,,,,10400,USB3 Micro-B (horizontal locking) | JST HSHR-09V-S,"8-bit, 12-bit",40.4 mm x 40.4 mm x 17.1 mm,28 g,2 Bi-directional,10 to 80% (no condensation),0 to 50 °C,2.3 W to 3.6 W,Power over USB  or 5 to 25 V via GPIO connector,20 to 80% (no condensation),-30°C to 70°C,USB3,USB3 Port or External Camera Power Supply,"Lens, Cable, Host Adapter (USB Port)","CE, FCC, KCC, RoHS. The ECCN for this product is: EAR099.",USB3 Vision v1.0,3 years,62 @530 nm,,,"1 input, 1 output",,,,,,31,,,,,,,,3m USB 3.0 cable,,,,,,,,,,,,,,,,,,,,,,,,,,,8.9,,,,,,,,,,,,,,,,,,,,,,,,,,,,,,31,"1""",Manual and automatic control,,,,,4.7,,JST# SM09B-NSHSS-TB,,,,,,,,,,,,,,8.9,4112 x 2176,3.45,31,Global shutter,,Mono,,,USB 3.0 (5.0 Gbps),40.4 mm x 40.4 mm x 17.1 mm,28 g,CMOS
Teledyne Dalsa,LT-C1610 LT-C1610,Area Scan,LT Series USB3,,,,,,,,,,,,,,,,,,,,,,,,,,,,,,,,,,,,,,,,,,,,LT-UC11-C1610IF,1608 x 1104,,Sony IMX432,9,CMOS,Global shutter,Color,IR cut-off (650 nm),C-mount,"Image sync: Free-running, software & hardware trigger",USB 3.0 (5.0 Gbps),IP40,Continuous  / Single Frame,"Hardware trigger, programmable via camera API, automatic",5 µs to 30 seconds,8 MB non-volatile memory,"Manual, automatic (AGC)",128 MB,"Gamma, lookup table,  auto white balance, brightness and contrast",ROI,2 user configuration sets for custom camera settings,72.0,1x to 251x  (0 dB to 48 dB),,53 @470 nm,63@525 nm,50 @630 nm,,99000,USB3 Micro-B (horizontal locking) | JST HSHR-09V-S,"8-bit, 12-bit",45 mm x 45 mm x 36.1 mm,88 g,2 Bi-directional,5 to 95% (no condensation),0 to 50 °C,2.3 W to 3.6 W,Power over USB  or 5 to 25 V via GPIO connector,20 to 80% (no condensation),-30°C to 70°C,USB3,USB3 Port or External Camera Power Supply,"Lens, Cable, Host Adapter (USB Port)","CE, FCC, KCC, RoHS. The ECCN for this product is: EAR099.",USB3 Vision v1.0,3 years,,23,,"1 input, 1 output",,,,,,96,,,,,,,,3m USB 3.0 cable,,,,,,,,,,,,,,,,,,,,,,,,,,,1.7,,,,,,,,,,,,,,,,,,,,,,,,,,,,,,96,"1.1""","Manual, automatic (AWB)",,,,,33,,JST# SM09B-NSHSS-TB,,,,,,,,,,,,,,1.7,1608 x 1104,9,96,Global shutter,,Color,,C-mount,USB 3.0 (5.0 Gbps),45 mm x 45 mm x 36.1 mm,88 g,CMOS
Teledyne Dalsa,LT-C1630 LT-C1630,Area Scan,LT Series USB3,,,,,,,,,,,,,,,,,,,,,,,,,,,,,,,,,,,,,,,,,,,,LT-UC11-C1630IF,1632 x 1248,,Sony IMX430,4.5,CMOS,Global shutter,Color,IR cut-off (650 nm),C-mount,"Image sync: Free-running, software & hardware trigger",USB 3.0 (5.0 Gbps),IP40,Continuous  / Single Frame,"Hardware trigger, programmable via camera API, automatic",5 µs to 30 seconds,8 MB non-volatile memory,"Manual, automatic (AGC)",128 MB,"Gamma, lookup table,  auto white balance, brightness and contrast",ROI,2 user configuration sets for custom camera settings,73.0,1x to 251x  (0 dB to 48 dB),,53 @470 nm,63@525 nm,50 @630 nm,,25000,USB3 Micro-B (horizontal locking) | JST HSHR-09V-S,"8-bit, 12-bit",45 mm x 45 mm x 36.1 mm,88 g,2 Bi-directional,5 to 95% (no condensation),0 to 50 °C,2.3 W to 3.6 W,Power over USB  or 5 to 25 V via GPIO connector,20 to 80% (no condensation),-30°C to 70°C,USB3,USB3 Port or External Camera Power Supply,"Lens, Cable, Host Adapter (USB Port)","CE, FCC, KCC, RoHS. The ECCN for this product is: EAR099.",USB3 Vision v1.0,3 years,,5.7,,"1 input, 1 output",,,,,,86,,,,,,,,3m USB 3.0 cable,,,,,,,,,,,,,,,,,,,,,,,,,,,2,,,,,,,,,,,,,,,,,,,,,,,,,,,,,,86,"1/1.7""","Manual, automatic (AWB)",,,,,10.1,,JST# SM09B-NSHSS-TB,,,,,,,,,,,,,,2,1632 x 1248,4.5,86,Global shutter,,Color,,C-mount,USB 3.0 (5.0 Gbps),45 mm x 45 mm x 36.1 mm,88 g,CMOS
Teledyne Dalsa,LT-C1900 LT-C1900,Area Scan,LT Series USB3,,,,,,,,,,,,,,,,,,,,,,,,,,,,,,,,,,,,,,,,,,,,LT-UC10-C1900IF,1944 x 1096,,Sony IMX327,2.9,CMOS,Rolling shutter with global reset,Color,IR cut-off (650 nm),C-mount,"Image sync: Free-running, software & hardware trigger",USB 3.0 (5.0 Gbps),IP40,Continuous  / Single Frame,"Hardware trigger, programmable via camera API, automatic",15 µs to 1 seconds,8 MB non-volatile memory,"Manual, automatic (AGC)",128 MB,"Gamma, lookup table,  auto white balance, brightness and contrast",ROI,2 user configuration sets for custom camera settings,72.8,1x to 3715x,,,,,,11200,USB3 Micro-B (horizontal locking) | JST HSHR-09V-S,"8-bit, 12-bit",45 mm x 45 mm x 36.1 mm,88 g,2 Bi-directional,5 to 95% (no condensation),0 to 50 °C,2.3 W to 3.6 W,Power over USB  or 5 to 25 V via GPIO connector,20 to 80% (no condensation),-30°C to 70°C,USB3,USB3 Port or External Camera Power Supply,"Lens, Cable, Host Adapter (USB Port)","CE, FCC, KCC, RoHS. The ECCN for this product is: EAR099.",USB3 Vision v1.0,3 years,,,,"1 input, 1 output",,,,,,60,,,,,,,,3m USB 3.0 cable,,,,,,,,,,,,,,,,,,,,,,,,,,,2.1,,,,,,,,,,,,,,,,,,,,,,,,,,,,,,60,"1/2.8""","Manual, automatic (AWB)",,,,,,,JST# SM09B-NSHSS-TB,,,,,,,,,,,,,,2.1,1944 x 1096,2.9,60,Rolling shutter with global reset,,Color,,C-mount,USB 3.0 (5.0 Gbps),45 mm x 45 mm x 36.1 mm,88 g,CMOS
Teledyne Dalsa,LT-C1950 LT-C1950,Area Scan,LT Series USB3,,,,,,,,,,,,,,,,,,,,,,,,,,,,,,,,,,,,,,,,,,,,LT-UC10-C1950IF,1936 x 1216,,Sony IMX392,3.45,CMOS,Global shutter,Color,IR cut-off (650 nm),C-mount,"Image sync: Free-running, software & hardware trigger",USB 3.0 (5.0 Gbps),IP40,Continuous  / Single Frame,"Hardware trigger, programmable via camera API, automatic",14 µs to 30 seconds,8 MB non-volatile memory,"Manual, automatic (AGC)",128 MB,"Gamma, lookup table,  auto white balance, brightness and contrast",ROI,2 user configuration sets for custom camera settings,73.27,1x to 251x  (0 dB to 48 dB),,49 @470 nm,59 @525 nm,46 @630 nm,,10400,USB3 Micro-B (horizontal locking) | JST HSHR-09V-S,"8-bit, 12-bit",45 mm x 45 mm x 36.1 mm,88 g,2 Bi-directional,5 to 95% (no condensation),0 to 50 °C,2.3 W to 3.6 W,Power over USB  or 5 to 25 V via GPIO connector,20 to 80% (no condensation),-30°C to 70°C,USB3,USB3 Port or External Camera Power Supply,"Lens, Cable, Host Adapter (USB Port)","CE, FCC, KCC, RoHS. The ECCN for this product is: EAR099.",USB3 Vision v1.0,3 years,,2.3,,"1 input, 1 output",,,,,,162,,,,,,,,3m USB 3.0 cable,,,,,,,,,,,,,,,,,,,,,,,,,,,2.3,,,,,,,,,,,,,,,,,,,,,,,,,,,,,,162,"1/2.3""","Manual, automatic (AWB)",,,,,4.7,,JST# SM09B-NSHSS-TB,,,,,,,,,,,,,,2.3,1936 x 1216,3.45,162,Global shutter,,Color,,C-mount,USB 3.0 (5.0 Gbps),45 mm x 45 mm x 36.1 mm,88 g,CMOS
Teledyne Dalsa,LT-C2020 LT-C2020,Area Scan,LT Series USB3,,,,,,,,,,,,,,,,,,,,,,,,,,,,,,,,,,,,,,,,,,,,LT-UC11-C2020IF,2064 x 1544,,Sony IMX265,3.45,CMOS,Global shutter,Color,IR cut-off (650 nm),C-mount,"Image sync: Free-running, software & hardware trigger",USB 3.0 (5.0 Gbps),IP40,Continuous  / Single Frame,"Hardware trigger, programmable via camera API, automatic",14 µs to 30 seconds,8 MB non-volatile memory,"Manual, automatic (AGC)",128 MB,"Gamma, lookup table,  auto white balance, brightness and contrast",ROI,2 user configuration sets for custom camera settings,73.0,1x to 251x  (0 dB to 48 dB),,49 @470 nm,59 @525 nm,46 @630 nm,,10400,USB3 Micro-B (horizontal locking) | JST HSHR-09V-S,"8-bit, 12-bit",45 mm x 45 mm x 36.1 mm,88 g,2 Bi-directional,5 to 95% (no condensation),0 to 50 °C,2.3 W to 3.6 W,Power over USB  or 5 to 25 V via GPIO connector,20 to 80% (no condensation),-30°C to 70°C,USB3,USB3 Port or External Camera Power Supply,"Lens, Cable, Host Adapter (USB Port)","CE, FCC, KCC, RoHS. The ECCN for this product is: EAR099.",USB3 Vision v1.0,3 years,,2.3,,"1 input, 1 output",,,,,,55,,,,,,,,3m USB 3.0 cable,,,,,,,,,,,,,,,,,,,,,,,,,,,3.1,,,,,,,,,,,,,,,,,,,,,,,,,,,,,,55,"1/1.8""","Manual, automatic (AWB)",,,,,4.7,,JST# SM09B-NSHSS-TB,,,,,,,,,,,,,,3.1,2064 x 1544,3.45,55,Global shutter,,Color,,C-mount,USB 3.0 (5.0 Gbps),45 mm x 45 mm x 36.1 mm,88 g,CMOS
Teledyne Dalsa,LT-C2050 Lt-C2050,Area Scan,LT Series USB3,,,,,,,,,,,,,,,,,,,,,,,,,,,,,,,,,,,,,,,,,,,,LT-UC00-C2050,2064 x 1544,,Sony IMX252,3.45,CMOS,Global shutter,Color,IR cut-off (650 nm),C-mount,"Image sync: Free-running, software & hardware trigger",USB 3.0 (5.0 Gbps),IP40,Continuous  / Single Frame,"Hardware trigger, programmable via camera API, automatic",14 µs to 30 seconds,8 MB non-volatile memory,"Manual, automatic (AGC)",128 MB,"Gamma, lookup table,  auto white balance, brightness and contrast",ROI,2 user configuration sets for custom camera settings,73.0,1x to 251x  (0 dB to 48 dB),,49 @470 nm,59 @525 nm,46 @630 nm,,10400,USB3 Micro-B (horizontal locking) | Hirose MXR-8R-8SA(71) | 4-pin Lens Iris Control,"8-bit, 12-bit",44 mm x 44 mm x 61 mm,140 g,2 Bi-directional,5 to 95% (no condensation),0 to 50 °C,4 W,Power over USB  or 5 to 25 V via GPIO connector,20 to 80% (no condensation),-30 to 70 °C,USB3,USB3 Port or External Camera Power Supply,"Lens, Cable, Host Adapter (USB Port)","CE, FCC, RoHS, WEEE. The ECCN for this product is: EAR099.",USB3 Vision v1.0,3 years,,2.3,,"1 input, 1 output",,,,,,120,,1.0 e-/s at 22 °C,,,,,,3m USB 3.0 cable,,,,,,,,,,,,,,,,,,,,,,,,,,,3.1,8.9 mm,,Hardware and software triggerable,,,,,,,,,,,,,,,,,,,,,,,,,,,151,"1/1.8""","Manual, automatic (AWB)",,,,,4.7,,"Hirose-8 male connector, P-iris 4 pin connector",,,,,,,,,,,,,,3.1,2064 x 1544,3.45,120,Global shutter,,Color,,C-mount,USB 3.0 (5.0 Gbps),44 mm x 44 mm x 61 mm,140 g,CMOS
Teledyne Dalsa,LT-C2420 LT-C2420,Area Scan,LT Series USB3,,,,,,,,,,,,,,,,,,,,,,,,,,,,,,,,,,,,,,,,,,,,LT-UC11-C2420IF,2464 x 2056,,Sony IMX264,3.45,CMOS,Global shutter,Color,IR cut-off (650 nm),C-mount,"Image sync: Free-running, software & hardware trigger",USB 3.0 (5.0 Gbps),IP40,Continuous  / Single Frame,"Hardware trigger, programmable via camera API, automatic",14 µs to 30 seconds,8 MB non-volatile memory,"Manual, automatic (AGC)",128 MB,"Gamma, lookup table,  auto white balance, brightness and contrast",ROI,2 user configuration sets for custom camera settings,73.02,1x to 251x  (0 dB to 48 dB),,49 @470 nm,59 @525 nm,46 @630 nm,,10400,USB3 Micro-B (horizontal locking) | JST HSHR-09V-S,"8-bit, 12-bit",45 mm x 45 mm x 36.1 mm,88 g,2 Bi-directional,5 to 95% (no condensation),0 to 50 °C,2.3 W to 3.6 W,Power over USB  or 5 to 25 V via GPIO connector,20 to 80% (no condensation),-30°C to 70°C,USB3,USB3 Port or External Camera Power Supply,"Lens, Cable, Host Adapter (USB Port)","CE, FCC, KCC, RoHS. The ECCN for this product is: EAR099.",USB3 Vision v1.0,3 years,,2.3,,"1 input, 1 output",,,,,,35,,,,,,,,3m USB 3.0 cable,,,,,,,,,,,,,,,,,,,,,,,,,,,5.1,,,,,,,,,,,,,,,,,,,,,,,,,,,,,,35,"2/3""","Manual, automatic (AWB)",,,,,4.7,,JST# SM09B-NSHSS-TB,,,,,,,,,,,,,,5.1,2464 x 2056,3.45,35,Global shutter,,Color,,C-mount,USB 3.0 (5.0 Gbps),45 mm x 45 mm x 36.1 mm,88 g,CMOS
Teledyne Dalsa,LT-C2450 Lt-C2450,Area Scan,LT Series USB3,,,,,,,,,,,,,,,,,,,,,,,,,,,,,,,,,,,,,,,,,,,,LT-UC00-C2450,2464 x 2056,,Sony IMX250,3.45,CMOS,Global shutter,Color,IR cut-off (650 nm),C-mount,"Image sync: Free-running, software & hardware trigger",USB 3.0 (5.0 Gbps),IP40,Continuous  / Single Frame,"Hardware trigger, programmable via camera API, automatic",14 µs to 30 seconds,8 MB non-volatile memory,"Manual, automatic (AGC)",128 MB,"Gamma, lookup table,  auto white balance, brightness and contrast",ROI,2 user configuration sets for custom camera settings,73.0,1x to 251x  (0 dB to 48 dB),,49 @470 nm,59 @525 nm,46 @630 nm,,10400,USB3 Micro-B (horizontal locking) | Hirose MXR-8R-8SA(71) | 4-pin Lens Iris Control,"8-bit, 12-bit",44 mm x 44 mm x 61 mm,140 g,2 Bi-directional,5 to 95% (no condensation),0 to 50 °C,4 W,Power over USB  or 5 to 25 V via GPIO connector,20 to 80% (no condensation),-30 to 70 °C,USB3,USB3 Port or External Camera Power Supply,"Lens, Cable, Host Adapter (USB Port)","CE, FCC, RoHS, WEEE. The ECCN for this product is: EAR099.",USB3 Vision v1.0,3 years,,2.3,,"1 input, 1 output",,,,,,75,,1.5 e-/s at 22 °C,,,,,,3m USB 3.0 cable,,,,,,,,,,,,,,,,,,,,,,,,,,,5.1,11.1 mm,,Hardware and software triggerable,,,,,,,,,,,,,,,,,,,,,,,,,,,93,"2/3""","Manual, automatic (AWB)",,,,,4.7,,"Hirose-8 male connector, P-iris 4 pin connector",,,,,,,,,,,,,,5.1,2464 x 2056,3.45,75,Global shutter,,Color,,C-mount,USB 3.0 (5.0 Gbps),44 mm x 44 mm x 61 mm,140 g,CMOS
Teledyne Dalsa,LT-C3200 LT-C3200,Area Scan,LT Series USB3,,,,,,,,,,,,,,,,,,,,,,,,,,,,,,,,,,,,,,,,,,,,LT-UC11-C3200IF,3216 x 2208,,Sony IMX428,4.5,CMOS,Global shutter,Color,IR cut-off (650 nm),C-mount,"Image sync: Free-running, software & hardware trigger",USB 3.0 (5.0 Gbps),IP40,Continuous  / Single Frame,"Hardware trigger, programmable via camera API, automatic",5 µs to 30 seconds,8 MB non-volatile memory,"Manual, automatic (AGC)",128 MB,"Gamma, lookup table,  auto white balance, brightness and contrast",ROI,2 user configuration sets for custom camera settings,73.0,1x to 251x  (0 dB to 48 dB),,53 @470 nm,63@525 nm,50 @630 nm,,25000,USB3 Micro-B (horizontal locking) | JST HSHR-09V-S,"8-bit, 12-bit",45 mm x 45 mm x 36.1 mm,88 g,2 Bi-directional,5 to 95% (no condensation),0 to 50 °C,2.3 W to 3.6 W,Power over USB  or 5 to 25 V via GPIO connector,20 to 80% (no condensation),-30°C to 70°C,USB3,USB3 Port or External Camera Power Supply,"Lens, Cable, Host Adapter (USB Port)","CE, FCC, KCC, RoHS. The ECCN for this product is: EAR099.",USB3 Vision v1.0,3 years,,5.7,,"1 input, 1 output",,,,,,50,,,,,,,,3m USB 3.0 cable,,,,,,,,,,,,,,,,,,,,,,,,,,,7.1,,,,,,,,,,,,,,,,,,,,,,,,,,,,,,50,"1.1""","Manual, automatic (AWB)",,,,,10.1,,JST# SM09B-NSHSS-TB,,,,,,,,,,,,,,7.1,3216 x 2208,4.5,50,Global shutter,,Color,,C-mount,USB 3.0 (5.0 Gbps),45 mm x 45 mm x 36.1 mm,88 g,CMOS
Teledyne Dalsa,LT-C3840 LT-C3840,Area Scan,LT Series USB3,,,,,,,,,,,,,,,,,,,,,,,,,,,,,,,,,,,,,,,,,,,,LT-UC10-C3840IF,3840 x 2160,,Sony IMX334,2,CMOS,Rolling shutter with global reset,Color,IR cut-off (650 nm),C-mount,"Image sync: Free-running, software & hardware trigger",USB 3.0 (5.0 Gbps),IP40,Continuous  / Single Frame,"Hardware trigger, programmable via camera API, automatic",12 µs to 1 seconds,8 MB non-volatile memory,"Manual, automatic (AGC)",128 MB,"Gamma, lookup table,  auto white balance, brightness and contrast",ROI,2 user configuration sets for custom camera settings,70.0,1x to 3317x,,,,,,7300,USB3 Micro-B (horizontal locking) | JST HSHR-09V-S,"8-bit, 12-bit",45 mm x 45 mm x 36.1 mm,88 g,2 Bi-directional,5 to 95% (no condensation),0 to 50 °C,2.3 W to 3.6 W,Power over USB  or 5 to 25 V via GPIO connector,20 to 80% (no condensation),-30°C to 70°C,USB3,USB3 Port or External Camera Power Supply,"Lens, Cable, Host Adapter (USB Port)","CE, FCC, KCC, RoHS. The ECCN for this product is: EAR099.",USB3 Vision v1.0,3 years,,2,,"1 input, 1 output",,,,,,44,,,,,,,,3m USB 3.0 cable,,,,,,,,,,,,,,,,,,,,,,,,,,,8.2,,,,,,,,,,,,,,,,,,,,,,,,,,,,,,44,"1/1.8""","Manual, automatic (AWB)",,,,,,,JST# SM09B-NSHSS-TB,,,,,,,,,,,,,,8.2,3840 x 2160,2,44,Rolling shutter with global reset,,Color,,C-mount,USB 3.0 (5.0 Gbps),45 mm x 45 mm x 36.1 mm,88 g,CMOS
Teledyne Dalsa,LT-C4020 LT-C4020,Area Scan,LT Series USB3,,,,,,,,,,,,,,,,,,,,,,,,,,,,,,,,,,,,,,,,,,,,LT-UC11-C4020IF,4112 x 3008,,Sony IMX304,3.45,CMOS,Global shutter,Color,IR cut-off (650 nm),C-mount,"Image sync: Free-running, software & hardware trigger",USB 3.0 (5.0 Gbps),IP40,Continuous  / Single Frame,"Hardware trigger, programmable via camera API, automatic",14 µs to 30 seconds,8 MB non-volatile memory,"Manual, automatic (AGC)",128 MB,"Gamma, lookup table,  auto white balance, brightness and contrast",ROI,2 user configuration sets for custom camera settings,73.22,1x to 251x  (0 dB to 48 dB),,49 @470 nm,59 @525 nm,46 @630 nm,,10400,USB3 Micro-B (horizontal locking) | JST HSHR-09V-S,"8-bit, 12-bit",45 mm x 45 mm x 36.1 mm,88 g,2 Bi-directional,5 to 95% (no condensation),0 to 50 °C,2.3 W to 3.6 W,Power over USB  or 5 to 25 V via GPIO connector,20 to 80% (no condensation),-30°C to 70°C,USB3,USB3 Port or External Camera Power Supply,"Lens, Cable, Host Adapter (USB Port)","CE, FCC, KCC, RoHS. The ECCN for this product is: EAR099.",USB3 Vision v1.0,3 years,,,,"1 input, 1 output",,,,,,22,,,,,,,,3m USB 3.0 cable,,,,,,,,,,,,,,,,,,,,,,,,,,,12.3,,,,,,,,,,,,,,,,,,,,,,,,,,,,,,22,"1.1""","Manual, automatic (AWB)",,,,,4.7,,JST# SM09B-NSHSS-TB,,,,,,,,,,,,,,12.3,4112 x 3008,3.45,22,Global shutter,,Color,,C-mount,USB 3.0 (5.0 Gbps),45 mm x 45 mm x 36.1 mm,88 g,CMOS
Teledyne Dalsa,LT-C4030 LT-C4030,Area Scan,LT Series USB3,,,,,,,,,,,,,,,,,,,,,,,,,,,,,,,,,,,,,,,,,,,,LT-UC11-C4030IF,4112 x 2176,,Sony IMX267,3.45,CMOS,Global shutter,Color,IR cut-off (650 nm),C-mount,"Image sync: Free-running, software & hardware trigger",USB 3.0 (5.0 Gbps),IP40,Continuous  / Single Frame,"Hardware trigger, programmable via camera API, automatic",14 µs to 30 seconds,8 MB non-volatile memory,"Manual, automatic (AGC)",128 MB,"Gamma, lookup table,  auto white balance, brightness and contrast",ROI,2 user configuration sets for custom camera settings,73.27,1x to 251x  (0 dB to 48 dB),,49 @470 nm,59 @525 nm,46 @630 nm,,10400,USB3 Micro-B (horizontal locking) | JST HSHR-09V-S,"8-bit, 12-bit",45 mm x 45 mm x 36.1 mm,88 g,2 Bi-directional,5 to 95% (no condensation),0 to 50 °C,2.3 W to 3.6 W,Power over USB  or 5 to 25 V via GPIO connector,20 to 80% (no condensation),-30°C to 70°C,USB3,USB3 Port or External Camera Power Supply,"Lens, Cable, Host Adapter (USB Port)","CE, FCC, KCC, RoHS. The ECCN for this product is: EAR099.",USB3 Vision v1.0,3 years,,,,"1 input, 1 output",,,,,,31,,,,,,,,3m USB 3.0 cable,,,,,,,,,,,,,,,,,,,,,,,,,,,8.9,,,,,,,,,,,,,,,,,,,,,,,,,,,,,,31,"1""","Manual, automatic (AWB)",,,,,4.7,,JST# SM09B-NSHSS-TB,,,,,,,,,,,,,,8.9,4112 x 2176,3.45,31,Global shutter,,Color,,C-mount,USB 3.0 (5.0 Gbps),45 mm x 45 mm x 36.1 mm,88 g,CMOS
Teledyne Dalsa,LT-C4060 Lt-C4060,Area Scan,LT Series USB3,,,,,,,,,,,,,,,,,,,,,,,,,,,,,,,,,,,,,,,,,,,,LT-UC00-C4060,4112 x 2176,,Sony IMX255,3.45,CMOS,Global shutter,Color,IR cut-off (650 nm),C-mount,"Image sync: Free-running, software & hardware trigger",USB 3.0 (5.0 Gbps),IP40,Continuous  / Single Frame,"Hardware trigger, programmable via camera API, automatic",14 µs to 30 seconds,8 MB non-volatile memory,"Manual, automatic (AGC)",128 MB,"Gamma, lookup table,  auto white balance, brightness and contrast",ROI,2 user configuration sets for custom camera settings,72.7,1x to 251x  (0 dB to 48 dB),,49 @470 nm,59 @525 nm,46 @630 nm,,10400,USB3 Micro-B (horizontal locking) | Hirose MXR-8R-8SA(71) | 4-pin Lens Iris Control,"8-bit, 12-bit",44 mm x 44 mm x 61 mm,140 g,2 Bi-directional,5 to 95% (no condensation),0 to 50 °C,4 W,Power over USB  or 5 to 25 V via GPIO connector,20 to 80% (no condensation),-30 to 70 °C,USB3,USB3 Port or External Camera Power Supply,"Lens, Cable, Host Adapter (USB Port)","CE, FCC, RoHS, WEEE. The ECCN for this product is: EAR099.",USB3 Vision v1.0,3 years,,2.41 e-,,"1 input, 1 output",,,,,,42,,1.3 e-/s at 22 °C,,,,,,3m USB 3.0 cable,,,,,,,,,,,,,,,,,,,,,,,,,,,8.9,16.1 mm,,Hardware and software triggerable,,,,,,,,,,,,,,,,,,,,,,,,,,,57,"1""","Manual, automatic (AWB)",,,,,4.7,,"Hirose-8 male connector, P-iris 4 pin connector",,,,,,,,,,,,,,8.9,4112 x 2176,3.45,42,Global shutter,,Color,,C-mount,USB 3.0 (5.0 Gbps),44 mm x 44 mm x 61 mm,140 g,CMOS
Teledyne Dalsa,LT-C4430 LT-C4430,Area Scan,LT Series USB3,,,,,,,,,,,,,,,,,,,,,,,,,,,,,,,,,,,,,,,,,,,,LT-UC20-C4435,4432 x 4436,,Sony IMX367,3.45,CMOS,Global shutter,Color,,M42 x 1 mm,"Image sync: Free-running, software & hardware trigger",USB 3.0 (5.0 Gbps),IP40,Continuous  / Single Frame,"Hardware trigger, programmable via camera API, automatic",30 µs to 12 seconds,8 MB non-volatile memory,"Manual, automatic (AGC)",256 MB,"Gamma, lookup table,  auto white balance, brightness and contrast",ROI,2 user configuration sets for custom camera settings,73.0,1x to 251x  (0 dB to 48 dB),,49 @470 nm,59 @525 nm,46 @630 nm,,10400,USB3 Micro-B (horizontal locking) | SAMTEC TFM-105 type,"8-bit, 12-bit",59 mm x 59 mm x 44 mm,263 g,,5 to 95% (no condensation),0 to 50 °C,8 W,10 to 28 V via GPIO connector,20 to 80% (no condensation),-30°C to 70°C,USB3,External Camera Power Supply,"Lens, Cable, Host Adapter (USB Port)","CE, FCC, KCC, RoHS. The ECCN for this product is: EAR099.",USB3 Vision v1.0,3 years,,2.3,,"2 input, 3 output",,,,,,19,,,,,,,,3m USB 3.0 cable,,,,,,,,,,,,,,,,,,,,,,,,,,,19.6,,,,,,,,,,,,,,,,,,,,,,,,,,,,,,27,"4/3""","Manual, automatic (AWB)",,,,,4.7,,Samtec TFM-105-02-L-D-WT,,,,,,,,,,,,,,19.6,4432 x 4436,3.45,19,Global shutter,,Color,,M42 x 1 mm,USB 3.0 (5.0 Gbps),59 mm x 59 mm x 44 mm,263 g,CMOS
Teledyne Dalsa,LT-C5470 LT-C5470,Area Scan,LT Series USB3,,,,,,,,,,,,,,,,,,,,,,,,,,,,,,,,,,,,,,,,,,,,LT-UC20-C5475,5472 x 3084,,Sony IMX387,3.45,CMOS,Global shutter,Color,,M42 x 1 mm,"Image sync: Free-running, software & hardware trigger",USB 3.0 (5.0 Gbps),IP40,Continuous  / Single Frame,"Hardware trigger, programmable via camera API, automatic",30 µs to 12 seconds,8 MB non-volatile memory,"Manual, automatic (AGC)",256 MB,"Gamma, lookup table,  auto white balance, brightness and contrast",ROI,2 user configuration sets for custom camera settings,73.0,1x to 251x  (0 dB to 48 dB),,49 @470 nm,59 @525 nm,46 @630 nm,,10400,USB3 Micro-B (horizontal locking) | SAMTEC TFM-105 type,"8-bit, 12-bit",59 mm x 59 mm x 44 mm,263 g,,5 to 95% (no condensation),0 to 50 °C,8 W,10 to 28 V via GPIO connector,20 to 80% (no condensation),-30°C to 70°C,USB3,External Camera Power Supply,"Lens, Cable, Host Adapter (USB Port)","CE, FCC, KCC, RoHS. The ECCN for this product is: EAR099.",USB3 Vision v1.0,3 years,,2.3,,"2 input, 3 output",,,,,,27,,,,,,,,3m USB 3.0 cable,,,,,,,,,,,,,,,,,,,,,,,,,,,16.8,,,,,,,,,,,,,,,,,,,,,,,,,,,,,,32,"4/3""","Manual, automatic (AWB)",,,,,4.7,,Samtec TFM-105-02-L-D-WT,,,,,,,,,,,,,,16.8,5472 x 3084,3.45,27,Global shutter,,Color,,M42 x 1 mm,USB 3.0 (5.0 Gbps),59 mm x 59 mm x 44 mm,263 g,CMOS
Teledyne Dalsa,LT-C5500 LT-C5500,Area Scan,LT Series USB3,,,,,,,,,,,,,,,,,,,,,,,,,,,,,,,,,,,,,,,,,,,,LT-UC10-C5500IF,5472 x 3648,,Sony IMX183,2.4,CMOS,Rolling shutter with global reset,Color,IR cut-off (650 nm),C-mount,"Image sync: Free-running, software & hardware trigger",USB 3.0 (5.0 Gbps),IP40,Continuous  / Single Frame,"Hardware trigger, programmable via camera API, automatic",55 µs to 10 seconds,8 MB non-volatile memory,"Manual, automatic (AGC)",128 MB,"Gamma, lookup table,  auto white balance, brightness and contrast",ROI,2 user configuration sets for custom camera settings,73.0,1x to 180x,,,,,,14600,USB3 Micro-B (horizontal locking) | JST HSHR-09V-S,"8-bit, 12-bit",45 mm x 45 mm x 36.1 mm,88 g,2 Bi-directional,5 to 95% (no condensation),0 to 50 °C,2.3 W to 3.6 W,Power over USB  or 5 to 25 V via GPIO connector,20 to 80% (no condensation),-30°C to 70°C,USB3,USB3 Port or External Camera Power Supply,"Lens, Cable, Host Adapter (USB Port)","CE, FCC, KCC, RoHS. The ECCN for this product is: EAR099.",USB3 Vision v1.0,3 years,,,,"1 input, 1 output",,,,,,20,,,,,,,,3m USB 3.0 cable,,,,,,,,,,,,,,,,,,,,,,,,,,,19.9,,,,,,,,,,,,,,,,,,,,,,,,,,,,,,20,"1""","Manual, automatic (AWB)",,,,,,,JST# SM09B-NSHSS-TB,,,,,,,,,,,,,,19.9,5472 x 3648,2.4,20,Rolling shutter with global reset,,Color,,C-mount,USB 3.0 (5.0 Gbps),45 mm x 45 mm x 36.1 mm,88 g,CMOS
Teledyne Dalsa,LT-C6480 LT-C6480,Area Scan,LT Series USB3,,,,,,,,,,,,,,,,,,,,,,,,,,,,,,,,,,,,,,,,,,,,LT-UC20-C6485,6480 x 4860,,Sony IMX342,3.45,CMOS,Global shutter,Color,,M42 x 1 mm,"Image sync: Free-running, software & hardware trigger",USB 3.0 (5.0 Gbps),IP40,Continuous  / Single Frame,"Hardware trigger, programmable via camera API, automatic",42 µs to 12 seconds,8 MB non-volatile memory,"Manual, automatic (AGC)",256 MB,"Gamma, lookup table,  auto white balance, brightness and contrast",ROI,2 user configuration sets for custom camera settings,73.0,1x to 251x  (0 dB to 48 dB),,49 @470 nm,59 @525 nm,46 @630 nm,,10400,USB3 Micro-B (horizontal locking) | SAMTEC TFM-105 type,"8-bit, 12-bit",59 mm x 59 mm x 44 mm,263 g,,5 to 95% (no condensation),0 to 50 °C,8 W,10 to 28 V via GPIO connector,20 to 80% (no condensation),-30°C to 70°C,USB3,External Camera Power Supply,"Lens, Cable, Host Adapter (USB Port)","CE, FCC, KCC, RoHS. The ECCN for this product is: EAR099.",USB3 Vision v1.0,3 years,,2.3,,"2 input, 3 output",,,,,,15,,,,,,,,3m USB 3.0 cable,,,,,,,,,,,,,,,,,,,,,,,,,,,31.4,,,,,,,,,,,,,,,,,,,,,,,,,,,,,,18,APS-C,"Manual, automatic (AWB)",,,,,4.7,,Samtec TFM-105-02-L-D-WT,,,,,,,,,,,,,,31.4,6480 x 4860,3.45,15,Global shutter,,Color,,M42 x 1 mm,USB 3.0 (5.0 Gbps),59 mm x 59 mm x 44 mm,263 g,CMOS
Teledyne Dalsa,LT-M1610 LT-M1610,Area Scan,LT Series USB3,,,,,,,,,,,,,,,,,,,,,,,,,,,,,,,,,,,,,,,,,,,,LT-UM11-M1610,1608 x 1104,,Sony IMX432,9,CMOS,Global shutter,Mono,,C-mount,"Image sync: Free-running, software & hardware trigger",USB 3.0 (5.0 Gbps),IP40,Continuous  / Single Frame,"Hardware trigger, programmable via camera API, automatic",5 µs to 30 seconds,8 MB non-volatile memory,"Manual, automatic (AGC)",128 MB,"Gamma, lookup table",ROI,2 user configuration sets for custom camera settings,72.0,1x to 251x  (0 dB to 48 dB),,,,,,99000,USB3 Micro-B (horizontal locking) | JST HSHR-09V-S,"8-bit, 12-bit",45 mm x 45 mm x 36.1 mm,88 g,2 Bi-directional,5 to 95% (no condensation),0 to 50 °C,2.3 W to 3.6 W,Power over USB  or 5 to 25 V via GPIO connector,20 to 80% (no condensation),-30°C to 70°C,USB3,USB3 Port or External Camera Power Supply,"Lens, Cable, Host Adapter (USB Port)","CE, FCC, KCC, RoHS. The ECCN for this product is: EAR099.",USB3 Vision v1.0,3 years,70 @525 nm,23,,"1 input, 1 output",,,,,,96,,,,,,,,3m USB 3.0 cable,,,,,,,,,,,,,,,,,,,,,,,,,,,1.7,,,,,,,,,,,,,,,,,,,,,,,,,,,,,,96,"1.1""",Manual and automatic control,,,,,33,,JST# SM09B-NSHSS-TB,,,,,,,,,,,,,,1.7,1608 x 1104,9,96,Global shutter,,Mono,,C-mount,USB 3.0 (5.0 Gbps),45 mm x 45 mm x 36.1 mm,88 g,CMOS
Teledyne Dalsa,LT-M1630 LT-M1630,Area Scan,LT Series USB3,,,,,,,,,,,,,,,,,,,,,,,,,,,,,,,,,,,,,,,,,,,,LT-UM11-M1630,1632 x 1248,,Sony IMX430,4.5,CMOS,Global shutter,Mono,,C-mount,"Image sync: Free-running, software & hardware trigger",USB 3.0 (5.0 Gbps),IP40,Continuous  / Single Frame,"Hardware trigger, programmable via camera API, automatic",5 µs to 30 seconds,8 MB non-volatile memory,"Manual, automatic (AGC)",128 MB,"Gamma, lookup table","Pixel binning, decimation, ROI",2 user configuration sets for custom camera settings,73.0,1x to 251x  (0 dB to 48 dB),,,,,,25000,USB3 Micro-B (horizontal locking) | JST HSHR-09V-S,"8-bit, 12-bit",45 mm x 45 mm x 36.1 mm,88 g,2 Bi-directional,5 to 95% (no condensation),0 to 50 °C,2.3 W to 3.6 W,Power over USB  or 5 to 25 V via GPIO connector,20 to 80% (no condensation),-30°C to 70°C,USB3,USB3 Port or External Camera Power Supply,"Lens, Cable, Host Adapter (USB Port)","CE, FCC, KCC, RoHS. The ECCN for this product is: EAR099.",USB3 Vision v1.0,3 years,70 @525 nm,5.7,,"1 input, 1 output",,,,,,86,,,,,,,,3m USB 3.0 cable,,,,,,,,,,,,,,,,,,,,,,,,,,,2,,,,,,,,,,,,,,,,,,,,,,,,,,,,,,86,"1/1.7""",Manual and automatic control,,,,,8.8,,JST# SM09B-NSHSS-TB,,,,,,,,,,,,,,2,1632 x 1248,4.5,86,Global shutter,,Mono,,C-mount,USB 3.0 (5.0 Gbps),45 mm x 45 mm x 36.1 mm,88 g,CMOS
Teledyne Dalsa,LT-M1950 LT-M1950,Area Scan,LT Series USB3,,,,,,,,,,,,,,,,,,,,,,,,,,,,,,,,,,,,,,,,,,,,LT-UM10-M1950,1936 x 1216,,Sony IMX392,3.45,CMOS,Global shutter,Mono,,C-mount,"Image sync: Free-running, software & hardware trigger",USB 3.0 (5.0 Gbps),IP40,Continuous  / Single Frame,"Hardware trigger, programmable via camera API, automatic",14 µs to 30 seconds,8 MB non-volatile memory,"Manual, automatic (AGC)",128 MB,"Gamma, lookup table","Pixel binning, decimation, ROI",2 user configuration sets for custom camera settings,73.27,1x to 251x  (0 dB to 48 dB),,,,,,10400,USB3 Micro-B (horizontal locking) | JST HSHR-09V-S,"8-bit, 12-bit",45 mm x 45 mm x 36.1 mm,88 g,2 Bi-directional,5 to 95% (no condensation),0 to 50 °C,2.3 W to 3.6 W,Power over USB  or 5 to 25 V via GPIO connector,20 to 80% (no condensation),-30°C to 70°C,USB3,USB3 Port or External Camera Power Supply,"Lens, Cable, Host Adapter (USB Port)","CE, FCC, KCC, RoHS. The ECCN for this product is: EAR099.",USB3 Vision v1.0,3 years,62 @530 nm,2.3,,"1 input, 1 output",,,,,,60,,,,,,,,3m USB 3.0 cable,,,,,,,,,,,,,,,,,,,,,,,,,,,2.3,,,,,,,,,,,,,,,,,,,,,,,,,,,,,,60,"1/2.3""",Manual and automatic control,,,,,4.7,,JST# SM09B-NSHSS-TB,,,,,,,,,,,,,,2.3,1936 x 1216,3.45,60,Global shutter,,Mono,,C-mount,USB 3.0 (5.0 Gbps),45 mm x 45 mm x 36.1 mm,88 g,CMOS
Teledyne Dalsa,LT-M2020 LT-M2020,Area Scan,LT Series USB3,,,,,,,,,,,,,,,,,,,,,,,,,,,,,,,,,,,,,,,,,,,,LT-UM11-M2020,2064 x 1544,,Sony IMX265,3.45,CMOS,Global shutter,Mono,,C-mount,"Image sync: Free-running, software & hardware trigger",USB 3.0 (5.0 Gbps),IP40,Continuous  / Single Frame,"Hardware trigger, programmable via camera API, automatic",14 µs to 30 seconds,8 MB non-volatile memory,"Manual, automatic (AGC)",128 MB,"Gamma, lookup table","Pixel binning, decimation, ROI",2 user configuration sets for custom camera settings,73.0,1x to 251x  (0 dB to 48 dB),,,,,,10400,USB3 Micro-B (horizontal locking) | JST HSHR-09V-S,"8-bit, 12-bit",45 mm x 45 mm x 36.1 mm,88 g,2 Bi-directional,5 to 95% (no condensation),0 to 50 °C,2.3 W to 3.6 W,Power over USB  or 5 to 25 V via GPIO connector,20 to 80% (no condensation),-30°C to 70°C,USB3,USB3 Port or External Camera Power Supply,"Lens, Cable, Host Adapter (USB Port)","CE, FCC, KCC, RoHS. The ECCN for this product is: EAR099.",USB3 Vision v1.0,3 years,62 @530 nm,2.3,,"1 input, 1 output",,,,,,162,,,,,,,,3m USB 3.0 cable,,,,,,,,,,,,,,,,,,,,,,,,,,,3.1,,,,,,,,,,,,,,,,,,,,,,,,,,,,,,162,"1/1.8""",Manual and automatic control,,,,,4.7,,JST# SM09B-NSHSS-TB,,,,,,,,,,,,,,3.1,2064 x 1544,3.45,162,Global shutter,,Mono,,C-mount,USB 3.0 (5.0 Gbps),45 mm x 45 mm x 36.1 mm,88 g,CMOS
Teledyne Dalsa,LT-M2050 Lt-M2050,Area Scan,LT Series USB3,,,,,,,,,,,,,,,,,,,,,,,,,,,,,,,,,,,,,,,,,,,,LT-UM00-M2050,2064 x 1544,,Sony IMX252,3.45,CMOS,Global shutter,Mono,IR cut-off (650 nm),C-mount,"Image sync: Free-running, software & hardware trigger",USB 3.0 (5.0 Gbps),IP40,Continuous  / Single Frame,"Hardware trigger, programmable via camera API, automatic",14 µs to 30 seconds,8 MB non-volatile memory,"Manual, automatic (AGC)",128 MB,"Gamma, lookup table","Pixel binning, decimation, ROI",2 user configuration sets for custom camera settings,73.0,1x to 251x  (0 dB to 48 dB),,,,,,10400,USB3 Micro-B (horizontal locking) | Hirose MXR-8R-8SA(71) | 4-pin Lens Iris Control,"8-bit, 12-bit",44 mm x 44 mm x 61 mm,140 g,2 Bi-directional,5 to 95% (no condensation),0 to 50 °C,4 W,Power over USB  or 5 to 25 V via GPIO connector,20 to 80% (no condensation),-30 to 70 °C,USB3,USB3 Port or External Camera Power Supply,"Lens, Cable, Host Adapter (USB Port)","CE, FCC, RoHS, WEEE. The ECCN for this product is: EAR099.",USB3 Vision v1.0,3 years,62 @530 nm,2.3,,"1 input, 1 output",,,,,,120,,1.0 e-/s at 22 °C,,,,,,3m USB 3.0 cable,,,,,,,,,,,,,,,,,,,,,,,,,,,3.1,8.9 mm,,Hardware and software triggerable,,,,,,,,,,,,,,,,,,,,,,,,,,,151,"1/1.8""",Manual and automatic control,,,,,4.7,,"Hirose-8 male connector, P-iris 4 pin connector",,,,,,,,,,,,,,3.1,2064 x 1544,3.45,120,Global shutter,,Mono,,C-mount,USB 3.0 (5.0 Gbps),44 mm x 44 mm x 61 mm,140 g,CMOS
Teledyne Dalsa,LT-M2420 LT-M2420,Area Scan,LT Series USB3,,,,,,,,,,,,,,,,,,,,,,,,,,,,,,,,,,,,,,,,,,,,LT-UM11-M2420,2464 x 2056,,Sony IMX264,3.45,CMOS,Global shutter,Mono,,C-mount,"Image sync: Free-running, software & hardware trigger",USB 3.0 (5.0 Gbps),IP40,Continuous  / Single Frame,"Hardware trigger, programmable via camera API, automatic",14 µs to 30 seconds,8 MB non-volatile memory,"Manual, automatic (AGC)",128 MB,"Gamma, lookup table","Pixel binning, decimation, ROI",2 user configuration sets for custom camera settings,73.02,1x to 251x  (0 dB to 48 dB),,,,,,10400,USB3 Micro-B (horizontal locking) | JST HSHR-09V-S,"8-bit, 12-bit",45 mm x 45 mm x 36.1 mm,88 g,2 Bi-directional,5 to 95% (no condensation),0 to 50 °C,2.3 W to 3.6 W,Power over USB  or 5 to 25 V via GPIO connector,20 to 80% (no condensation),-30°C to 70°C,USB3,USB3 Port or External Camera Power Supply,"Lens, Cable, Host Adapter (USB Port)","CE, FCC, KCC, RoHS. The ECCN for this product is: EAR099.",USB3 Vision v1.0,3 years,62 @530 nm,2.3,,"1 input, 1 output",,,,,,55,,,,,,,,3m USB 3.0 cable,,,,,,,,,,,,,,,,,,,,,,,,,,,5,,,,,,,,,,,,,,,,,,,,,,,,,,,,,,55,"2/3""",Manual and automatic control,,,,,4.7,,JST# SM09B-NSHSS-TB,,,,,,,,,,,,,,5,2464 x 2056,3.45,55,Global shutter,,Mono,,C-mount,USB 3.0 (5.0 Gbps),45 mm x 45 mm x 36.1 mm,88 g,CMOS
Teledyne Dalsa,LT-M2450 Lt-M2450,Area Scan,LT Series USB3,,,,,,,,,,,,,,,,,,,,,,,,,,,,,,,,,,,,,,,,,,,,LT-UM00-M2450,2464 x 2056,,Sony IMX250,3.45,CMOS,Global shutter,Mono,IR cut-off (650 nm),C-mount,"Image sync: Free-running, software & hardware trigger",USB 3.0 (5.0 Gbps),IP40,Continuous  / Single Frame,"Hardware trigger, programmable via camera API, automatic",14 µs to 30 seconds,8 MB non-volatile memory,"Manual, automatic (AGC)",128 MB,"Gamma, lookup table","Pixel binning, decimation, ROI",2 user configuration sets for custom camera settings,73.0,1x to 251x  (0 dB to 48 dB),,,,,,10400,USB3 Micro-B (horizontal locking) | Hirose MXR-8R-8SA(71) | 4-pin Lens Iris Control,"8-bit, 12-bit",44 mm x 44 mm x 61 mm,140 g,2 Bi-directional,5 to 95% (no condensation),0 to 50 °C,4 W,Power over USB  or 5 to 25 V via GPIO connector,20 to 80% (no condensation),-30 to 70 °C,USB3,USB3 Port or External Camera Power Supply,"Lens, Cable, Host Adapter (USB Port)","CE, FCC, RoHS, WEEE. The ECCN for this product is: EAR099.",USB3 Vision v1.0,3 years,62 @530 nm,2.3,,"1 input, 1 output",,,,,,75,,1.5 e-/s at 22 °C,,,,,,3m USB 3.0 cable,,,,,,,,,,,,,,,,,,,,,,,,,,,5.1,11.1 mm,,Hardware and software triggerable,,,,,,,,,,,,,,,,,,,,,,,,,,,93,"2/3""",Manual and automatic control,,,,,4.7,,"Hirose-8 male connector, P-iris 4 pin connector",,,,,,,,,,,,,,5.1,2464 x 2056,3.45,75,Global shutter,,Mono,,C-mount,USB 3.0 (5.0 Gbps),44 mm x 44 mm x 61 mm,140 g,CMOS
Teledyne Dalsa,LT-M3200 LT-M3200,Area Scan,LT Series USB3,,,,,,,,,,,,,,,,,,,,,,,,,,,,,,,,,,,,,,,,,,,,LT-UM11-M3200,3216 x 2208,,Sony IMX428,4.5,CMOS,Global shutter,Mono,,C-mount,"Image sync: Free-running, software & hardware trigger",USB 3.0 (5.0 Gbps),IP40,Continuous  / Single Frame,"Hardware trigger, programmable via camera API, automatic",5 µs to 30 seconds,8 MB non-volatile memory,"Manual, automatic (AGC)",128 MB,"Gamma, lookup table","Pixel binning, decimation, ROI",2 user configuration sets for custom camera settings,73.0,1x to 251x  (0 dB to 48 dB),,,,,,25000,USB3 Micro-B (horizontal locking) | JST HSHR-09V-S,"8-bit, 12-bit",45 mm x 45 mm x 36.1 mm,88 g,2 Bi-directional,5 to 95% (no condensation),0 to 50 °C,2.3 W to 3.6 W,Power over USB  or 5 to 25 V via GPIO connector,20 to 80% (no condensation),-30°C to 70°C,USB3,USB3 Port or External Camera Power Supply,"Lens, Cable, Host Adapter (USB Port)","CE, FCC, KCC, RoHS. The ECCN for this product is: EAR099.",USB3 Vision v1.0,3 years,70 @525 nm,5.7,,"1 input, 1 output",,,,,,35,,,,,,,,3m USB 3.0 cable,,,,,,,,,,,,,,,,,,,,,,,,,,,7.1,,,,,,,,,,,,,,,,,,,,,,,,,,,,,,35,"1.1""",Manual and automatic control,,,,,8.8,,JST# SM09B-NSHSS-TB,,,,,,,,,,,,,,7.1,3216 x 2208,4.5,35,Global shutter,,Mono,,C-mount,USB 3.0 (5.0 Gbps),45 mm x 45 mm x 36.1 mm,88 g,CMOS
Teledyne Dalsa,LT-M3840 LT-M3840,Area Scan,LT Series USB3,,,,,,,,,,,,,,,,,,,,,,,,,,,,,,,,,,,,,,,,,,,,LT-UM10-M3840,3840 x 2160,,Sony IMX334,2,CMOS,Rolling shutter with global reset,Mono,,C-mount,"Image sync: Free-running, software & hardware trigger",USB 3.0 (5.0 Gbps),IP40,Continuous  / Single Frame,"Hardware trigger, programmable via camera API, automatic",12 µs to 30 seconds,8 MB non-volatile memory,"Manual, automatic (AGC)",128 MB,"Gamma, lookup table","Pixel binning, decimation, ROI",2 user configuration sets for custom camera settings,70.0,1x to 3317x,,,,,,7300,USB3 Micro-B (horizontal locking) | JST HSHR-09V-S,"8-bit, 12-bit",45 mm x 45 mm x 36.1 mm,88 g,2 Bi-directional,5 to 95% (no condensation),0 to 50 °C,2.3 W to 3.6 W,Power over USB  or 5 to 25 V via GPIO connector,20 to 80% (no condensation),-30°C to 70°C,USB3,USB3 Port or External Camera Power Supply,"Lens, Cable, Host Adapter (USB Port)","CE, FCC, KCC, RoHS. The ECCN for this product is: EAR099.",USB3 Vision v1.0,3 years,0.72,2,,"1 input, 1 output",,,,,,44,,,,,,,,3m USB 3.0 cable,,,,,,,,,,,,,,,,,,,,,,,,,,,8.2,,,,,,,,,,,,,,,,,,,,,,,,,,,,,,44,"1/1.8""",Manual and automatic control,,,,,,,JST# SM09B-NSHSS-TB,,,,,,,,,,,,,,8.2,3840 x 2160,2,44,Rolling shutter with global reset,,Mono,,C-mount,USB 3.0 (5.0 Gbps),45 mm x 45 mm x 36.1 mm,88 g,CMOS
Teledyne Dalsa,LT-M4020 LT-M4020,Area Scan,LT Series USB3,,,,,,,,,,,,,,,,,,,,,,,,,,,,,,,,,,,,,,,,,,,,LT-UM11-M4020,4112 x 3008,,Sony IMX304,3.45,CMOS,Global shutter,Mono,,C-mount,"Image sync: Free-running, software & hardware trigger",USB 3.0 (5.0 Gbps),IP40,Continuous  / Single Frame,"Hardware trigger, programmable via camera API, automatic",14 µs to 30 seconds,8 MB non-volatile memory,"Manual, automatic (AGC)",128 MB,"Gamma, lookup table","Pixel binning, decimation, ROI",2 user configuration sets for custom camera settings,73.22,1x to 251x  (0 dB to 48 dB),,,,,,10400,USB3 Micro-B (horizontal locking) | JST HSHR-09V-S,"8-bit, 12-bit",45 mm x 45 mm x 36.1 mm,88 g,2 Bi-directional,5 to 95% (no condensation),0 to 50 °C,2.3 W to 3.6 W,Power over USB  or 5 to 25 V via GPIO connector,20 to 80% (no condensation),-30°C to 70°C,USB3,USB3 Port or External Camera Power Supply,"Lens, Cable, Host Adapter (USB Port)","CE, FCC, KCC, RoHS. The ECCN for this product is: EAR099.",USB3 Vision v1.0,3 years,62 @530 nm,,,"1 input, 1 output",,,,,,44,,,,,,,,3m USB 3.0 cable,,,,,,,,,,,,,,,,,,,,,,,,,,,12.3,,,,,,,,,,,,,,,,,,,,,,,,,,,,,,44,"1.1""",Manual and automatic control,,,,,4.7,,JST# SM09B-NSHSS-TB,,,,,,,,,,,,,,12.3,4112 x 3008,3.45,44,Global shutter,,Mono,,C-mount,USB 3.0 (5.0 Gbps),45 mm x 45 mm x 36.1 mm,88 g,CMOS
Teledyne Dalsa,LT-M4030 LT-M4030,Area Scan,LT Series USB3,,,,,,,,,,,,,,,,,,,,,,,,,,,,,,,,,,,,,,,,,,,,LT-UM11-M4030,4112 x 2176,,Sony IMX267,3.45,CMOS,Global shutter,Mono,,C-mount,"Image sync: Free-running, software & hardware trigger",USB 3.0 (5.0 Gbps),IP40,Continuous  / Single Frame,"Hardware trigger, programmable via camera API, automatic",14 µs to 30 seconds,8 MB non-volatile memory,"Manual, automatic (AGC)",128 MB,"Gamma, lookup table","Pixel binning, decimation, ROI",2 user configuration sets for custom camera settings,73.27,1x to 251x  (0 dB to 48 dB),,,,,,10400,USB3 Micro-B (horizontal locking) | JST HSHR-09V-S,"8-bit, 12-bit",45 mm x 45 mm x 36.1 mm,88 g,2 Bi-directional,5 to 95% (no condensation),0 to 50 °C,2.3 W to 3.6 W,Power over USB  or 5 to 25 V via GPIO connector,20 to 80% (no condensation),-30°C to 70°C,USB3,USB3 Port or External Camera Power Supply,"Lens, Cable, Host Adapter (USB Port)","CE, FCC, KCC, RoHS. The ECCN for this product is: EAR099.",USB3 Vision v1.0,3 years,62 @530 nm,,,"1 input, 1 output",,,,,,22,,,,,,,,3m USB 3.0 cable,,,,,,,,,,,,,,,,,,,,,,,,,,,8.9,,,,,,,,,,,,,,,,,,,,,,,,,,,,,,22,"1""",Manual and automatic control,,,,,4.7,,JST# SM09B-NSHSS-TB,,,,,,,,,,,,,,8.9,4112 x 2176,3.45,22,Global shutter,,Mono,,C-mount,USB 3.0 (5.0 Gbps),45 mm x 45 mm x 36.1 mm,88 g,CMOS
Teledyne Dalsa,LT-M4040 Lt-M4040,Area Scan,LT Series USB3,,,,,,,,,,,,,,,,,,,,,,,,,,,,,,,,,,,,,,,,,,,,LT-UM00-M4040,4112 x 3008,,Sony IMX253,3.45,CMOS,Global shutter,Mono,IR cut-off (650 nm),C-mount,"Image sync: Free-running, software & hardware trigger",USB 3.0 (5.0 Gbps),IP40,Continuous  / Single Frame,"Hardware trigger, programmable via camera API, automatic",14 µs to 30 seconds,8 MB non-volatile memory,"Manual, automatic (AGC)",128 MB,"Gamma, lookup table","Pixel binning, decimation, ROI",2 user configuration sets for custom camera settings,74.0,1x to 251x  (0 dB to 48 dB),,,,,,10400,USB3 Micro-B (horizontal locking) | Hirose MXR-8R-8SA(71) | 4-pin Lens Iris Control,"8-bit, 12-bit",44 mm x 44 mm x 61 mm,140 g,2 Bi-directional,5 to 95% (no condensation),0 to 50 °C,4 W,Power over USB  or 5 to 25 V via GPIO connector,20 to 80% (no condensation),-30 to 70 °C,USB3,USB3 Port or External Camera Power Supply,"Lens, Cable, Host Adapter (USB Port)","CE, FCC, RoHS, WEEE. The ECCN for this product is: EAR099.",USB3 Vision v1.0,3 years,62 @530 nm,2.41 e-,,"1 input, 1 output",,,,,,30,,1.2 e-/s at 22 °C,,,,,,3m USB 3.0 cable,,,,,,,,,,,,,,,,,,,,,,,,,,,12.3,17.6 mm,,Hardware and software triggerable,,,,,,,,,,,,,,,,,,,,,,,,,,,42,"1.1""",Manual and automatic control,,,,,4.7,,"Hirose-8 male connector, P-iris 4 pin connector",,,,,,,,,,,,,,12.3,4112 x 3008,3.45,30,Global shutter,,Mono,,C-mount,USB 3.0 (5.0 Gbps),44 mm x 44 mm x 61 mm,140 g,CMOS
Teledyne Dalsa,LT-M4060 Lt-M4060,Area Scan,LT Series USB3,,,,,,,,,,,,,,,,,,,,,,,,,,,,,,,,,,,,,,,,,,,,LT-UM00-M4060,4112 x 2176,,Sony IMX255,3.45,CMOS,Global shutter,Mono,IR cut-off (650 nm),C-mount,"Image sync: Free-running, software & hardware trigger",USB 3.0 (5.0 Gbps),IP40,Continuous  / Single Frame,"Hardware trigger, programmable via camera API, automatic",14 µs to 30 seconds,8 MB non-volatile memory,"Manual, automatic (AGC)",128 MB,"Gamma, lookup table","Pixel binning, decimation, ROI",2 user configuration sets for custom camera settings,72.7,1x to 251x  (0 dB to 48 dB),,,,,,10400,USB3 Micro-B (horizontal locking) | Hirose MXR-8R-8SA(71) | 4-pin Lens Iris Control,"8-bit, 12-bit",44 mm x 44 mm x 61 mm,140 g,2 Bi-directional,5 to 95% (no condensation),0 to 50 °C,4 W,Power over USB  or 5 to 25 V via GPIO connector,20 to 80% (no condensation),-30 to 70 °C,USB3,USB3 Port or External Camera Power Supply,"Lens, Cable, Host Adapter (USB Port)","CE, FCC, RoHS, WEEE. The ECCN for this product is: EAR099.",USB3 Vision v1.0,3 years,62 @530 nm,2.41 e-,,"1 input, 1 output",,,,,,42,,1.3 e-/s at 22 °C,,,,,,3m USB 3.0 cable,,,,,,,,,,,,,,,,,,,,,,,,,,,8.9,16.1 mm,,Hardware and software triggerable,,,,,,,,,,,,,,,,,,,,,,,,,,,57,"1""",Manual and automatic control,,,,,4.7,,"Hirose-8 male connector, P-iris 4 pin connector",,,,,,,,,,,,,,8.9,4112 x 2176,3.45,42,Global shutter,,Mono,,C-mount,USB 3.0 (5.0 Gbps),44 mm x 44 mm x 61 mm,140 g,CMOS
Teledyne Dalsa,LT-M4430 LT-M4430,Area Scan,LT Series USB3,,,,,,,,,,,,,,,,,,,,,,,,,,,,,,,,,,,,,,,,,,,,LT-UM20-M4435,4432 x 4436,,Sony IMX367,3.45,CMOS,Global shutter,Mono,,M42 x 1 mm,"Image sync: Free-running, software & hardware trigger",USB 3.0 (5.0 Gbps),IP40,Continuous  / Single Frame,"Hardware trigger, programmable via camera API, automatic",30 µs to 12 seconds,8 MB non-volatile memory,"Manual, automatic (AGC)",256 MB,"Gamma, lookup table","Pixel binning, decimation, ROI",2 user configuration sets for custom camera settings,73.0,1x to 251x  (0 dB to 48 dB),,,,,,10400,USB3 Micro-B (horizontal locking) | SAMTEC TFM-105 type,"8-bit, 12-bit",59 mm x 59 mm x 44 mm,263 g,,5 to 95% (no condensation),0 to 50 °C,8 W,10 to 28 V via GPIO connector,20 to 80% (no condensation),-30°C to 70°C,USB3,External Camera Power Supply,"Lens, Cable, Host Adapter (USB Port)","CE, FCC, KCC, RoHS. The ECCN for this product is: EAR099.",USB3 Vision v1.0,3 years,62 @530 nm,2.3,,"2 input, 3 output",,,,,,31,,,,,,,,3m USB 3.0 cable,,,,,,,,,,,,,,,,,,,,,,,,,,,19.6,,,,,,,,,,,,,,,,,,,,,,,,,,,,,,31,"4/3""",Manual and automatic control,,,,,4.7,,Samtec TFM-105-02-L-D-WT,,,,,,,,,,,,,,19.6,4432 x 4436,3.45,31,Global shutter,,Mono,,M42 x 1 mm,USB 3.0 (5.0 Gbps),59 mm x 59 mm x 44 mm,263 g,CMOS
Teledyne Dalsa,LT-M5470 LT-M5470,Area Scan,LT Series USB3,,,,,,,,,,,,,,,,,,,,,,,,,,,,,,,,,,,,,,,,,,,,LT-UM20-M5475,5472 x 3084,,Sony IMX387,3.45,CMOS,Global shutter,Mono,,M42 x 1 mm,"Image sync: Free-running, software & hardware trigger",USB 3.0 (5.0 Gbps),IP40,Continuous  / Single Frame,"Hardware trigger, programmable via camera API, automatic",30 µs to 12 seconds,8 MB non-volatile memory,"Manual, automatic (AGC)",256 MB,"Gamma, lookup table","Pixel binning, decimation, ROI",2 user configuration sets for custom camera settings,73.0,1x to 251x  (0 dB to 48 dB),,,,,,10400,USB3 Micro-B (horizontal locking) | SAMTEC TFM-105 type,"8-bit, 12-bit",59 mm x 59 mm x 44 mm,263 g,,5 to 95% (no condensation),0 to 50 °C,8 W,10 to 28 V via GPIO connector,20 to 80% (no condensation),-30°C to 70°C,USB3,External Camera Power Supply,"Lens, Cable, Host Adapter (USB Port)","CE, FCC, KCC, RoHS. The ECCN for this product is: EAR099.",USB3 Vision v1.0,3 years,62 @530 nm,2.3,,"2 input, 3 output",,,,,,27,,,,,,,,3m USB 3.0 cable,,,,,,,,,,,,,,,,,,,,,,,,,,,16.8,,,,,,,,,,,,,,,,,,,,,,,,,,,,,,32,"4/3""",Manual and automatic control,,,,,4.7,,Samtec TFM-105-02-L-D-WT,,,,,,,,,,,,,,16.8,5472 x 3084,3.45,27,Global shutter,,Mono,,M42 x 1 mm,USB 3.0 (5.0 Gbps),59 mm x 59 mm x 44 mm,263 g,CMOS
Teledyne Dalsa,LT-M5500 LT-M5500,Area Scan,LT Series USB3,,,,,,,,,,,,,,,,,,,,,,,,,,,,,,,,,,,,,,,,,,,,LT-UM10-M5500,5472 x 3648,,Sony IMX183,2.4,CMOS,Rolling shutter with global reset,Mono,,C-mount,"Image sync: Free-running, software & hardware trigger",USB 3.0 (5.0 Gbps),IP40,Continuous  / Single Frame,"Hardware trigger, programmable via camera API, automatic",55 µs to 10 seconds,8 MB non-volatile memory,"Manual, automatic (AGC)",128 MB,"Gamma, lookup table","Pixel binning, decimation, ROI",2 user configuration sets for custom camera settings,73.0,1x to 180x,,,,,,14600,USB3 Micro-B (horizontal locking) | JST HSHR-09V-S,"8-bit, 12-bit",45 mm x 45 mm x 36.1 mm,88 g,2 Bi-directional,5 to 95% (no condensation),0 to 50 °C,2.3 W to 3.6 W,Power over USB  or 5 to 25 V via GPIO connector,20 to 80% (no condensation),-30°C to 70°C,USB3,USB3 Port or External Camera Power Supply,"Lens, Cable, Host Adapter (USB Port)","CE, FCC, KCC, RoHS. The ECCN for this product is: EAR099.",USB3 Vision v1.0,3 years,,,,"1 input, 1 output",,,,,,20,,,,,,,,3m USB 3.0 cable,,,,,,,,,,,,,,,,,,,,,,,,,,,19.9,,,,,,,,,,,,,,,,,,,,,,,,,,,,,,20,"1""",Manual and automatic control,,,,,,,JST# SM09B-NSHSS-TB,,,,,,,,,,,,,,19.9,5472 x 3648,2.4,20,Rolling shutter with global reset,,Mono,,C-mount,USB 3.0 (5.0 Gbps),45 mm x 45 mm x 36.1 mm,88 g,CMOS
Teledyne Dalsa,LT-M6480 LT-M6480,Area Scan,LT Series USB3,,,,,,,,,,,,,,,,,,,,,,,,,,,,,,,,,,,,,,,,,,,,LT-UM20-M6485,6480 x 4860,,Sony IMX342,3.45,CMOS,Global shutter,Mono,,M42 x 1 mm,"Image sync: Free-running, software & hardware trigger",USB 3.0 (5.0 Gbps),IP40,Continuous  / Single Frame,"Hardware trigger, programmable via camera API, automatic",42 µs to 12 seconds,8 MB non-volatile memory,"Manual, automatic (AGC)",256 MB,"Gamma, lookup table","Pixel binning, decimation, ROI",2 user configuration sets for custom camera settings,73.0,1x to 251x  (0 dB to 48 dB),,,,,,10400,USB3 Micro-B (horizontal locking) | SAMTEC TFM-105 type,"8-bit, 12-bit",59 mm x 59 mm x 44 mm,263 g,,5 to 95% (no condensation),0 to 50 °C,8 W,10 to 28 V via GPIO connector,20 to 80% (no condensation),-30°C to 70°C,USB3,External Camera Power Supply,"Lens, Cable, Host Adapter (USB Port)","CE, FCC, KCC, RoHS. The ECCN for this product is: EAR099.",USB3 Vision v1.0,3 years,62 @530 nm,2.3,,"2 input, 3 output",,,,,,15,,,,,,,,3m USB 3.0 cable,,,,,,,,,,,,,,,,,,,,,,,,,,,31.4,,,,,,,,,,,,,,,,,,,,,,,,,,,,,,18,APS-C,Manual and automatic control,,,,,4.7,,Samtec TFM-105-02-L-D-WT,,,,,,,,,,,,,,31.4,6480 x 4860,3.45,15,Global shutter,,Mono,,M42 x 1 mm,USB 3.0 (5.0 Gbps),59 mm x 59 mm x 44 mm,263 g,CMOS
Teledyne Dalsa,LT1245RM Lt1245RM,Area Scan,LT Series USB3,,,,,,,,,,,,,,,,,,,,,,,,,,,,,,,,,,,,,,,,,,,,Lt1245RM,4112 x 3008,,Sony IMX253,3.45,CMOS,Global shutter,Mono,,C-mount,"Image sync: Free-running, software & hardware trigger",USB 3.0 (5.0 Gbps),IP40,Continuous  / Single Frame,"Hardware trigger, programmable via camera API, automatic",14 µs to 30 seconds,8 MB non-volatile memory,"Manual, automatic (AGC)",128 MB,"Gamma, lookup table","Pixel binning, decimation, ROI",2 user configuration sets for custom camera settings,74.0,1x to 251x  (0 dB to 48 dB),,,,,,10400,USB3 Micro-B (horizontal locking) | Hirose MXR-8R-8SA(71) | 4-pin Lens Iris Control,"8-bit, 12-bit",44 mm x 44 mm x 61 mm,140 g,2 Bi-directional,5 to 95% (no condensation),0 to 50 °C,4 W,Power over USB  or 5 to 25 V via GPIO connector,20 to 80% (no condensation),-30 to 70 °C,USB3,USB3 Port or External Camera Power Supply,"Lens, Cable, Host Adapter (USB Port)","CE, FCC, RoHS, WEEE. The ECCN for this product is: EAR099.",,3 years,62 @530 nm,2.41 e-,,"1 input, 1 output",,,,,,30,,1.2 e-/s at 22 °C,,,,,,3m USB 3.0 cable,,,,,,,,,,,,,,,,,,,,,,,,,,,12.3,17.6 mm,,Hardware and software triggerable,,,,,,,,,,,,,,,,,,,,,,,,,,,42,"1.1""",Manual and automatic control,,,,,4.7,,"Hirose-8 male connector, P-iris 4 pin connector",,,,,,,,,,,,,,12.3,4112 x 3008,3.45,30,Global shutter,,Mono,,C-mount,USB 3.0 (5.0 Gbps),44 mm x 44 mm x 61 mm,140 g,CMOS
Teledyne Dalsa,LT1265RC Lt1265RC,Area Scan,LT Series USB3,,,,,,,,,,,,,,,,,,,,,,,,,,,,,,,,,,,,,,,,,,,,Lt1265RM,4240 × 2832,,Sony ICX834,3.1,CCD,Global shutter,Color,IR cut-off (650 nm),C-mount,"Image sync: Free-running, software & hardware trigger",USB 3.0 (5.0 Gbps),IP40,Continuous  / Single Frame,"Hardware trigger, programmable via camera API, automatic",,8 MB non-volatile memory,"Manual, automatic (AGC)",128 MB,"Gamma, lookup table",ROI,2 user configuration sets for custom camera settings,60.0,,,,,,,8000,USB3 Micro-B (horizontal locking) | Hirose MXR-8R-8SA(71) | 4-pin Lens Iris Control,"8-bit, 14-bit",43 mm x 43 mm x 65 mm,175 g,3 Bi-directional,5 to 95% (no condensation),0 to 50 °C,6 W,USB Y cable or 5 V via GPIO connector,20 to 80% (no condensation),-30 to 70 °C,USB3,USB3 Port or External Camera Power Supply,"Lens, Cable, Host Adapter (USB Port)","CE, FCC, RoHS, WEEE. The ECCN for this product is: EAR099.",,3 years,,7.7 e-,,"1 input, 1 output",,,,,,15,,<1 e-/s at 22 °C,,,,,,3m USB 3.0 cable,,,,,,,,,,,,,,,,,,,,,,,,,,,12,15.80 mm,,Hardware and software triggerable,,,,,,,,,,,,,,,,,,,,,,,,,,,15,,"Manual, automatic (AWB)",,,,,3.4,,Locking Hirose MXR-8R-8SA(71),,,,,,,,,,,,,,12,4240 × 2832,3.1,15,Global shutter,,Color,,C-mount,USB 3.0 (5.0 Gbps),43 mm x 43 mm x 65 mm,175 g,CCD
Teledyne Dalsa,LT1265RM Lt1265RM,Area Scan,LT Series USB3,,,,,,,,,,,,,,,,,,,,,,,,,,,,,,,,,,,,,,,,,,,,Lt1265RM,4240 × 2832,,Sony ICX834,3.1,CCD,Global shutter,Mono,,C-mount,"Image sync: Free-running, software & hardware trigger",USB 3.0 (5.0 Gbps),IP40,Continuous  / Single Frame,"Hardware trigger, programmable via camera API, automatic",,8 MB non-volatile memory,"Manual, automatic (AGC)",128 MB,"Gamma, lookup table","Pixel binning, decimation, ROI",2 user configuration sets for custom camera settings,60.0,,,,,,,8000,USB3 Micro-B (horizontal locking) | Hirose MXR-8R-8SA(71) | 4-pin Lens Iris Control,"8-bit, 14-bit",43 mm x 43 mm x 65 mm,175 g,4 Bi-directional,5 to 95% (no condensation),0 to 50 °C,6 W,USB Y cable or 5 V via GPIO connector,20 to 80% (no condensation),-30 to 70 °C,USB3,USB3 Port or External Camera Power Supply,"Lens, Cable, Host Adapter (USB Port)","CE, FCC, RoHS, WEEE. The ECCN for this product is: EAR099.",,3 years,0.69,7.7 e-,,"1 input, 1 output",,,,,,15,,<1 e-/s at 22 °C,,,,,,3m USB 3.0 cable,,,,,,,,,,,,,,,,,,,,,,,,,,,12,15.80 mm,,Hardware and software triggerable,,,,,,,,,,,,,,,,,,,,,,,,,,,15,,Manual and automatic control,,,,,4.0 DN/(nJ/cm²),,Locking Hirose MXR-8R-8SA(71),,,,,,,,,,,,,,12,4240 × 2832,3.1,15,Global shutter,,Mono,,C-mount,USB 3.0 (5.0 Gbps),43 mm x 43 mm x 65 mm,175 g,CCD
Teledyne Dalsa,Lt225 LT225M,Area Scan,LT Series USB3,,,,,,,,,,,,,,,,,,,,,,,,,,,,,,,,,,,,,,,,,,,,LT225M,2048 x 1088,,AMS CMV2000,5.5,CMOS,Global shutter,Mono,,C-mount,"Image sync: Free-running, software & hardware trigger",USB 3.0 (5.0 Gbps),IP40,Continuous  / Single Frame,"Hardware trigger, programmable via camera API, automatic",,8 MB non-volatile memory,"Manual, automatic (AGC)",128 MB,"Gamma, lookup table","Pixel binning, decimation, ROI",2 user configuration sets for custom camera settings,,,,,,,,13000,USB3 Micro-B (horizontal locking) | Hirose MXR-8R-8SA(71) | 4-pin Lens Iris Control,"8-bit, 12-bit",43 mm x 43 mm x 65 mm,175 g,6 Bi-directional,5 to 95% (no condensation),0 to 50 °C,4 W,Power over USB  or 5 to 25 V via GPIO connector,20 to 80% (no condensation),-30°C to 70°C,USB3,USB3 Port or External Camera Power Supply,"Lens, Cable, Host Adapter (USB Port)","CE, FCC, RoHS, WEEE. The ECCN for this product is: EAR099.",,3 years,,,,"1 input, 1 output",,,,,,,,,,,,,,,,,,,,,,,,,,,,,,,,,,,,,,,,,,,,,,,,,,,,,,,,,,,,,,,,,,,,,,,,"2/3""",,,,,,,,,,,,,,,,,,,,,,,2048 x 1088,5.5,,Global shutter,,Mono,,C-mount,USB 3.0 (5.0 Gbps),43 mm x 43 mm x 65 mm,175 g,CMOS
Teledyne Dalsa,Lt225 2.2 MP Color Camera (Enclosed) LT225C,Area Scan,LT Series USB3,,,,,,,,,,,,,,,,,,,,,,,,,,,,,,,,,,,,,,,,,,,,Lt345RM,2048 x 1088,,AMS CMV2000,,CMOS,Global shutter,Color,IR cut-off (650 nm),C-mount,"Image sync: Free-running, software & hardware trigger",USB 3.0 (5.0 Gbps),IP40,Continuous  / Single Frame,"Hardware trigger, programmable via camera API, automatic",,8 MB non-volatile memory,"Manual, automatic (AGC)",128 MB,,,2 user configuration sets for custom camera settings,,,,,,,,13000,USB3 Micro-B (horizontal locking) | Hirose MXR-8R-8SA(71) | 4-pin Lens Iris Control,"8-bit, 12-bit",,175 g,5 Bi-directional,5 to 95% (no condensation),0 to 50 °C,,,20 to 80% (no condensation),-30°C to 70°C,,,,"CE, FCC, RoHS, WEEE. The ECCN for this product is: EAR099.",,3 years,,,,,,,,,,,,,,,,,,,,,,,,,,,,,,,,,,,,,,,,,,,,,,,,,,,,,,,,,,,,,,,,,,,,,,,,,,,,"2/3""","Manual, automatic (AWB)",,,,,,,,,,,,,,,,,,,,,,2048 x 1088,,,Global shutter,,Color,,C-mount,USB 3.0 (5.0 Gbps),,175 g,CMOS
Teledyne Dalsa,Lt225 2.2 MP NIR Camera (Enclosed) LT225M-NIR,Area Scan,LT Series USB3,,,,,,,,,,,,,,,,,,,,,,,,,,,,,,,,,,,,,,,,,,,,LT425M,2048 x 1088,,AMS CMV2000 NIR,,CMOS,Global shutter,"Mono, NIR-enhanced",,C-mount,"Image sync: Free-running, software & hardware trigger",USB 3.0 (5.0 Gbps),IP40,Continuous  / Single Frame,"Hardware trigger, programmable via camera API, automatic",,8 MB non-volatile memory,"Manual, automatic (AGC)",128 MB,,,2 user configuration sets for custom camera settings,,,,,,,,13000,USB3 Micro-B (horizontal locking) | Hirose MXR-8R-8SA(71) | 4-pin Lens Iris Control,"8-bit, 12-bit",,175 g,7 Bi-directional,5 to 95% (no condensation),0 to 50 °C,,,20 to 80% (no condensation),-30°C to 70°C,,,,"CE, FCC, RoHS, WEEE. The ECCN for this product is: EAR099.",,3 years,,,,,,,,,,,,,,,,,,,,,,,,,,,,,,,,,,,,,,,,,,,,,,,,,,,,,,,,,,,,,,,,,,,,,,,,,,,,"2/3""",,,,,,,,,,,,,,,,,,,,,,,2048 x 1088,,,Global shutter,,"Mono, NIR-enhanced",,C-mount,USB 3.0 (5.0 Gbps),,175 g,CMOS
Teledyne Dalsa,LT345RC Lt345RC,Area Scan,LT Series USB3,,,,,,,,,,,,,,,,,,,,,,,,,,,,,,,,,,,,,,,,,,,,Lt345RC,2064 x 1544,,Sony IMX252,3.45,CMOS,Global shutter,Color,IR cut-off (650 nm),C-mount,"Image sync: Free-running, software & hardware trigger",USB 3.0 (5.0 Gbps),IP40,Continuous  / Single Frame,"Hardware trigger, programmable via camera API, automatic",14 µs to 30 seconds,8 MB non-volatile memory,"Manual, automatic (AGC)",128 MB,"Gamma, lookup table,  auto white balance, brightness and contrast",ROI,2 user configuration sets for custom camera settings,73.0,1x to 251x  (0 dB to 48 dB),,49 @470 nm,59 @525 nm,46 @630 nm,,10400,USB3 Micro-B (horizontal locking) | Hirose MXR-8R-8SA(71) | 4-pin Lens Iris Control,"8-bit, 12-bit",44 mm x 44 mm x 61 mm,140 g,8 Bi-directional,5 to 95% (no condensation),0 to 50 °C,4 W,Power over USB  or 5 to 25 V via GPIO connector,20 to 80% (no condensation),-30 to 70 °C,USB3,USB3 Port or External Camera Power Supply,"Lens, Cable, Host Adapter (USB Port)","CE, FCC, RoHS, WEEE. The ECCN for this product is: EAR099.",,3 years,,2.3,,"1 input, 1 output",,,,,,120,,1.0 e-/s at 22 °C,,,,,,3m USB 3.0 cable,,,,,,,,,,,,,,,,,,,,,,,,,,,3.1,8.9 mm,,Hardware and software triggerable,,,,,,,,,,,,,,,,,,,,,,,,,,,151,"1/1.8""","Manual, automatic (AWB)",,,,,4.7,,Locking Hirose MXR-8R-8SA(71),,,,,,,,,,,,,,3.1,2064 x 1544,3.45,120,Global shutter,,Color,,C-mount,USB 3.0 (5.0 Gbps),44 mm x 44 mm x 61 mm,140 g,CMOS
Teledyne Dalsa,LT345RM Lt345RM,Area Scan,LT Series USB3,,,,,,,,,,,,,,,,,,,,,,,,,,,,,,,,,,,,,,,,,,,,Lt345RM,2064 x 1544,,Sony IMX252,3.45,CMOS,Global shutter,Mono,,C-mount,"Image sync: Free-running, software & hardware trigger",USB 3.0 (5.0 Gbps),IP40,Continuous  / Single Frame,"Hardware trigger, programmable via camera API, automatic",14 µs to 30 seconds,8 MB non-volatile memory,"Manual, automatic (AGC)",128 MB,"Gamma, lookup table","Pixel binning, decimation, ROI",2 user configuration sets for custom camera settings,73.0,1x to 251x  (0 dB to 48 dB),,,,,,10400,USB3 Micro-B (horizontal locking) | Hirose MXR-8R-8SA(71) | 4-pin Lens Iris Control,"8-bit, 12-bit",44 mm x 44 mm x 61 mm,140 g,9 Bi-directional,5 to 95% (no condensation),0 to 50 °C,4 W,Power over USB  or 5 to 25 V via GPIO connector,20 to 80% (no condensation),-30 to 70 °C,USB3,USB3 Port or External Camera Power Supply,"Lens, Cable, Host Adapter (USB Port)","CE, FCC, RoHS, WEEE. The ECCN for this product is: EAR099.",,3 years,62 @530 nm,2.3,,"1 input, 1 output",,,,,,120,,1.0 e-/s at 22 °C,,,,,,3m USB 3.0 cable,,,,,,,,,,,,,,,,,,,,,,,,,,,3.1,8.9 mm,,Hardware and software triggerable,,,,,,,,,,,,,,,,,,,,,,,,,,,151,"1/1.8""",Manual and automatic control,,,,,4.7,,Locking Hirose MXR-8R-8SA(71),,,,,,,,,,,,,,3.1,2064 x 1544,3.45,120,Global shutter,,Mono,,C-mount,USB 3.0 (5.0 Gbps),44 mm x 44 mm x 61 mm,140 g,CMOS
Teledyne Dalsa,LT365RC Lt365RC,Area Scan,LT Series USB3,,,,,,,,,,,,,,,,,,,,,,,,,,,,,,,,,,,,,,,,,,,,Lt945RM,1936 x 1456,,Sony ICX674,4.54,CCD,Global shutter,Color,IR cut-off (650 nm),C-mount,"Image sync: Free-running, software & hardware trigger",USB 3.0 (5.0 Gbps),IP40,Continuous  / Single Frame,"Hardware trigger, programmable via camera API, automatic",,8 MB non-volatile memory,"Manual, automatic (AGC)",128 MB,"Gamma, lookup table",ROI,2 user configuration sets for custom camera settings,68.0,,,,,,,16500,USB3 Micro-B (horizontal locking) | Hirose MXR-8R-8SA(71) | 4-pin Lens Iris Control,"8-bit, 14-bit",43 mm x 43 mm x 65 mm,175 g,10 Bi-directional,5 to 95% (no condensation),0 to 50 °C,6 W,USB Y cable or 5 V via GPIO connector,20 to 80% (no condensation),-30 to 70 °C,USB3,USB3 Port or External Camera Power Supply,"Lens, Cable, Host Adapter (USB Port)","CE, FCC, RoHS, WEEE. The ECCN for this product is: EAR099.",,3 years,,6.2e-,,"1 input, 1 output",,,,,,53,,<1 e-/s at 22 °C,,,,,,3m USB 3.0 cable,,,,,,,,,,,,,,,,,,,,,,,,,,,2.8,10.972 mm,,Hardware and software triggerable,,,,,,,,,,,,,,,,,,,,,,,,,,,53,,"Manual, automatic (AWB)",,,,,4,,Locking Hirose MXR-8R-8SA(71),,,,,,,,,,,,,,2.8,1936 x 1456,4.54,53,Global shutter,,Color,,C-mount,USB 3.0 (5.0 Gbps),43 mm x 43 mm x 65 mm,175 g,CCD
Teledyne Dalsa,LT365RM LT365RM,Area Scan,LT Series USB3,,,,,,,,,,,,,,,,,,,,,,,,,,,,,,,,,,,,,,,,,,,,Lt365RM,1936 x 1456,,Sony ICX674,4.54,CCD,Global shutter,Mono,,C-mount,"Image sync: Free-running, software & hardware trigger",USB 3.0 (5.0 Gbps),IP40,Continuous  / Single Frame,"Hardware trigger, programmable via camera API, automatic",,8 MB non-volatile memory,"Manual, automatic (AGC)",128 MB,"Gamma, lookup table","Pixel binning, decimation, ROI",2 user configuration sets for custom camera settings,68.8,,,,,,,17000,USB3 Micro-B (horizontal locking) | Hirose MXR-8R-8SA(71) | 4-pin Lens Iris Control,"8-bit, 14-bit",43 mm x 43 mm x 65 mm,175 g,11 Bi-directional,5 to 95% (no condensation),0 to 50 °C,6 W,USB Y cable or 5 V via GPIO connector,20 to 80% (no condensation),-30 to 70 °C,USB3,USB3 Port or External Camera Power Supply,"Lens, Cable, Host Adapter (USB Port)","CE, FCC, RoHS, WEEE. The ECCN for this product is: EAR099.",,3 years,0.68,6.2e-,,"1 input, 1 output",,,,,,53,,<1 e-/s at 22 °C,,,,,,3m USB 3.0 cable,,,,,,,,,,,,,,,,,,,,,,,,,,,2.8,10.972 mm,,Hardware and software triggerable,,,,,,,,,,,,,,,,,,,,,,,,,,,53,,Manual and automatic control,,,,,4.9 DN/(nJ/cm²),,Locking Hirose MXR-8R-8SA(71),,,,,,,,,,,,,,2.8,1936 x 1456,4.54,53,Global shutter,,Mono,,C-mount,USB 3.0 (5.0 Gbps),43 mm x 43 mm x 65 mm,175 g,CCD
Teledyne Dalsa,Lt425 LT425M,Area Scan,LT Series USB3,,,,,,,,,,,,,,,,,,,,,,,,,,,,,,,,,,,,,,,,,,,,LT425M,2048 x 2048,,AMS CMV4000,5.5,CMOS,Global shutter,Mono,,C-mount,"Image sync: Free-running, software & hardware trigger",USB 3.0 (5.0 Gbps),IP40,Continuous  / Single Frame,"Hardware trigger, programmable via camera API, automatic",,8 MB non-volatile memory,"Manual, automatic (AGC)",128 MB,"Gamma, lookup table","Pixel binning, decimation, ROI",2 user configuration sets for custom camera settings,,,,,,,,13000,USB3 Micro-B (horizontal locking) | Hirose MXR-8R-8SA(71) | 4-pin Lens Iris Control,"8-bit, 12-bit",43 mm x 43 mm x 65 mm,175 g,13 Bi-directional,5 to 95% (no condensation),0 to 50 °C,4 W,Power over USB  or 5 to 25 V via GPIO connector,20 to 80% (no condensation),-30°C to 70°C,USB3,USB3 Port or External Camera Power Supply,"Lens, Cable, Host Adapter (USB Port)","CE, FCC, RoHS, WEEE. The ECCN for this product is: EAR099.",,3 years,,,,"1 input, 1 output",,,,,,,,,,,,,,,,,,,,,,,,,,,,,,,,,,,,,,,,,,,,,,,,,,,,,,,,,,,,,,,,,,,,,,,,"1""",,,,,,,,,,,,,,,,,,,,,,,2048 x 2048,5.5,,Global shutter,,Mono,,C-mount,USB 3.0 (5.0 Gbps),43 mm x 43 mm x 65 mm,175 g,CMOS
Teledyne Dalsa,Lt425 Color Camera (Enclosed) LT425C,Area Scan,LT Series USB3,,,,,,,,,,,,,,,,,,,,,,,,,,,,,,,,,,,,,,,,,,,,,2048 x 2048,,AMS CMV4000,,CMOS,Global shutter,Color,IR cut-off (650 nm),C-mount,"Image sync: Free-running, software & hardware trigger",USB 3.0 (5.0 Gbps),IP40,Continuous  / Single Frame,"Hardware trigger, programmable via camera API, automatic",,8 MB non-volatile memory,"Manual, automatic (AGC)",128 MB,,,2 user configuration sets for custom camera settings,,,,,,,,13000,USB3 Micro-B (horizontal locking) | Hirose MXR-8R-8SA(71) | 4-pin Lens Iris Control,"8-bit, 12-bit",,175 g,12 Bi-directional,5 to 95% (no condensation),0 to 50 °C,,,20 to 80% (no condensation),-30°C to 70°C,,,,"CE, FCC, RoHS, WEEE. The ECCN for this product is: EAR099.",,3 years,,,,,,,,,,,,,,,,,,,,,,,,,,,,,,,,,,,,,,,,,,,,,,,,,,,,,,,,,,,,,,,,,,,,,,,,,,,,"1""","Manual, automatic (AWB)",,,,,,,,,,,,,,,,,,,,,,2048 x 2048,,,Global shutter,,Color,,C-mount,USB 3.0 (5.0 Gbps),,175 g,CMOS
Teledyne Dalsa,Lt425 NIR Camera (Enclosed) LT425M-NIR,Area Scan,LT Series USB3,,,,,,,,,,,,,,,,,,,,,,,,,,,,,,,,,,,,,,,,,,,,,2048 x 2048,,AMS CMV4000 NIR,,CMOS,Global shutter,"Mono, NIR-enhanced",,C-mount,"Image sync: Free-running, software & hardware trigger",USB 3.0 (5.0 Gbps),IP40,Continuous  / Single Frame,"Hardware trigger, programmable via camera API, automatic",,8 MB non-volatile memory,"Manual, automatic (AGC)",128 MB,,,2 user configuration sets for custom camera settings,,,,,,,,13000,USB3 Micro-B (horizontal locking) | Hirose MXR-8R-8SA(71) | 4-pin Lens Iris Control,"8-bit, 12-bit",,175 g,14 Bi-directional,5 to 95% (no condensation),0 to 50 °C,,,20 to 80% (no condensation),-30°C to 70°C,,,,"CE, FCC, RoHS, WEEE. The ECCN for this product is: EAR099.",,3 years,,,,,,,,,,,,,,,,,,,,,,,,,,,,,,,,,,,,,,,,,,,,,,,,,,,,,,,,,,,,,,,,,,,,,,,,,,,,"1""",,,,,,,,,,,,,,,,,,,,,,,2048 x 2048,,,Global shutter,,"Mono, NIR-enhanced",,C-mount,USB 3.0 (5.0 Gbps),,175 g,CMOS
Teledyne Dalsa,LT545RC Lt545RC,Area Scan,LT Series USB3,,,,,,,,,,,,,,,,,,,,,,,,,,,,,,,,,,,,,,,,,,,,Lt545RC,2464 x 2056,,Sony IMX250,3.45,CMOS,Global shutter,Color,IR cut-off (650 nm),C-mount,"Image sync: Free-running, software & hardware trigger",USB 3.0 (5.0 Gbps),IP40,Continuous  / Single Frame,"Hardware trigger, programmable via camera API, automatic",14 µs to 30 seconds,8 MB non-volatile memory,"Manual, automatic (AGC)",128 MB,"Gamma, lookup table,  auto white balance, brightness and contrast",ROI,2 user configuration sets for custom camera settings,73.0,1x to 251x  (0 dB to 48 dB),,49 @470 nm,59 @525 nm,46 @630 nm,,10400,USB3 Micro-B (horizontal locking) | Hirose MXR-8R-8SA(71) | 4-pin Lens Iris Control,"8-bit, 12-bit",44 mm x 44 mm x 61 mm,140 g,15 Bi-directional,5 to 95% (no condensation),0 to 50 °C,4 W,Power over USB  or 5 to 25 V via GPIO connector,20 to 80% (no condensation),-30 to 70 °C,USB3,USB3 Port or External Camera Power Supply,"Lens, Cable, Host Adapter (USB Port)","CE, FCC, RoHS, WEEE. The ECCN for this product is: EAR099.",,3 years,,2.3,,"1 input, 1 output",,,,,,75,,1.5 e-/s at 22 °C,,,,,,3m USB 3.0 cable,,,,,,,,,,,,,,,,,,,,,,,,,,,5,11.1 mm,,Hardware and software triggerable,,,,,,,,,,,,,,,,,,,,,,,,,,,93,"2/3""","Manual, automatic (AWB)",,,,,4.7,,"Hirose-8 male connector, P-iris 4 pin connector",,,,,,,,,,,,,,5,2464 x 2056,3.45,75,Global shutter,,Color,,C-mount,USB 3.0 (5.0 Gbps),44 mm x 44 mm x 61 mm,140 g,CMOS
Teledyne Dalsa,LT545RM Lt545RM,Area Scan,LT Series USB3,,,,,,,,,,,,,,,,,,,,,,,,,,,,,,,,,,,,,,,,,,,,Lt545RM,2464 x 2056,,Sony IMX250,3.45,CMOS,Global shutter,Mono,,C-mount,"Image sync: Free-running, software & hardware trigger",USB 3.0 (5.0 Gbps),IP40,Continuous  / Single Frame,"Hardware trigger, programmable via camera API, automatic",14 µs to 30 seconds,8 MB non-volatile memory,"Manual, automatic (AGC)",128 MB,"Gamma, lookup table","Pixel binning, decimation, ROI",2 user configuration sets for custom camera settings,73.0,1x to 251x  (0 dB to 48 dB),,,,,,10400,USB3 Micro-B (horizontal locking) | Hirose MXR-8R-8SA(71) | 4-pin Lens Iris Control,"8-bit, 12-bit",44 mm x 44 mm x 61 mm,140 g,16 Bi-directional,5 to 95% (no condensation),0 to 50 °C,4 W,Power over USB  or 5 to 25 V via GPIO connector,20 to 80% (no condensation),-30 to 70 °C,USB3,USB3 Port or External Camera Power Supply,"Lens, Cable, Host Adapter (USB Port)","CE, FCC, RoHS, WEEE. The ECCN for this product is: EAR099.",,3 years,62 @530 nm,2.3,,"1 input, 1 output",,,,,,75,,1.5 e-/s at 22 °C,,,,,,3m USB 3.0 cable,,,,,,,,,,,,,,,,,,,,,,,,,,,5,11.1 mm,,Hardware and software triggerable,,,,,,,,,,,,,,,,,,,,,,,,,,,93,"2/3""",Manual and automatic control,,,,,4.7,,"Hirose-8 male connector, P-iris 4 pin connector",,,,,,,,,,,,,,5,2464 x 2056,3.45,75,Global shutter,,Mono,,C-mount,USB 3.0 (5.0 Gbps),44 mm x 44 mm x 61 mm,140 g,CMOS
Teledyne Dalsa,LT665RC Lt665RC,Area Scan,LT Series USB3,,,,,,,,,,,,,,,,,,,,,,,,,,,,,,,,,,,,,,,,,,,,Lt665RM,2752 x 2192,,Sony ICX694,4.54,CCD,Global shutter,Color,IR cut-off (650 nm),C-mount,"Image sync: Free-running, software & hardware trigger",USB 3.0 (5.0 Gbps),IP40,Continuous  / Single Frame,"Hardware trigger, programmable via camera API, automatic",,8 MB non-volatile memory,"Manual, automatic (AGC)",128 MB,"Gamma, lookup table",ROI,2 user configuration sets for custom camera settings,68.0,,,,,,,16500,USB3 Micro-B (horizontal locking) | Hirose MXR-8R-8SA(71) | 4-pin Lens Iris Control,"8-bit, 14-bit",43 mm x 43 mm x 65 mm,175 g,17 Bi-directional,5 to 95% (no condensation),0 to 50 °C,6 W,USB Y cable or 5 V via GPIO connector,20 to 80% (no condensation),-30 to 70 °C,USB3,USB3 Port or External Camera Power Supply,"Lens, Cable, Host Adapter (USB Port)","CE, FCC, RoHS, WEEE. The ECCN for this product is: EAR099.",,3 years,,6 e-,,"1 input, 1 output",,,,,,27,,<1 e-/s at 22 °C,,,,,,3m USB 3.0 cable,,,,,,,,,,,,,,,,,,,,,,,,,,,6,15.99 mm,,Hardware and software triggerable,,,,,,,,,,,,,,,,,,,,,,,,,,,27,,"Manual, automatic (AWB)",,,,,4.3,,Locking Hirose MXR-8R-8SA(71),,,,,,,,,,,,,,6,2752 x 2192,4.54,27,Global shutter,,Color,,C-mount,USB 3.0 (5.0 Gbps),43 mm x 43 mm x 65 mm,175 g,CCD
Teledyne Dalsa,LT665RM Lt665RM,Area Scan,LT Series USB3,,,,,,,,,,,,,,,,,,,,,,,,,,,,,,,,,,,,,,,,,,,,Lt665RM,2752 x 2192,,Sony ICX694,4.54,CCD,Global shutter,Mono,,C-mount,"Image sync: Free-running, software & hardware trigger",USB 3.0 (5.0 Gbps),IP40,Continuous  / Single Frame,"Hardware trigger, programmable via camera API, automatic",,8 MB non-volatile memory,"Manual, automatic (AGC)",128 MB,"Gamma, lookup table","Pixel binning, decimation, ROI",2 user configuration sets for custom camera settings,68.0,,,,,,,16500,USB3 Micro-B (horizontal locking) | Hirose MXR-8R-8SA(71) | 4-pin Lens Iris Control,"8-bit, 14-bit",43 mm x 43 mm x 65 mm,175 g,18 Bi-directional,5 to 95% (no condensation),0 to 50 °C,6 W,USB Y cable or 5 V via GPIO connector,20 to 80% (no condensation),-30 to 70 °C,USB3,USB3 Port or External Camera Power Supply,"Lens, Cable, Host Adapter (USB Port)","CE, FCC, RoHS, WEEE. The ECCN for this product is: EAR099.",,3 years,0.73,6 e-,,"1 input, 1 output",,,,,,27,,<1 e-/s at 22 °C,,,,,,3m USB 3.0 cable,,,,,,,,,,,,,,,,,,,,,,,,,,,6,15.99 mm,,Hardware and software triggerable,,,,,,,,,,,,,,,,,,,,,,,,,,,56,,Manual and automatic control,,,,,5.2 DN/(nJ/cm²),,Locking Hirose MXR-8R-8SA(71),,,,,,,,,,,,,,6,2752 x 2192,4.54,27,Global shutter,,Mono,,C-mount,USB 3.0 (5.0 Gbps),43 mm x 43 mm x 65 mm,175 g,CCD
Teledyne Dalsa,LT945RC Lt945RC,Area Scan,LT Series USB3,,,,,,,,,,,,,,,,,,,,,,,,,,,,,,,,,,,,,,,,,,,,Lt945RC,4112 x 2176,,Sony IMX255,3.45,CMOS,Global shutter,Color,IR cut-off (650 nm),C-mount,"Image sync: Free-running, software & hardware trigger",USB 3.0 (5.0 Gbps),IP40,Continuous  / Single Frame,"Hardware trigger, programmable via camera API, automatic",14 µs to 30 seconds,8 MB non-volatile memory,"Manual, automatic (AGC)",128 MB,"Gamma, lookup table,  auto white balance, brightness and contrast",ROI,2 user configuration sets for custom camera settings,72.7,1x to 251x  (0 dB to 48 dB),,49 @470 nm,59 @525 nm,46 @630 nm,,10400,USB3 Micro-B (horizontal locking) | Hirose MXR-8R-8SA(71) | 4-pin Lens Iris Control,"8-bit, 12-bit",44 mm x 44 mm x 61 mm,140 g,19 Bi-directional,5 to 95% (no condensation),0 to 50 °C,4 W,Power over USB  or 5 to 25 V via GPIO connector,20 to 80% (no condensation),-30 to 70 °C,USB3,USB3 Port or External Camera Power Supply,"Lens, Cable, Host Adapter (USB Port)","CE, FCC, RoHS, WEEE. The ECCN for this product is: EAR099.",,3 years,,2.41 e-,,"1 input, 1 output",,,,,,42,,1.3 e-/s at 22 °C,,,,,,3m USB 3.0 cable,,,,,,,,,,,,,,,,,,,,,,,,,,,8.9,16.1 mm,,Hardware and software triggerable,,,,,,,,,,,,,,,,,,,,,,,,,,,57,"1""","Manual, automatic (AWB)",,,,,4.7,,"Hirose-8 male connector, P-iris 4 pin connector",,,,,,,,,,,,,,8.9,4112 x 2176,3.45,42,Global shutter,,Color,,C-mount,USB 3.0 (5.0 Gbps),44 mm x 44 mm x 61 mm,140 g,CMOS
Teledyne Dalsa,LT945RM Lt945RM,Area Scan,LT Series USB3,,,,,,,,,,,,,,,,,,,,,,,,,,,,,,,,,,,,,,,,,,,,Lt945RM,4112 x 2176,,Sony IMX255,3.45,CMOS,Global shutter,Mono,,C-mount,"Image sync: Free-running, software & hardware trigger",USB 3.0 (5.0 Gbps),IP40,Continuous  / Single Frame,"Hardware trigger, programmable via camera API, automatic",14 µs to 30 seconds,8 MB non-volatile memory,"Manual, automatic (AGC)",128 MB,"Gamma, lookup table","Pixel binning, decimation, ROI",2 user configuration sets for custom camera settings,72.7,1x to 251x  (0 dB to 48 dB),,,,,,10400,USB3 Micro-B (horizontal locking) | Hirose MXR-8R-8SA(71) | 4-pin Lens Iris Control,"8-bit, 12-bit",44 mm x 44 mm x 61 mm,140 g,20 Bi-directional,5 to 95% (no condensation),0 to 50 °C,4 W,Power over USB  or 5 to 25 V via GPIO connector,20 to 80% (no condensation),-30 to 70 °C,USB3,USB3 Port or External Camera Power Supply,"Lens, Cable, Host Adapter (USB Port)","CE, FCC, RoHS, WEEE. The ECCN for this product is: EAR099.",,3 years,62 @530 nm,2.41 e-,,"1 input, 1 output",,,,,,42,,1.3 e-/s at 22 °C,,,,,,3m USB 3.0 cable,,,,,,,,,,,,,,,,,,,,,,,,,,,8.9,16.1 mm,,Hardware and software triggerable,,,,,,,,,,,,,,,,,,,,,,,,,,,57,"1""",Manual and automatic control,,,,,4.7,,"Hirose-8 male connector, P-iris 4 pin connector",,,,,,,,,,,,,,8.9,4112 x 2176,3.45,42,Global shutter,,Mono,,C-mount,USB 3.0 (5.0 Gbps),44 mm x 44 mm x 61 mm,140 g,CMOS
Teledyne Dalsa,LT965RC Lt965RC,Area Scan,LT Series USB3,,,,,,,,,,,,,,,,,,,,,,,,,,,,,,,,,,,,,,,,,,,,Lt965RC,3376 × 2704,,Sony ICX814,3.69,CCD,Global shutter,Color,IR cut-off (650 nm),C-mount,"Image sync: Free-running, software & hardware trigger",USB 3.0 (5.0 Gbps),IP40,Continuous  / Single Frame,"Hardware trigger, programmable via camera API, automatic",,8 MB non-volatile memory,"Manual, automatic (AGC)",128 MB,"Gamma, lookup table",ROI,2 user configuration sets for custom camera settings,65.0,,,,,,,12000,USB3 Micro-B (horizontal locking) | Hirose MXR-8R-8SA(71) | 4-pin Lens Iris Control,"8-bit, 14-bit",43 mm x 43 mm x 65 mm,175 g,21 Bi-directional,5 to 95% (no condensation),0 to 50 °C,6 W,USB Y cable or 5 V via GPIO connector,20 to 80% (no condensation),-30 to 70 °C,USB3,USB3 Port or External Camera Power Supply,"Lens, Cable, Host Adapter (USB Port)","CE, FCC, RoHS, WEEE. The ECCN for this product is: EAR099.",,3 years,,6.8 e-,,"1 input, 1 output",,,,,,19,,<1 e-/s at 22 °C,,,,,,3m USB 3.0 cable,,,,,,,,,,,,,,,,,,,,,,,,,,,9.1,15.99 mm,,Hardware and software triggerable,,,,,,,,,,,,,,,,,,,,,,,,,,,19,,"Manual, automatic (AWB)",,,,,4,,Locking Hirose MXR-8R-8SA(71),,,,,,,,,,,,,,9.1,3376 × 2704,3.69,19,Global shutter,,Color,,C-mount,USB 3.0 (5.0 Gbps),43 mm x 43 mm x 65 mm,175 g,CCD
Teledyne Dalsa,LT965RM Lt965RM,Area Scan,LT Series USB3,,,,,,,,,,,,,,,,,,,,,,,,,,,,,,,,,,,,,,,,,,,,Lt965RM,3376 × 2704,,Sony ICX814,3.69,CCD,Global shutter,Mono,,C-mount,"Image sync: Free-running, software & hardware trigger",USB 3.0 (5.0 Gbps),IP40,Continuous  / Single Frame,"Hardware trigger, programmable via camera API, automatic",,8 MB non-volatile memory,"Manual, automatic (AGC)",128 MB,"Gamma, lookup table","Pixel binning, decimation, ROI",2 user configuration sets for custom camera settings,65.0,,,,,,,12000,USB3 Micro-B (horizontal locking) | Hirose MXR-8R-8SA(71) | 4-pin Lens Iris Control,"8-bit, 14-bit",43 mm x 43 mm x 65 mm,175 g,22 Bi-directional,5 to 95% (no condensation),0 to 50 °C,6 W,USB Y cable or 5 V via GPIO connector,20 to 80% (no condensation),-30 to 70 °C,USB3,USB3 Port or External Camera Power Supply,,"CE, FCC, RoHS, WEEE. The ECCN for this product is: EAR099.",,3 years,0.69,6.8 e-,,"1 input, 1 output",,,,,,19,,<1 e-/s at 22 °C,,,,,,3m USB 3.0 cable,,,,,,,,,,,,,,,,,,,,,,,,,,,9.1,15.99 mm,,Hardware and software triggerable,,,,,,,,,,,,,,,,,,,,,,,,,,,19,,Manual and automatic control,,,,,4.7 DN/(nJ/cm²),,Locking Hirose MXR-8R-8SA(71),,,,,,,,,,,,,,9.1,3376 × 2704,3.69,19,Global shutter,,Mono,,C-mount,USB 3.0 (5.0 Gbps),43 mm x 43 mm x 65 mm,175 g,CCD
Teledyne Dalsa,Moment 01-MOMENT-MONO,Area Scan,Moment,,,,,,,,,,,,,,,,,,,,,,,,,,,,,,,,,,,,,,,,CMOS,USB 3.2 Gen 2,,,,3200 x 2200,9.1 µs,Sony-Based,4.5 µm,CMOS,Global Shutter,300–1100 nm,,C-Mount,,USB 3.2,,Global Shutter (200 MHz),,,,,,,,,,,,,,,,,,12-bit,40 mm x 42 mm x 50 mm,0.096 kg,,0 to 80% (non condensing),0 to 30 °C,,,0 to 90% (non condensing),–20 to 60 °C,USB 3.2 10 Gbps,,,,,3 Years,73%,,,,,,,,,51 fps,,,8200 e⁻,2.0 e⁻,Silicon,Uncooled,One M3x0.5 thread per side,"USB 3.2 Card and Cable, Quickstart Guide, 2x Single-Line MMCX Trigger Cables","Windows 7, 8, 8.1, 10, 11 (64 bit)",,,,,,,,,,,,,,,,,,,,,,,73%,,2.2 e-,7,17.5 mm,Mono,"Timed Mode, Edge Mode",3727 : 1,14.4 x 9.9 mm,"3.0 GHz or faster Intel Processor, 4 or more cores",,>8 GB DDR3,,,,,,,,,,,,,,,,,,,,,,,,,,,,,,,,,,,,,,,,,,,,,7,3200 x 2200,4.5 µm,51 fps,Global Shutter,9.1 µs,300–1100 nm,,C-Mount,USB 3.2,40 mm x 42 mm x 50 mm,0.096 kg,CMOS
Teledyne Dalsa,Moment (with Ocular) 01-MOMENT-MONO-OC,Area Scan,Moment,,,,,,,,,,,,,,,,,,,,,,,,,,,,,,,,,,,,,,,,CMOS,USB 3.2 Gen 2,,,,3200 x 2200,9.1 µs,Sony-Based,4.5 µm,CMOS,Global Shutter,300–1100 nm,,C - Mount,,USB 3.2 Gen 2 Interface,,Global Shutter (200 MHz),,,,,,,,,,,,,,,,,,12-bit,40 mm x 42 mm x 50 mm,0.096 kg,,0 to 80% (non condensing),0 to 30 °C,,,0 to 90% (non condensing),–20 to 60 °C,USB 3.2 10 Gbps,,,,,3 Years,73%,,,,,,,,,51 fps,,,8200 e⁻,2.0 e⁻,Silicon,Uncooled,One M3x0.5 thread per side,"USB 3.2 Card and Cable, Quickstart Guide, 2x Single-Line MMCX Trigger Cables, Ocular Software","Windows 7, 8, 8.1, 10, 11 (64 bit)",,,,,,,,,,,,,,,,,,,,,,,73%,,2.2 e-,7,17.5 mm,Mono,"Timed Mode, Edge Mode",3727 : 1,14.4 x 9.9 mm,"3.0 GHz or faster Intel Processor, 4 or more cores",,>8 GB DDR3,,,,,,,,,,,,,,,,,,,,,,,,,,,,,,,,,,,,,,,,,,,,,7,3200 x 2200,4.5 µm,51 fps,Global Shutter,9.1 µs,300–1100 nm,,C - Mount,USB 3.2 Gen 2 Interface,40 mm x 42 mm x 50 mm,0.096 kg,CMOS
Teledyne Dalsa,NIRvana HS NIRvana HS,Area Scan,NIRvana,,,,,,,,,,,,,,,,,,,,,,,,,,,,,,,,,,,,,,,,,,,,,640 x 512,,2D InGaAs FPA,20 µm,2D InGaAs FPA,Global Shutter,"Mono, SWIR, NIR",,"C-mount, Spec mount","Exposing, Reading out, Shutter Open, Waiting for Trigger",USB 3.0,,"Integrate Then Read, Integrate while Read",,≤ 2µs to 1 minute,,"High Gain, High Capacity",,,,,,,,,,,,,,16-bit,114 x 114 x 184 mm,3.3 kg,,,0°C to 30°C,,,,,USB 3.0,,,,,"1 year, Lifetime Vacuum Warranty",85%,,12V DC,,,,,,,250 fps,High Gain: 1 e⁻/countHigh Capacity: 11 e⁻/count,500 e⁻/p/s (@ -55°C),550 ke⁻,<60 e⁻,InGaAs,TE,"C-mount, Spec mount","Power supply, GigE cable, Trigger cable","Windows 10 (64bit), Linux",,,,,,,,,,,,,,,,,,,,,,,,,,0.3,16.4 mm,,"Start on Single Trigger, Readout per Trigger, Expose during Trigger pulse",9000 : 1,12.8 x 10.24 mm,,,,CE,,,,,,,,,,,,,,,,,,,,,,,,,,500 e⁻/pix/sec,,,,,,,20°,f/1.5,,,,,,,,,,0.3,640 x 512,20 µm,250 fps,Global Shutter,,"Mono, SWIR, NIR",,"C-mount, Spec mount",USB 3.0,114 x 114 x 184 mm,3.3 kg,2D InGaAs FPA
Teledyne Dalsa,NIRvana LN NRL-640,Area Scan,NIRvana,,,,,,,,,,,,,,,,,,,,,,,,,,,,,,,,,,,,,,,,,,,,,640 x 512,,2D InGaAs FPA,20 µm,2D InGaAs FPA,Global Shutter,"NIR, SWIR",,"F-mount, Spec mount","Exposing, Reading Out, Shutter Open Waiting for Trigger",GigE,,"Standard, Non-destructive readout mode",,100 µs to ≥1 h,,,,,,,,,,,,,,,,16-bit,206.5 x 297.2 x 295.3 mm,7.0 kg,,,0°C to 30°C,,,,,GigE,,,,,1 year,80%,,,,,,,,,2.77 fps,7 e-/count,10 e⁻/p/s (@ -190°C),400 ke⁻,15 e⁻,InGaAs,Liquid Nitrogen,"F-mount, Spec mount","Power supply, GigE cable, Trigger cable","Windows 10 (64bit), Linux",,,,,,,,,,,,,,,,,,,,,,,,,,0.3,16.4 mm,,"Start on Single Trigger, Readout per Trigger, Expose during Trigger pulse",25000 : 1,12.8 x 10.24 mm,,,,CE,,,,,,,,,,,,,,,,,,,,,,,,,,10 e⁻/p/s (@ -190 °C),,,,,,,14.4°,f/2.0,>30 h,,,,,,,,,0.3,640 x 512,20 µm,2.77 fps,Global Shutter,,"NIR, SWIR",,"F-mount, Spec mount",GigE,206.5 x 297.2 x 295.3 mm,7.0 kg,2D InGaAs FPA
Teledyne Dalsa,NIRvana 640 NRV-640,Area Scan,NIRvana,,,,,,,,,,,,,,,,,,,,,,,,,,,,,,,,,,,,,,,,,,,,,640 x 512,,2D InGaAs FPA,20 µm,2D InGaAs FPA,Global Shutter,SWIR,,"C-mount, Spec mount","Expose, Reading Out, Shutter Open, Waiting for Trigger",GigE,,,,≤ 2µs to 10 minutes,,High GainHigh Capacity,,,,,,,,,,,,,,16-bit,147.3 x 147.3 x 188 mm,4.3 kg,,,0°C to 30°C,,,,,GigE,,,,,"1 year, Lifetime Vacuum Warranty",85%,,,,,,,,,110 fps,High Gain: 1 e⁻/countHigh Capacity: 14 e⁻/count,40 e⁻/p/s (@ -85°C),600 ke⁻,<75 e⁻,InGaAs,TE,"C-mount, Spec mount","Power supply, GigE cable, Trigger cable","Windows 10 (64 bit), Linux",,,,,,,,,,,,,,,,,,,,,,,,,,0.3,16.4 mm,,"Start on Single Trigger, Readout per Trigger, Expose During Trigger Pulse",8000 : 1,12.8 x 10.24 mm,,,,CE,,,,,,,,,,,,,,,,,,,,,,,,,,40 e⁻/pix/sec,,,,,,,20°,f/1.5,,,,,,,,,,0.3,640 x 512,20 µm,110 fps,Global Shutter,,SWIR,,"C-mount, Spec mount",GigE,147.3 x 147.3 x 188 mm,4.3 kg,2D InGaAs FPA
Teledyne Dalsa,PI-MAX 4 1024 EMB PM4-1024-EMB,Area Scan,PI-MAX 4,,,,,,,,,,,,,,,,,,,,,,,,,,,,,,,,,,,,,,,,,,,,,1024 x 1024,1 MHz,Teledyne e2v CCD201,13 µm,"Scientific grade, back-illuminated EMCCD",Intensifier Gating,"Mono, UV, NIR",,"C-mount, Spec mount","Built in picosecond delay generator: Sync Master 1, Sync Master 2, Aux Output, Gate Monitor",GigE,,"EM mode, Normal CCD mode, Binning (Spectroscopy), Repetitive and Sequential Gating",,≤500 ps – 21 s,,1 – 10000x,,,,,,10000,,,,,,,,16-bit,114.3 x 114.3 x 224.7 mm,3.12 kg,,,5°C to 30°C,,,,-25°C to +55°C,GigE,,,,,1 year,50%,,,,,,,,,8.69 fps,,≤2.5 e⁻/p/s,400 ke⁻,9 e⁻,Silicon,TE,Multiple M6 and 1/4-20 mounting points,"Power supply, AC line cord, AUX I/O cable, GigE cable, GigE Ethernet card","Windows 10 (64 bit), Linux",,,,,,,,,,,,,,,,,,,,,,,,,,1,17.5 mm,,"Internal, External",8000 : 1,13 x 13 mm,,,,CE,,,,,,,,,,,,,,,,,,,,,1 kHz,,,,,≤2.5 e⁻/p/s,,,,,,,,,,,,,,,,,,1,1024 x 1024,13 µm,8.69 fps,Intensifier Gating,1 MHz,"Mono, UV, NIR",,"C-mount, Spec mount",GigE,114.3 x 114.3 x 224.7 mm,3.12 kg,"Scientific grade, back-illuminated EMCCD"
Teledyne Dalsa,PI-MAX 4 1024i PM4-1024i,Area Scan,PI-MAX 4,,,,,,,,,,,,,,,,,,,,,,,,,,,,,,,,,,,,,,,,,,,,,1024 x 1024,1 MHz,Kodak KAI-1003,12.8 µm,CCD,Intensifier Gating,"UV, Mono, NIR",,"C-Mount, Spec Mount","Built in picosecond delay generator: Sync Master 1, Sync Master 2, Aux Output, Gate Monitor",GigE,,"Full Frame, Binning (Spectroscopy), DIF",Min Gate Width < 500 ps to,≤500 ps – 21 s,,1 – 100x,,,,,,1 – 100,,,,,,,,16-bit,114.3 x 114.3 x 224.7 mm,3.12 kg,,,5°C to 30°C,,,,-25°C to +55°C,GigE,,,,,1 year,50%,,,,,,,,,26 fps,,<2 e⁻/p/s,130 ke⁻,16 e⁻,Silicon,TE,Multiple M6 and 1/4-20 mounting points,"Power supply, AC line cord, AUX I/O cable, GigE cable, GigE Ethernet card","Windows 10 (64 bit), Linux",,,,,,,,,,,,,,,,,,,,,,,,,,1,18.5 mm,,"Internal, External",8000 : 1,13.1 x 13.1 mm,,,,CE,,,,,,,,,,,,,,,,,,,,,2.2 MHz,,,,,<2 e⁻/p/s,,,,,,,,,,,,,,,,,,1,1024 x 1024,12.8 µm,26 fps,Intensifier Gating,1 MHz,"UV, Mono, NIR",,"C-Mount, Spec Mount",GigE,114.3 x 114.3 x 224.7 mm,3.12 kg,CCD
Teledyne Dalsa,PI-MAX 4 1024f PM4-1024f,Area Scan,PI-MAX 4,,,,,,,,,,,,,,,,,,,,,,,,,,,,,,,,,,,,,,,,,,,,,1024 x 1024,1 MHz,Teledyne e2v CCD47-10,13 µm,CCD,Intensifier Gating,"UV, Mono, NIR",,"C-Mount, Spec Mount","Built in picosecond delay generator: Sync Master 1, Sync Master 2, Aux Output, Gate Monitor",GigE,,"Full Frame, Binning (Spectroscopy)",,≤ 500 ps – 21s,,1 – 100x,,,,,,1 – 100,,,,,,,,16-bit,114.3 x 114.3 x 224.7 mm,3.12 kg,,,5°C to 30°C,,,,-25°C to +55°C,GigE,,,,,1 year,50%,,,,,,,,,7 fps,,2 e⁻/p/s,100 ke⁻,7 e⁻,Silicon,TE,Multiple M6 and 1/4-20 mounting points,"Power supply, AC line cord, AUX I/O cable, GigE cable, GigE Ethernet card","Windows 10 (64 bit), Linux",,,,,,,,,,,,,,,,,,,,,,,,,,1,18.8 mm,,"Internal, External",14000 : 1,13.3 x 13.3 mm,,,,CE,,,,,,,,,,,,,,,,,,,,,,,,,,2 e⁻/p/s,,,,,,,,,,,,,,,,,,1,1024 x 1024,13 µm,7 fps,Intensifier Gating,1 MHz,"UV, Mono, NIR",,"C-Mount, Spec Mount",GigE,114.3 x 114.3 x 224.7 mm,3.12 kg,CCD
Teledyne Dalsa,PI-MAX 4 256f PM4-256f,Area Scan,PI-MAX 4,,,,,,,,,,,,,,,,,,,,,,,,,,,,,,,,,,,,,,,,,,,,,1024 x 253,1 MHz,Teledyne e2v CCD30-11,26 µm,CCD,Intensifier Gating,"UV, Mono, NIR",,Spec Mount,"Built in picosecond delay generator: Sync Master 1, Sync Master 2, Aux Output, Gate Monitor",GigE,,"Full Frame, Binning (Spectroscopy)",,≤500 ps – 21 s,,1 – 100x,,,,,,1 – 100,,,,,,,,16-bit,114.3 x 114.3 x 224.7 mm,3.12 kg,,,5°C to 30°C,,,,-25°C to +55°C,GigE,,,,,1 year,50%,,,,,,,,,284 fps,,4 e⁻/p/s,450 ke⁻,15 e⁻,Silicon,TE,Multiple M6 and 1/4-20 mounting points,"Power supply, AC line cord, AUX I/O cable, GigE cable, GigE Ethernet card","Windows 10 (64 bit), Linux",,,,,,,,,,,,,,,,,,,,,,,,,,1,25 mm,,"Internal, External",30000 : 1,25 x 6.6 mm,,,,CE,,,,,,,,,,,,,,,,,,,,,,,,,,4 e⁻/p/s,,,,,,,,,,,,,,,,,,1,1024 x 253,26 µm,284 fps,Intensifier Gating,1 MHz,"UV, Mono, NIR",,Spec Mount,GigE,114.3 x 114.3 x 224.7 mm,3.12 kg,CCD
Teledyne Dalsa,PI-MAX 4 2048f PM4-2048f,Area Scan,PI-MAX 4,,,,,,,,,,,,,,,,,,,,,,,,,,,,,,,,,,,,,,,,,,,,,2048 x 2048,1 MHz,Teledyne e2v CCD42-40,13.5 µm,CCD,Intensifier Gating,"UV, Mono, NIR",,"F-Mount, Spec Mount","Built in picosecond delay generator: Sync Master 1, Sync Master 2, Aux Output, Gate Monitor",GigE,,"Full Frame, Binning (Spectroscopy)",,4 ns – 21 s,,1 – 100x,,,,,,1 – 100,,,,,,,,16-bit,114.3 x 114.3 x 224.7 mm,3.12 kg,,,5°C to 30°C,,,,-25°C to +55°C,GigE,,,,,1 year,50%,,,,,,,,,1.5 fps,,0.75 e⁻/p/s,100 ke⁻,12 e⁻,Silicon,TE,Multiple M6 and 1/4-20 mounting points,"Power supply, AC line cord, AUX I/O cable, GigE cable, GigE Ethernet card","Windows 10 (64 bit), Linux",,,,,,,,,,,,,,,,,,,,,,,,,,4.2,39 mm,,"Internal, External",8000 : 1,27.6 x 27.6 mm,,,,CE,,,,,,,,,,,,,,,,,,,,,,,,,,0.75 e⁻/p/s,,,,,,,,,,,,,,,,,,4.2,2048 x 2048,13.5 µm,1.5 fps,Intensifier Gating,1 MHz,"UV, Mono, NIR",,"F-Mount, Spec Mount",GigE,114.3 x 114.3 x 224.7 mm,3.12 kg,CCD
Teledyne Dalsa,PIXIS 400 PIX-400,Area Scan,PIXIS,,,,,,,,,,,,,,,,,,,,,,,,,,,,,,,,,,,,,,,,,,,,,1340 x 400,,Teledyne e2v CCD,20 µm,CCD,Built in mechanical shutter driver,"Mono, UV, NIR",,Spec Mount,"Logic Out: Always High, Always Low, Busy, Not Reading Out, Shutter Open",USB 2.0,,"Full Frame, Kinetics",,0 to ≥1h,,,,,,,,,,,,,,,,16-bit,118 x 114 x 163 mm,2.27 kg,,Non-condensing,5°C to 30°C,,,,,USB 2.0,,,,,"1 year, Lifetime on Camera Vacuum",99%,,,,,,,,,1300 fps,"1, 2, 4, 8, 16 e⁻/count",0.001 e⁻/p/s @ -75 °C,1000 ke⁻,3 e⁻,Silicon,"-70 °C, TE cooling",1/4-20 mounting threadTeledyne Princeton Instruments Spectrograph compatible camera nose,"Power adapter, USB cable, trigger cable, shutter cable","Windows 10 (64bit), Linux",,,,,,,,,,,,,,,,,,,,,,,,,,0.5,26.8 mm,,"No Response, Readout Per Trigger",80000 : 1,26.8 x 8.0 mm,,,,CE,,,,,,,,,,,,,,,,,,,,,6600 fps,,,,,0.001 e⁻/pix/sec,,,,,,,,,,,,,,,,,,0.5,1340 x 400,20 µm,1300 fps,Built in mechanical shutter driver,,"Mono, UV, NIR",,Spec Mount,USB 2.0,118 x 114 x 163 mm,2.27 kg,CCD
Teledyne Dalsa,PIXIS 100 PIX-100,Area Scan,PIXIS,,,,,,,,,,,,,,,,,,,,,,,,,,,,,,,,,,,,,,,,,,,,,1340 x 100,,Teledyne e2v CCD,20 µm,CCD,Built in mechanical shutter driver,"Mono, UV, NIR",,Spec Mount,"Logic Out: Always High, Always Low, Busy, Not Reading Out, Shutter Open",USB 2.0,,"Full Frame, Kinetics",,0 to ≥1h,,,,,,,,,,,,,,,,16-bit,118 x 114 x 163 mm,2.27kg,,Non-condensing,5°C to 30°C,,,,,USB 2.0,,,,,"1 year, Lifetime on Camera Vacuum",99%,,,,,,,,,1300 fps,"1, 2, 4, 8, 16 e⁻/count",0.001 e⁻/p/s @ -80°C,300 ke⁻,3 e⁻,Silicon,"-80°C, TE cooling",1/4-20 mounting threadTeledyne Princeton Instruments Spectrograph compatible camera nose,"Power adapter, USB cable, trigger cable, shutter cable","Windows 10 (64bit), Linux",,,,,,,,,,,,,,,,,,,,,,,,,,0.13,26.8 mm,,"No Response, Readout Per Trigger",80000 : 1,26.8 x 2.0 mm,,,,CE,,,,,,,,,,,,,,,,,,,,,,,,,,0.0008 e⁻/p/s,,,,,,,,,,,,,,,,,,0.13,1340 x 100,20 µm,1300 fps,Built in mechanical shutter driver,,"Mono, UV, NIR",,Spec Mount,USB 2.0,118 x 114 x 163 mm,2.27kg,CCD
Teledyne Dalsa,PIXIS 2K PIX-2K,Area Scan,PIXIS,,,,,,,,,,,,,,,,,,,,,,,,,,,,,,,,,,,,,,,,,,,,,2048 x 512,,Teledyne e2v CCD,13.5 µm,CCD,Built in mechanical shutter driver,"Mono, UV, NIR",,Spec Mount,"Logic Out: Always High, Always Low, Busy, Not Reading Out, Shutter Open",USB 2.0,,"Full Frame, Kinetics",,0 to ≥1h,,,,,,,,,,,,,,,,16-bit,118 x 114 x 163 mm,2.27 kg,,Non-condensing,5°C to 30°C,,,,,USB 2.0,,,,,"1 year, Lifetime on Camera Vacuum",97%,,,,,,,,,90 spectra/sec,"1.5–12 e⁻/count, software selectable",0.001 e⁻/p/s @ -75 °C,750 ke⁻,3.5 e⁻,Silicon,"-75 °C, TE cooling",1/4-20 mounting threadTeledyne Princeton Instruments Spectrograph compatible camera nose,"Power adapter, USB cable, trigger cable, shutter cable","Windows 10 (64bit), Linux",,,,,,,,,,,,,,,,,,,,,,,,,,1,28.4 mm,,"No Response, Readout Per Trigger",80000 : 1,27.6 x 6.9 mm,,,,CE,,,,,,,,,,,,,,,,,,,,,,,,,,0.001 e⁻/p/s,,,,,,,,,,,,,,,,,,1,2048 x 512,13.5 µm,90 spectra/sec,Built in mechanical shutter driver,,"Mono, UV, NIR",,Spec Mount,USB 2.0,118 x 114 x 163 mm,2.27 kg,CCD
Teledyne Dalsa,PIXIS 256 PIX-256,Area Scan,PIXIS,,,,,,,,,,,,,,,,,,,,,,,,,,,,,,,,,,,,,,,,,,,,,1024 x 256,,Teledyne e2v CCD,26 µm,CCD,Built in mechanical shutter driver,"Mono, UV, NIR",,Spec Mount,"Logic Out: Always High, Always Low, Busy, Not Reading Out, Shutter Open",USB 2.0,,"Full Frame, Kinetics",,0 to ≥1h,,,,,,,,,,,,,,,,16-bit,118 x 114 x 163 mm,2.27 kg,,Non-condensing,5 °C to 30 °C,,,,,USB 2.0,,,,,"1 year, Lifetime on Camera Vacuum",95%,,,,,,,,,190 fps,"3, 6, 12 e⁻/count, software selectable gain",0.3 e⁻/p/s @ -75 °C,500 ke⁻,6 e⁻,Silicon,"-75 °C, TE cooling",1/4-20 mounting threadTeledyne Princeton Instruments Spectrograph compatible camera nose,"Power adapter, USB cable, trigger cable, shutter cable","Windows 10 (64bit), Linux",,,,,,,,,,,,,,,,,,,,,,,,,,0.26,26.8 mm,,"No Response, Readout Per Trigger",250000 : 1,26.0 x 6.7 mm,,,,CE,,,,,,,,,,,,,,,,,,,,,,,,,,0.3 e⁻/p/s @ -75 °C,,,,,,,,,,,,,,,,,,0.26,1024 x 256,26 µm,190 fps,Built in mechanical shutter driver,,"Mono, UV, NIR",,Spec Mount,USB 2.0,118 x 114 x 163 mm,2.27 kg,CCD
Teledyne Dalsa,PIXIS 2048 PIX-2048,Area Scan,PIXIS,,,,,,,,,,,,,,,,,,,,,,,,,,,,,,,,,,,,,,,,,,,,,2048 x 2048,,Teledyne e2v CCD42-40,13.5 µm,CCD,45 mm integral shutter,"Mono, UV, NIR",,F-mount,"Logic Out: Always High, Always Low, Busy, Not Reading Out, Shutter Open",USB 2.0,,"Full Frame, Kinetics",,0 to ≥ 1h,,,,,,,,,,,,,,,,16-bit,118 x 114 x 188 mm,2.5 kg,,Non-condensing,5°C to 30°C,,,,,USB 2.0,,,,,"1 year, Lifetime vacuum warranty",98%,,,,,,,,,0.4 fps,1 to 14 e⁻/count,0.002 e⁻/p/s @ -60 °C,1000 ke⁻,3.5 e⁻,Silicon,"≤-70°C, TE cooling",1/4-20 mounting thread,"Power Supply, USB cable, Trigger cable","Windows 10 (64bit), Linux",,,,,,,,,,,,,,,,,,,,,,,,,,4.2,39 mm,,"No Response, Readout Per Trigger",28000 : 1,27.6 x 27.6 mm,,,,CE,,,,,,,,,,,,,,,,,,,,,,,,,,0.002 e⁻/p/s,,,,,,,,,,,,,,,,,,4.2,2048 x 2048,13.5 µm,0.4 fps,45 mm integral shutter,,"Mono, UV, NIR",,F-mount,USB 2.0,118 x 114 x 188 mm,2.5 kg,CCD
Teledyne Dalsa,PIXIS 1024 PIX-1024,Area Scan,PIXIS,,,,,,,,,,,,,,,,,,,,,,,,,,,,,,,,,,,,,,,,,,,,,1024 x 1024,,Teledyne e2v CCD47-10,13 µm,CCD,25 mm integral shutter,"Mono, UV, NIR",,"C-Mount, Spec Mount","Logic Out: Always High, Always Low, Busy, Not Reading Out, Shutter Open",USB 2.0,,"Full Frame, Kinetics",,0 to ≥ 1h,,,,,,,,,,,,,,,,16-bit,118 x 114 x 165 mm,2.27kg,,Non-condensing,5°C to 30°C,,,,,USB 2.0,,,EAR,,"1 year, Lifetime vacuum warranty",99%,,,,,,,,,1.72 fps,"1, 2, 4 e⁻/count",0.0004 e⁻/p/s @ -70 °C,100 ke⁻,3e⁻,Silicon,"-70°C, TE cooling",1/4-20 mounting thread,"Power Supply, USB cable, Trigger cable","Windows 10 (64bit), Linux",,,,,,,,,,,,,,,,,,,,,,,,,,1,18.8 mm,,"No Response, Readout Per Trigger",30000 : 1,13.3 x 13.3 mm,,,,CE,,,,,,,,,,,,,,,,,,,,,,,,,,0.0002 e⁻/p/s,,,,,,,,,,,,,,,,,,1,1024 x 1024,13 µm,1.72 fps,25 mm integral shutter,,"Mono, UV, NIR",,"C-Mount, Spec Mount",USB 2.0,118 x 114 x 165 mm,2.27kg,CCD
Teledyne Dalsa,Prime 95B 01-PRIME-95B-R-M-16-C,Area Scan,Prime 95B,,,,,,,,,,,,,,,,,,,,,,,,,,,,,,,,,,,,,,,,sCMOS,PCIe and USB 3,,,,1200 x 1200,10 µs,GPixel Gsense 400 BSI,11 µm,CMOS,Rolling Shutter,"UV (200-400 nm) Visible (400-700 nm), Near Infrared (700-1100 nm)",,C-Mount,,,,"200 MHz 12-bit (Sensitivity, Balanced, Full-Well), 100MHz 16-bit (HDR), Pseudo-Global Shutter",,,,,,,,,,,,,,,,,,"12-bit, 16-bit",108 x 108 x 162 mm,1.7 kg,,"0 to 80% relative, non condensing",0 to 30 °C ambient,,,"0 to 90% relative, non condensing",-20 to 60 °C ambient,PCIe and USB 3.0,,,,,3 Years,95%,,"12 V DC, 8 A",,,,,,,80 fps (full resolution),"2.8 (12-bit Full Well), 1.3 (12-bit Balanced), 0.64 (12-bit Sensitivity), 1.16 (16-bit HDR)","0.55 e⁻/p/s (Air Cooled), 0.3 e⁻/p/s (Liquid Cooled)",55000 e⁻,1.6 e⁻,Silicon,-15°C at 25°C ambient,"2x 1/4""-20 mounting points per side","PCle Card and Cable, USB 3.0 Cable, Trigger Cables, Power Supply, Manuals, QuickStart Guide, Performance and Gain Calibration Test Data","Windows 7, 8, 8.1, 10, 11 (64 bit)",,,,,,,,,,,,,,,,,,,,,,,95%,"UV (200-440 nm), Visible (400-700 nm), Near Infrared (700-1000 nm)",1.6 e-,1.4,18.7 mm,Mono,"• Input (Trigger-First, Level, Edge, SMART Streaming)• Output (First Row, Any Row)• Effective Global Shutter (All Rows)• Expose Out",50000 : 1,13.3 x 13.3 mm,"3.0 GHz or faster Intel Processor, 4 or more cores",,>8 GB DDR3,"CE, UL, CUL, FCC, PSE Efficiency level VI",,,,,,,,,,,,,,,,,,,,,,,,,,,,,,,,,,,,,,,,,,,,1.4,1200 x 1200,11 µm,80 fps (full resolution),Rolling Shutter,10 µs,"UV (200-400 nm) Visible (400-700 nm), Near Infrared (700-1100 nm)","UV (200-440 nm), Visible (400-700 nm), Near Infrared (700-1000 nm)",C-Mount,PCIe and USB 3,108 x 108 x 162 mm,1.7 kg,sCMOS
Teledyne Dalsa,Prime 95B (Plus Features) 01-PRIME-95B-R-M-16-C-ENH-LOC,Area Scan,Prime 95B,,,,,,,,,,,,,,,,,,,,,,,,,,,,,,,,,,,,,,,,sCMOS,PCIe and USB 3,,,,1200 x 1200,10 µs,GPixel Gsense 400 BSI,11 µm,CMOS,Rolling Shutter,"UV (200-400 nm) Visible (400-700 nm), Near Infrared (700-1100 nm)",,C-Mount,,,,"200 MHz 12-bit (Sensitivity, Balanced, Full-Well), 100MHz 16-bit (HDR), Pseudo-Global Shutter",,,,,,,,,,,,,,,,,,"12-bit, 16-bit",108 x 108 x 162 mm,1.7 kg,,"0 to 80% relative, non condensing",0 to 30 °C ambient,,,"0 to 90% relative, non condensing",-20 to 60 °C ambient,PCIe and USB 3.0,,,,,3 Years,95%,,"12 V DC, 8 A",,,,,,,80 fps (full resolution),"2.8 (12-bit Full Well), 1.3 (12-bit Balanced), 0.64 (12-bit Sensitivity), 1.16 (16-bit HDR)","0.55 e⁻/p/s (Air Cooled), 0.3 e⁻/p/s (Liquid Cooled)","55,000 e⁻",1.6 e⁻,Silicon,-15°C at 25°C ambient,"2x 1/4""-20 mounting points per side","PCle Card and Cable, USB 3.0 Cable, Trigger Cables, Power Supply, Manuals, QuickStart Guide, Performance and Gain Calibration Test Data","Windows 7, 8, 8.1, 10, 11 (64 bit)",,,,,,,,,,,,,,,,,,,,,,,95%,"UV (200-440 nm), Visible (400-700 nm), Near Infrared (700-1000 nm)",1.6 e-,1.4,18.7 mm,Mono,"• Input (Trigger-First, Level, Edge, SMART Streaming)• Output (First Row, Any Row)• Effective Global Shutter (All Rows)• Expose Out",50000 : 1,13.3 x 13.3 mm,"3.0 GHz or faster Intel Processor, 4 or more cores",,>8 GB DDR3,"CE, UL, CUL, FCC, PSE Efficiency level VI",,,,,,,,,,,,,,,,,,,,,,,,,,,,,,,,,,,,,,,,,,,,1.4,1200 x 1200,11 µm,80 fps (full resolution),Rolling Shutter,10 µs,"UV (200-400 nm) Visible (400-700 nm), Near Infrared (700-1100 nm)","UV (200-440 nm), Visible (400-700 nm), Near Infrared (700-1000 nm)",C-Mount,PCIe and USB 3,108 x 108 x 162 mm,1.7 kg,sCMOS
Teledyne Dalsa,Prime 95B 22mm 01-PRIME-95B-22MM-R-M-16-C,Area Scan,Prime 95B,,,,,,,,,,,,,,,,,,,,,,,,,,,,,,,,,,,,,,,,sCMOS,PCIe and USB 3,,,,1412 x 1412,10 µs,GPixel Gsense 400 BSI,11 µm,CMOS,Rolling Shutter,"UV (200-400 nm) Visible (400-700 nm), Near Infrared (700-1100 nm)",,C-Mount,,,,"200 MHz 12-bit (Sensitivity, Balanced, Full-Well), 100MHz 16-bit (HDR), Pseudo-Global Shutter",,,,,,,,,,,,,,,,,,"12-bit, 16-bit",108 x 108 x 162 mm,1.7 kg,,"0 to 80% relative, non condensing",0 to 30 °C ambient,,,"0 to 90% relative, non condensing",-20 to 60 °C ambient,PCIe and USB 3.0,,,,,3 Years,95%,,"12 V DC, 8 A",,,,,,,68 fps (full resolution),"2.8 (12-bit Full Well), 1.3 (12-bit Balanced), 0.64 (12-bit Sensitivity), 1.16 (16-bit HDR)","0.55 e⁻/p/s (Air Cooled), 0.3 e⁻/p/s (Liquid Cooled)",55000 e⁻,1.6 e⁻,Silicon,-15°C at 25°C ambient,"2x 1/4""-20 mounting points per side","PCle Card and Cable, USB 3.0 Cable, Trigger Cables, Power Supply, Manuals, QuickStart Guide, Performance and Gain Calibration Test Data","Windows 7, 8, 8.1, 10, 11 (64 bit)",,,,,,,,,,,,,,,,,,,,,,,95%,"UV (200-440 nm), Visible (400-700 nm), Near Infrared (700-1000 nm)",1.6 e-,1.9,22 mm,Mono,"• Input (Trigger-First, Level, Edge, SMART Streaming)• Output (First Row, Any Row)• Effective Global Shutter (All Rows)• Expose Out",50000 : 1,15.5 x 15.5 mm,"3.0 GHz or faster Intel Processor, 4 or more cores",,>8 GB DDR3,"CE, UL, CUL, FCC, PSE Efficiency level VI",,,,,,,,,,,,,,,,,,,,,,,,,,,,,,,,,,,,,,,,,,,,1.9,1412 x 1412,11 µm,68 fps (full resolution),Rolling Shutter,10 µs,"UV (200-400 nm) Visible (400-700 nm), Near Infrared (700-1100 nm)","UV (200-440 nm), Visible (400-700 nm), Near Infrared (700-1000 nm)",C-Mount,PCIe and USB 3,108 x 108 x 162 mm,1.7 kg,sCMOS
Teledyne Dalsa,Prime 95B 25mm 01-PRIME-95B-25MM-R-M-16-C,Area Scan,Prime 95B,,,,,,,,,,,,,,,,,,,,,,,,,,,,,,,,,,,,,,,,sCMOS,PCIe and USB 3,,,,1608 x 1608,10 µs,GPixel Gsense 400 BSI,11 µm,CMOS,Rolling Shutter,"UV (200-400 nm) Visible (400-700 nm), Near Infrared (700-1100 nm)",,F-Mount,,,,"200 MHz 12-bit (Sensitivity, Balanced, Full-Well), 100MHz 16-bit (HDR), Pseudo-Global Shutter",,,,,,,,,,,,,,,,,,"12 bit, 16 bit",108 x 108 x 202 mm,1.7 kg,,"0 to 80% relative, non condensing",0 to 30 °C ambient,,,"0 to 90% relative, non condensing",-20 to 60 °C ambient,PCIe and USB 3.0,,,,,3 Years,95%,,"12 V DC, 8 A",,,,,,,60 fps (full resolution),"2.8 (12-bit Full Well), 1.3 (12-bit Balanced), 0.64 (12-bit Sensitivity), 1.16 (16-bit HDR)","0.55 e⁻/p/s (Air Cooled), 0.3 e⁻/p/s (Liquid Cooled)",55000 e⁻,1.6 e⁻,Silicon,-15°C at 25°C ambient,"2x 1/4""-20 mounting points per side","PCle Card and Cable, USB 3.0 Cable, Trigger Cables, Power Supply, Manuals, QuickStart Guide, Performance and Gain Calibration Test Data","Windows 7, 8, 8.1, 10, 11 (64 bit)",,,,,,,,,,,,,,,,,,,,,,,95%,"UV (200-440 nm), Visible (400-700 nm), Near Infrared (700-1000 nm)",1.6 e-,2.5,25 mm,Mono,"• Input (Trigger-First, Level, Edge, SMART Streaming)• Output (First Row, Any Row)• Effective Global Shutter (All Rows)• Expose Out",50000 : 1,17.7 x 17.7 mm,"3.0 GHz or faster Intel Processor, 4 or more cores",,>8 GB DDR3,"CE, UL, CUL, FCC, PSE Efficiency level VI",,,,,,,,,,,,,,,,,,,,,,,,,,,,,,,,,,,,,,,,,,,,2.5,1608 x 1608,11 µm,60 fps (full resolution),Rolling Shutter,10 µs,"UV (200-400 nm) Visible (400-700 nm), Near Infrared (700-1100 nm)","UV (200-440 nm), Visible (400-700 nm), Near Infrared (700-1000 nm)",F-Mount,PCIe and USB 3,108 x 108 x 202 mm,1.7 kg,sCMOS
Teledyne Dalsa,Prime BSI (PCIe) 01-PRIME-BSI-R-M-16-C-PCIE,Area Scan,Prime BSI,,,,,,,,,,,,,,,,,,,,,,,,,,,,,,,,,,,,,,,,sCMOS,PCIe and USB 3,,,,2048 x 2048,7.7 µs,GPixel Gsense 2020BSI,6.5 µm,CMOS,Rolling Shutter,200–1100 nm,,C - Mount,,,,"200 MHz 12-bit (Sensitivity, Balanced, Full-Well), 100MHz 16-bit (HDR, CMS), Pseudo-Global Shutter, Programmable Scan Mode",,,,,,,,,,,,,,,,,,"12-bit, 16-bit",108 x 108 x 162 mm,1.7 kg,,0 to 80% (non condensing),0 to 30 °C,,,0 to 90% (non condensing),–20 to 60 °C,PCIe and USB 3.0,,,,,3 Years,95%,,"12 V DC, 8 A",,,,,,,63 fps,"3.6 (12-bit Full Well), 2.5 (12-bit Balanced), 1.1 (12-bit Sensitivity), 0.64 (16-bit HDR), 0.28 (16-bit CMS)",0.5 e⁻/p/s,"45,000 e⁻",1.0 e⁻,Silicon,–20 °C at 30 °C ambient,"Two ¼""–20 threads per side","PCIe Card and Cable, USB 3.0 A to B cable, Power supply, Trigger cable, PVCAM library and drivers, Quick Installation Guide","Windows 7, 8, 8.1, 10, 11 (64 bit)",,,,,,,,,,,,,,,,,,,,,,,95%,"UV (200-440 nm), Visible (400-700 nm), Near Infrared (700-1000 nm)",1.0 e-,4.1,18.7 mm,Mono,"Input (Trigger-First, Edge, SMART Streaming), Output (Any Row, First Row, Line Output), Effective Global Shutter (Rolling Shutter), Expose Out",25000 : 1,13.3 x 13.3 mm,"3.0 GHz or faster Intel Processor, 4 or more cores",,>8 GB DDR3,"CE, UL, CUL, FCC, PSE Efficiency level VI",,,,,,,,,,,,,,,,,,,,,,,,,,,,,,,,,,,,,,,,,,,,4.1,2048 x 2048,6.5 µm,63 fps,Rolling Shutter,7.7 µs,200–1100 nm,"UV (200-440 nm), Visible (400-700 nm), Near Infrared (700-1000 nm)",C - Mount,PCIe and USB 3,108 x 108 x 162 mm,1.7 kg,sCMOS
Teledyne Dalsa,Prime BSI (USB 3.0) 01-PRIME-BSI-R-M-16-C,Area Scan,Prime BSI,,,,,,,,,,,,,,,,,,,,,,,,,,,,,,,,,,,,,,,,sCMOS,PCIe and USB 3,,,,2048 x 2048,7.7 µs,GPixel Gsense 2020BSI,6.5 µm,CMOS,Rolling Shutter,200–1100 nm,,C-Mount,,,,"200 MHz 12-bit (Sensitivity, Balanced, Full-Well), 100MHz 16-bit (HDR, CMS), Pseudo-Global Shutter, Programmable Scan Mode",,,,,,,,,,,,,,,,,,"12-bit, 16-bit",108 x 108 x 162 mm,1.7 kg,,0 to 80% (non condensing),0 to 30 °C,,,0 to 90% (non condensing),–20 to 60 °C,USB 3.0,,,,,3 Years,95%,,"12 V DC, 8 A",,,,,,,63 fps,"3.6 (12-bit Full Well), 2.5 (12-bit Balanced), 1.1 (12-bit Sensitivity), 0.64 (16-bit HDR), 0.28 (16-bit CMS)",0.5 e⁻/p/s,"45,000 e⁻",1.0 e⁻,Silicon,–20 °C at 30 °C ambient,"Two ¼""–20 threads per side","USB 3.0 A to B cable, Power supply, Trigger cable, PVCAM library and drivers, Quick Installation Guide","Windows 7, 8, 8.1, 10, 11 (64 bit)",,,,,,,,,,,,,,,,,,,,,,,95%,"UV (200-440 nm), Visible (400-700 nm), Near Infrared (700-1000 nm)",1.0 e-,4.1,18.7 mm,Mono,"Input (Trigger-First, Edge, SMART Streaming), Output (Any Row, First Row, Line Output), Effective Global Shutter (Rolling Shutter), Expose Out",25000 : 1,13.3 x 13.3 mm,"3.0 GHz or faster Intel Processor, 4 or more cores",,>8 GB DDR3,"CE, UL, CUL, FCC, PSE Efficiency level VI",,,,,,,,,,,,,,,,,,,,,,,,,,,,,,,,,,,,,,,,,,,,4.1,2048 x 2048,6.5 µm,63 fps,Rolling Shutter,7.7 µs,200–1100 nm,"UV (200-440 nm), Visible (400-700 nm), Near Infrared (700-1000 nm)",C-Mount,PCIe and USB 3,108 x 108 x 162 mm,1.7 kg,sCMOS
Teledyne Dalsa,Prime BSI Express,Area Scan,Prime BSI Express,,,,,,,,,,,,,,,,,,,,,,,,,,,,,,,,,,,,,,,,,,,,,2048 x 2048,5.1 µs,GPixel Gsense 2020BSI,6.5 µm,CMOS,Rolling Shutter,200–1100 nm,,C - Mount,,,,"200 MHz 12-bit (Sensitivity, Balanced, Full-Well), 100MHz 16-bit (HDR, CMS), Pseudo-Global Shutter, Programmable Scan Mode",,,,,,,,,,,,,,,,,,"12-bit, 16-bit",78  x 78 x 88 mm,0.76 kg,,0 to 80% (non condensing),0 to 30 °C,,,0 to 90% (non condensing),–20 to 60 °C,USB 3.2 10 Gbps,,,,,3 Years,95%,,"12 V DC, 8 A",,,,,,,95 fps,"3.6 (12-bit Full Well), 2.5 (12-bit Balanced), 1.1 (12-bit Sensitivity), 0.64 (16-bit HDR), 0.28 (16-bit CMS)",1.5 e⁻/p/s,"45,000 e⁻",1.0 e⁻,Silicon,0 °C at 25 °C ambient,"One ¼""–20 thread per side","USB 3.2 10 Gbps Card and Cable, Power supply, Trigger cable, Manual, Quick Installation Guide","Windows 7, 8, 8.1, 10, 11 (64 bit)",,,,,,,,,,,,,,,,,,,,,,,,,,4.1,18.7 mm,Mono,"Input (Trigger-First, Edge, SMART Streaming), Output (Any Row, First Row, Line Output), Effective Global Shutter (Rolling Shutter), Expose Out",25000 : 1,13.3 x 13.3 mm,"3.0 GHz or faster Intel Processor, 4 or more cores",m.2 NVME SSD,>8 GB DDR3,"CE, UL, CUL, FCC, PSE Efficiency level VI",,,,,,,,,,,,,,,,,,,,,,,,,,,,,,,,,,,,,,,,,,,,4.1,2048 x 2048,6.5 µm,95 fps,Rolling Shutter,5.1 µs,200–1100 nm,,C - Mount,,78  x 78 x 88 mm,0.76 kg,CMOS
Teledyne Dalsa,ProEM-HS 1024 PROHS-1024BX3,Area Scan,ProEM,,,,,,,,,,,,,,,,,,,,,,,,,,,,,,,,,,,,,,,,,,,,,1024 x 1024,,Teledyne e2v EMCCD,13 µm,EMCCD,Electronic,"UV, Mono, NIR",,C-mount,"Exposure, Readout, Trigger In, Image Shift, Waiting for Trigger",GigE,,"Full Frame, Kinetics, Spectra-Kinetics, Custom Sensor",,,,1 to 1000x,,,,,,,,,,,,,,16-bit,172 x 147 x 203 mm,4.2 kg,,"0 – 80% , non-condensing",0°C to 30°C,,,,,GigE,,,,,"1 year, Lifetime Vacuum Warranty",95%,,,,,,,,,30 fps,,0.002 e⁻/p/s @ -70 °C,"80,000 e⁻",≤1e⁻,Silicon,"-65 °C, TE cooling",C-mount,"Power Supply, Power Cable, Trigger Cables, GigE cable, GigE card, Coolant Hoses","Windows 10 (64 bit), Linux",,,,,,,,,,,,,,,,,,,,,,,,,,1,18.8 mm,,"Start on Single Trigger, Readout per Trigger, Expose during Trigger Pulse",2600 : 1,13.3 x 13.3 mm,,,,CE,,,,,,,,,,,,,,,,,,,,,>300k spectra/sec,,,,,,,,,,,,,,,"Normal CCD, EM Mode",,,,,,,,1,1024 x 1024,13 µm,30 fps,Electronic,,"UV, Mono, NIR",,C-mount,GigE,172 x 147 x 203 mm,4.2 kg,EMCCD
Teledyne Dalsa,ProEM-HS 512 PROHS-512BX3,Area Scan,ProEM,,,,,,,,,,,,,,,,,,,,,,,,,,,,,,,,,,,,,,,,,,,,,512 x 512,,Teledyne e2v EMCCD,16 µm,EMCCD,Electronic,"UV, Mono, NIR",,C-mount,"Exposure, Readout, Trigger In, Image Shift, Waiting for Trigger",GigE,,"Full Frame, Kinetics, Spectra-Kinetics, Custom Sensor",,,,1 to 1000x,,,,,,,,,,,,,,16-bit,172 x 147 x 203 mm,4.2 kg,,"0 – 80% , non-condensing",0°C to 30°C,,,,,GigE,,,,,"1 year, Lifetime Vacuum Warranty",95%,,,,,,,,,61 fps,"0.8 to 12 e-/ADU, software selectable",0.001 e⁻/p/s,200 ke⁻,≤1 e⁻,Silicon,"-90°C, TE cooling",C-mount,"Power Supply, Power Cable, Trigger Cables, GigE cable, GigE card, Coolant Hoses","Windows 10 (64 bit), Linux",,,,,,,,,,,,,,,,,,,,,,,,,,0.26,11.6 mm,,"Start on Single Trigger, Readout per Trigger, Expose during Trigger Pulse",30000 : 1,8.2 x 8.2 mm,,,,CE,,,,,,,,,,,,,,,,,,,,,,,,,,0.001 e⁻/pix/sec,,,,,,,,,,"Normal CCD, EM Mode",,,,,,,,0.26,512 x 512,16 µm,61 fps,Electronic,,"UV, Mono, NIR",,C-mount,GigE,172 x 147 x 203 mm,4.2 kg,EMCCD
Teledyne Dalsa,ProEM 1600x200 PRO-1600x200BX3,Area Scan,ProEM,,,,,,,,,,,,,,,,,,,,,,,,,,,,,,,,,,,,,,,,,,,,,1600 x 200,,Teledyne e2v EMCCD,16 µm,EMCCD,Electronic,"UV, Mono, NIR",,Spec mount,"Exposure, Readout, Trigger In, Image Shift, Waiting for Trigger",GigE,,"Full Frame, Kinetics, Custom Sensor",,,,1 to 1000x,,,,,,,,,,,,,,16-bit,172 x 147 x 203 mm,4.2 kg,,"0 – 80% , non-condensing",0°C to 30°C,,,,,GigE,,,,,"1 year, Lifetime Vacuum Warranty",95%,,,,,,,,,4500 fps,,<0.01 e⁻/p/s @ -60 °C,350 ke⁻,≤1 e-,Silicon,TE (air or liquid),Spec Mount,"Power Supply, Power Cable, Trigger Cables, GigE cable, GigE card, Coolant Hoses","Windows 10 (64 bit), Linux",,,,,,,,,,,,,,,,,,,,,,,,,,0.32,25.8 mm,,"Start on Single Trigger, Readout per Trigger, Expose during Trigger Pulse",23000 : 1,25.6 x 3.2 mm,,,,CE,,,,,,,,,,,,,,,,,,,,,,,,,,<0.01 e⁻/p/s,,,,,,,,,,"EM Mode, Low noise mode",,,,,,,,0.32,1600 x 200,16 µm,4500 fps,Electronic,,"UV, Mono, NIR",,Spec mount,GigE,172 x 147 x 203 mm,4.2 kg,EMCCD
Teledyne Dalsa,ProEM 1600x400 PRO-1600x400BX3,Area Scan,ProEM,,,,,,,,,,,,,,,,,,,,,,,,,,,,,,,,,,,,,,,,,,,,,1600 x 400,,Back-illuminated eXcelon 3 EMCCD,16 µm,EMCCD,Electronic,"UV, Mono, NIR",,Spec mount,"Exposure, Readout, Trigger In, Image Shift, Waiting for Trigger",GigE,,"Full Frame, Kinetics, Custom Sensor",,,,1 to 1000x,,,,,,1 - 1000x,,,,,,,,16 bits,172 x 147 x 203 mm,4.2 kg,,"0 – 80% , non-condensing",0°C to 30°C,,,,,GigE,,,,,"1 year, Lifetime Vacuum Warranty",95%,,,,,,,,,up to 4500 spectra/s,,<0.01 e⁻/p/s @ -60 °C,200 ke⁻,≤1e⁻,Silicon,"-60°C, TE cooled",Spec Mount,"Power Supply, Power Cable, Trigger Cables, GigE cable, GigE card, Coolant Hoses","Windows 10 (64 bit), Linux",,,,,,,,,,,,,,,,,,,,,,,,,,0.64,26.4 mm,,"Start on Single Trigger, Readout per Trigger, Expose during Trigger Pulse",13000 : 1,25.6 x 6.4 mm,,,,CE,,,,,,,,,,,,,,,,,,,,,,,,,,0.01 e⁻/pix/sec,,,,,,,,,,"EM Mode, Low noise mode",,,,,,,,0.64,1600 x 400,16 µm,up to 4500 spectra/s,Electronic,,"UV, Mono, NIR",,Spec mount,GigE,172 x 147 x 203 mm,4.2 kg,EMCCD
Teledyne Dalsa,PyLoN 100 PYL-100,Area Scan,PyLoN,,,,,,,,,,,,,,,,,,,,,,,,,,,,,,,,,,,,,,,,,,,,,1340 x 100,,Teledyne e2v CCD,20 µm,CCD,,"UV, Mono, NIR",,Spec Mount,"Trigger In, TTL Out, Readout Monitor, Expose Monitor, Shutter Monitor",GigE,,"Full Frame, Kinetics, Custom Sensor",,0–hours,,,,,,,,,,,,,,,,16-bit,208 x 371 x 267 mm,4.5 kg,,,5°C to 30°C,,,,,GigE,,,,,1 year,99%,,,,,,,,,1700 fps,"Software Selectable Gains0.75, 1.5, 3.0 e-/ADU (high sensitivity)3, 6, 12 e-/ADU (high capacity)",0.3 e⁻/p/hour,700 ke⁻,3 e⁻,Silicon,Liquid Nitrogen-120°C,Spec Mount,"Power supply, power cable, AUX I/O cable, GigE cable, GigE card","Windows 10 (64 bit), Linux",,,,,,,,,,,,,,,,,,,,,,,,,,0.13,26.8 mm,,"Internal, Start on Single Trigger, Readout per Trigger, Expose During Trigger Pulse",60000 : 1,26.8 x 2.0 mm,,,,CE,,,,,,,,,,,,,,,,,,,,,,,,,,0.3 e⁻/p/hour,,,,,,,,,24,,,,,,,,,0.13,1340 x 100,20 µm,1700 fps,,,"UV, Mono, NIR",,Spec Mount,GigE,208 x 371 x 267 mm,4.5 kg,CCD
Teledyne Dalsa,PyLoN 400 PYL-400,Area Scan,PyLoN,,,,,,,,,,,,,,,,,,,,,,,,,,,,,,,,,,,,,,,,,,,,,1340 x 400,,Teledyne e2v CCD,20 µm,CCD,,"UV, Mono, NIR",,Spec Mount,"Trigger In, TTL Out, Readout Monitor, Expose Monitor, Shutter Monitor",GigE,,"Full Frame, Kinetics, Custom Sensor",,0–hours,,,,,,,,,,,,,,,,16-bit,208 x 371 x 267 mm,4.5 kg,,,5°C to 30°C,,,,,GigE,,,,,1 year,99%,,,,,,,,,1700 fps,"Software Selectable Gains0.75, 1.5, 3.0 e-/ADU (high sensitivity)3, 6, 12 e-/ADU (high capacity)",0.3 e⁻/p/hour,700 ke⁻,3 e⁻,Silicon,Liquid Nitrogen-120°C,Spec Mount,"Power supply, power cable, AUX I/O cable, GigE cable, GigE card","Windows 10 (64 bit), Linux",,,,,,,,,,,,,,,,,,,,,,,,,,0.5,28 mm,,"Internal, Start on Single Trigger, Readout per Trigger, Expose During Trigger Pulse",60000 : 1,26.8 x 8.0 mm,,,,CE,,,,,,,,,,,,,,,,,,,,,,,,,,0.3 e⁻/pix/h,,,,,,,,,24,,,,,,,,,0.5,1340 x 400,20 µm,1700 fps,,,"UV, Mono, NIR",,Spec Mount,GigE,208 x 371 x 267 mm,4.5 kg,CCD
Teledyne Dalsa,PyLoN 2K PYL-2K,Area Scan,PyLoN,,,,,,,,,,,,,,,,,,,,,,,,,,,,,,,,,,,,,,,,,,,,,2048 x 512,,Teledyne e2v CCD,13.5 µm,CCD,,"UV, Mono, NIR",,Spec Mount,"Trigger In, TTL Out, Readout Monitor, Expose Monitor, Shutter Monitor",GigE,,"Full Frame, Kinetics, Custom Sensor",,0–hours,,,,,,,,,,,,,,,,16-bit,208 x 371 x 267 mm,4.5 kg,,,5°C to 30°C,,,,,GigE,,,,,1 year,98%,,,,,,,,,1280 fps,"Software Selectable Gains1, 2, 4 e-/ADU (high sensitivity)3, 6, 12 e-/ADU (high capacity)",0.1 e-/pixel/hour,800 ke⁻,3.5 e⁻,Silicon,Liquid Nitrogen-120°C,Spec Mount,"Power supply, power cable, AUX I/O cable, GigE cable, GigE card","Windows 10 (64 bit), Linux",,,,,,,,,,,,,,,,,,,,,,,,,,1,28.4 mm,,"Internal, Start on Single Trigger, Readout per Trigger, Expose During Trigger Pulse",70000 : 1,27.6 x 6.9 mm,,,,CE,,,,,,,,,,,,,,,,,,,,,,,,,,0.1 e⁻/pix/h,,,,,,,,,24,,,,,,,,,1,2048 x 512,13.5 µm,1280 fps,,,"UV, Mono, NIR",,Spec Mount,GigE,208 x 371 x 267 mm,4.5 kg,CCD
Teledyne Dalsa,PyLoN 256 PYL-256,Area Scan,PyLoN,,,,,,,,,,,,,,,,,,,,,,,,,,,,,,,,,,,,,,,,,,,,,1024 x 252,,Teledyne e2v CCD,26 µm,CCD,,"UV, Mono, NIR",,Spec Mount,"Trigger In, TTL Out, Readout Monitor, Expose Monitor, Shutter Monitor",GigE,,"Full Frame, Kinetics, Custom Sensor",,0–hours,,,,,,,,,,,,,,,,16-bit,208 x 371 x 267 mm,4.5 kg,,,5°C to 30°C,,,,,GigE,,,,,1 year,95%,,,,,,,,,1850 fps,"Software Selectable Gains2, 4, 8 e-/ADU",1.0 e⁻/p/hour,700 ke⁻,5 e⁻,Silicon,Liquid Nitrogen-120°C,Spec Mount,"Power supply, power cable, AUX I/O cable, GigE cable, GigE card","Windows 10 (64 bit), Linux",,,,,,,,,,,,,,,,,,,,,,,,,,0.25,27.4 mm,,"Internal, Start on Single Trigger, Readout per Trigger, Expose During Trigger Pulse",140000 : 1,26.6 x 6.6 mm,,,,CE,,,,,,,,,,,,,,,,,,,,,,,,,,1.0 e⁻/p/hour,,,,,,,,,24,,,,,,,,,0.25,1024 x 252,26 µm,1850 fps,,,"UV, Mono, NIR",,Spec Mount,GigE,208 x 371 x 267 mm,4.5 kg,CCD
Teledyne Dalsa,MicroPublisher 6 01-MP6-R-CLR-14-C-OC,Area Scan,Retiga CCD Family,,,,,,,,,,,,,,,,,,,,,,,,,,,,,,,,,,,,,,,,,,,,,2688 x 2200,,Sony ICX695,4.54 µm,CCD,Global Shutter,400–700 nm,,C-Mount,,USB 3.0,,Global Shutter (50 MHz),,,,,,,,,,,,58%,62%,62%,,,,14-bit,76 x 76 x 98.4 mm,0.72 kg,,0 to 80% (non condensing),0 to 30 °C,,,0 to 90% (non condensing),–20 to 60 °C,USB 3.0,,,,,2 Years,75%,,"7.5 V DC, 2.5 A",,,,,,,7.1 fps,0.59 e⁻/ADU,0.0007 e⁻/p/s,"19,000 e⁻",6.0 e⁻,Silicon,–12 °C stabilized at 22 °C ambient,"One ¼""–20 thread per side","Power Supply, USB 3.0 Cable, Ocular™ Imaging Software, Access to SDK","Windows 7, 8, 8.1, 10, 11 (64 bit)",,,,,,,,,,,,,,,,,,,,,,,,,,5.9,16 mm,Color,,3333 : 1,12.5 x 10 mm,,,,,,,,,,,,,,,,,,,,,,,,,,,Yes,,,,,,,,,,,,,,,,,,,,,5.9,2688 x 2200,4.54 µm,7.1 fps,Global Shutter,,400–700 nm,,C-Mount,USB 3.0,76 x 76 x 98.4 mm,0.72 kg,CCD
Teledyne Dalsa,Retiga ELECTRO 01-ELECTRO-M-14-C-OC,Area Scan,Retiga CCD Family,,,,,,,,,,,,,,,,,,,,,,,,,,,,,,,,,,,,,,,,,,,,,1360 x 1024,,Sony ICX825,6.45 µm,CCD,Global Shutter,400–1000 nm,,C-Mount,,USB 3.0,,Global Shutter (50 MHz),,,,,,Defective Pixel Correction (DPC),,,,,,,,,,,,14-bit,76 x 76 x 98.4 mm,0.72 kg,,0 to 80% (non condensing),0 to 30 °C,,,0 to 90% (non condensing),–20 to 60 °C,USB 3.0,,,,,2 Years,75%,,"7.5 V DC, 2.5 A",,,,,,,22 fps,0.59 e/ADU,0.036 e⁻/p/s,"11,000 e⁻",5.5 e⁻,Silicon,0 °C stabilized at 22 °C ambient,"One ¼""–20 thread per side","Power Supply, USB 3.0 Cable, Trigger Cable, Ocular™ Imaging Software, Access to SDK","Windows 7, 8, 8.1, 10, 11 (64 bit)",,,,,,,,,,,,,,,,,,,,,,,,,,1.3,11 mm,Mono,"Trigger First, Strobe, Bulb",2000 : 1,8.8 x 6.6 mm,,,,,,,,,,,,,,,,,,,,,,,,,,,,,,,,,,,,,,,,,,,,,,,,1.3,1360 x 1024,6.45 µm,22 fps,Global Shutter,,400–1000 nm,,C-Mount,USB 3.0,76 x 76 x 98.4 mm,0.72 kg,CCD
Teledyne Dalsa,Retiga LUMO 01-RET-LUMO-R-M-16-C,Area Scan,Retiga CCD Family,,,,,,,,,,,,,,,,,,,,,,,,,,,,,,,,,,,,,,,,,,,,,2688 x 2200,,Sony ICX695,4.54 µm,CCD,Global Shutter,400–1000 nm,,C-Mount,,USB 3.0,,Global Shutter (50 MHz),,,,,,"Defective Pixel Correction (DPC), Dynamic Dark Frame Correction (DDFC)",,,,,,,,,,,,14-bit,76 x 76 x 98.4 mm,0.72 kg,,0 to 80% (non condensing),0 to 30 °C,,,0 to 90% (non condensing),–20 to 60 °C,USB 3.0,,,,,2 Years,75%,,"12 V DC, 5 A",,,,,,,7.1 fps,0.59 e⁻/ADU,0.0004 e⁻/p/s,"27,000 e⁻",4.5 e⁻,Silicon,–20 °C stabilized at 22 °C ambient,"One ¼""–20 thread per side","Power Supply, USB 3.0 Cable, Trigger Cable, Ocular™ Imaging Software, Access to SDK","Windows 7, 8, 8.1, 10, 11 (64 bit)",,,,,,,,,,,,,,,,,,,,,,,,,,5.9,16 mm,Mono,"Trigger First, Strobe, Bulb",6000 : 1,12.5 x 10 mm,,,,,,,,,,,,,,,,,,,,,,,,,,,,,,,,,,,,,,,,,,,,,,,,5.9,2688 x 2200,4.54 µm,7.1 fps,Global Shutter,,400–1000 nm,,C-Mount,USB 3.0,76 x 76 x 98.4 mm,0.72 kg,CCD
Teledyne Dalsa,Retiga R6 01-RET-R6-R-M-14-C-OC,Area Scan,Retiga CCD Family,,,,,,,,,,,,,,,,,,,,,,,,,,,,,,,,,,,,,,,,,,,,,2688 x 2200,,Sony ICX695,4.54 µm,CCD,Global Shutter,400–1000 nm,,C-Mount,,USB 3.0,,Global Shutter (50 MHz),,,,,,Defective Pixel Correction (DPC),,,,,,,,,,,,14-bit,76 x 76 x 98.4 mm,0.72 kg,,0 to 80% (non condensing),0 to 30 °C,,,0 to 90% (non condensing),–20 to 60 °C,USB 3.0,,,,,2 Years,75%,,"7.5 V DC, 2.5 A",,,,,,,7.1 fps,0.59 e⁻/ADU,0.0007 e⁻/p/s,"19,000 e⁻",5.7 e⁻,Silicon,–12 °C stabilized at 22 °C ambient,"One ¼""–20 thread per side","Power Supply, USB 3.0 Cable, Trigger Cable, Ocular™ Imaging Software, Access to SDK","Windows 7, 8, 8.1, 10, 11 (64 bit)",,,,,,,,,,,,,,,,,,,,,,,,,,5.9,16 mm,Mono,"Trigger First, Strobe, Bulb",3333 : 1,12.5 x 10 mm,,,,,,,,,,,,,,,,,,,,,,,,,,,,,,,,,,,,,,,,,,,,,,,,5.9,2688 x 2200,4.54 µm,7.1 fps,Global Shutter,,400–1000 nm,,C-Mount,USB 3.0,76 x 76 x 98.4 mm,0.72 kg,CCD
Teledyne Dalsa,Retiga E20 01-RET-E20-M-C,Area Scan,Retiga E,,,,,,,,,,,,,,,,,,,,,,,,,,,,,,,,,,,,,,,,CMOS,USB 3.2 Gen 2,,,,5472 x 3648,12.5 µs,Sony-Based,2.4 µm,CMOS,Global Shutter,300–1100 nm,,C-Mount,,USB 3.2 10 Gbps,,"Speed, Long Exposure, Extended Dynamic Range",,,,,,,,,,,,,,,,,,"12-bit, 16-bit",86  x 86 x 89 mm,0.8 kg,,0 to 80% (non condensing),0 to 30 °C,,,0 to 90% (non condensing),–20 to 60 °C,USB 3.2 10 Gbps,,,,,3 Years,85%,,"12 V DC, 8 A",,,,,,,22 fps,"2.4 (Full Well, Speed and Long Exposure), 0.29 (Sensitivity, Speed and Long Exposure), 0.15 (Extended Dynamic Range)",0.003 e⁻/p/s,"23,000 e⁻",2.0 e⁻,Silicon,–25 °C at 25 °C ambient,"Two ¼""–20 threads per side","USB 3.2 Card and Cable, Quickstart Guide, Trigger Cables, Power Supply","Windows 7, 8, 8.1, 10, 11 (64 bit)",,,,,,,,,,,,,,,,,,,,,,,73%,,2.1 e-,19.9,17.6 mm,Mono,"Read Out, Trigger Ready, Exposure Out, Trigger In",11000 : 1,14.4 x 10 mm,"3.0 GHz or faster Intel Processor, 4 or more cores",,>8 GB DDR3,,,,,,,,,,,,,,,,,,,,,,,,,,,,,,,,,,,,,,0.001 e-/p/s,,,,,,,19.9,5472 x 3648,2.4 µm,22 fps,Global Shutter,12.5 µs,300–1100 nm,,C-Mount,USB 3.2 10 Gbps,86  x 86 x 89 mm,0.8 kg,CMOS
Teledyne Dalsa,Retiga E7 01-RET-E7-M-C,Area Scan,Retiga E,,,,,,,,,,,,,,,,,,,,,,,,,,,,,,,,,,,,,,,,CMOS,USB 3.2 Gen 2,,,,3200 x 2200,9 µs,Sony-Based,4.5 µm,CMOS,Global Shutter,300–1100 nm,,C-Mount,,USB 3.2 10 Gbps,,"Speed, Long Exposure, Extended Dynamic Range",,,,,,,,,,,,,,,,,,"12-bit, 16-bit",86 x 86 x 89 mm,0.8 kg,,0 to 80% (non condensing),0 to 30 °C,,,0 to 90% (non condensing),–20 to 60 °C,USB 3.2 10 Gbps,,,,,3 Years,73%,,"12 V DC, 8 A",,,,,,,51 fps,"Two gain states (6.2 and 2.1 e⁻/gray) available in 12-bit Speed and Long Exposure modes, a single gain state of 0.35 e⁻/gray available in 16-bit EDR mode",0.001 e⁻/p/s,"23,000 e⁻",2.1 e⁻,Silicon,–25 °C at 25 °C ambient,"Two ¼""–20 threads per side","USB 3.2 Card and Cable, Quickstart Guide, Trigger Cables, Power Supply","Windows 7, 8, 8.1, 10, 11 (64 bit)",,,,,,,,,,,,,,,,,,,,,,,73%,,2.1 e-,7,15.7 mm,Mono,"Read Out, Trigger Ready, Exposure Out, Trigger In",11000 : 1,14.4 x 10 mm,"3.0 GHz or faster Intel Processor, 4 or more cores",,>8 GB DDR3,,,,,,,,,,,,,,,,,,,,,,,,,,,,,,,,,,,,,,0.001 e-/p/s,,,,,,,7,3200 x 2200,4.5 µm,51 fps,Global Shutter,9 µs,300–1100 nm,,C-Mount,USB 3.2 10 Gbps,86 x 86 x 89 mm,0.8 kg,CMOS
Teledyne Dalsa,Retiga E9 01-RET- E9-M-C,Area Scan,Retiga E,,,,,,,,,,,,,,,,,,,,,,,,,,,,,,,,,,,,,,,,CMOS,USB 3.2 Gen 2,,,,3000 x 3000,9 µs,Sony IMX533 CMOS Sensor,3.76 µm,CMOS,Rolling Shutter,Mono,,C-Mount,,USB 3.1 (10Gbps),,Standard 16-bit,,,,,,,,,,,,,,,,,,16-bit,86 x 86 x 89 mm,0.8 kg,,0 to 80% (non condensing),0 to 30 °C,,,0 to 90% (non condensing),–20 to 60 °C,USB 3.2 10 Gbps,,,,,3 Years,> 90%,,"12 V DC, 8 A",,,,,,,26.9 fps,0.76 e⁻/grey,< 2 x 10⁻⁵  e⁻/p/s,"50,000 e⁻",0.8 e⁻,Silicon,-25 °C at 30 °C ambient,"Two ¼""–20 threads per side","USB 3.2 Cable and Card, Trigger Cables, Power Supply, Quickstart Guide","Windows 7, 8, 8.1, 10, 11 (64 bit)",,,,,,,,,,,,,,,,,,,,,,,73%,,2.1 e-,9,15.9 mm,Mono,"Read Out, Trigger Ready, Exposure Out, Trigger In","10,001 : 1 - 50,000 : 1",11.3 x 11.3 mm,"3.0 GHz or faster Intel Processor, 4 or more cores",,>8 GB DDR3,,,,,,,,,,,,,,,,,,,,,,,,,,,,,,,,,,,,,,0.001 e-/p/s,,,,,,,9,3000 x 3000,3.76 µm,26.9 fps,Rolling Shutter,9 µs,Mono,,C-Mount,USB 3.1 (10Gbps),86 x 86 x 89 mm,0.8 kg,CMOS
Teledyne Dalsa,SOPHIA 2048-15 SOP-2048B-152,Area Scan,SOPHIA,,,,,,,,,,,,,,,,,,,,,,,,,,,,,,,,,,,,,,,,,,,,,2048 x 2048,,Teledyne e2v CCD230-42,15 µm,•Back-illuminated eXcelon CCD•Back-illuminated CCD with mid-band AR coating,Integral 45mm shutter,300 nm – 1000 nm,,F-mount with integral 45mm shutter,"Trigger In, Logic Out (Exposing, Reading Out, Waiting for Trigger)",USB 3.0,,"Full Frame, Kinetics, Multi ROI, Binning",,,,,,,,,,,,,,,,,,16-bit,129 x 142.8 x 251.6 mm,6.5 kg,,,"5°C to 30°C, non-condensing",,,,,USB 3.0,,,,,"1 year, Lifetime Vacuum Warranty",> 95%,,,,,,,,,3.2 fps,"1, 2, 4, e-/ADU, software selectable",0.00025 e⁻/p/s @ -90 °C,150 ke⁻,3.6 e⁻,Silicon,≤-90°C (typical) with liquid cihller or air,,"USB 3.0 cable, I/O breakout cable (BNC), Power supply, Trigger cable","Windows 10 (64 bit), Linux",,,,,,,,,,,,,,,,,,,,,,,,,,4.2,43.4 mm,,"Start on Single Trigger, Readout per Trigger, Expose during Trigger pulse",41000 : 1,30.7 x 30.7 mm,,,,CE,,,,,,,,,,,,,,,,,,,,,,,,,,0.00025 e⁻/p/s @ -90 °C,,,,,,,,,,,,,,,,,,4.2,2048 x 2048,15 µm,3.2 fps,Integral 45mm shutter,,300 nm – 1000 nm,,F-mount with integral 45mm shutter,USB 3.0,129 x 142.8 x 251.6 mm,6.5 kg,•Back-illuminated eXcelon CCD•Back-illuminated CCD with mid-band AR coating
Teledyne Dalsa,SOHPIA 2048-13 SOP-2048BR-132,Area Scan,SOPHIA,,,,,,,,,,,,,,,,,,,,,,,,,,,,,,,,,,,,,,,,,,,,,2048 x 2048,,Teledyne e2v CCD42-40,13.5 µm,"•Back-illuminated, deep depleted CCD•UV enhanced CCD",Integral 45mm shutter,200 nm - 1050 nm,,F-mount with integral 45mm shutter,"Trigger In, Logic Out (Exposing, Reading Out, Waiting for Trigger)",USB 3.0,,"Full Frame, Kinetics, Multi ROI, Binning",,,,,,,,,,,,,,,,,,16-bit,129 x 142 x 251.6 mm,6.5 kg,,,"5°C to 30°C, non-condensing",,,,,USB 3.0,,,,,1 yearLifetime Vacuum Warranty,>95%,,,,,,,,,1.35 fps,"1, 2, 4, e⁻/ADUsoftware selectable",0.0001 e⁻/p/s @ -90 °C,100 ke⁻,3.5 e⁻,Silicon,≤-90°C (typical) TE (air or liquid),,"USB 3.0 cable, I/O breakout cable (BNC), Power supply","Windows 10 (64 bit), LInux",,,,,,,,,,,,,,,,,,,,,,,,,,4.2,43.4,,"Start on Single Trigger, Readout Per Trigger, Expose During Trigger Pulse",28000 : 1,27.6 x 27.6 mm,,,,CE,,,,,,,,,,,,,,,,,,,,,,,,,,0.0001 e⁻/p/s @ -90 °C,,,,,,,,,,,,,,,,,,4.2,2048 x 2048,13.5 µm,1.35 fps,Integral 45mm shutter,,200 nm - 1050 nm,,F-mount with integral 45mm shutter,USB 3.0,129 x 142 x 251.6 mm,6.5 kg,"•Back-illuminated, deep depleted CCD•UV enhanced CCD"
Teledyne Dalsa,SOPHIA 4096 SOP-4096B-154-MBAR,Area Scan,SOPHIA,,,,,,,,,,,,,,,,,,,,,,,,,,,,,,,,,,,,,,,,,,,,,4096 x 4096,,•Teledyne e2v CCD230-84•Teledyne e2v CCD231-84,15 µm,"•Back-illuminated CCD with mid-bad AR coating or eXcelon
•Back-illuminated astro CCD with mid band AR coating
•Astro deep-depletion CCD with multi band AR coating",Integrated 90mm mechanical shutter,"UV, Mono, NIR",,,"Trigger In, Logic Out (Exposing, Reading Out, Waiting for Trigger, Shutter Open)",USB 3.0,,"Full Frame, Kinetics, Multi ROI, Binning",,,,,,,,,,,,,,,,,,18-bit,202 x 202  x 253 mm,12.8 kg,,,"5°C to 30°C, non-condensing",,,,,"USB 3.0, optional fiberoptic interface available",,,,,1 year,>90%,,,,,,,,,0.5 fps,"1, 2, 4 e⁻/ADU software selectable",,300 ke⁻,<3 e⁻,Silicon,≤-90 °C TE cooling with liquid chiller,,"USB 3.0 cable, I/O breakout cable (BNC), Power supply","Windows 10 (64 bit), Linux",,,,,,,,,,,,,,,,,,,,,,,,,,16.8,86.8 mm,,"Start on Single Trigger, Readout per Trigger, Expose during Trigger pulse",100000 : 1,61.4 x 61.4 mm,,,,CE,,,,,,,,,,,,,,,,,,,,,,,,,,"•0.0003 e⁻/p/s
•0.8 e⁻/p/s (astro CCD)",,,,,,,,,,,,,,,,,,16.8,4096 x 4096,15 µm,0.5 fps,Integrated 90mm mechanical shutter,,"UV, Mono, NIR",,,USB 3.0,202 x 202  x 253 mm,12.8 kg,"•Back-illuminated CCD with mid-bad AR coating or eXcelon
•Back-illuminated astro CCD with mid band AR coating
•Astro deep-depletion CCD with multi band AR coating"
